trade_date,market_type,source_file,underlying,name,code,expiry,contract_month,raw_strike,strike,option_type,last_price,bid_price,ask_price,bid_volume,ask_volume,volume,open_interest,oi_change,amount,prev_settle,open_price,high_price,low_price,iv,delta,gamma,vega,theta,rho,theoretical_price,moneyness,leverage,real_leverage,parse_error
2026-07-10,ETF,创业板ETF易方达期权_.xls,创业板ETF易方达,创业板ETF购7月3400,90007629,,7月,3400.0,3.4,call,0.4671,0.4565,0.4671,5.0,2.0,518.0,1002.0,-30.0,3066701.0,0.6437,0.6484,0.667,0.4671,1e-06,0.9023,0.4304,0.0013,-0.003,0.0011,0.4867,0.001359,8.27,7.46,
2026-07-10,ETF,创业板ETF易方达期权_.xls,创业板ETF易方达,创业板ETF沽7月3400,90007631,,7月,3400.0,3.4,put,0.007,0.007,0.0071,254.0,10.0,69730.0,46444.0,2326.0,2129477.0,0.0024,0.0023,0.007,0.0018,0.004301,-0.0516,0.3371,0.0008,-0.0012,-0.0001,0.0193,-0.001359,551.71,-28.44,
2026-07-10,ETF,创业板ETF易方达期权_.xls,创业板ETF易方达,创业板ETF购7月3500,90007630,,7月,3500.0,3.5,call,0.3706,0.3654,0.3755,5.0,5.0,1406.0,1135.0,-311.0,6833575.0,0.5444,0.55,0.5762,0.3681,0.002959,0.9655,0.3537,0.0006,-0.001,0.0012,0.4016,0.001034,10.42,10.06,
2026-07-10,ETF,创业板ETF易方达期权_.xls,创业板ETF易方达,创业板ETF沽7月3500,90007632,,7月,3500.0,3.5,put,0.0127,0.0127,0.0128,8.0,28.0,43837.0,32314.0,5254.0,3094032.0,0.0051,0.0045,0.0131,0.004,0.004063000000000001,-0.0897,0.5469,0.0012,-0.0018,-0.0001,0.034,-0.001034,304.09,-27.27,
2026-07-10,ETF,创业板ETF易方达期权_.xls,创业板ETF易方达,创业板ETF购7月3600,90007621,,7月,3600.0,3.6,call,0.2832,0.2802,0.2833,1.0,11.0,1283.0,2066.0,281.0,5122693.0,0.4464,0.4517,0.4836,0.2805,0.003378,0.8768,0.8278,0.0015,-0.0023,0.0011,0.3237,0.000728,13.64,11.96,
2026-07-10,ETF,创业板ETF易方达期权_.xls,创业板ETF易方达,创业板ETF沽7月3600,90007622,,7月,3600.0,3.6,put,0.0249,0.0249,0.025,76.0,53.0,97278.0,51588.0,3585.0,13563657.0,0.0097,0.0098,0.025,0.0081,0.003958,-0.1588,0.8394,0.0018,-0.0026,-0.0002,0.0559,-0.000728,155.1,-24.63,
2026-07-10,ETF,创业板ETF易方达期权_.xls,创业板ETF易方达,创业板ETF购7月3700,90007565,,7月,3700.0,3.7,call,0.2018,0.2015,0.2019,1.0,5.0,14826.0,8870.0,1375.0,45460436.0,0.3526,0.3602,0.3934,0.2018,0.003348,0.7689,1.2478,0.0022,-0.0032,0.001,0.2544,0.00043799999999999997,19.14,14.72,
2026-07-10,ETF,创业板ETF易方达期权_.xls,创业板ETF易方达,创业板ETF沽7月3700,90007574,,7月,3700.0,3.7,put,0.046,0.046,0.0461,87.0,3.0,98366.0,65274.0,7248.0,28210298.0,0.02,0.019,0.047,0.0168,0.003876,-0.2597,1.1475,0.0024,-0.0034,-0.0004,0.0865,-0.00043799999999999997,83.96,-21.8,
2026-07-10,ETF,创业板ETF易方达期权_.xls,创业板ETF易方达,创业板ETF购7月3800,90007566,,7月,3800.0,3.8,call,0.1394,0.1394,0.1404,14.0,5.0,43075.0,17594.0,1671.0,96496402.0,0.2703,0.278,0.308,0.1388,0.0035310000000000003,0.618,1.4817,0.0028,-0.0041,0.0008,0.1948,0.00016299999999999998,27.7,17.12,
2026-07-10,ETF,创业板ETF易方达期权_.xls,创业板ETF易方达,创业板ETF沽7月3800,90007575,,7月,3800.0,3.8,put,0.0826,0.0822,0.0826,3.0,63.0,137720.0,53507.0,5449.0,70414033.0,0.0377,0.034,0.0826,0.0312,0.003936,-0.391,1.3385,0.0028,-0.004,-0.0006,0.1267,-0.00016299999999999998,46.76,-18.28,
2026-07-10,ETF,创业板ETF易方达期权_.xls,创业板ETF易方达,创业板ETF购7月3900,90007567,,7月,3900.0,3.9,call,0.0899,0.0898,0.0899,3.0,87.0,99984.0,39140.0,4444.0,162103311.0,0.1994,0.2036,0.2328,0.089,0.0035969999999999995,0.4655,1.5158,0.0029,-0.0042,0.0006,0.1451,-9.7e-05,42.96,20.0,
2026-07-10,ETF,创业板ETF易方达期权_.xls,创业板ETF易方达,创业板ETF沽7月3900,90007576,,7月,3900.0,3.9,put,0.1319,0.1319,0.132,45.0,3.0,187361.0,53874.0,3079.0,159660838.0,0.0653,0.06,0.1319,0.0558,0.003951,-0.5289,1.3817,0.0029,-0.0041,-0.0008,0.1769,9.7e-05,29.28,-15.49,
2026-07-10,ETF,创业板ETF易方达期权_.xls,创业板ETF易方达,创业板ETF购7月4000,90007568,,7月,4000.0,4.0,call,0.056,0.0559,0.056,5.0,1.0,216201.0,67309.0,9943.0,255968898.0,0.1408,0.1416,0.17,0.056,0.0037020000000000004,0.3283,1.3394,0.0026,-0.0039,0.0004,0.1052,-0.00034500000000000004,68.96,22.64,
2026-07-10,ETF,创业板ETF易方达期权_.xls,创业板ETF易方达,创业板ETF沽7月4000,90007577,,7月,4000.0,4.0,put,0.2001,0.2001,0.2002,62.0,1.0,191132.0,54851.0,6489.0,241990598.0,0.1076,0.1,0.201,0.0928,0.00417,-0.6504,1.2181,0.0027,-0.004,-0.001,0.2368,0.00034500000000000004,19.3,-12.55,
2026-07-10,ETF,创业板ETF易方达期权_.xls,创业板ETF易方达,创业板ETF购7月4100,90007569,,7月,4100.0,4.1,call,0.0357,0.0356,0.0357,52.0,30.0,214435.0,75280.0,12584.0,178875768.0,0.0966,0.1016,0.1221,0.0357,0.003898,0.2253,1.0565,0.0022,-0.0034,0.0003,0.0741,-0.00058,108.18,24.37,
2026-07-10,ETF,创业板ETF易方达期权_.xls,创业板ETF易方达,创业板ETF沽7月4100,90007578,,7月,4100.0,4.1,put,0.2805,0.2805,0.2806,6.0,5.0,95332.0,36738.0,7835.0,176622469.0,0.1639,0.1544,0.2808,0.1444,0.004484,-0.7407,0.9911,0.0024,-0.0037,-0.0011,0.3055,0.00058,13.77,-10.2,
2026-07-10,ETF,创业板ETF易方达期权_.xls,创业板ETF易方达,创业板ETF购7月4200,90007570,,7月,4200.0,4.2,call,0.0233,0.0233,0.0234,124.0,8.0,184296.0,93699.0,16860.0,102614817.0,0.0654,0.0699,0.0863,0.0231,0.0041210000000000005,0.154,0.7901,0.0017,-0.0028,0.0002,0.0508,-0.000805,165.75,25.53,
2026-07-10,ETF,创业板ETF易方达期权_.xls,创业板ETF易方达,创业板ETF沽7月4200,90007579,,7月,4200.0,4.2,put,0.3663,0.3613,0.3663,5.0,9.0,30567.0,34368.0,1938.0,78801072.0,0.2328,0.222,0.367,0.2089,0.00475,-0.8087,0.7871,0.002,-0.0032,-0.0012,0.3821,0.000805,10.54,-8.53,
2026-07-10,ETF,创业板ETF易方达期权_.xls,创业板ETF易方达,创业板ETF购7月4300,90007571,,7月,4300.0,4.3,call,0.0155,0.0154,0.0155,7.0,58.0,141852.0,104070.0,15625.0,54105252.0,0.0446,0.0456,0.0617,0.0155,0.004345000000000001,0.1057,0.5771,0.0013,-0.0023,0.0001,0.0339,-0.001019,249.16,26.34,
2026-07-10,ETF,创业板ETF易方达期权_.xls,创业板ETF易方达,创业板ETF沽7月4300,90007580,,7月,4300.0,4.3,put,0.4615,0.4611,0.4615,1.0,2.0,10333.0,30543.0,-100.0,36081025.0,0.3132,0.299,0.4615,0.2848,0.005304,-0.8431,0.6214,0.0018,-0.0031,-0.0013,0.465,0.001019,8.37,-7.06,
2026-07-10,ETF,创业板ETF易方达期权_.xls,创业板ETF易方达,创业板ETF购7月4400,90007572,,7月,4400.0,4.4,call,0.0109,0.0109,0.011,7.0,121.0,95074.0,72732.0,11745.0,26329497.0,0.0306,0.0328,0.0448,0.0108,0.004604,0.075,0.422,0.001,-0.0019,0.0001,0.022,-0.0012230000000000001,354.31,26.59,
2026-07-10,ETF,创业板ETF易方达期权_.xls,创业板ETF易方达,创业板ETF沽7月4400,90007581,,7月,4400.0,4.4,put,0.5509,0.5509,0.5589,1.0,1.0,1540.0,11099.0,-292.0,6762585.0,0.4003,0.375,0.551,0.3697,0.005352,-0.8897,0.4831,0.0014,-0.0023,-0.0014,0.553,0.0012230000000000001,7.01,-6.24,
2026-07-10,ETF,创业板ETF易方达期权_.xls,创业板ETF易方达,创业板ETF购7月4500,90007573,,7月,4500.0,4.5,call,0.0074,0.0074,0.0082,2.0,1.0,88685.0,76188.0,8315.0,17238759.0,0.0221,0.024,0.033,0.0074,0.004797999999999999,0.052,0.3044,0.0008,-0.0015,0.0001,0.0139,-0.001418,521.89,27.16,
2026-07-10,ETF,创业板ETF易方达期权_.xls,创业板ETF易方达,创业板ETF沽7月4500,90007582,,7月,4500.0,4.5,put,0.6482,0.6415,0.6575,5.0,1.0,394.0,7033.0,112.0,2127564.0,0.4933,0.4669,0.6489,0.4669,0.005803,-0.9077,0.3912,0.0012,-0.0022,-0.0015,0.6447,0.001418,5.96,-5.41,
2026-07-10,ETF,创业板ETF易方达期权_.xls,创业板ETF易方达,创业板ETF购7月4600,90007645,,7月,4600.0,4.6,call,0.0047,0.0046,0.0047,2.0,7.0,48713.0,45098.0,10482.0,6666021.0,0.0147,0.0165,0.0238,0.0047,0.004917,0.0343,0.2122,0.0006,-0.0011,0.0,0.0086,-0.001604,821.7,28.21,
2026-07-10,ETF,创业板ETF易方达期权_.xls,创业板ETF易方达,创业板ETF沽7月4600,90007646,,7月,4600.0,4.6,put,0.7415,0.7388,0.7553,1.0,1.0,417.0,1959.0,66.0,2654495.0,0.5811,0.5707,0.7415,0.5458,0.005770000000000001,-0.9378,0.2912,0.0009,-0.0014,-0.0016,0.7392,0.001604,5.21,-4.88,
2026-07-10,ETF,创业板ETF易方达期权_.xls,创业板ETF易方达,创业板ETF购7月4700,90007655,,7月,4700.0,4.7,call,0.0039,0.0039,0.0045,25.0,11.0,49686.0,48562.0,7927.0,4922780.0,0.0116,0.0126,0.0181,0.0039,0.005246,0.0276,0.1659,0.0005,-0.0009,0.0,0.0052,-0.0017829999999999999,990.26,27.3,
2026-07-10,ETF,创业板ETF易方达期权_.xls,创业板ETF易方达,创业板ETF沽7月4700,90007656,,7月,4700.0,4.7,put,0.828,0.8374,0.854,1.0,1.0,447.0,1729.0,39.0,3495230.0,0.678,0.6812,0.8297,0.6423,1e-06,-0.966,0.1884,0.0006,-0.0006,-0.0016,0.8357,0.0017829999999999999,4.66,-4.51,
2026-07-10,ETF,创业板ETF易方达期权_.xls,创业板ETF易方达,创业板ETF购7月4800,90007671,,7月,4800.0,4.8,call,0.0028,0.0028,0.003,128.0,250.0,104481.0,86917.0,15399.0,7776288.0,0.0081,0.0093,0.0137,0.0028,0.005429999999999999,0.0199,0.122,0.0004,-0.0007,0.0,0.0031,-0.001954,1379.29,27.5,
2026-07-10,ETF,创业板ETF易方达期权_.xls,创业板ETF易方达,创业板ETF沽7月4800,90007672,,7月,4800.0,4.8,put,0.9219,0.9363,0.9528,1.0,1.0,219.0,1184.0,-24.0,1743986.0,0.7741,0.7475,0.9219,0.7357,1e-06,-0.9787,0.1275,0.0004,-0.0002,-0.0017,0.9334,0.001954,4.19,-4.1,
2026-07-10,ETF,创业板ETF易方达期权_.xls,创业板ETF易方达,创业板ETF购8月3500,90007777,,8月,3500.0,3.5,call,0.4245,0.4109,0.4222,5.0,5.0,239.0,520.0,167.0,1170089.0,0.565,0.57,0.5939,0.4205,0.0031739999999999997,0.8325,0.5639,0.0035,-0.0015,0.0037,0.4902,0.001034,9.1,7.57,
2026-07-10,ETF,创业板ETF易方达期权_.xls,创业板ETF易方达,创业板ETF沽8月3500,90007778,,8月,3500.0,3.5,put,0.0773,0.0766,0.0773,5.0,3.0,27941.0,21570.0,10948.0,16348373.0,0.0545,0.0516,0.0774,0.0458,0.0040950000000000005,-0.2186,0.5144,0.0041,-0.0016,-0.0012,0.1075,-0.001034,49.96,-10.92,
2026-07-10,ETF,创业板ETF易方达期权_.xls,创业板ETF易方达,创业板ETF购8月3600,90007773,,8月,3600.0,3.6,call,0.3507,0.3466,0.3518,1.0,5.0,636.0,601.0,-94.0,2850486.0,0.4823,0.5049,0.5208,0.3499,0.0032270000000000003,0.7609,0.6863,0.0043,-0.0018,0.0034,0.4239,0.000728,11.01,8.38,
2026-07-10,ETF,创业板ETF易方达期权_.xls,创业板ETF易方达,创业板ETF沽8月3600,90007775,,8月,3600.0,3.6,put,0.1084,0.107,0.1084,5.0,1.0,15829.0,20489.0,3842.0,13198429.0,0.0765,0.075,0.1084,0.0672,0.004128,-0.2797,0.582,0.0047,-0.0019,-0.0016,0.1406,-0.000728,35.63,-9.97,
2026-07-10,ETF,创业板ETF易方达期权_.xls,创业板ETF易方达,创业板ETF购8月3700,90007774,,8月,3700.0,3.7,call,0.2897,0.2819,0.2931,5.0,1.0,1807.0,1501.0,-119.0,6972468.0,0.41,0.4277,0.446,0.2849,0.0033630000000000005,0.6775,0.7616,0.005,-0.002,0.0031,0.3636,0.00043799999999999997,13.33,9.03,
2026-07-10,ETF,创业板ETF易方达期权_.xls,创业板ETF易方达,创业板ETF沽8月3700,90007776,,8月,3700.0,3.7,put,0.1469,0.1469,0.147,4.0,5.0,11631.0,11129.0,5614.0,12970755.0,0.105,0.1007,0.1471,0.0931,0.004168,-0.3452,0.6313,0.0052,-0.0021,-0.0019,0.1797,-0.00043799999999999997,26.29,-9.08,
2026-07-10,ETF,创业板ETF易方达期权_.xls,创业板ETF易方达,创业板ETF购8月3800,90007757,,8月,3800.0,3.8,call,0.231,0.231,0.234,37.0,10.0,5236.0,5444.0,562.0,17337067.0,0.3464,0.3527,0.3816,0.231,0.0033630000000000005,0.5957,0.8224,0.0054,-0.0022,0.0027,0.3093,0.00016299999999999998,16.72,9.96,
2026-07-10,ETF,创业板ETF易方达期权_.xls,创业板ETF易方达,创业板ETF沽8月3800,90007758,,8月,3800.0,3.8,put,0.1932,0.1925,0.1932,1.0,3.0,11403.0,13190.0,2294.0,17467413.0,0.133,0.1323,0.1932,0.1255,0.004220000000000001,-0.4126,0.6587,0.0055,-0.0022,-0.0023,0.2248,-0.00016299999999999998,19.99,-8.25,
2026-07-10,ETF,创业板ETF易方达期权_.xls,创业板ETF易方达,创业板ETF购8月3900,90007697,,8月,3900.0,3.9,call,0.189,0.1885,0.1901,10.0,5.0,9525.0,7802.0,1911.0,24945304.0,0.2883,0.2945,0.3238,0.1879,0.003511,0.5133,0.8109,0.0056,-0.0023,0.0024,0.2609,-9.7e-05,20.43,10.49,
2026-07-10,ETF,创业板ETF易方达期权_.xls,创业板ETF易方达,创业板ETF沽8月3900,90007706,,8月,3900.0,3.9,put,0.2482,0.2482,0.2485,1.0,9.0,10876.0,12615.0,3553.0,21729632.0,0.1782,0.172,0.2485,0.1667,0.004303,-0.4788,0.6611,0.0056,-0.0022,-0.0028,0.2759,9.7e-05,15.56,-7.45,
2026-07-10,ETF,创业板ETF易方达期权_.xls,创业板ETF易方达,创业板ETF购8月4000,90007698,,8月,4000.0,4.0,call,0.1513,0.1508,0.1513,2.0,2.0,17071.0,14997.0,3939.0,36681583.0,0.2395,0.2555,0.2723,0.151,0.00359,0.4368,0.7834,0.0055,-0.0023,0.002,0.2184,-0.00034500000000000004,25.53,11.15,
2026-07-10,ETF,创业板ETF易方达期权_.xls,创业板ETF易方达,创业板ETF沽8月4000,90007707,,8月,4000.0,4.0,put,0.3108,0.3062,0.3109,5.0,1.0,11418.0,11140.0,3568.0,29730765.0,0.2271,0.2271,0.3108,0.215,0.004404,-0.541,0.6433,0.0056,-0.0023,-0.0032,0.3328,0.00034500000000000004,12.43,-6.72,
2026-07-10,ETF,创业板ETF易方达期权_.xls,创业板ETF易方达,创业板ETF购8月4100,90007699,,8月,4100.0,4.1,call,0.1219,0.1219,0.124,5.0,1.0,13750.0,12968.0,3846.0,25746093.0,0.194,0.2013,0.2273,0.121,0.003693,0.3687,0.7291,0.0053,-0.0022,0.0017,0.1814,-0.00058,31.68,11.68,
2026-07-10,ETF,创业板ETF易方达期权_.xls,创业板ETF易方达,创业板ETF沽8月4100,90007708,,8月,4100.0,4.1,put,0.3796,0.3779,0.385,1.0,1.0,4908.0,9348.0,1616.0,14622850.0,0.2829,0.2784,0.38,0.2679,0.0045130000000000005,-0.5977,0.6122,0.0054,-0.0022,-0.0035,0.3952,0.00058,10.17,-6.08,
2026-07-10,ETF,创业板ETF易方达期权_.xls,创业板ETF易方达,创业板ETF购8月4200,90007700,,8月,4200.0,4.2,call,0.096,0.0958,0.096,1.0,75.0,16663.0,14985.0,4488.0,23215007.0,0.1572,0.1599,0.188,0.096,0.003749,0.3066,0.6686,0.0049,-0.0021,0.0014,0.1495,-0.000805,40.23,12.33,
2026-07-10,ETF,创业板ETF易方达期权_.xls,创业板ETF易方达,创业板ETF沽8月4200,90007709,,8月,4200.0,4.2,put,0.4559,0.4486,0.4558,5.0,1.0,2011.0,7253.0,327.0,7472628.0,0.3472,0.3402,0.4563,0.3293,0.0046689999999999995,-0.6465,0.5685,0.0052,-0.0022,-0.0039,0.4627,0.000805,8.47,-5.48,
2026-07-10,ETF,创业板ETF易方达期权_.xls,创业板ETF易方达,创业板ETF购8月4300,90007701,,8月,4300.0,4.3,call,0.0772,0.0769,0.0772,1.0,1.0,15388.0,15124.0,1479.0,18491106.0,0.126,0.1289,0.1555,0.0769,0.003848,0.2554,0.5963,0.0045,-0.0019,0.0012,0.1223,-0.001019,50.03,12.78,
2026-07-10,ETF,创业板ETF易方达期权_.xls,创业板ETF易方达,创业板ETF沽8月4300,90007710,,8月,4300.0,4.3,put,0.5368,0.5282,0.5393,5.0,1.0,538.0,3351.0,202.0,2382226.0,0.4155,0.4069,0.5368,0.4,0.004836999999999999,-0.6883,0.522,0.005,-0.0021,-0.0042,0.535,0.001019,7.19,-4.95,
2026-07-10,ETF,创业板ETF易方达期权_.xls,创业板ETF易方达,创业板ETF购8月4400,90007702,,8月,4400.0,4.4,call,0.0619,0.0614,0.0623,3.0,5.0,10169.0,11173.0,1410.0,9443672.0,0.1014,0.095,0.1292,0.0613,0.003936,0.2116,0.5251,0.0041,-0.0018,0.001,0.0994,-0.0012230000000000001,62.39,13.2,
2026-07-10,ETF,创业板ETF易方达期权_.xls,创业板ETF易方达,创业板ETF沽8月4400,90007711,,8月,4400.0,4.4,put,0.6137,0.6116,0.627,5.0,1.0,523.0,1598.0,362.0,2801189.0,0.4911,0.4779,0.6138,0.477,0.004849,-0.7324,0.4847,0.0046,-0.0019,-0.0045,0.6114,0.0012230000000000001,6.29,-4.61,
2026-07-10,ETF,创业板ETF易方达期权_.xls,创业板ETF易方达,创业板ETF购8月4500,90007703,,8月,4500.0,4.5,call,0.0499,0.0488,0.0495,5.0,13.0,14788.0,14179.0,5439.0,11563046.0,0.079,0.0809,0.1065,0.0495,0.004028,0.1754,0.4576,0.0036,-0.0016,0.0008,0.0802,-0.001418,77.39,13.57,
2026-07-10,ETF,创业板ETF易方达期权_.xls,创业板ETF易方达,创业板ETF沽8月4500,90007712,,8月,4500.0,4.5,put,0.6756,0.6979,0.7146,1.0,1.0,134.0,658.0,111.0,806691.0,0.5684,0.5523,0.6756,0.55,0.004404999999999999,-0.7996,0.4543,0.0039,-0.0013,-0.0049,0.6916,0.001418,5.72,-4.57,
2026-07-10,ETF,创业板ETF易方达期权_.xls,创业板ETF易方达,创业板ETF购8月4600,90007704,,8月,4600.0,4.6,call,0.0401,0.0401,0.0402,40.0,1.0,8510.0,9690.0,2503.0,5447151.0,0.0637,0.0639,0.0885,0.04,0.004109000000000001,0.1447,0.3956,0.0032,-0.0014,0.0007,0.0643,-0.001604,96.31,13.94,
2026-07-10,ETF,创业板ETF易方达期权_.xls,创业板ETF易方达,创业板ETF沽8月4600,90007713,,8月,4600.0,4.6,put,0.6718,0.7879,0.8048,1.0,1.0,32.0,206.0,31.0,216219.0,0.6469,0.6673,0.6783,0.6673,1e-06,-0.8115,0.4017,0.0038,-0.0014,-0.0051,0.7751,0.001604,5.75,-4.67,
2026-07-10,ETF,创业板ETF易方达期权_.xls,创业板ETF易方达,创业板ETF购8月4700,90007705,,8月,4700.0,4.7,call,0.0324,0.0327,0.0329,1.0,5.0,9087.0,8972.0,2409.0,4983330.0,0.05,0.0504,0.0739,0.0322,0.004192,0.1196,0.34,0.0028,-0.0013,0.0006,0.0512,-0.0017829999999999999,119.2,14.26,
2026-07-10,ETF,创业板ETF易方达期权_.xls,创业板ETF易方达,创业板ETF沽8月4700,90007714,,8月,4700.0,4.7,put,0.78,0.88,0.897,1.0,1.0,312.0,479.0,309.0,2298560.0,0.7381,0.7224,0.7884,0.7188,1e-06,-0.8431,0.3574,0.0034,-0.0012,-0.0054,0.8615,0.0017829999999999999,4.95,-4.17,
2026-07-10,ETF,创业板ETF易方达期权_.xls,创业板ETF易方达,创业板ETF购8月4800,90007753,,8月,4800.0,4.8,call,0.027,0.0264,0.027,52.0,1.0,39587.0,25528.0,8396.0,18842006.0,0.0403,0.0409,0.0614,0.0264,0.004302,0.1007,0.2927,0.0025,-0.0012,0.0005,0.0405,-0.001954,143.04,14.4,
2026-07-10,ETF,创业板ETF易方达期权_.xls,创业板ETF易方达,创业板ETF沽8月4800,90007754,,8月,4800.0,4.8,put,0.9185,0.9738,0.9908,1.0,1.0,754.0,1155.0,742.0,6246525.0,0.8274,0.8274,0.9185,0.8065,0.0033649999999999995,-0.9527,0.2092,0.0014,0.0001,-0.006,0.9502,0.001954,4.2,-4.01,
2026-07-10,ETF,创业板ETF易方达期权_.xls,创业板ETF易方达,创业板ETF购9月2850,90007323,,9月,2850.0,2.85,call,0.9914,0.9801,0.9971,1.0,1.0,90.0,749.0,46.0,961396.0,1.2084,1.1571,1.1915,0.988,1e-06,0.9516,0.1296,0.0018,-0.0008,0.0055,1.0554,0.003551,3.9,3.71,
2026-07-10,ETF,创业板ETF易方达期权_.xls,创业板ETF易方达,创业板ETF沽9月2850,90007324,,9月,2850.0,2.85,put,0.0175,0.0174,0.0175,101.0,17.0,75526.0,90572.0,7679.0,12045733.0,0.0164,0.0164,0.0176,0.0152,0.004436,-0.0496,0.1311,0.0018,-0.0005,-0.0004,0.0169,-0.003551,220.69,-10.95,
2026-07-10,ETF,创业板ETF易方达期权_.xls,创业板ETF易方达,创业板ETF购9月2900,90007137,,9月,2900.0,2.9,call,0.9585,0.9185,0.9503,1.0,1.0,6.0,1528.0,3.0,63659.0,1.159,1.1337,1.1337,0.9585,1e-06,0.9422,0.1491,0.002,-0.0009,0.0055,1.0098,0.003317,4.03,3.8,
2026-07-10,ETF,创业板ETF易方达期权_.xls,创业板ETF易方达,创业板ETF沽9月2900,90007138,,9月,2900.0,2.9,put,0.021,0.0206,0.0211,5.0,1.0,12753.0,82777.0,3593.0,2380546.0,0.0191,0.0191,0.021,0.0178,0.004413,-0.0582,0.1496,0.0021,-0.0006,-0.0005,0.0207,-0.003317,183.9,-10.71,
2026-07-10,ETF,创业板ETF易方达期权_.xls,创业板ETF易方达,创业板ETF购9月2950,90007069,,9月,2950.0,2.95,call,0.9104,0.8738,0.9048,1.0,1.0,6.0,1500.0,2.0,58890.0,1.1097,1.0886,1.0886,0.9088,1e-06,0.9317,0.1699,0.0023,-0.001,0.0055,0.9648,0.003092,4.24,3.95,
2026-07-10,ETF,创业板ETF易方达期权_.xls,创业板ETF易方达,创业板ETF沽9月2950,90007078,,9月,2950.0,2.95,put,0.0253,0.0253,0.0261,5.0,1.0,2197.0,13937.0,-278.0,497899.0,0.0232,0.0232,0.0256,0.0215,0.0044,-0.0683,0.1699,0.0023,-0.0006,-0.0006,0.0253,-0.003092,152.65,-10.42,
2026-07-10,ETF,创业板ETF易方达期权_.xls,创业板ETF易方达,创业板ETF购9月3000,90007070,,9月,3000.0,3.0,call,0.8489,0.8292,0.8597,1.0,1.0,62.0,2854.0,43.0,580921.0,1.0606,1.0399,1.0422,0.8489,1e-06,0.92,0.1917,0.0026,-0.0011,0.0055,0.9205,0.002873,4.55,4.19,
2026-07-10,ETF,创业板ETF易方达期权_.xls,创业板ETF易方达,创业板ETF沽9月3000,90007079,,9月,3000.0,3.0,put,0.0303,0.0298,0.0304,5.0,1.0,1432.0,11899.0,202.0,376566.0,0.0265,0.0265,0.0304,0.0249,0.00439,-0.0796,0.1914,0.0026,-0.0007,-0.0007,0.0306,-0.002873,127.46,-10.15,
2026-07-10,ETF,创业板ETF易方达期权_.xls,创业板ETF易方达,创业板ETF购9月3100,90007071,,9月,3100.0,3.1,call,0.7667,0.7665,0.7701,5.0,1.0,108.0,855.0,97.0,981611.0,0.9631,0.9505,0.9505,0.7593,1e-06,0.8928,0.238,0.0033,-0.0013,0.0054,0.8345,0.002458,5.04,4.5,
2026-07-10,ETF,创业板ETF易方达期权_.xls,创业板ETF易方达,创业板ETF沽9月3100,90007080,,9月,3100.0,3.1,put,0.0409,0.0404,0.0425,5.0,5.0,2346.0,5862.0,812.0,831442.0,0.0347,0.0347,0.0409,0.0323,0.0043170000000000005,-0.1035,0.2366,0.0032,-0.0008,-0.0009,0.0436,-0.002458,94.43,-9.78,
2026-07-10,ETF,创业板ETF易方达期权_.xls,创业板ETF易方达,创业板ETF购9月3200,90007072,,9月,3200.0,3.2,call,0.8056,0.6567,0.6846,1.0,1.0,30.0,731.0,27.0,252438.0,0.867,0.8388,0.87,0.8056,0.005632000000000001,0.815,0.2689,0.0047,-0.002,0.0049,0.7521,0.002069,4.79,3.91,
2026-07-10,ETF,创业板ETF易方达期权_.xls,创业板ETF易方达,创业板ETF沽9月3200,90007081,,9月,3200.0,3.2,put,0.0562,0.055,0.0565,5.0,1.0,2294.0,6880.0,446.0,1105561.0,0.0457,0.0444,0.0565,0.0429,0.0042959999999999995,-0.1346,0.2862,0.0038,-0.001,-0.0012,0.0602,-0.002069,68.72,-9.25,
2026-07-10,ETF,创业板ETF易方达期权_.xls,创业板ETF易方达,创业板ETF购9月3300,90007073,,9月,3300.0,3.3,call,0.5953,0.5901,0.6035,1.0,1.0,341.0,1825.0,7.0,2359862.0,0.7731,0.75,0.7844,0.5953,0.001827,0.9793,0.1546,0.0009,-0.0005,0.0066,0.6739,0.001703,6.49,6.35,
2026-07-10,ETF,创业板ETF易方达期权_.xls,创业板ETF易方达,创业板ETF沽9月3300,90007082,,9月,3300.0,3.3,put,0.0755,0.0752,0.0761,20.0,2.0,3953.0,8863.0,2028.0,2612083.0,0.0598,0.0586,0.0759,0.0557,0.004275999999999999,-0.1707,0.3366,0.0045,-0.0012,-0.0015,0.0811,-0.001703,51.15,-8.73,
2026-07-10,ETF,创业板ETF易方达期权_.xls,创业板ETF易方达,创业板ETF购9月3400,90007074,,9月,3400.0,3.4,call,0.5143,0.505,0.5276,2.0,1.0,123.0,942.0,37.0,732818.0,0.6821,0.6622,0.7059,0.5143,0.00242,0.9022,0.405,0.003,-0.0009,0.0062,0.6002,0.001359,7.51,6.77,
2026-07-10,ETF,创业板ETF易方达期权_.xls,创业板ETF易方达,创业板ETF沽9月3400,90007083,,9月,3400.0,3.4,put,0.1002,0.1019,0.1028,1.0,5.0,3256.0,7040.0,1132.0,2743719.0,0.0777,0.0753,0.1006,0.0737,0.0042780000000000006,-0.2123,0.3848,0.0051,-0.0013,-0.0019,0.1065,-0.001359,38.54,-8.18,
2026-07-10,ETF,创业板ETF易方达期权_.xls,创业板ETF易方达,创业板ETF购9月3500,90007075,,9月,3500.0,3.5,call,0.4488,0.4364,0.4572,5.0,1.0,286.0,1830.0,44.0,1514326.0,0.5839,0.5874,0.623,0.4474,0.002847,0.8145,0.5329,0.0047,-0.0012,0.0056,0.5314,0.001034,8.61,7.01,
2026-07-10,ETF,创业板ETF易方达期权_.xls,创业板ETF易方达,创业板ETF沽9月3500,90007084,,9月,3500.0,3.5,put,0.1304,0.129,0.1318,1.0,1.0,2190.0,5400.0,842.0,2423033.0,0.1003,0.099,0.1308,0.095,0.004288,-0.2583,0.4277,0.0057,-0.0015,-0.0023,0.1368,-0.001034,29.62,-7.65,
2026-07-10,ETF,创业板ETF易方达期权_.xls,创业板ETF易方达,创业板ETF购9月3600,90007076,,9月,3600.0,3.6,call,0.3896,0.38,0.394,2.0,1.0,466.0,3102.0,55.0,2126641.0,0.5128,0.5583,0.5583,0.3893,0.0031019999999999997,0.7367,0.5972,0.0058,-0.0015,0.0051,0.4678,0.000728,9.91,7.3,
2026-07-10,ETF,创业板ETF易方达期权_.xls,创业板ETF易方达,创业板ETF沽9月3600,90007085,,9月,3600.0,3.6,put,0.1681,0.1672,0.1676,30.0,1.0,2278.0,8900.0,599.0,3135169.0,0.1295,0.128,0.1685,0.122,0.004334,-0.308,0.4606,0.0062,-0.0016,-0.0028,0.1722,-0.000728,22.97,-7.08,
2026-07-10,ETF,创业板ETF易方达期权_.xls,创业板ETF易方达,创业板ETF购9月3700,90007077,,9月,3700.0,3.7,call,0.33,0.3331,0.3373,10.0,1.0,1117.0,3870.0,401.0,4533842.0,0.44,0.464,0.483,0.33,0.003182,0.6672,0.6479,0.0064,-0.0016,0.0047,0.4093,0.00043799999999999997,11.7,7.81,
2026-07-10,ETF,创业板ETF易方达期权_.xls,创业板ETF易方达,创业板ETF沽9月3700,90007086,,9月,3700.0,3.7,put,0.2107,0.2069,0.2175,5.0,5.0,2944.0,10708.0,480.0,5210766.0,0.1619,0.158,0.2118,0.154,0.004368,-0.3588,0.4854,0.0066,-0.0017,-0.0033,0.2128,-0.00043799999999999997,18.33,-6.58,
2026-07-10,ETF,创业板ETF易方达期权_.xls,创业板ETF易方达,创业板ETF购9月3800,90007343,,9月,3800.0,3.8,call,0.2811,0.28,0.2871,1.0,6.0,622.0,4885.0,239.0,2165604.0,0.3844,0.4,0.4225,0.2791,0.0033030000000000004,0.5967,0.6651,0.0068,-0.0017,0.0042,0.3561,0.00016299999999999998,13.74,8.2,
2026-07-10,ETF,创业板ETF易方达期权_.xls,创业板ETF易方达,创业板ETF沽9月3800,90007344,,9月,3800.0,3.8,put,0.2627,0.256,0.265,5.0,5.0,3054.0,10191.0,1055.0,6949420.0,0.2001,0.2041,0.2629,0.1933,0.004459,-0.4101,0.4947,0.0069,-0.0018,-0.0038,0.2587,-0.00016299999999999998,14.7,-6.03,
2026-07-10,ETF,创业板ETF易方达期权_.xls,创业板ETF易方达,创业板ETF购9月3900,90007351,,9月,3900.0,3.9,call,0.236,0.2377,0.2424,102.0,5.0,5453.0,16082.0,1899.0,16742576.0,0.3329,0.3454,0.3674,0.2358,0.0033710000000000003,0.5296,0.6697,0.007,-0.0018,0.0038,0.3081,-9.7e-05,16.36,8.67,
2026-07-10,ETF,创业板ETF易方达期权_.xls,创业板ETF易方达,创业板ETF沽9月3900,90007352,,9月,3900.0,3.9,put,0.3174,0.3188,0.3193,1.0,2.0,4312.0,14732.0,721.0,11608547.0,0.2471,0.2401,0.3178,0.2303,0.00451,-0.4598,0.4994,0.007,-0.0018,-0.0044,0.3097,9.7e-05,12.17,-5.6,
2026-07-10,ETF,创业板ETF易方达期权_.xls,创业板ETF易方达,创业板ETF购9月4000,90007367,,9月,4000.0,4.0,call,0.2006,0.2009,0.206,1.0,5.0,7183.0,8184.0,588.0,18859748.0,0.2852,0.29,0.3229,0.1997,0.0034820000000000003,0.4671,0.648,0.007,-0.0018,0.0033,0.2651,-0.00034500000000000004,19.25,8.99,
2026-07-10,ETF,创业板ETF易方达期权_.xls,创业板ETF易方达,创业板ETF沽9月4000,90007368,,9月,4000.0,4.0,put,0.3808,0.3729,0.3913,5.0,1.0,2637.0,5804.0,991.0,8343662.0,0.2986,0.2846,0.3808,0.2837,0.004614,-0.5068,0.4906,0.007,-0.0018,-0.0049,0.3658,0.00034500000000000004,10.14,-5.14,
2026-07-10,ETF,创业板ETF易方达期权_.xls,创业板ETF易方达,创业板ETF购9月4100,90007387,,9月,4100.0,4.1,call,0.1704,0.1706,0.1741,200.0,5.0,4940.0,9915.0,1407.0,11363045.0,0.2435,0.244,0.2799,0.1695,0.0035830000000000002,0.4103,0.6158,0.0069,-0.0018,0.0029,0.2268,-0.00058,22.66,9.3,
2026-07-10,ETF,创业板ETF易方达期权_.xls,创业板ETF易方达,创业板ETF沽9月4100,90007388,,9月,4100.0,4.1,put,0.4481,0.4402,0.4515,1.0,20.0,2547.0,5519.0,632.0,10519113.0,0.3591,0.35,0.4489,0.3388,0.0047090000000000005,-0.5506,0.4769,0.007,-0.0018,-0.0054,0.4266,0.00058,8.62,-4.75,
2026-07-10,ETF,创业板ETF易方达期权_.xls,创业板ETF易方达,创业板ETF购9月4200,90007475,,9月,4200.0,4.2,call,0.144,0.144,0.1472,2.0,5.0,3470.0,9861.0,953.0,7248774.0,0.2092,0.2175,0.243,0.144,0.003666,0.3587,0.5784,0.0066,-0.0017,0.0026,0.1931,-0.000805,26.82,9.62,
2026-07-10,ETF,创业板ETF易方达期权_.xls,创业板ETF易方达,创业板ETF沽9月4200,90007476,,9月,4200.0,4.2,put,0.52,0.5131,0.5358,1.0,1.0,408.0,2787.0,166.0,1861146.0,0.4269,0.4159,0.52,0.409,0.0048119999999999994,-0.5908,0.4582,0.0068,-0.0018,-0.0058,0.4919,0.000805,7.43,-4.39,
2026-07-10,ETF,创业板ETF易方达期权_.xls,创业板ETF易方达,创业板ETF购9月4300,90007503,,9月,4300.0,4.3,call,0.122,0.1216,0.1249,20.0,5.0,4936.0,7597.0,1028.0,8760761.0,0.1782,0.1823,0.2112,0.1216,0.003749,0.3129,0.5361,0.0062,-0.0017,0.0023,0.1636,-0.001019,31.66,9.91,
2026-07-10,ETF,创业板ETF易方达期权_.xls,创业板ETF易方达,创业板ETF沽9月4300,90007504,,9月,4300.0,4.3,put,0.5795,0.5936,0.614,50.0,1.0,529.0,3500.0,122.0,2865980.0,0.4889,0.48,0.59,0.4788,0.004674,-0.638,0.455,0.0066,-0.0017,-0.0063,0.5615,0.001019,6.66,-4.25,
2026-07-10,ETF,创业板ETF易方达期权_.xls,创业板ETF易方达,创业板ETF购9月4400,90007527,,9月,4400.0,4.4,call,0.1033,0.1032,0.106,1.0,5.0,4962.0,9788.0,964.0,7849435.0,0.1521,0.1567,0.1842,0.1033,0.003826,0.2723,0.4924,0.0059,-0.0016,0.002,0.1379,-0.0012230000000000001,37.39,10.18,
2026-07-10,ETF,创业板ETF易方达期权_.xls,创业板ETF易方达,创业板ETF沽9月4400,90007528,,9月,4400.0,4.4,put,0.6718,0.6714,0.6959,1.0,1.0,103.0,1914.0,71.0,598032.0,0.5532,0.5575,0.6773,0.5494,0.004984,-0.6622,0.4161,0.0064,-0.0017,-0.0067,0.6349,0.0012230000000000001,5.75,-3.81,
2026-07-10,ETF,创业板ETF易方达期权_.xls,创业板ETF易方达,创业板ETF购9月4500,90007543,,9月,4500.0,4.5,call,0.0882,0.0886,0.0905,3.0,5.0,4062.0,11878.0,367.0,5351303.0,0.1291,0.1346,0.1615,0.0881,0.003912,0.2374,0.4482,0.0054,-0.0015,0.0017,0.1157,-0.001418,43.79,10.39,
2026-07-10,ETF,创业板ETF易方达期权_.xls,创业板ETF易方达,创业板ETF沽9月4500,90007544,,9月,4500.0,4.5,put,0.72,0.7539,0.7811,1.0,1.0,139.0,924.0,84.0,905325.0,0.6448,0.6393,0.725,0.6282,0.00454,-0.7221,0.4192,0.0059,-0.0013,-0.0073,0.7118,0.001418,5.36,-3.87,
2026-07-10,ETF,创业板ETF易方达期权_.xls,创业板ETF易方达,创业板ETF购9月4600,90007647,,9月,4600.0,4.6,call,0.0758,0.0755,0.0773,3.0,5.0,2763.0,3683.0,246.0,3432326.0,0.1118,0.1147,0.1416,0.075,0.004000999999999999,0.2075,0.4058,0.005,-0.0014,0.0015,0.0967,-0.001604,50.95,10.57,
2026-07-10,ETF,创业板ETF易方达期权_.xls,创业板ETF易方达,创业板ETF沽9月4600,90007648,,9月,4600.0,4.6,put,0.8365,0.8396,0.8681,1.0,1.0,20.0,465.0,4.0,156047.0,0.7242,0.7227,0.8365,0.7227,0.0051849999999999995,-0.7194,0.3687,0.0059,-0.0016,-0.0075,0.7918,0.001604,4.62,-3.32,
2026-07-10,ETF,创业板ETF易方达期权_.xls,创业板ETF易方达,创业板ETF购9月4700,90007657,,9月,4700.0,4.7,call,0.0644,0.063,0.0661,1.0,5.0,3609.0,5889.0,727.0,3750887.0,0.0959,0.0983,0.1239,0.0638,0.004065999999999999,0.1801,0.3663,0.0046,-0.0013,0.0013,0.0804,-0.0017829999999999999,59.97,10.8,
2026-07-10,ETF,创业板ETF易方达期权_.xls,创业板ETF易方达,创业板ETF沽9月4700,90007658,,9月,4700.0,4.7,put,0.937,0.9275,0.9571,1.0,1.0,17.0,142.0,13.0,148090.0,0.808,0.836,0.937,0.836,0.005546,-0.7299,0.3384,0.0058,-0.0017,-0.0078,0.8746,0.0017829999999999999,4.12,-3.01,
2026-07-10,ETF,创业板ETF易方达期权_.xls,创业板ETF易方达,创业板ETF购9月4800,90007673,,9月,4800.0,4.8,call,0.0561,0.0565,0.0574,1.0,5.0,18185.0,22366.0,6199.0,16098029.0,0.0818,0.083,0.1101,0.0552,0.0041600000000000005,0.1584,0.3297,0.0043,-0.0012,0.0012,0.0667,-0.001954,68.84,10.9,
2026-07-10,ETF,创业板ETF易方达期权_.xls,创业板ETF易方达,创业板ETF沽9月4800,90007674,,9月,4800.0,4.8,put,1.0208,1.0184,1.0487,2.0,1.0,70.0,360.0,24.0,712069.0,0.8947,0.885,1.0227,0.885,0.0055969999999999995,-0.754,0.3195,0.0056,-0.0016,-0.0082,0.9599,0.001954,3.78,-2.85,
2026-07-10,ETF,创业板ETF易方达期权_.xls,创业板ETF易方达,创业板ETF购12月3200,90007485,,12月,3200.0,3.2,call,0.71,0.7,0.7231,3.0,5.0,56.0,988.0,36.0,458937.0,0.9086,0.8997,0.8997,0.71,1e-06,0.8228,0.2563,0.0068,-0.0011,0.0107,0.8374,0.002069,5.44,4.48,
2026-07-10,ETF,创业板ETF易方达期权_.xls,创业板ETF易方达,创业板ETF沽12月3200,90007486,,12月,3200.0,3.2,put,0.1537,0.1532,0.1578,1.0,2.0,3291.0,10579.0,429.0,4619168.0,0.1393,0.1351,0.1578,0.1326,0.004494,-0.2009,0.2391,0.0073,-0.0009,-0.0043,0.1102,-0.002069,25.13,-5.05,
2026-07-10,ETF,创业板ETF易方达期权_.xls,创业板ETF易方达,创业板ETF购12月3300,90007481,,12月,3300.0,3.3,call,0.69,0.6216,0.6532,1.0,5.0,18.0,671.0,1.0,126922.0,0.8218,0.731,0.731,0.69,0.002773,0.8513,0.32,0.0061,-0.0008,0.0119,0.7662,0.001703,5.6,4.76,
2026-07-10,ETF,创业板ETF易方达期权_.xls,创业板ETF易方达,创业板ETF沽12月3300,90007482,,12月,3300.0,3.3,put,0.1883,0.1833,0.1927,5.0,5.0,280.0,3938.0,153.0,487319.0,0.1606,0.1586,0.1885,0.1552,0.004542,-0.2319,0.2571,0.008,-0.001,-0.005,0.1369,-0.001703,20.51,-4.76,
2026-07-10,ETF,创业板ETF易方达期权_.xls,创业板ETF易方达,创业板ETF购12月3400,90007411,,12月,3400.0,3.4,call,0.5901,0.5597,0.5884,5.0,5.0,79.0,410.0,33.0,517196.0,0.7038,0.7113,0.7113,0.5901,0.002427,0.8374,0.3879,0.0064,-0.0008,0.0121,0.6988,0.001359,6.54,5.48,
2026-07-10,ETF,创业板ETF易方达期权_.xls,创业板ETF易方达,创业板ETF沽12月3400,90007420,,12月,3400.0,3.4,put,0.2227,0.22,0.2292,1.0,5.0,1075.0,2471.0,430.0,2137259.0,0.1893,0.1916,0.2229,0.1891,0.00454,-0.2625,0.2749,0.0085,-0.001,-0.0057,0.1675,-0.001359,17.34,-4.55,
2026-07-10,ETF,创业板ETF易方达期权_.xls,创业板ETF易方达,创业板ETF购12月3500,90007412,,12月,3500.0,3.5,call,0.5202,0.52,0.5284,1.0,5.0,382.0,1646.0,330.0,2318835.0,0.6384,0.6661,0.6785,0.52,0.002496,0.7851,0.4481,0.0076,-0.0009,0.0115,0.6354,0.001034,7.42,5.83,
2026-07-10,ETF,创业板ETF易方达期权_.xls,创业板ETF易方达,创业板ETF沽12月3500,90007421,,12月,3500.0,3.5,put,0.2627,0.2574,0.2628,5.0,10.0,537.0,2121.0,229.0,1268123.0,0.2268,0.2259,0.263,0.222,0.00456,-0.2946,0.2894,0.009,-0.0011,-0.0064,0.2021,-0.001034,14.7,-4.33,
2026-07-10,ETF,创业板ETF易方达期权_.xls,创业板ETF易方达,创业板ETF购12月3600,90007413,,12月,3600.0,3.6,call,0.4634,0.4492,0.4722,5.0,5.0,26.0,850.0,22.0,130448.0,0.5853,0.6,0.62,0.4634,0.002636,0.7253,0.4842,0.0087,-0.001,0.0107,0.5761,0.000728,8.33,6.04,
2026-07-10,ETF,创业板ETF易方达期权_.xls,创业板ETF易方达,创业板ETF沽12月3600,90007422,,12月,3600.0,3.6,put,0.3075,0.3008,0.31,5.0,9.0,191.0,2296.0,91.0,533779.0,0.2651,0.262,0.308,0.2612,0.004592,-0.3272,0.3008,0.0094,-0.0011,-0.0072,0.2407,-0.000728,12.56,-4.11,
2026-07-10,ETF,创业板ETF易方达期权_.xls,创业板ETF易方达,创业板ETF购12月3700,90007414,,12月,3700.0,3.7,call,0.416,0.4005,0.421,5.0,5.0,141.0,1790.0,78.0,669703.0,0.5335,0.543,0.5662,0.4157,0.002792,0.6665,0.4986,0.0095,-0.0011,0.0099,0.5208,0.00043799999999999997,9.28,6.19,
2026-07-10,ETF,创业板ETF易方达期权_.xls,创业板ETF易方达,创业板ETF沽12月3700,90007423,,12月,3700.0,3.7,put,0.3575,0.3485,0.358,5.0,1.0,410.0,2605.0,264.0,1338436.0,0.3088,0.3061,0.3589,0.304,0.00464,-0.3598,0.3086,0.0098,-0.0011,-0.008,0.2834,-0.00043799999999999997,10.8,-3.89,
2026-07-10,ETF,创业板ETF易方达期权_.xls,创业板ETF易方达,创业板ETF购12月3800,90007415,,12月,3800.0,3.8,call,0.3751,0.3639,0.3752,1.0,5.0,211.0,1086.0,53.0,943369.0,0.4721,0.5117,0.5117,0.3751,0.0029389999999999998,0.6119,0.499,0.01,-0.0011,0.0091,0.4695,0.00016299999999999998,10.3,6.3,
2026-07-10,ETF,创业板ETF易方达期权_.xls,创业板ETF易方达,创业板ETF沽12月3800,90007424,,12月,3800.0,3.8,put,0.411,0.4012,0.411,5.0,1.0,696.0,1925.0,241.0,2683033.0,0.3552,0.3451,0.4137,0.3451,0.004686,-0.3919,0.3139,0.01,-0.0012,-0.0088,0.3301,-0.00016299999999999998,9.4,-3.68,
2026-07-10,ETF,创业板ETF易方达期权_.xls,创业板ETF易方达,创业板ETF购12月3900,90007416,,12月,3900.0,3.9,call,0.33,0.32,0.3301,2.0,4.0,210.0,3946.0,42.0,839610.0,0.424,0.4532,0.4588,0.33,0.002984,0.5614,0.5057,0.0103,-0.0011,0.0084,0.4221,-9.7e-05,11.7,6.57,
2026-07-10,ETF,创业板ETF易方达期权_.xls,创业板ETF易方达,创业板ETF沽12月3900,90007425,,12月,3900.0,3.9,put,0.4672,0.4675,0.473,1.0,1.0,402.0,1686.0,157.0,1727002.0,0.4025,0.395,0.4706,0.395,0.004725,-0.4233,0.3172,0.0102,-0.0012,-0.0096,0.3806,9.7e-05,8.27,-3.5,
2026-07-10,ETF,创业板ETF易方达期权_.xls,创业板ETF易方达,创业板ETF购12月4000,90007417,,12月,4000.0,4.0,call,0.2945,0.2813,0.2957,5.0,5.0,586.0,1944.0,121.0,2063057.0,0.3852,0.3995,0.418,0.2945,0.0030719999999999996,0.5136,0.4968,0.0104,-0.0012,0.0077,0.3785,-0.00034500000000000004,13.11,6.73,
2026-07-10,ETF,创业板ETF易方达期权_.xls,创业板ETF易方达,创业板ETF沽12月4000,90007426,,12月,4000.0,4.0,put,0.5214,0.5189,0.5408,5.0,2.0,532.0,1234.0,276.0,2566761.0,0.4571,0.46,0.5312,0.452,0.004713,-0.4547,0.322,0.0104,-0.0012,-0.0104,0.435,0.00034500000000000004,7.41,-3.37,
2026-07-10,ETF,创业板ETF易方达期权_.xls,创业板ETF易方达,创业板ETF购12月4100,90007418,,12月,4100.0,4.1,call,0.2575,0.2493,0.2621,5.0,5.0,776.0,2432.0,208.0,2495707.0,0.3449,0.3585,0.3771,0.2567,0.0031010000000000005,0.4673,0.4909,0.0104,-0.0012,0.0071,0.3386,-0.00058,15.0,7.01,
2026-07-10,ETF,创业板ETF易方达期权_.xls,创业板ETF易方达,创业板ETF沽12月4100,90007427,,12月,4100.0,4.1,put,0.5881,0.5836,0.6,5.0,3.0,78.0,959.0,42.0,418688.0,0.52,0.5232,0.59,0.5121,0.004792,-0.4836,0.3184,0.0104,-0.0012,-0.0112,0.493,0.00058,6.57,-3.18,
2026-07-10,ETF,创业板ETF易方达期权_.xls,创业板ETF易方达,创业板ETF购12月4200,90007419,,12月,4200.0,4.2,call,0.2297,0.2212,0.2325,5.0,5.0,258.0,2046.0,91.0,734844.0,0.3083,0.3344,0.3392,0.229,0.0031769999999999997,0.4258,0.4724,0.0102,-0.0011,0.0065,0.3022,-0.000805,16.81,7.16,
2026-07-10,ETF,创业板ETF易方达期权_.xls,创业板ETF易方达,创业板ETF沽12月4200,90007428,,12月,4200.0,4.2,put,0.6648,0.6523,0.67,5.0,1.0,105.0,898.0,36.0,642045.0,0.5814,0.5822,0.6678,0.5739,0.00494,-0.5089,0.309,0.0104,-0.0012,-0.012,0.5546,0.000805,5.81,-2.96,
2026-07-10,ETF,创业板ETF易方达期权_.xls,创业板ETF易方达,创业板ETF购12月4300,90007505,,12月,4300.0,4.3,call,0.2,0.2,0.2063,1.0,5.0,1420.0,2515.0,89.0,3739670.0,0.2752,0.2825,0.3099,0.2,0.0031969999999999998,0.3846,0.4575,0.01,-0.0011,0.0059,0.269,-0.001019,19.31,7.43,
2026-07-10,ETF,创业板ETF易方达期权_.xls,创业板ETF易方达,创业板ETF沽12月4300,90007506,,12月,4300.0,4.3,put,0.7377,0.7355,0.746,1.0,1.0,70.0,496.0,24.0,471284.0,0.6518,0.6154,0.7377,0.6154,0.005027,-0.534,0.3027,0.0104,-0.0012,-0.0128,0.6194,0.001019,5.24,-2.8,
2026-07-10,ETF,创业板ETF易方达期权_.xls,创业板ETF易方达,创业板ETF购12月4400,90007529,,12月,4400.0,4.4,call,0.1781,0.1738,0.1774,5.0,18.0,2143.0,3468.0,363.0,4746928.0,0.2469,0.2582,0.2723,0.1776,0.0032619999999999997,0.3492,0.4343,0.0097,-0.0011,0.0054,0.239,-0.0012230000000000001,21.68,7.57,
2026-07-10,ETF,创业板ETF易方达期权_.xls,创业板ETF易方达,创业板ETF沽12月4400,90007530,,12月,4400.0,4.4,put,0.8207,0.7994,0.8345,1.0,1.0,26.0,495.0,8.0,206275.0,0.719,0.7295,0.8207,0.7295,0.005189,-0.5547,0.2916,0.0103,-0.0012,-0.0136,0.6873,0.0012230000000000001,4.71,-2.61,
2026-07-10,ETF,创业板ETF易方达期权_.xls,创业板ETF易方达,创业板ETF购12月4500,90007545,,12月,4500.0,4.5,call,0.1599,0.1586,0.1622,6.0,5.0,929.0,5424.0,317.0,1971993.0,0.2195,0.2321,0.2516,0.1598,0.0033350000000000003,0.3178,0.4094,0.0093,-0.0011,0.0049,0.2119,-0.001418,24.15,7.68,
2026-07-10,ETF,创业板ETF易方达期权_.xls,创业板ETF易方达,创业板ETF沽12月4500,90007546,,12月,4500.0,4.5,put,0.8892,0.8774,0.914,1.0,1.0,63.0,3429.0,28.0,521092.0,0.7928,0.795,0.8892,0.7845,0.005189,-0.5798,0.2884,0.0102,-0.0012,-0.0143,0.7582,0.001418,4.34,-2.52,
2026-07-10,ETF,创业板ETF易方达期权_.xls,创业板ETF易方达,创业板ETF购12月4600,90007649,,12月,4600.0,4.6,call,0.145,0.14,0.1437,2.0,5.0,574.0,1553.0,71.0,1231323.0,0.1966,0.2089,0.23,0.145,0.003417,0.2905,0.3838,0.0089,-0.001,0.0045,0.1875,-0.001604,26.63,7.74,
2026-07-10,ETF,创业板ETF易方达期权_.xls,创业板ETF易方达,创业板ETF沽12月4600,90007650,,12月,4600.0,4.6,put,0.963,0.9579,0.9961,1.0,1.0,23.0,469.0,21.0,209506.0,0.869,0.8656,0.963,0.8656,0.005221,-0.6027,0.2827,0.0101,-0.0012,-0.0151,0.8317,0.001604,4.01,-2.42,
2026-07-10,ETF,创业板ETF易方达期权_.xls,创业板ETF易方达,创业板ETF购12月4700,90007659,,12月,4700.0,4.7,call,0.1281,0.1272,0.128,1.0,5.0,850.0,1087.0,64.0,1564480.0,0.1792,0.185,0.21,0.1272,0.003453,0.2624,0.3613,0.0085,-0.001,0.0041,0.1656,-0.0017829999999999999,30.15,7.91,
2026-07-10,ETF,创业板ETF易方达期权_.xls,创业板ETF易方达,创业板ETF沽12月4700,90007660,,12月,4700.0,4.7,put,1.0507,1.0406,1.0799,1.0,1.0,54.0,189.0,54.0,533775.0,0.948,0.9525,1.0507,0.9524,0.005374,-0.6186,0.2715,0.01,-0.0012,-0.0157,0.9078,0.0017829999999999999,3.68,-2.27,
2026-07-10,ETF,创业板ETF易方达期权_.xls,创业板ETF易方达,创业板ETF购12月4800,90007675,,12月,4800.0,4.8,call,0.1132,0.1117,0.1142,1.0,5.0,3034.0,3304.0,842.0,4875436.0,0.1589,0.166,0.194,0.1117,0.0034879999999999998,0.2369,0.3388,0.0081,-0.0009,0.0037,0.146,-0.001954,34.12,8.08,
2026-07-10,ETF,创业板ETF易方达期权_.xls,创业板ETF易方达,创业板ETF沽12月4800,90007676,,12月,4800.0,4.8,put,1.1032,1.1259,1.1657,1.0,1.0,193.0,481.0,192.0,2029034.0,1.0294,1.0241,1.1032,1.0225,0.005152,-0.6519,0.2746,0.0097,-0.001,-0.0166,0.9861,0.001954,3.5,-2.28,
2026-07-10,ETF,深证100ETF易方达期权_.xls,深证100ETF易方达,深证100ETF购7月3400,90007641,,7月,3400.0,3.4,call,,0.4356,0.4534,1.0,1.0,0.0,15.0,0.0,0.0,0.5776,,,,1e-06,0.9386,0.384,0.0009,-0.0019,0.0011,0.4551,0.0012970000000000002,,,
2026-07-10,ETF,深证100ETF易方达期权_.xls,深证100ETF易方达,深证100ETF沽7月3400,90007642,,7月,3400.0,3.4,put,0.0026,0.002,0.0025,2.0,1.0,31779.0,9900.0,5462.0,638928.0,0.0023,0.0023,0.0031,0.0014,0.003447,-0.0267,0.247,0.0004,-0.0006,-0.0,0.0087,-0.0012970000000000002,1477.31,-39.43,
2026-07-10,ETF,深证100ETF易方达期权_.xls,深证100ETF易方达,深证100ETF购7月3500,90007627,,7月,3500.0,3.5,call,0.3518,0.3407,0.3546,1.0,1.0,1.0,37.0,0.0,3518.0,0.4777,0.3518,0.3518,0.3518,0.0031530000000000004,0.9473,0.4706,0.0008,-0.0014,0.0012,0.3653,0.000974,10.92,10.34,
2026-07-10,ETF,深证100ETF易方达期权_.xls,深证100ETF易方达,深证100ETF沽7月3500,90007628,,7月,3500.0,3.5,put,0.0048,0.0055,0.0056,1.0,1.0,1039.0,1565.0,387.0,45231.0,0.0039,0.0038,0.006,0.0029,0.0031010000000000005,-0.05,0.4586,0.0007,-0.0009,-0.0001,0.0187,-0.000974,800.21,-40.0,
2026-07-10,ETF,深证100ETF易方达期权_.xls,深证100ETF易方达,深证100ETF购7月3600,90007547,,7月,3600.0,3.6,call,0.32,0.251,0.2521,1.0,1.0,1.0,94.0,0.0,3200.0,0.3778,0.32,0.32,0.32,0.006031999999999999,0.739,0.7433,0.0024,-0.0058,0.0009,0.283,0.000669,12.0,8.87,
2026-07-10,ETF,深证100ETF易方达期权_.xls,深证100ETF易方达,深证100ETF沽7月3600,90007556,,7月,3600.0,3.6,put,0.0131,0.0125,0.0135,2.0,1.0,559.0,1120.0,244.0,42044.0,0.0073,0.0072,0.0133,0.0065,0.003044,-0.1181,0.8964,0.0014,-0.0016,-0.0002,0.0363,-0.000669,293.21,-34.63,
2026-07-10,ETF,深证100ETF易方达期权_.xls,深证100ETF易方达,深证100ETF购7月3700,90007548,,7月,3700.0,3.7,call,0.1719,0.1703,0.175,1.0,1.0,41.0,166.0,29.0,104256.0,0.2791,0.2807,0.2967,0.1719,0.002722,0.7838,1.4858,0.0021,-0.0026,0.001,0.2107,0.00038100000000000005,22.34,17.51,
2026-07-10,ETF,深证100ETF易方达期权_.xls,深证100ETF易方达,深证100ETF沽7月3700,90007557,,7月,3700.0,3.7,put,0.0288,0.03,0.0301,1.0,1.0,1270.0,2199.0,271.0,230587.0,0.0159,0.0147,0.029,0.0122,0.002899,-0.2296,1.4435,0.0022,-0.0023,-0.0003,0.0638,-0.00038100000000000005,133.37,-30.62,
2026-07-10,ETF,深证100ETF易方达期权_.xls,深证100ETF易方达,深证100ETF购7月3800,90007549,,7月,3800.0,3.8,call,0.1048,0.104,0.1044,1.0,1.0,925.0,774.0,60.0,1520422.0,0.1857,0.1939,0.2172,0.1035,0.0027500000000000003,0.604,1.9328,0.0028,-0.0032,0.0008,0.1502,0.00010800000000000001,36.65,22.14,
2026-07-10,ETF,深证100ETF易方达期权_.xls,深证100ETF易方达,深证100ETF沽7月3800,90007558,,7月,3800.0,3.8,put,0.0611,0.061,0.0622,1.0,1.0,2148.0,2891.0,719.0,782413.0,0.0328,0.0301,0.0631,0.0256,0.0028710000000000003,-0.3995,1.8556,0.0028,-0.0029,-0.0006,0.1031,-0.00010800000000000001,62.86,-25.11,
2026-07-10,ETF,深证100ETF易方达期权_.xls,深证100ETF易方达,深证100ETF购7月3900,90007550,,7月,3900.0,3.9,call,0.0564,0.0557,0.0565,1.0,7.0,1388.0,1534.0,245.0,1410021.0,0.1169,0.1217,0.1422,0.0557,0.0027489999999999997,0.4063,1.9467,0.0028,-0.0032,0.0005,0.1023,-0.000151,68.1,27.67,
2026-07-10,ETF,深证100ETF易方达期权_.xls,深证100ETF易方达,深证100ETF沽7月3900,90007559,,7月,3900.0,3.9,put,0.1135,0.1129,0.1135,1.0,1.0,1630.0,2678.0,504.0,1123150.0,0.0634,0.0591,0.1164,0.0495,0.002903,-0.5877,1.8499,0.0028,-0.0029,-0.0008,0.155,0.000151,33.84,-19.89,
2026-07-10,ETF,深证100ETF易方达期权_.xls,深证100ETF易方达,深证100ETF购7月4000,90007551,,7月,4000.0,4.0,call,0.0269,0.0267,0.0275,1.0,1.0,3588.0,5144.0,921.0,1973133.0,0.0661,0.0697,0.0811,0.0269,0.002762,0.2354,1.536,0.0022,-0.0025,0.0003,0.0664,-0.000397,142.79,33.61,
2026-07-10,ETF,深证100ETF易方达期权_.xls,深证100ETF易方达,深证100ETF沽7月4000,90007560,,7月,4000.0,4.0,put,0.1854,0.1821,0.1855,1.0,1.0,1522.0,2387.0,191.0,1886548.0,0.1124,0.1072,0.1867,0.0906,0.0030210000000000002,-0.7437,1.4702,0.0023,-0.0023,-0.0011,0.219,0.000397,20.72,-15.41,
2026-07-10,ETF,深证100ETF易方达期权_.xls,深证100ETF易方达,深证100ETF购7月4100,90007552,,7月,4100.0,4.1,call,0.0132,0.0131,0.0132,1.0,8.0,2158.0,5398.0,808.0,640083.0,0.036,0.0386,0.0458,0.0131,0.0029049999999999996,0.1285,0.9964,0.0015,-0.0018,0.0002,0.0411,-0.0006320000000000001,290.98,37.39,
2026-07-10,ETF,深证100ETF易方达期权_.xls,深证100ETF易方达,深证100ETF沽7月4100,90007561,,7月,4100.0,4.1,put,0.2702,0.265,0.2758,1.0,1.0,572.0,1295.0,101.0,1115243.0,0.18,0.1754,0.2717,0.1568,0.003188,-0.848,1.0179,0.0017,-0.0017,-0.0013,0.2935,0.0006320000000000001,14.22,-12.05,
2026-07-10,ETF,深证100ETF易方达期权_.xls,深证100ETF易方达,深证100ETF购7月4200,90007553,,7月,4200.0,4.2,call,0.0068,0.0065,0.0069,1.0,3.0,2520.0,5562.0,635.0,377930.0,0.0218,0.022,0.0264,0.0066,0.003092,0.0702,0.6001,0.001,-0.0012,0.0001,0.0242,-0.0008550000000000001,564.85,39.63,
2026-07-10,ETF,深证100ETF易方达期权_.xls,深证100ETF易方达,深证100ETF沽7月4200,90007562,,7月,4200.0,4.2,put,0.3662,0.3559,0.3704,1.0,1.0,479.0,1006.0,46.0,1278818.0,0.2623,0.2563,0.3662,0.2309,0.0036959999999999996,-0.8893,0.7048,0.0014,-0.0015,-0.0013,0.3765,0.0008550000000000001,10.49,-9.33,
2026-07-10,ETF,深证100ETF易方达期权_.xls,深证100ETF易方达,深证100ETF购7月4300,90007554,,7月,4300.0,4.3,call,0.0036,0.0031,0.0036,1.0,21.0,801.0,3119.0,271.0,57169.0,0.0138,0.0132,0.0149,0.0035,0.003279,0.0386,0.352,0.0006,-0.0008,0.0001,0.0136,-0.001067,1066.94,41.15,
2026-07-10,ETF,深证100ETF易方达期权_.xls,深证100ETF易方达,深证100ETF沽7月4300,90007563,,7月,4300.0,4.3,put,,0.4506,0.469,1.0,1.0,0.0,135.0,0.0,0.0,0.3544,,,,0.003812,-0.9346,0.4612,0.0009,-0.0009,-0.0014,0.4657,0.001067,,,
2026-07-10,ETF,深证100ETF易方达期权_.xls,深证100ETF易方达,深证100ETF购7月4400,90007555,,7月,4400.0,4.4,call,0.002,0.0021,0.0023,15.0,1.0,554.0,2010.0,94.0,28827.0,0.0088,0.0096,0.0096,0.002,0.0034720000000000003,0.0219,0.2076,0.0004,-0.0005,0.0,0.0073,-0.00127,1920.5,42.01,
2026-07-10,ETF,深证100ETF易方达期权_.xls,深证100ETF易方达,深证100ETF沽7月4400,90007564,,7月,4400.0,4.4,put,0.4266,0.547,0.5693,1.0,1.0,1.0,68.0,1.0,4266.0,0.4511,0.4266,0.4266,0.4266,1e-06,-0.9442,0.3562,0.0008,-0.0009,-0.0015,0.5592,0.00127,9.0,-8.5,
2026-07-10,ETF,深证100ETF易方达期权_.xls,深证100ETF易方达,深证100ETF购7月4500,90007619,,7月,4500.0,4.5,call,0.0011,0.0012,0.0015,1.0,1.0,1325.0,2717.0,459.0,57556.0,0.0062,0.0063,0.0065,0.0011,0.003639,0.0123,0.1209,0.0002,-0.0003,0.0,0.0037,-0.001464,3491.82,42.93,
2026-07-10,ETF,深证100ETF易方达期权_.xls,深证100ETF易方达,深证100ETF沽7月4500,90007620,,7月,4500.0,4.5,put,,0.6448,0.6712,1.0,1.0,0.0,40.0,0.0,0.0,0.5489,,,,0.0047740000000000005,-0.9549,0.2743,0.0007,-0.0007,-0.0015,0.6555,0.001464,,,
2026-07-10,ETF,深证100ETF易方达期权_.xls,深证100ETF易方达,深证100ETF购7月4600,90007663,,7月,4600.0,4.6,call,0.0005,0.0002,0.0009,2.0,1.0,572.0,2456.0,307.0,16601.0,0.0044,0.0044,0.0044,0.0005,0.0037099999999999998,0.0059,0.0624,0.0001,-0.0002,0.0,0.0018,-0.00165,7682.0,45.39,
2026-07-10,ETF,深证100ETF易方达期权_.xls,深证100ETF易方达,深证100ETF沽7月4600,90007664,,7月,4600.0,4.6,put,,0.7517,0.7719,1.0,1.0,0.0,20.0,0.0,0.0,0.65,,,,0.005835,-0.9416,0.2759,0.0008,-0.0014,-0.0016,0.7535,0.00165,,,
2026-07-10,ETF,深证100ETF易方达期权_.xls,深证100ETF易方达,深证100ETF购8月3400,90007779,,8月,3400.0,3.4,call,,0.437,0.4549,1.0,1.0,0.0,1.0,0.0,0.0,0.5878,,,,1e-06,0.8422,0.4591,0.0034,-0.0017,0.0036,0.5073,0.0012970000000000002,,,
2026-07-10,ETF,深证100ETF易方达期权_.xls,深证100ETF易方达,深证100ETF沽8月3400,90007780,,8月,3400.0,3.4,put,0.0295,0.0293,0.0301,1.0,1.0,376.0,338.0,147.0,78710.0,0.0208,0.0206,0.0303,0.018,0.0032329999999999998,-0.1252,0.4577,0.0029,-0.0009,-0.0007,0.0463,-0.0012970000000000002,130.2,-16.3,
2026-07-10,ETF,深证100ETF易方达期权_.xls,深证100ETF易方达,深证100ETF购8月3500,90007771,,8月,3500.0,3.5,call,,0.3566,0.3712,1.0,1.0,0.0,1.0,0.0,0.0,0.4893,,,,0.001452,0.9716,0.3216,0.0009,-0.0006,0.0044,0.4302,0.000974,,,
2026-07-10,ETF,深证100ETF易方达期权_.xls,深证100ETF易方达,深证100ETF沽8月3500,90007772,,8月,3500.0,3.5,put,0.0462,0.046,0.0474,1.0,2.0,31.0,587.0,25.0,10605.0,0.0327,0.0323,0.0462,0.0306,0.0031940000000000002,-0.181,0.5918,0.0037,-0.0011,-0.001,0.0685,-0.000974,83.14,-15.05,
2026-07-10,ETF,深证100ETF易方达期权_.xls,深证100ETF易方达,深证100ETF购8月3600,90007755,,8月,3600.0,3.6,call,,0.2837,0.2944,1.0,1.0,0.0,16.0,0.0,0.0,0.3932,,,,0.002098,0.8334,0.8549,0.0035,-0.0011,0.0038,0.3597,0.000669,,,
2026-07-10,ETF,深证100ETF易方达期权_.xls,深证100ETF易方达,深证100ETF沽8月3600,90007756,,8月,3600.0,3.6,put,0.0709,0.071,0.0727,1.0,1.0,235.0,1041.0,170.0,124876.0,0.0505,0.049,0.0712,0.0464,0.003189,-0.2516,0.718,0.0044,-0.0013,-0.0014,0.0975,-0.000669,54.17,-13.63,
2026-07-10,ETF,深证100ETF易方达期权_.xls,深证100ETF易方达,深证100ETF购8月3700,90007679,,8月,3700.0,3.7,call,0.278,0.2205,0.2282,1.0,1.0,9.0,80.0,9.0,26585.0,0.3079,0.301,0.3034,0.278,0.0034100000000000003,0.6599,0.7716,0.0051,-0.0021,0.003,0.2965,0.00038100000000000005,13.82,9.12,
2026-07-10,ETF,深证100ETF易方达期权_.xls,深证100ETF易方达,深证100ETF沽8月3700,90007688,,8月,3700.0,3.7,put,0.1041,0.1044,0.1078,1.0,1.0,111.0,929.0,37.0,83078.0,0.076,0.0734,0.1041,0.0682,0.0031920000000000004,-0.3328,0.8173,0.0051,-0.0015,-0.0018,0.1337,-0.00038100000000000005,36.9,-12.28,
2026-07-10,ETF,深证100ETF易方达期权_.xls,深证100ETF易方达,深证100ETF购8月3800,90007680,,8月,3800.0,3.8,call,0.1793,0.1673,0.1728,1.0,1.0,10.0,123.0,8.0,24037.0,0.2477,0.2491,0.2496,0.1793,0.00264,0.5878,1.0587,0.0054,-0.0017,0.0027,0.2408,0.00010800000000000001,21.42,12.59,
2026-07-10,ETF,深证100ETF易方达期权_.xls,深证100ETF易方达,深证100ETF沽8月3800,90007689,,8月,3800.0,3.8,put,0.1528,0.1491,0.1539,1.0,1.0,96.0,979.0,38.0,101993.0,0.111,0.1026,0.1528,0.0998,0.0033179999999999998,-0.4213,0.8463,0.0054,-0.0017,-0.0023,0.1774,-0.00010800000000000001,25.14,-10.59,
2026-07-10,ETF,深证100ETF易方达期权_.xls,深证100ETF易方达,深证100ETF购8月3900,90007681,,8月,3900.0,3.9,call,0.1319,0.1245,0.1283,1.0,1.0,102.0,207.0,64.0,178494.0,0.191,0.1983,0.1983,0.1319,0.0026739999999999997,0.481,1.0701,0.0056,-0.0018,0.0023,0.1928,-0.000151,29.12,14.01,
2026-07-10,ETF,深证100ETF易方达期权_.xls,深证100ETF易方达,深证100ETF沽8月3900,90007690,,8月,3900.0,3.9,put,0.2022,0.2037,0.2061,1.0,1.0,95.0,349.0,39.0,148738.0,0.1546,0.1411,0.2022,0.1404,0.003292,-0.5074,0.87,0.0056,-0.0016,-0.0028,0.2288,0.000151,19.0,-9.64,
2026-07-10,ETF,深证100ETF易方达期权_.xls,深证100ETF易方达,深证100ETF购8月4000,90007682,,8月,4000.0,4.0,call,0.0901,0.0913,0.0938,1.0,1.0,86.0,368.0,64.0,96569.0,0.1387,0.1478,0.1503,0.0901,0.0026190000000000002,0.3755,1.0398,0.0053,-0.0016,0.0018,0.1521,-0.000397,42.63,16.01,
2026-07-10,ETF,深证100ETF易方达期权_.xls,深证100ETF易方达,深证100ETF沽8月4000,90007691,,8月,4000.0,4.0,put,0.2507,0.2683,0.2789,1.0,1.0,56.0,163.0,12.0,113154.0,0.2043,0.1911,0.2507,0.1903,0.003091,-0.5999,0.8973,0.0054,-0.0014,-0.0034,0.2875,0.000397,15.32,-9.19,
2026-07-10,ETF,深证100ETF易方达期权_.xls,深证100ETF易方达,深证100ETF购8月4100,90007683,,8月,4100.0,4.1,call,0.0693,0.0673,0.068,9.0,1.0,55.0,441.0,38.0,48155.0,0.1072,0.1101,0.1112,0.0693,0.002797,0.2966,0.8878,0.0048,-0.0015,0.0014,0.1183,-0.0006320000000000001,55.43,16.44,
2026-07-10,ETF,深证100ETF易方达期权_.xls,深证100ETF易方达,深证100ETF沽8月4100,90007692,,8月,4100.0,4.1,put,,0.3409,0.3548,1.0,1.0,0.0,116.0,0.0,0.0,0.2681,,,,0.003669,-0.6478,0.7265,0.0052,-0.0016,-0.0037,0.3531,0.0006320000000000001,,,
2026-07-10,ETF,深证100ETF易方达期权_.xls,深证100ETF易方达,深证100ETF购8月4200,90007684,,8月,4200.0,4.2,call,0.0489,0.0491,0.0492,1.0,1.0,223.0,701.0,59.0,163609.0,0.0772,0.078,0.0835,0.0489,0.002846,0.2246,0.7558,0.0042,-0.0013,0.0011,0.0907,-0.0008550000000000001,78.55,17.64,
2026-07-10,ETF,深证100ETF易方达期权_.xls,深证100ETF易方达,深证100ETF沽8月4200,90007693,,8月,4200.0,4.2,put,,0.4204,0.4375,1.0,1.0,0.0,101.0,0.0,0.0,0.3417,,,,0.003854,-0.701,0.6468,0.0048,-0.0016,-0.0041,0.4249,0.0008550000000000001,,,
2026-07-10,ETF,深证100ETF易方达期权_.xls,深证100ETF易方达,深证100ETF购8月4300,90007685,,8月,4300.0,4.3,call,0.0359,0.0348,0.0359,1.0,5.0,26.0,296.0,17.0,12385.0,0.0563,0.0612,0.0732,0.0359,0.0029449999999999997,0.1715,0.6204,0.0035,-0.0012,0.0008,0.0686,-0.001067,106.99,18.35,
2026-07-10,ETF,深证100ETF易方达期权_.xls,深证100ETF易方达,深证100ETF沽8月4300,90007694,,8月,4300.0,4.3,put,,0.5048,0.5254,1.0,1.0,0.0,76.0,0.0,0.0,0.4208,,,,0.004063000000000001,-0.7429,0.5699,0.0045,-0.0015,-0.0044,0.5022,0.001067,,,
2026-07-10,ETF,深证100ETF易方达期权_.xls,深证100ETF易方达,深证100ETF购8月4400,90007686,,8月,4400.0,4.4,call,0.0259,0.0253,0.026,1.0,1.0,124.0,179.0,45.0,54943.0,0.0409,0.0419,0.0567,0.0259,0.0030210000000000002,0.129,0.4999,0.0029,-0.001,0.0006,0.0512,-0.00127,148.3,19.13,
2026-07-10,ETF,深证100ETF易方达期权_.xls,深证100ETF易方达,深证100ETF沽8月4400,90007695,,8月,4400.0,4.4,put,,0.5931,0.6173,1.0,1.0,0.0,49.0,0.0,0.0,0.5054,,,,0.004297,-0.7752,0.5008,0.0042,-0.0014,-0.0047,0.5842,0.00127,,,
2026-07-10,ETF,深证100ETF易方达期权_.xls,深证100ETF易方达,深证100ETF购8月4500,90007687,,8月,4500.0,4.5,call,0.0191,0.0182,0.0192,2.0,2.0,70.0,399.0,28.0,20440.0,0.0299,0.0304,0.033,0.0186,0.0031129999999999994,0.0978,0.3984,0.0024,-0.0008,0.0005,0.0377,-0.001464,201.1,19.68,
2026-07-10,ETF,深证100ETF易方达期权_.xls,深证100ETF易方达,深证100ETF沽8月4500,90007696,,8月,4500.0,4.5,put,,0.6842,0.7121,1.0,1.0,0.0,43.0,0.0,0.0,0.5955,,,,0.0045520000000000005,-0.7998,0.4418,0.0039,-0.0014,-0.005,0.6701,0.001464,,,
2026-07-10,ETF,深证100ETF易方达期权_.xls,深证100ETF易方达,深证100ETF购8月4600,90007751,,8月,4600.0,4.6,call,0.0139,0.0136,0.014,1.0,1.0,177.0,435.0,65.0,42042.0,0.0218,0.0219,0.0259,0.0139,0.003188,0.0734,0.3136,0.0019,-0.0007,0.0004,0.0274,-0.00165,276.33,20.28,
2026-07-10,ETF,深证100ETF易方达期权_.xls,深证100ETF易方达,深证100ETF沽8月4600,90007752,,8月,4600.0,4.6,put,,0.7776,0.8093,1.0,1.0,0.0,7.0,0.0,0.0,0.6854,,,,0.004832,-0.818,0.3926,0.0037,-0.0014,-0.0052,0.7593,0.00165,,,
2026-07-10,ETF,深证100ETF易方达期权_.xls,深证100ETF易方达,深证100ETF购9月3000,90007129,,9月,3000.0,3.0,call,0.8518,0.7862,0.8356,1.0,1.0,2.0,196.0,2.0,17036.0,0.9928,0.8518,0.8518,0.8518,1e-06,0.9591,0.1482,0.0015,-0.0007,0.0058,0.8794,0.002803,4.51,4.32,
2026-07-10,ETF,深证100ETF易方达期权_.xls,深证100ETF易方达,深证100ETF沽9月3000,90007130,,9月,3000.0,3.0,put,0.0077,0.0078,0.008,1.0,450.0,44547.0,6346.0,4185.0,2786368.0,0.0068,0.007,0.0077,0.0054,0.00319,-0.0332,0.1325,0.0013,-0.0003,-0.0003,0.0104,-0.002803,498.83,-16.59,
2026-07-10,ETF,深证100ETF易方达期权_.xls,深证100ETF易方达,深证100ETF购9月3100,90007051,,9月,3100.0,3.1,call,,0.6939,0.7381,1.0,1.0,0.0,29.0,0.0,0.0,0.8934,,,,1e-06,0.9367,0.2097,0.0022,-0.0008,0.0059,0.7872,0.0023899999999999998,,,
2026-07-10,ETF,深证100ETF易方达期权_.xls,深证100ETF易方达,深证100ETF沽9月3100,90007060,,9月,3100.0,3.1,put,0.0135,0.0137,0.0147,1.0,1.0,76.0,389.0,5.0,7914.0,0.0106,0.0107,0.0135,0.0097,0.0031929999999999997,-0.0539,0.1956,0.0019,-0.0004,-0.0005,0.0173,-0.0023899999999999998,284.52,-15.34,
2026-07-10,ETF,深证100ETF易方达期权_.xls,深证100ETF易方达,深证100ETF购9月3200,90007052,,9月,3200.0,3.2,call,,0.6051,0.6461,1.0,1.0,0.0,314.0,0.0,0.0,0.7942,,,,1e-06,0.9069,0.2812,0.0029,-0.001,0.0058,0.6983,0.002003,,,
2026-07-10,ETF,深证100ETF易方达期权_.xls,深证100ETF易方达,深证100ETF沽9月3200,90007061,,9月,3200.0,3.2,put,0.0228,0.0235,0.0248,1.0,1.0,8.0,812.0,6.0,1643.0,0.0173,0.0173,0.0228,0.0173,0.003213,-0.0834,0.2724,0.0027,-0.0005,-0.0007,0.0275,-0.002003,168.46,-14.05,
2026-07-10,ETF,深证100ETF易方达期权_.xls,深证100ETF易方达,深证100ETF购9月3300,90007053,,9月,3300.0,3.3,call,,0.5225,0.5585,1.0,1.0,0.0,159.0,0.0,0.0,0.6954,,,,1e-06,0.8691,0.3588,0.0037,-0.0012,0.0057,0.6135,0.0016390000000000003,,,
2026-07-10,ETF,深证100ETF易方达期权_.xls,深证100ETF易方达,深证100ETF沽9月3300,90007062,,9月,3300.0,3.3,put,0.0266,0.0373,0.0398,1.0,1.0,21.0,326.0,1.0,5606.0,0.0276,0.0278,0.0278,0.0265,0.002942,-0.1024,0.3464,0.0031,-0.0006,-0.0009,0.0417,-0.0016390000000000003,144.4,-14.79,
2026-07-10,ETF,深证100ETF易方达期权_.xls,深证100ETF易方达,深证100ETF购9月3400,90007054,,9月,3400.0,3.4,call,,0.446,0.4758,1.0,1.0,0.0,135.0,0.0,0.0,0.5975,,,,1e-06,0.8235,0.4376,0.0045,-0.0013,0.0055,0.5334,0.0012970000000000002,,,
2026-07-10,ETF,深证100ETF易方达期权_.xls,深证100ETF易方达,深证100ETF沽9月3400,90007063,,9月,3400.0,3.4,put,0.0537,0.0569,0.0597,1.0,1.0,2.0,458.0,2.0,968.0,0.0424,0.0431,0.0537,0.0431,0.0032229999999999997,-0.1669,0.4427,0.0044,-0.0008,-0.0014,0.0607,-0.0012970000000000002,71.53,-11.94,
2026-07-10,ETF,深证100ETF易方达期权_.xls,深证100ETF易方达,深证100ETF购9月3500,90007055,,9月,3500.0,3.5,call,,0.3761,0.402,1.0,1.0,0.0,88.0,0.0,0.0,0.5016,,,,0.001804,0.9005,0.5531,0.0031,-0.0007,0.0064,0.459,0.000974,,,
2026-07-10,ETF,深证100ETF易方达期权_.xls,深证100ETF易方达,深证100ETF沽9月3500,90007064,,9月,3500.0,3.5,put,0.0607,0.0829,0.0865,1.0,1.0,3.0,470.0,2.0,1830.0,0.0624,0.0638,0.0638,0.0585,0.002899,-0.2005,0.5518,0.0049,-0.0008,-0.0017,0.0854,-0.000974,63.28,-12.69,
2026-07-10,ETF,深证100ETF易方达期权_.xls,深证100ETF易方达,深证100ETF购9月3600,90007056,,9月,3600.0,3.6,call,0.3329,0.3235,0.3346,3.0,1.0,5.0,253.0,4.0,17419.0,0.4096,0.3666,0.3666,0.3329,0.002366,0.7706,0.7311,0.0053,-0.0012,0.0055,0.3907,0.000669,11.54,8.89,
2026-07-10,ETF,深证100ETF易方达期权_.xls,深证100ETF易方达,深证100ETF沽9月3600,90007065,,9月,3600.0,3.6,put,0.09,0.1169,0.1223,1.0,1.0,7.0,528.0,0.0,6177.0,0.0891,0.086,0.0903,0.0818,0.002936,-0.2674,0.6395,0.0058,-0.001,-0.0023,0.1161,-0.000669,42.68,-11.41,
2026-07-10,ETF,深证100ETF易方达期权_.xls,深证100ETF易方达,深证100ETF购9月3700,90007057,,9月,3700.0,3.7,call,0.3455,0.2583,0.2761,1.0,1.0,14.0,271.0,12.0,48370.0,0.3438,0.3455,0.3455,0.3455,0.0036329999999999995,0.6424,0.5861,0.0065,-0.0018,0.0044,0.329,0.00038100000000000005,11.12,7.14,
2026-07-10,ETF,深证100ETF易方达期权_.xls,深证100ETF易方达,深证100ETF沽9月3700,90007066,,9月,3700.0,3.7,put,0.1152,0.1577,0.1649,1.0,1.0,1.0,295.0,1.0,1152.0,0.1219,0.1152,0.1152,0.1152,0.0027860000000000003,-0.3331,0.7443,0.0064,-0.001,-0.0029,0.1535,-0.00038100000000000005,33.34,-11.11,
2026-07-10,ETF,深证100ETF易方达期权_.xls,深证100ETF易方达,深证100ETF购9月3800,90007058,,9月,3800.0,3.8,call,0.225,0.2108,0.2253,1.0,1.0,4.0,333.0,4.0,9000.0,0.2847,0.225,0.225,0.225,0.002664,0.5895,0.833,0.0068,-0.0014,0.0042,0.274,0.00010800000000000001,17.07,10.06,
2026-07-10,ETF,深证100ETF易方达期权_.xls,深证100ETF易方达,深证100ETF沽9月3800,90007067,,9月,3800.0,3.8,put,,0.2067,0.2209,1.0,1.0,0.0,214.0,0.0,0.0,0.1625,,,,0.003618,-0.4191,0.6162,0.0068,-0.0014,-0.0038,0.1975,-0.00010800000000000001,,,
2026-07-10,ETF,深证100ETF易方达期权_.xls,深证100ETF易方达,深证100ETF购9月3900,90007059,,9月,3900.0,3.9,call,0.2401,0.1706,0.1824,1.0,1.0,15.0,614.0,15.0,36020.0,0.234,0.2401,0.2402,0.2401,0.0035869999999999995,0.5183,0.6339,0.007,-0.0019,0.0036,0.2257,-0.000151,16.0,8.29,
2026-07-10,ETF,深证100ETF易方达期权_.xls,深证100ETF易方达,深证100ETF沽9月3900,90007068,,9月,3900.0,3.9,put,0.2081,0.2625,0.2806,1.0,1.0,5.0,155.0,4.0,10213.0,0.2105,0.2033,0.2081,0.2033,0.002805,-0.4928,0.8113,0.007,-0.001,-0.0044,0.2483,0.000151,18.46,-9.1,
2026-07-10,ETF,深证100ETF易方达期权_.xls,深证100ETF易方达,深证100ETF购9月4000,90007337,,9月,4000.0,4.0,call,0.1422,0.1374,0.1462,1.0,10.0,40.0,329.0,23.0,65233.0,0.1894,0.1919,0.1919,0.1422,0.002777,0.4275,0.8061,0.0069,-0.0014,0.0031,0.1839,-0.000397,27.01,11.55,
2026-07-10,ETF,深证100ETF易方达期权_.xls,深证100ETF易方达,深证100ETF沽9月4000,90007338,,9月,4000.0,4.0,put,0.3278,0.3248,0.3472,1.0,1.0,164.0,436.0,-25.0,480800.0,0.2635,0.2539,0.3358,0.2539,0.0037,-0.54,0.6121,0.007,-0.0014,-0.005,0.3056,0.000397,11.72,-6.33,
2026-07-10,ETF,深证100ETF易方达期权_.xls,深证100ETF易方达,深证100ETF购9月4100,90007359,,9月,4100.0,4.1,call,0.1134,0.1097,0.1173,1.0,1.0,69.0,558.0,22.0,101945.0,0.1524,0.1526,0.1625,0.1134,0.0028550000000000003,0.358,0.7462,0.0065,-0.0014,0.0026,0.1482,-0.0006320000000000001,33.87,12.13,
2026-07-10,ETF,深证100ETF易方达期权_.xls,深证100ETF易方达,深证100ETF沽9月4100,90007360,,9月,4100.0,4.1,put,0.4074,0.3937,0.4208,1.0,1.0,33.0,383.0,-9.0,115475.0,0.3279,0.3249,0.4074,0.3249,0.003947,-0.5872,0.5629,0.0068,-0.0014,-0.0055,0.369,0.0006320000000000001,9.43,-5.54,
2026-07-10,ETF,深证100ETF易方达期权_.xls,深证100ETF易方达,深证100ETF购9月4200,90007379,,9月,4200.0,4.2,call,0.0906,0.087,0.093,1.0,1.0,72.0,494.0,52.0,88647.0,0.1187,0.1187,0.1349,0.0906,0.0029350000000000005,0.298,0.6738,0.0061,-0.0013,0.0022,0.1183,-0.0008550000000000001,42.4,12.63,
2026-07-10,ETF,深证100ETF易方达期权_.xls,深证100ETF易方达,深证100ETF沽9月4200,90007380,,9月,4200.0,4.2,put,0.4123,0.4667,0.4989,1.0,1.0,1.0,150.0,0.0,4123.0,0.3966,0.4123,0.4123,0.4123,0.002966,-0.6996,0.6693,0.0061,-0.0008,-0.0065,0.4381,0.0008550000000000001,9.32,-6.52,
2026-07-10,ETF,深证100ETF易方达期权_.xls,深证100ETF易方达,深证100ETF购9月4300,90007469,,9月,4300.0,4.3,call,0.1097,0.0694,0.0742,1.0,1.0,90.0,309.0,-30.0,91484.0,0.0968,0.0956,0.1135,0.0943,0.003653,0.2954,0.5392,0.0061,-0.0016,0.0021,0.0934,-0.001067,35.01,10.34,
2026-07-10,ETF,深证100ETF易方达期权_.xls,深证100ETF易方达,深证100ETF沽9月4300,90007470,,9月,4300.0,4.3,put,0.4624,0.5448,0.5824,1.0,1.0,2.0,143.0,2.0,9248.0,0.4706,0.4624,0.4624,0.4624,0.002455,-0.8073,0.6361,0.0048,-0.0003,-0.0074,0.5123,0.001067,8.31,-6.71,
2026-07-10,ETF,深证100ETF易方达期权_.xls,深证100ETF易方达,深证100ETF购9月4400,90007495,,9月,4400.0,4.4,call,0.06,0.0549,0.0587,1.0,1.0,47.0,179.0,11.0,31667.0,0.0762,0.072,0.0804,0.0597,0.0031269999999999996,0.2075,0.5221,0.005,-0.0011,0.0015,0.0731,-0.00127,64.02,13.28,
2026-07-10,ETF,深证100ETF易方达期权_.xls,深证100ETF易方达,深证100ETF沽9月4400,90007496,,9月,4400.0,4.4,put,,0.6264,0.6684,1.0,1.0,0.0,44.0,0.0,0.0,0.5494,,,,0.004365,-0.7039,0.4518,0.0061,-0.0013,-0.007,0.591,0.00127,,,
2026-07-10,ETF,深证100ETF易方达期权_.xls,深证100ETF易方达,深证100ETF购9月4500,90007519,,9月,4500.0,4.5,call,0.0484,0.0453,0.0485,1.0,1.0,25.0,374.0,-12.0,15670.0,0.0603,0.0567,0.0668,0.0484,0.003201,0.1719,0.4542,0.0045,-0.001,0.0013,0.0566,-0.001464,79.36,13.64,
2026-07-10,ETF,深证100ETF易方达期权_.xls,深证100ETF易方达,深证100ETF沽9月4500,90007520,,9月,4500.0,4.5,put,,0.7115,0.757,1.0,1.0,0.0,145.0,0.0,0.0,0.6331,,,,0.004523,-0.7319,0.4156,0.0058,-0.0013,-0.0074,0.6736,0.001464,,,
2026-07-10,ETF,深证100ETF易方达期权_.xls,深证100ETF易方达,深证100ETF购9月4600,90007665,,9月,4600.0,4.6,call,0.035,0.0344,0.0368,2.0,1.0,3.0,118.0,1.0,1354.0,0.0483,0.0448,0.0556,0.035,0.003165,0.1332,0.3878,0.0038,-0.0008,0.001,0.0435,-0.00165,109.74,14.62,
2026-07-10,ETF,深证100ETF易方达期权_.xls,深证100ETF易方达,深证100ETF沽9月4600,90007666,,9月,4600.0,4.6,put,,0.7986,0.8481,1.0,1.0,0.0,24.0,0.0,0.0,0.7369,,,,0.004686,-0.7557,0.3822,0.0055,-0.0012,-0.0078,0.7596,0.00165,,,
2026-07-10,ETF,深证100ETF易方达期权_.xls,深证100ETF易方达,深证100ETF购12月3400,90007479,,12月,3400.0,3.4,call,0.57,0.5082,0.5242,1.0,1.0,11.0,121.0,11.0,63174.0,0.6341,0.6174,0.6174,0.57,0.0023870000000000002,0.8324,0.4044,0.0065,-0.0008,0.012,0.6095,0.0012970000000000002,6.74,5.61,
2026-07-10,ETF,深证100ETF易方达期权_.xls,深证100ETF易方达,深证100ETF沽12月3400,90007480,,12月,3400.0,3.4,put,0.1513,0.1387,0.1526,1.0,1.0,69.0,372.0,13.0,92095.0,0.1343,0.1343,0.1513,0.1312,0.003618,-0.2405,0.331,0.0081,-0.0007,-0.0049,0.0992,-0.0012970000000000002,25.39,-6.1,
2026-07-10,ETF,深证100ETF易方达期权_.xls,深证100ETF易方达,深证100ETF购12月3500,90007393,,12月,3500.0,3.5,call,,0.446,0.4603,1.0,1.0,0.0,20.0,0.0,0.0,0.5253,,,,0.0017859999999999998,0.8415,0.5213,0.0063,-0.0007,0.0127,0.5404,0.000974,,,
2026-07-10,ETF,深证100ETF易方达期权_.xls,深证100ETF易方达,深证100ETF沽12月3500,90007402,,12月,3500.0,3.5,put,0.1824,0.1874,0.1888,1.0,1.0,168.0,234.0,45.0,288420.0,0.1652,0.1674,0.1824,0.1552,0.003588,-0.2778,0.3598,0.0087,-0.0008,-0.0057,0.1281,-0.000974,21.06,-5.85,
2026-07-10,ETF,深证100ETF易方达期权_.xls,深证100ETF易方达,深证100ETF购12月3600,90007394,,12月,3600.0,3.6,call,0.4565,0.3899,0.4008,1.0,1.0,25.0,87.0,5.0,114727.0,0.4636,0.4629,0.463,0.456,0.0027289999999999997,0.7105,0.4823,0.0089,-0.001,0.0104,0.4762,0.000669,8.41,5.98,
2026-07-10,ETF,深证100ETF易方达期权_.xls,深证100ETF易方达,深证100ETF沽12月3600,90007403,,12月,3600.0,3.6,put,0.2125,0.2277,0.2309,1.0,1.0,470.0,218.0,35.0,986579.0,0.2014,0.1972,0.2201,0.1915,0.0035039999999999997,-0.316,0.3908,0.0092,-0.0008,-0.0065,0.1619,-0.000669,18.08,-5.71,
2026-07-10,ETF,深证100ETF易方达期权_.xls,深证100ETF易方达,深证100ETF购12月3700,90007395,,12月,3700.0,3.7,call,0.3648,0.3386,0.3448,1.0,1.0,1.0,75.0,1.0,3648.0,0.4067,0.3648,0.3648,0.3648,0.0023989999999999997,0.6695,0.5814,0.0094,-0.0009,0.0101,0.4173,0.00038100000000000005,10.53,7.05,
2026-07-10,ETF,深证100ETF易方达期权_.xls,深证100ETF易方达,深证100ETF沽12月3700,90007404,,12月,3700.0,3.7,put,0.2558,0.2728,0.2777,1.0,1.0,193.0,197.0,43.0,488229.0,0.2424,0.2401,0.2635,0.2401,0.003519,-0.3584,0.4086,0.0097,-0.0008,-0.0075,0.2009,-0.00038100000000000005,15.02,-5.38,
2026-07-10,ETF,深证100ETF易方达期权_.xls,深证100ETF易方达,深证100ETF购12月3800,90007396,,12月,3800.0,3.8,call,0.3167,0.2922,0.2984,1.0,1.0,64.0,137.0,-22.0,217258.0,0.3559,0.3647,0.3657,0.3167,0.002483,0.6066,0.5962,0.01,-0.001,0.0092,0.3635,0.00010800000000000001,12.13,7.36,
2026-07-10,ETF,深证100ETF易方达期权_.xls,深证100ETF易方达,深证100ETF沽12月3800,90007405,,12月,3800.0,3.8,put,0.3042,0.3261,0.3294,1.0,1.0,55.0,116.0,20.0,159709.0,0.2886,0.2822,0.3042,0.2822,0.003539,-0.4011,0.4204,0.01,-0.0008,-0.0084,0.245,-0.00010800000000000001,12.63,-5.06,
2026-07-10,ETF,深证100ETF易方达期权_.xls,深证100ETF易方达,深证100ETF购12月3900,90007397,,12月,3900.0,3.9,call,0.2816,0.2507,0.2552,1.0,1.0,63.0,186.0,-5.0,179448.0,0.2945,0.2941,0.3001,0.2718,0.002627,0.5473,0.5804,0.0103,-0.001,0.0083,0.3148,-0.000151,13.64,7.47,
2026-07-10,ETF,深证100ETF易方达期权_.xls,深证100ETF易方达,深证100ETF沽12月3900,90007406,,12月,3900.0,3.9,put,0.3629,0.3788,0.3856,1.0,1.0,60.0,154.0,9.0,210472.0,0.3385,0.3335,0.3634,0.3335,0.003618,-0.4427,0.42,0.0103,-0.0009,-0.0094,0.2943,0.000151,10.58,-4.69,
2026-07-10,ETF,深证100ETF易方达期权_.xls,深证100ETF易方达,深证100ETF购12月4000,90007398,,12月,4000.0,4.0,call,0.2233,0.2139,0.2169,1.0,1.0,157.0,310.0,66.0,379006.0,0.2633,0.2739,0.2739,0.2233,0.002489,0.4862,0.6167,0.0104,-0.001,0.0075,0.2711,-0.000397,17.2,8.36,
2026-07-10,ETF,深证100ETF易方达期权_.xls,深证100ETF易方达,深证100ETF沽12月4000,90007407,,12月,4000.0,4.0,put,0.41,0.4372,0.4477,1.0,1.0,39.0,122.0,38.0,154774.0,0.3942,0.3929,0.41,0.3929,0.003542,-0.4855,0.4332,0.0104,-0.0008,-0.0104,0.3486,0.000397,9.37,-4.55,
2026-07-10,ETF,深证100ETF易方达期权_.xls,深证100ETF易方达,深证100ETF购12月4100,90007399,,12月,4100.0,4.1,call,0.1939,0.1816,0.1832,1.0,1.0,426.0,224.0,31.0,849484.0,0.2138,0.2257,0.2257,0.1862,0.002576,0.4328,0.5877,0.0102,-0.001,0.0067,0.2323,-0.0006320000000000001,19.81,8.57,
2026-07-10,ETF,深证100ETF易方达期权_.xls,深证100ETF易方达,深证100ETF沽12月4100,90007408,,12月,4100.0,4.1,put,0.4652,0.501,0.514,1.0,1.0,29.0,127.0,15.0,134796.0,0.4558,0.4549,0.4654,0.4549,0.003507,-0.5278,0.4368,0.0103,-0.0008,-0.0114,0.4077,0.0006320000000000001,8.26,-4.36,
2026-07-10,ETF,深证100ETF易方达期权_.xls,深证100ETF易方达,深证100ETF购12月4200,90007400,,12月,4200.0,4.2,call,0.1589,0.1535,0.1542,1.0,1.0,116.0,181.0,23.0,201096.0,0.1904,0.1932,0.1932,0.1589,0.002559,0.378,0.5718,0.0099,-0.0009,0.0059,0.1979,-0.0008550000000000001,24.17,9.14,
2026-07-10,ETF,深证100ETF易方达期权_.xls,深证100ETF易方达,深证100ETF沽12月4200,90007409,,12月,4200.0,4.2,put,,0.5689,0.5844,1.0,1.0,0.0,186.0,0.0,0.0,0.5241,,,,0.0039829999999999996,-0.548,0.3827,0.0103,-0.0009,-0.0123,0.4713,0.0008550000000000001,,,
2026-07-10,ETF,深证100ETF易方达期权_.xls,深证100ETF易方达,深证100ETF购12月4300,90007401,,12月,4300.0,4.3,call,0.1293,0.1274,0.1419,1.0,1.0,35.0,201.0,21.0,59173.0,0.1604,0.1744,0.1744,0.1293,0.002546,0.3265,0.545,0.0094,-0.0009,0.0051,0.1678,-0.001067,29.71,9.7,
2026-07-10,ETF,深证100ETF易方达期权_.xls,深证100ETF易方达,深证100ETF沽12月4300,90007410,,12月,4300.0,4.3,put,0.5981,0.6406,0.6588,1.0,1.0,6.0,82.0,0.0,35883.0,0.5946,0.6135,0.6135,0.5826,0.0035470000000000002,-0.6044,0.418,0.01,-0.0007,-0.0134,0.5392,0.001067,6.42,-3.88,
2026-07-10,ETF,深证100ETF易方达期权_.xls,深证100ETF易方达,深证100ETF购12月4400,90007497,,12月,4400.0,4.4,call,0.1085,0.1071,0.1178,1.0,1.0,57.0,228.0,0.0,76090.0,0.1349,0.1333,0.1395,0.1085,0.0025840000000000004,0.2836,0.5046,0.0088,-0.0008,0.0045,0.1416,-0.00127,35.4,10.04,
2026-07-10,ETF,深证100ETF易方达期权_.xls,深证100ETF易方达,深证100ETF沽12月4400,90007498,,12月,4400.0,4.4,put,,0.7166,0.737,1.0,1.0,0.0,62.0,0.0,0.0,0.6685,,,,0.0041470000000000005,-0.6067,0.357,0.01,-0.0009,-0.014,0.6109,0.00127,,,
2026-07-10,ETF,深证100ETF易方达期权_.xls,深证100ETF易方达,深证100ETF购12月4500,90007521,,12月,4500.0,4.5,call,0.0908,0.0899,0.0988,1.0,1.0,22.0,445.0,3.0,25085.0,0.1125,0.1117,0.1187,0.0908,0.0026170000000000004,0.2452,0.4625,0.0082,-0.0007,0.0039,0.1189,-0.001464,42.3,10.37,
2026-07-10,ETF,深证100ETF易方达期权_.xls,深证100ETF易方达,深证100ETF沽12月4500,90007522,,12月,4500.0,4.5,put,0.7804,0.7948,0.8188,1.0,1.0,36.0,387.0,0.0,280926.0,0.7458,0.7937,0.7937,0.767,0.0039689999999999994,-0.6476,0.3601,0.0096,-0.0007,-0.015,0.6862,0.001464,4.92,-3.19,
2026-07-10,ETF,深证100ETF易方达期权_.xls,深证100ETF易方达,深证100ETF购12月4600,90007667,,12月,4600.0,4.6,call,0.076,0.0756,0.0827,1.0,1.0,129.0,232.0,86.0,123445.0,0.0921,0.0921,0.1066,0.076,0.002651,0.2115,0.4202,0.0075,-0.0007,0.0034,0.0994,-0.00165,50.54,10.69,
2026-07-10,ETF,深证100ETF易方达期权_.xls,深证100ETF易方达,深证100ETF沽12月4600,90007668,,12月,4600.0,4.6,put,0.8612,0.8747,0.9029,1.0,1.0,118.0,25.0,4.0,1016216.0,0.8264,0.8758,0.8758,0.8466,0.004043,-0.6727,0.3436,0.0094,-0.0007,-0.0158,0.7647,0.00165,4.46,-3.0,
2026-07-10,ETF,科创50ETF易方达期权_.xls,科创50ETF易方达,科创板50购7月1450,10011813,,7月,1450.0,1.45,call,0.69,0.667,0.6804,1.0,1.0,21.0,504.0,-8.0,164285.0,0.809,0.823,0.8291,0.69,1e-06,0.9992,0.0097,0.0,-0.0002,0.0005,0.6934,0.004765999999999999,3.1,3.1,
2026-07-10,ETF,科创50ETF易方达期权_.xls,科创50ETF易方达,科创板50沽7月1450,10011814,,7月,1450.0,1.45,put,0.0005,0.0003,0.0009,45.0,1.0,825.0,8108.0,-28.0,1942.0,0.0002,0.0004,0.0005,0.0001,0.008203,-0.0046,0.0404,0.0001,-0.0002,-0.0,0.0001,-0.004765999999999999,4282.0,-19.67,
2026-07-10,ETF,科创50ETF易方达期权_.xls,科创50ETF易方达,科创板50购7月1500,10011791,,7月,1500.0,1.5,call,0.6491,0.6174,0.6305,1.0,1.0,4.0,356.0,3.0,27273.0,0.759,0.78,0.78,0.6491,0.010754000000000001,0.9687,0.162,0.0003,-0.0014,0.0005,0.6436,0.004273,3.3,3.2,
2026-07-10,ETF,科创50ETF易方达期权_.xls,科创50ETF易方达,科创板50沽7月1500,10011793,,7月,1500.0,1.5,put,0.0009,0.0005,0.001,99.0,1.0,506.0,6413.0,50.0,2358.0,0.0005,0.0005,0.0009,0.0002,0.008107,-0.0079,0.0663,0.0001,-0.0003,-0.0,0.0001,-0.004273,2378.89,-18.85,
2026-07-10,ETF,科创50ETF易方达期权_.xls,科创50ETF易方达,科创板50购7月1550,10011792,,7月,1550.0,1.55,call,0.6549,0.5679,0.5808,1.0,1.0,15.0,412.0,-2.0,107626.0,0.709,0.7352,0.7489,0.6549,0.018678999999999998,0.8637,0.2896,0.0009,-0.0065,0.0004,0.5938,0.0038130000000000004,3.27,2.82,
2026-07-10,ETF,科创50ETF易方达期权_.xls,科创50ETF易方达,科创板50沽7月1550,10011794,,7月,1550.0,1.55,put,0.0009,0.0004,0.0015,145.0,1.0,884.0,3634.0,140.0,4845.0,0.0008,0.0005,0.0009,0.0004,0.007437999999999999,-0.0086,0.0777,0.0001,-0.0003,-0.0,0.0004,-0.0038130000000000004,2378.89,-20.44,
2026-07-10,ETF,科创50ETF易方达期权_.xls,科创50ETF易方达,科创板50购7月1600,10011779,,7月,1600.0,1.6,call,0.6108,0.5182,0.5308,1.0,1.0,44.0,872.0,-13.0,287690.0,0.659,0.6882,0.7033,0.6108,0.018025,0.8487,0.3219,0.0009,-0.0067,0.0004,0.5443,0.0033810000000000003,3.51,2.98,
2026-07-10,ETF,科创50ETF易方达期权_.xls,科创50ETF易方达,科创板50沽7月1600,10011780,,7月,1600.0,1.6,put,0.001,0.0007,0.001,2.0,39.0,3703.0,6658.0,-1228.0,24040.0,0.0008,0.0007,0.001,0.0005,0.006881000000000001,-0.0102,0.0972,0.0001,-0.0003,-0.0,0.0008,-0.0033810000000000003,2141.0,-21.76,
2026-07-10,ETF,科创50ETF易方达期权_.xls,科创50ETF易方达,科创板50购7月1650,10011753,,7月,1650.0,1.65,call,0.6108,0.4678,0.4802,1.0,1.0,26.0,1227.0,16.0,160691.0,0.609,0.6479,0.6479,0.6108,0.021438000000000002,0.8024,0.3209,0.0011,-0.0094,0.0004,0.4952,0.0029760000000000003,3.51,2.81,
2026-07-10,ETF,科创50ETF易方达期权_.xls,科创50ETF易方达,科创板50沽7月1650,10011762,,7月,1650.0,1.65,put,0.0018,0.0013,0.0018,1.0,1.0,1163.0,7540.0,510.0,13319.0,0.0014,0.0008,0.0018,0.0006,0.0067870000000000005,-0.0174,0.1569,0.0002,-0.0004,-0.0,0.0016,-0.0029760000000000003,1189.44,-20.72,
2026-07-10,ETF,科创50ETF易方达期权_.xls,科创50ETF易方达,科创板50购7月1700,10011754,,7月,1700.0,1.7,call,0.4346,0.42,0.4309,1.0,1.0,87.0,918.0,36.0,480142.0,0.559,0.5871,0.5976,0.4346,1e-06,0.9718,0.2398,0.0003,-0.0009,0.0006,0.4468,0.0025940000000000004,4.93,4.79,
2026-07-10,ETF,科创50ETF易方达期权_.xls,科创50ETF易方达,科创板50沽7月1700,10011763,,7月,1700.0,1.7,put,0.0024,0.0021,0.0024,1.0,9.0,2002.0,5740.0,291.0,26432.0,0.0019,0.0011,0.0024,0.001,0.006402,-0.0237,0.2161,0.0002,-0.0005,-0.0,0.0031,-0.0025940000000000004,892.08,-21.15,
2026-07-10,ETF,科创50ETF易方达期权_.xls,科创50ETF易方达,科创板50购7月1750,10011755,,7月,1750.0,1.75,call,0.381,0.37,0.3815,1.0,1.0,485.0,1340.0,-17.0,2459657.0,0.509,0.5158,0.5402,0.381,1e-06,0.9533,0.3624,0.0004,-0.0012,0.0006,0.3993,0.002234,5.62,5.36,
2026-07-10,ETF,科创50ETF易方达期权_.xls,科创50ETF易方达,科创板50沽7月1750,10011764,,7月,1750.0,1.75,put,0.0038,0.0037,0.0038,1.0,5.0,5083.0,7582.0,1529.0,114481.0,0.0027,0.0018,0.0038,0.0015,0.006208,-0.0365,0.3185,0.0003,-0.0008,-0.0,0.0055,-0.002234,563.42,-20.54,
2026-07-10,ETF,科创50ETF易方达期权_.xls,科创50ETF易方达,科创板50购7月1800,10011756,,7月,1800.0,1.8,call,0.3289,0.3289,0.3334,5.0,1.0,251.0,2254.0,42.0,1008497.0,0.459,0.4644,0.4985,0.3289,1e-06,0.927,0.5145,0.0006,-0.0016,0.0006,0.3531,0.001894,6.51,6.03,
2026-07-10,ETF,科创50ETF易方达期权_.xls,科创50ETF易方达,科创板50沽7月1800,10011765,,7月,1800.0,1.8,put,0.0059,0.0057,0.006,1.0,1.0,15285.0,11720.0,-1677.0,501136.0,0.0042,0.0038,0.0059,0.0021,0.006012,-0.0548,0.4567,0.0004,-0.001,-0.0,0.0092,-0.001894,362.88,-19.89,
2026-07-10,ETF,科创50ETF易方达期权_.xls,科创50ETF易方达,科创板50购7月1850,10011757,,7月,1850.0,1.85,call,0.2944,0.2765,0.286,1.0,1.0,245.0,1374.0,30.0,941191.0,0.409,0.4089,0.4531,0.2944,0.0033729999999999997,0.9907,0.1843,0.0001,-0.0004,0.0007,0.3088,0.001573,7.27,7.2,
2026-07-10,ETF,科创50ETF易方达期权_.xls,科创50ETF易方达,科创板50沽7月1850,10011766,,7月,1850.0,1.85,put,0.0076,0.0072,0.0076,2.0,586.0,7848.0,7724.0,883.0,434714.0,0.0057,0.0055,0.0087,0.0036,0.005575,-0.0726,0.6133,0.0006,-0.0012,-0.0001,0.0148,-0.001573,281.71,-20.46,
2026-07-10,ETF,科创50ETF易方达期权_.xls,科创50ETF易方达,科创板50购7月1900,10011758,,7月,1900.0,1.9,call,0.254,0.2332,0.2412,1.0,1.0,316.0,1207.0,35.0,1046777.0,0.359,0.3799,0.4082,0.25,0.005143999999999999,0.9024,0.8297,0.0007,-0.0016,0.0006,0.2667,0.001268,8.43,7.61,
2026-07-10,ETF,科创50ETF易方达期权_.xls,科创50ETF易方达,科创板50沽7月1900,10011767,,7月,1900.0,1.9,put,0.013,0.013,0.0136,105.0,1.0,16590.0,13962.0,2325.0,1257675.0,0.0088,0.0074,0.0136,0.0053,0.005556,-0.1138,0.8581,0.0008,-0.0016,-0.0001,0.0227,-0.001268,164.69,-18.74,
2026-07-10,ETF,科创50ETF易方达期权_.xls,科创50ETF易方达,科创板50购7月1950,10011759,,7月,1950.0,1.95,call,0.1978,0.1978,0.1986,1.0,1.0,408.0,2245.0,87.0,1160646.0,0.309,0.3174,0.355,0.1978,0.0033350000000000003,0.9384,0.9022,0.0005,-0.0009,0.0006,0.2275,0.0009789999999999998,10.82,10.16,
2026-07-10,ETF,科创50ETF易方达期权_.xls,科创50ETF易方达,科创板50沽7月1950,10011768,,7月,1950.0,1.95,put,0.0209,0.0209,0.0211,34.0,5.0,19163.0,17220.0,5663.0,2317988.0,0.0123,0.0117,0.0216,0.0077,0.005524,-0.1676,1.1233,0.001,-0.0021,-0.0001,0.0334,-0.0009789999999999998,102.44,-17.16,
2026-07-10,ETF,科创50ETF易方达期权_.xls,科创50ETF易方达,科创板50购7月2000,10011760,,7月,2000.0,2.0,call,0.1533,0.1556,0.1592,1.0,1.0,3769.0,4294.0,-592.0,8453225.0,0.259,0.273,0.3158,0.1533,0.0033710000000000003,0.8703,1.5506,0.0009,-0.0013,0.0006,0.1914,0.0007049999999999999,13.97,12.15,
2026-07-10,ETF,科创50ETF易方达期权_.xls,科创50ETF易方达,科创板50沽7月2000,10011769,,7月,2000.0,2.0,put,0.0325,0.0325,0.0327,39.0,1.0,19952.0,12532.0,338.0,3723467.0,0.0193,0.0173,0.033,0.0131,0.005528999999999999,-0.2356,1.3775,0.0012,-0.0026,-0.0002,0.0472,-0.0007049999999999999,65.88,-15.52,
2026-07-10,ETF,科创50ETF易方达期权_.xls,科创50ETF易方达,科创板50购7月2050,10011761,,7月,2050.0,2.05,call,0.1215,0.1215,0.1216,16.0,5.0,9075.0,6512.0,-747.0,17080139.0,0.2198,0.234,0.2718,0.1215,0.004032,0.7356,2.0081,0.0013,-0.0022,0.0005,0.1589,0.000444,17.62,12.96,
2026-07-10,ETF,科创50ETF易方达期权_.xls,科创50ETF易方达,科创板50沽7月2050,10011770,,7月,2050.0,2.05,put,0.049,0.0486,0.049,1.0,2.0,15831.0,8049.0,2151.0,4490292.0,0.0289,0.0261,0.0491,0.0204,0.005600999999999999,-0.316,1.5718,0.0014,-0.003,-0.0003,0.0646,-0.000444,43.69,-13.81,
2026-07-10,ETF,科创50ETF易方达期权_.xls,科创50ETF易方达,科创板50购7月2100,10011775,,7月,2100.0,2.1,call,0.0965,0.0965,0.097,57.0,2.0,16284.0,9975.0,676.0,27326419.0,0.1847,0.1919,0.2327,0.0958,0.004525,0.6133,2.0935,0.0015,-0.0028,0.0004,0.13,0.000195,22.19,13.61,
2026-07-10,ETF,科创50ETF易方达期权_.xls,科创50ETF易方达,科创板50沽7月2100,10011776,,7月,2100.0,2.1,put,0.0704,0.0704,0.0709,2.0,1.0,26415.0,11205.0,3799.0,11253721.0,0.0405,0.0371,0.0716,0.0306,0.005699000000000001,-0.4019,1.6799,0.0016,-0.0033,-0.0003,0.0856,-0.000195,30.41,-12.22,
2026-07-10,ETF,科创50ETF易方达期权_.xls,科创50ETF易方达,科创板50购7月2150,10011817,,7月,2150.0,2.15,call,0.0737,0.0737,0.0742,41.0,4.0,22952.0,8305.0,864.0,33697690.0,0.1518,0.1623,0.196,0.0719,0.004738,0.5063,2.0836,0.0016,-0.0031,0.0004,0.1048,-4.2e-05,29.05,14.71,
2026-07-10,ETF,科创50ETF易方达期权_.xls,科创50ETF易方达,科创板50沽7月2150,10011818,,7月,2150.0,2.15,put,0.1,0.0982,0.1,5.0,54.0,23000.0,7575.0,2407.0,14346244.0,0.0586,0.056,0.1,0.0445,0.006025,-0.4864,1.6378,0.0016,-0.0036,-0.0004,0.1104,4.2e-05,21.41,-10.41,
2026-07-10,ETF,科创50ETF易方达期权_.xls,科创50ETF易方达,科创板50购7月2200,10011833,,7月,2200.0,2.2,call,0.0555,0.0555,0.0559,42.0,1.0,34019.0,13125.0,1581.0,37931733.0,0.1225,0.1326,0.1642,0.0546,0.004914,0.4092,1.957,0.0016,-0.0031,0.0003,0.0833,-0.000268,38.58,15.79,
2026-07-10,ETF,科创50ETF易方达期权_.xls,科创50ETF易方达,科创板50沽7月2200,10011834,,7月,2200.0,2.2,put,0.1334,0.133,0.1334,2.0,5.0,25517.0,6844.0,2922.0,22259373.0,0.0813,0.0739,0.1334,0.0627,0.006331,-0.5613,1.5411,0.0016,-0.0037,-0.0005,0.1388,0.000268,16.05,-9.01,
2026-07-10,ETF,科创50ETF易方达期权_.xls,科创50ETF易方达,科创板50购7月2250,10011845,,7月,2250.0,2.25,call,0.0423,0.0423,0.0426,36.0,1.0,37083.0,13066.0,5597.0,35459644.0,0.099,0.1075,0.1357,0.0413,0.005135999999999999,0.3273,1.7393,0.0015,-0.003,0.0002,0.0653,-0.000484,50.61,16.57,
2026-07-10,ETF,科创50ETF易方达期权_.xls,科创50ETF易方达,科创板50沽7月2250,10011846,,7月,2250.0,2.25,put,0.1671,0.167,0.1692,1.0,1.0,19180.0,6162.0,3803.0,20569465.0,0.11,0.0988,0.1692,0.0842,0.0064340000000000005,-0.6312,1.4508,0.0015,-0.0036,-0.0005,0.1707,0.000484,12.81,-8.09,
2026-07-10,ETF,科创50ETF易方达期权_.xls,科创50ETF易方达,科创板50购7月2300,10011959,,7月,2300.0,2.3,call,0.0322,0.0321,0.0322,1.0,23.0,50339.0,15672.0,5687.0,41621030.0,0.0812,0.085,0.112,0.0318,0.004887,0.2379,1.5666,0.0012,-0.0024,0.0002,0.0505,-0.000691,66.49,15.82,
2026-07-10,ETF,科创50ETF易方达期权_.xls,科创50ETF易方达,科创板50沽7月2300,10011960,,7月,2300.0,2.3,put,0.2072,0.2044,0.2111,1.0,1.0,13392.0,4166.0,3296.0,17892284.0,0.1361,0.1282,0.2085,0.111,0.007184,-0.6732,1.2427,0.0015,-0.0038,-0.0006,0.2058,0.000691,10.33,-6.96,
2026-07-10,ETF,科创50ETF易方达期权_.xls,科创50ETF易方达,科创板50购7月2350,10011979,,7月,2350.0,2.35,call,0.0249,0.0246,0.0249,60.0,1.0,38594.0,10743.0,4114.0,24293224.0,0.0665,0.0714,0.0922,0.0246,0.005128000000000001,0.1847,1.2871,0.0011,-0.0022,0.0001,0.0384,-0.000889,85.98,15.88,
2026-07-10,ETF,科创50ETF易方达期权_.xls,科创50ETF易方达,科创板50沽7月2350,10011981,,7月,2350.0,2.35,put,0.2496,0.2496,0.2539,1.0,1.0,4637.0,3183.0,1831.0,7796246.0,0.1697,0.1616,0.2496,0.1403,0.0073560000000000006,-0.7224,1.1279,0.0014,-0.0036,-0.0006,0.2437,0.000889,8.58,-6.2,
2026-07-10,ETF,科创50ETF易方达期权_.xls,科创50ETF易方达,科创板50购7月2400,10011980,,7月,2400.0,2.4,call,0.0189,0.0187,0.0189,5.0,40.0,27857.0,11074.0,3107.0,14203699.0,0.0525,0.056,0.0756,0.0189,0.005385,0.1453,1.0487,0.0009,-0.0019,0.0001,0.0289,-0.0010789999999999999,113.28,16.45,
2026-07-10,ETF,科创50ETF易方达期权_.xls,科创50ETF易方达,科创板50沽7月2400,10011982,,7月,2400.0,2.4,put,0.2927,0.2903,0.3002,1.0,1.0,1054.0,2713.0,215.0,2301414.0,0.2071,0.1983,0.2947,0.1737,0.0077659999999999995,-0.7565,0.9986,0.0013,-0.0035,-0.0007,0.284,0.0010789999999999999,7.31,-5.53,
2026-07-10,ETF,科创50ETF易方达期权_.xls,科创50ETF易方达,科创板50购7月2450,10012019,,7月,2450.0,2.45,call,0.0147,0.0147,0.015,34.0,100.0,58191.0,28633.0,13388.0,21530353.0,0.0429,0.0458,0.0621,0.0145,0.005600999999999999,0.1136,0.8504,0.0008,-0.0017,0.0001,0.0214,-0.001261,145.65,16.55,
2026-07-10,ETF,科创50ETF易方达期权_.xls,科创50ETF易方达,科创板50沽7月2450,10012020,,7月,2450.0,2.45,put,0.3419,0.3356,0.3456,1.0,1.0,192.0,339.0,92.0,499108.0,0.2476,0.2378,0.3419,0.2093,0.008236,-0.7821,0.8848,0.0012,-0.0035,-0.0007,0.3265,0.001261,6.26,-4.9,
2026-07-10,ETF,科创50ETF易方达期权_.xls,科创50ETF易方达,科创板50购8月1850,10011923,,8月,1850.0,1.85,call,0.3334,0.3013,0.3137,1.0,1.0,38.0,459.0,20.0,145211.0,0.409,0.4279,0.4445,0.3282,0.004546,0.8424,0.6825,0.0019,-0.0011,0.0019,0.3754,0.001573,6.42,5.41,
2026-07-10,ETF,科创50ETF易方达期权_.xls,科创50ETF易方达,科创板50沽8月1850,10011932,,8月,1850.0,1.85,put,0.0554,0.0544,0.0554,1.0,4.0,5531.0,6261.0,2057.0,2418781.0,0.0444,0.0415,0.0562,0.0376,0.005718,-0.2014,0.6332,0.0022,-0.0012,-0.0006,0.0735,-0.001573,38.65,-7.78,
2026-07-10,ETF,科创50ETF易方达期权_.xls,科创50ETF易方达,科创板50购8月1900,10011924,,8月,1900.0,1.9,call,0.28,0.2673,0.2788,1.0,1.0,343.0,332.0,153.0,1256912.0,0.3708,0.4023,0.4235,0.28,0.0038250000000000003,0.8347,0.8368,0.0019,-0.001,0.002,0.3416,0.001268,7.65,6.38,
2026-07-10,ETF,科创50ETF易方达期权_.xls,科创50ETF易方达,科创板50沽8月1900,10011933,,8月,1900.0,1.9,put,0.0707,0.0707,0.0708,89.0,2.0,2690.0,2324.0,270.0,1426891.0,0.0562,0.0532,0.0707,0.048,0.005763000000000001,-0.2406,0.6958,0.0024,-0.0014,-0.0008,0.0894,-0.001268,30.28,-7.29,
2026-07-10,ETF,科创50ETF易方达期权_.xls,科创50ETF易方达,科创板50购8月1950,10011925,,8月,1950.0,1.95,call,0.2478,0.2361,0.2469,1.0,1.0,101.0,470.0,31.0,339237.0,0.3377,0.3792,0.3816,0.2478,0.0040880000000000005,0.7717,0.9528,0.0023,-0.0012,0.0018,0.3098,0.0009789999999999998,8.64,6.67,
2026-07-10,ETF,科创50ETF易方达期权_.xls,科创50ETF易方达,科创板50沽8月1950,10011934,,8月,1950.0,1.95,put,0.089,0.086,0.0889,1.0,31.0,1038.0,1079.0,192.0,721451.0,0.0697,0.0665,0.0892,0.0615,0.005829999999999999,-0.2824,0.7468,0.0026,-0.0015,-0.0009,0.1073,-0.0009789999999999998,24.06,-6.79,
2026-07-10,ETF,科创50ETF易方达期权_.xls,科创50ETF易方达,科创板50购8月2000,10011926,,8月,2000.0,2.0,call,0.214,0.2076,0.2175,1.0,1.0,172.0,852.0,113.0,512021.0,0.2987,0.3156,0.3573,0.214,0.004116,0.7159,1.0608,0.0026,-0.0013,0.0017,0.2801,0.0007049999999999999,10.0,7.16,
2026-07-10,ETF,科创50ETF易方达期权_.xls,科创50ETF易方达,科创板50沽8月2000,10011935,,8月,2000.0,2.0,put,0.1098,0.1085,0.11,4.0,1.0,1071.0,2441.0,377.0,932843.0,0.0857,0.082,0.1098,0.0759,0.005897,-0.3252,0.7863,0.0028,-0.0016,-0.0011,0.1273,-0.0007049999999999999,19.5,-6.34,
2026-07-10,ETF,科创50ETF易方达期权_.xls,科创50ETF易方达,科创板50购8月2050,10011927,,8月,2050.0,2.05,call,0.1877,0.1822,0.1908,1.0,1.0,206.0,662.0,64.0,513976.0,0.2705,0.2813,0.3134,0.1871,0.004295,0.6535,1.1066,0.0029,-0.0014,0.0016,0.2524,0.000444,11.41,7.45,
2026-07-10,ETF,科创50ETF易方达期权_.xls,科创50ETF易方达,科创板50沽8月2050,10011936,,8月,2050.0,2.05,put,0.1335,0.1298,0.1335,1.0,4.0,1314.0,2248.0,561.0,1379101.0,0.1041,0.1,0.1335,0.093,0.00598,-0.3684,0.8121,0.0029,-0.0017,-0.0012,0.1493,-0.000444,16.04,-5.91,
2026-07-10,ETF,科创50ETF易方达期权_.xls,科创50ETF易方达,科创板50购8月2100,10011928,,8月,2100.0,2.1,call,0.1644,0.1603,0.1672,1.0,1.0,745.0,1207.0,-57.0,1694187.0,0.2423,0.2536,0.2901,0.1641,0.004452,0.5937,1.122,0.003,-0.0015,0.0015,0.2268,0.000195,13.02,7.73,
2026-07-10,ETF,科创50ETF易方达期权_.xls,科创50ETF易方达,科创板50沽8月2100,10011937,,8月,2100.0,2.1,put,0.16,0.156,0.16,1.0,4.0,1986.0,2377.0,404.0,2501395.0,0.126,0.1207,0.16,0.112,0.006076000000000001,-0.4111,0.8246,0.003,-0.0018,-0.0014,0.1734,-0.000195,13.38,-5.5,
2026-07-10,ETF,科创50ETF易方达期权_.xls,科创50ETF易方达,科创板50购8月2150,10011929,,8月,2150.0,2.15,call,0.1436,0.1408,0.1462,4.0,1.0,474.0,2078.0,211.0,968537.0,0.215,0.2258,0.2606,0.1436,0.004586,0.5373,1.1156,0.0031,-0.0016,0.0013,0.2032,-4.2e-05,14.91,8.01,
2026-07-10,ETF,科创50ETF易方达期权_.xls,科创50ETF易方达,科创板50沽8月2150,10011938,,8月,2150.0,2.15,put,0.1868,0.1859,0.19,1.0,2.0,1157.0,914.0,506.0,1881090.0,0.1516,0.1431,0.1888,0.1353,0.006108,-0.4528,0.8354,0.0031,-0.0018,-0.0015,0.1995,4.2e-05,11.46,-5.19,
2026-07-10,ETF,科创50ETF易方达期权_.xls,科创50ETF易方达,科创板50购8月2200,10011930,,8月,2200.0,2.2,call,0.1256,0.126,0.1278,30.0,1.0,675.0,1928.0,302.0,1220973.0,0.1936,0.202,0.2354,0.1256,0.004716,0.4845,1.0887,0.0031,-0.0016,0.0012,0.1815,-0.000268,17.05,8.26,
2026-07-10,ETF,科创50ETF易方达期权_.xls,科创50ETF易方达,科创板50沽8月2200,10011939,,8月,2200.0,2.2,put,0.22,0.2162,0.2251,1.0,1.0,1705.0,1447.0,376.0,3007721.0,0.1759,0.169,0.22,0.1581,0.006279,-0.4918,0.8182,0.0031,-0.0019,-0.0017,0.2275,0.000268,9.73,-4.79,
2026-07-10,ETF,科创50ETF易方达期权_.xls,科创50ETF易方达,科创板50购8月2250,10011931,,8月,2250.0,2.25,call,0.1098,0.1067,0.1117,1.0,1.0,2533.0,3223.0,1410.0,4158434.0,0.1742,0.1804,0.215,0.1094,0.004836,0.4358,1.0487,0.0031,-0.0016,0.0011,0.1616,-0.000484,19.5,8.5,
2026-07-10,ETF,科创50ETF易方达期权_.xls,科创50ETF易方达,科创板50沽8月2250,10011940,,8月,2250.0,2.25,put,0.2435,0.2507,0.2603,1.0,1.0,766.0,806.0,381.0,1537957.0,0.2069,0.1975,0.2435,0.186,0.006071999999999999,-0.5353,0.843,0.0031,-0.0018,-0.0018,0.2573,0.000484,8.79,-4.71,
2026-07-10,ETF,科创50ETF易方达期权_.xls,科创50ETF易方达,科创板50购8月2300,10011961,,8月,2300.0,2.3,call,0.0961,0.0947,0.0978,1.0,1.0,1826.0,3748.0,712.0,2794702.0,0.1534,0.1609,0.1958,0.0956,0.004715,0.3825,1.0422,0.003,-0.0015,0.001,0.1436,-0.000691,22.28,8.52,
2026-07-10,ETF,科创50ETF易方达期权_.xls,科创50ETF易方达,科创板50沽8月2300,10011962,,8月,2300.0,2.3,put,0.273,0.2859,0.2962,1.0,1.0,262.0,430.0,125.0,615971.0,0.2347,0.2266,0.273,0.2165,0.0067079999999999996,-0.559,0.7576,0.0031,-0.002,-0.002,0.289,0.000691,7.84,-4.38,
2026-07-10,ETF,科创50ETF易方达期权_.xls,科创50ETF易方达,科创板50购8月2350,10011983,,8月,2350.0,2.35,call,0.0839,0.0814,0.0853,1.0,1.0,1738.0,1742.0,232.0,2463454.0,0.1368,0.1422,0.1761,0.0839,0.004882999999999999,0.3431,0.9697,0.0029,-0.0015,0.0009,0.1272,-0.000889,25.52,8.76,
2026-07-10,ETF,科创50ETF易方达期权_.xls,科创50ETF易方达,科创板50沽8月2350,10011985,,8月,2350.0,2.35,put,0.3285,0.3228,0.3339,1.0,1.0,94.0,113.0,37.0,263747.0,0.2678,0.2521,0.3285,0.2521,0.006834,-0.5902,0.7326,0.003,-0.002,-0.0021,0.3223,0.000889,6.52,-3.85,
2026-07-10,ETF,科创50ETF易方达期权_.xls,科创50ETF易方达,科创板50购8月2400,10011984,,8月,2400.0,2.4,call,0.074,0.0729,0.0745,1.0,1.0,1831.0,2340.0,201.0,2283618.0,0.1213,0.1212,0.1602,0.0737,0.00503,0.3077,0.9004,0.0027,-0.0015,0.0008,0.1124,-0.0010789999999999999,28.93,8.9,
2026-07-10,ETF,科创50ETF易方达期权_.xls,科创50ETF易方达,科创板50沽8月2400,10011986,,8月,2400.0,2.4,put,0.353,0.3618,0.3735,1.0,1.0,33.0,271.0,9.0,98153.0,0.3047,0.2883,0.353,0.2801,0.00716,-0.613,0.6887,0.003,-0.002,-0.0022,0.3572,0.0010789999999999999,6.07,-3.72,
2026-07-10,ETF,科创50ETF易方达期权_.xls,科创50ETF易方达,科创板50购8月2450,10012021,,8月,2450.0,2.45,call,0.0638,0.0638,0.0651,10.0,1.0,10534.0,6174.0,2024.0,11498227.0,0.1075,0.1098,0.145,0.0638,0.005159,0.2758,0.8342,0.0026,-0.0015,0.0007,0.0991,-0.001261,33.56,9.25,
2026-07-10,ETF,科创50ETF易方达期权_.xls,科创50ETF易方达,科创板50沽8月2450,10012022,,8月,2450.0,2.45,put,0.3937,0.4021,0.4144,1.0,1.0,25.0,79.0,18.0,83151.0,0.3424,0.3261,0.3937,0.3217,0.007079000000000001,-0.6457,0.6769,0.0029,-0.0019,-0.0024,0.3936,0.001261,5.44,-3.51,
2026-07-10,ETF,科创50ETF易方达期权_.xls,科创50ETF易方达,科创板50购9月1100,10011289,,9月,1100.0,1.1,call,1.0218,0.9693,0.9881,1.0,1.0,95.0,1001.0,55.0,1041020.0,1.159,1.1137,1.1427,1.0218,1e-06,0.9957,0.0218,0.0001,-0.0002,0.0022,1.0521,0.009464,2.1,2.09,
2026-07-10,ETF,科创50ETF易方达期权_.xls,科创50ETF易方达,科创板50沽9月1100,10011290,,9月,1100.0,1.1,put,0.0028,0.0028,0.0029,885.0,1995.0,31435.0,25194.0,901.0,827091.0,0.0027,0.0023,0.003,0.0023,0.006929000000000001,-0.0109,0.0424,0.0003,-0.0001,-0.0001,0.0008,-0.009464,764.64,-8.33,
2026-07-10,ETF,科创50ETF易方达期权_.xls,科创50ETF易方达,科创板50购9月1150,10011225,,9月,1150.0,1.15,call,0.9727,0.9202,0.9388,1.0,1.0,80.0,338.0,30.0,847730.0,1.109,1.0645,1.0933,0.9727,1e-06,0.9931,0.0331,0.0002,-0.0002,0.0023,1.0031,0.008617,2.2,2.19,
2026-07-10,ETF,科创50ETF易方达期权_.xls,科创50ETF易方达,科创板50沽9月1150,10011226,,9月,1150.0,1.15,put,0.0033,0.0029,0.0033,1.0,1.0,4568.0,15613.0,811.0,147531.0,0.0033,0.0027,0.0036,0.0027,0.0066749999999999995,-0.0131,0.0516,0.0003,-0.0001,-0.0001,0.0014,-0.008617,648.79,-8.49,
2026-07-10,ETF,科创50ETF易方达期权_.xls,科创50ETF易方达,科创板50购9月1200,10011207,,9月,1200.0,1.2,call,0.9322,0.88,0.8899,1.0,1.0,72.0,451.0,13.0,725288.0,1.059,1.02,1.0443,0.9322,1e-06,0.9894,0.0481,0.0003,-0.0003,0.0024,0.9545,0.007842,2.3,2.27,
2026-07-10,ETF,科创50ETF易方达期权_.xls,科创50ETF易方达,科创板50沽9月1200,10011208,,9月,1200.0,1.2,put,0.0042,0.0037,0.004,1.0,1.0,12384.0,12803.0,1624.0,466676.0,0.0039,0.0038,0.0044,0.0034,0.006509,-0.0166,0.065,0.0004,-0.0002,-0.0001,0.0023,-0.007842,509.76,-8.47,
2026-07-10,ETF,科创50ETF易方达期权_.xls,科创50ETF易方达,科创板50购9月1250,10011101,,9月,1250.0,1.25,call,0.8754,0.823,0.8411,1.0,1.0,81.0,312.0,29.0,775614.0,1.009,0.9672,0.9956,0.8754,1e-06,0.9844,0.0674,0.0004,-0.0003,0.0025,0.9062,0.007128,2.45,2.41,
2026-07-10,ETF,科创50ETF易方达期权_.xls,科创50ETF易方达,科创板50沽9月1250,10011102,,9月,1250.0,1.25,put,0.0053,0.0047,0.0056,2.0,1.0,3350.0,9174.0,645.0,160617.0,0.0052,0.0049,0.0055,0.0044,0.006347,-0.0209,0.0811,0.0005,-0.0002,-0.0001,0.0035,-0.007128,403.96,-8.45,
2026-07-10,ETF,科创50ETF易方达期权_.xls,科创50ETF易方达,科创板50购9月1300,10011097,,9月,1300.0,1.3,call,0.8067,0.7754,0.7932,1.0,1.0,77.0,342.0,21.0,702521.0,0.959,0.9191,0.9473,0.8067,1e-06,0.9778,0.0911,0.0005,-0.0004,0.0026,0.8584,0.006469,2.65,2.6,
2026-07-10,ETF,科创50ETF易方达期权_.xls,科创50ETF易方达,科创板50沽9月1300,10011098,,9月,1300.0,1.3,put,0.0071,0.0065,0.0077,2.0,3.0,385.0,4558.0,356.0,22925.0,0.0069,0.0062,0.0072,0.0057,0.006264,-0.0274,0.103,0.0006,-0.0002,-0.0001,0.0053,-0.006469,301.55,-8.25,
2026-07-10,ETF,科创50ETF易方达期权_.xls,科创50ETF易方达,科创板50购9月1350,10011075,,9月,1350.0,1.35,call,0.7583,0.7281,0.7454,1.0,1.0,58.0,506.0,24.0,497005.0,0.909,0.8888,0.903,0.7583,1e-06,0.9694,0.1193,0.0007,-0.0004,0.0026,0.8112,0.0058590000000000005,2.82,2.74,
2026-07-10,ETF,科创50ETF易方达期权_.xls,科创50ETF易方达,科创板50沽9月1350,10011076,,9月,1350.0,1.35,put,0.0095,0.0091,0.0095,1.0,7.0,1402.0,7667.0,447.0,113203.0,0.009,0.0087,0.0095,0.0074,0.0062,-0.0356,0.1292,0.0008,-0.0003,-0.0002,0.0076,-0.0058590000000000005,225.37,-8.01,
2026-07-10,ETF,科创50ETF易方达期权_.xls,科创50ETF易方达,科创板50购9月1400,10011043,,9月,1400.0,1.4,call,0.7523,0.6811,0.698,1.0,1.0,57.0,865.0,40.0,457082.0,0.859,0.8517,0.8547,0.7428,1e-06,0.9588,0.152,0.0009,-0.0005,0.0027,0.7648,0.005293,2.85,2.73,
2026-07-10,ETF,科创50ETF易方达期权_.xls,科创50ETF易方达,科创板50沽9月1400,10011052,,9月,1400.0,1.4,put,0.0117,0.0118,0.0127,1.0,1.0,1255.0,2592.0,525.0,127986.0,0.0114,0.0107,0.0117,0.0093,0.006049,-0.0436,0.1562,0.0009,-0.0003,-0.0002,0.0107,-0.005293,182.99,-7.97,
2026-07-10,ETF,科创50ETF易方达期权_.xls,科创50ETF易方达,科创板50购9月1450,10011044,,9月,1450.0,1.45,call,0.6566,0.6351,0.6518,1.0,1.0,109.0,918.0,20.0,847579.0,0.809,0.7777,0.8083,0.6565,1e-06,0.9461,0.1887,0.0011,-0.0006,0.0027,0.7193,0.004765999999999999,3.26,3.08,
2026-07-10,ETF,科创50ETF易方达期权_.xls,科创50ETF易方达,科创板50沽9月1450,10011053,,9月,1450.0,1.45,put,0.0153,0.0151,0.0155,1.0,2.0,656.0,1740.0,283.0,88075.0,0.0147,0.0141,0.0153,0.0121,0.005992000000000001,-0.0552,0.1906,0.0011,-0.0004,-0.0003,0.0147,-0.004765999999999999,139.93,-7.73,
2026-07-10,ETF,科创50ETF易方达期权_.xls,科创50ETF易方达,科创板50购9月1500,10011045,,9月,1500.0,1.5,call,0.6802,0.5902,0.6063,1.0,1.0,62.0,776.0,12.0,449951.0,0.759,0.7361,0.7583,0.6711,0.006336999999999999,0.9204,0.2393,0.0014,-0.0008,0.0027,0.6748,0.004273,3.15,2.9,
2026-07-10,ETF,科创50ETF易方达期权_.xls,科创50ETF易方达,科创板50沽9月1500,10011054,,9月,1500.0,1.5,put,0.0197,0.0194,0.0199,1.0,1.0,958.0,2364.0,492.0,165723.0,0.0186,0.018,0.0198,0.0154,0.005935,-0.0689,0.2288,0.0013,-0.0005,-0.0003,0.0198,-0.004273,108.68,-7.49,
2026-07-10,ETF,科创50ETF易方达期权_.xls,科创50ETF易方达,科创板50购9月1550,10011046,,9月,1550.0,1.55,call,0.6157,0.5464,0.562,1.0,1.0,56.0,1219.0,4.0,374914.0,0.709,0.6874,0.7131,0.6079,0.004713,0.9509,0.2209,0.001,-0.0005,0.003,0.6314,0.0038130000000000004,3.48,3.31,
2026-07-10,ETF,科创50ETF易方达期权_.xls,科创50ETF易方达,科创板50沽9月1550,10011055,,9月,1550.0,1.55,put,0.0248,0.0244,0.0264,1.0,1.0,3103.0,2441.0,738.0,669366.0,0.0236,0.0236,0.0248,0.0194,0.005864,-0.0844,0.2702,0.0015,-0.0006,-0.0004,0.026,-0.0038130000000000004,86.33,-7.29,
2026-07-10,ETF,科创50ETF易方达期权_.xls,科创50ETF易方达,科创板50购9月1600,10011047,,9月,1600.0,1.6,call,0.5191,0.5034,0.5187,1.0,1.0,86.0,922.0,17.0,542690.0,0.659,0.65,0.6686,0.5191,1e-06,0.8934,0.3168,0.0018,-0.0009,0.0028,0.5894,0.0033810000000000003,4.12,3.68,
2026-07-10,ETF,科创50ETF易方达期权_.xls,科创50ETF易方达,科创板50沽9月1600,10011056,,9月,1600.0,1.6,put,0.0319,0.032,0.0324,1.0,1.0,4468.0,3502.0,66.0,1198660.0,0.0296,0.028,0.0319,0.0245,0.0058530000000000006,-0.104,0.3158,0.0018,-0.0006,-0.0005,0.0334,-0.0033810000000000003,67.12,-6.98,
2026-07-10,ETF,科创50ETF易方达期权_.xls,科创50ETF易方达,科创板50购9月1650,10011048,,9月,1650.0,1.65,call,0.4906,0.4621,0.4767,1.0,1.0,44.0,2213.0,35.0,252822.0,0.609,0.625,0.6252,0.4906,1e-06,0.871,0.3626,0.0021,-0.001,0.0027,0.5487,0.0029760000000000003,4.36,3.8,
2026-07-10,ETF,科创50ETF易方达期权_.xls,科创50ETF易方达,科创板50沽9月1650,10011057,,9月,1650.0,1.65,put,0.0404,0.0409,0.0421,1.0,1.0,5572.0,3582.0,467.0,1904912.0,0.0364,0.0336,0.0404,0.0306,0.005844,-0.1261,0.3626,0.002,-0.0007,-0.0006,0.0424,-0.0029760000000000003,53.0,-6.68,
2026-07-10,ETF,科创50ETF易方达期权_.xls,科创50ETF易方达,科创板50购9月1700,10011049,,9月,1700.0,1.7,call,0.4477,0.4224,0.4365,1.0,1.0,71.0,3689.0,55.0,383151.0,0.559,0.583,0.583,0.4477,1e-06,0.8464,0.4082,0.0023,-0.0011,0.0027,0.5096,0.0025940000000000004,4.78,4.05,
2026-07-10,ETF,科创50ETF易方达期权_.xls,科创50ETF易方达,科创板50沽9月1700,10011058,,9月,1700.0,1.7,put,0.0506,0.0491,0.0527,1.0,1.0,3419.0,5746.0,408.0,1447025.0,0.045,0.0433,0.0506,0.0384,0.005845,-0.1507,0.4097,0.0023,-0.0008,-0.0008,0.0528,-0.0025940000000000004,42.31,-6.38,
2026-07-10,ETF,科创50ETF易方达期权_.xls,科创50ETF易方达,科创板50购9月1750,10011050,,9月,1750.0,1.75,call,0.4,0.3847,0.398,1.0,1.0,96.0,5136.0,34.0,471936.0,0.509,0.536,0.5521,0.4,1e-06,0.8197,0.4527,0.0026,-0.0012,0.0027,0.4722,0.002234,5.35,4.39,
2026-07-10,ETF,科创50ETF易方达期权_.xls,科创50ETF易方达,科创板50沽9月1750,10011059,,9月,1750.0,1.75,put,0.0624,0.0625,0.0649,1.0,1.0,4950.0,7964.0,600.0,2550008.0,0.055,0.0506,0.0624,0.0473,0.005845,-0.1776,0.4556,0.0025,-0.0009,-0.0009,0.0648,-0.002234,34.31,-6.09,
2026-07-10,ETF,科创50ETF易方达期权_.xls,科创50ETF易方达,科创板50购9月1800,10011051,,9月,1800.0,1.8,call,0.358,0.3495,0.3569,1.0,1.0,372.0,5652.0,33.0,1757877.0,0.459,0.4646,0.505,0.358,0.0015509999999999999,0.9956,0.0852,0.0001,-0.0002,0.0037,0.4364,0.001894,5.98,5.95,
2026-07-10,ETF,科创50ETF易方达期权_.xls,科创50ETF易方达,科创板50沽9月1800,10011060,,9月,1800.0,1.8,put,0.077,0.0736,0.0789,1.0,1.0,2093.0,5253.0,141.0,1330804.0,0.067,0.0616,0.077,0.0574,0.005884,-0.2075,0.4978,0.0028,-0.001,-0.0011,0.0786,-0.001894,27.81,-5.77,
2026-07-10,ETF,科创50ETF易方达期权_.xls,科创50ETF易方达,科创板50购9月1850,10011577,,9月,1850.0,1.85,call,0.325,0.3166,0.3285,1.0,1.0,99.0,1743.0,43.0,393017.0,0.4194,0.4424,0.4762,0.325,0.00297,0.8878,0.6574,0.0019,-0.0006,0.0033,0.4023,0.001573,6.59,5.85,
2026-07-10,ETF,科创50ETF易方达期权_.xls,科创50ETF易方达,科创板50沽9月1850,10011579,,9月,1850.0,1.85,put,0.0924,0.0893,0.095,1.0,1.0,1604.0,1583.0,-342.0,1230419.0,0.0803,0.0821,0.0924,0.0692,0.0058850000000000005,-0.2379,0.5381,0.003,-0.0011,-0.0013,0.0941,-0.001573,23.17,-5.51,
2026-07-10,ETF,科创50ETF易方达期权_.xls,科创50ETF易方达,科创板50购9月1900,10011578,,9月,1900.0,1.9,call,0.3,0.2857,0.2971,1.0,1.0,301.0,2744.0,98.0,1090944.0,0.3842,0.4184,0.4341,0.3,0.003622,0.8056,0.7776,0.0027,-0.0008,0.003,0.3701,0.001268,7.14,5.75,
2026-07-10,ETF,科创50ETF易方达期权_.xls,科创50ETF易方达,科创板50沽9月1900,10011580,,9月,1900.0,1.9,put,0.1111,0.1075,0.1136,1.0,1.0,1798.0,3710.0,-217.0,1613148.0,0.095,0.0929,0.1111,0.083,0.005932999999999999,-0.2706,0.5711,0.0032,-0.0012,-0.0014,0.1113,-0.001268,19.27,-5.21,
2026-07-10,ETF,科创50ETF易方达期权_.xls,科创50ETF易方达,科创板50购9月1950,10011613,,9月,1950.0,1.95,call,0.2639,0.2574,0.268,1.0,1.0,56.0,1018.0,33.0,175665.0,0.354,0.2478,0.3891,0.2478,0.003626,0.7593,0.8789,0.003,-0.0009,0.0028,0.3396,0.0009789999999999998,8.11,6.16,
2026-07-10,ETF,科创50ETF易方达期权_.xls,科创50ETF易方达,科创板50沽9月1950,10011614,,9月,1950.0,1.95,put,0.1279,0.1284,0.1351,1.0,1.0,891.0,1857.0,-145.0,956594.0,0.1135,0.1541,0.1541,0.0672,0.005866,-0.3022,0.6088,0.0034,-0.0012,-0.0016,0.1304,-0.0009789999999999998,16.74,-5.06,
2026-07-10,ETF,科创50ETF易方达期权_.xls,科创50ETF易方达,科创板50购9月2000,10011629,,9月,2000.0,2.0,call,0.2379,0.2346,0.2416,5.0,1.0,1349.0,1959.0,452.0,3668344.0,0.3242,0.3233,0.37,0.2371,0.003851,0.7016,0.922,0.0034,-0.001,0.0026,0.311,0.0007049999999999999,9.0,6.31,
2026-07-10,ETF,科创50ETF易方达期权_.xls,科创50ETF易方达,科创板50沽9月2000,10011630,,9月,2000.0,2.0,put,0.1548,0.1553,0.159,3.0,1.0,765.0,1896.0,101.0,1032783.0,0.1346,0.1184,0.1553,0.1183,0.006037,-0.3376,0.6195,0.0036,-0.0013,-0.0018,0.1513,-0.0007049999999999999,13.83,-4.67,
2026-07-10,ETF,科创50ETF易方达期权_.xls,科创50ETF易方达,科创板50购9月2050,10011653,,9月,2050.0,2.05,call,0.2137,0.208,0.2173,1.0,1.0,580.0,1020.0,285.0,1531406.0,0.2962,0.3182,0.3409,0.213,0.004019,0.6479,0.9455,0.0036,-0.0011,0.0024,0.2842,0.000444,10.02,6.49,
2026-07-10,ETF,科创50ETF易方达期权_.xls,科创50ETF易方达,科创板50沽9月2050,10011654,,9月,2050.0,2.05,put,0.1773,0.1774,0.185,1.0,1.0,571.0,825.0,58.0,861234.0,0.1565,0.1494,0.1773,0.1384,0.006028,-0.3709,0.6416,0.0037,-0.0013,-0.002,0.174,-0.000444,12.08,-4.48,
2026-07-10,ETF,科创50ETF易方达期权_.xls,科创50ETF易方达,科创板50购9月2100,10011673,,9月,2100.0,2.1,call,0.1918,0.1867,0.1954,1.0,1.0,2064.0,4330.0,249.0,5272375.0,0.27,0.2825,0.3181,0.1918,0.004162,0.5972,0.9518,0.0038,-0.0012,0.0023,0.2591,0.000195,11.16,6.67,
2026-07-10,ETF,科创50ETF易方达期权_.xls,科创50ETF易方达,科创板50沽9月2100,10011675,,9月,2100.0,2.1,put,0.2042,0.2054,0.2134,1.0,1.0,651.0,669.0,-11.0,1138626.0,0.1811,0.1673,0.2042,0.1628,0.00609,-0.4043,0.6511,0.0038,-0.0014,-0.0022,0.1985,-0.000195,10.48,-4.24,
2026-07-10,ETF,科创50ETF易方达期权_.xls,科创50ETF易方达,科创板50购9月2150,10011674,,9月,2150.0,2.15,call,0.1735,0.1676,0.1759,1.0,1.0,743.0,7604.0,35.0,1770289.0,0.2438,0.2763,0.2904,0.1735,0.004326,0.5497,0.9365,0.0039,-0.0012,0.0021,0.2358,-4.2e-05,12.34,6.78,
2026-07-10,ETF,科创50ETF易方达期权_.xls,科创50ETF易方达,科创板50沽9月2150,10011676,,9月,2150.0,2.15,put,0.2383,0.2353,0.244,1.0,1.0,603.0,1008.0,408.0,1181970.0,0.2058,0.1866,0.2383,0.1866,0.006293,-0.4358,0.6405,0.0038,-0.0014,-0.0024,0.2247,4.2e-05,8.98,-3.92,
2026-07-10,ETF,科创50ETF易方达期权_.xls,科创50ETF易方达,科创板50购9月2200,10011835,,9月,2200.0,2.2,call,0.1692,0.1497,0.1576,1.0,1.0,537.0,1469.0,65.0,1226379.0,0.2223,0.3176,0.3176,0.1501,0.004785,0.511,0.853,0.0039,-0.0013,0.0019,0.2141,-0.000268,12.65,6.47,
2026-07-10,ETF,科创50ETF易方达期权_.xls,科创50ETF易方达,科创板50沽9月2200,10011836,,9月,2200.0,2.2,put,0.2635,0.267,0.2762,1.0,1.0,450.0,541.0,277.0,1007603.0,0.2343,0.22,0.2635,0.2131,0.00622,-0.4685,0.6545,0.0039,-0.0014,-0.0026,0.2526,0.000268,8.13,-3.81,
2026-07-10,ETF,科创50ETF易方达期权_.xls,科创50ETF易方达,科创板50购9月2250,10011847,,9月,2250.0,2.25,call,0.1416,0.134,0.1424,1.0,2.0,306.0,942.0,124.0,615718.0,0.2017,0.2117,0.2409,0.1416,0.0045899999999999995,0.4651,0.8862,0.0039,-0.0013,0.0018,0.1941,-0.000484,15.12,7.03,
2026-07-10,ETF,科创50ETF易方达期权_.xls,科创50ETF易方达,科创板50沽9月2250,10011848,,9月,2250.0,2.25,put,0.3017,0.3017,0.3106,1.0,1.0,105.0,272.0,41.0,275736.0,0.2637,0.2525,0.3017,0.2445,0.006442,-0.496,0.6339,0.0039,-0.0015,-0.0028,0.2821,0.000484,7.1,-3.52,
2026-07-10,ETF,科创50ETF易方达期权_.xls,科创50ETF易方达,科创板50购9月2300,10011963,,9月,2300.0,2.3,call,0.1243,0.1202,0.1274,1.0,1.0,1998.0,1960.0,-57.0,3959275.0,0.1837,0.1988,0.228,0.1241,0.004547,0.4222,0.8809,0.0038,-0.0012,0.0016,0.1757,-0.000691,17.22,7.27,
2026-07-10,ETF,科创50ETF易方达期权_.xls,科创50ETF易方达,科创板50沽9月2300,10011964,,9月,2300.0,2.3,put,0.3254,0.3361,0.3467,1.0,1.0,38.0,170.0,21.0,111458.0,0.2964,0.275,0.3254,0.2743,0.006772,-0.5187,0.6023,0.0039,-0.0016,-0.003,0.3132,0.000691,6.58,-3.41,
2026-07-10,ETF,科创50ETF易方达期权_.xls,科创50ETF易方达,科创板50购9月2350,10011987,,9月,2350.0,2.35,call,0.1115,0.1078,0.1148,1.0,1.0,10962.0,2837.0,833.0,19066056.0,0.1682,0.18,0.2107,0.1115,0.004527000000000001,0.3812,0.8618,0.0037,-0.0012,0.0015,0.1587,-0.000889,19.2,7.32,
2026-07-10,ETF,科创50ETF易方达期权_.xls,科创50ETF易方达,科创板50沽9月2350,10011989,,9月,2350.0,2.35,put,0.343,0.3731,0.3843,1.0,1.0,0.0,59.0,0.0,0.0,0.3248,0.343,0.343,0.343,0.006965,-0.5417,0.5831,0.0039,-0.0016,-0.0032,0.3458,0.000889,6.24,-3.38,
2026-07-10,ETF,科创50ETF易方达期权_.xls,科创50ETF易方达,科创板50购9月2400,10011988,,9月,2400.0,2.4,call,0.1014,0.099,0.1036,1.0,1.0,11063.0,4023.0,1189.0,17136829.0,0.1524,0.162,0.1917,0.1014,0.004637,0.3484,0.8162,0.0036,-0.0012,0.0014,0.1431,-0.0010789999999999999,21.11,7.36,
2026-07-10,ETF,科创50ETF易方达期权_.xls,科创50ETF易方达,科创板50沽9月2400,10011990,,9月,2400.0,2.4,put,0.3802,0.4114,0.4232,1.0,1.0,11.0,237.0,2.0,40852.0,0.3593,0.3528,0.3802,0.3528,0.006744,-0.5741,0.595,0.0038,-0.0015,-0.0034,0.3797,0.0010789999999999999,5.63,-3.23,
2026-07-10,ETF,科创50ETF易方达期权_.xls,科创50ETF易方达,科创板50购9月2450,10012023,,9月,2450.0,2.45,call,0.09,0.0872,0.0935,1.0,1.0,28438.0,9318.0,2791.0,40441108.0,0.138,0.1449,0.1772,0.09,0.0047350000000000005,0.3183,0.7713,0.0035,-0.0012,0.0012,0.1289,-0.001261,23.79,7.57,
2026-07-10,ETF,科创50ETF易方达期权_.xls,科创50ETF易方达,科创板50沽9月2450,10012024,,9月,2450.0,2.45,put,0.4176,0.4508,0.4632,1.0,1.0,19.0,427.0,5.0,76366.0,0.3978,0.3785,0.4176,0.3785,0.006842,-0.5971,0.5791,0.0038,-0.0015,-0.0036,0.415,0.001261,5.13,-3.06,
2026-07-10,ETF,科创50ETF易方达期权_.xls,科创50ETF易方达,科创板50购12月1250,10011517,,12月,1250.0,1.25,call,0.8377,0.7817,0.8122,1.0,1.0,7.0,789.0,7.0,61177.0,1.009,0.88,0.88,0.8377,1e-06,0.9637,0.1081,0.0012,-0.0003,0.0052,0.9286,0.007128,2.56,2.46,
2026-07-10,ETF,科创50ETF易方达期权_.xls,科创50ETF易方达,科创板50沽12月1250,10011518,,12月,1250.0,1.25,put,0.0229,0.0219,0.0227,1.0,1.0,3616.0,5850.0,1474.0,753607.0,0.022,0.022,0.0239,0.0188,0.0058709999999999995,-0.0542,0.1293,0.0016,-0.0003,-0.0006,0.0121,-0.007128,93.49,-5.07,
2026-07-10,ETF,科创50ETF易方达期权_.xls,科创50ETF易方达,科创板50购12月1300,10011497,,12月,1300.0,1.3,call,0.8326,0.7379,0.7678,1.0,1.0,1.0,201.0,1.0,8326.0,0.959,0.8326,0.8326,0.8326,1e-06,0.9536,0.1317,0.0014,-0.0004,0.0053,0.8836,0.006469,2.57,2.45,
2026-07-10,ETF,科创50ETF易方达期权_.xls,科创50ETF易方达,科创板50沽12月1300,10011506,,12月,1300.0,1.3,put,0.0282,0.0274,0.029,1.0,1.0,2364.0,2433.0,853.0,603689.0,0.027,0.0254,0.0285,0.0231,0.005831,-0.065,0.1501,0.0018,-0.0003,-0.0008,0.0162,-0.006469,75.92,-4.93,
2026-07-10,ETF,科创50ETF易方达期权_.xls,科创50ETF易方达,科创板50购12月1350,10011498,,12月,1350.0,1.35,call,0.7639,0.6955,0.7246,1.0,1.0,0.0,224.0,0.0,0.0,0.909,0.7639,0.7639,0.7639,1e-06,0.942,0.1575,0.0017,-0.0004,0.0054,0.8396,0.0058590000000000005,2.8,2.64,
2026-07-10,ETF,科创50ETF易方达期权_.xls,科创50ETF易方达,科创板50沽12月1350,10011507,,12月,1350.0,1.35,put,0.0349,0.0333,0.0351,1.0,1.0,2209.0,1482.0,327.0,697372.0,0.0329,0.0304,0.0349,0.0281,0.0058189999999999995,-0.0777,0.1725,0.0021,-0.0003,-0.0009,0.0211,-0.0058590000000000005,61.35,-4.77,
2026-07-10,ETF,科创50ETF易方达期权_.xls,科创50ETF易方达,科创板50购12月1400,10011499,,12月,1400.0,1.4,call,0.731,0.6543,0.6828,1.0,1.0,15.0,348.0,3.0,118451.0,0.859,0.7768,0.8099,0.731,1e-06,0.9286,0.1849,0.002,-0.0004,0.0055,0.7965,0.005293,2.93,2.72,
2026-07-10,ETF,科创50ETF易方达期权_.xls,科创50ETF易方达,科创板50沽12月1400,10011508,,12月,1400.0,1.4,put,0.0424,0.0407,0.0427,2.0,3.0,708.0,915.0,162.0,262717.0,0.0403,0.038,0.0424,0.0348,0.005798,-0.0915,0.1957,0.0024,-0.0004,-0.0011,0.0269,-0.005293,50.5,-4.62,
2026-07-10,ETF,科创50ETF易方达期权_.xls,科创50ETF易方达,科创板50购12月1450,10011500,,12月,1450.0,1.45,call,0.6456,0.6144,0.6421,1.0,1.0,0.0,229.0,0.0,0.0,0.809,0.6456,0.6456,0.6456,1e-06,0.9137,0.2135,0.0023,-0.0005,0.0055,0.7545,0.004765999999999999,3.32,3.03,
2026-07-10,ETF,科创50ETF易方达期权_.xls,科创50ETF易方达,科创板50沽12月1450,10011509,,12月,1450.0,1.45,put,0.0514,0.0494,0.0516,1.0,10.0,697.0,1191.0,-45.0,319613.0,0.0485,0.0459,0.0514,0.0419,0.0057940000000000005,-0.107,0.2196,0.0027,-0.0004,-0.0013,0.0339,-0.004765999999999999,41.65,-4.46,
2026-07-10,ETF,科创50ETF易方达期权_.xls,科创50ETF易方达,科创板50购12月1500,10011501,,12月,1500.0,1.5,call,0.7189,0.576,0.6029,1.0,1.0,6.0,584.0,-6.0,43439.0,0.759,0.725,0.725,0.7189,0.005289,0.8908,0.2442,0.0027,-0.0006,0.0054,0.7136,0.004273,2.98,2.65,
2026-07-10,ETF,科创50ETF易方达期权_.xls,科创50ETF易方达,科创板50沽12月1500,10011510,,12月,1500.0,1.5,put,0.0617,0.0597,0.0625,1.0,10.0,420.0,806.0,-5.0,231438.0,0.0584,0.0546,0.0618,0.0513,0.005795,-0.1238,0.2436,0.003,-0.0005,-0.0015,0.0421,-0.004273,34.7,-4.3,
2026-07-10,ETF,科创50ETF易方达期权_.xls,科创50ETF易方达,科创板50购12月1550,10011502,,12月,1550.0,1.55,call,0.6078,0.5393,0.5653,1.0,1.0,0.0,275.0,0.0,0.0,0.709,0.6078,0.6078,0.6078,1e-06,0.879,0.2729,0.0029,-0.0006,0.0055,0.674,0.0038130000000000004,3.52,3.1,
2026-07-10,ETF,科创50ETF易方达期权_.xls,科创50ETF易方达,科创板50沽12月1550,10011511,,12月,1550.0,1.55,put,0.0741,0.0714,0.0776,1.0,1.0,446.0,1184.0,49.0,295222.0,0.0695,0.066,0.0741,0.062,0.005821999999999999,-0.1424,0.2671,0.0033,-0.0005,-0.0017,0.0514,-0.0038130000000000004,28.89,-4.12,
2026-07-10,ETF,科创50ETF易方达期权_.xls,科创50ETF易方达,科创板50购12月1600,10011503,,12月,1600.0,1.6,call,0.6291,0.5042,0.5294,1.0,1.0,1.0,912.0,0.0,6291.0,0.659,0.6291,0.6291,0.6291,0.004882,0.8664,0.3049,0.0031,-0.0006,0.0056,0.6357,0.0033810000000000003,3.4,2.95,
2026-07-10,ETF,科创50ETF易方达期权_.xls,科创50ETF易方达,科创板50沽12月1600,10011512,,12月,1600.0,1.6,put,0.087,0.0844,0.0888,1.0,1.0,611.0,1446.0,97.0,476947.0,0.0831,0.09,0.09,0.0745,0.005822999999999999,-0.1614,0.2902,0.0035,-0.0006,-0.002,0.0621,-0.0033810000000000003,24.61,-3.97,
2026-07-10,ETF,科创50ETF易方达期权_.xls,科创50ETF易方达,科创板50购12月1650,10011504,,12月,1650.0,1.65,call,0.6167,0.4697,0.494,1.0,1.0,6.0,424.0,-4.0,36334.0,0.609,0.6,0.6167,0.6,0.005582,0.8247,0.3193,0.0037,-0.0008,0.0053,0.5988,0.0029760000000000003,3.47,2.86,
2026-07-10,ETF,科创50ETF易方达期权_.xls,科创50ETF易方达,科创板50沽12月1650,10011513,,12月,1650.0,1.65,put,0.1005,0.099,0.105,1.0,1.0,562.0,858.0,43.0,513110.0,0.0955,0.0907,0.1005,0.0875,0.005805,-0.1808,0.313,0.0038,-0.0006,-0.0022,0.0741,-0.0029760000000000003,21.3,-3.85,
2026-07-10,ETF,科创50ETF易方达期权_.xls,科创50ETF易方达,科创板50购12月1700,10011505,,12月,1700.0,1.7,call,0.463,0.437,0.4603,1.0,1.0,6.0,319.0,4.0,31492.0,0.559,0.57,0.57,0.463,1e-06,0.8164,0.3604,0.0038,-0.0007,0.0054,0.5632,0.0025940000000000004,4.62,3.78,
2026-07-10,ETF,科创50ETF易方达期权_.xls,科创50ETF易方达,科创板50沽12月1700,10011514,,12月,1700.0,1.7,put,0.119,0.1152,0.1206,1.0,2.0,526.0,806.0,-150.0,560132.0,0.1115,0.1,0.119,0.1,0.00588,-0.2031,0.3318,0.0041,-0.0007,-0.0025,0.0876,-0.0025940000000000004,17.99,-3.65,
2026-07-10,ETF,科创50ETF易方达期权_.xls,科创50ETF易方达,科创板50购12月1750,10011527,,12月,1750.0,1.75,call,0.4554,0.4064,0.4287,1.0,1.0,2.0,436.0,1.0,9700.0,0.5145,0.5146,0.5146,0.4554,0.0030659999999999997,0.88,0.4503,0.0029,-0.0004,0.0065,0.5291,0.002234,4.7,4.14,
2026-07-10,ETF,科创50ETF易方达期权_.xls,科创50ETF易方达,科创板50沽12月1750,10011528,,12月,1750.0,1.75,put,0.1322,0.1329,0.1431,1.0,1.0,305.0,785.0,-141.0,372461.0,0.1266,0.1256,0.1322,0.1174,0.0057940000000000005,-0.2227,0.3554,0.0043,-0.0007,-0.0028,0.1024,-0.002234,16.2,-3.61,
2026-07-10,ETF,科创50ETF易方达期权_.xls,科创50ETF易方达,科创板50购12月1800,10011539,,12月,1800.0,1.8,call,0.3898,0.3778,0.3992,1.0,1.0,21.0,518.0,14.0,100964.0,0.4832,0.5343,0.5343,0.3898,0.002159,0.9195,0.4776,0.0022,-0.0003,0.0072,0.4964,0.001894,5.49,5.05,
2026-07-10,ETF,科创50ETF易方达期权_.xls,科创50ETF易方达,科创板50沽12月1800,10011540,,12月,1800.0,1.8,put,0.1591,0.1527,0.1638,1.0,1.0,458.0,1034.0,6.0,646372.0,0.145,0.138,0.1591,0.1358,0.005987,-0.2477,0.3647,0.0046,-0.0007,-0.0032,0.1187,-0.001894,13.46,-3.33,
2026-07-10,ETF,科创50ETF易方达期权_.xls,科创50ETF易方达,科创板50购12月1850,10011581,,12月,1850.0,1.85,call,0.412,0.3508,0.3713,1.0,1.0,3.0,530.0,3.0,13107.0,0.4535,0.4867,0.4867,0.412,0.003911,0.777,0.5267,0.0043,-0.0007,0.0057,0.4652,0.001573,5.2,4.04,
2026-07-10,ETF,科创50ETF易方达期权_.xls,科创50ETF易方达,科创板50沽12月1850,10011583,,12月,1850.0,1.85,put,0.1773,0.1744,0.1861,1.0,1.0,623.0,904.0,201.0,1000210.0,0.1649,0.1569,0.1773,0.1566,0.005954,-0.2692,0.3829,0.0048,-0.0008,-0.0034,0.1365,-0.001573,12.08,-3.25,
2026-07-10,ETF,科创50ETF易方达期权_.xls,科创50ETF易方达,科创板50购12月1900,10011582,,12月,1900.0,1.9,call,0.3939,0.3251,0.3446,1.0,1.0,0.0,662.0,0.0,0.0,0.4248,0.3939,0.3939,0.3939,0.004228,0.7365,0.5334,0.0047,-0.0007,0.0054,0.4354,0.001268,5.44,4.0,
2026-07-10,ETF,科创50ETF易方达期权_.xls,科创50ETF易方达,科创板50沽12月1900,10011584,,12月,1900.0,1.9,put,0.1944,0.1972,0.2096,1.0,1.0,396.0,1116.0,-220.0,705123.0,0.1907,0.1727,0.1944,0.1727,0.005875,-0.2908,0.4028,0.005,-0.0008,-0.0037,0.1557,-0.001268,11.01,-3.2,
2026-07-10,ETF,科创50ETF易方达期权_.xls,科创50ETF易方达,科创板50购12月1950,10011615,,12月,1950.0,1.95,call,0.3272,0.3014,0.3199,1.0,1.0,26.0,788.0,1.0,104838.0,0.3929,0.423,0.4406,0.3272,0.0034869999999999996,0.7262,0.6593,0.0048,-0.0007,0.0056,0.4071,0.0009789999999999998,6.54,4.75,
2026-07-10,ETF,科创50ETF易方达期权_.xls,科创50ETF易方达,科创板50沽12月1950,10011616,,12月,1950.0,1.95,put,0.2306,0.2222,0.2355,1.0,1.0,217.0,1031.0,92.0,450280.0,0.2075,0.1995,0.2306,0.1995,0.006149,-0.3149,0.3989,0.0051,-0.0008,-0.0041,0.1764,-0.0009789999999999998,9.28,-2.92,
2026-07-10,ETF,科创50ETF易方达期权_.xls,科创50ETF易方达,科创板50购12月2000,10011631,,12月,2000.0,2.0,call,0.3,0.2793,0.2969,1.0,1.0,76.0,1384.0,24.0,254692.0,0.3723,0.3632,0.4108,0.3,0.003551,0.6877,0.6882,0.0051,-0.0007,0.0054,0.3802,0.0007049999999999999,7.14,4.91,
2026-07-10,ETF,科创50ETF易方达期权_.xls,科创50ETF易方达,科创板50沽12月2000,10011632,,12月,2000.0,2.0,put,0.2514,0.252,0.2628,50.0,1.0,233.0,1268.0,47.0,532922.0,0.2314,0.225,0.2514,0.2208,0.006091999999999999,-0.3368,0.4138,0.0053,-0.0008,-0.0044,0.1985,-0.0007049999999999999,8.52,-2.87,
2026-07-10,ETF,科创50ETF易方达期权_.xls,科创50ETF易方达,科创板50购12月2050,10011655,,12月,2050.0,2.05,call,0.2678,0.2586,0.2755,1.0,1.0,14.0,720.0,3.0,44877.0,0.3482,0.3467,0.3467,0.2678,0.003479,0.6516,0.734,0.0054,-0.0007,0.0052,0.3548,0.000444,7.99,5.21,
2026-07-10,ETF,科创50ETF易方达期权_.xls,科创50ETF易方达,科创板50沽12月2050,10011656,,12月,2050.0,2.05,put,0.2806,0.2772,0.2915,1.0,1.0,77.0,843.0,44.0,196808.0,0.2561,0.2378,0.2806,0.2378,0.0061719999999999995,-0.3586,0.418,0.0054,-0.0009,-0.0048,0.222,-0.000444,7.63,-2.74,
2026-07-10,ETF,科创50ETF易方达期权_.xls,科创50ETF易方达,科创板50购12月2100,10011677,,12月,2100.0,2.1,call,0.2638,0.2388,0.2554,1.0,1.0,261.0,1915.0,80.0,809096.0,0.3187,0.3371,0.3661,0.2611,0.0038840000000000003,0.6115,0.6813,0.0056,-0.0008,0.0048,0.3307,0.000195,8.12,4.96,
2026-07-10,ETF,科创50ETF易方达期权_.xls,科创50ETF易方达,科创板50沽12月2100,10011679,,12月,2100.0,2.1,put,0.3061,0.3067,0.3216,1.0,1.0,72.0,1874.0,-8.0,203728.0,0.2803,0.2745,0.3061,0.2745,0.00616,-0.3805,0.427,0.0055,-0.0009,-0.0051,0.2469,-0.000195,6.99,-2.66,
2026-07-10,ETF,科创50ETF易方达期权_.xls,科创50ETF易方达,科创板50购12月2150,10011678,,12月,2150.0,2.15,call,0.2276,0.2206,0.2362,1.0,1.0,593.0,5204.0,233.0,1817848.0,0.2999,0.3328,0.346,0.2276,0.003669,0.5754,0.7373,0.0057,-0.0007,0.0046,0.308,-4.2e-05,9.41,5.41,
2026-07-10,ETF,科创50ETF易方达期权_.xls,科创50ETF易方达,科创板50沽12月2150,10011680,,12月,2150.0,2.15,put,0.3417,0.3379,0.3533,1.0,1.0,521.0,4647.0,1.0,1620582.0,0.3094,0.3061,0.3417,0.3006,0.00631,-0.4006,0.423,0.0056,-0.0009,-0.0055,0.2732,4.2e-05,6.27,-2.51,
2026-07-10,ETF,科创50ETF易方达期权_.xls,科创50ETF易方达,科创板50购12月2200,10011837,,12月,2200.0,2.2,call,0.2286,0.2048,0.2199,1.0,1.0,185.0,759.0,5.0,546615.0,0.2844,0.2929,0.3257,0.2258,0.004078,0.5454,0.6712,0.0057,-0.0008,0.0043,0.2866,-0.000268,9.37,5.11,
2026-07-10,ETF,科创50ETF易方达期权_.xls,科创50ETF易方达,科创板50沽12月2200,10011838,,12月,2200.0,2.2,put,0.375,0.3698,0.38,1.0,10.0,70.0,144.0,56.0,242079.0,0.3392,0.3299,0.375,0.3299,0.006396000000000001,-0.4203,0.4221,0.0057,-0.0009,-0.0058,0.3007,0.000268,5.71,-2.4,
2026-07-10,ETF,科创50ETF易方达期权_.xls,科创50ETF易方达,科创板50购12月2250,10011849,,12月,2250.0,2.25,call,0.1972,0.1893,0.2039,1.0,1.0,134.0,730.0,30.0,317941.0,0.2656,0.271,0.368,0.1972,0.0038900000000000002,0.5084,0.708,0.0058,-0.0008,0.0041,0.2664,-0.000484,10.86,5.52,
2026-07-10,ETF,科创50ETF易方达期权_.xls,科创50ETF易方达,科创板50沽12月2250,10011850,,12月,2250.0,2.25,put,0.3931,0.4032,0.4208,1.0,1.0,23.0,89.0,19.0,86308.0,0.3727,0.3681,0.478,0.361,0.006197,-0.4442,0.4402,0.0057,-0.0009,-0.0062,0.3296,0.000484,5.45,-2.42,
2026-07-10,ETF,科创50ETF易方达期权_.xls,科创50ETF易方达,科创板50购12月2300,10011965,,12月,2300.0,2.3,call,0.1837,0.1747,0.1888,1.0,1.0,47.0,514.0,-10.0,97778.0,0.2504,0.2796,0.2796,0.1829,0.003985,0.4782,0.6902,0.0058,-0.0008,0.0038,0.2475,-0.000691,11.65,5.57,
2026-07-10,ETF,科创50ETF易方达期权_.xls,科创50ETF易方达,科创板50沽12月2300,10011966,,12月,2300.0,2.3,put,0.4413,0.4374,0.4494,1.0,2.0,6.0,101.0,-2.0,25277.0,0.4045,0.3968,0.4413,0.3968,0.006507,-0.4585,0.4211,0.0057,-0.0009,-0.0065,0.3596,0.000691,4.85,-2.22,
2026-07-10,ETF,科创50ETF易方达期权_.xls,科创50ETF易方达,科创板50购12月2350,10011991,,12月,2350.0,2.35,call,0.1676,0.1613,0.175,1.0,1.0,89.0,496.0,-22.0,183081.0,0.2321,0.2766,0.2766,0.1676,0.004011,0.4476,0.6809,0.0057,-0.0008,0.0036,0.2297,-0.000889,12.77,5.72,
2026-07-10,ETF,科创50ETF易方达期权_.xls,科创50ETF易方达,科创板50沽12月2350,10011993,,12月,2350.0,2.35,put,0.5262,0.4728,0.4922,1.0,1.0,0.0,71.0,0.0,0.0,0.438,0.5262,0.5262,0.5262,0.007437,-0.4573,0.3683,0.0057,-0.0011,-0.0069,0.3908,0.000889,4.07,-1.86,
2026-07-10,ETF,科创50ETF易方达期权_.xls,科创50ETF易方达,科创板50购12月2400,10011992,,12月,2400.0,2.4,call,0.1581,0.149,0.1621,2.0,1.0,673.0,999.0,223.0,1342770.0,0.2203,0.2221,0.256,0.1581,0.004128,0.4224,0.6547,0.0057,-0.0008,0.0034,0.2131,-0.0010789999999999999,13.54,5.72,
2026-07-10,ETF,科创50ETF易方达期权_.xls,科创50ETF易方达,科创板50沽12月2400,10011994,,12月,2400.0,2.4,put,0.4534,0.5093,0.5294,1.0,1.0,2.0,272.0,1.0,9166.0,0.4725,0.4632,0.4632,0.4534,0.005614,-0.5226,0.4899,0.0058,-0.0008,-0.0072,0.4232,0.0010789999999999999,4.72,-2.47,
2026-07-10,ETF,科创50ETF易方达期权_.xls,科创50ETF易方达,科创板50购12月2450,10012025,,12月,2450.0,2.45,call,0.1493,0.1388,0.1497,2.0,1.0,1467.0,1706.0,369.0,2821870.0,0.2056,0.2192,0.2427,0.1435,0.0042369999999999994,0.3993,0.6293,0.0056,-0.0008,0.0032,0.1975,-0.001261,14.34,5.73,
2026-07-10,ETF,科创50ETF易方达期权_.xls,科创50ETF易方达,科创板50沽12月2450,10012026,,12月,2450.0,2.45,put,0.553,0.5466,0.5676,1.0,1.0,56.0,510.0,0.0,285379.0,0.5134,0.5024,0.553,0.4946,0.0067659999999999994,-0.5083,0.407,0.0058,-0.001,-0.0075,0.4566,0.001261,3.87,-1.97,
2026-07-10,ETF,科创50ETF华夏期权_.xls,科创50ETF华夏,科创50购7月1500,10011811,,7月,1500.0,1.5,call,0.724,0.688,0.6946,1.0,1.0,71.0,951.0,-38.0,584321.0,0.828,0.8345,0.8666,0.724,0.013468,0.9512,0.1803,0.0004,-0.0024,0.0005,0.7115,0.004727,3.05,2.9,
2026-07-10,ETF,科创50ETF华夏期权_.xls,科创50ETF华夏,科创50沽7月1500,10011812,,7月,1500.0,1.5,put,0.0003,0.0003,0.0004,11.0,108.0,3866.0,42671.0,690.0,13334.0,0.0003,0.0004,0.0004,0.0002,0.007691,-0.003,0.0283,0.0,-0.0001,-0.0,0.0001,-0.004727,7363.33,-21.91,
2026-07-10,ETF,科创50ETF华夏期权_.xls,科创50ETF华夏,科创50购7月1550,10011787,,7月,1550.0,1.55,call,0.6439,0.6316,0.6434,1.0,1.0,279.0,1482.0,40.0,2138684.0,0.778,0.7866,0.8188,0.6439,1e-06,0.9982,0.0209,0.0,-0.0003,0.0005,0.6616,0.004252000000000001,3.43,3.42,
2026-07-10,ETF,科创50ETF华夏期权_.xls,科创50ETF华夏,科创50沽7月1550,10011789,,7月,1550.0,1.55,put,0.0006,0.0004,0.0007,62.0,1.0,5012.0,25176.0,287.0,23963.0,0.0003,0.0003,0.0006,0.0003,0.007658000000000001,-0.0056,0.0503,0.0001,-0.0002,-0.0,0.0001,-0.004252000000000001,3681.67,-20.72,
2026-07-10,ETF,科创50ETF华夏期权_.xls,科创50ETF华夏,科创50购7月1600,10011788,,7月,1600.0,1.6,call,0.6004,0.5818,0.5934,1.0,1.0,318.0,2827.0,15.0,2324334.0,0.728,0.7387,0.762,0.6004,1e-06,0.9961,0.0424,0.0,-0.0003,0.0006,0.6119,0.0038060000000000004,3.68,3.66,
2026-07-10,ETF,科创50ETF华夏期权_.xls,科创50ETF华夏,科创50沽7月1600,10011790,,7月,1600.0,1.6,put,0.0004,0.0004,0.0007,104.0,142.0,2544.0,20002.0,-1103.0,12967.0,0.0005,0.0004,0.0007,0.0003,0.006718999999999999,-0.0044,0.0461,0.0001,-0.0001,-0.0,0.0003,-0.0038060000000000004,5522.5,-24.31,
2026-07-10,ETF,科创50ETF华夏期权_.xls,科创50ETF华夏,科创50购7月1650,10011777,,7月,1650.0,1.65,call,0.5495,0.5322,0.5435,1.0,1.0,470.0,2401.0,54.0,3154446.0,0.678,0.6879,0.7203,0.5495,1e-06,0.992,0.0791,0.0001,-0.0004,0.0006,0.5624,0.0033880000000000004,4.02,3.99,
2026-07-10,ETF,科创50ETF华夏期权_.xls,科创50ETF华夏,科创50沽7月1650,10011778,,7月,1650.0,1.65,put,0.001,0.0009,0.001,37.0,11.0,5022.0,22832.0,-325.0,35086.0,0.0007,0.0007,0.001,0.0005,0.006862999999999999,-0.0099,0.0924,0.0001,-0.0003,-0.0,0.0008,-0.0033880000000000004,2209.0,-21.89,
2026-07-10,ETF,科创50ETF华夏期权_.xls,科创50ETF华夏,科创50购7月1700,10011735,,7月,1700.0,1.7,call,0.4882,0.483,0.494,1.0,1.0,1409.0,4344.0,102.0,8580044.0,0.628,0.6197,0.6671,0.4882,1e-06,0.9851,0.1367,0.0002,-0.0006,0.0006,0.5132,0.002994,4.52,4.46,
2026-07-10,ETF,科创50ETF华夏期权_.xls,科创50ETF华夏,科创50沽7月1700,10011744,,7月,1700.0,1.7,put,0.0016,0.0016,0.0017,69.0,13.0,6570.0,32385.0,-419.0,81381.0,0.0014,0.0011,0.0016,0.0009,0.006668,-0.0155,0.1402,0.0002,-0.0004,-0.0,0.0015,-0.002994,1380.63,-21.41,
2026-07-10,ETF,科创50ETF华夏期权_.xls,科创50ETF华夏,科创50购7月1750,10011736,,7月,1750.0,1.75,call,0.44,0.4353,0.4453,6.0,1.0,1458.0,4247.0,-314.0,8292205.0,0.578,0.5853,0.6231,0.44,1e-06,0.9738,0.2203,0.0003,-0.0009,0.0006,0.4647,0.002623,5.02,4.89,
2026-07-10,ETF,科创50ETF华夏期权_.xls,科创50ETF华夏,科创50沽7月1750,10011745,,7月,1750.0,1.75,put,0.0024,0.0022,0.0024,22.0,39.0,10378.0,24420.0,-171.0,164894.0,0.0016,0.0015,0.0024,0.0011,0.006423000000000001,-0.023,0.2035,0.0002,-0.0006,-0.0,0.0029,-0.002623,920.42,-21.16,
2026-07-10,ETF,科创50ETF华夏期权_.xls,科创50ETF华夏,科创50购7月1800,10011737,,7月,1800.0,1.8,call,0.3949,0.3907,0.396,10.0,1.0,3865.0,6937.0,-355.0,20481808.0,0.528,0.5367,0.5737,0.3949,1e-06,0.9568,0.3326,0.0004,-0.0012,0.0006,0.417,0.0022719999999999997,5.59,5.35,
2026-07-10,ETF,科创50ETF华夏期权_.xls,科创50ETF华夏,科创50沽7月1800,10011746,,7月,1800.0,1.8,put,0.0039,0.0038,0.0039,25.0,33.0,26366.0,44307.0,1139.0,581218.0,0.0024,0.002,0.0039,0.0017,0.00628,-0.0359,0.3014,0.0003,-0.0008,-0.0,0.0051,-0.0022719999999999997,566.41,-20.34,
2026-07-10,ETF,科创50ETF华夏期权_.xls,科创50ETF华夏,科创50购7月1850,10011738,,7月,1850.0,1.85,call,0.345,0.3423,0.345,1.0,3.0,1711.0,9556.0,32.0,7943912.0,0.478,0.4866,0.5211,0.345,1e-06,0.9325,0.4729,0.0005,-0.0016,0.0006,0.3706,0.001941,6.4,5.97,
2026-07-10,ETF,科创50ETF华夏期权_.xls,科创50ETF华夏,科创50沽7月1850,10011747,,7月,1850.0,1.85,put,0.005,0.005,0.0055,83.0,1.0,32200.0,30078.0,-7857.0,975213.0,0.0036,0.0033,0.005,0.0022,0.005868,-0.0473,0.4035,0.0004,-0.0009,-0.0,0.0086,-0.001941,441.8,-20.91,
2026-07-10,ETF,科创50ETF华夏期权_.xls,科创50ETF华夏,科创50购7月1900,10011739,,7月,1900.0,1.9,call,0.295,0.291,0.3003,1.0,1.0,3468.0,10614.0,-138.0,13852045.0,0.428,0.4337,0.4753,0.295,1e-06,0.9,0.636,0.0007,-0.0021,0.0006,0.3258,0.0016260000000000003,7.49,6.74,
2026-07-10,ETF,科创50ETF华夏期权_.xls,科创50ETF华夏,科创50沽7月1900,10011748,,7月,1900.0,1.9,put,0.007,0.007,0.0071,63.0,1.0,42513.0,43620.0,-7510.0,1942082.0,0.0053,0.0049,0.0074,0.0034,0.005556,-0.0662,0.5552,0.0005,-0.0011,-0.0001,0.0138,-0.0016260000000000003,315.57,-20.89,
2026-07-10,ETF,科创50ETF华夏期权_.xls,科创50ETF华夏,科创50购7月1950,10011740,,7月,1950.0,1.95,call,0.2516,0.2516,0.2553,4.0,1.0,6593.0,12493.0,-1310.0,24168664.0,0.378,0.3843,0.4267,0.2514,1e-06,0.8585,0.8124,0.0009,-0.0026,0.0006,0.2832,0.001328,8.78,7.54,
2026-07-10,ETF,科创50ETF华夏期权_.xls,科创50ETF华夏,科创50沽7月1950,10011749,,7月,1950.0,1.95,put,0.0143,0.0129,0.0143,245.0,49.0,41536.0,43549.0,-6567.0,2786370.0,0.0072,0.007,0.0143,0.0048,0.005841,-0.1149,0.7965,0.0008,-0.0018,-0.0001,0.0211,-0.001328,154.48,-17.74,
2026-07-10,ETF,科创50ETF华夏期权_.xls,科创50ETF华夏,科创50购7月2000,10011741,,7月,2000.0,2.0,call,0.2067,0.2067,0.2098,1.0,1.0,11625.0,24084.0,142.0,35837903.0,0.328,0.3336,0.3801,0.2058,1e-06,0.8081,0.9893,0.0011,-0.0031,0.0005,0.2432,0.001045,10.69,8.64,
2026-07-10,ETF,科创50ETF华夏期权_.xls,科创50ETF华夏,科创50沽7月2000,10011750,,7月,2000.0,2.0,put,0.021,0.021,0.0212,908.0,2.0,100763.0,78428.0,2056.0,11271671.0,0.0116,0.0106,0.021,0.0077,0.00569,-0.1601,1.026,0.001,-0.0022,-0.0001,0.031,-0.001045,105.19,-16.84,
2026-07-10,ETF,科创50ETF华夏期权_.xls,科创50ETF华夏,科创50购7月2050,10011742,,7月,2050.0,2.05,call,0.1693,0.1692,0.1703,4.0,2.0,15620.0,23685.0,-892.0,42327343.0,0.2808,0.29,0.3355,0.1691,0.003295,0.8958,1.3162,0.0008,-0.0012,0.0006,0.2063,0.000776,13.05,11.69,
2026-07-10,ETF,科创50ETF华夏期权_.xls,科创50ETF华夏,科创50沽7月2050,10011751,,7月,2050.0,2.05,put,0.0312,0.0312,0.0313,510.0,3.0,76924.0,48192.0,-873.0,13595795.0,0.0174,0.0166,0.0314,0.0122,0.0056240000000000005,-0.2201,1.2631,0.0012,-0.0026,-0.0002,0.044,-0.000776,70.8,-15.58,
2026-07-10,ETF,科创50ETF华夏期权_.xls,科创50ETF华夏,科创50购7月2100,10011743,,7月,2100.0,2.1,call,0.1371,0.1364,0.1371,1.0,219.0,42725.0,28135.0,-6858.0,93106858.0,0.2408,0.248,0.2924,0.1336,0.0040939999999999995,0.7625,1.8112,0.0013,-0.0022,0.0006,0.1726,0.000519,16.11,12.29,
2026-07-10,ETF,科创50ETF华夏期权_.xls,科创50ETF华夏,科创50沽7月2100,10011752,,7月,2100.0,2.1,put,0.0461,0.0461,0.0463,21.0,80.0,106446.0,58363.0,-1671.0,28082187.0,0.0263,0.021,0.0464,0.0185,0.00565,-0.2936,1.4616,0.0014,-0.003,-0.0002,0.0603,-0.000519,47.92,-14.07,
2026-07-10,ETF,科创50ETF华夏期权_.xls,科创50ETF华夏,科创50购7月2150,10011773,,7月,2150.0,2.15,call,0.1058,0.1058,0.106,8.0,2.0,65339.0,42011.0,-3921.0,120233149.0,0.2014,0.2069,0.2502,0.1043,0.0042829999999999995,0.6536,2.0664,0.0015,-0.0027,0.0005,0.1425,0.000274,20.88,13.65,
2026-07-10,ETF,科创50ETF华夏期权_.xls,科创50ETF华夏,科创50沽7月2150,10011774,,7月,2150.0,2.15,put,0.0667,0.0666,0.0667,1.0,156.0,150242.0,69053.0,9158.0,59195766.0,0.0369,0.0318,0.0673,0.0274,0.005777,-0.3754,1.5752,0.0016,-0.0034,-0.0003,0.0801,-0.000274,33.12,-12.43,
2026-07-10,ETF,科创50ETF华夏期权_.xls,科创50ETF华夏,科创50购7月2200,10011815,,7月,2200.0,2.2,call,0.081,0.0809,0.081,34.0,21.0,117380.0,56892.0,685.0,175781441.0,0.166,0.1748,0.2133,0.0798,0.004497999999999999,0.5436,2.1149,0.0017,-0.003,0.0004,0.1161,4.0999999999999994e-05,27.27,14.82,
2026-07-10,ETF,科创50ETF华夏期权_.xls,科创50ETF华夏,科创50沽7月2200,10011816,,7月,2200.0,2.2,put,0.0916,0.0915,0.0916,1.0,8.0,164061.0,50609.0,-1680.0,93121116.0,0.053,0.0491,0.0928,0.0398,0.005896,-0.4575,1.6138,0.0017,-0.0036,-0.0004,0.1036,-4.0999999999999994e-05,24.12,-11.03,
2026-07-10,ETF,科创50ETF华夏期权_.xls,科创50ETF华夏,科创50购7月2250,10011825,,7月,2250.0,2.25,call,0.062,0.062,0.0621,218.0,2.0,127243.0,48959.0,2897.0,155251191.0,0.137,0.1435,0.18,0.0615,0.00473,0.443,2.0026,0.0016,-0.0031,0.0003,0.0933,-0.000182,35.63,15.78,
2026-07-10,ETF,科创50ETF华夏期权_.xls,科创50ETF华夏,科创50沽7月2250,10011826,,7月,2250.0,2.25,put,0.1228,0.1228,0.123,6.0,1.0,133797.0,36159.0,2227.0,103780532.0,0.0744,0.0699,0.123,0.0563,0.006146,-0.5346,1.5511,0.0017,-0.0038,-0.0005,0.1307,0.000182,17.99,-9.62,
2026-07-10,ETF,科创50ETF华夏期权_.xls,科创50ETF华夏,科创50购7月2300,10011839,,7月,2300.0,2.3,call,0.0479,0.0478,0.0479,1.0,13.0,206508.0,72292.0,6072.0,215584433.0,0.1136,0.1193,0.1501,0.0467,0.004983,0.3575,1.7964,0.0016,-0.0031,0.0003,0.0739,-0.000396,46.12,16.49,
2026-07-10,ETF,科创50ETF华夏期权_.xls,科创50ETF华夏,科创50沽7月2300,10011840,,7月,2300.0,2.3,put,0.1582,0.1582,0.1583,370.0,1.0,178484.0,44989.0,8952.0,179296911.0,0.0989,0.0931,0.1589,0.0759,0.0064329999999999995,-0.602,1.4386,0.0016,-0.0038,-0.0005,0.1612,0.000396,13.96,-8.41,
2026-07-10,ETF,科创50ETF华夏期权_.xls,科创50ETF华夏,科创50购7月2350,10011943,,7月,2350.0,2.35,call,0.0361,0.0361,0.0366,50.0,1.0,258585.0,63724.0,19387.0,226519329.0,0.0921,0.0999,0.1245,0.0359,0.005151,0.2838,1.578,0.0014,-0.0029,0.0002,0.0578,-0.0006,61.19,17.37,
2026-07-10,ETF,科创50ETF华夏期权_.xls,科创50ETF华夏,科创50沽7月2350,10011945,,7月,2350.0,2.35,put,0.197,0.197,0.1972,7.0,4.0,135829.0,32767.0,17480.0,172228536.0,0.1281,0.1231,0.1975,0.1001,0.006751,-0.6589,1.3035,0.0015,-0.0038,-0.0006,0.195,0.0006,11.21,-7.39,
2026-07-10,ETF,科创50ETF华夏期权_.xls,科创50ETF华夏,科创50购7月2400,10011944,,7月,2400.0,2.4,call,0.027,0.0267,0.027,1.0,103.0,223381.0,64029.0,15935.0,158048714.0,0.0734,0.0809,0.1031,0.027,0.005299000000000001,0.2227,1.3496,0.0012,-0.0026,0.0002,0.0445,-0.000796,81.81,18.22,
2026-07-10,ETF,科创50ETF华夏期权_.xls,科创50ETF华夏,科创50沽7月2400,10011946,,7月,2400.0,2.4,put,0.231,0.2308,0.231,1.0,1.0,49791.0,13217.0,7336.0,79262404.0,0.16,0.1541,0.2314,0.1282,0.00657,-0.7237,1.221,0.0014,-0.0033,-0.0007,0.2317,0.000796,9.56,-6.92,
2026-07-10,ETF,科创50ETF华夏期权_.xls,科创50ETF华夏,科创50购7月2450,10011971,,7月,2450.0,2.45,call,0.021,0.0209,0.021,15.0,124.0,162932.0,55172.0,12488.0,91239557.0,0.058,0.06,0.0846,0.021,1e-06,0.2256,1.0883,0.0013,-0.0032,0.0002,0.0339,-0.000984,105.19,23.73,
2026-07-10,ETF,科创50ETF华夏期权_.xls,科创50ETF华夏,科创50沽7月2450,10011972,,7月,2450.0,2.45,put,0.2777,0.2777,0.281,1.0,1.0,11607.0,6718.0,2335.0,22009651.0,0.196,0.1862,0.2799,0.1595,1e-06,-0.7744,1.0883,0.0013,-0.0029,-0.0007,0.271,0.000984,7.95,-6.16,
2026-07-10,ETF,科创50ETF华夏期权_.xls,科创50ETF华夏,科创50购7月2500,10012003,,7月,2500.0,2.5,call,0.0171,0.017,0.0171,2.0,46.0,124131.0,51614.0,20133.0,54128201.0,0.048,0.052,0.0696,0.0168,1e-06,0.18,0.9509,0.0011,-0.0028,0.0001,0.0255,-0.001164,129.18,23.26,
2026-07-10,ETF,科创50ETF华夏期权_.xls,科创50ETF华夏,科创50沽7月2500,10012005,,7月,2500.0,2.5,put,0.3263,0.323,0.3263,1.0,4.0,3290.0,1897.0,1163.0,7481554.0,0.2317,0.2254,0.3265,0.1951,1e-06,-0.82,0.9509,0.0011,-0.0025,-0.0008,0.3125,0.001164,6.77,-5.55,
2026-07-10,ETF,科创50ETF华夏期权_.xls,科创50ETF华夏,科创50购7月2550,10012004,,7月,2550.0,2.55,call,0.012,0.0119,0.012,48.0,121.0,292337.0,116706.0,37094.0,99134333.0,0.038,0.0405,0.0564,0.0114,1e-06,0.1415,0.8122,0.0009,-0.0024,0.0001,0.0189,-0.0013369999999999999,184.08,26.04,
2026-07-10,ETF,科创50ETF华夏期权_.xls,科创50ETF华夏,科创50沽7月2550,10012006,,7月,2550.0,2.55,put,0.3732,0.3684,0.3781,1.0,1.0,1889.0,2671.0,250.0,5246438.0,0.274,0.2639,0.3732,0.2337,1e-06,-0.8585,0.8122,0.0009,-0.0021,-0.0008,0.3558,0.0013369999999999999,5.92,-5.08,
2026-07-10,ETF,科创50ETF华夏期权_.xls,科创50ETF华夏,科创50购8月1900,10011905,,8月,1900.0,1.9,call,0.3217,0.3215,0.323,1.0,2.0,3616.0,5370.0,2207.0,16064203.0,0.428,0.443,0.4853,0.3217,0.002191,0.9778,0.3012,0.0004,-0.0003,0.0024,0.3939,0.0016260000000000003,6.87,6.71,
2026-07-10,ETF,科创50ETF华夏期权_.xls,科创50ETF华夏,科创50沽8月1900,10011914,,8月,1900.0,1.9,put,0.0543,0.0539,0.0543,10.0,87.0,37558.0,26335.0,2962.0,15811996.0,0.0422,0.04,0.0543,0.0355,0.005692,-0.1944,0.6035,0.0022,-0.0012,-0.0006,0.0737,-0.0016260000000000003,40.68,-7.91,
2026-07-10,ETF,科创50ETF华夏期权_.xls,科创50ETF华夏,科创50购8月1950,10011906,,8月,1950.0,1.95,call,0.2911,0.2816,0.2917,1.0,1.0,414.0,1246.0,-33.0,1633977.0,0.3882,0.3997,0.4439,0.2911,0.0034960000000000004,0.863,0.7832,0.0018,-0.0008,0.0021,0.3598,0.001328,7.59,6.55,
2026-07-10,ETF,科创50ETF华夏期权_.xls,科创50ETF华夏,科创50沽8月1950,10011915,,8月,1950.0,1.95,put,0.069,0.069,0.0699,13.0,1.0,9119.0,9866.0,1702.0,4998031.0,0.0539,0.0517,0.069,0.0459,0.00573,-0.2319,0.6646,0.0024,-0.0014,-0.0008,0.0893,-0.001328,32.01,-7.42,
2026-07-10,ETF,科创50ETF华夏期权_.xls,科创50ETF华夏,科创50购8月2000,10011907,,8月,2000.0,2.0,call,0.252,0.2496,0.252,2.0,11.0,882.0,4774.0,381.0,2974764.0,0.3534,0.3652,0.4051,0.252,0.003542,0.8117,0.9512,0.0022,-0.001,0.002,0.3276,0.001045,8.77,7.12,
2026-07-10,ETF,科创50ETF华夏期权_.xls,科创50ETF华夏,科创50沽8月2000,10011916,,8月,2000.0,2.0,put,0.0861,0.0861,0.0864,90.0,3.0,11191.0,12855.0,3522.0,7624519.0,0.0675,0.0641,0.0864,0.0585,0.005771999999999999,-0.2717,0.7173,0.0027,-0.0015,-0.0009,0.1068,-0.001045,25.66,-6.97,
2026-07-10,ETF,科创50ETF华夏期权_.xls,科创50ETF华夏,科创50购8月2050,10011908,,8月,2050.0,2.05,call,0.2233,0.2241,0.2296,3.0,1.0,1307.0,2996.0,-170.0,4030917.0,0.3186,0.3196,0.3734,0.2233,0.0038670000000000006,0.7405,1.0459,0.0026,-0.0012,0.0019,0.2974,0.000776,9.89,7.33,
2026-07-10,ETF,科创50ETF华夏期权_.xls,科创50ETF华夏,科创50沽8月2050,10011917,,8月,2050.0,2.05,put,0.1073,0.1071,0.1089,1.0,2.0,8251.0,10062.0,1560.0,6929232.0,0.0849,0.0801,0.1073,0.0723,0.005876,-0.3139,0.7536,0.0028,-0.0016,-0.0011,0.1263,-0.000776,20.59,-6.46,
2026-07-10,ETF,科创50ETF华夏期权_.xls,科创50ETF华夏,科创50购8月2100,10011909,,8月,2100.0,2.1,call,0.2,0.198,0.2,6.0,2.0,2871.0,8991.0,458.0,8041301.0,0.2878,0.2978,0.3396,0.1973,0.004201,0.6726,1.0726,0.0029,-0.0014,0.0017,0.2692,0.000519,11.04,7.43,
2026-07-10,ETF,科创50ETF华夏期权_.xls,科创50ETF华夏,科创50沽8月2100,10011918,,8月,2100.0,2.1,put,0.13,0.1272,0.13,1.0,11.0,13867.0,18953.0,2113.0,14174426.0,0.1014,0.1014,0.1304,0.0893,0.005945000000000001,-0.3557,0.7822,0.003,-0.0017,-0.0012,0.1478,-0.000519,16.99,-6.04,
2026-07-10,ETF,科创50ETF华夏期权_.xls,科创50ETF华夏,科创50购8月2150,10011910,,8月,2150.0,2.15,call,0.1752,0.1752,0.1775,2.0,1.0,4026.0,10315.0,149.0,9974631.0,0.257,0.257,0.3085,0.174,0.004342,0.6134,1.1002,0.0031,-0.0015,0.0016,0.2429,0.000274,12.61,7.73,
2026-07-10,ETF,科创50ETF华夏期权_.xls,科创50ETF华夏,科创50沽8月2150,10011919,,8月,2150.0,2.15,put,0.15,0.1499,0.15,10.0,4.0,11925.0,17049.0,2428.0,14311957.0,0.121,0.1225,0.1562,0.1078,0.005852,-0.3968,0.8224,0.0031,-0.0018,-0.0014,0.1713,-0.000274,14.73,-5.84,
2026-07-10,ETF,科创50ETF华夏期权_.xls,科创50ETF华夏,科创50购8月2200,10011911,,8月,2200.0,2.2,call,0.157,0.156,0.157,6.0,7.0,10161.0,14400.0,1944.0,21942905.0,0.2307,0.2398,0.2809,0.1536,0.004589,0.557,1.0742,0.0032,-0.0016,0.0014,0.2187,4.0999999999999994e-05,14.07,7.84,
2026-07-10,ETF,科创50ETF华夏期权_.xls,科创50ETF华夏,科创50沽8月2200,10011920,,8月,2200.0,2.2,put,0.1842,0.184,0.1847,7.0,1.0,15595.0,12202.0,4459.0,22931558.0,0.145,0.145,0.1855,0.1294,0.006145,-0.4379,0.8006,0.0032,-0.0019,-0.0015,0.1967,-4.0999999999999994e-05,11.99,-5.25,
2026-07-10,ETF,科创50ETF华夏期权_.xls,科创50ETF华夏,科创50购8月2250,10011912,,8月,2250.0,2.25,call,0.1275,0.1275,0.134,2.0,1.0,7356.0,7816.0,1786.0,14366738.0,0.2047,0.21,0.2542,0.1275,0.004386999999999999,0.5005,1.1352,0.0032,-0.0016,0.0013,0.1963,-0.000182,17.33,8.67,
2026-07-10,ETF,科创50ETF华夏期权_.xls,科创50ETF华夏,科创50沽8月2250,10011921,,8月,2250.0,2.25,put,0.2146,0.2138,0.2147,1.0,50.0,8352.0,5847.0,1881.0,14583153.0,0.17,0.16,0.2165,0.1537,0.006246000000000001,-0.4768,0.796,0.0032,-0.0019,-0.0017,0.224,0.000182,10.29,-4.91,
2026-07-10,ETF,科创50ETF华夏期权_.xls,科创50ETF华夏,科创50购8月2300,10011913,,8月,2300.0,2.3,call,0.118,0.1189,0.1213,3.0,1.0,17453.0,11414.0,4662.0,30394667.0,0.1835,0.185,0.2298,0.1178,0.00473,0.4542,1.0459,0.0032,-0.0017,0.0012,0.1757,-0.000396,18.72,8.5,
2026-07-10,ETF,科创50ETF华夏期权_.xls,科创50ETF华夏,科创50沽8月2300,10011922,,8月,2300.0,2.3,put,0.2477,0.245,0.2499,1.0,2.0,14143.0,7496.0,2897.0,28423422.0,0.1984,0.1907,0.2497,0.1795,0.006371,-0.5134,0.7813,0.0032,-0.0019,-0.0018,0.2531,0.000396,8.92,-4.58,
2026-07-10,ETF,科创50ETF华夏期权_.xls,科创50ETF华夏,科创50购8月2350,10011947,,8月,2350.0,2.35,call,0.1045,0.1045,0.1059,187.0,1.0,23014.0,10709.0,4452.0,38387985.0,0.1643,0.1708,0.208,0.1029,0.004877,0.4098,0.9949,0.0031,-0.0017,0.0011,0.1569,-0.0006,21.14,8.66,
2026-07-10,ETF,科创50ETF华夏期权_.xls,科创50ETF华夏,科创50沽8月2350,10011949,,8月,2350.0,2.35,put,0.2836,0.2811,0.2848,1.0,1.0,13029.0,5786.0,3982.0,29765377.0,0.2289,0.2189,0.2848,0.2076,0.006527,-0.547,0.7577,0.0032,-0.002,-0.002,0.284,0.0006,7.79,-4.26,
2026-07-10,ETF,科创50ETF华夏期权_.xls,科创50ETF华夏,科创50购8月2400,10011948,,8月,2400.0,2.4,call,0.0909,0.0909,0.0929,1.0,1.0,19643.0,14201.0,4419.0,30122120.0,0.1462,0.1498,0.1874,0.0902,0.004956,0.3674,0.9489,0.003,-0.0016,0.0009,0.1397,-0.000796,24.3,8.93,
2026-07-10,ETF,科创50ETF华夏期权_.xls,科创50ETF华夏,科创50沽8月2400,10011950,,8月,2400.0,2.4,put,0.3199,0.3165,0.3228,1.0,3.0,6064.0,3616.0,2659.0,15441192.0,0.26,0.2496,0.3199,0.2376,0.006646999999999999,-0.5789,0.7346,0.0031,-0.002,-0.0021,0.3166,0.000796,6.91,-4.0,
2026-07-10,ETF,科创50ETF华夏期权_.xls,科创50ETF华夏,科创50购8月2450,10011973,,8月,2450.0,2.45,call,0.0792,0.0777,0.0792,1.0,19.0,13132.0,7164.0,640.0,17912820.0,0.1305,0.1338,0.1695,0.0784,1e-06,0.3847,0.7295,0.0031,-0.0022,0.001,0.1241,-0.000984,27.89,10.73,
2026-07-10,ETF,科创50ETF华夏期权_.xls,科创50ETF华夏,科创50沽8月2450,10011974,,8月,2450.0,2.45,put,0.3554,0.3545,0.3646,1.0,1.0,555.0,895.0,255.0,1628716.0,0.294,0.2819,0.3554,0.269,1e-06,-0.6153,0.7295,0.0031,-0.0019,-0.0022,0.3507,0.000984,6.22,-3.82,
2026-07-10,ETF,科创50ETF华夏期权_.xls,科创50ETF华夏,科创50购8月2500,10012007,,8月,2500.0,2.5,call,0.069,0.069,0.0694,4.0,20.0,19472.0,11416.0,3744.0,22381219.0,0.1154,0.1158,0.154,0.069,1e-06,0.3526,0.7089,0.003,-0.0021,0.0009,0.1101,-0.001164,32.01,11.29,
2026-07-10,ETF,科创50ETF华夏期权_.xls,科创50ETF华夏,科创50沽8月2500,10012009,,8月,2500.0,2.5,put,0.3797,0.3943,0.4049,1.0,1.0,697.0,539.0,-213.0,2344898.0,0.3324,0.316,0.3797,0.3068,1e-06,-0.6474,0.7089,0.003,-0.0018,-0.0024,0.3863,0.001164,5.82,-3.77,
2026-07-10,ETF,科创50ETF华夏期权_.xls,科创50ETF华夏,科创50购8月2550,10012008,,8月,2550.0,2.55,call,0.06,0.0598,0.06,30.0,29.0,63511.0,32269.0,8388.0,65004605.0,0.1034,0.1044,0.1378,0.0598,1e-06,0.3221,0.6845,0.0029,-0.002,0.0008,0.0974,-0.0013369999999999999,36.82,11.86,
2026-07-10,ETF,科创50ETF华夏期权_.xls,科创50ETF华夏,科创50沽8月2550,10012010,,8月,2550.0,2.55,put,0.44,0.4351,0.438,1.0,1.0,1511.0,1430.0,831.0,5556749.0,0.366,0.357,0.44,0.3388,1e-06,-0.6779,0.6845,0.0029,-0.0017,-0.0025,0.4233,0.0013369999999999999,5.02,-3.4,
2026-07-10,ETF,科创50ETF华夏期权_.xls,科创50ETF华夏,科创50购9月1100,10011393,,9月,1100.0,1.1,call,1.0466,1.0298,1.0467,1.0,1.0,182.0,1900.0,45.0,2036759.0,1.228,1.198,1.2132,1.0466,1e-06,0.9969,0.0158,0.0001,-0.0002,0.0023,1.1199,0.010082,2.11,2.1,
2026-07-10,ETF,科创50ETF华夏期权_.xls,科创50ETF华夏,科创50沽9月1100,10011394,,9月,1100.0,1.1,put,0.0027,0.0027,0.003,3.0,1.0,142904.0,120170.0,12493.0,3587239.0,0.0027,0.0024,0.0029,0.0023,0.007151000000000001,-0.0099,0.0368,0.0003,-0.0001,-0.0001,0.0006,-0.010082,818.15,-8.13,
2026-07-10,ETF,科创50ETF华夏期权_.xls,科创50ETF华夏,科创50购9月1150,10011285,,9月,1150.0,1.15,call,1.0284,0.9802,0.9968,1.0,1.0,39.0,1037.0,-13.0,432888.0,1.178,1.1333,1.1611,1.0284,1e-06,0.9949,0.0244,0.0001,-0.0002,0.0023,1.0708,0.009209,2.15,2.14,
2026-07-10,ETF,科创50ETF华夏期权_.xls,科创50ETF华夏,科创50沽9月1150,10011286,,9月,1150.0,1.15,put,0.0031,0.003,0.0031,1.0,34.0,169207.0,103281.0,27078.0,4940682.0,0.0031,0.0027,0.0035,0.0027,0.006876999999999999,-0.0117,0.0441,0.0003,-0.0001,-0.0001,0.001,-0.009209,712.58,-8.33,
2026-07-10,ETF,科创50ETF华夏期权_.xls,科创50ETF华夏,科创50购9月1200,10011221,,9月,1200.0,1.2,call,1.0231,0.931,0.9474,1.0,1.0,25.0,1209.0,5.0,259200.0,1.128,1.0819,1.0819,0.9943,0.006416,0.9882,0.0477,0.0003,-0.0003,0.0024,1.0219,0.008408,2.16,2.13,
2026-07-10,ETF,科创50ETF华夏期权_.xls,科创50ETF华夏,科创50沽9月1200,10011222,,9月,1200.0,1.2,put,0.0037,0.0034,0.0037,1.0,1.0,23664.0,59095.0,4982.0,788818.0,0.0036,0.0031,0.0039,0.0029,0.006651000000000001,-0.0141,0.0537,0.0004,-0.0002,-0.0001,0.0017,-0.008408,597.03,-8.44,
2026-07-10,ETF,科创50ETF华夏期权_.xls,科创50ETF华夏,科创50购9月1250,10011201,,9月,1250.0,1.25,call,0.9743,0.8823,0.8984,1.0,1.0,112.0,1652.0,11.0,1110632.0,1.078,1.0528,1.0633,0.951,0.006242,0.9852,0.0596,0.0004,-0.0003,0.0025,0.9733,0.007672,2.27,2.23,
2026-07-10,ETF,科创50ETF华夏期权_.xls,科创50ETF华夏,科创50沽9月1250,10011202,,9月,1250.0,1.25,put,0.0047,0.0046,0.0048,1.0,2.0,9311.0,37304.0,2315.0,400345.0,0.0046,0.0041,0.0049,0.0036,0.006500000000000001,-0.0179,0.0672,0.0004,-0.0002,-0.0001,0.0027,-0.007672,470.0,-8.4,
2026-07-10,ETF,科创50ETF华夏期权_.xls,科创50ETF华夏,科创50购9月1300,10011099,,9月,1300.0,1.3,call,0.9128,0.8333,0.8492,1.0,1.0,98.0,2507.0,55.0,955007.0,1.028,0.9554,1.02,0.9128,1e-06,0.983,0.0702,0.0004,-0.0003,0.0026,0.9252,0.006992000000000001,2.42,2.38,
2026-07-10,ETF,科创50ETF华夏期权_.xls,科创50ETF华夏,科创50沽9月1300,10011100,,9月,1300.0,1.3,put,0.0062,0.0062,0.0065,5.0,2.0,8498.0,30485.0,2196.0,459743.0,0.0059,0.0055,0.0063,0.0046,0.006403,-0.0231,0.0849,0.0006,-0.0002,-0.0001,0.004,-0.006992000000000001,356.29,-8.25,
2026-07-10,ETF,科创50ETF华夏期权_.xls,科创50ETF华夏,科创50购9月1350,10011095,,9月,1350.0,1.35,call,0.854,0.7858,0.8015,1.0,1.0,76.0,3188.0,38.0,689278.0,0.978,0.9546,0.9677,0.854,1e-06,0.9762,0.0933,0.0006,-0.0004,0.0027,0.8775,0.006363,2.59,2.53,
2026-07-10,ETF,科创50ETF华夏期权_.xls,科创50ETF华夏,科创50沽9月1350,10011096,,9月,1350.0,1.35,put,0.0078,0.0077,0.0078,12.0,11.0,8644.0,25257.0,1486.0,604507.0,0.0074,0.007,0.0079,0.006,0.006267,-0.0289,0.1043,0.0007,-0.0003,-0.0001,0.0059,-0.006363,283.21,-8.18,
2026-07-10,ETF,科创50ETF华夏期权_.xls,科创50ETF华夏,科创50购9月1400,10011073,,9月,1400.0,1.4,call,0.745,0.7386,0.7538,1.0,1.0,656.0,5424.0,44.0,5774214.0,0.928,0.88,0.925,0.745,1e-06,0.9677,0.1205,0.0007,-0.0004,0.0027,0.8305,0.005778999999999999,2.97,2.87,
2026-07-10,ETF,科创50ETF华夏期权_.xls,科创50ETF华夏,科创50沽9月1400,10011074,,9月,1400.0,1.4,put,0.0101,0.01,0.0101,1.0,2.0,10744.0,19735.0,973.0,965684.0,0.0098,0.0089,0.0101,0.0079,0.00618,-0.0366,0.1287,0.0008,-0.0003,-0.0002,0.0084,-0.005778999999999999,218.71,-8.01,
2026-07-10,ETF,科创50ETF华夏期权_.xls,科创50ETF华夏,科创50购9月1450,10011025,,9月,1450.0,1.45,call,0.7178,0.6914,0.7063,1.0,1.0,150.0,4320.0,59.0,1202981.0,0.878,0.8591,0.8591,0.7162,1e-06,0.9571,0.1517,0.0009,-0.0005,0.0028,0.7842,0.005234000000000001,3.08,2.95,
2026-07-10,ETF,科创50ETF华夏期权_.xls,科创50ETF华夏,科创50沽9月1450,10011034,,9月,1450.0,1.45,put,0.0126,0.0121,0.0127,2.0,10.0,11161.0,14814.0,1011.0,1261776.0,0.0129,0.012,0.0126,0.0099,0.0060609999999999995,-0.0451,0.1554,0.001,-0.0004,-0.0002,0.0117,-0.005234000000000001,175.32,-7.91,
2026-07-10,ETF,科创50ETF华夏期权_.xls,科创50ETF华夏,科创50购9月1500,10011026,,9月,1500.0,1.5,call,0.6571,0.6457,0.6603,1.0,1.0,276.0,5644.0,64.0,2150927.0,0.828,0.7927,0.8319,0.6571,1e-06,0.9445,0.1865,0.0011,-0.0006,0.0028,0.7388,0.004727,3.36,3.18,
2026-07-10,ETF,科创50ETF华夏期权_.xls,科创50ETF华夏,科创50沽9月1500,10011035,,9月,1500.0,1.5,put,0.016,0.0155,0.016,1.0,18.0,19796.0,19383.0,777.0,2828878.0,0.0153,0.0151,0.0162,0.0123,0.005979,-0.056,0.1872,0.0011,-0.0004,-0.0003,0.0158,-0.004727,138.06,-7.73,
2026-07-10,ETF,科创50ETF华夏期权_.xls,科创50ETF华夏,科创50购9月1550,10011027,,9月,1550.0,1.55,call,0.6838,0.6023,0.6142,2.0,1.0,146.0,3150.0,77.0,1048388.0,0.778,0.7502,0.7758,0.667,0.005051,0.9548,0.1869,0.001,-0.0005,0.003,0.6944,0.004252000000000001,3.23,3.08,
2026-07-10,ETF,科创50ETF华夏期权_.xls,科创50ETF华夏,科创50沽9月1550,10011036,,9月,1550.0,1.55,put,0.02,0.0192,0.02,1.0,10.0,10990.0,10593.0,1310.0,1913071.0,0.0195,0.0188,0.02,0.0154,0.0058909999999999995,-0.0685,0.2223,0.0013,-0.0005,-0.0004,0.0209,-0.004252000000000001,110.45,-7.56,
2026-07-10,ETF,科创50ETF华夏期权_.xls,科创50ETF华夏,科创50购9月1600,10011028,,9月,1600.0,1.6,call,0.5772,0.5589,0.57,2.0,1.0,615.0,3684.0,-128.0,3713167.0,0.728,0.7178,0.736,0.5772,1e-06,0.9125,0.2647,0.0016,-0.0008,0.0028,0.6511,0.0038060000000000004,3.83,3.49,
2026-07-10,ETF,科创50ETF华夏期权_.xls,科创50ETF华夏,科创50沽9月1600,10011037,,9月,1600.0,1.6,put,0.0255,0.0242,0.0255,1.0,9.0,18604.0,14427.0,1588.0,3986317.0,0.0233,0.0234,0.0255,0.0192,0.005852,-0.0843,0.2623,0.0016,-0.0006,-0.0004,0.0272,-0.0038060000000000004,86.63,-7.31,
2026-07-10,ETF,科创50ETF华夏期权_.xls,科创50ETF华夏,科创50购9月1650,10011029,,9月,1650.0,1.65,call,0.5288,0.5133,0.5267,1.0,1.0,54.0,4701.0,1.0,331770.0,0.678,0.65,0.6808,0.5288,1e-06,0.8931,0.3066,0.0019,-0.0009,0.0028,0.6091,0.0033880000000000004,4.18,3.73,
2026-07-10,ETF,科创50ETF华夏期权_.xls,科创50ETF华夏,科创50沽9月1650,10011038,,9月,1650.0,1.65,put,0.0329,0.0329,0.0331,3.0,1.0,18171.0,15290.0,-633.0,4751013.0,0.03,0.0287,0.0329,0.0239,0.00586,-0.1039,0.3054,0.0018,-0.0007,-0.0005,0.0347,-0.0033880000000000004,67.14,-6.97,
2026-07-10,ETF,科创50ETF华夏期权_.xls,科创50ETF华夏,科创50购9月1700,10011030,,9月,1700.0,1.7,call,0.48,0.4716,0.4844,1.0,1.0,393.0,5467.0,32.0,2236175.0,0.628,0.5899,0.6509,0.48,1e-06,0.8715,0.3493,0.0021,-0.001,0.0028,0.5685,0.002994,4.6,4.01,
2026-07-10,ETF,科创50ETF华夏期权_.xls,科创50ETF华夏,科创50沽9月1700,10011039,,9月,1700.0,1.7,put,0.0401,0.0396,0.0418,10.0,7.0,13099.0,19315.0,784.0,4504343.0,0.0376,0.0362,0.0401,0.0305,0.00579,-0.1232,0.3493,0.0021,-0.0007,-0.0007,0.0437,-0.002994,55.09,-6.79,
2026-07-10,ETF,科创50ETF华夏期权_.xls,科创50ETF华夏,科创50购9月1750,10011031,,9月,1750.0,1.75,call,0.446,0.4321,0.4444,1.0,1.0,211.0,6975.0,76.0,1141805.0,0.578,0.5746,0.6055,0.446,1e-06,0.8478,0.3919,0.0024,-0.0011,0.0028,0.5294,0.002623,4.95,4.2,
2026-07-10,ETF,科创50ETF华夏期权_.xls,科创50ETF华夏,科创50沽9月1750,10011040,,9月,1750.0,1.75,put,0.049,0.048,0.0498,1.0,2.0,20603.0,19356.0,3609.0,8424514.0,0.0455,0.0443,0.0491,0.0375,0.005744,-0.1456,0.3948,0.0023,-0.0008,-0.0008,0.054,-0.002623,45.08,-6.56,
2026-07-10,ETF,科创50ETF华夏期权_.xls,科创50ETF华夏,科创50购9月1800,10011032,,9月,1800.0,1.8,call,0.4004,0.4018,0.4062,1.0,1.0,3466.0,11854.0,-256.0,17491137.0,0.528,0.5399,0.5677,0.4004,1e-06,0.8221,0.4336,0.0026,-0.0012,0.0028,0.4918,0.0022719999999999997,5.52,4.54,
2026-07-10,ETF,科创50ETF华夏期权_.xls,科创50ETF华夏,科创50沽9月1800,10011041,,9月,1800.0,1.8,put,0.0629,0.06,0.0629,1.0,3.0,29214.0,26547.0,5991.0,15116205.0,0.055,0.0511,0.0629,0.047,0.005842000000000001,-0.1745,0.437,0.0026,-0.0009,-0.0009,0.066,-0.0022719999999999997,35.12,-6.13,
2026-07-10,ETF,科创50ETF华夏期权_.xls,科创50ETF华夏,科创50购9月1850,10011033,,9月,1850.0,1.85,call,0.3672,0.3672,0.3699,1.0,1.0,1121.0,15198.0,58.0,5238316.0,0.478,0.477,0.5277,0.3655,1e-06,0.7946,0.4735,0.0029,-0.0013,0.0027,0.4558,0.001941,6.02,4.78,
2026-07-10,ETF,科创50ETF华夏期权_.xls,科创50ETF华夏,科创50沽9月1850,10011042,,9月,1850.0,1.85,put,0.0757,0.0757,0.076,1.0,19.0,12987.0,14901.0,1937.0,8189675.0,0.0655,0.0659,0.0757,0.0575,0.005824,-0.2017,0.4793,0.0028,-0.001,-0.0011,0.0796,-0.001941,29.18,-5.89,
2026-07-10,ETF,科创50ETF华夏期权_.xls,科创50ETF华夏,科创50购9月1900,10011561,,9月,1900.0,1.9,call,0.3334,0.3334,0.336,1.0,1.0,1171.0,7113.0,-192.0,5104442.0,0.4335,0.4558,0.49,0.3334,0.0023639999999999998,0.9379,0.5133,0.0012,-0.0004,0.0036,0.4215,0.0016260000000000003,6.63,6.21,
2026-07-10,ETF,科创50ETF华夏期权_.xls,科创50ETF华夏,科创50沽9月1900,10011563,,9月,1900.0,1.9,put,0.0886,0.0866,0.0916,2.0,3.0,9087.0,10659.0,59.0,6841717.0,0.0797,0.0792,0.0912,0.0695,0.005758,-0.2295,0.5225,0.0031,-0.0011,-0.0012,0.0948,-0.0016260000000000003,24.93,-5.72,
2026-07-10,ETF,科创50ETF华夏期权_.xls,科创50ETF华夏,科创50购9月1950,10011562,,9月,1950.0,1.95,call,0.3001,0.2988,0.3041,5.0,1.0,2946.0,10208.0,-483.0,11655170.0,0.3943,0.4071,0.4524,0.2998,0.002933,0.8574,0.7623,0.0023,-0.0006,0.0033,0.389,0.001328,7.36,6.31,
2026-07-10,ETF,科创50ETF华夏期权_.xls,科创50ETF华夏,科创50沽9月1950,10011564,,9月,1950.0,1.95,put,0.1101,0.1101,0.1102,23.0,1.0,7836.0,10806.0,-293.0,7210031.0,0.0935,0.0933,0.1101,0.0838,0.005908,-0.2636,0.5486,0.0033,-0.0012,-0.0014,0.1118,-0.001328,20.06,-5.29,
2026-07-10,ETF,科创50ETF华夏期权_.xls,科创50ETF华夏,科创50购9月2000,10011605,,9月,2000.0,2.0,call,0.2716,0.273,0.2748,5.0,1.0,3333.0,9019.0,-306.0,10545411.0,0.368,0.3751,0.4199,0.2704,0.003323,0.7861,0.8696,0.0029,-0.0008,0.0031,0.3582,0.001045,8.13,6.39,
2026-07-10,ETF,科创50ETF华夏期权_.xls,科创50ETF华夏,科创50沽9月2000,10011606,,9月,2000.0,2.0,put,0.1301,0.1301,0.1308,40.0,2.0,4253.0,10884.0,914.0,4675580.0,0.1108,0.1012,0.1302,0.0998,0.005947,-0.2958,0.5763,0.0035,-0.0013,-0.0016,0.1305,-0.001045,16.98,-5.02,
2026-07-10,ETF,科创50ETF华夏期权_.xls,科创50ETF华夏,科创50购9月2050,10011621,,9月,2050.0,2.05,call,0.2423,0.2452,0.2454,1.0,17.0,1047.0,7931.0,118.0,3225745.0,0.3325,0.3661,0.3863,0.2422,0.003503,0.7277,0.9405,0.0033,-0.0009,0.0028,0.3292,0.000776,9.12,6.63,
2026-07-10,ETF,科创50ETF华夏期权_.xls,科创50ETF华夏,科创50沽9月2050,10011622,,9月,2050.0,2.05,put,0.155,0.152,0.1569,1.0,1.0,3811.0,8002.0,1241.0,4904416.0,0.1294,0.1257,0.155,0.118,0.006069,-0.3292,0.5915,0.0036,-0.0013,-0.0018,0.151,-0.000776,14.25,-4.69,
2026-07-10,ETF,科创50ETF华夏期权_.xls,科创50ETF华夏,科创50购9月2100,10011641,,9月,2100.0,2.1,call,0.2216,0.2209,0.2237,5.0,1.0,3462.0,10473.0,474.0,9907207.0,0.3062,0.3289,0.359,0.2201,0.00381,0.6671,0.9462,0.0037,-0.0011,0.0026,0.3019,0.000519,9.97,6.65,
2026-07-10,ETF,科创50ETF华夏期权_.xls,科创50ETF华夏,科创50沽9月2100,10011643,,9月,2100.0,2.1,put,0.1835,0.1827,0.1835,10.0,1.0,3900.0,13117.0,1579.0,5816260.0,0.1503,0.1499,0.1835,0.1376,0.0062309999999999996,-0.362,0.5968,0.0038,-0.0014,-0.002,0.1733,-0.000519,12.04,-4.36,
2026-07-10,ETF,科创50ETF华夏期权_.xls,科创50ETF华夏,科创50购9月2150,10011642,,9月,2150.0,2.15,call,0.1988,0.2012,0.2017,1.0,1.0,4432.0,14203.0,28.0,12191570.0,0.2805,0.2906,0.3306,0.1988,0.003958,0.6149,0.9581,0.0039,-0.0011,0.0024,0.2763,0.000274,11.11,6.83,
2026-07-10,ETF,科创50ETF华夏期权_.xls,科创50ETF华夏,科创50沽9月2150,10011644,,9月,2150.0,2.15,put,0.2069,0.2033,0.207,1.0,50.0,4025.0,6547.0,990.0,7043544.0,0.176,0.1652,0.2069,0.1599,0.006209,-0.3935,0.6145,0.0039,-0.0015,-0.0022,0.1972,-0.000274,10.68,-4.2,
2026-07-10,ETF,科创50ETF华夏期权_.xls,科创50ETF华夏,科创50购9月2200,10011661,,9月,2200.0,2.2,call,0.18,0.178,0.18,1.0,26.0,9989.0,24206.0,494.0,25796368.0,0.2564,0.2752,0.3049,0.1781,0.004133,0.5658,0.9447,0.004,-0.0012,0.0022,0.2524,4.0999999999999994e-05,12.27,6.94,
2026-07-10,ETF,科创50ETF华夏期权_.xls,科创50ETF华夏,科创50沽9月2200,10011662,,9月,2200.0,2.2,put,0.2371,0.2371,0.2408,7.0,1.0,3057.0,5527.0,786.0,6110299.0,0.1989,0.1901,0.2371,0.1843,0.00632,-0.4243,0.6149,0.0039,-0.0015,-0.0024,0.2229,-4.0999999999999994e-05,9.32,-3.95,
2026-07-10,ETF,科创50ETF华夏期权_.xls,科创50ETF华夏,科创50购9月2250,10011827,,9月,2250.0,2.25,call,0.16,0.1614,0.1639,1.0,1.0,3517.0,7084.0,654.0,7848227.0,0.232,0.244,0.2811,0.16,0.00421,0.5196,0.9389,0.004,-0.0012,0.0021,0.2301,-0.000182,13.81,7.17,
2026-07-10,ETF,科创50ETF华夏期权_.xls,科创50ETF华夏,科创50沽9月2250,10011828,,9月,2250.0,2.25,put,0.2677,0.2677,0.273,1.0,1.0,3404.0,4515.0,1476.0,7654571.0,0.2243,0.2241,0.269,0.21,0.006399,-0.4542,0.6144,0.004,-0.0015,-0.0026,0.2502,0.000182,8.25,-3.75,
2026-07-10,ETF,科创50ETF华夏期权_.xls,科创50ETF华夏,科创50购9月2300,10011841,,9月,2300.0,2.3,call,0.1449,0.143,0.1475,10.0,1.0,4857.0,6575.0,549.0,10691493.0,0.2117,0.2139,0.2592,0.144,0.004353,0.4774,0.9077,0.004,-0.0013,0.0019,0.2095,-0.000396,15.24,7.28,
2026-07-10,ETF,科创50ETF华夏期权_.xls,科创50ETF华夏,科创50沽9月2300,10011842,,9月,2300.0,2.3,put,0.3012,0.2978,0.2997,1.0,1.0,1860.0,2931.0,632.0,4749112.0,0.2541,0.2447,0.3018,0.2359,0.006512,-0.4824,0.6072,0.004,-0.0016,-0.0028,0.279,0.000396,7.33,-3.54,
2026-07-10,ETF,科创50ETF华夏期权_.xls,科创50ETF华夏,科创50购9月2350,10011951,,9月,2350.0,2.35,call,0.129,0.129,0.1318,6.0,20.0,5791.0,5651.0,1557.0,11340021.0,0.198,0.2075,0.2386,0.129,0.004425,0.4368,0.8832,0.004,-0.0013,0.0017,0.1904,-0.0006,17.12,7.48,
2026-07-10,ETF,科创50ETF华夏期权_.xls,科创50ETF华夏,科创50沽9月2350,10011953,,9月,2350.0,2.35,put,0.3357,0.3331,0.3426,1.0,1.0,1882.0,2240.0,1149.0,5360958.0,0.2853,0.2829,0.3357,0.2669,0.006614,-0.5092,0.5983,0.004,-0.0016,-0.003,0.3094,0.0006,6.58,-3.35,
2026-07-10,ETF,科创50ETF华夏期权_.xls,科创50ETF华夏,科创50购9月2400,10011952,,9月,2400.0,2.4,call,0.1168,0.1162,0.1166,1.0,1.0,24708.0,9482.0,2079.0,45122188.0,0.1751,0.175,0.2186,0.1168,0.004543999999999999,0.4009,0.844,0.0039,-0.0013,0.0016,0.1727,-0.000796,18.91,7.58,
2026-07-10,ETF,科创50ETF华夏期权_.xls,科创50ETF华夏,科创50沽9月2400,10011954,,9月,2400.0,2.4,put,0.3723,0.3699,0.3798,1.0,1.0,309.0,810.0,108.0,982122.0,0.3217,0.3058,0.3723,0.2974,0.006735,-0.5341,0.5855,0.004,-0.0016,-0.0032,0.3413,0.000796,5.93,-3.17,
2026-07-10,ETF,科创50ETF华夏期权_.xls,科创50ETF华夏,科创50购9月2450,10011975,,9月,2450.0,2.45,call,0.1051,0.1025,0.109,1.0,1.0,22552.0,8021.0,1680.0,37284192.0,0.1593,0.1688,0.2019,0.1051,1e-06,0.4167,0.6495,0.0039,-0.0016,0.0016,0.1564,-0.000984,21.02,8.76,
2026-07-10,ETF,科创50ETF华夏期权_.xls,科创50ETF华夏,科创50沽9月2450,10011976,,9月,2450.0,2.45,put,0.4027,0.4081,0.4159,1.0,4.0,180.0,662.0,22.0,643788.0,0.3495,0.3367,0.4027,0.3297,1e-06,-0.5833,0.6495,0.0039,-0.0013,-0.0035,0.3746,0.000984,5.49,-3.2,
2026-07-10,ETF,科创50ETF华夏期权_.xls,科创50ETF华夏,科创50购9月2500,10012011,,9月,2500.0,2.5,call,0.0955,0.095,0.0986,3.0,1.0,33408.0,10066.0,1799.0,49929148.0,0.145,0.15,0.1854,0.0951,1e-06,0.388,0.6377,0.0039,-0.0016,0.0015,0.1415,-0.001164,23.13,8.97,
2026-07-10,ETF,科创50ETF华夏期权_.xls,科创50ETF华夏,科创50沽9月2500,10012013,,9月,2500.0,2.5,put,0.4446,0.4477,0.4587,1.0,1.0,158.0,447.0,50.0,621139.0,0.3846,0.3803,0.4446,0.3687,1e-06,-0.612,0.6377,0.0039,-0.0013,-0.0037,0.4092,0.001164,4.97,-3.04,
2026-07-10,ETF,科创50ETF华夏期权_.xls,科创50ETF华夏,科创50购9月2550,10012012,,9月,2550.0,2.55,call,0.0854,0.0854,0.086,9.0,10.0,73871.0,44840.0,8253.0,100491750.0,0.1309,0.1388,0.1718,0.0853,1e-06,0.3604,0.623,0.0038,-0.0016,0.0014,0.1278,-0.0013369999999999999,25.87,9.32,
2026-07-10,ETF,科创50ETF华夏期权_.xls,科创50ETF华夏,科创50沽9月2550,10012014,,9月,2550.0,2.55,put,0.4905,0.4877,0.4993,1.0,1.0,411.0,634.0,133.0,1746389.0,0.4274,0.4188,0.4905,0.4017,1e-06,-0.6396,0.623,0.0038,-0.0013,-0.0039,0.445,0.0013369999999999999,4.5,-2.88,
2026-07-10,ETF,科创50ETF华夏期权_.xls,科创50ETF华夏,科创50购12月1300,10011515,,12月,1300.0,1.3,call,0.8176,0.7997,0.8276,1.0,1.0,119.0,1991.0,-3.0,1115883.0,1.028,0.942,0.99,0.8176,1e-06,0.9609,0.1105,0.0013,-0.0003,0.0054,0.9493,0.006992000000000001,2.7,2.6,
2026-07-10,ETF,科创50ETF华夏期权_.xls,科创50ETF华夏,科创50沽12月1300,10011516,,12月,1300.0,1.3,put,0.0244,0.0244,0.0247,1.0,1.0,14515.0,23944.0,477.0,3200036.0,0.0222,0.0222,0.0257,0.0199,0.005848,-0.0559,0.129,0.0017,-0.0003,-0.0007,0.0138,-0.006992000000000001,90.53,-5.06,
2026-07-10,ETF,科创50ETF华夏期权_.xls,科创50ETF华夏,科创50购12月1350,10011479,,12月,1350.0,1.35,call,0.7721,0.756,0.7833,1.0,1.0,30.0,319.0,29.0,262882.0,0.978,0.8899,0.9399,0.7721,1e-06,0.9507,0.133,0.0015,-0.0004,0.0055,0.9046,0.006363,2.86,2.72,
2026-07-10,ETF,科创50ETF华夏期权_.xls,科创50ETF华夏,科创50沽12月1350,10011488,,12月,1350.0,1.35,put,0.0288,0.0286,0.0312,1.0,1.0,7258.0,7072.0,1095.0,1953514.0,0.0272,0.0261,0.0313,0.0241,0.005756,-0.0652,0.1478,0.0019,-0.0003,-0.0008,0.0181,-0.006363,76.7,-5.0,
2026-07-10,ETF,科创50ETF华夏期权_.xls,科创50ETF华夏,科创50购12月1400,10011480,,12月,1400.0,1.4,call,0.744,0.7132,0.7398,1.0,1.0,9.0,844.0,5.0,74252.0,0.928,0.8875,0.8875,0.744,1e-06,0.9391,0.1573,0.0018,-0.0004,0.0056,0.8607,0.005778999999999999,2.97,2.79,
2026-07-10,ETF,科创50ETF华夏期权_.xls,科创50ETF华夏,科创50沽12月1400,10011489,,12月,1400.0,1.4,put,0.0344,0.0344,0.0366,2.0,1.0,5662.0,9866.0,353.0,1818702.0,0.0329,0.032,0.0373,0.029,0.005696,-0.0764,0.1687,0.0021,-0.0003,-0.0009,0.0232,-0.005778999999999999,64.22,-4.9,
2026-07-10,ETF,科创50ETF华夏期权_.xls,科创50ETF华夏,科创50购12月1450,10011481,,12月,1450.0,1.45,call,0.7914,0.6724,0.6983,1.0,1.0,5.0,470.0,2.0,41272.0,0.878,0.8452,0.8452,0.7914,0.00319,0.9844,0.0822,0.0006,-0.0002,0.0063,0.8179,0.005234000000000001,2.79,2.75,
2026-07-10,ETF,科创50ETF华夏期权_.xls,科创50ETF华夏,科创50沽12月1450,10011490,,12月,1450.0,1.45,put,0.0425,0.0424,0.0466,2.0,1.0,2845.0,3856.0,587.0,1135847.0,0.0411,0.0401,0.0458,0.0361,0.0057079999999999995,-0.0907,0.1914,0.0024,-0.0004,-0.0011,0.0294,-0.005234000000000001,51.98,-4.71,
2026-07-10,ETF,科创50ETF华夏期权_.xls,科创50ETF华夏,科创50购12月1500,10011482,,12月,1500.0,1.5,call,0.65,0.6318,0.6572,1.0,1.0,20.0,795.0,9.0,153185.0,0.828,0.75,0.8152,0.65,1e-06,0.9112,0.2097,0.0024,-0.0005,0.0057,0.7761,0.004727,3.4,3.1,
2026-07-10,ETF,科创50ETF华夏期权_.xls,科创50ETF华夏,科创50沽12月1500,10011491,,12月,1500.0,1.5,put,0.0538,0.0508,0.0523,1.0,20.0,5136.0,12214.0,495.0,2441538.0,0.0483,0.0467,0.0547,0.043,0.0057940000000000005,-0.1082,0.2146,0.0028,-0.0004,-0.0013,0.0366,-0.004727,41.06,-4.44,
2026-07-10,ETF,科创50ETF华夏期权_.xls,科创50ETF华夏,科创50购12月1550,10011483,,12月,1550.0,1.55,call,0.7199,0.5939,0.6186,1.0,1.0,1.0,973.0,1.0,7199.0,0.778,0.7199,0.7199,0.7199,0.004511,0.9164,0.228,0.0023,-0.0005,0.006,0.7355,0.004252000000000001,3.07,2.81,
2026-07-10,ETF,科创50ETF华夏期权_.xls,科创50ETF华夏,科创50沽12月1550,10011492,,12月,1550.0,1.55,put,0.0647,0.0615,0.0674,1.0,1.0,1589.0,5573.0,353.0,922884.0,0.06,0.0592,0.0652,0.0539,0.0058119999999999995,-0.1251,0.2371,0.0031,-0.0005,-0.0016,0.0449,-0.004252000000000001,34.14,-4.27,
2026-07-10,ETF,科创50ETF华夏期权_.xls,科创50ETF华夏,科创50购12月1600,10011484,,12月,1600.0,1.6,call,0.5735,0.5664,0.5813,1.0,1.0,133.0,1672.0,-58.0,884280.0,0.728,0.69,0.735,0.5735,1e-06,0.8775,0.2649,0.003,-0.0006,0.0057,0.696,0.0038060000000000004,3.85,3.38,
2026-07-10,ETF,科创50ETF华夏期权_.xls,科创50ETF华夏,科创50沽12月1600,10011493,,12月,1600.0,1.6,put,0.0781,0.0734,0.0802,1.0,1.0,2907.0,7438.0,739.0,2008510.0,0.0712,0.0701,0.0781,0.0641,0.005865,-0.1438,0.2587,0.0034,-0.0005,-0.0018,0.0544,-0.0038060000000000004,28.28,-4.07,
2026-07-10,ETF,科创50ETF华夏期权_.xls,科创50ETF华夏,科创50购12月1650,10011485,,12月,1650.0,1.65,call,0.5357,0.5215,0.5446,1.0,1.0,12.0,509.0,8.0,73361.0,0.678,0.6829,0.6945,0.5357,1e-06,0.8585,0.2925,0.0033,-0.0007,0.0057,0.6579,0.0033880000000000004,4.12,3.54,
2026-07-10,ETF,科创50ETF华夏期权_.xls,科创50ETF华夏,科创50沽12月1650,10011494,,12月,1650.0,1.65,put,0.0911,0.0861,0.0922,1.0,1.0,1767.0,2366.0,274.0,1420275.0,0.085,0.0792,0.0911,0.0776,0.005866,-0.1622,0.28,0.0037,-0.0006,-0.0021,0.0652,-0.0033880000000000004,24.25,-3.93,
2026-07-10,ETF,科创50ETF华夏期权_.xls,科创50ETF华夏,科创50购12月1700,10011486,,12月,1700.0,1.7,call,0.5146,0.4874,0.5097,1.0,1.0,59.0,1922.0,-21.0,351128.0,0.628,0.6384,0.6384,0.5146,1e-06,0.8383,0.3196,0.0037,-0.0007,0.0056,0.621,0.002994,4.29,3.6,
2026-07-10,ETF,科创50ETF华夏期权_.xls,科创50ETF华夏,科创50沽12月1700,10011495,,12月,1700.0,1.7,put,0.1059,0.1009,0.1046,1.0,7.0,2191.0,3314.0,53.0,2082336.0,0.0955,0.0945,0.1059,0.0886,0.00588,-0.1816,0.3004,0.0039,-0.0006,-0.0023,0.0773,-0.002994,20.86,-3.79,
2026-07-10,ETF,科创50ETF华夏期权_.xls,科创50ETF华夏,科创50购12月1750,10011487,,12月,1750.0,1.75,call,0.4811,0.4547,0.4761,1.0,1.0,1694.0,3047.0,-533.0,10265125.0,0.578,0.5896,0.6171,0.4811,1e-06,0.817,0.3459,0.004,-0.0008,0.0056,0.5855,0.002623,4.59,3.75,
2026-07-10,ETF,科创50ETF华夏期权_.xls,科创50ETF华夏,科创50沽12月1750,10011496,,12月,1750.0,1.75,put,0.1223,0.1167,0.124,1.0,1.0,1642.0,3749.0,407.0,1788049.0,0.1108,0.1066,0.1223,0.1021,0.0059,-0.2019,0.3194,0.0042,-0.0007,-0.0026,0.0908,-0.002623,18.06,-3.65,
2026-07-10,ETF,科创50ETF华夏期权_.xls,科创50ETF华夏,科创50购12月1800,10011523,,12月,1800.0,1.8,call,0.435,0.43,0.4439,1.0,1.0,322.0,3797.0,-63.0,1688749.0,0.5358,0.5398,0.59,0.435,1e-06,0.7947,0.371,0.0042,-0.0008,0.0055,0.5513,0.0022719999999999997,5.08,4.04,
2026-07-10,ETF,科创50ETF华夏期权_.xls,科创50ETF华夏,科创50沽12月1800,10011524,,12月,1800.0,1.8,put,0.1384,0.1341,0.1385,1.0,6.0,2011.0,7823.0,538.0,2515545.0,0.1283,0.1251,0.1384,0.1178,0.005882000000000001,-0.2221,0.3387,0.0044,-0.0007,-0.0029,0.1056,-0.0022719999999999997,15.96,-3.54,
2026-07-10,ETF,科创50ETF华夏期权_.xls,科创50ETF华夏,科创50购12月1850,10011535,,12月,1850.0,1.85,call,0.4092,0.3977,0.414,1.0,1.0,183.0,3113.0,-107.0,859697.0,0.5023,0.5176,0.564,0.4092,0.002192,0.9206,0.4512,0.0022,-0.0003,0.0074,0.5186,0.001941,5.4,4.97,
2026-07-10,ETF,科创50ETF华夏期权_.xls,科创50ETF华夏,科创50沽12月1850,10011536,,12月,1850.0,1.85,put,0.16,0.1538,0.1645,1.0,1.0,1177.0,2974.0,537.0,1657726.0,0.1468,0.1395,0.16,0.1365,0.0059570000000000005,-0.2442,0.3526,0.0047,-0.0008,-0.0032,0.1219,-0.001941,13.81,-3.37,
2026-07-10,ETF,科创50ETF华夏期权_.xls,科创50ETF华夏,科创50购12月1900,10011565,,12月,1900.0,1.9,call,0.3813,0.3665,0.3854,1.0,1.0,143.0,1589.0,-10.0,684187.0,0.4715,0.4763,0.53,0.3813,0.002671,0.8504,0.5831,0.0035,-0.0005,0.0069,0.4872,0.0016260000000000003,5.79,4.93,
2026-07-10,ETF,科创50ETF华夏期权_.xls,科创50ETF华夏,科创50沽12月1900,10011567,,12月,1900.0,1.9,put,0.1777,0.1777,0.1861,3.0,1.0,2462.0,3263.0,953.0,3941076.0,0.1655,0.1601,0.1797,0.155,0.005920000000000001,-0.265,0.3703,0.0049,-0.0008,-0.0035,0.1395,-0.0016260000000000003,12.43,-3.29,
2026-07-10,ETF,科创50ETF华夏期权_.xls,科创50ETF华夏,科创50购12月1950,10011566,,12月,1950.0,1.95,call,0.35,0.3404,0.3585,1.0,1.0,381.0,2288.0,2.0,1659929.0,0.445,0.45,0.5,0.35,0.002845,0.8027,0.6532,0.0041,-0.0005,0.0065,0.4573,0.001328,6.31,5.07,
2026-07-10,ETF,科创50ETF华夏期权_.xls,科创50ETF华夏,科创50沽12月1950,10011568,,12月,1950.0,1.95,put,0.2031,0.1976,0.2093,1.0,1.0,1373.0,1771.0,-468.0,2449704.0,0.1866,0.1776,0.2031,0.1753,0.006012,-0.2875,0.3795,0.0051,-0.0008,-0.0038,0.1585,-0.001328,10.88,-3.13,
2026-07-10,ETF,科创50ETF华夏期权_.xls,科创50ETF华夏,科创50购12月2000,10011607,,12月,2000.0,2.0,call,0.3293,0.3156,0.3329,1.0,1.0,2144.0,4050.0,-110.0,9665749.0,0.4154,0.4358,0.4715,0.3293,0.0031590000000000003,0.7481,0.676,0.0048,-0.0006,0.0061,0.4287,0.001045,6.71,5.02,
2026-07-10,ETF,科创50ETF华夏期权_.xls,科创50ETF华夏,科创50沽12月2000,10011608,,12月,2000.0,2.0,put,0.23,0.23,0.2309,7.0,1.0,1530.0,3602.0,24.0,3117224.0,0.2053,0.2031,0.2302,0.1966,0.006103000000000001,-0.3096,0.3866,0.0053,-0.0008,-0.0042,0.179,-0.001045,9.6,-2.97,
2026-07-10,ETF,科创50ETF华夏期权_.xls,科创50ETF华夏,科创50购12月2050,10011623,,12月,2050.0,2.05,call,0.3022,0.2932,0.3097,1.0,1.0,332.0,1884.0,22.0,1234310.0,0.3948,0.409,0.4456,0.3022,0.0032549999999999996,0.7064,0.7078,0.0051,-0.0007,0.0058,0.4016,0.000776,7.31,5.16,
2026-07-10,ETF,科创50ETF华夏期权_.xls,科创50ETF华夏,科创50沽12月2050,10011624,,12月,2050.0,2.05,put,0.2528,0.2481,0.261,1.0,1.0,321.0,1888.0,57.0,745922.0,0.2287,0.2254,0.2528,0.2196,0.006091,-0.331,0.3984,0.0054,-0.0009,-0.0045,0.2008,-0.000776,8.74,-2.89,
2026-07-10,ETF,科创50ETF华夏期权_.xls,科创50ETF华夏,科创50购12月2100,10011645,,12月,2100.0,2.1,call,0.2827,0.2713,0.2872,1.0,1.0,833.0,2642.0,157.0,2831440.0,0.3649,0.3725,0.4188,0.2826,0.003442,0.6636,0.7096,0.0055,-0.0007,0.0054,0.3758,0.000519,7.81,5.19,
2026-07-10,ETF,科创50ETF华夏期权_.xls,科创50ETF华夏,科创50沽12月2100,10011647,,12月,2100.0,2.1,put,0.2838,0.2754,0.281,1.0,6.0,470.0,3072.0,71.0,1201334.0,0.2554,0.2488,0.2838,0.2449,0.006207000000000001,-0.3522,0.4003,0.0055,-0.0009,-0.0049,0.224,-0.000519,7.78,-2.74,
2026-07-10,ETF,科创50ETF华夏期权_.xls,科创50ETF华夏,科创50购12月2150,10011646,,12月,2150.0,2.15,call,0.257,0.257,0.2667,5.0,1.0,1438.0,5952.0,477.0,5105931.0,0.3422,0.3994,0.3998,0.257,0.003468,0.6257,0.7313,0.0057,-0.0007,0.0051,0.3514,0.000274,8.6,5.38,
2026-07-10,ETF,科创50ETF华夏期权_.xls,科创50ETF华夏,科创50沽12月2150,10011648,,12月,2150.0,2.15,put,0.3112,0.3045,0.3112,1.0,5.0,472.0,4745.0,324.0,1337628.0,0.2828,0.2713,0.3112,0.2685,0.006235000000000001,-0.373,0.4063,0.0057,-0.0009,-0.0052,0.2486,-0.000274,7.1,-2.65,
2026-07-10,ETF,科创50ETF华夏期权_.xls,科创50ETF华夏,科创50购12月2200,10011663,,12月,2200.0,2.2,call,0.2458,0.2417,0.2458,2.0,5.0,2092.0,11712.0,191.0,6755589.0,0.3195,0.335,0.3745,0.2432,0.003709,0.5885,0.702,0.0058,-0.0008,0.0048,0.3282,4.0999999999999994e-05,8.99,5.29,
2026-07-10,ETF,科创50ETF华夏期权_.xls,科创50ETF华夏,科创50沽12月2200,10011664,,12月,2200.0,2.2,put,0.3409,0.3409,0.35,14.0,1.0,591.0,7373.0,98.0,1817748.0,0.3098,0.3015,0.3409,0.2975,0.0062829999999999995,-0.3934,0.4097,0.0057,-0.0009,-0.0055,0.2744,-4.0999999999999994e-05,6.48,-2.55,
2026-07-10,ETF,科创50ETF华夏期权_.xls,科创50ETF华夏,科创50购12月2250,10011829,,12月,2250.0,2.25,call,0.2244,0.22,0.2302,4.0,1.0,541.0,1899.0,56.0,1646827.0,0.3034,0.308,0.3455,0.2244,0.003738,0.5537,0.7078,0.0059,-0.0008,0.0046,0.3064,-0.000182,9.84,5.45,
2026-07-10,ETF,科创50ETF华夏期权_.xls,科创50ETF华夏,科创50沽12月2250,10011830,,12月,2250.0,2.25,put,0.372,0.3667,0.375,1.0,1.0,763.0,1656.0,537.0,2574071.0,0.3377,0.33,0.372,0.325,0.006336,-0.4132,0.4114,0.0058,-0.0009,-0.0059,0.3015,0.000182,5.94,-2.45,
2026-07-10,ETF,科创50ETF华夏期权_.xls,科创50ETF华夏,科创50购12月2300,10011843,,12月,2300.0,2.3,call,0.2163,0.202,0.2136,1.0,1.0,402.0,1802.0,100.0,1112000.0,0.2809,0.3044,0.3262,0.2163,0.00396,0.524,0.6729,0.006,-0.0008,0.0043,0.2857,-0.000396,10.21,5.35,
2026-07-10,ETF,科创50ETF华夏期权_.xls,科创50ETF华夏,科创50沽12月2300,10011844,,12月,2300.0,2.3,put,0.4017,0.3992,0.4099,1.0,1.0,449.0,1432.0,176.0,1659065.0,0.3699,0.3656,0.4017,0.355,0.006347,-0.4331,0.4147,0.0059,-0.0009,-0.0062,0.3299,0.000396,5.5,-2.38,
2026-07-10,ETF,科创50ETF华夏期权_.xls,科创50ETF华夏,科创50购12月2350,10011955,,12月,2350.0,2.35,call,0.1956,0.1956,0.198,5.0,1.0,684.0,1814.0,131.0,1857005.0,0.266,0.2873,0.3134,0.1956,0.0039429999999999995,0.4915,0.6769,0.006,-0.0008,0.0041,0.2663,-0.0006,11.29,5.55,
2026-07-10,ETF,科创50ETF华夏期权_.xls,科创50ETF华夏,科创50沽12月2350,10011957,,12月,2350.0,2.35,put,0.4405,0.433,0.45,1.0,1.0,189.0,630.0,96.0,746133.0,0.4015,0.3811,0.4405,0.3811,0.006495999999999999,-0.45,0.4078,0.0059,-0.001,-0.0066,0.3594,0.0006,5.01,-2.26,
2026-07-10,ETF,科创50ETF华夏期权_.xls,科创50ETF华夏,科创50购12月2400,10011956,,12月,2400.0,2.4,call,0.1765,0.1751,0.1837,1.0,1.0,1508.0,2723.0,474.0,3887322.0,0.248,0.2533,0.3473,0.1765,0.003928,0.4595,0.6762,0.0059,-0.0008,0.0038,0.248,-0.000796,12.52,5.75,
2026-07-10,ETF,科创50ETF华夏期权_.xls,科创50ETF华夏,科创50沽12月2400,10011958,,12月,2400.0,2.4,put,0.466,0.4678,0.4857,1.0,1.0,69.0,574.0,49.0,293618.0,0.4312,0.4259,0.466,0.4144,0.006404000000000001,-0.471,0.4158,0.0059,-0.001,-0.0069,0.3901,0.000796,4.74,-2.23,
2026-07-10,ETF,科创50ETF华夏期权_.xls,科创50ETF华夏,科创50购12月2450,10011977,,12月,2450.0,2.45,call,0.16,0.16,0.17,20.0,1.0,1775.0,2662.0,284.0,4168294.0,0.232,0.2498,0.2804,0.16,0.003933,0.429,0.6681,0.0059,-0.0008,0.0036,0.2308,-0.000984,13.81,5.92,
2026-07-10,ETF,科创50ETF华夏期权_.xls,科创50ETF华夏,科创50沽12月2450,10011978,,12月,2450.0,2.45,put,0.5099,0.5035,0.522,1.0,1.0,115.0,887.0,-60.0,526555.0,0.4662,0.4557,0.5099,0.4455,0.006606999999999999,-0.4849,0.4038,0.006,-0.001,-0.0072,0.4219,0.000984,4.33,-2.1,
2026-07-10,ETF,科创50ETF华夏期权_.xls,科创50ETF华夏,科创50购12月2500,10012015,,12月,2500.0,2.5,call,0.1535,0.1536,0.1573,1.0,1.0,2061.0,2508.0,725.0,4585814.0,0.2151,0.2228,0.2648,0.1535,0.0040869999999999995,0.4071,0.6355,0.0058,-0.0008,0.0034,0.2147,-0.001164,14.39,5.86,
2026-07-10,ETF,科创50ETF华夏期权_.xls,科创50ETF华夏,科创50沽12月2500,10012017,,12月,2500.0,2.5,put,0.55,0.54,0.5593,1.0,1.0,157.0,403.0,95.0,782302.0,0.4991,0.4857,0.55,0.4809,0.006731999999999999,-0.4996,0.3966,0.006,-0.001,-0.0076,0.4547,0.001164,4.02,-2.01,
2026-07-10,ETF,科创50ETF华夏期权_.xls,科创50ETF华夏,科创50购12月2550,10012016,,12月,2550.0,2.55,call,0.1017,0.1017,0.1449,5.0,1.0,9026.0,17819.0,2891.0,17802686.0,0.1991,0.2069,0.2466,0.1017,0.0034159999999999998,0.3384,0.7167,0.0055,-0.0006,0.003,0.1996,-0.0013369999999999999,21.72,7.35,
2026-07-10,ETF,科创50ETF华夏期权_.xls,科创50ETF华夏,科创50沽12月2550,10012018,,12月,2550.0,2.55,put,0.585,0.577,0.5971,1.0,1.0,324.0,1328.0,123.0,1733131.0,0.536,0.5306,0.585,0.5158,0.006757999999999999,-0.5161,0.3948,0.006,-0.001,-0.0079,0.4886,0.0013369999999999999,3.78,-1.95,
2026-07-10,ETF,中证500ETF嘉实期权_.xls,中证500ETF嘉实,中证500ETF购7月2900,90007637,,7月,2900.0,2.9,call,0.64,0.5326,0.5454,1.0,1.0,7.0,1054.0,-5.0,44652.0,0.6071,0.6359,0.64,0.6293,0.01151,0.8218,0.3475,0.0017,-0.0078,0.0008,0.56,0.0019140000000000001,5.4,4.44,
2026-07-10,ETF,中证500ETF嘉实期权_.xls,中证500ETF嘉实,中证500ETF沽7月2900,90007638,,7月,2900.0,2.9,put,0.0007,0.0006,0.0009,10.0,1.0,1578.0,4731.0,210.0,8463.0,0.0007,0.0005,0.0007,0.0004,0.00395,-0.008,0.0853,0.0001,-0.0002,-0.0,0.0003,-0.0019140000000000001,4935.71,-39.59,
2026-07-10,ETF,中证500ETF嘉实期权_.xls,中证500ETF嘉实,中证500ETF购7月2950,90007625,,7月,2950.0,2.95,call,0.4992,0.4826,0.4954,1.0,1.0,257.0,1057.0,2.0,1466164.0,0.5571,0.5719,0.5856,0.4992,1e-06,0.9911,0.1018,0.0002,-0.0006,0.001,0.5104,0.0017120000000000002,6.92,6.86,
2026-07-10,ETF,中证500ETF嘉实期权_.xls,中证500ETF嘉实,中证500ETF沽7月2950,90007626,,7月,2950.0,2.95,put,0.0007,0.0004,0.0009,329.0,1.0,1122.0,3472.0,581.0,6667.0,0.0008,0.0007,0.0007,0.0005,0.0036200000000000004,-0.0089,0.1018,0.0002,-0.0002,-0.0,0.0007,-0.0017120000000000002,4935.71,-43.83,
2026-07-10,ETF,中证500ETF嘉实期权_.xls,中证500ETF嘉实,中证500ETF购7月3000,90007601,,7月,3000.0,3.0,call,0.465,0.4348,0.446,1.0,1.0,76.0,1221.0,2.0,397113.0,0.5072,0.5382,0.5382,0.465,0.004496,0.9578,0.307,0.0006,-0.0014,0.001,0.4613,0.0015170000000000001,7.43,7.12,
2026-07-10,ETF,中证500ETF嘉实期权_.xls,中证500ETF嘉实,中证500ETF沽7月3000,90007610,,7月,3000.0,3.0,put,0.0009,0.0007,0.0009,5.0,12.0,716.0,2943.0,199.0,6631.0,0.0009,0.0008,0.0011,0.0008,0.003382,-0.0116,0.1377,0.0002,-0.0003,-0.0,0.0015,-0.0015170000000000001,3838.89,-44.58,
2026-07-10,ETF,中证500ETF嘉实期权_.xls,中证500ETF嘉实,中证500ETF购7月3100,90007602,,7月,3100.0,3.1,call,0.3874,0.3406,0.3454,1.0,1.0,116.0,825.0,25.0,506953.0,0.4073,0.4112,0.4505,0.3874,0.005659000000000001,0.8607,0.6011,0.0014,-0.0035,0.0009,0.365,0.001145,8.92,7.68,
2026-07-10,ETF,中证500ETF嘉实期权_.xls,中证500ETF嘉实,中证500ETF沽7月3100,90007611,,7月,3100.0,3.1,put,0.0021,0.0025,0.0026,10.0,2.0,5018.0,4577.0,1247.0,80088.0,0.0018,0.0012,0.0024,0.0011,0.00307,-0.0269,0.3107,0.0004,-0.0005,-0.0,0.0051,-0.001145,1645.24,-44.31,
2026-07-10,ETF,中证500ETF嘉实期权_.xls,中证500ETF嘉实,中证500ETF购7月3200,90007603,,7月,3200.0,3.2,call,0.2457,0.2455,0.2458,1.0,1.0,879.0,1994.0,-11.0,2813615.0,0.3074,0.3097,0.3531,0.2457,1e-06,0.881,0.8426,0.0013,-0.0021,0.001,0.2743,0.000797,14.06,12.39,
2026-07-10,ETF,中证500ETF嘉实期权_.xls,中证500ETF嘉实,中证500ETF沽7月3200,90007612,,7月,3200.0,3.2,put,0.006,0.006,0.0061,21.0,1.0,7482.0,8817.0,2125.0,284982.0,0.0047,0.0037,0.006,0.0026,0.002874,-0.0707,0.7223,0.0009,-0.0009,-0.0001,0.0142,-0.000797,575.83,-40.73,
2026-07-10,ETF,中证500ETF嘉实期权_.xls,中证500ETF嘉实,中证500ETF购7月3300,90007604,,7月,3300.0,3.3,call,0.1588,0.1556,0.1622,1.0,1.0,4197.0,5749.0,992.0,9498039.0,0.2077,0.2146,0.2559,0.1574,1e-06,0.7671,1.2953,0.002,-0.0031,0.0009,0.1935,0.00047,21.76,16.69,
2026-07-10,ETF,中证500ETF嘉实期权_.xls,中证500ETF嘉实,中证500ETF沽7月3300,90007613,,7月,3300.0,3.3,put,0.0168,0.0168,0.017,20.0,1.0,14329.0,12761.0,2045.0,1424143.0,0.012,0.0109,0.0168,0.007,0.002732,-0.1718,1.4301,0.0017,-0.0017,-0.0002,0.0332,-0.00047,205.65,-35.34,
2026-07-10,ETF,中证500ETF嘉实期权_.xls,中证500ETF嘉实,中证500ETF购7月3400,90007605,,7月,3400.0,3.4,call,0.0843,0.0836,0.0843,1.0,11.0,12501.0,9213.0,220.0,17667816.0,0.1221,0.129,0.168,0.082,0.0018679999999999999,0.6979,2.8636,0.0023,-0.0019,0.0008,0.1266,0.00016200000000000003,40.98,28.6,
2026-07-10,ETF,中证500ETF嘉实期权_.xls,中证500ETF嘉实,中证500ETF沽7月3400,90007614,,7月,3400.0,3.4,put,0.0432,0.0432,0.0433,18.0,1.0,22107.0,9856.0,1990.0,5873494.0,0.031,0.0289,0.0434,0.0192,0.002686,-0.3544,2.124,0.0024,-0.0024,-0.0005,0.0662,-0.00016200000000000003,79.98,-28.34,
2026-07-10,ETF,中证500ETF嘉实期权_.xls,中证500ETF嘉实,中证500ETF购7月3500,90007606,,7月,3500.0,3.5,call,0.0381,0.0381,0.0382,30.0,54.0,36654.0,21962.0,1730.0,26533525.0,0.063,0.066,0.0946,0.0362,0.002125,0.3964,2.7813,0.0025,-0.0022,0.0005,0.0763,-0.000129,90.68,35.95,
2026-07-10,ETF,中证500ETF嘉实期权_.xls,中证500ETF嘉实,中证500ETF沽7月3500,90007615,,7月,3500.0,3.5,put,0.0972,0.0961,0.0974,1.0,1.0,23645.0,9449.0,962.0,14390852.0,0.0668,0.0599,0.0976,0.0456,0.0029010000000000004,-0.5713,2.0754,0.0026,-0.0026,-0.0007,0.1157,0.000129,35.55,-20.31,
2026-07-10,ETF,中证500ETF嘉实期权_.xls,中证500ETF嘉实,中证500ETF购7月3600,90007607,,7月,3600.0,3.6,call,0.0154,0.0154,0.0156,32.0,1.0,35798.0,33053.0,7786.0,12728004.0,0.0286,0.0308,0.0453,0.0154,0.002318,0.1891,1.7901,0.0018,-0.0017,0.0002,0.042,-0.00040300000000000004,224.35,42.43,
2026-07-10,ETF,中证500ETF嘉实期权_.xls,中证500ETF嘉实,中证500ETF沽7月3600,90007616,,7月,3600.0,3.6,put,0.1734,0.172,0.1734,1.0,9.0,10994.0,6540.0,1470.0,13102837.0,0.1336,0.1285,0.1752,0.0959,0.0032619999999999997,-0.7294,1.5562,0.0022,-0.0024,-0.001,0.1813,0.00040300000000000004,19.93,-14.53,
2026-07-10,ETF,中证500ETF嘉实期权_.xls,中证500ETF嘉实,中证500ETF购7月3700,90007608,,7月,3700.0,3.7,call,0.0061,0.006,0.0061,7.0,200.0,22174.0,30095.0,2988.0,3107334.0,0.0122,0.0125,0.0198,0.0055,0.002516,0.083,0.9316,0.001,-0.001,0.0001,0.0211,-0.0006619999999999999,566.39,47.01,
2026-07-10,ETF,中证500ETF嘉实期权_.xls,中证500ETF嘉实,中证500ETF沽7月3700,90007617,,7月,3700.0,3.7,put,0.2633,0.2596,0.2659,1.0,1.0,3726.0,3452.0,636.0,7234550.0,0.217,0.2026,0.264,0.1706,0.003801,-0.8151,1.0766,0.0017,-0.0022,-0.0011,0.2602,0.0006619999999999999,13.12,-10.7,
2026-07-10,ETF,中证500ETF嘉实期权_.xls,中证500ETF嘉实,中证500ETF购7月3800,90007609,,7月,3800.0,3.8,call,0.0024,0.0026,0.0028,5.0,2.0,6883.0,14917.0,1342.0,435169.0,0.0057,0.006,0.009,0.0024,0.0027,0.0351,0.4396,0.0005,-0.0005,0.0,0.0097,-0.0009080000000000001,1439.58,50.47,
2026-07-10,ETF,中证500ETF嘉实期权_.xls,中证500ETF嘉实,中证500ETF沽7月3800,90007618,,7月,3800.0,3.8,put,0.3628,0.3596,0.362,1.0,1.0,574.0,1093.0,-32.0,1696002.0,0.3096,0.2943,0.3628,0.26,0.004689,-0.8445,0.781,0.0016,-0.0024,-0.0012,0.3486,0.0009080000000000001,9.52,-8.04,
2026-07-10,ETF,中证500ETF嘉实期权_.xls,中证500ETF嘉实,中证500ETF购7月3900,90007651,,7月,3900.0,3.9,call,0.0011,0.0011,0.0014,6.0,2.0,9345.0,10647.0,1079.0,270277.0,0.0027,0.0032,0.004,0.001,0.0029289999999999997,0.0164,0.2137,0.0003,-0.0003,0.0,0.0041,-0.001141,3140.91,51.4,
2026-07-10,ETF,中证500ETF嘉实期权_.xls,中证500ETF嘉实,中证500ETF沽7月3900,90007652,,7月,3900.0,3.9,put,0.4549,0.4556,0.4666,1.0,1.0,124.0,1605.0,48.0,500114.0,0.409,0.3755,0.4549,0.363,0.00494,-0.8917,0.5772,0.0012,-0.0019,-0.0013,0.4428,0.001141,7.6,-6.77,
2026-07-10,ETF,中证500ETF嘉实期权_.xls,中证500ETF嘉实,中证500ETF购7月4000,90007677,,7月,4000.0,4.0,call,0.001,0.0008,0.0014,1.0,40.0,4721.0,7596.0,309.0,93686.0,0.0024,0.0025,0.0029,0.001,0.003406,0.0132,0.1523,0.0002,-0.0003,0.0,0.0016,-0.001362,3455.0,45.44,
2026-07-10,ETF,中证500ETF嘉实期权_.xls,中证500ETF嘉实,中证500ETF沽7月4000,90007678,,7月,4000.0,4.0,put,0.5366,0.5542,0.5681,1.0,1.0,30.0,343.0,30.0,148970.0,0.5054,0.4791,0.5366,0.474,1e-06,-0.9815,0.1917,0.0003,0.0001,-0.0014,0.5401,0.001362,6.44,-6.32,
2026-07-10,ETF,中证500ETF嘉实期权_.xls,中证500ETF嘉实,中证500ETF购7月4100,90007763,,7月,4100.0,4.1,call,0.0009,0.0008,0.0009,10.0,1.0,3421.0,5556.0,-24.0,54255.0,0.0014,0.0017,0.002,0.0009,0.0038469999999999997,0.0107,0.1131,0.0002,-0.0003,0.0,0.0005,-0.001573,3838.89,41.25,
2026-07-10,ETF,中证500ETF嘉实期权_.xls,中证500ETF嘉实,中证500ETF沽7月4100,90007764,,7月,4100.0,4.1,put,0.5784,0.6504,0.6672,2.0,1.0,12.0,79.0,12.0,69420.0,0.6048,0.579,0.579,0.5784,1e-06,-0.9928,0.0845,0.0001,0.0003,-0.0014,0.639,0.001573,5.97,-5.93,
2026-07-10,ETF,中证500ETF嘉实期权_.xls,中证500ETF嘉实,中证500ETF购8月3000,90007781,,8月,3000.0,3.0,call,0.5103,0.4223,0.433,1.0,1.0,13.0,18.0,10.0,66380.0,0.5164,0.498,0.5185,0.498,0.003997,0.8616,0.441,0.0028,-0.0015,0.0032,0.4945,0.0015170000000000001,6.77,5.83,
2026-07-10,ETF,中证500ETF嘉实期权_.xls,中证500ETF嘉实,中证500ETF沽8月3000,90007782,,8月,3000.0,3.0,put,0.0154,0.0152,0.0157,1.0,1.0,754.0,560.0,418.0,97043.0,0.0138,0.0133,0.0158,0.011,0.003064,-0.0838,0.4012,0.0019,-0.0006,-0.0004,0.0218,-0.0015170000000000001,224.35,-18.81,
2026-07-10,ETF,中证500ETF嘉实期权_.xls,中证500ETF嘉实,中证500ETF购8月3100,90007761,,8月,3100.0,3.1,call,0.3451,0.3375,0.3428,1.0,1.0,2.0,222.0,2.0,6902.0,0.4184,0.3451,0.3451,0.3451,1e-06,0.8405,0.575,0.003,-0.0014,0.0033,0.4108,0.001145,10.01,8.42,
2026-07-10,ETF,中证500ETF嘉实期权_.xls,中证500ETF嘉实,中证500ETF沽8月3100,90007762,,8月,3100.0,3.1,put,0.0268,0.0267,0.0274,1.0,1.0,1734.0,1378.0,470.0,369366.0,0.0225,0.0222,0.027,0.0185,0.003,-0.1345,0.5762,0.0027,-0.0008,-0.0006,0.0375,-0.001145,128.92,-17.34,
2026-07-10,ETF,中证500ETF嘉实期权_.xls,中证500ETF嘉实,中证500ETF购8月3200,90007733,,8月,3200.0,3.2,call,0.2642,0.2596,0.2616,1.0,1.0,423.0,1007.0,169.0,1377367.0,0.3239,0.3215,0.353,0.2622,1e-06,0.7694,0.7202,0.0038,-0.0016,0.0031,0.3341,0.000797,13.08,10.06,
2026-07-10,ETF,中证500ETF嘉实期权_.xls,中证500ETF嘉实,中证500ETF沽8月3200,90007742,,8月,3200.0,3.2,put,0.0461,0.0456,0.0466,1.0,1.0,1014.0,1831.0,370.0,370955.0,0.0383,0.0373,0.0468,0.0313,0.002988,-0.2071,0.7636,0.0036,-0.001,-0.001,0.0602,-0.000797,74.95,-15.52,
2026-07-10,ETF,中证500ETF嘉实期权_.xls,中证500ETF嘉实,中证500ETF购8月3300,90007734,,8月,3300.0,3.3,call,0.1905,0.1885,0.1935,1.0,1.0,352.0,1243.0,250.0,862064.0,0.2365,0.257,0.2682,0.1904,0.001479,0.8397,1.315,0.0031,-0.0008,0.0036,0.2658,0.00047,18.14,15.23,
2026-07-10,ETF,中证500ETF嘉实期权_.xls,中证500ETF嘉实,中证500ETF沽8月3300,90007743,,8月,3300.0,3.3,put,0.0746,0.0745,0.0762,1.0,1.0,1061.0,1872.0,656.0,632036.0,0.0621,0.0594,0.0757,0.05,0.002988,-0.2972,0.9247,0.0043,-0.0012,-0.0014,0.0914,-0.00047,46.31,-13.77,
2026-07-10,ETF,中证500ETF嘉实期权_.xls,中证500ETF嘉实,中证500ETF购8月3400,90007735,,8月,3400.0,3.4,call,0.1328,0.1318,0.1343,1.0,1.0,1148.0,2429.0,106.0,1986660.0,0.1702,0.1714,0.2026,0.1328,0.0018280000000000002,0.6423,1.6299,0.0047,-0.0011,0.0027,0.2067,0.00016200000000000003,26.02,16.71,
2026-07-10,ETF,中证500ETF嘉实期权_.xls,中证500ETF嘉实,中证500ETF沽8月3400,90007744,,8月,3400.0,3.4,put,0.1175,0.1156,0.1176,1.0,1.0,2189.0,2239.0,325.0,1999176.0,0.0968,0.0886,0.1181,0.0792,0.003078,-0.4003,1.002,0.0048,-0.0014,-0.002,0.1317,-0.00016200000000000003,29.4,-11.77,
2026-07-10,ETF,中证500ETF嘉实期权_.xls,中证500ETF嘉实,中证500ETF购8月3500,90007736,,8月,3500.0,3.5,call,0.0889,0.0879,0.0893,1.0,1.0,2857.0,3199.0,881.0,3543802.0,0.1166,0.1243,0.1443,0.0879,0.002006,0.476,1.5844,0.005,-0.0012,0.002,0.157,-0.000129,38.86,18.5,
2026-07-10,ETF,中证500ETF嘉实期权_.xls,中证500ETF嘉实,中证500ETF沽8月3500,90007745,,8月,3500.0,3.5,put,0.1717,0.1721,0.1728,1.0,1.0,1567.0,2713.0,932.0,2089317.0,0.1435,0.1376,0.1731,0.12,0.003176,-0.5014,1.0025,0.005,-0.0014,-0.0025,0.1814,0.000129,20.12,-10.09,
2026-07-10,ETF,中证500ETF嘉实期权_.xls,中证500ETF嘉实,中证500ETF购8月3600,90007737,,8月,3600.0,3.6,call,0.0572,0.0571,0.0573,1.0,2.0,1959.0,2258.0,406.0,1584379.0,0.0789,0.0797,0.0975,0.057,0.0021230000000000003,0.3377,1.374,0.0046,-0.0011,0.0015,0.1165,-0.00040300000000000004,60.4,20.4,
2026-07-10,ETF,中证500ETF嘉实期权_.xls,中证500ETF嘉实,中证500ETF沽8月3600,90007746,,8月,3600.0,3.6,put,0.2415,0.2392,0.2423,1.0,1.0,680.0,1999.0,425.0,1278535.0,0.2059,0.192,0.2415,0.1762,0.0033950000000000004,-0.5887,0.9146,0.0049,-0.0014,-0.003,0.2403,0.00040300000000000004,14.31,-8.42,
2026-07-10,ETF,中证500ETF嘉实期权_.xls,中证500ETF嘉实,中证500ETF购8月3700,90007738,,8月,3700.0,3.7,call,0.0364,0.0357,0.0369,2.0,1.0,3136.0,2829.0,1215.0,1687537.0,0.0513,0.0521,0.0665,0.0361,0.002234,0.232,1.0902,0.0038,-0.001,0.001,0.0845,-0.0006619999999999999,94.92,22.03,
2026-07-10,ETF,中证500ETF嘉实期权_.xls,中证500ETF嘉实,中证500ETF沽8月3700,90007747,,8月,3700.0,3.7,put,0.321,0.3179,0.323,1.0,1.0,101.0,773.0,71.0,273269.0,0.277,0.2442,0.321,0.2442,0.003663,-0.6572,0.8009,0.0046,-0.0014,-0.0034,0.3076,0.0006619999999999999,10.76,-7.07,
2026-07-10,ETF,中证500ETF嘉实期权_.xls,中证500ETF嘉实,中证500ETF购8月3800,90007739,,8月,3800.0,3.8,call,0.0225,0.0221,0.0226,1.0,1.0,1034.0,2429.0,522.0,343047.0,0.0334,0.0337,0.0432,0.0225,0.00232,0.1541,0.8167,0.003,-0.0008,0.0007,0.0598,-0.0009080000000000001,153.56,23.67,
2026-07-10,ETF,中证500ETF嘉实期权_.xls,中证500ETF嘉实,中证500ETF沽8月3800,90007748,,8月,3800.0,3.8,put,0.391,0.402,0.4123,1.0,1.0,71.0,469.0,50.0,242209.0,0.3583,0.3249,0.391,0.3249,0.003582,-0.7331,0.7325,0.0041,-0.0012,-0.0038,0.3824,0.0009080000000000001,8.84,-6.48,
2026-07-10,ETF,中证500ETF嘉实期权_.xls,中证500ETF嘉实,中证500ETF购8月3900,90007740,,8月,3900.0,3.9,call,0.0144,0.0139,0.0145,1.0,1.0,1717.0,2819.0,894.0,403577.0,0.0216,0.022,0.0285,0.0144,0.002429,0.103,0.5895,0.0022,-0.0006,0.0004,0.0414,-0.001141,239.93,24.72,
2026-07-10,ETF,中证500ETF嘉实期权_.xls,中证500ETF嘉实,中证500ETF沽8月3900,90007749,,8月,3900.0,3.9,put,0.4342,0.4922,0.5044,1.0,1.0,4.0,198.0,0.0,17368.0,0.4458,0.4342,0.4342,0.4342,0.002327,-0.9071,0.5701,0.0021,-0.0001,-0.0047,0.4634,0.001141,7.96,-7.22,
2026-07-10,ETF,中证500ETF嘉实期权_.xls,中证500ETF嘉实,中证500ETF购8月4000,90007741,,8月,4000.0,4.0,call,0.0093,0.0089,0.0095,1.0,79.0,782.0,1013.0,279.0,128602.0,0.0145,0.0145,0.0192,0.009,0.0025329999999999997,0.0688,0.4177,0.0017,-0.0005,0.0003,0.0281,-0.001362,371.51,25.58,
2026-07-10,ETF,中证500ETF嘉实期权_.xls,中证500ETF嘉实,中证500ETF沽8月4000,90007750,,8月,4000.0,4.0,put,0.5009,0.5847,0.599,1.0,1.0,10.0,189.0,10.0,50090.0,0.5383,0.5009,0.5009,0.5009,1e-06,-0.8619,0.5222,0.0028,-0.0005,-0.0046,0.5495,0.001362,6.9,-5.95,
2026-07-10,ETF,中证500ETF嘉实期权_.xls,中证500ETF嘉实,中证500ETF购8月4100,90007765,,8月,4100.0,4.1,call,0.0063,0.006,0.0062,1.0,1.0,1875.0,1865.0,603.0,212157.0,0.0097,0.0109,0.0133,0.0062,0.002652,0.0474,0.2975,0.0012,-0.0004,0.0002,0.0186,-0.001573,548.41,26.0,
2026-07-10,ETF,中证500ETF嘉实期权_.xls,中证500ETF嘉实,中证500ETF沽8月4100,90007766,,8月,4100.0,4.1,put,,0.6829,0.6978,1.0,1.0,0.0,8.0,0.0,0.0,0.6334,,,,0.005078,-0.7897,0.4534,0.0036,-0.0015,-0.0045,0.6395,0.001573,,,
2026-07-10,ETF,中证500ETF嘉实期权_.xls,中证500ETF嘉实,中证500ETF购9月2800,90007241,,9月,2800.0,2.8,call,0.6938,0.6022,0.6139,1.0,1.0,18.0,1533.0,-18.0,125229.0,0.7216,0.6922,0.7076,0.6807,0.003176,0.9438,0.226,0.0018,-0.0007,0.0053,0.6916,0.002339,4.98,4.7,
2026-07-10,ETF,中证500ETF嘉实期权_.xls,中证500ETF嘉实,中证500ETF沽9月2800,90007242,,9月,2800.0,2.8,put,0.0157,0.0155,0.0162,1.0,1.0,10630.0,15033.0,2896.0,1425156.0,0.014,0.013,0.0157,0.0118,0.003336,-0.0644,0.2395,0.002,-0.0004,-0.0005,0.0105,-0.002339,220.06,-14.18,
2026-07-10,ETF,中证500ETF嘉实期权_.xls,中证500ETF嘉实,中证500ETF购9月2850,90007225,,9月,2850.0,2.85,call,0.5697,0.5556,0.5672,1.0,1.0,5.0,450.0,5.0,28485.0,0.672,0.5697,0.5697,0.5697,1e-06,0.9358,0.2613,0.002,-0.0007,0.0054,0.6458,0.0021230000000000003,6.06,5.67,
2026-07-10,ETF,中证500ETF嘉实期权_.xls,中证500ETF嘉实,中证500ETF沽9月2850,90007226,,9月,2850.0,2.85,put,0.0193,0.0193,0.0202,1.0,1.0,697.0,4934.0,182.0,116767.0,0.017,0.0161,0.0193,0.0146,0.003287,-0.0777,0.2806,0.0023,-0.0005,-0.0006,0.0142,-0.0021230000000000003,179.02,-13.91,
2026-07-10,ETF,中证500ETF嘉实期权_.xls,中证500ETF嘉实,中证500ETF购9月2900,90007133,,9月,2900.0,2.9,call,0.6,0.5115,0.5229,1.0,1.0,14.0,813.0,0.0,84756.0,0.6225,0.6044,0.6156,0.6,0.003011,0.9209,0.3104,0.0023,-0.0008,0.0054,0.6009,0.0019140000000000001,5.76,5.3,
2026-07-10,ETF,中证500ETF嘉实期权_.xls,中证500ETF嘉实,中证500ETF沽9月2900,90007135,,9月,2900.0,2.9,put,0.0228,0.0241,0.025,1.0,1.0,834.0,2781.0,401.0,170832.0,0.021,0.0204,0.024,0.0188,0.003208,-0.0912,0.3243,0.0026,-0.0005,-0.0007,0.0189,-0.0019140000000000001,151.54,-13.82,
2026-07-10,ETF,中证500ETF嘉实期权_.xls,中证500ETF嘉实,中证500ETF购9月2950,90007134,,9月,2950.0,2.95,call,0.5527,0.4658,0.4769,1.0,1.0,5.0,1426.0,5.0,27635.0,0.5731,0.5527,0.5527,0.5527,0.0028850000000000004,0.9095,0.3586,0.0026,-0.0008,0.0054,0.5571,0.0017120000000000002,6.25,5.69,
2026-07-10,ETF,中证500ETF嘉实期权_.xls,中证500ETF嘉实,中证500ETF沽9月2950,90007136,,9月,2950.0,2.95,put,0.0275,0.0297,0.0312,1.0,1.0,126.0,1541.0,40.0,31857.0,0.0253,0.0253,0.0275,0.0234,0.00315,-0.1082,0.3741,0.0029,-0.0006,-0.0008,0.0246,-0.0017120000000000002,125.64,-13.59,
2026-07-10,ETF,中证500ETF嘉实期权_.xls,中证500ETF嘉实,中证500ETF购9月3000,90007125,,9月,3000.0,3.0,call,0.4651,0.4254,0.4362,1.0,1.0,11.0,981.0,7.0,54890.0,0.5241,0.5104,0.5127,0.4651,1e-06,0.8752,0.4275,0.0032,-0.001,0.0052,0.5146,0.0015170000000000001,7.43,6.5,
2026-07-10,ETF,中证500ETF嘉实期权_.xls,中证500ETF嘉实,中证500ETF沽9月3000,90007126,,9月,3000.0,3.0,put,0.0286,0.0369,0.0384,1.0,1.0,97.0,1397.0,15.0,28695.0,0.0317,0.0307,0.0309,0.0281,0.002954,-0.1181,0.4247,0.0031,-0.0006,-0.0009,0.0317,-0.0015170000000000001,120.8,-14.27,
2026-07-10,ETF,中证500ETF嘉实期权_.xls,中证500ETF嘉实,中证500ETF购9月3100,90007105,,9月,3100.0,3.1,call,0.3731,0.3453,0.353,1.0,1.0,33.0,1203.0,-9.0,131915.0,0.4276,0.4105,0.4405,0.3731,1e-06,0.8201,0.5454,0.0041,-0.0011,0.005,0.434,0.001145,9.26,7.59,
2026-07-10,ETF,中证500ETF嘉实期权_.xls,中证500ETF嘉实,中证500ETF沽9月3100,90007114,,9月,3100.0,3.1,put,0.0541,0.0556,0.0575,1.0,1.0,150.0,1812.0,62.0,74142.0,0.0474,0.0453,0.0541,0.0414,0.0031450000000000002,-0.1861,0.5402,0.0042,-0.0008,-0.0015,0.0501,-0.001145,63.86,-11.88,
2026-07-10,ETF,中证500ETF嘉实期权_.xls,中证500ETF嘉实,中证500ETF购9月3200,90007106,,9月,3200.0,3.2,call,0.2857,0.2731,0.2828,1.0,1.0,313.0,1097.0,103.0,1063616.0,0.3355,0.3334,0.3594,0.2832,0.000895,0.9833,0.2941,0.0007,-0.0004,0.0065,0.3602,0.000797,12.09,11.89,
2026-07-10,ETF,中证500ETF嘉实期权_.xls,中证500ETF嘉实,中证500ETF沽9月3200,90007115,,9月,3200.0,3.2,put,0.0794,0.0814,0.085,1.0,1.0,1435.0,1924.0,378.0,956334.0,0.0698,0.066,0.0797,0.0618,0.003132,-0.2503,0.644,0.005,-0.0009,-0.002,0.0753,-0.000797,43.51,-10.89,
2026-07-10,ETF,中证500ETF嘉实期权_.xls,中证500ETF嘉实,中证500ETF购9月3300,90007107,,9月,3300.0,3.3,call,0.2215,0.2089,0.2177,1.0,1.0,559.0,2471.0,236.0,1503000.0,0.2508,0.2551,0.2858,0.2215,0.001685,0.7756,1.1275,0.0047,-0.0008,0.0051,0.2939,0.00047,15.6,12.1,
2026-07-10,ETF,中证500ETF嘉实期权_.xls,中证500ETF嘉实,中证500ETF沽9月3300,90007116,,9月,3300.0,3.3,put,0.1166,0.117,0.1219,1.0,1.0,1261.0,2496.0,726.0,1248024.0,0.0995,0.0961,0.1166,0.088,0.0032,-0.3258,0.7142,0.0057,-0.001,-0.0026,0.1081,-0.00047,29.63,-9.65,
2026-07-10,ETF,中证500ETF嘉实期权_.xls,中证500ETF嘉实,中证500ETF购9月3400,90007108,,9月,3400.0,3.4,call,0.1671,0.16,0.164,1.0,1.0,649.0,1559.0,85.0,1306545.0,0.1911,0.202,0.2203,0.1663,0.001913,0.6311,1.2508,0.0059,-0.001,0.0042,0.2358,0.00016200000000000003,20.68,13.05,
2026-07-10,ETF,中证500ETF嘉实期权_.xls,中证500ETF嘉实,中证500ETF沽9月3400,90007117,,9月,3400.0,3.4,put,0.1578,0.1619,0.1695,1.0,1.0,1022.0,1447.0,46.0,1346263.0,0.1404,0.1346,0.1579,0.1232,0.0031929999999999997,-0.4023,0.7686,0.0061,-0.0011,-0.0032,0.1491,-0.00016200000000000003,21.89,-8.81,
2026-07-10,ETF,中证500ETF嘉实期权_.xls,中证500ETF嘉实,中证500ETF购9月3500,90007109,,9月,3500.0,3.5,call,0.1217,0.1167,0.1201,1.0,1.0,675.0,1905.0,424.0,1054747.0,0.1442,0.1524,0.1703,0.1217,0.002029,0.5031,1.2472,0.0063,-0.001,0.0034,0.1859,-0.000129,28.39,14.28,
2026-07-10,ETF,中证500ETF嘉实期权_.xls,中证500ETF嘉实,中证500ETF沽9月3500,90007118,,9月,3500.0,3.5,put,0.2233,0.2189,0.2278,1.0,1.0,678.0,1542.0,270.0,1232489.0,0.1911,0.1847,0.2241,0.1701,0.0034490000000000002,-0.4777,0.7326,0.0063,-0.0012,-0.0039,0.1983,0.000129,15.47,-7.39,
2026-07-10,ETF,中证500ETF嘉实期权_.xls,中证500ETF嘉实,中证500ETF购9月3600,90007110,,9月,3600.0,3.6,call,0.0852,0.085,0.0867,1.0,1.0,931.0,3250.0,196.0,1014237.0,0.1058,0.1084,0.127,0.0849,0.002091,0.3878,1.162,0.006,-0.001,0.0026,0.1441,-0.00040300000000000004,40.55,15.73,
2026-07-10,ETF,中证500ETF嘉实期权_.xls,中证500ETF嘉实,中证500ETF沽9月3600,90007119,,9月,3600.0,3.6,put,0.2813,0.2853,0.2949,1.0,1.0,549.0,1953.0,280.0,1309150.0,0.2528,0.2482,0.2815,0.2285,0.003464,-0.5485,0.7251,0.0062,-0.0012,-0.0045,0.2555,0.00040300000000000004,12.28,-6.74,
2026-07-10,ETF,中证500ETF嘉实期权_.xls,中证500ETF嘉实,中证500ETF购9月3700,90007111,,9月,3700.0,3.7,call,0.0622,0.0616,0.0624,1.0,1.0,328.0,2654.0,153.0,274884.0,0.076,0.0755,0.0897,0.0622,0.0022170000000000002,0.2966,0.9898,0.0055,-0.0009,0.002,0.1098,-0.0006619999999999999,55.55,16.48,
2026-07-10,ETF,中证500ETF嘉实期权_.xls,中证500ETF嘉实,中证500ETF沽9月3700,90007120,,9月,3700.0,3.7,put,0.3346,0.3598,0.37,1.0,1.0,41.0,1019.0,21.0,131687.0,0.3217,0.3012,0.3346,0.3012,0.0032909999999999997,-0.6251,0.7309,0.006,-0.001,-0.0052,0.3203,0.0006619999999999999,10.33,-6.45,
2026-07-10,ETF,中证500ETF嘉实期权_.xls,中证500ETF嘉实,中证500ETF购9月3800,90007112,,9月,3800.0,3.8,call,0.0447,0.0437,0.0466,10.0,1.0,654.0,2638.0,48.0,405463.0,0.0549,0.0602,0.0683,0.0447,0.002313,0.2236,0.8194,0.0047,-0.0008,0.0015,0.0823,-0.0009080000000000001,77.29,17.28,
2026-07-10,ETF,中证500ETF嘉实期权_.xls,中证500ETF嘉实,中证500ETF沽9月3800,90007121,,9月,3800.0,3.8,put,0.448,0.4421,0.4529,1.0,1.0,15.0,824.0,15.0,60980.0,0.3995,0.3858,0.448,0.3858,0.004039999999999999,-0.6455,0.5842,0.0059,-0.0012,-0.0056,0.3919,0.0009080000000000001,7.71,-4.98,
2026-07-10,ETF,中证500ETF嘉实期权_.xls,中证500ETF嘉实,中证500ETF购9月3900,90007113,,9月,3900.0,3.9,call,0.0328,0.0313,0.0338,1.0,1.0,866.0,9652.0,263.0,405981.0,0.0401,0.046,0.0504,0.0328,0.00242,0.1692,0.6614,0.004,-0.0007,0.0011,0.0607,-0.001141,105.34,17.83,
2026-07-10,ETF,中证500ETF嘉实期权_.xls,中证500ETF嘉实,中证500ETF沽9月3900,90007122,,9月,3900.0,3.9,put,0.4691,0.5294,0.5407,1.0,1.0,10.0,1071.0,10.0,46910.0,0.484,0.4691,0.4691,0.4691,0.003045,-0.7688,0.6343,0.0048,-0.0006,-0.0065,0.4693,0.001141,7.37,-5.66,
2026-07-10,ETF,中证500ETF嘉实期权_.xls,中证500ETF嘉实,中证500ETF购9月4000,90007535,,9月,4000.0,4.0,call,0.0231,0.0233,0.0235,1.0,1.0,1656.0,5549.0,107.0,568095.0,0.0293,0.0311,0.0372,0.0229,0.002486,0.1247,0.5243,0.0032,-0.0006,0.0008,0.0441,-0.001362,149.57,18.65,
2026-07-10,ETF,中证500ETF嘉实期权_.xls,中证500ETF嘉实,中证500ETF沽9月4000,90007536,,9月,4000.0,4.0,put,0.584,0.6193,0.6312,1.0,1.0,13.0,520.0,10.0,72685.0,0.5728,0.5567,0.584,0.5465,0.003761,-0.7621,0.5218,0.0049,-0.0008,-0.0067,0.5518,0.001362,5.92,-4.51,
2026-07-10,ETF,中证500ETF嘉实期权_.xls,中证500ETF嘉实,中证500ETF购9月4100,90007767,,9月,4100.0,4.1,call,0.0169,0.0163,0.0177,1.0,1.0,1081.0,2760.0,114.0,247825.0,0.0214,0.0231,0.0272,0.0164,0.002573,0.0935,0.4119,0.0026,-0.0005,0.0006,0.0315,-0.001573,204.44,19.12,
2026-07-10,ETF,中证500ETF嘉实期权_.xls,中证500ETF嘉实,中证500ETF沽9月4100,90007768,,9月,4100.0,4.1,put,0.6403,0.7142,0.7264,1.0,1.0,14.0,214.0,13.0,90272.0,0.6645,0.6397,0.6475,0.6344,0.0031079999999999997,-0.8577,0.4593,0.0035,-0.0003,-0.0075,0.6383,0.001573,5.4,-4.63,
2026-07-10,ETF,中证500ETF嘉实期权_.xls,中证500ETF嘉实,中证500ETF购12月2900,90007639,,12月,2900.0,2.9,call,0.511,0.505,0.517,1.0,1.0,30.0,466.0,10.0,167603.0,0.6433,0.5213,0.59,0.51,1e-06,0.8443,0.3196,0.0056,-0.0008,0.0102,0.6814,0.0019140000000000001,6.76,5.71,
2026-07-10,ETF,中证500ETF嘉实期权_.xls,中证500ETF嘉实,中证500ETF沽12月2900,90007640,,12月,2900.0,2.9,put,0.0822,0.0816,0.0865,1.0,1.0,129.0,365.0,26.0,98012.0,0.0754,0.0724,0.085,0.0692,0.003458,-0.1701,0.3133,0.0059,-0.0005,-0.0031,0.0673,-0.0019140000000000001,42.03,-7.15,
2026-07-10,ETF,中证500ETF嘉实期权_.xls,中证500ETF嘉实,中证500ETF购12月2950,90007483,,12月,2950.0,2.95,call,0.48,0.4576,0.4789,1.0,1.0,1.0,829.0,1.0,4800.0,0.595,0.48,0.48,0.48,1e-06,0.8247,0.3451,0.006,-0.0008,0.0101,0.6435,0.0017120000000000002,7.2,5.94,
2026-07-10,ETF,中证500ETF嘉实期权_.xls,中证500ETF嘉实,中证500ETF沽12月2950,90007484,,12月,2950.0,2.95,put,0.0973,0.0936,0.0998,1.0,1.0,39.0,434.0,26.0,33163.0,0.0876,0.0829,0.0973,0.0797,0.003505,-0.1916,0.333,0.0064,-0.0006,-0.0035,0.0784,-0.0017120000000000002,35.51,-6.8,
2026-07-10,ETF,中证500ETF嘉实期权_.xls,中证500ETF嘉实,中证500ETF购12月3000,90007447,,12月,3000.0,3.0,call,0.4574,0.4222,0.4424,1.0,1.0,136.0,563.0,105.0,655231.0,0.5472,0.5021,0.5021,0.4568,1e-06,0.8039,0.3699,0.0065,-0.0009,0.0099,0.6067,0.0015170000000000001,7.55,6.07,
2026-07-10,ETF,中证500ETF嘉实期权_.xls,中证500ETF嘉实,中证500ETF沽12月3000,90007456,,12月,3000.0,3.0,put,0.1095,0.1062,0.1135,1.0,1.0,341.0,759.0,121.0,319261.0,0.1016,0.1025,0.1095,0.0902,0.0034860000000000004,-0.2107,0.3544,0.0067,-0.0006,-0.0038,0.0906,-0.0015170000000000001,31.55,-6.65,
2026-07-10,ETF,中证500ETF嘉实期权_.xls,中证500ETF嘉实,中证500ETF购12月3100,90007448,,12月,3100.0,3.1,call,0.3953,0.3648,0.3736,1.0,1.0,19.0,502.0,-1.0,78456.0,0.4541,0.4255,0.4255,0.3953,1e-06,0.7594,0.4163,0.0073,-0.001,0.0095,0.5368,0.001145,8.74,6.64,
2026-07-10,ETF,中证500ETF嘉实期权_.xls,中证500ETF嘉实,中证500ETF沽12月3100,90007457,,12月,3100.0,3.1,put,0.1277,0.1371,0.1463,1.0,1.0,315.0,501.0,50.0,379496.0,0.1271,0.1236,0.1283,0.1164,0.003323,-0.2463,0.4059,0.0074,-0.0006,-0.0045,0.1187,-0.001145,27.06,-6.66,
2026-07-10,ETF,中证500ETF嘉实期权_.xls,中证500ETF嘉实,中证500ETF购12月3200,90007449,,12月,3200.0,3.2,call,0.313,0.2955,0.3119,1.0,1.0,161.0,585.0,17.0,561983.0,0.3661,0.365,0.3661,0.313,1e-06,0.7114,0.4567,0.008,-0.001,0.0091,0.4721,0.000797,11.04,7.85,
2026-07-10,ETF,中证500ETF嘉实期权_.xls,中证500ETF嘉实,中证500ETF沽12月3200,90007458,,12月,3200.0,3.2,put,0.1766,0.1741,0.1861,1.0,1.0,196.0,1010.0,-124.0,328732.0,0.1611,0.1589,0.1766,0.1486,0.003507,-0.2985,0.4233,0.0081,-0.0007,-0.0055,0.1519,-0.000797,19.56,-5.84,
2026-07-10,ETF,中证500ETF嘉实期权_.xls,中证500ETF嘉实,中证500ETF购12月3300,90007450,,12月,3300.0,3.3,call,0.276,0.2472,0.2572,1.0,1.0,234.0,931.0,31.0,703348.0,0.2855,0.3044,0.3105,0.276,0.0015210000000000002,0.7573,0.8798,0.0073,-0.0006,0.0107,0.4127,0.00047,12.52,9.48,
2026-07-10,ETF,中证500ETF嘉实期权_.xls,中证500ETF嘉实,中证500ETF沽12月3300,90007459,,12月,3300.0,3.3,put,0.2168,0.2192,0.2336,1.0,1.0,301.0,930.0,-137.0,635060.0,0.204,0.1935,0.2179,0.1879,0.003507,-0.345,0.4496,0.0086,-0.0007,-0.0064,0.1905,-0.00047,15.94,-5.5,
2026-07-10,ETF,中证500ETF嘉实期权_.xls,中证500ETF嘉实,中证500ETF购12月3400,90007451,,12月,3400.0,3.4,call,0.2122,0.1975,0.2109,1.0,1.0,70.0,1011.0,-19.0,165662.0,0.2335,0.235,0.2527,0.2122,0.001546,0.6564,1.0183,0.0086,-0.0007,0.0094,0.3587,0.00016200000000000003,16.28,10.69,
2026-07-10,ETF,中证500ETF嘉实期权_.xls,中证500ETF嘉实,中证500ETF沽12月3400,90007460,,12月,3400.0,3.4,put,0.2555,0.2709,0.2871,1.0,1.0,124.0,762.0,-1.0,310965.0,0.2512,0.2406,0.2583,0.2367,0.003435,-0.3921,0.4787,0.009,-0.0007,-0.0074,0.2344,-0.00016200000000000003,13.52,-5.3,
2026-07-10,ETF,中证500ETF嘉实期权_.xls,中证500ETF嘉实,中证500ETF购12月3500,90007452,,12月,3500.0,3.5,call,0.1736,0.1605,0.1708,1.0,1.0,84.0,1345.0,18.0,167024.0,0.1909,0.2039,0.2123,0.1736,0.001725,0.5493,0.9821,0.0093,-0.0007,0.0079,0.31,-0.000129,19.9,10.93,
2026-07-10,ETF,中证500ETF嘉实期权_.xls,中证500ETF嘉实,中证500ETF沽12月3500,90007461,,12月,3500.0,3.5,put,0.3274,0.3291,0.3483,1.0,1.0,54.0,578.0,4.0,162046.0,0.3072,0.2927,0.3274,0.2923,0.003674,-0.4384,0.459,0.0092,-0.0008,-0.0084,0.2837,0.000129,10.55,-4.63,
2026-07-10,ETF,中证500ETF嘉实期权_.xls,中证500ETF嘉实,中证500ETF购12月3600,90007453,,12月,3600.0,3.6,call,0.135,0.1294,0.1375,1.0,1.0,94.0,1254.0,6.0,147433.0,0.1533,0.1694,0.1694,0.135,0.001789,0.4566,0.9486,0.0093,-0.0007,0.0066,0.2664,-0.00040300000000000004,25.59,11.68,
2026-07-10,ETF,中证500ETF嘉实期权_.xls,中证500ETF嘉实,中证500ETF沽12月3600,90007462,,12月,3600.0,3.6,put,0.4034,0.3961,0.4163,1.0,1.0,32.0,896.0,-12.0,126048.0,0.37,0.3882,0.4034,0.3882,0.0039020000000000005,-0.4784,0.4369,0.0093,-0.0008,-0.0094,0.338,0.00040300000000000004,8.56,-4.1,
2026-07-10,ETF,中证500ETF嘉实期权_.xls,中证500ETF嘉实,中证500ETF购12月3700,90007454,,12月,3700.0,3.7,call,0.1285,0.1042,0.1108,1.0,1.0,22.0,804.0,-2.0,29976.0,0.1247,0.1347,0.1433,0.1285,0.002118,0.3963,0.7787,0.009,-0.0007,0.0057,0.2277,-0.0006619999999999999,26.89,10.66,
2026-07-10,ETF,中证500ETF嘉实期权_.xls,中证500ETF嘉实,中证500ETF沽12月3700,90007463,,12月,3700.0,3.7,put,0.4637,0.4686,0.4896,1.0,1.0,30.0,768.0,0.0,137723.0,0.4393,0.433,0.4637,0.433,0.003914999999999999,-0.5194,0.4356,0.0093,-0.0008,-0.0103,0.3973,0.0006619999999999999,7.45,-3.87,
2026-07-10,ETF,中证500ETF嘉实期权_.xls,中证500ETF嘉实,中证500ETF购12月3800,90007455,,12月,3800.0,3.8,call,0.0872,0.0839,0.0894,1.0,1.0,163.0,1249.0,0.0,172708.0,0.1004,0.107,0.114,0.0872,0.001986,0.3127,0.7631,0.0083,-0.0006,0.0045,0.1936,-0.0009080000000000001,39.62,12.39,
2026-07-10,ETF,中证500ETF嘉实期权_.xls,中证500ETF嘉实,中证500ETF沽12月3800,90007464,,12月,3800.0,3.8,put,,0.5446,0.5662,1.0,1.0,0.0,737.0,0.0,0.0,0.5138,,,,0.004226,-0.547,0.4011,0.0093,-0.0009,-0.0112,0.4612,0.0009080000000000001,,,
2026-07-10,ETF,中证500ETF嘉实期权_.xls,中证500ETF嘉实,中证500ETF购12月3900,90007489,,12月,3900.0,3.9,call,0.07,0.068,0.0718,1.0,1.0,235.0,1143.0,14.0,199788.0,0.0801,0.0822,0.094,0.07,0.002065,0.2578,0.6692,0.0075,-0.0006,0.0038,0.1638,-0.001141,49.36,12.72,
2026-07-10,ETF,中证500ETF嘉实期权_.xls,中证500ETF嘉实,中证500ETF沽12月3900,90007490,,12月,3900.0,3.9,put,,0.6274,0.6497,1.0,1.0,0.0,740.0,0.0,0.0,0.5928,,,,0.004414,-0.5744,0.38,0.0092,-0.0009,-0.012,0.5294,0.001141,,,
2026-07-10,ETF,中证500ETF嘉实期权_.xls,中证500ETF嘉实,中证500ETF购12月4000,90007537,,12月,4000.0,4.0,call,0.0564,0.0549,0.0581,1.0,1.0,574.0,1455.0,48.0,410576.0,0.0667,0.0724,0.0777,0.0564,0.0021390000000000003,0.2126,0.5806,0.0068,-0.0005,0.0031,0.138,-0.001362,61.26,13.02,
2026-07-10,ETF,中证500ETF嘉实期权_.xls,中证500ETF嘉实,中证500ETF沽12月4000,90007538,,12月,4000.0,4.0,put,,0.7122,0.7351,1.0,1.0,0.0,671.0,0.0,0.0,0.6762,,,,0.004596,-0.5985,0.36,0.009,-0.0009,-0.0128,0.6015,0.001362,,,
2026-07-10,ETF,中证500ETF嘉实期权_.xls,中证500ETF嘉实,中证500ETF购12月4100,90007769,,12月,4100.0,4.1,call,0.0465,0.045,0.048,2.0,1.0,404.0,414.0,114.0,240890.0,0.0549,0.0593,0.0638,0.046,0.002224,0.1772,0.5001,0.0061,-0.0005,0.0026,0.1157,-0.001573,74.3,13.17,
2026-07-10,ETF,中证500ETF嘉实期权_.xls,中证500ETF嘉实,中证500ETF沽12月4100,90007770,,12月,4100.0,4.1,put,,0.8001,0.8235,1.0,1.0,0.0,64.0,0.0,0.0,0.7619,,,,0.004789,-0.619,0.3405,0.0089,-0.0009,-0.0135,0.6771,0.001573,,,
2026-07-10,ETF,中证500ETF南方期权_.xls,中证500ETF南方,500ETF购7月7000,10011807,,7月,7000.0,7.0,call,1.6514,1.633,1.664,1.0,1.0,84.0,2058.0,46.0,1521116.0,1.804,1.8266,1.913,1.6514,1e-06,0.9983,0.0083,0.0001,-0.001,0.0025,1.7095,0.002426,5.27,5.26,
2026-07-10,ETF,中证500ETF南方期权_.xls,中证500ETF南方,500ETF沽7月7000,10011808,,7月,7000.0,7.0,put,0.0015,0.0012,0.0017,1.0,1.0,786.0,13551.0,65.0,10460.0,0.0014,0.0014,0.0015,0.0011,0.004686999999999999,-0.0059,0.0218,0.0003,-0.0005,-0.0,0.0003,-0.002426,5798.67,-34.27,
2026-07-10,ETF,中证500ETF南方期权_.xls,中证500ETF南方,500ETF购7月7250,10011785,,7月,7250.0,7.25,call,1.4011,1.3896,1.4146,1.0,1.0,195.0,1510.0,3.0,3025568.0,1.554,1.6211,1.6398,1.401,1e-06,0.9932,0.029,0.0003,-0.0014,0.0026,1.4611,0.001997,6.21,6.17,
2026-07-10,ETF,中证500ETF南方期权_.xls,中证500ETF南方,500ETF沽7月7250,10011786,,7月,7250.0,7.25,put,0.002,0.002,0.0024,14.0,1.0,1143.0,9460.0,-110.0,18238.0,0.0018,0.0018,0.002,0.0014,0.0041530000000000004,-0.0086,0.0342,0.0004,-0.0006,-0.0,0.0015,-0.001997,4349.0,-37.35,
2026-07-10,ETF,中证500ETF南方期权_.xls,中证500ETF南方,500ETF购7月7500,10011717,,7月,7500.0,7.5,call,1.1504,1.1468,1.1659,1.0,1.0,193.0,1039.0,62.0,2534233.0,1.304,1.2642,1.408,1.1504,1e-06,0.9782,0.0792,0.0009,-0.0022,0.0026,1.2155,0.0015970000000000001,7.56,7.4,
2026-07-10,ETF,中证500ETF南方期权_.xls,中证500ETF南方,500ETF沽7月7500,10011726,,7月,7500.0,7.5,put,0.0033,0.0032,0.0033,2.0,1.0,2571.0,16646.0,-95.0,57844.0,0.0024,0.0015,0.0033,0.0015,0.0037140000000000003,-0.0149,0.0618,0.0006,-0.0009,-0.0,0.0055,-0.0015970000000000001,2635.76,-39.34,
2026-07-10,ETF,中证500ETF南方期权_.xls,中证500ETF南方,500ETF购7月7750,10011718,,7月,7750.0,7.75,call,0.9014,0.8935,0.9136,1.0,1.0,368.0,1096.0,9.0,3938958.0,1.054,1.0279,1.1647,0.9,1e-06,0.9434,0.1729,0.0019,-0.0038,0.0026,0.9768,0.0012230000000000001,9.65,9.1,
2026-07-10,ETF,中证500ETF南方期权_.xls,中证500ETF南方,500ETF沽7月7750,10011727,,7月,7750.0,7.75,put,0.0062,0.0062,0.0064,37.0,3.0,7979.0,17741.0,-598.0,315455.0,0.0048,0.0031,0.0062,0.003,0.003322,-0.0289,0.1209,0.0011,-0.0014,-0.0001,0.0164,-0.0012230000000000001,1402.9,-40.51,
2026-07-10,ETF,中证500ETF南方期权_.xls,中证500ETF南方,500ETF购7月8000,10011719,,7月,8000.0,8.0,call,0.6636,0.6586,0.6668,1.0,1.0,1819.0,5161.0,-123.0,15304353.0,0.804,0.7901,0.9249,0.65,1e-06,0.8779,0.3077,0.0033,-0.006,0.0025,0.7519,0.0008730000000000001,13.11,11.51,
2026-07-10,ETF,中证500ETF南方期权_.xls,中证500ETF南方,500ETF沽7月8000,10011728,,7月,8000.0,8.0,put,0.0136,0.0136,0.0137,1.0,3.0,35874.0,43193.0,-507.0,3277578.0,0.0095,0.0088,0.0136,0.0066,0.0029980000000000002,-0.0624,0.2495,0.002,-0.0023,-0.0002,0.041,-0.0008730000000000001,639.56,-39.89,
2026-07-10,ETF,中证500ETF南方期权_.xls,中证500ETF南方,500ETF购7月8250,10011720,,7月,8250.0,8.25,call,0.433,0.4322,0.433,1.0,10.0,6603.0,11358.0,799.0,38384809.0,0.554,0.565,0.6838,0.4227,1e-06,0.7757,0.4548,0.0049,-0.0083,0.0022,0.5496,0.000543,20.09,15.58,
2026-07-10,ETF,中证500ETF南方期权_.xls,中证500ETF南方,500ETF沽7月8250,10011729,,7月,8250.0,8.25,put,0.0345,0.0345,0.0346,19.0,1.0,89388.0,64304.0,6319.0,19654672.0,0.0255,0.0239,0.0355,0.0154,0.002784,-0.1438,0.496,0.0037,-0.0038,-0.0005,0.0884,-0.000543,252.12,-36.25,
2026-07-10,ETF,中证500ETF南方期权_.xls,中证500ETF南方,500ETF购7月8500,10011721,,7月,8500.0,8.5,call,0.231,0.231,0.2331,106.0,1.0,69068.0,29963.0,-1262.0,254957487.0,0.3451,0.3511,0.4576,0.2303,0.001349,0.8364,1.1144,0.0041,-0.003,0.0025,0.3788,0.00023300000000000003,37.65,31.5,
2026-07-10,ETF,中证500ETF南方期权_.xls,中证500ETF南方,500ETF沽7月8500,10011730,,7月,8500.0,8.5,put,0.0939,0.0939,0.094,18.0,1.0,170684.0,57475.0,2901.0,98261507.0,0.065,0.064,0.0941,0.0397,0.002787,-0.3105,0.7715,0.0058,-0.0059,-0.001,0.1671,-0.00023300000000000003,92.63,-28.76,
2026-07-10,ETF,中证500ETF南方期权_.xls,中证500ETF南方,500ETF购7月8750,10011722,,7月,8750.0,8.75,call,0.1094,0.1094,0.1098,191.0,1.0,189153.0,72535.0,5937.0,376103193.0,0.1836,0.185,0.265,0.1029,0.001943,0.46,1.2448,0.0065,-0.0053,0.0014,0.2446,-5.9e-05,79.51,36.57,
2026-07-10,ETF,中证500ETF南方期权_.xls,中证500ETF南方,500ETF沽7月8750,10011731,,7月,8750.0,8.75,put,0.2166,0.2166,0.2167,10.0,1.0,236594.0,61534.0,10225.0,312657881.0,0.1524,0.1455,0.2166,0.0964,0.0030020000000000003,-0.5194,0.8085,0.0065,-0.007,-0.0017,0.2825,5.9e-05,40.16,-20.86,
2026-07-10,ETF,中证500ETF南方期权_.xls,中证500ETF南方,500ETF购7月9000,10011723,,7月,9000.0,9.0,call,0.0399,0.0398,0.0399,4.0,22.0,263976.0,100786.0,13095.0,246889304.0,0.0821,0.0857,0.1286,0.0385,0.002086,0.2099,0.8416,0.0047,-0.004,0.0006,0.1474,-0.000336,217.99,45.76,
2026-07-10,ETF,中证500ETF南方期权_.xls,中证500ETF南方,500ETF沽7月9000,10011732,,7月,9000.0,9.0,put,0.4005,0.4005,0.4006,9.0,1.0,111290.0,43455.0,6821.0,294343675.0,0.3003,0.2914,0.4005,0.21,0.003433,-0.6807,0.634,0.0059,-0.007,-0.0023,0.4349,0.000336,21.72,-14.78,
2026-07-10,ETF,中证500ETF南方期权_.xls,中证500ETF南方,500ETF购7月9250,10011724,,7月,9250.0,9.25,call,0.0145,0.0145,0.0146,54.0,50.0,155107.0,84510.0,5819.0,62621328.0,0.0354,0.0368,0.0565,0.0145,0.002285,0.0857,0.4172,0.0026,-0.0023,0.0003,0.0827,-0.000597,599.86,51.38,
2026-07-10,ETF,中证500ETF南方期权_.xls,中证500ETF南方,500ETF沽7月9250,10011733,,7月,9250.0,9.25,put,0.6262,0.6262,0.6288,18.0,1.0,17455.0,12847.0,1395.0,80659223.0,0.503,0.49,0.6262,0.3887,0.004136999999999999,-0.7668,0.4505,0.005,-0.0071,-0.0026,0.6199,0.000597,13.89,-10.65,
2026-07-10,ETF,中证500ETF南方期权_.xls,中证500ETF南方,500ETF购7月9500,10011725,,7月,9500.0,9.5,call,0.0061,0.006,0.0061,58.0,156.0,73686.0,51843.0,5223.0,13131430.0,0.015,0.0168,0.026,0.0061,0.002539,0.0373,0.1952,0.0013,-0.0013,0.0001,0.0432,-0.0008439999999999999,1425.9,53.13,
2026-07-10,ETF,中证500ETF南方期权_.xls,中证500ETF南方,500ETF沽7月9500,10011734,,7月,9500.0,9.5,put,0.8361,0.8455,0.8531,1.0,1.0,2162.0,2959.0,280.0,14719310.0,0.7328,0.7,0.8452,0.6088,0.0041789999999999996,-0.8551,0.3321,0.0037,-0.005,-0.0029,0.8299,0.0008439999999999999,10.4,-8.9,
2026-07-10,ETF,中证500ETF南方期权_.xls,中证500ETF南方,500ETF购7月9750,10011771,,7月,9750.0,9.75,call,0.0038,0.0038,0.0041,1.0,1.0,28537.0,34314.0,2640.0,2512221.0,0.0088,0.0079,0.0132,0.0036,0.002916,0.0218,0.1087,0.0009,-0.001,0.0001,0.021,-0.0010789999999999999,2288.95,49.86,
2026-07-10,ETF,中证500ETF南方期权_.xls,中证500ETF南方,500ETF沽7月9750,10011772,,7月,9750.0,9.75,put,1.0569,1.0875,1.1,1.0,1.0,576.0,838.0,263.0,5506810.0,0.9757,0.896,1.0682,0.8674,0.003989,-0.9275,0.2106,0.0023,-0.0023,-0.0032,1.0574,0.0010789999999999999,8.23,-7.63,
2026-07-10,ETF,中证500ETF南方期权_.xls,中证500ETF南方,500ETF购7月10000,10011821,,7月,10000.0,10.0,call,0.0024,0.0022,0.0024,1.0,7.0,8542.0,19873.0,615.0,400544.0,0.004,0.004,0.0075,0.0012,0.0032439999999999995,0.0132,0.0635,0.0006,-0.0007,0.0,0.0095,-0.0013019999999999998,3624.17,47.68,
2026-07-10,ETF,中证500ETF南方期权_.xls,中证500ETF南方,500ETF沽7月10000,10011822,,7月,10000.0,10.0,put,1.34,1.3368,1.3606,1.0,1.0,430.0,646.0,192.0,5250891.0,1.2263,1.1602,1.34,1.1144,0.005909,-0.8811,0.2048,0.0033,-0.0063,-0.0032,1.2955,0.0013019999999999998,6.49,-5.72,
2026-07-10,ETF,中证500ETF南方期权_.xls,中证500ETF南方,500ETF购7月10500,10011995,,7月,10500.0,10.5,call,0.0016,0.0014,0.0017,20.0,1.0,4246.0,11266.0,1411.0,106645.0,0.002,0.0024,0.0036,0.0015,1e-06,0.0076,0.0317,0.0003,-0.0005,0.0,0.0016,-0.001716,5436.25,41.16,
2026-07-10,ETF,中证500ETF南方期权_.xls,中证500ETF南方,500ETF沽7月10500,10011996,,7月,10500.0,10.5,put,1.8485,1.834,1.8716,1.0,1.0,114.0,370.0,25.0,1991897.0,1.7148,1.6219,1.8485,1.6135,1e-06,-0.9924,0.0317,0.0003,0.0008,-0.0037,1.7868,0.001716,4.71,-4.67,
2026-07-10,ETF,中证500ETF南方期权_.xls,中证500ETF南方,500ETF购8月7500,10012029,,8月,7500.0,7.5,call,1.12,1.1173,1.1281,1.0,1.0,26.0,68.0,17.0,339045.0,1.304,1.3123,1.3456,1.12,1e-06,0.8797,0.165,0.0063,-0.0033,0.0083,1.3187,0.0015970000000000001,7.77,6.83,
2026-07-10,ETF,中证500ETF南方期权_.xls,中证500ETF南方,500ETF沽8月7500,10012030,,8月,7500.0,7.5,put,0.0369,0.0369,0.0371,1.0,1.0,3970.0,3156.0,619.0,1200376.0,0.0314,0.031,0.0374,0.0268,1e-06,-0.1203,0.165,0.0063,-0.0024,-0.0015,0.0765,-0.0015970000000000001,235.72,-28.35,
2026-07-10,ETF,中证500ETF南方期权_.xls,中证500ETF南方,500ETF购8月7750,10011969,,8月,7750.0,7.75,call,0.9363,0.8985,0.9079,1.0,1.0,52.0,262.0,32.0,569685.0,1.054,1.1,1.1254,0.9363,1e-06,0.8261,0.2114,0.0081,-0.004,0.008,1.115,0.0012230000000000001,9.29,7.67,
2026-07-10,ETF,中证500ETF南方期权_.xls,中证500ETF南方,500ETF沽8月7750,10011970,,8月,7750.0,7.75,put,0.0623,0.0617,0.0626,1.0,5.0,8367.0,10233.0,2421.0,4283940.0,0.0533,0.0506,0.064,0.0444,1e-06,-0.1739,0.2114,0.0081,-0.003,-0.0021,0.1213,-0.0012230000000000001,139.61,-24.28,
2026-07-10,ETF,中证500ETF南方期权_.xls,中证500ETF南方,500ETF购8月8000,10011887,,8月,8000.0,8.0,call,0.696,0.695,0.6998,1.0,1.0,195.0,979.0,112.0,1627146.0,0.8049,0.8377,0.9077,0.696,1e-06,0.7616,0.2551,0.0098,-0.0046,0.0075,0.9279,0.0008730000000000001,12.5,9.52,
2026-07-10,ETF,中证500ETF南方期权_.xls,中证500ETF南方,500ETF沽8月8000,10011896,,8月,8000.0,8.0,put,0.106,0.1052,0.1062,1.0,10.0,6070.0,9555.0,1619.0,5202713.0,0.0882,0.0865,0.1075,0.0718,0.00302,-0.1915,0.2862,0.0086,-0.0025,-0.0023,0.1827,-0.0008730000000000001,82.06,-15.71,
2026-07-10,ETF,中证500ETF南方期权_.xls,中证500ETF南方,500ETF购8月8250,10011888,,8月,8250.0,8.25,call,0.5132,0.5093,0.5132,1.0,1.0,1223.0,2078.0,182.0,7875014.0,0.6116,0.625,0.7106,0.5093,0.001231,0.9099,0.4189,0.0051,-0.0016,0.0097,0.7596,0.000543,16.95,15.42,
2026-07-10,ETF,中证500ETF南方期权_.xls,中证500ETF南方,500ETF沽8月8250,10011897,,8月,8250.0,8.25,put,0.1719,0.1714,0.1721,1.0,11.0,9485.0,10289.0,1685.0,12784779.0,0.1429,0.14,0.1753,0.1161,0.003014,-0.2767,0.352,0.0106,-0.003,-0.0034,0.2629,-0.000543,50.6,-14.0,
2026-07-10,ETF,中证500ETF南方期权_.xls,中证500ETF南方,500ETF购8月8500,10011889,,8月,8500.0,8.5,call,0.3583,0.3583,0.3588,2.0,1.0,4582.0,6275.0,730.0,20946884.0,0.4428,0.46,0.5366,0.352,0.0017050000000000001,0.6911,0.6549,0.0111,-0.0027,0.0074,0.6114,0.00023300000000000003,24.28,16.78,
2026-07-10,ETF,中证500ETF南方期权_.xls,中证500ETF南方,500ETF沽8月8500,10011898,,8月,8500.0,8.5,put,0.2699,0.2699,0.2701,1.0,1.0,11094.0,9327.0,844.0,23721881.0,0.2238,0.223,0.2742,0.1824,0.003075,-0.3763,0.3914,0.012,-0.0034,-0.0047,0.3633,-0.00023300000000000003,32.23,-12.13,
2026-07-10,ETF,中证500ETF南方期权_.xls,中证500ETF南方,500ETF购8月8750,10011890,,8月,8750.0,8.75,call,0.2398,0.2396,0.2404,5.0,1.0,14180.0,10897.0,2440.0,46089308.0,0.3122,0.3221,0.3827,0.235,0.001907,0.5135,0.6627,0.0126,-0.003,0.0056,0.4839,-5.9e-05,36.27,18.63,
2026-07-10,ETF,中证500ETF南方期权_.xls,中证500ETF南方,500ETF沽8月8750,10011899,,8月,8750.0,8.75,put,0.4029,0.3997,0.4029,1.0,3.0,14628.0,12222.0,4849.0,47440414.0,0.3365,0.3028,0.4066,0.2792,0.0032020000000000004,-0.477,0.3943,0.0126,-0.0036,-0.006,0.4843,5.9e-05,21.59,-10.3,
2026-07-10,ETF,中证500ETF南方期权_.xls,中证500ETF南方,500ETF购8月9000,10011891,,8月,9000.0,9.0,call,0.1559,0.1557,0.1563,1.0,1.0,12962.0,13397.0,2636.0,29084395.0,0.2085,0.2147,0.2637,0.1516,0.002051,0.3661,0.5816,0.0119,-0.0029,0.004,0.3765,-0.000336,55.79,20.43,
2026-07-10,ETF,中证500ETF南方期权_.xls,中证500ETF南方,500ETF沽8月9000,10011900,,8月,9000.0,9.0,put,0.5645,0.5607,0.5645,1.0,1.0,4995.0,7508.0,1490.0,23041921.0,0.4833,0.4751,0.5718,0.409,0.0033610000000000003,-0.5677,0.3709,0.0124,-0.0037,-0.0072,0.6254,0.000336,15.41,-8.75,
2026-07-10,ETF,中证500ETF南方期权_.xls,中证500ETF南方,500ETF购8月9250,10011892,,8月,9250.0,9.25,call,0.0989,0.0989,0.1017,19.0,1.0,14153.0,14421.0,928.0,21434712.0,0.1378,0.1414,0.1762,0.096,0.002165,0.2518,0.467,0.0101,-0.0025,0.0027,0.2881,-0.000597,87.95,22.14,
2026-07-10,ETF,中证500ETF南方期权_.xls,中证500ETF南方,500ETF沽8月9250,10011901,,8月,9250.0,9.25,put,0.7636,0.7499,0.7582,1.0,1.0,619.0,2112.0,224.0,3891963.0,0.6588,0.6497,0.7636,0.5743,0.003665,-0.6376,0.3244,0.0118,-0.0037,-0.0083,0.7855,0.000597,11.39,-7.26,
2026-07-10,ETF,中证500ETF南方期权_.xls,中证500ETF南方,500ETF购8月9500,10011893,,8月,9500.0,9.5,call,0.0624,0.0622,0.0624,1.0,1.0,11672.0,9907.0,1721.0,10935243.0,0.09,0.0911,0.1169,0.0603,0.002273,0.1692,0.352,0.008,-0.0021,0.0019,0.2169,-0.0008439999999999999,139.39,23.59,
2026-07-10,ETF,中证500ETF南方期权_.xls,中证500ETF南方,500ETF沽8月9500,10011902,,8月,9500.0,9.5,put,0.928,0.9616,0.9745,1.0,1.0,118.0,709.0,100.0,981074.0,0.8608,0.7885,0.928,0.78,0.003528,-0.7187,0.3031,0.0106,-0.003,-0.0094,0.9628,0.0008439999999999999,9.37,-6.74,
2026-07-10,ETF,中证500ETF南方期权_.xls,中证500ETF南方,500ETF购8月9750,10011894,,8月,9750.0,9.75,call,0.0397,0.0396,0.0402,1.0,1.0,6424.0,6032.0,1738.0,3821615.0,0.0571,0.06,0.0777,0.038,0.00238,0.1129,0.2552,0.006,-0.0016,0.0012,0.1607,-0.0010789999999999999,219.09,24.74,
2026-07-10,ETF,中证500ETF南方期权_.xls,中证500ETF南方,500ETF沽8月9750,10011903,,8月,9750.0,9.75,put,1.0624,1.1913,1.2053,1.0,1.0,11.0,197.0,11.0,112624.0,1.0823,1.02,1.0624,1.02,0.0027949999999999997,-0.8455,0.2697,0.0075,-0.0011,-0.0111,1.1551,0.0010789999999999999,8.19,-6.92,
2026-07-10,ETF,中证500ETF南方期权_.xls,中证500ETF南方,500ETF购8月10000,10011895,,8月,10000.0,10.0,call,0.0252,0.0252,0.0256,2.0,1.0,5269.0,8118.0,1649.0,2076697.0,0.0378,0.0384,0.0523,0.0244,0.002477,0.0746,0.1805,0.0044,-0.0012,0.0008,0.1172,-0.0013019999999999998,345.16,25.76,
2026-07-10,ETF,中证500ETF南方期权_.xls,中证500ETF南方,500ETF沽8月10000,10011904,,8月,10000.0,10.0,put,1.2467,1.4232,1.4455,1.0,1.0,10.0,58.0,10.0,124670.0,1.3079,1.2467,1.2467,1.2467,0.0017460000000000002,-0.9812,0.0836,0.0015,0.0009,-0.0129,1.3602,0.0013019999999999998,6.98,-6.85,
2026-07-10,ETF,中证500ETF南方期权_.xls,中证500ETF南方,500ETF购8月10500,10011997,,8月,10500.0,10.5,call,0.0118,0.0112,0.012,1.0,1.0,6043.0,5387.0,971.0,1189304.0,0.0176,0.0176,0.0254,0.011,1e-06,0.1082,0.153,0.0059,-0.0025,0.0012,0.0597,-0.001716,737.12,79.73,
2026-07-10,ETF,中证500ETF南方期权_.xls,中证500ETF南方,500ETF沽8月10500,10011998,,8月,10500.0,10.5,put,1.835,1.9098,1.9413,1.0,1.0,14.0,87.0,14.0,242930.0,1.7853,1.7213,1.835,1.705,1e-06,-0.8918,0.153,0.0059,-0.0012,-0.0126,1.7997,0.001716,4.74,-4.23,
2026-07-10,ETF,中证500ETF南方期权_.xls,中证500ETF南方,500ETF购9月6500,10011281,,9月,6500.0,6.5,call,2.0851,2.0301,2.0477,1.0,1.0,40.0,7609.0,-14.0,903526.0,2.304,2.2924,2.2924,2.0851,1e-06,0.9692,0.0474,0.0028,-0.0014,0.0128,2.2772,0.003382,4.17,4.04,
2026-07-10,ETF,中证500ETF南方期权_.xls,中证500ETF南方,500ETF沽9月6500,10011282,,9月,6500.0,6.5,put,0.0179,0.0179,0.0181,1.0,1.0,209018.0,82029.0,4139.0,33167159.0,0.0155,0.0153,0.0186,0.0139,0.003664,-0.0299,0.0467,0.0027,-0.0006,-0.0006,0.0186,-0.003382,485.92,-14.54,
2026-07-10,ETF,中证500ETF南方期权_.xls,中证500ETF南方,500ETF购9月6750,10011241,,9月,6750.0,6.75,call,1.8135,1.7818,1.8067,1.0,1.0,85.0,2335.0,-22.0,1653476.0,2.054,2.0118,2.0568,1.8135,1e-06,0.9501,0.0703,0.0041,-0.0018,0.013,2.0435,0.0028859999999999997,4.8,4.56,
2026-07-10,ETF,中证500ETF南方期权_.xls,中证500ETF南方,500ETF沽9月6750,10011242,,9月,6750.0,6.75,put,0.0274,0.0267,0.0277,1.0,2.0,30848.0,77909.0,2550.0,7502645.0,0.0245,0.0228,0.0278,0.0212,0.0035570000000000003,-0.0445,0.0665,0.0037,-0.0008,-0.0009,0.0326,-0.0028859999999999997,317.45,-14.12,
2026-07-10,ETF,中证500ETF南方期权_.xls,中证500ETF南方,500ETF购9月7000,10011091,,9月,7000.0,7.0,call,1.5801,1.5459,1.5699,1.0,1.0,9.0,1198.0,2.0,157861.0,1.804,1.7693,1.7998,1.5801,1e-06,0.9236,0.098,0.0057,-0.0021,0.0129,1.8172,0.002426,5.5,5.08,
2026-07-10,ETF,中证500ETF南方期权_.xls,中证500ETF南方,500ETF沽9月7000,10011093,,9月,7000.0,7.0,put,0.0401,0.0383,0.0401,1.0,1.0,6513.0,23837.0,250.0,2263229.0,0.0342,0.034,0.0403,0.0306,0.003432,-0.0636,0.0916,0.0049,-0.001,-0.0012,0.0539,-0.002426,216.91,-13.8,
2026-07-10,ETF,中证500ETF南方期权_.xls,中证500ETF南方,500ETF购9月7250,10011092,,9月,7250.0,7.25,call,1.3406,1.3198,1.3428,1.0,1.0,50.0,677.0,15.0,747756.0,1.554,1.4966,1.5799,1.3406,1e-06,0.889,0.1292,0.0075,-0.0026,0.0128,1.6002,0.001997,6.49,5.77,
2026-07-10,ETF,中证500ETF南方期权_.xls,中证500ETF南方,500ETF沽9月7250,10011094,,9月,7250.0,7.25,put,0.0586,0.0568,0.06,1.0,1.0,4158.0,10504.0,495.0,2078877.0,0.0503,0.0495,0.0601,0.0442,0.0033179999999999998,-0.0901,0.1234,0.0064,-0.0013,-0.0018,0.0846,-0.001997,148.43,-13.37,
2026-07-10,ETF,中证500ETF南方期权_.xls,中证500ETF南方,500ETF购9月7500,10011071,,9月,7500.0,7.5,call,1.14,1.098,1.12,1.0,1.0,5.0,3983.0,1.0,64365.0,1.304,1.304,1.3418,1.14,1e-06,0.8461,0.1619,0.0094,-0.003,0.0124,1.3949,0.0015970000000000001,7.63,6.46,
2026-07-10,ETF,中证500ETF南方期权_.xls,中证500ETF南方,500ETF沽9月7500,10011072,,9月,7500.0,7.5,put,0.0885,0.086,0.0885,1.0,1.0,3714.0,14968.0,1007.0,2749211.0,0.0744,0.077,0.0893,0.065,0.003257,-0.1283,0.1622,0.0083,-0.0016,-0.0025,0.127,-0.0015970000000000001,98.28,-12.61,
2026-07-10,ETF,中证500ETF南方期权_.xls,中证500ETF南方,500ETF购9月7750,10011007,,9月,7750.0,7.75,call,0.908,0.905,0.9167,10.0,1.0,119.0,3433.0,3.0,1237198.0,1.054,1.0306,1.135,0.908,1e-06,0.7954,0.1938,0.0113,-0.0034,0.0119,1.2032,0.0012230000000000001,9.58,7.62,
2026-07-10,ETF,中证500ETF南方期权_.xls,中证500ETF南方,500ETF沽9月7750,10011016,,9月,7750.0,7.75,put,0.1311,0.1277,0.1334,1.0,1.0,2778.0,9990.0,898.0,3049379.0,0.1115,0.11,0.1338,0.0969,0.003211,-0.1775,0.2041,0.0103,-0.002,-0.0035,0.1829,-0.0012230000000000001,66.35,-11.78,
2026-07-10,ETF,中证500ETF南方期权_.xls,中证500ETF南方,500ETF购9月8000,10011008,,9月,8000.0,8.0,call,0.725,0.7178,0.7301,1.0,1.0,420.0,4041.0,124.0,3662922.0,0.8356,1.0755,1.0755,0.7215,1e-06,0.7378,0.2224,0.0129,-0.0038,0.0112,1.0267,0.0008730000000000001,12.0,8.85,
2026-07-10,ETF,中证500ETF南方期权_.xls,中证500ETF南方,500ETF沽9月8000,10011017,,9月,8000.0,8.0,put,0.1935,0.1899,0.1929,1.0,10.0,3071.0,10814.0,416.0,4936992.0,0.1632,0.154,0.197,0.142,0.003211,-0.2394,0.2436,0.0123,-0.0023,-0.0047,0.2541,-0.0008730000000000001,44.95,-10.76,
2026-07-10,ETF,中证500ETF南方期权_.xls,中证500ETF南方,500ETF购9月8250,10011009,,9月,8250.0,8.25,call,0.5579,0.562,0.5658,2.0,1.0,726.0,8246.0,314.0,4855856.0,0.6555,0.7017,0.7505,0.5579,0.001243,0.8699,0.4291,0.0084,-0.0016,0.0146,0.8666,0.000543,15.59,13.56,
2026-07-10,ETF,中证500ETF南方期权_.xls,中证500ETF南方,500ETF沽9月8250,10011018,,9月,8250.0,8.25,put,0.28,0.278,0.2812,1.0,1.0,2518.0,15609.0,390.0,5719594.0,0.2359,0.22,0.2816,0.2053,0.0032549999999999996,-0.3109,0.2734,0.014,-0.0026,-0.0062,0.3416,-0.000543,31.06,-9.66,
2026-07-10,ETF,中证500ETF南方期权_.xls,中证500ETF南方,500ETF购9月8500,10011010,,9月,8500.0,8.5,call,0.42,0.4155,0.4268,1.0,1.0,2322.0,8941.0,705.0,12239259.0,0.5038,0.5122,0.5864,0.417,0.001656,0.6795,0.5443,0.0142,-0.0022,0.0114,0.7235,0.00023300000000000003,20.71,14.07,
2026-07-10,ETF,中证500ETF南方期权_.xls,中证500ETF南方,500ETF沽9月8500,10011019,,9月,8500.0,8.5,put,0.3896,0.3843,0.3905,1.0,1.0,5111.0,15310.0,1172.0,16343824.0,0.332,0.327,0.395,0.2889,0.0033179999999999998,-0.386,0.2905,0.0152,-0.0029,-0.0078,0.4462,-0.00023300000000000003,22.33,-8.62,
2026-07-10,ETF,中证500ETF南方期权_.xls,中证500ETF南方,500ETF购9月8750,10011011,,9月,8750.0,8.75,call,0.3095,0.3096,0.317,10.0,1.0,3493.0,10085.0,839.0,14134711.0,0.3781,0.39,0.448,0.3095,0.0018629999999999999,0.5329,0.5376,0.0158,-0.0025,0.009,0.5975,-5.9e-05,28.1,14.98,
2026-07-10,ETF,中证500ETF南方期权_.xls,中证500ETF南方,500ETF沽9月8750,10011020,,9月,8750.0,8.75,put,0.53,0.5235,0.5332,1.0,2.0,3973.0,9111.0,1670.0,17227277.0,0.4551,0.44,0.5332,0.401,0.0034490000000000002,-0.46,0.2899,0.0158,-0.003,-0.0094,0.5679,5.9e-05,16.41,-7.55,
2026-07-10,ETF,中证500ETF南方期权_.xls,中证500ETF南方,500ETF购9月9000,10011012,,9月,9000.0,9.0,call,0.228,0.2279,0.2325,1.0,1.0,6424.0,12638.0,1318.0,19613429.0,0.2784,0.29,0.336,0.225,0.002031,0.4126,0.483,0.0155,-0.0025,0.007,0.4882,-0.000336,38.15,15.74,
2026-07-10,ETF,中证500ETF南方期权_.xls,中证500ETF南方,500ETF沽9月9000,10011021,,9月,9000.0,9.0,put,0.682,0.6862,0.7055,1.0,1.0,1852.0,5622.0,156.0,10656308.0,0.605,0.58,0.682,0.5357,0.0035359999999999996,-0.529,0.2835,0.0158,-0.003,-0.011,0.7063,0.000336,12.75,-6.75,
2026-07-10,ETF,中证500ETF南方期权_.xls,中证500ETF南方,500ETF购9月9250,10011013,,9月,9250.0,9.25,call,0.1646,0.1654,0.1692,6.0,1.0,4431.0,7715.0,724.0,9774928.0,0.2021,0.2121,0.2491,0.1617,0.002149,0.3146,0.4163,0.0141,-0.0023,0.0054,0.3948,-0.000597,52.84,16.62,
2026-07-10,ETF,中证500ETF南方期权_.xls,中证500ETF南方,500ETF沽9月9250,10011022,,9月,9250.0,9.25,put,0.856,0.8714,0.8919,1.0,1.0,899.0,2929.0,29.0,7057678.0,0.774,0.7315,0.856,0.707,0.00366,-0.5905,0.2675,0.0154,-0.003,-0.0125,0.8605,0.000597,10.16,-6.0,
2026-07-10,ETF,中证500ETF南方期权_.xls,中证500ETF南方,500ETF购9月9500,10011014,,9月,9500.0,9.5,call,0.119,0.12,0.1224,10.0,1.0,3404.0,9788.0,367.0,5381137.0,0.1463,0.1499,0.1815,0.1186,0.0022579999999999996,0.2377,0.3451,0.0123,-0.0021,0.0041,0.316,-0.0008439999999999999,73.09,17.38,
2026-07-10,ETF,中证500ETF南方期权_.xls,中证500ETF南方,500ETF沽9月9500,10011023,,9月,9500.0,9.5,put,1.0716,1.0763,1.0978,1.0,1.0,65.0,2045.0,-58.0,653087.0,0.9713,0.99,1.0716,0.99,0.003975,-0.6346,0.2384,0.0149,-0.0031,-0.0137,1.0294,0.0008439999999999999,8.12,-5.15,
2026-07-10,ETF,中证500ETF南方期权_.xls,中证500ETF南方,500ETF购9月9750,10011015,,9月,9750.0,9.75,call,0.0856,0.0856,0.0865,2.0,2.0,3789.0,16151.0,581.0,4395980.0,0.1064,0.1124,0.1336,0.0856,0.002352,0.178,0.2792,0.0103,-0.0018,0.003,0.2505,-0.0010789999999999999,101.61,18.09,
2026-07-10,ETF,中证500ETF南方期权_.xls,中证500ETF南方,500ETF沽9月9750,10011024,,9月,9750.0,9.75,put,1.2116,1.2914,1.3139,1.0,1.0,0.0,1974.0,0.0,0.0,1.1752,1.2116,1.2116,1.2116,0.00369,-0.7048,0.2356,0.0137,-0.0024,-0.0153,1.2115,0.0010789999999999999,7.18,-5.06,
2026-07-10,ETF,中证500ETF南方期权_.xls,中证500ETF南方,500ETF购9月10000,10011597,,9月,10000.0,10.0,call,0.0628,0.0627,0.063,1.0,16.0,6029.0,15927.0,615.0,5279874.0,0.0774,0.08,0.0984,0.0621,0.002452,0.1342,0.2221,0.0086,-0.0015,0.0023,0.1967,-0.0013019999999999998,138.5,18.59,
2026-07-10,ETF,中证500ETF南方期权_.xls,中证500ETF南方,500ETF沽9月10000,10011598,,9月,10000.0,10.0,put,1.402,1.5162,1.5398,1.0,1.0,0.0,736.0,0.0,0.0,1.402,1.402,1.402,1.402,0.003663,-0.7565,0.2155,0.0124,-0.002,-0.0166,1.4054,0.0013019999999999998,6.2,-4.69,
2026-07-10,ETF,中证500ETF南方期权_.xls,中证500ETF南方,500ETF购9月10500,10011999,,9月,10500.0,10.5,call,0.0353,0.036,0.0361,1.0,1.0,6644.0,4652.0,969.0,3135073.0,0.0422,0.045,0.0548,0.0349,1e-06,0.1639,0.1688,0.0098,-0.0025,0.0027,0.118,-0.001716,246.4,40.4,
2026-07-10,ETF,中证500ETF南方期权_.xls,中证500ETF南方,500ETF沽9月10500,10012000,,9月,10500.0,10.5,put,1.8579,1.9881,2.0136,1.0,1.0,11.0,107.0,10.0,195719.0,1.8579,1.7714,1.8579,1.7714,1e-06,-0.8361,0.1688,0.0098,-0.0013,-0.0189,1.8221,0.001716,4.68,-3.91,
2026-07-10,ETF,中证500ETF南方期权_.xls,中证500ETF南方,500ETF购12月7000,10011809,,12月,7000.0,7.0,call,1.54,1.49,1.5156,1.0,1.0,50.0,2717.0,18.0,815554.0,1.804,1.6319,1.7,1.54,1e-06,0.8358,0.0999,0.0146,-0.0025,0.0237,2.0876,0.002426,5.65,4.72,
2026-07-10,ETF,中证500ETF南方期权_.xls,中证500ETF南方,500ETF沽12月7000,10011810,,12月,7000.0,7.0,put,0.1461,0.1389,0.1461,1.0,1.0,1027.0,4686.0,337.0,1328387.0,0.1305,0.1273,0.1461,0.122,0.0034649999999999998,-0.1289,0.1032,0.0124,-0.0011,-0.0058,0.247,-0.002426,59.53,-7.67,
2026-07-10,ETF,中证500ETF南方期权_.xls,中证500ETF南方,500ETF购12月7250,10011519,,12月,7250.0,7.25,call,1.34,1.2681,1.3135,1.0,1.0,59.0,2266.0,-1.0,870111.0,1.554,1.4711,1.5111,1.34,1e-06,0.8035,0.1118,0.0163,-0.0027,0.0232,1.9074,0.001997,6.49,5.22,
2026-07-10,ETF,中证500ETF南方期权_.xls,中证500ETF南方,500ETF沽12月7250,10011520,,12月,7250.0,7.25,put,0.195,0.1862,0.2,1.0,11.0,532.0,5274.0,163.0,913283.0,0.1782,0.175,0.195,0.1627,0.0034549999999999997,-0.1625,0.1209,0.0145,-0.0013,-0.0074,0.3117,-0.001997,44.61,-7.25,
2026-07-10,ETF,中证500ETF南方期权_.xls,中证500ETF南方,500ETF购12月7500,10011461,,12月,7500.0,7.5,call,1.115,1.1,1.1322,5.0,1.0,159.0,1028.0,114.0,1904510.0,1.304,1.3181,1.3228,1.115,1e-06,0.7689,0.1229,0.0179,-0.0029,0.0226,1.7373,0.0015970000000000001,7.8,6.0,
2026-07-10,ETF,中证500ETF南方期权_.xls,中证500ETF南方,500ETF沽12月7500,10011470,,12月,7500.0,7.5,put,0.255,0.2451,0.2639,1.0,1.0,545.0,3944.0,18.0,1192695.0,0.2341,0.225,0.2558,0.2113,0.0034490000000000002,-0.2004,0.1381,0.0165,-0.0015,-0.0091,0.3865,-0.0015970000000000001,34.11,-6.84,
2026-07-10,ETF,中证500ETF南方期权_.xls,中证500ETF南方,500ETF购12月7750,10011462,,12月,7750.0,7.75,call,0.955,0.9165,0.9607,1.0,1.0,386.0,1207.0,203.0,4016461.0,1.054,1.0899,1.13,0.95,1e-06,0.7323,0.1329,0.0194,-0.003,0.0219,1.5775,0.0012230000000000001,9.11,6.67,
2026-07-10,ETF,中证500ETF南方期权_.xls,中证500ETF南方,500ETF沽12月7750,10011471,,12月,7750.0,7.75,put,0.3258,0.319,0.3429,1.0,1.0,287.0,3220.0,210.0,826683.0,0.3005,0.2986,0.3258,0.2768,0.00344,-0.2417,0.1542,0.0184,-0.0016,-0.0111,0.4716,-0.0012230000000000001,26.7,-6.45,
2026-07-10,ETF,中证500ETF南方期权_.xls,中证500ETF南方,500ETF购12月8000,10011463,,12月,8000.0,8.0,call,0.784,0.78,0.8043,1.0,1.0,130.0,1576.0,-21.0,1151451.0,0.8677,0.92,0.9616,0.784,1e-06,0.6944,0.1415,0.0206,-0.0032,0.0211,1.4281,0.0008730000000000001,11.09,7.7,
2026-07-10,ETF,中证500ETF南方期权_.xls,中证500ETF南方,500ETF沽12月8000,10011472,,12月,8000.0,8.0,put,0.4244,0.4105,0.4334,1.0,1.0,694.0,3021.0,374.0,2587995.0,0.385,0.3788,0.4244,0.3541,0.0035100000000000005,-0.2885,0.1654,0.0201,-0.0017,-0.0134,0.5671,-0.0008730000000000001,20.49,-5.91,
2026-07-10,ETF,中证500ETF南方期权_.xls,中证500ETF南方,500ETF购12月8250,10011464,,12月,8250.0,8.25,call,0.6507,0.6457,0.6688,1.0,1.0,382.0,2853.0,89.0,2822157.0,0.7313,0.7716,0.813,0.6507,0.000956,0.8787,0.3584,0.0119,-0.0012,0.032,1.2892,0.000543,13.37,11.75,
2026-07-10,ETF,中证500ETF南方期权_.xls,中证500ETF南方,500ETF沽12月8250,10011473,,12月,8250.0,8.25,put,0.544,0.5228,0.5552,1.0,1.0,572.0,2385.0,396.0,2797603.0,0.4922,0.4589,0.544,0.4452,0.0036119999999999998,-0.3362,0.1717,0.0215,-0.0019,-0.0159,0.6731,-0.000543,15.99,-5.38,
2026-07-10,ETF,中证500ETF南方期权_.xls,中证500ETF南方,500ETF购12月8500,10011465,,12月,8500.0,8.5,call,0.5306,0.5213,0.5538,1.0,1.0,279.0,3719.0,-11.0,1695329.0,0.6,0.62,0.671,0.5306,0.001351,0.6995,0.4376,0.0205,-0.0015,0.0254,1.1606,0.00023300000000000003,16.39,11.47,
2026-07-10,ETF,中证500ETF南方期权_.xls,中证500ETF南方,500ETF沽12月8500,10011474,,12月,8500.0,8.5,put,0.668,0.669,0.6739,3.0,1.0,224.0,2373.0,89.0,1343351.0,0.6083,0.58,0.668,0.5641,0.003669,-0.3822,0.1767,0.0224,-0.002,-0.0183,0.7894,-0.00023300000000000003,13.02,-4.98,
2026-07-10,ETF,中证500ETF南方期权_.xls,中证500ETF南方,500ETF购12月8750,10011466,,12月,8750.0,8.75,call,0.4305,0.4246,0.4526,1.0,1.0,738.0,2447.0,126.0,3677801.0,0.4891,0.5,0.5555,0.4305,0.001562,0.5758,0.4261,0.023,-0.0016,0.0209,1.0421,-5.9e-05,20.2,11.63,
2026-07-10,ETF,中证500ETF南方期权_.xls,中证500ETF南方,500ETF沽12月8750,10011475,,12月,8750.0,8.75,put,0.8136,0.7977,0.8245,1.0,2.0,668.0,2703.0,337.0,4884676.0,0.7393,0.7101,0.8199,0.6907,0.0037670000000000004,-0.4267,0.177,0.0231,-0.002,-0.0207,0.9158,5.9e-05,10.69,-4.56,
2026-07-10,ETF,中证500ETF南方期权_.xls,中证500ETF南方,500ETF购12月9000,10011467,,12月,9000.0,9.0,call,0.347,0.345,0.368,1.0,1.0,422.0,3121.0,-29.0,1754356.0,0.3953,0.425,0.4567,0.347,0.001709,0.4763,0.3962,0.0234,-0.0017,0.0174,0.9334,-0.000336,25.07,11.94,
2026-07-10,ETF,中证500ETF南方期权_.xls,中证500ETF南方,500ETF沽12月9000,10011476,,12月,9000.0,9.0,put,0.9769,0.9637,1.0,1.0,2.0,117.0,851.0,53.0,1021604.0,0.8935,0.8689,0.98,0.837,0.003889,-0.4681,0.1738,0.0234,-0.0021,-0.0231,1.0519,0.000336,8.9,-4.17,
2026-07-10,ETF,中证500ETF南方期权_.xls,中证500ETF南方,500ETF购12月9250,10011468,,12月,9250.0,9.25,call,0.2888,0.2829,0.2965,2.0,1.0,362.0,1199.0,51.0,1212339.0,0.3215,0.34,0.3723,0.2861,0.0018679999999999999,0.3971,0.3509,0.0227,-0.0017,0.0145,0.834,-0.000597,30.12,11.96,
2026-07-10,ETF,中证500ETF南方期权_.xls,中证500ETF南方,500ETF沽12月9250,10011477,,12月,9250.0,9.25,put,1.1605,1.1402,1.18,1.0,1.0,113.0,548.0,31.0,1213597.0,1.0703,1.0317,1.1605,1.0281,0.004053,-0.5049,0.1673,0.0235,-0.0022,-0.0254,1.1975,0.000597,7.5,-3.78,
2026-07-10,ETF,中证500ETF南方期权_.xls,中证500ETF南方,500ETF购12月9500,10011469,,12月,9500.0,9.5,call,0.228,0.2254,0.237,1.0,1.0,179.0,2143.0,44.0,480234.0,0.26,0.2552,0.2988,0.228,0.001941,0.3266,0.3158,0.0212,-0.0016,0.012,0.7434,-0.0008439999999999999,38.15,12.46,
2026-07-10,ETF,中证500ETF南方期权_.xls,中证500ETF南方,500ETF沽12月9500,10011478,,12月,9500.0,9.5,put,1.3799,1.3343,1.3801,1.0,1.0,0.0,1200.0,0.0,0.0,1.2547,1.3799,1.3799,1.3799,0.00433,-0.5336,0.156,0.0234,-0.0023,-0.0275,1.3519,0.0008439999999999999,6.3,-3.36,
2026-07-10,ETF,中证500ETF南方期权_.xls,中证500ETF南方,500ETF购12月9750,10011551,,12月,9750.0,9.75,call,0.1851,0.1802,0.1904,1.0,1.0,169.0,3365.0,101.0,380908.0,0.2053,0.2088,0.2435,0.185,0.002034,0.2705,0.2765,0.0195,-0.0015,0.0099,0.6613,-0.0010789999999999999,46.99,12.71,
2026-07-10,ETF,中证500ETF南方期权_.xls,中证500ETF南方,500ETF沽12月9750,10011552,,12月,9750.0,9.75,put,1.4302,1.5376,1.5843,1.0,1.0,18.0,2099.0,5.0,254084.0,1.4507,1.3918,1.4302,1.3918,0.0038420000000000004,-0.591,0.1719,0.0229,-0.0018,-0.0301,1.5147,0.0010789999999999999,6.08,-3.59,
2026-07-10,ETF,中证500ETF南方期权_.xls,中证500ETF南方,500ETF购12月10000,10011599,,12月,10000.0,10.0,call,0.149,0.1451,0.152,1.0,1.0,655.0,5691.0,159.0,1185230.0,0.1682,0.1757,0.1975,0.149,0.002109,0.223,0.2405,0.0176,-0.0013,0.0082,0.5871,-0.0013019999999999998,58.38,13.02,
2026-07-10,ETF,中证500ETF南方期权_.xls,中证500ETF南方,500ETF沽12月10000,10011600,,12月,10000.0,10.0,put,1.6164,1.7502,1.7974,1.0,1.0,40.0,3951.0,7.0,634388.0,1.6577,1.603,1.6164,1.5741,0.0039030000000000002,-0.6249,0.1651,0.0223,-0.0017,-0.0323,1.6853,0.0013019999999999998,5.38,-3.36,
2026-07-10,ETF,中证500ETF南方期权_.xls,中证500ETF南方,500ETF购12月10500,10012001,,12月,10500.0,10.5,call,0.0955,0.0952,0.0955,1.0,10.0,938.0,2583.0,344.0,1097777.0,0.1092,0.0999,0.1293,0.0955,1e-06,0.3276,0.1458,0.0212,-0.003,0.0109,0.4601,-0.001716,91.08,29.84,
2026-07-10,ETF,中证500ETF南方期权_.xls,中证500ETF南方,500ETF沽12月10500,10012002,,12月,10500.0,10.5,put,2.0526,2.1909,2.2395,1.0,1.0,18.0,1123.0,17.0,368547.0,2.091,2.0342,2.0526,2.0284,1e-06,-0.6724,0.1458,0.0212,-0.0017,-0.0361,2.0481,0.001716,4.24,-2.85,
2026-07-10,ETF,沪深300ETF嘉实期权_.xls,沪深300ETF嘉实,沪深300ETF购7月4500,90007633,,7月,4500.0,4.5,call,0.5373,0.5287,0.5418,1.0,1.0,42.0,261.0,27.0,254498.0,0.6317,0.6051,0.6431,0.5373,1e-06,0.9758,0.1914,0.0005,-0.0012,0.0016,0.548,0.001196,9.38,9.15,
2026-07-10,ETF,沪深300ETF嘉实期权_.xls,沪深300ETF嘉实,沪深300ETF沽7月4500,90007634,,7月,4500.0,4.5,put,0.0009,0.0008,0.0013,10.0,2.0,1226.0,2412.0,377.0,12377.0,0.0012,0.0011,0.0014,0.0009,0.002651,-0.0103,0.1088,0.0003,-0.0003,-0.0,0.0028,-0.001196,5597.78,-57.85,
2026-07-10,ETF,沪深300ETF嘉实期权_.xls,沪深300ETF嘉实,沪深300ETF购7月4600,90007623,,7月,4600.0,4.6,call,0.4374,0.4304,0.4424,1.0,1.0,140.0,552.0,72.0,715816.0,0.5319,0.5095,0.55,0.4338,1e-06,0.9453,0.3731,0.0011,-0.0018,0.0015,0.4524,0.0009519999999999999,11.52,10.89,
2026-07-10,ETF,沪深300ETF嘉实期权_.xls,沪深300ETF嘉实,沪深300ETF沽7月4600,90007624,,7月,4600.0,4.6,put,0.0021,0.0019,0.0023,1.0,12.0,1495.0,2874.0,660.0,28279.0,0.0022,0.0018,0.0022,0.0016,0.002494,-0.0233,0.2322,0.0005,-0.0005,-0.0,0.007,-0.0009519999999999999,2399.05,-55.86,
2026-07-10,ETF,沪深300ETF嘉实期权_.xls,沪深300ETF嘉实,沪深300ETF购7月4700,90007583,,7月,4700.0,4.7,call,0.3443,0.335,0.3444,1.0,1.0,338.0,771.0,62.0,1411120.0,0.432,0.4091,0.4514,0.338,1e-06,0.8918,0.6265,0.0018,-0.0026,0.0015,0.3614,0.000719,14.63,13.05,
2026-07-10,ETF,沪深300ETF嘉实期权_.xls,沪深300ETF嘉实,沪深300ETF沽7月4700,90007592,,7月,4700.0,4.7,put,0.0045,0.0045,0.0046,15.0,51.0,2934.0,5882.0,665.0,105417.0,0.004,0.004,0.0045,0.0031,0.002301,-0.0486,0.4613,0.001,-0.0008,-0.0001,0.0158,-0.000719,1119.56,-54.46,
2026-07-10,ETF,沪深300ETF嘉实期权_.xls,沪深300ETF嘉实,沪深300ETF购7月4800,90007584,,7月,4800.0,4.8,call,0.2457,0.2413,0.2511,1.0,1.0,2216.0,1363.0,-193.0,7078909.0,0.3322,0.3124,0.3572,0.2417,1e-06,0.8102,0.9143,0.0026,-0.0036,0.0014,0.2775,0.000496,20.5,16.61,
2026-07-10,ETF,沪深300ETF嘉实期权_.xls,沪深300ETF嘉实,沪深300ETF沽7月4800,90007593,,7月,4800.0,4.8,put,0.0104,0.01,0.0108,1.0,1.0,4145.0,3811.0,1061.0,335016.0,0.0082,0.0084,0.011,0.0058,0.0021460000000000003,-0.1048,0.89,0.0017,-0.0014,-0.0002,0.0319,-0.000496,484.42,-50.78,
2026-07-10,ETF,沪深300ETF嘉实期权_.xls,沪深300ETF嘉实,沪深300ETF购7月4900,90007585,,7月,4900.0,4.9,call,0.1593,0.1559,0.1628,1.0,1.0,2989.0,2601.0,293.0,6762045.0,0.2354,0.2269,0.2641,0.1565,0.001613,0.8365,1.6089,0.0023,-0.002,0.0014,0.2038,0.00028199999999999997,31.63,26.46,
2026-07-10,ETF,沪深300ETF嘉实期权_.xls,沪深300ETF嘉实,沪深300ETF沽7月4900,90007594,,7月,4900.0,4.9,put,0.0246,0.0245,0.0248,2.0,2.0,6349.0,6995.0,1923.0,1028093.0,0.0159,0.0159,0.0259,0.0107,0.002043,-0.2174,1.5137,0.0028,-0.0021,-0.0004,0.0579,-0.00028199999999999997,204.8,-44.51,
2026-07-10,ETF,沪深300ETF嘉实期权_.xls,沪深300ETF嘉实,沪深300ETF购7月5000,90007586,,7月,5000.0,5.0,call,0.09,0.0899,0.09,30.0,1.0,11751.0,8929.0,1228.0,16292191.0,0.1479,0.1474,0.1766,0.0881,0.0017059999999999998,0.6183,2.351,0.0036,-0.0028,0.0011,0.1422,7.6e-05,55.98,34.61,
2026-07-10,ETF,沪深300ETF嘉实期权_.xls,沪深300ETF嘉实,沪深300ETF沽7月5000,90007595,,7月,5000.0,5.0,put,0.0553,0.0552,0.0559,1.0,1.0,16636.0,9380.0,3128.0,6094207.0,0.0346,0.0336,0.0577,0.0245,0.002016,-0.3974,2.0123,0.0037,-0.0026,-0.0007,0.0962,-7.6e-05,91.1,-36.2,
2026-07-10,ETF,沪深300ETF嘉实期权_.xls,沪深300ETF嘉实,沪深300ETF购7月5250,90007587,,7月,5250.0,5.25,call,0.0138,0.0138,0.0142,21.0,1.0,29180.0,33830.0,635.0,7989746.0,0.0299,0.0322,0.0377,0.0138,0.00196,0.1462,1.2303,0.0022,-0.0017,0.0003,0.0452,-0.000404,365.07,53.39,
2026-07-10,ETF,沪深300ETF嘉实期权_.xls,沪深300ETF嘉实,沪深300ETF沽7月5250,90007596,,7月,5250.0,5.25,put,0.2286,0.2231,0.2329,1.0,1.0,8007.0,5202.0,1986.0,12904157.0,0.167,0.167,0.2323,0.1345,0.00242,-0.8008,1.2137,0.0027,-0.0019,-0.0015,0.2488,0.000404,22.04,-17.65,
2026-07-10,ETF,沪深300ETF嘉实期权_.xls,沪深300ETF嘉实,沪深300ETF购7月5500,90007588,,7月,5500.0,5.5,call,0.0034,0.003,0.0039,4.0,2.0,7463.0,28857.0,1009.0,429352.0,0.0063,0.0058,0.0082,0.0031,0.0025109999999999998,0.0364,0.3342,0.0008,-0.0008,0.0001,0.0099,-0.00084,1481.76,53.93,
2026-07-10,ETF,沪深300ETF嘉实期权_.xls,沪深300ETF嘉实,沪深300ETF沽7月5500,90007597,,7月,5500.0,5.5,put,0.4664,0.4606,0.4739,1.0,1.0,3074.0,2920.0,231.0,11723215.0,0.3934,0.3985,0.471,0.3532,0.003348,-0.9085,0.5164,0.0016,-0.0014,-0.0018,0.4631,0.00084,10.8,-9.81,
2026-07-10,ETF,沪深300ETF嘉实期权_.xls,沪深300ETF嘉实,沪深300ETF购7月5750,90007589,,7月,5750.0,5.75,call,0.001,0.0011,0.0015,1.0,1.0,2938.0,7748.0,984.0,58430.0,0.0021,0.0019,0.003,0.001,0.002966,0.0106,0.0993,0.0003,-0.0003,0.0,0.0015,-0.0012380000000000002,5038.0,53.32,
2026-07-10,ETF,沪深300ETF嘉实期权_.xls,沪深300ETF嘉实,沪深300ETF沽7月5750,90007598,,7月,5750.0,5.75,put,0.7124,0.7089,0.7239,1.0,1.0,242.0,592.0,-44.0,1530093.0,0.6373,0.6472,0.7161,0.6053,0.004272,-0.9429,0.2821,0.0011,-0.0011,-0.0019,0.7043,0.0012380000000000002,7.07,-6.67,
2026-07-10,ETF,沪深300ETF嘉实期权_.xls,沪深300ETF嘉实,沪深300ETF购7月6000,90007590,,7月,6000.0,6.0,call,0.0009,0.0007,0.0013,11.0,1.0,2041.0,6059.0,-12.0,29565.0,0.0014,0.0014,0.0018,0.0009,0.003741,0.0078,0.0605,0.0002,-0.0003,0.0,0.0002,-0.001603,5597.78,43.82,
2026-07-10,ETF,沪深300ETF嘉实期权_.xls,沪深300ETF嘉实,沪深300ETF沽7月6000,90007599,,7月,6000.0,6.0,put,0.9583,0.9579,0.975,1.0,1.0,33.0,466.0,33.0,286447.0,0.8843,0.8634,0.9583,0.8551,0.004882999999999999,-0.9666,0.1602,0.0007,-0.0006,-0.0021,0.9525,0.001603,5.26,-5.08,
2026-07-10,ETF,沪深300ETF嘉实期权_.xls,沪深300ETF嘉实,沪深300ETF购7月6250,90007591,,7月,6250.0,6.25,call,0.0007,0.0007,0.0013,2.0,1.0,3603.0,11122.0,1098.0,37842.0,0.0012,0.0009,0.0015,0.0006,0.004378,0.0054,0.0373,0.0001,-0.0003,0.0,0.0,-0.0019390000000000002,7197.14,38.95,
2026-07-10,ETF,沪深300ETF嘉实期权_.xls,沪深300ETF嘉实,沪深300ETF沽7月6250,90007600,,7月,6250.0,6.25,put,1.2057,1.2056,1.2239,1.0,1.0,79.0,1154.0,41.0,877699.0,1.1332,1.1332,1.2057,1.1036,0.005403,-0.9797,0.0955,0.0005,-0.0002,-0.0022,1.202,0.0019390000000000002,4.18,-4.09,
2026-07-10,ETF,沪深300ETF嘉实期权_.xls,沪深300ETF嘉实,沪深300ETF购8月4600,90007759,,8月,4600.0,4.6,call,0.4399,0.4324,0.446,1.0,1.0,108.0,257.0,104.0,537289.0,0.5453,0.5034,0.5334,0.4399,1e-06,0.8545,0.4718,0.0042,-0.0016,0.005,0.503,0.0009519999999999999,11.45,9.79,
2026-07-10,ETF,沪深300ETF嘉实期权_.xls,沪深300ETF嘉实,沪深300ETF沽8月4600,90007760,,8月,4600.0,4.6,put,0.0267,0.0264,0.0268,1.0,1.0,923.0,2801.0,206.0,193108.0,0.0211,0.0224,0.0271,0.0178,0.002367,-0.1207,0.4645,0.0037,-0.0008,-0.0008,0.0378,-0.0009519999999999999,188.69,-22.78,
2026-07-10,ETF,沪深300ETF嘉实期权_.xls,沪深300ETF嘉实,沪深300ETF购8月4700,90007715,,8月,4700.0,4.7,call,0.3585,0.3481,0.3605,1.0,1.0,438.0,519.0,253.0,1797200.0,0.4463,0.4174,0.4538,0.3585,1e-06,0.7974,0.5828,0.0052,-0.0019,0.0047,0.4233,0.000719,14.05,11.21,
2026-07-10,ETF,沪深300ETF嘉实期权_.xls,沪深300ETF嘉实,沪深300ETF沽8月4700,90007724,,8月,4700.0,4.7,put,0.0406,0.0403,0.0412,1.0,1.0,1231.0,2662.0,596.0,386970.0,0.0327,0.0336,0.0411,0.027,0.002305,-0.1728,0.6071,0.0047,-0.001,-0.0012,0.0576,-0.000719,124.09,-21.44,
2026-07-10,ETF,沪深300ETF嘉实期权_.xls,沪深300ETF嘉实,沪深300ETF购8月4800,90007716,,8月,4800.0,4.8,call,0.2765,0.271,0.2816,1.0,1.0,688.0,869.0,4.0,2308019.0,0.3492,0.3324,0.3673,0.2765,0.00118,0.9017,0.8045,0.0032,-0.0009,0.0056,0.3503,0.000496,18.22,16.43,
2026-07-10,ETF,沪深300ETF嘉实期权_.xls,沪深300ETF嘉实,沪深300ETF沽8月4800,90007725,,8月,4800.0,4.8,put,0.063,0.063,0.0633,2.0,1.0,225.0,1292.0,119.0,106101.0,0.0494,0.0497,0.063,0.0424,0.002293,-0.2436,0.7481,0.0057,-0.0012,-0.0017,0.084,-0.000496,79.97,-19.48,
2026-07-10,ETF,沪深300ETF嘉实期权_.xls,沪深300ETF嘉实,沪深300ETF购8月4900,90007717,,8月,4900.0,4.9,call,0.2068,0.204,0.2071,1.0,1.0,165.0,1208.0,42.0,421545.0,0.2622,0.2567,0.2896,0.2064,0.001429,0.7505,1.2157,0.0058,-0.0013,0.0047,0.2849,0.00028199999999999997,24.36,18.28,
2026-07-10,ETF,沪深300ETF嘉实期权_.xls,沪深300ETF嘉实,沪深300ETF沽8月4900,90007726,,8月,4900.0,4.9,put,0.093,0.0929,0.0954,1.0,1.0,597.0,1197.0,158.0,463375.0,0.0727,0.0745,0.093,0.0637,0.0022760000000000002,-0.3265,0.8674,0.0066,-0.0013,-0.0023,0.118,-0.00028199999999999997,54.17,-17.69,
2026-07-10,ETF,沪深300ETF嘉实期权_.xls,沪深300ETF嘉实,沪深300ETF购8月5000,90007718,,8月,5000.0,5.0,call,0.1504,0.1482,0.1508,1.0,1.0,1292.0,3111.0,471.0,2596209.0,0.1976,0.1931,0.2222,0.15,0.001567,0.6048,1.3448,0.007,-0.0015,0.0038,0.2274,7.6e-05,33.5,20.26,
2026-07-10,ETF,沪深300ETF嘉实期权_.xls,沪深300ETF嘉实,沪深300ETF沽8月5000,90007727,,8月,5000.0,5.0,put,0.1369,0.1337,0.1393,1.0,1.0,894.0,2397.0,191.0,985377.0,0.1088,0.1089,0.1389,0.0938,0.002328,-0.42,0.9189,0.0071,-0.0015,-0.003,0.1599,-7.6e-05,36.8,-15.46,
2026-07-10,ETF,沪深300ETF嘉实期权_.xls,沪深300ETF嘉实,沪深300ETF购8月5250,90007719,,8月,5250.0,5.25,call,0.0618,0.0609,0.062,4.0,1.0,1717.0,3318.0,750.0,1444397.0,0.0862,0.0856,0.1004,0.0609,0.001796,0.3052,1.0679,0.0064,-0.0014,0.0019,0.1191,-0.000404,81.52,24.88,
2026-07-10,ETF,沪深300ETF嘉实期权_.xls,沪深300ETF嘉实,沪深300ETF沽8月5250,90007728,,8月,5250.0,5.25,put,0.2964,0.2963,0.3017,1.0,1.0,316.0,1165.0,150.0,785027.0,0.2484,0.251,0.2964,0.2243,0.002596,-0.6285,0.7972,0.0069,-0.0014,-0.0046,0.3002,0.000404,17.0,-10.68,
2026-07-10,ETF,沪深300ETF嘉实期权_.xls,沪深300ETF嘉实,沪深300ETF购8月5500,90007720,,8月,5500.0,5.5,call,0.0252,0.0246,0.0252,1.0,1.0,1328.0,2613.0,950.0,495410.0,0.0372,0.0359,0.0423,0.025,0.0020129999999999996,0.1391,0.6025,0.004,-0.0009,0.0009,0.0553,-0.00084,199.92,27.8,
2026-07-10,ETF,沪深300ETF嘉实期权_.xls,沪深300ETF嘉实,沪深300ETF沽8月5500,90007729,,8月,5500.0,5.5,put,0.5082,0.5037,0.5164,1.0,1.0,218.0,543.0,122.0,988891.0,0.4478,0.45,0.51,0.42,0.003071,-0.7514,0.5646,0.0058,-0.0013,-0.0056,0.4848,0.00084,9.91,-7.45,
2026-07-10,ETF,沪深300ETF嘉实期权_.xls,沪深300ETF嘉实,沪深300ETF购8月5750,90007721,,8月,5750.0,5.75,call,0.0119,0.0115,0.0122,6.0,1.0,425.0,1417.0,320.0,64622.0,0.0172,0.0167,0.0195,0.0118,0.002267,0.0675,0.3152,0.0024,-0.0006,0.0004,0.0228,-0.0012380000000000002,423.36,28.57,
2026-07-10,ETF,沪深300ETF嘉实期权_.xls,沪深300ETF嘉实,沪深300ETF沽8月5750,90007730,,8月,5750.0,5.75,put,0.7368,0.7367,0.7525,1.0,1.0,44.0,350.0,44.0,294688.0,0.6777,0.6558,0.7368,0.6558,0.003532,-0.8217,0.4042,0.0048,-0.0012,-0.0064,0.7008,0.0012380000000000002,6.84,-5.62,
2026-07-10,ETF,沪深300ETF嘉实期权_.xls,沪深300ETF嘉实,沪深300ETF购8月6000,90007722,,8月,6000.0,6.0,call,0.0067,0.006,0.0068,2.0,1.0,483.0,800.0,373.0,44629.0,0.0092,0.0092,0.0105,0.0067,0.002545,0.0373,0.175,0.0015,-0.0004,0.0002,0.0084,-0.001603,751.94,28.03,
2026-07-10,ETF,沪深300ETF嘉实期权_.xls,沪深300ETF嘉实,沪深300ETF沽8月6000,90007731,,8月,6000.0,6.0,put,0.9808,0.9807,0.9976,1.0,1.0,1.0,268.0,1.0,9808.0,0.9178,0.9808,0.9808,0.9808,0.004152,-0.8522,0.3043,0.0042,-0.0012,-0.0069,0.935,0.001603,5.14,-4.38,
2026-07-10,ETF,沪深300ETF嘉实期权_.xls,沪深300ETF嘉实,沪深300ETF购8月6250,90007723,,8月,6250.0,6.25,call,0.0039,0.0038,0.0043,1.0,1.0,991.0,1898.0,438.0,55091.0,0.0057,0.0079,0.0079,0.0037,0.002785,0.0214,0.1008,0.0009,-0.0003,0.0001,0.0028,-0.0019390000000000002,1291.79,27.65,
2026-07-10,ETF,沪深300ETF嘉实期权_.xls,沪深300ETF嘉实,沪深300ETF沽8月6250,90007732,,8月,6250.0,6.25,put,1.2253,1.2252,1.2458,1.0,1.0,1.0,147.0,1.0,12253.0,1.162,1.2253,1.2253,1.2253,0.0047009999999999994,-0.8738,0.2413,0.0038,-0.0012,-0.0074,1.1779,0.0019390000000000002,4.11,-3.59,
2026-07-10,ETF,沪深300ETF嘉实期权_.xls,沪深300ETF嘉实,沪深300ETF购9月4200,90007235,,9月,4200.0,4.2,call,0.808,0.7968,0.8032,1.0,1.0,3.0,257.0,2.0,26160.0,0.9533,0.9014,0.9066,0.808,1e-06,0.9669,0.1365,0.0017,-0.0008,0.0083,0.8845,0.001995,6.24,6.03,
2026-07-10,ETF,沪深300ETF嘉实期权_.xls,沪深300ETF嘉实,沪深300ETF沽9月4200,90007237,,9月,4200.0,4.2,put,0.0123,0.0121,0.0134,1.0,3.0,8721.0,10113.0,2847.0,1078417.0,0.0129,0.0133,0.014,0.0112,0.0026030000000000003,-0.0474,0.1653,0.0023,-0.0004,-0.0005,0.0073,-0.001995,409.59,-19.43,
2026-07-10,ETF,沪深300ETF嘉实期权_.xls,沪深300ETF嘉实,沪深300ETF购9月4300,90007236,,9月,4300.0,4.3,call,,0.7101,0.7107,1.0,1.0,0.0,107.0,0.0,0.0,0.8539,,,,1e-06,0.9472,0.1994,0.0025,-0.0009,0.0083,0.7906,0.001716,,,
2026-07-10,ETF,沪深300ETF嘉实期权_.xls,沪深300ETF嘉实,沪深300ETF沽9月4300,90007238,,9月,4300.0,4.3,put,0.018,0.0179,0.018,1.0,1.0,399.0,4746.0,93.0,68354.0,0.0183,0.0184,0.0194,0.0158,0.00255,-0.0668,0.221,0.003,-0.0005,-0.0007,0.0125,-0.001716,279.89,-18.7,
2026-07-10,ETF,沪深300ETF嘉实期权_.xls,沪深300ETF嘉实,沪深300ETF购9月4400,90007131,,9月,4400.0,4.4,call,0.6233,0.6116,0.6234,1.0,1.0,3.0,450.0,2.0,20573.0,0.7545,0.717,0.717,0.6233,1e-06,0.9198,0.2757,0.0034,-0.001,0.0082,0.6996,0.00145,8.08,7.43,
2026-07-10,ETF,沪深300ETF嘉实期权_.xls,沪深300ETF嘉实,沪深300ETF沽9月4400,90007132,,9月,4400.0,4.4,put,0.0268,0.0263,0.0269,1.0,1.0,224.0,1372.0,84.0,57095.0,0.0253,0.0256,0.0288,0.0218,0.002522,-0.0942,0.2896,0.0039,-0.0006,-0.001,0.0205,-0.00145,187.99,-17.7,
2026-07-10,ETF,沪深300ETF嘉实期权_.xls,沪深300ETF嘉实,沪深300ETF购9月4500,90007087,,9月,4500.0,4.5,call,0.5309,0.5239,0.5355,1.0,1.0,39.0,468.0,27.0,230664.0,0.6552,0.6077,0.6284,0.5302,1e-06,0.8838,0.362,0.0045,-0.0012,0.008,0.6121,0.001196,9.49,8.39,
2026-07-10,ETF,沪深300ETF嘉实期权_.xls,沪深300ETF嘉实,沪深300ETF沽9月4500,90007096,,9月,4500.0,4.5,put,0.0388,0.0388,0.0395,1.0,1.0,528.0,1668.0,175.0,186278.0,0.0354,0.0359,0.0415,0.0308,0.002493,-0.1288,0.3668,0.0048,-0.0007,-0.0014,0.0321,-0.001196,129.85,-16.72,
2026-07-10,ETF,沪深300ETF嘉实期权_.xls,沪深300ETF嘉实,沪深300ETF购9月4600,90007088,,9月,4600.0,4.6,call,0.4543,0.4428,0.4544,1.0,1.0,1.0,446.0,0.0,4543.0,0.5559,0.4543,0.4543,0.4543,1e-06,0.8387,0.4527,0.0056,-0.0013,0.0077,0.5292,0.0009519999999999999,11.09,9.3,
2026-07-10,ETF,沪深300ETF嘉实期权_.xls,沪深300ETF嘉实,沪深300ETF沽9月4600,90007097,,9月,4600.0,4.6,put,0.0563,0.0553,0.0573,1.0,1.0,92.0,943.0,60.0,42303.0,0.0493,0.0498,0.0581,0.041,0.002489,-0.1736,0.4482,0.0059,-0.0009,-0.0019,0.0483,-0.0009519999999999999,89.48,-15.53,
2026-07-10,ETF,沪深300ETF嘉实期权_.xls,沪深300ETF嘉实,沪深300ETF购9月4700,90007089,,9月,4700.0,4.7,call,0.3768,0.3662,0.3769,1.0,1.0,19.0,705.0,15.0,78604.0,0.4572,0.4668,0.4668,0.3768,1e-06,0.7848,0.5411,0.0067,-0.0015,0.0073,0.4517,0.000719,13.37,10.49,
2026-07-10,ETF,沪深300ETF嘉实期权_.xls,沪深300ETF嘉实,沪深300ETF沽9月4700,90007098,,9月,4700.0,4.7,put,0.0779,0.0778,0.0813,1.0,1.0,78.0,871.0,42.0,48502.0,0.0687,0.0623,0.0779,0.06,0.0024679999999999997,-0.2248,0.5283,0.0069,-0.001,-0.0025,0.0698,-0.000719,64.67,-14.54,
2026-07-10,ETF,沪深300ETF嘉实期权_.xls,沪深300ETF嘉实,沪深300ETF购9月4800,90007090,,9月,4800.0,4.8,call,0.3082,0.2989,0.3083,1.0,1.0,206.0,1141.0,196.0,772525.0,0.3603,0.3852,0.3897,0.3082,0.0013,0.8421,0.8069,0.0055,-0.001,0.0082,0.3804,0.000496,16.35,13.77,
2026-07-10,ETF,沪深300ETF嘉实期权_.xls,沪深300ETF嘉实,沪深300ETF沽9月4800,90007099,,9月,4800.0,4.8,put,0.1111,0.1073,0.1129,1.0,1.0,46.0,1025.0,12.0,48184.0,0.0933,0.09,0.113,0.09,0.002523,-0.288,0.5881,0.0078,-0.0011,-0.0033,0.0976,-0.000496,45.35,-13.06,
2026-07-10,ETF,沪深300ETF嘉实期权_.xls,沪深300ETF嘉实,沪深300ETF购9月4900,90007091,,9月,4900.0,4.9,call,0.2466,0.2396,0.2467,1.0,1.0,302.0,1133.0,172.0,893482.0,0.2923,0.3054,0.32,0.2466,0.0015039999999999997,0.7175,0.9776,0.0078,-0.0012,0.007,0.3159,0.00028199999999999997,20.43,14.66,
2026-07-10,ETF,沪深300ETF嘉实期权_.xls,沪深300ETF嘉实,沪深300ETF沽9月4900,90007100,,9月,4900.0,4.9,put,0.1482,0.1481,0.1529,1.0,1.0,257.0,1467.0,136.0,355959.0,0.1257,0.1154,0.1482,0.1152,0.002538,-0.3525,0.6364,0.0085,-0.0012,-0.004,0.1322,-0.00028199999999999997,33.99,-11.98,
2026-07-10,ETF,沪深300ETF嘉实期权_.xls,沪深300ETF嘉实,沪深300ETF购9月5000,90007092,,9月,5000.0,5.0,call,0.1923,0.1892,0.1969,1.0,1.0,419.0,1389.0,216.0,1000913.0,0.235,0.249,0.2576,0.1918,0.0016070000000000001,0.6055,1.0419,0.0088,-0.0013,0.006,0.2586,7.6e-05,26.2,15.86,
2026-07-10,ETF,沪深300ETF嘉实期权_.xls,沪深300ETF嘉实,沪深300ETF沽9月5000,90007101,,9月,5000.0,5.0,put,0.1976,0.1931,0.2019,1.0,1.0,570.0,988.0,179.0,934398.0,0.1667,0.1603,0.1976,0.1492,0.002614,-0.4201,0.6506,0.009,-0.0013,-0.0048,0.174,-7.6e-05,25.5,-10.71,
2026-07-10,ETF,沪深300ETF嘉实期权_.xls,沪深300ETF嘉实,沪深300ETF购9月5250,90007093,,9月,5250.0,5.25,call,0.1019,0.1002,0.105,1.0,1.0,973.0,4475.0,409.0,1228313.0,0.128,0.1399,0.1435,0.0998,0.001838,0.3677,0.8919,0.0087,-0.0013,0.0036,0.147,-0.000404,49.44,18.18,
2026-07-10,ETF,沪深300ETF嘉实期权_.xls,沪深300ETF嘉实,沪深300ETF沽9月5250,90007102,,9月,5250.0,5.25,put,0.3543,0.3542,0.362,1.0,1.0,902.0,2865.0,439.0,2875644.0,0.3084,0.3004,0.3593,0.2834,0.0028439999999999997,-0.5716,0.6003,0.009,-0.0013,-0.0067,0.31,0.000404,14.22,-8.13,
2026-07-10,ETF,沪深300ETF嘉实期权_.xls,沪深300ETF嘉实,沪深300ETF购9月5500,90007094,,9月,5500.0,5.5,call,0.0535,0.0532,0.0562,1.0,1.0,518.0,3889.0,259.0,335386.0,0.0679,0.0669,0.0773,0.0529,0.0020269999999999997,0.2115,0.6212,0.0067,-0.001,0.0021,0.0761,-0.00084,94.17,19.92,
2026-07-10,ETF,沪深300ETF嘉实期权_.xls,沪深300ETF嘉实,沪深300ETF沽9月5500,90007103,,9月,5500.0,5.5,put,0.5554,0.5512,0.5631,1.0,1.0,272.0,2048.0,216.0,1451290.0,0.4991,0.4776,0.5608,0.4776,0.003225,-0.6769,0.4843,0.0083,-0.0013,-0.0083,0.4868,0.00084,9.07,-6.14,
2026-07-10,ETF,沪深300ETF嘉实期权_.xls,沪深300ETF嘉实,沪深300ETF购9月5750,90007095,,9月,5750.0,5.75,call,0.03,0.0299,0.0313,1.0,1.0,1298.0,3724.0,352.0,491630.0,0.0386,0.0374,0.0437,0.0294,0.0022270000000000002,0.1235,0.3987,0.0047,-0.0008,0.0012,0.036,-0.0012380000000000002,167.93,20.74,
2026-07-10,ETF,沪深300ETF嘉实期权_.xls,沪深300ETF嘉实,沪深300ETF沽9月5750,90007104,,9月,5750.0,5.75,put,0.7868,0.7778,0.7847,1.0,1.0,200.0,1655.0,200.0,1514300.0,0.7185,0.7161,0.7868,0.7161,0.003771,-0.7349,0.3779,0.0075,-0.0013,-0.0093,0.6944,0.0012380000000000002,6.4,-4.71,
2026-07-10,ETF,沪深300ETF嘉实期权_.xls,沪深300ETF嘉实,沪深300ETF购9月6000,90007123,,9月,6000.0,6.0,call,0.0179,0.0171,0.0179,1.0,24.0,794.0,8154.0,159.0,173063.0,0.0232,0.0229,0.0266,0.0177,0.0024230000000000002,0.0749,0.2538,0.0033,-0.0006,0.0007,0.0156,-0.001603,281.45,21.08,
2026-07-10,ETF,沪深300ETF嘉实期权_.xls,沪深300ETF嘉实,沪深300ETF沽9月6000,90007124,,9月,6000.0,6.0,put,,1.013,1.0263,1.0,1.0,0.0,996.0,0.0,0.0,0.9534,,,,0.004218,-0.7773,0.3075,0.0069,-0.0013,-0.0103,0.9216,0.001603,,,
2026-07-10,ETF,沪深300ETF嘉实期权_.xls,沪深300ETF嘉实,沪深300ETF购9月6250,90007511,,9月,6250.0,6.25,call,0.0121,0.0113,0.0122,7.0,1.0,2061.0,8974.0,652.0,325116.0,0.0154,0.0143,0.0175,0.0113,0.002647,0.0498,0.1689,0.0024,-0.0004,0.0005,0.0062,-0.0019390000000000002,416.36,20.73,
2026-07-10,ETF,沪深300ETF嘉实期权_.xls,沪深300ETF嘉实,沪深300ETF沽9月6250,90007512,,9月,6250.0,6.25,put,,1.2546,1.2687,1.0,1.0,0.0,268.0,0.0,0.0,1.1857,,,,0.004716,-0.8025,0.2563,0.0064,-0.0013,-0.011,1.1599,0.0019390000000000002,,,
2026-07-10,ETF,沪深300ETF嘉实期权_.xls,沪深300ETF嘉实,沪深300ETF购12月4500,90007635,,12月,4500.0,4.5,call,0.5558,0.5405,0.5431,1.0,1.0,9.0,233.0,7.0,55021.0,0.6943,0.6346,0.6346,0.5558,1e-06,0.8353,0.3322,0.0084,-0.001,0.0161,0.6995,0.001196,9.06,7.57,
2026-07-10,ETF,沪深300ETF嘉实期权_.xls,沪深300ETF嘉实,沪深300ETF沽12月4500,90007636,,12月,4500.0,4.5,put,0.106,0.1058,0.112,1.0,1.0,162.0,935.0,36.0,154216.0,0.1023,0.1051,0.106,0.0899,0.0025920000000000006,-0.1979,0.3149,0.0095,-0.0006,-0.005,0.0698,-0.001196,47.53,-9.41,
2026-07-10,ETF,沪深300ETF嘉实期权_.xls,沪深300ETF嘉实,沪深300ETF购12月4600,90007429,,12月,4600.0,4.6,call,0.4733,0.4719,0.4863,5.0,1.0,8.0,278.0,3.0,40569.0,0.6026,0.5307,0.544,0.4733,1e-06,0.7959,0.3797,0.0097,-0.0011,0.0155,0.6237,0.0009519999999999999,10.64,8.47,
2026-07-10,ETF,沪深300ETF嘉实期权_.xls,沪深300ETF嘉实,沪深300ETF沽12月4600,90007438,,12月,4600.0,4.6,put,0.1376,0.133,0.1406,1.0,1.0,177.0,1461.0,-3.0,230507.0,0.1277,0.1277,0.1381,0.1138,0.00264,-0.2377,0.3437,0.0105,-0.0007,-0.0061,0.092,-0.0009519999999999999,36.61,-8.7,
2026-07-10,ETF,沪深300ETF嘉实期权_.xls,沪深300ETF嘉实,沪深300ETF购12月4700,90007430,,12月,4700.0,4.7,call,0.4076,0.4012,0.4077,1.0,1.0,166.0,793.0,162.0,723469.0,0.5148,0.4677,0.4677,0.4076,1e-06,0.7523,0.4237,0.0108,-0.0011,0.0148,0.5524,0.000719,12.36,9.3,
2026-07-10,ETF,沪深300ETF嘉实期权_.xls,沪深300ETF嘉实,沪深300ETF沽12月4700,90007439,,12月,4700.0,4.7,put,0.1695,0.1661,0.176,1.0,1.0,39.0,849.0,5.0,57842.0,0.1588,0.1572,0.1695,0.1433,0.002647,-0.2768,0.3711,0.0114,-0.0007,-0.0072,0.1186,-0.000719,29.72,-8.23,
2026-07-10,ETF,沪深300ETF嘉实期权_.xls,沪深300ETF嘉实,沪深300ETF购12月4800,90007431,,12月,4800.0,4.8,call,0.3496,0.3433,0.3497,1.0,1.0,1.0,391.0,1.0,3496.0,0.4322,0.3496,0.3496,0.3496,0.000819,0.8984,0.6359,0.006,-0.0007,0.0191,0.486,0.000496,14.41,12.95,
2026-07-10,ETF,沪深300ETF嘉实期权_.xls,沪深300ETF嘉实,沪深300ETF沽12月4800,90007440,,12月,4800.0,4.8,put,0.2136,0.2135,0.2169,1.0,1.0,19.0,997.0,16.0,39501.0,0.1954,0.188,0.2136,0.178,0.0027190000000000005,-0.3202,0.3861,0.0122,-0.0008,-0.0084,0.1502,-0.000496,23.59,-7.55,
2026-07-10,ETF,沪深300ETF嘉实期权_.xls,沪深300ETF嘉实,沪深300ETF购12月4900,90007432,,12月,4900.0,4.9,call,0.2976,0.2916,0.2977,1.0,1.0,5.0,246.0,0.0,16438.0,0.3334,0.3334,0.3467,0.2976,0.001127,0.7494,0.8285,0.0108,-0.0008,0.0159,0.4247,0.00028199999999999997,16.93,12.69,
2026-07-10,ETF,沪深300ETF嘉实期权_.xls,沪深300ETF嘉实,沪深300ETF沽12月4900,90007441,,12月,4900.0,4.9,put,0.2598,0.2597,0.2639,1.0,1.0,3.0,657.0,1.0,7210.0,0.238,0.2306,0.2598,0.2306,0.0027660000000000002,-0.3624,0.3978,0.0128,-0.0008,-0.0095,0.1868,-0.00028199999999999997,19.39,-7.03,
2026-07-10,ETF,沪深300ETF嘉实期权_.xls,沪深300ETF嘉实,沪深300ETF购12月5000,90007433,,12月,5000.0,5.0,call,0.2502,0.2462,0.2612,1.0,1.0,156.0,530.0,37.0,446298.0,0.2865,0.2949,0.302,0.248,0.001278,0.644,0.8559,0.0127,-0.0009,0.0137,0.3685,7.6e-05,20.14,12.97,
2026-07-10,ETF,沪深300ETF嘉实期权_.xls,沪深300ETF嘉实,沪深300ETF沽12月5000,90007442,,12月,5000.0,5.0,put,0.3118,0.3117,0.3132,1.0,1.0,32.0,372.0,-2.0,98057.0,0.2869,0.272,0.3118,0.272,0.002821,-0.404,0.4029,0.0132,-0.0008,-0.0107,0.2287,-7.6e-05,16.16,-6.53,
2026-07-10,ETF,沪深300ETF嘉实期权_.xls,沪深300ETF嘉实,沪深300ETF购12月5250,90007434,,12月,5250.0,5.25,call,0.161,0.1578,0.167,1.0,1.0,656.0,1970.0,389.0,1220614.0,0.1889,0.1943,0.2047,0.161,0.0015240000000000002,0.441,0.7595,0.0134,-0.0009,0.0094,0.251,-0.000404,31.29,13.8,
2026-07-10,ETF,沪深300ETF嘉实期权_.xls,沪深300ETF嘉实,沪深300ETF沽12月5250,90007443,,12月,5250.0,5.25,put,0.4693,0.4681,0.4757,1.0,1.0,105.0,798.0,41.0,485024.0,0.4384,0.4169,0.4767,0.4169,0.003024,-0.4994,0.3871,0.0136,-0.0009,-0.0137,0.356,0.000404,10.74,-5.36,
2026-07-10,ETF,沪深300ETF嘉实期权_.xls,沪深300ETF嘉实,沪深300ETF购12月5500,90007435,,12月,5500.0,5.5,call,0.1045,0.0998,0.1059,1.0,1.0,101.0,1037.0,81.0,111415.0,0.1235,0.1254,0.1306,0.1045,0.001707,0.3002,0.5978,0.0119,-0.0008,0.0064,0.1639,-0.00084,48.21,14.47,
2026-07-10,ETF,沪深300ETF嘉实期权_.xls,沪深300ETF嘉实,沪深300ETF沽12月5500,90007444,,12月,5500.0,5.5,put,0.6657,0.6539,0.6645,1.0,1.0,120.0,330.0,98.0,778074.0,0.6199,0.6101,0.6657,0.5901,0.0033509999999999994,-0.5726,0.3436,0.0134,-0.0009,-0.0162,0.5138,0.00084,7.57,-4.33,
2026-07-10,ETF,沪深300ETF嘉实期权_.xls,沪深300ETF嘉实,沪深300ETF购12月5750,90007436,,12月,5750.0,5.75,call,0.0644,0.0639,0.0678,1.0,1.0,235.0,1165.0,115.0,178668.0,0.0825,0.0829,0.0882,0.0642,0.001814,0.1981,0.4504,0.0095,-0.0006,0.0043,0.1027,-0.0012380000000000002,78.23,15.5,
2026-07-10,ETF,沪深300ETF嘉实期权_.xls,沪深300ETF嘉实,沪深300ETF沽12月5750,90007445,,12月,5750.0,5.75,put,0.8722,0.8626,0.8765,1.0,1.0,83.0,396.0,83.0,719502.0,0.8257,0.812,0.8742,0.812,0.0036369999999999996,-0.6296,0.3048,0.0129,-0.0009,-0.0185,0.6976,0.0012380000000000002,5.78,-3.64,
2026-07-10,ETF,沪深300ETF嘉实期权_.xls,沪深300ETF嘉实,沪深300ETF购12月6000,90007437,,12月,6000.0,6.0,call,0.0442,0.0441,0.0443,1.0,1.0,67.0,719.0,20.0,35150.0,0.0566,0.0597,0.0597,0.0442,0.001968,0.1375,0.3279,0.0075,-0.0005,0.003,0.062,-0.001603,113.98,15.67,
2026-07-10,ETF,沪深300ETF嘉实期权_.xls,沪深300ETF嘉实,沪深300ETF沽12月6000,90007446,,12月,6000.0,6.0,put,1.0907,1.0911,1.1029,9.0,1.0,24.0,380.0,21.0,259265.0,1.0414,1.02,1.0907,1.02,0.0039310000000000005,-0.6725,0.2695,0.0123,-0.0009,-0.0205,0.9017,0.001603,4.62,-3.11,
2026-07-10,ETF,沪深300ETF嘉实期权_.xls,沪深300ETF嘉实,沪深300ETF购12月6250,90007513,,12月,6250.0,6.25,call,0.0294,0.0278,0.0298,1.0,3.0,612.0,1268.0,-123.0,219574.0,0.0399,0.0397,0.0427,0.028,0.002078,0.0939,0.2367,0.0057,-0.0004,0.002,0.0361,-0.0019390000000000002,171.36,16.1,
2026-07-10,ETF,沪深300ETF嘉实期权_.xls,沪深300ETF嘉实,沪深300ETF沽12月6250,90007514,,12月,6250.0,6.25,put,1.2694,1.3153,1.3365,1.0,1.0,3.0,234.0,3.0,38009.0,1.2674,1.2645,1.2694,1.2645,0.00381,-0.7349,0.2523,0.0112,-0.0007,-0.0227,1.1207,0.0019390000000000002,3.97,-2.92,
2026-07-10,ETF,沪深300ETF华泰柏瑞期权_.xls,沪深300ETF华泰柏瑞,300ETF购7月4300,10011803,,7月,4300.0,4.3,call,0.531,0.531,0.5332,1.0,1.0,61.0,468.0,-3.0,364198.0,0.616,0.6305,0.632,0.524,1e-06,0.9796,0.1746,0.0004,-0.001,0.0015,0.538,0.0012300000000000002,9.09,8.91,
2026-07-10,ETF,沪深300ETF华泰柏瑞期权_.xls,沪深300ETF华泰柏瑞,300ETF沽7月4300,10011804,,7月,4300.0,4.3,put,0.0013,0.0012,0.0014,1.0,10.0,2907.0,12240.0,1303.0,32195.0,0.001,0.001,0.0014,0.0007,0.002868,-0.0139,0.1357,0.0003,-0.0003,-0.0,0.0022,-0.0012300000000000002,3714.62,-51.65,
2026-07-10,ETF,沪深300ETF华泰柏瑞期权_.xls,沪深300ETF华泰柏瑞,300ETF购7月4400,10011797,,7月,4400.0,4.4,call,0.4292,0.4195,0.428,1.0,1.0,225.0,611.0,109.0,1100835.0,0.516,0.5116,0.5371,0.4239,1e-06,0.9507,0.3619,0.0009,-0.0016,0.0015,0.442,0.0009750000000000001,11.25,10.7,
2026-07-10,ETF,沪深300ETF华泰柏瑞期权_.xls,沪深300ETF华泰柏瑞,300ETF沽7月4400,10011798,,7月,4400.0,4.4,put,0.0027,0.0027,0.003,9.0,3.0,3622.0,19298.0,-565.0,71204.0,0.0023,0.0021,0.0027,0.0015,0.002668,-0.0284,0.2674,0.0006,-0.0006,-0.0,0.0059,-0.0009750000000000001,1788.52,-50.79,
2026-07-10,ETF,沪深300ETF华泰柏瑞期权_.xls,沪深300ETF华泰柏瑞,300ETF购7月4500,10011699,,7月,4500.0,4.5,call,0.33,0.3231,0.3296,1.0,1.0,577.0,1777.0,-155.0,2404919.0,0.416,0.4142,0.4428,0.3287,1e-06,0.8974,0.6352,0.0016,-0.0024,0.0014,0.3503,0.000731,14.63,13.13,
2026-07-10,ETF,沪深300ETF华泰柏瑞期权_.xls,沪深300ETF华泰柏瑞,300ETF沽7月4500,10011708,,7月,4500.0,4.5,put,0.0047,0.0047,0.0048,14.0,2.0,9427.0,27688.0,3651.0,336551.0,0.0037,0.003,0.0049,0.0023,0.002371,-0.051,0.4849,0.001,-0.0008,-0.0001,0.0141,-0.000731,1027.45,-52.4,
2026-07-10,ETF,沪深300ETF华泰柏瑞期权_.xls,沪深300ETF华泰柏瑞,300ETF购7月4600,10011700,,7月,4600.0,4.6,call,0.235,0.2322,0.2346,1.0,1.0,1568.0,4763.0,205.0,4607340.0,0.316,0.3134,0.3437,0.2329,1e-06,0.8132,0.9536,0.0024,-0.0034,0.0013,0.266,0.0004980000000000001,20.55,16.71,
2026-07-10,ETF,沪深300ETF华泰柏瑞期权_.xls,沪深300ETF华泰柏瑞,300ETF沽7月4600,10011709,,7月,4600.0,4.6,put,0.0102,0.0101,0.0102,1.0,2.0,20002.0,32290.0,809.0,1438242.0,0.0074,0.007,0.0106,0.0046,0.002166,-0.106,0.9274,0.0017,-0.0013,-0.0002,0.0296,-0.0004980000000000001,473.43,-50.18,
2026-07-10,ETF,沪深300ETF华泰柏瑞期权_.xls,沪深300ETF华泰柏瑞,300ETF购7月4700,10011701,,7月,4700.0,4.7,call,0.146,0.146,0.1477,192.0,1.0,13520.0,10617.0,1311.0,28094385.0,0.216,0.22,0.2508,0.1456,0.001429,0.8592,1.7154,0.002,-0.0016,0.0014,0.1921,0.000274,33.08,28.42,
2026-07-10,ETF,沪深300ETF华泰柏瑞期权_.xls,沪深300ETF华泰柏瑞,300ETF沽7月4700,10011710,,7月,4700.0,4.7,put,0.0249,0.0244,0.0249,2.0,3.0,49418.0,48068.0,6935.0,7608948.0,0.0166,0.0147,0.0249,0.0101,0.002064,-0.2249,1.5941,0.0027,-0.002,-0.0004,0.0556,-0.000274,193.94,-43.61,
2026-07-10,ETF,沪深300ETF华泰柏瑞期权_.xls,沪深300ETF华泰柏瑞,300ETF购7月4800,10011702,,7月,4800.0,4.8,call,0.0806,0.0805,0.0806,1.0,44.0,71164.0,36042.0,4899.0,88117682.0,0.134,0.1406,0.1639,0.0786,0.0016699999999999998,0.6017,2.535,0.0035,-0.0026,0.001,0.1312,6e-05,59.91,36.05,
2026-07-10,ETF,沪深300ETF华泰柏瑞期权_.xls,沪深300ETF华泰柏瑞,300ETF沽7月4800,10011711,,7月,4800.0,4.8,put,0.0544,0.0544,0.0545,2.0,84.0,107909.0,49358.0,1488.0,40094056.0,0.0347,0.033,0.0584,0.0241,0.001967,-0.4114,2.1701,0.0035,-0.0024,-0.0007,0.0945,-6e-05,88.77,-36.52,
2026-07-10,ETF,沪深300ETF华泰柏瑞期权_.xls,沪深300ETF华泰柏瑞,300ETF购7月4900,10011703,,7月,4900.0,4.9,call,0.037,0.0369,0.037,20.0,122.0,140193.0,78755.0,9694.0,98967040.0,0.0737,0.0768,0.0933,0.0368,0.001739,0.3522,2.3419,0.0034,-0.0025,0.0006,0.0843,-0.000145,130.51,45.97,
2026-07-10,ETF,沪深300ETF华泰柏瑞期权_.xls,沪深300ETF华泰柏瑞,300ETF沽7月4900,10011712,,7月,4900.0,4.9,put,0.1119,0.1118,0.1119,1.0,5.0,126032.0,54434.0,4787.0,94803820.0,0.0753,0.0691,0.1167,0.0532,0.002082,-0.6221,2.003,0.0035,-0.0024,-0.0011,0.1474,0.000145,43.15,-26.85,
2026-07-10,ETF,沪深300ETF华泰柏瑞期权_.xls,沪深300ETF华泰柏瑞,300ETF购7月5000,10011704,,7月,5000.0,5.0,call,0.0158,0.0158,0.0159,1.0,56.0,155016.0,113481.0,9834.0,53480188.0,0.0362,0.0395,0.047,0.0157,0.0018559999999999998,0.1761,1.5303,0.0024,-0.0018,0.0003,0.0507,-0.000342,305.63,53.82,
2026-07-10,ETF,沪深300ETF华泰柏瑞期权_.xls,沪深300ETF华泰柏瑞,300ETF沽7月5000,10011713,,7月,5000.0,5.0,put,0.1933,0.1916,0.1933,1.0,4.0,59879.0,34800.0,1873.0,79451786.0,0.1366,0.1318,0.196,0.1068,0.0024100000000000002,-0.7603,1.4147,0.0028,-0.0021,-0.0014,0.2137,0.000342,24.98,-18.99,
2026-07-10,ETF,沪深300ETF华泰柏瑞期权_.xls,沪深300ETF华泰柏瑞,300ETF购7月5250,10011705,,7月,5250.0,5.25,call,0.0035,0.0035,0.0036,84.0,3.0,55327.0,112846.0,-3790.0,3821458.0,0.0082,0.0083,0.01,0.0026,0.002443,0.0396,0.3841,0.0008,-0.0008,0.0001,0.0106,-0.000802,1379.71,54.68,
2026-07-10,ETF,沪深300ETF华泰柏瑞期权_.xls,沪深300ETF华泰柏瑞,300ETF沽7月5250,10011714,,7月,5250.0,5.25,put,0.428,0.4263,0.4349,1.0,1.0,3714.0,9657.0,642.0,13329248.0,0.3593,0.3524,0.432,0.32,0.0034000000000000002,-0.8935,0.5927,0.0017,-0.0016,-0.0017,0.4232,0.000802,11.28,-10.08,
2026-07-10,ETF,沪深300ETF华泰柏瑞期权_.xls,沪深300ETF华泰柏瑞,300ETF购7月5500,10011706,,7月,5500.0,5.5,call,0.0009,0.0009,0.001,44.0,2.0,18293.0,43123.0,-4597.0,351300.0,0.0033,0.0023,0.0034,0.0007,0.002902,0.0102,0.1025,0.0002,-0.0003,0.0,0.0015,-0.00122,5365.56,54.71,
2026-07-10,ETF,沪深300ETF华泰柏瑞期权_.xls,沪深300ETF华泰柏瑞,300ETF沽7月5500,10011715,,7月,5500.0,5.5,put,0.679,0.672,0.6844,1.0,1.0,557.0,2165.0,289.0,3331058.0,0.6017,0.5915,0.679,0.5631,0.004828,-0.9138,0.3573,0.0014,-0.002,-0.0018,0.6636,0.00122,7.11,-6.5,
2026-07-10,ETF,沪深300ETF华泰柏瑞期权_.xls,沪深300ETF华泰柏瑞,300ETF购7月5750,10011707,,7月,5750.0,5.75,call,0.0008,0.0006,0.0008,62.0,3.0,4542.0,17794.0,-532.0,61590.0,0.0017,0.0017,0.0018,0.0006,0.003705,0.0074,0.0604,0.0002,-0.0003,0.0,0.0001,-0.0016020000000000001,6036.25,44.5,
2026-07-10,ETF,沪深300ETF华泰柏瑞期权_.xls,沪深300ETF华泰柏瑞,300ETF沽7月5750,10011716,,7月,5750.0,5.75,put,0.9161,0.9167,0.9342,1.0,1.0,70.0,1245.0,10.0,595610.0,0.8515,0.8181,0.9161,0.8181,0.0046619999999999995,-0.9727,0.1482,0.0006,-0.0003,-0.002,0.9119,0.0016020000000000001,5.27,-5.13,
2026-07-10,ETF,沪深300ETF华泰柏瑞期权_.xls,沪深300ETF华泰柏瑞,300ETF购7月6000,10011795,,7月,6000.0,6.0,call,0.0006,0.0005,0.0006,15.0,1.0,4579.0,19745.0,1363.0,47501.0,0.0009,0.0011,0.0014,0.0005,0.004353,0.0049,0.0359,0.0001,-0.0002,0.0,0.0,-0.0019519999999999997,8048.33,39.51,
2026-07-10,ETF,沪深300ETF华泰柏瑞期权_.xls,沪深300ETF华泰柏瑞,300ETF沽7月6000,10011796,,7月,6000.0,6.0,put,1.1656,1.1672,1.1857,1.0,1.0,54.0,2203.0,26.0,600506.0,1.1009,1.0776,1.1656,1.0776,0.005574,-0.977,0.1071,0.0005,-0.0003,-0.0021,1.1614,0.0019519999999999997,4.14,-4.05,
2026-07-10,ETF,沪深300ETF华泰柏瑞期权_.xls,沪深300ETF华泰柏瑞,300ETF购8月4400,10012027,,8月,4400.0,4.4,call,0.4232,0.42,0.4253,1.0,1.0,494.0,657.0,412.0,2490261.0,0.516,0.5244,0.5306,0.4219,1e-06,0.8586,0.4811,0.0039,-0.0015,0.0048,0.4901,0.0009750000000000001,11.41,9.8,
2026-07-10,ETF,沪深300ETF华泰柏瑞期权_.xls,沪深300ETF华泰柏瑞,300ETF沽8月4400,10012028,,8月,4400.0,4.4,put,0.023,0.0229,0.0233,1.0,1.0,4151.0,5787.0,1944.0,739359.0,0.018,0.0175,0.0235,0.0149,1e-06,-0.1414,0.4811,0.0039,-0.001,-0.0009,0.0351,-0.0009750000000000001,209.96,-29.69,
2026-07-10,ETF,沪深300ETF华泰柏瑞期权_.xls,沪深300ETF华泰柏瑞,300ETF购8月4500,10011967,,8月,4500.0,4.5,call,0.3366,0.3336,0.3384,1.0,1.0,498.0,894.0,445.0,2105060.0,0.416,0.4184,0.4436,0.3366,1e-06,0.7998,0.6013,0.0049,-0.0018,0.0045,0.4101,0.000731,14.35,11.47,
2026-07-10,ETF,沪深300ETF华泰柏瑞期权_.xls,沪深300ETF华泰柏瑞,300ETF沽8月4500,10011968,,8月,4500.0,4.5,put,0.0362,0.0359,0.0362,3.0,4.0,7006.0,16260.0,2725.0,1997808.0,0.029,0.028,0.0377,0.0234,1e-06,-0.2002,0.6013,0.0049,-0.0012,-0.0013,0.0545,-0.000731,133.4,-26.7,
2026-07-10,ETF,沪深300ETF华泰柏瑞期权_.xls,沪深300ETF华泰柏瑞,300ETF购8月4600,10011869,,8月,4600.0,4.6,call,0.2608,0.2572,0.2599,1.0,1.0,501.0,2024.0,195.0,1512743.0,0.3195,0.3398,0.3565,0.258,0.000986,0.9385,0.7035,0.0021,-0.0007,0.0056,0.337,0.0004980000000000001,18.52,17.38,
2026-07-10,ETF,沪深300ETF华泰柏瑞期权_.xls,沪深300ETF华泰柏瑞,300ETF沽8月4600,10011878,,8月,4600.0,4.6,put,0.0585,0.0584,0.0585,1.0,5.0,9120.0,18161.0,2263.0,4302317.0,0.0454,0.0434,0.0599,0.038,0.002263,-0.2404,0.7851,0.0054,-0.0011,-0.0016,0.0809,-0.0004980000000000001,82.55,-19.84,
2026-07-10,ETF,沪深300ETF华泰柏瑞期权_.xls,沪深300ETF华泰柏瑞,300ETF购8月4700,10011870,,8月,4700.0,4.7,call,0.1928,0.1905,0.1921,3.0,1.0,1247.0,2702.0,484.0,3010315.0,0.248,0.2551,0.2767,0.1922,0.0013750000000000001,0.7539,1.3091,0.0055,-0.0012,0.0045,0.2717,0.000274,25.05,18.88,
2026-07-10,ETF,沪深300ETF华泰柏瑞期权_.xls,沪深300ETF华泰柏瑞,300ETF沽8月4700,10011879,,8月,4700.0,4.7,put,0.0893,0.0893,0.0901,1.0,1.0,13749.0,15763.0,5690.0,10404837.0,0.071,0.0685,0.092,0.0594,0.0022589999999999997,-0.3286,0.9138,0.0063,-0.0013,-0.0022,0.115,-0.000274,54.08,-17.77,
2026-07-10,ETF,沪深300ETF华泰柏瑞期权_.xls,沪深300ETF华泰柏瑞,300ETF购8月4800,10011871,,8月,4800.0,4.8,call,0.1376,0.1361,0.1376,1.0,2.0,6982.0,7739.0,2023.0,12272070.0,0.1822,0.1888,0.2104,0.1362,0.001534,0.5958,1.4423,0.0068,-0.0014,0.0036,0.2147,6e-05,35.09,20.91,
2026-07-10,ETF,沪深300ETF华泰柏瑞期权_.xls,沪深300ETF华泰柏瑞,300ETF沽8月4800,10011880,,8月,4800.0,4.8,put,0.1348,0.1335,0.1348,1.0,4.0,9350.0,12294.0,2428.0,10278793.0,0.1065,0.1027,0.1369,0.0903,0.0023309999999999997,-0.4272,0.9609,0.0069,-0.0014,-0.0029,0.1574,-6e-05,35.82,-15.3,
2026-07-10,ETF,沪深300ETF华泰柏瑞期权_.xls,沪深300ETF华泰柏瑞,300ETF购8月4900,10011872,,8月,4900.0,4.9,call,0.0962,0.0951,0.0962,2.0,1.0,12319.0,12522.0,3133.0,15815738.0,0.1316,0.1355,0.1525,0.0945,0.0016539999999999999,0.4543,1.3684,0.0069,-0.0015,0.0028,0.1663,-0.000145,50.2,22.81,
2026-07-10,ETF,沪深300ETF华泰柏瑞期权_.xls,沪深300ETF华泰柏瑞,300ETF沽8月4900,10011881,,8月,4900.0,4.9,put,0.1925,0.193,0.1935,1.0,1.0,11817.0,10547.0,3406.0,18192543.0,0.1542,0.1495,0.1952,0.1337,0.002433,-0.5216,0.9351,0.007,-0.0014,-0.0036,0.2084,0.000145,25.09,-13.09,
2026-07-10,ETF,沪深300ETF华泰柏瑞期权_.xls,沪深300ETF华泰柏瑞,300ETF购8月5000,10011873,,8月,5000.0,5.0,call,0.0645,0.0642,0.0645,1.0,44.0,18978.0,28442.0,5014.0,16927952.0,0.0927,0.0947,0.1081,0.0638,0.0017280000000000002,0.3338,1.2022,0.0064,-0.0013,0.002,0.1261,-0.000342,74.87,24.99,
2026-07-10,ETF,沪深300ETF华泰柏瑞期权_.xls,沪深300ETF华泰柏瑞,300ETF沽8月5000,10011882,,8月,5000.0,5.0,put,0.2637,0.2618,0.2664,1.0,1.0,6371.0,11522.0,1808.0,14381736.0,0.2136,0.2075,0.2658,0.188,0.0026019999999999997,-0.6021,0.8467,0.0068,-0.0014,-0.0042,0.2676,0.000342,18.31,-11.03,
2026-07-10,ETF,沪深300ETF华泰柏瑞期权_.xls,沪深300ETF华泰柏瑞,300ETF购8月5250,10011874,,8月,5250.0,5.25,call,0.0254,0.0254,0.026,17.0,1.0,24829.0,28737.0,10954.0,9185145.0,0.0379,0.0373,0.0444,0.0252,0.001974,0.1471,0.6656,0.004,-0.0009,0.0009,0.0576,-0.000802,190.12,27.96,
2026-07-10,ETF,沪深300ETF华泰柏瑞期权_.xls,沪深300ETF华泰柏瑞,300ETF沽8月5250,10011883,,8月,5250.0,5.25,put,0.4706,0.47,0.4767,1.0,1.0,561.0,2381.0,348.0,2289967.0,0.412,0.3891,0.4755,0.3796,0.003078,-0.7389,0.603,0.0057,-0.0013,-0.0053,0.4477,0.000802,10.26,-7.58,
2026-07-10,ETF,沪深300ETF华泰柏瑞期权_.xls,沪深300ETF华泰柏瑞,300ETF购8月5500,10011875,,8月,5500.0,5.5,call,0.0121,0.0121,0.0122,98.0,2.0,8443.0,17018.0,3972.0,1381769.0,0.0185,0.0168,0.0197,0.0112,0.002268,0.0709,0.3415,0.0024,-0.0006,0.0004,0.0232,-0.00122,399.09,28.31,
2026-07-10,ETF,沪深300ETF华泰柏瑞期权_.xls,沪深300ETF华泰柏瑞,300ETF沽8月5500,10011884,,8月,5500.0,5.5,put,0.7073,0.702,0.714,1.0,1.0,48.0,431.0,36.0,317380.0,0.6406,0.612,0.7073,0.6066,0.003757,-0.8005,0.4249,0.0049,-0.0014,-0.006,0.6617,0.00122,6.83,-5.47,
2026-07-10,ETF,沪深300ETF华泰柏瑞期权_.xls,沪深300ETF华泰柏瑞,300ETF购8月5750,10011876,,8月,5750.0,5.75,call,0.0067,0.0067,0.0069,189.0,2.0,3370.0,10491.0,1887.0,279535.0,0.0088,0.0095,0.0106,0.0064,0.002562,0.0385,0.186,0.0015,-0.0004,0.0002,0.0082,-0.0016020000000000001,720.75,27.72,
2026-07-10,ETF,沪深300ETF华泰柏瑞期权_.xls,沪深300ETF华泰柏瑞,300ETF沽8月5750,10011885,,8月,5750.0,5.75,put,0.857,0.9444,0.9579,1.0,1.0,61.0,191.0,61.0,523131.0,0.8826,0.8581,0.8582,0.8569,1e-06,-0.9554,0.2019,0.0016,0.0002,-0.0072,0.8953,0.0016020000000000001,5.63,-5.38,
2026-07-10,ETF,沪深300ETF华泰柏瑞期权_.xls,沪深300ETF华泰柏瑞,300ETF购8月6000,10011877,,8月,6000.0,6.0,call,0.0042,0.004,0.0044,1.0,2.0,2034.0,5236.0,164.0,107097.0,0.005,0.0055,0.0062,0.0039,0.002852,0.0233,0.1102,0.001,-0.0003,0.0001,0.0026,-0.0019519999999999997,1149.76,26.75,
2026-07-10,ETF,沪深300ETF华泰柏瑞期权_.xls,沪深300ETF华泰柏瑞,300ETF沽8月6000,10011886,,8月,6000.0,6.0,put,1.2,1.1914,1.2058,1.0,1.0,11.0,73.0,10.0,121460.0,1.1283,1.0946,1.2,1.0946,0.005147999999999999,-0.8504,0.2582,0.0041,-0.0015,-0.007,1.1382,0.0019519999999999997,4.02,-3.42,
2026-07-10,ETF,沪深300ETF华泰柏瑞期权_.xls,沪深300ETF华泰柏瑞,300ETF购9月4000,10011271,,9月,4000.0,4.0,call,0.7936,0.793,0.7982,1.0,1.0,103.0,1252.0,-58.0,909439.0,0.916,0.8882,0.9039,0.7936,1e-06,0.9711,0.1273,0.0015,-0.0007,0.0079,0.8723,0.002072,6.08,5.91,
2026-07-10,ETF,沪深300ETF华泰柏瑞期权_.xls,沪深300ETF华泰柏瑞,300ETF沽9月4000,10011273,,9月,4000.0,4.0,put,0.0115,0.0112,0.0117,2.0,1.0,68388.0,38296.0,8129.0,7038091.0,0.0114,0.0114,0.0124,0.0098,0.00266,-0.0455,0.1633,0.0021,-0.0003,-0.0005,0.006,-0.002072,419.91,-19.12,
2026-07-10,ETF,沪深300ETF华泰柏瑞期权_.xls,沪深300ETF华泰柏瑞,300ETF购9月4100,10011272,,9月,4100.0,4.1,call,0.7292,0.6963,0.7052,1.0,1.0,2.0,355.0,1.0,14592.0,0.816,0.73,0.73,0.7292,1e-06,0.9523,0.192,0.0022,-0.0008,0.008,0.7779,0.001778,6.62,6.31,
2026-07-10,ETF,沪深300ETF华泰柏瑞期权_.xls,沪深300ETF华泰柏瑞,300ETF沽9月4100,10011274,,9月,4100.0,4.1,put,0.0166,0.0163,0.0169,1.0,1.0,27943.0,30160.0,3569.0,4280025.0,0.0164,0.0147,0.0178,0.0137,0.002589,-0.0638,0.2191,0.0028,-0.0004,-0.0007,0.0107,-0.001778,290.9,-18.56,
2026-07-10,ETF,沪深300ETF华泰柏瑞期权_.xls,沪深300ETF华泰柏瑞,300ETF购9月4200,10011083,,9月,4200.0,4.2,call,0.6104,0.6027,0.6114,1.0,1.0,78.0,2301.0,-10.0,532467.0,0.716,0.7094,0.7158,0.6104,1e-06,0.9254,0.2722,0.0031,-0.0009,0.0079,0.6862,0.0014980000000000002,7.91,7.32,
2026-07-10,ETF,沪深300ETF华泰柏瑞期权_.xls,沪深300ETF华泰柏瑞,300ETF沽9月4200,10011084,,9月,4200.0,4.2,put,0.0243,0.0239,0.0245,1.0,1.0,15690.0,20202.0,1652.0,3508247.0,0.0227,0.0209,0.0255,0.0191,0.002537,-0.0894,0.2891,0.0036,-0.0005,-0.0009,0.018,-0.0014980000000000002,198.72,-17.77,
2026-07-10,ETF,沪深300ETF华泰柏瑞期权_.xls,沪深300ETF华泰柏瑞,300ETF购9月4300,10010989,,9月,4300.0,4.3,call,0.535,0.5144,0.5225,1.0,1.0,47.0,1212.0,-11.0,283392.0,0.616,0.6131,0.618,0.535,1e-06,0.8893,0.3647,0.0042,-0.0011,0.0077,0.5981,0.0012300000000000002,9.03,8.03,
2026-07-10,ETF,沪深300ETF华泰柏瑞期权_.xls,沪深300ETF华泰柏瑞,300ETF沽9月4300,10010998,,9月,4300.0,4.3,put,0.0338,0.0338,0.0349,2.0,16.0,7696.0,16365.0,1346.0,2470131.0,0.0305,0.032,0.0369,0.0272,0.002462,-0.1205,0.3699,0.0044,-0.0006,-0.0013,0.029,-0.0012300000000000002,142.87,-17.21,
2026-07-10,ETF,沪深300ETF华泰柏瑞期权_.xls,沪深300ETF华泰柏瑞,300ETF购9月4400,10010990,,9月,4400.0,4.4,call,0.4368,0.4335,0.438,2.0,1.0,522.0,2025.0,-67.0,2700157.0,0.516,0.5181,0.5364,0.4368,1e-06,0.8434,0.4633,0.0053,-0.0013,0.0074,0.5146,0.0009750000000000001,11.06,9.32,
2026-07-10,ETF,沪深300ETF华泰柏瑞期权_.xls,沪深300ETF华泰柏瑞,300ETF沽9月4400,10010999,,9月,4400.0,4.4,put,0.0507,0.0503,0.052,10.0,10.0,5923.0,11173.0,529.0,2673680.0,0.0452,0.0427,0.0533,0.0388,0.002463,-0.1667,0.4604,0.0055,-0.0008,-0.0018,0.0446,-0.0009750000000000001,95.25,-15.88,
2026-07-10,ETF,沪深300ETF华泰柏瑞期权_.xls,沪深300ETF华泰柏瑞,300ETF购9月4500,10010991,,9月,4500.0,4.5,call,0.3612,0.3554,0.3607,1.0,1.0,135.0,2521.0,7.0,564837.0,0.4228,0.43,0.4559,0.36,1e-06,0.7879,0.5599,0.0064,-0.0014,0.007,0.4367,0.000731,13.37,10.53,
2026-07-10,ETF,沪深300ETF华泰柏瑞期权_.xls,沪深300ETF华泰柏瑞,300ETF沽9月4500,10011000,,9月,4500.0,4.5,put,0.0738,0.0733,0.0738,1.0,9.0,5200.0,11556.0,1930.0,3167441.0,0.0623,0.0586,0.0758,0.0543,0.0024749999999999998,-0.2223,0.5463,0.0066,-0.0009,-0.0024,0.0657,-0.000731,65.43,-14.55,
2026-07-10,ETF,沪深300ETF华泰柏瑞期权_.xls,沪深300ETF华泰柏瑞,300ETF购9月4600,10010992,,9月,4600.0,4.6,call,0.289,0.2868,0.2909,1.0,1.0,378.0,3736.0,108.0,1322575.0,0.3531,0.3575,0.377,0.289,0.001158,0.8694,0.832,0.0047,-0.0008,0.0081,0.3652,0.0004980000000000001,16.71,14.53,
2026-07-10,ETF,沪深300ETF华泰柏瑞期权_.xls,沪深300ETF华泰柏瑞,300ETF沽9月4600,10011001,,9月,4600.0,4.6,put,0.1036,0.1035,0.1051,1.0,1.0,3261.0,8528.0,1061.0,2892599.0,0.0876,0.0812,0.1058,0.0762,0.002489,-0.2853,0.6194,0.0075,-0.001,-0.0031,0.0933,-0.0004980000000000001,46.61,-13.3,
2026-07-10,ETF,沪深300ETF华泰柏瑞期权_.xls,沪深300ETF华泰柏瑞,300ETF购9月4700,10010993,,9月,4700.0,4.7,call,0.2298,0.2278,0.2297,1.0,1.0,1220.0,5487.0,273.0,3344340.0,0.2862,0.2999,0.3068,0.2298,0.001446,0.7209,1.0549,0.0074,-0.0011,0.0068,0.3008,0.000274,21.01,15.15,
2026-07-10,ETF,沪深300ETF华泰柏瑞期权_.xls,沪深300ETF华泰柏瑞,300ETF沽9月4700,10011002,,9月,4700.0,4.7,put,0.1438,0.1422,0.145,1.0,1.0,2371.0,8859.0,574.0,2812641.0,0.1174,0.1156,0.145,0.1054,0.0025440000000000003,-0.3549,0.6641,0.0082,-0.0011,-0.0039,0.128,-0.000274,33.58,-11.92,
2026-07-10,ETF,沪深300ETF华泰柏瑞期权_.xls,沪深300ETF华泰柏瑞,300ETF购9月4800,10010994,,9月,4800.0,4.8,call,0.178,0.1781,0.1789,1.0,1.0,1999.0,7534.0,-25.0,4416394.0,0.2224,0.235,0.245,0.1777,0.001582,0.5984,1.1093,0.0085,-0.0012,0.0056,0.2439,6e-05,27.13,16.24,
2026-07-10,ETF,沪深300ETF华泰柏瑞期权_.xls,沪深300ETF华泰柏瑞,300ETF沽9月4800,10011003,,9月,4800.0,4.8,put,0.1921,0.191,0.193,1.0,10.0,3838.0,6279.0,874.0,6136252.0,0.1595,0.15,0.194,0.1428,0.002605,-0.4251,0.6828,0.0086,-0.0012,-0.0047,0.1701,-6e-05,25.14,-10.69,
2026-07-10,ETF,沪深300ETF华泰柏瑞期权_.xls,沪深300ETF华泰柏瑞,300ETF购9月4900,10010995,,9月,4900.0,4.9,call,0.1373,0.1373,0.1376,1.0,3.0,3724.0,10512.0,372.0,6447523.0,0.1735,0.19,0.1979,0.1371,0.001698,0.4885,1.0659,0.0088,-0.0013,0.0046,0.1946,-0.000145,35.17,17.18,
2026-07-10,ETF,沪深300ETF华泰柏瑞期权_.xls,沪深300ETF华泰柏瑞,300ETF沽9月4900,10011004,,9月,4900.0,4.9,put,0.2494,0.249,0.25,1.0,2.0,3280.0,6083.0,994.0,6898543.0,0.2111,0.2,0.2523,0.1908,0.0026850000000000003,-0.4926,0.6741,0.0088,-0.0012,-0.0055,0.2199,0.000145,19.36,-9.54,
2026-07-10,ETF,沪深300ETF华泰柏瑞期权_.xls,沪深300ETF华泰柏瑞,300ETF购9月5000,10010996,,9月,5000.0,5.0,call,0.1052,0.1041,0.1051,1.0,1.0,7623.0,23489.0,936.0,10250440.0,0.1353,0.1343,0.1498,0.1041,0.001795,0.3938,0.9728,0.0085,-0.0012,0.0037,0.1528,-0.000342,45.9,18.07,
2026-07-10,ETF,沪深300ETF华泰柏瑞期权_.xls,沪深300ETF华泰柏瑞,300ETF沽9月5000,10011005,,9月,5000.0,5.0,put,0.318,0.3156,0.318,1.0,1.0,1619.0,8022.0,489.0,4457339.0,0.2712,0.2566,0.3186,0.2478,0.0028199999999999996,-0.553,0.6363,0.0087,-0.0012,-0.0062,0.2772,0.000342,15.19,-8.4,
2026-07-10,ETF,沪深300ETF华泰柏瑞期权_.xls,沪深300ETF华泰柏瑞,300ETF购9月5250,10010997,,9月,5250.0,5.25,call,0.0531,0.0533,0.0537,1.0,1.0,12336.0,34323.0,3962.0,8442383.0,0.0704,0.0733,0.0799,0.0525,0.001991,0.2202,0.6752,0.0065,-0.001,0.0021,0.0778,-0.000802,90.94,20.03,
2026-07-10,ETF,沪深300ETF华泰柏瑞期权_.xls,沪深300ETF华泰柏瑞,300ETF沽9月5250,10011006,,9月,5250.0,5.25,put,0.5084,0.5114,0.5191,1.0,1.0,1469.0,7921.0,849.0,6628297.0,0.456,0.438,0.5152,0.4278,0.003121,-0.6736,0.5243,0.0079,-0.0012,-0.0078,0.4498,0.000802,9.5,-6.4,
2026-07-10,ETF,沪深300ETF华泰柏瑞期权_.xls,沪深300ETF华泰柏瑞,300ETF购9月5500,10011069,,9月,5500.0,5.5,call,0.0291,0.0291,0.0299,9.0,1.0,9634.0,24605.0,1496.0,3607137.0,0.0374,0.0442,0.0449,0.0288,0.002209,0.1256,0.4243,0.0046,-0.0007,0.0012,0.0358,-0.00122,165.95,20.84,
2026-07-10,ETF,沪深300ETF华泰柏瑞期权_.xls,沪深300ETF华泰柏瑞,300ETF沽9月5500,10011070,,9月,5500.0,5.5,put,0.7285,0.7339,0.743,1.0,1.0,127.0,4923.0,90.0,833110.0,0.6733,0.654,0.7285,0.6474,0.003538,-0.7477,0.4096,0.007,-0.0011,-0.009,0.6555,0.00122,6.63,-4.96,
2026-07-10,ETF,沪深300ETF华泰柏瑞期权_.xls,沪深300ETF华泰柏瑞,300ETF购9月5750,10011545,,9月,5750.0,5.75,call,0.0169,0.0169,0.018,28.0,4.0,11874.0,18302.0,1764.0,2655491.0,0.0217,0.0256,0.0261,0.0169,0.0024129999999999998,0.0742,0.2641,0.0031,-0.0005,0.0007,0.015,-0.0016020000000000001,285.74,21.2,
2026-07-10,ETF,沪深300ETF华泰柏瑞期权_.xls,沪深300ETF华泰柏瑞,300ETF沽9月5750,10011546,,9月,5750.0,5.75,put,0.9753,0.9709,0.9811,1.0,1.0,33.0,1089.0,9.0,301327.0,0.9065,0.8675,0.9753,0.8675,0.0042,-0.7782,0.3214,0.0066,-0.0012,-0.0099,0.8824,0.0016020000000000001,4.95,-3.85,
2026-07-10,ETF,沪深300ETF华泰柏瑞期权_.xls,沪深300ETF华泰柏瑞,300ETF购9月6000,10011589,,9月,6000.0,6.0,call,0.0107,0.0104,0.0107,2.0,114.0,44998.0,35971.0,3331.0,6110366.0,0.0137,0.0137,0.0162,0.0107,0.0026219999999999998,0.0468,0.1693,0.0022,-0.0004,0.0004,0.0058,-0.0019519999999999997,451.31,21.12,
2026-07-10,ETF,沪深300ETF华泰柏瑞期权_.xls,沪深300ETF华泰柏瑞,300ETF沽9月6000,10011590,,9月,6000.0,6.0,put,1.1193,1.2131,1.2241,1.0,1.0,10.0,1068.0,10.0,111930.0,1.1413,1.1193,1.1193,1.1193,0.00224,-0.9762,0.1135,0.0012,0.0005,-0.0121,1.1208,0.0019519999999999997,4.31,-4.21,
2026-07-10,ETF,沪深300ETF华泰柏瑞期权_.xls,沪深300ETF华泰柏瑞,300ETF购12月4300,10011805,,12月,4300.0,4.3,call,0.5277,0.52,0.5383,1.0,1.0,134.0,1068.0,50.0,769413.0,0.616,0.5797,0.605,0.5277,1e-06,0.8395,0.3393,0.008,-0.0009,0.0154,0.6817,0.0012300000000000002,9.15,7.68,
2026-07-10,ETF,沪深300ETF华泰柏瑞期权_.xls,沪深300ETF华泰柏瑞,300ETF沽12月4300,10011806,,12月,4300.0,4.3,put,0.1026,0.0992,0.1028,1.0,20.0,570.0,3337.0,190.0,527983.0,0.0955,0.0922,0.1039,0.083,0.0026390000000000003,-0.1964,0.3212,0.009,-0.0006,-0.0048,0.0651,-0.0012300000000000002,47.07,-9.24,
2026-07-10,ETF,沪深300ETF华泰柏瑞期权_.xls,沪深300ETF华泰柏瑞,300ETF购12月4400,10011443,,12月,4400.0,4.4,call,0.46,0.453,0.4672,1.0,1.0,158.0,1671.0,123.0,791156.0,0.516,0.53,0.5363,0.46,1e-06,0.799,0.3908,0.0092,-0.001,0.0149,0.6055,0.0009750000000000001,10.5,8.39,
2026-07-10,ETF,沪深300ETF华泰柏瑞期权_.xls,沪深300ETF华泰柏瑞,300ETF沽12月4400,10011452,,12月,4400.0,4.4,put,0.1315,0.1265,0.1338,1.0,12.0,337.0,3904.0,116.0,399269.0,0.1202,0.1182,0.133,0.1083,0.002663,-0.2355,0.3537,0.01,-0.0006,-0.0058,0.0868,-0.0009750000000000001,36.72,-8.65,
2026-07-10,ETF,沪深300ETF华泰柏瑞期权_.xls,沪深300ETF华泰柏瑞,300ETF购12月4500,10011444,,12月,4500.0,4.5,call,0.3898,0.3825,0.3903,1.0,1.0,6.0,684.0,1.0,27118.0,0.438,0.46,0.467,0.3898,1e-06,0.7539,0.4385,0.0103,-0.0011,0.0142,0.534,0.000731,12.39,9.34,
2026-07-10,ETF,沪深300ETF华泰柏瑞期权_.xls,沪深300ETF华泰柏瑞,300ETF沽12月4500,10011453,,12月,4500.0,4.5,put,0.166,0.1596,0.1688,1.0,1.0,449.0,4328.0,69.0,648242.0,0.1509,0.1455,0.168,0.1353,0.0026950000000000003,-0.2772,0.3806,0.0109,-0.0007,-0.0069,0.1133,-0.000731,29.09,-8.06,
2026-07-10,ETF,沪深300ETF华泰柏瑞期权_.xls,沪深300ETF华泰柏瑞,300ETF购12月4600,10011445,,12月,4600.0,4.6,call,0.3315,0.3254,0.332,1.0,1.0,248.0,905.0,-19.0,929390.0,0.3771,0.385,0.398,0.3315,0.000737,0.9211,0.6112,0.0048,-0.0006,0.0188,0.4675,0.0004980000000000001,14.57,13.42,
2026-07-10,ETF,沪深300ETF华泰柏瑞期权_.xls,沪深300ETF华泰柏瑞,300ETF沽12月4600,10011454,,12月,4600.0,4.6,put,0.205,0.205,0.2065,1.0,10.0,161.0,2418.0,65.0,295964.0,0.1863,0.1794,0.2074,0.165,0.002724,-0.32,0.402,0.0117,-0.0007,-0.008,0.1448,-0.0004980000000000001,23.56,-7.54,
2026-07-10,ETF,沪深300ETF华泰柏瑞期权_.xls,沪深300ETF华泰柏瑞,300ETF购12月4700,10011446,,12月,4700.0,4.7,call,0.2807,0.2756,0.2811,1.0,1.0,72.0,1250.0,39.0,237657.0,0.323,0.3447,0.3456,0.2807,0.001106,0.7501,0.8798,0.0104,-0.0008,0.0153,0.4063,0.000274,17.2,12.9,
2026-07-10,ETF,沪深300ETF华泰柏瑞期权_.xls,沪深300ETF华泰柏瑞,300ETF沽12月4700,10011455,,12月,4700.0,4.7,put,0.2547,0.2543,0.2594,1.0,1.0,164.0,1871.0,56.0,373441.0,0.2336,0.2195,0.2567,0.212,0.0028000000000000004,-0.3645,0.4107,0.0123,-0.0008,-0.0092,0.1816,-0.000274,18.96,-6.91,
2026-07-10,ETF,沪深300ETF华泰柏瑞期权_.xls,沪深300ETF华泰柏瑞,300ETF购12月4800,10011447,,12月,4800.0,4.8,call,0.2355,0.2309,0.2445,1.0,1.0,138.0,2037.0,92.0,348007.0,0.2731,0.288,0.289,0.2355,0.0012789999999999998,0.6372,0.8981,0.0123,-0.0008,0.013,0.3506,6e-05,20.51,13.07,
2026-07-10,ETF,沪深300ETF华泰柏瑞期权_.xls,沪深300ETF华泰柏瑞,300ETF沽12月4800,10011456,,12月,4800.0,4.8,put,0.3088,0.3088,0.3113,1.0,2.0,239.0,1963.0,85.0,683869.0,0.279,0.2728,0.311,0.2619,0.002872,-0.4074,0.4137,0.0127,-0.0008,-0.0104,0.2237,-6e-05,15.64,-6.37,
2026-07-10,ETF,沪深300ETF华泰柏瑞期权_.xls,沪深300ETF华泰柏瑞,300ETF购12月4900,10011448,,12月,4900.0,4.9,call,0.1971,0.1932,0.2049,1.0,1.0,592.0,4087.0,32.0,1332842.0,0.2325,0.2405,0.2487,0.1971,0.0014039999999999999,0.544,0.8647,0.013,-0.0008,0.0111,0.3002,-0.000145,24.5,13.33,
2026-07-10,ETF,沪深300ETF华泰柏瑞期权_.xls,沪深300ETF华泰柏瑞,300ETF沽12月4900,10011457,,12月,4900.0,4.9,put,0.3732,0.3727,0.3737,1.0,1.0,162.0,2657.0,26.0,549494.0,0.3307,0.33,0.3732,0.3168,0.002987,-0.448,0.4054,0.0129,-0.0008,-0.0116,0.2714,0.000145,12.94,-5.8,
2026-07-10,ETF,沪深300ETF华泰柏瑞期权_.xls,沪深300ETF华泰柏瑞,300ETF购12月5000,10011449,,12月,5000.0,5.0,call,0.1644,0.163,0.171,2.0,2.0,455.0,4740.0,117.0,857563.0,0.1939,0.2078,0.2098,0.1644,0.001502,0.4645,0.81,0.013,-0.0008,0.0095,0.2552,-0.000342,29.37,13.64,
2026-07-10,ETF,沪深300ETF华泰柏瑞期权_.xls,沪深300ETF华泰柏瑞,300ETF沽12月5000,10011458,,12月,5000.0,5.0,put,0.4387,0.4385,0.4429,2.0,1.0,51.0,2825.0,26.0,195005.0,0.4028,0.3856,0.4387,0.3771,0.003078,-0.4857,0.3966,0.013,-0.0009,-0.0127,0.3243,0.000342,11.01,-5.35,
2026-07-10,ETF,沪深300ETF华泰柏瑞期权_.xls,沪深300ETF华泰柏瑞,300ETF购12月5250,10011450,,12月,5250.0,5.25,call,0.1077,0.105,0.1077,50.0,1.0,477.0,3611.0,218.0,598515.0,0.1257,0.13,0.136,0.1036,0.0017230000000000001,0.3148,0.631,0.0116,-0.0008,0.0065,0.1648,-0.000802,44.84,14.12,
2026-07-10,ETF,沪深300ETF华泰柏瑞期权_.xls,沪深300ETF华泰柏瑞,300ETF沽12月5250,10011459,,12月,5250.0,5.25,put,0.6214,0.6177,0.6257,1.0,1.0,108.0,1355.0,40.0,621251.0,0.5828,0.5571,0.6214,0.5522,0.0033299999999999996,-0.5663,0.3617,0.0129,-0.0009,-0.0154,0.4788,0.000802,7.77,-4.4,
2026-07-10,ETF,沪深300ETF华泰柏瑞期权_.xls,沪深300ETF华泰柏瑞,300ETF购12月5500,10011451,,12月,5500.0,5.5,call,0.0691,0.0679,0.0691,1.0,1.0,606.0,2494.0,277.0,501509.0,0.0823,0.0886,0.0897,0.068,0.0018719999999999997,0.2115,0.4731,0.0095,-0.0006,0.0044,0.1018,-0.00122,69.88,14.78,
2026-07-10,ETF,沪深300ETF华泰柏瑞期权_.xls,沪深300ETF华泰柏瑞,300ETF沽12月5500,10011460,,12月,5500.0,5.5,put,0.8343,0.8247,0.8413,1.0,1.0,12.0,1020.0,6.0,96947.0,0.786,0.7734,0.8343,0.7734,0.0036880000000000003,-0.6234,0.3152,0.0124,-0.0009,-0.0176,0.6608,0.00122,5.79,-3.61,
2026-07-10,ETF,沪深300ETF华泰柏瑞期权_.xls,沪深300ETF华泰柏瑞,300ETF购12月5750,10011547,,12月,5750.0,5.75,call,0.0441,0.0432,0.0442,1.0,1.0,252.0,1776.0,44.0,135318.0,0.0549,0.0578,0.0601,0.0441,0.00199,0.1409,0.3438,0.0073,-0.0005,0.0029,0.0604,-0.0016020000000000001,109.5,15.43,
2026-07-10,ETF,沪深300ETF华泰柏瑞期权_.xls,沪深300ETF华泰柏瑞,300ETF沽12月5750,10011548,,12月,5750.0,5.75,put,1.06,1.0479,1.0668,1.0,1.0,0.0,1054.0,0.0,0.0,1.0015,1.06,1.06,1.06,0.00406,-0.664,0.275,0.0119,-0.0009,-0.0195,0.8642,0.0016020000000000001,4.56,-3.02,
2026-07-10,ETF,沪深300ETF华泰柏瑞期权_.xls,沪深300ETF华泰柏瑞,300ETF购12月6000,10011591,,12月,6000.0,6.0,call,0.03,0.0298,0.03,1.0,3.0,787.0,5265.0,226.0,282639.0,0.0381,0.0412,0.0423,0.03,0.0021230000000000003,0.0974,0.2482,0.0056,-0.0004,0.002,0.0345,-0.0019519999999999997,160.97,15.67,
2026-07-10,ETF,沪深300ETF华泰柏瑞期权_.xls,沪深300ETF华泰柏瑞,300ETF沽12月6000,10011592,,12月,6000.0,6.0,put,1.2643,1.2787,1.3002,1.0,1.0,3.0,1009.0,2.0,37521.0,1.2259,1.2235,1.2643,1.2235,0.004178,-0.7103,0.2507,0.0112,-0.0008,-0.0215,1.0832,0.0019519999999999997,3.82,-2.71,
2026-07-10,ETF,上证50ETF华夏期权_.xls,上证50ETF华夏,50ETF购7月2700,10011799,,7月,2700.0,2.7,call,0.3461,0.3471,0.3506,1.0,1.0,324.0,785.0,-8.0,1269334.0,0.389,0.3896,0.415,0.3461,1e-06,0.9878,0.1834,0.0002,-0.0005,0.0009,0.3621,0.001322,8.83,8.72,
2026-07-10,ETF,上证50ETF华夏期权_.xls,上证50ETF华夏,50ETF沽7月2700,10011800,,7月,2700.0,2.7,put,0.0004,0.0003,0.0004,1009.0,50.0,3056.0,16842.0,-523.0,11451.0,0.0004,0.0003,0.0005,0.0003,0.002769,-0.0075,0.1295,0.0001,-0.0001,-0.0,0.0007,-0.001322,7642.5,-57.26,
2026-07-10,ETF,上证50ETF华夏期权_.xls,上证50ETF华夏,50ETF购7月2750,10011781,,7月,2750.0,2.75,call,0.2993,0.2966,0.2996,1.0,1.0,350.0,1711.0,190.0,1209442.0,0.339,0.3328,0.3677,0.2965,1e-06,0.9729,0.3608,0.0004,-0.0007,0.0009,0.3132,0.001116,10.21,9.94,
2026-07-10,ETF,上证50ETF华夏期权_.xls,上证50ETF华夏,50ETF沽7月2750,10011782,,7月,2750.0,2.75,put,0.0004,0.0003,0.0005,35.0,1.0,2244.0,13784.0,686.0,8251.0,0.0004,0.0004,0.0005,0.0002,0.002409,-0.0085,0.1667,0.0001,-0.0001,-0.0,0.0018,-0.001116,7642.5,-65.13,
2026-07-10,ETF,上证50ETF华夏期权_.xls,上证50ETF华夏,50ETF购7月2800,10011681,,7月,2800.0,2.8,call,0.2484,0.2489,0.2499,1.0,4.0,1923.0,3918.0,-108.0,5619779.0,0.289,0.2832,0.318,0.2484,1e-06,0.946,0.6331,0.0006,-0.0011,0.0009,0.2655,0.000918,12.31,11.64,
2026-07-10,ETF,上证50ETF华夏期权_.xls,上证50ETF华夏,50ETF沽7月2800,10011690,,7月,2800.0,2.8,put,0.0006,0.0005,0.0006,16.0,61.0,10916.0,29768.0,549.0,78256.0,0.0013,0.0013,0.0013,0.0004,0.002163,-0.0135,0.2777,0.0002,-0.0002,-0.0,0.004,-0.000918,5095.0,-68.96,
2026-07-10,ETF,上证50ETF华夏期权_.xls,上证50ETF华夏,50ETF购7月2850,10011682,,7月,2850.0,2.85,call,0.1985,0.2011,0.2029,1.0,1.0,1092.0,2769.0,-338.0,2538990.0,0.239,0.234,0.2689,0.1985,1e-06,0.9023,0.9965,0.001,-0.0015,0.0009,0.2197,0.000726,15.4,13.9,
2026-07-10,ETF,上证50ETF华夏期权_.xls,上证50ETF华夏,50ETF沽7月2850,10011691,,7月,2850.0,2.85,put,0.0015,0.0012,0.0015,1.0,202.0,11346.0,48691.0,1767.0,159672.0,0.0018,0.0017,0.0021,0.0008,0.00207,-0.0318,0.5972,0.0004,-0.0003,-0.0,0.0082,-0.000726,2038.0,-64.71,
2026-07-10,ETF,上证50ETF华夏期权_.xls,上证50ETF华夏,50ETF购7月2900,10011683,,7月,2900.0,2.9,call,0.1535,0.1534,0.1535,1.0,23.0,6543.0,6962.0,-1233.0,12952092.0,0.189,0.1844,0.2199,0.151,1e-06,0.8384,1.415,0.0014,-0.0019,0.0008,0.1768,0.000541,19.92,16.7,
2026-07-10,ETF,上证50ETF华夏期权_.xls,上证50ETF华夏,50ETF沽7月2900,10011692,,7月,2900.0,2.9,put,0.0038,0.0038,0.0039,1.0,50.0,19086.0,37328.0,787.0,513269.0,0.0039,0.0038,0.0045,0.0018,0.002003,-0.0727,1.1962,0.0008,-0.0006,-0.0001,0.0151,-0.000541,804.47,-58.5,
2026-07-10,ETF,上证50ETF华夏期权_.xls,上证50ETF华夏,50ETF购7月2950,10011684,,7月,2950.0,2.95,call,0.108,0.108,0.1082,6.0,4.0,26284.0,16977.0,-581.0,38079946.0,0.139,0.1382,0.172,0.1058,1e-06,0.7536,1.8218,0.0018,-0.0024,0.0008,0.1378,0.000363,28.31,21.33,
2026-07-10,ETF,上证50ETF华夏期权_.xls,上证50ETF华夏,50ETF沽7月2950,10011693,,7月,2950.0,2.95,put,0.0077,0.0077,0.0081,20.0,1.0,38199.0,43935.0,3073.0,2203189.0,0.0078,0.008,0.009,0.0038,0.0018520000000000001,-0.1394,2.0777,0.0013,-0.0009,-0.0002,0.0261,-0.000363,397.01,-55.36,
2026-07-10,ETF,上证50ETF华夏期权_.xls,上证50ETF华夏,50ETF购7月3000,10011685,,7月,3000.0,3.0,call,0.0682,0.0681,0.0685,1.0,1.0,117437.0,84336.0,385.0,118364179.0,0.091,0.097,0.1256,0.0667,0.001169,0.8255,3.8141,0.0015,-0.001,0.0009,0.1036,0.00018999999999999998,44.82,37.0,
2026-07-10,ETF,上证50ETF华夏期权_.xls,上证50ETF华夏,50ETF沽7月3000,10011694,,7月,3000.0,3.0,put,0.0182,0.0182,0.0183,7.0,9.0,103717.0,84128.0,-1425.0,13465425.0,0.0168,0.0147,0.0208,0.0083,0.0018469999999999997,-0.2731,3.1208,0.0019,-0.0013,-0.0003,0.0418,-0.00018999999999999998,167.97,-45.88,
2026-07-10,ETF,上证50ETF华夏期权_.xls,上证50ETF华夏,50ETF购7月3100,10011686,,7月,3100.0,3.1,call,0.0209,0.0207,0.0209,52.0,150.0,250479.0,169051.0,4864.0,97666983.0,0.033,0.035,0.052,0.0197,0.001591,0.3457,4.018,0.0021,-0.0014,0.0004,0.0521,-0.000139,146.27,50.57,
2026-07-10,ETF,上证50ETF华夏期权_.xls,上证50ETF华夏,50ETF沽7月3100,10011695,,7月,3100.0,3.1,put,0.0702,0.0702,0.0706,6.0,1.0,148990.0,64034.0,12794.0,71198762.0,0.06,0.0549,0.073,0.0332,0.002109,-0.6144,3.1428,0.0022,-0.0015,-0.0007,0.0901,0.000139,43.55,-26.75,
2026-07-10,ETF,上证50ETF华夏期权_.xls,上证50ETF华夏,50ETF购7月3200,10011687,,7月,3200.0,3.2,call,0.0055,0.0055,0.0056,58.0,1.0,115024.0,127864.0,7699.0,13122166.0,0.0098,0.0103,0.0155,0.005,0.0018629999999999999,0.108,1.7267,0.0011,-0.0008,0.0001,0.0221,-0.00044699999999999997,555.82,60.02,
2026-07-10,ETF,上证50ETF华夏期权_.xls,上证50ETF华夏,50ETF沽7月3200,10011696,,7月,3200.0,3.2,put,0.1533,0.1522,0.154,2.0,3.0,31204.0,11709.0,3238.0,36939049.0,0.1342,0.1281,0.1582,0.0973,0.0026,-0.8091,1.8145,0.0016,-0.0012,-0.0009,0.1599,0.00044699999999999997,19.94,-16.13,
2026-07-10,ETF,上证50ETF华夏期权_.xls,上证50ETF华夏,50ETF购7月3300,10011688,,7月,3300.0,3.3,call,0.0019,0.0019,0.002,15.0,6.0,40912.0,86500.0,5257.0,1619101.0,0.0039,0.0033,0.0056,0.0016,0.002208,0.0378,0.6464,0.0005,-0.0004,0.0,0.0078,-0.000736,1608.95,60.86,
2026-07-10,ETF,上证50ETF华夏期权_.xls,上证50ETF华夏,50ETF沽7月3300,10011697,,7月,3300.0,3.3,put,0.2534,0.2501,0.2527,1.0,1.0,2100.0,2550.0,504.0,4296732.0,0.225,0.2221,0.254,0.187,0.0036729999999999996,-0.8522,1.0898,0.0013,-0.0015,-0.001,0.2455,0.000736,12.06,-10.28,
2026-07-10,ETF,上证50ETF华夏期权_.xls,上证50ETF华夏,50ETF购7月3400,10011689,,7月,3400.0,3.4,call,0.0008,0.0009,0.0011,240.0,1.0,14553.0,59828.0,3304.0,253616.0,0.0019,0.0016,0.0029,0.0008,0.002546,0.0155,0.2658,0.0002,-0.0002,0.0,0.0023,-0.0010090000000000001,3821.25,59.38,
2026-07-10,ETF,上证50ETF华夏期权_.xls,上证50ETF华夏,50ETF沽7月3400,10011698,,7月,3400.0,3.4,put,0.3509,0.3501,0.3536,1.0,2.0,1145.0,2037.0,306.0,3401729.0,0.3249,0.3183,0.3525,0.285,0.004413,-0.888,0.7481,0.0011,-0.0015,-0.0011,0.3398,0.0010090000000000001,8.71,-7.74,
2026-07-10,ETF,上证50ETF华夏期权_.xls,上证50ETF华夏,50ETF购7月3500,10011819,,7月,3500.0,3.5,call,0.0008,0.0008,0.0009,55.0,1.0,6475.0,55271.0,2668.0,76944.0,0.001,0.0011,0.0019,0.0008,0.0031379999999999997,0.0129,0.1839,0.0002,-0.0002,0.0,0.0006,-0.001266,3821.25,49.37,
2026-07-10,ETF,上证50ETF华夏期权_.xls,上证50ETF华夏,50ETF沽7月3500,10011820,,7月,3500.0,3.5,put,0.4474,0.4485,0.453,1.0,1.0,174.0,390.0,86.0,701186.0,0.4244,0.4178,0.4474,0.3827,0.004901,-0.9192,0.5298,0.0009,-0.0012,-0.0012,0.438,0.001266,6.83,-6.28,
2026-07-10,ETF,上证50ETF华夏期权_.xls,上证50ETF华夏,50ETF购8月2800,10011851,,8月,2800.0,2.8,call,0.2466,0.2466,0.2516,28.0,1.0,878.0,1768.0,569.0,2476792.0,0.289,0.283,0.3125,0.2466,1e-06,0.8642,0.8026,0.0024,-0.0009,0.0031,0.2929,0.000918,12.4,10.71,
2026-07-10,ETF,上证50ETF华夏期权_.xls,上证50ETF华夏,50ETF沽8月2800,10011860,,8月,2800.0,2.8,put,0.0121,0.0119,0.0124,3.0,1.0,11062.0,21011.0,-543.0,1046519.0,0.0118,0.0115,0.0129,0.0082,0.002121,-0.1043,0.7698,0.002,-0.0004,-0.0004,0.0194,-0.000918,252.64,-26.35,
2026-07-10,ETF,上证50ETF华夏期权_.xls,上证50ETF华夏,50ETF购8月2850,10011852,,8月,2850.0,2.85,call,0.2077,0.2071,0.2092,1.0,1.0,371.0,808.0,173.0,875540.0,0.239,0.2397,0.2643,0.205,1e-06,0.816,0.9795,0.0029,-0.001,0.0029,0.2523,0.000726,14.72,12.01,
2026-07-10,ETF,上证50ETF华夏期权_.xls,上证50ETF华夏,50ETF沽8月2850,10011861,,8月,2850.0,2.85,put,0.019,0.019,0.0193,24.0,1.0,11451.0,24369.0,1313.0,1729736.0,0.017,0.0167,0.0203,0.012,0.002111,-0.1511,1.0014,0.0026,-0.0005,-0.0006,0.0284,-0.000726,160.89,-24.32,
2026-07-10,ETF,上证50ETF华夏期权_.xls,上证50ETF华夏,50ETF购8月2900,10011853,,8月,2900.0,2.9,call,0.1679,0.1679,0.1691,156.0,1.0,1040.0,2391.0,392.0,1996797.0,0.1909,0.1958,0.2255,0.164,1e-06,0.7594,1.1461,0.0035,-0.0011,0.0028,0.2144,0.000541,18.21,13.83,
2026-07-10,ETF,上证50ETF华夏期权_.xls,上证50ETF华夏,50ETF沽8月2900,10011862,,8月,2900.0,2.9,put,0.029,0.0286,0.029,2.0,2.0,8190.0,15489.0,4014.0,1930317.0,0.0256,0.025,0.0305,0.0184,0.002112,-0.2107,1.2335,0.0032,-0.0006,-0.0009,0.0403,-0.000541,105.41,-22.21,
2026-07-10,ETF,上证50ETF华夏期权_.xls,上证50ETF华夏,50ETF购8月2950,10011854,,8月,2950.0,2.95,call,0.1316,0.1321,0.133,1.0,1.0,2022.0,5673.0,531.0,3206074.0,0.1512,0.1549,0.183,0.1291,0.001017,0.8738,1.8373,0.0023,-0.0006,0.0033,0.1797,0.000363,23.23,20.3,
2026-07-10,ETF,上证50ETF华夏期权_.xls,上证50ETF华夏,50ETF沽8月2950,10011863,,8月,2950.0,2.95,put,0.044,0.0427,0.0436,1.0,1.0,9731.0,12921.0,3185.0,3178184.0,0.0376,0.0368,0.045,0.0276,0.0021539999999999997,-0.284,1.4192,0.0038,-0.0007,-0.0012,0.0553,-0.000363,69.48,-19.73,
2026-07-10,ETF,上证50ETF华夏期权_.xls,上证50ETF华夏,50ETF购8月3000,10011855,,8月,3000.0,3.0,call,0.0998,0.0992,0.0999,14.0,1.0,11764.0,15850.0,2439.0,14823726.0,0.1184,0.1221,0.1472,0.0986,0.001248,0.7155,2.4528,0.0038,-0.0007,0.0027,0.1485,0.00018999999999999998,30.63,21.92,
2026-07-10,ETF,上证50ETF华夏期权_.xls,上证50ETF华夏,50ETF沽8月3000,10011864,,8月,3000.0,3.0,put,0.0633,0.0617,0.0634,1.0,14.0,15876.0,19975.0,1586.0,7800017.0,0.0545,0.0529,0.0645,0.0408,0.0022,-0.3632,1.5387,0.0042,-0.0008,-0.0015,0.0738,-0.00018999999999999998,48.29,-17.54,
2026-07-10,ETF,上证50ETF华夏期权_.xls,上证50ETF华夏,50ETF购8月3100,10011856,,8月,3100.0,3.1,call,0.0557,0.0557,0.0559,16.0,1.0,25859.0,31770.0,7775.0,18941395.0,0.0679,0.0688,0.0886,0.0541,0.0015160000000000002,0.4527,2.3564,0.0044,-0.0009,0.0017,0.0968,-0.000139,54.88,24.84,
2026-07-10,ETF,上证50ETF华夏期权_.xls,上证50ETF华夏,50ETF沽8月3100,10011865,,8月,3100.0,3.1,put,0.1166,0.1166,0.1173,14.0,10.0,15996.0,19269.0,5735.0,15110302.0,0.1027,0.0992,0.1198,0.0806,0.002338,-0.521,1.5373,0.0044,-0.0009,-0.0022,0.1216,0.000139,26.22,-13.66,
2026-07-10,ETF,上证50ETF华夏期权_.xls,上证50ETF华夏,50ETF购8月3200,10011857,,8月,3200.0,3.2,call,0.0281,0.028,0.0281,17.0,12.0,18516.0,25935.0,4295.0,7296986.0,0.036,0.0377,0.0491,0.0277,0.0016449999999999998,0.262,1.7853,0.0036,-0.0007,0.001,0.0594,-0.00044699999999999997,108.79,28.5,
2026-07-10,ETF,上证50ETF华夏期权_.xls,上证50ETF华夏,50ETF沽8月3200,10011866,,8月,3200.0,3.2,put,0.1908,0.1875,0.1893,1.0,1.0,2778.0,5720.0,801.0,4537970.0,0.172,0.1661,0.1933,0.1411,0.002628,-0.6443,1.2786,0.0041,-0.0009,-0.0028,0.1835,0.00044699999999999997,16.02,-10.32,
2026-07-10,ETF,上证50ETF华夏期权_.xls,上证50ETF华夏,50ETF购8月3300,10011858,,8月,3300.0,3.3,call,0.0146,0.0144,0.0146,5.0,5.0,15749.0,26143.0,5446.0,3219005.0,0.0203,0.0206,0.0267,0.0141,0.001795,0.1466,1.1534,0.0025,-0.0005,0.0006,0.0341,-0.000736,209.38,30.69,
2026-07-10,ETF,上证50ETF华夏期权_.xls,上证50ETF华夏,50ETF沽8月3300,10011867,,8月,3300.0,3.3,put,0.2766,0.2724,0.2751,1.0,1.0,410.0,2003.0,288.0,1021138.0,0.2537,0.24,0.2782,0.2226,0.002986,-0.725,1.0082,0.0037,-0.0008,-0.0033,0.2577,0.000736,11.05,-8.01,
2026-07-10,ETF,上证50ETF华夏期权_.xls,上证50ETF华夏,50ETF购8月3400,10011859,,8月,3400.0,3.4,call,0.008,0.008,0.0081,1.0,2.0,6882.0,14957.0,2733.0,793112.0,0.0113,0.0113,0.015,0.0077,0.0019519999999999997,0.0833,0.7082,0.0017,-0.0004,0.0003,0.0184,-0.0010090000000000001,382.13,31.82,
2026-07-10,ETF,上证50ETF华夏期权_.xls,上证50ETF华夏,50ETF沽8月3400,10011868,,8月,3400.0,3.4,put,0.37,0.3653,0.3686,1.0,1.0,102.0,857.0,77.0,342698.0,0.3446,0.3185,0.37,0.3123,0.0034200000000000003,-0.7727,0.7956,0.0033,-0.0009,-0.0036,0.3414,0.0010090000000000001,8.26,-6.38,
2026-07-10,ETF,上证50ETF华夏期权_.xls,上证50ETF华夏,50ETF购8月3500,10011941,,8月,3500.0,3.5,call,0.0047,0.0047,0.0049,13.0,1.0,4902.0,14414.0,2017.0,345929.0,0.0072,0.0072,0.0091,0.0045,0.002114,0.0495,0.4364,0.0011,-0.0003,0.0002,0.0094,-0.001266,650.43,32.18,
2026-07-10,ETF,上证50ETF华夏期权_.xls,上证50ETF华夏,50ETF沽8月3500,10011942,,8月,3500.0,3.5,put,0.467,0.462,0.4659,1.0,1.0,103.0,3497.0,72.0,432614.0,0.4406,0.4196,0.467,0.4069,0.003889,-0.8015,0.6464,0.0031,-0.0009,-0.0038,0.4317,0.001266,6.55,-5.25,
2026-07-10,ETF,上证50ETF华夏期权_.xls,上证50ETF华夏,50ETF购9月2650,10011255,,9月,2650.0,2.65,call,0.39,0.3883,0.3921,1.0,1.0,282.0,1842.0,-47.0,1223688.0,0.439,0.4322,0.4569,0.39,1e-06,0.9445,0.3717,0.0016,-0.0005,0.0051,0.4391,0.0015359999999999998,7.84,7.4,
2026-07-10,ETF,上证50ETF华夏期权_.xls,上证50ETF华夏,50ETF沽9月2650,10011257,,9月,2650.0,2.65,put,0.0112,0.0108,0.0118,2.0,2.0,82537.0,41441.0,6592.0,8464459.0,0.0117,0.0113,0.012,0.0097,0.002379,-0.0726,0.416,0.0019,-0.0003,-0.0005,0.0074,-0.0015359999999999998,272.95,-19.81,
2026-07-10,ETF,上证50ETF华夏期权_.xls,上证50ETF华夏,50ETF购9月2700,10011256,,9月,2700.0,2.7,call,0.347,0.3443,0.3477,1.0,1.0,198.0,1039.0,-18.0,765229.0,0.389,0.3844,0.41,0.347,1e-06,0.9199,0.494,0.0021,-0.0006,0.005,0.3936,0.001322,8.81,8.1,
2026-07-10,ETF,上证50ETF华夏期权_.xls,上证50ETF华夏,50ETF沽9月2700,10011258,,9月,2700.0,2.7,put,0.0156,0.015,0.016,1.0,1.0,8491.0,29356.0,341.0,1197024.0,0.0154,0.0147,0.0165,0.0127,0.0023480000000000003,-0.0968,0.5232,0.0024,-0.0003,-0.0006,0.0114,-0.001322,195.96,-18.97,
2026-07-10,ETF,上证50ETF华夏期权_.xls,上证50ETF华夏,50ETF购9月2750,10011233,,9月,2750.0,2.75,call,0.3241,0.3008,0.3036,1.0,1.0,22.0,1181.0,-12.0,73954.0,0.339,0.3387,0.3661,0.3241,1e-06,0.8884,0.6305,0.0027,-0.0007,0.0049,0.3496,0.001116,9.43,8.38,
2026-07-10,ETF,上证50ETF华夏期权_.xls,上证50ETF华夏,50ETF沽9月2750,10011234,,9月,2750.0,2.75,put,0.0215,0.0208,0.0218,1.0,1.0,6204.0,11226.0,1176.0,1161259.0,0.0208,0.02,0.0224,0.0168,0.002322,-0.1271,0.6429,0.0029,-0.0004,-0.0009,0.017,-0.001116,142.19,-18.07,
2026-07-10,ETF,上证50ETF华夏期权_.xls,上证50ETF华夏,50ETF购9月2800,10011215,,9月,2800.0,2.8,call,0.2577,0.261,0.2618,1.0,1.0,233.0,2005.0,-6.0,669831.0,0.289,0.2884,0.3199,0.2577,1e-06,0.8497,0.7747,0.0033,-0.0007,0.0048,0.3077,0.000918,11.86,10.08,
2026-07-10,ETF,上证50ETF华夏期权_.xls,上证50ETF华夏,50ETF沽9月2800,10011216,,9月,2800.0,2.8,put,0.0298,0.0288,0.0302,1.0,1.0,5680.0,12904.0,1658.0,1435912.0,0.0281,0.0282,0.0308,0.0223,0.002316,-0.1655,0.7696,0.0035,-0.0005,-0.0011,0.0245,-0.000918,102.58,-16.97,
2026-07-10,ETF,上证50ETF华夏期权_.xls,上证50ETF华夏,50ETF购9月2850,10010971,,9月,2850.0,2.85,call,0.2182,0.2205,0.2227,1.0,1.0,364.0,3005.0,-33.0,924915.0,0.2444,0.2533,0.2742,0.2182,1e-06,0.8039,0.9181,0.0039,-0.0008,0.0046,0.268,0.000726,14.01,11.26,
2026-07-10,ETF,上证50ETF华夏期权_.xls,上证50ETF华夏,50ETF沽9月2850,10010980,,9月,2850.0,2.85,put,0.0398,0.0393,0.0403,1.0,1.0,10654.0,16992.0,3660.0,3701163.0,0.0371,0.0372,0.0418,0.0298,0.002297,-0.2088,0.8962,0.004,-0.0005,-0.0014,0.0344,-0.000726,76.81,-16.04,
2026-07-10,ETF,上证50ETF华夏期权_.xls,上证50ETF华夏,50ETF购9月2900,10010972,,9月,2900.0,2.9,call,0.1844,0.1847,0.1866,1.0,1.0,1127.0,4299.0,9.0,2397942.0,0.2078,0.2123,0.2371,0.1833,0.000607,0.988,0.3691,0.0004,-0.0004,0.0059,0.2309,0.000541,16.58,16.38,
2026-07-10,ETF,上证50ETF华夏期权_.xls,上证50ETF华夏,50ETF沽9月2900,10010981,,9月,2900.0,2.9,put,0.0539,0.0539,0.0544,4.0,2.0,8015.0,15539.0,1805.0,3665915.0,0.0496,0.0471,0.0565,0.0397,0.002317,-0.261,1.0057,0.0045,-0.0006,-0.0018,0.0469,-0.000541,56.72,-14.8,
2026-07-10,ETF,上证50ETF华夏期权_.xls,上证50ETF华夏,50ETF购9月2950,10010973,,9月,2950.0,2.95,call,0.152,0.1526,0.1542,1.0,1.0,3167.0,7842.0,531.0,5703982.0,0.1735,0.1777,0.2013,0.1513,0.0011630000000000002,0.8091,1.6779,0.0038,-0.0006,0.0048,0.1968,0.000363,20.11,16.27,
2026-07-10,ETF,上证50ETF华夏期权_.xls,上证50ETF华夏,50ETF沽9月2950,10010982,,9月,2950.0,2.95,put,0.0715,0.071,0.072,1.0,1.0,4478.0,8886.0,417.0,2694475.0,0.0656,0.0617,0.0747,0.0528,0.002347,-0.3178,1.0894,0.005,-0.0006,-0.0022,0.0623,-0.000363,42.76,-13.59,
2026-07-10,ETF,上证50ETF华夏期权_.xls,上证50ETF华夏,50ETF购9月3000,10010974,,9月,3000.0,3.0,call,0.125,0.1244,0.125,2.0,30.0,5831.0,13890.0,-274.0,8879237.0,0.1425,0.1477,0.1684,0.1233,0.001366,0.6856,1.8622,0.005,-0.0007,0.0041,0.1658,0.00018999999999999998,24.46,16.77,
2026-07-10,ETF,上证50ETF华夏期权_.xls,上证50ETF华夏,50ETF沽9月3000,10010983,,9月,3000.0,3.0,put,0.0932,0.0924,0.0933,1.0,5.0,6529.0,10418.0,413.0,5050026.0,0.0851,0.08,0.0968,0.0686,0.002395,-0.3773,1.1373,0.0053,-0.0007,-0.0026,0.0808,-0.00018999999999999998,32.8,-12.38,
2026-07-10,ETF,上证50ETF华夏期权_.xls,上证50ETF华夏,50ETF购9月3100,10010975,,9月,3100.0,3.1,call,0.0801,0.0803,0.0806,1.0,1.0,10133.0,24460.0,1640.0,9989860.0,0.093,0.0995,0.1125,0.0791,0.001559,0.4884,1.8331,0.0056,-0.0007,0.0029,0.1135,-0.000139,38.16,18.64,
2026-07-10,ETF,上证50ETF华夏期权_.xls,上证50ETF华夏,50ETF沽9月3100,10010984,,9月,3100.0,3.1,put,0.1482,0.147,0.1484,1.0,1.0,4468.0,10972.0,146.0,5671503.0,0.1358,0.1302,0.1529,0.1127,0.00253,-0.4929,1.1302,0.0056,-0.0007,-0.0034,0.1276,0.000139,20.63,-10.17,
2026-07-10,ETF,上证50ETF华夏期权_.xls,上证50ETF华夏,50ETF购9月3200,10010976,,9月,3200.0,3.2,call,0.05,0.0497,0.0504,10.0,1.0,13437.0,26095.0,1238.0,8716032.0,0.061,0.0638,0.0732,0.0495,0.001697,0.3334,1.5357,0.0051,-0.0007,0.002,0.074,-0.00044699999999999997,61.14,20.38,
2026-07-10,ETF,上证50ETF华夏期权_.xls,上证50ETF华夏,50ETF沽9月3200,10010985,,9月,3200.0,3.2,put,0.2211,0.2162,0.2184,2.0,1.0,1335.0,10631.0,-99.0,2591498.0,0.2033,0.1979,0.2236,0.1739,0.002792,-0.5877,0.9995,0.0054,-0.0007,-0.0042,0.1872,0.00044699999999999997,13.83,-8.13,
2026-07-10,ETF,上证50ETF华夏期权_.xls,上证50ETF华夏,50ETF购9月3300,10010977,,9月,3300.0,3.3,call,0.0318,0.0318,0.032,30.0,2.0,17993.0,30150.0,4485.0,7372684.0,0.0403,0.0415,0.0479,0.0309,0.001837,0.224,1.1674,0.0042,-0.0006,0.0014,0.0459,-0.000736,96.13,21.53,
2026-07-10,ETF,上证50ETF华夏期权_.xls,上证50ETF华夏,50ETF沽9月3300,10010986,,9月,3300.0,3.3,put,0.3029,0.2966,0.2996,1.0,1.0,632.0,5442.0,307.0,1748806.0,0.2819,0.2605,0.3029,0.2495,0.0030760000000000006,-0.6584,0.8555,0.0051,-0.0008,-0.0048,0.2582,0.000736,10.09,-6.64,
2026-07-10,ETF,上证50ETF华夏期权_.xls,上证50ETF华夏,50ETF购9月3400,10010978,,9月,3400.0,3.4,call,0.0204,0.0202,0.0208,1.0,1.0,9152.0,16037.0,1154.0,2590289.0,0.0274,0.0274,0.0327,0.0204,0.001963,0.1497,0.8503,0.0032,-0.0005,0.0009,0.0272,-0.0010090000000000001,149.85,22.43,
2026-07-10,ETF,上证50ETF华夏期权_.xls,上证50ETF华夏,50ETF沽9月3400,10010987,,9月,3400.0,3.4,put,0.3879,0.3847,0.3881,1.0,1.0,446.0,2812.0,-148.0,1542274.0,0.368,0.341,0.3879,0.3317,0.003319,-0.7138,0.7348,0.0047,-0.0007,-0.0054,0.3384,0.0010090000000000001,7.88,-5.63,
2026-07-10,ETF,上证50ETF华夏期权_.xls,上证50ETF华夏,50ETF购9月3500,10010979,,9月,3500.0,3.5,call,0.0149,0.0146,0.0155,1.0,1.0,12473.0,28984.0,802.0,2646751.0,0.0206,0.0207,0.0239,0.0149,0.0021449999999999998,0.1078,0.6196,0.0026,-0.0004,0.0007,0.0153,-0.001266,205.17,22.13,
2026-07-10,ETF,上证50ETF华夏期权_.xls,上证50ETF华夏,50ETF沽9月3500,10010988,,9月,3500.0,3.5,put,0.4586,0.4794,0.4835,1.0,1.0,78.0,2117.0,-10.0,357450.0,0.4603,0.458,0.4586,0.458,0.003131,-0.7911,0.6578,0.004,-0.0005,-0.006,0.4257,0.001266,6.67,-5.27,
2026-07-10,ETF,上证50ETF华夏期权_.xls,上证50ETF华夏,50ETF购9月3600,10011061,,9月,3600.0,3.6,call,0.0123,0.012,0.0123,27.0,1.0,67417.0,78059.0,4200.0,10505477.0,0.0162,0.0158,0.0186,0.0118,0.002367,0.0849,0.4707,0.0022,-0.0004,0.0005,0.0082,-0.0015079999999999998,248.54,21.09,
2026-07-10,ETF,上证50ETF华夏期权_.xls,上证50ETF华夏,50ETF沽9月3600,10011062,,9月,3600.0,3.6,put,0.5799,0.5763,0.58,1.0,1.0,40.0,2758.0,7.0,212581.0,0.5536,0.5381,0.5799,0.5171,0.0040880000000000005,-0.7682,0.5348,0.0043,-0.0008,-0.0061,0.5177,0.0015079999999999998,5.27,-4.05,
2026-07-10,ETF,上证50ETF华夏期权_.xls,上证50ETF华夏,50ETF购12月2700,10011801,,12月,2700.0,2.7,call,0.3585,0.3561,0.3597,1.0,1.0,172.0,638.0,105.0,679080.0,0.389,0.3991,0.413,0.358,1e-06,0.8703,0.5056,0.0044,-0.0005,0.0102,0.4408,0.001322,8.53,7.42,
2026-07-10,ETF,上证50ETF华夏期权_.xls,上证50ETF华夏,50ETF沽12月2700,10011802,,12月,2700.0,2.7,put,0.0482,0.0457,0.0467,1.0,1.0,641.0,4325.0,96.0,268213.0,0.0456,0.0456,0.0488,0.0383,0.002424,-0.1673,0.4997,0.0052,-0.0003,-0.0026,0.0288,-0.001322,63.42,-10.61,
2026-07-10,ETF,上证50ETF华夏期权_.xls,上证50ETF华夏,50ETF购12月2750,10011783,,12月,2750.0,2.75,call,0.3253,0.3183,0.3215,1.0,1.0,61.0,435.0,-31.0,221946.0,0.3475,0.3562,0.3691,0.3253,1e-06,0.8398,0.583,0.005,-0.0006,0.0099,0.4006,0.001116,9.4,7.89,
2026-07-10,ETF,上证50ETF华夏期权_.xls,上证50ETF华夏,50ETF沽12月2750,10011784,,12月,2750.0,2.75,put,0.0573,0.0572,0.0582,1.0,1.0,181.0,3728.0,41.0,93729.0,0.0554,0.0555,0.0601,0.048,0.0023870000000000002,-0.1939,0.5566,0.0057,-0.0003,-0.003,0.0375,-0.001116,53.35,-10.34,
2026-07-10,ETF,上证50ETF华夏期权_.xls,上证50ETF华夏,50ETF购12月2800,10011425,,12月,2800.0,2.8,call,0.286,0.2831,0.2859,1.0,1.0,186.0,1440.0,32.0,603794.0,0.3112,0.3186,0.3366,0.286,1e-06,0.8056,0.6589,0.0057,-0.0006,0.0096,0.3621,0.000918,10.69,8.61,
2026-07-10,ETF,上证50ETF华夏期权_.xls,上证50ETF华夏,50ETF沽12月2800,10011434,,12月,2800.0,2.8,put,0.072,0.0707,0.0717,1.0,1.0,446.0,8981.0,210.0,281093.0,0.068,0.065,0.0744,0.0585,0.00242,-0.2284,0.6045,0.0063,-0.0004,-0.0035,0.0481,-0.000918,42.46,-9.7,
2026-07-10,ETF,上证50ETF华夏期权_.xls,上证50ETF华夏,50ETF购12月2850,10011426,,12月,2850.0,2.85,call,0.28,0.2503,0.2528,1.0,1.0,66.0,859.0,-45.0,194399.0,0.2774,0.279,0.3,0.279,0.0011810000000000002,0.88,0.8188,0.0041,-0.0004,0.011,0.3256,0.000726,10.92,9.61,
2026-07-10,ETF,上证50ETF华夏期权_.xls,上证50ETF华夏,50ETF沽12月2850,10011435,,12月,2850.0,2.85,put,0.0891,0.0872,0.0882,1.0,1.0,560.0,4056.0,122.0,440175.0,0.0829,0.079,0.0904,0.072,0.002456,-0.2646,0.6446,0.0068,-0.0004,-0.0041,0.0605,-0.000726,34.31,-9.08,
2026-07-10,ETF,上证50ETF华夏期权_.xls,上证50ETF华夏,50ETF购12月2900,10011427,,12月,2900.0,2.9,call,0.223,0.2202,0.2224,1.0,1.0,213.0,1677.0,33.0,541002.0,0.2431,0.2444,0.2688,0.2216,0.000814,0.9129,0.9412,0.0033,-0.0004,0.0117,0.2912,0.000541,13.71,12.52,
2026-07-10,ETF,上证50ETF华夏期权_.xls,上证50ETF华夏,50ETF沽12月2900,10011436,,12月,2900.0,2.9,put,0.1096,0.106,0.1071,1.0,1.0,739.0,2339.0,407.0,679873.0,0.1004,0.1,0.1096,0.0879,0.002508,-0.3026,0.6729,0.0072,-0.0004,-0.0047,0.0751,-0.000541,27.89,-8.44,
2026-07-10,ETF,上证50ETF华夏期权_.xls,上证50ETF华夏,50ETF购12月2950,10011428,,12月,2950.0,2.95,call,0.2,0.1924,0.1944,1.0,1.0,79.0,998.0,-41.0,181560.0,0.215,0.2311,0.2358,0.2,0.001168,0.7737,1.2458,0.0062,-0.0005,0.0099,0.259,0.000363,15.28,11.83,
2026-07-10,ETF,上证50ETF华夏期权_.xls,上证50ETF华夏,50ETF沽12月2950,10011437,,12月,2950.0,2.95,put,0.13,0.1276,0.1289,1.0,1.0,502.0,1603.0,47.0,581396.0,0.1203,0.1159,0.13,0.1057,0.00253,-0.3394,0.7,0.0076,-0.0004,-0.0053,0.0919,-0.000363,23.52,-7.98,
2026-07-10,ETF,上证50ETF华夏期权_.xls,上证50ETF华夏,50ETF购12月3000,10011429,,12月,3000.0,3.0,call,0.1685,0.1677,0.1694,1.0,1.0,946.0,5108.0,-421.0,1901734.0,0.1881,0.1947,0.208,0.1678,0.001216,0.6985,1.3854,0.0072,-0.0005,0.009,0.2291,0.00018999999999999998,18.14,12.67,
2026-07-10,ETF,上证50ETF华夏期权_.xls,上证50ETF华夏,50ETF沽12月3000,10011438,,12月,3000.0,3.0,put,0.1551,0.1518,0.1533,1.0,1.0,169.0,2414.0,63.0,227058.0,0.1428,0.1389,0.1551,0.1273,0.0025859999999999998,-0.3772,0.7105,0.0079,-0.0004,-0.006,0.111,-0.00018999999999999998,19.71,-7.43,
2026-07-10,ETF,上证50ETF华夏期权_.xls,上证50ETF华夏,50ETF购12月3100,10011430,,12月,3100.0,3.1,call,0.1258,0.1252,0.1264,1.0,1.0,1015.0,4734.0,374.0,1492234.0,0.142,0.148,0.1582,0.125,0.0014039999999999999,0.5466,1.3645,0.0082,-0.0005,0.0071,0.1762,-0.000139,24.3,13.28,
2026-07-10,ETF,上证50ETF华夏期权_.xls,上证50ETF华夏,50ETF沽12月3100,10011439,,12月,3100.0,3.1,put,0.2115,0.2086,0.2107,1.0,1.0,124.0,1593.0,65.0,230696.0,0.1963,0.198,0.2115,0.1769,0.0026969999999999997,-0.4493,0.7096,0.0082,-0.0005,-0.0073,0.1561,0.000139,14.45,-6.49,
2026-07-10,ETF,上证50ETF华夏期权_.xls,上证50ETF华夏,50ETF购12月3200,10011431,,12月,3200.0,3.2,call,0.093,0.0924,0.093,2.0,19.0,1059.0,5347.0,-2.0,1158997.0,0.1058,0.11,0.1203,0.093,0.001535,0.4246,1.2344,0.0081,-0.0005,0.0055,0.1326,-0.00044699999999999997,32.87,13.96,
2026-07-10,ETF,上证50ETF华夏期权_.xls,上证50ETF华夏,50ETF沽12月3200,10011440,,12月,3200.0,3.2,put,0.2704,0.2752,0.2779,1.0,1.0,110.0,2734.0,74.0,285987.0,0.2591,0.2526,0.272,0.2345,0.0027500000000000003,-0.5168,0.7009,0.0082,-0.0005,-0.0085,0.2104,0.00044699999999999997,11.31,-5.84,
2026-07-10,ETF,上证50ETF华夏期权_.xls,上证50ETF华夏,50ETF购12月3300,10011432,,12月,3300.0,3.3,call,0.069,0.069,0.0696,1.0,3.0,769.0,4349.0,158.0,636624.0,0.079,0.0842,0.0904,0.069,0.001646,0.3277,1.0608,0.0075,-0.0005,0.0043,0.0975,-0.000736,44.3,14.52,
2026-07-10,ETF,上证50ETF华夏期权_.xls,上证50ETF华夏,50ETF沽12月3300,10011441,,12月,3300.0,3.3,put,0.3527,0.3492,0.3528,1.0,1.0,136.0,2102.0,48.0,436472.0,0.3315,0.3217,0.3527,0.308,0.003014,-0.5684,0.6307,0.0081,-0.0005,-0.0096,0.2733,0.000736,8.67,-4.93,
2026-07-10,ETF,上证50ETF华夏期权_.xls,上证50ETF华夏,50ETF购12月3400,10011433,,12月,3400.0,3.4,call,0.0518,0.0517,0.0527,1.0,1.0,461.0,3260.0,196.0,282242.0,0.0597,0.061,0.068,0.0518,0.001751,0.2532,0.8833,0.0066,-0.0004,0.0033,0.0702,-0.0010090000000000001,59.02,14.94,
2026-07-10,ETF,上证50ETF华夏期权_.xls,上证50ETF华夏,50ETF沽12月3400,10011442,,12月,3400.0,3.4,put,0.434,0.4293,0.4336,1.0,1.0,32.0,1346.0,-1.0,125795.0,0.4091,0.3955,0.434,0.388,0.003209,-0.6128,0.5771,0.0079,-0.0005,-0.0106,0.3439,0.0010090000000000001,7.04,-4.32,
2026-07-10,ETF,上证50ETF华夏期权_.xls,上证50ETF华夏,50ETF购12月3500,10011531,,12月,3500.0,3.5,call,0.0389,0.039,0.04,1.0,1.0,1238.0,6998.0,207.0,609708.0,0.0451,0.0451,0.0524,0.0389,0.0018410000000000002,0.1952,0.7245,0.0057,-0.0004,0.0026,0.0495,-0.001266,78.59,15.34,
2026-07-10,ETF,上证50ETF华夏期权_.xls,上证50ETF华夏,50ETF沽12月3500,10011532,,12月,3500.0,3.5,put,0.4949,0.5161,0.5213,1.0,1.0,12.0,906.0,8.0,59390.0,0.4935,0.495,0.495,0.4949,0.0030859999999999998,-0.672,0.5662,0.0075,-0.0004,-0.0117,0.4212,0.001266,6.18,-4.15,
