trade_date,market_type,source_file,underlying,name,code,expiry,contract_month,raw_strike,strike,option_type,last_price,bid_price,ask_price,bid_volume,ask_volume,volume,open_interest,oi_change,amount,prev_settle,open_price,high_price,low_price,iv,delta,gamma,vega,theta,rho,theoretical_price,moneyness,leverage,real_leverage,parse_error
2026-07-13,ETF,创业板ETF易方达期权_.xls,创业板ETF易方达,创业板ETF购7月3400,90007629,,7月,3400.0,3.4,call,0.3684,0.3571,0.3644,1.0,5.0,713.0,1229.0,257.0,2879566.0,0.4671,0.4185,0.4753,0.334,0.004699999999999999,0.9062,0.5738,0.001,-0.0028,0.0008,0.3847,0.001032,10.18,9.23,
2026-07-13,ETF,创业板ETF易方达期权_.xls,创业板ETF易方达,创业板ETF沽7月3400,90007631,,7月,3400.0,3.4,put,0.0127,0.0125,0.0127,41.0,80.0,124394.0,48381.0,7680.0,11416794.0,0.007,0.0079,0.0182,0.0039,0.0046500000000000005,-0.0916,0.5699,0.001,-0.0023,-0.0001,0.0296,-0.001032,295.35,-27.05,
2026-07-13,ETF,创业板ETF易方达期权_.xls,创业板ETF易方达,创业板ETF购7月3500,90007630,,7月,3500.0,3.5,call,0.272,0.2753,0.2766,15.0,5.0,3394.0,2483.0,1555.0,10189970.0,0.3681,0.3252,0.3804,0.2502,0.0039299999999999995,0.8678,0.877,0.0013,-0.003,0.0008,0.306,0.000717,13.79,11.97,
2026-07-13,ETF,创业板ETF易方达期权_.xls,创业板ETF易方达,创业板ETF沽7月3500,90007632,,7月,3500.0,3.5,put,0.0255,0.0252,0.0256,6.0,15.0,113589.0,43333.0,16419.0,21901250.0,0.0127,0.014,0.0318,0.009,0.004543,-0.1647,0.8793,0.0015,-0.0034,-0.0002,0.0507,-0.000717,147.1,-24.23,
2026-07-13,ETF,创业板ETF易方达期权_.xls,创业板ETF易方达,创业板ETF购7月3600,90007621,,7月,3600.0,3.6,call,0.198,0.198,0.1986,6.0,5.0,18289.0,7670.0,5784.0,39034394.0,0.2832,0.2454,0.2935,0.177,0.0042060000000000005,0.7398,1.2426,0.002,-0.0046,0.0007,0.2364,0.00041900000000000005,18.94,14.01,
2026-07-13,ETF,创业板ETF易方达期权_.xls,创业板ETF易方达,创业板ETF沽7月3600,90007622,,7月,3600.0,3.6,put,0.048,0.048,0.0482,28.0,1.0,194620.0,60087.0,22389.0,71666542.0,0.0249,0.0292,0.0622,0.0196,0.0044729999999999995,-0.2714,1.1936,0.0021,-0.0045,-0.0003,0.081,-0.00041900000000000005,78.15,-21.21,
2026-07-13,ETF,创业板ETF易方达期权_.xls,创业板ETF易方达,创业板ETF购7月3700,90007565,,7月,3700.0,3.7,call,0.1349,0.1348,0.1349,1.0,37.0,80094.0,17979.0,10726.0,120013905.0,0.2018,0.189,0.2133,0.119,0.004263,0.5975,1.4621,0.0024,-0.0054,0.0006,0.1771,0.000138,27.81,16.61,
2026-07-13,ETF,创业板ETF易方达期权_.xls,创业板ETF易方达,创业板ETF沽7月3700,90007574,,7月,3700.0,3.7,put,0.0855,0.0854,0.0855,52.0,9.0,228150.0,53301.0,2292.0,159700430.0,0.046,0.052,0.1037,0.04,0.004519,-0.4064,1.3825,0.0024,-0.0052,-0.0004,0.1216,-0.000138,43.87,-17.83,
2026-07-13,ETF,创业板ETF易方达期权_.xls,创业板ETF易方达,创业板ETF购7月3800,90007566,,7月,3800.0,3.8,call,0.0855,0.0855,0.0856,80.0,2.0,186020.0,40694.0,25981.0,185574391.0,0.1394,0.1292,0.1465,0.0755,0.004263,0.4478,1.4944,0.0025,-0.0054,0.0004,0.1286,-0.000129,43.87,19.65,
2026-07-13,ETF,创业板ETF易方达期权_.xls,创业板ETF易方达,创业板ETF沽7月3800,90007575,,7月,3800.0,3.8,put,0.1375,0.1375,0.1379,7.0,1.0,241019.0,48750.0,4337.0,264992878.0,0.0826,0.0936,0.161,0.0726,0.004576,-0.5467,1.3947,0.0025,-0.0054,-0.0006,0.1729,0.000129,27.28,-14.91,
2026-07-13,ETF,创业板ETF易方达期权_.xls,创业板ETF易方达,创业板ETF购7月3900,90007567,,7月,3900.0,3.9,call,0.0532,0.0532,0.0533,28.0,48.0,181920.0,67739.0,33962.0,118677608.0,0.0899,0.073,0.0951,0.0472,0.004386,0.3144,1.3036,0.0022,-0.005,0.0003,0.0903,-0.00038199999999999996,70.51,22.17,
2026-07-13,ETF,创业板ETF易方达期权_.xls,创业板ETF易方达,创业板ETF沽7月3900,90007576,,7月,3900.0,3.9,put,0.2068,0.2055,0.2069,1.0,40.0,128608.0,48026.0,3894.0,213669804.0,0.1319,0.1502,0.2279,0.1209,0.0048070000000000005,-0.668,1.2163,0.0023,-0.0051,-0.0007,0.2345,0.00038199999999999996,18.14,-12.12,
2026-07-13,ETF,创业板ETF易方达期权_.xls,创业板ETF易方达,创业板ETF购7月4000,90007568,,7月,4000.0,4.0,call,0.032,0.032,0.0321,731.0,83.0,171148.0,89569.0,31085.0,68992898.0,0.056,0.0516,0.0599,0.0291,0.0045049999999999995,0.2095,1.0289,0.0018,-0.0041,0.0002,0.0614,-0.000623,117.22,24.56,
2026-07-13,ETF,创业板ETF易方达期权_.xls,创业板ETF易方达,创业板ETF沽7月4000,90007577,,7月,4000.0,4.0,put,0.2867,0.2866,0.2874,5.0,1.0,68062.0,45380.0,-1210.0,163944867.0,0.2001,0.2222,0.314,0.1858,0.005077000000000001,-0.7606,0.985,0.0019,-0.0045,-0.0009,0.3055,0.000623,13.08,-9.95,
2026-07-13,ETF,创业板ETF易方达期权_.xls,创业板ETF易方达,创业板ETF购7月4100,90007569,,7月,4100.0,4.1,call,0.0201,0.02,0.0201,2.0,30.0,105248.0,84833.0,16215.0,26975308.0,0.0357,0.0325,0.038,0.019,0.004723,0.1394,0.7567,0.0014,-0.0033,0.0001,0.0404,-0.000851,186.62,26.01,
2026-07-13,ETF,创业板ETF易方达期权_.xls,创业板ETF易方达,创业板ETF沽7月4100,90007578,,7月,4100.0,4.1,put,0.3772,0.368,0.3764,5.0,1.0,32599.0,29874.0,-1578.0,107077584.0,0.2805,0.3106,0.4037,0.2633,0.005588000000000001,-0.8166,0.7654,0.0016,-0.0042,-0.0009,0.3844,0.000851,9.94,-8.12,
2026-07-13,ETF,创业板ETF易方达期权_.xls,创业板ETF易方达,创业板ETF购7月4200,90007570,,7月,4200.0,4.2,call,0.0129,0.0128,0.0129,101.0,25.0,96655.0,89700.0,7117.0,15789263.0,0.0233,0.0195,0.0243,0.012,0.004954,0.0929,0.5407,0.001,-0.0026,0.0001,0.0258,-0.0010689999999999999,290.78,27.03,
2026-07-13,ETF,创业板ETF易方达期权_.xls,创业板ETF易方达,创业板ETF沽7月4200,90007579,,7月,4200.0,4.2,put,0.4676,0.4598,0.4689,1.0,1.0,14472.0,30641.0,-826.0,61029856.0,0.3663,0.4,0.4953,0.3489,0.005863,-0.8652,0.596,0.0013,-0.0035,-0.001,0.4696,0.0010689999999999999,8.02,-6.94,
2026-07-13,ETF,创业板ETF易方达期权_.xls,创业板ETF易方达,创业板ETF购7月4300,90007571,,7月,4300.0,4.3,call,0.0084,0.0084,0.0085,124.0,30.0,80068.0,104259.0,7349.0,8615080.0,0.0155,0.0145,0.0167,0.0077,0.005180000000000001,0.0623,0.3814,0.0008,-0.002,0.0001,0.0159,-0.0012770000000000001,446.55,27.81,
2026-07-13,ETF,创业板ETF易方达期权_.xls,创业板ETF易方达,创业板ETF沽7月4300,90007580,,7月,4300.0,4.3,put,0.5643,0.5607,0.5645,1.0,1.0,7302.0,29390.0,-83.0,38197220.0,0.4615,0.4895,0.5949,0.445,0.0064280000000000006,-0.8886,0.4755,0.0012,-0.0033,-0.0011,0.5596,0.0012770000000000001,6.65,-5.91,
2026-07-13,ETF,创业板ETF易方达期权_.xls,创业板ETF易方达,创业板ETF购7月4400,90007572,,7月,4400.0,4.4,call,0.0054,0.0054,0.0059,111.0,5.0,50599.0,75790.0,7852.0,3841980.0,0.0109,0.0085,0.0115,0.0054,0.005372,0.0412,0.2648,0.0005,-0.0015,0.0,0.0096,-0.001475,694.63,28.64,
2026-07-13,ETF,创业板ETF易方达期权_.xls,创业板ETF易方达,创业板ETF沽7月4400,90007581,,7月,4400.0,4.4,put,0.6606,0.6493,0.6613,5.0,1.0,2210.0,10340.0,-483.0,13954591.0,0.5509,0.5969,0.6897,0.5411,0.006853000000000001,-0.9097,0.3824,0.001,-0.003,-0.0011,0.6531,0.001475,5.68,-5.17,
2026-07-13,ETF,创业板ETF易方达期权_.xls,创业板ETF易方达,创业板ETF购7月4500,90007573,,7月,4500.0,4.5,call,0.0042,0.0041,0.0042,1.0,73.0,68814.0,70848.0,-1944.0,3848188.0,0.0074,0.0065,0.0084,0.0041,0.005722999999999999,0.0313,0.1986,0.0004,-0.0013,0.0,0.0056,-0.001664,893.1,27.99,
2026-07-13,ETF,创业板ETF易方达期权_.xls,创业板ETF易方达,创业板ETF沽7月4500,90007582,,7月,4500.0,4.5,put,0.7671,0.7462,0.7595,5.0,1.0,1776.0,6210.0,-612.0,12844950.0,0.6489,0.6948,0.7789,0.642,0.008199999999999999,-0.897,0.3523,0.0011,-0.0041,-0.0011,0.749,0.001664,4.89,-4.39,
2026-07-13,ETF,创业板ETF易方达期权_.xls,创业板ETF易方达,创业板ETF购7月4600,90007645,,7月,4600.0,4.6,call,0.0029,0.0029,0.003,84.0,101.0,34092.0,40845.0,-867.0,1314613.0,0.0047,0.0034,0.0052,0.0029,0.005932999999999999,0.0219,0.1419,0.0003,-0.001,0.0,0.0032,-0.0018460000000000002,1293.45,28.33,
2026-07-13,ETF,创业板ETF易方达期权_.xls,创业板ETF易方达,创业板ETF沽7月4600,90007646,,7月,4600.0,4.6,put,0.8587,0.8443,0.8583,5.0,1.0,416.0,1842.0,-4.0,3439549.0,0.7471,0.7933,0.8778,0.7512,0.008048000000000001,-0.9273,0.2767,0.0009,-0.0029,-0.0012,0.8465,0.0018460000000000002,4.37,-4.05,
2026-07-13,ETF,创业板ETF易方达期权_.xls,创业板ETF易方达,创业板ETF购7月4700,90007655,,7月,4700.0,4.7,call,0.002,0.0018,0.002,5.0,67.0,39099.0,48610.0,3470.0,1196311.0,0.0039,0.003,0.0044,0.002,0.006123,0.0153,0.1013,0.0002,-0.0007,0.0,0.0017,-0.0020190000000000004,1875.5,28.68,
2026-07-13,ETF,创业板ETF易方达期权_.xls,创业板ETF易方达,创业板ETF沽7月4700,90007656,,7月,4700.0,4.7,put,0.9786,0.9429,0.9688,5.0,1.0,59.0,1477.0,0.0,524202.0,0.8457,0.8925,0.9786,0.8455,0.010632999999999998,-0.8823,0.2989,0.0012,-0.006,-0.0012,0.945,0.0020190000000000004,3.83,-3.38,
2026-07-13,ETF,创业板ETF易方达期权_.xls,创业板ETF易方达,创业板ETF购7月4800,90007671,,7月,4800.0,4.8,call,0.0016,0.0015,0.0016,210.0,29.0,49955.0,79500.0,2717.0,1128889.0,0.0028,0.0028,0.0029,0.0016,0.006417000000000001,0.012,0.0784,0.0002,-0.0006,0.0,0.0009,-0.0021850000000000003,2344.38,28.15,
2026-07-13,ETF,创业板ETF易方达期权_.xls,创业板ETF易方达,创业板ETF沽7月4800,90007672,,7月,4800.0,4.8,put,1.0596,1.0404,1.0569,1.0,1.0,496.0,1380.0,208.0,4860121.0,0.9446,0.9917,1.0786,0.9333,0.009445,-0.9321,0.2237,0.0008,-0.0033,-0.0012,1.044,0.0021850000000000003,3.54,-3.3,
2026-07-13,ETF,创业板ETF易方达期权_.xls,创业板ETF易方达,创业板ETF购8月3500,90007777,,8月,3500.0,3.5,call,0.3512,0.3503,0.3557,7.0,5.0,1412.0,1496.0,1007.0,5040355.0,0.4222,0.4104,0.4209,0.3333,0.003667,0.7407,0.6707,0.0043,-0.002,0.003,0.4097,0.000717,10.68,7.91,
2026-07-13,ETF,创业板ETF易方达期权_.xls,创业板ETF易方达,创业板ETF沽8月3500,90007778,,8月,3500.0,3.5,put,0.1172,0.1163,0.1172,5.0,1.0,38048.0,31543.0,11381.0,38571326.0,0.0773,0.085,0.1275,0.073,0.004494,-0.2901,0.5785,0.0045,-0.0021,-0.0015,0.1394,-0.000717,32.01,-9.29,
2026-07-13,ETF,创业板ETF易方达期权_.xls,创业板ETF易方达,创业板ETF购8月3600,90007773,,8月,3600.0,3.6,call,0.2847,0.2857,0.2865,1.0,1.0,1131.0,1089.0,591.0,3482291.0,0.3507,0.316,0.3566,0.2579,0.003644,0.6658,0.7583,0.0048,-0.0022,0.0027,0.3498,0.00041900000000000005,13.18,8.77,
2026-07-13,ETF,创业板ETF易方达期权_.xls,创业板ETF易方达,创业板ETF沽8月3600,90007775,,8月,3600.0,3.6,put,0.1543,0.1558,0.156,2.0,5.0,17648.0,21560.0,2530.0,23742513.0,0.1084,0.115,0.1694,0.1035,0.0044789999999999995,-0.3538,0.6303,0.0049,-0.0023,-0.0018,0.1789,-0.00041900000000000005,24.31,-8.6,
2026-07-13,ETF,创业板ETF易方达期权_.xls,创业板ETF易方达,创业板ETF购8月3700,90007774,,8月,3700.0,3.7,call,0.2326,0.2348,0.2355,2.0,1.0,6809.0,4282.0,3027.0,16931355.0,0.2897,0.2644,0.2955,0.2213,0.0037450000000000005,0.584,0.7907,0.0051,-0.0024,0.0024,0.2961,0.000138,16.13,9.42,
2026-07-13,ETF,创业板ETF易方达期权_.xls,创业板ETF易方达,创业板ETF沽8月3700,90007776,,8月,3700.0,3.7,put,0.2006,0.1988,0.201,5.0,1.0,22579.0,13520.0,3528.0,40675505.0,0.1469,0.1605,0.2171,0.141,0.0045130000000000005,-0.4205,0.6579,0.0051,-0.0024,-0.0022,0.2247,-0.000138,18.7,-7.86,
2026-07-13,ETF,创业板ETF易方达期权_.xls,创业板ETF易方达,创业板ETF购8月3800,90007757,,8月,3800.0,3.8,call,0.1898,0.1898,0.19,3.0,3.0,18146.0,11503.0,7518.0,36541626.0,0.231,0.2077,0.2416,0.1774,0.003861,0.5052,0.7844,0.0053,-0.0025,0.0021,0.2486,-0.000129,19.76,9.98,
2026-07-13,ETF,创业板ETF易方达期权_.xls,创业板ETF易方达,创业板ETF沽8月3800,90007758,,8月,3800.0,3.8,put,0.253,0.2507,0.2531,5.0,1.0,22431.0,14961.0,2760.0,51038581.0,0.1932,0.2056,0.273,0.187,0.004532,-0.4869,0.668,0.0053,-0.0024,-0.0026,0.2765,0.000129,14.83,-7.22,
2026-07-13,ETF,创业板ETF易方达期权_.xls,创业板ETF易方达,创业板ETF购8月3900,90007697,,8月,3900.0,3.9,call,0.1482,0.1481,0.1497,1.0,1.0,12769.0,11855.0,5054.0,21034245.0,0.1887,0.1707,0.1961,0.1403,0.0038520000000000004,0.4288,0.7738,0.0052,-0.0024,0.0018,0.2069,-0.00038199999999999996,25.31,10.85,
2026-07-13,ETF,创业板ETF易方达期权_.xls,创业板ETF易方达,创业板ETF沽8月3900,90007706,,8月,3900.0,3.9,put,0.3155,0.3138,0.3173,2.0,1.0,16582.0,13509.0,2055.0,47634473.0,0.2482,0.265,0.3357,0.24,0.00462,-0.5497,0.6506,0.0052,-0.0024,-0.0029,0.3343,0.00038199999999999996,11.89,-6.54,
2026-07-13,ETF,创业板ETF易方达期权_.xls,创业板ETF易方达,创业板ETF购8月4000,90007698,,8月,4000.0,4.0,call,0.116,0.118,0.1193,8.0,5.0,13964.0,17121.0,2933.0,18237915.0,0.1513,0.1335,0.1579,0.1105,0.0038880000000000004,0.3587,0.7297,0.0049,-0.0023,0.0015,0.1708,-0.000623,32.34,11.6,
2026-07-13,ETF,创业板ETF易方达期权_.xls,创业板ETF易方达,创业板ETF沽8月4000,90007707,,8月,4000.0,4.0,put,0.3859,0.3815,0.3859,1.0,1.0,14546.0,12243.0,2196.0,51531167.0,0.3108,0.3365,0.4057,0.3029,0.004749000000000001,-0.606,0.6152,0.0051,-0.0023,-0.0033,0.3977,0.000623,9.72,-5.89,
2026-07-13,ETF,创业板ETF易方达期权_.xls,创业板ETF易方达,创业板ETF购8月4100,90007699,,8月,4100.0,4.1,call,0.0935,0.0922,0.0935,1.0,18.0,19542.0,16290.0,4256.0,19645622.0,0.1219,0.1046,0.1276,0.0861,0.004000999999999999,0.3003,0.6601,0.0046,-0.0022,0.0013,0.1399,-0.000851,40.12,12.05,
2026-07-13,ETF,创业板ETF易方达期权_.xls,创业板ETF易方达,创业板ETF沽8月4100,90007708,,8月,4100.0,4.1,put,0.4603,0.4515,0.4616,5.0,1.0,5127.0,9597.0,871.0,22593543.0,0.38,0.4083,0.4815,0.3726,0.004858,-0.6568,0.5747,0.0048,-0.0023,-0.0036,0.4662,0.000851,8.15,-5.35,
2026-07-13,ETF,创业板ETF易方达期权_.xls,创业板ETF易方达,创业板ETF购8月4200,90007700,,8月,4200.0,4.2,call,0.0716,0.0716,0.0733,4.0,5.0,12980.0,17845.0,4155.0,10419255.0,0.096,0.0864,0.1019,0.0673,0.004017,0.2446,0.5936,0.0041,-0.002,0.001,0.1137,-0.0010689999999999999,52.39,12.81,
2026-07-13,ETF,创业板ETF易方达期权_.xls,创业板ETF易方达,创业板ETF沽8月4200,90007709,,8月,4200.0,4.2,put,0.5295,0.5302,0.5415,6.0,1.0,2042.0,7616.0,653.0,10583901.0,0.4558,0.4867,0.5621,0.4465,0.00476,-0.7122,0.5441,0.0045,-0.002,-0.0039,0.5395,0.0010689999999999999,7.08,-5.04,
2026-07-13,ETF,创业板ETF易方达期权_.xls,创业板ETF易方达,创业板ETF购8月4300,90007701,,8月,4300.0,4.3,call,0.0567,0.0572,0.0584,1.0,5.0,9834.0,13897.0,1541.0,6178031.0,0.0772,0.0701,0.0817,0.0531,0.004099,0.2009,0.5199,0.0037,-0.0018,0.0009,0.0917,-0.0012770000000000001,66.16,13.29,
2026-07-13,ETF,创业板ETF易方达期权_.xls,创业板ETF易方达,创业板ETF沽8月4300,90007710,,8月,4300.0,4.3,put,0.6271,0.6142,0.6258,5.0,1.0,1146.0,3430.0,239.0,6899932.0,0.5368,0.5656,0.6433,0.5305,0.005217,-0.7336,0.4779,0.0043,-0.0021,-0.0042,0.617,0.0012770000000000001,5.98,-4.39,
2026-07-13,ETF,创业板ETF易方达期权_.xls,创业板ETF易方达,创业板ETF购8月4400,90007702,,8月,4400.0,4.4,call,0.0445,0.0452,0.0456,1.0,10.0,11154.0,12361.0,2492.0,5714134.0,0.0614,0.0566,0.066,0.0413,0.0041659999999999996,0.1635,0.4499,0.0033,-0.0016,0.0007,0.0735,-0.001475,84.29,13.79,
2026-07-13,ETF,创业板ETF易方达期权_.xls,创业板ETF易方达,创业板ETF沽8月4400,90007711,,8月,4400.0,4.4,put,0.6997,0.7003,0.7134,5.0,1.0,733.0,1552.0,101.0,5103869.0,0.6193,0.6214,0.7346,0.6214,0.00502,-0.784,0.4431,0.0039,-0.0017,-0.0045,0.6982,0.001475,5.36,-4.2,
2026-07-13,ETF,创业板ETF易方达期权_.xls,创业板ETF易方达,创业板ETF购8月4500,90007703,,8月,4500.0,4.5,call,0.0358,0.0357,0.0364,1.0,6.0,7662.0,12791.0,1254.0,3189088.0,0.0495,0.0424,0.0536,0.0327,0.004261999999999999,0.1346,0.3861,0.0029,-0.0014,0.0006,0.0585,-0.001664,104.78,14.11,
2026-07-13,ETF,创业板ETF易方达期权_.xls,创业板ETF易方达,创业板ETF沽8月4500,90007712,,8月,4500.0,4.5,put,0.8059,0.7893,0.8037,5.0,1.0,272.0,773.0,151.0,2056184.0,0.7063,0.7102,0.8159,0.7072,0.005620000000000001,-0.7869,0.3927,0.0038,-0.0019,-0.0046,0.7826,0.001664,4.65,-3.66,
2026-07-13,ETF,创业板ETF易方达期权_.xls,创业板ETF易方达,创业板ETF购8月4600,90007704,,8月,4600.0,4.6,call,0.0292,0.0285,0.0292,2.0,9.0,8566.0,9242.0,1226.0,2735739.0,0.0401,0.0335,0.0435,0.0254,0.004367,0.1117,0.3304,0.0025,-0.0013,0.0005,0.0462,-0.0018460000000000002,128.46,14.34,
2026-07-13,ETF,创业板ETF易方达期权_.xls,创业板ETF易方达,创业板ETF沽8月4600,90007713,,8月,4600.0,4.6,put,0.9009,0.8807,0.8961,5.0,1.0,167.0,364.0,167.0,1446769.0,0.7964,0.8091,0.9009,0.8091,0.005906,-0.8033,0.3563,0.0037,-0.0019,-0.0048,0.8698,0.0018460000000000002,4.16,-3.34,
2026-07-13,ETF,创业板ETF易方达期权_.xls,创业板ETF易方达,创业板ETF购8月4700,90007705,,8月,4700.0,4.7,call,0.0232,0.0229,0.0232,2.0,5.0,7473.0,8525.0,1164.0,1897605.0,0.0327,0.0274,0.0355,0.02,0.004435,0.091,0.2802,0.0022,-0.0011,0.0004,0.0363,-0.0020190000000000004,161.68,14.71,
2026-07-13,ETF,创业板ETF易方达期权_.xls,创业板ETF易方达,创业板ETF沽8月4700,90007714,,8月,4700.0,4.7,put,0.9485,0.9754,0.9901,5.0,1.0,634.0,883.0,411.0,5981252.0,0.8885,0.911,1.0,0.8913,0.0045390000000000005,-0.9033,0.2864,0.0023,-0.0006,-0.0053,0.9593,0.0020190000000000004,3.95,-3.57,
2026-07-13,ETF,创业板ETF易方达期权_.xls,创业板ETF易方达,创业板ETF购8月4800,90007753,,8月,4800.0,4.8,call,0.0193,0.0193,0.0195,18.0,15.0,26589.0,23662.0,1095.0,5435826.0,0.027,0.0263,0.0295,0.0162,0.004546,0.0763,0.2396,0.0019,-0.001,0.0003,0.0284,-0.0021850000000000003,194.35,14.83,
2026-07-13,ETF,创业板ETF易方达期权_.xls,创业板ETF易方达,创业板ETF沽8月4800,90007754,,8月,4800.0,4.8,put,1.1044,1.0694,1.0856,5.0,1.0,1745.0,2878.0,1723.0,18126720.0,0.9823,0.9858,1.1089,0.9783,0.006790999999999999,-0.8137,0.2997,0.0035,-0.0022,-0.0051,1.0508,0.0021850000000000003,3.4,-2.76,
2026-07-13,ETF,创业板ETF易方达期权_.xls,创业板ETF易方达,创业板ETF购9月2850,90007323,,9月,2850.0,2.85,call,0.8868,0.879,0.8918,1.0,1.0,79.0,773.0,31.0,719666.0,1.0313,0.948,0.985,0.87,1e-06,0.9327,0.1707,0.0022,-0.001,0.0051,0.951,0.0031609999999999997,4.23,3.95,
2026-07-13,ETF,创业板ETF易方达期权_.xls,创业板ETF易方达,创业板ETF沽9月2850,90007324,,9月,2850.0,2.85,put,0.0257,0.0256,0.0257,10.0,1.0,65539.0,92686.0,5324.0,13939510.0,0.0175,0.0197,0.0287,0.0165,0.004604,-0.0693,0.1726,0.0022,-0.0007,-0.0006,0.0245,-0.0031609999999999997,145.95,-10.12,
2026-07-13,ETF,创业板ETF易方达期权_.xls,创业板ETF易方达,创业板ETF购9月2900,90007137,,9月,2900.0,2.9,call,0.8503,0.8339,0.8603,1.0,1.0,71.0,1568.0,41.0,616767.0,0.9824,0.9478,0.95,0.8229,1e-06,0.9208,0.1933,0.0025,-0.0011,0.0051,0.9067,0.002934,4.41,4.06,
2026-07-13,ETF,创业板ETF易方达期权_.xls,创业板ETF易方达,创业板ETF沽9月2900,90007138,,9月,2900.0,2.9,put,0.0306,0.0305,0.0313,7.0,5.0,15916.0,84105.0,3343.0,3978147.0,0.021,0.023,0.0343,0.0199,0.004584,-0.0805,0.1943,0.0025,-0.0007,-0.0007,0.0297,-0.002934,122.58,-9.87,
2026-07-13,ETF,创业板ETF易方达期权_.xls,创业板ETF易方达,创业板ETF购9月2950,90007069,,9月,2950.0,2.95,call,0.797,0.7896,0.8164,1.0,1.0,262.0,1754.0,254.0,2257935.0,0.9338,0.883,0.883,0.7862,1e-06,0.9077,0.2168,0.0028,-0.0012,0.0051,0.8632,0.0027149999999999995,4.71,4.27,
2026-07-13,ETF,创业板ETF易方达期权_.xls,创业板ETF易方达,创业板ETF沽9月2950,90007078,,9月,2950.0,2.95,put,0.0374,0.0368,0.0372,21.0,1.0,2234.0,13787.0,306.0,725714.0,0.0254,0.0276,0.0413,0.025,0.004607,-0.0947,0.2181,0.0028,-0.0008,-0.0008,0.0358,-0.0027149999999999995,100.29,-9.49,
2026-07-13,ETF,创业板ETF易方达期权_.xls,创业板ETF易方达,创业板ETF购9月3000,90007070,,9月,3000.0,3.0,call,0.7575,0.7465,0.7731,1.0,1.0,543.0,3246.0,395.0,4350644.0,0.8856,0.8594,0.8594,0.7397,1e-06,0.8932,0.2411,0.0031,-0.0013,0.0051,0.8206,0.002503,4.95,4.42,
2026-07-13,ETF,创业板ETF易方达期权_.xls,创业板ETF易方达,创业板ETF沽9月3000,90007079,,9月,3000.0,3.0,put,0.0435,0.042,0.0439,5.0,1.0,3822.0,11405.0,-306.0,1468185.0,0.0303,0.0296,0.0482,0.0296,0.004575,-0.1078,0.2415,0.0031,-0.0009,-0.0009,0.0427,-0.002503,86.23,-9.3,
2026-07-13,ETF,创业板ETF易方达期权_.xls,创业板ETF易方达,创业板ETF购9月3100,90007071,,9月,3100.0,3.1,call,0.6585,0.6622,0.6875,1.0,1.0,44.0,777.0,21.0,305520.0,0.7907,0.7241,0.755,0.6585,1e-06,0.8605,0.2908,0.0037,-0.0015,0.005,0.7382,0.0021,5.7,4.9,
2026-07-13,ETF,创业板ETF易方达期权_.xls,创业板ETF易方达,创业板ETF沽9月3100,90007080,,9月,3100.0,3.1,put,0.0588,0.0566,0.0595,5.0,5.0,7065.0,8108.0,3064.0,3710067.0,0.0409,0.0397,0.065,0.0396,0.004532,-0.1387,0.2909,0.0037,-0.0011,-0.0012,0.0595,-0.0021,63.79,-8.85,
2026-07-13,ETF,创业板ETF易方达期权_.xls,创业板ETF易方达,创业板ETF购9月3200,90007072,,9月,3200.0,3.2,call,0.5901,0.5826,0.6066,1.0,1.0,16.0,711.0,6.0,100927.0,0.6984,0.6756,0.6756,0.5878,0.002458,0.9432,0.2768,0.0019,-0.0007,0.0059,0.6601,0.001722,6.36,6.0,
2026-07-13,ETF,创业板ETF易方达期权_.xls,创业板ETF易方达,创业板ETF沽9月3200,90007081,,9月,3200.0,3.2,put,0.0771,0.0768,0.0771,1.0,2.0,6328.0,8890.0,2366.0,4418672.0,0.0559,0.0546,0.0864,0.0546,0.004472,-0.1738,0.3421,0.0043,-0.0012,-0.0015,0.0805,-0.001722,48.65,-8.45,
2026-07-13,ETF,创业板ETF易方达期权_.xls,创业板ETF易方达,创业板ETF购9月3300,90007073,,9月,3300.0,3.3,call,0.5198,0.51,0.5303,3.0,3.0,428.0,1952.0,224.0,2302170.0,0.5953,0.5813,0.59,0.5,0.003047,0.8587,0.4383,0.0038,-0.0011,0.0054,0.5867,0.001367,7.22,6.2,
2026-07-13,ETF,创业板ETF易方达期权_.xls,创业板ETF易方达,创业板ETF沽9月3300,90007082,,9月,3300.0,3.3,put,0.1028,0.1014,0.1037,4.0,4.0,6187.0,8911.0,1374.0,5706173.0,0.0755,0.0784,0.113,0.0727,0.004483,-0.2165,0.3901,0.0049,-0.0014,-0.0018,0.1061,-0.001367,36.49,-7.9,
2026-07-13,ETF,创业板ETF易方达期权_.xls,创业板ETF易方达,创业板ETF购9月3400,90007074,,9月,3400.0,3.4,call,0.4476,0.4393,0.4602,1.0,1.0,325.0,1039.0,117.0,1564541.0,0.5143,0.48,0.513,0.4384,0.003188,0.7949,0.5314,0.0048,-0.0014,0.0051,0.5182,0.001032,8.38,6.66,
2026-07-13,ETF,创业板ETF易方达期权_.xls,创业板ETF易方达,创业板ETF沽9月3400,90007083,,9月,3400.0,3.4,put,0.1345,0.1285,0.1351,5.0,5.0,7096.0,8001.0,1693.0,8347990.0,0.1019,0.1088,0.145,0.0966,0.004508,-0.2635,0.4318,0.0055,-0.0016,-0.0022,0.1368,-0.001032,27.89,-7.35,
2026-07-13,ETF,创业板ETF易方达期权_.xls,创业板ETF易方达,创业板ETF购9月3500,90007075,,9月,3500.0,3.5,call,0.3974,0.3773,0.396,5.0,1.0,461.0,2016.0,258.0,1857002.0,0.4474,0.42,0.4528,0.374,0.0035619999999999996,0.716,0.5672,0.0057,-0.0017,0.0046,0.455,0.000717,9.44,6.76,
2026-07-13,ETF,创业板ETF易方达期权_.xls,创业板ETF易方达,创业板ETF沽9月3500,90007084,,9月,3500.0,3.5,put,0.1711,0.1665,0.1724,2.0,5.0,3742.0,5846.0,974.0,5718582.0,0.1303,0.1356,0.184,0.127,0.004524,-0.3128,0.4667,0.0059,-0.0017,-0.0027,0.1726,-0.000717,21.92,-6.86,
2026-07-13,ETF,创业板ETF易方达期权_.xls,创业板ETF易方达,创业板ETF购9月3600,90007076,,9月,3600.0,3.6,call,0.3402,0.3224,0.3389,5.0,5.0,727.0,3349.0,300.0,2514014.0,0.3897,0.3545,0.381,0.3193,0.0036409999999999997,0.6514,0.6056,0.0062,-0.0018,0.0042,0.3971,0.00041900000000000005,11.03,7.18,
2026-07-13,ETF,创业板ETF易方达期权_.xls,创业板ETF易方达,创业板ETF沽9月3600,90007085,,9月,3600.0,3.6,put,0.2114,0.2059,0.2159,5.0,1.0,5975.0,8606.0,205.0,11618390.0,0.1676,0.171,0.2283,0.163,0.0045119999999999995,-0.3635,0.496,0.0063,-0.0018,-0.0031,0.2138,-0.00041900000000000005,17.74,-6.45,
2026-07-13,ETF,创业板ETF易方达期权_.xls,创业板ETF易方达,创业板ETF购9月3700,90007077,,9月,3700.0,3.7,call,0.2781,0.2767,0.286,2.0,26.0,2428.0,5044.0,1396.0,7292838.0,0.3331,0.334,0.334,0.27,0.0035340000000000007,0.5881,0.6564,0.0065,-0.0018,0.0039,0.3445,0.000138,13.49,7.93,
2026-07-13,ETF,创业板ETF易方达期权_.xls,创业板ETF易方达,创业板ETF沽9月3700,90007086,,9月,3700.0,3.7,put,0.2646,0.2599,0.2672,10.0,5.0,5024.0,10799.0,265.0,11865185.0,0.2117,0.22,0.28,0.206,0.004614999999999999,-0.4156,0.5038,0.0065,-0.0018,-0.0036,0.2603,-0.000138,14.18,-5.89,
2026-07-13,ETF,创业板ETF易方达期权_.xls,创业板ETF易方达,创业板ETF购9月3800,90007343,,9月,3800.0,3.8,call,0.2378,0.2378,0.2423,1.0,5.0,3186.0,6093.0,1345.0,8017471.0,0.2811,0.2754,0.2888,0.2283,0.0036609999999999998,0.523,0.6485,0.0067,-0.0019,0.0034,0.2972,-0.000129,15.77,8.25,
2026-07-13,ETF,创业板ETF易方达期权_.xls,创业板ETF易方达,创业板ETF沽9月3800,90007344,,9月,3800.0,3.8,put,0.3186,0.3087,0.3166,1.0,2.0,5027.0,10541.0,644.0,14523113.0,0.2617,0.28,0.3362,0.255,0.004647,-0.4662,0.5099,0.0067,-0.0019,-0.0041,0.3121,0.000129,11.77,-5.49,
2026-07-13,ETF,创业板ETF易方达期权_.xls,创业板ETF易方达,创业板ETF购9月3900,90007351,,9月,3900.0,3.9,call,0.1965,0.1927,0.2026,5.0,5.0,9226.0,21076.0,5742.0,19553816.0,0.2377,0.2248,0.245,0.1897,0.003675,0.4601,0.6439,0.0067,-0.0019,0.0031,0.2549,-0.00038199999999999996,19.09,8.78,
2026-07-13,ETF,创业板ETF易方达期权_.xls,创业板ETF易方达,创业板ETF沽9月3900,90007352,,9月,3900.0,3.9,put,0.3795,0.3776,0.3823,2.0,2.0,6626.0,15275.0,1160.0,23377268.0,0.3188,0.33,0.4,0.31,0.004708,-0.5148,0.5048,0.0067,-0.0019,-0.0046,0.3689,0.00038199999999999996,9.88,-5.09,
2026-07-13,ETF,创业板ETF易方达期权_.xls,创业板ETF易方达,创业板ETF购9月4000,90007367,,9月,4000.0,4.0,call,0.1669,0.1651,0.1709,1.0,5.0,4799.0,8274.0,494.0,8705584.0,0.2009,0.1945,0.2049,0.1614,0.0037790000000000002,0.4042,0.6111,0.0065,-0.0018,0.0027,0.2174,-0.000623,22.47,9.08,
2026-07-13,ETF,创业板ETF易方达期权_.xls,创业板ETF易方达,创业板ETF沽9月4000,90007368,,9月,4000.0,4.0,put,0.447,0.4363,0.4558,1.0,1.0,3158.0,5432.0,106.0,13112948.0,0.3808,0.3862,0.4699,0.3745,0.004797999999999999,-0.5597,0.4901,0.0066,-0.0019,-0.0051,0.4306,0.000623,8.39,-4.7,
2026-07-13,ETF,创业板ETF易方达期权_.xls,创业板ETF易方达,创业板ETF购9月4100,90007387,,9月,4100.0,4.1,call,0.1393,0.1393,0.1431,1.0,5.0,3958.0,10132.0,777.0,6037048.0,0.1707,0.1645,0.1747,0.135,0.003835,0.3518,0.5768,0.0062,-0.0018,0.0024,0.1845,-0.000851,26.93,9.47,
2026-07-13,ETF,创业板ETF易方达期权_.xls,创业板ETF易方达,创业板ETF沽9月4100,90007388,,9月,4100.0,4.1,put,0.5212,0.5086,0.5245,1.0,1.0,1131.0,5489.0,118.0,5554361.0,0.448,0.4689,0.5428,0.4444,0.004928,-0.5997,0.4674,0.0065,-0.0018,-0.0055,0.4968,0.000851,7.2,-4.32,
2026-07-13,ETF,创业板ETF易方达期权_.xls,创业板ETF易方达,创业板ETF购9月4200,90007475,,9月,4200.0,4.2,call,0.115,0.115,0.1197,4.0,5.0,3385.0,10138.0,971.0,4299060.0,0.144,0.132,0.148,0.1126,0.003872,0.3035,0.5381,0.0059,-0.0017,0.002,0.1558,-0.0010689999999999999,32.62,9.9,
2026-07-13,ETF,创业板ETF易方达期权_.xls,创业板ETF易方达,创业板ETF沽9月4200,90007476,,9月,4200.0,4.2,put,0.5927,0.5846,0.5927,1.0,1.0,349.0,2583.0,-109.0,1994346.0,0.52,0.5194,0.6197,0.5139,0.004961,-0.6399,0.4496,0.0063,-0.0018,-0.006,0.5672,0.0010689999999999999,6.33,-4.05,
2026-07-13,ETF,创业板ETF易方达期权_.xls,创业板ETF易方达,创业板ETF购9月4300,90007503,,9月,4300.0,4.3,call,0.0966,0.0964,0.0994,1.0,1.0,4684.0,8125.0,1091.0,5011757.0,0.1216,0.1172,0.1274,0.095,0.003944,0.2626,0.4928,0.0055,-0.0016,0.0018,0.1309,-0.0012770000000000001,38.83,10.2,
2026-07-13,ETF,创业板ETF易方达期权_.xls,创业板ETF易方达,创业板ETF沽9月4300,90007504,,9月,4300.0,4.3,put,0.675,0.6639,0.6876,1.0,1.0,356.0,3458.0,42.0,2301696.0,0.6038,0.6025,0.7013,0.5953,0.005114,-0.6713,0.4214,0.0061,-0.0017,-0.0064,0.6414,0.0012770000000000001,5.56,-3.73,
2026-07-13,ETF,创业板ETF易方达期权_.xls,创业板ETF易方达,创业板ETF购9月4400,90007527,,9月,4400.0,4.4,call,0.0813,0.0804,0.0845,5.0,5.0,3831.0,9715.0,523.0,3496012.0,0.1033,0.1026,0.1073,0.0792,0.0040149999999999995,0.227,0.4475,0.0051,-0.0015,0.0015,0.1095,-0.001475,46.14,10.47,
2026-07-13,ETF,创业板ETF易方达期权_.xls,创业板ETF易方达,创业板ETF沽9月4400,90007528,,9月,4400.0,4.4,put,0.7467,0.7467,0.7719,1.0,2.0,49.0,1874.0,11.0,366407.0,0.6718,0.71,0.7737,0.6806,0.005043,-0.7105,0.4043,0.0057,-0.0016,-0.0068,0.7191,0.001475,5.02,-3.57,
2026-07-13,ETF,创业板ETF易方达期权_.xls,创业板ETF易方达,创业板ETF购9月4500,90007543,,9月,4500.0,4.5,call,0.0688,0.0676,0.0711,5.0,5.0,2530.0,11760.0,462.0,1923242.0,0.0886,0.0842,0.0924,0.0664,0.00409,0.1963,0.4036,0.0046,-0.0014,0.0013,0.0912,-0.001664,54.52,10.7,
2026-07-13,ETF,创业板ETF易方达期权_.xls,创业板ETF易方达,创业板ETF沽9月4500,90007544,,9月,4500.0,4.5,put,0.8451,0.8327,0.8587,1.0,1.0,116.0,903.0,20.0,931155.0,0.7675,0.7675,0.8628,0.7668,0.005396,-0.7246,0.3689,0.0056,-0.0016,-0.0071,0.7998,0.001664,4.44,-3.22,
2026-07-13,ETF,创业板ETF易方达期权_.xls,创业板ETF易方达,创业板ETF购9月4600,90007647,,9月,4600.0,4.6,call,0.0567,0.057,0.0599,5.0,5.0,2406.0,3803.0,740.0,1563694.0,0.0758,0.0743,0.0779,0.0559,0.004122999999999999,0.1672,0.3619,0.0042,-0.0013,0.0011,0.0756,-0.0018460000000000002,66.16,11.06,
2026-07-13,ETF,创业板ETF易方达期权_.xls,创业板ETF易方达,创业板ETF沽9月4600,90007648,,9月,4600.0,4.6,put,0.9467,0.9202,0.9477,1.0,1.0,237.0,458.0,8.0,2183176.0,0.8539,0.8733,0.9478,0.8534,0.005789,-0.7337,0.3382,0.0055,-0.0017,-0.0074,0.8834,0.0018460000000000002,3.96,-2.91,
2026-07-13,ETF,创业板ETF易方达期权_.xls,创业板ETF易方达,创业板ETF购9月4700,90007657,,9月,4700.0,4.7,call,0.0489,0.0489,0.0495,1.0,1.0,4020.0,6562.0,1146.0,2195882.0,0.0644,0.0555,0.0679,0.0472,0.004215,0.1458,0.3236,0.0038,-0.0012,0.001,0.0624,-0.0020190000000000004,76.71,11.18,
2026-07-13,ETF,创业板ETF易方达期权_.xls,创业板ETF易方达,创业板ETF沽9月4700,90007658,,9月,4700.0,4.7,put,1.0361,1.0099,1.0384,1.0,1.0,77.0,154.0,21.0,735625.0,0.937,0.9554,1.0361,0.9502,0.005939,-0.7525,0.3172,0.0053,-0.0017,-0.0077,0.9693,0.0020190000000000004,3.62,-2.72,
2026-07-13,ETF,创业板ETF易方达期权_.xls,创业板ETF易方达,创业板ETF购9月4800,90007673,,9月,4800.0,4.8,call,0.042,0.0421,0.043,1.0,1.0,16158.0,21924.0,670.0,7468636.0,0.0565,0.0516,0.0593,0.0404,0.004294,0.1269,0.2888,0.0035,-0.0011,0.0009,0.0513,-0.0021850000000000003,89.31,11.33,
2026-07-13,ETF,创业板ETF易方达期权_.xls,创业板ETF易方达,创业板ETF沽9月4800,90007674,,9月,4800.0,4.8,put,1.1078,1.1018,1.1286,1.0,1.0,10.0,339.0,3.0,108484.0,1.0336,1.03,1.136,1.03,0.0057079999999999995,-0.789,0.3018,0.0048,-0.0014,-0.0081,1.0573,0.0021850000000000003,3.39,-2.67,
2026-07-13,ETF,创业板ETF易方达期权_.xls,创业板ETF易方达,创业板ETF购12月3200,90007485,,12月,3200.0,3.2,call,0.6463,0.6388,0.6462,10.0,1.0,182.0,1114.0,156.0,1206973.0,0.71,0.6801,0.6816,0.6301,0.002283,0.8937,0.3195,0.0046,-0.0007,0.0122,0.7494,0.001722,5.8,5.19,
2026-07-13,ETF,创业板ETF易方达期权_.xls,创业板ETF易方达,创业板ETF沽12月3200,90007486,,12月,3200.0,3.2,put,0.184,0.1833,0.1878,1.0,1.0,3604.0,11280.0,1022.0,6549045.0,0.1537,0.1566,0.1981,0.1524,0.004614999999999999,-0.2316,0.2627,0.0077,-0.0009,-0.0047,0.1344,-0.001722,20.39,-4.72,
2026-07-13,ETF,创业板ETF易方达期权_.xls,创业板ETF易方达,创业板ETF购12月3300,90007481,,12月,3300.0,3.3,call,0.5817,0.5706,0.5995,1.0,1.0,98.0,732.0,79.0,578620.0,0.6374,0.656,0.656,0.5688,0.0025719999999999996,0.8281,0.3942,0.0064,-0.0008,0.0113,0.6822,0.001367,6.45,5.34,
2026-07-13,ETF,创业板ETF易方达期权_.xls,创业板ETF易方达,创业板ETF沽12月3300,90007482,,12月,3300.0,3.3,put,0.2167,0.2161,0.2264,5.0,1.0,718.0,4275.0,421.0,1533138.0,0.1882,0.193,0.2348,0.1849,0.004591,-0.2624,0.2824,0.0082,-0.001,-0.0054,0.1651,-0.001367,17.31,-4.54,
2026-07-13,ETF,创业板ETF易方达期权_.xls,创业板ETF易方达,创业板ETF购12月3400,90007411,,12月,3400.0,3.4,call,0.5167,0.5122,0.5384,5.0,1.0,39.0,369.0,19.0,205138.0,0.5741,0.5351,0.5693,0.5071,0.0026890000000000004,0.7726,0.4462,0.0076,-0.0009,0.0107,0.619,0.001032,7.26,5.61,
2026-07-13,ETF,创业板ETF易方达期权_.xls,创业板ETF易方达,创业板ETF沽12月3400,90007420,,12月,3400.0,3.4,put,0.2595,0.2544,0.2655,5.0,1.0,300.0,2474.0,134.0,751624.0,0.2227,0.2293,0.2753,0.2267,0.004644,-0.2959,0.2959,0.0087,-0.0011,-0.0062,0.1999,-0.001032,14.45,-4.28,
2026-07-13,ETF,创业板ETF易方达期权_.xls,创业板ETF易方达,创业板ETF购12月3500,90007412,,12月,3500.0,3.5,call,0.4615,0.4585,0.4719,5.0,1.0,489.0,1912.0,268.0,2358821.0,0.52,0.5319,0.532,0.4539,0.002832,0.7144,0.4773,0.0085,-0.001,0.01,0.5599,0.000717,8.13,5.81,
2026-07-13,ETF,创业板ETF易方达期权_.xls,创业板ETF易方达,创业板ETF沽12月3500,90007421,,12月,3500.0,3.5,put,0.3069,0.2972,0.3101,5.0,1.0,330.0,2118.0,142.0,979160.0,0.2628,0.2698,0.3211,0.2651,0.0047020000000000005,-0.3294,0.3061,0.0091,-0.0011,-0.0069,0.2389,-0.000717,12.22,-4.03,
2026-07-13,ETF,创业板ETF易方达期权_.xls,创业板ETF易方达,创业板ETF购12月3600,90007413,,12月,3600.0,3.6,call,0.415,0.4085,0.4294,5.0,5.0,178.0,939.0,94.0,757950.0,0.4634,0.4337,0.4471,0.4071,0.002985,0.6578,0.4894,0.0092,-0.0011,0.0092,0.505,0.00041900000000000005,9.04,5.95,
2026-07-13,ETF,创业板ETF易方达期权_.xls,创业板ETF易方达,创业板ETF沽12月3600,90007422,,12月,3600.0,3.6,put,0.3488,0.3438,0.3584,5.0,1.0,401.0,2328.0,107.0,1363817.0,0.308,0.31,0.366,0.3098,0.00466,-0.3623,0.32,0.0094,-0.0011,-0.0077,0.282,-0.00041900000000000005,10.75,-3.9,
2026-07-13,ETF,创业板ETF易方达期权_.xls,创业板ETF易方达,创业板ETF购12月3700,90007414,,12月,3700.0,3.7,call,0.373,0.3731,0.3815,11.0,5.0,614.0,2215.0,505.0,2282806.0,0.4157,0.392,0.4106,0.3553,0.0031129999999999994,0.6052,0.4919,0.0097,-0.0012,0.0085,0.4542,0.000138,10.06,6.09,
2026-07-13,ETF,创业板ETF易方达期权_.xls,创业板ETF易方达,创业板ETF沽12月3700,90007423,,12月,3700.0,3.7,put,0.4028,0.3945,0.4099,5.0,1.0,1072.0,3024.0,548.0,4311469.0,0.358,0.3688,0.4235,0.352,0.004710000000000001,-0.3954,0.3252,0.0097,-0.0012,-0.0085,0.3291,-0.000138,9.31,-3.68,
2026-07-13,ETF,创业板ETF易方达期权_.xls,创业板ETF易方达,创业板ETF购12月3800,90007415,,12月,3800.0,3.8,call,0.3299,0.3224,0.3389,5.0,5.0,843.0,1590.0,526.0,2883139.0,0.3751,0.366,0.3683,0.32,0.00317,0.5558,0.4957,0.0099,-0.0012,0.0079,0.4073,-0.000129,11.37,6.32,
2026-07-13,ETF,创业板ETF易方达期权_.xls,创业板ETF易方达,创业板ETF沽12月3800,90007424,,12月,3800.0,3.8,put,0.4646,0.4528,0.4647,1.0,1.0,949.0,2104.0,329.0,4306063.0,0.411,0.4253,0.4814,0.4054,0.004803,-0.4272,0.3248,0.0099,-0.0012,-0.0093,0.3803,0.000129,8.07,-3.45,
2026-07-13,ETF,创业板ETF易方达期权_.xls,创业板ETF易方达,创业板ETF购12月3900,90007416,,12月,3900.0,3.9,call,0.2927,0.2855,0.3001,5.0,5.0,1045.0,4315.0,439.0,3169573.0,0.33,0.3326,0.3326,0.2807,0.003235,0.5088,0.4903,0.01,-0.0012,0.0073,0.3643,-0.00038199999999999996,12.82,6.52,
2026-07-13,ETF,创业板ETF易方达期权_.xls,创业板ETF易方达,创业板ETF沽12月3900,90007425,,12月,3900.0,3.9,put,0.5201,0.5105,0.5351,1.0,1.0,495.0,1631.0,80.0,2546037.0,0.4675,0.4721,0.5464,0.4721,0.004799,-0.4591,0.3289,0.01,-0.0012,-0.0101,0.4353,0.00038199999999999996,7.21,-3.31,
2026-07-13,ETF,创业板ETF易方达期权_.xls,创业板ETF易方达,创业板ETF购12月4000,90007417,,12月,4000.0,4.0,call,0.2504,0.2523,0.2652,5.0,5.0,1029.0,2144.0,326.0,2863285.0,0.2945,0.2721,0.2939,0.2492,0.0032040000000000003,0.4611,0.4928,0.01,-0.0012,0.0066,0.325,-0.000623,14.98,6.91,
2026-07-13,ETF,创业板ETF易方达期权_.xls,创业板ETF易方达,创业板ETF沽12月4000,90007426,,12月,4000.0,4.0,put,0.5952,0.5801,0.6008,2.0,1.0,416.0,1230.0,97.0,2381961.0,0.5299,0.5299,0.6088,0.5298,0.004959,-0.4866,0.3198,0.01,-0.0012,-0.0109,0.494,0.000623,6.3,-3.07,
2026-07-13,ETF,创业板ETF易方达期权_.xls,创业板ETF易方达,创业板ETF购12月4100,90007418,,12月,4100.0,4.1,call,0.2241,0.2226,0.234,5.0,5.0,1113.0,2087.0,-149.0,2695297.0,0.2575,0.2534,0.2672,0.2241,0.003292,0.4202,0.4724,0.0098,-0.0012,0.0061,0.2893,-0.000851,16.74,7.03,
2026-07-13,ETF,创业板ETF易方达期权_.xls,创业板ETF易方达,创业板ETF沽12月4100,90007427,,12月,4100.0,4.1,put,0.6781,0.6427,0.6701,1.0,1.0,129.0,921.0,7.0,851669.0,0.5918,0.6139,0.6781,0.6139,0.005169,-0.51,0.3069,0.01,-0.0013,-0.0116,0.5562,0.000851,5.53,-2.82,
2026-07-13,ETF,创业板ETF易方达期权_.xls,创业板ETF易方达,创业板ETF购12月4200,90007419,,12月,4200.0,4.2,call,0.2011,0.1965,0.2022,5.0,10.0,280.0,2001.0,-8.0,586773.0,0.229,0.2294,0.2337,0.195,0.0033750000000000004,0.3832,0.4497,0.0096,-0.0011,0.0056,0.2569,-0.0010689999999999999,18.65,7.15,
2026-07-13,ETF,创业板ETF易方达期权_.xls,创业板ETF易方达,创业板ETF沽12月4200,90007428,,12月,4200.0,4.2,put,0.7375,0.7141,0.7431,1.0,1.0,224.0,835.0,-55.0,1629854.0,0.6612,0.685,0.7519,0.6725,0.005118,-0.5395,0.3085,0.01,-0.0012,-0.0124,0.6218,0.0010689999999999999,5.09,-2.74,
2026-07-13,ETF,创业板ETF易方达期权_.xls,创业板ETF易方达,创业板ETF购12月4300,90007505,,12月,4300.0,4.3,call,0.1759,0.1736,0.1825,5.0,5.0,750.0,2201.0,-131.0,1365180.0,0.2,0.2081,0.2081,0.1711,0.0034020000000000005,0.346,0.4311,0.0093,-0.0011,0.005,0.2276,-0.0012770000000000001,21.32,7.38,
2026-07-13,ETF,创业板ETF易方达期权_.xls,创业板ETF易方达,创业板ETF沽12月4300,90007506,,12月,4300.0,4.3,put,0.8046,0.8055,0.8189,1.0,1.0,41.0,488.0,21.0,326081.0,0.7377,0.757,0.809,0.7539,0.00512,-0.5665,0.3056,0.0099,-0.0012,-0.0132,0.6905,0.0012770000000000001,4.66,-2.64,
2026-07-13,ETF,创业板ETF易方达期权_.xls,创业板ETF易方达,创业板ETF购12月4400,90007529,,12月,4400.0,4.4,call,0.1599,0.153,0.1599,5.0,1.0,1127.0,3254.0,631.0,1905034.0,0.1774,0.177,0.184,0.1528,0.003497,0.3166,0.4048,0.009,-0.0011,0.0046,0.2012,-0.001475,23.46,7.43,
2026-07-13,ETF,创业板ETF易方达期权_.xls,创业板ETF易方达,创业板ETF沽12月4400,90007530,,12月,4400.0,4.4,put,0.9,0.8661,0.8976,1.0,1.0,9.0,472.0,0.0,78605.0,0.8207,0.855,0.9,0.836,0.005386999999999999,-0.5814,0.2884,0.0098,-0.0012,-0.0138,0.7621,0.001475,4.17,-2.42,
2026-07-13,ETF,创业板ETF易方达期权_.xls,创业板ETF易方达,创业板ETF购12月4500,90007545,,12月,4500.0,4.5,call,0.138,0.138,0.142,1.0,5.0,1052.0,5473.0,616.0,1530495.0,0.1598,0.1573,0.1647,0.1348,0.0034979999999999994,0.2833,0.3849,0.0085,-0.001,0.0042,0.1775,-0.001664,27.18,7.7,
2026-07-13,ETF,创业板ETF易方达期权_.xls,创业板ETF易方达,创业板ETF沽12月4500,90007546,,12月,4500.0,4.5,put,0.9866,0.9457,0.9789,1.0,1.0,3.0,3383.0,0.0,28896.0,0.8957,0.962,0.9866,0.941,0.005547,-0.5984,0.2773,0.0097,-0.0012,-0.0145,0.8364,0.001664,3.8,-2.28,
2026-07-13,ETF,创业板ETF易方达期权_.xls,创业板ETF易方达,创业板ETF购12月4600,90007649,,12月,4600.0,4.6,call,0.1223,0.1195,0.1256,5.0,5.0,636.0,1525.0,255.0,819898.0,0.1437,0.1383,0.1461,0.1196,0.003542,0.2561,0.3613,0.0081,-0.001,0.0038,0.1563,-0.0018460000000000002,30.67,7.85,
2026-07-13,ETF,创业板ETF易方达期权_.xls,创业板ETF易方达,创业板ETF沽12月4600,90007650,,12月,4600.0,4.6,put,1.0518,1.0278,1.0622,1.0,1.0,24.0,463.0,21.0,253442.0,0.977,0.9758,1.0757,0.9758,0.005468,-0.6249,0.2759,0.0095,-0.0012,-0.0153,0.9132,0.0018460000000000002,3.57,-2.23,
2026-07-13,ETF,创业板ETF易方达期权_.xls,创业板ETF易方达,创业板ETF购12月4700,90007659,,12月,4700.0,4.7,call,0.1082,0.1091,0.1113,1.0,5.0,353.0,838.0,169.0,407314.0,0.1272,0.1249,0.1308,0.1075,0.0035810000000000004,0.2311,0.3381,0.0077,-0.0009,0.0034,0.1374,-0.0020190000000000004,34.67,8.01,
2026-07-13,ETF,创业板ETF易方达期权_.xls,创业板ETF易方达,创业板ETF沽12月4700,90007660,,12月,4700.0,4.7,put,1.1612,1.1117,1.1476,1.0,1.0,152.0,332.0,152.0,1753458.0,1.0603,1.1145,1.1635,1.1145,0.005836,-0.629,0.2575,0.0095,-0.0013,-0.0158,0.9923,0.0020190000000000004,3.23,-2.03,
2026-07-13,ETF,创业板ETF易方达期权_.xls,创业板ETF易方达,创业板ETF购12月4800,90007675,,12月,4800.0,4.8,call,0.0953,0.0944,0.0953,1.0,3.0,2842.0,3846.0,1425.0,2948501.0,0.1117,0.1114,0.1191,0.0946,0.0036119999999999998,0.2078,0.3154,0.0072,-0.0009,0.0031,0.1206,-0.0021850000000000003,39.36,8.18,
2026-07-13,ETF,创业板ETF易方达期权_.xls,创业板ETF易方达,创业板ETF沽12月4800,90007676,,12月,4800.0,4.8,put,1.2356,1.1975,1.2347,1.0,1.0,919.0,1307.0,867.0,11147152.0,1.1458,1.1558,1.2433,1.1558,0.005821999999999999,-0.6499,0.2531,0.0093,-0.0012,-0.0165,1.0735,0.0021850000000000003,3.04,-1.97,
2026-07-13,ETF,深证100ETF易方达期权_.xls,深证100ETF易方达,深证100ETF购7月3400,90007641,,7月,3400.0,3.4,call,0.401,0.3528,0.3672,1.0,1.0,2.0,16.0,1.0,8287.0,0.4445,0.4277,0.4277,0.401,0.006965,0.8226,0.601,0.0016,-0.006,0.0007,0.3701,0.001038,9.36,7.7,
2026-07-13,ETF,深证100ETF易方达期权_.xls,深证100ETF易方达,深证100ETF沽7月3400,90007642,,7月,3400.0,3.4,put,0.0046,0.0043,0.0045,1.0,10.0,27841.0,8953.0,3404.0,928183.0,0.0025,0.0025,0.0058,0.0018,0.0036840000000000006,-0.0474,0.4319,0.0006,-0.0011,-0.0001,0.0129,-0.001038,815.87,-38.68,
2026-07-13,ETF,深证100ETF易方达期权_.xls,深证100ETF易方达,深证100ETF购7月3500,90007627,,7月,3500.0,3.5,call,0.2718,0.2613,0.2719,1.0,1.0,14.0,48.0,12.0,41256.0,0.3477,0.3329,0.3329,0.2718,0.0037799999999999995,0.8783,0.8604,0.0013,-0.0027,0.0008,0.2848,0.000723,13.81,12.13,
2026-07-13,ETF,深证100ETF易方达期权_.xls,深证100ETF易方达,深证100ETF沽7月3500,90007628,,7月,3500.0,3.5,put,0.0117,0.0109,0.011,1.0,1.0,1781.0,1375.0,123.0,172156.0,0.0055,0.0059,0.013,0.0042,0.0035479999999999995,-0.1077,0.8404,0.0012,-0.002,-0.0001,0.0275,-0.000723,320.77,-34.55,
2026-07-13,ETF,深证100ETF易方达期权_.xls,深证100ETF易方达,深证100ETF购7月3600,90007547,,7月,3600.0,3.6,call,0.1867,0.1783,0.1855,1.0,1.0,130.0,184.0,90.0,263871.0,0.2516,0.2448,0.2451,0.17,0.003546,0.7762,1.3573,0.0019,-0.0036,0.0007,0.2094,0.00042500000000000003,20.1,15.6,
2026-07-13,ETF,深证100ETF易方达期权_.xls,深证100ETF易方达,深证100ETF沽7月3600,90007556,,7月,3600.0,3.6,put,0.0263,0.0259,0.0261,1.0,1.0,1125.0,1604.0,768.0,217837.0,0.0131,0.0134,0.03,0.011,0.0033850000000000004,-0.2139,1.3855,0.0018,-0.003,-0.0002,0.0519,-0.00042500000000000003,142.7,-30.53,
2026-07-13,ETF,深证100ETF易方达期权_.xls,深证100ETF易方达,深证100ETF购7月3700,90007548,,7月,3700.0,3.7,call,0.1104,0.1092,0.1136,1.0,2.0,444.0,440.0,311.0,569603.0,0.1719,0.1623,0.1689,0.1028,0.0031829999999999996,0.6254,1.9169,0.0024,-0.004,0.0006,0.1464,0.000143,33.99,21.26,
2026-07-13,ETF,深证100ETF易方达期权_.xls,深证100ETF易方达,深证100ETF沽7月3700,90007557,,7月,3700.0,3.7,put,0.0562,0.0545,0.0566,1.0,1.0,3155.0,2517.0,499.0,1239603.0,0.03,0.03,0.0642,0.0223,0.003326,-0.3789,1.8414,0.0024,-0.0037,-0.0004,0.0888,-0.000143,66.78,-25.3,
2026-07-13,ETF,深证100ETF易方达期权_.xls,深证100ETF易方达,深证100ETF购7月3800,90007549,,7月,3800.0,3.8,call,0.0605,0.0605,0.0627,1.0,1.0,2974.0,1872.0,1234.0,2283889.0,0.104,0.0986,0.109,0.0546,0.003206,0.4267,1.9695,0.0024,-0.0041,0.0004,0.0969,-0.000124,62.03,26.47,
2026-07-13,ETF,深证100ETF易方达期权_.xls,深证100ETF易方达,深证100ETF沽7月3800,90007558,,7月,3800.0,3.8,put,0.1035,0.1022,0.1077,1.0,1.0,3651.0,2927.0,369.0,2767522.0,0.0611,0.0639,0.1167,0.0525,0.0032340000000000003,-0.5725,1.9531,0.0024,-0.0037,-0.0006,0.1392,0.000124,36.26,-20.76,
2026-07-13,ETF,深证100ETF易方达期权_.xls,深证100ETF易方达,深证100ETF购7月3900,90007550,,7月,3900.0,3.9,call,0.0308,0.0307,0.032,1.0,1.0,3824.0,2775.0,1459.0,1565399.0,0.0564,0.0512,0.061,0.0278,0.0032990000000000003,0.2567,1.5721,0.002,-0.0034,0.0003,0.0606,-0.00037699999999999995,121.85,31.27,
2026-07-13,ETF,深证100ETF易方达期权_.xls,深证100ETF易方达,深证100ETF沽7月3900,90007559,,7月,3900.0,3.9,put,0.1722,0.1721,0.1723,1.0,1.0,2096.0,2041.0,-538.0,2787513.0,0.1135,0.1183,0.1868,0.1019,0.003259,-0.7461,1.5823,0.002,-0.0029,-0.0008,0.2028,0.00037699999999999995,21.79,-16.26,
2026-07-13,ETF,深证100ETF易方达期权_.xls,深证100ETF易方达,深证100ETF购7月4000,90007551,,7月,4000.0,4.0,call,0.0165,0.0157,0.0166,1.0,4.0,1504.0,5060.0,725.0,299335.0,0.0269,0.025,0.0293,0.015,0.003532,0.1492,1.0588,0.0014,-0.0026,0.0001,0.0358,-0.0006169999999999999,227.45,33.93,
2026-07-13,ETF,深证100ETF易方达期权_.xls,深证100ETF易方达,深证100ETF沽7月4000,90007560,,7月,4000.0,4.0,put,0.2456,0.2549,0.2653,1.0,1.0,571.0,2473.0,170.0,1296796.0,0.1854,0.1933,0.2716,0.1769,0.0023620000000000004,-0.9429,0.7814,0.0007,-0.0004,-0.001,0.2779,0.0006169999999999999,15.28,-14.41,
2026-07-13,ETF,深证100ETF易方达期权_.xls,深证100ETF易方达,深证100ETF购7月4100,90007552,,7月,4100.0,4.1,call,0.0085,0.0079,0.0084,1.0,1.0,1844.0,5452.0,458.0,181574.0,0.0132,0.0112,0.0146,0.0077,0.0037159999999999997,0.0827,0.6605,0.0009,-0.0018,0.0001,0.0199,-0.0008460000000000001,441.53,36.53,
2026-07-13,ETF,深证100ETF易方达期权_.xls,深证100ETF易方达,深证100ETF沽7月4100,90007561,,7月,4100.0,4.1,put,0.3365,0.3451,0.3592,1.0,1.0,181.0,1271.0,31.0,528974.0,0.2702,0.2822,0.3616,0.2601,1e-06,-0.8609,0.7606,0.0014,-0.0028,-0.001,0.3619,0.0008460000000000001,11.15,-9.6,
2026-07-13,ETF,深证100ETF易方达期权_.xls,深证100ETF易方达,深证100ETF购7月4200,90007553,,7月,4200.0,4.2,call,0.0045,0.0041,0.0047,1.0,1.0,1393.0,5374.0,131.0,71084.0,0.0069,0.0057,0.0074,0.0042,0.003914,0.046,0.3965,0.0006,-0.0012,0.0,0.0105,-0.001064,834.0,38.33,
2026-07-13,ETF,深证100ETF易方达期权_.xls,深证100ETF易方达,深证100ETF沽7月4200,90007562,,7月,4200.0,4.2,put,0.4445,0.4393,0.4572,1.0,1.0,15.0,850.0,-1.0,58414.0,0.3662,0.3789,0.4445,0.3641,0.003563,-0.9684,0.3211,0.0004,-0.0003,-0.0011,0.4523,0.001064,8.44,-8.18,
2026-07-13,ETF,深证100ETF易方达期权_.xls,深证100ETF易方达,深证100ETF购7月4300,90007554,,7月,4300.0,4.3,call,0.0022,0.0019,0.0022,3.0,44.0,2089.0,4107.0,1252.0,59047.0,0.0036,0.0025,0.0039,0.0022,0.004045,0.0239,0.2236,0.0003,-0.0007,0.0,0.0052,-0.0012720000000000001,1705.91,40.69,
2026-07-13,ETF,深证100ETF易方达期权_.xls,深证100ETF易方达,深证100ETF沽7月4300,90007563,,7月,4300.0,4.3,put,0.5227,0.5354,0.5573,1.0,1.0,9.0,137.0,2.0,43008.0,0.4598,0.4781,0.5227,0.4643,1e-06,-0.9552,0.3239,0.0006,-0.0009,-0.0011,0.5469,0.0012720000000000001,7.18,-6.86,
2026-07-13,ETF,深证100ETF易方达期权_.xls,深证100ETF易方达,深证100ETF购7月4400,90007555,,7月,4400.0,4.4,call,0.0015,0.001,0.0018,1.0,1.0,284.0,1781.0,49.0,4997.0,0.0021,0.0022,0.0022,0.0015,0.004366,0.0159,0.1465,0.0002,-0.0005,0.0,0.0024,-0.00147,2502.0,39.68,
2026-07-13,ETF,深证100ETF易方达期权_.xls,深证100ETF易方达,深证100ETF沽7月4400,90007564,,7月,4400.0,4.4,put,0.5706,0.6317,0.6575,1.0,1.0,4.0,67.0,1.0,22822.0,0.5582,0.5799,0.5799,0.5652,1e-06,-0.9769,0.1875,0.0003,-0.0003,-0.0012,0.644,0.00147,6.58,-6.43,
2026-07-13,ETF,深证100ETF易方达期权_.xls,深证100ETF易方达,深证100ETF购7月4500,90007619,,7月,4500.0,4.5,call,0.0011,0.0008,0.0013,1.0,1.0,814.0,2448.0,-27.0,8475.0,0.0014,0.0009,0.0013,0.0009,0.00469,0.0112,0.1009,0.0002,-0.0004,0.0,0.0011,-0.00166,3411.82,38.2,
2026-07-13,ETF,深证100ETF易方达期权_.xls,深证100ETF易方达,深证100ETF沽7月4500,90007620,,7月,4500.0,4.5,put,0.6726,0.7295,0.7593,1.0,1.0,2.0,41.0,1.0,13451.0,0.658,0.6717,0.6734,0.6717,1e-06,-0.9888,0.1009,0.0002,0.0001,-0.0012,0.7425,0.00166,5.58,-5.52,
2026-07-13,ETF,深证100ETF易方达期权_.xls,深证100ETF易方达,深证100ETF购7月4600,90007663,,7月,4600.0,4.6,call,0.0006,0.0005,0.0008,11.0,9.0,1933.0,2406.0,160.0,13360.0,0.0005,0.0005,0.0008,0.0005,0.004824999999999999,0.0063,0.0596,0.0001,-0.0003,0.0,0.0005,-0.0018410000000000002,6255.0,39.65,
2026-07-13,ETF,深证100ETF易方达期权_.xls,深证100ETF易方达,深证100ETF沽7月4600,90007664,,7月,4600.0,4.6,put,0.7769,0.8395,0.8607,1.0,1.0,2.0,22.0,2.0,15538.0,0.7618,0.7755,0.7783,0.7755,1e-06,-0.9949,0.0508,0.0001,0.0003,-0.0013,0.8418,0.0018410000000000002,4.83,-4.81,
2026-07-13,ETF,深证100ETF易方达期权_.xls,深证100ETF易方达,深证100ETF购8月3400,90007779,,8月,3400.0,3.4,call,0.3798,0.377,0.3924,1.0,1.0,8.0,8.0,7.0,31984.0,0.4621,0.4298,0.4298,0.3798,0.0020250000000000003,0.9336,0.4833,0.0017,-0.0008,0.0039,0.4344,0.001038,9.88,9.23,
2026-07-13,ETF,深证100ETF易方达期权_.xls,深证100ETF易方达,深证100ETF沽8月3400,90007780,,8月,3400.0,3.4,put,0.0491,0.049,0.0515,1.0,2.0,775.0,538.0,278.0,285338.0,0.0295,0.0307,0.0521,0.0262,0.003527,-0.1829,0.5703,0.0035,-0.0013,-0.0009,0.0626,-0.001038,76.44,-13.98,
2026-07-13,ETF,深证100ETF易方达期权_.xls,深证100ETF易方达,深证100ETF购8月3500,90007771,,8月,3500.0,3.5,call,0.3231,0.3023,0.3146,1.0,1.0,2.0,3.0,2.0,6743.0,0.3639,0.3512,0.3512,0.3231,0.002943,0.7825,0.7584,0.0039,-0.0016,0.0032,0.3627,0.000723,11.62,9.09,
2026-07-13,ETF,深证100ETF易方达期权_.xls,深证100ETF易方达,深证100ETF沽8月3500,90007772,,8月,3500.0,3.5,put,0.0736,0.0724,0.0763,1.0,1.0,134.0,630.0,56.0,88942.0,0.0462,0.0486,0.0787,0.0434,0.003508,-0.2504,0.688,0.0042,-0.0015,-0.0012,0.0903,-0.000723,50.99,-12.77,
2026-07-13,ETF,深证100ETF易方达期权_.xls,深证100ETF易方达,深证100ETF购8月3600,90007755,,8月,3600.0,3.6,call,0.2795,0.2374,0.247,1.0,1.0,1.0,17.0,1.0,2795.0,0.2891,0.2795,0.2795,0.2795,0.003507,0.6717,0.782,0.0048,-0.0021,0.0028,0.2983,0.00042500000000000003,13.43,9.02,
2026-07-13,ETF,深证100ETF易方达期权_.xls,深证100ETF易方达,深证100ETF沽8月3600,90007756,,8月,3600.0,3.6,put,0.1014,0.106,0.1087,1.0,1.0,96.0,971.0,-22.0,91043.0,0.0719,0.0742,0.113,0.0676,0.003398,-0.3246,0.8033,0.0047,-0.0016,-0.0016,0.1254,-0.00042500000000000003,37.01,-12.01,
2026-07-13,ETF,深证100ETF易方达期权_.xls,深证100ETF易方达,深证100ETF购8月3700,90007679,,8月,3700.0,3.7,call,0.1784,0.1818,0.1892,1.0,1.0,42.0,117.0,39.0,89142.0,0.2244,0.217,0.2171,0.1769,0.002663,0.6019,1.0996,0.0051,-0.0018,0.0026,0.2417,0.000143,21.04,12.66,
2026-07-13,ETF,深证100ETF易方达期权_.xls,深证100ETF易方达,深证100ETF沽8月3700,90007688,,8月,3700.0,3.7,put,0.1584,0.1478,0.1538,1.0,1.0,395.0,932.0,75.0,506449.0,0.1061,0.1102,0.1584,0.0985,0.0037079999999999995,-0.4141,0.7974,0.0051,-0.0019,-0.0021,0.1682,-0.000143,23.69,-9.81,
2026-07-13,ETF,深证100ETF易方达期权_.xls,深证100ETF易方达,深证100ETF购8月3800,90007680,,8月,3800.0,3.8,call,0.136,0.1366,0.1422,1.0,1.0,138.0,199.0,78.0,198998.0,0.1701,0.1627,0.1731,0.1348,0.0028190000000000003,0.4919,1.0739,0.0053,-0.0019,0.0021,0.1928,-0.000124,27.6,13.58,
2026-07-13,ETF,深证100ETF易方达期权_.xls,深证100ETF易方达,深证100ETF沽8月3800,90007689,,8月,3800.0,3.8,put,0.2096,0.2096,0.2105,91.0,1.0,205.0,994.0,53.0,360528.0,0.1528,0.1563,0.2133,0.1496,0.003725,-0.495,0.8128,0.0053,-0.0019,-0.0025,0.2188,0.000124,17.91,-8.86,
2026-07-13,ETF,深证100ETF易方达期权_.xls,深证100ETF易方达,深证100ETF购8月3900,90007681,,8月,3900.0,3.9,call,0.0972,0.1013,0.1055,1.0,1.0,190.0,313.0,126.0,226215.0,0.1283,0.1205,0.1263,0.0972,0.0028399999999999996,0.3898,1.0249,0.0051,-0.0018,0.0017,0.1515,-0.00037699999999999995,38.61,15.05,
2026-07-13,ETF,深证100ETF易方达期权_.xls,深证100ETF易方达,深证100ETF沽8月3900,90007690,,8月,3900.0,3.9,put,0.261,0.2626,0.2734,1.0,1.0,82.0,347.0,27.0,187242.0,0.2049,0.2142,0.27,0.198,0.0035909999999999996,-0.5783,0.8267,0.0052,-0.0018,-0.003,0.277,0.00037699999999999995,14.38,-8.32,
2026-07-13,ETF,深证100ETF易方达期权_.xls,深证100ETF易方达,深证100ETF购8月4000,90007682,,8月,4000.0,4.0,call,0.079,0.0745,0.0775,1.0,1.0,264.0,456.0,89.0,224735.0,0.0913,0.0881,0.0968,0.0713,0.003106,0.3159,0.8691,0.0047,-0.0018,0.0014,0.1173,-0.0006169999999999999,47.51,15.01,
2026-07-13,ETF,深证100ETF易方达期权_.xls,深证100ETF易方达,深证100ETF沽8月4000,90007691,,8月,4000.0,4.0,put,0.3268,0.3331,0.3467,1.0,1.0,23.0,150.0,8.0,64539.0,0.2736,0.2811,0.3268,0.275,0.0035859999999999998,-0.6551,0.7796,0.0049,-0.0016,-0.0034,0.3422,0.0006169999999999999,11.48,-7.52,
2026-07-13,ETF,深证100ETF易方达期权_.xls,深证100ETF易方达,深证100ETF购8月4100,90007683,,8月,4100.0,4.1,call,0.0529,0.0546,0.0568,2.0,1.0,150.0,454.0,15.0,96868.0,0.068,0.0639,0.0679,0.0529,0.0030559999999999997,0.2361,0.7652,0.0041,-0.0015,0.001,0.0895,-0.0008460000000000001,70.95,16.75,
2026-07-13,ETF,深证100ETF易方达期权_.xls,深证100ETF易方达,深证100ETF沽8月4100,90007692,,8月,4100.0,4.1,put,0.348,0.4114,0.4282,1.0,1.0,21.0,117.0,1.0,73182.0,0.3479,0.3592,0.3592,0.3479,0.0022579999999999996,-0.8427,0.8085,0.0032,-0.0004,-0.0043,0.4138,0.0008460000000000001,10.78,-9.09,
2026-07-13,ETF,深证100ETF易方达期权_.xls,深证100ETF易方达,深证100ETF购8月4200,90007684,,8月,4200.0,4.2,call,0.0439,0.0401,0.0417,2.0,1.0,135.0,718.0,87.0,61404.0,0.0491,0.0463,0.0475,0.0415,0.003295,0.193,0.631,0.0036,-0.0014,0.0008,0.0673,-0.001064,85.49,16.5,
2026-07-13,ETF,深证100ETF易方达期权_.xls,深证100ETF易方达,深证100ETF沽8月4200,90007693,,8月,4200.0,4.2,put,0.4277,0.4946,0.5148,1.0,1.0,5.0,102.0,1.0,21540.0,0.429,0.4434,0.4434,0.4276,0.0017430000000000002,-0.957,0.3975,0.0012,0.0003,-0.005,0.491,0.001064,8.77,-8.4,
2026-07-13,ETF,深证100ETF易方达期权_.xls,深证100ETF易方达,深证100ETF购8月4300,90007685,,8月,4300.0,4.3,call,0.0298,0.0299,0.0308,2.0,1.0,37.0,291.0,6.0,11397.0,0.0359,0.0335,0.0347,0.0288,0.003287,0.1416,0.5178,0.003,-0.0011,0.0006,0.0499,-0.0012720000000000001,125.94,17.83,
2026-07-13,ETF,深证100ETF易方达期权_.xls,深证100ETF易方达,深证100ETF沽8月4300,90007694,,8月,4300.0,4.3,put,0.5339,0.5823,0.6061,1.0,1.0,1.0,77.0,1.0,5339.0,0.5151,0.5339,0.5339,0.5339,0.002504,-0.9251,0.4284,0.0019,-0.0,-0.0049,0.5731,0.0012720000000000001,7.03,-6.5,
2026-07-13,ETF,深证100ETF易方达期权_.xls,深证100ETF易方达,深证100ETF购8月4400,90007686,,8月,4400.0,4.4,call,0.0252,0.0225,0.023,1.0,2.0,23.0,146.0,9.0,5480.0,0.0259,0.0243,0.0253,0.0206,0.0034999999999999996,0.1175,0.4273,0.0026,-0.0011,0.0005,0.0365,-0.00147,148.93,17.5,
2026-07-13,ETF,深证100ETF易方达期权_.xls,深证100ETF易方达,深证100ETF沽8月4400,90007695,,8月,4400.0,4.4,put,,0.6724,0.6999,1.0,1.0,0.0,49.0,0.0,0.0,0.6052,,,,0.0047020000000000005,-0.8015,0.4497,0.0037,-0.0015,-0.0046,0.6591,0.00147,,,
2026-07-13,ETF,深证100ETF易方达期权_.xls,深证100ETF易方达,深证100ETF购8月4500,90007687,,8月,4500.0,4.5,call,0.0171,0.0165,0.0175,2.0,1.0,73.0,432.0,47.0,12044.0,0.0191,0.0175,0.0191,0.0151,0.0034960000000000004,0.085,0.3378,0.0021,-0.0008,0.0004,0.0263,-0.00166,219.47,18.66,
2026-07-13,ETF,深证100ETF易方达期权_.xls,深证100ETF易方达,深证100ETF沽8月4500,90007696,,8月,4500.0,4.5,put,,0.7636,0.7947,1.0,1.0,0.0,43.0,0.0,0.0,0.6982,,,,0.004928,-0.824,0.3985,0.0034,-0.0014,-0.0048,0.7484,0.00166,,,
2026-07-13,ETF,深证100ETF易方达期权_.xls,深证100ETF易方达,深证100ETF购8月4600,90007751,,8月,4600.0,4.6,call,0.0129,0.0125,0.013,1.0,1.0,132.0,474.0,63.0,17690.0,0.0139,0.0127,0.0147,0.0109,0.0035850000000000005,0.0655,0.2702,0.0017,-0.0007,0.0003,0.0188,-0.0018410000000000002,290.93,19.07,
2026-07-13,ETF,深证100ETF易方达期权_.xls,深证100ETF易方达,深证100ETF沽8月4600,90007752,,8月,4600.0,4.6,put,,0.8583,0.8934,1.0,1.0,0.0,7.0,0.0,0.0,0.7935,,,,0.005228,-0.8381,0.3559,0.0032,-0.0014,-0.005,0.8403,0.0018410000000000002,,,
2026-07-13,ETF,深证100ETF易方达期权_.xls,深证100ETF易方达,深证100ETF购9月3000,90007129,,9月,3000.0,3.0,call,0.781,0.7041,0.7507,1.0,1.0,1.0,195.0,1.0,7810.0,0.8598,0.781,0.781,0.781,0.002236,0.9913,0.0627,0.0004,-0.0004,0.0059,0.7954,0.00251,4.81,4.76,
2026-07-13,ETF,深证100ETF易方达期权_.xls,深证100ETF易方达,深证100ETF沽9月3000,90007130,,9月,3000.0,3.0,put,0.0105,0.0099,0.0105,1.0,10.0,25985.0,6612.0,2955.0,2612951.0,0.0078,0.0083,0.0143,0.0074,0.0032069999999999998,-0.045,0.176,0.0016,-0.0003,-0.0004,0.0155,-0.00251,357.43,-16.07,
2026-07-13,ETF,深证100ETF易方达期权_.xls,深证100ETF易方达,深证100ETF购9月3100,90007051,,9月,3100.0,3.1,call,0.7123,0.6138,0.6505,1.0,1.0,1.0,30.0,1.0,7123.0,0.7612,0.7123,0.7123,0.7123,0.003724,0.9006,0.2795,0.0029,-0.0011,0.0053,0.7058,0.002106,5.27,4.75,
2026-07-13,ETF,深证100ETF易方达期权_.xls,深证100ETF易方达,深证100ETF沽9月3100,90007060,,9月,3100.0,3.1,put,0.0187,0.0173,0.0189,1.0,1.0,57.0,440.0,55.0,9630.0,0.0137,0.0146,0.0188,0.0143,0.0032380000000000004,-0.0729,0.2548,0.0023,-0.0005,-0.0006,0.025,-0.002106,200.7,-14.62,
2026-07-13,ETF,深证100ETF易方达期权_.xls,深证100ETF易方达,深证100ETF购9月3200,90007052,,9月,3200.0,3.2,call,0.54,0.5299,0.5664,1.0,1.0,25.0,298.0,-16.0,136907.0,0.6637,0.6297,0.6297,0.5399,1e-06,0.8764,0.3487,0.0034,-0.0011,0.0053,0.6201,0.0017280000000000002,6.95,6.09,
2026-07-13,ETF,深证100ETF易方达期权_.xls,深证100ETF易方达,深证100ETF沽9月3200,90007061,,9月,3200.0,3.2,put,0.0331,0.031,0.032,1.0,1.0,58.0,858.0,52.0,18711.0,0.0235,0.0241,0.0331,0.0239,0.0033299999999999996,-0.114,0.3452,0.0032,-0.0007,-0.0009,0.0384,-0.0017280000000000002,113.38,-12.93,
2026-07-13,ETF,深证100ETF易方达期权_.xls,深证100ETF易方达,深证100ETF购9月3300,90007053,,9月,3300.0,3.3,call,0.4914,0.4528,0.4785,1.0,1.0,2.0,159.0,0.0,10418.0,0.5682,0.5504,0.5504,0.4914,0.002023,0.9414,0.3444,0.002,-0.0006,0.0061,0.5392,0.001373,7.64,7.19,
2026-07-13,ETF,深证100ETF易方达期权_.xls,深证100ETF易方达,深证100ETF沽9月3300,90007062,,9月,3300.0,3.3,put,0.0377,0.0481,0.0514,1.0,1.0,16.0,330.0,16.0,5686.0,0.0386,0.0386,0.0386,0.0345,0.003013,-0.1381,0.4361,0.0037,-0.0007,-0.0011,0.0567,-0.001373,99.55,-13.75,
2026-07-13,ETF,深证100ETF易方达期权_.xls,深证100ETF易方达,深证100ETF购9月3400,90007054,,9月,3400.0,3.4,call,0.4753,0.3816,0.4045,1.0,2.0,1.0,136.0,1.0,4753.0,0.4763,0.4753,0.4753,0.4753,0.003715,0.7678,0.4895,0.0051,-0.0016,0.0048,0.4639,0.001038,7.9,6.06,
2026-07-13,ETF,深证100ETF易方达期权_.xls,深证100ETF易方达,深证100ETF沽9月3400,90007063,,9月,3400.0,3.4,put,0.055,0.073,0.078,1.0,1.0,10.0,467.0,10.0,5534.0,0.0583,0.0583,0.0583,0.055,0.002958,-0.1892,0.5452,0.0045,-0.0008,-0.0015,0.0804,-0.001038,68.24,-12.91,
2026-07-13,ETF,深证100ETF易方达期权_.xls,深证100ETF易方达,深证100ETF购9月3500,90007055,,9月,3500.0,3.5,call,0.3363,0.318,0.3399,1.0,1.0,37.0,120.0,32.0,139817.0,0.3891,0.3891,0.4017,0.3363,0.002395,0.785,0.7268,0.0049,-0.0011,0.0052,0.3947,0.000723,11.16,8.76,
2026-07-13,ETF,深证100ETF易方达期权_.xls,深证100ETF易方达,深证100ETF沽9月3500,90007064,,9月,3500.0,3.5,put,0.107,0.1054,0.1126,1.0,1.0,8.0,471.0,1.0,7162.0,0.0847,0.0839,0.107,0.0839,0.00343,-0.2775,0.5821,0.0056,-0.0012,-0.0023,0.1104,-0.000723,35.07,-9.73,
2026-07-13,ETF,深证100ETF易方达期权_.xls,深证100ETF易方达,深证100ETF购9月3600,90007056,,9月,3600.0,3.6,call,0.2748,0.2666,0.2806,1.0,1.0,19.0,268.0,19.0,55804.0,0.3291,0.3199,0.3337,0.2748,0.0025440000000000003,0.6921,0.8239,0.0059,-0.0013,0.0046,0.3322,0.00042500000000000003,13.66,9.45,
2026-07-13,ETF,深证100ETF易方达期权_.xls,深证100ETF易方达,深证100ETF沽9月3600,90007065,,9月,3600.0,3.6,put,0.1525,0.1465,0.1566,1.0,1.0,4.0,525.0,2.0,5385.0,0.1196,0.1196,0.1525,0.1179,0.00358,-0.346,0.6137,0.0062,-0.0013,-0.0029,0.1469,-0.00042500000000000003,24.61,-8.51,
2026-07-13,ETF,深证100ETF易方达期权_.xls,深证100ETF易方达,深证100ETF购9月3700,90007057,,9月,3700.0,3.7,call,0.2295,0.2151,0.2299,1.0,1.0,13.0,263.0,-8.0,30464.0,0.2672,0.2619,0.2619,0.2263,0.00277,0.5985,0.8319,0.0065,-0.0015,0.004,0.2764,0.000143,16.35,9.79,
2026-07-13,ETF,深证100ETF易方达期权_.xls,深证100ETF易方达,深证100ETF沽9月3700,90007066,,9月,3700.0,3.7,put,0.1928,0.1946,0.208,1.0,1.0,27.0,296.0,2.0,50857.0,0.1613,0.1613,0.1955,0.1597,0.003529,-0.4106,0.6565,0.0065,-0.0014,-0.0035,0.1902,-0.000143,19.47,-7.99,
2026-07-13,ETF,深证100ETF易方达期权_.xls,深证100ETF易方达,深证100ETF购9月3800,90007058,,9月,3800.0,3.8,call,0.1819,0.1747,0.1867,1.0,1.0,35.0,341.0,12.0,69477.0,0.2181,0.2124,0.2124,0.18,0.002809,0.5141,0.8455,0.0067,-0.0015,0.0035,0.2274,-0.000124,20.63,10.61,
2026-07-13,ETF,深证100ETF易方达期权_.xls,深证100ETF易方达,深证100ETF沽9月3800,90007067,,9月,3800.0,3.8,put,0.25,0.2519,0.2681,1.0,1.0,3.0,217.0,3.0,7065.0,0.2138,0.2138,0.25,0.2138,0.0036340000000000005,-0.4761,0.6529,0.0067,-0.0014,-0.0041,0.2404,0.000124,15.01,-7.15,
2026-07-13,ETF,深证100ETF易方达期权_.xls,深证100ETF易方达,深证100ETF购9月3900,90007059,,9月,3900.0,3.9,call,0.15,0.1412,0.1509,1.0,1.0,19.0,622.0,13.0,31269.0,0.1765,0.171,0.171,0.15,0.0029609999999999997,0.438,0.793,0.0066,-0.0015,0.003,0.1851,-0.00037699999999999995,25.02,10.96,
2026-07-13,ETF,深证100ETF易方达期权_.xls,深证100ETF易方达,深证100ETF沽9月3900,90007068,,9月,3900.0,3.9,put,0.3147,0.3133,0.3349,1.0,1.0,44.0,192.0,41.0,116857.0,0.2716,0.2717,0.3147,0.2633,0.003754,-0.5364,0.6306,0.0067,-0.0014,-0.0047,0.2971,0.00037699999999999995,11.93,-6.4,
2026-07-13,ETF,深证100ETF易方达期权_.xls,深证100ETF易方达,深证100ETF购9月4000,90007337,,9月,4000.0,4.0,call,0.1155,0.1136,0.1214,1.0,1.0,68.0,333.0,34.0,85940.0,0.1418,0.1366,0.1366,0.1155,0.0029649999999999998,0.3645,0.755,0.0063,-0.0014,0.0025,0.149,-0.0006169999999999999,32.49,11.84,
2026-07-13,ETF,深证100ETF易方达期权_.xls,深证100ETF易方达,深证100ETF沽9月4000,90007338,,9月,4000.0,4.0,put,0.3839,0.3817,0.4031,1.0,1.0,43.0,350.0,-27.0,141820.0,0.336,0.336,0.3839,0.3247,0.003856,-0.5914,0.6002,0.0065,-0.0014,-0.0052,0.3602,0.0006169999999999999,9.78,-5.78,
2026-07-13,ETF,深证100ETF易方达期权_.xls,深证100ETF易方达,深证100ETF购9月4100,90007359,,9月,4100.0,4.1,call,0.0916,0.0911,0.0974,1.0,1.0,135.0,536.0,22.0,127904.0,0.1135,0.1088,0.1088,0.0881,0.003037,0.3026,0.6847,0.0059,-0.0013,0.0021,0.1187,-0.0008460000000000001,40.97,12.4,
2026-07-13,ETF,深证100ETF易方达期权_.xls,深证100ETF易方达,深证100ETF沽9月4100,90007360,,9月,4100.0,4.1,put,0.4702,0.465,0.4868,1.0,1.0,4.0,366.0,0.0,17577.0,0.4073,0.4073,0.4702,0.4073,0.004152,-0.6311,0.5412,0.0063,-0.0015,-0.0057,0.429,0.0008460000000000001,7.98,-5.04,
2026-07-13,ETF,深证100ETF易方达期权_.xls,深证100ETF易方达,深证100ETF购9月4200,90007379,,9月,4200.0,4.2,call,0.0781,0.0725,0.0775,1.0,1.0,16.0,463.0,10.0,12727.0,0.09,0.0862,0.0901,0.0779,0.00321,0.2581,0.5997,0.0054,-0.0013,0.0018,0.0936,-0.001064,48.05,12.4,
2026-07-13,ETF,深证100ETF易方达期权_.xls,深证100ETF易方达,深证100ETF沽9月4200,90007380,,9月,4200.0,4.2,put,,0.5331,0.5699,1.0,1.0,0.0,149.0,0.0,0.0,0.4828,,,,0.004315,-0.67,0.5,0.0061,-0.0014,-0.0061,0.503,0.001064,,,
2026-07-13,ETF,深证100ETF易方达期权_.xls,深证100ETF易方达,深证100ETF购9月4300,90007469,,9月,4300.0,4.3,call,0.0625,0.0586,0.0626,1.0,1.0,32.0,278.0,13.0,20737.0,0.0718,0.0717,0.0717,0.0598,0.003279,0.2138,0.5293,0.0049,-0.0012,0.0015,0.0731,-0.0012720000000000001,60.05,12.84,
2026-07-13,ETF,深证100ETF易方达期权_.xls,深证100ETF易方达,深证100ETF沽9月4300,90007470,,9月,4300.0,4.3,put,,0.6145,0.6564,1.0,1.0,0.0,141.0,0.0,0.0,0.5636,,,,0.004472,-0.7038,0.4606,0.0058,-0.0014,-0.0066,0.5815,0.0012720000000000001,,,
2026-07-13,ETF,深证100ETF易方达期权_.xls,深证100ETF易方达,深证100ETF购9月4400,90007495,,9月,4400.0,4.4,call,0.0478,0.0467,0.0499,1.0,1.0,29.0,182.0,24.0,14289.0,0.0568,0.0566,0.0566,0.0478,0.003293,0.1723,0.4617,0.0043,-0.001,0.0012,0.0565,-0.00147,78.51,13.53,
2026-07-13,ETF,深证100ETF易方达期权_.xls,深证100ETF易方达,深证100ETF沽9月4400,90007496,,9月,4400.0,4.4,put,,0.6988,0.7451,1.0,1.0,0.0,44.0,0.0,0.0,0.6474,,,,0.0046289999999999994,-0.7328,0.4233,0.0055,-0.0013,-0.0069,0.6641,0.00147,,,
2026-07-13,ETF,深证100ETF易方达期权_.xls,深证100ETF易方达,深证100ETF购9月4500,90007519,,9月,4500.0,4.5,call,0.0361,0.0378,0.0403,1.0,1.0,31.0,396.0,24.0,13231.0,0.0484,0.0446,0.0446,0.0361,0.0033020000000000007,0.1369,0.3955,0.0037,-0.0009,0.001,0.0433,-0.00166,103.96,14.23,
2026-07-13,ETF,深证100ETF易方达期权_.xls,深证100ETF易方达,深证100ETF沽9月4500,90007520,,9月,4500.0,4.5,put,,0.7864,0.836,1.0,1.0,0.0,145.0,0.0,0.0,0.7343,,,,0.0048,-0.7569,0.3886,0.0053,-0.0013,-0.0073,0.7499,0.00166,,,
2026-07-13,ETF,深证100ETF易方达期权_.xls,深证100ETF易方达,深证100ETF购9月4600,90007665,,9月,4600.0,4.6,call,0.0298,0.0309,0.032,1.0,6.0,22.0,131.0,15.0,6311.0,0.035,0.035,0.035,0.0277,0.003398,0.1143,0.3389,0.0032,-0.0008,0.0008,0.0329,-0.0018410000000000002,125.94,14.39,
2026-07-13,ETF,深证100ETF易方达期权_.xls,深证100ETF易方达,深证100ETF沽9月4600,90007666,,9月,4600.0,4.6,put,,0.8744,0.9289,1.0,1.0,0.0,24.0,0.0,0.0,0.8234,,,,0.004961999999999999,-0.778,0.3574,0.005,-0.0012,-0.0076,0.8386,0.0018410000000000002,,,
2026-07-13,ETF,深证100ETF易方达期权_.xls,深证100ETF易方达,深证100ETF购12月3400,90007479,,12月,3400.0,3.4,call,0.4449,0.4228,0.452,1.0,1.0,6.0,117.0,-4.0,27125.0,0.5162,0.488,0.488,0.4449,0.001567,0.8821,0.5012,0.005,-0.0006,0.0129,0.5431,0.001038,8.44,7.44,
2026-07-13,ETF,深证100ETF易方达期权_.xls,深证100ETF易方达,深证100ETF沽12月3400,90007480,,12月,3400.0,3.4,put,0.1764,0.1726,0.1763,1.0,1.0,20.0,326.0,3.0,30933.0,0.1513,0.1514,0.1764,0.1514,0.003677,-0.2723,0.3589,0.0084,-0.0008,-0.0054,0.122,-0.001038,21.28,-5.79,
2026-07-13,ETF,深证100ETF易方达期权_.xls,深证100ETF易方达,深证100ETF购12月3500,90007393,,12月,3500.0,3.5,call,0.4309,0.3704,0.3959,1.0,1.0,70.0,90.0,70.0,305410.0,0.4532,0.4435,0.4435,0.4309,0.00245,0.7357,0.5307,0.0082,-0.0009,0.0105,0.4783,0.000723,8.71,6.41,
2026-07-13,ETF,深证100ETF易方达期权_.xls,深证100ETF易方达,深证100ETF沽12月3500,90007402,,12月,3500.0,3.5,put,0.2185,0.2155,0.2286,1.0,1.0,188.0,213.0,33.0,362571.0,0.1874,0.1824,0.2185,0.1824,0.003729,-0.3138,0.378,0.0089,-0.0008,-0.0063,0.1552,-0.000723,17.18,-5.39,
2026-07-13,ETF,深证100ETF易方达期权_.xls,深证100ETF易方达,深证100ETF购12月3600,90007394,,12月,3600.0,3.6,call,0.3841,0.3229,0.3451,1.0,1.0,71.0,156.0,70.0,269395.0,0.3954,0.3715,0.3849,0.3715,0.002634,0.6695,0.5469,0.0091,-0.001,0.0096,0.4186,0.00042500000000000003,9.77,6.54,
2026-07-13,ETF,深证100ETF易方达期权_.xls,深证100ETF易方达,深证100ETF沽12月3600,90007403,,12月,3600.0,3.6,put,0.2672,0.2629,0.281,1.0,1.0,145.0,218.0,1.0,342620.0,0.2293,0.2402,0.2672,0.2201,0.0038,-0.3556,0.3897,0.0094,-0.0009,-0.0072,0.1936,-0.00042500000000000003,14.05,-5.0,
2026-07-13,ETF,深证100ETF易方达期权_.xls,深证100ETF易方达,深证100ETF购12月3700,90007395,,12月,3700.0,3.7,call,0.3068,0.2805,0.2998,1.0,1.0,104.0,179.0,104.0,335243.0,0.3417,0.3215,0.3295,0.3068,0.002414,0.6155,0.6291,0.0096,-0.001,0.009,0.3643,0.000143,12.23,7.53,
2026-07-13,ETF,深证100ETF易方达期权_.xls,深证100ETF易方达,深证100ETF沽12月3700,90007404,,12月,3700.0,3.7,put,0.3094,0.3159,0.3377,1.0,1.0,155.0,183.0,-3.0,447828.0,0.2753,0.2859,0.3201,0.2727,0.0037549999999999997,-0.3964,0.408,0.0097,-0.0009,-0.0081,0.2372,-0.000143,12.13,-4.81,
2026-07-13,ETF,深证100ETF易方达期权_.xls,深证100ETF易方达,深证100ETF购12月3800,90007396,,12月,3800.0,3.8,call,0.2696,0.2429,0.2596,1.0,1.0,489.0,195.0,64.0,1281529.0,0.2953,0.2766,0.279,0.1242,0.002552,0.5521,0.6161,0.01,-0.001,0.0081,0.3152,-0.000124,13.92,7.69,
2026-07-13,ETF,深证100ETF易方达期权_.xls,深证100ETF易方达,深证100ETF沽12月3800,90007405,,12月,3800.0,3.8,put,0.3651,0.3735,0.3993,1.0,1.0,63.0,83.0,2.0,228955.0,0.3278,0.3466,0.3758,0.3466,0.0038060000000000004,-0.4372,0.4115,0.0099,-0.0009,-0.009,0.2861,0.000124,10.28,-4.49,
2026-07-13,ETF,深证100ETF易方达期权_.xls,深证100ETF易方达,深证100ETF购12月3900,90007397,,12月,3900.0,3.9,call,0.2281,0.21,0.2243,1.0,1.0,181.0,219.0,35.0,422103.0,0.253,0.2365,0.2433,0.2185,0.002581,0.4925,0.6142,0.01,-0.001,0.0073,0.2711,-0.00037699999999999995,16.45,8.1,
2026-07-13,ETF,深证100ETF易方达期权_.xls,深证100ETF易方达,深证100ETF沽12月3900,90007406,,12月,3900.0,3.9,put,0.4178,0.4358,0.4658,1.0,1.0,23.0,139.0,2.0,92968.0,0.3822,0.3847,0.4225,0.3847,0.003785,-0.478,0.4183,0.01,-0.0009,-0.0099,0.34,0.00037699999999999995,8.98,-4.29,
2026-07-13,ETF,深证100ETF易方达期权_.xls,深证100ETF易方达,深证100ETF购12月4000,90007398,,12月,4000.0,4.0,call,0.2015,0.1809,0.1933,1.0,1.0,259.0,242.0,3.0,514909.0,0.2169,0.1997,0.2106,0.1867,0.002704,0.4406,0.5799,0.0099,-0.001,0.0065,0.2319,-0.0006169999999999999,18.63,8.21,
2026-07-13,ETF,深证100ETF易方达期权_.xls,深证100ETF易方达,深证100ETF沽12月4000,90007407,,12月,4000.0,4.0,put,0.52,0.5023,0.5369,1.0,1.0,127.0,190.0,84.0,572475.0,0.4425,0.4595,0.52,0.4457,0.004220000000000001,-0.505,0.3758,0.01,-0.001,-0.0109,0.3989,0.0006169999999999999,7.22,-3.64,
2026-07-13,ETF,深证100ETF易方达期权_.xls,深证100ETF易方达,深证100ETF购12月4100,90007399,,12月,4100.0,4.1,call,0.1728,0.1588,0.1662,1.0,1.0,183.0,210.0,10.0,315202.0,0.1832,0.1814,0.182,0.1634,0.002757,0.391,0.5536,0.0097,-0.001,0.0058,0.1974,-0.0008460000000000001,21.72,8.49,
2026-07-13,ETF,深证100ETF易方达期权_.xls,深证100ETF易方达,深证100ETF沽12月4100,90007408,,12月,4100.0,4.1,put,0.5593,0.5724,0.6118,1.0,1.0,119.0,118.0,12.0,616754.0,0.5075,0.5129,0.5593,0.5129,0.003992,-0.5482,0.3943,0.01,-0.0009,-0.0118,0.4623,0.0008460000000000001,6.71,-3.68,
2026-07-13,ETF,深证100ETF易方达期权_.xls,深证100ETF易方达,深证100ETF购12月4200,90007400,,12月,4200.0,4.2,call,0.1497,0.1336,0.1428,1.0,1.0,6.0,149.0,0.0,9064.0,0.1539,0.1521,0.1521,0.1497,0.0028239999999999997,0.3472,0.5198,0.0093,-0.0009,0.0052,0.1671,-0.001064,25.07,8.7,
2026-07-13,ETF,深证100ETF易方达期权_.xls,深证100ETF易方达,深证100ETF沽12月4200,90007409,,12月,4200.0,4.2,put,0.6285,0.6458,0.6599,1.0,1.0,145.0,166.0,-20.0,854101.0,0.5767,0.584,0.6285,0.5836,0.00403,-0.5818,0.3852,0.0098,-0.0009,-0.0126,0.53,0.001064,5.97,-3.47,
2026-07-13,ETF,深证100ETF易方达期权_.xls,深证100ETF易方达,深证100ETF购12月4300,90007401,,12月,4300.0,4.3,call,0.1196,0.1158,0.1227,1.0,1.0,14.0,190.0,5.0,17796.0,0.1293,0.1293,0.1296,0.1196,0.002771,0.2978,0.4971,0.0087,-0.0009,0.0045,0.1407,-0.0012720000000000001,31.38,9.34,
2026-07-13,ETF,深证100ETF易方达期权_.xls,深证100ETF易方达,深证100ETF沽12月4300,90007410,,12月,4300.0,4.3,put,,0.7223,0.7721,1.0,1.0,0.0,82.0,0.0,0.0,0.6497,,,,0.004548,-0.59,0.3398,0.0098,-0.001,-0.0133,0.6017,0.0012720000000000001,,,
2026-07-13,ETF,深证100ETF易方达期权_.xls,深证100ETF易方达,深证100ETF购12月4400,90007497,,12月,4400.0,4.4,call,0.093,0.0984,0.1048,1.0,1.0,47.0,233.0,16.0,49867.0,0.1085,0.1085,0.1126,0.093,0.002706,0.25,0.4667,0.008,-0.0008,0.0038,0.118,-0.00147,40.35,10.09,
2026-07-13,ETF,深证100ETF易方达期权_.xls,深证100ETF易方达,深证100ETF沽12月4400,90007498,,12月,4400.0,4.4,put,,0.8026,0.8571,1.0,1.0,0.0,62.0,0.0,0.0,0.7268,,,,0.004679,-0.6125,0.3254,0.0096,-0.001,-0.0141,0.6769,0.00147,,,
2026-07-13,ETF,深证100ETF易方达期权_.xls,深证100ETF易方达,深证100ETF购12月4500,90007521,,12月,4500.0,4.5,call,0.0892,0.0843,0.0881,1.0,1.0,3.0,443.0,1.0,2733.0,0.0908,0.09,0.0941,0.0892,0.0028910000000000003,0.231,0.4186,0.0077,-0.0008,0.0035,0.0985,-0.00166,42.07,9.72,
2026-07-13,ETF,深证100ETF易方达期权_.xls,深证100ETF易方达,深证100ETF沽12月4500,90007522,,12月,4500.0,4.5,put,0.881,0.8845,0.9433,1.0,1.0,5.0,387.0,0.0,44050.0,0.7948,0.881,0.881,0.881,0.004453,-0.6522,0.3299,0.0093,-0.0009,-0.015,0.7554,0.00166,4.26,-2.78,
2026-07-13,ETF,深证100ETF易方达期权_.xls,深证100ETF易方达,深证100ETF购12月4600,90007667,,12月,4600.0,4.6,call,0.0756,0.0733,0.0738,1.0,1.0,31.0,207.0,12.0,21490.0,0.076,0.0694,0.0756,0.0682,0.0029230000000000003,0.2012,0.3821,0.0071,-0.0007,0.0031,0.0818,-0.0018410000000000002,49.64,9.99,
2026-07-13,ETF,深证100ETF易方达期权_.xls,深证100ETF易方达,深证100ETF沽12月4600,90007668,,12月,4600.0,4.6,put,,0.9678,1.0311,1.0,1.0,0.0,25.0,0.0,0.0,0.8888,,,,0.004926,-0.6517,0.2984,0.0093,-0.001,-0.0155,0.8367,0.0018410000000000002,,,
2026-07-13,ETF,科创50ETF易方达期权_.xls,科创50ETF易方达,科创板50购7月1450,10011813,,7月,1450.0,1.45,call,0.6128,0.5746,0.5865,1.0,1.0,308.0,603.0,108.0,2027153.0,0.691,0.6424,0.6976,0.6,0.016751,0.9142,0.2775,0.0005,-0.0046,0.0003,0.588,0.0040409999999999995,3.32,3.04,
2026-07-13,ETF,科创50ETF易方达期权_.xls,科创50ETF易方达,科创板50沽7月1450,10011814,,7月,1450.0,1.45,put,0.0007,0.0005,0.0008,3.0,12.0,2023.0,8425.0,808.0,10520.0,0.0005,0.0004,0.0007,0.0002,0.008634999999999999,-0.007,0.0673,0.0001,-0.0003,-0.0,0.0002,-0.0040409999999999995,2908.57,-20.49,
2026-07-13,ETF,科创50ETF易方达期权_.xls,科创50ETF易方达,科创板50购7月1500,10011791,,7月,1500.0,1.5,call,0.5633,0.5247,0.5364,1.0,1.0,328.0,457.0,104.0,1992702.0,0.641,0.5945,0.6347,0.5555,0.015541000000000001,0.9068,0.3183,0.0006,-0.0045,0.0004,0.5384,0.0035729999999999994,3.61,3.28,
2026-07-13,ETF,科创50ETF易方达期权_.xls,科创50ETF易方达,科创板50沽7月1500,10011793,,7月,1500.0,1.5,put,0.0007,0.0006,0.0009,1.0,2.0,1421.0,6341.0,62.0,10393.0,0.0009,0.0009,0.001,0.0005,0.007859999999999999,-0.0077,0.08,0.0001,-0.0003,-0.0,0.0005,-0.0035729999999999994,2908.57,-22.39,
2026-07-13,ETF,科创50ETF易方达期权_.xls,科创50ETF易方达,科创板50购7月1550,10011792,,7月,1550.0,1.55,call,0.5331,0.4754,0.4869,1.0,1.0,302.0,524.0,116.0,1686263.0,0.591,0.5453,0.5892,0.5322,0.017235,0.865,0.3738,0.0007,-0.0065,0.0003,0.489,0.003135,3.82,3.3,
2026-07-13,ETF,科创50ETF易方达期权_.xls,科创50ETF易方达,科创板50沽7月1550,10011794,,7月,1550.0,1.55,put,0.0013,0.0006,0.0009,3.0,1.0,669.0,3155.0,-61.0,6573.0,0.0009,0.0009,0.0017,0.0007,0.007723,-0.0137,0.1342,0.0001,-0.0005,-0.0,0.0011,-0.003135,1566.15,-21.39,
2026-07-13,ETF,科创50ETF易方达期权_.xls,科创50ETF易方达,科创板50购7月1600,10011779,,7月,1600.0,1.6,call,0.4301,0.4264,0.4374,1.0,1.0,350.0,967.0,103.0,1738339.0,0.541,0.4949,0.5796,0.4178,1e-06,0.977,0.2134,0.0002,-0.0009,0.0004,0.4403,0.002725,4.73,4.62,
2026-07-13,ETF,科创50ETF易方达期权_.xls,科创50ETF易方达,科创板50沽7月1600,10011780,,7月,1600.0,1.6,put,0.0017,0.0014,0.0015,2.0,1.0,1878.0,6266.0,112.0,33473.0,0.001,0.0009,0.0026,0.0008,0.00722,-0.0185,0.1859,0.0002,-0.0005,-0.0,0.0023,-0.002725,1197.65,-22.11,
2026-07-13,ETF,科创50ETF易方达期权_.xls,科创50ETF易方达,科创板50购7月1650,10011753,,7月,1650.0,1.65,call,0.3824,0.3771,0.3877,1.0,1.0,293.0,1286.0,77.0,1323501.0,0.491,0.4432,0.4879,0.38,1e-06,0.96,0.3381,0.0003,-0.0013,0.0004,0.3924,0.002339,5.32,5.11,
2026-07-13,ETF,科创50ETF易方达期权_.xls,科创50ETF易方达,科创板50沽7月1650,10011762,,7月,1650.0,1.65,put,0.0028,0.0028,0.0031,9.0,5.0,2370.0,6915.0,-396.0,65069.0,0.0018,0.0019,0.004,0.0015,0.0069819999999999995,-0.0296,0.2856,0.0002,-0.0008,-0.0,0.0043,-0.002339,727.14,-21.49,
2026-07-13,ETF,科创50ETF易方达期权_.xls,科创50ETF易方达,科创板50购7月1700,10011754,,7月,1700.0,1.7,call,0.3345,0.3292,0.3395,1.0,1.0,378.0,915.0,97.0,1540456.0,0.441,0.3926,0.4466,0.32,1e-06,0.9347,0.4987,0.0004,-0.0018,0.0004,0.3457,0.0019760000000000003,6.09,5.69,
2026-07-13,ETF,科创50ETF易方达期权_.xls,科创50ETF易方达,科创板50沽7月1700,10011763,,7月,1700.0,1.7,put,0.0044,0.0043,0.0053,5.0,1.0,3355.0,5320.0,542.0,128496.0,0.0024,0.0024,0.0061,0.002,0.006706,-0.0454,0.4222,0.0003,-0.0011,-0.0,0.0076,-0.0019760000000000003,462.73,-21.0,
2026-07-13,ETF,科创50ETF易方达期权_.xls,科创50ETF易方达,科创板50购7月1750,10011755,,7月,1750.0,1.75,call,0.2869,0.2823,0.2922,1.0,1.0,421.0,1449.0,172.0,1472783.0,0.391,0.3456,0.3929,0.2774,1e-06,0.8998,0.6888,0.0006,-0.0024,0.0004,0.3009,0.0016339999999999998,7.1,6.39,
2026-07-13,ETF,科创50ETF易方达期权_.xls,科创50ETF易方达,科创板50沽7月1750,10011764,,7月,1750.0,1.75,put,0.0072,0.0071,0.0075,1.0,4.0,9033.0,5736.0,-170.0,647057.0,0.0038,0.0039,0.0091,0.0029,0.006514,-0.0709,0.6175,0.0005,-0.0015,-0.0,0.0128,-0.0016339999999999998,282.78,-20.04,
2026-07-13,ETF,科创50ETF易方达期权_.xls,科创50ETF易方达,科创板50购7月1800,10011756,,7月,1800.0,1.8,call,0.2402,0.2367,0.2461,1.0,1.0,867.0,2366.0,239.0,2456023.0,0.341,0.2974,0.3483,0.228,0.004214,0.9655,0.5373,0.0003,-0.0008,0.0005,0.2584,0.0013109999999999999,8.48,8.18,
2026-07-13,ETF,科创50ETF易方达期权_.xls,科创50ETF易方达,科创板50沽7月1800,10011765,,7月,1800.0,1.8,put,0.0119,0.0119,0.0125,1.0,1.0,12641.0,7195.0,-2361.0,1194587.0,0.0059,0.0062,0.0144,0.0047,0.00639,-0.1095,0.8702,0.0006,-0.002,-0.0001,0.0202,-0.0013109999999999999,171.09,-18.73,
2026-07-13,ETF,科创50ETF易方达期权_.xls,科创50ETF易方达,科创板50购7月1850,10011757,,7月,1850.0,1.85,call,0.1973,0.1973,0.2031,1.0,1.0,683.0,1135.0,-198.0,1631876.0,0.291,0.2529,0.2909,0.188,0.004921,0.891,1.1263,0.0006,-0.0017,0.0004,0.2188,0.001005,10.32,9.19,
2026-07-13,ETF,科创50ETF易方达期权_.xls,科创50ETF易方达,科创板50沽7月1850,10011766,,7月,1850.0,1.85,put,0.0183,0.0181,0.0183,1.0,34.0,15905.0,5792.0,-807.0,2172189.0,0.0076,0.009,0.0227,0.0072,0.006192,-0.1592,1.1619,0.0008,-0.0025,-0.0001,0.0305,-0.001005,111.26,-17.71,
2026-07-13,ETF,科创50ETF易方达期权_.xls,科创50ETF易方达,科创板50购7月1900,10011758,,7月,1900.0,1.9,call,0.157,0.158,0.1629,7.0,2.0,777.0,1201.0,93.0,1542759.0,0.2412,0.2094,0.2552,0.1478,0.005085999999999999,0.81,1.5831,0.0009,-0.0025,0.0004,0.1825,0.000716,12.97,10.5,
2026-07-13,ETF,科创50ETF易方达期权_.xls,科创50ETF易方达,科创板50沽7月1900,10011767,,7月,1900.0,1.9,put,0.0293,0.0293,0.0294,119.0,1.0,21219.0,12534.0,3165.0,4487992.0,0.013,0.0148,0.034,0.0113,0.00618,-0.2299,1.4578,0.001,-0.0031,-0.0001,0.0442,-0.000716,69.49,-15.98,
2026-07-13,ETF,科创50ETF易方达期权_.xls,科创50ETF易方达,科创板50购7月1950,10011759,,7月,1950.0,1.95,call,0.1236,0.1207,0.1255,1.0,1.0,4502.0,2175.0,54.0,7213967.0,0.1978,0.171,0.2141,0.1139,0.005385,0.7063,1.8975,0.0012,-0.0033,0.0004,0.1499,0.000441,16.47,11.63,
2026-07-13,ETF,科创50ETF易方达期权_.xls,科创50ETF易方达,科创板50沽7月1950,10011768,,7月,1950.0,1.95,put,0.043,0.043,0.0442,4.0,2.0,23023.0,12082.0,706.0,7664271.0,0.0209,0.0236,0.0509,0.0157,0.006048,-0.3108,1.7329,0.0012,-0.0035,-0.0002,0.0615,-0.000441,47.35,-14.72,
2026-07-13,ETF,科创50ETF易方达期权_.xls,科创50ETF易方达,科创板50购7月2000,10011760,,7月,2000.0,2.0,call,0.0936,0.0934,0.0945,2.0,1.0,15090.0,3602.0,-199.0,19348250.0,0.1556,0.1358,0.175,0.085,0.005465,0.6011,2.0962,0.0013,-0.0037,0.0003,0.1211,0.00018,21.75,13.07,
2026-07-13,ETF,科创50ETF易方达期权_.xls,科创50ETF易方达,科创板50沽7月2000,10011769,,7月,2000.0,2.0,put,0.0628,0.0628,0.063,6.0,31.0,36400.0,8671.0,-1686.0,17414520.0,0.0325,0.0365,0.0735,0.0267,0.006053,-0.405,1.9,0.0013,-0.0038,-0.0002,0.0827,-0.00018,32.42,-13.13,
2026-07-13,ETF,科创50ETF易方达期权_.xls,科创50ETF易方达,科创板50购7月2050,10011761,,7月,2050.0,2.05,call,0.07,0.0699,0.07,10.0,4.0,22433.0,8414.0,2949.0,20781185.0,0.1215,0.1041,0.1392,0.0623,0.005609,0.4944,2.1102,0.0013,-0.0039,0.0003,0.0964,-6.8e-05,29.09,14.38,
2026-07-13,ETF,科创50ETF易方达期权_.xls,科创50ETF易方达,科创板50沽7月2050,10011770,,7月,2050.0,2.05,put,0.0892,0.0888,0.0892,1.0,1.0,33637.0,5463.0,-355.0,23227551.0,0.049,0.055,0.101,0.0404,0.006184,-0.5015,1.9142,0.0013,-0.004,-0.0003,0.1078,6.8e-05,22.83,-11.45,
2026-07-13,ETF,科创50ETF易方达期权_.xls,科创50ETF易方达,科创板50购7月2100,10011775,,7月,2100.0,2.1,call,0.05,0.0495,0.05,20.0,5.0,35630.0,10667.0,2887.0,26480795.0,0.0965,0.0759,0.1078,0.0458,0.005632000000000001,0.3928,2.0253,0.0013,-0.0037,0.0002,0.0754,-0.000305,40.72,15.99,
2026-07-13,ETF,科创50ETF易方达期权_.xls,科创50ETF易方达,科创板50沽7月2100,10011776,,7月,2100.0,2.1,put,0.1183,0.1188,0.1221,1.0,1.0,39231.0,6941.0,-548.0,35232403.0,0.0704,0.0818,0.1344,0.0589,0.006162,-0.595,1.8664,0.0013,-0.0039,-0.0004,0.1368,0.000305,17.21,-10.24,
2026-07-13,ETF,科创50ETF易方达期权_.xls,科创50ETF易方达,科创板50购7月2150,10011817,,7月,2150.0,2.15,call,0.036,0.0363,0.0371,2.0,1.0,31336.0,9824.0,3994.0,18041565.0,0.0737,0.0599,0.0832,0.0334,0.005766,0.305,1.8025,0.0012,-0.0035,0.0002,0.0581,-0.00053,56.56,17.25,
2026-07-13,ETF,科创50ETF易方达期权_.xls,科创50ETF易方达,科创板50沽7月2150,10011818,,7月,2150.0,2.15,put,0.157,0.1532,0.1583,1.0,1.0,23787.0,4457.0,-89.0,28038693.0,0.1,0.1152,0.1724,0.0848,0.006568000000000001,-0.6684,1.6393,0.0012,-0.0038,-0.0004,0.1694,0.00053,12.97,-8.67,
2026-07-13,ETF,科创50ETF易方达期权_.xls,科创50ETF易方达,科创板50购7月2200,10011833,,7月,2200.0,2.2,call,0.0265,0.0264,0.0265,1.0,43.0,39341.0,14670.0,5032.0,15701262.0,0.0555,0.0489,0.0636,0.0248,0.00598,0.2356,1.5268,0.001,-0.0032,0.0001,0.044,-0.000745,76.83,18.1,
2026-07-13,ETF,科创50ETF易方达期权_.xls,科创50ETF易方达,科创板50沽7月2200,10011834,,7月,2200.0,2.2,put,0.1938,0.1906,0.1985,2.0,1.0,13856.0,3301.0,37.0,21612714.0,0.1334,0.1508,0.2133,0.1101,0.0065450000000000005,-0.742,1.4646,0.0011,-0.0034,-0.0005,0.2053,0.000745,10.51,-7.8,
2026-07-13,ETF,科创50ETF易方达期权_.xls,科创50ETF易方达,科创板50购7月2250,10011845,,7月,2250.0,2.25,call,0.0194,0.0193,0.0194,1.0,49.0,17675.0,9465.0,1152.0,5294478.0,0.0423,0.0309,0.0465,0.0184,0.006173,0.1801,1.2618,0.0009,-0.0028,0.0001,0.0329,-0.000951,104.95,18.9,
2026-07-13,ETF,科创50ETF易方达期权_.xls,科创50ETF易方达,科创板50沽7月2250,10011846,,7月,2250.0,2.25,put,0.2368,0.2328,0.2415,1.0,1.0,3458.0,2459.0,-907.0,6639904.0,0.1671,0.1864,0.2527,0.1508,0.006840000000000001,-0.7925,1.2414,0.001,-0.0031,-0.0005,0.2441,0.000951,8.6,-6.81,
2026-07-13,ETF,科创50ETF易方达期权_.xls,科创50ETF易方达,科创板50购7月2300,10011959,,7月,2300.0,2.3,call,0.0137,0.0137,0.0142,3.0,17.0,18706.0,12863.0,2855.0,3888968.0,0.0322,0.0243,0.0365,0.0135,1e-06,0.1839,1.0425,0.0009,-0.0034,0.0001,0.0242,-0.001148,148.61,27.33,
2026-07-13,ETF,科创50ETF易方达期权_.xls,科创50ETF易方达,科创板50沽7月2300,10011960,,7月,2300.0,2.3,put,0.2865,0.2773,0.285,1.0,1.0,2912.0,1758.0,-980.0,6890909.0,0.2072,0.2315,0.2955,0.1865,1e-06,-0.8161,1.0425,0.0009,-0.0032,-0.0005,0.2853,0.001148,7.11,-5.8,
2026-07-13,ETF,科创50ETF易方达期权_.xls,科创50ETF易方达,科创板50购7月2350,10011979,,7月,2350.0,2.35,call,0.0101,0.01,0.0101,4.0,19.0,16858.0,8413.0,904.0,2565959.0,0.0249,0.0186,0.0275,0.0101,1e-06,0.1418,0.8801,0.0008,-0.0029,0.0001,0.0175,-0.001336,201.58,28.59,
2026-07-13,ETF,科创50ETF易方达期权_.xls,科创50ETF易方达,科创板50沽7月2350,10011981,,7月,2350.0,2.35,put,0.3373,0.3229,0.3328,1.0,1.0,640.0,2231.0,-176.0,1850440.0,0.2496,0.2781,0.3404,0.235,1e-06,-0.8582,0.8801,0.0008,-0.0026,-0.0006,0.3286,0.001336,6.04,-5.18,
2026-07-13,ETF,科创50ETF易方达期权_.xls,科创50ETF易方达,科创板50购7月2400,10011980,,7月,2400.0,2.4,call,0.0081,0.0081,0.0083,16.0,1.0,19505.0,11470.0,2177.0,2418228.0,0.0189,0.013,0.0211,0.0076,1e-06,0.1074,0.7247,0.0006,-0.0024,0.0001,0.0125,-0.0015170000000000001,251.36,27.01,
2026-07-13,ETF,科创50ETF易方达期权_.xls,科创50ETF易方达,科创板50沽7月2400,10011982,,7月,2400.0,2.4,put,0.38,0.3703,0.3806,1.0,1.0,345.0,2369.0,-52.0,1104407.0,0.2927,0.3219,0.3863,0.2747,1e-06,-0.8926,0.7247,0.0006,-0.0021,-0.0006,0.3736,0.0015170000000000001,5.36,-4.78,
2026-07-13,ETF,科创50ETF易方达期权_.xls,科创50ETF易方达,科创板50购7月2450,10012019,,7月,2450.0,2.45,call,0.0066,0.0066,0.0068,6.0,1.0,27217.0,21194.0,-2091.0,2546816.0,0.0147,0.01,0.0158,0.0059,1e-06,0.08,0.583,0.0005,-0.0019,0.0,0.0088,-0.0016899999999999999,308.48,24.69,
2026-07-13,ETF,科创50ETF易方达期权_.xls,科创50ETF易方达,科创板50沽7月2450,10012020,,7月,2450.0,2.45,put,0.422,0.4188,0.4295,1.0,1.0,366.0,582.0,280.0,1330619.0,0.3419,0.3667,0.4262,0.3325,1e-06,-0.92,0.583,0.0005,-0.0016,-0.0006,0.4198,0.0016899999999999999,4.82,-4.44,
2026-07-13,ETF,科创50ETF易方达期权_.xls,科创50ETF易方达,科创板50购8月1850,10011923,,8月,1850.0,1.85,call,0.246,0.2432,0.2523,1.0,1.0,132.0,463.0,21.0,366094.0,0.3075,0.2825,0.3217,0.2412,0.004575,0.7615,0.9472,0.0022,-0.0013,0.0016,0.2985,0.001005,8.28,6.3,
2026-07-13,ETF,科创50ETF易方达期权_.xls,科创50ETF易方达,科创板50沽8月1850,10011932,,8月,1850.0,1.85,put,0.0813,0.0799,0.0813,1.0,83.0,7707.0,5548.0,718.0,5332298.0,0.0554,0.0609,0.087,0.0496,0.0059370000000000004,-0.2774,0.7897,0.0024,-0.0015,-0.0008,0.1023,-0.001005,25.04,-6.95,
2026-07-13,ETF,科创50ETF易方达期权_.xls,科创50ETF易方达,科创板50购8月1900,10011924,,8月,1900.0,1.9,call,0.2167,0.2132,0.2208,1.0,1.0,93.0,191.0,14.0,227259.0,0.2788,0.2495,0.2782,0.2099,0.004757,0.7022,1.0191,0.0025,-0.0015,0.0015,0.2688,0.000716,9.4,6.6,
2026-07-13,ETF,科创50ETF易方达期权_.xls,科创50ETF易方达,科创板50沽8月1900,10011933,,8月,1900.0,1.9,put,0.1032,0.1015,0.1031,5.0,1.0,3011.0,2453.0,677.0,2563714.0,0.0707,0.0785,0.1058,0.066,0.006062,-0.3237,0.8291,0.0026,-0.0016,-0.0009,0.1223,-0.000716,19.73,-6.39,
2026-07-13,ETF,科创50ETF易方达期权_.xls,科创50ETF易方达,科创板50购8月1950,10011925,,8月,1950.0,1.95,call,0.1876,0.1856,0.1923,1.0,1.0,379.0,651.0,188.0,788742.0,0.2469,0.2192,0.255,0.136,0.004808,0.6454,1.0828,0.0027,-0.0016,0.0014,0.2412,0.000441,10.85,7.0,
2026-07-13,ETF,科创50ETF易方达期权_.xls,科创50ETF易方达,科创板50沽8月1950,10011934,,8月,1950.0,1.95,put,0.1206,0.1204,0.1257,1.0,1.0,1123.0,1193.0,238.0,1242239.0,0.0889,0.0889,0.1288,0.0754,0.005919,-0.3676,0.8903,0.0027,-0.0017,-0.0011,0.1444,-0.000441,16.88,-6.21,
2026-07-13,ETF,科创50ETF易方达期权_.xls,科创50ETF易方达,科创板50购8月2000,10011926,,8月,2000.0,2.0,call,0.1607,0.1607,0.1669,1.0,1.0,704.0,914.0,118.0,1299806.0,0.214,0.1919,0.2226,0.1556,0.0048259999999999996,0.5881,1.128,0.0028,-0.0016,0.0013,0.2157,0.00018,12.67,7.45,
2026-07-13,ETF,科创50ETF易方达期权_.xls,科创50ETF易方达,科创板50沽8月2000,10011935,,8月,2000.0,2.0,put,0.148,0.1451,0.1513,2.0,1.0,1081.0,2270.0,-32.0,1463789.0,0.1098,0.12,0.155,0.104,0.006059999999999999,-0.4144,0.8996,0.0028,-0.0018,-0.0012,0.1686,-0.00018,13.76,-5.7,
2026-07-13,ETF,科创50ETF易方达期权_.xls,科创50ETF易方达,科创板50购8月2050,10011927,,8月,2050.0,2.05,call,0.1405,0.1405,0.1423,200.0,1.0,1376.0,1137.0,567.0,2102835.0,0.1877,0.1677,0.1949,0.1304,0.0049759999999999995,0.5318,1.1179,0.0028,-0.0017,0.0012,0.1923,-6.8e-05,14.49,7.71,
2026-07-13,ETF,科创50ETF易方达期权_.xls,科创50ETF易方达,科创板50沽8月2050,10011936,,8月,2050.0,2.05,put,0.1789,0.1722,0.1792,1.0,1.0,1941.0,1640.0,-247.0,3142633.0,0.1335,0.1467,0.1828,0.1248,0.006235000000000001,-0.4588,0.8903,0.0028,-0.0018,-0.0014,0.1949,6.8e-05,11.38,-5.22,
2026-07-13,ETF,科创50ETF易方达期权_.xls,科创50ETF易方达,科创板50购8月2100,10011928,,8月,2100.0,2.1,call,0.1218,0.1194,0.1244,1.0,1.0,1023.0,1274.0,270.0,1429484.0,0.1644,0.146,0.2119,0.1121,0.005079,0.4788,1.0973,0.0028,-0.0017,0.0011,0.1709,-0.000305,16.72,8.0,
2026-07-13,ETF,科创50ETF易方达期权_.xls,科创50ETF易方达,科创板50沽8月2100,10011937,,8月,2100.0,2.1,put,0.2083,0.2018,0.2095,1.0,1.0,1204.0,2136.0,197.0,2133611.0,0.16,0.1753,0.215,0.1027,0.0062759999999999995,-0.502,0.8892,0.0029,-0.0018,-0.0015,0.2233,0.000305,9.77,-4.91,
2026-07-13,ETF,科创50ETF易方达期权_.xls,科创50ETF易方达,科创板50购8月2150,10011929,,8月,2150.0,2.15,call,0.1036,0.1036,0.1069,4.0,1.0,975.0,2282.0,343.0,1198187.0,0.1436,0.1273,0.1521,0.099,0.005109,0.4274,1.0742,0.0028,-0.0017,0.0009,0.1514,-0.00053,19.65,8.4,
2026-07-13,ETF,科创50ETF易方达期权_.xls,科创50ETF易方达,科创板50沽8月2150,10011938,,8月,2150.0,2.15,put,0.2347,0.2342,0.2429,1.0,1.0,2285.0,1494.0,692.0,4491420.0,0.1868,0.206,0.2448,0.1787,0.006137,-0.5475,0.9029,0.0028,-0.0018,-0.0017,0.2535,0.00053,8.67,-4.75,
2026-07-13,ETF,科创50ETF易方达期权_.xls,科创50ETF易方达,科创板50购8月2200,10011930,,8月,2200.0,2.2,call,0.09,0.0876,0.09,2.0,4.0,2240.0,2023.0,266.0,2189537.0,0.126,0.1094,0.1332,0.085,0.005221,0.3818,1.0216,0.0027,-0.0017,0.0008,0.1338,-0.000745,22.62,8.64,
2026-07-13,ETF,科创50ETF易方达期权_.xls,科创50ETF易方达,科创板50沽8月2200,10011939,,8月,2200.0,2.2,put,0.274,0.27,0.278,1.0,1.0,613.0,965.0,-60.0,1431680.0,0.22,0.2311,0.28,0.2102,0.006385999999999999,-0.5826,0.8551,0.0028,-0.0018,-0.0018,0.2856,0.000745,7.43,-4.33,
2026-07-13,ETF,科创50ETF易方达期权_.xls,科创50ETF易方达,科创板50购8月2250,10011931,,8月,2250.0,2.25,call,0.0769,0.0769,0.0787,1.0,1.0,1159.0,2754.0,190.0,1029905.0,0.1098,0.0964,0.1147,0.0729,0.0052770000000000004,0.3384,0.9696,0.0026,-0.0016,0.0008,0.1179,-0.000951,26.48,8.96,
2026-07-13,ETF,科创50ETF易方达期权_.xls,科创50ETF易方达,科创板50沽8月2250,10011940,,8月,2250.0,2.25,put,0.3013,0.3052,0.3155,1.0,1.0,240.0,654.0,-64.0,654657.0,0.2555,0.2739,0.3214,0.243,0.006135000000000001,-0.6295,0.8612,0.0027,-0.0016,-0.002,0.3194,0.000951,6.76,-4.25,
2026-07-13,ETF,科创50ETF易方达期权_.xls,科创50ETF易方达,科创板50购8月2300,10011961,,8月,2300.0,2.3,call,0.0655,0.0644,0.0675,2.0,1.0,1615.0,4118.0,771.0,1263446.0,0.0961,0.0836,0.1066,0.0629,1e-06,0.3564,0.7669,0.0027,-0.0021,0.0008,0.1036,-0.001148,31.08,11.08,
2026-07-13,ETF,科创50ETF易方达期权_.xls,科创50ETF易方达,科创板50沽8月2300,10011962,,8月,2300.0,2.3,put,0.3477,0.3435,0.3544,1.0,1.0,124.0,362.0,-12.0,375351.0,0.2911,0.3124,0.3606,0.2889,1e-06,-0.6436,0.7669,0.0027,-0.0018,-0.0021,0.3548,0.001148,5.86,-3.77,
2026-07-13,ETF,科创50ETF易方达期权_.xls,科创50ETF易方达,科创板50购8月2350,10011983,,8月,2350.0,2.35,call,0.0553,0.0552,0.0577,1.0,1.0,1609.0,1339.0,355.0,1050941.0,0.0839,0.0729,0.0897,0.054,1e-06,0.3234,0.7389,0.0026,-0.002,0.0007,0.0908,-0.001336,36.82,11.91,
2026-07-13,ETF,科创50ETF易方达期权_.xls,科创50ETF易方达,科创板50沽8月2350,10011985,,8月,2350.0,2.35,put,0.3943,0.3833,0.3947,1.0,1.0,29.0,87.0,-1.0,99141.0,0.3285,0.3506,0.3943,0.3202,1e-06,-0.6766,0.7389,0.0026,-0.0017,-0.0022,0.3918,0.001336,5.16,-3.49,
2026-07-13,ETF,科创50ETF易方达期权_.xls,科创50ETF易方达,科创板50购8月2400,10011984,,8月,2400.0,2.4,call,0.0478,0.0474,0.0493,1.0,1.0,1418.0,2166.0,248.0,818656.0,0.074,0.0638,0.0782,0.0452,1e-06,0.2924,0.7069,0.0025,-0.0019,0.0006,0.0794,-0.0015170000000000001,42.59,12.46,
2026-07-13,ETF,科创50ETF易方达期权_.xls,科创50ETF易方达,科创板50沽8月2400,10011986,,8月,2400.0,2.4,put,0.435,0.4244,0.4366,1.0,1.0,20.0,273.0,5.0,77275.0,0.3677,0.3902,0.435,0.359,1e-06,-0.7076,0.7069,0.0025,-0.0016,-0.0023,0.4301,0.0015170000000000001,4.68,-3.31,
2026-07-13,ETF,科创50ETF易方达期权_.xls,科创50ETF易方达,科创板50购8月2450,10012021,,8月,2450.0,2.45,call,0.0411,0.0408,0.0419,1.0,1.0,8333.0,5108.0,780.0,4360303.0,0.0638,0.0556,0.0738,0.0391,1e-06,0.2635,0.6718,0.0023,-0.0018,0.0006,0.0692,-0.0016899999999999999,49.54,13.05,
2026-07-13,ETF,科创50ETF易方达期权_.xls,科创50ETF易方达,科创板50沽8月2450,10012022,,8月,2450.0,2.45,put,0.46,0.467,0.4797,1.0,1.0,6.0,72.0,0.0,27354.0,0.4083,0.431,0.4858,0.4065,1e-06,-0.7365,0.6718,0.0023,-0.0015,-0.0024,0.4697,0.0016899999999999999,4.43,-3.26,
2026-07-13,ETF,科创50ETF易方达期权_.xls,科创50ETF易方达,科创板50购9月1100,10011289,,9月,1100.0,1.1,call,0.9026,0.8844,0.9015,1.0,1.0,92.0,1041.0,40.0,877071.0,1.041,1.0,1.0,0.9026,1e-06,0.9921,0.0386,0.0002,-0.0002,0.0021,0.9474,0.008509,2.26,2.24,
2026-07-13,ETF,科创50ETF易方达期权_.xls,科创50ETF易方达,科创板50沽9月1100,10011290,,9月,1100.0,1.1,put,0.0041,0.004,0.0044,22.0,1.0,106532.0,27368.0,3159.0,4720978.0,0.0028,0.0025,0.0048,0.0025,0.007036,-0.0161,0.0627,0.0004,-0.0002,-0.0001,0.0016,-0.008509,496.59,-7.98,
2026-07-13,ETF,科创50ETF易方达期权_.xls,科创50ETF易方达,科创板50购9月1150,10011225,,9月,1150.0,1.15,call,0.8683,0.8357,0.8525,1.0,1.0,75.0,353.0,15.0,675920.0,0.991,0.9247,0.9323,0.861,1e-06,0.9879,0.0564,0.0003,-0.0003,0.0022,0.8989,0.007704000000000001,2.34,2.32,
2026-07-13,ETF,科创50ETF易方达期权_.xls,科创50ETF易方达,科创板50沽9月1150,10011226,,9月,1150.0,1.15,put,0.0053,0.0051,0.0056,1.0,1.0,13573.0,14658.0,-181.0,658809.0,0.0033,0.0032,0.0058,0.0032,0.006873999999999999,-0.0206,0.0794,0.0005,-0.0002,-0.0001,0.0026,-0.007704000000000001,384.15,-7.92,
2026-07-13,ETF,科创50ETF易方达期权_.xls,科创50ETF易方达,科创板50购9月1200,10011207,,9月,1200.0,1.2,call,0.8241,0.7877,0.8042,1.0,1.0,76.0,451.0,5.0,651247.0,0.941,0.8759,0.8874,0.8062,1e-06,0.9821,0.0791,0.0004,-0.0003,0.0023,0.8507,0.006967,2.47,2.43,
2026-07-13,ETF,科创50ETF易方达期权_.xls,科创50ETF易方达,科创板50沽9月1200,10011208,,9月,1200.0,1.2,put,0.0071,0.0063,0.007,1.0,1.0,13755.0,9728.0,25.0,818987.0,0.004,0.0044,0.0092,0.004,0.006773,-0.027,0.1011,0.0006,-0.0003,-0.0001,0.004,-0.006967,286.76,-7.75,
2026-07-13,ETF,科创50ETF易方达期权_.xls,科创50ETF易方达,科创板50购9月1250,10011101,,9月,1250.0,1.25,call,0.7394,0.7401,0.7562,1.0,1.0,72.0,313.0,1.0,578366.0,0.891,0.8271,0.8352,0.7394,1e-06,0.9744,0.1069,0.0005,-0.0004,0.0024,0.8032,0.006288,2.75,2.68,
2026-07-13,ETF,科创50ETF易方达期权_.xls,科创50ETF易方达,科创板50沽9月1250,10011102,,9月,1250.0,1.25,put,0.009,0.0082,0.0093,1.0,1.0,8830.0,8491.0,-71.0,672835.0,0.0053,0.0054,0.0093,0.0052,0.006620999999999999,-0.0339,0.1249,0.0007,-0.0003,-0.0002,0.006,-0.006288,226.22,-7.68,
2026-07-13,ETF,科创50ETF易方达期权_.xls,科创50ETF易方达,科创板50购9月1300,10011097,,9月,1300.0,1.3,call,0.7181,0.6931,0.7089,1.0,1.0,78.0,348.0,14.0,588596.0,0.841,0.7793,0.7932,0.71,1e-06,0.9646,0.1398,0.0007,-0.0004,0.0024,0.7563,0.0056619999999999995,2.84,2.73,
2026-07-13,ETF,科创50ETF易方达期权_.xls,科创50ETF易方达,科创板50沽9月1300,10011098,,9月,1300.0,1.3,put,0.0119,0.0108,0.0117,1.0,2.0,2118.0,3928.0,-475.0,223138.0,0.0071,0.007,0.0122,0.007,0.0065439999999999995,-0.0436,0.1552,0.0008,-0.0004,-0.0002,0.0087,-0.0056619999999999995,171.09,-7.46,
2026-07-13,ETF,科创50ETF易方达期权_.xls,科创50ETF易方达,科创板50购9月1350,10011075,,9月,1350.0,1.35,call,0.65,0.6467,0.6622,1.0,1.0,72.0,479.0,-1.0,509927.0,0.791,0.729,0.7459,0.6488,1e-06,0.9524,0.1776,0.0009,-0.0005,0.0025,0.7103,0.005081,3.13,2.98,
2026-07-13,ETF,科创50ETF易方达期权_.xls,科创50ETF易方达,科创板50沽9月1350,10011076,,9月,1350.0,1.35,put,0.0151,0.0142,0.0156,1.0,9.0,1479.0,7166.0,-155.0,181608.0,0.0093,0.0124,0.0156,0.0094,0.006429000000000001,-0.0543,0.1882,0.001,-0.0004,-0.0003,0.0122,-0.005081,134.83,-7.33,
2026-07-13,ETF,科创50ETF易方达期权_.xls,科创50ETF易方达,科创板50购9月1400,10011043,,9月,1400.0,1.4,call,0.6,0.601,0.6162,1.0,1.0,76.0,814.0,-1.0,511020.0,0.741,0.6926,0.6941,0.6,1e-06,0.9377,0.2197,0.0011,-0.0006,0.0025,0.6654,0.004543,3.39,3.18,
2026-07-13,ETF,科创50ETF易方达期权_.xls,科创50ETF易方达,科创板50沽9月1400,10011052,,9月,1400.0,1.4,put,0.0187,0.0183,0.0196,1.0,1.0,1268.0,2569.0,427.0,212041.0,0.0118,0.0128,0.0201,0.0118,0.006293999999999999,-0.0664,0.2249,0.0012,-0.0005,-0.0003,0.0168,-0.004543,108.88,-7.23,
2026-07-13,ETF,科创50ETF易方达期权_.xls,科创50ETF易方达,科创板50购9月1450,10011044,,9月,1450.0,1.45,call,0.5455,0.5569,0.5715,1.0,1.0,83.0,893.0,12.0,518505.0,0.691,0.66,0.66,0.5455,1e-06,0.9204,0.2652,0.0013,-0.0007,0.0025,0.6215,0.0040409999999999995,3.73,3.44,
2026-07-13,ETF,科创50ETF易方达期权_.xls,科创50ETF易方达,科创板50沽9月1450,10011053,,9月,1450.0,1.45,put,0.0234,0.023,0.025,1.0,1.0,403.0,1513.0,14.0,80700.0,0.0153,0.0165,0.025,0.0153,0.006192,-0.0813,0.2668,0.0014,-0.0006,-0.0004,0.0226,-0.0040409999999999995,87.01,-7.07,
2026-07-13,ETF,科创50ETF易方达期权_.xls,科创50ETF易方达,科创板50购9月1500,10011045,,9月,1500.0,1.5,call,0.509,0.5138,0.5279,1.0,1.0,55.0,764.0,0.0,310539.0,0.641,0.5989,0.6026,0.509,1e-06,0.9005,0.3133,0.0016,-0.0008,0.0025,0.579,0.0035729999999999994,4.0,3.6,
2026-07-13,ETF,科创50ETF易方达期权_.xls,科创50ETF易方达,科创板50沽9月1500,10011054,,9月,1500.0,1.5,put,0.0309,0.0289,0.0316,1.0,1.0,603.0,1882.0,-86.0,167767.0,0.0197,0.0217,0.0326,0.0198,0.0062109999999999995,-0.1018,0.3145,0.0016,-0.0007,-0.0005,0.0296,-0.0035729999999999994,65.89,-6.71,
2026-07-13,ETF,科创50ETF易方达期权_.xls,科创50ETF易方达,科创板50购9月1550,10011046,,9月,1550.0,1.55,call,0.4634,0.4722,0.4857,1.0,1.0,59.0,1223.0,4.0,313324.0,0.591,0.5503,0.559,0.4634,1e-06,0.8779,0.3627,0.0018,-0.0009,0.0025,0.538,0.003135,4.39,3.86,
2026-07-13,ETF,科创50ETF易方达期权_.xls,科创50ETF易方达,科创板50沽9月1550,10011055,,9月,1550.0,1.55,put,0.0383,0.0361,0.038,1.0,12.0,2219.0,1609.0,183.0,748472.0,0.0248,0.0277,0.0399,0.0245,0.006142,-0.1224,0.3627,0.0018,-0.0007,-0.0006,0.0381,-0.003135,53.16,-6.51,
2026-07-13,ETF,科创50ETF易方达期权_.xls,科创50ETF易方达,科创板50购9月1600,10011047,,9月,1600.0,1.6,call,0.4358,0.4317,0.4447,1.0,1.0,55.0,874.0,0.0,267980.0,0.541,0.4916,0.5191,0.4346,1e-06,0.8529,0.4123,0.0021,-0.001,0.0025,0.4985,0.002725,4.67,3.98,
2026-07-13,ETF,科创50ETF易方达期权_.xls,科创50ETF易方达,科创板50沽9月1600,10011056,,9月,1600.0,1.6,put,0.0473,0.0449,0.0492,1.0,1.0,2511.0,3056.0,146.0,1085496.0,0.032,0.0352,0.0508,0.0317,0.006091,-0.1459,0.4128,0.0021,-0.0008,-0.0007,0.0481,-0.002725,43.04,-6.28,
2026-07-13,ETF,科创50ETF易方达期权_.xls,科创50ETF易方达,科创板50购9月1650,10011048,,9月,1650.0,1.65,call,0.3941,0.3929,0.4052,1.0,1.0,82.0,2177.0,0.0,352662.0,0.491,0.4711,0.476,0.3941,1e-06,0.8255,0.4609,0.0023,-0.0011,0.0024,0.4606,0.002339,5.17,4.26,
2026-07-13,ETF,科创50ETF易方达期权_.xls,科创50ETF易方达,科创板50沽9月1650,10011057,,9月,1650.0,1.65,put,0.0581,0.0556,0.0602,1.0,1.0,3525.0,3029.0,234.0,1770223.0,0.0409,0.0445,0.062,0.0382,0.006056000000000001,-0.1724,0.463,0.0023,-0.0009,-0.0008,0.0598,-0.002339,35.04,-6.04,
2026-07-13,ETF,科创50ETF易方达期权_.xls,科创50ETF易方达,科创板50购9月1700,10011049,,9月,1700.0,1.7,call,0.3652,0.3563,0.3682,1.0,1.0,30.0,3632.0,-1.0,124087.0,0.441,0.43,0.4381,0.3652,0.0033740000000000003,0.9083,0.536,0.0015,-0.0005,0.003,0.4245,0.0019760000000000003,5.58,5.06,
2026-07-13,ETF,科创50ETF易方达期权_.xls,科创50ETF易方达,科创板50沽9月1700,10011058,,9月,1700.0,1.7,put,0.0716,0.0686,0.073,1.0,1.0,1868.0,5310.0,-126.0,1147364.0,0.0506,0.0551,0.076,0.0488,0.006064000000000001,-0.2022,0.5104,0.0026,-0.001,-0.001,0.0733,-0.0019760000000000003,28.44,-5.75,
2026-07-13,ETF,科创50ETF易方达期权_.xls,科创50ETF易方达,科创板50购9月1750,10011050,,9月,1750.0,1.75,call,0.329,0.3217,0.3329,1.0,1.0,21.0,5068.0,-7.0,76138.0,0.398,0.3789,0.3955,0.329,0.0036959999999999996,0.8538,0.681,0.0021,-0.0007,0.0028,0.3903,0.0016339999999999998,6.19,5.28,
2026-07-13,ETF,科创50ETF易方达期权_.xls,科创50ETF易方达,科创板50沽9月1750,10011059,,9月,1750.0,1.75,put,0.0863,0.0834,0.0866,1.0,7.0,1511.0,7439.0,-13.0,1132392.0,0.0625,0.0679,0.0911,0.06,0.006048,-0.2333,0.5557,0.0028,-0.0011,-0.0011,0.0886,-0.0016339999999999998,23.59,-5.5,
2026-07-13,ETF,科创50ETF易方达期权_.xls,科创50ETF易方达,科创板50购9月1800,10011051,,9月,1800.0,1.8,call,0.29,0.2897,0.29,1.0,2.0,217.0,5608.0,5.0,681204.0,0.3569,0.3435,0.3688,0.28,0.003699,0.8111,0.8029,0.0025,-0.0008,0.0027,0.3579,0.0013109999999999999,7.02,5.69,
2026-07-13,ETF,科创50ETF易方达期权_.xls,科创50ETF易方达,科创板50沽9月1800,10011060,,9月,1800.0,1.8,put,0.103,0.1004,0.1059,1.0,1.0,982.0,5099.0,135.0,898149.0,0.077,0.0743,0.1099,0.0726,0.006039,-0.2661,0.597,0.003,-0.0012,-0.0013,0.1057,-0.0013109999999999999,19.77,-5.26,
2026-07-13,ETF,科创50ETF易方达期权_.xls,科创50ETF易方达,科创板50购9月1850,10011577,,9月,1850.0,1.85,call,0.28,0.262,0.2702,2.0,1.0,67.0,1711.0,6.0,207711.0,0.325,0.3365,0.3365,0.279,0.004606,0.7297,0.789,0.003,-0.0011,0.0024,0.3273,0.001005,7.27,5.31,
2026-07-13,ETF,科创50ETF易方达期权_.xls,科创50ETF易方达,科创板50沽9月1850,10011579,,9月,1850.0,1.85,put,0.1232,0.1194,0.1256,1.0,1.0,469.0,1536.0,133.0,547648.0,0.0924,0.0905,0.1299,0.0905,0.006081,-0.3011,0.629,0.0032,-0.0012,-0.0015,0.1248,-0.001005,16.53,-4.98,
2026-07-13,ETF,科创50ETF易方达期权_.xls,科创50ETF易方达,科创板50购9月1900,10011578,,9月,1900.0,1.9,call,0.235,0.2328,0.2421,1.0,1.0,98.0,2596.0,-3.0,235836.0,0.2971,0.289,0.289,0.2251,0.004182,0.6954,0.9194,0.0032,-0.0011,0.0024,0.2987,0.000716,8.66,6.03,
2026-07-13,ETF,科创50ETF易方达期权_.xls,科创50ETF易方达,科创板50沽9月1900,10011580,,9月,1900.0,1.9,put,0.1459,0.1412,0.1477,1.0,1.0,578.0,3211.0,-87.0,728218.0,0.1111,0.1081,0.1511,0.1044,0.006137,-0.3365,0.6532,0.0033,-0.0013,-0.0017,0.1457,-0.000716,13.95,-4.7,
2026-07-13,ETF,科创50ETF易方达期权_.xls,科创50ETF易方达,科创板50购9月1950,10011613,,9月,1950.0,1.95,call,0.2094,0.2074,0.2161,1.0,1.0,248.0,903.0,-68.0,565851.0,0.2639,0.2569,0.2739,0.2019,0.004304,0.6433,0.9516,0.0034,-0.0011,0.0022,0.2719,0.000441,9.72,6.25,
2026-07-13,ETF,科创50ETF易方达期权_.xls,科创50ETF易方达,科创板50沽9月1950,10011614,,9月,1950.0,1.95,put,0.1643,0.1653,0.1722,1.0,1.0,133.0,1609.0,52.0,192466.0,0.1284,0.1287,0.173,0.123,0.006009,-0.3713,0.6909,0.0034,-0.0013,-0.0018,0.1685,-0.000441,12.39,-4.6,
2026-07-13,ETF,科创50ETF易方达期权_.xls,科创50ETF易方达,科创板50购9月2000,10011629,,9月,2000.0,2.0,call,0.1926,0.1868,0.1928,2.0,1.0,854.0,1759.0,22.0,1826141.0,0.2379,0.2257,0.2788,0.1772,0.0045899999999999995,0.5923,0.9289,0.0035,-0.0012,0.002,0.247,0.00018,10.57,6.26,
2026-07-13,ETF,科创50ETF易方达期权_.xls,科创50ETF易方达,科创板50沽9月2000,10011630,,9月,2000.0,2.0,put,0.195,0.1919,0.1992,1.0,1.0,564.0,1485.0,-42.0,1002347.0,0.1553,0.169,0.2043,0.1488,0.006182999999999999,-0.407,0.6892,0.0035,-0.0014,-0.002,0.1931,-0.00018,10.44,-4.25,
2026-07-13,ETF,科创50ETF易方达期权_.xls,科创50ETF易方达,科创板50购9月2050,10011653,,9月,2050.0,2.05,call,0.1686,0.1686,0.1718,10.0,1.0,1066.0,712.0,-172.0,1956383.0,0.2137,0.196,0.2527,0.1595,0.004594,0.5451,0.9477,0.0036,-0.0013,0.0019,0.2239,-6.8e-05,12.08,6.58,
2026-07-13,ETF,科创50ETF易方达期权_.xls,科创50ETF易方达,科创板50沽9月2050,10011654,,9月,2050.0,2.05,put,0.2251,0.2207,0.2283,1.0,1.0,231.0,696.0,-78.0,498879.0,0.1774,0.1952,0.2795,0.1757,0.0062840000000000005,-0.4411,0.6896,0.0036,-0.0014,-0.0022,0.2196,6.8e-05,9.04,-3.99,
2026-07-13,ETF,科创50ETF易方达期权_.xls,科创50ETF易方达,科创板50购9月2100,10011673,,9月,2100.0,2.1,call,0.1475,0.1456,0.1501,1.0,1.0,871.0,4050.0,50.0,1486416.0,0.1918,0.1745,0.1994,0.14,0.004613000000000001,0.4987,0.9497,0.0036,-0.0013,0.0017,0.2026,-0.000305,13.8,6.88,
2026-07-13,ETF,科创50ETF易方达期权_.xls,科创50ETF易方达,科创板50沽9月2100,10011675,,9月,2100.0,2.1,put,0.262,0.2513,0.2598,1.0,1.0,270.0,546.0,-100.0,646345.0,0.2054,0.1338,0.2641,0.1338,0.006523,-0.4718,0.67,0.0036,-0.0015,-0.0024,0.2477,0.000305,7.77,-3.67,
2026-07-13,ETF,科创50ETF易方达期权_.xls,科创50ETF易方达,科创板50购9月2150,10011674,,9月,2150.0,2.15,call,0.1322,0.1292,0.1363,1.0,1.0,2108.0,6736.0,-865.0,3083651.0,0.1735,0.1572,0.1782,0.1225,0.004732,0.4565,0.9205,0.0036,-0.0013,0.0016,0.1829,-0.00053,15.4,7.03,
2026-07-13,ETF,科创50ETF易方达期权_.xls,科创50ETF易方达,科创板50沽9月2150,10011676,,9月,2150.0,2.15,put,0.2957,0.2839,0.2931,1.0,1.0,73.0,929.0,-7.0,189463.0,0.2383,0.2385,0.2979,0.2266,0.006628,-0.5021,0.661,0.0036,-0.0015,-0.0026,0.2776,0.00053,6.89,-3.46,
2026-07-13,ETF,科创50ETF易方达期权_.xls,科创50ETF易方达,科创板50购9月2200,10011835,,9月,2200.0,2.2,call,0.1132,0.1141,0.1209,1.0,1.0,309.0,1501.0,126.0,407602.0,0.1537,0.1436,0.158,0.0867,0.00469,0.4123,0.9115,0.0035,-0.0012,0.0015,0.1648,-0.000745,17.99,7.42,
2026-07-13,ETF,科创50ETF易方达期权_.xls,科创50ETF易方达,科创板50沽9月2200,10011836,,9月,2200.0,2.2,put,0.325,0.3184,0.3282,1.0,1.0,47.0,555.0,26.0,133593.0,0.267,0.2951,0.325,0.266,0.006570999999999999,-0.5343,0.6643,0.0036,-0.0015,-0.0028,0.3091,0.000745,6.26,-3.35,
2026-07-13,ETF,科创50ETF易方达期权_.xls,科创50ETF易方达,科创板50购9月2250,10011847,,9月,2250.0,2.25,call,0.104,0.1011,0.1076,1.0,1.0,317.0,837.0,20.0,377449.0,0.1416,0.1255,0.1371,0.0988,0.004874,0.379,0.8572,0.0035,-0.0012,0.0013,0.1482,-0.000951,19.58,7.42,
2026-07-13,ETF,科创50ETF易方达期权_.xls,科创50ETF易方达,科创板50沽9月2250,10011848,,9月,2250.0,2.25,put,0.369,0.3548,0.3653,1.0,1.0,22.0,251.0,11.0,71409.0,0.3017,0.3036,0.369,0.3036,0.006881999999999999,-0.5563,0.6303,0.0036,-0.0015,-0.003,0.3421,0.000951,5.52,-3.07,
2026-07-13,ETF,科创50ETF易方达期权_.xls,科创50ETF易方达,科创板50购9月2300,10011963,,9月,2300.0,2.3,call,0.0916,0.0898,0.0958,1.0,1.0,1902.0,2033.0,449.0,1908201.0,0.1243,0.1127,0.126,0.0865,1e-06,0.3917,0.6883,0.0035,-0.0016,0.0013,0.1331,-0.001148,22.23,8.71,
2026-07-13,ETF,科创50ETF易方达期权_.xls,科创50ETF易方达,科创板50沽9月2300,10011964,,9月,2300.0,2.3,put,0.395,0.3927,0.4038,1.0,1.0,7.0,174.0,5.0,24334.0,0.3414,0.3399,0.395,0.3389,1e-06,-0.6083,0.6883,0.0035,-0.0013,-0.0032,0.3765,0.001148,5.15,-3.14,
2026-07-13,ETF,科创50ETF易方达期权_.xls,科创50ETF易方达,科创板50购9月2350,10011987,,9月,2350.0,2.35,call,0.082,0.0795,0.0854,1.0,1.0,2333.0,2027.0,489.0,2174931.0,0.1115,0.1004,0.1121,0.0759,1e-06,0.3619,0.6715,0.0034,-0.0015,0.0012,0.1193,-0.001336,24.83,8.99,
2026-07-13,ETF,科创50ETF易方达期权_.xls,科创50ETF易方达,科创板50沽9月2350,10011989,,9月,2350.0,2.35,put,0.3764,0.4319,0.4434,1.0,1.0,10.0,69.0,10.0,37640.0,0.3787,0.3764,0.3764,0.3764,1e-06,-0.6381,0.6715,0.0034,-0.0012,-0.0034,0.4122,0.001336,5.41,-3.45,
2026-07-13,ETF,科创50ETF易方达期权_.xls,科创50ETF易方达,科创板50购9月2400,10011988,,9月,2400.0,2.4,call,0.0737,0.0706,0.0762,1.0,1.0,2744.0,3616.0,273.0,2270800.0,0.1014,0.0907,0.1006,0.0667,1e-06,0.3336,0.6516,0.0033,-0.0015,0.0011,0.1068,-0.0015170000000000001,27.63,9.21,
2026-07-13,ETF,科创50ETF易方达期权_.xls,科创50ETF易方达,科创板50沽9月2400,10011990,,9月,2400.0,2.4,put,0.4659,0.4722,0.4844,1.0,1.0,22.0,227.0,-5.0,98258.0,0.4173,0.4612,0.4896,0.4156,1e-06,-0.6664,0.6516,0.0033,-0.0012,-0.0036,0.4493,0.0015170000000000001,4.37,-2.91,
2026-07-13,ETF,科创50ETF易方达期权_.xls,科创50ETF易方达,科创板50购9月2450,10012023,,9月,2450.0,2.45,call,0.0652,0.0631,0.0683,1.0,1.0,11846.0,9488.0,2821.0,8955485.0,0.09,0.0801,0.0922,0.0584,1e-06,0.3067,0.6291,0.0032,-0.0014,0.0011,0.0954,-0.0016899999999999999,31.23,9.58,
2026-07-13,ETF,科创50ETF易方达期权_.xls,科创50ETF易方达,科创板50沽9月2450,10012024,,9月,2450.0,2.45,put,0.4535,0.5137,0.5264,1.0,1.0,16.0,414.0,0.0,72588.0,0.457,0.4544,0.4544,0.4473,1e-06,-0.6933,0.6291,0.0032,-0.0011,-0.0038,0.4875,0.0016899999999999999,4.49,-3.11,
2026-07-13,ETF,科创50ETF易方达期权_.xls,科创50ETF易方达,科创板50购12月1250,10011517,,12月,1250.0,1.25,call,0.7123,0.7007,0.7251,1.0,1.0,10.0,779.0,-10.0,71502.0,0.891,0.718,0.7408,0.7032,1e-06,0.9497,0.1472,0.0014,-0.0004,0.005,0.828,0.006288,2.86,2.71,
2026-07-13,ETF,科创50ETF易方达期权_.xls,科创50ETF易方达,科创板50沽12月1250,10011518,,12月,1250.0,1.25,put,0.0302,0.029,0.0302,1.0,1.0,2850.0,4443.0,-915.0,774484.0,0.0227,0.0235,0.0338,0.0216,0.005966,-0.0707,0.1662,0.0018,-0.0003,-0.0008,0.017,-0.006288,67.42,-4.77,
2026-07-13,ETF,科创50ETF易方达期权_.xls,科创50ETF易方达,科创板50购12月1300,10011497,,12月,1300.0,1.3,call,0.67,0.6583,0.6821,1.0,1.0,2.0,203.0,2.0,13538.0,0.841,0.6838,0.6838,0.67,1e-06,0.9368,0.1762,0.0017,-0.0004,0.005,0.7843,0.0056619999999999995,3.04,2.85,
2026-07-13,ETF,科创50ETF易方达期权_.xls,科创50ETF易方达,科创板50沽12月1300,10011506,,12月,1300.0,1.3,put,0.0365,0.0357,0.0386,1.0,1.0,2089.0,1481.0,-586.0,706806.0,0.0282,0.029,0.0406,0.0278,0.005908,-0.0835,0.1904,0.0021,-0.0004,-0.0009,0.0223,-0.0056619999999999995,55.78,-4.66,
2026-07-13,ETF,科创50ETF易方达期权_.xls,科创50ETF易方达,科创板50购12月1350,10011498,,12月,1350.0,1.35,call,0.636,0.6173,0.6404,1.0,1.0,3.0,223.0,-1.0,19314.0,0.791,0.6649,0.6649,0.6305,1e-06,0.9221,0.2069,0.002,-0.0005,0.0051,0.7417,0.005081,3.2,2.95,
2026-07-13,ETF,科创50ETF易方达期权_.xls,科创50ETF易方达,科创板50沽12月1350,10011507,,12月,1350.0,1.35,put,0.0422,0.0436,0.0471,1.0,1.0,533.0,1173.0,78.0,214501.0,0.0349,0.0352,0.0484,0.0325,0.005787,-0.0959,0.2155,0.0023,-0.0004,-0.0011,0.0286,-0.005081,48.25,-4.63,
2026-07-13,ETF,科创50ETF易方达期权_.xls,科创50ETF易方达,科创板50购12月1400,10011499,,12月,1400.0,1.4,call,0.5985,0.5779,0.6003,1.0,1.0,51.0,319.0,-17.0,319300.0,0.741,0.6721,0.6758,0.5985,1e-06,0.9056,0.2389,0.0023,-0.0005,0.0051,0.7002,0.004543,3.4,3.08,
2026-07-13,ETF,科创50ETF易方达期权_.xls,科创50ETF易方达,科创板50沽12月1400,10011508,,12月,1400.0,1.4,put,0.0542,0.0528,0.0572,1.0,1.0,603.0,589.0,58.0,309624.0,0.0424,0.0449,0.0583,0.0417,0.005886,-0.1155,0.2424,0.0027,-0.0004,-0.0013,0.0362,-0.004543,37.56,-4.34,
2026-07-13,ETF,科创50ETF易方达期权_.xls,科创50ETF易方达,科创板50购12月1450,10011500,,12月,1450.0,1.45,call,0.6456,0.5399,0.5616,1.0,1.0,0.0,229.0,0.0,0.0,0.691,0.6456,0.6456,0.6456,0.00457,0.9078,0.2651,0.0023,-0.0005,0.0054,0.66,0.0040409999999999995,3.15,2.86,
2026-07-13,ETF,科创50ETF易方达期权_.xls,科创50ETF易方达,科创板50沽12月1450,10011509,,12月,1450.0,1.45,put,0.0645,0.0634,0.0691,1.0,1.0,180.0,950.0,6.0,107270.0,0.0514,0.0509,0.0679,0.0488,0.005861999999999999,-0.1331,0.2688,0.0029,-0.0005,-0.0015,0.045,-0.0040409999999999995,31.57,-4.2,
2026-07-13,ETF,科创50ETF易方达期权_.xls,科创50ETF易方达,科创板50购12月1500,10011501,,12月,1500.0,1.5,call,0.593,0.5036,0.5246,1.0,1.0,12.0,592.0,8.0,70076.0,0.641,0.5832,0.593,0.575,0.004085,0.9077,0.2969,0.0023,-0.0004,0.0056,0.6211,0.0035729999999999994,3.43,3.12,
2026-07-13,ETF,科创50ETF易方达期权_.xls,科创50ETF易方达,科创板50沽12月1500,10011510,,12月,1500.0,1.5,put,0.0772,0.0755,0.0822,1.0,1.0,269.0,716.0,31.0,192444.0,0.0617,0.053,0.0818,0.053,0.005876,-0.1529,0.2945,0.0032,-0.0005,-0.0017,0.0551,-0.0035729999999999994,26.37,-4.03,
2026-07-13,ETF,科创50ETF易方达期权_.xls,科创50ETF易方达,科创板50购12月1550,10011502,,12月,1550.0,1.55,call,0.505,0.4691,0.4893,1.0,1.0,12.0,275.0,0.0,63520.0,0.591,0.5465,0.5529,0.505,1e-06,0.8461,0.3368,0.0032,-0.0006,0.0051,0.5837,0.003135,4.03,3.41,
2026-07-13,ETF,科创50ETF易方达期权_.xls,科创50ETF易方达,科创板50沽12月1550,10011511,,12月,1550.0,1.55,put,0.0915,0.0892,0.095,1.0,5.0,66.0,966.0,-10.0,57375.0,0.0741,0.0759,0.0966,0.0759,0.005896,-0.1739,0.3191,0.0035,-0.0006,-0.002,0.0667,-0.003135,22.25,-3.87,
2026-07-13,ETF,科创50ETF易方达期权_.xls,科创50ETF易方达,科创板50购12月1600,10011503,,12月,1600.0,1.6,call,0.4556,0.4365,0.4559,1.0,1.0,20.0,931.0,20.0,92360.0,0.541,0.468,0.468,0.4556,1e-06,0.8233,0.3683,0.0035,-0.0007,0.0051,0.5477,0.002725,4.47,3.68,
2026-07-13,ETF,科创50ETF易方达期权_.xls,科创50ETF易方达,科创板50沽12月1600,10011512,,12月,1600.0,1.6,put,0.1084,0.1048,0.1085,1.0,1.0,75.0,1209.0,-16.0,77599.0,0.087,0.0926,0.1125,0.0874,0.005944,-0.1963,0.3413,0.0038,-0.0006,-0.0023,0.0796,-0.002725,18.78,-3.69,
2026-07-13,ETF,科创50ETF易方达期权_.xls,科创50ETF易方达,科创板50购12月1650,10011504,,12月,1650.0,1.65,call,0.4537,0.4066,0.4231,1.0,1.0,3.0,422.0,-2.0,14023.0,0.491,0.4772,0.4772,0.4537,0.0034369999999999995,0.8677,0.4566,0.0029,-0.0005,0.0059,0.5132,0.002339,4.49,3.89,
2026-07-13,ETF,科创50ETF易方达期权_.xls,科创50ETF易方达,科创板50沽12月1650,10011513,,12月,1650.0,1.65,put,0.128,0.126,0.1281,2.0,1.0,27.0,723.0,12.0,31261.0,0.1005,0.1074,0.13,0.1021,0.006019,-0.2198,0.3603,0.004,-0.0007,-0.0026,0.0941,-0.002339,15.91,-3.5,
2026-07-13,ETF,科创50ETF易方达期权_.xls,科创50ETF易方达,科创板50购12月1700,10011505,,12月,1700.0,1.7,call,0.385,0.3745,0.3924,1.0,1.0,30.0,332.0,13.0,122588.0,0.4603,0.4918,0.4918,0.385,0.002396,0.9081,0.5044,0.0023,-0.0003,0.0066,0.4801,0.0019760000000000003,5.29,4.8,
2026-07-13,ETF,科创50ETF易方达期权_.xls,科创50ETF易方达,科创板50沽12月1700,10011514,,12月,1700.0,1.7,put,0.1455,0.1408,0.15,1.0,1.0,366.0,659.0,-99.0,470267.0,0.119,0.1211,0.15,0.1175,0.006004999999999999,-0.2421,0.3812,0.0043,-0.0007,-0.0029,0.1101,-0.0019760000000000003,13.99,-3.39,
2026-07-13,ETF,科创50ETF易方达期权_.xls,科创50ETF易方达,科创板50购12月1750,10011527,,12月,1750.0,1.75,call,0.3488,0.3467,0.3637,1.0,1.0,9.0,426.0,-9.0,31580.0,0.4176,0.394,0.394,0.3444,0.002597,0.8583,0.6331,0.0031,-0.0004,0.0063,0.4487,0.0016339999999999998,5.84,5.01,
2026-07-13,ETF,科创50ETF易方达期权_.xls,科创50ETF易方达,科创板50沽12月1750,10011528,,12月,1750.0,1.75,put,0.1668,0.1618,0.172,1.0,1.0,433.0,584.0,-182.0,628344.0,0.138,0.1383,0.1717,0.1376,0.006046,-0.2656,0.3975,0.0045,-0.0007,-0.0032,0.1276,-0.0016339999999999998,12.21,-3.24,
2026-07-13,ETF,科创50ETF易方达期权_.xls,科创50ETF易方达,科创板50购12月1800,10011539,,12月,1800.0,1.8,call,0.3222,0.3209,0.3372,1.0,1.0,28.0,508.0,-5.0,93873.0,0.3898,0.3713,0.3713,0.318,0.0029249999999999996,0.7966,0.7085,0.0039,-0.0005,0.0058,0.4187,0.0013109999999999999,6.32,5.03,
2026-07-13,ETF,科创50ETF易方达期权_.xls,科创50ETF易方达,科创板50沽12月1800,10011540,,12月,1800.0,1.8,put,0.1838,0.1848,0.1955,1.0,1.0,753.0,790.0,-134.0,1342439.0,0.1591,0.1699,0.1957,0.158,0.005961999999999999,-0.2882,0.4194,0.0047,-0.0008,-0.0035,0.1467,-0.0013109999999999999,11.08,-3.19,
2026-07-13,ETF,科创50ETF易方达期权_.xls,科创50ETF易方达,科创板50购12月1850,10011581,,12月,1850.0,1.85,call,0.2967,0.2966,0.3121,1.0,1.0,72.0,502.0,-25.0,227425.0,0.3611,0.3586,0.3586,0.2931,0.0031420000000000003,0.7441,0.7501,0.0044,-0.0006,0.0055,0.3903,0.001005,6.86,5.11,
2026-07-13,ETF,科创50ETF易方达期权_.xls,科创50ETF易方达,科创板50沽12月1850,10011583,,12月,1850.0,1.85,put,0.2131,0.2094,0.2207,1.0,1.0,344.0,493.0,-249.0,699611.0,0.1773,0.187,0.2176,0.1799,0.006111999999999999,-0.3128,0.4246,0.0048,-0.0008,-0.0038,0.1673,-0.001005,9.55,-2.99,
2026-07-13,ETF,科创50ETF易方达期权_.xls,科创50ETF易方达,科创板50购12月1900,10011582,,12月,1900.0,1.9,call,0.2747,0.2737,0.2884,1.0,1.0,38.0,637.0,-25.0,114905.0,0.3349,0.3189,0.3228,0.2702,0.003348,0.6951,0.7665,0.0048,-0.0006,0.0051,0.3634,0.000716,7.41,5.15,
2026-07-13,ETF,科创50ETF易方达期权_.xls,科创50ETF易方达,科创板50沽12月1900,10011584,,12月,1900.0,1.9,put,0.238,0.2353,0.243,1.0,5.0,176.0,961.0,-146.0,401802.0,0.2034,0.2033,0.2436,0.2032,0.006138,-0.3362,0.4355,0.005,-0.0008,-0.0041,0.1894,-0.000716,8.55,-2.88,
2026-07-13,ETF,科创50ETF易方达期权_.xls,科创50ETF易方达,科创板50购12月1950,10011615,,12月,1950.0,1.95,call,0.2522,0.2527,0.267,1.0,1.0,71.0,744.0,-37.0,200667.0,0.3107,0.3107,0.3108,0.249,0.003475,0.6512,0.78,0.005,-0.0007,0.0048,0.338,0.000441,8.07,5.26,
2026-07-13,ETF,科创50ETF易方达期权_.xls,科创50ETF易方达,科创板50沽12月1950,10011616,,12月,1950.0,1.95,put,0.2616,0.2634,0.2756,1.0,1.0,116.0,908.0,-93.0,289130.0,0.2306,0.2284,0.2749,0.2283,0.006113,-0.3596,0.4483,0.0051,-0.0008,-0.0045,0.2129,-0.000441,7.78,-2.8,
2026-07-13,ETF,科创50ETF易方达期权_.xls,科创50ETF易方达,科创板50购12月2000,10011631,,12月,2000.0,2.0,call,0.2354,0.2328,0.2468,1.0,1.0,49.0,1286.0,-34.0,129863.0,0.2881,0.2821,0.2821,0.23,0.00366,0.6094,0.7685,0.0052,-0.0007,0.0045,0.314,0.00018,8.65,5.27,
2026-07-13,ETF,科创50ETF易方达期权_.xls,科创50ETF易方达,科创板50沽12月2000,10011632,,12月,2000.0,2.0,put,0.2955,0.3034,0.3055,3.0,1.0,409.0,1079.0,-158.0,1086489.0,0.252,0.2549,0.3027,0.2526,0.006263000000000001,-0.3819,0.4461,0.0052,-0.0009,-0.0048,0.238,-0.00018,6.89,-2.63,
2026-07-13,ETF,科创50ETF易方达期权_.xls,科创50ETF易方达,科创板50购12月2050,10011655,,12月,2050.0,2.05,call,0.2196,0.2148,0.2279,1.0,1.0,51.0,734.0,16.0,115901.0,0.2678,0.262,0.262,0.2158,0.0038159999999999995,0.5715,0.7538,0.0054,-0.0007,0.0042,0.2914,-6.8e-05,9.27,5.3,
2026-07-13,ETF,科创50ETF易方达期权_.xls,科创50ETF易方达,科创板50沽12月2050,10011656,,12月,2050.0,2.05,put,0.3238,0.3238,0.3368,1.0,1.0,264.0,658.0,-143.0,783007.0,0.2844,0.295,0.3361,0.284,0.00628,-0.4043,0.452,0.0053,-0.0009,-0.0052,0.2644,6.8e-05,6.29,-2.54,
2026-07-13,ETF,科创50ETF易方达期权_.xls,科创50ETF易方达,科创板50购12月2100,10011677,,12月,2100.0,2.1,call,0.2064,0.1979,0.2106,1.0,1.0,191.0,1768.0,-46.0,407194.0,0.2471,0.2489,0.2499,0.1966,0.00398,0.5371,0.7313,0.0054,-0.0008,0.004,0.2702,-0.000305,9.86,5.3,
2026-07-13,ETF,科创50ETF易方达期权_.xls,科创50ETF易方达,科创板50沽12月2100,10011679,,12月,2100.0,2.1,put,0.3669,0.3555,0.3698,1.0,1.0,354.0,1866.0,-7.0,1150420.0,0.3142,0.305,0.3669,0.305,0.006552,-0.4226,0.4377,0.0053,-0.0009,-0.0055,0.2922,0.000305,5.55,-2.35,
2026-07-13,ETF,科创50ETF易方达期权_.xls,科创50ETF易方达,科创板50购12月2150,10011678,,12月,2150.0,2.15,call,0.1882,0.1819,0.1943,1.0,1.0,36.0,4908.0,4.0,74601.0,0.2276,0.2449,0.2449,0.1804,0.004018,0.503,0.7275,0.0054,-0.0008,0.0038,0.2503,-0.00053,10.82,5.44,
2026-07-13,ETF,科创50ETF易方达期权_.xls,科创50ETF易方达,科创板50沽12月2150,10011680,,12月,2150.0,2.15,put,0.3969,0.3892,0.4041,1.0,1.0,25.0,4645.0,-2.0,96246.0,0.3417,0.3554,0.4051,0.3554,0.0065569999999999995,-0.4436,0.4413,0.0054,-0.0009,-0.0058,0.3213,0.00053,5.13,-2.28,
2026-07-13,ETF,科创50ETF易方达期权_.xls,科创50ETF易方达,科创板50购12月2200,10011837,,12月,2200.0,2.2,call,0.1689,0.1685,0.1806,1.0,1.0,14.0,640.0,4.0,25411.0,0.2124,0.1904,0.1904,0.1689,0.004006,0.4685,0.7275,0.0054,-0.0008,0.0035,0.2317,-0.000745,12.05,5.65,
2026-07-13,ETF,科创50ETF易方达期权_.xls,科创50ETF易方达,科创板50沽12月2200,10011838,,12月,2200.0,2.2,put,0.44,0.4239,0.4396,1.0,1.0,39.0,167.0,28.0,155419.0,0.375,0.37,0.44,0.37,0.0067859999999999995,-0.4596,0.4286,0.0054,-0.001,-0.0062,0.3517,0.000745,4.63,-2.13,
2026-07-13,ETF,科创50ETF易方达期权_.xls,科创50ETF易方达,科创板50购12月2250,10011849,,12月,2250.0,2.25,call,0.1601,0.1554,0.1651,1.0,1.0,80.0,757.0,34.0,154061.0,0.1972,0.1784,0.2106,0.155,0.0041600000000000005,0.4418,0.6953,0.0054,-0.0008,0.0033,0.2143,-0.000951,12.72,5.62,
2026-07-13,ETF,科创50ETF易方达期权_.xls,科创50ETF易方达,科创板50沽12月2250,10011850,,12月,2250.0,2.25,put,0.4718,0.4597,0.4761,1.0,1.0,39.0,112.0,30.0,181390.0,0.412,0.42,0.4773,0.42,0.0067870000000000005,-0.4792,0.4301,0.0054,-0.0009,-0.0065,0.3832,0.000951,4.32,-2.07,
2026-07-13,ETF,科创50ETF易方达期权_.xls,科创50ETF易方达,科创板50购12月2300,10011965,,12月,2300.0,2.3,call,0.1504,0.1432,0.1545,1.0,1.0,114.0,449.0,-52.0,179159.0,0.1837,0.1789,0.1789,0.1477,0.004273,0.4161,0.6689,0.0053,-0.0008,0.0031,0.198,-0.001148,13.54,5.63,
2026-07-13,ETF,科创50ETF易方达期权_.xls,科创50ETF易方达,科创板50沽12月2300,10011966,,12月,2300.0,2.3,put,0.5149,0.4964,0.5136,1.0,1.0,84.0,135.0,34.0,403551.0,0.4413,0.456,0.5149,0.456,0.006979999999999999,-0.4934,0.4187,0.0054,-0.001,-0.0068,0.416,0.001148,3.95,-1.95,
2026-07-13,ETF,科创50ETF易方达期权_.xls,科创50ETF易方达,科创板50购12月2350,10011991,,12月,2350.0,2.35,call,0.1379,0.132,0.1431,1.0,1.0,425.0,230.0,-262.0,672704.0,0.1676,0.1686,0.1727,0.137,0.004311,0.389,0.6516,0.0052,-0.0008,0.0029,0.1829,-0.001336,14.76,5.74,
2026-07-13,ETF,科创50ETF易方达期权_.xls,科创50ETF易方达,科创板50沽12月2350,10011993,,12月,2350.0,2.35,put,0.5507,0.5343,0.552,1.0,1.0,108.0,156.0,85.0,553261.0,0.4825,0.4939,0.5507,0.4842,0.007023999999999999,-0.5105,0.4161,0.0054,-0.001,-0.0071,0.4498,0.001336,3.7,-1.89,
2026-07-13,ETF,科创50ETF易方达期权_.xls,科创50ETF易方达,科创板50购12月2400,10011992,,12月,2400.0,2.4,call,0.121,0.1217,0.1326,1.0,2.0,235.0,820.0,-58.0,344137.0,0.1581,0.155,0.1586,0.121,0.004241,0.3574,0.6448,0.0051,-0.0007,0.0027,0.1688,-0.0015170000000000001,16.83,6.01,
2026-07-13,ETF,科创50ETF易方达期权_.xls,科创50ETF易方达,科创板50沽12月2400,10011994,,12月,2400.0,2.4,put,0.5845,0.573,0.5915,1.0,1.0,271.0,315.0,43.0,1501077.0,0.5194,0.5316,0.5932,0.5232,0.007016,-0.5285,0.4156,0.0054,-0.001,-0.0075,0.4847,0.0015170000000000001,3.48,-1.84,
2026-07-13,ETF,科创50ETF易方达期权_.xls,科创50ETF易方达,科创板50购12月2450,10012025,,12月,2450.0,2.45,call,0.117,0.1168,0.1228,6.0,1.0,2327.0,1607.0,199.0,3061479.0,0.1493,0.1367,0.1682,0.1118,0.004403000000000001,0.3405,0.6101,0.005,-0.0007,0.0026,0.1557,-0.0016899999999999999,17.4,5.93,
2026-07-13,ETF,科创50ETF易方达期权_.xls,科创50ETF易方达,科创板50沽12月2450,10012026,,12月,2450.0,2.45,put,0.6282,0.6124,0.6316,1.0,1.0,468.0,650.0,140.0,2769071.0,0.553,0.5711,0.6339,0.5557,0.007177,-0.5407,0.4052,0.0054,-0.001,-0.0078,0.5206,0.0016899999999999999,3.24,-1.75,
2026-07-13,ETF,科创50ETF华夏期权_.xls,科创50ETF华夏,科创50购7月1500,10011811,,7月,1500.0,1.5,call,0.5853,0.5876,0.5989,1.0,1.0,81.0,930.0,-19.0,512648.0,0.709,0.6647,0.7062,0.58,1e-06,0.9973,0.0319,0.0,-0.0003,0.0004,0.6021,0.004,3.59,3.58,
2026-07-13,ETF,科创50ETF华夏期权_.xls,科创50ETF华夏,科创50沽7月1500,10011812,,7月,1500.0,1.5,put,0.0006,0.0005,0.0006,299.0,50.0,4428.0,43665.0,1264.0,19993.0,0.0003,0.0004,0.0009,0.0002,0.008378,-0.0061,0.0595,0.0001,-0.0003,-0.0,0.0002,-0.004,3500.0,-21.45,
2026-07-13,ETF,科创50ETF华夏期权_.xls,科创50ETF华夏,科创50购7月1550,10011787,,7月,1550.0,1.55,call,0.5417,0.5367,0.5477,1.0,1.0,233.0,1418.0,73.0,1442928.0,0.659,0.6146,0.6508,0.5287,1e-06,0.9941,0.0642,0.0001,-0.0004,0.0004,0.5524,0.0035479999999999995,3.88,3.85,
2026-07-13,ETF,科创50ETF华夏期权_.xls,科创50ETF华夏,科创50沽7月1550,10011789,,7月,1550.0,1.55,put,0.0007,0.0006,0.0008,50.0,41.0,6051.0,24343.0,205.0,53118.0,0.0004,0.0005,0.0014,0.0004,0.007788,-0.0076,0.077,0.0001,-0.0003,-0.0,0.0005,-0.0035479999999999995,3000.0,-22.65,
2026-07-13,ETF,科创50ETF华夏期权_.xls,科创50ETF华夏,科创50购7月1600,10011788,,7月,1600.0,1.6,call,0.4915,0.4879,0.4986,1.0,1.0,435.0,2605.0,-49.0,2404363.0,0.609,0.5631,0.597,0.4871,1e-06,0.9882,0.1184,0.0001,-0.0006,0.0004,0.5031,0.003125,4.27,4.22,
2026-07-13,ETF,科创50ETF华夏期权_.xls,科创50ETF华夏,科创50沽7月1600,10011790,,7月,1600.0,1.6,put,0.0015,0.0011,0.0015,129.0,49.0,5126.0,21014.0,1594.0,56428.0,0.0004,0.0007,0.0019,0.0005,0.007829000000000001,-0.0149,0.1384,0.0001,-0.0005,-0.0,0.0011,-0.003125,1400.0,-20.86,
2026-07-13,ETF,科创50ETF华夏期权_.xls,科创50ETF华夏,科创50购7月1650,10011777,,7月,1650.0,1.65,call,0.454,0.4386,0.4489,1.0,1.0,508.0,2344.0,75.0,2602891.0,0.559,0.5126,0.5569,0.4288,0.0073549999999999996,0.9799,0.1901,0.0002,-0.0008,0.0004,0.4543,0.002727,4.63,4.53,
2026-07-13,ETF,科创50ETF华夏期权_.xls,科创50ETF华夏,科创50沽7月1650,10011778,,7月,1650.0,1.65,put,0.0019,0.0019,0.002,120.0,62.0,6089.0,22413.0,258.0,94088.0,0.001,0.001,0.0026,0.0007,0.007315,-0.0196,0.187,0.0002,-0.0006,-0.0,0.0022,-0.002727,1105.26,-21.65,
2026-07-13,ETF,科创50ETF华夏期权_.xls,科创50ETF华夏,科创50购7月1700,10011735,,7月,1700.0,1.7,call,0.3898,0.3893,0.3997,2.0,1.0,928.0,3910.0,-209.0,4237454.0,0.509,0.4632,0.5178,0.383,1e-06,0.962,0.3171,0.0003,-0.0013,0.0004,0.4063,0.002353,5.39,5.18,
2026-07-13,ETF,科创50ETF华夏期权_.xls,科创50ETF华夏,科创50沽7月1700,10011744,,7月,1700.0,1.7,put,0.0031,0.0031,0.0032,5.0,51.0,15178.0,32984.0,1017.0,423525.0,0.0016,0.0019,0.0042,0.0013,0.007102,-0.031,0.2829,0.0002,-0.0009,-0.0,0.0042,-0.002353,677.42,-20.97,
2026-07-13,ETF,科创50ETF华夏期权_.xls,科创50ETF华夏,科创50购7月1750,10011736,,7月,1750.0,1.75,call,0.3453,0.3419,0.3454,1.0,1.0,1100.0,3926.0,-167.0,4446265.0,0.459,0.4121,0.4673,0.3289,1e-06,0.9383,0.467,0.0004,-0.0018,0.0004,0.3595,0.002,6.08,5.71,
2026-07-13,ETF,科创50ETF华夏期权_.xls,科创50ETF华夏,科创50沽7月1750,10011745,,7月,1750.0,1.75,put,0.0044,0.0043,0.0045,125.0,1.0,12079.0,22968.0,-572.0,458122.0,0.0024,0.0025,0.0058,0.0017,0.006723,-0.0441,0.399,0.0003,-0.0011,-0.0,0.0073,-0.002,477.27,-21.04,
2026-07-13,ETF,科创50ETF华夏期权_.xls,科创50ETF华夏,科创50购7月1800,10011737,,7月,1800.0,1.8,call,0.2981,0.2947,0.2981,1.0,1.0,1195.0,5915.0,-591.0,4276255.0,0.409,0.3603,0.407,0.282,1e-06,0.9055,0.6457,0.0006,-0.0024,0.0004,0.3144,0.001667,7.04,6.38,
2026-07-13,ETF,科创50ETF华夏期权_.xls,科创50ETF华夏,科创50沽7月1800,10011746,,7月,1800.0,1.8,put,0.0066,0.0065,0.0066,1.0,2.0,43859.0,41743.0,-724.0,2559948.0,0.0039,0.004,0.0088,0.0026,0.006424,-0.0649,0.5675,0.0004,-0.0014,-0.0,0.0121,-0.001667,318.18,-20.66,
2026-07-13,ETF,科创50ETF华夏期权_.xls,科创50ETF华夏,科创50购7月1850,10011738,,7月,1850.0,1.85,call,0.2518,0.2495,0.2571,1.0,1.0,2389.0,8332.0,-545.0,7129755.0,0.359,0.3123,0.3711,0.2372,1e-06,0.8628,0.8421,0.0008,-0.0031,0.0004,0.2715,0.001351,8.34,7.2,
2026-07-13,ETF,科创50ETF华夏期权_.xls,科创50ETF华夏,科创50沽7月1850,10011747,,7月,1850.0,1.85,put,0.0098,0.0096,0.0108,17.0,6.0,40933.0,33817.0,6812.0,3759833.0,0.005,0.0071,0.0133,0.0039,0.006119,-0.0944,0.7908,0.0006,-0.0018,-0.0001,0.0192,-0.001351,214.29,-20.22,
2026-07-13,ETF,科创50ETF华夏期权_.xls,科创50ETF华夏,科创50购7月1900,10011739,,7月,1900.0,1.9,call,0.2085,0.207,0.2092,15.0,1.0,4172.0,9394.0,-439.0,10203255.0,0.309,0.268,0.321,0.1938,0.004541,0.9171,0.9679,0.0005,-0.0014,0.0005,0.2313,0.001053,10.07,9.24,
2026-07-13,ETF,科创50ETF华夏期权_.xls,科创50ETF华夏,科创50沽7月1900,10011748,,7月,1900.0,1.9,put,0.0162,0.0161,0.0162,2.0,31.0,78048.0,37922.0,-223.0,10337352.0,0.007,0.0091,0.0206,0.0062,0.0060409999999999995,-0.1438,1.0796,0.0008,-0.0023,-0.0001,0.0289,-0.001053,129.63,-18.64,
2026-07-13,ETF,科创50ETF华夏期权_.xls,科创50ETF华夏,科创50购7月1950,10011740,,7月,1950.0,1.95,call,0.1719,0.1712,0.1719,3.0,1.0,6201.0,11405.0,-383.0,12765145.0,0.259,0.2304,0.2781,0.155,0.005333,0.8153,1.4384,0.0009,-0.0027,0.0004,0.1942,0.0007690000000000002,12.22,9.96,
2026-07-13,ETF,科创50ETF华夏期权_.xls,科创50ETF华夏,科创50沽7月1950,10011749,,7月,1950.0,1.95,put,0.0258,0.0258,0.0261,32.0,5.0,100576.0,38882.0,-743.0,20780595.0,0.0143,0.015,0.0315,0.0097,0.005986,-0.209,1.3811,0.001,-0.0029,-0.0001,0.0418,-0.0007690000000000002,81.4,-17.01,
2026-07-13,ETF,科创50ETF华夏期权_.xls,科创50ETF华夏,科创50购7月2000,10011741,,7月,2000.0,2.0,call,0.1328,0.1305,0.1328,1.0,23.0,25555.0,20524.0,-1755.0,42283115.0,0.209,0.1918,0.2316,0.12,0.005173,0.7347,1.8226,0.0011,-0.0031,0.0004,0.1607,0.0005,15.81,11.62,
2026-07-13,ETF,科创50ETF华夏期权_.xls,科创50ETF华夏,科创50沽7月2000,10011750,,7月,2000.0,2.0,put,0.0397,0.0397,0.0399,35.0,2.0,166832.0,58718.0,-15952.0,50322484.0,0.021,0.0239,0.0472,0.0153,0.005977,-0.2894,1.6461,0.0012,-0.0035,-0.0002,0.0583,-0.0005,52.9,-15.31,
2026-07-13,ETF,科创50ETF华夏期权_.xls,科创50ETF华夏,科创50购7月2050,10011742,,7月,2050.0,2.05,call,0.1027,0.1027,0.1029,2.0,2.0,52061.0,23659.0,1847.0,69909032.0,0.1693,0.1558,0.1914,0.0912,0.005367,0.6291,2.0254,0.0013,-0.0037,0.0003,0.131,0.00024399999999999997,20.45,12.86,
2026-07-13,ETF,科创50ETF华夏期权_.xls,科创50ETF华夏,科创50沽7月2050,10011751,,7月,2050.0,2.05,put,0.0582,0.0581,0.0582,5.0,6.0,162839.0,38887.0,-5757.0,73543919.0,0.0312,0.035,0.0677,0.0238,0.005976,-0.38,1.833,0.0013,-0.0038,-0.0002,0.0785,-0.00024399999999999997,36.08,-13.71,
2026-07-13,ETF,科创50ETF华夏期权_.xls,科创50ETF华夏,科创50购7月2100,10011743,,7月,2100.0,2.1,call,0.0755,0.0754,0.0755,20.0,101.0,142712.0,38023.0,13311.0,146178886.0,0.1371,0.12,0.1541,0.0674,0.0053560000000000005,0.5232,2.1394,0.0014,-0.0038,0.0003,0.1052,0.0,27.81,14.55,
2026-07-13,ETF,科创50ETF华夏期权_.xls,科创50ETF华夏,科创50沽7月2100,10011752,,7月,2100.0,2.1,put,0.0817,0.0813,0.0817,11.0,2.0,213136.0,50234.0,-4442.0,136670687.0,0.0461,0.054,0.0943,0.036,0.005991,-0.4753,1.9122,0.0014,-0.004,-0.0003,0.1026,0.0,25.7,-12.22,
2026-07-13,ETF,科创50ETF华夏期权_.xls,科创50ETF华夏,科创50购7月2150,10011773,,7月,2150.0,2.15,call,0.0555,0.0555,0.0558,4.0,31.0,203366.0,59835.0,23626.0,163938035.0,0.1058,0.0905,0.1213,0.0491,0.005483,0.4206,2.0515,0.0014,-0.0038,0.0002,0.0831,-0.00023300000000000003,37.84,15.92,
2026-07-13,ETF,科创50ETF华夏期权_.xls,科创50ETF华夏,科创50沽7月2150,10011774,,7月,2150.0,2.15,put,0.1109,0.1109,0.111,37.0,71.0,223665.0,43177.0,-16893.0,187766785.0,0.0667,0.08,0.1259,0.0525,0.006074,-0.5681,1.862,0.0014,-0.004,-0.0004,0.1305,0.00023300000000000003,18.94,-10.76,
2026-07-13,ETF,科创50ETF华夏期权_.xls,科创50ETF华夏,科创50购7月2200,10011815,,7月,2200.0,2.2,call,0.0412,0.0412,0.0414,28.0,1.0,241717.0,72144.0,20036.0,151679805.0,0.081,0.068,0.0934,0.0358,0.00569,0.3322,1.836,0.0013,-0.0037,0.0002,0.0647,-0.000455,50.97,16.93,
2026-07-13,ETF,科创50ETF华夏期权_.xls,科创50ETF华夏,科创50沽7月2200,10011816,,7月,2200.0,2.2,put,0.1469,0.1443,0.1469,1.0,1.0,176438.0,29832.0,-10573.0,192043951.0,0.0916,0.1145,0.1627,0.0742,0.0063479999999999995,-0.6474,1.6829,0.0013,-0.0039,-0.0004,0.162,0.000455,14.3,-9.26,
2026-07-13,ETF,科创50ETF华夏期权_.xls,科创50ETF华夏,科创50购7月2250,10011825,,7月,2250.0,2.25,call,0.03,0.0299,0.03,19.0,189.0,154883.0,57948.0,14551.0,71951476.0,0.062,0.0548,0.0714,0.0273,0.0058460000000000005,0.2572,1.5875,0.0011,-0.0033,0.0001,0.0496,-0.000667,70.0,18.01,
2026-07-13,ETF,科创50ETF华夏期权_.xls,科创50ETF华夏,科创50沽7月2250,10011826,,7月,2250.0,2.25,put,0.187,0.187,0.1898,26.0,1.0,107469.0,21713.0,-9894.0,151575009.0,0.1228,0.14,0.2025,0.1021,0.006690999999999999,-0.7111,1.4693,0.0012,-0.0038,-0.0005,0.1968,0.000667,11.23,-7.99,
2026-07-13,ETF,科创50ETF华夏期权_.xls,科创50ETF华夏,科创50购7月2300,10011839,,7月,2300.0,2.3,call,0.0222,0.0221,0.0222,87.0,125.0,166024.0,76145.0,12300.0,57081140.0,0.0479,0.0388,0.0538,0.02,0.006047,0.1986,1.3264,0.001,-0.003,0.0001,0.0374,-0.0008699999999999999,94.59,18.79,
2026-07-13,ETF,科创50ETF华夏期权_.xls,科创50ETF华夏,科创50沽7月2300,10011840,,7月,2300.0,2.3,put,0.2293,0.2293,0.2325,69.0,1.0,62397.0,25532.0,-12399.0,114427993.0,0.1582,0.1701,0.2462,0.135,0.007016,-0.7626,1.2671,0.0011,-0.0035,-0.0005,0.2346,0.0008699999999999999,9.16,-6.98,
2026-07-13,ETF,科创50ETF华夏期权_.xls,科创50ETF华夏,科创50购7月2350,10011943,,7月,2350.0,2.35,call,0.0162,0.0162,0.0166,17.0,1.0,104636.0,58629.0,2561.0,26286270.0,0.0361,0.0289,0.0411,0.0146,0.00621,0.1513,1.0864,0.0008,-0.0026,0.0001,0.0278,-0.001064,129.63,19.61,
2026-07-13,ETF,科创50ETF华夏期权_.xls,科创50ETF华夏,科创50沽7月2350,10011945,,7月,2350.0,2.35,put,0.2729,0.2682,0.2766,1.0,1.0,25303.0,22991.0,-5314.0,54700027.0,0.197,0.2202,0.2899,0.1707,0.007288,-0.8056,1.0862,0.001,-0.0032,-0.0005,0.2749,0.001064,7.7,-6.2,
2026-07-13,ETF,科创50ETF华夏期权_.xls,科创50ETF华夏,科创50购7月2400,10011944,,7月,2400.0,2.4,call,0.0116,0.0116,0.0117,9.0,339.0,107807.0,67053.0,10649.0,20366004.0,0.027,0.0243,0.0307,0.0112,0.006335,0.1133,0.872,0.0007,-0.0021,0.0001,0.0204,-0.00125,181.03,20.51,
2026-07-13,ETF,科创50ETF华夏期权_.xls,科创50ETF华夏,科创50沽7月2400,10011946,,7月,2400.0,2.4,put,0.3195,0.3182,0.3206,1.0,1.0,11676.0,7674.0,-3499.0,30213869.0,0.231,0.2575,0.3381,0.2108,0.007739,-0.8337,0.9276,0.0009,-0.0031,-0.0006,0.3175,0.00125,6.57,-5.48,
2026-07-13,ETF,科创50ETF华夏期权_.xls,科创50ETF华夏,科创50购7月2450,10011971,,7月,2450.0,2.45,call,0.0086,0.0086,0.0095,2.0,19.0,75562.0,53614.0,4725.0,10514279.0,0.021,0.019,0.0233,0.0084,1e-06,0.1211,0.7721,0.0007,-0.0027,0.0001,0.0148,-0.001429,244.19,29.56,
2026-07-13,ETF,科创50ETF华夏期权_.xls,科创50ETF华夏,科创50沽7月2450,10011972,,7月,2450.0,2.45,put,0.3655,0.361,0.37,1.0,1.0,3478.0,3514.0,-1661.0,10725899.0,0.2777,0.3076,0.3806,0.254,1e-06,-0.8789,0.7721,0.0007,-0.0024,-0.0006,0.3617,0.001429,5.75,-5.05,
2026-07-13,ETF,科创50ETF华夏期权_.xls,科创50ETF华夏,科创50购7月2500,10012003,,7月,2500.0,2.5,call,0.0072,0.007,0.0072,13.0,19.0,76832.0,39726.0,-4262.0,8501651.0,0.0171,0.0142,0.0177,0.0065,1e-06,0.0914,0.6298,0.0006,-0.0022,0.0,0.0105,-0.0016,291.67,26.64,
2026-07-13,ETF,科创50ETF华夏期权_.xls,科创50ETF华夏,科创50沽7月2500,10012005,,7月,2500.0,2.5,put,0.4139,0.4087,0.4186,1.0,1.0,451.0,1473.0,1.0,1621272.0,0.3263,0.3563,0.4276,0.3066,1e-06,-0.9086,0.6298,0.0006,-0.0019,-0.0006,0.4075,0.0016,5.07,-4.61,
2026-07-13,ETF,科创50ETF华夏期权_.xls,科创50ETF华夏,科创50购7月2550,10012004,,7月,2550.0,2.55,call,0.0055,0.0055,0.0056,57.0,1.0,125464.0,116781.0,8345.0,10333194.0,0.012,0.0099,0.0131,0.005,1e-06,0.0679,0.5028,0.0005,-0.0017,0.0,0.0074,-0.0017649999999999999,381.82,25.91,
2026-07-13,ETF,科创50ETF华夏期权_.xls,科创50ETF华夏,科创50沽7月2550,10012006,,7月,2550.0,2.55,put,0.4587,0.4573,0.4675,1.0,1.0,1331.0,1734.0,-600.0,5467473.0,0.3732,0.3972,0.478,0.3473,1e-06,-0.9321,0.5028,0.0005,-0.0014,-0.0007,0.4543,0.0017649999999999999,4.58,-4.27,
2026-07-13,ETF,科创50ETF华夏期权_.xls,科创50ETF华夏,科创50购8月1900,10011905,,8月,1900.0,1.9,call,0.2559,0.256,0.2638,22.0,1.0,2051.0,4159.0,19.0,5826260.0,0.3217,0.2969,0.3466,0.2489,0.004412,0.7762,0.9191,0.0022,-0.0013,0.0017,0.3132,0.001053,8.21,6.37,
2026-07-13,ETF,科创50ETF华夏期权_.xls,科创50ETF华夏,科创50沽8月1900,10011914,,8月,1900.0,1.9,put,0.0782,0.0781,0.0791,2.0,1.0,45615.0,28117.0,4565.0,30908424.0,0.0543,0.0587,0.086,0.0509,0.0058200000000000005,-0.2679,0.7675,0.0024,-0.0015,-0.0008,0.1027,-0.001053,26.85,-7.19,
2026-07-13,ETF,科创50ETF华夏期权_.xls,科创50ETF华夏,科创50购8月1950,10011906,,8月,1950.0,1.95,call,0.2349,0.223,0.2315,1.0,1.0,539.0,1285.0,213.0,1306194.0,0.2911,0.263,0.3095,0.22,0.00496,0.7069,0.9405,0.0025,-0.0016,0.0015,0.2831,0.0007690000000000002,8.94,6.32,
2026-07-13,ETF,科创50ETF华夏期权_.xls,科创50ETF华夏,科创50沽8月1950,10011915,,8月,1950.0,1.95,put,0.0985,0.0981,0.0985,1.0,52.0,18418.0,11761.0,3445.0,15379586.0,0.069,0.078,0.1043,0.0641,0.005906,-0.3128,0.8133,0.0026,-0.0016,-0.0009,0.1223,-0.0007690000000000002,21.32,-6.67,
2026-07-13,ETF,科创50ETF华夏期权_.xls,科创50ETF华夏,科创50购8月2000,10011907,,8月,2000.0,2.0,call,0.1982,0.1961,0.2022,3.0,1.0,2382.0,5220.0,610.0,5096013.0,0.252,0.2394,0.2744,0.1892,0.004737,0.659,1.0501,0.0027,-0.0016,0.0015,0.2551,0.0005,10.6,6.98,
2026-07-13,ETF,科创50ETF华夏期权_.xls,科创50ETF华夏,科创50沽8月2000,10011916,,8月,2000.0,2.0,put,0.121,0.121,0.1212,1.0,1.0,13558.0,13055.0,1048.0,14210077.0,0.0861,0.0921,0.1263,0.08,0.005977,-0.358,0.8472,0.0028,-0.0017,-0.0011,0.144,-0.0005,17.36,-6.21,
2026-07-13,ETF,科创50ETF华夏期权_.xls,科创50ETF华夏,科创50购8月2050,10011908,,8月,2050.0,2.05,call,0.1723,0.1725,0.1759,1.0,1.0,2350.0,3013.0,310.0,4516495.0,0.2241,0.2043,0.2435,0.1631,0.004818,0.6025,1.0856,0.0028,-0.0017,0.0013,0.2291,0.00024399999999999997,12.19,7.34,
2026-07-13,ETF,科创50ETF华夏期权_.xls,科创50ETF华夏,科创50沽8月2050,10011917,,8月,2050.0,2.05,put,0.1442,0.1442,0.1446,26.0,1.0,14260.0,10405.0,948.0,17480453.0,0.1073,0.12,0.1504,0.0984,0.005985000000000001,-0.4028,0.8771,0.0029,-0.0018,-0.0012,0.1678,-0.00024399999999999997,14.56,-5.87,
2026-07-13,ETF,科创50ETF华夏期权_.xls,科创50ETF华夏,科创50购8月2100,10011909,,8月,2100.0,2.1,call,0.149,0.1491,0.15,3.0,10.0,15724.0,13167.0,4508.0,26421345.0,0.2,0.1803,0.2156,0.1407,0.004885,0.547,1.1,0.0029,-0.0017,0.0012,0.2052,0.0,14.09,7.71,
2026-07-13,ETF,科创50ETF华夏期权_.xls,科创50ETF华夏,科创50沽8月2100,10011918,,8月,2100.0,2.1,put,0.1732,0.1702,0.1732,10.0,1.0,30329.0,19259.0,1790.0,45850810.0,0.13,0.1356,0.1784,0.118,0.006111999999999999,-0.447,0.8774,0.0029,-0.0018,-0.0014,0.1935,0.0,12.12,-5.42,
2026-07-13,ETF,科创50ETF华夏期权_.xls,科创50ETF华夏,科创50购8月2150,10011910,,8月,2150.0,2.15,call,0.1287,0.1301,0.1313,20.0,1.0,20846.0,15102.0,5275.0,31925450.0,0.1752,0.1572,0.1904,0.1218,0.004958,0.4935,1.0912,0.0029,-0.0017,0.0011,0.1832,-0.00023300000000000003,16.32,8.05,
2026-07-13,ETF,科创50ETF华夏期权_.xls,科创50ETF华夏,科创50沽8月2150,10011919,,8月,2150.0,2.15,put,0.1996,0.197,0.1995,5.0,20.0,28002.0,17426.0,1322.0,48982893.0,0.15,0.1715,0.2073,0.1397,0.006071999999999999,-0.4911,0.8908,0.0029,-0.0018,-0.0015,0.2213,0.00023300000000000003,10.52,-5.17,
2026-07-13,ETF,科创50ETF华夏期权_.xls,科创50ETF华夏,科创50购8月2200,10011911,,8月,2200.0,2.2,call,0.1149,0.1114,0.1153,20.0,2.0,23486.0,17672.0,4012.0,31258348.0,0.157,0.145,0.1674,0.1043,0.0051649999999999995,0.4462,1.038,0.0029,-0.0018,0.001,0.1631,-0.000455,18.28,8.16,
2026-07-13,ETF,科创50ETF华夏期权_.xls,科创50ETF华夏,科创50沽8月2200,10011920,,8月,2200.0,2.2,put,0.2281,0.2278,0.233,1.0,4.0,31696.0,13510.0,2822.0,63958480.0,0.1842,0.1992,0.2416,0.1676,0.006032999999999999,-0.5349,0.8934,0.0029,-0.0018,-0.0017,0.2509,0.000455,9.21,-4.92,
2026-07-13,ETF,科创50ETF华夏期权_.xls,科创50ETF华夏,科创50购8月2250,10011912,,8月,2250.0,2.25,call,0.0956,0.0957,0.0982,10.0,1.0,13894.0,11590.0,4293.0,16012221.0,0.1275,0.1208,0.1462,0.09,0.005102,0.3957,1.0239,0.0028,-0.0017,0.0009,0.1448,-0.000667,21.97,8.69,
2026-07-13,ETF,科创50ETF华夏期权_.xls,科创50ETF华夏,科创50沽8月2250,10011921,,8月,2250.0,2.25,put,0.2675,0.265,0.268,3.0,1.0,8038.0,6202.0,1228.0,18206212.0,0.2146,0.2332,0.2748,0.196,0.006299,-0.57,0.8457,0.0029,-0.0018,-0.0018,0.2824,0.000667,7.85,-4.47,
2026-07-13,ETF,科创50ETF华夏期权_.xls,科创50ETF华夏,科创50购8月2300,10011913,,8月,2300.0,2.3,call,0.0831,0.082,0.0846,262.0,1.0,17162.0,12360.0,2065.0,16678313.0,0.1189,0.11,0.1274,0.0778,0.005203,0.3534,0.9688,0.0027,-0.0017,0.0008,0.1282,-0.0008699999999999999,25.27,8.93,
2026-07-13,ETF,科创50ETF华夏期权_.xls,科创50ETF华夏,科创50沽8月2300,10011922,,8月,2300.0,2.3,put,0.3033,0.3001,0.307,2.0,1.0,4745.0,6490.0,-115.0,12420831.0,0.2477,0.267,0.3109,0.2268,0.006382,-0.6061,0.8176,0.0028,-0.0018,-0.0019,0.3155,0.0008699999999999999,6.92,-4.2,
2026-07-13,ETF,科创50ETF华夏期权_.xls,科创50ETF华夏,科创50购8月2350,10011947,,8月,2350.0,2.35,call,0.0717,0.0717,0.073,5.0,3.0,11744.0,10682.0,1148.0,10264635.0,0.1045,0.0918,0.1114,0.0667,0.005278000000000001,0.3141,0.9117,0.0026,-0.0016,0.0007,0.1133,-0.001064,29.29,9.2,
2026-07-13,ETF,科创50ETF华夏期权_.xls,科创50ETF华夏,科创50沽8月2350,10011949,,8月,2350.0,2.35,put,0.3461,0.3359,0.3457,1.0,1.0,4696.0,3633.0,-649.0,14642088.0,0.2836,0.3026,0.35,0.2613,0.006659999999999999,-0.6332,0.7666,0.0028,-0.0018,-0.0021,0.3503,0.001064,6.07,-3.84,
2026-07-13,ETF,科创50ETF华夏期权_.xls,科创50ETF华夏,科创50购8月2400,10011948,,8月,2400.0,2.4,call,0.0622,0.0621,0.063,70.0,1.0,13927.0,14333.0,1497.0,10231047.0,0.0909,0.0817,0.097,0.0578,0.005364,0.2791,0.8499,0.0025,-0.0015,0.0006,0.0998,-0.00125,33.76,9.42,
2026-07-13,ETF,科创50ETF华夏期权_.xls,科创50ETF华夏,科创50沽8月2400,10011950,,8月,2400.0,2.4,put,0.369,0.3759,0.3862,1.0,1.0,2177.0,1939.0,-1527.0,7235601.0,0.3199,0.3397,0.39,0.2966,0.006151,-0.686,0.7822,0.0026,-0.0016,-0.0022,0.3865,0.00125,5.69,-3.9,
2026-07-13,ETF,科创50ETF华夏期权_.xls,科创50ETF华夏,科创50购8月2450,10011973,,8月,2450.0,2.45,call,0.0528,0.0516,0.0533,2.0,1.0,7191.0,6207.0,889.0,4695077.0,0.0792,0.0739,0.0841,0.0496,1e-06,0.3079,0.7005,0.0026,-0.002,0.0007,0.0877,-0.001429,39.77,12.24,
2026-07-13,ETF,科创50ETF华夏期权_.xls,科创50ETF华夏,科创50沽8月2450,10011974,,8月,2450.0,2.45,put,0.4073,0.4167,0.4277,1.0,1.0,374.0,637.0,-25.0,1430209.0,0.3554,0.3784,0.4325,0.3318,1e-06,-0.6921,0.7005,0.0026,-0.0017,-0.0023,0.4242,0.001429,5.16,-3.57,
2026-07-13,ETF,科创50ETF华夏期权_.xls,科创50ETF华夏,科创50购8月2500,10012007,,8月,2500.0,2.5,call,0.046,0.045,0.0466,11.0,2.0,14798.0,9881.0,544.0,8098055.0,0.069,0.0608,0.073,0.0428,1e-06,0.2788,0.669,0.0025,-0.0019,0.0006,0.077,-0.0016,45.65,12.73,
2026-07-13,ETF,科创50ETF华夏期权_.xls,科创50ETF华夏,科创50沽8月2500,10012009,,8月,2500.0,2.5,put,0.4775,0.4591,0.4706,1.0,1.0,454.0,345.0,-7.0,1874250.0,0.3996,0.4183,0.4781,0.3755,1e-06,-0.7212,0.669,0.0025,-0.0016,-0.0024,0.4631,0.0016,4.4,-3.17,
2026-07-13,ETF,科创50ETF华夏期权_.xls,科创50ETF华夏,科创50购8月2550,10012008,,8月,2550.0,2.55,call,0.0396,0.0395,0.0396,2.0,41.0,35464.0,32489.0,2954.0,17295495.0,0.06,0.0565,0.0638,0.0369,1e-06,0.2517,0.6351,0.0024,-0.0018,0.0006,0.0674,-0.0017649999999999999,53.03,13.35,
2026-07-13,ETF,科创50ETF华夏期权_.xls,科创50ETF华夏,科创50沽8月2550,10012010,,8月,2550.0,2.55,put,0.505,0.5026,0.5145,1.0,1.0,530.0,1199.0,-116.0,2438928.0,0.438,0.4593,0.5166,0.4238,1e-06,-0.7483,0.6351,0.0024,-0.0015,-0.0026,0.5033,0.0017649999999999999,4.16,-3.11,
2026-07-13,ETF,科创50ETF华夏期权_.xls,科创50ETF华夏,科创50购9月1100,10011393,,9月,1100.0,1.1,call,0.9477,0.9464,0.9625,1.0,1.0,154.0,1849.0,-50.0,1512152.0,1.109,1.0338,1.0506,0.93,1e-06,0.9942,0.0288,0.0002,-0.0002,0.0022,1.011,0.009091,2.22,2.2,
2026-07-13,ETF,科创50ETF华夏期权_.xls,科创50ETF华夏,科创50沽9月1100,10011394,,9月,1100.0,1.1,put,0.0037,0.0037,0.0038,49.0,51.0,380254.0,109517.0,355.0,13785870.0,0.0027,0.0024,0.004,0.0024,0.007195999999999999,-0.014,0.0527,0.0003,-0.0002,-0.0001,0.0012,-0.009091,567.57,-7.93,
2026-07-13,ETF,科创50ETF华夏期权_.xls,科创50ETF华夏,科创50购9月1150,10011285,,9月,1150.0,1.15,call,0.8986,0.8974,0.9132,1.0,1.0,43.0,1033.0,-4.0,414802.0,1.059,0.9766,0.9877,0.8986,1e-06,0.9909,0.0427,0.0002,-0.0002,0.0022,0.9622,0.008261,2.34,2.32,
2026-07-13,ETF,科创50ETF华夏期权_.xls,科创50ETF华夏,科创50沽9月1150,10011286,,9月,1150.0,1.15,put,0.0046,0.0039,0.0044,1.0,1.0,48202.0,75827.0,-1327.0,2012321.0,0.0031,0.003,0.0048,0.003,0.006994,-0.0174,0.0655,0.0004,-0.0002,-0.0001,0.0019,-0.008261,456.52,-7.95,
2026-07-13,ETF,科创50ETF华夏期权_.xls,科创50ETF华夏,科创50购9月1200,10011221,,9月,1200.0,1.2,call,0.8501,0.8489,0.8644,1.0,1.0,217.0,1181.0,-23.0,1928068.0,1.009,0.9272,0.9434,0.8501,1e-06,0.9863,0.0608,0.0003,-0.0003,0.0023,0.9138,0.0075,2.47,2.44,
2026-07-13,ETF,科创50ETF华夏期权_.xls,科创50ETF华夏,科创50沽9月1200,10011222,,9月,1200.0,1.2,put,0.0055,0.0055,0.0058,3.0,1.0,39386.0,56016.0,320.0,1954207.0,0.0037,0.0037,0.006,0.0035,0.0067599999999999995,-0.0211,0.0797,0.0005,-0.0002,-0.0001,0.0031,-0.0075,381.82,-8.05,
2026-07-13,ETF,科创50ETF华夏期权_.xls,科创50ETF华夏,科创50购9月1250,10011201,,9月,1250.0,1.25,call,0.8202,0.8005,0.8158,1.0,1.0,98.0,1595.0,8.0,854120.0,0.959,0.8783,0.9043,0.7982,1e-06,0.9801,0.0834,0.0005,-0.0003,0.0024,0.8658,0.0068000000000000005,2.56,2.51,
2026-07-13,ETF,科创50ETF华夏期权_.xls,科创50ETF华夏,科创50沽9月1250,10011202,,9月,1250.0,1.25,put,0.0074,0.0067,0.0073,50.0,1.0,6604.0,35230.0,-720.0,423622.0,0.0047,0.0048,0.0078,0.0046,0.006678000000000001,-0.0276,0.1014,0.0006,-0.0003,-0.0001,0.0046,-0.0068000000000000005,283.78,-7.84,
2026-07-13,ETF,科创50ETF华夏期权_.xls,科创50ETF华夏,科创50购9月1300,10011099,,9月,1300.0,1.3,call,0.7527,0.7522,0.767,1.0,1.0,150.0,2456.0,10.0,1219681.0,0.909,0.8346,0.8462,0.7447,1e-06,0.9722,0.1106,0.0006,-0.0004,0.0024,0.8185,0.006154,2.79,2.71,
2026-07-13,ETF,科创50ETF华夏期权_.xls,科创50ETF华夏,科创50沽9月1300,10011100,,9月,1300.0,1.3,put,0.0092,0.0086,0.0093,53.0,2.0,9379.0,29196.0,259.0,738224.0,0.0062,0.0063,0.0099,0.0057,0.006515000000000001,-0.0342,0.1239,0.0007,-0.0003,-0.0002,0.0068,-0.006154,228.26,-7.81,
2026-07-13,ETF,科创50ETF华夏期权_.xls,科创50ETF华夏,科创50购9月1350,10011095,,9月,1350.0,1.35,call,0.7067,0.706,0.7201,2.0,1.0,132.0,3139.0,-9.0,1008442.0,0.859,0.7932,0.7932,0.696,1e-06,0.9622,0.1425,0.0008,-0.0005,0.0025,0.7718,0.005556,2.97,2.86,
2026-07-13,ETF,科创50ETF华夏期权_.xls,科创50ETF华夏,科创50沽9月1350,10011096,,9月,1350.0,1.35,put,0.0122,0.0109,0.0122,2.0,1.0,9181.0,23656.0,94.0,927281.0,0.0078,0.008,0.0128,0.0074,0.0064540000000000005,-0.044,0.1535,0.0009,-0.0004,-0.0002,0.0097,-0.005556,172.13,-7.57,
2026-07-13,ETF,科创50ETF华夏期权_.xls,科创50ETF华夏,科创50购9月1400,10011073,,9月,1400.0,1.4,call,0.662,0.6593,0.6736,1.0,1.0,317.0,5038.0,-9.0,2251099.0,0.809,0.693,0.7715,0.6466,1e-06,0.95,0.1787,0.001,-0.0006,0.0025,0.726,0.005,3.17,3.01,
2026-07-13,ETF,科创50ETF华夏期权_.xls,科创50ETF华夏,科创50沽9月1400,10011074,,9月,1400.0,1.4,put,0.0153,0.0143,0.0154,1.0,1.0,19557.0,18463.0,-283.0,2524331.0,0.0101,0.0111,0.0165,0.0097,0.006335,-0.0543,0.1851,0.001,-0.0004,-0.0003,0.0135,-0.005,137.25,-7.45,
2026-07-13,ETF,科创50ETF华夏期权_.xls,科创50ETF华夏,科创50购9月1450,10011025,,9月,1450.0,1.45,call,0.6147,0.6135,0.6275,1.0,1.0,144.0,4261.0,0.0,965486.0,0.759,0.6879,0.7073,0.61,1e-06,0.9354,0.2186,0.0012,-0.0007,0.0026,0.6812,0.004483,3.42,3.2,
2026-07-13,ETF,科创50ETF华夏期权_.xls,科创50ETF华夏,科创50沽9月1450,10011034,,9月,1450.0,1.45,put,0.0195,0.0182,0.0197,1.0,2.0,11621.0,13578.0,0.0,1940318.0,0.0126,0.0135,0.0204,0.0123,0.006257,-0.0674,0.2218,0.0012,-0.0005,-0.0003,0.0182,-0.004483,107.69,-7.25,
2026-07-13,ETF,科创50ETF华夏期权_.xls,科创50ETF华夏,科创50购9月1500,10011026,,9月,1500.0,1.5,call,0.576,0.5691,0.575,1.0,1.0,758.0,4965.0,-605.0,4456329.0,0.709,0.6416,0.6605,0.5581,1e-06,0.9183,0.2616,0.0014,-0.0008,0.0026,0.6376,0.004,3.65,3.35,
2026-07-13,ETF,科创50ETF华夏期权_.xls,科创50ETF华夏,科创50沽9月1500,10011035,,9月,1500.0,1.5,put,0.023,0.023,0.0239,2.0,7.0,15365.0,17406.0,-984.0,3179899.0,0.016,0.017,0.0263,0.0157,0.006071,-0.0795,0.2596,0.0014,-0.0006,-0.0004,0.0241,-0.004,91.3,-7.26,
2026-07-13,ETF,科创50ETF华夏期权_.xls,科创50ETF华夏,科创50购9月1550,10011027,,9月,1550.0,1.55,call,0.5266,0.5261,0.5384,2.0,1.0,729.0,2461.0,-607.0,3978942.0,0.659,0.5959,0.6256,0.5143,1e-06,0.8987,0.3066,0.0017,-0.0009,0.0026,0.5952,0.0035479999999999995,3.99,3.58,
2026-07-13,ETF,科创50ETF华夏期权_.xls,科创50ETF华夏,科创50沽9月1550,10011036,,9月,1550.0,1.55,put,0.0306,0.0288,0.0308,1.0,1.0,11170.0,8744.0,-447.0,2955237.0,0.02,0.0219,0.0327,0.0192,0.006108,-0.1,0.306,0.0016,-0.0007,-0.0005,0.0313,-0.0035479999999999995,68.63,-6.87,
2026-07-13,ETF,科创50ETF华夏期权_.xls,科创50ETF华夏,科创50购9月1600,10011028,,9月,1600.0,1.6,call,0.4812,0.4838,0.4963,1.0,1.0,362.0,3503.0,-172.0,1899009.0,0.609,0.5589,0.5702,0.4747,1e-06,0.8768,0.3529,0.0019,-0.001,0.0026,0.5542,0.003125,4.36,3.83,
2026-07-13,ETF,科创50ETF华夏期权_.xls,科创50ETF华夏,科创50沽9月1600,10011037,,9月,1600.0,1.6,put,0.0373,0.0358,0.0375,1.0,10.0,11980.0,13594.0,975.0,3980207.0,0.0255,0.0277,0.0408,0.0243,0.006013000000000001,-0.1192,0.3525,0.0019,-0.0007,-0.0006,0.0399,-0.003125,56.3,-6.71,
2026-07-13,ETF,科创50ETF华夏期权_.xls,科创50ETF华夏,科创50购9月1650,10011029,,9月,1650.0,1.65,call,0.4446,0.4434,0.4554,1.0,1.0,157.0,4652.0,-43.0,754081.0,0.559,0.53,0.53,0.4312,1e-06,0.8525,0.3992,0.0022,-0.0011,0.0026,0.5148,0.002727,4.72,4.03,
2026-07-13,ETF,科创50ETF华夏期权_.xls,科创50ETF华夏,科创50沽9月1650,10011038,,9月,1650.0,1.65,put,0.046,0.0441,0.046,1.0,1.0,9084.0,13845.0,133.0,3762375.0,0.0329,0.0357,0.05,0.0298,0.005963,-0.142,0.4013,0.0021,-0.0008,-0.0007,0.05,-0.002727,45.65,-6.48,
2026-07-13,ETF,科创50ETF华夏期权_.xls,科创50ETF华夏,科创50购9月1700,10011030,,9月,1700.0,1.7,call,0.4222,0.4044,0.416,1.0,1.0,401.0,5567.0,133.0,1801712.0,0.509,0.47,0.4911,0.3987,0.0031780000000000003,0.9475,0.3592,0.001,-0.0004,0.0031,0.477,0.002353,4.97,4.71,
2026-07-13,ETF,科创50ETF华夏期权_.xls,科创50ETF华夏,科创50沽9月1700,10011039,,9月,1700.0,1.7,put,0.0584,0.0545,0.0586,1.0,1.0,14612.0,20986.0,2808.0,7621589.0,0.0401,0.043,0.0623,0.0383,0.006011,-0.1701,0.4484,0.0024,-0.0009,-0.0008,0.0617,-0.002353,35.96,-6.11,
2026-07-13,ETF,科创50ETF华夏期权_.xls,科创50ETF华夏,科创50购9月1750,10011031,,9月,1750.0,1.75,call,0.364,0.3675,0.3785,1.0,1.0,183.0,6887.0,-14.0,746836.0,0.459,0.428,0.4498,0.3581,1e-06,0.7976,0.4882,0.0026,-0.0013,0.0025,0.4408,0.002,5.77,4.6,
2026-07-13,ETF,科创50ETF华夏期权_.xls,科创50ETF华夏,科创50沽9月1750,10011040,,9月,1750.0,1.75,put,0.072,0.0711,0.072,15.0,1.0,6509.0,19032.0,943.0,4236387.0,0.049,0.0543,0.075,0.0469,0.00603,-0.1993,0.4932,0.0026,-0.001,-0.001,0.0752,-0.002,29.17,-5.81,
2026-07-13,ETF,科创50ETF华夏期权_.xls,科创50ETF华夏,科创50购9月1800,10011032,,9月,1800.0,1.8,call,0.3363,0.3329,0.3434,1.0,1.0,933.0,11406.0,-197.0,3430289.0,0.409,0.3912,0.4183,0.3208,0.0033439999999999998,0.8782,0.6439,0.0019,-0.0006,0.003,0.4065,0.001667,6.24,5.48,
2026-07-13,ETF,科创50ETF华夏期权_.xls,科创50ETF华夏,科创50沽9月1800,10011041,,9月,1800.0,1.8,put,0.086,0.0851,0.0861,1.0,16.0,16734.0,24733.0,88.0,13064127.0,0.0629,0.0665,0.092,0.0585,0.005999,-0.229,0.5376,0.0028,-0.0011,-0.0011,0.0903,-0.001667,24.42,-5.59,
2026-07-13,ETF,科创50ETF华夏期权_.xls,科创50ETF华夏,科创50购9月1850,10011033,,9月,1850.0,1.85,call,0.3025,0.3004,0.3025,1.0,1.0,787.0,14919.0,-186.0,2679113.0,0.3672,0.34,0.385,0.29,0.0036340000000000005,0.8203,0.768,0.0025,-0.0008,0.0028,0.3739,0.001351,6.94,5.69,
2026-07-13,ETF,科创50ETF华夏期权_.xls,科创50ETF华夏,科创50沽9月1850,10011042,,9月,1850.0,1.85,put,0.101,0.1,0.101,1.0,6.0,10779.0,15154.0,1660.0,10078913.0,0.0757,0.0795,0.1091,0.071,0.005944,-0.2599,0.581,0.003,-0.0012,-0.0013,0.1073,-0.001351,20.79,-5.4,
2026-07-13,ETF,科创50ETF华夏期权_.xls,科创50ETF华夏,科创50购9月1900,10011561,,9月,1900.0,1.9,call,0.2773,0.2704,0.2798,1.0,1.0,450.0,6985.0,-77.0,1341797.0,0.3334,0.3204,0.3489,0.26,0.004046,0.756,0.8256,0.0029,-0.001,0.0026,0.3431,0.001053,7.57,5.72,
2026-07-13,ETF,科创50ETF华夏期权_.xls,科创50ETF华夏,科创50沽9月1900,10011563,,9月,1900.0,1.9,put,0.1182,0.1182,0.1231,1.0,1.0,8269.0,10955.0,844.0,8816863.0,0.0886,0.0973,0.1291,0.0855,0.005906,-0.2929,0.62,0.0032,-0.0012,-0.0015,0.1261,-0.001053,17.77,-5.2,
2026-07-13,ETF,科创50ETF华夏期权_.xls,科创50ETF华夏,科创50购9月1950,10011562,,9月,1950.0,1.95,call,0.2451,0.2428,0.2515,1.0,1.0,479.0,9885.0,-121.0,1274820.0,0.3001,0.2879,0.37,0.2336,0.004077,0.7078,0.8971,0.0032,-0.0011,0.0025,0.3142,0.0007690000000000002,8.57,6.06,
2026-07-13,ETF,科创50ETF华夏期权_.xls,科创50ETF华夏,科创50沽9月1950,10011564,,9月,1950.0,1.95,put,0.1429,0.1451,0.1453,1.0,1.0,7770.0,10042.0,-158.0,10128036.0,0.1101,0.1163,0.1515,0.1023,0.006038,-0.329,0.6379,0.0034,-0.0013,-0.0017,0.1467,-0.0007690000000000002,14.7,-4.83,
2026-07-13,ETF,科创50ETF华夏期权_.xls,科创50ETF华夏,科创50购9月2000,10011605,,9月,2000.0,2.0,call,0.2199,0.2175,0.2228,1.0,1.0,3100.0,9376.0,535.0,7566052.0,0.273,0.2689,0.286,0.2077,0.004231,0.6554,0.9268,0.0035,-0.0011,0.0023,0.2871,0.0005,9.55,6.26,
2026-07-13,ETF,科创50ETF华夏期权_.xls,科创50ETF华夏,科创50沽9月2000,10011606,,9月,2000.0,2.0,put,0.167,0.1673,0.1678,1.0,1.0,8604.0,10546.0,104.0,12819478.0,0.1301,0.1374,0.1764,0.1215,0.006089,-0.3638,0.6566,0.0035,-0.0014,-0.0019,0.1692,-0.0005,12.57,-4.57,
2026-07-13,ETF,科创50ETF华夏期权_.xls,科创50ETF华夏,科创50购9月2050,10011621,,9月,2050.0,2.05,call,0.1966,0.1951,0.2019,1.0,1.0,2533.0,7505.0,-104.0,5415671.0,0.2452,0.2382,0.2594,0.1849,0.004351,0.6054,0.942,0.0036,-0.0012,0.0021,0.2618,0.00024399999999999997,10.68,6.47,
2026-07-13,ETF,科创50ETF华夏期权_.xls,科创50ETF华夏,科创50沽9月2050,10011622,,9月,2050.0,2.05,put,0.1932,0.1914,0.193,1.0,1.0,4532.0,7185.0,-203.0,7906965.0,0.155,0.1633,0.2199,0.1438,0.006145,-0.3983,0.6687,0.0036,-0.0014,-0.0021,0.1934,-0.00024399999999999997,10.87,-4.33,
2026-07-13,ETF,科创50ETF华夏期权_.xls,科创50ETF华夏,科创50购9月2100,10011641,,9月,2100.0,2.1,call,0.1763,0.1749,0.178,1.0,2.0,5580.0,11507.0,1292.0,10787096.0,0.2216,0.2082,0.2337,0.1657,0.004478,0.5577,0.9388,0.0037,-0.0013,0.002,0.2382,0.0,11.91,6.64,
2026-07-13,ETF,科创50ETF华夏期权_.xls,科创50ETF华夏,科创50沽9月2100,10011643,,9月,2100.0,2.1,put,0.2204,0.2174,0.2245,1.0,1.0,6037.0,11175.0,-918.0,12043657.0,0.1835,0.1934,0.2319,0.167,0.006178,-0.4322,0.6777,0.0037,-0.0014,-0.0023,0.2194,0.0,9.53,-4.12,
2026-07-13,ETF,科创50ETF华夏期权_.xls,科创50ETF华夏,科创50购9月2150,10011642,,9月,2150.0,2.15,call,0.1572,0.1572,0.1612,4.0,1.0,4364.0,13266.0,-602.0,7703038.0,0.2012,0.1877,0.2101,0.147,0.004569,0.5124,0.9293,0.0037,-0.0013,0.0018,0.2163,-0.00023300000000000003,13.36,6.84,
2026-07-13,ETF,科创50ETF华夏期权_.xls,科创50ETF华夏,科创50沽9月2150,10011644,,9月,2150.0,2.15,put,0.2521,0.2475,0.2553,1.0,1.0,3588.0,5336.0,-563.0,8329675.0,0.2069,0.222,0.263,0.195,0.006285000000000001,-0.4646,0.6732,0.0037,-0.0015,-0.0025,0.2471,0.00023300000000000003,8.33,-3.87,
2026-07-13,ETF,科创50ETF华夏期权_.xls,科创50ETF华夏,科创50购9月2200,10011661,,9月,2200.0,2.2,call,0.1405,0.1375,0.1443,1.0,1.0,6852.0,23267.0,-247.0,10867340.0,0.18,0.1694,0.2204,0.1309,0.004664,0.4699,0.9081,0.0037,-0.0013,0.0017,0.1961,-0.000455,14.95,7.02,
2026-07-13,ETF,科创50ETF华夏期权_.xls,科创50ETF华夏,科创50沽9月2200,10011662,,9月,2200.0,2.2,put,0.2849,0.2849,0.2882,1.0,1.0,3520.0,5377.0,243.0,9202978.0,0.2371,0.2444,0.295,0.2219,0.006377000000000001,-0.4956,0.6661,0.0037,-0.0015,-0.0027,0.2764,0.000455,7.37,-3.65,
2026-07-13,ETF,科创50ETF华夏期权_.xls,科创50ETF华夏,科创50购9月2250,10011827,,9月,2250.0,2.25,call,0.1248,0.1218,0.1284,1.0,1.0,5211.0,7658.0,771.0,7466986.0,0.1614,0.1483,0.1695,0.1158,0.004733,0.4295,0.8835,0.0037,-0.0013,0.0016,0.1774,-0.000667,16.83,7.23,
2026-07-13,ETF,科创50ETF华夏期权_.xls,科创50ETF华夏,科创50沽9月2250,10011828,,9月,2250.0,2.25,put,0.3106,0.3135,0.3225,1.0,1.0,1290.0,3906.0,-142.0,3614378.0,0.2677,0.2755,0.3255,0.2526,0.006239,-0.5301,0.679,0.0037,-0.0014,-0.0028,0.3073,0.000667,6.76,-3.58,
2026-07-13,ETF,科创50ETF华夏期权_.xls,科创50ETF华夏,科创50购9月2300,10011841,,9月,2300.0,2.3,call,0.1103,0.1113,0.1142,101.0,1.0,6595.0,6439.0,403.0,7962015.0,0.1449,0.1313,0.1515,0.1031,0.004784,0.3912,0.8547,0.0036,-0.0013,0.0014,0.1603,-0.0008699999999999999,19.04,7.45,
2026-07-13,ETF,科创50ETF华夏期权_.xls,科创50ETF华夏,科创50沽9月2300,10011842,,9月,2300.0,2.3,put,0.3426,0.3489,0.3584,1.0,1.0,719.0,2430.0,-271.0,2409443.0,0.2997,0.3124,0.3657,0.2801,0.006229,-0.5616,0.6739,0.0037,-0.0014,-0.003,0.3397,0.0008699999999999999,6.13,-3.44,
2026-07-13,ETF,科创50ETF华夏期权_.xls,科创50ETF华夏,科创50购9月2350,10011951,,9月,2350.0,2.35,call,0.0979,0.0979,0.1015,1.0,1.0,6271.0,4545.0,-273.0,6723793.0,0.129,0.1233,0.134,0.0908,0.004847,0.356,0.8188,0.0035,-0.0012,0.0013,0.1446,-0.001064,21.45,7.64,
2026-07-13,ETF,科创50ETF华夏期权_.xls,科创50ETF华夏,科创50沽9月2350,10011953,,9月,2350.0,2.35,put,0.3815,0.3862,0.3963,1.0,1.0,324.0,1888.0,-163.0,1200671.0,0.3357,0.339,0.4058,0.3228,0.0063690000000000005,-0.5874,0.6509,0.0037,-0.0014,-0.0032,0.3735,0.001064,5.5,-3.23,
2026-07-13,ETF,科创50ETF华夏期权_.xls,科创50ETF华夏,科创50购9月2400,10011952,,9月,2400.0,2.4,call,0.0876,0.0877,0.0907,1.0,1.0,6436.0,7683.0,-153.0,6199689.0,0.1166,0.1054,0.1203,0.0805,0.004928,0.3246,0.7773,0.0034,-0.0012,0.0012,0.1302,-0.00125,23.97,7.78,
2026-07-13,ETF,科创50ETF华夏期权_.xls,科创50ETF华夏,科创50沽9月2400,10011954,,9月,2400.0,2.4,put,0.4236,0.4248,0.4354,1.0,1.0,206.0,624.0,-105.0,834909.0,0.3723,0.3732,0.4427,0.3541,0.006566,-0.6092,0.6225,0.0036,-0.0014,-0.0034,0.4087,0.00125,4.96,-3.02,
2026-07-13,ETF,科创50ETF华夏期权_.xls,科创50ETF华夏,科创50购9月2450,10011975,,9月,2450.0,2.45,call,0.0778,0.0756,0.0811,1.0,1.0,6683.0,7671.0,1094.0,5684997.0,0.1051,0.0958,0.1339,0.0722,1e-06,0.3482,0.6401,0.0035,-0.0015,0.0012,0.117,-0.001429,26.99,9.4,
2026-07-13,ETF,科创50ETF华夏期权_.xls,科创50ETF华夏,科创50沽9月2450,10011976,,9月,2450.0,2.45,put,0.4754,0.465,0.4762,1.0,1.0,85.0,585.0,-23.0,366130.0,0.412,0.4223,0.486,0.3984,1e-06,-0.6518,0.6401,0.0035,-0.0012,-0.0036,0.4451,0.001429,4.42,-2.88,
2026-07-13,ETF,科创50ETF华夏期权_.xls,科创50ETF华夏,科创50购9月2500,10012011,,9月,2500.0,2.5,call,0.0698,0.0691,0.0716,9.0,10.0,12054.0,9185.0,1300.0,9376357.0,0.0955,0.0861,0.0973,0.0637,1e-06,0.3214,0.6203,0.0034,-0.0015,0.0011,0.1051,-0.0016,30.09,9.67,
2026-07-13,ETF,科创50ETF华夏期权_.xls,科创50ETF华夏,科创50沽9月2500,10012013,,9月,2500.0,2.5,put,0.5043,0.5059,0.5176,1.0,1.0,99.0,361.0,-18.0,465172.0,0.4477,0.4649,0.5176,0.4401,1e-06,-0.6786,0.6203,0.0034,-0.0012,-0.0038,0.4827,0.0016,4.16,-2.83,
2026-07-13,ETF,科创50ETF华夏期权_.xls,科创50ETF华夏,科创50购9月2550,10012012,,9月,2550.0,2.55,call,0.0604,0.0605,0.062,100.0,99.0,39426.0,46809.0,5108.0,27375044.0,0.0854,0.0811,0.0858,0.0556,1e-06,0.2961,0.5984,0.0032,-0.0014,0.0011,0.0942,-0.0017649999999999999,34.77,10.29,
2026-07-13,ETF,科创50ETF华夏期权_.xls,科创50ETF华夏,科创50沽9月2550,10012014,,9月,2550.0,2.55,put,0.5598,0.5471,0.5593,1.0,1.0,213.0,408.0,-104.0,1118415.0,0.4905,0.5003,0.5638,0.4784,1e-06,-0.7039,0.5984,0.0032,-0.0011,-0.004,0.5214,0.0017649999999999999,3.75,-2.64,
2026-07-13,ETF,科创50ETF华夏期权_.xls,科创50ETF华夏,科创50购12月1300,10011515,,12月,1300.0,1.3,call,0.732,0.719,0.7419,1.0,1.0,267.0,2070.0,86.0,2024083.0,0.909,0.8247,0.8319,0.7154,1e-06,0.9464,0.1493,0.0015,-0.0004,0.0051,0.8451,0.006154,2.87,2.71,
2026-07-13,ETF,科创50ETF华夏期权_.xls,科创50ETF华夏,科创50沽12月1300,10011516,,12月,1300.0,1.3,put,0.0315,0.0305,0.0318,1.0,194.0,16401.0,22902.0,-405.0,4845775.0,0.0244,0.0254,0.0351,0.0236,0.005907,-0.0721,0.1652,0.0019,-0.0003,-0.0008,0.019,-0.006154,66.67,-4.81,
2026-07-13,ETF,科创50ETF华夏期权_.xls,科创50ETF华夏,科创50购12月1350,10011479,,12月,1350.0,1.35,call,0.6791,0.6771,0.6994,1.0,1.0,166.0,415.0,125.0,1172018.0,0.859,0.7501,0.7501,0.6791,1e-06,0.9335,0.1767,0.0018,-0.0004,0.0052,0.8016,0.005556,3.09,2.89,
2026-07-13,ETF,科创50ETF华夏期权_.xls,科创50ETF华夏,科创50沽12月1350,10011488,,12月,1350.0,1.35,put,0.0373,0.0371,0.04,1.0,2.0,3390.0,6096.0,-163.0,1214919.0,0.0288,0.0316,0.043,0.0297,0.005825,-0.084,0.1881,0.0022,-0.0004,-0.001,0.0246,-0.005556,56.3,-4.73,
2026-07-13,ETF,科创50ETF华夏期权_.xls,科创50ETF华夏,科创50购12月1400,10011480,,12月,1400.0,1.4,call,0.6401,0.6361,0.6578,1.0,1.0,6.0,842.0,1.0,40170.0,0.809,0.6888,0.6888,0.6401,1e-06,0.9189,0.2056,0.0021,-0.0005,0.0053,0.7593,0.005,3.28,3.01,
2026-07-13,ETF,科创50ETF华夏期权_.xls,科创50ETF华夏,科创50沽12月1400,10011489,,12月,1400.0,1.4,put,0.044,0.0438,0.044,1.0,5.0,2869.0,9563.0,727.0,1222133.0,0.0344,0.0388,0.0509,0.0353,0.005752,-0.0973,0.2125,0.0024,-0.0004,-0.0011,0.0312,-0.005,47.73,-4.65,
2026-07-13,ETF,科创50ETF华夏期权_.xls,科创50ETF华夏,科创50购12月1450,10011481,,12月,1450.0,1.45,call,0.6614,0.5975,0.6186,1.0,1.0,1.0,467.0,-1.0,6614.0,0.759,0.6614,0.6614,0.6614,1e-06,0.9026,0.2356,0.0024,-0.0005,0.0053,0.718,0.004483,3.18,2.87,
2026-07-13,ETF,科创50ETF华夏期权_.xls,科创50ETF华夏,科创50沽12月1450,10011490,,12月,1450.0,1.45,put,0.0553,0.0551,0.0595,1.0,1.0,1081.0,3377.0,-98.0,570219.0,0.0425,0.047,0.0625,0.0431,0.005818,-0.1157,0.2381,0.0027,-0.0005,-0.0013,0.039,-0.004483,37.97,-4.4,
2026-07-13,ETF,科创50ETF华夏期权_.xls,科创50ETF华夏,科创50购12月1500,10011482,,12月,1500.0,1.5,call,0.65,0.5594,0.5798,1.0,1.0,0.0,791.0,0.0,0.0,0.709,0.65,0.65,0.65,0.004,0.9285,0.2425,0.0019,-0.0004,0.0058,0.6781,0.004,3.23,3.0,
2026-07-13,ETF,科创50ETF华夏期权_.xls,科创50ETF华夏,科创50沽12月1500,10011491,,12月,1500.0,1.5,put,0.0686,0.0654,0.071,1.0,1.0,1556.0,10612.0,-211.0,980742.0,0.0523,0.0555,0.0732,0.0513,0.005896,-0.1356,0.2624,0.0031,-0.0005,-0.0016,0.0481,-0.004,30.61,-4.15,
2026-07-13,ETF,科创50ETF华夏期权_.xls,科创50ETF华夏,科创50购12月1550,10011483,,12月,1550.0,1.55,call,0.5258,0.5238,0.5435,1.0,1.0,16.0,973.0,1.0,85982.0,0.659,0.5805,0.5805,0.5258,1e-06,0.8654,0.2966,0.003,-0.0006,0.0053,0.6394,0.0035479999999999995,3.99,3.46,
2026-07-13,ETF,科创50ETF华夏期权_.xls,科创50ETF华夏,科创50沽12月1550,10011492,,12月,1550.0,1.55,put,0.0833,0.0787,0.0861,1.0,1.0,1323.0,5401.0,-92.0,979264.0,0.0647,0.0677,0.0867,0.0628,0.0059640000000000006,-0.1562,0.2853,0.0034,-0.0006,-0.0018,0.0584,-0.0035479999999999995,25.21,-3.94,
2026-07-13,ETF,科创50ETF华夏期权_.xls,科创50ETF华夏,科创50购12月1600,10011484,,12月,1600.0,1.6,call,0.495,0.4898,0.5089,1.0,1.0,228.0,1746.0,74.0,1237418.0,0.609,0.5994,0.5994,0.4875,1e-06,0.8446,0.3267,0.0034,-0.0007,0.0053,0.6021,0.003125,4.24,3.58,
2026-07-13,ETF,科创50ETF华夏期权_.xls,科创50ETF华夏,科创50沽12月1600,10011493,,12月,1600.0,1.6,put,0.0986,0.0933,0.1014,1.0,1.0,1147.0,7109.0,-186.0,1009609.0,0.0781,0.0802,0.1014,0.0743,0.006002,-0.1769,0.3072,0.0037,-0.0006,-0.0021,0.0701,-0.003125,21.3,-3.77,
2026-07-13,ETF,科创50ETF华夏期权_.xls,科创50ETF华夏,科创50购12月1650,10011485,,12月,1650.0,1.65,call,0.4578,0.4565,0.4748,1.0,1.0,14.0,496.0,-5.0,67414.0,0.559,0.5279,0.5279,0.4578,1e-06,0.8226,0.3559,0.0037,-0.0007,0.0052,0.5662,0.002727,4.59,3.77,
2026-07-13,ETF,科创50ETF华夏期权_.xls,科创50ETF华夏,科创50沽12月1650,10011494,,12月,1650.0,1.65,put,0.1132,0.1089,0.1143,1.0,1.0,314.0,2116.0,-68.0,333765.0,0.0911,0.0865,0.1184,0.0865,0.0059819999999999995,-0.197,0.3295,0.0039,-0.0006,-0.0024,0.0832,-0.002727,18.55,-3.65,
2026-07-13,ETF,科创50ETF华夏期权_.xls,科创50ETF华夏,科创50购12月1700,10011486,,12月,1700.0,1.7,call,0.4266,0.4279,0.4427,1.0,1.0,13.0,1911.0,-1.0,56587.0,0.509,0.4933,0.4933,0.4266,1e-06,0.7994,0.3839,0.0039,-0.0008,0.0052,0.5317,0.002353,4.92,3.94,
2026-07-13,ETF,科创50ETF华夏期权_.xls,科创50ETF华夏,科创50沽12月1700,10011495,,12月,1700.0,1.7,put,0.1317,0.1264,0.1315,1.0,10.0,663.0,3278.0,38.0,806917.0,0.1046,0.1106,0.1349,0.1024,0.006027,-0.2191,0.3482,0.0042,-0.0007,-0.0027,0.0977,-0.002353,15.95,-3.49,
2026-07-13,ETF,科创50ETF华夏期权_.xls,科创50ETF华夏,科创50购12月1750,10011487,,12月,1750.0,1.75,call,0.4039,0.3966,0.4121,1.0,1.0,53.0,2556.0,-22.0,231321.0,0.4761,0.4566,0.4708,0.3906,0.002556,0.8976,0.4964,0.0025,-0.0004,0.0067,0.4987,0.002,5.2,4.67,
2026-07-13,ETF,科创50ETF华夏期权_.xls,科创50ETF华夏,科创50沽12月1750,10011496,,12月,1750.0,1.75,put,0.1505,0.1451,0.1545,1.0,1.0,460.0,3575.0,48.0,617525.0,0.1223,0.1254,0.155,0.1152,0.006043999999999999,-0.2412,0.3664,0.0044,-0.0007,-0.003,0.1137,-0.002,13.95,-3.37,
2026-07-13,ETF,科创50ETF华夏期权_.xls,科创50ETF华夏,科创50购12月1800,10011523,,12月,1800.0,1.8,call,0.3706,0.3667,0.3758,1.0,8.0,65.0,3784.0,3.0,260381.0,0.435,0.4395,0.4532,0.3625,0.0028079999999999997,0.8462,0.5996,0.0033,-0.0005,0.0063,0.4672,0.001667,5.67,4.8,
2026-07-13,ETF,科创50ETF华夏期权_.xls,科创50ETF华夏,科创50沽12月1800,10011524,,12月,1800.0,1.8,put,0.1721,0.1656,0.1749,1.0,2.0,1805.0,7677.0,57.0,2874594.0,0.1384,0.1431,0.1754,0.135,0.006091,-0.2639,0.3812,0.0046,-0.0008,-0.0033,0.1312,-0.001667,12.2,-3.22,
2026-07-13,ETF,科创50ETF华夏期权_.xls,科创50ETF华夏,科创50购12月1850,10011535,,12月,1850.0,1.85,call,0.3463,0.3406,0.3562,1.0,1.0,119.0,3106.0,29.0,425700.0,0.4092,0.4265,0.4265,0.3333,0.003155,0.7884,0.6519,0.0041,-0.0006,0.0059,0.4372,0.001351,6.06,4.78,
2026-07-13,ETF,科创50ETF华夏期权_.xls,科创50ETF华夏,科创50沽12月1850,10011536,,12月,1850.0,1.85,put,0.1929,0.1884,0.1987,1.0,1.0,1441.0,3389.0,863.0,2538170.0,0.16,0.1692,0.1971,0.153,0.00609,-0.2863,0.3969,0.0048,-0.0008,-0.0036,0.1501,-0.001351,10.89,-3.12,
2026-07-13,ETF,科创50ETF华夏期权_.xls,科创50ETF华夏,科创50购12月1900,10011565,,12月,1900.0,1.9,call,0.3204,0.3154,0.3225,1.0,2.0,73.0,1543.0,10.0,244362.0,0.3813,0.3586,0.3813,0.3108,0.0033409999999999994,0.7419,0.687,0.0045,-0.0006,0.0056,0.4086,0.001053,6.55,4.86,
2026-07-13,ETF,科创50ETF华夏期权_.xls,科创50ETF华夏,科创50沽12月1900,10011567,,12月,1900.0,1.9,put,0.2191,0.2121,0.2216,1.0,2.0,1064.0,3115.0,203.0,2050078.0,0.1777,0.1777,0.2217,0.175,0.006173,-0.3094,0.4056,0.005,-0.0008,-0.0039,0.1706,-0.001053,9.58,-2.97,
2026-07-13,ETF,科创50ETF华夏期权_.xls,科创50ETF华夏,科创50购12月1950,10011566,,12月,1950.0,1.95,call,0.2964,0.2916,0.306,1.0,1.0,152.0,2111.0,37.0,480858.0,0.35,0.3512,0.3523,0.2884,0.0034950000000000003,0.6984,0.7084,0.0049,-0.0007,0.0053,0.3815,0.0007690000000000002,7.09,4.95,
2026-07-13,ETF,科创50ETF华夏期权_.xls,科创50ETF华夏,科创50沽12月1950,10011568,,12月,1950.0,1.95,put,0.2447,0.2373,0.2486,1.0,1.0,300.0,1669.0,-48.0,689964.0,0.2031,0.2019,0.2475,0.2009,0.006214999999999999,-0.3319,0.4149,0.0051,-0.0009,-0.0042,0.1924,-0.0007690000000000002,8.58,-2.85,
2026-07-13,ETF,科创50ETF华夏期权_.xls,科创50ETF华夏,科创50购12月2000,10011607,,12月,2000.0,2.0,call,0.271,0.271,0.2759,1.0,1.0,395.0,2851.0,-1.0,1158204.0,0.3293,0.3189,0.3315,0.265,0.003564,0.6585,0.7315,0.0052,-0.0007,0.005,0.3558,0.0005,7.75,5.1,
2026-07-13,ETF,科创50ETF华夏期权_.xls,科创50ETF华夏,科创50沽12月2000,10011608,,12月,2000.0,2.0,put,0.2721,0.2721,0.2729,1.0,1.0,1020.0,3185.0,-184.0,2591673.0,0.23,0.2315,0.2756,0.219,0.006265999999999999,-0.3541,0.4217,0.0052,-0.0009,-0.0046,0.2157,-0.0005,7.72,-2.73,
2026-07-13,ETF,科创50ETF华夏期权_.xls,科创50ETF华夏,科创50购12月2050,10011623,,12月,2050.0,2.05,call,0.2596,0.2596,0.2619,1.0,1.0,253.0,1821.0,125.0,709242.0,0.3022,0.2996,0.3121,0.245,0.003851,0.6182,0.7034,0.0054,-0.0008,0.0047,0.3315,0.00024399999999999997,8.09,5.0,
2026-07-13,ETF,科创50ETF华夏期权_.xls,科创50ETF华夏,科创50沽12月2050,10011624,,12月,2050.0,2.05,put,0.2894,0.2926,0.3047,1.0,1.0,416.0,1778.0,-44.0,1159049.0,0.2528,0.2568,0.305,0.2519,0.006103000000000001,-0.3772,0.4422,0.0053,-0.0009,-0.0049,0.2405,-0.00024399999999999997,7.26,-2.74,
2026-07-13,ETF,科创50ETF华夏期权_.xls,科创50ETF华夏,科创50购12月2100,10011645,,12月,2100.0,2.1,call,0.2337,0.2284,0.2416,1.0,1.0,394.0,2574.0,58.0,990033.0,0.2827,0.2728,0.2893,0.2258,0.003824,0.582,0.7254,0.0055,-0.0008,0.0044,0.3086,0.0,8.99,5.23,
2026-07-13,ETF,科创50ETF华夏期权_.xls,科创50ETF华夏,科创50沽12月2100,10011647,,12月,2100.0,2.1,put,0.3219,0.3153,0.3219,1.0,2.0,229.0,2980.0,-1.0,719049.0,0.281,0.2846,0.3323,0.2714,0.006205,-0.3987,0.4419,0.0054,-0.0009,-0.0052,0.2666,0.0,6.52,-2.6,
2026-07-13,ETF,科创50ETF华夏期权_.xls,科创50ETF华夏,科创50购12月2150,10011646,,12月,2150.0,2.15,call,0.2199,0.2167,0.2227,3.0,1.0,229.0,5305.0,-7.0,525888.0,0.257,0.251,0.2559,0.2095,0.0039829999999999996,0.5482,0.7064,0.0056,-0.0008,0.0042,0.287,-0.00023300000000000003,9.55,5.24,
2026-07-13,ETF,科创50ETF华夏期权_.xls,科创50ETF华夏,科创50沽12月2150,10011648,,12月,2150.0,2.15,put,0.3486,0.3526,0.366,1.0,1.0,353.0,4720.0,14.0,1202570.0,0.3112,0.3128,0.3661,0.3012,0.0061790000000000005,-0.4211,0.4496,0.0055,-0.0009,-0.0055,0.294,0.00023300000000000003,6.02,-2.54,
2026-07-13,ETF,科创50ETF华夏期权_.xls,科创50ETF华夏,科创50购12月2200,10011663,,12月,2200.0,2.2,call,0.2054,0.1936,0.2057,1.0,1.0,1054.0,11452.0,224.0,2400257.0,0.2458,0.2328,0.251,0.19,0.0040950000000000005,0.5165,0.6914,0.0056,-0.0008,0.004,0.2667,-0.000455,10.22,5.28,
2026-07-13,ETF,科创50ETF华夏期权_.xls,科创50ETF华夏,科创50沽12月2200,10011664,,12月,2200.0,2.2,put,0.3927,0.3927,0.3996,3.0,1.0,366.0,7284.0,-71.0,1289451.0,0.3409,0.364,0.3978,0.3277,0.006447,-0.4383,0.4343,0.0055,-0.0009,-0.0059,0.3227,0.000455,5.35,-2.34,
2026-07-13,ETF,科创50ETF华夏期权_.xls,科创50ETF华夏,科创50购12月2250,10011829,,12月,2250.0,2.25,call,0.1834,0.1785,0.1903,1.0,1.0,333.0,1717.0,-21.0,653322.0,0.2244,0.2122,0.2452,0.1751,0.004046,0.4823,0.6998,0.0056,-0.0008,0.0037,0.2476,-0.000667,11.45,5.52,
2026-07-13,ETF,科创50ETF华夏期权_.xls,科创50ETF华夏,科创50沽12月2250,10011830,,12月,2250.0,2.25,put,0.4238,0.4186,0.4334,1.0,1.0,110.0,1561.0,-17.0,459061.0,0.372,0.3691,0.431,0.36,0.006461,-0.4586,0.4363,0.0056,-0.0009,-0.0062,0.3526,0.000667,4.96,-2.27,
2026-07-13,ETF,科创50ETF华夏期权_.xls,科创50ETF华夏,科创50购12月2300,10011843,,12月,2300.0,2.3,call,0.1693,0.1642,0.1758,1.0,1.0,305.0,1667.0,-51.0,535112.0,0.2078,0.2018,0.212,0.1603,0.00411,0.4526,0.6847,0.0056,-0.0008,0.0035,0.2298,-0.0008699999999999999,12.4,5.61,
2026-07-13,ETF,科创50ETF华夏期权_.xls,科创50ETF华夏,科创50沽12月2300,10011844,,12月,2300.0,2.3,put,0.4591,0.453,0.4591,1.0,1.0,167.0,1352.0,-61.0,739138.0,0.4017,0.4199,0.4657,0.3901,0.006533,-0.4771,0.4331,0.0056,-0.0009,-0.0066,0.3837,0.0008699999999999999,4.57,-2.18,
2026-07-13,ETF,科创50ETF华夏期权_.xls,科创50ETF华夏,科创50购12月2350,10011955,,12月,2350.0,2.35,call,0.1557,0.151,0.1622,1.0,1.0,441.0,1546.0,-149.0,741905.0,0.1956,0.1931,0.1953,0.15,0.004159,0.424,0.6691,0.0055,-0.0008,0.0033,0.213,-0.001064,13.49,5.72,
2026-07-13,ETF,科创50ETF华夏期权_.xls,科创50ETF华夏,科创50沽12月2350,10011957,,12月,2350.0,2.35,put,0.4963,0.4889,0.5049,1.0,1.0,33.0,577.0,4.0,149484.0,0.4405,0.4384,0.5091,0.4356,0.006620999999999999,-0.4944,0.428,0.0056,-0.0009,-0.0069,0.416,0.001064,4.23,-2.09,
2026-07-13,ETF,科创50ETF华夏期权_.xls,科创50ETF华夏,科创50购12月2400,10011956,,12月,2400.0,2.4,call,0.1434,0.1389,0.1496,1.0,1.0,1972.0,2403.0,-168.0,2973043.0,0.1765,0.1787,0.185,0.1379,0.004208,0.3972,0.651,0.0054,-0.0008,0.0031,0.1974,-0.00125,14.64,5.82,
2026-07-13,ETF,科创50ETF华夏期权_.xls,科创50ETF华夏,科创50沽12月2400,10011958,,12月,2400.0,2.4,put,0.5375,0.5257,0.5424,1.0,1.0,45.0,597.0,29.0,233418.0,0.4768,0.4705,0.5417,0.4625,0.0067659999999999994,-0.5092,0.4187,0.0056,-0.001,-0.0072,0.4493,0.00125,3.91,-1.99,
2026-07-13,ETF,科创50ETF华夏期权_.xls,科创50ETF华夏,科创50购12月2450,10011977,,12月,2450.0,2.45,call,0.13,0.1273,0.1365,1.0,1.0,638.0,2400.0,-39.0,966148.0,0.16,0.1724,0.1724,0.13,0.004215,0.3697,0.6362,0.0053,-0.0008,0.0029,0.1828,-0.001429,16.15,5.97,
2026-07-13,ETF,科创50ETF华夏期权_.xls,科创50ETF华夏,科创50沽12月2450,10011978,,12月,2450.0,2.45,put,0.507,0.5632,0.5807,1.0,1.0,2.0,887.0,0.0,10274.0,0.5099,0.5204,0.5204,0.507,0.005611999999999999,-0.5667,0.4979,0.0055,-0.0007,-0.0076,0.4837,0.001429,4.14,-2.35,
2026-07-13,ETF,科创50ETF华夏期权_.xls,科创50ETF华夏,科创50购12月2500,10012015,,12月,2500.0,2.5,call,0.1221,0.1227,0.1252,1.0,1.0,1770.0,3164.0,699.0,2342171.0,0.1536,0.1535,0.1593,0.116,0.004306000000000001,0.3484,0.61,0.0052,-0.0008,0.0027,0.1691,-0.0016,17.2,5.99,
2026-07-13,ETF,科创50ETF华夏期权_.xls,科创50ETF华夏,科创50沽12月2500,10012017,,12月,2500.0,2.5,put,0.615,0.6016,0.6198,1.0,1.0,10.0,399.0,0.0,56750.0,0.55,0.5499,0.615,0.5436,0.006928,-0.5397,0.4071,0.0056,-0.001,-0.0079,0.5191,0.0016,3.41,-1.84,
2026-07-13,ETF,科创50ETF华夏期权_.xls,科创50ETF华夏,科创50购12月2550,10012016,,12月,2550.0,2.55,call,0.1073,0.1066,0.1103,5.0,10.0,7021.0,17340.0,1672.0,8678384.0,0.1017,0.1153,0.146,0.1051,0.004244,0.3195,0.5982,0.005,-0.0007,0.0025,0.1564,-0.0017649999999999999,19.57,6.25,
2026-07-13,ETF,科创50ETF华夏期权_.xls,科创50ETF华夏,科创50沽12月2550,10012018,,12月,2550.0,2.55,put,0.65,0.6405,0.655,1.0,1.0,204.0,1421.0,129.0,1252639.0,0.585,0.5844,0.65,0.5816,0.006922,-0.5568,0.4053,0.0056,-0.0009,-0.0082,0.5554,0.0017649999999999999,3.23,-1.8,
2026-07-13,ETF,中证500ETF嘉实期权_.xls,中证500ETF嘉实,中证500ETF购7月2900,90007637,,7月,2900.0,2.9,call,0.4022,0.3971,0.4084,1.0,1.0,314.0,913.0,-141.0,1345954.0,0.5577,0.5229,0.5229,0.4006,1e-06,0.9834,0.1991,0.0002,-0.0008,0.0008,0.4088,0.0013930000000000001,8.21,8.08,
2026-07-13,ETF,中证500ETF嘉实期权_.xls,中证500ETF嘉实,中证500ETF沽7月2900,90007638,,7月,2900.0,2.9,put,0.0033,0.0026,0.0035,2.0,1.0,10251.0,4196.0,-388.0,297832.0,0.0007,0.0001,0.0041,0.0001,0.004437,-0.0337,0.3084,0.0004,-0.0009,-0.0,0.0013,-0.0013930000000000001,1001.21,-33.7,
2026-07-13,ETF,中证500ETF嘉实期权_.xls,中证500ETF嘉实,中证500ETF购7月2950,90007625,,7月,2950.0,2.95,call,0.3679,0.349,0.3579,1.0,1.0,356.0,860.0,-170.0,1345117.0,0.5078,0.4751,0.4751,0.3511,0.005059,0.9207,0.5336,0.0008,-0.0024,0.0007,0.3602,0.0012,8.98,8.27,
2026-07-13,ETF,中证500ETF嘉实期权_.xls,中证500ETF嘉实,中证500ETF沽7月2950,90007626,,7月,2950.0,2.95,put,0.0044,0.0037,0.0042,3.0,1.0,12057.0,3784.0,749.0,436783.0,0.0007,0.0009,0.0054,0.0009,0.004182,-0.0455,0.4185,0.0005,-0.0011,-0.0,0.0026,-0.0012,750.91,-34.2,
2026-07-13,ETF,中证500ETF嘉实期权_.xls,中证500ETF嘉实,中证500ETF购7月3000,90007601,,7月,3000.0,3.0,call,0.2985,0.3019,0.3098,1.0,1.0,401.0,1095.0,-114.0,1411597.0,0.4578,0.423,0.423,0.2978,1e-06,0.944,0.5441,0.0006,-0.0015,0.0008,0.3128,0.001013,11.07,10.45,
2026-07-13,ETF,中证500ETF嘉实期权_.xls,中证500ETF嘉实,中证500ETF沽7月3000,90007610,,7月,3000.0,3.0,put,0.006,0.0058,0.0061,1.0,1.0,12126.0,4705.0,2099.0,652730.0,0.0009,0.0009,0.0081,0.0009,0.003936,-0.0626,0.5723,0.0007,-0.0013,-0.0001,0.0051,-0.001013,550.67,-34.5,
2026-07-13,ETF,中证500ETF嘉实期权_.xls,中证500ETF嘉实,中证500ETF购7月3100,90007602,,7月,3100.0,3.1,call,0.2057,0.2112,0.2141,1.0,1.0,2187.0,1393.0,572.0,5495120.0,0.3579,0.3207,0.334,0.2048,1e-06,0.857,1.0894,0.0012,-0.0027,0.0007,0.2234,0.000658,16.06,13.77,
2026-07-13,ETF,中证500ETF嘉实期权_.xls,中证500ETF嘉实,中证500ETF沽7月3100,90007611,,7月,3100.0,3.1,put,0.0136,0.0133,0.0137,4.0,1.0,20920.0,5777.0,2616.0,1926748.0,0.0025,0.0029,0.0163,0.0024,0.0036229999999999995,-0.1328,1.0835,0.0012,-0.0021,-0.0001,0.0156,-0.000658,242.94,-32.26,
2026-07-13,ETF,中证500ETF嘉实期权_.xls,中证500ETF嘉实,中证500ETF购7月3200,90007603,,7月,3200.0,3.2,call,0.13,0.13,0.1312,2.0,10.0,7388.0,4688.0,3042.0,12147754.0,0.258,0.2251,0.2273,0.124,0.002869,0.7652,1.9577,0.0017,-0.0027,0.0007,0.1464,0.000325,25.42,19.45,
2026-07-13,ETF,中证500ETF嘉实期权_.xls,中证500ETF嘉实,中证500ETF沽7月3200,90007612,,7月,3200.0,3.2,put,0.0317,0.0317,0.0318,1.0,2.0,35011.0,12177.0,5080.0,7744444.0,0.006,0.007,0.0357,0.0063,0.0034200000000000003,-0.2693,1.7654,0.0018,-0.003,-0.0003,0.0385,-0.000325,104.23,-28.06,
2026-07-13,ETF,中证500ETF嘉实期权_.xls,中证500ETF嘉实,中证500ETF购7月3300,90007604,,7月,3300.0,3.3,call,0.0674,0.0674,0.0679,18.0,1.0,15648.0,10168.0,5656.0,13687861.0,0.1588,0.139,0.1465,0.0633,0.0029049999999999996,0.5298,2.5043,0.0022,-0.0034,0.0005,0.0867,1.1999999999999999e-05,49.02,25.97,
2026-07-13,ETF,中证500ETF嘉实期权_.xls,中证500ETF嘉实,中证500ETF沽7月3300,90007613,,7月,3300.0,3.3,put,0.0698,0.0698,0.0701,7.0,4.0,46355.0,11958.0,1590.0,21499386.0,0.0168,0.0187,0.0764,0.0187,0.0033850000000000004,-0.4714,2.1493,0.0022,-0.0035,-0.0004,0.0786,-1.1999999999999999e-05,47.34,-22.32,
2026-07-13,ETF,中证500ETF嘉实期权_.xls,中证500ETF嘉实,中证500ETF购7月3400,90007605,,7月,3400.0,3.4,call,0.0314,0.0313,0.0315,12.0,1.0,32684.0,19067.0,11576.0,14874685.0,0.0843,0.076,0.081,0.0287,0.0030570000000000003,0.3028,2.0882,0.0019,-0.003,0.0003,0.0458,-0.00028199999999999997,105.22,31.86,
2026-07-13,ETF,中证500ETF嘉实期权_.xls,中证500ETF嘉实,中证500ETF沽7月3400,90007614,,7月,3400.0,3.4,put,0.1328,0.13,0.1342,2.0,2.0,42495.0,11687.0,3726.0,37675933.0,0.0432,0.0524,0.1407,0.0478,0.0035499999999999998,-0.669,1.8678,0.002,-0.0032,-0.0006,0.1376,0.00028199999999999997,24.88,-16.64,
2026-07-13,ETF,中证500ETF嘉实期权_.xls,中证500ETF嘉实,中证500ETF购7月3500,90007606,,7月,3500.0,3.5,call,0.0129,0.0129,0.013,1.0,50.0,31401.0,26448.0,6486.0,6270064.0,0.0381,0.034,0.034,0.0122,0.0031739999999999997,0.1475,1.3282,0.0013,-0.0021,0.0001,0.0214,-0.00056,256.12,37.77,
2026-07-13,ETF,中证500ETF嘉实期权_.xls,中证500ETF嘉实,中证500ETF沽7月3500,90007615,,7月,3500.0,3.5,put,0.2119,0.2114,0.212,1.0,10.0,16370.0,9238.0,1640.0,26896474.0,0.0972,0.1085,0.2235,0.1041,0.0037070000000000002,-0.8129,1.3262,0.0015,-0.0024,-0.0008,0.2131,0.00056,15.59,-12.67,
2026-07-13,ETF,中证500ETF嘉实期权_.xls,中证500ETF嘉实,中证500ETF购7月3600,90007607,,7月,3600.0,3.6,call,0.0053,0.0053,0.0057,2.0,1.0,29279.0,24037.0,-5622.0,2369417.0,0.0154,0.0132,0.0146,0.005,0.0033520000000000004,0.0673,0.7103,0.0007,-0.0012,0.0001,0.0089,-0.0008220000000000001,623.4,41.94,
2026-07-13,ETF,中证500ETF嘉实期权_.xls,中证500ETF嘉实,中证500ETF沽7月3600,90007616,,7月,3600.0,3.6,put,0.3129,0.3016,0.3093,1.0,1.0,6951.0,5299.0,64.0,17429531.0,0.1734,0.1917,0.3149,0.1852,0.0048920000000000005,-0.8423,0.9009,0.0013,-0.0028,-0.0008,0.3004,0.0008220000000000001,10.56,-8.89,
2026-07-13,ETF,中证500ETF嘉实期权_.xls,中证500ETF嘉实,中证500ETF购7月3700,90007608,,7月,3700.0,3.7,call,0.0029,0.0023,0.0029,25.0,12.0,14803.0,27611.0,-632.0,519411.0,0.0061,0.0052,0.0054,0.0022,0.003713,0.0366,0.3951,0.0004,-0.0008,0.0,0.0032,-0.00107,1139.31,41.74,
2026-07-13,ETF,中证500ETF嘉实期权_.xls,中证500ETF嘉实,中证500ETF沽7月3700,90007617,,7月,3700.0,3.7,put,0.3849,0.3844,0.3849,1.0,19.0,2205.0,3625.0,797.0,7834564.0,0.2633,0.2853,0.4122,0.2765,1e-06,-0.9602,0.4138,0.0005,-0.0004,-0.001,0.3947,0.00107,8.58,-8.24,
2026-07-13,ETF,中证500ETF嘉实期权_.xls,中证500ETF嘉实,中证500ETF购7月3800,90007609,,7月,3800.0,3.8,call,0.0015,0.0015,0.0018,71.0,1.0,7604.0,14216.0,477.0,151656.0,0.0026,0.0023,0.0024,0.0015,0.0039840000000000006,0.0193,0.2152,0.0003,-0.0005,0.0,0.0011,-0.001305,2202.67,42.41,
2026-07-13,ETF,中证500ETF嘉实期权_.xls,中证500ETF嘉实,中证500ETF沽7月3800,90007618,,7月,3800.0,3.8,put,0.51,0.4932,0.5067,1.0,1.0,287.0,1077.0,113.0,1295796.0,0.362,0.3801,0.51,0.3801,0.00659,-0.8881,0.5282,0.001,-0.003,-0.0009,0.4924,0.001305,6.48,-5.75,
2026-07-13,ETF,中证500ETF嘉实期权_.xls,中证500ETF嘉实,中证500ETF购7月3900,90007651,,7月,3900.0,3.9,call,0.0005,0.0005,0.0009,385.0,2.0,2289.0,9755.0,666.0,19402.0,0.0011,0.0009,0.0013,0.0005,0.004003,0.0071,0.0904,0.0001,-0.0002,0.0,0.0003,-0.0015279999999999998,6608.0,47.05,
2026-07-13,ETF,中证500ETF嘉实期权_.xls,中证500ETF嘉实,中证500ETF沽7月3900,90007652,,7月,3900.0,3.9,put,0.6031,0.59,0.6061,1.0,1.0,203.0,1537.0,25.0,1185741.0,0.4556,0.4739,0.6031,0.4739,0.006679000000000001,-0.9242,0.3908,0.0008,-0.0022,-0.001,0.5915,0.0015279999999999998,5.48,-5.06,
2026-07-13,ETF,中证500ETF嘉实期权_.xls,中证500ETF嘉实,中证500ETF购7月4000,90007677,,7月,4000.0,4.0,call,0.0007,0.0006,0.0007,8.0,30.0,3013.0,7350.0,401.0,31878.0,0.001,0.0013,0.0014,0.0007,0.004718,0.0084,0.0883,0.0001,-0.0003,0.0,0.0001,-0.0017399999999999998,4720.0,39.45,
2026-07-13,ETF,中证500ETF嘉实期权_.xls,中证500ETF嘉实,中证500ETF沽7月4000,90007678,,7月,4000.0,4.0,put,0.6729,0.6911,0.7079,1.0,1.0,5.0,307.0,4.0,32703.0,0.5612,0.5787,0.6729,0.5787,1e-06,-0.9986,0.0216,0.0,0.0004,-0.0011,0.6912,0.0017399999999999998,4.91,-4.9,
2026-07-13,ETF,中证500ETF嘉实期权_.xls,中证500ETF嘉实,中证500ETF购7月4100,90007763,,7月,4100.0,4.1,call,0.0006,0.0005,0.0006,50.0,1.0,3181.0,6117.0,1238.0,24279.0,0.0009,0.0009,0.001,0.0005,0.005156000000000001,0.0067,0.0666,0.0001,-0.0003,0.0,0.0,-0.001941,5506.67,36.97,
2026-07-13,ETF,中证500ETF嘉实期权_.xls,中证500ETF嘉实,中证500ETF沽7月4100,90007764,,7月,4100.0,4.1,put,0.7931,0.7895,0.8067,1.0,1.0,11.0,74.0,10.0,86140.0,0.6588,0.683,0.7931,0.683,0.006067,-0.9816,0.1362,0.0002,-0.0003,-0.0011,0.791,0.001941,4.17,-4.09,
2026-07-13,ETF,中证500ETF嘉实期权_.xls,中证500ETF嘉实,中证500ETF购8月3000,90007781,,8月,3000.0,3.0,call,0.3275,0.3254,0.3352,1.0,1.0,259.0,213.0,195.0,922246.0,0.4665,0.4137,0.4137,0.3275,0.0019820000000000003,0.9334,0.562,0.0015,-0.0007,0.0034,0.3614,0.001013,10.09,9.42,
2026-07-13,ETF,中证500ETF嘉实期权_.xls,中证500ETF嘉实,中证500ETF沽8月3000,90007782,,8月,3000.0,3.0,put,0.0441,0.0429,0.0436,1.0,1.0,1959.0,1230.0,872.0,687253.0,0.0153,0.0178,0.047,0.0164,0.003507,-0.1866,0.6596,0.0031,-0.0011,-0.0008,0.0408,-0.001013,74.92,-13.98,
2026-07-13,ETF,中证500ETF嘉实期权_.xls,中证500ETF嘉实,中证500ETF购8月3100,90007761,,8月,3100.0,3.1,call,0.2505,0.25,0.2561,1.0,1.0,272.0,403.0,181.0,744924.0,0.367,0.3242,0.3242,0.2495,0.002346,0.8112,0.9933,0.0031,-0.0011,0.003,0.2874,0.000658,13.19,10.7,
2026-07-13,ETF,中证500ETF嘉实期权_.xls,中证500ETF嘉实,中证500ETF沽8月3100,90007762,,8月,3100.0,3.1,put,0.0665,0.0654,0.0668,1.0,1.0,2811.0,2614.0,1707.0,1553511.0,0.0268,0.0301,0.0705,0.0298,0.003406,-0.2614,0.8232,0.0038,-0.0013,-0.0011,0.0663,-0.000658,49.68,-12.99,
2026-07-13,ETF,中证500ETF嘉实期权_.xls,中证500ETF嘉实,中证500ETF购8月3200,90007733,,8月,3200.0,3.2,call,0.1845,0.1845,0.1889,10.0,1.0,1412.0,1489.0,861.0,2846996.0,0.2688,0.2411,0.255,0.1823,0.0024969999999999997,0.6815,1.2319,0.0041,-0.0014,0.0025,0.2228,0.000325,17.91,12.2,
2026-07-13,ETF,中证500ETF嘉实期权_.xls,中证500ETF嘉实,中证500ETF沽8月3200,90007742,,8月,3200.0,3.2,put,0.0997,0.0975,0.1001,1.0,1.0,2207.0,2090.0,738.0,1937046.0,0.0461,0.0517,0.104,0.0494,0.003368,-0.3533,0.9511,0.0043,-0.0015,-0.0016,0.1011,-0.000325,33.14,-11.71,
2026-07-13,ETF,中证500ETF嘉实期权_.xls,中证500ETF嘉实,中证500ETF购8月3300,90007734,,8月,3300.0,3.3,call,0.1265,0.1301,0.1325,1.0,1.0,3848.0,3542.0,2485.0,5447135.0,0.1905,0.1746,0.18,0.1265,0.002495,0.5481,1.3685,0.0046,-0.0015,0.0021,0.1681,1.1999999999999999e-05,26.12,14.32,
2026-07-13,ETF,中证500ETF嘉实期权_.xls,中证500ETF嘉实,中证500ETF沽8月3300,90007743,,8月,3300.0,3.3,put,0.145,0.145,0.1453,4.0,1.0,3647.0,2648.0,1372.0,4434834.0,0.0746,0.0838,0.1499,0.0812,0.003382,-0.4537,1.0101,0.0046,-0.0015,-0.002,0.1459,-1.1999999999999999e-05,22.79,-10.34,
2026-07-13,ETF,中证500ETF嘉实期权_.xls,中证500ETF嘉实,中证500ETF购8月3400,90007735,,8月,3400.0,3.4,call,0.089,0.0882,0.089,1.0,2.0,4301.0,4103.0,1821.0,4333231.0,0.1328,0.1226,0.127,0.0853,0.002645,0.4199,1.2739,0.0045,-0.0015,0.0016,0.1235,-0.00028199999999999997,37.12,15.59,
2026-07-13,ETF,中证500ETF嘉实期权_.xls,中证500ETF嘉实,中证500ETF沽8月3400,90007744,,8月,3400.0,3.4,put,0.1969,0.1969,0.2018,1.0,1.0,2354.0,2511.0,845.0,4002442.0,0.1175,0.129,0.2058,0.1229,0.0033179999999999998,-0.5557,1.0263,0.0046,-0.0014,-0.0025,0.2007,0.00028199999999999997,16.78,-9.32,
2026-07-13,ETF,中证500ETF嘉实期权_.xls,中证500ETF嘉实,中证500ETF购8月3500,90007736,,8月,3500.0,3.5,call,0.0566,0.0578,0.0588,1.0,1.0,4821.0,4974.0,2238.0,3251338.0,0.0889,0.0793,0.0832,0.056,0.002646,0.3036,1.1387,0.0041,-0.0013,0.0012,0.0883,-0.00056,58.37,17.72,
2026-07-13,ETF,中证500ETF嘉实期权_.xls,中证500ETF嘉实,中证500ETF沽8月3500,90007745,,8月,3500.0,3.5,put,0.2703,0.2653,0.2739,1.0,2.0,1436.0,2791.0,497.0,3218306.0,0.1728,0.1884,0.28,0.1861,0.003525,-0.6402,0.9147,0.0043,-0.0014,-0.0029,0.2649,0.00056,12.22,-7.83,
2026-07-13,ETF,中证500ETF嘉实期权_.xls,中证500ETF嘉实,中证500ETF购8月3600,90007737,,8月,3600.0,3.6,call,0.0375,0.0375,0.0377,10.0,1.0,1763.0,2371.0,655.0,767366.0,0.0572,0.0499,0.0541,0.036,0.0027429999999999998,0.2162,0.9212,0.0034,-0.0011,0.0008,0.0614,-0.0008220000000000001,88.11,19.05,
2026-07-13,ETF,中证500ETF嘉实期权_.xls,中证500ETF嘉实,中证500ETF沽8月3600,90007746,,8月,3600.0,3.6,put,0.352,0.3432,0.3536,1.0,1.0,1125.0,2027.0,357.0,3441493.0,0.2415,0.261,0.3555,0.2539,0.00377,-0.7054,0.7884,0.004,-0.0013,-0.0033,0.3375,0.0008220000000000001,9.39,-6.62,
2026-07-13,ETF,中证500ETF嘉实期权_.xls,中证500ETF嘉实,中证500ETF购8月3700,90007738,,8月,3700.0,3.7,call,0.0239,0.0233,0.0243,1.0,1.0,4816.0,4956.0,2573.0,1321491.0,0.0364,0.0313,0.0352,0.023,0.0028059999999999995,0.1484,0.7111,0.0027,-0.0009,0.0006,0.0416,-0.00107,138.24,20.51,
2026-07-13,ETF,中证500ETF嘉实期权_.xls,中证500ETF嘉实,中证500ETF沽8月3700,90007747,,8月,3700.0,3.7,put,0.4357,0.4278,0.44,1.0,1.0,108.0,804.0,76.0,426649.0,0.321,0.3434,0.4391,0.3434,0.00394,-0.7608,0.6788,0.0036,-0.0012,-0.0036,0.4172,0.00107,7.58,-5.77,
2026-07-13,ETF,中证500ETF嘉实期权_.xls,中证500ETF嘉实,中证500ETF购8月3800,90007739,,8月,3800.0,3.8,call,0.0158,0.0152,0.0163,1.0,1.0,2834.0,3792.0,1593.0,504775.0,0.0225,0.0191,0.0224,0.0151,0.002904,0.1027,0.5312,0.0021,-0.0007,0.0004,0.0275,-0.001305,209.11,21.48,
2026-07-13,ETF,中证500ETF嘉实期权_.xls,中证500ETF嘉实,中证500ETF沽8月3800,90007748,,8月,3800.0,3.8,put,0.4926,0.5187,0.532,1.0,1.0,39.0,420.0,15.0,179765.0,0.4072,0.4287,0.4926,0.4287,0.00299,-0.8901,0.5418,0.0022,-0.0003,-0.0042,0.5025,0.001305,6.71,-5.97,
2026-07-13,ETF,中证500ETF嘉实期权_.xls,中证500ETF嘉实,中证500ETF购8月3900,90007740,,8月,3900.0,3.9,call,0.0101,0.01,0.0101,1.0,19.0,1354.0,2774.0,183.0,156687.0,0.0144,0.0119,0.0136,0.0097,0.002974,0.0691,0.3851,0.0015,-0.0005,0.0003,0.0177,-0.0015279999999999998,327.13,22.59,
2026-07-13,ETF,中证500ETF嘉实期权_.xls,中证500ETF嘉实,中证500ETF沽8月3900,90007749,,8月,3900.0,3.9,put,0.518,0.612,0.6261,1.0,1.0,1.0,197.0,1.0,5180.0,0.4983,0.518,0.518,0.518,1e-06,-0.9003,0.4441,0.002,-0.0003,-0.0044,0.5922,0.0015279999999999998,6.38,-5.74,
2026-07-13,ETF,中证500ETF嘉实期权_.xls,中证500ETF嘉实,中证500ETF购8月4000,90007741,,8月,4000.0,4.0,call,0.0073,0.0067,0.0075,5.0,1.0,248.0,911.0,88.0,19444.0,0.0093,0.0079,0.0093,0.0068,0.003115,0.0503,0.2867,0.0012,-0.0004,0.0002,0.0112,-0.0017399999999999998,452.6,22.76,
2026-07-13,ETF,中证500ETF嘉实期权_.xls,中证500ETF嘉实,中证500ETF沽8月4000,90007750,,8月,4000.0,4.0,put,0.6887,0.7094,0.724,1.0,1.0,5.0,181.0,2.0,33245.0,0.5919,0.6125,0.6887,0.6125,0.003624,-0.9185,0.3587,0.0017,-0.0002,-0.0046,0.685,0.0017399999999999998,4.8,-4.41,
2026-07-13,ETF,中证500ETF嘉实期权_.xls,中证500ETF嘉实,中证500ETF购8月4100,90007765,,8月,4100.0,4.1,call,0.0051,0.0048,0.0055,157.0,1.0,1526.0,2448.0,974.0,79968.0,0.0061,0.005,0.0063,0.0043,0.003222,0.0358,0.2103,0.0009,-0.0003,0.0001,0.0069,-0.001941,647.84,23.16,
2026-07-13,ETF,中证500ETF嘉实期权_.xls,中证500ETF嘉实,中证500ETF沽8月4100,90007766,,8月,4100.0,4.1,put,0.7135,0.8056,0.8209,1.0,1.0,1.0,9.0,1.0,7135.0,0.6904,0.7135,0.7135,0.7135,1e-06,-0.9556,0.2377,0.0011,0.0001,-0.0049,0.7802,0.001941,4.63,-4.43,
2026-07-13,ETF,中证500ETF嘉实期权_.xls,中证500ETF嘉实,中证500ETF购9月2800,90007241,,9月,2800.0,2.8,call,0.4918,0.4916,0.4987,1.0,1.0,111.0,1574.0,41.0,570566.0,0.6722,0.5787,0.5787,0.49,1e-06,0.9092,0.3592,0.0024,-0.0008,0.0049,0.5494,0.0018,6.72,6.11,
2026-07-13,ETF,中证500ETF嘉实期权_.xls,中证500ETF嘉实,中证500ETF沽9月2800,90007242,,9月,2800.0,2.8,put,0.0311,0.0309,0.033,1.0,2.0,20583.0,17085.0,4162.0,4765874.0,0.0157,0.0169,0.0345,0.015,0.0034860000000000004,-0.1156,0.3782,0.0029,-0.0006,-0.0008,0.0203,-0.0018,106.24,-12.28,
2026-07-13,ETF,中证500ETF嘉实期权_.xls,中证500ETF嘉实,中证500ETF购9月2850,90007225,,9月,2850.0,2.85,call,0.4719,0.4488,0.4536,1.0,1.0,9.0,454.0,9.0,45423.0,0.6225,0.5269,0.5269,0.4719,1e-06,0.8863,0.4229,0.0028,-0.0009,0.0048,0.5062,0.001593,7.0,6.21,
2026-07-13,ETF,中证500ETF嘉实期权_.xls,中证500ETF嘉实,中证500ETF沽9月2850,90007226,,9月,2850.0,2.85,put,0.0382,0.038,0.0406,1.0,2.0,829.0,5036.0,260.0,271243.0,0.0193,0.0214,0.0416,0.0212,0.0034560000000000003,-0.1375,0.4304,0.0032,-0.0007,-0.001,0.0267,-0.001593,86.49,-11.89,
2026-07-13,ETF,中证500ETF嘉实期权_.xls,中证500ETF嘉实,中证500ETF购9月2900,90007133,,9月,2900.0,2.9,call,0.4142,0.4074,0.4098,1.0,1.0,27.0,830.0,17.0,119964.0,0.5728,0.4911,0.4911,0.4142,1e-06,0.8602,0.4887,0.0033,-0.001,0.0048,0.4645,0.0013930000000000001,7.98,6.86,
2026-07-13,ETF,中证500ETF嘉实期权_.xls,中证500ETF嘉实,中证500ETF沽9月2900,90007135,,9月,2900.0,2.9,put,0.0473,0.0471,0.0497,1.0,1.0,1925.0,3906.0,1389.0,737994.0,0.0241,0.0259,0.051,0.0259,0.0034490000000000002,-0.1633,0.4838,0.0036,-0.0008,-0.0012,0.0345,-0.0013930000000000001,69.85,-11.41,
2026-07-13,ETF,中证500ETF嘉实期权_.xls,中证500ETF嘉实,中证500ETF购9月2950,90007134,,9月,2950.0,2.95,call,0.3682,0.3591,0.3782,1.0,1.0,1.0,1422.0,1.0,3682.0,0.5231,0.3682,0.3682,0.3682,1e-06,0.8307,0.5546,0.0037,-0.0011,0.0046,0.4243,0.0012,8.97,7.45,
2026-07-13,ETF,中证500ETF嘉实期权_.xls,中证500ETF嘉实,中证500ETF沽9月2950,90007136,,9月,2950.0,2.95,put,0.0561,0.056,0.0602,1.0,2.0,44.0,1539.0,26.0,20294.0,0.0305,0.0319,0.06,0.0319,0.003396,-0.1891,0.5391,0.004,-0.0008,-0.0014,0.0439,-0.0012,58.89,-11.13,
2026-07-13,ETF,中证500ETF嘉实期权_.xls,中证500ETF嘉实,中证500ETF购9月3000,90007125,,9月,3000.0,3.0,call,0.341,0.3302,0.3451,1.0,1.0,319.0,1041.0,69.0,1135917.0,0.4735,0.402,0.402,0.3327,0.0017530000000000002,0.917,0.59,0.0023,-0.0006,0.0054,0.3859,0.001013,9.69,8.89,
2026-07-13,ETF,中证500ETF嘉实期权_.xls,中证500ETF嘉实,中证500ETF沽9月3000,90007126,,9月,3000.0,3.0,put,0.0688,0.0685,0.0707,1.0,1.0,466.0,1574.0,208.0,308539.0,0.0377,0.0385,0.0721,0.0385,0.0034029999999999998,-0.2208,0.5901,0.0044,-0.0009,-0.0016,0.055,-0.001013,48.02,-10.6,
2026-07-13,ETF,中证500ETF嘉实期权_.xls,中证500ETF嘉实,中证500ETF购9月3100,90007105,,9月,3100.0,3.1,call,0.2705,0.2704,0.2711,2.0,1.0,723.0,1779.0,588.0,2046975.0,0.3746,0.324,0.324,0.2628,0.002127,0.7917,0.9128,0.0042,-0.0009,0.0047,0.3147,0.000658,12.21,9.67,
2026-07-13,ETF,中证500ETF嘉实期权_.xls,中证500ETF嘉实,中证500ETF沽9月3100,90007114,,9月,3100.0,3.1,put,0.1005,0.1004,0.1035,1.0,1.0,1106.0,2594.0,792.0,1050676.0,0.0556,0.0595,0.1048,0.0595,0.00343,-0.2909,0.6763,0.0051,-0.0011,-0.0021,0.083,-0.000658,32.88,-9.56,
2026-07-13,ETF,中证500ETF嘉实期权_.xls,中证500ETF嘉实,中证500ETF购9月3200,90007106,,9月,3200.0,3.2,call,0.208,0.2016,0.21,1.0,1.0,1999.0,2014.0,1207.0,4382062.0,0.278,0.2569,0.2705,0.1983,0.002271,0.6752,1.0721,0.0053,-0.0011,0.004,0.2519,0.000325,15.88,10.72,
2026-07-13,ETF,中证500ETF嘉实期权_.xls,中证500ETF嘉实,中证500ETF沽9月3200,90007115,,9月,3200.0,3.2,put,0.1416,0.1358,0.1373,1.0,1.0,2861.0,2796.0,1324.0,3545495.0,0.0832,0.0874,0.1441,0.0861,0.0034840000000000006,-0.3666,0.7312,0.0056,-0.0012,-0.0027,0.1192,-0.000325,23.33,-8.55,
2026-07-13,ETF,中证500ETF嘉实期权_.xls,中证500ETF嘉实,中证500ETF购9月3300,90007107,,9月,3300.0,3.3,call,0.156,0.1517,0.156,1.0,1.0,1987.0,3425.0,1239.0,3522179.0,0.2177,0.1944,0.2039,0.1501,0.0023639999999999998,0.5594,1.1294,0.0058,-0.0012,0.0034,0.1978,1.1999999999999999e-05,21.18,11.85,
2026-07-13,ETF,中证500ETF嘉实期权_.xls,中证500ETF嘉实,中证500ETF沽9月3300,90007116,,9月,3300.0,3.3,put,0.1907,0.1841,0.1889,1.0,1.0,1250.0,2280.0,442.0,2002122.0,0.1195,0.1287,0.1914,0.125,0.0035340000000000007,-0.4429,0.7562,0.0058,-0.0012,-0.0033,0.1642,-1.1999999999999999e-05,17.33,-7.67,
2026-07-13,ETF,中证500ETF嘉实期权_.xls,中证500ETF嘉实,中证500ETF购9月3400,90007108,,9月,3400.0,3.4,call,0.1145,0.1144,0.116,1.0,1.0,1204.0,2026.0,552.0,1507483.0,0.164,0.1462,0.149,0.1131,0.002435,0.4499,1.0999,0.0058,-0.0011,0.0027,0.1523,-0.00028199999999999997,28.86,12.98,
2026-07-13,ETF,中证500ETF嘉实期权_.xls,中证500ETF嘉实,中证500ETF沽9月3400,90007117,,9月,3400.0,3.4,put,0.2499,0.2429,0.2517,1.0,1.0,1025.0,1255.0,181.0,2256115.0,0.1657,0.1755,0.2543,0.1739,0.0036249999999999998,-0.516,0.7442,0.0059,-0.0012,-0.0039,0.2178,0.00028199999999999997,13.22,-6.82,
2026-07-13,ETF,中证500ETF嘉实期权_.xls,中证500ETF嘉实,中证500ETF购9月3500,90007109,,9月,3500.0,3.5,call,0.0843,0.0842,0.0868,1.0,1.0,1051.0,2077.0,218.0,982843.0,0.1201,0.1091,0.1091,0.0807,0.002529,0.3544,0.9956,0.0055,-0.0011,0.0022,0.1151,-0.00056,39.19,13.89,
2026-07-13,ETF,中证500ETF嘉实期权_.xls,中证500ETF嘉实,中证500ETF沽9月3500,90007118,,9月,3500.0,3.5,put,0.3168,0.3109,0.3204,1.0,1.0,1417.0,1460.0,227.0,4130292.0,0.2224,0.2377,0.3238,0.2315,0.003729,-0.5825,0.7086,0.0058,-0.0012,-0.0045,0.2797,0.00056,10.43,-6.07,
2026-07-13,ETF,中证500ETF嘉实期权_.xls,中证500ETF嘉实,中证500ETF购9月3600,90007110,,9月,3600.0,3.6,call,0.0606,0.0605,0.0625,1.0,1.0,877.0,3447.0,441.0,581756.0,0.0854,0.078,0.0849,0.0577,0.0025940000000000004,0.2729,0.8673,0.0049,-0.001,0.0017,0.0853,-0.0008220000000000001,54.52,14.88,
2026-07-13,ETF,中证500ETF嘉实期权_.xls,中证500ETF嘉实,中证500ETF沽9月3600,90007119,,9月,3600.0,3.6,put,0.401,0.3872,0.3972,1.0,1.0,586.0,2021.0,399.0,2076771.0,0.2901,0.3083,0.401,0.302,0.004038000000000001,-0.6312,0.6322,0.0056,-0.0012,-0.005,0.3491,0.0008220000000000001,8.24,-5.2,
2026-07-13,ETF,中证500ETF嘉实期权_.xls,中证500ETF嘉实,中证500ETF购9月3700,90007111,,9月,3700.0,3.7,call,0.0429,0.0429,0.0444,2.0,5.0,791.0,3079.0,520.0,377769.0,0.0622,0.057,0.0599,0.042,0.0026479999999999997,0.2059,0.7281,0.0042,-0.0008,0.0013,0.0621,-0.00107,77.02,15.86,
2026-07-13,ETF,中证500ETF嘉实期权_.xls,中证500ETF嘉实,中证500ETF沽9月3700,90007120,,9月,3700.0,3.7,put,0.4845,0.47,0.4806,1.0,1.0,246.0,1215.0,236.0,1117263.0,0.3649,0.3963,0.4845,0.3963,0.004261999999999999,-0.6741,0.5721,0.0053,-0.0012,-0.0054,0.4249,0.00107,6.82,-4.6,
2026-07-13,ETF,中证500ETF嘉实期权_.xls,中证500ETF嘉实,中证500ETF购9月3800,90007112,,9月,3800.0,3.8,call,0.0312,0.0306,0.032,1.0,1.0,1593.0,3529.0,1181.0,564124.0,0.0447,0.0401,0.0427,0.03,0.0027300000000000002,0.1561,0.5933,0.0035,-0.0007,0.001,0.0444,-0.001305,105.9,16.53,
2026-07-13,ETF,中证500ETF嘉实期权_.xls,中证500ETF嘉实,中证500ETF沽9月3800,90007121,,9月,3800.0,3.8,put,0.5725,0.5564,0.5676,1.0,1.0,221.0,1025.0,211.0,1198172.0,0.448,0.4762,0.5725,0.4762,0.0045119999999999995,-0.708,0.5151,0.0051,-0.0012,-0.0058,0.5064,0.001305,5.77,-4.09,
2026-07-13,ETF,中证500ETF嘉实期权_.xls,中证500ETF嘉实,中证500ETF购9月3900,90007113,,9月,3900.0,3.9,call,0.0227,0.0226,0.024,1.0,1.0,1560.0,10244.0,842.0,416660.0,0.0328,0.03,0.0318,0.022,0.002807,0.1177,0.4757,0.0029,-0.0006,0.0007,0.0312,-0.0015279999999999998,145.55,17.13,
2026-07-13,ETF,中证500ETF嘉实期权_.xls,中证500ETF嘉实,中证500ETF沽9月3900,90007122,,9月,3900.0,3.9,put,0.664,0.6473,0.659,1.0,1.0,220.0,1261.0,190.0,1392560.0,0.5351,0.6118,0.664,0.6118,0.004785,-0.7343,0.4639,0.0048,-0.0012,-0.0062,0.5923,0.0015279999999999998,4.98,-3.65,
2026-07-13,ETF,中证500ETF嘉实期权_.xls,中证500ETF嘉实,中证500ETF购9月4000,90007535,,9月,4000.0,4.0,call,0.0167,0.0165,0.0178,1.0,1.0,1927.0,5853.0,477.0,375076.0,0.0233,0.0217,0.0248,0.0167,0.0028870000000000002,0.0891,0.3778,0.0024,-0.0005,0.0006,0.0216,-0.0017399999999999998,197.84,17.63,
2026-07-13,ETF,中证500ETF嘉实期权_.xls,中证500ETF嘉实,中证500ETF沽9月4000,90007536,,9月,4000.0,4.0,put,0.7415,0.7407,0.7528,1.0,1.0,160.0,680.0,160.0,1148030.0,0.6253,0.7043,0.7441,0.7043,0.004710000000000001,-0.7762,0.4296,0.0044,-0.001,-0.0066,0.6818,0.0017399999999999998,4.46,-3.46,
2026-07-13,ETF,中证500ETF嘉实期权_.xls,中证500ETF嘉实,中证500ETF购9月4100,90007767,,9月,4100.0,4.1,call,0.012,0.0119,0.013,1.0,1.0,3260.0,3572.0,1175.0,485128.0,0.0169,0.015,0.0184,0.0118,0.0029449999999999997,0.0662,0.2956,0.0019,-0.0004,0.0004,0.0147,-0.001941,275.33,18.23,
2026-07-13,ETF,中证500ETF嘉实期权_.xls,中证500ETF嘉实,中证500ETF沽9月4100,90007768,,9月,4100.0,4.1,put,0.7988,0.8362,0.8489,1.0,1.0,10.0,223.0,10.0,79880.0,0.7203,0.7988,0.7988,0.7988,0.0039829999999999996,-0.8582,0.3815,0.0033,-0.0005,-0.0073,0.774,0.001941,4.14,-3.55,
2026-07-13,ETF,中证500ETF嘉实期权_.xls,中证500ETF嘉实,中证500ETF购12月2900,90007639,,12月,2900.0,2.9,call,0.4302,0.41,0.4271,2.0,1.0,128.0,586.0,123.0,560956.0,0.5925,0.5015,0.5015,0.417,1e-06,0.7914,0.4063,0.0064,-0.0009,0.0093,0.5547,0.0013930000000000001,7.68,6.08,
2026-07-13,ETF,中证500ETF嘉实期权_.xls,中证500ETF嘉实,中证500ETF沽12月2900,90007640,,12月,2900.0,2.9,put,0.119,0.1134,0.1212,1.0,1.0,442.0,501.0,168.0,467650.0,0.0822,0.0893,0.1226,0.0893,0.003594,-0.2279,0.3795,0.0067,-0.0006,-0.0039,0.0926,-0.0013930000000000001,27.76,-6.33,
2026-07-13,ETF,中证500ETF嘉实期权_.xls,中证500ETF嘉实,中证500ETF购12月2950,90007483,,12月,2950.0,2.95,call,0.3811,0.3788,0.393,1.0,1.0,15.0,843.0,15.0,60427.0,0.5433,0.4644,0.4644,0.3811,1e-06,0.7678,0.4321,0.0068,-0.0009,0.0091,0.5198,0.0012,8.67,6.66,
2026-07-13,ETF,中证500ETF嘉实期权_.xls,中证500ETF嘉实,中证500ETF沽12月2950,90007484,,12月,2950.0,2.95,put,0.1339,0.1286,0.1374,1.0,1.0,170.0,479.0,64.0,219135.0,0.0967,0.1021,0.1352,0.1015,0.0035830000000000002,-0.2495,0.4,0.007,-0.0006,-0.0043,0.1068,-0.0012,24.68,-6.16,
2026-07-13,ETF,中证500ETF嘉实期权_.xls,中证500ETF嘉实,中证500ETF购12月3000,90007447,,12月,3000.0,3.0,call,0.3476,0.3409,0.3598,1.0,1.0,742.0,963.0,444.0,2635912.0,0.4942,0.4287,0.4287,0.3458,1e-06,0.7431,0.4563,0.0071,-0.0009,0.0088,0.4863,0.001013,9.51,7.06,
2026-07-13,ETF,中证500ETF嘉实期权_.xls,中证500ETF嘉实,中证500ETF沽12月3000,90007456,,12月,3000.0,3.0,put,0.1501,0.1448,0.1548,1.0,1.0,1238.0,1327.0,639.0,1813330.0,0.1099,0.1154,0.1538,0.1154,0.003574,-0.2719,0.4192,0.0073,-0.0007,-0.0047,0.1222,-0.001013,22.01,-5.99,
2026-07-13,ETF,中证500ETF嘉实期权_.xls,中证500ETF嘉实,中证500ETF购12月3100,90007448,,12月,3100.0,3.1,call,0.2953,0.2825,0.2964,1.0,1.0,201.0,544.0,47.0,595313.0,0.3972,0.3615,0.3615,0.29,0.001384,0.8293,0.8278,0.0056,-0.0005,0.011,0.4235,0.000658,11.19,9.28,
2026-07-13,ETF,中证500ETF嘉实期权_.xls,中证500ETF嘉实,中证500ETF沽12月3100,90007457,,12月,3100.0,3.1,put,0.1904,0.1836,0.1962,1.0,1.0,279.0,653.0,181.0,528001.0,0.1417,0.1478,0.1943,0.1478,0.0036090000000000007,-0.3199,0.4473,0.0079,-0.0007,-0.0056,0.1574,-0.000658,17.35,-5.55,
2026-07-13,ETF,中证500ETF嘉实期权_.xls,中证500ETF嘉实,中证500ETF购12月3200,90007449,,12月,3200.0,3.2,call,0.2373,0.2315,0.2404,1.0,1.0,1709.0,1675.0,1095.0,4118367.0,0.3037,0.2978,0.2978,0.2341,0.001595,0.706,0.9753,0.0076,-0.0006,0.0094,0.3663,0.000325,13.92,9.83,
2026-07-13,ETF,中证500ETF嘉实期权_.xls,中证500ETF嘉实,中证500ETF沽12月3200,90007458,,12月,3200.0,3.2,put,0.2407,0.2294,0.244,1.0,1.0,1642.0,2113.0,1124.0,3865387.0,0.1766,0.2046,0.2429,0.2046,0.003699,-0.369,0.4604,0.0084,-0.0008,-0.0066,0.1982,-0.000325,13.73,-5.07,
2026-07-13,ETF,中证500ETF嘉实期权_.xls,中证500ETF嘉实,中证500ETF购12月3300,90007450,,12月,3300.0,3.3,call,0.193,0.188,0.1932,1.0,1.0,637.0,1386.0,478.0,1323271.0,0.2522,0.2424,0.2424,0.1925,0.0017800000000000001,0.5946,0.9836,0.0086,-0.0007,0.008,0.3147,1.1999999999999999e-05,17.12,10.18,
2026-07-13,ETF,中证500ETF嘉实期权_.xls,中证500ETF嘉实,中证500ETF沽12月3300,90007459,,12月,3300.0,3.3,put,0.2919,0.2834,0.3003,1.0,1.0,299.0,1074.0,181.0,850318.0,0.2264,0.241,0.2949,0.241,0.0037359999999999997,-0.4165,0.4715,0.0086,-0.0008,-0.0075,0.2447,-1.1999999999999999e-05,11.32,-4.71,
2026-07-13,ETF,中证500ETF嘉实期权_.xls,中证500ETF嘉实,中证500ETF购12月3400,90007451,,12月,3400.0,3.4,call,0.1578,0.1522,0.1541,1.0,1.0,250.0,1183.0,190.0,411783.0,0.2042,0.2009,0.2009,0.1576,0.0019329999999999998,0.4999,0.9318,0.0088,-0.0007,0.0067,0.2687,-0.00028199999999999997,20.94,10.47,
2026-07-13,ETF,中证500ETF嘉实期权_.xls,中证500ETF嘉实,中证500ETF沽12月3400,90007460,,12月,3400.0,3.4,put,0.3164,0.3538,0.3638,1.0,1.0,11.0,731.0,4.0,32164.0,0.279,0.29,0.3164,0.29,0.003414,-0.4691,0.5261,0.0088,-0.0007,-0.0084,0.2967,0.00028199999999999997,10.44,-4.9,
2026-07-13,ETF,中证500ETF嘉实期权_.xls,中证500ETF嘉实,中证500ETF购12月3500,90007452,,12月,3500.0,3.5,call,0.1262,0.1261,0.1312,1.0,1.0,276.0,1391.0,52.0,366157.0,0.1657,0.1598,0.1598,0.126,0.002026,0.4178,0.8701,0.0086,-0.0007,0.0056,0.2281,-0.00056,26.18,10.94,
2026-07-13,ETF,中证500ETF嘉实期权_.xls,中证500ETF嘉实,中证500ETF沽12月3500,90007461,,12月,3500.0,3.5,put,0.4009,0.4133,0.4329,1.0,1.0,8.0,565.0,8.0,29684.0,0.3387,0.3612,0.402,0.3604,0.003721,-0.5101,0.4839,0.0088,-0.0007,-0.0094,0.354,0.00056,8.24,-4.2,
2026-07-13,ETF,中证500ETF嘉实期权_.xls,中证500ETF嘉实,中证500ETF购12月3600,90007453,,12月,3600.0,3.6,call,0.1003,0.1002,0.1052,2.0,1.0,379.0,1505.0,307.0,426162.0,0.135,0.1279,0.1279,0.1,0.0021030000000000003,0.3465,0.7925,0.0082,-0.0007,0.0047,0.1924,-0.0008220000000000001,32.94,11.41,
2026-07-13,ETF,中证500ETF嘉实期权_.xls,中证500ETF嘉实,中证500ETF沽12月3600,90007462,,12月,3600.0,3.6,put,0.4269,0.4872,0.5076,1.0,1.0,1.0,896.0,0.0,4269.0,0.4034,0.4269,0.4269,0.4269,0.003312,-0.5732,0.5347,0.0087,-0.0006,-0.0104,0.4163,0.0008220000000000001,7.74,-4.44,
2026-07-13,ETF,中证500ETF嘉实期权_.xls,中证500ETF嘉实,中证500ETF购12月3700,90007454,,12月,3700.0,3.7,call,0.0791,0.079,0.0846,1.0,1.0,95.0,855.0,53.0,89677.0,0.1075,0.1022,0.1022,0.0788,0.002165,0.2849,0.7081,0.0075,-0.0006,0.0039,0.1614,-0.00107,41.77,11.9,
2026-07-13,ETF,中证500ETF嘉实期权_.xls,中证500ETF嘉实,中证500ETF沽12月3700,90007463,,12月,3700.0,3.7,put,0.5839,0.565,0.5862,1.0,1.0,10.0,778.0,10.0,58390.0,0.4791,0.5839,0.5839,0.5839,0.004364,-0.5681,0.4068,0.0087,-0.0009,-0.0111,0.4833,0.00107,5.66,-3.21,
2026-07-13,ETF,中证500ETF嘉实期权_.xls,中证500ETF嘉实,中证500ETF购12月3800,90007455,,12月,3800.0,3.8,call,0.0639,0.0638,0.0683,1.0,1.0,134.0,1314.0,65.0,102257.0,0.0872,0.0819,0.0851,0.0639,0.002245,0.2358,0.6192,0.0068,-0.0006,0.0032,0.1346,-0.001305,51.71,12.19,
2026-07-13,ETF,中证500ETF嘉实期权_.xls,中证500ETF嘉实,中证500ETF沽12月3800,90007464,,12月,3800.0,3.8,put,0.6674,0.6479,0.6696,1.0,1.0,11.0,747.0,10.0,73250.0,0.5554,0.651,0.6674,0.651,0.004543999999999999,-0.5951,0.3851,0.0086,-0.0009,-0.0118,0.5546,0.001305,4.95,-2.95,
2026-07-13,ETF,中证500ETF嘉实期权_.xls,中证500ETF嘉实,中证500ETF购12月3900,90007489,,12月,3900.0,3.9,call,0.0516,0.0514,0.054,1.0,1.0,414.0,1281.0,183.0,247984.0,0.07,0.0654,0.0687,0.0516,0.002317,0.1949,0.5371,0.0061,-0.0005,0.0027,0.1117,-0.0015279999999999998,64.03,12.48,
2026-07-13,ETF,中证500ETF嘉实期权_.xls,中证500ETF嘉实,中证500ETF沽12月3900,90007490,,12月,3900.0,3.9,put,0.7539,0.7347,0.757,1.0,1.0,10.0,750.0,10.0,75390.0,0.6386,0.7539,0.7539,0.7539,0.004731,-0.6181,0.3639,0.0084,-0.0009,-0.0126,0.6297,0.0015279999999999998,4.38,-2.71,
2026-07-13,ETF,中证500ETF嘉实期权_.xls,中证500ETF嘉实,中证500ETF购12月4000,90007537,,12月,4000.0,4.0,call,0.042,0.0413,0.044,1.0,1.0,513.0,1654.0,363.0,251698.0,0.0564,0.0527,0.0545,0.0419,0.002388,0.1616,0.4631,0.0054,-0.0005,0.0022,0.0923,-0.0017399999999999998,78.67,12.71,
2026-07-13,ETF,中证500ETF嘉实期权_.xls,中证500ETF嘉实,中证500ETF沽12月4000,90007538,,12月,4000.0,4.0,put,0.8437,0.8217,0.8447,1.0,1.0,11.0,680.0,9.0,92570.0,0.7237,0.82,0.8437,0.82,0.004935,-0.6373,0.3432,0.0083,-0.0009,-0.0133,0.7082,0.0017399999999999998,3.92,-2.5,
2026-07-13,ETF,中证500ETF嘉实期权_.xls,中证500ETF嘉实,中证500ETF购12月4100,90007769,,12月,4100.0,4.1,call,0.0366,0.0348,0.037,1.0,1.0,672.0,811.0,524.0,280339.0,0.046,0.043,0.0462,0.0347,0.002502,0.1395,0.4007,0.0049,-0.0004,0.0019,0.0759,-0.001941,90.27,12.59,
2026-07-13,ETF,中证500ETF嘉实期权_.xls,中证500ETF嘉实,中证500ETF沽12月4100,90007770,,12月,4100.0,4.1,put,0.9339,0.9131,0.9365,1.0,1.0,10.0,74.0,10.0,93390.0,0.8118,0.9339,0.9339,0.9339,0.005124,-0.6546,0.3248,0.0082,-0.0009,-0.0139,0.7898,0.001941,3.54,-2.32,
2026-07-13,ETF,中证500ETF南方期权_.xls,中证500ETF南方,500ETF购7月7000,10011807,,7月,7000.0,7.0,call,1.2881,1.2849,1.3207,1.0,1.0,329.0,1748.0,-306.0,4328610.0,1.698,1.5932,1.5932,1.2867,1e-06,0.9968,0.0183,0.0001,-0.0011,0.0019,1.3011,0.0018460000000000002,6.44,6.42,
2026-07-13,ETF,中证500ETF南方期权_.xls,中证500ETF南方,500ETF沽7月7000,10011808,,7月,7000.0,7.0,put,0.0048,0.0045,0.0048,1.0,8.0,8530.0,12834.0,-673.0,310536.0,0.0015,0.0012,0.0066,0.0012,0.005045000000000001,-0.0185,0.0655,0.0006,-0.0016,-0.0,0.0005,-0.0018460000000000002,1727.5,-32.01,
2026-07-13,ETF,中证500ETF南方期权_.xls,中证500ETF南方,500ETF购7月7250,10011785,,7月,7250.0,7.25,call,1.0413,1.0387,1.0702,1.0,1.0,506.0,1033.0,-466.0,5411654.0,1.448,1.3482,1.3482,1.0375,1e-06,0.9852,0.0715,0.0005,-0.0019,0.0019,1.0537,0.001437,7.96,7.85,
2026-07-13,ETF,中证500ETF南方期权_.xls,中证500ETF南方,500ETF沽7月7250,10011786,,7月,7250.0,7.25,put,0.008,0.0078,0.008,3.0,1.0,12605.0,9696.0,268.0,896206.0,0.002,0.0015,0.0113,0.0015,0.004515999999999999,-0.0321,0.1162,0.001,-0.0022,-0.0001,0.0028,-0.001437,1036.5,-33.31,
2026-07-13,ETF,中证500ETF南方期权_.xls,中证500ETF南方,500ETF购7月7500,10011717,,7月,7500.0,7.5,call,0.8092,0.7969,0.8206,1.0,1.0,1405.0,823.0,-215.0,11666094.0,1.198,1.0928,1.0928,0.7834,0.0035570000000000003,0.9604,0.175,0.0012,-0.003,0.002,0.8126,0.001056,10.25,9.84,
2026-07-13,ETF,中证500ETF南方期权_.xls,中证500ETF南方,500ETF沽7月7500,10011726,,7月,7500.0,7.5,put,0.0158,0.0158,0.0159,7.0,2.0,24673.0,18483.0,2453.0,2914496.0,0.0033,0.0029,0.0188,0.0023,0.004102,-0.0629,0.2196,0.0017,-0.0034,-0.0001,0.0114,-0.001056,524.81,-33.04,
2026-07-13,ETF,中证500ETF南方期权_.xls,中证500ETF南方,500ETF购7月7750,10011718,,7月,7750.0,7.75,call,0.5707,0.5622,0.58,1.0,1.0,4399.0,2908.0,1873.0,27163985.0,0.948,0.857,0.857,0.5523,0.0031920000000000004,0.9081,0.3764,0.0023,-0.0045,0.0019,0.5871,0.0006990000000000001,14.53,13.19,
2026-07-13,ETF,中证500ETF南方期权_.xls,中证500ETF南方,500ETF沽7月7750,10011727,,7月,7750.0,7.75,put,0.032,0.0311,0.032,1.0,44.0,72530.0,25170.0,9267.0,17425648.0,0.0062,0.0062,0.0384,0.0048,0.0036969999999999998,-0.1239,0.4033,0.0028,-0.0051,-0.0003,0.0355,-0.0006990000000000001,259.13,-32.12,
2026-07-13,ETF,中证500ETF南方期权_.xls,中证500ETF南方,500ETF购7月8000,10011719,,7月,8000.0,8.0,call,0.3599,0.3599,0.36,1.0,1.0,11746.0,7393.0,2811.0,49696602.0,0.698,0.6209,0.6209,0.346,0.003116,0.7718,0.7069,0.0041,-0.0072,0.0017,0.3906,0.000365,23.04,17.78,
2026-07-13,ETF,中证500ETF南方期权_.xls,中证500ETF南方,500ETF沽7月8000,10011728,,7月,8000.0,8.0,put,0.072,0.072,0.0739,13.0,8.0,152397.0,42036.0,4534.0,70761920.0,0.0136,0.0158,0.0812,0.0133,0.003443,-0.2485,0.6703,0.0043,-0.0072,-0.0006,0.0887,-0.000365,115.17,-28.62,
2026-07-13,ETF,中证500ETF南方期权_.xls,中证500ETF南方,500ETF购7月8250,10011720,,7月,8250.0,8.25,call,0.1925,0.1925,0.1935,30.0,1.0,79117.0,22520.0,12347.0,190227841.0,0.448,0.4029,0.4043,0.1822,0.003025,0.56,0.9499,0.0054,-0.0087,0.0012,0.2356,5.1000000000000006e-05,43.08,24.12,
2026-07-13,ETF,中证500ETF南方期权_.xls,中证500ETF南方,500ETF沽7月8250,10011729,,7月,8250.0,8.25,put,0.1445,0.1444,0.1445,1.0,145.0,279180.0,51361.0,2056.0,270174538.0,0.0345,0.0369,0.1687,0.0369,0.0031019999999999997,-0.4409,0.9267,0.0054,-0.0079,-0.001,0.1834,-5.1000000000000006e-05,57.38,-25.3,
2026-07-13,ETF,中证500ETF南方期权_.xls,中证500ETF南方,500ETF购7月8500,10011721,,7月,8500.0,8.5,call,0.0873,0.0873,0.0874,65.0,1.0,213588.0,54597.0,29252.0,266153078.0,0.231,0.21,0.22,0.0828,0.003031,0.3284,0.869,0.005,-0.0078,0.0007,0.1274,-0.000245,94.98,31.2,
2026-07-13,ETF,中证500ETF南方期权_.xls,中证500ETF南方,500ETF沽7月8500,10011730,,7月,8500.0,8.5,put,0.29,0.2899,0.29,1.0,20.0,261576.0,41525.0,-6352.0,523195166.0,0.0939,0.1057,0.3205,0.1036,0.003135,-0.6656,0.8462,0.005,-0.0071,-0.0016,0.3249,0.000245,28.59,-19.03,
2026-07-13,ETF,中证500ETF南方期权_.xls,中证500ETF南方,500ETF购7月8750,10011722,,7月,8750.0,8.75,call,0.0357,0.0357,0.036,14.0,79.0,213160.0,90583.0,27067.0,121086339.0,0.1094,0.0906,0.0976,0.0357,0.003128,0.1614,0.57,0.0034,-0.0054,0.0004,0.0612,-0.000523,232.27,37.49,
2026-07-13,ETF,中证500ETF南方期权_.xls,中证500ETF南方,500ETF沽7月8750,10011731,,7月,8750.0,8.75,put,0.4938,0.4935,0.4938,15.0,2.0,133746.0,40643.0,-11703.0,495292870.0,0.2166,0.24,0.5207,0.232,0.0034369999999999995,-0.8146,0.5666,0.0037,-0.0054,-0.002,0.5085,0.000523,16.79,-13.68,
2026-07-13,ETF,中证500ETF南方期权_.xls,中证500ETF南方,500ETF购7月9000,10011723,,7月,9000.0,9.0,call,0.0162,0.0161,0.0162,1.0,40.0,138363.0,99779.0,7129.0,33653937.0,0.0399,0.034,0.0382,0.0152,0.0033840000000000003,0.0789,0.3167,0.002,-0.0035,0.0002,0.0261,-0.000787,511.85,40.37,
2026-07-13,ETF,中证500ETF南方期权_.xls,中证500ETF南方,500ETF沽7月9000,10011732,,7月,9000.0,9.0,put,0.7248,0.7189,0.7248,1.0,5.0,41838.0,32909.0,-3800.0,246668234.0,0.4005,0.4367,0.7481,0.4224,0.003889,-0.889,0.3545,0.0026,-0.0041,-0.0022,0.723,0.000787,11.44,-10.17,
2026-07-13,ETF,中证500ETF南方期权_.xls,中证500ETF南方,500ETF购7月9250,10011724,,7月,9250.0,9.25,call,0.0074,0.0074,0.0076,11.0,1.0,60345.0,73874.0,-3181.0,6033305.0,0.0145,0.0136,0.0151,0.0071,0.003619,0.038,0.1663,0.0011,-0.0021,0.0001,0.0099,-0.001036,1120.54,42.57,
2026-07-13,ETF,中证500ETF南方期权_.xls,中证500ETF南方,500ETF沽7月9250,10011733,,7月,9250.0,9.25,put,0.9592,0.9458,0.949,1.0,6.0,6273.0,9241.0,-2350.0,52988431.0,0.6262,0.6653,0.9829,0.6471,0.004009,-0.9447,0.2029,0.0015,-0.002,-0.0024,0.9565,0.001036,8.64,-8.17,
2026-07-13,ETF,中证500ETF南方期权_.xls,中证500ETF南方,500ETF购7月9500,10011725,,7月,9500.0,9.5,call,0.005,0.005,0.0051,441.0,15.0,25950.0,48421.0,491.0,1543787.0,0.0061,0.0051,0.0072,0.0046,0.004062,0.0244,0.1026,0.0008,-0.0016,0.0001,0.0033,-0.0012720000000000001,1658.4,40.41,
2026-07-13,ETF,中证500ETF南方期权_.xls,中证500ETF南方,500ETF沽7月9500,10011734,,7月,9500.0,9.5,put,1.2186,1.2101,1.2224,1.0,1.0,1482.0,1848.0,-496.0,16341167.0,0.8493,0.911,1.26,0.9046,0.005373,-0.9293,0.1834,0.0019,-0.0039,-0.0024,1.1996,0.0012720000000000001,6.8,-6.32,
2026-07-13,ETF,中证500ETF南方期权_.xls,中证500ETF南方,500ETF购7月9750,10011771,,7月,9750.0,9.75,call,0.0025,0.0027,0.0031,3.0,1.0,9221.0,28486.0,-2725.0,315973.0,0.0038,0.0021,0.0069,0.0021,0.004269,0.0126,0.0554,0.0004,-0.001,0.0,0.001,-0.001495,3316.8,41.65,
2026-07-13,ETF,中证500ETF南方期权_.xls,中证500ETF南方,500ETF沽7月9750,10011772,,7月,9750.0,9.75,put,1.4572,1.4274,1.4706,1.0,1.0,132.0,309.0,-6.0,1773855.0,1.0938,1.1589,1.4607,1.1589,0.005375,-0.961,0.1145,0.0012,-0.002,-0.0026,1.447,0.001495,5.69,-5.47,
2026-07-13,ETF,中证500ETF南方期权_.xls,中证500ETF南方,500ETF购7月10000,10011821,,7月,10000.0,10.0,call,0.0021,0.0018,0.0022,8.0,12.0,4139.0,17336.0,-1052.0,84401.0,0.0024,0.0014,0.0026,0.0012,0.004736000000000001,0.0098,0.0402,0.0004,-0.0009,0.0,0.0003,-0.0017079999999999999,3948.57,38.65,
2026-07-13,ETF,中证500ETF南方期权_.xls,中证500ETF南方,500ETF沽7月10000,10011822,,7月,10000.0,10.0,put,1.675,1.6947,1.7199,1.0,1.0,176.0,328.0,8.0,2816528.0,1.34,1.41,1.7199,1.41,1e-06,-0.9982,0.011,0.0001,0.0011,-0.0027,1.6959,0.0017079999999999999,4.95,-4.94,
2026-07-13,ETF,中证500ETF南方期权_.xls,中证500ETF南方,500ETF购7月10500,10011995,,7月,10500.0,10.5,call,0.0014,0.0013,0.0017,54.0,4.0,2937.0,10078.0,-101.0,45406.0,0.0016,0.0015,0.0018,0.0013,1e-06,0.0001,0.0009,0.0,-0.0,0.0,0.0,-0.0021030000000000003,5922.86,0.68,
2026-07-13,ETF,中证500ETF南方期权_.xls,中证500ETF南方,500ETF沽7月10500,10011996,,7月,10500.0,10.5,put,2.1827,2.173,2.2206,1.0,1.0,57.0,303.0,20.0,1200740.0,1.8485,1.9572,2.1905,1.9572,1e-06,-0.9999,0.0009,0.0,0.0013,-0.0029,2.1951,0.0021030000000000003,3.8,-3.8,
2026-07-13,ETF,中证500ETF南方期权_.xls,中证500ETF南方,500ETF购8月7500,10012029,,8月,7500.0,7.5,call,0.8505,0.8489,0.8731,1.0,1.0,507.0,412.0,355.0,4521908.0,1.198,1.0657,1.0657,0.8388,1e-06,0.818,0.2542,0.0077,-0.0038,0.0072,0.9427,0.001056,9.75,7.98,
2026-07-13,ETF,中证500ETF南方期权_.xls,中证500ETF南方,500ETF沽8月7500,10012030,,8月,7500.0,7.5,put,0.107,0.107,0.1079,1.0,1.0,20933.0,7860.0,5359.0,17496871.0,0.0369,0.0406,0.1126,0.0369,1e-06,-0.182,0.2542,0.0077,-0.0029,-0.002,0.1092,-0.001056,77.5,-14.1,
2026-07-13,ETF,中证500ETF南方期权_.xls,中证500ETF南方,500ETF购8月7750,10011969,,8月,7750.0,7.75,call,0.68,0.68,0.682,1.0,1.0,457.0,457.0,207.0,3245815.0,0.948,0.8513,0.8786,0.648,1e-06,0.7409,0.3115,0.0094,-0.0044,0.0066,0.7583,0.0006990000000000001,12.19,9.03,
2026-07-13,ETF,中证500ETF南方期权_.xls,中证500ETF南方,500ETF沽8月7750,10011970,,8月,7750.0,7.75,put,0.164,0.164,0.1643,2.0,2.0,18521.0,11562.0,2400.0,22405069.0,0.0623,0.0697,0.1698,0.0661,1e-06,-0.2591,0.3115,0.0094,-0.0035,-0.0029,0.1734,-0.0006990000000000001,50.56,-13.1,
2026-07-13,ETF,中证500ETF南方期权_.xls,中证500ETF南方,500ETF购8月8000,10011887,,8月,8000.0,8.0,call,0.4868,0.4815,0.4984,1.0,1.0,2682.0,1940.0,1032.0,14416452.0,0.698,0.6463,0.6642,0.4764,0.002532,0.695,0.4752,0.0102,-0.0035,0.0065,0.596,0.000365,17.03,11.84,
2026-07-13,ETF,中证500ETF南方期权_.xls,中证500ETF南方,500ETF沽8月8000,10011896,,8月,8000.0,8.0,put,0.232,0.2319,0.2385,1.0,1.0,21222.0,10489.0,1772.0,39224920.0,0.106,0.1157,0.2488,0.1111,0.00331,-0.3393,0.3799,0.0107,-0.0035,-0.0038,0.2598,-0.000365,35.74,-12.13,
2026-07-13,ETF,中证500ETF南方期权_.xls,中证500ETF南方,500ETF购8月8250,10011888,,8月,8250.0,8.25,call,0.346,0.34,0.3467,1.0,14.0,12087.0,6894.0,5456.0,44510687.0,0.5132,0.4721,0.6547,0.3348,0.0025989999999999997,0.5644,0.5204,0.0115,-0.0038,0.0053,0.4575,5.1000000000000006e-05,23.97,13.53,
2026-07-13,ETF,中证500ETF南方期权_.xls,中证500ETF南方,500ETF沽8月8250,10011897,,8月,8250.0,8.25,put,0.3452,0.3381,0.3454,3.0,1.0,25351.0,12253.0,3440.0,72416862.0,0.1719,0.1891,0.3581,0.1832,0.0033549999999999995,-0.4407,0.4039,0.0115,-0.0038,-0.0049,0.3699,-5.1000000000000006e-05,24.02,-10.59,
2026-07-13,ETF,中证500ETF南方期权_.xls,中证500ETF南方,500ETF购8月8500,10011889,,8月,8500.0,8.5,call,0.2316,0.2297,0.2316,6.0,5.0,25065.0,13364.0,7661.0,66465808.0,0.3583,0.3315,0.3397,0.225,0.002605,0.4347,0.519,0.0115,-0.0037,0.0042,0.3428,-0.000245,35.8,15.56,
2026-07-13,ETF,中证500ETF南方期权_.xls,中证500ETF南方,500ETF沽8月8500,10011898,,8月,8500.0,8.5,put,0.4788,0.4728,0.4792,1.0,1.0,21736.0,10802.0,2554.0,86130477.0,0.2699,0.2946,0.4977,0.2855,0.0033539999999999998,-0.5416,0.4064,0.0116,-0.0037,-0.0061,0.5038,0.000245,17.32,-9.38,
2026-07-13,ETF,中证500ETF南方期权_.xls,中证500ETF南方,500ETF购8月8750,10011890,,8月,8750.0,8.75,call,0.1546,0.1506,0.1546,6.0,46.0,24883.0,15220.0,5905.0,44710266.0,0.2398,0.2115,0.2285,0.1474,0.002676,0.3206,0.4593,0.0104,-0.0034,0.0031,0.2508,-0.000523,53.64,17.19,
2026-07-13,ETF,中证500ETF南方期权_.xls,中证500ETF南方,500ETF沽8月8750,10011899,,8月,8750.0,8.75,put,0.65,0.6509,0.6548,5.0,1.0,10773.0,9444.0,-1250.0,57345859.0,0.4029,0.418,0.6664,0.418,0.0034759999999999995,-0.6308,0.3728,0.011,-0.0035,-0.0073,0.6604,0.000523,12.76,-8.05,
2026-07-13,ETF,中证500ETF南方期权_.xls,中证500ETF南方,500ETF购8月9000,10011891,,8月,9000.0,9.0,call,0.097,0.097,0.098,3.0,4.0,21099.0,18389.0,6384.0,23941789.0,0.1559,0.1403,0.1467,0.093,0.0026989999999999996,0.224,0.3807,0.0087,-0.0028,0.0022,0.1792,-0.000787,85.48,19.15,
2026-07-13,ETF,中证500ETF南方期权_.xls,中证500ETF南方,500ETF沽8月9000,10011900,,8月,9000.0,9.0,put,0.8401,0.8273,0.8489,1.0,1.0,2874.0,6327.0,92.0,21952475.0,0.5645,0.6003,0.8627,0.5869,0.0035969999999999995,-0.706,0.329,0.01,-0.0032,-0.0083,0.8374,0.000787,9.87,-6.97,
2026-07-13,ETF,中证500ETF南方期权_.xls,中证500ETF南方,500ETF购8月9250,10011892,,8月,9250.0,9.25,call,0.0616,0.0605,0.0616,1.0,6.0,11903.0,15640.0,2703.0,8850136.0,0.0989,0.0889,0.0939,0.0603,0.002762,0.1535,0.2944,0.0069,-0.0023,0.0015,0.1251,-0.001036,134.61,20.66,
2026-07-13,ETF,中证500ETF南方期权_.xls,中证500ETF南方,500ETF沽8月9250,10011901,,8月,9250.0,9.25,put,1.0475,1.0367,1.0629,1.0,1.0,414.0,1775.0,-100.0,4089742.0,0.7582,0.8031,1.0591,0.8031,0.003747,-0.7652,0.2816,0.0089,-0.0028,-0.0091,1.0319,0.001036,7.92,-6.06,
2026-07-13,ETF,中证500ETF南方期权_.xls,中证500ETF南方,500ETF购8月9500,10011893,,8月,9500.0,9.5,call,0.041,0.041,0.0411,9.0,1.0,10125.0,10642.0,1377.0,4738973.0,0.0624,0.0546,0.0615,0.0388,0.002869,0.1066,0.2201,0.0054,-0.0018,0.001,0.0854,-0.0012720000000000001,202.24,21.57,
2026-07-13,ETF,中证500ETF南方期权_.xls,中证500ETF南方,500ETF沽8月9500,10011902,,8月,9500.0,9.5,put,1.2856,1.2626,1.2911,1.0,1.0,112.0,648.0,-39.0,1376376.0,0.9681,1.0178,1.3037,1.0178,0.0041470000000000005,-0.7948,0.2355,0.0083,-0.0028,-0.0097,1.2408,0.0012720000000000001,6.45,-5.13,
2026-07-13,ETF,中证500ETF南方期权_.xls,中证500ETF南方,500ETF购8月9750,10011894,,8月,9750.0,9.75,call,0.0263,0.0263,0.0268,2.0,1.0,5163.0,5351.0,77.0,1564832.0,0.0397,0.0341,0.039,0.0255,0.002943,0.0719,0.1599,0.004,-0.0014,0.0007,0.057,-0.001495,315.29,22.66,
2026-07-13,ETF,中证500ETF南方期权_.xls,中证500ETF南方,500ETF沽8月9750,10011903,,8月,9750.0,9.75,put,1.5164,1.4971,1.5271,1.0,1.0,27.0,208.0,12.0,395341.0,1.1983,1.2555,1.5339,1.2555,0.004398,-0.8253,0.2011,0.0075,-0.0026,-0.0103,1.4611,0.001495,5.47,-4.51,
2026-07-13,ETF,中证500ETF南方期权_.xls,中证500ETF南方,500ETF购8月10000,10011895,,8月,10000.0,10.0,call,0.0182,0.0182,0.0186,39.0,1.0,7041.0,8502.0,1435.0,1449224.0,0.0252,0.0219,0.0256,0.0171,0.00306,0.0507,0.1171,0.003,-0.0011,0.0005,0.0373,-0.0017079999999999999,455.6,23.12,
2026-07-13,ETF,中证500ETF南方期权_.xls,中证500ETF南方,500ETF沽8月10000,10011904,,8月,10000.0,10.0,put,1.76,1.7372,1.7685,1.0,1.0,163.0,179.0,122.0,2840780.0,1.4344,1.535,1.7797,1.5227,0.004772,-0.8416,0.174,0.007,-0.0027,-0.0108,1.69,0.0017079999999999999,4.71,-3.97,
2026-07-13,ETF,中证500ETF南方期权_.xls,中证500ETF南方,500ETF购8月10500,10011997,,8月,10500.0,10.5,call,0.0088,0.0085,0.0088,22.0,1.0,3521.0,5787.0,920.0,340483.0,0.0118,0.0095,0.0114,0.0086,1e-06,0.0378,0.0792,0.0024,-0.001,0.0004,0.0151,-0.0021030000000000003,942.27,35.65,
2026-07-13,ETF,中证500ETF南方期权_.xls,中证500ETF南方,500ETF沽8月10500,10011998,,8月,10500.0,10.5,put,2.2512,2.2257,2.2591,1.0,1.0,933.0,976.0,899.0,20829285.0,1.9256,2.1767,2.2723,2.1682,1e-06,-0.9622,0.0792,0.0024,0.0003,-0.0125,2.165,0.0021030000000000003,3.68,-3.54,
2026-07-13,ETF,中证500ETF南方期权_.xls,中证500ETF南方,500ETF购9月6500,10011281,,9月,6500.0,6.5,call,1.7307,1.7305,1.7516,1.0,1.0,132.0,7575.0,-34.0,2380730.0,2.198,1.9279,1.9279,1.7258,1e-06,0.9608,0.0682,0.0031,-0.0015,0.0122,1.8709,0.002757,4.79,4.6,
2026-07-13,ETF,中证500ETF南方期权_.xls,中证500ETF南方,500ETF沽9月6500,10011282,,9月,6500.0,6.5,put,0.0404,0.039,0.0404,1.0,5.0,221513.0,79537.0,1301.0,71775117.0,0.0179,0.0184,0.0415,0.016,0.0038659999999999996,-0.0609,0.0841,0.0045,-0.0011,-0.0011,0.0207,-0.002757,205.25,-12.51,
2026-07-13,ETF,中证500ETF南方期权_.xls,中证500ETF南方,500ETF购9月6750,10011241,,9月,6750.0,6.75,call,1.5,1.5001,1.5204,1.0,1.0,18.0,2332.0,4.0,280626.0,1.948,1.64,1.64,1.5,1e-06,0.9343,0.103,0.0047,-0.0018,0.0122,1.6404,0.002284,5.53,5.16,
2026-07-13,ETF,中证500ETF南方期权_.xls,中证500ETF南方,500ETF沽9月6750,10011242,,9月,6750.0,6.75,put,0.0589,0.0598,0.061,3.0,1.0,37631.0,76055.0,646.0,17700088.0,0.0274,0.0293,0.0605,0.0254,0.0037459999999999998,-0.086,0.113,0.0058,-0.0014,-0.0015,0.0379,-0.002284,140.78,-12.11,
2026-07-13,ETF,中证500ETF南方期权_.xls,中证500ETF南方,500ETF购9月7000,10011091,,9月,7000.0,7.0,call,1.281,1.2778,1.2974,1.0,1.0,46.0,1189.0,-8.0,618738.0,1.698,1.49,1.49,1.28,1e-06,0.8972,0.1442,0.0066,-0.0023,0.012,1.4196,0.0018460000000000002,6.47,5.81,
2026-07-13,ETF,中证500ETF南方期权_.xls,中证500ETF南方,500ETF沽9月7000,10011093,,9月,7000.0,7.0,put,0.0845,0.081,0.0849,1.0,1.0,4642.0,22970.0,-306.0,3042225.0,0.0401,0.0428,0.087,0.039,0.00363,-0.119,0.1477,0.0074,-0.0017,-0.0021,0.0649,-0.0018460000000000002,98.13,-11.68,
2026-07-13,ETF,中证500ETF南方期权_.xls,中证500ETF南方,500ETF购9月7250,10011092,,9月,7250.0,7.25,call,1.0657,1.065,1.084,1.0,1.0,79.0,673.0,-3.0,869211.0,1.448,1.2378,1.2555,1.0657,1e-06,0.8488,0.1887,0.0087,-0.0027,0.0117,1.2114,0.001437,7.78,6.6,
2026-07-13,ETF,中证500ETF南方期权_.xls,中证500ETF南方,500ETF沽9月7250,10011094,,9月,7250.0,7.25,put,0.1207,0.116,0.1243,1.0,1.0,3528.0,9971.0,93.0,3617115.0,0.0586,0.0738,0.1247,0.0591,0.003533,-0.1621,0.1873,0.0091,-0.002,-0.0029,0.1044,-0.001437,68.7,-11.14,
2026-07-13,ETF,中证500ETF南方期权_.xls,中证500ETF南方,500ETF购9月7500,10011071,,9月,7500.0,7.5,call,0.8719,0.8673,0.8858,1.0,1.0,517.0,3825.0,-155.0,4993197.0,1.198,1.0846,1.0846,0.8606,0.001535,0.9483,0.1862,0.0039,-0.0013,0.014,1.0186,0.001056,9.51,9.02,
2026-07-13,ETF,中证500ETF南方期权_.xls,中证500ETF南方,500ETF沽9月7500,10011072,,9月,7500.0,7.5,put,0.1726,0.17,0.1726,1.0,1.0,6364.0,14526.0,763.0,9389842.0,0.0885,0.094,0.1786,0.0888,0.0034729999999999995,-0.2171,0.2282,0.0109,-0.0023,-0.0039,0.1594,-0.001056,48.04,-10.43,
2026-07-13,ETF,中证500ETF南方期权_.xls,中证500ETF南方,500ETF购9月7750,10011007,,9月,7750.0,7.75,call,0.68,0.6867,0.7047,1.0,1.0,1093.0,3370.0,-48.0,7966941.0,0.948,0.8801,0.8801,0.68,0.001907,0.8266,0.3624,0.0095,-0.002,0.0123,0.8435,0.0006990000000000001,12.19,10.08,
2026-07-13,ETF,中证500ETF南方期权_.xls,中证500ETF南方,500ETF沽9月7750,10011016,,9月,7750.0,7.75,put,0.2435,0.2385,0.2435,1.0,1.0,8592.0,11075.0,2040.0,17659098.0,0.1311,0.1359,0.2512,0.1356,0.003442,-0.2828,0.265,0.0125,-0.0026,-0.0052,0.232,-0.0006990000000000001,34.05,-9.63,
2026-07-13,ETF,中证500ETF南方期权_.xls,中证500ETF南方,500ETF购9月8000,10011008,,9月,8000.0,8.0,call,0.5352,0.5318,0.549,1.0,1.0,2341.0,4265.0,593.0,13575440.0,0.725,0.6756,0.6756,0.5215,0.0022210000000000003,0.6919,0.4272,0.013,-0.0026,0.0104,0.6876,0.000365,15.49,10.72,
2026-07-13,ETF,中证500ETF南方期权_.xls,中证500ETF南方,500ETF沽9月8000,10011017,,9月,8000.0,8.0,put,0.3363,0.3254,0.3364,1.0,1.0,8001.0,11369.0,1242.0,22705823.0,0.1929,0.2003,0.3454,0.2003,0.00344,-0.3563,0.2922,0.0138,-0.0029,-0.0066,0.3239,-0.000365,24.66,-8.78,
2026-07-13,ETF,中证500ETF南方期权_.xls,中证500ETF南方,500ETF购9月8250,10011009,,9月,8250.0,8.25,call,0.403,0.4026,0.4164,1.0,1.0,2521.0,8058.0,91.0,11062314.0,0.562,0.5233,0.5495,0.3934,0.002329,0.5743,0.454,0.0145,-0.0029,0.0087,0.5518,5.1000000000000006e-05,20.58,11.82,
2026-07-13,ETF,中证500ETF南方期权_.xls,中证500ETF南方,500ETF沽9月8250,10011018,,9月,8250.0,8.25,put,0.4554,0.4418,0.4555,1.0,1.0,8768.0,16044.0,977.0,34132547.0,0.28,0.2818,0.4659,0.2818,0.0034840000000000006,-0.4332,0.3045,0.0146,-0.003,-0.0081,0.4359,-5.1000000000000006e-05,18.21,-7.89,
2026-07-13,ETF,中证500ETF南方期权_.xls,中证500ETF南方,500ETF购9月8500,10011010,,9月,8500.0,8.5,call,0.2975,0.2981,0.301,1.0,1.0,5271.0,9946.0,1579.0,18029936.0,0.42,0.3952,0.411,0.29,0.0024129999999999998,0.4632,0.444,0.0147,-0.0029,0.0071,0.4359,-0.000245,27.87,12.91,
2026-07-13,ETF,中证500ETF南方期权_.xls,中证500ETF南方,500ETF沽9月8500,10011019,,9月,8500.0,8.5,put,0.5997,0.5829,0.6004,1.0,1.0,7843.0,13993.0,-266.0,40564666.0,0.3896,0.402,0.6109,0.402,0.0035659999999999997,-0.5077,0.3016,0.0148,-0.003,-0.0096,0.5678,0.000245,13.83,-7.02,
2026-07-13,ETF,中证500ETF南方期权_.xls,中证500ETF南方,500ETF购9月8750,10011011,,9月,8750.0,8.75,call,0.2163,0.2166,0.22,1.0,2.0,6099.0,9754.0,499.0,15215694.0,0.3096,0.2976,0.302,0.2118,0.002487,0.3643,0.4074,0.0139,-0.0027,0.0056,0.3391,-0.000523,38.34,13.97,
2026-07-13,ETF,中证500ETF南方期权_.xls,中证500ETF南方,500ETF沽9月8750,10011020,,9月,8750.0,8.75,put,0.766,0.7517,0.7701,1.0,1.0,5906.0,7860.0,-67.0,39313469.0,0.53,0.54,0.7783,0.54,0.003677,-0.5753,0.2873,0.0145,-0.003,-0.0111,0.7187,0.000523,10.83,-6.23,
2026-07-13,ETF,中证500ETF南方期权_.xls,中证500ETF南方,500ETF购9月9000,10011012,,9月,9000.0,9.0,call,0.1582,0.155,0.1657,1.0,1.0,10417.0,11994.0,662.0,18662288.0,0.228,0.2117,0.2246,0.1527,0.002576,0.2825,0.3539,0.0125,-0.0025,0.0044,0.2598,-0.000787,52.41,14.81,
2026-07-13,ETF,中证500ETF南方期权_.xls,中证500ETF南方,500ETF沽9月9000,10011021,,9月,9000.0,9.0,put,0.9531,0.937,0.9561,1.0,1.0,2456.0,4461.0,-825.0,21757752.0,0.6862,0.7218,0.9703,0.7218,0.0038290000000000004,-0.6332,0.2652,0.014,-0.0029,-0.0124,0.8871,0.000787,8.7,-5.51,
2026-07-13,ETF,中证500ETF南方期权_.xls,中证500ETF南方,500ETF购9月9250,10011013,,9月,9250.0,9.25,call,0.1138,0.1133,0.1138,10.0,1.0,6776.0,8753.0,1847.0,8818148.0,0.1654,0.1496,0.161,0.1098,0.002646,0.2152,0.2979,0.0108,-0.0022,0.0033,0.1961,-0.001036,72.86,15.68,
2026-07-13,ETF,中证500ETF南方期权_.xls,中证500ETF南方,500ETF沽9月9250,10011022,,9月,9250.0,9.25,put,1.1668,1.1449,1.1646,1.0,1.0,846.0,2554.0,-174.0,9208612.0,0.8817,0.9323,1.1789,0.9323,0.004091,-0.6761,0.2369,0.0133,-0.0029,-0.0135,1.0712,0.001036,7.11,-4.81,
2026-07-13,ETF,中证500ETF南方期权_.xls,中证500ETF南方,500ETF购9月9500,10011014,,9月,9500.0,9.5,call,0.084,0.0813,0.0878,1.0,1.0,4056.0,9205.0,-14.0,3796674.0,0.12,0.1083,0.1172,0.0808,0.00274,0.1647,0.2441,0.0092,-0.0019,0.0026,0.1459,-0.0012720000000000001,98.71,16.26,
2026-07-13,ETF,中证500ETF南方期权_.xls,中证500ETF南方,500ETF沽9月9500,10011023,,9月,9500.0,9.5,put,1.2975,1.3585,1.3787,1.0,1.0,79.0,1978.0,-67.0,994749.0,1.0763,1.165,1.356,1.1308,0.0036049999999999997,-0.7603,0.2324,0.0115,-0.0019,-0.0152,1.2688,0.0012720000000000001,6.39,-4.86,
2026-07-13,ETF,中证500ETF南方期权_.xls,中证500ETF南方,500ETF购9月9750,10011015,,9月,9750.0,9.75,call,0.0618,0.061,0.0622,1.0,2.0,3525.0,15567.0,60.0,2444535.0,0.0856,0.0801,0.0849,0.059,0.002823,0.1254,0.197,0.0076,-0.0016,0.002,0.1071,-0.001495,134.17,16.82,
2026-07-13,ETF,中证500ETF南方期权_.xls,中证500ETF南方,500ETF沽9月9750,10011024,,9月,9750.0,9.75,put,1.4962,1.5844,1.6053,1.0,1.0,74.0,1924.0,-50.0,1042806.0,1.3027,1.3816,1.4962,1.3729,0.0035399999999999997,-0.8125,0.205,0.01,-0.0014,-0.0165,1.4778,0.001495,5.54,-4.5,
2026-07-13,ETF,中证500ETF南方期权_.xls,中证500ETF南方,500ETF购9月10000,10011597,,9月,10000.0,10.0,call,0.0461,0.0445,0.047,2.0,1.0,4473.0,14986.0,-100.0,2333003.0,0.0628,0.0593,0.0643,0.0439,0.0029100000000000003,0.0959,0.1578,0.0063,-0.0014,0.0015,0.0776,-0.0017079999999999999,179.87,17.26,
2026-07-13,ETF,中证500ETF南方期权_.xls,中证500ETF南方,500ETF沽9月10000,10011598,,9月,10000.0,10.0,put,1.825,1.8175,1.839,1.0,1.0,14.0,737.0,1.0,253428.0,1.528,1.71,1.825,1.71,0.004674,-0.7729,0.1739,0.0112,-0.0026,-0.0165,1.696,0.0017079999999999999,4.54,-3.51,
2026-07-13,ETF,中证500ETF南方期权_.xls,中证500ETF南方,500ETF购9月10500,10011999,,9月,10500.0,10.5,call,0.0266,0.0259,0.0269,2.0,1.0,6466.0,3849.0,-50.0,1920038.0,0.036,0.0326,0.0367,0.0255,0.003084,0.0573,0.1005,0.0043,-0.001,0.0009,0.0393,-0.0021030000000000003,311.73,17.87,
2026-07-13,ETF,中证500ETF南方期权_.xls,中证500ETF南方,500ETF沽9月10500,10012000,,9月,10500.0,10.5,put,2.303,2.2934,2.3165,1.0,1.0,14.0,103.0,-4.0,311088.0,2.0009,2.202,2.303,2.202,0.005217,-0.8042,0.1429,0.0102,-0.0026,-0.0179,2.1532,0.0021030000000000003,3.6,-2.9,
2026-07-13,ETF,中证500ETF南方期权_.xls,中证500ETF南方,500ETF购12月7000,10011809,,12月,7000.0,7.0,call,1.24,1.2224,1.2658,1.0,1.0,373.0,2865.0,148.0,4857881.0,1.698,1.4608,1.4608,1.2347,1e-06,0.804,0.1276,0.0154,-0.0024,0.0223,1.7006,0.0018460000000000002,6.69,5.38,
2026-07-13,ETF,中证500ETF南方期权_.xls,中证500ETF南方,500ETF沽12月7000,10011810,,12月,7000.0,7.0,put,0.2127,0.2119,0.219,1.0,1.0,916.0,4693.0,490.0,1786885.0,0.1461,0.1549,0.22,0.1503,0.003527,-0.1787,0.1333,0.0145,-0.0014,-0.0076,0.2685,-0.0018460000000000002,38.98,-6.97,
2026-07-13,ETF,中证500ETF南方期权_.xls,中证500ETF南方,500ETF购12月7250,10011519,,12月,7250.0,7.25,call,1.05,1.0407,1.0835,1.0,1.0,168.0,2277.0,23.0,1878901.0,1.448,1.2443,1.2443,1.05,1e-06,0.7648,0.1418,0.0171,-0.0026,0.0216,1.529,0.001437,7.9,6.04,
2026-07-13,ETF,中证500ETF南方期权_.xls,中证500ETF南方,500ETF沽12月7250,10011520,,12月,7250.0,7.25,put,0.282,0.2705,0.288,1.0,2.0,734.0,5298.0,71.0,1878586.0,0.195,0.2029,0.2918,0.2029,0.003544,-0.2209,0.1507,0.0165,-0.0015,-0.0095,0.3418,-0.001437,29.4,-6.5,
2026-07-13,ETF,中证500ETF南方期权_.xls,中证500ETF南方,500ETF购12月7500,10011461,,12月,7500.0,7.5,call,0.8873,0.8744,0.9166,1.0,1.0,205.0,1058.0,34.0,1906704.0,1.198,1.0587,1.0587,0.8843,1e-06,0.7231,0.1545,0.0186,-0.0028,0.0208,1.3688,0.001056,9.35,6.76,
2026-07-13,ETF,中证500ETF南方期权_.xls,中证500ETF南方,500ETF沽12月7500,10011470,,12月,7500.0,7.5,put,0.3709,0.3632,0.3711,6.0,1.0,712.0,4046.0,169.0,2413388.0,0.255,0.2827,0.3739,0.2772,0.0035969999999999995,-0.2674,0.1646,0.0183,-0.0017,-0.0116,0.4267,-0.001056,22.36,-5.98,
2026-07-13,ETF,中证500ETF南方期权_.xls,中证500ETF南方,500ETF购12月7750,10011462,,12月,7750.0,7.75,call,0.736,0.737,0.76,2.0,1.0,559.0,1481.0,282.0,4427760.0,0.955,0.9696,0.9696,0.736,0.00115,0.8805,0.312,0.0111,-0.0012,0.0295,1.2205,0.0006990000000000001,11.27,9.92,
2026-07-13,ETF,中证500ETF南方期权_.xls,中证500ETF南方,500ETF沽12月7750,10011471,,12月,7750.0,7.75,put,0.4723,0.4531,0.4751,8.0,1.0,1222.0,3316.0,356.0,5377674.0,0.3258,0.3346,0.4774,0.3346,0.0036420000000000003,-0.315,0.1755,0.0197,-0.0018,-0.0139,0.5234,-0.0006990000000000001,17.56,-5.53,
2026-07-13,ETF,中证500ETF南方期权_.xls,中证500ETF南方,500ETF购12月8000,10011463,,12月,8000.0,8.0,call,0.6145,0.6015,0.6371,2.0,1.0,563.0,1912.0,351.0,3771082.0,0.784,0.71,0.71,0.6145,0.0015869999999999999,0.7192,0.3823,0.0187,-0.0016,0.024,1.084,0.000365,13.49,9.7,
2026-07-13,ETF,中证500ETF南方期权_.xls,中证500ETF南方,500ETF沽12月8000,10011472,,12月,8000.0,8.0,put,0.5888,0.5647,0.5888,8.0,1.0,934.0,2806.0,147.0,5062600.0,0.4244,0.4352,0.5966,0.4352,0.0036939999999999994,-0.3631,0.1828,0.0209,-0.0019,-0.0162,0.6319,-0.000365,14.08,-5.11,
2026-07-13,ETF,中证500ETF南方期权_.xls,中证500ETF南方,500ETF购12月8250,10011464,,12月,8250.0,8.25,call,0.5012,0.49,0.505,1.0,1.0,543.0,2913.0,102.0,2895725.0,0.6507,0.6,0.6013,0.4966,0.001777,0.6072,0.3893,0.0214,-0.0017,0.0204,0.9591,5.1000000000000006e-05,16.54,10.05,
2026-07-13,ETF,中证500ETF南方期权_.xls,中证500ETF南方,500ETF沽12月8250,10011473,,12月,8250.0,8.25,put,0.712,0.6916,0.7315,1.0,1.0,739.0,2326.0,170.0,4900083.0,0.544,0.578,0.731,0.578,0.003715,-0.4106,0.1883,0.0216,-0.0019,-0.0185,0.752,-5.1000000000000006e-05,11.65,-4.78,
2026-07-13,ETF,中证500ETF南方期权_.xls,中证500ETF南方,500ETF购12月8500,10011465,,12月,8500.0,8.5,call,0.4085,0.4085,0.4094,4.0,1.0,1026.0,4047.0,424.0,4543194.0,0.5306,0.4888,0.4929,0.3986,0.001924,0.5116,0.373,0.0222,-0.0018,0.0172,0.8455,-0.000245,20.3,10.39,
2026-07-13,ETF,中证500ETF南方期权_.xls,中证500ETF南方,500ETF沽12月8500,10011474,,12月,8500.0,8.5,put,0.8638,0.8492,0.8776,1.0,1.0,455.0,2292.0,41.0,3658907.0,0.669,0.7092,0.8819,0.7014,0.003811,-0.4562,0.1872,0.022,-0.002,-0.0209,0.8834,0.000245,9.6,-4.38,
2026-07-13,ETF,中证500ETF南方期权_.xls,中证500ETF南方,500ETF购12月8750,10011466,,12月,8750.0,8.75,call,0.3275,0.3288,0.335,1.0,1.0,1955.0,3383.0,1031.0,7195109.0,0.4305,0.4163,0.45,0.3275,0.0020190000000000004,0.4285,0.3497,0.0218,-0.0017,0.0145,0.7428,-0.000523,25.32,10.85,
2026-07-13,ETF,中证500ETF南方期权_.xls,中证500ETF南方,500ETF沽12月8750,10011475,,12月,8750.0,8.75,put,1.035,1.0111,1.0539,1.0,1.0,609.0,2600.0,-78.0,5939203.0,0.8136,0.8469,1.0421,0.8469,0.003942,-0.4979,0.1821,0.0222,-0.002,-0.0232,1.0256,0.000523,8.01,-3.99,
2026-07-13,ETF,中证500ETF南方期权_.xls,中证500ETF南方,500ETF购12月9000,10011467,,12月,9000.0,9.0,call,0.2693,0.2546,0.2765,1.0,1.0,419.0,3200.0,129.0,1218730.0,0.347,0.3274,0.328,0.2649,0.0021379999999999997,0.3598,0.3148,0.0208,-0.0017,0.0122,0.6504,-0.000787,30.79,11.08,
2026-07-13,ETF,中证500ETF南方期权_.xls,中证500ETF南方,500ETF沽12月9000,10011476,,12月,9000.0,9.0,put,1.2234,1.1923,1.23,1.0,5.0,138.0,867.0,16.0,1586653.0,0.9769,0.98,1.2405,0.98,0.004105,-0.5346,0.1742,0.0221,-0.0021,-0.0254,1.1782,0.000787,6.78,-3.62,
2026-07-13,ETF,中证500ETF南方期权_.xls,中证500ETF南方,500ETF购12月9250,10011468,,12月,9250.0,9.25,call,0.214,0.21,0.2219,2.0,1.0,382.0,1131.0,29.0,920168.0,0.2888,0.2686,0.281,0.214,0.0022010000000000003,0.2979,0.2834,0.0193,-0.0016,0.0101,0.5677,-0.001036,38.75,11.54,
2026-07-13,ETF,中证500ETF南方期权_.xls,中证500ETF南方,500ETF沽12月9250,10011477,,12月,9250.0,9.25,put,1.395,1.3896,1.4342,1.0,1.0,39.0,497.0,-8.0,502131.0,1.1605,1.18,1.4123,1.18,0.00415,-0.5719,0.1701,0.0218,-0.002,-0.0276,1.3405,0.001036,5.94,-3.4,
2026-07-13,ETF,中证500ETF南方期权_.xls,中证500ETF南方,500ETF购12月9500,10011469,,12月,9500.0,9.5,call,0.1736,0.1703,0.1783,2.0,1.0,312.0,2037.0,-60.0,618753.0,0.228,0.2123,0.2285,0.1736,0.00228,0.2479,0.2496,0.0176,-0.0015,0.0085,0.494,-0.0012720000000000001,47.76,11.84,
2026-07-13,ETF,中证500ETF南方期权_.xls,中证500ETF南方,500ETF沽12月9500,10011478,,12月,9500.0,9.5,put,1.5,1.5955,1.6408,1.0,1.0,8.0,1204.0,4.0,113265.0,1.3572,1.3803,1.5,1.3182,0.0038439999999999998,-0.6257,0.1774,0.0211,-0.0016,-0.0301,1.5119,0.0012720000000000001,5.53,-3.46,
2026-07-13,ETF,中证500ETF南方期权_.xls,中证500ETF南方,500ETF购12月9750,10011551,,12月,9750.0,9.75,call,0.1398,0.1328,0.1435,1.0,1.0,373.0,3360.0,34.0,591990.0,0.1851,0.1714,0.1802,0.1398,0.002345,0.2052,0.2181,0.0158,-0.0013,0.007,0.4287,-0.001495,59.31,12.17,
2026-07-13,ETF,中证500ETF南方期权_.xls,中证500ETF南方,500ETF沽12月9750,10011552,,12月,9750.0,9.75,put,1.746,1.8063,1.8522,1.0,1.0,3.0,2099.0,0.0,51001.0,1.561,1.6394,1.746,1.6394,0.004164999999999999,-0.6436,0.161,0.0207,-0.0018,-0.0318,1.6916,0.001495,4.75,-3.06,
2026-07-13,ETF,中证500ETF南方期权_.xls,中证500ETF南方,500ETF购12月10000,10011599,,12月,10000.0,10.0,call,0.111,0.1099,0.111,1.0,1.0,965.0,5327.0,-171.0,1213887.0,0.149,0.14,0.1453,0.111,0.0023929999999999997,0.1682,0.1889,0.014,-0.0012,0.0058,0.3711,-0.0017079999999999999,74.7,12.56,
2026-07-13,ETF,中证500ETF南方期权_.xls,中证500ETF南方,500ETF沽12月10000,10011600,,12月,10000.0,10.0,put,1.9647,2.0265,2.073,1.0,1.0,14.0,3949.0,-2.0,272313.0,1.7738,1.8069,1.9999,1.8069,0.004332,-0.6665,0.1511,0.0202,-0.0017,-0.0337,1.8789,0.0017079999999999999,4.22,-2.81,
2026-07-13,ETF,中证500ETF南方期权_.xls,中证500ETF南方,500ETF购12月10500,10012001,,12月,10500.0,10.5,call,0.0742,0.0731,0.0771,3.0,4.0,1413.0,2466.0,68.0,1217042.0,0.0955,0.0914,0.097,0.0742,0.00252,0.1163,0.1397,0.0109,-0.0009,0.004,0.2759,-0.0021030000000000003,111.75,13.0,
2026-07-13,ETF,中证500ETF南方期权_.xls,中证500ETF南方,500ETF沽12月10500,10012002,,12月,10500.0,10.5,put,2.52,2.482,2.53,1.0,1.0,29.0,1106.0,-16.0,699853.0,2.2152,2.33,2.52,2.33,0.005201,-0.6718,0.125,0.0201,-0.0022,-0.0364,2.2738,0.0021030000000000003,3.29,-2.21,
2026-07-13,ETF,沪深300ETF嘉实期权_.xls,沪深300ETF嘉实,沪深300ETF购7月4500,90007633,,7月,4500.0,4.5,call,0.4551,0.4423,0.4552,1.0,1.0,307.0,421.0,168.0,1477689.0,0.5422,0.5142,0.5178,0.4319,0.002448,0.9918,0.1122,0.0002,-0.0008,0.0012,0.4586,0.000998,10.87,10.78,
2026-07-13,ETF,沪深300ETF嘉实期权_.xls,沪深300ETF嘉实,沪深300ETF沽7月4500,90007634,,7月,4500.0,4.5,put,0.0022,0.0021,0.0026,150.0,3.0,4090.0,3650.0,1779.0,57397.0,0.0011,0.0007,0.0027,0.0006,0.002972,-0.0237,0.2294,0.0005,-0.0007,-0.0,0.004,-0.000998,2249.55,-53.26,
2026-07-13,ETF,沪深300ETF嘉实期权_.xls,沪深300ETF嘉实,沪深300ETF购7月4600,90007623,,7月,4600.0,4.6,call,0.3522,0.3455,0.3576,1.0,1.0,382.0,616.0,148.0,1460362.0,0.4426,0.4187,0.4209,0.3343,1e-06,0.9175,0.5627,0.0012,-0.0026,0.0011,0.3651,0.0007589999999999999,14.05,12.89,
2026-07-13,ETF,沪深300ETF嘉实期权_.xls,沪深300ETF嘉实,沪深300ETF沽7月4600,90007624,,7月,4600.0,4.6,put,0.0042,0.0038,0.005,1.0,50.0,5131.0,3173.0,919.0,178960.0,0.0021,0.0016,0.0061,0.0015,0.002694,-0.0455,0.4334,0.0008,-0.001,-0.0001,0.0104,-0.0007589999999999999,1178.33,-53.61,
2026-07-13,ETF,沪深300ETF嘉实期权_.xls,沪深300ETF嘉实,沪深300ETF购7月4700,90007583,,7月,4700.0,4.7,call,0.2568,0.2523,0.2591,1.0,1.0,1344.0,1017.0,319.0,3749578.0,0.3443,0.3248,0.3261,0.2383,0.001772,0.9654,0.5278,0.0006,-0.0011,0.0012,0.2781,0.00053,19.27,18.6,
2026-07-13,ETF,沪深300ETF嘉实期权_.xls,沪深300ETF嘉实,沪深300ETF沽7月4700,90007592,,7月,4700.0,4.7,put,0.0098,0.0098,0.01,99.0,1.0,9198.0,6539.0,1403.0,729964.0,0.0045,0.0044,0.0139,0.0035,0.00252,-0.0988,0.843,0.0014,-0.0017,-0.0001,0.0233,-0.00053,505.0,-49.91,
2026-07-13,ETF,沪深300ETF嘉实期权_.xls,沪深300ETF嘉实,沪深300ETF购7月4800,90007584,,7月,4800.0,4.8,call,0.1693,0.1669,0.1705,1.0,1.0,5687.0,2344.0,1321.0,10989296.0,0.2457,0.2355,0.2355,0.1568,0.001996,0.8363,1.5108,0.002,-0.0025,0.0011,0.2011,0.00031,29.23,24.45,
2026-07-13,ETF,沪深300ETF嘉实期权_.xls,沪深300ETF嘉实,沪深300ETF沽7月4800,90007593,,7月,4800.0,4.8,put,0.0243,0.0241,0.0252,2.0,25.0,15124.0,6987.0,4203.0,3087651.0,0.0104,0.011,0.0323,0.0098,0.002445,-0.2101,1.4393,0.0024,-0.0028,-0.0003,0.0462,-0.00031,203.66,-42.8,
2026-07-13,ETF,沪深300ETF嘉实期权_.xls,沪深300ETF嘉实,沪深300ETF购7月4900,90007585,,7月,4900.0,4.9,call,0.1008,0.1007,0.1024,1.0,1.0,7832.0,4506.0,2122.0,8803720.0,0.1593,0.1513,0.1513,0.0902,0.00215,0.6301,2.1439,0.0031,-0.0037,0.0008,0.137,0.0001,49.1,30.94,
2026-07-13,ETF,沪深300ETF嘉实期权_.xls,沪深300ETF嘉实,沪深300ETF沽7月4900,90007594,,7月,4900.0,4.9,put,0.0529,0.0525,0.055,3.0,1.0,18626.0,7310.0,2812.0,8066711.0,0.0246,0.0253,0.0666,0.0244,0.002379,-0.3807,1.9546,0.0031,-0.0035,-0.0005,0.082,-0.0001,93.55,-35.62,
2026-07-13,ETF,沪深300ETF嘉实期权_.xls,沪深300ETF嘉实,沪深300ETF购7月5000,90007586,,7月,5000.0,5.0,call,0.0512,0.0511,0.0512,1.0,8.0,24723.0,14989.0,7111.0,15414040.0,0.09,0.0845,0.0845,0.0475,0.002175,0.408,2.1797,0.0032,-0.0037,0.0005,0.0874,-0.00010200000000000001,96.66,39.44,
2026-07-13,ETF,沪深300ETF嘉实期权_.xls,沪深300ETF嘉实,沪深300ETF沽7月5000,90007595,,7月,5000.0,5.0,put,0.1066,0.106,0.1066,1.0,1.0,26189.0,9059.0,1551.0,22090585.0,0.0553,0.0607,0.1243,0.0559,0.002505,-0.578,1.9066,0.0032,-0.0036,-0.0008,0.1322,0.00010200000000000001,46.43,-26.83,
2026-07-13,ETF,沪深300ETF嘉实期权_.xls,沪深300ETF嘉实,沪深300ETF购7月5250,90007587,,7月,5250.0,5.25,call,0.0087,0.0087,0.009,23.0,22.0,26443.0,26099.0,-4470.0,2518456.0,0.0138,0.0123,0.0186,0.0074,0.002571,0.0906,0.7747,0.0013,-0.0018,0.0001,0.0207,-0.000573,568.85,51.51,
2026-07-13,ETF,沪深300ETF嘉实期权_.xls,沪深300ETF嘉实,沪深300ETF沽7月5250,90007596,,7月,5250.0,5.25,put,0.3128,0.3064,0.3178,1.0,1.0,7366.0,4990.0,1205.0,20612392.0,0.2286,0.2392,0.3343,0.2342,0.00317,-0.859,0.8616,0.0018,-0.0023,-0.0013,0.3152,0.000573,15.82,-13.59,
2026-07-13,ETF,沪深300ETF嘉实期权_.xls,沪深300ETF嘉实,沪深300ETF购7月5500,90007588,,7月,5500.0,5.5,call,0.0028,0.0026,0.003,1.0,1.0,8870.0,28163.0,227.0,225296.0,0.0034,0.0024,0.0034,0.0019,0.003251,0.0279,0.2408,0.0005,-0.0009,0.0,0.0031,-0.001002,1767.5,49.37,
2026-07-13,ETF,沪深300ETF嘉实期权_.xls,沪深300ETF嘉实,沪深300ETF沽7月5500,90007597,,7月,5500.0,5.5,put,0.5541,0.5489,0.563,1.0,1.0,3848.0,3578.0,1103.0,20427730.0,0.4664,0.4868,0.5748,0.4756,0.0041340000000000005,-0.932,0.3879,0.0011,-0.0016,-0.0014,0.5473,0.001002,8.93,-8.32,
2026-07-13,ETF,沪深300ETF嘉实期权_.xls,沪深300ETF嘉实,沪深300ETF购7月5750,90007589,,7月,5750.0,5.75,call,0.0015,0.0011,0.0015,1.0,3.0,2548.0,8030.0,1231.0,24744.0,0.0011,0.001,0.0015,0.0006,0.003998,0.0134,0.1047,0.0003,-0.0006,0.0,0.0003,-0.0013930000000000001,3299.33,44.11,
2026-07-13,ETF,沪深300ETF嘉实期权_.xls,沪深300ETF嘉实,沪深300ETF沽7月5750,90007598,,7月,5750.0,5.75,put,0.7991,0.7963,0.8126,1.0,1.0,284.0,762.0,244.0,2173680.0,0.7124,0.7577,0.8029,0.7316,0.0048259999999999996,-0.9658,0.1917,0.0006,-0.0008,-0.0015,0.7942,0.0013930000000000001,6.19,-5.98,
2026-07-13,ETF,沪深300ETF嘉实期权_.xls,沪深300ETF嘉实,沪深300ETF购7月6000,90007590,,7月,6000.0,6.0,call,0.001,0.0007,0.0013,13.0,1.0,1263.0,6253.0,630.0,12430.0,0.0009,0.0008,0.0012,0.0007,0.0047220000000000005,0.008,0.0567,0.0002,-0.0004,0.0,0.0,-0.0017519999999999999,4949.0,39.58,
2026-07-13,ETF,沪深300ETF嘉实期权_.xls,沪深300ETF嘉实,沪深300ETF沽7月6000,90007599,,7月,6000.0,6.0,put,1.0456,1.0455,1.0635,1.0,1.0,74.0,528.0,64.0,747680.0,0.9583,1.0038,1.0458,0.9788,0.005149,-0.9862,0.0837,0.0003,-0.0,-0.0016,1.0436,0.0017519999999999999,4.73,-4.67,
2026-07-13,ETF,沪深300ETF嘉实期权_.xls,沪深300ETF嘉实,沪深300ETF购7月6250,90007591,,7月,6250.0,6.25,call,0.0009,0.0007,0.001,52.0,10.0,1575.0,11390.0,802.0,11736.0,0.0007,0.0007,0.0009,0.0006,0.005524,0.0063,0.0394,0.0001,-0.0004,0.0,0.0,-0.002082,5498.89,34.77,
2026-07-13,ETF,沪深300ETF嘉实期权_.xls,沪深300ETF嘉实,沪深300ETF沽7月6250,90007600,,7月,6250.0,6.25,put,1.2949,1.2946,1.3143,1.0,1.0,42.0,1191.0,42.0,531059.0,1.2066,1.2474,1.308,1.2474,0.0059099999999999995,-0.99,0.0553,0.0002,0.0001,-0.0017,1.2933,0.002082,3.82,-3.78,
2026-07-13,ETF,沪深300ETF嘉实期权_.xls,沪深300ETF嘉实,沪深300ETF购8月4600,90007759,,8月,4600.0,4.6,call,0.3721,0.3662,0.3741,1.0,1.0,212.0,373.0,119.0,830515.0,0.4562,0.4201,0.4203,0.3599,1e-06,0.8098,0.5787,0.0047,-0.0019,0.0044,0.4258,0.0007589999999999999,13.3,10.77,
2026-07-13,ETF,沪深300ETF嘉实期权_.xls,沪深300ETF嘉实,沪深300ETF沽8月4600,90007760,,8月,4600.0,4.6,put,0.042,0.0419,0.0444,2.0,1.0,1364.0,2567.0,-6.0,516764.0,0.0267,0.0271,0.0494,0.0259,0.002495,-0.1732,0.5905,0.0044,-0.0011,-0.0011,0.0514,-0.0007589999999999999,117.83,-20.4,
2026-07-13,ETF,沪深300ETF嘉实期权_.xls,沪深300ETF嘉实,沪深300ETF购8月4700,90007715,,8月,4700.0,4.7,call,0.2905,0.2895,0.2942,1.0,1.0,185.0,467.0,120.0,572278.0,0.3585,0.3376,0.3376,0.2886,0.0014349999999999999,0.877,0.8164,0.0035,-0.0011,0.005,0.3515,0.00053,17.04,14.94,
2026-07-13,ETF,沪深300ETF嘉实期权_.xls,沪深300ETF嘉实,沪深300ETF沽8月4700,90007724,,8月,4700.0,4.7,put,0.0629,0.0629,0.0659,1.0,1.0,1785.0,2633.0,197.0,1040333.0,0.0406,0.0419,0.0734,0.04,0.0024539999999999996,-0.2399,0.7289,0.0054,-0.0013,-0.0015,0.0765,-0.00053,78.68,-18.87,
2026-07-13,ETF,沪深300ETF嘉实期权_.xls,沪深300ETF嘉实,沪深300ETF购8月4800,90007716,,8月,4800.0,4.8,call,0.2211,0.221,0.2246,1.0,1.0,1296.0,1498.0,939.0,3127523.0,0.2765,0.2631,0.268,0.2119,0.0016469999999999998,0.7433,1.1259,0.0056,-0.0015,0.0043,0.2847,0.00031,22.38,16.64,
2026-07-13,ETF,沪深300ETF嘉实期权_.xls,沪深300ETF嘉实,沪深300ETF沽8月4800,90007725,,8月,4800.0,4.8,put,0.0926,0.0924,0.0969,1.0,2.0,1184.0,1551.0,320.0,1036771.0,0.063,0.0646,0.1,0.0624,0.002436,-0.3209,0.8459,0.0062,-0.0015,-0.0021,0.1092,-0.00031,53.44,-17.15,
2026-07-13,ETF,沪深300ETF嘉实期权_.xls,沪深300ETF嘉实,沪深300ETF购8月4900,90007717,,8月,4900.0,4.9,call,0.1635,0.1634,0.1661,1.0,1.0,1396.0,1922.0,801.0,2426893.0,0.2068,0.1962,0.1968,0.1555,0.001769,0.6105,1.2477,0.0067,-0.0017,0.0035,0.2262,0.0001,30.27,18.48,
2026-07-13,ETF,沪深300ETF嘉实期权_.xls,沪深300ETF嘉实,沪深300ETF沽8月4900,90007726,,8月,4900.0,4.9,put,0.1339,0.1327,0.134,1.0,1.0,1498.0,1622.0,607.0,1868348.0,0.093,0.097,0.1485,0.0956,0.0024609999999999996,-0.4119,0.9101,0.0068,-0.0016,-0.0027,0.1501,-0.0001,36.96,-15.23,
2026-07-13,ETF,沪深300ETF嘉实期权_.xls,沪深300ETF嘉实,沪深300ETF购8月5000,90007718,,8月,5000.0,5.0,call,0.1195,0.1174,0.1196,2.0,1.0,2522.0,4202.0,1271.0,3215479.0,0.1504,0.1427,0.1477,0.1115,0.001883,0.4848,1.2183,0.0069,-0.0017,0.0028,0.1761,-0.00010200000000000001,41.41,20.08,
2026-07-13,ETF,沪深300ETF嘉实期权_.xls,沪深300ETF嘉实,沪深300ETF沽8月5000,90007727,,8月,5000.0,5.0,put,0.1896,0.187,0.1897,1.0,1.0,1279.0,2639.0,355.0,2140318.0,0.1369,0.142,0.2049,0.1397,0.0025579999999999995,-0.503,0.8974,0.0069,-0.0016,-0.0033,0.1994,0.00010200000000000001,26.1,-13.13,
2026-07-13,ETF,沪深300ETF嘉实期权_.xls,沪深300ETF嘉实,沪深300ETF购8月5250,90007719,,8月,5250.0,5.25,call,0.0496,0.0496,0.0501,1.0,1.0,2834.0,4647.0,1822.0,1479455.0,0.0618,0.0583,0.0603,0.0465,0.00207,0.242,0.8684,0.0054,-0.0014,0.0014,0.0861,-0.000573,99.78,24.15,
2026-07-13,ETF,沪深300ETF嘉实期权_.xls,沪深300ETF嘉实,沪深300ETF沽8月5250,90007728,,8月,5250.0,5.25,put,0.3686,0.3623,0.3746,1.0,1.0,546.0,1331.0,371.0,1846192.0,0.2964,0.3098,0.3806,0.3067,0.002873,-0.6843,0.7122,0.0062,-0.0015,-0.0046,0.358,0.000573,13.43,-9.19,
2026-07-13,ETF,沪深300ETF嘉实期权_.xls,沪深300ETF嘉实,沪深300ETF购8月5500,90007720,,8月,5500.0,5.5,call,0.0206,0.0205,0.0208,2.0,2.0,3877.0,4882.0,2422.0,835580.0,0.0252,0.0236,0.0238,0.0192,0.0022649999999999997,0.1117,0.4829,0.0033,-0.0009,0.0007,0.0369,-0.001002,240.24,26.83,
2026-07-13,ETF,沪深300ETF嘉实期权_.xls,沪深300ETF嘉实,沪深300ETF沽8月5500,90007729,,8月,5500.0,5.5,put,0.5869,0.5821,0.5964,1.0,1.0,343.0,594.0,149.0,1953224.0,0.5082,0.52,0.61,0.52,0.003333,-0.787,0.5017,0.005,-0.0013,-0.0055,0.5575,0.001002,8.43,-6.64,
2026-07-13,ETF,沪深300ETF嘉实期权_.xls,沪深300ETF嘉实,沪深300ETF购8月5750,90007721,,8月,5750.0,5.75,call,0.0094,0.0094,0.0099,26.0,1.0,1832.0,1703.0,449.0,177243.0,0.0119,0.011,0.011,0.0083,0.002483,0.0533,0.2515,0.0019,-0.0006,0.0003,0.014,-0.0013930000000000001,526.49,28.06,
2026-07-13,ETF,沪深300ETF嘉实期权_.xls,沪深300ETF嘉实,沪深300ETF沽8月5750,90007730,,8月,5750.0,5.75,put,0.8198,0.8197,0.8359,1.0,1.0,42.0,350.0,32.0,335816.0,0.7368,0.7918,0.8198,0.7918,0.0038069999999999996,-0.8447,0.3607,0.0041,-0.0011,-0.0062,0.7832,0.0013930000000000001,6.04,-5.1,
2026-07-13,ETF,沪深300ETF嘉实期权_.xls,沪深300ETF嘉实,沪深300ETF购8月6000,90007722,,8月,6000.0,6.0,call,0.005,0.0048,0.0054,1.0,1.0,929.0,689.0,-60.0,44397.0,0.0067,0.0058,0.006,0.0043,0.002727,0.0284,0.1371,0.0011,-0.0004,0.0002,0.0047,-0.0017519999999999999,989.8,28.08,
2026-07-13,ETF,沪深300ETF嘉实期权_.xls,沪深300ETF嘉实,沪深300ETF沽8月6000,90007731,,8月,6000.0,6.0,put,1.0632,1.0631,1.0815,1.0,1.0,1.0,267.0,1.0,10632.0,0.9808,1.0632,1.0632,1.0632,0.004384,-0.8725,0.274,0.0036,-0.0011,-0.0066,1.0225,0.0017519999999999999,4.65,-4.06,
2026-07-13,ETF,沪深300ETF嘉实期权_.xls,沪深300ETF嘉实,沪深300ETF购8月6250,90007723,,8月,6250.0,6.25,call,0.0035,0.0031,0.0035,10.0,1.0,811.0,2157.0,327.0,25938.0,0.0039,0.0037,0.0038,0.0028,0.003043,0.0188,0.0869,0.0008,-0.0003,0.0001,0.0014,-0.002082,1414.0,26.6,
2026-07-13,ETF,沪深300ETF嘉实期权_.xls,沪深300ETF嘉实,沪深300ETF沽8月6250,90007732,,8月,6250.0,6.25,put,1.3097,1.3096,1.3302,1.0,1.0,13.0,159.0,13.0,170202.0,1.2253,1.3041,1.3234,1.3041,0.004966,-0.8887,0.2198,0.0033,-0.0011,-0.007,1.2678,0.002082,3.78,-3.36,
2026-07-13,ETF,沪深300ETF嘉实期权_.xls,沪深300ETF嘉实,沪深300ETF购9月4200,90007235,,9月,4200.0,4.2,call,0.7303,0.7234,0.7352,1.0,1.0,50.0,297.0,42.0,373542.0,0.8638,0.76,0.79,0.715,1e-06,0.9528,0.1861,0.0022,-0.0008,0.0078,0.7974,0.0017829999999999999,6.78,6.46,
2026-07-13,ETF,沪深300ETF嘉实期权_.xls,沪深300ETF嘉实,沪深300ETF沽9月4200,90007237,,9月,4200.0,4.2,put,0.0172,0.0169,0.0175,1.0,1.0,8970.0,10859.0,2752.0,1369624.0,0.0123,0.0128,0.0207,0.0121,0.00265,-0.0642,0.2143,0.0028,-0.0005,-0.0007,0.0108,-0.0017829999999999999,287.73,-18.48,
2026-07-13,ETF,沪深300ETF嘉实期权_.xls,沪深300ETF嘉实,沪深300ETF购9月4300,90007236,,9月,4300.0,4.3,call,0.6387,0.6319,0.6435,1.0,1.0,27.0,133.0,26.0,177335.0,0.7645,0.667,0.6758,0.6339,1e-06,0.9269,0.2625,0.0031,-0.001,0.0078,0.7055,0.0015090000000000001,7.75,7.18,
2026-07-13,ETF,沪深300ETF嘉实期权_.xls,沪深300ETF嘉实,沪深300ETF沽9月4300,90007238,,9月,4300.0,4.3,put,0.0251,0.0249,0.0257,1.0,1.0,925.0,5100.0,507.0,217264.0,0.018,0.0187,0.0292,0.0183,0.0026030000000000003,-0.0896,0.281,0.0036,-0.0006,-0.0009,0.018,-0.0015090000000000001,197.17,-17.67,
2026-07-13,ETF,沪深300ETF嘉实期权_.xls,沪深300ETF嘉实,沪深300ETF购9月4400,90007131,,9月,4400.0,4.4,call,0.5514,0.5455,0.557,1.0,1.0,18.0,456.0,6.0,101175.0,0.6654,0.5864,0.5864,0.5459,1e-06,0.8921,0.3506,0.0041,-0.0011,0.0076,0.6172,0.001248,8.98,8.01,
2026-07-13,ETF,沪深300ETF嘉实期权_.xls,沪深300ETF嘉实,沪深300ETF沽9月4400,90007132,,9月,4400.0,4.4,put,0.0372,0.0358,0.0379,1.0,1.0,1074.0,1782.0,485.0,382551.0,0.0268,0.0277,0.0415,0.0269,0.002585,-0.1245,0.3588,0.0045,-0.0007,-0.0013,0.0287,-0.001248,133.04,-16.57,
2026-07-13,ETF,沪深300ETF嘉实期权_.xls,沪深300ETF嘉实,沪深300ETF购9月4500,90007087,,9月,4500.0,4.5,call,0.4679,0.4626,0.4713,1.0,1.0,111.0,514.0,72.0,537792.0,0.5669,0.5047,0.5069,0.4546,1e-06,0.8479,0.4449,0.0052,-0.0013,0.0073,0.5332,0.000998,10.58,8.97,
2026-07-13,ETF,沪深300ETF嘉实期权_.xls,沪深300ETF嘉实,沪深300ETF沽9月4500,90007096,,9月,4500.0,4.5,put,0.0543,0.0523,0.0552,1.0,2.0,1001.0,1881.0,269.0,515565.0,0.0388,0.04,0.0596,0.0395,0.002583,-0.1688,0.4406,0.0056,-0.0009,-0.0018,0.0439,-0.000998,91.14,-15.38,
2026-07-13,ETF,沪深300ETF嘉实期权_.xls,沪深300ETF嘉实,沪深300ETF购9月4600,90007088,,9月,4600.0,4.6,call,0.3921,0.392,0.3971,1.0,1.0,21.0,463.0,17.0,84234.0,0.4701,0.422,0.422,0.3872,0.000938,0.9761,0.2709,0.0012,-0.0006,0.0089,0.4547,0.0007589999999999999,12.62,12.32,
2026-07-13,ETF,沪深300ETF嘉实期权_.xls,沪深300ETF嘉实,沪深300ETF沽9月4600,90007097,,9月,4600.0,4.6,put,0.0775,0.0744,0.0779,1.0,1.0,266.0,1077.0,155.0,191686.0,0.0563,0.0577,0.0834,0.0577,0.0025920000000000006,-0.2217,0.5184,0.0066,-0.001,-0.0023,0.0644,-0.0007589999999999999,63.86,-14.16,
2026-07-13,ETF,沪深300ETF嘉实期权_.xls,沪深300ETF嘉实,沪深300ETF购9月4700,90007089,,9月,4700.0,4.7,call,0.322,0.3219,0.3277,1.0,1.0,33.0,717.0,27.0,110181.0,0.3768,0.3492,0.3492,0.3186,0.001478,0.8289,0.7765,0.0056,-0.001,0.0076,0.3823,0.00053,15.37,12.74,
2026-07-13,ETF,沪深300ETF嘉实期权_.xls,沪深300ETF嘉实,沪深300ETF沽9月4700,90007098,,9月,4700.0,4.7,put,0.1084,0.1081,0.1098,1.0,1.0,508.0,1191.0,397.0,510534.0,0.0779,0.078,0.1145,0.078,0.002623,-0.2825,0.5824,0.0075,-0.0012,-0.003,0.0912,-0.00053,45.65,-12.9,
2026-07-13,ETF,沪深300ETF嘉实期权_.xls,沪深300ETF嘉实,沪深300ETF购9月4800,90007090,,9月,4800.0,4.8,call,0.2597,0.2596,0.2616,1.0,1.0,248.0,1134.0,192.0,665369.0,0.3082,0.2801,0.2811,0.2558,0.001661,0.7156,0.9225,0.0075,-0.0013,0.0066,0.3168,0.00031,19.06,13.64,
2026-07-13,ETF,沪深300ETF嘉实期权_.xls,沪深300ETF嘉实,沪深300ETF沽9月4800,90007099,,9月,4800.0,4.8,put,0.1467,0.1414,0.1471,1.0,1.0,628.0,1323.0,340.0,832073.0,0.1111,0.1138,0.1481,0.1138,0.0026590000000000003,-0.3475,0.6277,0.0082,-0.0013,-0.0037,0.1248,-0.00031,33.74,-11.72,
2026-07-13,ETF,沪深300ETF嘉实期权_.xls,沪深300ETF嘉实,沪深300ETF购9月4900,90007091,,9月,4900.0,4.9,call,0.2064,0.206,0.2094,1.0,1.0,285.0,1199.0,209.0,614945.0,0.2466,0.2386,0.2386,0.2,0.001779,0.6095,0.9749,0.0085,-0.0014,0.0056,0.2587,0.0001,23.98,14.61,
2026-07-13,ETF,沪深300ETF嘉实期权_.xls,沪深300ETF嘉实,沪深300ETF沽9月4900,90007100,,9月,4900.0,4.9,put,0.1912,0.1911,0.1955,1.0,1.0,611.0,1724.0,397.0,1081928.0,0.1482,0.1542,0.1985,0.1542,0.0026850000000000003,-0.4138,0.6555,0.0086,-0.0013,-0.0045,0.1658,-0.0001,25.88,-10.71,
2026-07-13,ETF,沪深300ETF嘉实期权_.xls,沪深300ETF嘉实,沪深300ETF购9月5000,90007092,,9月,5000.0,5.0,call,0.1636,0.1634,0.166,1.0,1.0,750.0,1659.0,385.0,1255562.0,0.1923,0.1873,0.1873,0.156,0.001887,0.5109,0.9548,0.0088,-0.0014,0.0047,0.208,-0.00010200000000000001,30.25,15.46,
2026-07-13,ETF,沪深300ETF嘉实期权_.xls,沪深300ETF嘉实,沪深300ETF沽9月5000,90007101,,9月,5000.0,5.0,put,0.247,0.2439,0.2534,1.0,1.0,757.0,1180.0,396.0,1742405.0,0.1976,0.2143,0.2578,0.2118,0.002762,-0.4794,0.6517,0.0088,-0.0013,-0.0052,0.2142,0.00010200000000000001,20.04,-9.61,
2026-07-13,ETF,沪深300ETF嘉实期权_.xls,沪深300ETF嘉实,沪深300ETF购9月5250,90007093,,9月,5250.0,5.25,call,0.0892,0.0886,0.09,1.0,1.0,611.0,4402.0,258.0,561434.0,0.1019,0.0966,0.0966,0.085,0.002097,0.3132,0.7636,0.0078,-0.0013,0.0029,0.1126,-0.000573,55.48,17.38,
2026-07-13,ETF,沪深300ETF嘉实期权_.xls,沪深300ETF嘉实,沪深300ETF沽9月5250,90007102,,9月,5250.0,5.25,put,0.4226,0.4226,0.428,4.0,1.0,496.0,2913.0,254.0,1987755.0,0.3543,0.365,0.432,0.365,0.003065,-0.6166,0.5628,0.0084,-0.0013,-0.0069,0.3666,0.000573,11.71,-7.22,
2026-07-13,ETF,沪深300ETF嘉实期权_.xls,沪深300ETF嘉实,沪深300ETF购9月5500,90007094,,9月,5500.0,5.5,call,0.0491,0.049,0.0492,1.0,1.0,1079.0,4589.0,818.0,516740.0,0.0535,0.0491,0.0519,0.0459,0.002287,0.1859,0.529,0.0059,-0.001,0.0017,0.0554,-0.001002,100.79,18.74,
2026-07-13,ETF,沪深300ETF嘉实期权_.xls,沪深300ETF嘉实,沪深300ETF沽9月5500,90007103,,9月,5500.0,5.5,put,0.6251,0.625,0.6368,1.0,1.0,200.0,1962.0,6.0,1221381.0,0.5554,0.5966,0.6317,0.5931,0.0033710000000000003,-0.714,0.4558,0.0075,-0.0012,-0.0083,0.5571,0.001002,7.92,-5.65,
2026-07-13,ETF,沪深300ETF嘉实期权_.xls,沪深300ETF嘉实,沪深300ETF购9月5750,90007095,,9月,5750.0,5.75,call,0.0282,0.0277,0.0283,1.0,1.0,906.0,3842.0,376.0,253143.0,0.03,0.0276,0.0299,0.0266,0.0024739999999999996,0.1114,0.3465,0.0042,-0.0008,0.001,0.0248,-0.0013930000000000001,175.5,19.55,
2026-07-13,ETF,沪深300ETF嘉实期权_.xls,沪深300ETF嘉实,沪深300ETF沽9月5750,90007104,,9月,5750.0,5.75,put,0.8334,0.8537,0.8632,1.0,1.0,13.0,1621.0,-2.0,109922.0,0.7847,0.8369,0.8498,0.8334,0.0035119999999999995,-0.7937,0.3669,0.0063,-0.0009,-0.0095,0.7743,0.0013930000000000001,5.94,-4.71,
2026-07-13,ETF,沪深300ETF嘉实期权_.xls,沪深300ETF嘉实,沪深300ETF购9月6000,90007123,,9月,6000.0,6.0,call,0.0181,0.0179,0.0181,20.0,41.0,629.0,8128.0,133.0,106596.0,0.0179,0.0164,0.0181,0.0159,0.0026929999999999996,0.0716,0.2292,0.003,-0.0006,0.0007,0.0101,-0.0017519999999999999,273.43,19.59,
2026-07-13,ETF,沪深300ETF嘉实期权_.xls,沪深300ETF嘉实,沪深300ETF沽9月6000,90007124,,9月,6000.0,6.0,put,,1.0907,1.1042,1.0,1.0,0.0,996.0,0.0,0.0,1.0197,,,,0.0043939999999999995,-0.7984,0.2893,0.0062,-0.0013,-0.0101,1.0074,0.0017519999999999999,,,
2026-07-13,ETF,沪深300ETF嘉实期权_.xls,沪深300ETF嘉实,沪深300ETF购9月6250,90007511,,9月,6250.0,6.25,call,0.0115,0.0114,0.0115,126.0,38.0,2196.0,9483.0,1021.0,240198.0,0.0121,0.0113,0.0118,0.0102,0.002869,0.046,0.152,0.0021,-0.0004,0.0004,0.0038,-0.002082,430.35,19.8,
2026-07-13,ETF,沪深300ETF嘉实期权_.xls,沪深300ETF嘉实,沪深300ETF沽9月6250,90007512,,9月,6250.0,6.25,put,1.2986,1.3336,1.3479,1.0,1.0,6.0,273.0,5.0,78317.0,1.2617,1.3387,1.3387,1.2986,0.00409,-0.8719,0.2313,0.0046,-0.0006,-0.0112,1.2488,0.002082,3.81,-3.32,
2026-07-13,ETF,沪深300ETF嘉实期权_.xls,沪深300ETF嘉实,沪深300ETF购12月4500,90007635,,12月,4500.0,4.5,call,0.4828,0.4748,0.4962,1.0,1.0,34.0,251.0,20.0,165402.0,0.5974,0.5015,0.5092,0.4727,1e-06,0.8031,0.3783,0.0092,-0.001,0.015,0.6253,0.000998,10.25,8.23,
2026-07-13,ETF,沪深300ETF嘉实期权_.xls,沪深300ETF嘉实,沪深300ETF沽12月4500,90007636,,12月,4500.0,4.5,put,0.137,0.1314,0.1392,1.0,1.0,267.0,1066.0,193.0,337428.0,0.106,0.1162,0.1381,0.1109,0.002731,-0.2353,0.3394,0.0102,-0.0007,-0.0058,0.0862,-0.000998,36.12,-8.5,
2026-07-13,ETF,沪深300ETF嘉实期权_.xls,沪深300ETF嘉实,沪深300ETF购12月4600,90007429,,12月,4600.0,4.6,call,0.42,0.411,0.4319,1.0,1.0,185.0,369.0,94.0,795396.0,0.501,0.4637,0.4637,0.4082,1e-06,0.7593,0.4247,0.0103,-0.0011,0.0144,0.5532,0.0007589999999999999,11.78,8.95,
2026-07-13,ETF,沪深300ETF嘉实期权_.xls,沪深300ETF嘉实,沪深300ETF沽12月4600,90007438,,12月,4600.0,4.6,put,0.17,0.1699,0.174,1.0,1.0,403.0,1535.0,104.0,600500.0,0.1376,0.1402,0.1771,0.1402,0.0027489999999999997,-0.2747,0.3657,0.0111,-0.0007,-0.0069,0.1122,-0.0007589999999999999,29.11,-8.0,
2026-07-13,ETF,沪深300ETF嘉实期权_.xls,沪深300ETF嘉实,沪深300ETF购12月4700,90007430,,12月,4700.0,4.7,call,0.3597,0.3533,0.3732,1.0,1.0,105.0,866.0,89.0,390947.0,0.4076,0.3989,0.3989,0.3567,0.0009029999999999999,0.8883,0.6348,0.0063,-0.0007,0.0181,0.4861,0.00053,13.76,12.22,
2026-07-13,ETF,沪深300ETF嘉实期权_.xls,沪深300ETF嘉实,沪深300ETF沽12月4700,90007439,,12月,4700.0,4.7,put,0.211,0.2036,0.2159,1.0,1.0,272.0,1022.0,176.0,534686.0,0.1695,0.1795,0.2138,0.1756,0.0027960000000000003,-0.3167,0.3838,0.0118,-0.0008,-0.008,0.143,-0.00053,23.45,-7.43,
2026-07-13,ETF,沪深300ETF嘉实期权_.xls,沪深300ETF嘉实,沪深300ETF购12月4800,90007431,,12月,4800.0,4.8,call,0.3071,0.3022,0.3197,1.0,1.0,70.0,445.0,54.0,216690.0,0.3496,0.3254,0.3254,0.3037,0.001199,0.7493,0.8003,0.0106,-0.0008,0.0153,0.4241,0.00031,16.12,12.07,
2026-07-13,ETF,沪深300ETF嘉实期权_.xls,沪深300ETF嘉实,沪深300ETF沽12月4800,90007440,,12月,4800.0,4.8,put,0.2574,0.2487,0.2636,1.0,1.0,56.0,1026.0,31.0,142234.0,0.2136,0.2191,0.2668,0.2191,0.002848,-0.3589,0.3955,0.0124,-0.0008,-0.0091,0.179,-0.00031,19.23,-6.9,
2026-07-13,ETF,沪深300ETF嘉实期权_.xls,沪深300ETF嘉实,沪深300ETF购12月4900,90007432,,12月,4900.0,4.9,call,0.2622,0.258,0.2696,1.0,1.0,28.0,248.0,2.0,73479.0,0.2976,0.2766,0.2766,0.2554,0.0013750000000000001,0.6456,0.8159,0.0123,-0.0009,0.0132,0.3673,0.0001,18.87,12.19,
2026-07-13,ETF,沪深300ETF嘉实期权_.xls,沪深300ETF嘉实,沪深300ETF沽12月4900,90007441,,12月,4900.0,4.9,put,0.3053,0.3052,0.3173,2.0,1.0,124.0,761.0,105.0,343545.0,0.2598,0.2681,0.3091,0.2678,0.002875,-0.4002,0.4051,0.0128,-0.0008,-0.0103,0.2203,-0.0001,16.21,-6.49,
2026-07-13,ETF,沪深300ETF嘉实期权_.xls,沪深300ETF嘉实,沪深300ETF购12月5000,90007433,,12月,5000.0,5.0,call,0.2228,0.2193,0.2252,1.0,1.0,105.0,567.0,64.0,237239.0,0.2502,0.2337,0.2352,0.2158,0.0014990000000000001,0.5594,0.7935,0.0131,-0.0009,0.0114,0.316,-0.00010200000000000001,22.21,12.43,
2026-07-13,ETF,沪深300ETF嘉实期权_.xls,沪深300ETF嘉实,沪深300ETF沽12月5000,90007442,,12月,5000.0,5.0,put,0.3618,0.3617,0.3777,2.0,1.0,206.0,509.0,137.0,667625.0,0.3118,0.3209,0.3618,0.3207,0.0029350000000000005,-0.4408,0.4053,0.0131,-0.0009,-0.0114,0.2669,0.00010200000000000001,13.68,-6.03,
2026-07-13,ETF,沪深300ETF嘉实期权_.xls,沪深300ETF嘉实,沪深300ETF购12月5250,90007434,,12月,5250.0,5.25,call,0.1476,0.1454,0.1477,1.0,1.0,440.0,2231.0,344.0,652399.0,0.161,0.1535,0.1581,0.14,0.001724,0.3905,0.671,0.0127,-0.0009,0.008,0.2102,-0.000573,33.53,13.09,
2026-07-13,ETF,沪深300ETF嘉实期权_.xls,沪深300ETF嘉实,沪深300ETF沽12月5250,90007443,,12月,5250.0,5.25,put,0.532,0.5289,0.5517,1.0,1.0,84.0,790.0,35.0,436957.0,0.4681,0.485,0.5456,0.485,0.00317,-0.5305,0.3783,0.0132,-0.0009,-0.0142,0.4061,0.000573,9.3,-4.93,
2026-07-13,ETF,沪深300ETF嘉实期权_.xls,沪深300ETF嘉实,沪深300ETF购12月5500,90007435,,12月,5500.0,5.5,call,0.0977,0.0976,0.0992,1.0,1.0,78.0,1084.0,58.0,75948.0,0.1045,0.0942,0.1008,0.0929,0.0018909999999999999,0.2709,0.5281,0.011,-0.0008,0.0056,0.1339,-0.001002,50.66,13.72,
2026-07-13,ETF,沪深300ETF嘉实期权_.xls,沪深300ETF嘉实,沪深300ETF沽12月5500,90007444,,12月,5500.0,5.5,put,0.7501,0.739,0.7419,1.0,1.0,62.0,347.0,26.0,437104.0,0.6645,0.6599,0.7501,0.6599,0.0036200000000000004,-0.5911,0.3235,0.0129,-0.001,-0.0165,0.5749,0.001002,6.6,-3.9,
2026-07-13,ETF,沪深300ETF嘉实期权_.xls,沪深300ETF嘉实,沪深300ETF购12月5750,90007436,,12月,5750.0,5.75,call,0.0672,0.0671,0.0681,1.0,1.0,68.0,1155.0,19.0,44730.0,0.0644,0.0604,0.0695,0.0603,0.002052,0.1908,0.3997,0.009,-0.0007,0.0039,0.0819,-0.0013930000000000001,73.65,14.05,
2026-07-13,ETF,沪深300ETF嘉实期权_.xls,沪深300ETF嘉实,沪深300ETF沽12月5750,90007445,,12月,5750.0,5.75,put,0.9667,0.9529,0.9683,1.0,1.0,46.0,408.0,31.0,432070.0,0.8696,0.9149,0.9673,0.9073,0.00396,-0.6392,0.285,0.0124,-0.001,-0.0186,0.7678,0.0013930000000000001,5.12,-3.27,
2026-07-13,ETF,沪深300ETF嘉实期权_.xls,沪深300ETF嘉实,沪深300ETF购12月6000,90007437,,12月,6000.0,6.0,call,0.0476,0.0475,0.0482,1.0,1.0,121.0,787.0,69.0,55970.0,0.0442,0.0417,0.0494,0.0412,0.002202,0.137,0.3002,0.0073,-0.0006,0.0028,0.0482,-0.0017519999999999999,103.97,14.24,
2026-07-13,ETF,沪深300ETF嘉实期权_.xls,沪深300ETF嘉实,沪深300ETF沽12月6000,90007446,,12月,6000.0,6.0,put,1.1965,1.1845,1.1978,4.0,1.0,14.0,382.0,4.0,163650.0,1.097,1.1124,1.1965,1.1124,0.004333,-0.673,0.251,0.012,-0.001,-0.0203,0.9791,0.0017519999999999999,4.14,-2.78,
2026-07-13,ETF,沪深300ETF嘉实期权_.xls,沪深300ETF嘉实,沪深300ETF购12月6250,90007513,,12月,6250.0,6.25,call,0.0346,0.0345,0.035,1.0,1.0,1531.0,1509.0,335.0,464559.0,0.0294,0.0279,0.0351,0.0277,0.002341,0.1002,0.2264,0.0058,-0.0005,0.0021,0.0274,-0.002082,143.03,14.34,
2026-07-13,ETF,沪深300ETF嘉实期权_.xls,沪深300ETF嘉实,沪深300ETF沽12月6250,90007514,,12月,6250.0,6.25,put,1.4319,1.4196,1.4311,10.0,1.0,15.0,249.0,15.0,208311.0,1.3259,1.3729,1.4319,1.3729,0.004699999999999999,-0.6982,0.2236,0.0116,-0.0011,-0.022,1.2033,0.002082,3.46,-2.41,
2026-07-13,ETF,沪深300ETF华泰柏瑞期权_.xls,沪深300ETF华泰柏瑞,300ETF购7月4300,10011803,,7月,4300.0,4.3,call,0.443,0.4397,0.4463,1.0,1.0,243.0,474.0,8.0,1142934.0,0.531,0.5083,0.515,0.4252,1e-06,0.9693,0.2708,0.0005,-0.0014,0.0011,0.4524,0.001033,10.71,10.38,
2026-07-13,ETF,沪深300ETF华泰柏瑞期权_.xls,沪深300ETF华泰柏瑞,300ETF沽7月4300,10011804,,7月,4300.0,4.3,put,0.0027,0.0022,0.0027,4.0,1.0,7660.0,14153.0,2637.0,187847.0,0.0013,0.0012,0.0033,0.0011,0.003181,-0.0277,0.2549,0.0005,-0.0008,-0.0,0.0031,-0.001033,1757.04,-48.66,
2026-07-13,ETF,沪深300ETF华泰柏瑞期权_.xls,沪深300ETF华泰柏瑞,300ETF购7月4400,10011797,,7月,4400.0,4.4,call,0.3448,0.3424,0.3493,1.0,1.0,163.0,390.0,-18.0,593536.0,0.429,0.4126,0.4198,0.332,1e-06,0.9258,0.5487,0.0011,-0.0023,0.0011,0.3581,0.000782,13.76,12.74,
2026-07-13,ETF,沪深300ETF华泰柏瑞期权_.xls,沪深300ETF华泰柏瑞,300ETF沽7月4400,10011798,,7月,4400.0,4.4,put,0.0041,0.0039,0.0041,1.0,27.0,8766.0,17375.0,-1391.0,392894.0,0.0027,0.0026,0.0067,0.0022,0.0027660000000000002,-0.0451,0.4374,0.0007,-0.001,-0.0001,0.0087,-0.000782,1157.07,-52.22,
2026-07-13,ETF,沪深300ETF华泰柏瑞期权_.xls,沪深300ETF华泰柏瑞,300ETF购7月4500,10011699,,7月,4500.0,4.5,call,0.253,0.2486,0.2536,1.0,1.0,947.0,1751.0,79.0,2540844.0,0.3296,0.3187,0.321,0.2362,0.0020199999999999997,0.9487,0.6632,0.0008,-0.0014,0.0012,0.2702,0.000542,18.75,17.79,
2026-07-13,ETF,沪深300ETF华泰柏瑞期权_.xls,沪深300ETF华泰柏瑞,300ETF沽7月4500,10011708,,7月,4500.0,4.5,put,0.009,0.0091,0.0092,3.0,1.0,25603.0,26591.0,2689.0,2038406.0,0.0047,0.0046,0.0134,0.0041,0.002531,-0.095,0.8502,0.0013,-0.0016,-0.0001,0.0207,-0.000542,527.11,-50.06,
2026-07-13,ETF,沪深300ETF华泰柏瑞期权_.xls,沪深300ETF华泰柏瑞,300ETF购7月4600,10011700,,7月,4600.0,4.6,call,0.162,0.162,0.164,1.0,2.0,10094.0,5079.0,489.0,18536104.0,0.2346,0.2248,0.2282,0.1515,0.001929,0.8461,1.5656,0.0019,-0.0023,0.0011,0.1926,0.000313,29.28,24.78,
2026-07-13,ETF,沪深300ETF华泰柏瑞期权_.xls,沪深300ETF华泰柏瑞,300ETF沽7月4600,10011709,,7月,4600.0,4.6,put,0.0213,0.0211,0.0213,1.0,60.0,64824.0,28589.0,680.0,11546544.0,0.0102,0.011,0.0298,0.0091,0.0023680000000000003,-0.2011,1.511,0.0022,-0.0025,-0.0003,0.0429,-0.000313,222.72,-44.79,
2026-07-13,ETF,沪深300ETF华泰柏瑞期权_.xls,沪深300ETF华泰柏瑞,300ETF购7月4700,10011701,,7月,4700.0,4.7,call,0.0944,0.0935,0.0944,1.0,19.0,62408.0,17727.0,9203.0,66530215.0,0.146,0.1402,0.1426,0.0843,0.002136,0.624,2.2626,0.003,-0.0035,0.0008,0.1284,9.399999999999998e-05,50.25,31.36,
2026-07-13,ETF,沪深300ETF华泰柏瑞期权_.xls,沪深300ETF华泰柏瑞,300ETF沽7月4700,10011710,,7月,4700.0,4.7,put,0.0494,0.0492,0.05,2.0,123.0,134900.0,36396.0,-4633.0,54515736.0,0.0249,0.0293,0.063,0.0233,0.002296,-0.3834,2.1172,0.003,-0.0032,-0.0005,0.0786,-9.399999999999998e-05,96.03,-36.82,
2026-07-13,ETF,沪深300ETF华泰柏瑞期权_.xls,沪深300ETF华泰柏瑞,300ETF购7月4800,10011702,,7月,4800.0,4.8,call,0.0457,0.0457,0.046,38.0,2.0,164153.0,49862.0,18035.0,90811939.0,0.0806,0.075,0.0766,0.0412,0.0021539999999999997,0.391,2.2701,0.003,-0.0035,0.0005,0.0795,-0.00011699999999999998,103.81,40.59,
2026-07-13,ETF,沪深300ETF华泰柏瑞期权_.xls,沪深300ETF华泰柏瑞,300ETF沽7月4800,10011711,,7月,4800.0,4.8,put,0.102,0.1009,0.102,1.0,2.0,163255.0,34134.0,-9513.0,132543607.0,0.0544,0.0608,0.1199,0.0565,0.002359,-0.5985,2.0875,0.003,-0.0032,-0.0008,0.1296,0.00011699999999999998,46.51,-27.84,
2026-07-13,ETF,沪深300ETF华泰柏瑞期权_.xls,沪深300ETF华泰柏瑞,300ETF购7月4900,10011703,,7月,4900.0,4.9,call,0.0203,0.0203,0.0204,133.0,20.0,131453.0,80801.0,10190.0,33499268.0,0.037,0.0367,0.0368,0.019,0.002253,0.2072,1.6167,0.0022,-0.0026,0.0003,0.0455,-0.00031800000000000003,233.69,48.43,
2026-07-13,ETF,沪深300ETF华泰柏瑞期权_.xls,沪深300ETF华泰柏瑞,300ETF沽7月4900,10011712,,7月,4900.0,4.9,put,0.1765,0.175,0.1808,15.0,1.0,80349.0,37701.0,-9501.0,117990258.0,0.1119,0.1229,0.1975,0.1152,0.00252,-0.7659,1.5498,0.0024,-0.0026,-0.001,0.1955,0.00031800000000000003,26.88,-20.58,
2026-07-13,ETF,沪深300ETF华泰柏瑞期权_.xls,沪深300ETF华泰柏瑞,300ETF购7月5000,10011704,,7月,5000.0,5.0,call,0.0095,0.0095,0.0096,7.0,19.0,80679.0,102721.0,-1458.0,9051648.0,0.0158,0.0163,0.0163,0.0091,0.002439,0.1054,0.9523,0.0014,-0.0018,0.0001,0.024,-0.000512,499.37,52.65,
2026-07-13,ETF,沪深300ETF华泰柏瑞期权_.xls,沪深300ETF华泰柏瑞,300ETF沽7月5000,10011713,,7月,5000.0,5.0,put,0.2705,0.2651,0.272,1.0,2.0,32061.0,26387.0,-4276.0,75010040.0,0.1933,0.2005,0.2874,0.1951,0.0030930000000000003,-0.8357,1.0193,0.0019,-0.0025,-0.0012,0.2738,0.000512,17.54,-14.66,
2026-07-13,ETF,沪深300ETF华泰柏瑞期权_.xls,沪深300ETF华泰柏瑞,300ETF购7月5250,10011705,,7月,5250.0,5.25,call,0.0027,0.0026,0.0027,4.0,18.0,18591.0,106486.0,-3251.0,504203.0,0.0035,0.0021,0.0034,0.0021,0.0031450000000000002,0.0289,0.2671,0.0005,-0.0008,0.0,0.0033,-0.000964,1757.04,50.77,
2026-07-13,ETF,沪深300ETF华泰柏瑞期权_.xls,沪深300ETF华泰柏瑞,300ETF沽7月5250,10011714,,7月,5250.0,5.25,put,0.5045,0.5045,0.5143,1.0,1.0,3390.0,7116.0,-788.0,15884375.0,0.428,0.4415,0.5313,0.435,0.003505,-0.9551,0.3437,0.0007,-0.0007,-0.0014,0.5029,0.000964,9.4,-8.98,
2026-07-13,ETF,沪深300ETF华泰柏瑞期权_.xls,沪深300ETF华泰柏瑞,300ETF购7月5500,10011706,,7月,5500.0,5.5,call,0.0013,0.0013,0.0014,1.0,20.0,7757.0,38964.0,-2645.0,86613.0,0.0009,0.0009,0.0015,0.0007,0.003896,0.0125,0.1057,0.0003,-0.0005,0.0,0.0003,-0.0013750000000000001,3649.23,45.58,
2026-07-13,ETF,沪深300ETF华泰柏瑞期权_.xls,沪深300ETF华泰柏瑞,300ETF沽7月5500,10011715,,7月,5500.0,5.5,put,0.7554,0.75,0.7645,1.0,1.0,115.0,1694.0,-14.0,864167.0,0.679,0.68,0.7686,0.68,0.004958,-0.9596,0.2232,0.0007,-0.001,-0.0015,0.7495,0.0013750000000000001,6.28,-6.03,
2026-07-13,ETF,沪深300ETF华泰柏瑞期权_.xls,沪深300ETF华泰柏瑞,300ETF购7月5750,10011707,,7月,5750.0,5.75,call,0.001,0.001,0.0011,33.0,273.0,3582.0,16996.0,-351.0,32697.0,0.0008,0.0007,0.0011,0.0007,0.004739999999999999,0.0083,0.0607,0.0002,-0.0004,0.0,0.0,-0.0017499999999999998,4744.0,39.3,
2026-07-13,ETF,沪深300ETF华泰柏瑞期权_.xls,沪深300ETF华泰柏瑞,300ETF沽7月5750,10011716,,7月,5750.0,5.75,put,1.0173,0.9971,1.0151,1.0,1.0,24.0,1221.0,-13.0,240526.0,0.9255,0.9547,1.0173,0.9547,0.007598999999999999,-0.9274,0.2315,0.0011,-0.0035,-0.0015,0.9989,0.0017499999999999998,4.66,-4.32,
2026-07-13,ETF,沪深300ETF华泰柏瑞期权_.xls,沪深300ETF华泰柏瑞,300ETF购7月6000,10011795,,7月,6000.0,6.0,call,0.0007,0.0007,0.0008,11.0,138.0,2616.0,19019.0,-159.0,19447.0,0.0006,0.0006,0.0009,0.0005,0.0054280000000000005,0.0053,0.0357,0.0001,-0.0003,0.0,0.0,-0.002093,6777.14,35.94,
2026-07-13,ETF,沪深300ETF华泰柏瑞期权_.xls,沪深300ETF华泰柏瑞,300ETF沽7月6000,10011796,,7月,6000.0,6.0,put,1.239,1.2458,1.2651,1.0,1.0,40.0,2202.0,25.0,497710.0,1.1765,1.2215,1.267,1.2215,1e-06,-1.0,0.0001,0.0,0.0007,-0.0016,1.2486,0.002093,3.83,-3.83,
2026-07-13,ETF,沪深300ETF华泰柏瑞期权_.xls,沪深300ETF华泰柏瑞,300ETF购8月4400,10012027,,8月,4400.0,4.4,call,0.3661,0.3564,0.3636,1.0,1.0,421.0,727.0,114.0,1563361.0,0.429,0.41,0.4142,0.3448,1e-06,0.8143,0.5904,0.0045,-0.0018,0.0042,0.4165,0.000782,12.96,10.55,
2026-07-13,ETF,沪深300ETF华泰柏瑞期权_.xls,沪深300ETF华泰柏瑞,300ETF沽8月4400,10012028,,8月,4400.0,4.4,put,0.0403,0.0391,0.0403,1.0,2.0,16414.0,8629.0,4424.0,5153555.0,0.023,0.0236,0.0442,0.0217,1e-06,-0.1857,0.5904,0.0045,-0.0012,-0.0011,0.0481,-0.000782,117.72,-21.85,
2026-07-13,ETF,沪深300ETF华泰柏瑞期权_.xls,沪深300ETF华泰柏瑞,300ETF购8月4500,10011967,,8月,4500.0,4.5,call,0.283,0.2826,0.2839,1.0,1.0,736.0,1094.0,323.0,2190335.0,0.3366,0.3268,0.3318,0.2722,1e-06,0.745,0.7088,0.0053,-0.002,0.0039,0.3418,0.000542,16.76,12.49,
2026-07-13,ETF,沪深300ETF华泰柏瑞期权_.xls,沪深300ETF华泰柏瑞,300ETF沽8月4500,10011968,,8月,4500.0,4.5,put,0.0598,0.0595,0.0598,1.0,4.0,17819.0,17460.0,3173.0,9174782.0,0.0362,0.0379,0.0674,0.0359,1e-06,-0.255,0.7088,0.0053,-0.0015,-0.0016,0.0729,-0.000542,79.33,-20.23,
2026-07-13,ETF,沪深300ETF华泰柏瑞期权_.xls,沪深300ETF华泰柏瑞,300ETF购8月4600,10011869,,8月,4600.0,4.6,call,0.2142,0.2092,0.213,1.0,1.0,2100.0,2149.0,320.0,4699853.0,0.2599,0.2515,0.2548,0.2014,0.001674,0.7416,1.1598,0.0054,-0.0014,0.0041,0.2749,0.000313,22.15,16.42,
2026-07-13,ETF,沪深300ETF华泰柏瑞期权_.xls,沪深300ETF华泰柏瑞,300ETF沽8月4600,10011878,,8月,4600.0,4.6,put,0.0888,0.0879,0.0888,1.0,1.0,30387.0,20544.0,3771.0,24411470.0,0.0585,0.057,0.1005,0.057,0.002443,-0.3203,0.879,0.006,-0.0014,-0.002,0.1054,-0.000313,53.42,-17.11,
2026-07-13,ETF,沪深300ETF华泰柏瑞期权_.xls,沪深300ETF华泰柏瑞,300ETF购8月4700,10011870,,8月,4700.0,4.7,call,0.1539,0.1517,0.1539,1.0,25.0,14861.0,7696.0,5380.0,23996028.0,0.1921,0.1861,0.1881,0.145,0.0017519999999999999,0.6074,1.3172,0.0064,-0.0016,0.0034,0.2165,9.399999999999998e-05,30.83,18.72,
2026-07-13,ETF,沪深300ETF华泰柏瑞期权_.xls,沪深300ETF华泰柏瑞,300ETF沽8月4700,10011879,,8月,4700.0,4.7,put,0.1317,0.1306,0.1317,1.0,14.0,22016.0,18560.0,4011.0,25466928.0,0.0893,0.0934,0.1444,0.0893,0.002492,-0.4154,0.9394,0.0065,-0.0015,-0.0026,0.1465,-9.399999999999998e-05,36.02,-14.96,
2026-07-13,ETF,沪深300ETF华泰柏瑞期权_.xls,沪深300ETF华泰柏瑞,300ETF购8月4800,10011871,,8月,4800.0,4.8,call,0.109,0.1089,0.109,15.0,2.0,21122.0,14471.0,7801.0,24419795.0,0.1376,0.1328,0.1347,0.1023,0.0018479999999999998,0.4749,1.2935,0.0066,-0.0016,0.0026,0.1669,-0.00011699999999999998,43.52,20.67,
2026-07-13,ETF,沪深300ETF华泰柏瑞期权_.xls,沪深300ETF华泰柏瑞,300ETF沽8月4800,10011880,,8月,4800.0,4.8,put,0.1851,0.1845,0.1882,1.0,1.0,14482.0,14204.0,3344.0,24386694.0,0.1348,0.14,0.2012,0.1291,0.002551,-0.5097,0.9386,0.0066,-0.0016,-0.0032,0.1963,0.00011699999999999998,25.63,-13.06,
2026-07-13,ETF,沪深300ETF华泰柏瑞期权_.xls,沪深300ETF华泰柏瑞,300ETF购8月4900,10011872,,8月,4900.0,4.9,call,0.0743,0.0735,0.0743,1.0,3.0,24666.0,19196.0,8376.0,19438184.0,0.0962,0.0918,0.0925,0.0704,0.00191,0.3571,1.1728,0.0062,-0.0015,0.002,0.1259,-0.00031800000000000003,63.85,22.8,
2026-07-13,ETF,沪深300ETF华泰柏瑞期权_.xls,沪深300ETF华泰柏瑞,300ETF沽8月4900,10011881,,8月,4900.0,4.9,put,0.2517,0.2492,0.2543,1.0,1.0,12648.0,10285.0,1596.0,30384401.0,0.193,0.1973,0.268,0.1943,0.002673,-0.5943,0.8708,0.0065,-0.0015,-0.0038,0.2547,0.00031800000000000003,18.85,-11.2,
2026-07-13,ETF,沪深300ETF华泰柏瑞期权_.xls,沪深300ETF华泰柏瑞,300ETF购8月5000,10011873,,8月,5000.0,5.0,call,0.0487,0.0487,0.0495,5.0,20.0,27701.0,34651.0,8333.0,14793722.0,0.0645,0.063,0.0639,0.0476,0.0019519999999999997,0.2573,0.9922,0.0054,-0.0013,0.0014,0.0928,-0.000512,97.41,25.07,
2026-07-13,ETF,沪深300ETF华泰柏瑞期权_.xls,沪深300ETF华泰柏瑞,300ETF沽8月5000,10011882,,8月,5000.0,5.0,put,0.3268,0.3243,0.3273,1.0,1.0,8429.0,8232.0,-1266.0,26709431.0,0.2637,0.269,0.3443,0.2635,0.0028139999999999997,-0.6651,0.7773,0.0061,-0.0015,-0.0043,0.3212,0.000512,14.52,-9.66,
2026-07-13,ETF,沪深300ETF华泰柏瑞期权_.xls,沪深300ETF华泰柏瑞,300ETF购8月5250,10011874,,8月,5250.0,5.25,call,0.0203,0.0201,0.0204,1.0,7.0,15847.0,28755.0,2419.0,3409859.0,0.0254,0.0249,0.0249,0.0195,0.0022140000000000003,0.1164,0.5307,0.0033,-0.0009,0.0007,0.0393,-0.000964,233.69,27.19,
2026-07-13,ETF,沪深300ETF华泰柏瑞期权_.xls,沪深300ETF华泰柏瑞,300ETF沽8月5250,10011883,,8月,5250.0,5.25,put,0.5465,0.5407,0.551,1.0,1.0,383.0,2261.0,17.0,2008210.0,0.4706,0.4858,0.5555,0.4835,0.00337,-0.7735,0.5362,0.005,-0.0014,-0.0052,0.5163,0.000964,8.68,-6.71,
2026-07-13,ETF,沪深300ETF华泰柏瑞期权_.xls,沪深300ETF华泰柏瑞,300ETF购8月5500,10011875,,8月,5500.0,5.5,call,0.0094,0.0093,0.0095,47.0,51.0,8967.0,15568.0,-430.0,848272.0,0.0121,0.0108,0.0112,0.0084,0.0024749999999999998,0.0554,0.2715,0.0019,-0.0005,0.0003,0.0146,-0.0013750000000000001,504.68,27.97,
2026-07-13,ETF,沪深300ETF华泰柏瑞期权_.xls,沪深300ETF华泰柏瑞,300ETF沽8月5500,10011884,,8月,5500.0,5.5,put,0.7799,0.7773,0.7901,2.0,1.0,29.0,446.0,18.0,220413.0,0.7073,0.7507,0.7936,0.7507,0.003912,-0.8333,0.3834,0.0042,-0.0012,-0.0058,0.7401,0.0013750000000000001,6.08,-5.07,
2026-07-13,ETF,沪深300ETF华泰柏瑞期权_.xls,沪深300ETF华泰柏瑞,300ETF购8月5750,10011876,,8月,5750.0,5.75,call,0.0059,0.0058,0.0059,18.0,2.0,3160.0,9965.0,-316.0,174717.0,0.0067,0.006,0.0063,0.005,0.0028199999999999996,0.0331,0.1572,0.0012,-0.0004,0.0002,0.0047,-0.0017499999999999998,804.07,26.63,
2026-07-13,ETF,沪深300ETF华泰柏瑞期权_.xls,沪深300ETF华泰柏瑞,300ETF沽8月5750,10011885,,8月,5750.0,5.75,put,0.9643,1.0221,1.036,1.0,1.0,1.0,182.0,0.0,9643.0,0.9512,0.9643,0.9643,0.9643,1e-06,-0.9718,0.1427,0.0011,0.0004,-0.0069,0.9789,0.0017499999999999998,4.92,-4.78,
2026-07-13,ETF,沪深300ETF华泰柏瑞期权_.xls,沪深300ETF华泰柏瑞,300ETF购8月6000,10011877,,8月,6000.0,6.0,call,0.0036,0.0035,0.0038,1.0,6.0,1348.0,5425.0,335.0,48563.0,0.0042,0.004,0.0049,0.0034,0.003091,0.0198,0.0931,0.0008,-0.0003,0.0001,0.0014,-0.002093,1317.78,26.05,
2026-07-13,ETF,沪深300ETF华泰柏瑞期权_.xls,沪深300ETF华泰柏瑞,300ETF沽8月6000,10011886,,8月,6000.0,6.0,put,1.2359,1.2681,1.283,1.0,1.0,13.0,81.0,13.0,160229.0,1.2,1.2162,1.2359,1.2118,0.0038409999999999994,-0.9487,0.1644,0.0018,-0.0,-0.0071,1.2242,0.002093,3.84,-3.64,
2026-07-13,ETF,沪深300ETF华泰柏瑞期权_.xls,沪深300ETF华泰柏瑞,300ETF购9月4000,10011271,,9月,4000.0,4.0,call,0.7244,0.7235,0.7267,1.0,1.0,245.0,1424.0,174.0,1815819.0,0.829,0.7852,0.7852,0.7123,1e-06,0.9585,0.1751,0.0019,-0.0008,0.0075,0.7887,0.0018600000000000003,6.55,6.28,
2026-07-13,ETF,沪深300ETF华泰柏瑞期权_.xls,沪深300ETF华泰柏瑞,300ETF沽9月4000,10011273,,9月,4000.0,4.0,put,0.0161,0.0161,0.0164,9.0,1.0,34189.0,32268.0,264.0,4970376.0,0.0115,0.0115,0.0178,0.0113,0.0027129999999999997,-0.0617,0.2115,0.0026,-0.0004,-0.0006,0.0089,-0.0018600000000000003,294.66,-18.17,
2026-07-13,ETF,沪深300ETF华泰柏瑞期权_.xls,沪深300ETF华泰柏瑞,300ETF购9月4100,10011272,,9月,4100.0,4.1,call,0.6336,0.6271,0.6366,1.0,1.0,9.0,357.0,2.0,59662.0,0.729,0.68,0.6865,0.6166,1e-06,0.9335,0.2544,0.0027,-0.0009,0.0075,0.6961,0.0015710000000000001,7.49,6.99,
2026-07-13,ETF,沪深300ETF华泰柏瑞期权_.xls,沪深300ETF华泰柏瑞,300ETF沽9月4100,10011274,,9月,4100.0,4.1,put,0.0235,0.0235,0.0237,9.0,10.0,34478.0,28203.0,386.0,7294702.0,0.0166,0.0172,0.0259,0.0164,0.002656,-0.0863,0.2795,0.0033,-0.0006,-0.0009,0.0154,-0.0015710000000000001,201.87,-17.43,
2026-07-13,ETF,沪深300ETF华泰柏瑞期权_.xls,沪深300ETF华泰柏瑞,300ETF购9月4200,10011083,,9月,4200.0,4.2,call,0.5445,0.5373,0.5465,1.0,1.0,230.0,2329.0,54.0,1285426.0,0.629,0.6198,0.6198,0.5306,1e-06,0.8992,0.3481,0.0037,-0.0011,0.0073,0.607,0.0012950000000000001,8.71,7.83,
2026-07-13,ETF,沪深300ETF华泰柏瑞期权_.xls,沪深300ETF华泰柏瑞,300ETF沽9月4200,10011084,,9月,4200.0,4.2,put,0.0321,0.0321,0.0348,1.0,1.0,30425.0,19657.0,1545.0,9004522.0,0.0243,0.0249,0.0375,0.0241,0.002561,-0.1152,0.3577,0.0041,-0.0007,-0.0012,0.0254,-0.0012950000000000001,147.79,-17.03,
2026-07-13,ETF,沪深300ETF华泰柏瑞期权_.xls,沪深300ETF华泰柏瑞,300ETF购9月4300,10010989,,9月,4300.0,4.3,call,0.4613,0.4541,0.4632,1.0,1.0,27.0,1208.0,5.0,129400.0,0.531,0.505,0.505,0.4491,1e-06,0.8547,0.45,0.0048,-0.0012,0.0071,0.5223,0.001033,10.28,8.79,
2026-07-13,ETF,沪深300ETF华泰柏瑞期权_.xls,沪深300ETF华泰柏瑞,300ETF沽9月4300,10010998,,9月,4300.0,4.3,put,0.0497,0.0473,0.0507,1.0,1.0,7916.0,14924.0,-251.0,3533199.0,0.0338,0.0365,0.0544,0.036,0.0025879999999999996,-0.1624,0.4475,0.0052,-0.0008,-0.0016,0.0397,-0.001033,95.45,-15.5,
2026-07-13,ETF,沪深300ETF华泰柏瑞期权_.xls,沪深300ETF华泰柏瑞,300ETF购9月4400,10010990,,9月,4400.0,4.4,call,0.3828,0.3759,0.3849,1.0,1.0,381.0,1917.0,67.0,1482347.0,0.4368,0.4188,0.4222,0.3661,1e-06,0.8001,0.552,0.0059,-0.0014,0.0067,0.443,0.000782,12.39,9.92,
2026-07-13,ETF,沪深300ETF华泰柏瑞期权_.xls,沪深300ETF华泰柏瑞,300ETF沽9月4400,10010999,,9月,4400.0,4.4,put,0.0714,0.0679,0.0717,1.0,5.0,6207.0,9955.0,85.0,3896202.0,0.0507,0.0536,0.077,0.0515,0.002585,-0.2157,0.5338,0.0062,-0.001,-0.0022,0.0596,-0.000782,66.44,-14.33,
2026-07-13,ETF,沪深300ETF华泰柏瑞期权_.xls,沪深300ETF华泰柏瑞,300ETF购9月4500,10010991,,9月,4500.0,4.5,call,0.3112,0.3057,0.3147,1.0,1.0,418.0,2570.0,79.0,1342400.0,0.3607,0.4703,0.4703,0.299,0.0014449999999999999,0.8386,0.7982,0.0052,-0.001,0.0073,0.3702,0.000542,15.24,12.78,
2026-07-13,ETF,沪深300ETF华泰柏瑞期权_.xls,沪深300ETF华泰柏瑞,300ETF沽9月4500,10011000,,9月,4500.0,4.5,put,0.1001,0.0964,0.1022,1.0,1.0,5508.0,10747.0,678.0,4970392.0,0.0738,0.075,0.1084,0.074,0.002593,-0.2773,0.609,0.0071,-0.0011,-0.0028,0.0858,-0.000542,47.39,-13.14,
2026-07-13,ETF,沪深300ETF华泰柏瑞期权_.xls,沪深300ETF华泰柏瑞,300ETF购9月4600,10010992,,9月,4600.0,4.6,call,0.2494,0.2445,0.2526,1.0,1.0,1278.0,3956.0,395.0,3245301.0,0.289,0.2803,0.2879,0.2374,0.001656,0.7173,0.9626,0.0072,-0.0012,0.0063,0.3044,0.000313,19.02,13.64,
2026-07-13,ETF,沪深300ETF华泰柏瑞期权_.xls,沪深300ETF华泰柏瑞,300ETF沽9月4600,10011001,,9月,4600.0,4.6,put,0.1378,0.1378,0.1404,3.0,1.0,5272.0,8924.0,1130.0,6642175.0,0.1036,0.1073,0.1477,0.1042,0.002629,-0.3455,0.661,0.0078,-0.0012,-0.0036,0.1192,-0.000313,34.43,-11.89,
2026-07-13,ETF,沪深300ETF华泰柏瑞期权_.xls,沪深300ETF华泰柏瑞,300ETF购9月4700,10010993,,9月,4700.0,4.7,call,0.1961,0.1923,0.1997,1.0,1.0,2813.0,4871.0,-382.0,5700689.0,0.2297,0.215,0.2264,0.1876,0.001778,0.6065,1.0195,0.0082,-0.0013,0.0054,0.2463,9.399999999999998e-05,24.19,14.67,
2026-07-13,ETF,沪深300ETF华泰柏瑞期权_.xls,沪深300ETF华泰柏瑞,300ETF沽9月4700,10011002,,9月,4700.0,4.7,put,0.1848,0.1848,0.1876,5.0,1.0,5689.0,9129.0,909.0,9554312.0,0.1438,0.1411,0.1968,0.1411,0.002687,-0.4159,0.6841,0.0083,-0.0013,-0.0043,0.1602,-9.399999999999998e-05,25.67,-10.68,
2026-07-13,ETF,沪深300ETF华泰柏瑞期权_.xls,沪深300ETF华泰柏瑞,300ETF购9月4800,10010994,,9月,4800.0,4.8,call,0.1533,0.1503,0.1562,1.0,1.0,4478.0,8231.0,759.0,7100195.0,0.1781,0.1748,0.1929,0.1461,0.001885,0.5039,0.9976,0.0085,-0.0014,0.0045,0.196,-0.00011699999999999998,30.95,15.59,
2026-07-13,ETF,沪深300ETF华泰柏瑞期权_.xls,沪深300ETF华泰柏瑞,300ETF沽9月4800,10011003,,9月,4800.0,4.8,put,0.2402,0.236,0.2446,1.0,1.0,3778.0,5267.0,-250.0,8313104.0,0.1921,0.1948,0.255,0.1923,0.002758,-0.4842,0.6811,0.0085,-0.0013,-0.0051,0.209,0.00011699999999999998,19.75,-9.56,
2026-07-13,ETF,沪深300ETF华泰柏瑞期权_.xls,沪深300ETF华泰柏瑞,300ETF购9月4900,10010995,,9月,4900.0,4.9,call,0.1184,0.1161,0.1184,1.0,1.0,6017.0,10988.0,857.0,7327846.0,0.1373,0.1305,0.134,0.1125,0.0019690000000000003,0.4125,0.932,0.0083,-0.0013,0.0037,0.1534,-0.00031800000000000003,40.07,16.53,
2026-07-13,ETF,沪深300ETF华泰柏瑞期权_.xls,沪深300ETF华泰柏瑞,300ETF沽9月4900,10011004,,9月,4900.0,4.9,put,0.3044,0.3009,0.3099,1.0,1.0,3315.0,5636.0,-27.0,9465283.0,0.2494,0.2679,0.3222,0.2491,0.0028539999999999998,-0.5474,0.6541,0.0084,-0.0013,-0.0058,0.2655,0.00031800000000000003,15.58,-8.53,
2026-07-13,ETF,沪深300ETF华泰柏瑞期权_.xls,沪深300ETF华泰柏瑞,300ETF购9月5000,10010996,,9月,5000.0,5.0,call,0.0907,0.0892,0.091,1.0,1.0,10213.0,23427.0,1069.0,9527344.0,0.1051,0.1039,0.1088,0.087,0.0020420000000000004,0.3331,0.8391,0.0077,-0.0013,0.003,0.118,-0.000512,52.3,17.42,
2026-07-13,ETF,沪深300ETF华泰柏瑞期权_.xls,沪深300ETF华泰柏瑞,300ETF沽9月5000,10011005,,9月,5000.0,5.0,put,0.3764,0.3729,0.3822,1.0,1.0,1520.0,7841.0,163.0,5538235.0,0.318,0.32,0.3912,0.32,0.002974,-0.6029,0.6111,0.0082,-0.0013,-0.0065,0.3292,0.000512,12.6,-7.6,
2026-07-13,ETF,沪深300ETF华泰柏瑞期权_.xls,沪深300ETF华泰柏瑞,300ETF购9月5250,10010997,,9月,5250.0,5.25,call,0.0477,0.0467,0.0482,1.0,1.0,9023.0,32716.0,-229.0,4280082.0,0.0533,0.0513,0.0525,0.045,0.002235,0.1911,0.5743,0.0058,-0.001,0.0017,0.0569,-0.000964,99.45,19.01,
2026-07-13,ETF,沪深300ETF华泰柏瑞期权_.xls,沪深300ETF华泰柏瑞,300ETF沽9月5250,10011006,,9月,5250.0,5.25,put,0.5808,0.5789,0.5885,1.0,1.0,489.0,7836.0,33.0,2781976.0,0.5114,0.5537,0.5965,0.5247,0.003347,-0.7061,0.485,0.0073,-0.0012,-0.0079,0.5159,0.000964,8.17,-5.77,
2026-07-13,ETF,沪深300ETF华泰柏瑞期权_.xls,沪深300ETF华泰柏瑞,300ETF购9月5500,10011069,,9月,5500.0,5.5,call,0.025,0.025,0.0259,25.0,10.0,11843.0,22384.0,-877.0,3083990.0,0.0291,0.0286,0.0287,0.0242,0.002396,0.1071,0.3628,0.0039,-0.0007,0.001,0.0248,-0.0013750000000000001,189.76,20.32,
2026-07-13,ETF,沪深300ETF华泰柏瑞期权_.xls,沪深300ETF华泰柏瑞,300ETF沽9月5500,10011070,,9月,5500.0,5.5,put,0.82,0.8064,0.8151,1.0,1.0,40.0,4914.0,-5.0,320354.0,0.7385,0.7846,0.82,0.7816,0.003993,-0.7544,0.3716,0.0067,-0.0013,-0.0088,0.7315,0.0013750000000000001,5.79,-4.36,
2026-07-13,ETF,沪深300ETF华泰柏瑞期权_.xls,沪深300ETF华泰柏瑞,300ETF购9月5750,10011545,,9月,5750.0,5.75,call,0.0162,0.0156,0.0166,1.0,2.0,9794.0,16710.0,-352.0,1526192.0,0.0169,0.016,0.0172,0.0145,0.00265,0.0684,0.2347,0.0028,-0.0005,0.0006,0.0098,-0.0017499999999999998,292.84,20.04,
2026-07-13,ETF,沪深300ETF华泰柏瑞期权_.xls,沪深300ETF华泰柏瑞,300ETF沽9月5750,10011546,,9月,5750.0,5.75,put,1.0435,1.044,1.055,1.0,1.0,16.0,1073.0,-4.0,164269.0,0.9753,1.0194,1.045,1.0194,0.0042710000000000005,-0.8063,0.3031,0.0058,-0.0011,-0.0097,0.9643,0.0017499999999999998,4.55,-3.67,
2026-07-13,ETF,沪深300ETF华泰柏瑞期权_.xls,沪深300ETF华泰柏瑞,300ETF购9月6000,10011589,,9月,6000.0,6.0,call,0.0102,0.01,0.0102,1.0,1.0,80274.0,33572.0,-146.0,8076520.0,0.0107,0.0105,0.0111,0.0092,0.002843,0.0433,0.1525,0.002,-0.0004,0.0004,0.0035,-0.002093,465.1,20.16,
2026-07-13,ETF,沪深300ETF华泰柏瑞期权_.xls,沪深300ETF华泰柏瑞,300ETF沽9月6000,10011590,,9月,6000.0,6.0,put,1.2628,1.2874,1.2992,1.0,1.0,21.0,1057.0,-10.0,262575.0,1.2186,1.2265,1.2628,1.2265,0.004307999999999999,-0.859,0.2446,0.0047,-0.0007,-0.0107,1.2058,0.002093,3.76,-3.23,
2026-07-13,ETF,沪深300ETF华泰柏瑞期权_.xls,沪深300ETF华泰柏瑞,300ETF购12月4300,10011805,,12月,4300.0,4.3,call,0.4729,0.4729,0.4755,1.0,1.0,145.0,1113.0,65.0,705949.0,0.531,0.52,0.5254,0.465,1e-06,0.808,0.3868,0.0087,-0.001,0.0145,0.6105,0.001033,10.03,8.11,
2026-07-13,ETF,沪深300ETF华泰柏瑞期权_.xls,沪深300ETF华泰柏瑞,300ETF沽12月4300,10011806,,12月,4300.0,4.3,put,0.1238,0.1188,0.1272,1.0,1.0,1294.0,3949.0,790.0,1510520.0,0.1026,0.1026,0.1298,0.1012,0.0026929999999999996,-0.2276,0.3525,0.0096,-0.0006,-0.0054,0.0804,-0.001033,38.32,-8.72,
2026-07-13,ETF,沪深300ETF华泰柏瑞期权_.xls,沪深300ETF华泰柏瑞,300ETF购12月4400,10011443,,12月,4400.0,4.4,call,0.4187,0.402,0.4102,1.0,1.0,121.0,1665.0,48.0,510577.0,0.46,0.45,0.45,0.3997,1e-06,0.763,0.4373,0.0098,-0.001,0.0138,0.5379,0.000782,11.33,8.65,
2026-07-13,ETF,沪深300ETF华泰柏瑞期权_.xls,沪深300ETF华泰柏瑞,300ETF沽12月4400,10011452,,12月,4400.0,4.4,put,0.159,0.159,0.1622,9.0,1.0,505.0,4046.0,280.0,768174.0,0.1315,0.1338,0.1653,0.1318,0.002741,-0.2704,0.3796,0.0105,-0.0007,-0.0065,0.1059,-0.000782,29.84,-8.07,
2026-07-13,ETF,沪深300ETF华泰柏瑞期权_.xls,沪深300ETF华泰柏瑞,300ETF购12月4500,10011444,,12月,4500.0,4.5,call,0.3485,0.3439,0.3509,1.0,1.0,40.0,681.0,-2.0,143769.0,0.3898,0.3782,0.3782,0.3439,0.000888,0.8956,0.6414,0.0058,-0.0006,0.0175,0.4705,0.000542,13.61,12.19,
2026-07-13,ETF,沪深300ETF华泰柏瑞期权_.xls,沪深300ETF华泰柏瑞,300ETF沽12月4500,10011453,,12月,4500.0,4.5,put,0.201,0.1988,0.2028,1.0,1.0,401.0,4459.0,252.0,736926.0,0.166,0.17,0.2075,0.1692,0.002803,-0.3147,0.3984,0.0113,-0.0008,-0.0076,0.1364,-0.000542,23.6,-7.43,
2026-07-13,ETF,沪深300ETF华泰柏瑞期权_.xls,沪深300ETF华泰柏瑞,300ETF购12月4600,10011445,,12月,4600.0,4.6,call,0.304,0.292,0.2979,1.0,1.0,90.0,847.0,-19.0,271231.0,0.3315,0.3224,0.3224,0.287,0.0012850000000000001,0.7376,0.7978,0.0104,-0.0008,0.0144,0.4084,0.000313,15.61,11.51,
2026-07-13,ETF,沪深300ETF华泰柏瑞期权_.xls,沪深300ETF华泰柏瑞,300ETF沽12月4600,10011454,,12月,4600.0,4.6,put,0.2428,0.2444,0.2494,1.0,1.0,577.0,2427.0,103.0,1367739.0,0.205,0.2146,0.2559,0.2125,0.0028199999999999996,-0.3577,0.4163,0.0119,-0.0008,-0.0087,0.1723,-0.000313,19.54,-6.99,
2026-07-13,ETF,沪深300ETF华泰柏瑞期权_.xls,沪深300ETF华泰柏瑞,300ETF购12月4700,10011446,,12月,4700.0,4.7,call,0.2485,0.2474,0.2524,1.0,1.0,242.0,1316.0,76.0,629742.0,0.2807,0.2822,0.2947,0.2466,0.001366,0.6437,0.8583,0.0119,-0.0008,0.0126,0.3517,9.399999999999998e-05,19.09,12.29,
2026-07-13,ETF,沪深300ETF华泰柏瑞期权_.xls,沪深300ETF华泰柏瑞,300ETF沽12月4700,10011455,,12月,4700.0,4.7,put,0.3052,0.2977,0.3037,1.0,1.0,505.0,1976.0,144.0,1444788.0,0.2547,0.2623,0.311,0.262,0.002966,-0.4021,0.4102,0.0123,-0.0008,-0.0099,0.2137,-9.399999999999998e-05,15.54,-6.25,
2026-07-13,ETF,沪深300ETF华泰柏瑞期权_.xls,沪深300ETF华泰柏瑞,300ETF购12月4800,10011447,,12月,4800.0,4.8,call,0.2149,0.2087,0.2129,1.0,1.0,526.0,2143.0,151.0,1121950.0,0.2355,0.237,0.237,0.2057,0.0015380000000000003,0.5532,0.8084,0.0126,-0.0009,0.0108,0.3007,-0.00011699999999999998,22.08,12.21,
2026-07-13,ETF,沪深300ETF华泰柏瑞期权_.xls,沪深300ETF华泰柏瑞,300ETF沽12月4800,10011456,,12月,4800.0,4.8,put,0.3567,0.3569,0.3641,1.0,1.0,226.0,1933.0,63.0,791706.0,0.3088,0.3164,0.3744,0.3126,0.002985,-0.4434,0.4161,0.0126,-0.0008,-0.0111,0.2606,0.00011699999999999998,13.3,-5.9,
2026-07-13,ETF,沪深300ETF华泰柏瑞期权_.xls,沪深300ETF华泰柏瑞,300ETF购12月4900,10011448,,12月,4900.0,4.9,call,0.178,0.1759,0.178,1.0,8.0,407.0,3857.0,11.0,735861.0,0.1971,0.1971,0.1971,0.1743,0.0016120000000000002,0.4768,0.7769,0.0127,-0.0009,0.0094,0.2551,-0.00031800000000000003,26.65,12.71,
2026-07-13,ETF,沪深300ETF华泰柏瑞期权_.xls,沪深300ETF华泰柏瑞,300ETF沽12月4900,10011457,,12月,4900.0,4.9,put,0.4105,0.4226,0.4312,1.0,1.0,105.0,2621.0,-35.0,418167.0,0.3732,0.38,0.43,0.3788,0.002989,-0.4842,0.4194,0.0127,-0.0008,-0.0122,0.313,0.00031800000000000003,11.56,-5.6,
2026-07-13,ETF,沪深300ETF华泰柏瑞期权_.xls,沪深300ETF华泰柏瑞,300ETF购12月5000,10011449,,12月,5000.0,5.0,call,0.1491,0.1482,0.1512,1.0,1.0,355.0,4553.0,-19.0,555968.0,0.1644,0.1709,0.171,0.1473,0.0016940000000000002,0.4098,0.7217,0.0124,-0.0009,0.0081,0.2148,-0.000512,31.82,13.04,
2026-07-13,ETF,沪深300ETF华泰柏瑞期权_.xls,沪深300ETF华泰柏瑞,300ETF沽12月5000,10011458,,12月,5000.0,5.0,put,0.4965,0.4921,0.502,1.0,1.0,34.0,2837.0,12.0,159232.0,0.4387,0.447,0.5099,0.4384,0.0032159999999999992,-0.5168,0.3897,0.0127,-0.0009,-0.0132,0.3707,0.000512,9.55,-4.94,
2026-07-13,ETF,沪深300ETF华泰柏瑞期权_.xls,沪深300ETF华泰柏瑞,300ETF购12月5250,10011450,,12月,5250.0,5.25,call,0.0993,0.0971,0.0991,1.0,1.0,766.0,3708.0,218.0,767245.0,0.1077,0.1005,0.1137,0.0969,0.001895,0.2826,0.561,0.0108,-0.0008,0.0056,0.1352,-0.000964,47.77,13.5,
2026-07-13,ETF,沪深300ETF华泰柏瑞期权_.xls,沪深300ETF华泰柏瑞,300ETF沽12月5250,10011459,,12月,5250.0,5.25,put,0.7001,0.6849,0.6987,1.0,1.0,41.0,1372.0,27.0,270269.0,0.6217,0.6332,0.7001,0.6306,0.0035869999999999995,-0.586,0.3416,0.0124,-0.0009,-0.0156,0.5361,0.000964,6.78,-3.97,
2026-07-13,ETF,沪深300ETF华泰柏瑞期权_.xls,沪深300ETF华泰柏瑞,300ETF购12月5500,10011451,,12月,5500.0,5.5,call,0.0668,0.0661,0.0666,14.0,1.0,918.0,2602.0,232.0,607148.0,0.0691,0.0658,0.0701,0.063,0.002058,0.1959,0.4225,0.0088,-0.0007,0.0039,0.0815,-0.0013750000000000001,71.02,13.92,
2026-07-13,ETF,沪深300ETF华泰柏瑞期权_.xls,沪深300ETF华泰柏瑞,300ETF沽12月5500,10011460,,12月,5500.0,5.5,put,0.9027,0.8971,0.9134,1.0,1.0,20.0,1012.0,-2.0,173607.0,0.833,0.8516,0.91,0.8516,0.0038299999999999996,-0.6439,0.306,0.0119,-0.0009,-0.0178,0.7274,0.0013750000000000001,5.26,-3.38,
2026-07-13,ETF,沪深300ETF华泰柏瑞期权_.xls,沪深300ETF华泰柏瑞,300ETF购12月5750,10011547,,12月,5750.0,5.75,call,0.0461,0.045,0.0459,1.0,1.0,253.0,1695.0,21.0,111893.0,0.0441,0.0424,0.0491,0.0423,0.002206,0.1379,0.314,0.007,-0.0005,0.0027,0.0471,-0.0017499999999999998,102.91,14.19,
2026-07-13,ETF,沪深300ETF华泰柏瑞期权_.xls,沪深300ETF华泰柏瑞,300ETF沽12月5750,10011548,,12月,5750.0,5.75,put,1.06,1.1235,1.1416,1.0,1.0,0.0,1054.0,0.0,0.0,1.0574,1.06,1.06,1.06,0.0035570000000000003,-0.7266,0.2941,0.0106,-0.0006,-0.0203,0.938,0.0017499999999999998,4.48,-3.25,
2026-07-13,ETF,沪深300ETF华泰柏瑞期权_.xls,沪深300ETF华泰柏瑞,300ETF购12月6000,10011591,,12月,6000.0,6.0,call,0.0322,0.0322,0.0328,1.0,1.0,1041.0,5058.0,127.0,324079.0,0.03,0.0283,0.0335,0.0283,0.0023350000000000003,0.098,0.2328,0.0055,-0.0004,0.0019,0.0262,-0.002093,147.33,14.43,
2026-07-13,ETF,沪深300ETF华泰柏瑞期权_.xls,沪深300ETF华泰柏瑞,300ETF沽12月6000,10011592,,12月,6000.0,6.0,put,1.3613,1.3578,1.3796,1.0,1.0,4.0,1008.0,1.0,53790.0,1.2895,1.3333,1.3613,1.3231,0.004534,-0.7103,0.2373,0.0109,-0.0009,-0.0213,1.1621,0.002093,3.48,-2.48,
2026-07-13,ETF,上证50ETF华夏期权_.xls,上证50ETF华夏,50ETF购7月2700,10011799,,7月,2700.0,2.7,call,0.3114,0.309,0.3111,1.0,1.0,243.0,737.0,57.0,778677.0,0.357,0.3397,0.3399,0.2993,1e-06,0.9846,0.2485,0.0002,-0.0006,0.0007,0.3152,0.001152,9.67,9.52,
2026-07-13,ETF,上证50ETF华夏期权_.xls,上证50ETF华夏,50ETF沽7月2700,10011800,,7月,2700.0,2.7,put,0.0006,0.0004,0.0006,21.0,511.0,1811.0,16008.0,-299.0,8424.0,0.0004,0.0004,0.0008,0.0003,0.002966,-0.0116,0.2052,0.0002,-0.0002,-0.0,0.0009,-0.001152,5018.33,-58.22,
2026-07-13,ETF,上证50ETF华夏期权_.xls,上证50ETF华夏,50ETF购7月2750,10011781,,7月,2750.0,2.75,call,0.266,0.2596,0.2615,1.0,1.0,856.0,1191.0,-321.0,2326558.0,0.307,0.2917,0.2921,0.2488,0.0029460000000000003,0.9719,0.4391,0.0003,-0.0008,0.0007,0.2666,0.000949,11.32,11.0,
2026-07-13,ETF,上证50ETF华夏期权_.xls,上证50ETF华夏,50ETF沽7月2750,10011782,,7月,2750.0,2.75,put,0.0005,0.0005,0.0007,7.0,4.0,2550.0,12092.0,-913.0,15236.0,0.0004,0.0004,0.001,0.0003,0.00247,-0.0116,0.2472,0.0002,-0.0002,-0.0,0.0022,-0.000949,6022.0,-70.12,
2026-07-13,ETF,上证50ETF华夏期权_.xls,上证50ETF华夏,50ETF购7月2800,10011681,,7月,2800.0,2.8,call,0.2128,0.211,0.2131,1.0,1.0,1722.0,2443.0,-541.0,3888450.0,0.257,0.2438,0.2454,0.2017,1e-06,0.9274,0.8882,0.0007,-0.0014,0.0007,0.2196,0.0007539999999999999,14.15,13.12,
2026-07-13,ETF,上证50ETF华夏期权_.xls,上证50ETF华夏,50ETF沽7月2800,10011690,,7月,2800.0,2.8,put,0.0015,0.0011,0.0015,1.0,119.0,13392.0,27304.0,85.0,200827.0,0.0006,0.0006,0.0021,0.0005,0.002425,-0.0314,0.5845,0.0004,-0.0004,-0.0,0.0051,-0.0007539999999999999,2007.33,-63.01,
2026-07-13,ETF,上证50ETF华夏期权_.xls,上证50ETF华夏,50ETF购7月2850,10011682,,7月,2850.0,2.85,call,0.1669,0.1625,0.1635,1.0,1.0,2286.0,2793.0,124.0,3971117.0,0.207,0.1969,0.1969,0.1538,0.002122,0.9471,1.0198,0.0005,-0.0009,0.0007,0.1751,0.000565,18.04,17.09,
2026-07-13,ETF,上证50ETF华夏期权_.xls,上证50ETF华夏,50ETF沽7月2850,10011691,,7月,2850.0,2.85,put,0.0033,0.0031,0.0033,1.0,1.0,16290.0,43556.0,-2775.0,546916.0,0.0015,0.0016,0.0051,0.0015,0.002277,-0.0655,1.1247,0.0006,-0.0007,-0.0001,0.0106,-0.000565,912.42,-59.8,
2026-07-13,ETF,上证50ETF华夏期权_.xls,上证50ETF华夏,50ETF购7月2900,10011683,,7月,2900.0,2.9,call,0.1185,0.1185,0.1189,13.0,4.0,14314.0,8656.0,3030.0,17997602.0,0.157,0.1502,0.1532,0.1094,0.0017929999999999999,0.9069,1.8631,0.0008,-0.0011,0.0007,0.1345,0.000383,25.41,23.04,
2026-07-13,ETF,上证50ETF华夏期权_.xls,上证50ETF华夏,50ETF沽7月2900,10011692,,7月,2900.0,2.9,put,0.0079,0.0077,0.008,1.0,2.0,39054.0,27333.0,-4740.0,3049359.0,0.0038,0.0037,0.0114,0.0035,0.0022,-0.1393,2.0229,0.0011,-0.0012,-0.0001,0.02,-0.000383,381.14,-53.09,
2026-07-13,ETF,上证50ETF华夏期权_.xls,上证50ETF华夏,50ETF购7月2950,10011684,,7月,2950.0,2.95,call,0.0796,0.0784,0.0796,56.0,4.0,45302.0,19128.0,5268.0,38341712.0,0.108,0.1085,0.1085,0.0714,0.001986,0.7506,3.2057,0.0016,-0.0018,0.0006,0.099,0.000207,37.83,28.39,
2026-07-13,ETF,上证50ETF华夏期权_.xls,上证50ETF华夏,50ETF沽7月2950,10011693,,7月,2950.0,2.95,put,0.0176,0.0176,0.0177,8.0,16.0,75489.0,39540.0,207.0,11703976.0,0.0077,0.0089,0.0231,0.0079,0.00215,-0.2652,3.0575,0.0016,-0.0017,-0.0002,0.0344,-0.000207,171.08,-45.36,
2026-07-13,ETF,上证50ETF华夏期权_.xls,上证50ETF华夏,50ETF购7月3000,10011685,,7月,3000.0,3.0,call,0.0478,0.0478,0.0479,7.0,20.0,172801.0,99428.0,24288.0,89660708.0,0.0682,0.0637,0.065,0.0425,0.0020180000000000003,0.5648,3.9142,0.002,-0.0022,0.0005,0.0695,3.7000000000000005e-05,62.99,35.58,
2026-07-13,ETF,上证50ETF华夏期权_.xls,上证50ETF华夏,50ETF沽7月3000,10011694,,7月,3000.0,3.0,put,0.0375,0.0368,0.0376,70.0,1.0,150505.0,68955.0,-5566.0,47551842.0,0.0182,0.0223,0.0444,0.0189,0.002242,-0.4402,3.5303,0.002,-0.002,-0.0004,0.0548,-3.7000000000000005e-05,80.29,-35.35,
2026-07-13,ETF,上证50ETF华夏期权_.xls,上证50ETF华夏,50ETF购7月3100,10011686,,7月,3100.0,3.1,call,0.015,0.015,0.0151,115.0,3.0,153789.0,179863.0,25375.0,23085439.0,0.0209,0.0181,0.0198,0.013,0.002254,0.233,2.7224,0.0015,-0.0018,0.0002,0.0293,-0.000287,200.73,46.77,
2026-07-13,ETF,上证50ETF华夏期权_.xls,上证50ETF华夏,50ETF沽7月3100,10011695,,7月,3100.0,3.1,put,0.105,0.104,0.105,1.0,2.0,99051.0,47459.0,-2974.0,89555807.0,0.0702,0.0743,0.115,0.0722,0.00256,-0.738,2.5524,0.0016,-0.0018,-0.0006,0.1145,0.000287,28.68,-21.16,
2026-07-13,ETF,上证50ETF华夏期权_.xls,上证50ETF华夏,50ETF购7月3200,10011687,,7月,3200.0,3.2,call,0.0042,0.004,0.0042,1.0,70.0,33358.0,120789.0,3272.0,1449120.0,0.0055,0.0041,0.0052,0.0036,0.002487,0.0766,1.1606,0.0007,-0.0009,0.0001,0.0098,-0.0005909999999999999,716.9,54.92,
2026-07-13,ETF,上证50ETF华夏期权_.xls,上证50ETF华夏,50ETF沽7月3200,10011696,,7月,3200.0,3.2,put,0.1935,0.1925,0.1946,1.0,3.0,6799.0,6853.0,-1060.0,12195712.0,0.1533,0.159,0.205,0.159,0.0029820000000000003,-0.8817,1.3322,0.001,-0.0011,-0.0008,0.1949,0.0005909999999999999,15.56,-13.72,
2026-07-13,ETF,上证50ETF华夏期权_.xls,上证50ETF华夏,50ETF购7月3300,10011688,,7月,3300.0,3.3,call,0.0016,0.0016,0.0018,41.0,1.0,13352.0,83548.0,822.0,212333.0,0.0019,0.0016,0.0019,0.0013,0.002858,0.0295,0.4716,0.0003,-0.0005,0.0,0.0026,-0.0008759999999999999,1881.88,55.59,
2026-07-13,ETF,上证50ETF华夏期权_.xls,上证50ETF华夏,50ETF沽7月3300,10011697,,7月,3300.0,3.3,put,0.29,0.2906,0.2919,1.0,1.0,580.0,1948.0,17.0,1595270.0,0.2527,0.2575,0.301,0.2575,0.0035659999999999997,-0.9335,0.7263,0.0006,-0.0008,-0.0008,0.2876,0.0008759999999999999,10.38,-9.69,
2026-07-13,ETF,上证50ETF华夏期权_.xls,上证50ETF华夏,50ETF购7月3400,10011689,,7月,3400.0,3.4,call,0.0009,0.0008,0.0009,114.0,2.0,6549.0,54114.0,-2078.0,57104.0,0.0009,0.0009,0.0011,0.0006,0.0033270000000000005,0.0155,0.2352,0.0002,-0.0003,0.0,0.0006,-0.001144,3345.56,51.91,
2026-07-13,ETF,上证50ETF华夏期权_.xls,上证50ETF华夏,50ETF沽7月3400,10011698,,7月,3400.0,3.4,put,0.39,0.39,0.3925,1.0,1.0,179.0,1089.0,-63.0,673187.0,0.3509,0.3609,0.3992,0.3559,0.0044729999999999995,-0.9438,0.5076,0.0006,-0.0009,-0.0009,0.3854,0.001144,7.72,-7.29,
2026-07-13,ETF,上证50ETF华夏期权_.xls,上证50ETF华夏,50ETF购7月3500,10011819,,7月,3500.0,3.5,call,0.0007,0.0007,0.0008,103.0,17.0,5392.0,55929.0,1155.0,42727.0,0.0008,0.0008,0.001,0.0006,0.0038729999999999997,0.0108,0.148,0.0001,-0.0003,0.0,0.0001,-0.0013970000000000002,4301.43,46.57,
2026-07-13,ETF,上证50ETF华夏期权_.xls,上证50ETF华夏,50ETF沽7月3500,10011820,,7月,3500.0,3.5,put,0.4941,0.4881,0.4927,1.0,1.0,28.0,314.0,-14.0,134671.0,0.4508,0.464,0.4979,0.4587,0.006006,-0.9267,0.4647,0.0007,-0.0017,-0.0009,0.4848,0.0013970000000000002,6.09,-5.65,
2026-07-13,ETF,上证50ETF华夏期权_.xls,上证50ETF华夏,50ETF购8月2800,10011851,,8月,2800.0,2.8,call,0.2225,0.218,0.2202,1.0,1.0,1197.0,2167.0,506.0,2673677.0,0.257,0.2432,0.2497,0.2102,1e-06,0.825,0.9751,0.0027,-0.001,0.0028,0.2524,0.0007539999999999999,13.53,11.16,
2026-07-13,ETF,上证50ETF华夏期权_.xls,上证50ETF华夏,50ETF沽8月2800,10011860,,8月,2800.0,2.8,put,0.0216,0.0216,0.0218,7.0,12.0,13480.0,20939.0,2093.0,2324139.0,0.0121,0.0121,0.0252,0.0117,0.002336,-0.16,0.9852,0.0026,-0.0006,-0.0006,0.0259,-0.0007539999999999999,139.4,-22.31,
2026-07-13,ETF,上证50ETF华夏期权_.xls,上证50ETF华夏,50ETF购8月2850,10011852,,8月,2850.0,2.85,call,0.1794,0.1781,0.1798,1.0,1.0,1701.0,1682.0,961.0,3093832.0,0.2082,0.2016,0.2016,0.171,0.001083,0.9464,0.9528,0.0012,-0.0005,0.0033,0.2141,0.000565,16.78,15.88,
2026-07-13,ETF,上证50ETF华夏期权_.xls,上证50ETF华夏,50ETF沽8月2850,10011861,,8月,2850.0,2.85,put,0.0304,0.0311,0.0312,1.0,1.0,14593.0,20641.0,919.0,4083944.0,0.019,0.0194,0.0358,0.0186,0.002281,-0.2132,1.2056,0.0031,-0.0007,-0.0008,0.0373,-0.000565,99.05,-21.12,
2026-07-13,ETF,上证50ETF华夏期权_.xls,上证50ETF华夏,50ETF购8月2900,10011853,,8月,2900.0,2.9,call,0.1419,0.1429,0.1434,1.0,1.0,4037.0,2774.0,689.0,5973528.0,0.1679,0.1631,0.1649,0.1353,0.001389,0.8182,1.7985,0.0028,-0.0007,0.0029,0.1789,0.000383,21.22,17.36,
2026-07-13,ETF,上证50ETF华夏期权_.xls,上证50ETF华夏,50ETF沽8月2900,10011862,,8月,2900.0,2.9,put,0.0453,0.0451,0.0453,1.0,1.0,30192.0,19366.0,4935.0,12415924.0,0.029,0.029,0.0512,0.0288,0.0023190000000000003,-0.2843,1.383,0.0036,-0.0008,-0.0011,0.0519,-0.000383,66.47,-18.9,
2026-07-13,ETF,上证50ETF华夏期权_.xls,上证50ETF华夏,50ETF购8月2950,10011854,,8月,2950.0,2.95,call,0.1109,0.1108,0.1119,1.0,1.0,9153.0,7576.0,2601.0,10396281.0,0.1321,0.1274,0.1285,0.1048,0.001563,0.692,2.129,0.0037,-0.0009,0.0024,0.1473,0.000207,27.15,18.79,
2026-07-13,ETF,上证50ETF华夏期权_.xls,上证50ETF华夏,50ETF沽8月2950,10011863,,8月,2950.0,2.95,put,0.0638,0.0634,0.0642,1.0,1.0,20875.0,12696.0,1609.0,12085081.0,0.0436,0.0428,0.07,0.0428,0.002346,-0.3605,1.5093,0.004,-0.0009,-0.0014,0.0699,-0.000207,47.19,-17.02,
2026-07-13,ETF,上证50ETF华夏期权_.xls,上证50ETF华夏,50ETF购8月3000,10011855,,8月,3000.0,3.0,call,0.0848,0.085,0.0851,25.0,1.0,25663.0,21547.0,7365.0,22158389.0,0.0998,0.0973,0.0999,0.0788,0.001671,0.5739,2.2194,0.0041,-0.001,0.002,0.1193,3.7000000000000005e-05,35.51,20.38,
2026-07-13,ETF,上证50ETF华夏期权_.xls,上证50ETF华夏,50ETF沽8月3000,10011864,,8月,3000.0,3.0,put,0.0856,0.0854,0.0878,1.0,3.0,29294.0,24107.0,6159.0,22917460.0,0.0633,0.0623,0.0942,0.0623,0.002354,-0.4393,1.5846,0.0042,-0.0009,-0.0017,0.0917,-3.7000000000000005e-05,35.18,-15.45,
2026-07-13,ETF,上证50ETF华夏期权_.xls,上证50ETF华夏,50ETF购8月3100,10011856,,8月,3100.0,3.1,call,0.0461,0.0461,0.0463,7.0,17.0,40014.0,39951.0,11254.0,18784294.0,0.0557,0.0551,0.0552,0.0426,0.0017980000000000001,0.3662,1.9793,0.004,-0.0009,0.0013,0.0746,-0.000287,65.31,23.92,
2026-07-13,ETF,上证50ETF华夏期权_.xls,上证50ETF华夏,50ETF沽8月3100,10011865,,8月,3100.0,3.1,put,0.1465,0.1472,0.1487,1.0,1.0,19467.0,17200.0,1162.0,26896911.0,0.1166,0.119,0.1575,0.1174,0.002502,-0.5888,1.4707,0.0041,-0.0009,-0.0024,0.1464,0.000287,20.55,-12.1,
2026-07-13,ETF,上证50ETF华夏期权_.xls,上证50ETF华夏,50ETF购8月3200,10011857,,8月,3200.0,3.2,call,0.023,0.023,0.0231,30.0,3.0,21790.0,28730.0,5692.0,5086500.0,0.0281,0.0271,0.0278,0.0212,0.001882,0.2106,1.451,0.0031,-0.0007,0.0008,0.0436,-0.0005909999999999999,130.91,27.57,
2026-07-13,ETF,上证50ETF华夏期权_.xls,上证50ETF华夏,50ETF沽8月3200,10011866,,8月,3200.0,3.2,put,0.226,0.224,0.2259,1.0,2.0,4377.0,4582.0,-738.0,9460049.0,0.1893,0.1942,0.2359,0.1917,0.0028059999999999995,-0.6958,1.1793,0.0037,-0.0009,-0.0029,0.2149,0.0005909999999999999,13.32,-9.27,
2026-07-13,ETF,上证50ETF华夏期权_.xls,上证50ETF华夏,50ETF购8月3300,10011858,,8月,3300.0,3.3,call,0.0118,0.0118,0.0119,45.0,1.0,11145.0,26444.0,1590.0,1304336.0,0.0146,0.0134,0.0141,0.0107,0.002003,0.1172,0.9291,0.0021,-0.0005,0.0004,0.0238,-0.0008759999999999999,255.17,29.92,
2026-07-13,ETF,上证50ETF华夏期权_.xls,上证50ETF华夏,50ETF沽8月3300,10011867,,8月,3300.0,3.3,put,0.31,0.3114,0.3145,1.0,1.0,766.0,2031.0,130.0,2331337.0,0.2751,0.2829,0.323,0.28,0.0030219999999999995,-0.7759,0.9366,0.0032,-0.0007,-0.0033,0.2946,0.0008759999999999999,9.71,-7.54,
2026-07-13,ETF,上证50ETF华夏期权_.xls,上证50ETF华夏,50ETF购8月3400,10011859,,8月,3400.0,3.4,call,0.0062,0.0062,0.0063,5.0,21.0,8108.0,13846.0,269.0,531213.0,0.008,0.0076,0.008,0.0059,0.002128,0.065,0.5633,0.0013,-0.0003,0.0002,0.0122,-0.001144,485.65,31.55,
2026-07-13,ETF,上证50ETF华夏期权_.xls,上证50ETF华夏,50ETF沽8月3400,10011868,,8月,3400.0,3.4,put,0.4114,0.4037,0.4077,1.0,1.0,52.0,860.0,15.0,198369.0,0.367,0.379,0.4114,0.373,0.003669,-0.7984,0.7254,0.003,-0.0009,-0.0035,0.3824,0.001144,7.32,-5.84,
2026-07-13,ETF,上证50ETF华夏期权_.xls,上证50ETF华夏,50ETF购8月3500,10011941,,8月,3500.0,3.5,call,0.0043,0.0041,0.0043,10.0,6.0,3296.0,14864.0,1647.0,144958.0,0.0047,0.0045,0.005,0.004,0.0023550000000000003,0.0435,0.3706,0.001,-0.0003,0.0002,0.0058,-0.0013970000000000002,700.23,30.48,
2026-07-13,ETF,上证50ETF华夏期权_.xls,上证50ETF华夏,50ETF沽8月3500,10011942,,8月,3500.0,3.5,put,0.4982,0.5018,0.5068,1.0,1.0,123.0,3356.0,-99.0,608350.0,0.4659,0.4786,0.5002,0.4786,0.0037259999999999997,-0.8514,0.5882,0.0024,-0.0006,-0.0038,0.4755,0.0013970000000000002,6.04,-5.15,
2026-07-13,ETF,上证50ETF华夏期权_.xls,上证50ETF华夏,50ETF购9月2650,10011255,,9月,2650.0,2.65,call,0.3573,0.3538,0.357,1.0,1.0,549.0,2011.0,169.0,1993004.0,0.407,0.38,0.3835,0.3444,1e-06,0.9266,0.4743,0.0019,-0.0006,0.0048,0.3947,0.001362,8.43,7.81,
2026-07-13,ETF,上证50ETF华夏期权_.xls,上证50ETF华夏,50ETF沽9月2650,10011257,,9月,2650.0,2.65,put,0.0164,0.016,0.0162,1.0,1.0,73486.0,34808.0,641.0,10790320.0,0.0112,0.0112,0.0183,0.0108,0.002483,-0.0991,0.5214,0.0023,-0.0004,-0.0006,0.01,-0.001362,183.6,-18.19,
2026-07-13,ETF,上证50ETF华夏期权_.xls,上证50ETF华夏,50ETF购9月2700,10011256,,9月,2700.0,2.7,call,0.3098,0.3102,0.3121,1.0,1.0,351.0,1138.0,116.0,1116834.0,0.357,0.3417,0.3598,0.302,1e-06,0.896,0.615,0.0024,-0.0007,0.0047,0.3504,0.001152,9.72,8.71,
2026-07-13,ETF,上证50ETF华夏期权_.xls,上证50ETF华夏,50ETF沽9月2700,10011258,,9月,2700.0,2.7,put,0.0228,0.0229,0.0234,10.0,1.0,13176.0,27834.0,-178.0,2652723.0,0.0156,0.0159,0.0251,0.0153,0.0024679999999999997,-0.1304,0.6379,0.0029,-0.0004,-0.0008,0.0152,-0.001152,132.06,-17.22,
2026-07-13,ETF,上证50ETF华夏期权_.xls,上证50ETF华夏,50ETF购9月2750,10011233,,9月,2750.0,2.75,call,0.2677,0.2685,0.2706,1.0,1.0,92.0,1141.0,-35.0,248129.0,0.307,0.2815,0.2863,0.2634,1e-06,0.8579,0.7658,0.003,-0.0007,0.0046,0.3079,0.000949,11.25,9.65,
2026-07-13,ETF,上证50ETF华夏期权_.xls,上证50ETF华夏,50ETF沽9月2750,10011234,,9月,2750.0,2.75,put,0.0316,0.0307,0.0317,1.0,1.0,6069.0,9367.0,-423.0,1678370.0,0.0215,0.0223,0.0339,0.0214,0.0024690000000000003,-0.1691,0.7584,0.0034,-0.0005,-0.0011,0.0223,-0.000949,95.28,-16.11,
2026-07-13,ETF,上证50ETF华夏期权_.xls,上证50ETF华夏,50ETF购9月2800,10011215,,9月,2800.0,2.8,call,0.2309,0.2295,0.2309,1.0,1.0,233.0,2066.0,89.0,552877.0,0.261,0.252,0.2524,0.2227,1e-06,0.8123,0.9176,0.0036,-0.0008,0.0044,0.2678,0.0007539999999999999,13.04,10.59,
2026-07-13,ETF,上证50ETF华夏期权_.xls,上证50ETF华夏,50ETF沽9月2800,10011216,,9月,2800.0,2.8,put,0.0409,0.0416,0.0426,1.0,1.0,7651.0,12729.0,1521.0,2888192.0,0.0298,0.0299,0.0452,0.0299,0.002426,-0.2098,0.882,0.0039,-0.0006,-0.0013,0.0317,-0.0007539999999999999,73.62,-15.45,
2026-07-13,ETF,上证50ETF华夏期权_.xls,上证50ETF华夏,50ETF购9月2850,10010971,,9月,2850.0,2.85,call,0.1924,0.1941,0.1961,1.0,1.0,541.0,3159.0,218.0,1078695.0,0.2205,0.2231,0.2231,0.1877,0.00107,0.9132,1.0973,0.0021,-0.0005,0.0051,0.2302,0.000565,15.65,14.29,
2026-07-13,ETF,上证50ETF华夏期权_.xls,上证50ETF华夏,50ETF沽9月2850,10010980,,9月,2850.0,2.85,put,0.0562,0.0565,0.0567,1.0,1.0,10567.0,16975.0,1634.0,5462647.0,0.0398,0.0423,0.06,0.0404,0.002471,-0.263,0.9808,0.0044,-0.0006,-0.0017,0.0437,-0.000565,53.58,-14.09,
2026-07-13,ETF,上证50ETF华夏期权_.xls,上证50ETF华夏,50ETF购9月2900,10010972,,9月,2900.0,2.9,call,0.1621,0.1621,0.1636,1.0,1.0,2454.0,4744.0,668.0,4060333.0,0.1847,0.1827,0.1827,0.1564,0.0014169999999999999,0.7782,1.5584,0.004,-0.0007,0.0044,0.1957,0.000383,18.57,14.46,
2026-07-13,ETF,上证50ETF华夏期权_.xls,上证50ETF华夏,50ETF沽9月2900,10010981,,9月,2900.0,2.9,put,0.0732,0.0703,0.0744,1.0,1.0,12900.0,15316.0,1482.0,8638445.0,0.0539,0.0572,0.0787,0.0546,0.002486,-0.3176,1.065,0.0048,-0.0007,-0.0021,0.0587,-0.000383,41.13,-13.06,
2026-07-13,ETF,上证50ETF华夏期权_.xls,上证50ETF华夏,50ETF购9月2950,10010973,,9月,2950.0,2.95,call,0.1335,0.1337,0.135,1.0,1.0,2962.0,8346.0,760.0,4043695.0,0.1526,0.151,0.151,0.1288,0.001559,0.6763,1.7113,0.0048,-0.0008,0.0038,0.1643,0.000207,22.55,15.25,
2026-07-13,ETF,上证50ETF华夏期权_.xls,上证50ETF华夏,50ETF沽9月2950,10010982,,9月,2950.0,2.95,put,0.0945,0.0946,0.0956,1.0,1.0,8829.0,8622.0,70.0,7798361.0,0.0715,0.0758,0.101,0.073,0.0025269999999999997,-0.3755,1.1149,0.0051,-0.0007,-0.0025,0.0769,-0.000207,31.86,-11.97,
2026-07-13,ETF,上证50ETF华夏期权_.xls,上证50ETF华夏,50ETF购9月3000,10010974,,9月,3000.0,3.0,call,0.1098,0.1098,0.1099,10.0,1.0,11576.0,15411.0,1950.0,12862541.0,0.125,0.1188,0.123,0.105,0.001679,0.5817,1.7277,0.0053,-0.0008,0.0033,0.1362,3.7000000000000005e-05,27.42,15.95,
2026-07-13,ETF,上证50ETF华夏期权_.xls,上证50ETF华夏,50ETF沽9月3000,10010983,,9月,3000.0,3.0,put,0.1198,0.1196,0.1208,1.0,1.0,12418.0,11014.0,1057.0,13915033.0,0.0932,0.0916,0.127,0.0916,0.002585,-0.4336,1.1301,0.0053,-0.0008,-0.0029,0.0984,-3.7000000000000005e-05,25.13,-10.9,
2026-07-13,ETF,上证50ETF华夏期权_.xls,上证50ETF华夏,50ETF购9月3100,10010975,,9月,3100.0,3.1,call,0.0712,0.0712,0.0714,4.0,1.0,14550.0,24126.0,1760.0,10466869.0,0.0803,0.0763,0.0784,0.0676,0.0018210000000000001,0.4182,1.5923,0.0053,-0.0008,0.0024,0.0902,-0.000287,42.29,17.69,
2026-07-13,ETF,上证50ETF华夏期权_.xls,上证50ETF华夏,50ETF沽9月3100,10010984,,9月,3100.0,3.1,put,0.179,0.1804,0.1814,1.0,1.0,3194.0,11229.0,576.0,5513312.0,0.1482,0.156,0.1901,0.1526,0.0026989999999999996,-0.5424,1.0916,0.0053,-0.0008,-0.0036,0.1514,0.000287,16.82,-9.12,
2026-07-13,ETF,上证50ETF华夏期权_.xls,上证50ETF华夏,50ETF购9月3200,10010976,,9月,3200.0,3.2,call,0.0441,0.044,0.0457,2.0,1.0,12578.0,22880.0,293.0,5727062.0,0.05,0.0486,0.05,0.0429,0.001913,0.2865,1.3213,0.0046,-0.0007,0.0016,0.0566,-0.0005909999999999999,68.28,19.56,
2026-07-13,ETF,上证50ETF华夏期权_.xls,上证50ETF华夏,50ETF沽9月3200,10010985,,9月,3200.0,3.2,put,0.2558,0.254,0.2565,1.0,1.0,1954.0,10400.0,-228.0,4828001.0,0.2184,0.2299,0.2649,0.2253,0.002963,-0.6275,0.9483,0.0051,-0.0008,-0.0043,0.217,0.0005909999999999999,11.77,-7.39,
2026-07-13,ETF,上证50ETF华夏期权_.xls,上证50ETF华夏,50ETF购9月3300,10010977,,9月,3300.0,3.3,call,0.0287,0.0281,0.0291,1.0,1.0,10989.0,28546.0,-330.0,3167800.0,0.0318,0.0302,0.0314,0.0273,0.0020469999999999998,0.1957,1.0024,0.0037,-0.0006,0.0011,0.0338,-0.0008759999999999999,104.91,20.54,
2026-07-13,ETF,上证50ETF华夏期权_.xls,上证50ETF华夏,50ETF沽9月3300,10010986,,9月,3300.0,3.3,put,0.3352,0.3368,0.339,1.0,1.0,387.0,5430.0,-8.0,1276842.0,0.2981,0.3109,0.3489,0.308,0.0031430000000000004,-0.6977,0.8243,0.0047,-0.0007,-0.0049,0.2932,0.0008759999999999999,8.98,-6.27,
2026-07-13,ETF,上证50ETF华夏期权_.xls,上证50ETF华夏,50ETF购9月3400,10010978,,9月,3400.0,3.4,call,0.0191,0.0188,0.0195,5.0,1.0,4488.0,15202.0,230.0,868807.0,0.0204,0.0203,0.0208,0.0182,0.00218,0.1345,0.7379,0.0029,-0.0005,0.0008,0.0191,-0.001144,157.64,21.21,
2026-07-13,ETF,上证50ETF华夏期权_.xls,上证50ETF华夏,50ETF沽9月3400,10010987,,9月,3400.0,3.4,put,0.4259,0.4259,0.4292,2.0,1.0,605.0,2636.0,-176.0,2539859.0,0.3879,0.3966,0.4396,0.3955,0.0034649999999999998,-0.7417,0.6928,0.0044,-0.0007,-0.0053,0.3777,0.001144,7.07,-5.24,
2026-07-13,ETF,上证50ETF华夏期权_.xls,上证50ETF华夏,50ETF购9月3500,10010979,,9月,3500.0,3.5,call,0.0142,0.0141,0.0146,4.0,1.0,9165.0,28481.0,474.0,1321214.0,0.0149,0.0145,0.0155,0.0135,0.002359,0.0988,0.5476,0.0023,-0.0004,0.0006,0.0103,-0.0013970000000000002,212.04,20.95,
2026-07-13,ETF,上证50ETF华夏期权_.xls,上证50ETF华夏,50ETF沽9月3500,10010988,,9月,3500.0,3.5,put,0.5199,0.5169,0.5221,1.0,1.0,199.0,2059.0,-58.0,1039830.0,0.4815,0.509,0.5258,0.509,0.0038020000000000003,-0.7725,0.5895,0.0041,-0.0007,-0.0057,0.4679,0.0013970000000000002,5.79,-4.47,
2026-07-13,ETF,上证50ETF华夏期权_.xls,上证50ETF华夏,50ETF购9月3600,10011061,,9月,3600.0,3.6,call,0.0114,0.0111,0.0112,40.0,1.0,99462.0,76377.0,1373.0,11812458.0,0.0123,0.012,0.0125,0.011,0.0025579999999999995,0.0769,0.419,0.0019,-0.0004,0.0004,0.0053,-0.0016359999999999999,264.12,20.32,
2026-07-13,ETF,上证50ETF华夏期权_.xls,上证50ETF华夏,50ETF沽9月3600,10011062,,9月,3600.0,3.6,put,0.617,0.6126,0.6187,1.0,1.0,22.0,2750.0,7.0,134510.0,0.5782,0.5919,0.624,0.5864,0.004173,-0.7927,0.509,0.0039,-0.0007,-0.006,0.562,0.0016359999999999999,4.88,-3.87,
2026-07-13,ETF,上证50ETF华夏期权_.xls,上证50ETF华夏,50ETF购12月2700,10011801,,12月,2700.0,2.7,call,0.3322,0.3295,0.3328,1.0,1.0,137.0,722.0,99.0,464175.0,0.3585,0.3586,0.3586,0.3225,1e-06,0.8456,0.5801,0.0048,-0.0006,0.0096,0.4002,0.001152,9.06,7.66,
2026-07-13,ETF,上证50ETF华夏期权_.xls,上证50ETF华夏,50ETF沽12月2700,10011802,,12月,2700.0,2.7,put,0.058,0.057,0.058,6.0,3.0,1817.0,4791.0,614.0,963812.0,0.0462,0.0462,0.0594,0.0459,0.00247,-0.194,0.5513,0.0055,-0.0003,-0.0029,0.0351,-0.001152,51.91,-10.07,
2026-07-13,ETF,上证50ETF华夏期权_.xls,上证50ETF华夏,50ETF购12月2750,10011783,,12月,2750.0,2.75,call,0.2989,0.2931,0.2961,1.0,1.0,22.0,455.0,20.0,65395.0,0.3199,0.296,0.2989,0.2901,1e-06,0.8114,0.6594,0.0055,-0.0006,0.0094,0.3614,0.000949,10.07,8.17,
2026-07-13,ETF,上证50ETF华夏期权_.xls,上证50ETF华夏,50ETF沽12月2750,10011784,,12月,2750.0,2.75,put,0.072,0.069,0.073,1.0,2.0,307.0,3608.0,-73.0,205278.0,0.0577,0.0603,0.074,0.0587,0.00249,-0.2273,0.6001,0.0061,-0.0004,-0.0034,0.0453,-0.000949,41.82,-9.51,
2026-07-13,ETF,上证50ETF华夏期权_.xls,上证50ETF华夏,50ETF购12月2800,10011425,,12月,2800.0,2.8,call,0.2617,0.2605,0.2631,1.0,1.0,111.0,1472.0,72.0,299382.0,0.2845,0.2717,0.2798,0.2566,1e-06,0.7735,0.7347,0.0061,-0.0006,0.009,0.3245,0.0007539999999999999,11.51,8.9,
2026-07-13,ETF,上证50ETF华夏期权_.xls,上证50ETF华夏,50ETF沽12月2800,10011434,,12月,2800.0,2.8,put,0.0884,0.0882,0.0892,1.0,1.0,847.0,8821.0,135.0,712686.0,0.0717,0.075,0.0918,0.0718,0.002517,-0.2627,0.6421,0.0066,-0.0004,-0.004,0.0575,-0.0007539999999999999,34.06,-8.95,
2026-07-13,ETF,上证50ETF华夏期权_.xls,上证50ETF华夏,50ETF购12月2850,10011426,,12月,2850.0,2.85,call,0.2285,0.2301,0.2324,1.0,1.0,62.0,881.0,22.0,143407.0,0.2516,0.2453,0.2453,0.2268,0.000941,0.8893,0.9942,0.0038,-0.0004,0.011,0.2898,0.000565,13.18,11.72,
2026-07-13,ETF,上证50ETF华夏期权_.xls,上证50ETF华夏,50ETF沽12月2850,10011435,,12月,2850.0,2.85,put,0.1071,0.1071,0.1082,1.0,1.0,510.0,4078.0,318.0,494685.0,0.0882,0.092,0.1107,0.0876,0.002546,-0.2995,0.6762,0.007,-0.0004,-0.0045,0.0718,-0.000565,28.11,-8.42,
2026-07-13,ETF,上证50ETF华夏期权_.xls,上证50ETF华夏,50ETF购12月2900,10011427,,12月,2900.0,2.9,call,0.2084,0.2026,0.2047,1.0,1.0,150.0,1693.0,21.0,306577.0,0.2213,0.2108,0.2111,0.1998,0.00131,0.7587,1.1796,0.0063,-0.0005,0.0093,0.2573,0.000383,14.45,10.96,
2026-07-13,ETF,上证50ETF华夏期权_.xls,上证50ETF华夏,50ETF沽12月2900,10011436,,12月,2900.0,2.9,put,0.1279,0.1285,0.1298,1.0,1.0,271.0,2155.0,180.0,327114.0,0.1066,0.1048,0.133,0.1048,0.002575,-0.3369,0.7025,0.0074,-0.0004,-0.0051,0.0883,-0.000383,23.54,-7.93,
2026-07-13,ETF,上证50ETF华夏期权_.xls,上证50ETF华夏,50ETF购12月2950,10011428,,12月,2950.0,2.95,call,0.1787,0.1774,0.1792,1.0,1.0,55.0,1036.0,40.0,98614.0,0.1934,0.1889,0.1889,0.1739,0.001373,0.6873,1.2783,0.0071,-0.0005,0.0085,0.2272,0.000207,16.85,11.58,
2026-07-13,ETF,上证50ETF华夏期权_.xls,上证50ETF华夏,50ETF沽12月2950,10011437,,12月,2950.0,2.95,put,0.1571,0.1525,0.154,1.0,1.0,332.0,1538.0,42.0,494746.0,0.1283,0.1358,0.1586,0.1352,0.002687,-0.376,0.6998,0.0077,-0.0005,-0.0058,0.1071,-0.000207,19.17,-7.21,
2026-07-13,ETF,上证50ETF华夏期权_.xls,上证50ETF华夏,50ETF购12月3000,10011429,,12月,3000.0,3.0,call,0.1517,0.1551,0.1567,1.0,1.0,1064.0,5484.0,503.0,1663372.0,0.1685,0.1685,0.17,0.1511,0.001416,0.6175,1.3347,0.0077,-0.0005,0.0077,0.1994,3.7000000000000005e-05,19.85,12.26,
2026-07-13,ETF,上证50ETF华夏期权_.xls,上证50ETF华夏,50ETF沽12月3000,10011438,,12月,3000.0,3.0,put,0.1789,0.1791,0.1809,1.0,1.0,619.0,2420.0,65.0,1111395.0,0.1526,0.15,0.1877,0.15,0.0026750000000000003,-0.4118,0.7209,0.0079,-0.0005,-0.0064,0.1284,-3.7000000000000005e-05,16.83,-6.93,
2026-07-13,ETF,上证50ETF华夏期权_.xls,上证50ETF华夏,50ETF购12月3100,10011430,,12月,3100.0,3.1,call,0.1215,0.1165,0.1177,1.0,1.0,922.0,4849.0,539.0,1083001.0,0.1258,0.1192,0.1236,0.114,0.001664,0.4904,1.1872,0.008,-0.0006,0.0061,0.1509,-0.000287,24.78,12.15,
2026-07-13,ETF,上证50ETF华夏期权_.xls,上证50ETF华夏,50ETF沽12月3100,10011439,,12月,3100.0,3.1,put,0.239,0.2401,0.2425,1.0,1.0,249.0,1711.0,141.0,590145.0,0.2097,0.216,0.249,0.2139,0.002789,-0.4817,0.7079,0.008,-0.0005,-0.0076,0.1779,0.000287,12.6,-6.07,
2026-07-13,ETF,上证50ETF华夏期权_.xls,上证50ETF华夏,50ETF购12月3200,10011431,,12月,3200.0,3.2,call,0.0881,0.0873,0.0883,1.0,1.0,1065.0,6102.0,937.0,935158.0,0.093,0.09,0.095,0.0854,0.0017280000000000002,0.3847,1.0958,0.0077,-0.0005,0.0048,0.1116,-0.0005909999999999999,34.18,13.15,
2026-07-13,ETF,上证50ETF华夏期权_.xls,上证50ETF华夏,50ETF沽12月3200,10011440,,12月,3200.0,3.2,put,0.3114,0.3096,0.3127,1.0,1.0,51.0,2699.0,-33.0,157390.0,0.2766,0.2831,0.3154,0.2831,0.002972,-0.5416,0.6614,0.008,-0.0005,-0.0087,0.2366,0.0005909999999999999,9.67,-5.24,
2026-07-13,ETF,上证50ETF华夏期权_.xls,上证50ETF华夏,50ETF购12月3300,10011432,,12月,3300.0,3.3,call,0.0666,0.0658,0.0668,1.0,1.0,1125.0,4309.0,20.0,745918.0,0.069,0.0686,0.0697,0.0646,0.001833,0.3016,0.942,0.007,-0.0005,0.0038,0.0807,-0.0008759999999999999,45.21,13.63,
2026-07-13,ETF,上证50ETF华夏期权_.xls,上证50ETF华夏,50ETF沽12月3300,10011441,,12月,3300.0,3.3,put,0.3891,0.3858,0.3897,1.0,1.0,68.0,2078.0,-21.0,261715.0,0.351,0.3599,0.3933,0.3599,0.003154,-0.5918,0.6101,0.0078,-0.0005,-0.0098,0.3036,0.0008759999999999999,7.74,-4.58,
2026-07-13,ETF,上证50ETF华夏期权_.xls,上证50ETF华夏,50ETF购12月3400,10011433,,12月,3400.0,3.4,call,0.0496,0.0496,0.0506,1.0,1.0,294.0,3086.0,-68.0,146057.0,0.0518,0.05,0.053,0.0481,0.001912,0.2339,0.7941,0.0062,-0.0004,0.0029,0.057,-0.001144,60.71,14.2,
2026-07-13,ETF,上证50ETF华夏期权_.xls,上证50ETF华夏,50ETF沽12月3400,10011442,,12月,3400.0,3.4,put,0.467,0.4684,0.4724,1.0,1.0,20.0,1343.0,-2.0,93186.0,0.4315,0.4446,0.479,0.4446,0.003281,-0.637,0.5665,0.0076,-0.0005,-0.0107,0.378,0.001144,6.45,-4.11,
2026-07-13,ETF,上证50ETF华夏期权_.xls,上证50ETF华夏,50ETF购12月3500,10011531,,12月,3500.0,3.5,call,0.038,0.0388,0.039,5.0,2.0,988.0,6862.0,-10.0,382881.0,0.039,0.0375,0.0414,0.0366,0.002003,0.1833,0.6563,0.0054,-0.0004,0.0023,0.0394,-0.0013970000000000002,79.24,14.52,
2026-07-13,ETF,上证50ETF华夏期权_.xls,上证50ETF华夏,50ETF沽12月3500,10011532,,12月,3500.0,3.5,put,0.5569,0.5507,0.5563,1.0,1.0,7.0,905.0,-1.0,38544.0,0.5187,0.5329,0.5615,0.5329,0.0035240000000000007,-0.6676,0.5106,0.0073,-0.0005,-0.0115,0.4584,0.0013970000000000002,5.41,-3.61,
