market_type,underlying,commodity,exchange,contract_month,expiry,expiry_month,expiry_source,expiry_confidence,days_to_expiry,business_days_to_expiry_estimate,underlying_price,call_wall,put_wall,call_oi_wall,put_oi_wall,max_gamma_strike,net_gamma_strike,gex_flip,price_wall,net_gex,total_abs_gex,call_gex_total,put_gex_abs_total,gex_ratio,call_gex_share,put_gex_share,total_oi,total_volume,total_amount,gamma_regime,adjusted_call_wall,adjusted_put_wall,adjusted_price_wall,adjusted_max_gamma_strike,adjusted_net_gex,adjusted_total_abs_gex,avg_liquidity_score,avg_pricing_quality_score,adjusted_call_wall_shift,adjusted_put_wall_shift,adjusted_price_wall_shift,adjusted_wall_available,zero_gamma,zero_gamma_status,zero_gamma_confidence,zero_gamma_reason,zero_gamma_total_contracts,zero_gamma_valid_contracts,zero_gamma_coverage,zero_gamma_bracket_low,zero_gamma_bracket_high,zero_gamma_residual_ratio,zero_gamma_method,month_total_abs_gex,month_net_gex,month_total_oi,month_total_volume,month_rank,month_count,expiry_role,expiry_gex_share,near_gex_ratio,next_gex_ratio,front_month_concentration,next_month_concentration,days_to_near_expiry,roll_progress,roll_shift_score,expiry_pressure,expiry_structure_state,roll_state,expiry_date_quality,asset_class,option_product,futures_code,futures_price,futures_volume,futures_open_interest,futures_oi_change,futures_amount,futures_pct_change,volume_wall,amount_wall,price_wall_distance,call_oi_wall_distance,put_oi_wall_distance,volume_wall_distance,amount_wall_distance,call_oi_total,put_oi_total,oi_bias,oi_wall_width,oi_wall_width_ratio,nearest_wall_type,nearest_wall,nearest_wall_distance,commodity_price_state
ETF,上证50ETF华夏,,,12月,2026-12-23,202612,rule_fourth_wednesday,medium,126.0,90.0,2.999,3.0,2.7,3.5,2.7,3.0,3.0,3.0,3.0,50840324.875772834,147110211.8668816,98975268.37132722,48134943.495554395,2.056204104206922,0.672796722370904,0.327203277629096,157171.0,119768.0,,Positive Gamma,3.0,2.7,3.0,3.0,18744069.917132504,66870004.03087136,0.44732429400106377,0.4270212577905263,0.0,0.0,0.0,True,2.857261284243052,available,medium,,24.0,19.0,0.7916666666666666,2.8569450000000005,2.8681875000000003,4.0196656568172174e-16,bs_spot_repricing_constant_iv,147110211.8668816,50840324.875772834,157171.0,119768.0,3.0,4.0,deferred,0.052312061254220506,0.5561671607042926,0.38588622345015106,0.5561671607042926,0.38588622345015106,7.0,0.4096224587065307,-0.17028093725414156,0.026156030627110253,low_expiry_influence,expiry_week_concentrated,rule_estimate,,,,,,,,,,,,,,,,,,,,,,,,,
ETF,上证50ETF华夏,,,3月,2027-03-24,202703,rule_fourth_wednesday,medium,217.0,155.0,2.999,3.1,2.8,3.1,2.8,3.1,3.1,3.1,3.1,4707110.61652114,15845304.119803663,10276207.3681624,5569096.75164126,1.845219759404236,0.6485332998638419,0.35146670013615783,18731.0,6321.0,,Positive Gamma,3.1,2.8,3.1,2.8,1274803.7053573232,5860590.824832091,0.3555306055651494,0.33078962071749396,0.0,0.0,0.0,True,2.833275517355355,available,medium,,20.0,17.0,0.85,2.825330833333333,2.8361566666666667,3.9472771407194565e-16,bs_spot_repricing_constant_iv,15845304.119803661,4707110.616521141,18731.0,6321.0,4.0,4.0,far,0.005634554591335811,0.5561671607042926,0.38588622345015106,0.5561671607042926,0.38588622345015106,7.0,0.4096224587065307,-0.17028093725414156,0.0028172772956679055,low_expiry_influence,expiry_week_concentrated,rule_estimate,,,,,,,,,,,,,,,,,,,,,,,,,
ETF,上证50ETF华夏,,,8月,2026-08-26,202608,rule_fourth_wednesday,medium,7.0,5.0,2.999,3.0,3.0,3.1,3.0,3.0,3.0,3.0,3.0,440430052.6096333,1564034505.2931643,1002232278.9513988,561802226.3417655,1.7839592510651658,0.6407993401421406,0.35920065985785954,709621.0,628351.0,,Positive Gamma,3.0,3.0,3.0,3.0,238690239.2127559,980797798.2246138,0.5058411934749649,0.6545321585192713,0.0,0.0,0.0,True,2.947118970143869,available,medium,,22.0,18.0,0.8181818181818182,2.9452333333333334,2.9562675,1.5221175006165193e-12,bs_spot_repricing_constant_iv,1564034505.2931643,440430052.60963327,709621.0,628351.0,1.0,4.0,near,0.5561671607042926,0.5561671607042926,0.38588622345015106,0.5561671607042926,0.38588622345015106,7.0,0.4096224587065307,-0.17028093725414156,0.5561671607042926,near_month_pressure,expiry_week_concentrated,rule_estimate,,,,,,,,,,,,,,,,,,,,,,,,,
ETF,上证50ETF华夏,,,9月,2026-09-23,202609,rule_fourth_wednesday,medium,35.0,25.0,2.999,3.0,2.9,3.6,2.9,3.0,2.9,3.1,3.0,136887968.50471923,1085176204.6306775,611032086.5676984,474144118.06297916,1.2887054026188232,0.5630717702436661,0.436928229756334,776749.0,445767.0,,Positive Gamma,3.0,2.9,3.0,3.0,71088038.75895363,729063092.6555508,0.5046891861246474,0.3277074488140835,0.0,0.0,0.0,True,2.966424812133656,available,medium,,28.0,22.0,0.7857142857142857,2.9608208333333335,2.972271666666667,8.447940331933681e-16,bs_spot_repricing_constant_iv,1085176204.6306777,136887968.50471923,776749.0,445767.0,2.0,4.0,next,0.38588622345015106,0.5561671607042926,0.38588622345015106,0.5561671607042926,0.38588622345015106,7.0,0.4096224587065307,-0.17028093725414156,0.19294311172507553,normal_expiry_structure,expiry_week_concentrated,rule_estimate,,,,,,,,,,,,,,,,,,,,,,,,,
ETF,中证500ETF南方,,,12月,2026-12-23,202612,rule_fourth_wednesday,medium,126.0,90.0,7.804,8.25,7.25,9.823,6.25,8.0,8.25,8.25,8.0,70396036.25309584,253155560.45089358,161775798.35199475,91379762.09889889,1.7703679090005437,0.6390371124531375,0.3609628875468626,172473.0,145300.0,,Positive Gamma,8.0,6.25,8.0,8.0,25028750.235814676,96445783.38594855,0.4043402255266478,0.41888177786076447,-0.25,-1.0,0.0,True,7.073411842913071,available,medium,,54.0,44.0,0.8148148148148148,7.06932,7.0992,1.748795367491412e-14,bs_spot_repricing_constant_iv,253155560.4508936,70396036.25309585,172473.0,145300.0,3.0,4.0,deferred,0.06079251255025373,0.6253706300997542,0.2986442579538946,0.6253706300997542,0.2986442579538946,7.0,0.3232028637362769,-0.32672637214585964,0.030396256275126866,low_expiry_influence,expiry_week_concentrated,rule_estimate,,,,,,,,,,,,,,,,,,,,,,,,,
ETF,中证500ETF南方,,,3月,2027-03-24,202703,rule_fourth_wednesday,medium,217.0,155.0,7.804,8.0,8.75,8.75,6.25,8.0,8.0,7.5,8.0,23924455.64160992,63265867.02014689,43595161.3308784,19670705.68926848,2.2162479587431427,0.6890786988977106,0.3109213011022892,46955.0,12736.0,,Positive Gamma,8.0,8.75,8.0,8.0,8434919.858827097,22162876.000297602,0.37934883849909984,0.3333958022030106,0.0,0.0,0.0,True,7.019536577954529,available,medium,,26.0,21.0,0.8076923076923077,7.014928888888889,7.045277777777779,2.100572354675534e-15,bs_spot_repricing_constant_iv,63265867.020146884,23924455.641609922,46955.0,12736.0,4.0,4.0,far,0.015192599396097472,0.6253706300997542,0.2986442579538946,0.6253706300997542,0.2986442579538946,7.0,0.3232028637362769,-0.32672637214585964,0.007596299698048736,low_expiry_influence,expiry_week_concentrated,rule_estimate,,,,,,,,,,,,,,,,,,,,,,,,,
ETF,中证500ETF南方,,,8月,2026-08-26,202608,rule_fourth_wednesday,medium,7.0,5.0,7.804,8.0,7.75,8.0,7.75,8.0,8.0,8.25,8.0,165173542.9225864,2604203144.615232,1384688343.7689097,1219514800.846323,1.1354420157983807,0.5317128760220032,0.4682871239779971,725164.0,1704910.0,,Positive Gamma,8.0,7.75,8.0,8.0,9211109.069323892,2117303431.724426,0.5664993820992037,0.5792302579575825,0.0,0.0,0.0,True,7.743916590079616,available,medium,,52.0,44.0,0.8461538461538461,7.743302222222223,7.7736511111111115,8.948897595856194e-15,bs_spot_repricing_constant_iv,2604203144.6152325,165173542.92258644,725164.0,1704910.0,1.0,4.0,near,0.6253706300997542,0.6253706300997542,0.2986442579538946,0.6253706300997542,0.2986442579538946,7.0,0.3232028637362769,-0.32672637214585964,0.6253706300997542,near_month_pressure,expiry_week_concentrated,rule_estimate,,,,,,,,,,,,,,,,,,,,,,,,,
ETF,中证500ETF南方,,,9月,2026-09-23,202609,rule_fourth_wednesday,medium,35.0,25.0,7.804,8.0,8.0,8.0,6.385,8.0,8.25,8.75,8.0,60418277.11620125,1243631021.7522647,652024649.4342331,591606372.3180315,1.1021258051691882,0.5242910783260587,0.4757089216739412,656648.0,416878.0,,Positive Gamma,8.0,8.0,8.0,8.0,86381459.0691408,884374749.5955096,0.5940793418930074,0.38048775179892147,0.0,0.0,0.0,True,7.719393929054559,available,medium,,58.0,46.0,0.7931034482758621,7.712953333333334,7.743302222222223,2.4420573756250594e-16,bs_spot_repricing_constant_iv,1243631021.7522647,60418277.11620124,656648.0,416878.0,2.0,4.0,next,0.2986442579538946,0.6253706300997542,0.2986442579538946,0.6253706300997542,0.2986442579538946,7.0,0.3232028637362769,-0.32672637214585964,0.1493221289769473,normal_expiry_structure,expiry_week_concentrated,rule_estimate,,,,,,,,,,,,,,,,,,,,,,,,,
ETF,中证500ETF嘉实,,,12月,2026-12-23,202612,rule_fourth_wednesday,medium,126.0,90.0,3.164,3.1,2.85,4.1,2.85,3.0,3.1,3.1,3.1,13465794.56018272,42878160.1925936,28171977.376388162,14706182.816205442,1.915655321878912,0.6570239312939166,0.34297606870608366,72262.0,35701.0,,Positive Gamma,4.1,2.85,3.1,3.0,4360979.71647498,13180241.903773163,0.36078334223951164,0.41758708713520293,0.9999999999999996,0.0,0.0,True,2.8685921807711785,available,medium,,34.0,29.0,0.8529411764705882,2.8601583333333336,2.8724300000000005,6.1219878480750235e-15,bs_spot_repricing_constant_iv,42878160.192593604,13465794.56018272,72262.0,35701.0,3.0,4.0,deferred,0.11345275394734826,0.542340805527728,0.3118171895763906,0.542340805527728,0.3118171895763906,7.0,0.365057976818892,-0.2305236159513374,0.05672637697367413,normal_expiry_structure,expiry_week_concentrated,rule_estimate,,,,,,,,,,,,,,,,,,,,,,,,,
ETF,中证500ETF嘉实,,,3月,2027-03-24,202703,rule_fourth_wednesday,medium,217.0,155.0,3.164,3.1,3.1,3.1,3.1,3.1,3.1,3.1,3.1,4078678.3909233604,12241143.933216799,8159911.162070082,4081232.77114672,1.9993741155267064,0.666597109435815,0.3334028905641852,20655.0,4151.0,,Positive Gamma,3.1,3.1,3.1,3.1,1080215.6903760512,3766771.994399075,0.37144930907189644,0.40393364090825884,0.0,0.0,0.0,True,2.869416670013958,available,medium,,26.0,20.0,0.7692307692307693,2.8601583333333336,2.8724300000000005,2.190821460636067e-16,bs_spot_repricing_constant_iv,12241143.9332168,4078678.3909233604,20655.0,4151.0,4.0,4.0,far,0.03238925094853319,0.542340805527728,0.3118171895763906,0.542340805527728,0.3118171895763906,7.0,0.365057976818892,-0.2305236159513374,0.016194625474266595,low_expiry_influence,expiry_week_concentrated,rule_estimate,,,,,,,,,,,,,,,,,,,,,,,,,
ETF,中证500ETF嘉实,,,8月,2026-08-26,202608,rule_fourth_wednesday,medium,7.0,5.0,3.164,3.2,3.1,3.3,3.1,3.2,3.3,3.4,3.2,5989531.490311055,204971454.01327392,105480492.75179249,99490961.26148143,1.0602017652092979,0.5146106479049595,0.4853893520950406,160778.0,212224.0,,Positive Gamma,3.3,3.2,3.2,3.2,-2713878.3433230985,158739396.9675737,0.5318807465972339,0.5840138188595286,0.09999999999999964,0.10000000000000009,0.0,True,3.157326432462361,available,medium,,34.0,28.0,0.8235294117647058,3.154678333333334,3.1669500000000004,1.530656874331506e-16,bs_spot_repricing_constant_iv,204971454.01327395,5989531.490311054,160778.0,212224.0,1.0,4.0,near,0.542340805527728,0.542340805527728,0.3118171895763906,0.542340805527728,0.3118171895763906,7.0,0.365057976818892,-0.2305236159513374,0.542340805527728,near_month_pressure,expiry_week_concentrated,rule_estimate,,,,,,,,,,,,,,,,,,,,,,,,,
ETF,中证500ETF嘉实,,,9月,2026-09-23,202609,rule_fourth_wednesday,medium,35.0,25.0,3.164,3.3,2.8,4.1,2.8,3.3,3.3,3.3,3.3,30294701.078719847,117847711.4065093,74071206.24261457,43776505.16389472,1.692031055592483,0.6285332600741813,0.37146673992581863,168416.0,66937.0,,Positive Gamma,3.3,3.2,3.3,3.3,12037006.106420588,69502272.13788623,0.5334099534997555,0.36264112322905045,0.0,0.40000000000000036,0.0,True,3.020619082309456,available,medium,,34.0,31.0,0.9117647058823529,3.01969,3.031961666666667,1.61372470837867e-14,bs_spot_repricing_constant_iv,117847711.40650928,30294701.078719843,168416.0,66937.0,2.0,4.0,next,0.3118171895763906,0.542340805527728,0.3118171895763906,0.542340805527728,0.3118171895763906,7.0,0.365057976818892,-0.2305236159513374,0.1559085947881953,normal_expiry_structure,expiry_week_concentrated,rule_estimate,,,,,,,,,,,,,,,,,,,,,,,,,
ETF,创业板ETF易方达,,,12月,2026-12-23,202612,rule_fourth_wednesday,medium,126.0,90.0,3.498,4.8,3.3,4.8,2.95,3.5,4.8,4.2,3.5,18690326.886064682,87855802.43270293,53273064.6593838,34582737.77331912,1.5404524942060671,0.6063693368481915,0.39363066315180845,180533.0,118201.0,,Positive Gamma,4.8,2.95,3.5,4.8,8094704.037623566,42278053.38362351,0.44276666425804667,0.3374148178234918,0.0,-0.34999999999999964,0.0,True,3.240543236694239,available,medium,,40.0,39.0,0.975,3.239536666666667,3.25314,5.955220898188489e-16,bs_spot_repricing_constant_iv,87855802.43270293,18690326.886064682,180533.0,118201.0,3.0,4.0,deferred,0.04613330961000729,0.6561898516236868,0.29138146258667696,0.6561898516236868,0.29138146258667696,7.0,0.3075034651397112,-0.36480838903700985,0.023066654805003646,low_expiry_influence,expiry_week_concentrated,rule_estimate,,,,,,,,,,,,,,,,,,,,,,,,,
ETF,创业板ETF易方达,,,3月,2027-03-24,202703,rule_fourth_wednesday,medium,217.0,155.0,3.498,4.0,2.95,4.0,2.95,4.0,4.0,3.7,3.5,2939899.897305361,11988849.934084322,7464374.915694842,4524475.01838948,1.6497770206170441,0.6226097546248878,0.37739024537511223,23476.0,8204.0,,Positive Gamma,4.0,2.95,3.5,2.95,-174494.56455453584,4151925.4310573107,0.38301090698314144,0.4698361541081201,0.0,0.0,0.0,True,2.8861463175171935,available,medium,,28.0,27.0,0.9642857142857143,2.8858500000000005,2.8994533333333337,1.1888899919097812e-13,bs_spot_repricing_constant_iv,11988849.93408432,2939899.897305361,23476.0,8204.0,4.0,4.0,far,0.006295376179628977,0.6561898516236868,0.29138146258667696,0.6561898516236868,0.29138146258667696,7.0,0.3075034651397112,-0.36480838903700985,0.0031476880898144884,low_expiry_influence,expiry_week_concentrated,rule_estimate,,,,,,,,,,,,,,,,,,,,,,,,,
ETF,创业板ETF易方达,,,8月,2026-08-26,202608,rule_fourth_wednesday,medium,7.0,5.0,3.498,3.6,3.5,3.8,3.6,3.6,3.7,4.0,3.6,7211181.525284879,1249641234.282696,628426207.9039903,621215026.3787054,1.0116081891439774,0.502885300727702,0.49711469927229773,1180008.0,2410077.0,,Positive Gamma,3.6,3.6,3.6,3.6,-38191106.39852062,1008066228.4076738,0.5911222462237039,0.5355364831470125,0.0,0.10000000000000009,0.0,True,3.501980339252278,available,medium,,40.0,36.0,0.9,3.498,3.511603333333334,3.866322733993105e-13,bs_spot_repricing_constant_iv,1249641234.282696,7211181.52528487,1180008.0,2410077.0,1.0,4.0,near,0.6561898516236868,0.6561898516236868,0.29138146258667696,0.6561898516236868,0.29138146258667696,7.0,0.3075034651397112,-0.36480838903700985,0.6561898516236868,front_month_concentrated,expiry_week_concentrated,rule_estimate,,,,,,,,,,,,,,,,,,,,,,,,,
ETF,创业板ETF易方达,,,9月,2026-09-23,202609,rule_fourth_wednesday,medium,35.0,25.0,3.498,3.7,3.6,3.9,2.85,3.6,2.9,,3.6,-14457342.482284678,554903873.7080772,270223265.6128962,284680608.095181,0.9492155697607226,0.48697311086902734,0.5130268891309727,823469.0,670850.0,,Negative Gamma,3.7,3.5,3.6,3.6,-21606707.88344035,407599603.9192169,0.591009419065074,0.34152583443233187,0.0,-0.10000000000000009,0.0,True,3.532221956065744,available,medium,,44.0,42.0,0.9545454545454546,3.525206666666667,3.5388100000000007,7.21342238048629e-17,bs_spot_repricing_constant_iv,554903873.7080772,-14457342.482284686,823469.0,670850.0,2.0,4.0,next,0.29138146258667696,0.6561898516236868,0.29138146258667696,0.6561898516236868,0.29138146258667696,7.0,0.3075034651397112,-0.36480838903700985,0.14569073129333848,normal_expiry_structure,expiry_week_concentrated,rule_estimate,,,,,,,,,,,,,,,,,,,,,,,,,
ETF,沪深300ETF华泰柏瑞,,,12月,2026-12-23,202612,rule_fourth_wednesday,medium,126.0,90.0,4.654,5.0,4.3,6.0,4.3,5.0,5.0,4.8,4.8,71117492.4538499,188160234.09328914,129638863.27356952,58521370.8197196,2.215239688641844,0.6889811967883451,0.3110188032116548,156086.0,166155.0,,Positive Gamma,5.0,4.4,4.8,5.0,35854158.19995038,111786939.08346865,0.6016537032105849,0.4187344837849587,0.0,0.10000000000000053,0.0,True,4.34603111240034,available,medium,,26.0,23.0,0.8846153846153846,4.33354,4.350945,2.3299059055599407e-13,bs_spot_repricing_constant_iv,188160234.0932891,71117492.45384991,156086.0,166155.0,3.0,4.0,deferred,0.06537553624023863,0.5745928283982831,0.34774260378418365,0.5745928283982831,0.34774260378418365,7.0,0.377024010626309,-0.22685022461409943,0.032687768120119316,low_expiry_influence,expiry_week_concentrated,rule_estimate,,,,,,,,,,,,,,,,,,,,,,,,,
ETF,沪深300ETF华泰柏瑞,,,3月,2027-03-24,202703,rule_fourth_wednesday,medium,217.0,155.0,4.654,4.7,4.2,4.7,4.2,4.7,4.7,4.7,4.7,14786605.101533204,35369607.522092484,25078106.311812844,10291501.21027964,2.4367782502676714,0.7090298159556511,0.290970184044349,27550.0,5351.0,,Positive Gamma,4.7,4.2,4.7,4.7,7565263.657274168,18076667.56771724,0.5227503731858395,0.3252086547528799,0.0,0.0,0.0,True,4.282426955674941,available,medium,,22.0,18.0,0.8181818181818182,4.281325000000001,4.298730000000001,1.3977569926007898e-14,bs_spot_repricing_constant_iv,35369607.522092484,14786605.1015332,27550.0,5351.0,4.0,4.0,far,0.012289031577294603,0.5745928283982831,0.34774260378418365,0.5745928283982831,0.34774260378418365,7.0,0.377024010626309,-0.22685022461409943,0.006144515788647302,low_expiry_influence,expiry_week_concentrated,rule_estimate,,,,,,,,,,,,,,,,,,,,,,,,,
ETF,沪深300ETF华泰柏瑞,,,8月,2026-08-26,202608,rule_fourth_wednesday,medium,7.0,5.0,4.654,4.7,4.7,4.8,4.7,4.7,4.7,4.7,4.7,349472504.67715347,1653761136.3132641,1001616820.4952089,652144315.8180553,1.5358821601301123,0.6056599097062572,0.3943400902937428,505071.0,756045.0,,Positive Gamma,4.7,4.6,4.7,4.7,170965883.60802418,1229384477.6558986,0.5830232987525412,0.6052193404746791,0.0,-0.10000000000000053,0.0,True,4.582785488965088,available,medium,,26.0,22.0,0.8461538461538461,4.577210000000001,4.594615,9.002201631404674e-17,bs_spot_repricing_constant_iv,1653761136.3132644,349472504.6771535,505071.0,756045.0,1.0,4.0,near,0.5745928283982831,0.5745928283982831,0.34774260378418365,0.5745928283982831,0.34774260378418365,7.0,0.377024010626309,-0.22685022461409943,0.5745928283982831,near_month_pressure,expiry_week_concentrated,rule_estimate,,,,,,,,,,,,,,,,,,,,,,,,,
ETF,沪深300ETF华泰柏瑞,,,9月,2026-09-23,202609,rule_fourth_wednesday,medium,35.0,25.0,4.654,4.8,4.6,5.0,4.5,4.7,4.8,4.9,4.7,104832772.23791999,1000853430.7358981,552843101.486909,448010329.24898905,1.2339963286419173,0.552371690508589,0.44762830949141097,573219.0,348846.0,,Positive Gamma,4.8,4.6,4.7,4.7,75189525.92556892,763526888.3515166,0.5825800231774932,0.36483155347508156,0.0,0.0,0.0,True,4.610149372240181,available,medium,,30.0,25.0,0.8333333333333334,4.599703333333333,4.617802222222222,6.448264195418363e-14,bs_spot_repricing_constant_iv,1000853430.735898,104832772.23791994,573219.0,348846.0,2.0,4.0,next,0.34774260378418365,0.5745928283982831,0.34774260378418365,0.5745928283982831,0.34774260378418365,7.0,0.377024010626309,-0.22685022461409943,0.17387130189209182,normal_expiry_structure,expiry_week_concentrated,rule_estimate,,,,,,,,,,,,,,,,,,,,,,,,,
ETF,沪深300ETF嘉实,,,12月,2026-12-23,202612,rule_fourth_wednesday,medium,126.0,90.0,4.85,5.25,4.4,6.25,4.4,5.25,5.25,4.8,5.0,15663660.50655,37377986.872449994,26520823.6895,10857163.18295,2.442702872067732,0.7095305528358342,0.2904694471641659,34199.0,9958.0,,Positive Gamma,5.25,4.4,5.0,5.25,6549224.409609239,18061776.436089043,0.47667784298420707,0.4151749059398193,0.0,0.0,0.0,True,4.47435454350463,available,medium,,24.0,21.0,0.875,4.472708333333333,4.49075,9.432831118018682e-14,bs_spot_repricing_constant_iv,37377986.872449994,15663660.50655,34199.0,9958.0,3.0,4.0,deferred,0.08076193404038046,0.5644807700047894,0.3352502429448116,0.5644807700047894,0.3352502429448116,7.0,0.372611634054667,-0.22923052705997776,0.04038096702019023,low_expiry_influence,expiry_week_concentrated,rule_estimate,,,,,,,,,,,,,,,,,,,,,,,,,
ETF,沪深300ETF嘉实,,,3月,2027-03-24,202703,rule_fourth_wednesday,medium,217.0,155.0,4.85,4.9,4.4,6.0,4.4,4.9,5.5,4.9,4.9,3526649.6246249992,9028193.541824998,6277421.583225,2750771.9586,2.2820581559293927,0.6953131381315131,0.30468686186848704,8565.0,2359.0,,Positive Gamma,5.5,4.4,4.9,5.5,2032752.116328807,5100543.338443883,0.5522850488544822,0.30063171907888686,0.5999999999999996,0.0,0.0,True,4.4835089790288185,available,medium,,22.0,19.0,0.8636363636363636,4.472708333333333,4.49075,3.9952060944126443e-16,bs_spot_repricing_constant_iv,9028193.541825,3526649.6246249997,8565.0,2359.0,4.0,4.0,far,0.019507053010018552,0.5644807700047894,0.3352502429448116,0.5644807700047894,0.3352502429448116,7.0,0.372611634054667,-0.22923052705997776,0.009753526505009276,low_expiry_influence,expiry_week_concentrated,rule_estimate,,,,,,,,,,,,,,,,,,,,,,,,,
ETF,沪深300ETF嘉实,,,8月,2026-08-26,202608,rule_fourth_wednesday,medium,7.0,5.0,4.85,5.0,4.8,5.25,4.8,4.9,5.0,5.0,5.0,39720833.9883,261251232.54774994,150486033.26802498,110765199.279725,1.3586039139241695,0.5760203762503591,0.42397962374964104,106473.0,83730.0,,Positive Gamma,5.0,4.8,4.9,4.9,14975507.694731329,188326329.71886262,0.5317072504426003,0.6936277489538011,0.0,0.0,-0.09999999999999964,True,4.803872051706245,available,medium,,24.0,19.0,0.7916666666666666,4.797458333333333,4.8155,1.7606313933167613e-15,bs_spot_repricing_constant_iv,261251232.54774997,39720833.988299996,106473.0,83730.0,1.0,4.0,near,0.5644807700047894,0.5644807700047894,0.3352502429448116,0.5644807700047894,0.3352502429448116,7.0,0.372611634054667,-0.22923052705997776,0.5644807700047894,near_month_pressure,expiry_week_concentrated,rule_estimate,,,,,,,,,,,,,,,,,,,,,,,,,
ETF,沪深300ETF嘉实,,,9月,2026-09-23,202609,rule_fourth_wednesday,medium,35.0,25.0,4.85,5.0,4.6,6.25,4.2,5.0,5.0,5.0,5.0,34508671.15807499,155159473.688575,94834072.42332499,60325401.26525,1.5720421320753561,0.6112038805549777,0.3887961194450223,117062.0,48593.0,,Positive Gamma,5.0,4.8,5.0,5.0,9595546.140299017,91000476.17147799,0.5562037083747259,0.34321183242422604,0.0,0.20000000000000018,0.0,True,4.745670863320265,available,medium,,28.0,22.0,0.7857142857142857,4.736833333333333,4.755694444444444,6.907851043961421e-14,bs_spot_repricing_constant_iv,155159473.68857497,34508671.15807498,117062.0,48593.0,2.0,4.0,next,0.3352502429448116,0.5644807700047894,0.3352502429448116,0.5644807700047894,0.3352502429448116,7.0,0.372611634054667,-0.22923052705997776,0.1676251214724058,normal_expiry_structure,expiry_week_concentrated,rule_estimate,,,,,,,,,,,,,,,,,,,,,,,,,
ETF,深证100ETF易方达,,,12月,2026-12-23,202612,rule_fourth_wednesday,medium,126.0,90.0,3.613,4.6,3.4,4.6,3.4,4.6,4.6,3.7,3.7,2110423.85079809,6138507.328797409,4124465.5897977496,2014041.73899966,2.0478550716860027,0.6719004098030084,0.32809959019699164,9587.0,7797.0,,Positive Gamma,4.6,3.4,3.7,4.6,722733.216938815,1848502.7871170552,0.2526438087707659,0.3325961183008953,0.0,0.0,0.0,True,3.227472631376275,available,medium,,32.0,29.0,0.90625,3.2195844444444446,3.233635,5.098534102982944e-14,bs_spot_repricing_constant_iv,6138507.328797409,2110423.85079809,9587.0,7797.0,3.0,4.0,deferred,0.07500675406750731,0.6624851751535912,0.2535345175405481,0.6624851751535912,0.2535345175405481,7.0,0.2767784574531017,-0.40895065761304306,0.03750337703375366,low_expiry_influence,expiry_week_concentrated,rule_estimate,,,,,,,,,,,,,,,,,,,,,,,,,
ETF,深证100ETF易方达,,,3月,2027-03-24,202703,rule_fourth_wednesday,medium,217.0,155.0,3.613,3.8,3.4,4.2,3.4,3.8,4.2,4.2,3.6,78107.48788688,734390.16264334,406248.82526511,328141.33737823,1.238030016306205,0.5531784682448241,0.446821531755176,1203.0,3187.0,,Positive Gamma,3.8,3.4,3.6,3.8,14818.32096701437,325120.06106764823,0.3679146391124495,0.48892354360654217,0.0,0.0,0.0,True,3.2862494470428825,available,medium,,24.0,22.0,0.9166666666666666,3.275786666666667,3.2898372222222223,1.2526282970789662e-13,bs_spot_repricing_constant_iv,734390.16264334,78107.48788688,1203.0,3187.0,4.0,4.0,far,0.00897355323835334,0.6624851751535912,0.2535345175405481,0.6624851751535912,0.2535345175405481,7.0,0.2767784574531017,-0.40895065761304306,0.00448677661917667,low_expiry_influence,expiry_week_concentrated,rule_estimate,,,,,,,,,,,,,,,,,,,,,,,,,
ETF,深证100ETF易方达,,,8月,2026-08-26,202608,rule_fourth_wednesday,medium,7.0,5.0,3.613,3.8,3.6,3.8,3.1,3.7,3.8,3.8,3.7,5508954.987359941,54217385.53357322,29863170.26046658,24354215.27310664,1.2262012931060544,0.5508043216501892,0.4491956783498108,53562.0,64545.0,,Positive Gamma,3.8,3.6,3.7,3.7,-1276926.0118909813,33963964.67446481,0.4875861306155018,0.4609572682078197,0.0,0.0,0.0,True,3.5881662163262456,available,medium,,32.0,25.0,0.78125,3.584898888888889,3.5989494444444445,8.312696099476831e-16,bs_spot_repricing_constant_iv,54217385.53357322,5508954.98735994,53562.0,64545.0,1.0,4.0,near,0.6624851751535912,0.6624851751535912,0.2535345175405481,0.6624851751535912,0.2535345175405481,7.0,0.2767784574531017,-0.40895065761304306,0.6624851751535912,front_month_concentrated,expiry_week_concentrated,rule_estimate,,,,,,,,,,,,,,,,,,,,,,,,,
ETF,深证100ETF易方达,,,9月,2026-09-23,202609,rule_fourth_wednesday,medium,35.0,25.0,3.613,3.7,3.6,4.4,3.0,3.6,3.8,4.0,3.7,1086895.0544831706,20749111.375024352,10918003.21475376,9831108.160270588,1.1105567182014664,0.5261913639297213,0.47380863607027845,25467.0,12242.0,,Positive Gamma,3.7,3.6,3.7,3.7,802731.8886049488,10514870.643312305,0.41537212758426206,0.3070414886624122,0.0,0.0,0.0,True,3.5815054176209027,available,medium,,34.0,26.0,0.7647058823529411,3.570848333333333,3.584898888888889,3.4986941497671377e-16,bs_spot_repricing_constant_iv,20749111.37502435,1086895.0544831706,25467.0,12242.0,2.0,4.0,next,0.2535345175405481,0.6624851751535912,0.2535345175405481,0.6624851751535912,0.2535345175405481,7.0,0.2767784574531017,-0.40895065761304306,0.12676725877027406,normal_expiry_structure,expiry_week_concentrated,rule_estimate,,,,,,,,,,,,,,,,,,,,,,,,,
ETF,科创50ETF华夏,,,12月,2026-12-23,202612,rule_fourth_wednesday,medium,126.0,90.0,1.761,2.2,1.3,2.55,1.3,2.2,1.3,2.25,1.8,10571981.083838908,73380340.5069401,41976160.79538951,31404179.7115506,1.3366424845655334,0.572035513945585,0.42796448605441517,384433.0,882080.0,,Positive Gamma,2.2,1.3,1.75,1.3,-923414.1157370214,41125682.14632536,0.5257628641074359,0.28756965966332115,0.0,0.0,-0.050000000000000044,True,1.6694103745658713,available,medium,,52.0,46.0,0.8846153846153846,1.6651233333333333,1.6719716666666666,4.0939302567639573e-17,bs_spot_repricing_constant_iv,73380340.5069401,10571981.083838908,384433.0,882080.0,3.0,4.0,deferred,0.07879445109432727,0.5794221536932443,0.3317943788824776,0.5794221536932443,0.3317943788824776,7.0,0.3641224308613008,-0.24762777481076675,0.039397225547163635,low_expiry_influence,expiry_week_concentrated,rule_estimate,,,,,,,,,,,,,,,,,,,,,,,,,
ETF,科创50ETF华夏,,,3月,2027-03-24,202703,rule_fourth_wednesday,medium,217.0,155.0,1.761,2.15,1.6,2.15,1.45,2.15,2.15,2.1,1.8,2248657.0114534204,9302652.781268578,5775654.896360999,3526997.8849075795,1.6375555315969073,0.6208610632002314,0.3791389367997687,43819.0,14707.0,,Positive Gamma,2.15,1.6,1.8,2.15,374654.86511607363,3446320.1686020717,0.3582338202081868,0.32088485173553605,0.0,0.0,0.0,True,1.4650587367510786,available,medium,,30.0,30.0,1.0,1.4596733333333334,1.4665216666666665,9.192244695653191e-17,bs_spot_repricing_constant_iv,9302652.781268578,2248657.01145342,43819.0,14707.0,4.0,4.0,far,0.009989016329950797,0.5794221536932443,0.3317943788824776,0.5794221536932443,0.3317943788824776,7.0,0.3641224308613008,-0.24762777481076675,0.004994508164975399,low_expiry_influence,expiry_week_concentrated,rule_estimate,,,,,,,,,,,,,,,,,,,,,,,,,
ETF,科创50ETF华夏,,,8月,2026-08-26,202608,rule_fourth_wednesday,medium,7.0,5.0,1.761,1.85,1.75,2.55,1.6,1.8,1.85,1.9,1.8,56817452.6790316,539608999.6791146,298213226.17907304,241395773.50004148,1.2353705363404872,0.5526468727475067,0.44735312725249315,1369823.0,2357132.0,,Positive Gamma,1.8,1.75,1.8,1.8,32001052.49274541,418466810.78260696,0.557918289730074,0.4780458483337835,-0.050000000000000044,0.0,0.0,True,1.6761222010817942,available,medium,,46.0,31.0,0.6739130434782609,1.6719716666666666,1.67882,3.7230336570634886e-16,bs_spot_repricing_constant_iv,539608999.6791145,56817452.67903161,1369823.0,2357132.0,1.0,4.0,near,0.5794221536932443,0.5794221536932443,0.3317943788824776,0.5794221536932443,0.3317943788824776,7.0,0.3641224308613008,-0.24762777481076675,0.5794221536932443,near_month_pressure,expiry_week_concentrated,rule_estimate,,,,,,,,,,,,,,,,,,,,,,,,,
ETF,科创50ETF华夏,,,9月,2026-09-23,202609,rule_fourth_wednesday,medium,35.0,25.0,1.761,1.8,1.8,1.85,1.1,1.8,2.0,2.1,1.8,20870911.28564794,308996181.3622907,164933546.32396936,144062635.03832144,1.144873868786977,0.5337721184670198,0.46622788153298056,1189726.0,819886.0,,Positive Gamma,1.8,1.8,1.8,1.8,5341991.78086767,219650247.69337583,0.5370874741519706,0.3397158185371318,0.0,0.0,0.0,True,1.7223872901275634,available,medium,,60.0,53.0,0.8833333333333333,1.71991,1.7267583333333332,3.9401753592193934e-19,bs_spot_repricing_constant_iv,308996181.36229074,20870911.28564794,1189726.0,819886.0,2.0,4.0,next,0.3317943788824776,0.5794221536932443,0.3317943788824776,0.5794221536932443,0.3317943788824776,7.0,0.3641224308613008,-0.24762777481076675,0.1658971894412388,normal_expiry_structure,expiry_week_concentrated,rule_estimate,,,,,,,,,,,,,,,,,,,,,,,,,
ETF,科创50ETF易方达,,,12月,2026-12-23,202612,rule_fourth_wednesday,medium,126.0,90.0,1.707,2.15,1.25,2.45,1.25,2.15,1.25,2.1,1.75,1798385.67251289,14231728.596263312,8015057.134388101,6216671.4618752105,1.2892843354424945,0.5631822642045421,0.4368177357954579,75193.0,165004.0,,Positive Gamma,2.45,1.25,1.75,1.25,-280049.4272502987,4974870.270407932,0.36176997861986643,0.3045549645004464,0.30000000000000027,0.0,0.0,True,1.6171994367095004,available,medium,,50.0,47.0,0.94,1.6140633333333334,1.6207016666666667,8.309079818587292e-17,bs_spot_repricing_constant_iv,14231728.596263312,1798385.6725128898,75193.0,165004.0,3.0,4.0,deferred,0.07137699143861198,0.6217675939731456,0.29587430114341223,0.6217675939731456,0.29587430114341223,7.0,0.32242893738611467,-0.3258932928297334,0.03568849571930599,low_expiry_influence,expiry_week_concentrated,rule_estimate,,,,,,,,,,,,,,,,,,,,,,,,,
ETF,科创50ETF易方达,,,3月,2027-03-24,202703,rule_fourth_wednesday,medium,217.0,155.0,1.707,2.1,1.5,2.1,1.5,2.1,2.1,2.1,1.7,97701.76490885991,2189504.251744921,1143603.0083268902,1045901.2434180301,1.0934139485192391,0.5223113896287245,0.47768861037127525,11216.0,2698.0,,Positive Gamma,2.1,1.4,1.7,2.1,-22002.43551940599,656714.8840177492,0.28303608710221245,0.3507686328777628,0.0,-0.10000000000000009,0.0,True,1.6742091995384523,available,medium,,30.0,29.0,0.9666666666666667,1.6738083333333336,1.6804466666666666,3.4202260382834934e-18,bs_spot_repricing_constant_iv,2189504.2517449204,97701.76490886003,11216.0,2698.0,4.0,4.0,far,0.010981113444830217,0.6217675939731456,0.29587430114341223,0.6217675939731456,0.29587430114341223,7.0,0.32242893738611467,-0.3258932928297334,0.005490556722415108,low_expiry_influence,expiry_week_concentrated,rule_estimate,,,,,,,,,,,,,,,,,,,,,,,,,
ETF,科创50ETF易方达,,,8月,2026-08-26,202608,rule_fourth_wednesday,medium,7.0,5.0,1.707,1.75,1.7,2.45,1.6,1.75,1.8,2.0,1.75,3281778.52784326,123973110.50841804,63627444.51813064,60345665.99028739,1.0543830028882513,0.513235848138296,0.48676415186170385,320522.0,414347.0,,Positive Gamma,1.75,1.7,1.75,1.75,4584144.615265095,83910269.61002263,0.46530365714160254,0.4999377565174219,0.0,0.0,0.0,True,1.5605638083230975,available,medium,,44.0,30.0,0.6818181818181818,1.5543183333333335,1.5609566666666668,7.34314083440134e-13,bs_spot_repricing_constant_iv,123973110.50841804,3281778.527843259,320522.0,414347.0,1.0,4.0,near,0.6217675939731456,0.6217675939731456,0.29587430114341223,0.6217675939731456,0.29587430114341223,7.0,0.32242893738611467,-0.3258932928297334,0.6217675939731456,near_month_pressure,expiry_week_concentrated,rule_estimate,,,,,,,,,,,,,,,,,,,,,,,,,
ETF,科创50ETF易方达,,,9月,2026-09-23,202609,rule_fourth_wednesday,medium,35.0,25.0,1.707,1.75,1.75,2.45,1.1,1.75,1.9,1.9,1.75,8749005.666700771,58993839.15758956,33871422.41214517,25122416.745444395,1.348254937228015,0.5741518588350357,0.4258481411649642,246396.0,95115.0,,Positive Gamma,1.8,1.7,1.75,1.8,3367590.459964084,29824980.447586652,0.4541735085394792,0.3059619526251388,0.050000000000000044,-0.050000000000000044,0.0,True,1.6226672183104274,available,medium,,56.0,44.0,0.7857142857142857,1.6207016666666667,1.6273400000000002,4.569779447398221e-16,bs_spot_repricing_constant_iv,58993839.15758956,8749005.666700773,246396.0,95115.0,2.0,4.0,next,0.29587430114341223,0.6217675939731456,0.29587430114341223,0.6217675939731456,0.29587430114341223,7.0,0.32242893738611467,-0.3258932928297334,0.14793715057170612,normal_expiry_structure,expiry_week_concentrated,rule_estimate,,,,,,,,,,,,,,,,,,,,,,,,,
COMMODITY,AP,AP,CZCE,2610,,,,,,,7807.0,,,10000.0,7000.0,,,,8000.0,,,,,,,,76471.0,52224.0,23400535.0,,,,,,,,,,,,,,,,,,,,,,,,,,,,,,,,,,,,,,,,,,,,COMMODITY,AP,AP610,7807.0,73732.0,118114.0,-11316.0,5760681200.0,-9.900000000000001e-05,8000.0,7800.0,0.024721403868323222,0.280901754835404,-0.10336877161521707,0.024721403868323222,-0.0008966312283847921,49364.0,27107.0,0.29105150972263993,3000.0,0.38427052645062126,amount_wall,7800.0,-0.0008966312283847921,below_price_wall
COMMODITY,AP,AP,CZCE,2611,,,,,,,7575.0,,,9800.0,7000.0,,,,9800.0,,,,,,,,1761.0,328.0,96375.0,,,,,,,,,,,,,,,,,,,,,,,,,,,,,,,,,,,,,,,,,,,,COMMODITY,AP,AP611,7575.0,9885.0,20787.0,-207.0,751358850.0,-0.000134,9800.0,8000.0,0.2937293729372936,0.2937293729372936,-0.07590759075907594,0.2937293729372936,0.05610561056105601,1290.0,471.0,0.46507666098807493,2800.0,0.3696369636963696,amount_wall,8000.0,0.05610561056105601,below_price_wall
COMMODITY,AP,AP,CZCE,2612,,,,,,,7477.0,,,8500.0,7400.0,,,,7400.0,,,,,,,,26.0,1.0,1800.0,,,,,,,,,,,,,,,,,,,,,,,,,,,,,,,,,,,,,,,,,,,,COMMODITY,AP,AP612,7477.0,7074.0,13276.0,-262.0,531115920.0,-0.000132,7400.0,7400.0,-0.0102982479604119,0.1368195800454728,-0.0102982479604119,-0.0102982479604119,-0.0102982479604119,22.0,4.0,0.6923076923076923,1100.0,0.14711782800588472,put_oi_wall,7400.0,-0.0102982479604119,above_price_wall
COMMODITY,AP,AP,CZCE,2701,,,,,,,7478.0,,,8800.0,6600.0,,,,8800.0,,,,,,,,8282.0,2659.0,5135120.0,,,,,,,,,,,,,,,,,,,,,,,,,,,,,,,,,,,,,,,,,,,,COMMODITY,AP,AP701,7478.0,19623.0,50097.0,2512.0,1469370200.0,-9.1e-05,8800.0,7900.0,0.17678523669430324,0.17678523669430324,-0.11741107247927252,0.17678523669430324,0.056432201123294945,5564.0,2718.0,0.34363680270466074,2200.0,0.2941963091735758,amount_wall,7900.0,0.056432201123294945,below_price_wall
COMMODITY,AP,AP,CZCE,2703,,,,,,,7540.0,,,7800.0,7300.0,,,,7300.0,,,,,,,,29.0,1.0,2840.0,,,,,,,,,,,,,,,,,,,,,,,,,,,,,,,,,,,,,,,,,,,,COMMODITY,AP,AP703,7540.0,825.0,9859.0,275.0,62056500.0,-1.5e-05,7300.0,7300.0,-0.03183023872679047,0.034482758620689724,-0.03183023872679047,-0.03183023872679047,-0.03183023872679047,20.0,9.0,0.3793103448275862,500.0,0.06631299734748011,put_oi_wall,7300.0,-0.03183023872679047,above_price_wall
COMMODITY,CF,CF,CZCE,2611,,,,,,,16685.0,,,18000.0,16000.0,,,,17000.0,,,,,,,,104372.0,114386.0,86311445.0,,,,,,,,,,,,,,,,,,,,,,,,,,,,,,,,,,,,,,,,,,,,COMMODITY,CF,CF611,16685.0,107778.0,340349.0,2548.0,8926713000.0,0.0001,17000.0,16600.0,0.01887923284387183,0.07881330536409958,-0.041054839676356036,0.01887923284387183,-0.005094396164219361,67950.0,36422.0,0.30207335300655347,2000.0,0.1198681450404555,amount_wall,16600.0,-0.005094396164219361,below_price_wall
COMMODITY,CF,CF,CZCE,2701,,,,,,,16975.0,,,18000.0,16000.0,,,,17000.0,,,,,,,,133791.0,34496.0,44354610.0,,,,,,,,,,,,,,,,,,,,,,,,,,,,,,,,,,,,,,,,,,,,COMMODITY,CF,CF701,16975.0,385490.0,527629.0,39965.0,32506445000.0,0.000104,17000.0,17000.0,0.0014727540500736325,0.06038291605301915,-0.05743740795287189,0.0014727540500736325,0.0014727540500736325,63127.0,70664.0,-0.05633413308817484,2000.0,0.11782032400589101,price_wall,17000.0,0.0014727540500736325,near_price_wall
COMMODITY,CF,CF,CZCE,2703,,,,,,,16855.0,,,18400.0,15200.0,,,,17400.0,,,,,,,,9670.0,7026.0,10335515.0,,,,,,,,,,,,,,,,,,,,,,,,,,,,,,,,,,,,,,,,,,,,COMMODITY,CF,CF703,16855.0,38270.0,59956.0,-1080.0,3198415300.0,8.099999999999999e-05,18400.0,17600.0,0.03233461880747557,0.09166419460100861,-0.09819044793829723,0.09166419460100861,0.044200533966182176,4453.0,5217.0,-0.07900723888314375,3200.0,0.18985464253930584,price_wall,17400.0,0.03233461880747557,below_price_wall
COMMODITY,CF,CF,CZCE,2705,,,,,,,16775.0,,,17800.0,14400.0,,,,16000.0,,,,,,,,2013.0,222.0,336575.0,,,,,,,,,,,,,,,,,,,,,,,,,,,,,,,,,,,,,,,,,,,,COMMODITY,CF,CF705,16775.0,9168.0,29087.0,657.0,764840400.0,8.099999999999999e-05,16000.0,16000.0,-0.046199701937406856,0.06110283159463492,-0.14157973174366612,-0.046199701937406856,-0.046199701937406856,825.0,1188.0,-0.18032786885245902,3400.0,0.20268256333830104,price_wall,16000.0,-0.046199701937406856,above_price_wall
COMMODITY,CJ,CJ,CZCE,2612,,,,,,,8170.0,,,10000.0,7600.0,,,,10000.0,,,,,,,,17240.0,5221.0,2743845.0,,,,,,,,,,,,,,,,,,,,,,,,,,,,,,,,,,,,,,,,,,,,COMMODITY,CJ,CJ612,8170.0,22936.0,22604.0,-471.0,938082400.0,1.8e-05,9000.0,8400.0,0.22399020807833536,0.22399020807833536,-0.06976744186046513,0.10159118727050176,0.028151774785801775,12840.0,4400.0,0.4895591647331787,2400.0,0.2937576499388005,amount_wall,8400.0,0.028151774785801775,below_price_wall
COMMODITY,CJ,CJ,CZCE,2701,,,,,,,8285.0,,,10000.0,7600.0,,,,9000.0,,,,,,,,42768.0,12376.0,10446615.0,,,,,,,,,,,,,,,,,,,,,,,,,,,,,,,,,,,,,,,,,,,,COMMODITY,CJ,CJ701,8285.0,115720.0,151746.0,1100.0,4787915000.0,3.6e-05,9000.0,8300.0,0.08630054315027147,0.2070006035003018,-0.08267954133977062,0.08630054315027147,0.0018105009052504784,33295.0,9473.0,0.5570052375607931,2400.0,0.28968014484007243,amount_wall,8300.0,0.0018105009052504784,below_price_wall
COMMODITY,CJ,CJ,CZCE,2703,,,,,,,8275.0,,,8500.0,7400.0,,,,9300.0,,,,,,,,112.0,3.0,1905.0,,,,,,,,,,,,,,,,,,,,,,,,,,,,,,,,,,,,,,,,,,,,COMMODITY,CJ,CJ703,8275.0,15577.0,14938.0,-165.0,644887800.0,2.3999999999999997e-05,9300.0,9300.0,0.1238670694864048,0.027190332326284095,-0.10574018126888218,0.1238670694864048,0.1238670694864048,110.0,2.0,0.9642857142857143,1100.0,0.13293051359516617,call_oi_wall,8500.0,0.027190332326284095,below_price_wall
COMMODITY,CJ,CJ,CZCE,2705,,,,,,,8390.0,,,9000.0,8200.0,,,,8000.0,,,,,,,,3412.0,133.0,220155.0,,,,,,,,,,,,,,,,,,,,,,,,,,,,,,,,,,,,,,,,,,,,COMMODITY,CJ,CJ705,8390.0,5464.0,22452.0,-106.0,228941600.0,3e-05,8000.0,8000.0,-0.04648390941597136,0.07270560190703224,-0.022646007151370662,-0.04648390941597136,-0.04648390941597136,2894.0,518.0,0.6963657678780774,800.0,0.09535160905840286,put_oi_wall,8200.0,-0.022646007151370662,above_price_wall
COMMODITY,FG,FG,CZCE,2610,,,,,,,897.0,,,1000.0,900.0,,,,950.0,,,,,,,,255469.0,304981.0,68791220.0,,,,,,,,,,,,,,,,,,,,,,,,,,,,,,,,,,,,,,,,,,,,COMMODITY,FG,FG610,897.0,121169.0,136607.0,6100.0,2195582300.0,-0.000121,1000.0,910.0,0.059085841694537455,0.11482720178372352,0.0033444816053511683,0.11482720178372352,0.01449275362318847,193705.0,61764.0,0.516465794284238,100.0,0.11148272017837235,put_oi_wall,900.0,0.0033444816053511683,below_price_wall
COMMODITY,FG,FG,CZCE,2611,,,,,,,887.0,,,1000.0,850.0,,,,1000.0,,,,,,,,79950.0,40991.0,12433040.0,,,,,,,,,,,,,,,,,,,,,,,,,,,,,,,,,,,,,,,,,,,,COMMODITY,FG,FG611,887.0,250977.0,522571.0,17111.0,4492488400.0,-0.00012200000000000001,1000.0,890.0,0.12739571589627952,0.12739571589627952,-0.04171364148816237,0.12739571589627952,0.0033821871476888976,57735.0,22215.0,0.44427767354596626,150.0,0.16910935738444194,amount_wall,890.0,0.0033821871476888976,below_price_wall
COMMODITY,FG,FG,CZCE,2612,,,,,,,914.0,,,1200.0,1120.0,,,,850.0,,,,,,,,845.0,250.0,479550.0,,,,,,,,,,,,,,,,,,,,,,,,,,,,,,,,,,,,,,,,,,,,COMMODITY,FG,FG612,914.0,196916.0,113630.0,8797.0,3638370100.0,-0.000183,850.0,850.0,-0.07002188183807445,0.3129102844638949,0.2253829321663019,-0.07002188183807445,-0.07002188183807445,541.0,304.0,0.2804733727810651,80.0,0.087527352297593,price_wall,850.0,-0.07002188183807445,above_price_wall
COMMODITY,FG,FG,CZCE,2701,,,,,,,902.0,,,1480.0,950.0,,,,1480.0,,,,,,,,126296.0,62940.0,34820450.0,,,,,,,,,,,,,,,,,,,,,,,,,,,,,,,,,,,,,,,,,,,,COMMODITY,FG,FG701,902.0,1646204.0,1572568.0,256823.0,30026760000.0,-0.000174,1480.0,900.0,0.6407982261640799,0.6407982261640799,0.053215077605321515,0.6407982261640799,-0.0022172949002217113,78500.0,47796.0,0.243111420789257,530.0,0.5875831485587583,amount_wall,900.0,-0.0022172949002217113,below_price_wall
COMMODITY,FG,FG,CZCE,2703,,,,,,,941.0,,,990.0,1080.0,,,,1240.0,,,,,,,,804.0,634.0,2262110.0,,,,,,,,,,,,,,,,,,,,,,,,,,,,,,,,,,,,,,,,,,,,COMMODITY,FG,FG703,941.0,53576.0,107141.0,2664.0,1019015520.0,-0.000147,1240.0,1240.0,0.3177470775770457,0.05207226354941552,0.14771519659936239,0.3177470775770457,0.3177470775770457,441.0,363.0,0.09701492537313433,-90.0,-0.09564293304994687,call_oi_wall,990.0,0.05207226354941552,below_price_wall
COMMODITY,FG,FG,CZCE,2705,,,,,,,985.0,,,1280.0,1280.0,,,,1280.0,,,,,,,,1249.0,407.0,1243310.0,,,,,,,,,,,,,,,,,,,,,,,,,,,,,,,,,,,,,,,,,,,,COMMODITY,FG,FG705,985.0,19883.0,50146.0,3271.0,395671700.0,-0.000179,1160.0,1160.0,0.29949238578680193,0.29949238578680193,0.29949238578680193,0.17766497461928932,0.17766497461928932,856.0,393.0,0.37069655724579664,0.0,0.0,volume_wall,1160.0,0.17766497461928932,below_price_wall
COMMODITY,MA,MA,CZCE,2610,,,,,,,2843.0,,,2900.0,2300.0,,,,2900.0,,,,,,,,426563.0,1149932.0,514457025.0,,,,,,,,,,,,,,,,,,,,,,,,,,,,,,,,,,,,,,,,,,,,COMMODITY,MA,MA610,2843.0,1859342.0,863462.0,62330.0,52582192000.0,0.000286,2900.0,2800.0,0.020049243756595114,0.020049243756595114,-0.19099542736545905,0.020049243756595114,-0.01512486809708058,151948.0,274615.0,-0.28757065193183656,600.0,0.21104467112205416,amount_wall,2800.0,-0.01512486809708058,below_price_wall
COMMODITY,MA,MA,CZCE,2611,,,,,,,2784.0,,,3000.0,2300.0,,,,2600.0,,,,,,,,23875.0,33822.0,19924160.0,,,,,,,,,,,,,,,,,,,,,,,,,,,,,,,,,,,,,,,,,,,,COMMODITY,MA,MA611,2784.0,406075.0,185339.0,111.0,11215791500.0,0.000224,3150.0,2800.0,-0.06609195402298851,0.07758620689655182,-0.17385057471264365,0.13146551724137923,0.005747126436781658,8670.0,15205.0,-0.273717277486911,700.0,0.2514367816091954,amount_wall,2800.0,0.005747126436781658,above_price_wall
COMMODITY,MA,MA,CZCE,2612,,,,,,,2732.0,,,3000.0,2600.0,,,,2350.0,,,,,,,,5248.0,124.0,307805.0,,,,,,,,,,,,,,,,,,,,,,,,,,,,,,,,,,,,,,,,,,,,COMMODITY,MA,MA612,2732.0,177215.0,122956.0,-1848.0,4818475900.0,0.00017500000000000003,2350.0,2350.0,-0.13982430453879946,0.0980966325036603,-0.04831625183016108,-0.13982430453879946,-0.13982430453879946,2034.0,3214.0,-0.22484756097560976,400.0,0.14641288433382138,put_oi_wall,2600.0,-0.04831625183016108,above_price_wall
COMMODITY,MA,MA,CZCE,2701,,,,,,,2689.0,,,2800.0,2400.0,,,,2800.0,,,,,,,,29720.0,34542.0,30541980.0,,,,,,,,,,,,,,,,,,,,,,,,,,,,,,,,,,,,,,,,,,,,COMMODITY,MA,MA701,2689.0,280757.0,385072.0,15500.0,7549555700.0,0.000117,3150.0,2800.0,0.04127928597991826,0.04127928597991826,-0.10747489773149865,0.17143919672740804,0.04127928597991826,16293.0,13427.0,0.09643337819650068,400.0,0.14875418371141688,call_oi_wall,2800.0,0.04127928597991826,below_price_wall
COMMODITY,MA,MA,CZCE,2703,,,,,,,2617.0,,,2850.0,2400.0,,,,2400.0,,,,,,,,891.0,848.0,2636175.0,,,,,,,,,,,,,,,,,,,,,,,,,,,,,,,,,,,,,,,,,,,,COMMODITY,MA,MA703,2617.0,20334.0,121441.0,433.0,532954140.0,8.5e-05,2350.0,2350.0,-0.0829193733282384,0.08903324417271685,-0.0829193733282384,-0.10202521971723344,-0.10202521971723344,452.0,439.0,0.014590347923681257,450.0,0.17195261750095528,put_oi_wall,2400.0,-0.0829193733282384,above_price_wall
COMMODITY,MA,MA,CZCE,2705,,,,,,,2561.0,,,2850.0,2350.0,,,,2350.0,,,,,,,,1422.0,958.0,1978910.0,,,,,,,,,,,,,,,,,,,,,,,,,,,,,,,,,,,,,,,,,,,,COMMODITY,MA,MA705,2561.0,7793.0,32760.0,1765.0,199812520.0,7.5e-05,2350.0,2350.0,-0.08238969152674736,0.11284654431862551,-0.08238969152674736,-0.08238969152674736,-0.08238969152674736,507.0,915.0,-0.2869198312236287,500.0,0.1952362358453729,put_oi_wall,2350.0,-0.08238969152674736,above_price_wall
COMMODITY,OI,OI,CZCE,2611,,,,,,,10568.0,,,11400.0,10000.0,,,,11400.0,,,,,,,,40649.0,57268.0,67046605.0,,,,,,,,,,,,,,,,,,,,,,,,,,,,,,,,,,,,,,,,,,,,COMMODITY,OI,OI611,10568.0,276455.0,346012.0,25347.0,28933780000.0,0.0001,11400.0,10600.0,0.07872823618470859,0.07872823618470859,-0.05374716124148371,0.07872823618470859,0.003028009084027339,19948.0,20701.0,-0.01852444094565672,1400.0,0.13247539742619227,amount_wall,10600.0,0.003028009084027339,below_price_wall
COMMODITY,OI,OI,CZCE,2701,,,,,,,10317.0,,,10400.0,9400.0,,,,10400.0,,,,,,,,14749.0,5229.0,10705310.0,,,,,,,,,,,,,,,,,,,,,,,,,,,,,,,,,,,,,,,,,,,,COMMODITY,OI,OI701,10317.0,147130.0,278862.0,12641.0,15035215000.0,0.000117,11200.0,11000.0,0.008044974314238562,0.008044974314238562,-0.08888242706213045,0.08558689541533382,0.06620141514006006,6642.0,8107.0,-0.09932876805207133,1000.0,0.0969274013763691,call_oi_wall,10400.0,0.008044974314238562,below_price_wall
COMMODITY,OI,OI,CZCE,2703,,,,,,,10234.0,,,11000.0,9600.0,,,,11000.0,,,,,,,,3117.0,1412.0,4139940.0,,,,,,,,,,,,,,,,,,,,,,,,,,,,,,,,,,,,,,,,,,,,COMMODITY,OI,OI703,10234.0,23157.0,37657.0,229.0,2341404300.0,0.000151,11000.0,10800.0,0.07484854406879027,0.07484854406879027,-0.061950361539964804,0.07484854406879027,0.05530584326753951,1246.0,1871.0,-0.20051331408405518,1400.0,0.13679890560875513,amount_wall,10800.0,0.05530584326753951,below_price_wall
COMMODITY,OI,OI,CZCE,2705,,,,,,,10144.0,,,11000.0,8700.0,,,,10600.0,,,,,,,,456.0,18.0,40860.0,,,,,,,,,,,,,,,,,,,,,,,,,,,,,,,,,,,,,,,,,,,,COMMODITY,OI,OI705,10144.0,7710.0,22914.0,750.0,775009200.0,0.000151,10600.0,10600.0,0.04495268138801256,0.08438485804416396,-0.14235015772870663,0.04495268138801256,0.04495268138801256,201.0,255.0,-0.11842105263157894,2300.0,0.22673501577287067,price_wall,10600.0,0.04495268138801256,below_price_wall
COMMODITY,PF,PF,CZCE,2610,,,,,,,7638.0,,,7800.0,7200.0,,,,7800.0,,,,,,,,2755.0,563.0,300647.0,,,,,,,,,,,,,,,,,,,,,,,,,,,,,,,,,,,,,,,,,,,,COMMODITY,PF,PF610,7638.0,169576.0,209443.0,172.0,6489673500.0,1.6e-05,7400.0,7500.0,0.02120974076983506,0.02120974076983506,-0.05734485467399841,-0.03115998952605392,-0.01806755695208173,1498.0,1257.0,0.08747731397459166,600.0,0.07855459544383346,amount_wall,7500.0,-0.01806755695208173,below_price_wall
COMMODITY,PF,PF,CZCE,2611,,,,,,,7546.0,,,8200.0,6800.0,,,,8200.0,,,,,,,,1216.0,362.0,277316.0,,,,,,,,,,,,,,,,,,,,,,,,,,,,,,,,,,,,,,,,,,,,COMMODITY,PF,PF611,7546.0,120035.0,78621.0,-5356.0,4545725500.0,-1.6e-05,8200.0,8100.0,0.08666843360720922,0.08666843360720922,-0.0988603233501193,0.08666843360720922,0.07341637953882851,672.0,544.0,0.10526315789473684,1400.0,0.18552875695732837,amount_wall,8100.0,0.07341637953882851,below_price_wall
COMMODITY,PF,PF,CZCE,2612,,,,,,,7452.0,,,8000.0,7000.0,,,,8200.0,,,,,,,,199.0,24.0,10850.0,,,,,,,,,,,,,,,,,,,,,,,,,,,,,,,,,,,,,,,,,,,,COMMODITY,PF,PF612,7452.0,44416.0,31675.0,-2523.0,1663379200.0,-4.3e-05,8200.0,8200.0,0.10037573805689748,0.0735373054213635,-0.06065485775630708,0.10037573805689748,0.10037573805689748,100.0,99.0,0.005025125628140704,1000.0,0.13419216317767044,put_oi_wall,7000.0,-0.06065485775630708,below_price_wall
COMMODITY,PK,PK,CZCE,2610,,,,,,,8144.0,,,8500.0,8000.0,,,,8500.0,,,,,,,,120948.0,44092.0,6038604.0,,,,,,,,,,,,,,,,,,,,,,,,,,,,,,,,,,,,,,,,,,,,COMMODITY,PK,PK610,8144.0,21626.0,66145.0,-2077.0,880827000.0,-7.1e-05,8500.0,8200.0,0.04371316306483308,0.04371316306483308,-0.017681728880157177,0.04371316306483308,0.006876227897838927,80551.0,40397.0,0.33199391474021894,500.0,0.061394891944990176,amount_wall,8200.0,0.006876227897838927,below_price_wall
COMMODITY,PK,PK,CZCE,2611,,,,,,,8154.0,,,8500.0,8000.0,,,,8500.0,,,,,,,,33912.0,12235.0,4278718.0,,,,,,,,,,,,,,,,,,,,,,,,,,,,,,,,,,,,,,,,,,,,COMMODITY,PK,PK611,8154.0,196047.0,224692.0,15570.0,7986955000.0,-6.6e-05,9000.0,8300.0,0.04243316163845967,0.04243316163845967,-0.0188864361049792,0.10375275938189854,0.017905322541084123,21586.0,12326.0,0.27305968388770935,500.0,0.0613195977434388,amount_wall,8300.0,0.017905322541084123,below_price_wall
COMMODITY,PK,PK,CZCE,2612,,,,,,,8168.0,,,8500.0,8100.0,,,,8400.0,,,,,,,,14831.0,1960.0,1167427.0,,,,,,,,,,,,,,,,,,,,,,,,,,,,,,,,,,,,,,,,,,,,COMMODITY,PK,PK612,8168.0,70938.0,57459.0,-1576.0,2892851700.0,-5.4000000000000005e-05,8400.0,8400.0,0.028403525954946218,0.040646425073457504,-0.008325171400587639,0.028403525954946218,0.028403525954946218,9605.0,5226.0,0.2952599285280831,400.0,0.04897159647404505,put_oi_wall,8100.0,-0.008325171400587639,below_price_wall
COMMODITY,PK,PK,CZCE,2701,,,,,,,8190.0,,,9100.0,7600.0,,,,8100.0,,,,,,,,754.0,23.0,19080.0,,,,,,,,,,,,,,,,,,,,,,,,,,,,,,,,,,,,,,,,,,,,COMMODITY,PK,PK701,8190.0,2395.0,5204.0,394.0,97931550.0,-4.9e-05,8100.0,8100.0,-0.01098901098901095,0.11111111111111116,-0.072039072039072,-0.01098901098901095,-0.01098901098901095,411.0,343.0,0.09018567639257294,1500.0,0.18315018315018314,price_wall,8100.0,-0.01098901098901095,above_price_wall
COMMODITY,PL,PL,CZCE,2610,,,,,,,8072.0,,,8500.0,7100.0,,,,7900.0,,,,,,,,1213.0,303.0,559380.0,,,,,,,,,,,,,,,,,,,,,,,,,,,,,,,,,,,,,,,,,,,,COMMODITY,PL,PL610,8072.0,14421.0,13322.0,119.0,2317454700.0,0.000168,7100.0,7900.0,-0.021308225966303218,0.053022794846382615,-0.12041625371655107,-0.12041625371655107,-0.021308225966303218,667.0,546.0,0.09975267930750206,1400.0,0.1734390485629336,price_wall,7900.0,-0.021308225966303218,above_price_wall
COMMODITY,PL,PL,CZCE,2611,,,,,,,7843.0,,,7700.0,7200.0,,,,7100.0,,,,,,,,30.0,2.0,30000.0,,,,,,,,,,,,,,,,,,,,,,,,,,,,,,,,,,,,,,,,,,,,COMMODITY,PL,PL611,7843.0,40644.0,25917.0,647.0,6350218600.0,0.000174,7100.0,7100.0,-0.09473415784776229,-0.018232819074333828,-0.08198393471885757,-0.09473415784776229,-0.09473415784776229,16.0,14.0,0.06666666666666667,500.0,0.06375111564452378,call_oi_wall,7700.0,-0.018232819074333828,above_price_wall
COMMODITY,PL,PL,CZCE,2612,,,,,,,7673.0,,,7800.0,6700.0,,,,7800.0,,,,,,,,1.0,0.0,0.0,,,,,,,,,,,,,,,,,,,,,,,,,,,,,,,,,,,,,,,,,,,,COMMODITY,PL,PL612,7673.0,2987.0,10039.0,-150.0,457011000.0,0.00021799999999999999,6700.0,6700.0,0.01655154437638462,0.01655154437638462,-0.12680828880490025,-0.12680828880490025,-0.12680828880490025,1.0,0.0,1.0,1100.0,0.14335983318128503,call_oi_wall,7800.0,0.01655154437638462,below_price_wall
COMMODITY,PR,PR,CZCE,2610,,,,,,,7482.0,,,8100.0,6300.0,,,,7500.0,,,,,,,,1537.0,235.0,448638.0,,,,,,,,,,,,,,,,,,,,,,,,,,,,,,,,,,,,,,,,,,,,COMMODITY,PR,PR610,7482.0,46958.0,43837.0,482.0,5288409900.0,2.8999999999999997e-05,7500.0,7500.0,0.002405773857257376,0.08259823576583791,-0.1579791499599038,0.002405773857257376,0.002405773857257376,885.0,652.0,0.15159401431359792,1800.0,0.24057738572574178,price_wall,7500.0,0.002405773857257376,near_price_wall
COMMODITY,PR,PR,CZCE,2611,,,,,,,7370.0,,,8000.0,6000.0,,,,8000.0,,,,,,,,484.0,2.0,7170.0,,,,,,,,,,,,,,,,,,,,,,,,,,,,,,,,,,,,,,,,,,,,COMMODITY,PR,PR611,7370.0,66702.0,42740.0,2755.0,7403922000.0,1.4e-05,7500.0,7500.0,0.08548168249660781,0.08548168249660781,-0.18588873812754414,0.01763907734056991,0.01763907734056991,359.0,125.0,0.4834710743801653,2000.0,0.27137042062415195,volume_wall,7500.0,0.01763907734056991,below_price_wall
COMMODITY,PR,PR,CZCE,2612,,,,,,,7254.0,,,7400.0,6800.0,,,,6800.0,,,,,,,,205.0,0.0,0.0,,,,,,,,,,,,,,,,,,,,,,,,,,,,,,,,,,,,,,,,,,,,COMMODITY,PR,PR612,7254.0,26088.0,14724.0,1338.0,2851157600.0,-5.999999999999999e-06,6100.0,6100.0,-0.06258615936035294,0.02012682657843956,-0.06258615936035294,-0.15908464295561064,-0.15908464295561064,100.0,105.0,-0.024390243902439025,600.0,0.0827129859387924,call_oi_wall,7400.0,0.02012682657843956,above_price_wall
COMMODITY,PX,PX,CZCE,2610,,,,,,,8338.0,,,9000.0,8000.0,,,,9000.0,,,,,,,,73674.0,134120.0,33636320.0,,,,,,,,,,,,,,,,,,,,,,,,,,,,,,,,,,,,,,,,,,,,COMMODITY,PX,PX610,8338.0,90183.0,54903.0,-3782.0,3775962200.0,-4.3e-05,9000.0,8500.0,0.07939553849844083,0.07939553849844083,-0.04053729911249704,0.07939553849844083,0.019429119692971897,43690.0,29984.0,0.1860357792436952,1000.0,0.11993283761093787,amount_wall,8500.0,0.019429119692971897,below_price_wall
COMMODITY,PX,PX,CZCE,2611,,,,,,,8296.0,,,9300.0,7600.0,,,,8700.0,,,,,,,,8934.0,5519.0,3692597.0,,,,,,,,,,,,,,,,,,,,,,,,,,,,,,,,,,,,,,,,,,,,COMMODITY,PX,PX611,8296.0,239982.0,167049.0,5966.0,9997462200.0,-3.8e-05,9300.0,8700.0,0.04869816779170688,0.12102217936354864,-0.0838958534233365,0.12102217936354864,0.04869816779170688,4616.0,4318.0,0.03335571972240878,1700.0,0.20491803278688525,price_wall,8700.0,0.04869816779170688,below_price_wall
COMMODITY,PX,PX,CZCE,2612,,,,,,,8224.0,,,8900.0,6600.0,,,,8100.0,,,,,,,,619.0,11.0,7381.0,,,,,,,,,,,,,,,,,,,,,,,,,,,,,,,,,,,,,,,,,,,,COMMODITY,PX,PX612,8224.0,39256.0,32071.0,-830.0,1623235600.0,-4.1e-05,7000.0,8100.0,-0.015077821011673098,0.08219844357976647,-0.19747081712062253,-0.14883268482490275,-0.015077821011673098,451.0,168.0,0.45718901453957994,2300.0,0.2796692607003891,price_wall,8100.0,-0.015077821011673098,above_price_wall
COMMODITY,PX,PX,CZCE,2701,,,,,,,8152.0,,,9000.0,7500.0,,,,7800.0,,,,,,,,1409.0,11.0,10068.0,,,,,,,,,,,,,,,,,,,,,,,,,,,,,,,,,,,,,,,,,,,,COMMODITY,PX,PX701,8152.0,14636.0,28347.0,199.0,599344200.0,-3.7000000000000005e-05,7800.0,7800.0,-0.04317958783120701,0.10402355250245332,-0.07998037291462223,-0.04317958783120701,-0.04317958783120701,865.0,544.0,0.22782114975159687,1500.0,0.18400392541707555,price_wall,7800.0,-0.04317958783120701,above_price_wall
COMMODITY,RM,RM,CZCE,2611,,,,,,,2272.0,,,2300.0,2100.0,,,,2300.0,,,,,,,,81403.0,98970.0,37710600.0,,,,,,,,,,,,,,,,,,,,,,,,,,,,,,,,,,,,,,,,,,,,COMMODITY,RM,RM611,2272.0,521646.0,632273.0,807.0,11778766700.0,0.000184,2300.0,2300.0,0.012323943661971759,0.012323943661971759,-0.07570422535211263,0.012323943661971759,0.012323943661971759,45890.0,35513.0,0.12747687431667137,200.0,0.0880281690140845,call_oi_wall,2300.0,0.012323943661971759,below_price_wall
COMMODITY,RM,RM,CZCE,2701,,,,,,,2298.0,,,2650.0,2200.0,,,,2200.0,,,,,,,,65795.0,15041.0,8505165.0,,,,,,,,,,,,,,,,,,,,,,,,,,,,,,,,,,,,,,,,,,,,COMMODITY,RM,RM701,2298.0,265893.0,506487.0,2662.0,6094267600.0,0.000123,2250.0,2650.0,-0.04264577893820709,0.15317667536988688,-0.04264577893820709,-0.02088772845953002,0.15317667536988688,24561.0,41234.0,-0.25340831370164907,450.0,0.195822454308094,volume_wall,2250.0,-0.02088772845953002,above_price_wall
COMMODITY,RM,RM,CZCE,2703,,,,,,,2286.0,,,2475.0,2050.0,,,,2050.0,,,,,,,,12807.0,7256.0,3252155.0,,,,,,,,,,,,,,,,,,,,,,,,,,,,,,,,,,,,,,,,,,,,COMMODITY,RM,RM703,2286.0,67300.0,114200.0,271.0,1533767000.0,0.000124,2500.0,2500.0,-0.10323709536307957,0.08267716535433078,-0.10323709536307957,0.09361329833770782,0.09361329833770782,3293.0,9514.0,-0.4857499804794253,425.0,0.18591426071741032,call_oi_wall,2475.0,0.08267716535433078,above_price_wall
COMMODITY,RM,RM,CZCE,2705,,,,,,,2351.0,,,2600.0,2050.0,,,,2500.0,,,,,,,,3435.0,248.0,149760.0,,,,,,,,,,,,,,,,,,,,,,,,,,,,,,,,,,,,,,,,,,,,COMMODITY,RM,RM705,2351.0,19460.0,60320.0,1143.0,456531600.0,0.000103,2500.0,2500.0,0.06337728626116546,0.105912377711612,-0.1280306252658443,0.06337728626116546,0.06337728626116546,1294.0,2141.0,-0.24657933042212518,550.0,0.2339430029774564,price_wall,2500.0,0.06337728626116546,below_price_wall
COMMODITY,RM,RM,CZCE,2707,,,,,,,2345.0,,,2500.0,2025.0,,,,2500.0,,,,,,,,465.0,161.0,92925.0,,,,,,,,,,,,,,,,,,,,,,,,,,,,,,,,,,,,,,,,,,,,COMMODITY,RM,RM707,2345.0,1084.0,9016.0,-111.0,25333080.0,7.7e-05,2500.0,2500.0,0.06609808102345416,0.06609808102345416,-0.13646055437100213,0.06609808102345416,0.06609808102345416,145.0,320.0,-0.3763440860215054,475.0,0.2025586353944563,call_oi_wall,2500.0,0.06609808102345416,below_price_wall
COMMODITY,SA,SA,CZCE,2610,,,,,,,984.0,,,1100.0,900.0,,,,1100.0,,,,,,,,253407.0,437784.0,111065350.0,,,,,,,,,,,,,,,,,,,,,,,,,,,,,,,,,,,,,,,,,,,,COMMODITY,SA,SA610,984.0,98931.0,145566.0,-3910.0,1970705500.0,-0.00020899999999999998,1100.0,1000.0,0.11788617886178865,0.11788617886178865,-0.08536585365853655,0.11788617886178865,0.016260162601626105,178079.0,75328.0,0.40547814385553677,200.0,0.2032520325203252,amount_wall,1000.0,0.016260162601626105,below_price_wall
COMMODITY,SA,SA,CZCE,2611,,,,,,,987.0,,,1200.0,900.0,,,,1200.0,,,,,,,,88617.0,37854.0,13191510.0,,,,,,,,,,,,,,,,,,,,,,,,,,,,,,,,,,,,,,,,,,,,COMMODITY,SA,SA611,987.0,270809.0,475497.0,2133.0,5394515200.0,-0.000208,1100.0,1000.0,0.21580547112462,0.21580547112462,-0.08814589665653494,0.11448834853090162,0.01317122593718345,63044.0,25573.0,0.4228421183294402,300.0,0.303951367781155,amount_wall,1000.0,0.01317122593718345,below_price_wall
COMMODITY,SA,SA,CZCE,2612,,,,,,,1010.0,,,1300.0,930.0,,,,930.0,,,,,,,,1195.0,223.0,53730.0,,,,,,,,,,,,,,,,,,,,,,,,,,,,,,,,,,,,,,,,,,,,COMMODITY,SA,SA612,1010.0,155783.0,118830.0,5638.0,3177973200.0,-0.00026,920.0,930.0,-0.07920792079207917,0.28712871287128716,-0.07920792079207917,-0.08910891089108908,-0.07920792079207917,442.0,753.0,-0.2602510460251046,370.0,0.36633663366336633,put_oi_wall,930.0,-0.07920792079207917,above_price_wall
COMMODITY,SA,SA,CZCE,2701,,,,,,,1012.0,,,1560.0,1000.0,,,,1560.0,,,,,,,,110060.0,41969.0,23194460.0,,,,,,,,,,,,,,,,,,,,,,,,,,,,,,,,,,,,,,,,,,,,COMMODITY,SA,SA701,1012.0,1397826.0,1005253.0,81135.0,28599520000.0,-0.00025,1200.0,1000.0,0.541501976284585,0.541501976284585,-0.011857707509881465,0.18577075098814233,-0.011857707509881465,85892.0,24168.0,0.56082137016173,560.0,0.5533596837944664,put_oi_wall,1000.0,-0.011857707509881465,below_price_wall
COMMODITY,SA,SA,CZCE,2703,,,,,,,1043.0,,,1300.0,1220.0,,,,1300.0,,,,,,,,1200.0,119.0,368730.0,,,,,,,,,,,,,,,,,,,,,,,,,,,,,,,,,,,,,,,,,,,,COMMODITY,SA,SA703,1043.0,33545.0,108202.0,2934.0,705786800.0,-0.000234,1340.0,1320.0,0.24640460210930004,0.24640460210930004,0.16970278044103537,0.2847555129434325,0.26558005752636626,569.0,631.0,-0.051666666666666666,80.0,0.07670182166826463,put_oi_wall,1220.0,0.16970278044103537,below_price_wall
COMMODITY,SA,SA,CZCE,2705,,,,,,,1069.0,,,1400.0,1060.0,,,,1400.0,,,,,,,,2674.0,230.0,637290.0,,,,,,,,,,,,,,,,,,,,,,,,,,,,,,,,,,,,,,,,,,,,COMMODITY,SA,SA705,1069.0,28174.0,76558.0,154.0,607431440.0,-0.000202,1400.0,1400.0,0.3096351730589335,0.3096351730589335,-0.008419083255378879,0.3096351730589335,0.3096351730589335,1988.0,686.0,0.4869109947643979,340.0,0.31805425631431244,put_oi_wall,1060.0,-0.008419083255378879,below_price_wall
COMMODITY,SF,SF,CZCE,2610,,,,,,,5936.0,,,6100.0,5600.0,,,,6100.0,,,,,,,,27873.0,44827.0,10302835.0,,,,,,,,,,,,,,,,,,,,,,,,,,,,,,,,,,,,,,,,,,,,COMMODITY,SF,SF610,5936.0,69089.0,61948.0,1999.0,2052634200.0,7e-06,6100.0,6100.0,0.027628032345013542,0.027628032345013542,-0.05660377358490565,0.027628032345013542,0.027628032345013542,16055.0,11818.0,0.1520109066121336,500.0,0.08423180592991913,call_oi_wall,6100.0,0.027628032345013542,below_price_wall
COMMODITY,SF,SF,CZCE,2611,,,,,,,5956.0,,,6200.0,5900.0,,,,6200.0,,,,,,,,30042.0,18259.0,7871640.0,,,,,,,,,,,,,,,,,,,,,,,,,,,,,,,,,,,,,,,,,,,,COMMODITY,SF,SF611,5956.0,447292.0,434274.0,290.0,13347193500.0,1.7e-05,6000.0,6000.0,0.04096709200805915,0.04096709200805915,-0.009402283411685697,0.007387508394895992,0.007387508394895992,22154.0,7888.0,0.4748685174089608,300.0,0.050369375419744795,volume_wall,6000.0,0.007387508394895992,below_price_wall
COMMODITY,SF,SF,CZCE,2612,,,,,,,5908.0,,,6400.0,5600.0,,,,6400.0,,,,,,,,9218.0,3157.0,1026205.0,,,,,,,,,,,,,,,,,,,,,,,,,,,,,,,,,,,,,,,,,,,,COMMODITY,SF,SF612,5908.0,125021.0,45670.0,1445.0,3698121200.0,1e-05,6400.0,6100.0,0.08327691266079884,0.08327691266079884,-0.05213270142180093,0.08327691266079884,0.032498307379823954,6853.0,2365.0,0.48687350835322196,800.0,0.13540961408259986,amount_wall,6100.0,0.032498307379823954,below_price_wall
COMMODITY,SF,SF,CZCE,2701,,,,,,,5876.0,,,6000.0,5700.0,,,,5700.0,,,,,,,,1623.0,517.0,265345.0,,,,,,,,,,,,,,,,,,,,,,,,,,,,,,,,,,,,,,,,,,,,COMMODITY,SF,SF701,5876.0,13510.0,47971.0,354.0,397869500.0,-2.9999999999999997e-06,5700.0,5700.0,-0.02995234853641937,0.021102791014295352,-0.02995234853641937,-0.02995234853641937,-0.02995234853641937,1096.0,527.0,0.35058533579790513,300.0,0.05105513955071477,call_oi_wall,6000.0,0.021102791014295352,above_price_wall
COMMODITY,SH,SH,CZCE,2610,,,,,,,1946.0,,,2000.0,1800.0,,,,2000.0,,,,,,,,59149.0,87548.0,57029655.0,,,,,,,,,,,,,,,,,,,,,,,,,,,,,,,,,,,,,,,,,,,,COMMODITY,SH,SH610,1946.0,80123.0,35833.0,-80.0,4665562200.0,3.1e-05,2000.0,2000.0,0.027749229188078095,0.027749229188078095,-0.07502569373072965,0.027749229188078095,0.027749229188078095,41144.0,18005.0,0.3911984987066561,200.0,0.10277492291880781,call_oi_wall,2000.0,0.027749229188078095,below_price_wall
COMMODITY,SH,SH,CZCE,2611,,,,,,,1932.0,,,2000.0,1840.0,,,,2000.0,,,,,,,,24616.0,13259.0,14945130.0,,,,,,,,,,,,,,,,,,,,,,,,,,,,,,,,,,,,,,,,,,,,COMMODITY,SH,SH611,1932.0,464436.0,235882.0,4343.0,26821179000.0,8.9e-05,2000.0,2000.0,0.035196687370600444,0.035196687370600444,-0.04761904761904767,0.035196687370600444,0.035196687370600444,16134.0,8482.0,0.3108547286317842,160.0,0.08281573498964803,call_oi_wall,2000.0,0.035196687370600444,below_price_wall
COMMODITY,SH,SH,CZCE,2612,,,,,,,1975.0,,,2080.0,1720.0,,,,2080.0,,,,,,,,2656.0,2092.0,2985885.0,,,,,,,,,,,,,,,,,,,,,,,,,,,,,,,,,,,,,,,,,,,,COMMODITY,SH,SH612,1975.0,92225.0,28030.0,2415.0,5436663900.0,0.000123,2120.0,2080.0,0.05316455696202538,0.05316455696202538,-0.12911392405063293,0.07341772151898729,0.05316455696202538,1328.0,1328.0,0.0,360.0,0.18227848101265823,call_oi_wall,2080.0,0.05316455696202538,below_price_wall
COMMODITY,SH,SH,CZCE,2701,,,,,,,1977.0,,,2640.0,1820.0,,,,2640.0,,,,,,,,5271.0,191.0,181485.0,,,,,,,,,,,,,,,,,,,,,,,,,,,,,,,,,,,,,,,,,,,,COMMODITY,SH,SH701,1977.0,29245.0,51047.0,-1685.0,1729256900.0,7.1e-05,2640.0,2200.0,0.3353566009104705,0.3353566009104705,-0.0794132524026302,0.3353566009104705,0.11279716742539203,3460.0,1811.0,0.31284386264465947,820.0,0.4147698533131007,put_oi_wall,1820.0,-0.0794132524026302,below_price_wall
COMMODITY,SM,SM,CZCE,2610,,,,,,,5868.0,,,5900.0,5600.0,,,,6000.0,,,,,,,,42246.0,40026.0,7840860.0,,,,,,,,,,,,,,,,,,,,,,,,,,,,,,,,,,,,,,,,,,,,COMMODITY,SM,SM610,5868.0,52206.0,72807.0,-8620.0,1528069600.0,6.2e-05,6000.0,6000.0,0.02249488752556239,0.005453306066802943,-0.045671438309475065,0.02249488752556239,0.02249488752556239,25350.0,16896.0,0.20011362022439994,300.0,0.05112474437627812,call_oi_wall,5900.0,0.005453306066802943,below_price_wall
COMMODITY,SM,SM,CZCE,2611,,,,,,,5922.0,,,6100.0,5600.0,,,,6000.0,,,,,,,,28303.0,12125.0,5590155.0,,,,,,,,,,,,,,,,,,,,,,,,,,,,,,,,,,,,,,,,,,,,COMMODITY,SM,SM611,5922.0,361551.0,400059.0,-33414.0,10683832000.0,6.5e-05,5900.0,5900.0,0.01317122593718345,0.030057413036136404,-0.05437352245862881,-0.0037149611617697254,-0.0037149611617697254,16842.0,11461.0,0.19012118856658305,500.0,0.08443093549476528,volume_wall,5900.0,-0.0037149611617697254,below_price_wall
COMMODITY,SM,SM,CZCE,2612,,,,,,,5918.0,,,6000.0,5400.0,,,,6000.0,,,,,,,,2681.0,1096.0,473795.0,,,,,,,,,,,,,,,,,,,,,,,,,,,,,,,,,,,,,,,,,,,,COMMODITY,SM,SM612,5918.0,145051.0,38023.0,-8914.0,4287707600.0,6.1000000000000005e-05,5400.0,6000.0,0.013856032443392952,0.013856032443392952,-0.08752957080094625,-0.08752957080094625,0.013856032443392952,1662.0,1019.0,0.23983588213353227,600.0,0.1013856032443393,call_oi_wall,6000.0,0.013856032443392952,below_price_wall
COMMODITY,SM,SM,CZCE,2701,,,,,,,5926.0,,,6400.0,5800.0,,,,5800.0,,,,,,,,7871.0,615.0,252110.0,,,,,,,,,,,,,,,,,,,,,,,,,,,,,,,,,,,,,,,,,,,,COMMODITY,SM,SM701,5926.0,50144.0,176247.0,1472.0,1486268200.0,3.4e-05,5800.0,5800.0,-0.021262234222072185,0.07998650016874786,-0.021262234222072185,-0.021262234222072185,-0.021262234222072185,5146.0,2725.0,0.30758480498030744,600.0,0.10124873439082012,put_oi_wall,5800.0,-0.021262234222072185,above_price_wall
COMMODITY,SM,SM,CZCE,2705,,,,,,,5968.0,,,6300.0,5200.0,,,,6300.0,,,,,,,,1057.0,68.0,47395.0,,,,,,,,,,,,,,,,,,,,,,,,,,,,,,,,,,,,,,,,,,,,COMMODITY,SM,SM705,5968.0,908.0,9618.0,15.0,27121960.0,7e-06,6300.0,6300.0,0.055630026809651456,0.055630026809651456,-0.12868632707774796,0.055630026809651456,0.055630026809651456,966.0,91.0,0.8278145695364238,1100.0,0.18431635388739948,call_oi_wall,6300.0,0.055630026809651456,below_price_wall
COMMODITY,SR,SR,CZCE,2611,,,,,,,5200.0,,,5300.0,5000.0,,,,5300.0,,,,,,,,156433.0,156817.0,65661150.0,,,,,,,,,,,,,,,,,,,,,,,,,,,,,,,,,,,,,,,,,,,,COMMODITY,SR,SR611,5200.0,202407.0,263350.0,5163.0,10539332500.0,8.5e-05,5300.0,5300.0,0.019230769230769162,0.019230769230769162,-0.038461538461538436,0.019230769230769162,0.019230769230769162,99141.0,57292.0,0.2675202802477738,300.0,0.057692307692307696,call_oi_wall,5300.0,0.019230769230769162,below_price_wall
COMMODITY,SR,SR,CZCE,2701,,,,,,,5379.0,,,6000.0,5200.0,,,,5600.0,,,,,,,,272606.0,107472.0,87024490.0,,,,,,,,,,,,,,,,,,,,,,,,,,,,,,,,,,,,,,,,,,,,COMMODITY,SR,SR701,5379.0,706573.0,586762.0,15832.0,37928839000.0,0.00015900000000000002,5600.0,5400.0,0.04108570366239084,0.1154489682097044,-0.03327756088492284,0.04108570366239084,0.003904071388733943,208958.0,63648.0,0.5330403586127965,800.0,0.14872652909462725,amount_wall,5400.0,0.003904071388733943,below_price_wall
COMMODITY,SR,SR,CZCE,2703,,,,,,,5413.0,,,6100.0,5100.0,,,,6100.0,,,,,,,,7233.0,5647.0,5578815.0,,,,,,,,,,,,,,,,,,,,,,,,,,,,,,,,,,,,,,,,,,,,COMMODITY,SR,SR703,5413.0,104539.0,70858.0,3473.0,5654514500.0,0.000146,5200.0,5200.0,0.12691668206170337,0.12691668206170337,-0.05782375762054315,-0.03934971365231854,-0.03934971365231854,4277.0,2956.0,0.182635144476704,1000.0,0.18474043968224643,volume_wall,5200.0,-0.03934971365231854,below_price_wall
COMMODITY,SR,SR,CZCE,2705,,,,,,,5449.0,,,6000.0,5100.0,,,,6000.0,,,,,,,,5615.0,927.0,1264210.0,,,,,,,,,,,,,,,,,,,,,,,,,,,,,,,,,,,,,,,,,,,,COMMODITY,SR,SR705,5449.0,46512.0,70743.0,7012.0,2531648200.0,0.000155,5500.0,5500.0,0.10111947146265376,0.10111947146265376,-0.06404844925674436,0.009359515507432636,0.009359515507432636,3639.0,1976.0,0.29617097061442565,900.0,0.16516792071939806,volume_wall,5500.0,0.009359515507432636,below_price_wall
COMMODITY,TA,TA,CZCE,2610,,,,,,,5890.0,,,6500.0,5500.0,,,,6500.0,,,,,,,,191002.0,434547.0,135436257.0,,,,,,,,,,,,,,,,,,,,,,,,,,,,,,,,,,,,,,,,,,,,COMMODITY,TA,TA610,5890.0,283010.0,295549.0,-6129.0,8419547500.0,-0.000151,6500.0,6000.0,0.10356536502546687,0.10356536502546687,-0.06621392190152797,0.10356536502546687,0.018675721561969505,116165.0,74837.0,0.21637469764714506,1000.0,0.1697792869269949,amount_wall,6000.0,0.018675721561969505,below_price_wall
COMMODITY,TA,TA,CZCE,2611,,,,,,,5850.0,,,6500.0,5300.0,,,,6000.0,,,,,,,,20872.0,19446.0,11882853.0,,,,,,,,,,,,,,,,,,,,,,,,,,,,,,,,,,,,,,,,,,,,COMMODITY,TA,TA611,5850.0,367887.0,681183.0,-26577.0,10852666500.0,-0.00014800000000000002,6800.0,6000.0,0.02564102564102555,0.11111111111111116,-0.09401709401709402,0.16239316239316248,0.02564102564102555,9984.0,10888.0,-0.04331161364507474,1200.0,0.20512820512820512,price_wall,6000.0,0.02564102564102555,below_price_wall
COMMODITY,TA,TA,CZCE,2612,,,,,,,5794.0,,,6000.0,4800.0,,,,4800.0,,,,,,,,1301.0,3.0,1298.0,,,,,,,,,,,,,,,,,,,,,,,,,,,,,,,,,,,,,,,,,,,,COMMODITY,TA,TA612,5794.0,124463.0,131073.0,-1377.0,3630585700.0,-0.000136,6500.0,6500.0,-0.17155678287884013,0.03555402140144981,-0.17155678287884013,0.1218501898515707,0.1218501898515707,639.0,662.0,-0.017678708685626442,1200.0,0.20711080428028997,call_oi_wall,6000.0,0.03555402140144981,above_price_wall
COMMODITY,TA,TA,CZCE,2701,,,,,,,5754.0,,,7400.0,5000.0,,,,5800.0,,,,,,,,42478.0,25148.0,29140377.0,,,,,,,,,,,,,,,,,,,,,,,,,,,,,,,,,,,,,,,,,,,,COMMODITY,TA,TA701,5754.0,629082.0,789289.0,79280.0,18249669000.0,-9.3e-05,5800.0,5800.0,0.00799443865137306,0.2860618700034758,-0.13103927702467844,0.00799443865137306,0.00799443865137306,24347.0,18131.0,0.14633457319082818,2400.0,0.4171011470281543,price_wall,5800.0,0.00799443865137306,below_price_wall
COMMODITY,TA,TA,CZCE,2703,,,,,,,5708.0,,,6300.0,4650.0,,,,4650.0,,,,,,,,960.0,6.0,1650.0,,,,,,,,,,,,,,,,,,,,,,,,,,,,,,,,,,,,,,,,,,,,COMMODITY,TA,TA703,5708.0,27824.0,142387.0,6684.0,795209900.0,-5.2e-05,4800.0,4800.0,-0.18535388927820606,0.10371408549404348,-0.18535388927820606,-0.15907498248072882,-0.15907498248072882,366.0,594.0,-0.2375,1650.0,0.2890679747722495,call_oi_wall,6300.0,0.10371408549404348,above_price_wall
COMMODITY,TA,TA,CZCE,2705,,,,,,,5668.0,,,6100.0,4900.0,,,,6100.0,,,,,,,,736.0,22.0,39913.0,,,,,,,,,,,,,,,,,,,,,,,,,,,,,,,,,,,,,,,,,,,,COMMODITY,TA,TA705,5668.0,12400.0,48152.0,477.0,352284000.0,-2.1e-05,6100.0,6100.0,0.07621736062103035,0.07621736062103035,-0.13549752999294284,0.07621736062103035,0.07621736062103035,611.0,125.0,0.6603260869565217,1200.0,0.2117148906139732,call_oi_wall,6100.0,0.07621736062103035,below_price_wall
COMMODITY,UR,UR,CZCE,2610,,,,,,,1708.0,,,1800.0,1720.0,,,,1800.0,,,,,,,,64338.0,42052.0,10630730.0,,,,,,,,,,,,,,,,,,,,,,,,,,,,,,,,,,,,,,,,,,,,COMMODITY,UR,UR610,1708.0,50552.0,60145.0,591.0,1730900500.0,2.3e-05,1800.0,1760.0,0.05386416861826704,0.05386416861826704,0.007025761124121788,0.05386416861826704,0.030444964871194413,39447.0,24891.0,0.22624265597314183,80.0,0.0468384074941452,put_oi_wall,1720.0,0.007025761124121788,below_price_wall
COMMODITY,UR,UR,CZCE,2611,,,,,,,1745.0,,,1940.0,1760.0,,,,1760.0,,,,,,,,17107.0,5652.0,2172000.0,,,,,,,,,,,,,,,,,,,,,,,,,,,,,,,,,,,,,,,,,,,,COMMODITY,UR,UR611,1745.0,67740.0,87629.0,-4057.0,2366835600.0,7.5e-05,1760.0,1760.0,0.008595988538681931,0.11174785100286533,0.008595988538681931,0.008595988538681931,0.008595988538681931,8042.0,9065.0,-0.05980008183784416,180.0,0.10315186246418338,put_oi_wall,1760.0,0.008595988538681931,below_price_wall
COMMODITY,UR,UR,CZCE,2612,,,,,,,1741.0,,,1960.0,1520.0,,,,1960.0,,,,,,,,1167.0,45.0,6120.0,,,,,,,,,,,,,,,,,,,,,,,,,,,,,,,,,,,,,,,,,,,,COMMODITY,UR,UR612,1741.0,20062.0,32901.0,-1755.0,699762560.0,6.4e-05,1960.0,1960.0,0.12578977599080998,0.12578977599080998,-0.12693854106835156,0.12578977599080998,0.12578977599080998,903.0,264.0,0.5475578406169666,440.0,0.2527283170591614,call_oi_wall,1960.0,0.12578977599080998,below_price_wall
COMMODITY,UR,UR,CZCE,2701,,,,,,,1742.0,,,2000.0,1760.0,,,,1760.0,,,,,,,,19832.0,7675.0,6107140.0,,,,,,,,,,,,,,,,,,,,,,,,,,,,,,,,,,,,,,,,,,,,COMMODITY,UR,UR701,1742.0,134672.0,217266.0,22025.0,4700052800.0,4.6e-05,1760.0,1760.0,0.010332950631458004,0.14810562571756591,0.010332950631458004,0.010332950631458004,0.010332950631458004,10167.0,9665.0,0.025312626058894717,240.0,0.1377726750861079,put_oi_wall,1760.0,0.010332950631458004,below_price_wall
COMMODITY,UR,UR,CZCE,2703,,,,,,,1780.0,,,2000.0,1620.0,,,,1620.0,,,,,,,,775.0,48.0,23070.0,,,,,,,,,,,,,,,,,,,,,,,,,,,,,,,,,,,,,,,,,,,,COMMODITY,UR,UR703,1780.0,4675.0,32079.0,62.0,166991000.0,1.7e-05,1740.0,1740.0,-0.0898876404494382,0.12359550561797761,-0.0898876404494382,-0.022471910112359605,-0.022471910112359605,369.0,406.0,-0.04774193548387097,380.0,0.21348314606741572,volume_wall,1740.0,-0.022471910112359605,above_price_wall
COMMODITY,ZC,ZC,CZCE,2610,,,,,,,,,,560.0,560.0,,,,560.0,,,,,,,,0.0,0.0,0.0,,,,,,,,,,,,,,,,,,,,,,,,,,,,,,,,,,,,,,,,,,,,COMMODITY,ZC,,,,,,,,560.0,560.0,,,,,,0.0,0.0,,0.0,,,,,unavailable
COMMODITY,ZC,ZC,CZCE,2611,,,,,,,,,,560.0,560.0,,,,560.0,,,,,,,,0.0,0.0,0.0,,,,,,,,,,,,,,,,,,,,,,,,,,,,,,,,,,,,,,,,,,,,COMMODITY,ZC,,,,,,,,560.0,560.0,,,,,,0.0,0.0,,0.0,,,,,unavailable
COMMODITY,a,a,DCE,2611,,,,,,,5074.0,,,5600.0,4800.0,,,,5600.0,,,,,,,,104847.0,90693.0,60439485.0,,,,,,,,,,,,,,,,,,,,,,,,,,,,,,,,,,,,,,,,,,,,COMMODITY,a,a2611,5074.0,433890.0,404322.0,4450.0,22072087000.0,3e-05,5600.0,5000.0,0.10366574694521091,0.10366574694521091,-0.05400078833267641,0.10366574694521091,-0.014584154513204606,55775.0,49072.0,0.06393125220559481,800.0,0.15766653527788727,amount_wall,5000.0,-0.014584154513204606,below_price_wall
COMMODITY,a,a,DCE,2701,,,,,,,5111.0,,,5600.0,4800.0,,,,4800.0,,,,,,,,16473.0,7392.0,7442525.0,,,,,,,,,,,,,,,,,,,,,,,,,,,,,,,,,,,,,,,,,,,,COMMODITY,a,a2701,5111.0,115875.0,155178.0,8146.0,5939071900.0,2.8999999999999997e-05,5600.0,5500.0,-0.06084914889454118,0.09567599295636864,-0.06084914889454118,0.09567599295636864,0.0761103502250049,5508.0,10965.0,-0.33126934984520123,800.0,0.1565251418509098,put_oi_wall,4800.0,-0.06084914889454118,above_price_wall
COMMODITY,a,a,DCE,2703,,,,,,,5122.0,,,5000.0,4400.0,,,,5000.0,,,,,,,,1170.0,230.0,127085.0,,,,,,,,,,,,,,,,,,,,,,,,,,,,,,,,,,,,,,,,,,,,COMMODITY,a,a2703,5122.0,20696.0,55630.0,21.0,1062897090.0,3.3e-05,4300.0,5600.0,-0.023818820773135463,-0.023818820773135463,-0.14096056228035925,-0.16048418586489654,0.09332292073408821,891.0,279.0,0.5230769230769231,600.0,0.11714174150722374,call_oi_wall,5000.0,-0.023818820773135463,above_price_wall
COMMODITY,a,a,DCE,2705,,,,,,,5225.0,,,5600.0,4300.0,,,,5600.0,,,,,,,,152.0,13.0,15910.0,,,,,,,,,,,,,,,,,,,,,,,,,,,,,,,,,,,,,,,,,,,,COMMODITY,a,a2705,5225.0,15053.0,39127.0,2050.0,788341800.0,4e-05,5600.0,5600.0,0.0717703349282297,0.0717703349282297,-0.17703349282296654,0.0717703349282297,0.0717703349282297,135.0,17.0,0.7763157894736842,1300.0,0.24880382775119617,call_oi_wall,5600.0,0.0717703349282297,below_price_wall
COMMODITY,a,a,DCE,2707,,,,,,,5247.0,,,5400.0,4300.0,,,,5800.0,,,,,,,,45.0,1.0,1200.0,,,,,,,,,,,,,,,,,,,,,,,,,,,,,,,,,,,,,,,,,,,,COMMODITY,a,a2707,5247.0,8049.0,21688.0,1106.0,423262590.0,4.2e-05,5800.0,5800.0,0.10539355822374685,0.029159519725557415,-0.18048408614446354,0.10539355822374685,0.10539355822374685,39.0,6.0,0.7333333333333333,1100.0,0.20964360587002095,call_oi_wall,5400.0,0.029159519725557415,below_price_wall
COMMODITY,b,b,DCE,2610,,,,,,,4007.0,,,4300.0,3800.0,,,,4300.0,,,,,,,,25154.0,67841.0,20801455.0,,,,,,,,,,,,,,,,,,,,,,,,,,,,,,,,,,,,,,,,,,,,COMMODITY,b,b2610,4007.0,23531.0,57551.0,1558.0,940843290.0,0.000147,4300.0,4000.0,0.0731220364362366,0.0731220364362366,-0.051659595707511885,0.0731220364362366,-0.0017469428500124229,13831.0,11323.0,0.09970581219686729,500.0,0.12478163214374845,amount_wall,4000.0,-0.0017469428500124229,below_price_wall
COMMODITY,b,b,DCE,2611,,,,,,,4032.0,,,4000.0,3600.0,,,,3600.0,,,,,,,,1336.0,1628.0,824660.0,,,,,,,,,,,,,,,,,,,,,,,,,,,,,,,,,,,,,,,,,,,,COMMODITY,b,b2611,4032.0,231234.0,232910.0,26871.0,9302765500.0,0.000146,3600.0,4000.0,-0.1071428571428571,-0.007936507936507908,-0.1071428571428571,-0.1071428571428571,-0.007936507936507908,335.0,1001.0,-0.49850299401197606,400.0,0.0992063492063492,call_oi_wall,4000.0,-0.007936507936507908,above_price_wall
COMMODITY,b,b,DCE,2612,,,,,,,4049.0,,,4300.0,3200.0,,,,4300.0,,,,,,,,147.0,11.0,840.0,,,,,,,,,,,,,,,,,,,,,,,,,,,,,,,,,,,,,,,,,,,,COMMODITY,b,b2612,4049.0,9577.0,49048.0,1735.0,386863130.0,0.00013,4300.0,4300.0,0.061990614966658475,0.061990614966658475,-0.20968140281550995,0.061990614966658475,0.061990614966658475,64.0,83.0,-0.1292517006802721,1100.0,0.27167201778216843,call_oi_wall,4300.0,0.061990614966658475,below_price_wall
COMMODITY,b,b,DCE,2701,,,,,,,4010.0,,,4400.0,3700.0,,,,3700.0,,,,,,,,263.0,2.0,1200.0,,,,,,,,,,,,,,,,,,,,,,,,,,,,,,,,,,,,,,,,,,,,COMMODITY,b,b2701,4010.0,13463.0,24656.0,2681.0,540089600.0,0.000111,4200.0,4200.0,-0.07730673316708225,0.09725685785536164,-0.07730673316708225,0.04738154613466339,0.04738154613466339,6.0,257.0,-0.9543726235741445,700.0,0.1745635910224439,volume_wall,4200.0,0.04738154613466339,above_price_wall
COMMODITY,b,b,DCE,2702,,,,,,,3986.0,,,3600.0,3100.0,,,,3600.0,,,,,,,,8.0,0.0,0.0,,,,,,,,,,,,,,,,,,,,,,,,,,,,,,,,,,,,,,,,,,,,COMMODITY,b,b2702,3986.0,4914.0,10928.0,1480.0,195671950.0,0.00013,3100.0,3100.0,-0.09683893627696938,-0.09683893627696938,-0.22227797290516804,-0.22227797290516804,-0.22227797290516804,5.0,3.0,0.25,500.0,0.1254390366281987,call_oi_wall,3600.0,-0.09683893627696938,above_price_wall
COMMODITY,b,b,DCE,2703,,,,,,,3925.0,,,3700.0,3300.0,,,,3700.0,,,,,,,,10.0,0.0,0.0,,,,,,,,,,,,,,,,,,,,,,,,,,,,,,,,,,,,,,,,,,,,COMMODITY,b,b2703,3925.0,363.0,1017.0,105.0,14231500.0,0.00010800000000000001,3300.0,3300.0,-0.0573248407643312,-0.0573248407643312,-0.15923566878980888,-0.15923566878980888,-0.15923566878980888,10.0,0.0,1.0,400.0,0.10191082802547771,call_oi_wall,3700.0,-0.0573248407643312,above_price_wall
COMMODITY,b,b,DCE,2704,,,,,,,3795.0,,,4100.0,3200.0,,,,4100.0,,,,,,,,99.0,1.0,350.0,,,,,,,,,,,,,,,,,,,,,,,,,,,,,,,,,,,,,,,,,,,,COMMODITY,b,b2704,3795.0,152.0,732.0,96.0,5759030.0,0.00010899999999999999,4200.0,4200.0,0.08036890645586303,0.08036890645586303,-0.1567852437417655,0.10671936758893286,0.10671936758893286,99.0,0.0,1.0,900.0,0.23715415019762845,call_oi_wall,4100.0,0.08036890645586303,below_price_wall
COMMODITY,b,b,DCE,2705,,,,,,,3696.0,,,3900.0,3400.0,,,,3400.0,,,,,,,,59.0,0.0,0.0,,,,,,,,,,,,,,,,,,,,,,,,,,,,,,,,,,,,,,,,,,,,COMMODITY,b,b2705,3696.0,2677.0,12392.0,442.0,98978520.0,7.400000000000001e-05,3100.0,3100.0,-0.0800865800865801,0.05519480519480524,-0.0800865800865801,-0.1612554112554112,-0.1612554112554112,9.0,50.0,-0.6949152542372882,500.0,0.13528138528138528,call_oi_wall,3900.0,0.05519480519480524,above_price_wall
COMMODITY,b,b,DCE,2706,,,,,,,3675.0,,,3600.0,3400.0,,,,3600.0,,,,,,,,15.0,0.0,0.0,,,,,,,,,,,,,,,,,,,,,,,,,,,,,,,,,,,,,,,,,,,,COMMODITY,b,b2706,3675.0,67.0,677.0,3.0,2463240.0,7.7e-05,3100.0,3100.0,-0.020408163265306145,-0.020408163265306145,-0.07482993197278909,-0.15646258503401356,-0.15646258503401356,14.0,1.0,0.8666666666666667,200.0,0.05442176870748299,call_oi_wall,3600.0,-0.020408163265306145,above_price_wall
COMMODITY,b,b,DCE,2707,,,,,,,3670.0,,,3400.0,3300.0,,,,3400.0,,,,,,,,13.0,0.0,0.0,,,,,,,,,,,,,,,,,,,,,,,,,,,,,,,,,,,,,,,,,,,,COMMODITY,b,b2707,3670.0,86.0,811.0,20.0,3158240.0,6.9e-05,3200.0,3200.0,-0.07356948228882831,-0.07356948228882831,-0.10081743869209814,-0.12806539509536785,-0.12806539509536785,2.0,11.0,-0.6923076923076923,100.0,0.027247956403269755,call_oi_wall,3400.0,-0.07356948228882831,above_price_wall
COMMODITY,b,b,DCE,2708,,,,,,,3744.0,,,3300.0,3300.0,,,,3300.0,,,,,,,,0.0,0.0,0.0,,,,,,,,,,,,,,,,,,,,,,,,,,,,,,,,,,,,,,,,,,,,COMMODITY,b,b2708,3744.0,2.0,16.0,0.0,74870.0,0.000146,3300.0,3300.0,-0.11858974358974361,-0.11858974358974361,-0.11858974358974361,-0.11858974358974361,-0.11858974358974361,0.0,0.0,,0.0,0.0,call_oi_wall,3300.0,-0.11858974358974361,above_price_wall
COMMODITY,bz,bz,DCE,2610,,,,,,,7549.0,,,7900.0,7200.0,,,,7500.0,,,,,,,,2583.0,1988.0,9950880.0,,,,,,,,,,,,,,,,,,,,,,,,,,,,,,,,,,,,,,,,,,,,COMMODITY,bz,bz2610,7549.0,16351.0,21775.0,2282.0,3696333800.0,0.000126,7500.0,7500.0,-0.006490925950456972,0.046496224665518504,-0.04623128891243877,-0.006490925950456972,-0.006490925950456972,1494.0,1089.0,0.156794425087108,700.0,0.09272751357795735,price_wall,7500.0,-0.006490925950456972,above_price_wall
COMMODITY,bz,bz,DCE,2611,,,,,,,7372.0,,,8000.0,6900.0,,,,6900.0,,,,,,,,300.0,323.0,2223495.0,,,,,,,,,,,,,,,,,,,,,,,,,,,,,,,,,,,,,,,,,,,,COMMODITY,bz,bz2611,7372.0,719.0,6472.0,275.0,158916600.0,0.000117,6900.0,6900.0,-0.06402604449267502,0.08518719479110137,-0.06402604449267502,-0.06402604449267502,-0.06402604449267502,192.0,108.0,0.28,1100.0,0.14921323928377644,put_oi_wall,6900.0,-0.06402604449267502,above_price_wall
COMMODITY,bz,bz,DCE,2612,,,,,,,7266.0,,,6600.0,5800.0,,,,6600.0,,,,,,,,123.0,0.0,0.0,,,,,,,,,,,,,,,,,,,,,,,,,,,,,,,,,,,,,,,,,,,,COMMODITY,bz,bz2612,7266.0,175.0,3964.0,100.0,38126430.0,0.000124,5200.0,5200.0,-0.09165978530140384,-0.09165978530140384,-0.20176162950729426,-0.2843380126617121,-0.2843380126617121,88.0,35.0,0.43089430894308944,800.0,0.11010184420589045,call_oi_wall,6600.0,-0.09165978530140384,above_price_wall
COMMODITY,bz,bz,DCE,2701,,,,,,,7210.0,,,8400.0,5400.0,,,,5800.0,,,,,,,,129.0,1.0,1230.0,,,,,,,,,,,,,,,,,,,,,,,,,,,,,,,,,,,,,,,,,,,,COMMODITY,bz,bz2701,7210.0,233.0,1753.0,51.0,50302020.0,0.000156,5800.0,5800.0,-0.19556171983356452,0.16504854368932032,-0.2510402219140083,-0.19556171983356452,-0.19556171983356452,84.0,45.0,0.3023255813953488,3000.0,0.4160887656033287,call_oi_wall,8400.0,0.16504854368932032,above_price_wall
COMMODITY,bz,bz,DCE,2702,,,,,,,7156.0,,,8400.0,5200.0,,,,6400.0,,,,,,,,190.0,2.0,7290.0,,,,,,,,,,,,,,,,,,,,,,,,,,,,,,,,,,,,,,,,,,,,COMMODITY,bz,bz2702,7156.0,83.0,754.0,25.0,17800770.0,6.2e-05,5600.0,6400.0,-0.1056456120737842,0.17384013415315813,-0.2733370598099497,-0.21743991056456125,-0.1056456120737842,95.0,95.0,0.0,3200.0,0.4471771939631079,price_wall,6400.0,-0.1056456120737842,above_price_wall
COMMODITY,bz,bz,DCE,2703,,,,,,,7136.0,,,9200.0,5200.0,,,,5600.0,,,,,,,,179.0,3.0,5445.0,,,,,,,,,,,,,,,,,,,,,,,,,,,,,,,,,,,,,,,,,,,,COMMODITY,bz,bz2703,7136.0,6.0,33.0,2.0,1281750.0,0.00017999999999999998,5600.0,5600.0,-0.2152466367713004,0.28923766816143504,-0.2713004484304933,-0.2152466367713004,-0.2152466367713004,108.0,71.0,0.20670391061452514,4000.0,0.5605381165919282,price_wall,5600.0,-0.2152466367713004,above_price_wall
COMMODITY,bz,bz,DCE,2704,,,,,,,7145.0,,,7000.0,6400.0,,,,7200.0,,,,,,,,114.0,14.0,140040.0,,,,,,,,,,,,,,,,,,,,,,,,,,,,,,,,,,,,,,,,,,,,COMMODITY,bz,bz2704,7145.0,3.0,19.0,1.0,643860.0,0.000285,7800.0,7200.0,0.007697690692792136,-0.020293911826452016,-0.1042687193841847,0.09167249825052481,0.007697690692792136,77.0,37.0,0.3508771929824561,600.0,0.08397480755773268,price_wall,7200.0,0.007697690692792136,below_price_wall
COMMODITY,bz,bz,DCE,2705,,,,,,,7174.0,,,6800.0,5400.0,,,,8000.0,,,,,,,,103.0,10.0,71985.0,,,,,,,,,,,,,,,,,,,,,,,,,,,,,,,,,,,,,,,,,,,,COMMODITY,bz,bz2705,7174.0,3.0,8.0,0.0,645690.0,0.000225,8000.0,8000.0,0.1151379983272931,-0.05213270142180093,-0.2472818511290772,0.1151379983272931,0.1151379983272931,58.0,45.0,0.1262135922330097,1400.0,0.1951491497072763,call_oi_wall,6800.0,-0.05213270142180093,below_price_wall
COMMODITY,bz,bz,DCE,2706,,,,,,,7130.0,,,6800.0,5600.0,,,,5600.0,,,,,,,,44.0,5.0,17040.0,,,,,,,,,,,,,,,,,,,,,,,,,,,,,,,,,,,,,,,,,,,,COMMODITY,bz,bz2706,7130.0,5.0,10.0,2.0,1067100.0,0.00012200000000000001,5600.0,5600.0,-0.21458625525946706,-0.04628330995792429,-0.21458625525946706,-0.21458625525946706,-0.21458625525946706,17.0,27.0,-0.22727272727272727,1200.0,0.16830294530154277,call_oi_wall,6800.0,-0.04628330995792429,above_price_wall
COMMODITY,bz,bz,DCE,2707,,,,,,,7131.0,,,7000.0,6400.0,,,,7000.0,,,,,,,,7.0,0.0,0.0,,,,,,,,,,,,,,,,,,,,,,,,,,,,,,,,,,,,,,,,,,,,COMMODITY,bz,bz2707,7131.0,1.0,3.0,-1.0,213930.0,0.000115,5800.0,5800.0,-0.018370495021736044,-0.018370495021736044,-0.10251016687701586,-0.18664983873229557,-0.18664983873229557,6.0,1.0,0.7142857142857143,600.0,0.08413967185527976,call_oi_wall,7000.0,-0.018370495021736044,above_price_wall
COMMODITY,c,c,DCE,2611,,,,,,,2265.0,,,2300.0,2200.0,,,,2300.0,,,,,,,,228542.0,241312.0,44840750.0,,,,,,,,,,,,,,,,,,,,,,,,,,,,,,,,,,,,,,,,,,,,COMMODITY,c,c2611,2265.0,1200416.0,961464.0,66856.0,27028712000.0,0.00023,2300.0,2300.0,0.015452538631346657,0.015452538631346657,-0.028697571743929395,0.015452538631346657,0.015452538631346657,136906.0,91636.0,0.19808175302570205,100.0,0.04415011037527594,call_oi_wall,2300.0,0.015452538631346657,below_price_wall
COMMODITY,c,c,DCE,2701,,,,,,,2279.0,,,2600.0,2160.0,,,,2400.0,,,,,,,,89501.0,31858.0,8391405.0,,,,,,,,,,,,,,,,,,,,,,,,,,,,,,,,,,,,,,,,,,,,COMMODITY,c,c2701,2279.0,239386.0,337616.0,16982.0,5425095200.0,0.000211,2400.0,2300.0,0.05309346204475651,0.14085125054848624,-0.05221588415971923,0.05309346204475651,0.009214567792891648,60689.0,28812.0,0.3561636182835946,440.0,0.19306713470820536,amount_wall,2300.0,0.009214567792891648,below_price_wall
COMMODITY,c,c,DCE,2703,,,,,,,2297.0,,,2600.0,2160.0,,,,2160.0,,,,,,,,2049.0,1871.0,359875.0,,,,,,,,,,,,,,,,,,,,,,,,,,,,,,,,,,,,,,,,,,,,COMMODITY,c,c2703,2297.0,74549.0,223952.0,3630.0,1702317300.0,0.000213,2600.0,2160.0,-0.05964301262516325,0.13191118850674788,-0.05964301262516325,0.13191118850674788,-0.05964301262516325,1120.0,929.0,0.09321620302586628,440.0,0.19155420113191118,put_oi_wall,2160.0,-0.05964301262516325,above_price_wall
COMMODITY,c,c,DCE,2705,,,,,,,2350.0,,,2600.0,2280.0,,,,2280.0,,,,,,,,2110.0,200.0,41845.0,,,,,,,,,,,,,,,,,,,,,,,,,,,,,,,,,,,,,,,,,,,,COMMODITY,c,c2705,2350.0,49493.0,71394.0,9989.0,1153717230.0,0.000195,2600.0,2280.0,-0.029787234042553234,0.1063829787234043,-0.029787234042553234,0.1063829787234043,-0.029787234042553234,437.0,1673.0,-0.5857819905213271,320.0,0.13617021276595745,put_oi_wall,2280.0,-0.029787234042553234,above_price_wall
COMMODITY,c,c,DCE,2707,,,,,,,2363.0,,,2560.0,2080.0,,,,2360.0,,,,,,,,210.0,78.0,70940.0,,,,,,,,,,,,,,,,,,,,,,,,,,,,,,,,,,,,,,,,,,,,COMMODITY,c,c2707,2363.0,12282.0,50849.0,5441.0,288063020.0,0.00020299999999999997,2360.0,2360.0,-0.0012695725772323696,0.08336859923825646,-0.11976301311891668,-0.0012695725772323696,-0.0012695725772323696,133.0,77.0,0.26666666666666666,480.0,0.20313161235717309,price_wall,2360.0,-0.0012695725772323696,near_price_wall
COMMODITY,cs,cs,DCE,2611,,,,,,,2573.0,,,2750.0,2550.0,,,,2750.0,,,,,,,,51745.0,60872.0,19352615.0,,,,,,,,,,,,,,,,,,,,,,,,,,,,,,,,,,,,,,,,,,,,COMMODITY,cs,cs2611,2573.0,315916.0,273649.0,-21728.0,8062212400.0,0.000288,2700.0,2550.0,0.06879129420909447,0.06879129420909447,-0.008938981733385143,0.04935872522347462,-0.008938981733385143,36032.0,15713.0,0.3926756208329307,200.0,0.0777302759424796,put_oi_wall,2550.0,-0.008938981733385143,below_price_wall
COMMODITY,cs,cs,DCE,2701,,,,,,,2598.0,,,3100.0,2500.0,,,,3100.0,,,,,,,,1607.0,1784.0,232485.0,,,,,,,,,,,,,,,,,,,,,,,,,,,,,,,,,,,,,,,,,,,,COMMODITY,cs,cs2701,2598.0,25250.0,30979.0,-1510.0,651548610.0,0.00025299999999999997,3100.0,2600.0,0.193225558121632,0.193225558121632,-0.03772132409545803,0.193225558121632,0.0007698229407235857,1302.0,305.0,0.6204107031736155,600.0,0.23094688221709006,amount_wall,2600.0,0.0007698229407235857,below_price_wall
COMMODITY,cs,cs,DCE,2703,,,,,,,2609.0,,,3000.0,2400.0,,,,2400.0,,,,,,,,303.0,0.0,0.0,,,,,,,,,,,,,,,,,,,,,,,,,,,,,,,,,,,,,,,,,,,,COMMODITY,cs,cs2703,2609.0,4934.0,31135.0,825.0,127827310.0,0.000247,2300.0,2300.0,-0.08010732081257188,0.14986584898428523,-0.08010732081257188,-0.11843618244538134,-0.11843618244538134,166.0,137.0,0.09570957095709572,600.0,0.22997316979685703,put_oi_wall,2400.0,-0.08010732081257188,above_price_wall
COMMODITY,cs,cs,DCE,2705,,,,,,,2672.0,,,3000.0,2400.0,,,,2400.0,,,,,,,,55.0,0.0,0.0,,,,,,,,,,,,,,,,,,,,,,,,,,,,,,,,,,,,,,,,,,,,COMMODITY,cs,cs2705,2672.0,698.0,1845.0,-245.0,18547590.0,0.000226,2400.0,2400.0,-0.10179640718562877,0.1227544910179641,-0.10179640718562877,-0.10179640718562877,-0.10179640718562877,10.0,45.0,-0.6363636363636364,600.0,0.2245508982035928,put_oi_wall,2400.0,-0.10179640718562877,above_price_wall
COMMODITY,cs,cs,DCE,2707,,,,,,,2679.0,,,2900.0,2400.0,,,,2500.0,,,,,,,,28.0,1.0,340.0,,,,,,,,,,,,,,,,,,,,,,,,,,,,,,,,,,,,,,,,,,,,COMMODITY,cs,cs2707,2679.0,87.0,174.0,8.0,2317170.0,0.000206,2500.0,2500.0,-0.06681597611048895,0.08249346771183275,-0.10414333706606937,-0.06681597611048895,-0.06681597611048895,10.0,18.0,-0.2857142857142857,500.0,0.1866368047779022,price_wall,2500.0,-0.06681597611048895,above_price_wall
COMMODITY,eb,eb,DCE,2610,,,,,,,8681.0,,,8800.0,8000.0,,,,8000.0,,,,,,,,74828.0,140289.0,80152626.0,,,,,,,,,,,,,,,,,,,,,,,,,,,,,,,,,,,,,,,,,,,,COMMODITY,eb,eb2610,8681.0,556877.0,308783.0,9205.0,24121162000.0,9.400000000000001e-05,8000.0,8800.0,-0.07844718350420454,0.013708098145374992,-0.07844718350420454,-0.07844718350420454,0.013708098145374992,39717.0,35111.0,0.061554498316138344,800.0,0.09215528164957953,call_oi_wall,8800.0,0.013708098145374992,above_price_wall
COMMODITY,eb,eb,DCE,2611,,,,,,,8551.0,,,9300.0,7100.0,,,,9300.0,,,,,,,,1373.0,1198.0,882841.0,,,,,,,,,,,,,,,,,,,,,,,,,,,,,,,,,,,,,,,,,,,,COMMODITY,eb,eb2611,8551.0,75836.0,111920.0,3363.0,3239684700.0,9.400000000000001e-05,9300.0,9300.0,0.08759209449187222,0.08759209449187222,-0.16968775581803297,0.08759209449187222,0.08759209449187222,908.0,465.0,0.32265112891478515,2200.0,0.2572798503099053,call_oi_wall,9300.0,0.08759209449187222,below_price_wall
COMMODITY,eb,eb,DCE,2612,,,,,,,8432.0,,,9800.0,7000.0,,,,7800.0,,,,,,,,280.0,0.0,0.0,,,,,,,,,,,,,,,,,,,,,,,,,,,,,,,,,,,,,,,,,,,,COMMODITY,eb,eb2612,8432.0,11385.0,31200.0,1060.0,479706850.0,9.3e-05,6000.0,6000.0,-0.07495256166982922,0.16223908918406083,-0.16982922201138517,-0.2884250474383302,-0.2884250474383302,74.0,206.0,-0.4714285714285714,2800.0,0.33206831119544594,price_wall,7800.0,-0.07495256166982922,above_price_wall
COMMODITY,eb,eb,DCE,2701,,,,,,,8321.0,,,8500.0,7200.0,,,,8500.0,,,,,,,,276.0,0.0,0.0,,,,,,,,,,,,,,,,,,,,,,,,,,,,,,,,,,,,,,,,,,,,COMMODITY,eb,eb2701,8321.0,3740.0,11317.0,249.0,155664870.0,8.7e-05,6000.0,6000.0,0.021511837519528898,0.021511837519528898,-0.1347193846893402,-0.27893282057445024,-0.27893282057445024,128.0,148.0,-0.07246376811594203,1300.0,0.15623122220886912,call_oi_wall,8500.0,0.021511837519528898,below_price_wall
COMMODITY,eb,eb,DCE,2702,,,,,,,8256.0,,,8800.0,7000.0,,,,7000.0,,,,,,,,250.0,0.0,0.0,,,,,,,,,,,,,,,,,,,,,,,,,,,,,,,,,,,,,,,,,,,,COMMODITY,eb,eb2702,8256.0,2724.0,6018.0,667.0,112424740.0,8.6e-05,6400.0,6400.0,-0.15213178294573648,0.06589147286821695,-0.15213178294573648,-0.22480620155038755,-0.22480620155038755,81.0,169.0,-0.352,1800.0,0.2180232558139535,call_oi_wall,8800.0,0.06589147286821695,above_price_wall
COMMODITY,eb,eb,DCE,2703,,,,,,,8216.0,,,10400.0,7400.0,,,,7800.0,,,,,,,,129.0,0.0,0.0,,,,,,,,,,,,,,,,,,,,,,,,,,,,,,,,,,,,,,,,,,,,COMMODITY,eb,eb2703,8216.0,32.0,559.0,0.0,1316165.0,0.00010200000000000001,6400.0,6400.0,-0.05063291139240511,0.26582278481012667,-0.09931840311587148,-0.22103213242453745,-0.22103213242453745,91.0,38.0,0.4108527131782946,3000.0,0.36514118792599803,price_wall,7800.0,-0.05063291139240511,above_price_wall
COMMODITY,eb,eb,DCE,2704,,,,,,,8195.0,,,9000.0,7600.0,,,,9000.0,,,,,,,,136.0,0.0,0.0,,,,,,,,,,,,,,,,,,,,,,,,,,,,,,,,,,,,,,,,,,,,COMMODITY,eb,eb2704,8195.0,30.0,195.0,14.0,1228955.0,0.00014099999999999998,6400.0,6400.0,0.09823062843197072,0.09823062843197072,-0.07260524710189142,-0.21903599755948744,-0.21903599755948744,102.0,34.0,0.5,1400.0,0.17083587553386212,put_oi_wall,7600.0,-0.07260524710189142,below_price_wall
COMMODITY,eb,eb,DCE,2705,,,,,,,8116.0,,,9600.0,6600.0,,,,9600.0,,,,,,,,299.0,0.0,0.0,,,,,,,,,,,,,,,,,,,,,,,,,,,,,,,,,,,,,,,,,,,,COMMODITY,eb,eb2705,8116.0,73.0,629.0,9.0,2971085.0,6.3e-05,6400.0,6400.0,0.18284869393790038,0.18284869393790038,-0.1867915229176934,-0.21143420404139968,-0.21143420404139968,175.0,124.0,0.1705685618729097,3000.0,0.3696402168555939,call_oi_wall,9600.0,0.18284869393790038,below_price_wall
COMMODITY,eb,eb,DCE,2706,,,,,,,8104.0,,,8000.0,6400.0,,,,8000.0,,,,,,,,7.0,0.0,0.0,,,,,,,,,,,,,,,,,,,,,,,,,,,,,,,,,,,,,,,,,,,,COMMODITY,eb,eb2706,8104.0,42.0,122.0,22.0,1704555.0,6.1000000000000005e-05,6400.0,6400.0,-0.012833168805528095,-0.012833168805528095,-0.2102665350444225,-0.2102665350444225,-0.2102665350444225,7.0,0.0,1.0,1600.0,0.19743336623889438,call_oi_wall,8000.0,-0.012833168805528095,above_price_wall
COMMODITY,eb,eb,DCE,2707,,,,,,,8149.0,,,8600.0,6600.0,,,,8400.0,,,,,,,,174.0,61.0,136408.0,,,,,,,,,,,,,,,,,,,,,,,,,,,,,,,,,,,,,,,,,,,,COMMODITY,eb,eb2707,8149.0,4.0,18.0,0.0,162205.0,0.00016,8400.0,8400.0,0.03080132531598978,0.05534421401398948,-0.19008467296600806,0.03080132531598978,0.03080132531598978,122.0,52.0,0.40229885057471265,2000.0,0.24542888697999754,price_wall,8400.0,0.03080132531598978,below_price_wall
COMMODITY,eg,eg,DCE,2610,,,,,,,5088.0,,,5500.0,4000.0,,,,5500.0,,,,,,,,127611.0,202154.0,184033010.0,,,,,,,,,,,,,,,,,,,,,,,,,,,,,,,,,,,,,,,,,,,,COMMODITY,eg,eg2610,5088.0,308393.0,203110.0,17445.0,15476886000.0,0.000246,5500.0,5000.0,0.08097484276729561,0.08097484276729561,-0.21383647798742134,0.08097484276729561,-0.01729559748427678,71123.0,56488.0,0.11468447077446302,1500.0,0.294811320754717,amount_wall,5000.0,-0.01729559748427678,below_price_wall
COMMODITY,eg,eg,DCE,2611,,,,,,,4870.0,,,5000.0,3200.0,,,,5000.0,,,,,,,,1586.0,1381.0,1464255.0,,,,,,,,,,,,,,,,,,,,,,,,,,,,,,,,,,,,,,,,,,,,COMMODITY,eg,eg2611,4870.0,27471.0,90643.0,2500.0,1323784200.0,0.000214,5000.0,5000.0,0.026694045174537884,0.026694045174537884,-0.3429158110882957,0.026694045174537884,0.026694045174537884,912.0,674.0,0.15006305170239598,1800.0,0.36960985626283366,call_oi_wall,5000.0,0.026694045174537884,below_price_wall
COMMODITY,eg,eg,DCE,2612,,,,,,,4730.0,,,5000.0,3600.0,,,,4850.0,,,,,,,,180.0,94.0,136965.0,,,,,,,,,,,,,,,,,,,,,,,,,,,,,,,,,,,,,,,,,,,,COMMODITY,eg,eg2612,4730.0,9971.0,58796.0,2152.0,469112440.0,0.00017600000000000002,5000.0,4850.0,0.025369978858351017,0.05708245243128962,-0.2389006342494715,0.05708245243128962,0.025369978858351017,108.0,72.0,0.2,1400.0,0.2959830866807611,price_wall,4850.0,0.025369978858351017,below_price_wall
COMMODITY,eg,eg,DCE,2701,,,,,,,4640.0,,,5600.0,3600.0,,,,5600.0,,,,,,,,416.0,71.0,59020.0,,,,,,,,,,,,,,,,,,,,,,,,,,,,,,,,,,,,,,,,,,,,COMMODITY,eg,eg2701,4640.0,172870.0,197963.0,9000.0,8010865700.0,0.00014000000000000001,5600.0,5600.0,0.2068965517241379,0.2068965517241379,-0.22413793103448276,0.2068965517241379,0.2068965517241379,173.0,243.0,-0.16826923076923078,2000.0,0.43103448275862066,call_oi_wall,5600.0,0.2068965517241379,below_price_wall
COMMODITY,eg,eg,DCE,2702,,,,,,,4586.0,,,4600.0,4200.0,,,,5400.0,,,,,,,,92.0,17.0,20610.0,,,,,,,,,,,,,,,,,,,,,,,,,,,,,,,,,,,,,,,,,,,,COMMODITY,eg,eg2702,4586.0,1908.0,7339.0,1266.0,87467320.0,0.000146,5400.0,5400.0,0.17749672917575232,0.0030527692978630228,-0.08416921064108152,0.17749672917575232,0.17749672917575232,62.0,30.0,0.34782608695652173,400.0,0.08722197993894461,call_oi_wall,4600.0,0.0030527692978630228,below_price_wall
COMMODITY,eg,eg,DCE,2703,,,,,,,4549.0,,,5600.0,3500.0,,,,5600.0,,,,,,,,37.0,59.0,56945.0,,,,,,,,,,,,,,,,,,,,,,,,,,,,,,,,,,,,,,,,,,,,COMMODITY,eg,eg2703,4549.0,32.0,403.0,3.0,1455000.0,0.00012200000000000001,5600.0,5600.0,0.23103978896460764,0.23103978896460764,-0.23060013189712025,0.23103978896460764,0.23103978896460764,33.0,4.0,0.7837837837837838,2100.0,0.46163992086172784,put_oi_wall,3500.0,-0.23060013189712025,below_price_wall
COMMODITY,eg,eg,DCE,2704,,,,,,,4548.0,,,5400.0,3700.0,,,,5400.0,,,,,,,,51.0,5.0,6870.0,,,,,,,,,,,,,,,,,,,,,,,,,,,,,,,,,,,,,,,,,,,,COMMODITY,eg,eg2704,4548.0,20.0,98.0,10.0,908230.0,0.000172,5400.0,5400.0,0.18733509234828505,0.18733509234828505,-0.18645558487247138,0.18733509234828505,0.18733509234828505,49.0,2.0,0.9215686274509803,1700.0,0.3737906772207564,put_oi_wall,3700.0,-0.18645558487247138,below_price_wall
COMMODITY,eg,eg,DCE,2705,,,,,,,4508.0,,,3800.0,3700.0,,,,3800.0,,,,,,,,59.0,9.0,78015.0,,,,,,,,,,,,,,,,,,,,,,,,,,,,,,,,,,,,,,,,,,,,COMMODITY,eg,eg2705,4508.0,409.0,2601.0,73.0,18484700.0,9.400000000000001e-05,3800.0,3800.0,-0.15705412599822532,-0.15705412599822532,-0.17923691215616677,-0.15705412599822532,-0.15705412599822532,32.0,27.0,0.0847457627118644,100.0,0.022182786157941437,call_oi_wall,3800.0,-0.15705412599822532,above_price_wall
COMMODITY,eg,eg,DCE,2706,,,,,,,4517.0,,,4900.0,3700.0,,,,3700.0,,,,,,,,6.0,0.0,0.0,,,,,,,,,,,,,,,,,,,,,,,,,,,,,,,,,,,,,,,,,,,,COMMODITY,eg,eg2706,4517.0,15.0,36.0,1.0,678580.0,0.00019199999999999998,3600.0,3600.0,-0.18087226034978965,0.08479079034757575,-0.18087226034978965,-0.20301084790790347,-0.20301084790790347,3.0,3.0,0.0,1200.0,0.2656630506973655,call_oi_wall,4900.0,0.08479079034757575,above_price_wall
COMMODITY,eg,eg,DCE,2707,,,,,,,4504.0,,,4900.0,3700.0,,,,3700.0,,,,,,,,8.0,0.0,0.0,,,,,,,,,,,,,,,,,,,,,,,,,,,,,,,,,,,,,,,,,,,,COMMODITY,eg,eg2707,4504.0,5.0,23.0,-2.0,225380.0,5.4000000000000005e-05,3700.0,3700.0,-0.17850799289520425,0.08792184724689167,-0.17850799289520425,-0.17850799289520425,-0.17850799289520425,1.0,7.0,-0.75,1200.0,0.2664298401420959,call_oi_wall,4900.0,0.08792184724689167,above_price_wall
COMMODITY,i,i,DCE,2610,,,,,,,721.5,,,750.0,600.0,,,,700.0,,,,,,,,91261.0,84167.0,51868180.0,,,,,,,,,,,,,,,,,,,,,,,,,,,,,,,,,,,,,,,,,,,,COMMODITY,i,i2610,721.5,21817.0,104265.0,-1018.0,1584029400.0,6.3e-05,730.0,730.0,-0.02979902979902982,0.03950103950103956,-0.16839916839916835,0.011781011781011763,0.011781011781011763,41897.0,49364.0,-0.08182027372042822,150.0,0.2079002079002079,volume_wall,730.0,0.011781011781011763,above_price_wall
COMMODITY,i,i,DCE,2611,,,,,,,719.0,,,740.0,700.0,,,,700.0,,,,,,,,11460.0,1784.0,1130680.0,,,,,,,,,,,,,,,,,,,,,,,,,,,,,,,,,,,,,,,,,,,,COMMODITY,i,i2611,719.0,10493.0,87300.0,-1073.0,758945800.0,6.3e-05,700.0,700.0,-0.026425591098748313,0.029207232267037586,-0.026425591098748313,-0.026425591098748313,-0.026425591098748313,6031.0,5429.0,0.0525305410122164,40.0,0.055632823365785816,put_oi_wall,700.0,-0.026425591098748313,above_price_wall
COMMODITY,i,i,DCE,2612,,,,,,,715.5,,,900.0,740.0,,,,780.0,,,,,,,,703.0,8.0,7780.0,,,,,,,,,,,,,,,,,,,,,,,,,,,,,,,,,,,,,,,,,,,,COMMODITY,i,i2612,715.5,4953.0,78035.0,-412.0,356307000.0,7.000000000000001e-05,780.0,780.0,0.09014675052410892,0.25786163522012573,0.03424178895877006,0.09014675052410892,0.09014675052410892,234.0,469.0,-0.33428165007112376,160.0,0.2236198462613557,put_oi_wall,740.0,0.03424178895877006,below_price_wall
COMMODITY,i,i,DCE,2701,,,,,,,712.0,,,800.0,700.0,,,,800.0,,,,,,,,28707.0,12325.0,16402480.0,,,,,,,,,,,,,,,,,,,,,,,,,,,,,,,,,,,,,,,,,,,,COMMODITY,i,i2701,712.0,284551.0,506998.0,3468.0,20362248000.0,7.8e-05,800.0,700.0,0.12359550561797761,0.12359550561797761,-0.016853932584269704,0.12359550561797761,-0.016853932584269704,11376.0,17331.0,-0.20744069390740935,100.0,0.1404494382022472,put_oi_wall,700.0,-0.016853932584269704,below_price_wall
COMMODITY,i,i,DCE,2702,,,,,,,708.0,,,820.0,720.0,,,,720.0,,,,,,,,354.0,1.0,1100.0,,,,,,,,,,,,,,,,,,,,,,,,,,,,,,,,,,,,,,,,,,,,COMMODITY,i,i2702,708.0,2810.0,50266.0,382.0,199774050.0,4.3e-05,820.0,820.0,0.016949152542372836,0.15819209039548032,0.016949152542372836,0.15819209039548032,0.15819209039548032,20.0,334.0,-0.8870056497175142,100.0,0.14124293785310735,put_oi_wall,720.0,0.016949152542372836,below_price_wall
COMMODITY,i,i,DCE,2703,,,,,,,705.5,,,700.0,740.0,,,,740.0,,,,,,,,308.0,0.0,0.0,,,,,,,,,,,,,,,,,,,,,,,,,,,,,,,,,,,,,,,,,,,,COMMODITY,i,i2703,705.5,2971.0,49800.0,327.0,210735300.0,4.3e-05,580.0,580.0,0.04890148830616581,-0.007795889440113446,0.04890148830616581,-0.1778880226789511,-0.1778880226789511,11.0,297.0,-0.9285714285714286,-40.0,-0.05669737774627923,call_oi_wall,700.0,-0.007795889440113446,below_price_wall
COMMODITY,i,i,DCE,2704,,,,,,,703.5,,,760.0,740.0,,,,740.0,,,,,,,,198.0,0.0,0.0,,,,,,,,,,,,,,,,,,,,,,,,,,,,,,,,,,,,,,,,,,,,COMMODITY,i,i2704,703.5,1839.0,38036.0,301.0,130163400.0,5.7e-05,580.0,580.0,0.051883439943141374,0.08031272210376694,0.051883439943141374,-0.17555081734186206,-0.17555081734186206,28.0,170.0,-0.7171717171717171,20.0,0.028429282160625444,put_oi_wall,740.0,0.051883439943141374,below_price_wall
COMMODITY,i,i,DCE,2705,,,,,,,700.0,,,800.0,740.0,,,,860.0,,,,,,,,1470.0,8.0,59710.0,,,,,,,,,,,,,,,,,,,,,,,,,,,,,,,,,,,,,,,,,,,,COMMODITY,i,i2705,700.0,14537.0,81007.0,470.0,1022812050.0,5.7e-05,860.0,860.0,0.22857142857142865,0.1428571428571428,0.05714285714285716,0.22857142857142865,0.22857142857142865,393.0,1077.0,-0.46530612244897956,60.0,0.08571428571428572,put_oi_wall,740.0,0.05714285714285716,below_price_wall
COMMODITY,i,i,DCE,2706,,,,,,,697.5,,,740.0,720.0,,,,720.0,,,,,,,,365.0,1.0,1510.0,,,,,,,,,,,,,,,,,,,,,,,,,,,,,,,,,,,,,,,,,,,,COMMODITY,i,i2706,697.5,1693.0,27180.0,246.0,118810350.0,5.7999999999999994e-05,780.0,780.0,0.032258064516129004,0.06093189964157708,0.032258064516129004,0.11827956989247301,0.11827956989247301,37.0,328.0,-0.7972602739726027,20.0,0.02867383512544803,put_oi_wall,720.0,0.032258064516129004,below_price_wall
COMMODITY,i,i,DCE,2707,,,,,,,696.0,,,720.0,720.0,,,,720.0,,,,,,,,100.0,0.0,0.0,,,,,,,,,,,,,,,,,,,,,,,,,,,,,,,,,,,,,,,,,,,,COMMODITY,i,i2707,696.0,2171.0,18594.0,531.0,151997200.0,6.5e-05,580.0,580.0,0.034482758620689724,0.034482758620689724,0.034482758620689724,-0.16666666666666663,-0.16666666666666663,51.0,49.0,0.02,0.0,0.0,call_oi_wall,720.0,0.034482758620689724,below_price_wall
COMMODITY,i,i,DCE,2708,,,,,,,694.5,,,580.0,580.0,,,,580.0,,,,,,,,0.0,0.0,0.0,,,,,,,,,,,,,,,,,,,,,,,,,,,,,,,,,,,,,,,,,,,,COMMODITY,i,i2708,694.5,489.0,1179.0,248.0,34155900.0,6.5e-05,580.0,580.0,-0.16486681065514763,-0.16486681065514763,-0.16486681065514763,-0.16486681065514763,-0.16486681065514763,0.0,0.0,,0.0,0.0,call_oi_wall,580.0,-0.16486681065514763,above_price_wall
COMMODITY,jd,jd,DCE,2610,,,,,,,3813.0,,,4200.0,3500.0,,,,4200.0,,,,,,,,208691.0,348250.0,167461190.0,,,,,,,,,,,,,,,,,,,,,,,,,,,,,,,,,,,,,,,,,,,,COMMODITY,jd,jd2610,3813.0,786060.0,291272.0,-6045.0,30449939000.0,-0.00018999999999999998,4200.0,4000.0,0.10149488591660116,0.10149488591660116,-0.08208759506949903,0.10149488591660116,0.049042748492001076,112645.0,96046.0,0.07953864804902942,700.0,0.1835824809861002,amount_wall,4000.0,0.049042748492001076,below_price_wall
COMMODITY,jd,jd,DCE,2611,,,,,,,3732.0,,,4000.0,3200.0,,,,4000.0,,,,,,,,29792.0,28596.0,19893325.0,,,,,,,,,,,,,,,,,,,,,,,,,,,,,,,,,,,,,,,,,,,,COMMODITY,jd,jd2611,3732.0,197689.0,186374.0,-6892.0,7474310800.0,-0.00016299999999999998,3800.0,3800.0,0.07181136120042875,0.07181136120042875,-0.142550911039657,0.018220793140407254,0.018220793140407254,15360.0,14432.0,0.031149301825993556,800.0,0.21436227224008575,volume_wall,3800.0,0.018220793140407254,below_price_wall
COMMODITY,jd,jd,DCE,2612,,,,,,,3732.0,,,4000.0,4000.0,,,,4000.0,,,,,,,,4746.0,420.0,185530.0,,,,,,,,,,,,,,,,,,,,,,,,,,,,,,,,,,,,,,,,,,,,COMMODITY,jd,jd2612,3732.0,51537.0,116972.0,568.0,1940849800.0,-0.00012200000000000001,4600.0,4000.0,0.07181136120042875,0.07181136120042875,0.07181136120042875,0.232583065380493,0.07181136120042875,2936.0,1810.0,0.23725242309313105,0.0,0.0,call_oi_wall,4000.0,0.07181136120042875,below_price_wall
COMMODITY,jd,jd,DCE,2701,,,,,,,3550.0,,,4400.0,3300.0,,,,4400.0,,,,,,,,3639.0,263.0,146145.0,,,,,,,,,,,,,,,,,,,,,,,,,,,,,,,,,,,,,,,,,,,,COMMODITY,jd,jd2701,3550.0,26952.0,55424.0,-155.0,960487820.0,-2.2000000000000003e-05,4400.0,3600.0,0.23943661971830976,0.23943661971830976,-0.07042253521126762,0.23943661971830976,0.014084507042253502,2793.0,846.0,0.5350370981038747,1100.0,0.30985915492957744,amount_wall,3600.0,0.014084507042253502,below_price_wall
COMMODITY,jd,jd,DCE,2702,,,,,,,3185.0,,,3800.0,3100.0,,,,3800.0,,,,,,,,6794.0,148.0,31520.0,,,,,,,,,,,,,,,,,,,,,,,,,,,,,,,,,,,,,,,,,,,,COMMODITY,jd,jd2702,3185.0,15307.0,49484.0,679.0,488518940.0,-1.9e-05,3800.0,3800.0,0.19309262166405028,0.19309262166405028,-0.026687598116169498,0.19309262166405028,0.19309262166405028,6549.0,245.0,0.9278775390050045,700.0,0.21978021978021978,put_oi_wall,3100.0,-0.026687598116169498,below_price_wall
COMMODITY,jd,jd,DCE,2703,,,,,,,3168.0,,,3700.0,2900.0,,,,3700.0,,,,,,,,2072.0,5.0,1150.0,,,,,,,,,,,,,,,,,,,,,,,,,,,,,,,,,,,,,,,,,,,,COMMODITY,jd,jd2703,3168.0,1601.0,14299.0,-54.0,50854070.0,-1.3e-05,3700.0,3700.0,0.16792929292929304,0.16792929292929304,-0.08459595959595956,0.16792929292929304,0.16792929292929304,1989.0,83.0,0.9198841698841699,800.0,0.25252525252525254,put_oi_wall,2900.0,-0.08459595959595956,below_price_wall
COMMODITY,jd,jd,DCE,2704,,,,,,,3224.0,,,3700.0,3100.0,,,,3700.0,,,,,,,,440.0,0.0,0.0,,,,,,,,,,,,,,,,,,,,,,,,,,,,,,,,,,,,,,,,,,,,COMMODITY,jd,jd2704,3224.0,324.0,3942.0,-84.0,10451130.0,5.999999999999999e-06,2900.0,2900.0,0.14764267990074442,0.14764267990074442,-0.038461538461538436,-0.10049627791563276,-0.10049627791563276,278.0,162.0,0.2636363636363636,600.0,0.18610421836228289,put_oi_wall,3100.0,-0.038461538461538436,below_price_wall
COMMODITY,jd,jd,DCE,2705,,,,,,,3273.0,,,3800.0,2900.0,,,,2900.0,,,,,,,,256.0,0.0,0.0,,,,,,,,,,,,,,,,,,,,,,,,,,,,,,,,,,,,,,,,,,,,COMMODITY,jd,jd2705,3273.0,1388.0,9848.0,-300.0,45455040.0,-2.9999999999999997e-06,2900.0,2900.0,-0.11396272532844487,0.16101435991445157,-0.11396272532844487,-0.11396272532844487,-0.11396272532844487,118.0,138.0,-0.078125,900.0,0.27497708524289644,put_oi_wall,2900.0,-0.11396272532844487,above_price_wall
COMMODITY,jd,jd,DCE,2706,,,,,,,3126.0,,,3600.0,2800.0,,,,3600.0,,,,,,,,2135.0,142.0,46370.0,,,,,,,,,,,,,,,,,,,,,,,,,,,,,,,,,,,,,,,,,,,,COMMODITY,jd,jd2706,3126.0,853.0,11983.0,27.0,26654610.0,1.6e-05,3600.0,3600.0,0.15163147792706333,0.15163147792706333,-0.10428662827895074,0.15163147792706333,0.15163147792706333,2045.0,90.0,0.9156908665105387,800.0,0.2559181062060141,put_oi_wall,2800.0,-0.10428662827895074,below_price_wall
COMMODITY,jd,jd,DCE,2707,,,,,,,3270.0,,,3600.0,3100.0,,,,3100.0,,,,,,,,124.0,3.0,3145.0,,,,,,,,,,,,,,,,,,,,,,,,,,,,,,,,,,,,,,,,,,,,COMMODITY,jd,jd2707,3270.0,389.0,7543.0,61.0,12720030.0,1.8e-05,3100.0,3100.0,-0.051987767584097844,0.10091743119266061,-0.051987767584097844,-0.051987767584097844,-0.051987767584097844,76.0,48.0,0.22580645161290322,500.0,0.1529051987767584,put_oi_wall,3100.0,-0.051987767584097844,above_price_wall
COMMODITY,jm,jm,DCE,2610,,,,,,,1438.5,,,1500.0,1300.0,,,,1300.0,,,,,,,,135728.0,460141.0,673635690.0,,,,,,,,,,,,,,,,,,,,,,,,,,,,,,,,,,,,,,,,,,,,COMMODITY,jm,jm2610,1438.5,66344.0,88198.0,7114.0,5648846000.0,0.000424,1500.0,1400.0,-0.09628084810566562,0.04275286757038588,-0.09628084810566562,0.04275286757038588,-0.02676399026763987,56532.0,79196.0,-0.16698102086525993,200.0,0.13903371567605144,amount_wall,1400.0,-0.02676399026763987,above_price_wall
COMMODITY,jm,jm,DCE,2611,,,,,,,1453.5,,,1300.0,1360.0,,,,1300.0,,,,,,,,748.0,95.0,206214.0,,,,,,,,,,,,,,,,,,,,,,,,,,,,,,,,,,,,,,,,,,,,COMMODITY,jm,jm2611,1453.5,41082.0,75674.0,6452.0,3536833200.0,0.000449,1600.0,1440.0,-0.10560715514275887,-0.10560715514275887,-0.06432748538011701,0.10079119367045064,-0.009287925696594423,437.0,311.0,0.16844919786096257,-60.0,-0.0412796697626419,amount_wall,1440.0,-0.009287925696594423,above_price_wall
COMMODITY,jm,jm,DCE,2612,,,,,,,1454.0,,,1520.0,1080.0,,,,1500.0,,,,,,,,835.0,28.0,110202.0,,,,,,,,,,,,,,,,,,,,,,,,,,,,,,,,,,,,,,,,,,,,COMMODITY,jm,jm2612,1454.0,26173.0,67055.0,2936.0,2254541400.0,0.000445,1500.0,1500.0,0.031636863823933936,0.0453920220082531,-0.25722145804676755,0.031636863823933936,0.031636863823933936,434.0,401.0,0.03952095808383234,440.0,0.30261348005502064,price_wall,1500.0,0.031636863823933936,below_price_wall
COMMODITY,jm,jm,DCE,2701,,,,,,,1586.5,,,1600.0,1360.0,,,,1600.0,,,,,,,,56446.0,73707.0,289276074.0,,,,,,,,,,,,,,,,,,,,,,,,,,,,,,,,,,,,,,,,,,,,COMMODITY,jm,jm2701,1586.5,881425.0,494419.0,51695.0,83074566000.0,0.000346,1600.0,1600.0,0.008509297195083532,0.008509297195083532,-0.14276709738417903,0.008509297195083532,0.008509297195083532,30894.0,25552.0,0.09463912411862666,240.0,0.15127639457926254,call_oi_wall,1600.0,0.008509297195083532,below_price_wall
COMMODITY,jm,jm,DCE,2702,,,,,,,1570.5,,,1840.0,1200.0,,,,1200.0,,,,,,,,501.0,0.0,0.0,,,,,,,,,,,,,,,,,,,,,,,,,,,,,,,,,,,,,,,,,,,,COMMODITY,jm,jm2702,1570.5,2932.0,16889.0,1070.0,274442010.0,0.000312,1120.0,1120.0,-0.23591212989493793,0.17160140082776176,-0.23591212989493793,-0.28685132123527535,-0.28685132123527535,237.0,264.0,-0.05389221556886228,640.0,0.4075135307226998,call_oi_wall,1840.0,0.17160140082776176,above_price_wall
COMMODITY,jm,jm,DCE,2703,,,,,,,1553.0,,,1800.0,1280.0,,,,1400.0,,,,,,,,552.0,3.0,30288.0,,,,,,,,,,,,,,,,,,,,,,,,,,,,,,,,,,,,,,,,,,,,COMMODITY,jm,jm2703,1553.0,1975.0,5006.0,615.0,183505980.0,0.000258,1400.0,1400.0,-0.09851899549259502,0.15904700579523512,-0.17578879587894403,-0.09851899549259502,-0.09851899549259502,303.0,249.0,0.09782608695652174,520.0,0.33483580167417903,price_wall,1400.0,-0.09851899549259502,above_price_wall
COMMODITY,jm,jm,DCE,2704,,,,,,,1540.5,,,1880.0,1240.0,,,,1240.0,,,,,,,,311.0,0.0,0.0,,,,,,,,,,,,,,,,,,,,,,,,,,,,,,,,,,,,,,,,,,,,COMMODITY,jm,jm2704,1540.5,331.0,571.0,111.0,30588810.0,0.00021600000000000002,1120.0,1120.0,-0.1950665368386887,0.22038299253489124,-0.1950665368386887,-0.272963323596235,-0.272963323596235,173.0,138.0,0.11254019292604502,640.0,0.41544952937358,put_oi_wall,1240.0,-0.1950665368386887,above_price_wall
COMMODITY,jm,jm,DCE,2705,,,,,,,1525.5,,,1880.0,1280.0,,,,1880.0,,,,,,,,471.0,26.0,81468.0,,,,,,,,,,,,,,,,,,,,,,,,,,,,,,,,,,,,,,,,,,,,COMMODITY,jm,jm2705,1525.5,19572.0,29921.0,4258.0,1793824600.0,0.00016299999999999998,1640.0,1640.0,0.23238282530317922,0.23238282530317922,-0.16093084234677157,0.07505735824319903,0.07505735824319903,385.0,86.0,0.6348195329087049,600.0,0.39331366764995085,volume_wall,1640.0,0.07505735824319903,below_price_wall
COMMODITY,jm,jm,DCE,2706,,,,,,,1514.5,,,1760.0,1440.0,,,,1440.0,,,,,,,,310.0,0.0,0.0,,,,,,,,,,,,,,,,,,,,,,,,,,,,,,,,,,,,,,,,,,,,COMMODITY,jm,jm2706,1514.5,60.0,125.0,5.0,5489100.0,0.0001,1120.0,1120.0,-0.04919115219544401,0.16209970287223507,-0.04919115219544401,-0.2604820072631231,-0.2604820072631231,55.0,255.0,-0.6451612903225806,320.0,0.2112908550676791,put_oi_wall,1440.0,-0.04919115219544401,above_price_wall
COMMODITY,jm,jm,DCE,2707,,,,,,,1518.5,,,1680.0,1240.0,,,,1240.0,,,,,,,,41.0,13.0,29490.0,,,,,,,,,,,,,,,,,,,,,,,,,,,,,,,,,,,,,,,,,,,,COMMODITY,jm,jm2707,1518.5,59.0,68.0,6.0,5368290.0,0.000157,1240.0,1240.0,-0.18340467566677643,0.10635495554823837,-0.18340467566677643,-0.18340467566677643,-0.18340467566677643,8.0,33.0,-0.6097560975609756,440.0,0.2897596312150148,call_oi_wall,1680.0,0.10635495554823837,above_price_wall
COMMODITY,jm,jm,DCE,2708,,,,,,,1499.0,,,1280.0,1320.0,,,,1360.0,,,,,,,,2.0,4.0,17544.0,,,,,,,,,,,,,,,,,,,,,,,,,,,,,,,,,,,,,,,,,,,,COMMODITY,jm,jm2708,1499.0,17.0,6.0,5.0,1540590.0,8.099999999999999e-05,1320.0,1360.0,-0.09272848565710479,-0.14609739826551038,-0.11941294196130758,-0.11941294196130758,-0.09272848565710479,0.0,2.0,-1.0,-40.0,-0.0266844563042028,price_wall,1360.0,-0.09272848565710479,above_price_wall
COMMODITY,l,l,DCE,2610,,,,,,,8084.0,,,8500.0,7000.0,,,,8100.0,,,,,,,,17281.0,10084.0,4815653.0,,,,,,,,,,,,,,,,,,,,,,,,,,,,,,,,,,,,,,,,,,,,COMMODITY,l,l2610,8084.0,36129.0,128943.0,2895.0,1463614100.0,8e-05,8100.0,8100.0,0.0019792182088074206,0.0514596734289956,-0.13409203364670952,0.0019792182088074206,0.0019792182088074206,8220.0,9061.0,-0.0486661651524796,1500.0,0.1855517070757051,price_wall,8100.0,0.0019792182088074206,near_price_wall
COMMODITY,l,l,DCE,2611,,,,,,,7987.0,,,8100.0,7600.0,,,,8100.0,,,,,,,,5065.0,1609.0,1530371.0,,,,,,,,,,,,,,,,,,,,,,,,,,,,,,,,,,,,,,,,,,,,COMMODITY,l,l2611,7987.0,13813.0,108920.0,1982.0,552005500.0,0.00010800000000000001,8100.0,8100.0,0.01414799048453741,0.01414799048453741,-0.04845373732315017,0.01414799048453741,0.01414799048453741,2352.0,2713.0,-0.07127344521224087,500.0,0.0626017278076875,call_oi_wall,8100.0,0.01414799048453741,below_price_wall
COMMODITY,l,l,DCE,2612,,,,,,,7912.0,,,8400.0,5600.0,,,,5600.0,,,,,,,,78.0,0.0,0.0,,,,,,,,,,,,,,,,,,,,,,,,,,,,,,,,,,,,,,,,,,,,COMMODITY,l,l2612,7912.0,6614.0,74307.0,1537.0,261567770.0,0.00011599999999999999,5600.0,5600.0,-0.29221435793731043,0.06167846309403435,-0.29221435793731043,-0.29221435793731043,-0.29221435793731043,44.0,34.0,0.1282051282051282,2800.0,0.3538928210313448,call_oi_wall,8400.0,0.06167846309403435,above_price_wall
COMMODITY,l,l,DCE,2701,,,,,,,7842.0,,,6600.0,7100.0,,,,6600.0,,,,,,,,595.0,471.0,872930.0,,,,,,,,,,,,,,,,,,,,,,,,,,,,,,,,,,,,,,,,,,,,COMMODITY,l,l2701,7842.0,301518.0,336879.0,39598.0,11809769100.0,0.000127,7900.0,6600.0,-0.15837796480489674,-0.15837796480489674,-0.09461871971435853,0.007396072430502443,-0.15837796480489674,396.0,199.0,0.3310924369747899,-500.0,-0.06375924509053812,volume_wall,7900.0,0.007396072430502443,above_price_wall
COMMODITY,l,l,DCE,2702,,,,,,,7726.0,,,9000.0,6000.0,,,,6000.0,,,,,,,,49.0,0.0,0.0,,,,,,,,,,,,,,,,,,,,,,,,,,,,,,,,,,,,,,,,,,,,COMMODITY,l,l2702,7726.0,3304.0,10029.0,1269.0,127416125.0,0.00010999999999999999,6000.0,6000.0,-0.22340150142376392,0.16489774786435407,-0.22340150142376392,-0.22340150142376392,-0.22340150142376392,12.0,37.0,-0.5102040816326531,3000.0,0.38829924928811804,call_oi_wall,9000.0,0.16489774786435407,above_price_wall
COMMODITY,l,l,DCE,2703,,,,,,,7641.0,,,8200.0,7200.0,,,,7200.0,,,,,,,,20.0,0.0,0.0,,,,,,,,,,,,,,,,,,,,,,,,,,,,,,,,,,,,,,,,,,,,COMMODITY,l,l2703,7641.0,24.0,224.0,16.0,917340.0,0.00010999999999999999,6000.0,6000.0,-0.05771495877502941,0.07315796361732763,-0.05771495877502941,-0.21476246564585788,-0.21476246564585788,13.0,7.0,0.3,1000.0,0.130872922392357,put_oi_wall,7200.0,-0.05771495877502941,above_price_wall
COMMODITY,l,l,DCE,2704,,,,,,,7610.0,,,9200.0,7000.0,,,,9200.0,,,,,,,,65.0,0.0,0.0,,,,,,,,,,,,,,,,,,,,,,,,,,,,,,,,,,,,,,,,,,,,COMMODITY,l,l2704,7610.0,31.0,50.0,11.0,1179065.0,6.9e-05,6000.0,6000.0,0.20893561103810776,0.20893561103810776,-0.08015768725361372,-0.21156373193166889,-0.21156373193166889,52.0,13.0,0.6,2200.0,0.2890932982917214,put_oi_wall,7000.0,-0.08015768725361372,below_price_wall
COMMODITY,l,l,DCE,2705,,,,,,,7575.0,,,8600.0,6200.0,,,,8600.0,,,,,,,,36.0,0.0,0.0,,,,,,,,,,,,,,,,,,,,,,,,,,,,,,,,,,,,,,,,,,,,COMMODITY,l,l2705,7575.0,3011.0,6731.0,784.0,113839160.0,9.900000000000001e-05,6000.0,6000.0,0.13531353135313529,0.13531353135313529,-0.1815181518151815,-0.20792079207920788,-0.20792079207920788,30.0,6.0,0.6666666666666666,2400.0,0.31683168316831684,call_oi_wall,8600.0,0.13531353135313529,below_price_wall
COMMODITY,l,l,DCE,2706,,,,,,,7537.0,,,7800.0,6600.0,,,,7800.0,,,,,,,,18.0,0.0,0.0,,,,,,,,,,,,,,,,,,,,,,,,,,,,,,,,,,,,,,,,,,,,COMMODITY,l,l2706,7537.0,23.0,60.0,-2.0,865935.0,0.00013299999999999998,6000.0,6000.0,0.03489452036619345,0.03489452036619345,-0.12432002122860553,-0.203927292026005,-0.203927292026005,17.0,1.0,0.8888888888888888,1200.0,0.159214541594799,call_oi_wall,7800.0,0.03489452036619345,below_price_wall
COMMODITY,l,l,DCE,2707,,,,,,,7527.0,,,6200.0,6200.0,,,,6200.0,,,,,,,,0.0,0.0,0.0,,,,,,,,,,,,,,,,,,,,,,,,,,,,,,,,,,,,,,,,,,,,COMMODITY,l,l2707,7527.0,12.0,25.0,-1.0,450570.0,0.00015,6200.0,6200.0,-0.1762986581639432,-0.1762986581639432,-0.1762986581639432,-0.1762986581639432,-0.1762986581639432,0.0,0.0,,0.0,0.0,call_oi_wall,6200.0,-0.1762986581639432,above_price_wall
COMMODITY,lg,lg,DCE,2611,,,,,,,822.5,,,850.0,800.0,,,,850.0,,,,,,,,5611.0,795.0,371028.0,,,,,,,,,,,,,,,,,,,,,,,,,,,,,,,,,,,,,,,,,,,,COMMODITY,lg,lg2611,822.5,2092.0,7867.0,640.0,154927170.0,5.999999999999999e-06,850.0,825.0,0.033434650455927084,0.033434650455927084,-0.027355623100303927,0.033434650455927084,0.003039513677811634,3399.0,2212.0,0.21154874353947603,50.0,0.060790273556231005,amount_wall,825.0,0.003039513677811634,below_price_wall
COMMODITY,lg,lg,DCE,2701,,,,,,,821.0,,,850.0,750.0,,,,850.0,,,,,,,,666.0,434.0,170395.0,,,,,,,,,,,,,,,,,,,,,,,,,,,,,,,,,,,,,,,,,,,,COMMODITY,lg,lg2701,821.0,169.0,3585.0,49.0,12479220.0,1.1999999999999999e-05,850.0,850.0,0.035322777101096214,0.035322777101096214,-0.08647990255785631,0.035322777101096214,0.035322777101096214,439.0,227.0,0.3183183183183183,100.0,0.1218026796589525,call_oi_wall,850.0,0.035322777101096214,below_price_wall
COMMODITY,lg,lg,DCE,2703,,,,,,,820.5,,,900.0,750.0,,,,850.0,,,,,,,,218.0,46.0,41356.0,,,,,,,,,,,,,,,,,,,,,,,,,,,,,,,,,,,,,,,,,,,,COMMODITY,lg,lg2703,820.5,46.0,2643.0,9.0,3397410.0,5.999999999999999e-06,850.0,850.0,0.03595368677635591,0.09689213893967086,-0.08592321755027421,0.03595368677635591,0.03595368677635591,160.0,58.0,0.46788990825688076,150.0,0.18281535648994515,price_wall,850.0,0.03595368677635591,below_price_wall
COMMODITY,lg,lg,DCE,2705,,,,,,,825.5,,,850.0,750.0,,,,850.0,,,,,,,,206.0,0.0,0.0,,,,,,,,,,,,,,,,,,,,,,,,,,,,,,,,,,,,,,,,,,,,COMMODITY,lg,lg2705,825.5,136.0,2213.0,11.0,10103850.0,5.999999999999999e-06,700.0,700.0,0.02967898243488798,0.02967898243488798,-0.09145972138098124,-0.1520290732889158,-0.1520290732889158,154.0,52.0,0.49514563106796117,100.0,0.12113870381586916,call_oi_wall,850.0,0.02967898243488798,below_price_wall
COMMODITY,lg,lg,DCE,2707,,,,,,,824.5,,,900.0,750.0,,,,850.0,,,,,,,,107.0,75.0,72181.0,,,,,,,,,,,,,,,,,,,,,,,,,,,,,,,,,,,,,,,,,,,,COMMODITY,lg,lg2707,824.5,112.0,605.0,33.0,8300610.0,1.1999999999999999e-05,900.0,850.0,0.030927835051546282,0.09157064887810784,-0.09035779260157673,0.09157064887810784,0.030927835051546282,71.0,36.0,0.32710280373831774,150.0,0.18192844147968465,price_wall,850.0,0.030927835051546282,below_price_wall
COMMODITY,lh,lh,DCE,2611,,,,,,,12315.0,,,15200.0,10800.0,,,,14000.0,,,,,,,,63080.0,44822.0,90499680.0,,,,,,,,,,,,,,,,,,,,,,,,,,,,,,,,,,,,,,,,,,,,COMMODITY,lh,lh2611,12315.0,181520.0,200016.0,-525.0,35848112000.0,-0.000136,14000.0,12000.0,0.1368250101502233,0.23426715387738528,-0.12302070645554197,0.1368250101502233,-0.025578562728379994,43331.0,19749.0,0.3738427393785669,4400.0,0.3572878603329273,amount_wall,12000.0,-0.025578562728379994,below_price_wall
COMMODITY,lh,lh,DCE,2701,,,,,,,12685.0,,,15200.0,11200.0,,,,15200.0,,,,,,,,13004.0,4084.0,18553920.0,,,,,,,,,,,,,,,,,,,,,,,,,,,,,,,,,,,,,,,,,,,,COMMODITY,lh,lh2701,12685.0,28550.0,103639.0,1150.0,5816615800.0,-0.000105,14000.0,13600.0,0.19826566811194324,0.19826566811194324,-0.11706740244383129,0.10366574694521091,0.07213243988963347,10892.0,2112.0,0.6751768686557982,4000.0,0.31533307055577453,amount_wall,13600.0,0.07213243988963347,below_price_wall
COMMODITY,lh,lh,DCE,2703,,,,,,,12345.0,,,14400.0,11200.0,,,,14400.0,,,,,,,,5286.0,357.0,1054440.0,,,,,,,,,,,,,,,,,,,,,,,,,,,,,,,,,,,,,,,,,,,,COMMODITY,lh,lh2703,12345.0,17072.0,95302.0,280.0,3381394500.0,-0.00010800000000000001,14400.0,14400.0,0.16646415552855398,0.16646415552855398,-0.09275010125556904,0.16646415552855398,0.16646415552855398,4854.0,432.0,0.8365493757094211,3200.0,0.25921425678412313,put_oi_wall,11200.0,-0.09275010125556904,below_price_wall
COMMODITY,lh,lh,DCE,2705,,,,,,,13250.0,,,16000.0,12000.0,,,,16000.0,,,,,,,,2021.0,95.0,268480.0,,,,,,,,,,,,,,,,,,,,,,,,,,,,,,,,,,,,,,,,,,,,COMMODITY,lh,lh2705,13250.0,5352.0,41180.0,300.0,1138524320.0,-6e-05,16000.0,16000.0,0.2075471698113207,0.2075471698113207,-0.09433962264150941,0.2075471698113207,0.2075471698113207,1554.0,467.0,0.5378525482434439,4000.0,0.3018867924528302,put_oi_wall,12000.0,-0.09433962264150941,below_price_wall
COMMODITY,lh,lh,DCE,2707,,,,,,,13820.0,,,15600.0,12400.0,,,,15600.0,,,,,,,,294.0,25.0,128160.0,,,,,,,,,,,,,,,,,,,,,,,,,,,,,,,,,,,,,,,,,,,,COMMODITY,lh,lh2707,13820.0,2569.0,14794.0,282.0,569212480.0,-5e-05,15200.0,15200.0,0.12879884225759763,0.12879884225759763,-0.10274963820549932,0.09985528219971052,0.09985528219971052,235.0,59.0,0.5986394557823129,3200.0,0.23154848046309695,volume_wall,15200.0,0.09985528219971052,below_price_wall
COMMODITY,m,m,DCE,2611,,,,,,,3256.0,,,3200.0,3000.0,,,,3200.0,,,,,,,,158245.0,88254.0,38173460.0,,,,,,,,,,,,,,,,,,,,,,,,,,,,,,,,,,,,,,,,,,,,COMMODITY,m,m2611,3256.0,188574.0,672459.0,13604.0,6132691700.0,0.00010899999999999999,3300.0,3200.0,-0.017199017199017175,-0.017199017199017175,-0.07862407862407861,0.013513513513513598,-0.017199017199017175,71360.0,86885.0,-0.09810736516161649,200.0,0.06142506142506143,volume_wall,3300.0,0.013513513513513598,above_price_wall
COMMODITY,m,m,DCE,2612,,,,,,,3277.0,,,3600.0,2900.0,,,,3500.0,,,,,,,,6724.0,2247.0,467720.0,,,,,,,,,,,,,,,,,,,,,,,,,,,,,,,,,,,,,,,,,,,,COMMODITY,m,m2612,3277.0,22624.0,278392.0,-1319.0,740905690.0,9.2e-05,3500.0,3500.0,0.06805004577357332,0.09856576136710404,-0.11504424778761058,0.06805004577357332,0.06805004577357332,2389.0,4335.0,-0.28941106484235574,700.0,0.21361000915471468,price_wall,3500.0,0.06805004577357332,below_price_wall
COMMODITY,m,m,DCE,2701,,,,,,,3246.0,,,3500.0,3000.0,,,,3200.0,,,,,,,,165776.0,82890.0,49150070.0,,,,,,,,,,,,,,,,,,,,,,,,,,,,,,,,,,,,,,,,,,,,COMMODITY,m,m2701,3246.0,1045158.0,2505753.0,79244.0,33926252000.0,8.7e-05,3500.0,3250.0,-0.014171287738755423,0.07825015403573632,-0.07578558225508314,0.07825015403573632,0.0012322858903266454,56967.0,108809.0,-0.3127231927420133,500.0,0.15403573629081946,amount_wall,3250.0,0.0012322858903266454,above_price_wall
COMMODITY,m,m,DCE,2703,,,,,,,3188.0,,,3300.0,2900.0,,,,3200.0,,,,,,,,1562.0,17.0,8380.0,,,,,,,,,,,,,,,,,,,,,,,,,,,,,,,,,,,,,,,,,,,,COMMODITY,m,m2703,3188.0,63033.0,339056.0,13432.0,2006385900.0,0.000101,2600.0,3200.0,0.0037641154328733606,0.035131744040150625,-0.09033877038895854,-0.18444165621079045,0.0037641154328733606,940.0,622.0,0.20358514724711907,400.0,0.12547051442910917,price_wall,3200.0,0.0037641154328733606,near_price_wall
COMMODITY,m,m,DCE,2705,,,,,,,2910.0,,,2700.0,2800.0,,,,2800.0,,,,,,,,35884.0,6330.0,3267495.0,,,,,,,,,,,,,,,,,,,,,,,,,,,,,,,,,,,,,,,,,,,,COMMODITY,m,m2705,2910.0,167023.0,706967.0,13726.0,4861978900.0,4.4999999999999996e-05,2800.0,2800.0,-0.037800687285223344,-0.07216494845360821,-0.037800687285223344,-0.037800687285223344,-0.037800687285223344,4900.0,30984.0,-0.7268977817411659,-100.0,-0.03436426116838488,put_oi_wall,2800.0,-0.037800687285223344,above_price_wall
COMMODITY,m,m,DCE,2707,,,,,,,2876.0,,,3000.0,2600.0,,,,2600.0,,,,,,,,787.0,19.0,8935.0,,,,,,,,,,,,,,,,,,,,,,,,,,,,,,,,,,,,,,,,,,,,COMMODITY,m,m2707,2876.0,27657.0,166843.0,3141.0,796099800.0,1e-05,2600.0,3000.0,-0.09596662030598058,0.04311543810848395,-0.09596662030598058,-0.09596662030598058,0.04311543810848395,103.0,684.0,-0.7382465057179162,400.0,0.13908205841446453,call_oi_wall,3000.0,0.04311543810848395,above_price_wall
COMMODITY,m,m,DCE,2708,,,,,,,3011.0,,,3100.0,2700.0,,,,2700.0,,,,,,,,35.0,0.0,0.0,,,,,,,,,,,,,,,,,,,,,,,,,,,,,,,,,,,,,,,,,,,,COMMODITY,m,m2708,3011.0,7245.0,11771.0,2357.0,218703310.0,2.3e-05,2700.0,2700.0,-0.1032879442045832,0.029558286283626778,-0.1032879442045832,-0.1032879442045832,-0.1032879442045832,15.0,20.0,-0.14285714285714285,400.0,0.1328462304882099,call_oi_wall,3100.0,0.029558286283626778,above_price_wall
COMMODITY,p,p,DCE,2610,,,,,,,9618.0,,,10000.0,9000.0,,,,10000.0,,,,,,,,77249.0,118762.0,85953275.0,,,,,,,,,,,,,,,,,,,,,,,,,,,,,,,,,,,,,,,,,,,,COMMODITY,p,p2610,9618.0,10814.0,41247.0,416.0,1038173260.0,3.4e-05,10000.0,10000.0,0.039717196922437026,0.039717196922437026,-0.06425452276980659,0.039717196922437026,0.039717196922437026,45169.0,32080.0,0.16943908659011767,1000.0,0.10397171969224371,call_oi_wall,10000.0,0.039717196922437026,below_price_wall
COMMODITY,p,p,DCE,2611,,,,,,,9682.0,,,10000.0,8900.0,,,,10000.0,,,,,,,,16108.0,3321.0,4652080.0,,,,,,,,,,,,,,,,,,,,,,,,,,,,,,,,,,,,,,,,,,,,COMMODITY,p,p2611,9682.0,14050.0,49894.0,800.0,1357441600.0,4.7999999999999994e-05,9900.0,9600.0,0.0328444536252841,0.0328444536252841,-0.08076843627349717,0.022516009089031286,-0.008469324519727373,10735.0,5373.0,0.3328780730072014,1100.0,0.11361288989878124,amount_wall,9600.0,-0.008469324519727373,below_price_wall
COMMODITY,p,p,DCE,2612,,,,,,,9838.0,,,9800.0,7200.0,,,,11600.0,,,,,,,,310.0,8.0,12665.0,,,,,,,,,,,,,,,,,,,,,,,,,,,,,,,,,,,,,,,,,,,,COMMODITY,p,p2612,9838.0,3408.0,35103.0,581.0,334402640.0,7.8e-05,11600.0,11600.0,0.17910144338280132,-0.0038625736938402433,-0.26814393169343365,0.17910144338280132,0.17910144338280132,233.0,77.0,0.5032258064516129,2600.0,0.2642813579995934,call_oi_wall,9800.0,-0.0038625736938402433,below_price_wall
COMMODITY,p,p,DCE,2701,,,,,,,9994.0,,,10000.0,9200.0,,,,10000.0,,,,,,,,50019.0,22587.0,49975750.0,,,,,,,,,,,,,,,,,,,,,,,,,,,,,,,,,,,,,,,,,,,,COMMODITY,p,p2701,9994.0,534905.0,555181.0,14301.0,53332849000.0,9.900000000000001e-05,10000.0,10000.0,0.0006003602161297472,0.0006003602161297472,-0.0794476686011607,0.0006003602161297472,0.0006003602161297472,27803.0,22216.0,0.11169755492912693,800.0,0.08004802881729037,call_oi_wall,10000.0,0.0006003602161297472,near_price_wall
COMMODITY,p,p,DCE,2702,,,,,,,10104.0,,,11600.0,8800.0,,,,11600.0,,,,,,,,155.0,2.0,2500.0,,,,,,,,,,,,,,,,,,,,,,,,,,,,,,,,,,,,,,,,,,,,COMMODITY,p,p2702,10104.0,3130.0,28409.0,1121.0,316033220.0,8.9e-05,11600.0,11600.0,0.1480601741884402,0.1480601741884402,-0.12905779889152813,0.1480601741884402,0.1480601741884402,125.0,30.0,0.6129032258064516,2800.0,0.2771179730799683,put_oi_wall,8800.0,-0.12905779889152813,below_price_wall
COMMODITY,p,p,DCE,2703,,,,,,,10176.0,,,11600.0,9000.0,,,,11600.0,,,,,,,,65.0,0.0,0.0,,,,,,,,,,,,,,,,,,,,,,,,,,,,,,,,,,,,,,,,,,,,COMMODITY,p,p2703,10176.0,1919.0,5984.0,895.0,195038060.0,0.0001,8200.0,8200.0,0.1399371069182389,0.1399371069182389,-0.11556603773584906,-0.1941823899371069,-0.1941823899371069,37.0,28.0,0.13846153846153847,2600.0,0.2555031446540881,put_oi_wall,9000.0,-0.11556603773584906,below_price_wall
COMMODITY,p,p,DCE,2704,,,,,,,10218.0,,,11600.0,8800.0,,,,11600.0,,,,,,,,330.0,1.0,2375.0,,,,,,,,,,,,,,,,,,,,,,,,,,,,,,,,,,,,,,,,,,,,COMMODITY,p,p2704,10218.0,95.0,250.0,-1.0,9684290.0,0.000105,11200.0,11200.0,0.1352515169309063,0.1352515169309063,-0.13877471129379526,0.09610491289880607,0.09610491289880607,280.0,50.0,0.696969696969697,2800.0,0.2740262282247015,volume_wall,11200.0,0.09610491289880607,below_price_wall
COMMODITY,p,p,DCE,2705,,,,,,,10228.0,,,10000.0,9600.0,,,,10000.0,,,,,,,,4950.0,3316.0,16018265.0,,,,,,,,,,,,,,,,,,,,,,,,,,,,,,,,,,,,,,,,,,,,COMMODITY,p,p2705,10228.0,76333.0,148156.0,12614.0,7792346900.0,0.000101,11200.0,10000.0,-0.02229174814235435,-0.02229174814235435,-0.06140007821666016,0.09503324208056307,-0.02229174814235435,3710.0,1240.0,0.498989898989899,400.0,0.03910833007430583,call_oi_wall,10000.0,-0.02229174814235435,above_price_wall
COMMODITY,p,p,DCE,2706,,,,,,,10226.0,,,10800.0,8400.0,,,,11200.0,,,,,,,,57.0,10.0,31745.0,,,,,,,,,,,,,,,,,,,,,,,,,,,,,,,,,,,,,,,,,,,,COMMODITY,p,p2706,10226.0,79.0,136.0,9.0,8043280.0,0.00012200000000000001,11200.0,11200.0,0.09524740856639946,0.05613142968902807,-0.17856444357520052,0.09524740856639946,0.09524740856639946,26.0,31.0,-0.08771929824561403,2400.0,0.23469587326422844,call_oi_wall,10800.0,0.05613142968902807,below_price_wall
COMMODITY,p,p,DCE,2707,,,,,,,10169.0,,,9800.0,8400.0,,,,8400.0,,,,,,,,20.0,0.0,0.0,,,,,,,,,,,,,,,,,,,,,,,,,,,,,,,,,,,,,,,,,,,,COMMODITY,p,p2707,10169.0,82.0,319.0,33.0,8329030.0,8.800000000000001e-05,8400.0,8400.0,-0.17396007473694564,-0.03628675385976987,-0.17396007473694564,-0.17396007473694564,-0.17396007473694564,6.0,14.0,-0.4,1400.0,0.13767332087717574,call_oi_wall,9800.0,-0.03628675385976987,above_price_wall
COMMODITY,p,p,DCE,2708,,,,,,,10170.0,,,8800.0,8800.0,,,,8800.0,,,,,,,,0.0,0.0,0.0,,,,,,,,,,,,,,,,,,,,,,,,,,,,,,,,,,,,,,,,,,,,COMMODITY,p,p2708,10170.0,58.0,86.0,34.0,5888130.0,5.7999999999999994e-05,8800.0,8800.0,-0.1347099311701082,-0.1347099311701082,-0.1347099311701082,-0.1347099311701082,-0.1347099311701082,0.0,0.0,,0.0,0.0,call_oi_wall,8800.0,-0.1347099311701082,above_price_wall
COMMODITY,pg,pg,DCE,2610,,,,,,,5683.0,,,7200.0,5000.0,,,,7200.0,,,,,,,,9348.0,5177.0,6425428.0,,,,,,,,,,,,,,,,,,,,,,,,,,,,,,,,,,,,,,,,,,,,COMMODITY,pg,pg2610,5683.0,79697.0,103436.0,-2783.0,9028609400.0,0.000105,7200.0,6100.0,0.26693647721273983,0.26693647721273983,-0.12018300193559739,0.26693647721273983,0.07337673763857122,5843.0,3505.0,0.25010697475395804,2200.0,0.38711947914833716,amount_wall,6100.0,0.07337673763857122,below_price_wall
COMMODITY,pg,pg,DCE,2611,,,,,,,5575.0,,,6600.0,4000.0,,,,4700.0,,,,,,,,395.0,205.0,436320.0,,,,,,,,,,,,,,,,,,,,,,,,,,,,,,,,,,,,,,,,,,,,COMMODITY,pg,pg2611,5575.0,10554.0,49766.0,1837.0,1172535820.0,0.0001,6500.0,4700.0,-0.15695067264573992,0.18385650224215255,-0.2825112107623319,0.1659192825112108,-0.15695067264573992,216.0,179.0,0.09367088607594937,2600.0,0.4663677130044843,price_wall,4700.0,-0.15695067264573992,above_price_wall
COMMODITY,pg,pg,DCE,2612,,,,,,,5441.0,,,4200.0,3600.0,,,,3600.0,,,,,,,,92.0,4.0,320.0,,,,,,,,,,,,,,,,,,,,,,,,,,,,,,,,,,,,,,,,,,,,COMMODITY,pg,pg2612,5441.0,2985.0,21145.0,815.0,323758980.0,9.3e-05,3600.0,3600.0,-0.3383569196838816,-0.22808307296452857,-0.3383569196838816,-0.3383569196838816,-0.3383569196838816,37.0,55.0,-0.1956521739130435,600.0,0.11027384671935306,call_oi_wall,4200.0,-0.22808307296452857,above_price_wall
COMMODITY,pg,pg,DCE,2701,,,,,,,5277.0,,,3900.0,4300.0,,,,3900.0,,,,,,,,58.0,0.0,0.0,,,,,,,,,,,,,,,,,,,,,,,,,,,,,,,,,,,,,,,,,,,,COMMODITY,pg,pg2701,5277.0,252.0,890.0,47.0,26529440.0,0.00010899999999999999,3500.0,3500.0,-0.2609437180216032,-0.2609437180216032,-0.1851430737161266,-0.3367443623270798,-0.3367443623270798,10.0,48.0,-0.6551724137931034,-400.0,-0.0758006443054766,put_oi_wall,4300.0,-0.1851430737161266,above_price_wall
COMMODITY,pg,pg,DCE,2702,,,,,,,5114.0,,,6600.0,3800.0,,,,6600.0,,,,,,,,53.0,0.0,0.0,,,,,,,,,,,,,,,,,,,,,,,,,,,,,,,,,,,,,,,,,,,,COMMODITY,pg,pg2702,5114.0,782.0,2452.0,223.0,79875180.0,9.3e-05,3700.0,3700.0,0.29057489245209234,0.29057489245209234,-0.2569417285881893,-0.2764958936253422,-0.2764958936253422,48.0,5.0,0.8113207547169812,2800.0,0.5475166210402815,put_oi_wall,3800.0,-0.2569417285881893,below_price_wall
COMMODITY,pg,pg,DCE,2703,,,,,,,4950.0,,,5200.0,4600.0,,,,5200.0,,,,,,,,167.0,0.0,0.0,,,,,,,,,,,,,,,,,,,,,,,,,,,,,,,,,,,,,,,,,,,,COMMODITY,pg,pg2703,4950.0,194.0,679.0,0.0,19111800.0,0.000137,3800.0,3800.0,0.05050505050505061,0.05050505050505061,-0.07070707070707072,-0.23232323232323238,-0.23232323232323238,70.0,97.0,-0.16167664670658682,600.0,0.12121212121212122,call_oi_wall,5200.0,0.05050505050505061,below_price_wall
COMMODITY,pg,pg,DCE,2704,,,,,,,5170.0,,,6000.0,4900.0,,,,5400.0,,,,,,,,145.0,32.0,225596.0,,,,,,,,,,,,,,,,,,,,,,,,,,,,,,,,,,,,,,,,,,,,COMMODITY,pg,pg2704,5170.0,241.0,918.0,74.0,24839260.0,0.00014099999999999998,5400.0,5400.0,0.044487427466150864,0.16054158607350089,-0.0522243713733076,0.044487427466150864,0.044487427466150864,125.0,20.0,0.7241379310344828,1100.0,0.2127659574468085,price_wall,5400.0,0.044487427466150864,below_price_wall
COMMODITY,pg,pg,DCE,2705,,,,,,,5060.0,,,5700.0,4100.0,,,,5700.0,,,,,,,,146.0,0.0,0.0,,,,,,,,,,,,,,,,,,,,,,,,,,,,,,,,,,,,,,,,,,,,COMMODITY,pg,pg2705,5060.0,52.0,164.0,-5.0,5229440.0,0.00015,4000.0,4000.0,0.1264822134387351,0.1264822134387351,-0.18972332015810278,-0.20948616600790515,-0.20948616600790515,121.0,25.0,0.6575342465753424,1600.0,0.31620553359683795,call_oi_wall,5700.0,0.1264822134387351,below_price_wall
COMMODITY,pg,pg,DCE,2706,,,,,,,4945.0,,,5200.0,4000.0,,,,5200.0,,,,,,,,4.0,0.0,0.0,,,,,,,,,,,,,,,,,,,,,,,,,,,,,,,,,,,,,,,,,,,,COMMODITY,pg,pg2706,4945.0,26.0,79.0,6.0,2561540.0,0.00016199999999999998,4000.0,4000.0,0.051567239635995854,0.051567239635995854,-0.19110212335692622,-0.19110212335692622,-0.19110212335692622,3.0,1.0,0.5,1200.0,0.24266936299292213,call_oi_wall,5200.0,0.051567239635995854,below_price_wall
COMMODITY,pg,pg,DCE,2707,,,,,,,4869.0,,,5300.0,4100.0,,,,4100.0,,,,,,,,11.0,0.0,0.0,,,,,,,,,,,,,,,,,,,,,,,,,,,,,,,,,,,,,,,,,,,,COMMODITY,pg,pg2707,4869.0,15.0,46.0,2.0,1447680.0,0.000152,4100.0,4100.0,-0.15793797494352024,0.08851920312179096,-0.15793797494352024,-0.15793797494352024,-0.15793797494352024,1.0,10.0,-0.8181818181818182,1200.0,0.24645717806531114,call_oi_wall,5300.0,0.08851920312179096,above_price_wall
COMMODITY,pp,pp,DCE,2610,,,,,,,8422.0,,,8500.0,8000.0,,,,8000.0,,,,,,,,20198.0,9841.0,7222886.0,,,,,,,,,,,,,,,,,,,,,,,,,,,,,,,,,,,,,,,,,,,,COMMODITY,pp,pp2610,8422.0,68007.0,161608.0,4681.0,2859342000.0,0.000112,8000.0,8800.0,-0.050106862977915,0.009261458085965346,-0.050106862977915,-0.050106862977915,0.04488245072429353,8864.0,11334.0,-0.12228933557777998,500.0,0.05936832106388031,call_oi_wall,8500.0,0.009261458085965346,above_price_wall
COMMODITY,pp,pp,DCE,2611,,,,,,,8226.0,,,8600.0,7800.0,,,,8300.0,,,,,,,,7595.0,4761.0,5873899.0,,,,,,,,,,,,,,,,,,,,,,,,,,,,,,,,,,,,,,,,,,,,COMMODITY,pp,pp2611,8226.0,23167.0,119955.0,1244.0,950868040.0,0.000157,8300.0,8300.0,0.008995866763919391,0.04546559688791629,-0.05178701677607589,0.008995866763919391,0.008995866763919391,3784.0,3811.0,-0.003554970375246873,800.0,0.09725261366399222,price_wall,8300.0,0.008995866763919391,below_price_wall
COMMODITY,pp,pp,DCE,2612,,,,,,,8088.0,,,7600.0,5600.0,,,,5600.0,,,,,,,,343.0,0.0,0.0,,,,,,,,,,,,,,,,,,,,,,,,,,,,,,,,,,,,,,,,,,,,COMMODITY,pp,pp2612,8088.0,7926.0,79302.0,83.0,320200150.0,0.000152,5600.0,5600.0,-0.3076162215628091,-0.060336300692383826,-0.3076162215628091,-0.3076162215628091,-0.3076162215628091,100.0,243.0,-0.41690962099125367,2000.0,0.24727992087042533,call_oi_wall,7600.0,-0.060336300692383826,above_price_wall
COMMODITY,pp,pp,DCE,2701,,,,,,,8010.0,,,7600.0,7000.0,,,,7800.0,,,,,,,,331.0,99.0,128689.0,,,,,,,,,,,,,,,,,,,,,,,,,,,,,,,,,,,,,,,,,,,,COMMODITY,pp,pp2701,8010.0,358374.0,454794.0,41012.0,14331992000.0,0.00013299999999999998,7000.0,7800.0,-0.02621722846441943,-0.051186017478152324,-0.1260923845193508,-0.1260923845193508,-0.02621722846441943,165.0,166.0,-0.0030211480362537764,600.0,0.0749063670411985,price_wall,7800.0,-0.02621722846441943,above_price_wall
COMMODITY,pp,pp,DCE,2702,,,,,,,7879.0,,,9200.0,6800.0,,,,6800.0,,,,,,,,56.0,0.0,0.0,,,,,,,,,,,,,,,,,,,,,,,,,,,,,,,,,,,,,,,,,,,,COMMODITY,pp,pp2702,7879.0,1172.0,8785.0,600.0,46177770.0,9.599999999999999e-05,6000.0,6000.0,-0.13694631298388116,0.1676608706688667,-0.13694631298388116,-0.23848204086813052,-0.23848204086813052,22.0,34.0,-0.21428571428571427,2400.0,0.3046071836527478,put_oi_wall,6800.0,-0.13694631298388116,above_price_wall
COMMODITY,pp,pp,DCE,2703,,,,,,,7788.0,,,8600.0,6000.0,,,,8600.0,,,,,,,,98.0,0.0,0.0,,,,,,,,,,,,,,,,,,,,,,,,,,,,,,,,,,,,,,,,,,,,COMMODITY,pp,pp2703,7788.0,4.0,232.0,2.0,155780.0,0.000147,6000.0,6000.0,0.10426296866974827,0.10426296866974827,-0.22958397534668717,-0.22958397534668717,-0.22958397534668717,94.0,4.0,0.9183673469387755,2600.0,0.33384694401643555,call_oi_wall,8600.0,0.10426296866974827,below_price_wall
COMMODITY,pp,pp,DCE,2704,,,,,,,7714.0,,,9200.0,7000.0,,,,7000.0,,,,,,,,79.0,0.0,0.0,,,,,,,,,,,,,,,,,,,,,,,,,,,,,,,,,,,,,,,,,,,,COMMODITY,pp,pp2704,7714.0,18.0,166.0,1.0,691405.0,0.000118,6000.0,6000.0,-0.09255898366606174,0.19263676432460453,-0.09255898366606174,-0.22219341457091002,-0.22219341457091002,63.0,16.0,0.5949367088607594,2200.0,0.2851957479906663,put_oi_wall,7000.0,-0.09255898366606174,above_price_wall
COMMODITY,pp,pp,DCE,2705,,,,,,,7657.0,,,7600.0,6000.0,,,,7600.0,,,,,,,,23.0,0.0,0.0,,,,,,,,,,,,,,,,,,,,,,,,,,,,,,,,,,,,,,,,,,,,COMMODITY,pp,pp2705,7657.0,5054.0,27869.0,940.0,193335410.0,0.000111,6000.0,6000.0,-0.007444168734491274,-0.007444168734491274,-0.2164032911061774,-0.2164032911061774,-0.2164032911061774,13.0,10.0,0.13043478260869565,1600.0,0.20895912237168604,call_oi_wall,7600.0,-0.007444168734491274,above_price_wall
COMMODITY,pp,pp,DCE,2706,,,,,,,7556.0,,,8200.0,6000.0,,,,6000.0,,,,,,,,20.0,0.0,0.0,,,,,,,,,,,,,,,,,,,,,,,,,,,,,,,,,,,,,,,,,,,,COMMODITY,pp,pp2706,7556.0,98.0,332.0,34.0,3704445.0,0.000115,6000.0,6000.0,-0.20592906299629432,0.0852302805717311,-0.20592906299629432,-0.20592906299629432,-0.20592906299629432,6.0,14.0,-0.4,2200.0,0.2911593435680254,call_oi_wall,8200.0,0.0852302805717311,above_price_wall
COMMODITY,pp,pp,DCE,2707,,,,,,,7464.0,,,6200.0,6200.0,,,,6200.0,,,,,,,,2.0,0.0,0.0,,,,,,,,,,,,,,,,,,,,,,,,,,,,,,,,,,,,,,,,,,,,COMMODITY,pp,pp2707,7464.0,43.0,288.0,42.0,1606950.0,0.000128,6200.0,6200.0,-0.16934619506966775,-0.16934619506966775,-0.16934619506966775,-0.16934619506966775,-0.16934619506966775,0.0,2.0,-1.0,0.0,0.0,call_oi_wall,6200.0,-0.16934619506966775,above_price_wall
COMMODITY,pp,pp,DCE,2708,,,,,,,7437.0,,,6600.0,6600.0,,,,6600.0,,,,,,,,0.0,0.0,0.0,,,,,,,,,,,,,,,,,,,,,,,,,,,,,,,,,,,,,,,,,,,,COMMODITY,pp,pp2708,7437.0,2.0,14.0,1.0,74540.0,0.00011599999999999999,6600.0,6600.0,-0.11254538120209767,-0.11254538120209767,-0.11254538120209767,-0.11254538120209767,-0.11254538120209767,0.0,0.0,,0.0,0.0,call_oi_wall,6600.0,-0.11254538120209767,above_price_wall
COMMODITY,v,v,DCE,2610,,,,,,,4640.0,,,5300.0,4300.0,,,,4800.0,,,,,,,,83433.0,97584.0,20859306.0,,,,,,,,,,,,,,,,,,,,,,,,,,,,,,,,,,,,,,,,,,,,COMMODITY,v,v2610,4640.0,61453.0,192655.0,-2364.0,1427352900.0,4e-06,4800.0,4700.0,0.034482758620689724,0.14224137931034475,-0.07327586206896552,0.034482758620689724,0.012931034482758674,59486.0,23947.0,0.42595855356993034,1000.0,0.21551724137931033,amount_wall,4700.0,0.012931034482758674,below_price_wall
COMMODITY,v,v,DCE,2611,,,,,,,4676.0,,,6800.0,4200.0,,,,6800.0,,,,,,,,14033.0,6566.0,1622099.0,,,,,,,,,,,,,,,,,,,,,,,,,,,,,,,,,,,,,,,,,,,,COMMODITY,v,v2611,4676.0,27285.0,177772.0,2308.0,638565150.0,4e-06,6800.0,4700.0,0.45423438836612484,0.45423438836612484,-0.10179640718562877,0.45423438836612484,0.0051325919589393365,9662.0,4371.0,0.37703983467540797,2600.0,0.5560307955517536,amount_wall,4700.0,0.0051325919589393365,below_price_wall
COMMODITY,v,v,DCE,2612,,,,,,,4713.0,,,5000.0,4600.0,,,,5000.0,,,,,,,,347.0,3.0,208.0,,,,,,,,,,,,,,,,,,,,,,,,,,,,,,,,,,,,,,,,,,,,COMMODITY,v,v2612,4713.0,14148.0,117332.0,677.0,333625410.0,1.1000000000000001e-05,6000.0,6000.0,0.060895395713982614,0.060895395713982614,-0.023976235943136026,0.27307447485677905,0.27307447485677905,258.0,89.0,0.48703170028818443,400.0,0.08487163165711861,put_oi_wall,4600.0,-0.023976235943136026,below_price_wall
COMMODITY,v,v,DCE,2701,,,,,,,4746.0,,,6600.0,4500.0,,,,6600.0,,,,,,,,5184.0,2950.0,1051210.0,,,,,,,,,,,,,,,,,,,,,,,,,,,,,,,,,,,,,,,,,,,,COMMODITY,v,v2701,4746.0,795940.0,794168.0,101083.0,18903169000.0,1.1000000000000001e-05,6600.0,6600.0,0.390644753476612,0.390644753476612,-0.05183312262958284,0.390644753476612,0.390644753476612,4564.0,620.0,0.7608024691358025,2100.0,0.4424778761061947,put_oi_wall,4500.0,-0.05183312262958284,below_price_wall
COMMODITY,v,v,DCE,2702,,,,,,,4781.0,,,6600.0,4600.0,,,,6600.0,,,,,,,,201.0,0.0,0.0,,,,,,,,,,,,,,,,,,,,,,,,,,,,,,,,,,,,,,,,,,,,COMMODITY,v,v2702,4781.0,5028.0,16233.0,2084.0,120292780.0,1e-05,4100.0,4100.0,0.38046433800460155,0.38046433800460155,-0.03785818866345958,-0.14243882033047484,-0.14243882033047484,180.0,21.0,0.7910447761194029,2000.0,0.4183225266680611,put_oi_wall,4600.0,-0.03785818866345958,below_price_wall
COMMODITY,v,v,DCE,2703,,,,,,,4810.0,,,4600.0,4600.0,,,,4600.0,,,,,,,,72.0,0.0,0.0,,,,,,,,,,,,,,,,,,,,,,,,,,,,,,,,,,,,,,,,,,,,COMMODITY,v,v2703,4810.0,540.0,2654.0,84.0,12997220.0,5.999999999999999e-06,4100.0,4100.0,-0.043659043659043606,-0.043659043659043606,-0.043659043659043606,-0.14760914760914756,-0.14760914760914756,63.0,9.0,0.75,0.0,0.0,call_oi_wall,4600.0,-0.043659043659043606,above_price_wall
COMMODITY,v,v,DCE,2704,,,,,,,5022.0,,,5400.0,4700.0,,,,6200.0,,,,,,,,63.0,2.0,725.0,,,,,,,,,,,,,,,,,,,,,,,,,,,,,,,,,,,,,,,,,,,,COMMODITY,v,v2704,5022.0,113.0,2827.0,54.0,2848715.0,-1.1999999999999999e-05,6000.0,6000.0,0.23456790123456783,0.07526881720430101,-0.06411788132218244,0.1947431302270013,0.1947431302270013,46.0,17.0,0.4603174603174603,700.0,0.13938669852648347,put_oi_wall,4700.0,-0.06411788132218244,below_price_wall
COMMODITY,v,v,DCE,2705,,,,,,,5064.0,,,6000.0,4500.0,,,,4300.0,,,,,,,,78.0,4.0,6201.0,,,,,,,,,,,,,,,,,,,,,,,,,,,,,,,,,,,,,,,,,,,,COMMODITY,v,v2705,5064.0,12978.0,77761.0,2599.0,328697580.0,2e-06,4300.0,4300.0,-0.15086887835703,0.18483412322274884,-0.11137440758293837,-0.15086887835703,-0.15086887835703,61.0,17.0,0.5641025641025641,1500.0,0.2962085308056872,put_oi_wall,4500.0,-0.11137440758293837,above_price_wall
COMMODITY,v,v,DCE,2706,,,,,,,5077.0,,,5400.0,4500.0,,,,5400.0,,,,,,,,34.0,3.0,3088.0,,,,,,,,,,,,,,,,,,,,,,,,,,,,,,,,,,,,,,,,,,,,COMMODITY,v,v2706,5077.0,31.0,657.0,10.0,788285.0,5.999999999999999e-06,5400.0,5400.0,0.06362024817805789,0.06362024817805789,-0.11364979318495172,0.06362024817805789,0.06362024817805789,15.0,19.0,-0.11764705882352941,900.0,0.17727004136300964,call_oi_wall,5400.0,0.06362024817805789,below_price_wall
COMMODITY,v,v,DCE,2707,,,,,,,5092.0,,,5600.0,4400.0,,,,5600.0,,,,,,,,26.0,0.0,0.0,,,,,,,,,,,,,,,,,,,,,,,,,,,,,,,,,,,,,,,,,,,,COMMODITY,v,v2707,5092.0,82.0,390.0,11.0,2091640.0,1e-05,4400.0,4400.0,0.09976433621366843,0.09976433621366843,-0.1358994501178319,-0.1358994501178319,-0.1358994501178319,22.0,4.0,0.6923076923076923,1200.0,0.2356637863315004,call_oi_wall,5600.0,0.09976433621366843,below_price_wall
COMMODITY,v,v,DCE,2708,,,,,,,5106.0,,,5400.0,4900.0,,,,4900.0,,,,,,,,21.0,21.0,25354.0,,,,,,,,,,,,,,,,,,,,,,,,,,,,,,,,,,,,,,,,,,,,COMMODITY,v,v2708,5106.0,24.0,20.0,6.0,612830.0,2.2000000000000003e-05,4900.0,4900.0,-0.04034469251860551,0.057579318448883754,-0.04034469251860551,-0.04034469251860551,-0.04034469251860551,13.0,8.0,0.23809523809523808,500.0,0.09792401096748923,put_oi_wall,4900.0,-0.04034469251860551,above_price_wall
COMMODITY,y,y,DCE,2611,,,,,,,8810.0,,,9000.0,8300.0,,,,9000.0,,,,,,,,21821.0,19743.0,14329995.0,,,,,,,,,,,,,,,,,,,,,,,,,,,,,,,,,,,,,,,,,,,,COMMODITY,y,y2611,8810.0,32843.0,120359.0,6285.0,2883517400.0,0.00013,9000.0,9000.0,0.02156640181611813,0.02156640181611813,-0.05788876276957999,0.02156640181611813,0.02156640181611813,10936.0,10885.0,0.002337198111910545,700.0,0.07945516458569807,call_oi_wall,9000.0,0.02156640181611813,below_price_wall
COMMODITY,y,y,DCE,2612,,,,,,,8806.0,,,9000.0,8200.0,,,,8700.0,,,,,,,,6517.0,2918.0,1979265.0,,,,,,,,,,,,,,,,,,,,,,,,,,,,,,,,,,,,,,,,,,,,COMMODITY,y,y2612,8806.0,6969.0,90717.0,582.0,611678010.0,0.000129,9500.0,8700.0,-0.01203724733136502,0.02203043379513958,-0.06881671587553939,0.07880990233931406,-0.01203724733136502,2594.0,3923.0,-0.20392818781647998,800.0,0.09084714967067908,price_wall,8700.0,-0.01203724733136502,above_price_wall
COMMODITY,y,y,DCE,2701,,,,,,,8747.0,,,9000.0,8200.0,,,,8200.0,,,,,,,,13364.0,6525.0,8272210.0,,,,,,,,,,,,,,,,,,,,,,,,,,,,,,,,,,,,,,,,,,,,COMMODITY,y,y2701,8747.0,391065.0,687796.0,51215.0,34110899000.0,0.000119,9000.0,9000.0,-0.06253572653481199,0.028924202583743064,-0.06253572653481199,0.028924202583743064,0.028924202583743064,5725.0,7639.0,-0.14322059263693504,800.0,0.09145992911855494,call_oi_wall,9000.0,0.028924202583743064,above_price_wall
COMMODITY,y,y,DCE,2703,,,,,,,8703.0,,,9800.0,7200.0,,,,9800.0,,,,,,,,935.0,1.0,1620.0,,,,,,,,,,,,,,,,,,,,,,,,,,,,,,,,,,,,,,,,,,,,COMMODITY,y,y2703,8703.0,5891.0,86131.0,1190.0,511052720.0,0.000115,9000.0,9000.0,0.12604848902677235,0.12604848902677235,-0.17269906928645296,0.03412616339193386,0.03412616339193386,856.0,79.0,0.8310160427807487,2600.0,0.2987475583132253,volume_wall,9000.0,0.03412616339193386,below_price_wall
COMMODITY,y,y,DCE,2705,,,,,,,8557.0,,,9200.0,8200.0,,,,9200.0,,,,,,,,1138.0,3.0,13320.0,,,,,,,,,,,,,,,,,,,,,,,,,,,,,,,,,,,,,,,,,,,,COMMODITY,y,y2705,8557.0,60022.0,181487.0,6600.0,5114403200.0,0.000117,9200.0,7600.0,0.07514315764870871,0.07514315764870871,-0.041720229052237934,0.07514315764870871,-0.11183826107280592,720.0,418.0,0.26537785588752194,1000.0,0.11686338670094659,put_oi_wall,8200.0,-0.041720229052237934,below_price_wall
COMMODITY,y,y,DCE,2707,,,,,,,8500.0,,,9200.0,7200.0,,,,8200.0,,,,,,,,129.0,0.0,0.0,,,,,,,,,,,,,,,,,,,,,,,,,,,,,,,,,,,,,,,,,,,,COMMODITY,y,y2707,8500.0,3480.0,30687.0,1497.0,294476190.0,0.000107,7200.0,7200.0,-0.03529411764705881,0.08235294117647052,-0.15294117647058825,-0.15294117647058825,-0.15294117647058825,60.0,69.0,-0.06976744186046512,2000.0,0.23529411764705882,price_wall,8200.0,-0.03529411764705881,above_price_wall
COMMODITY,y,y,DCE,2708,,,,,,,8514.0,,,7400.0,7400.0,,,,7400.0,,,,,,,,0.0,0.0,0.0,,,,,,,,,,,,,,,,,,,,,,,,,,,,,,,,,,,,,,,,,,,,COMMODITY,y,y2708,8514.0,982.0,2780.0,502.0,83338280.0,0.00014099999999999998,7400.0,7400.0,-0.13084331688982853,-0.13084331688982853,-0.13084331688982853,-0.13084331688982853,-0.13084331688982853,0.0,0.0,,0.0,0.0,call_oi_wall,7400.0,-0.13084331688982853,above_price_wall
COMMODITY,lc,lc,GFEX,2610,,,,,,,149740.0,,,160000.0,130000.0,,,,150000.0,,,,,,,,115848.0,268509.0,608780920.0,,,,,,,,,,,,,,,,,,,,,,,,,,,,,,,,,,,,,,,,,,,,COMMODITY,lc,lc2610,149740.0,6058.0,23175.0,621.0,912230860.0,-0.000285,150000.0,150000.0,0.001736342994523854,0.0685187658608255,-0.13182850273807933,0.001736342994523854,0.001736342994523854,59654.0,56194.0,0.029866721911470204,30000.0,0.20034726859890478,price_wall,150000.0,0.001736342994523854,near_price_wall
COMMODITY,lc,lc,GFEX,2611,,,,,,,150280.0,,,160000.0,130000.0,,,,160000.0,,,,,,,,8292.0,2265.0,9702820.0,,,,,,,,,,,,,,,,,,,,,,,,,,,,,,,,,,,,,,,,,,,,COMMODITY,lc,lc2611,150280.0,22854.0,109388.0,194.0,3444302000.0,-0.000278,160000.0,160000.0,0.06467926537130686,0.06467926537130686,-0.1349480968858131,0.06467926537130686,0.06467926537130686,6443.0,1849.0,0.5540279787747227,30000.0,0.19962736225712005,call_oi_wall,160000.0,0.06467926537130686,below_price_wall
COMMODITY,lc,lc,GFEX,2612,,,,,,,150540.0,,,246000.0,87000.0,,,,100000.0,,,,,,,,825.0,5.0,1900.0,,,,,,,,,,,,,,,,,,,,,,,,,,,,,,,,,,,,,,,,,,,,COMMODITY,lc,lc2612,150540.0,2711.0,27863.0,-345.0,410191200.0,-0.00033,100000.0,100000.0,-0.3357247243257606,0.634117178158629,-0.42208051016341175,-0.3357247243257606,-0.3357247243257606,376.0,449.0,-0.08848484848484849,159000.0,1.0561976883220408,price_wall,100000.0,-0.3357247243257606,above_price_wall
COMMODITY,lc,lc,GFEX,2701,,,,,,,150660.0,,,246000.0,110000.0,,,,150000.0,,,,,,,,19473.0,11635.0,104959680.0,,,,,,,,,,,,,,,,,,,,,,,,,,,,,,,,,,,,,,,,,,,,COMMODITY,lc,lc2701,150660.0,175248.0,315609.0,4347.0,26559220000.0,-0.000301,140000.0,150000.0,-0.004380724810832293,0.632815611310235,-0.26987919819461037,-0.0707553431567769,-0.004380724810832293,10275.0,9198.0,0.05530734863657372,136000.0,0.9026948095048454,price_wall,150000.0,-0.004380724810832293,near_price_wall
COMMODITY,lc,lc,GFEX,2702,,,,,,,148880.0,,,246000.0,120000.0,,,,246000.0,,,,,,,,393.0,0.0,0.0,,,,,,,,,,,,,,,,,,,,,,,,,,,,,,,,,,,,,,,,,,,,COMMODITY,lc,lc2702,148880.0,204.0,1802.0,-4.0,30587520.0,-0.00025100000000000003,108000.0,108000.0,0.6523374529822676,0.6523374529822676,-0.1939817302525524,-0.2745835572272971,-0.2745835572272971,313.0,80.0,0.5928753180661578,126000.0,0.84631918323482,put_oi_wall,120000.0,-0.1939817302525524,below_price_wall
COMMODITY,lc,lc,GFEX,2703,,,,,,,149400.0,,,244000.0,112000.0,,,,112000.0,,,,,,,,497.0,17.0,50070.0,,,,,,,,,,,,,,,,,,,,,,,,,,,,,,,,,,,,,,,,,,,,COMMODITY,lc,lc2703,149400.0,263.0,2462.0,59.0,39243300.0,-0.000208,112000.0,118000.0,-0.250334672021419,0.6331994645247658,-0.250334672021419,-0.250334672021419,-0.21017402945113783,209.0,288.0,-0.158953722334004,132000.0,0.8835341365461847,amount_wall,118000.0,-0.21017402945113783,above_price_wall
COMMODITY,lc,lc,GFEX,2704,,,,,,,149140.0,,,216000.0,116000.0,,,,216000.0,,,,,,,,436.0,0.0,0.0,,,,,,,,,,,,,,,,,,,,,,,,,,,,,,,,,,,,,,,,,,,,COMMODITY,lc,lc2704,149140.0,186.0,8569.0,-18.0,27649560.0,-0.000223,106000.0,106000.0,0.4483036073487998,0.4483036073487998,-0.22220732197934823,-0.2892584149121631,-0.2892584149121631,312.0,124.0,0.43119266055045874,100000.0,0.670510929328148,put_oi_wall,116000.0,-0.22220732197934823,below_price_wall
COMMODITY,lc,lc,GFEX,2705,,,,,,,148860.0,,,220000.0,108000.0,,,,200000.0,,,,,,,,802.0,35.0,166750.0,,,,,,,,,,,,,,,,,,,,,,,,,,,,,,,,,,,,,,,,,,,,COMMODITY,lc,lc2705,148860.0,4564.0,43549.0,1018.0,681964240.0,-0.000301,200000.0,200000.0,0.34354426978368946,0.4778986967620582,-0.2744860943168077,0.34354426978368946,0.34354426978368946,526.0,276.0,0.3117206982543641,112000.0,0.752384791078866,put_oi_wall,108000.0,-0.2744860943168077,below_price_wall
COMMODITY,lc,lc,GFEX,2706,,,,,,,148680.0,,,202000.0,106000.0,,,,106000.0,,,,,,,,413.0,0.0,0.0,,,,,,,,,,,,,,,,,,,,,,,,,,,,,,,,,,,,,,,,,,,,COMMODITY,lc,lc2706,148680.0,31.0,392.0,4.0,4583360.0,-0.000281,106000.0,106000.0,-0.287059456550982,0.358622545063223,-0.287059456550982,-0.287059456550982,-0.287059456550982,193.0,220.0,-0.06537530266343826,96000.0,0.645682001614205,put_oi_wall,106000.0,-0.287059456550982,above_price_wall
COMMODITY,lc,lc,GFEX,2707,,,,,,,,,,120000.0,124000.0,,,,124000.0,,,,,,,,2.0,0.0,0.0,,,,,,,,,,,,,,,,,,,,,,,,,,,,,,,,,,,,,,,,,,,,COMMODITY,lc,,,,,,,,120000.0,120000.0,,,,,,0.0,2.0,-1.0,-4000.0,,,,,unavailable
COMMODITY,pd,pd,GFEX,2610,,,,,,,309.2,,,672.0,300.0,,,,672.0,,,,,,,,2219.0,190.0,370850.0,,,,,,,,,,,,,,,,,,,,,,,,,,,,,,,,,,,,,,,,,,,,COMMODITY,pd,pd2610,309.2,4142.0,9730.0,119.0,1279073700.0,-0.000271,672.0,300.0,1.1733505821474774,1.1733505821474774,-0.02975420439844756,1.1733505821474774,-0.02975420439844756,1598.0,621.0,0.4402884182063993,372.0,1.203104786545925,put_oi_wall,300.0,-0.02975420439844756,below_price_wall
COMMODITY,pd,pd,GFEX,2612,,,,,,,311.35,,,392.0,284.0,,,,600.0,,,,,,,,197.0,3.0,5250.0,,,,,,,,,,,,,,,,,,,,,,,,,,,,,,,,,,,,,,,,,,,,COMMODITY,pd,pd2612,311.35,262.0,1797.0,81.0,81561600.0,-0.000263,600.0,256.0,0.9270916974466035,0.25903324233178093,-0.08784326320860769,0.9270916974466035,-0.1777742090894492,139.0,58.0,0.41116751269035534,108.0,0.3468765055403886,put_oi_wall,284.0,-0.08784326320860769,below_price_wall
COMMODITY,pd,pd,GFEX,2702,,,,,,,313.45,,,568.0,256.0,,,,280.0,,,,,,,,141.0,6.0,38300.0,,,,,,,,,,,,,,,,,,,,,,,,,,,,,,,,,,,,,,,,,,,,COMMODITY,pd,pd2702,313.45,35.0,345.0,16.0,10974250.0,-0.00025,568.0,280.0,-0.10671558462274677,0.8120912426224278,-0.18328282022651132,0.8120912426224278,-0.10671558462274677,109.0,32.0,0.5460992907801419,312.0,0.9953740628489393,price_wall,280.0,-0.10671558462274677,above_price_wall
COMMODITY,pd,pd,GFEX,2704,,,,,,,317.25,,,480.0,256.0,,,,480.0,,,,,,,,117.0,0.0,0.0,,,,,,,,,,,,,,,,,,,,,,,,,,,,,,,,,,,,,,,,,,,,COMMODITY,pd,pd2704,317.25,1.0,22.0,1.0,317250.0,-0.000178,216.0,216.0,0.5130023640661938,0.5130023640661938,-0.19306540583136322,-0.3191489361702128,-0.3191489361702128,82.0,35.0,0.4017094017094017,224.0,0.7060677698975572,put_oi_wall,256.0,-0.19306540583136322,below_price_wall
COMMODITY,pd,pd,GFEX,2706,,,,,,,318.8,,,424.0,232.0,,,,424.0,,,,,,,,101.0,0.0,0.0,,,,,,,,,,,,,,,,,,,,,,,,,,,,,,,,,,,,,,,,,,,,COMMODITY,pd,pd2706,318.8,2.0,25.0,1.0,635400.0,-0.00019800000000000002,216.0,216.0,0.32998745294855714,0.32998745294855714,-0.2722710163111669,-0.3224592220828105,-0.3224592220828105,41.0,60.0,-0.18811881188118812,192.0,0.6022584692597239,put_oi_wall,232.0,-0.2722710163111669,below_price_wall
COMMODITY,pd,pd,GFEX,2708,,,,,,,,,,260.0,260.0,,,,260.0,,,,,,,,0.0,0.0,0.0,,,,,,,,,,,,,,,,,,,,,,,,,,,,,,,,,,,,,,,,,,,,COMMODITY,pd,,,,,,,,260.0,260.0,,,,,,0.0,0.0,,0.0,,,,,unavailable
COMMODITY,ps,ps,GFEX,2610,,,,,,,37775.0,,,50000.0,33000.0,,,,40000.0,,,,,,,,122129.0,187128.0,228439758.0,,,,,,,,,,,,,,,,,,,,,,,,,,,,,,,,,,,,,,,,,,,,COMMODITY,ps,ps2610,37775.0,12892.0,29180.0,-462.0,1453209300.0,-0.00017,40000.0,40000.0,0.058901389808074134,0.3236267372600927,-0.12640635340833883,0.058901389808074134,0.058901389808074134,79975.0,42154.0,0.3096807474064309,17000.0,0.4500330906684315,price_wall,40000.0,0.058901389808074134,below_price_wall
COMMODITY,ps,ps,GFEX,2611,,,,,,,37815.0,,,50000.0,35000.0,,,,50000.0,,,,,,,,18137.0,6974.0,17155344.0,,,,,,,,,,,,,,,,,,,,,,,,,,,,,,,,,,,,,,,,,,,,COMMODITY,ps,ps2611,37815.0,133546.0,102270.0,3151.0,15082561000.0,-0.000178,40000.0,40000.0,0.322226629644321,0.322226629644321,-0.07444135924897533,0.057781303715456866,0.057781303715456866,14688.0,3449.0,0.6196724926944919,15000.0,0.3966679888932963,volume_wall,40000.0,0.057781303715456866,below_price_wall
COMMODITY,ps,ps,GFEX,2612,,,,,,,41135.0,,,50000.0,32000.0,,,,50000.0,,,,,,,,3573.0,118.0,219444.0,,,,,,,,,,,,,,,,,,,,,,,,,,,,,,,,,,,,,,,,,,,,COMMODITY,ps,ps2612,41135.0,5387.0,24066.0,-137.0,661587860.0,-0.000117,50000.0,50000.0,0.2155099064057373,0.2155099064057373,-0.22207365990032824,0.2155099064057373,0.2155099064057373,3254.0,319.0,0.8214385670305066,18000.0,0.4375835663060654,call_oi_wall,50000.0,0.2155099064057373,below_price_wall
COMMODITY,ps,ps,GFEX,2701,,,,,,,40930.0,,,40000.0,32500.0,,,,62000.0,,,,,,,,1019.0,12.0,15894.0,,,,,,,,,,,,,,,,,,,,,,,,,,,,,,,,,,,,,,,,,,,,COMMODITY,ps,ps2701,40930.0,349.0,1948.0,-6.0,42858960.0,-0.000129,62000.0,50000.0,0.5147813339848522,-0.022721720009772794,-0.2059613975079404,0.5147813339848522,0.22159784998778398,957.0,62.0,0.8783120706575074,7500.0,0.1832396774981676,call_oi_wall,40000.0,-0.022721720009772794,below_price_wall
COMMODITY,ps,ps,GFEX,2702,,,,,,,,,,54000.0,32000.0,,,,54000.0,,,,,,,,241.0,0.0,0.0,,,,,,,,,,,,,,,,,,,,,,,,,,,,,,,,,,,,,,,,,,,,COMMODITY,ps,,,,,,,,32000.0,32000.0,,,,,,209.0,32.0,0.7344398340248963,22000.0,,,,,unavailable
COMMODITY,ps,ps,GFEX,2703,,,,,,,,,,50000.0,32500.0,,,,50000.0,,,,,,,,177.0,0.0,0.0,,,,,,,,,,,,,,,,,,,,,,,,,,,,,,,,,,,,,,,,,,,,COMMODITY,ps,,,,,,,,32000.0,32000.0,,,,,,90.0,87.0,0.01694915254237288,17500.0,,,,,unavailable
COMMODITY,ps,ps,GFEX,2704,,,,,,,39895.0,,,44000.0,42000.0,,,,42000.0,,,,,,,,204.0,0.0,0.0,,,,,,,,,,,,,,,,,,,,,,,,,,,,,,,,,,,,,,,,,,,,COMMODITY,ps,ps2704,39895.0,199.0,2128.0,7.0,23578425.0,-8.7e-05,31000.0,31000.0,0.05276350419852105,0.10289509963654586,0.05276350419852105,-0.22296027071061542,-0.22296027071061542,99.0,105.0,-0.029411764705882353,2000.0,0.05013159543802481,put_oi_wall,42000.0,0.05276350419852105,below_price_wall
COMMODITY,ps,ps,GFEX,2705,,,,,,,39690.0,,,47000.0,32000.0,,,,47000.0,,,,,,,,187.0,0.0,0.0,,,,,,,,,,,,,,,,,,,,,,,,,,,,,,,,,,,,,,,,,,,,COMMODITY,ps,ps2705,39690.0,51.0,523.0,7.0,6052125.0,-9.7e-05,31000.0,31000.0,0.1841773746535651,0.1841773746535651,-0.19375157470395565,-0.21894683799445702,-0.21894683799445702,127.0,60.0,0.3582887700534759,15000.0,0.3779289493575208,call_oi_wall,47000.0,0.1841773746535651,below_price_wall
COMMODITY,ps,ps,GFEX,2706,,,,,,,41595.0,,,49000.0,35500.0,,,,49000.0,,,,,,,,73.0,0.0,0.0,,,,,,,,,,,,,,,,,,,,,,,,,,,,,,,,,,,,,,,,,,,,COMMODITY,ps,ps2706,41595.0,39.0,386.0,-8.0,4817925.0,2.3999999999999997e-05,33000.0,33000.0,0.17802620507272504,0.17802620507272504,-0.1465320351003726,-0.2066354129102056,-0.2066354129102056,33.0,40.0,-0.0958904109589041,13500.0,0.3245582401730977,put_oi_wall,35500.0,-0.1465320351003726,below_price_wall
COMMODITY,ps,ps,GFEX,2707,,,,,,,,,,42000.0,35000.0,,,,35000.0,,,,,,,,21.0,0.0,0.0,,,,,,,,,,,,,,,,,,,,,,,,,,,,,,,,,,,,,,,,,,,,COMMODITY,ps,,,,,,,,34500.0,34500.0,,,,,,2.0,19.0,-0.8095238095238095,7000.0,,,,,unavailable
COMMODITY,ps,ps,GFEX,2708,,,,,,,41670.0,,,35000.0,35000.0,,,,35000.0,,,,,,,,0.0,0.0,0.0,,,,,,,,,,,,,,,,,,,,,,,,,,,,,,,,,,,,,,,,,,,,COMMODITY,ps,ps2708,41670.0,5.0,10.0,5.0,625050.0,0.000289,35000.0,35000.0,-0.1600671946244301,-0.1600671946244301,-0.1600671946244301,-0.1600671946244301,-0.1600671946244301,0.0,0.0,,0.0,0.0,call_oi_wall,35000.0,-0.1600671946244301,above_price_wall
COMMODITY,pt,pt,GFEX,2610,,,,,,,423.5,,,600.0,416.0,,,,416.0,,,,,,,,3537.0,319.0,1156600.0,,,,,,,,,,,,,,,,,,,,,,,,,,,,,,,,,,,,,,,,,,,,COMMODITY,pt,pt2610,423.5,5227.0,15167.0,-262.0,2216324000.0,-0.000286,600.0,424.0,-0.017709563164108655,0.4167650531286895,-0.017709563164108655,0.4167650531286895,0.0011806375442739991,2489.0,1048.0,0.4074074074074074,184.0,0.4344746162927981,amount_wall,424.0,0.0011806375442739991,above_price_wall
COMMODITY,pt,pt,GFEX,2612,,,,,,,425.65,,,920.0,320.0,,,,480.0,,,,,,,,1385.0,14.0,75600.0,,,,,,,,,,,,,,,,,,,,,,,,,,,,,,,,,,,,,,,,,,,,COMMODITY,pt,pt2612,425.65,389.0,3350.0,89.0,165796300.0,-0.000314,480.0,480.0,0.12768706683895226,1.1614002114413253,-0.24820862210736516,0.12768706683895226,0.12768706683895226,1013.0,372.0,0.4628158844765343,600.0,1.4096088335486903,price_wall,480.0,0.12768706683895226,below_price_wall
COMMODITY,pt,pt,GFEX,2702,,,,,,,427.15,,,648.0,288.0,,,,408.0,,,,,,,,479.0,1.0,48950.0,,,,,,,,,,,,,,,,,,,,,,,,,,,,,,,,,,,,,,,,,,,,COMMODITY,pt,pt2702,427.15,83.0,274.0,38.0,35462600.0,-0.000249,408.0,408.0,-0.04483202622029725,0.5170314877677631,-0.32576378321432753,-0.04483202622029725,-0.04483202622029725,277.0,202.0,0.15657620041753653,360.0,0.8427952709820906,price_wall,408.0,-0.04483202622029725,above_price_wall
COMMODITY,pt,pt,GFEX,2704,,,,,,,431.4,,,664.0,296.0,,,,328.0,,,,,,,,453.0,2.0,13600.0,,,,,,,,,,,,,,,,,,,,,,,,,,,,,,,,,,,,,,,,,,,,COMMODITY,pt,pt2704,431.4,8.0,46.0,-2.0,3449450.0,-0.00020400000000000003,328.0,328.0,-0.23968474733426048,0.539174779786741,-0.31386184515530824,-0.23968474733426048,-0.23968474733426048,191.0,262.0,-0.15673289183222958,368.0,0.8530366249420492,price_wall,328.0,-0.23968474733426048,above_price_wall
COMMODITY,pt,pt,GFEX,2706,,,,,,,430.6,,,440.0,300.0,,,,324.0,,,,,,,,72.0,7.0,57000.0,,,,,,,,,,,,,,,,,,,,,,,,,,,,,,,,,,,,,,,,,,,,COMMODITY,pt,pt2706,430.6,4.0,26.0,-2.0,1729850.0,-0.000302,324.0,324.0,-0.24756154203437064,0.021830004644681766,-0.30329772410589884,-0.24756154203437064,-0.24756154203437064,24.0,48.0,-0.3333333333333333,140.0,0.32512772875058055,call_oi_wall,440.0,0.021830004644681766,above_price_wall
COMMODITY,pt,pt,GFEX,2708,,,,,,,,,,352.0,356.0,,,,356.0,,,,,,,,1.0,4.0,81500.0,,,,,,,,,,,,,,,,,,,,,,,,,,,,,,,,,,,,,,,,,,,,COMMODITY,pt,,,,,,,,356.0,356.0,,,,,,0.0,1.0,-1.0,-4.0,,,,,unavailable
COMMODITY,si,si,GFEX,2610,,,,,,,8775.0,,,9000.0,8300.0,,,,9000.0,,,,,,,,83977.0,165846.0,56422190.0,,,,,,,,,,,,,,,,,,,,,,,,,,,,,,,,,,,,,,,,,,,,COMMODITY,si,si2610,8775.0,15154.0,60124.0,476.0,659841950.0,0.000156,9000.0,8800.0,0.02564102564102555,0.02564102564102555,-0.054131054131054124,0.02564102564102555,0.002849002849002913,53683.0,30294.0,0.278516736725532,700.0,0.07977207977207977,amount_wall,8800.0,0.002849002849002913,below_price_wall
COMMODITY,si,si,GFEX,2611,,,,,,,8825.0,,,9000.0,8300.0,,,,9000.0,,,,,,,,31698.0,9972.0,7186830.0,,,,,,,,,,,,,,,,,,,,,,,,,,,,,,,,,,,,,,,,,,,,COMMODITY,si,si2611,8825.0,201817.0,299187.0,26969.0,8825630200.0,0.000161,9000.0,9000.0,0.019830028328611915,0.019830028328611915,-0.059490084985835745,0.019830028328611915,0.019830028328611915,22327.0,9371.0,0.4087324121395672,700.0,0.07932011331444759,call_oi_wall,9000.0,0.019830028328611915,below_price_wall
COMMODITY,si,si,GFEX,2612,,,,,,,9135.0,,,9000.0,7300.0,,,,9000.0,,,,,,,,1036.0,6.0,6900.0,,,,,,,,,,,,,,,,,,,,,,,,,,,,,,,,,,,,,,,,,,,,COMMODITY,si,si2612,9135.0,3877.0,16951.0,1321.0,176110730.0,0.000144,9000.0,9000.0,-0.014778325123152691,-0.014778325123152691,-0.20087575259989054,-0.014778325123152691,-0.014778325123152691,784.0,252.0,0.5135135135135135,1700.0,0.18609742747673783,call_oi_wall,9000.0,-0.014778325123152691,above_price_wall
COMMODITY,si,si,GFEX,2701,,,,,,,9135.0,,,10600.0,7400.0,,,,10600.0,,,,,,,,2760.0,390.0,149170.0,,,,,,,,,,,,,,,,,,,,,,,,,,,,,,,,,,,,,,,,,,,,COMMODITY,si,si2701,9135.0,2354.0,8426.0,615.0,106625375.0,0.000161,10600.0,10600.0,0.16037219485495346,0.16037219485495346,-0.18992884510125885,0.16037219485495346,0.16037219485495346,2480.0,280.0,0.7971014492753623,3200.0,0.35030103995621237,call_oi_wall,10600.0,0.16037219485495346,below_price_wall
COMMODITY,si,si,GFEX,2702,,,,,,,9115.0,,,10000.0,8300.0,,,,10000.0,,,,,,,,294.0,0.0,0.0,,,,,,,,,,,,,,,,,,,,,,,,,,,,,,,,,,,,,,,,,,,,COMMODITY,si,si2702,9115.0,201.0,476.0,13.0,9063075.0,0.000105,7600.0,7600.0,0.09709270433351613,0.09709270433351613,-0.08941305540318156,-0.1662095447065277,-0.1662095447065277,120.0,174.0,-0.1836734693877551,1700.0,0.18650575973669775,put_oi_wall,8300.0,-0.08941305540318156,below_price_wall
COMMODITY,si,si,GFEX,2703,,,,,,,9180.0,,,10200.0,8200.0,,,,7800.0,,,,,,,,364.0,1.0,330.0,,,,,,,,,,,,,,,,,,,,,,,,,,,,,,,,,,,,,,,,,,,,COMMODITY,si,si2703,9180.0,50.0,277.0,22.0,2270650.0,0.000149,7800.0,7800.0,-0.15032679738562094,0.11111111111111116,-0.10675381263616557,-0.15032679738562094,-0.15032679738562094,118.0,246.0,-0.3516483516483517,2000.0,0.2178649237472767,put_oi_wall,8200.0,-0.10675381263616557,above_price_wall
COMMODITY,si,si,GFEX,2704,,,,,,,9205.0,,,7900.0,8200.0,,,,7900.0,,,,,,,,214.0,0.0,0.0,,,,,,,,,,,,,,,,,,,,,,,,,,,,,,,,,,,,,,,,,,,,COMMODITY,si,si2704,9205.0,21.0,276.0,-5.0,959900.0,0.000132,7700.0,7700.0,-0.1417707767517653,-0.1417707767517653,-0.10917979359043994,-0.16349809885931554,-0.16349809885931554,76.0,138.0,-0.2897196261682243,-300.0,-0.03259098316132537,put_oi_wall,8200.0,-0.10917979359043994,above_price_wall
COMMODITY,si,si,GFEX,2705,,,,,,,9205.0,,,9000.0,7800.0,,,,9000.0,,,,,,,,548.0,0.0,0.0,,,,,,,,,,,,,,,,,,,,,,,,,,,,,,,,,,,,,,,,,,,,COMMODITY,si,si2705,9205.0,311.0,946.0,146.0,14268500.0,8.800000000000001e-05,7700.0,7700.0,-0.022270505160238985,-0.022270505160238985,-0.15263443780554042,-0.16349809885931554,-0.16349809885931554,468.0,80.0,0.708029197080292,1200.0,0.13036393264530147,call_oi_wall,9000.0,-0.022270505160238985,above_price_wall
COMMODITY,si,si,GFEX,2706,,,,,,,9235.0,,,9500.0,8500.0,,,,8300.0,,,,,,,,175.0,0.0,0.0,,,,,,,,,,,,,,,,,,,,,,,,,,,,,,,,,,,,,,,,,,,,COMMODITY,si,si2706,9235.0,12.0,75.0,4.0,552475.0,0.000126,7700.0,7700.0,-0.1012452625879805,0.028695181375202994,-0.07958852192744992,-0.16621548456957225,-0.16621548456957225,135.0,40.0,0.5428571428571428,1000.0,0.10828370330265295,call_oi_wall,9500.0,0.028695181375202994,above_price_wall
COMMODITY,si,si,GFEX,2707,,,,,,,9230.0,,,9100.0,8700.0,,,,10000.0,,,,,,,,174.0,17.0,36835.0,,,,,,,,,,,,,,,,,,,,,,,,,,,,,,,,,,,,,,,,,,,,COMMODITY,si,si2707,9230.0,4.0,57.0,-2.0,184400.0,9.3e-05,10000.0,10000.0,0.08342361863488623,-0.014084507042253502,-0.057421451787649014,0.08342361863488623,0.08342361863488623,164.0,10.0,0.8850574712643678,400.0,0.04333694474539545,call_oi_wall,9100.0,-0.014084507042253502,below_price_wall
COMMODITY,si,si,GFEX,2708,,,,,,,9275.0,,,9100.0,8100.0,,,,8300.0,,,,,,,,167.0,51.0,161030.0,,,,,,,,,,,,,,,,,,,,,,,,,,,,,,,,,,,,,,,,,,,,COMMODITY,si,si2708,9275.0,5.0,11.0,2.0,231250.0,4.9e-05,8300.0,8300.0,-0.10512129380053903,-0.018867924528301883,-0.12668463611859837,-0.10512129380053903,-0.10512129380053903,57.0,110.0,-0.31736526946107785,1000.0,0.1078167115902965,call_oi_wall,9100.0,-0.018867924528301883,above_price_wall
COMMODITY,bc,bc,INE,2609,,,,,,,94740.0,,,104000.0,80000.0,,,,94000.0,,,,,,,,2539.0,2890.0,7756670.0,,,,,,,,,,,,,,,,,,,,,,,,,,,,,,,,,,,,,,,,,,,,COMMODITY,bc,bc2609,94740.0,10744.0,13075.0,-594.0,5108056000.0,-0.000153,100000.0,96000.0,-0.007810850749419451,0.0977411864048976,-0.1555837027654634,0.05552037154317069,0.013299556681444002,1020.0,1519.0,-0.19653406853091768,24000.0,0.253324889170361,price_wall,94000.0,-0.007810850749419451,above_price_wall
COMMODITY,bc,bc,INE,2610,,,,,,,94680.0,,,102000.0,85000.0,,,,100000.0,,,,,,,,1237.0,1058.0,6187620.0,,,,,,,,,,,,,,,,,,,,,,,,,,,,,,,,,,,,,,,,,,,,COMMODITY,bc,bc2610,94680.0,2100.0,7102.0,201.0,996643750.0,-0.00014099999999999998,82000.0,100000.0,0.05618926911702582,0.07731305449936632,-0.10223912125052814,-0.1339247993240389,0.05618926911702582,436.0,801.0,-0.2950687146321746,17000.0,0.17955217574989438,price_wall,100000.0,0.05618926911702582,below_price_wall
COMMODITY,nr,nr,INE,2609,,,,,,,15105.0,,,15000.0,13000.0,,,,15000.0,,,,,,,,6969.0,8835.0,9610190.0,,,,,,,,,,,,,,,,,,,,,,,,,,,,,,,,,,,,,,,,,,,,COMMODITY,nr,nr2609,15105.0,2633.0,4749.0,-562.0,396208350.0,0.000151,15000.0,15000.0,-0.006951340615690138,-0.006951340615690138,-0.13935782853359813,-0.006951340615690138,-0.006951340615690138,3045.0,3924.0,-0.1261300043047783,2000.0,0.132406487917908,call_oi_wall,15000.0,-0.006951340615690138,above_price_wall
COMMODITY,nr,nr,INE,2610,,,,,,,15165.0,,,15000.0,14000.0,,,,15000.0,,,,,,,,3924.0,3264.0,2128030.0,,,,,,,,,,,,,,,,,,,,,,,,,,,,,,,,,,,,,,,,,,,,COMMODITY,nr,nr2610,15165.0,65538.0,54705.0,2324.0,9905440600.0,0.000137,17000.0,15000.0,-0.010880316518298683,-0.010880316518298683,-0.0768216287504121,0.12100230794592814,-0.010880316518298683,2420.0,1504.0,0.23343527013251783,1000.0,0.06594131223211341,call_oi_wall,15000.0,-0.010880316518298683,above_price_wall
COMMODITY,nr,nr,INE,2611,,,,,,,15375.0,,,18000.0,13400.0,,,,16200.0,,,,,,,,648.0,193.0,395200.0,,,,,,,,,,,,,,,,,,,,,,,,,,,,,,,,,,,,,,,,,,,,COMMODITY,nr,nr2611,15375.0,30002.0,32668.0,1669.0,4597273500.0,0.000145,16200.0,16200.0,0.0536585365853659,0.1707317073170731,-0.1284552845528455,0.0536585365853659,0.0536585365853659,432.0,216.0,0.3333333333333333,4600.0,0.2991869918699187,price_wall,16200.0,0.0536585365853659,below_price_wall
COMMODITY,nr,nr,INE,2612,,,,,,,15350.0,,,16400.0,12800.0,,,,16600.0,,,,,,,,99.0,36.0,80670.0,,,,,,,,,,,,,,,,,,,,,,,,,,,,,,,,,,,,,,,,,,,,COMMODITY,nr,nr2612,15350.0,10188.0,22110.0,1288.0,1558952100.0,0.000149,16600.0,16600.0,0.08143322475570036,0.0684039087947883,-0.16612377850162863,0.08143322475570036,0.08143322475570036,67.0,32.0,0.35353535353535354,3600.0,0.23452768729641693,call_oi_wall,16400.0,0.0684039087947883,below_price_wall
COMMODITY,nr,nr,INE,2701,,,,,,,15325.0,,,17600.0,12400.0,,,,13400.0,,,,,,,,971.0,1317.0,2551400.0,,,,,,,,,,,,,,,,,,,,,,,,,,,,,,,,,,,,,,,,,,,,COMMODITY,nr,nr2701,15325.0,5273.0,23668.0,712.0,806625200.0,0.000132,13400.0,13600.0,-0.12561174551386622,0.14845024469820545,-0.1908646003262643,-0.12561174551386622,-0.11256117455138659,494.0,477.0,0.017507723995880537,5200.0,0.33931484502446985,amount_wall,13600.0,-0.11256117455138659,above_price_wall
COMMODITY,sc,sc,INE,2610,,,,,,,585.8,,,650.0,500.0,,,,500.0,,,,,,,,55219.0,80558.0,965247550.0,,,,,,,,,,,,,,,,,,,,,,,,,,,,,,,,,,,,,,,,,,,,COMMODITY,sc,sc2610,585.8,115650.0,43132.0,1939.0,67699934000.0,0.000181,600.0,600.0,-0.14646637077500846,0.10959371799248907,-0.14646637077500846,0.024240355069989894,0.024240355069989894,24388.0,30831.0,-0.11668085260508158,150.0,0.2560600887674975,volume_wall,600.0,0.024240355069989894,above_price_wall
COMMODITY,sc,sc,INE,2611,,,,,,,575.0,,,710.0,450.0,,,,710.0,,,,,,,,2493.0,1116.0,20215550.0,,,,,,,,,,,,,,,,,,,,,,,,,,,,,,,,,,,,,,,,,,,,COMMODITY,sc,sc2611,575.0,12311.0,13776.0,-223.0,7077867400.0,0.00015900000000000002,710.0,710.0,0.23478260869565215,0.23478260869565215,-0.21739130434782605,0.23478260869565215,0.23478260869565215,1269.0,1224.0,0.018050541516245487,260.0,0.45217391304347826,put_oi_wall,450.0,-0.21739130434782605,below_price_wall
COMMODITY,sc,sc,INE,2612,,,,,,,568.7,,,850.0,400.0,,,,850.0,,,,,,,,2961.0,201.0,2139650.0,,,,,,,,,,,,,,,,,,,,,,,,,,,,,,,,,,,,,,,,,,,,COMMODITY,sc,sc2612,568.7,5471.0,9871.0,176.0,3108993200.0,0.00016299999999999998,850.0,620.0,0.4946368911552663,0.4946368911552663,-0.296641462985757,0.4946368911552663,0.09020573237207663,2084.0,877.0,0.40763255656872677,450.0,0.7912783541410233,amount_wall,620.0,0.09020573237207663,below_price_wall
COMMODITY,ad,ad,SHFE,2609,,,,,,,22895.0,,,26000.0,21200.0,,,,23200.0,,,,,,,,2528.0,682.0,1561140.0,,,,,,,,,,,,,,,,,,,,,,,,,,,,,,,,,,,,,,,,,,,,COMMODITY,ad,ad2609,22895.0,1597.0,4397.0,-250.0,365985850.0,-5.2e-05,23000.0,22200.0,0.013321685957632612,0.13561913081458843,-0.07403363179733569,0.004586154182135926,-0.03035597291985148,1549.0,979.0,0.2254746835443038,4800.0,0.209652762611924,volume_wall,23000.0,0.004586154182135926,below_price_wall
COMMODITY,ad,ad,SHFE,2610,,,,,,,22940.0,,,25800.0,23200.0,,,,23200.0,,,,,,,,961.0,115.0,190880.0,,,,,,,,,,,,,,,,,,,,,,,,,,,,,,,,,,,,,,,,,,,,COMMODITY,ad,ad2610,22940.0,9785.0,18352.0,-509.0,2246072800.0,-5.6e-05,20200.0,23200.0,0.011333914559721103,0.12467306015693103,0.011333914559721103,-0.1194420226678291,0.011333914559721103,318.0,643.0,-0.3381893860561915,2600.0,0.11333914559721012,put_oi_wall,23200.0,0.011333914559721103,below_price_wall
COMMODITY,ag,ag,SHFE,2609,,,,,,,15402.0,,,16000.0,15000.0,,,,16000.0,,,,,,,,156994.0,730370.0,1950174118.0,,,,,,,,,,,,,,,,,,,,,,,,,,,,,,,,,,,,,,,,,,,,COMMODITY,ag,ag2609,15402.0,30231.0,21040.0,421.0,7061126400.0,-0.00041799999999999997,16000.0,16000.0,0.038826126477080836,0.038826126477080836,-0.026100506427736647,0.038826126477080836,0.038826126477080836,82375.0,74619.0,0.0494031619042766,1000.0,0.06492663290481755,put_oi_wall,15000.0,-0.026100506427736647,below_price_wall
COMMODITY,ag,ag,SHFE,2610,,,,,,,15432.0,,,16000.0,14000.0,,,,16000.0,,,,,,,,83719.0,89652.0,651308450.0,,,,,,,,,,,,,,,,,,,,,,,,,,,,,,,,,,,,,,,,,,,,COMMODITY,ag,ag2610,15432.0,685304.0,301327.0,-7620.0,160617040000.0,-0.000412,16000.0,16000.0,0.03680663556246766,0.03680663556246766,-0.09279419388284083,0.03680663556246766,0.03680663556246766,50344.0,33375.0,0.20268995090720146,2000.0,0.12960082944530846,call_oi_wall,16000.0,0.03680663556246766,below_price_wall
COMMODITY,ag,ag,SHFE,2612,,,,,,,15463.0,,,35900.0,14000.0,,,,35900.0,,,,,,,,25713.0,3027.0,38982275.0,,,,,,,,,,,,,,,,,,,,,,,,,,,,,,,,,,,,,,,,,,,,COMMODITY,ag,ag2612,15463.0,109663.0,138473.0,1072.0,25729297000.0,-0.000414,20000.0,13000.0,1.3216710858177585,1.3216710858177585,-0.09461294703485745,0.2934100756644895,-0.15928345081808182,20304.0,5409.0,0.5792789639481974,21900.0,1.4162840328526158,put_oi_wall,14000.0,-0.09461294703485745,below_price_wall
COMMODITY,ag,ag,SHFE,2702,,,,,,,15484.0,,,18000.0,13000.0,,,,13000.0,,,,,,,,424.0,128.0,1084572.0,,,,,,,,,,,,,,,,,,,,,,,,,,,,,,,,,,,,,,,,,,,,COMMODITY,ag,ag2702,15484.0,151797.0,47420.0,2221.0,35713294000.0,-0.000415,13000.0,13000.0,-0.16042366313614054,0.16249031258072844,-0.16042366313614054,-0.16042366313614054,-0.16042366313614054,222.0,202.0,0.04716981132075472,5000.0,0.32291397571686903,put_oi_wall,13000.0,-0.16042366313614054,above_price_wall
COMMODITY,al,al,SHFE,2609,,,,,,,23650.0,,,24000.0,23600.0,,,,23600.0,,,,,,,,88620.0,139960.0,62337580.0,,,,,,,,,,,,,,,,,,,,,,,,,,,,,,,,,,,,,,,,,,,,COMMODITY,al,al2609,23650.0,120997.0,144364.0,-30840.0,14351708000.0,-0.000111,23600.0,23800.0,-0.0021141649048626032,0.014799154334038,-0.0021141649048626032,-0.0021141649048626032,0.00634249471458781,43180.0,45440.0,-0.025502143985556308,400.0,0.016913319238900635,put_oi_wall,23600.0,-0.0021141649048626032,near_price_wall
COMMODITY,al,al,SHFE,2610,,,,,,,23675.0,,,25000.0,23000.0,,,,24000.0,,,,,,,,40176.0,22851.0,20732825.0,,,,,,,,,,,,,,,,,,,,,,,,,,,,,,,,,,,,,,,,,,,,COMMODITY,al,al2610,23675.0,180862.0,269032.0,13290.0,21469761000.0,-0.000107,23800.0,23800.0,0.01372756071805692,0.05596620908130934,-0.028511087645195388,0.0052798310454065245,0.0052798310454065245,21390.0,18786.0,0.06481481481481481,2000.0,0.08447729672650475,volume_wall,23800.0,0.0052798310454065245,below_price_wall
COMMODITY,al,al,SHFE,2611,,,,,,,23670.0,,,26600.0,23600.0,,,,22800.0,,,,,,,,1912.0,898.0,561150.0,,,,,,,,,,,,,,,,,,,,,,,,,,,,,,,,,,,,,,,,,,,,COMMODITY,al,al2611,23670.0,36048.0,83310.0,7350.0,4276547100.0,-0.00010200000000000001,22800.0,22800.0,-0.03675538656527255,0.1237853823405155,-0.0029573299535277098,-0.03675538656527255,-0.03675538656527255,639.0,1273.0,-0.33158995815899583,3000.0,0.1267427122940431,put_oi_wall,23600.0,-0.0029573299535277098,above_price_wall
COMMODITY,al,al,SHFE,2612,,,,,,,23640.0,,,27800.0,21000.0,,,,22000.0,,,,,,,,1651.0,33.0,15465.0,,,,,,,,,,,,,,,,,,,,,,,,,,,,,,,,,,,,,,,,,,,,COMMODITY,al,al2612,23640.0,15219.0,58983.0,2602.0,1803677800.0,-0.000105,20000.0,22000.0,-0.0693739424703892,0.17597292724196278,-0.1116751269035533,-0.1539763113367174,-0.0693739424703892,911.0,740.0,0.10357359176256814,6800.0,0.2876480541455161,price_wall,22000.0,-0.0693739424703892,above_price_wall
COMMODITY,al,al,SHFE,2701,,,,,,,23620.0,,,26600.0,21200.0,,,,21200.0,,,,,,,,178.0,0.0,0.0,,,,,,,,,,,,,,,,,,,,,,,,,,,,,,,,,,,,,,,,,,,,COMMODITY,al,al2701,23620.0,9302.0,36110.0,1882.0,1100199630.0,-9.900000000000001e-05,19900.0,19900.0,-0.10245554614733277,0.126164267569856,-0.10245554614733277,-0.15749364944961897,-0.15749364944961897,51.0,127.0,-0.42696629213483145,5400.0,0.2286198137171888,put_oi_wall,21200.0,-0.10245554614733277,above_price_wall
COMMODITY,ao,ao,SHFE,2609,,,,,,,2667.0,,,2800.0,2600.0,,,,2700.0,,,,,,,,140666.0,78959.0,18315020.0,,,,,,,,,,,,,,,,,,,,,,,,,,,,,,,,,,,,,,,,,,,,COMMODITY,ao,ao2609,2667.0,19308.0,87919.0,-3094.0,1032931540.0,-5.6e-05,2700.0,2700.0,0.012373453318335281,0.04986876640419946,-0.02512185976752901,0.012373453318335281,0.012373453318335281,102736.0,37930.0,0.46070834458931087,200.0,0.07499062617172854,price_wall,2700.0,0.012373453318335281,below_price_wall
COMMODITY,ao,ao,SHFE,2610,,,,,,,2668.0,,,2800.0,2600.0,,,,2800.0,,,,,,,,41351.0,14135.0,7991970.0,,,,,,,,,,,,,,,,,,,,,,,,,,,,,,,,,,,,,,,,,,,,COMMODITY,ao,ao2610,2668.0,131169.0,299639.0,7316.0,7011680400.0,-3.7000000000000005e-05,2800.0,2800.0,0.0494752623688155,0.0494752623688155,-0.025487256371814038,0.0494752623688155,0.0494752623688155,30945.0,10406.0,0.49669899156005903,200.0,0.07496251874062969,put_oi_wall,2600.0,-0.025487256371814038,below_price_wall
COMMODITY,ao,ao,SHFE,2611,,,,,,,2688.0,,,3300.0,2600.0,,,,2550.0,,,,,,,,201.0,87.0,50700.0,,,,,,,,,,,,,,,,,,,,,,,,,,,,,,,,,,,,,,,,,,,,COMMODITY,ao,ao2611,2688.0,7655.0,68486.0,1348.0,412406200.0,-3.3e-05,3300.0,2550.0,-0.0513392857142857,0.2276785714285714,-0.03273809523809523,0.2276785714285714,-0.0513392857142857,135.0,66.0,0.34328358208955223,700.0,0.2604166666666667,put_oi_wall,2600.0,-0.03273809523809523,above_price_wall
COMMODITY,ao,ao,SHFE,2612,,,,,,,2710.0,,,2550.0,2300.0,,,,2550.0,,,,,,,,26.0,0.0,0.0,,,,,,,,,,,,,,,,,,,,,,,,,,,,,,,,,,,,,,,,,,,,COMMODITY,ao,ao2612,2710.0,1794.0,26041.0,417.0,97324420.0,-3.3e-05,2300.0,2300.0,-0.059040590405904037,-0.059040590405904037,-0.1512915129151291,-0.1512915129151291,-0.1512915129151291,13.0,13.0,0.0,250.0,0.09225092250922509,call_oi_wall,2550.0,-0.059040590405904037,above_price_wall
COMMODITY,ao,ao,SHFE,2701,,,,,,,2727.0,,,3000.0,2500.0,,,,3500.0,,,,,,,,1001.0,37.0,44310.0,,,,,,,,,,,,,,,,,,,,,,,,,,,,,,,,,,,,,,,,,,,,COMMODITY,ao,ao2701,2727.0,13104.0,80958.0,937.0,716528660.0,-4e-05,3500.0,2800.0,0.2834616795012834,0.10011001100110017,-0.08324165749908319,0.2834616795012834,0.026769343601026785,825.0,176.0,0.6483516483516484,500.0,0.18335166850018336,amount_wall,2800.0,0.026769343601026785,below_price_wall
COMMODITY,au,au,SHFE,2609,,,,,,,943.64,,,1000.0,920.0,,,,928.0,,,,,,,,46903.0,191498.0,1023193420.0,,,,,,,,,,,,,,,,,,,,,,,,,,,,,,,,,,,,,,,,,,,,COMMODITY,au,au2609,943.64,5418.0,3429.0,277.0,5130539700.0,-0.00013299999999999998,952.0,952.0,-0.016574117248103093,0.05972616675850961,-0.025051926582171147,0.008859310754101068,0.008859310754101068,26576.0,20327.0,0.13323241583694007,80.0,0.08477809334068077,volume_wall,952.0,0.008859310754101068,above_price_wall
COMMODITY,au,au,SHFE,2610,,,,,,,945.56,,,1000.0,800.0,,,,1000.0,,,,,,,,57866.0,56328.0,740335760.0,,,,,,,,,,,,,,,,,,,,,,,,,,,,,,,,,,,,,,,,,,,,COMMODITY,au,au2610,945.56,285920.0,195748.0,-4278.0,271413120000.0,-0.000126,1000.0,952.0,0.05757434747662771,0.05757434747662771,-0.1539405220186979,0.05757434747662771,0.006810778797749606,34736.0,23130.0,0.20056682680676044,200.0,0.21151486949532552,amount_wall,952.0,0.006810778797749606,below_price_wall
COMMODITY,au,au,SHFE,2612,,,,,,,947.3,,,960.0,800.0,,,,960.0,,,,,,,,18114.0,2054.0,54928960.0,,,,,,,,,,,,,,,,,,,,,,,,,,,,,,,,,,,,,,,,,,,,COMMODITY,au,au2612,947.3,50050.0,104295.0,1398.0,47568228000.0,-0.000131,1000.0,840.0,0.013406523804497139,0.013406523804497139,-0.15549456349625246,0.055631795629684344,-0.11326929167106514,13347.0,4767.0,0.4736667770785028,160.0,0.16890108730074951,call_oi_wall,960.0,0.013406523804497139,below_price_wall
COMMODITY,au,au,SHFE,2702,,,,,,,949.46,,,1000.0,696.0,,,,1000.0,,,,,,,,1360.0,361.0,9938540.0,,,,,,,,,,,,,,,,,,,,,,,,,,,,,,,,,,,,,,,,,,,,COMMODITY,au,au2702,949.46,14237.0,30137.0,1212.0,13578034000.0,-0.00013,1000.0,1000.0,0.05323025719882879,0.05323025719882879,-0.26695174098961516,0.05323025719882879,0.05323025719882879,733.0,627.0,0.07794117647058824,304.0,0.32018199818844395,call_oi_wall,1000.0,0.05323025719882879,below_price_wall
COMMODITY,br,br,SHFE,2609,,,,,,,14665.0,,,15000.0,14000.0,,,,14000.0,,,,,,,,45020.0,147237.0,77887000.0,,,,,,,,,,,,,,,,,,,,,,,,,,,,,,,,,,,,,,,,,,,,COMMODITY,br,br2609,14665.0,48637.0,20314.0,-1969.0,3539841700.0,0.00024400000000000002,15000.0,15000.0,-0.04534606205250602,0.022843504943743653,-0.04534606205250602,0.022843504943743653,0.022843504943743653,18835.0,26185.0,-0.1632607729897823,1000.0,0.06818956699624958,call_oi_wall,15000.0,0.022843504943743653,above_price_wall
COMMODITY,br,br,SHFE,2610,,,,,,,14680.0,,,16600.0,13000.0,,,,16600.0,,,,,,,,8998.0,4424.0,5138970.0,,,,,,,,,,,,,,,,,,,,,,,,,,,,,,,,,,,,,,,,,,,,COMMODITY,br,br2610,14680.0,205512.0,114271.0,7819.0,14971212000.0,0.00024400000000000002,15000.0,15000.0,0.13079019073569476,0.13079019073569476,-0.114441416893733,0.021798365122615904,0.021798365122615904,5497.0,3501.0,0.2218270726828184,3600.0,0.2452316076294278,volume_wall,15000.0,0.021798365122615904,below_price_wall
COMMODITY,br,br,SHFE,2611,,,,,,,14565.0,,,15000.0,11400.0,,,,15000.0,,,,,,,,280.0,192.0,374285.0,,,,,,,,,,,,,,,,,,,,,,,,,,,,,,,,,,,,,,,,,,,,COMMODITY,br,br2611,14565.0,16400.0,30271.0,2020.0,1186176450.0,0.000225,16400.0,15000.0,0.029866117404737436,0.029866117404737436,-0.21730175077239955,0.12598695502917945,0.029866117404737436,166.0,114.0,0.18571428571428572,3600.0,0.24716786817713698,call_oi_wall,15000.0,0.029866117404737436,below_price_wall
COMMODITY,br,br,SHFE,2701,,,,,,,14410.0,,,15400.0,12600.0,,,,14000.0,,,,,,,,384.0,355.0,1411985.0,,,,,,,,,,,,,,,,,,,,,,,,,,,,,,,,,,,,,,,,,,,,COMMODITY,br,br2701,14410.0,7351.0,7769.0,79.0,525626630.0,0.000213,13000.0,14000.0,-0.0284524635669674,0.06870229007633588,-0.12560721721027068,-0.09784871616932689,-0.0284524635669674,208.0,176.0,0.08333333333333333,2800.0,0.19430950728660654,price_wall,14000.0,-0.0284524635669674,above_price_wall
COMMODITY,bu,bu,SHFE,2609,,,,,,,4548.0,,,4600.0,4000.0,,,,4400.0,,,,,,,,71207.0,141224.0,48811525.0,,,,,,,,,,,,,,,,,,,,,,,,,,,,,,,,,,,,,,,,,,,,COMMODITY,bu,bu2609,4548.0,111854.0,94498.0,-11982.0,5038128900.0,0.000299,4500.0,4500.0,-0.03254177660510116,0.011433597185576128,-0.12049252418645562,-0.01055408970976257,-0.01055408970976257,21560.0,49647.0,-0.3944415577120227,600.0,0.13192612137203166,volume_wall,4500.0,-0.01055408970976257,above_price_wall
COMMODITY,bu,bu,SHFE,2610,,,,,,,4394.0,,,4500.0,3500.0,,,,4300.0,,,,,,,,15254.0,7726.0,4769315.0,,,,,,,,,,,,,,,,,,,,,,,,,,,,,,,,,,,,,,,,,,,,COMMODITY,bu,bu2610,4394.0,245172.0,316938.0,13779.0,10689203000.0,0.000259,4000.0,4400.0,-0.02139280837505686,0.0241238051888939,-0.20345926263086023,-0.08966772872098316,0.001365498406918464,5588.0,9666.0,-0.2673397141733316,1000.0,0.2275830678197542,amount_wall,4400.0,0.001365498406918464,above_price_wall
COMMODITY,bu,bu,SHFE,2611,,,,,,,4149.0,,,4500.0,4200.0,,,,3850.0,,,,,,,,241.0,36.0,11440.0,,,,,,,,,,,,,,,,,,,,,,,,,,,,,,,,,,,,,,,,,,,,COMMODITY,bu,bu2611,4149.0,27777.0,101521.0,3088.0,1149148710.0,0.000197,3550.0,3850.0,-0.07206555796577485,0.08459869848156187,0.012292118582791112,-0.14437213786454572,-0.07206555796577485,119.0,122.0,-0.012448132780082987,300.0,0.07230657989877079,put_oi_wall,4200.0,0.012292118582791112,above_price_wall
COMMODITY,bu,bu,SHFE,2612,,,,,,,3915.0,,,4200.0,3250.0,,,,4050.0,,,,,,,,210.0,5.0,4420.0,,,,,,,,,,,,,,,,,,,,,,,,,,,,,,,,,,,,,,,,,,,,COMMODITY,bu,bu2612,3915.0,31205.0,89484.0,593.0,1221631330.0,0.000129,4400.0,4050.0,0.034482758620689724,0.07279693486590033,-0.16985951468710092,0.1238825031928481,0.034482758620689724,90.0,120.0,-0.14285714285714285,950.0,0.24265644955300128,price_wall,4050.0,0.034482758620689724,below_price_wall
COMMODITY,cu,cu,SHFE,2609,,,,,,,106850.0,,,110000.0,104000.0,,,,106000.0,,,,,,,,93425.0,193175.0,403211370.0,,,,,,,,,,,,,,,,,,,,,,,,,,,,,,,,,,,,,,,,,,,,COMMODITY,cu,cu2609,106850.0,97104.0,175241.0,-17160.0,51942005000.0,-0.000105,106000.0,108000.0,-0.007955077211043493,0.029480580252690736,-0.026672905942910607,-0.007955077211043493,0.01076275152082351,44751.0,48674.0,-0.04199090179288199,6000.0,0.05615348619560131,price_wall,106000.0,-0.007955077211043493,above_price_wall
COMMODITY,cu,cu,SHFE,2610,,,,,,,106490.0,,,110000.0,100000.0,,,,106000.0,,,,,,,,48578.0,34817.0,178706740.0,,,,,,,,,,,,,,,,,,,,,,,,,,,,,,,,,,,,,,,,,,,,COMMODITY,cu,cu2610,106490.0,79351.0,169495.0,-4128.0,42335216000.0,-0.00012,106000.0,106000.0,-0.004601371020753087,0.03296084139355804,-0.060944689642219885,-0.004601371020753087,-0.004601371020753087,24929.0,23649.0,0.026349376260858825,10000.0,0.093905531035778,price_wall,106000.0,-0.004601371020753087,near_price_wall
COMMODITY,cu,cu,SHFE,2611,,,,,,,106340.0,,,112000.0,102000.0,,,,100000.0,,,,,,,,14664.0,6406.0,52607710.0,,,,,,,,,,,,,,,,,,,,,,,,,,,,,,,,,,,,,,,,,,,,COMMODITY,cu,cu2611,106340.0,19156.0,57334.0,2410.0,10199466200.0,-0.000113,100000.0,100000.0,-0.059620086514951987,0.0532255031032538,-0.04081248824525108,-0.059620086514951987,-0.059620086514951987,7692.0,6972.0,0.049099836333878884,10000.0,0.0940379913485048,put_oi_wall,102000.0,-0.04081248824525108,above_price_wall
COMMODITY,cu,cu,SHFE,2612,,,,,,,106160.0,,,110000.0,90000.0,,,,110000.0,,,,,,,,4638.0,1620.0,10188550.0,,,,,,,,,,,,,,,,,,,,,,,,,,,,,,,,,,,,,,,,,,,,COMMODITY,cu,cu2612,106160.0,9875.0,65209.0,902.0,5252155000.0,-0.000119,90000.0,106000.0,0.036171816126601364,0.036171816126601364,-0.1522230595327807,-0.1522230595327807,-0.0015071590052750938,2662.0,1976.0,0.14790858128503664,20000.0,0.18839487565938207,amount_wall,106000.0,-0.0015071590052750938,below_price_wall
COMMODITY,cu,cu,SHFE,2701,,,,,,,106050.0,,,110000.0,104000.0,,,,110000.0,,,,,,,,1048.0,30.0,80720.0,,,,,,,,,,,,,,,,,,,,,,,,,,,,,,,,,,,,,,,,,,,,COMMODITY,cu,cu2701,106050.0,3925.0,30281.0,-303.0,2085345400.0,-0.000115,84000.0,84000.0,0.03724658180103724,0.03724658180103724,-0.019330504479019295,-0.20792079207920788,-0.20792079207920788,677.0,371.0,0.2919847328244275,6000.0,0.056577086280056574,put_oi_wall,104000.0,-0.019330504479019295,below_price_wall
COMMODITY,cu,cu,SHFE,2702,,,,,,,105900.0,,,118000.0,100000.0,,,,100000.0,,,,,,,,415.0,83.0,758190.0,,,,,,,,,,,,,,,,,,,,,,,,,,,,,,,,,,,,,,,,,,,,COMMODITY,cu,cu2702,105900.0,1229.0,13926.0,73.0,652013700.0,-0.000117,100000.0,100000.0,-0.05571293673276678,0.1142587346553352,-0.05571293673276678,-0.05571293673276678,-0.05571293673276678,180.0,235.0,-0.13253012048192772,18000.0,0.16997167138810199,put_oi_wall,100000.0,-0.05571293673276678,above_price_wall
COMMODITY,cu,cu,SHFE,2703,,,,,,,105760.0,,,112000.0,84000.0,,,,108000.0,,,,,,,,985.0,13.0,115160.0,,,,,,,,,,,,,,,,,,,,,,,,,,,,,,,,,,,,,,,,,,,,COMMODITY,cu,cu2703,105760.0,2072.0,18386.0,342.0,1099015250.0,-0.000125,84000.0,108000.0,0.021180030257186067,0.059001512859303995,-0.20574886535552195,-0.20574886535552195,0.021180030257186067,719.0,266.0,0.45989847715736043,28000.0,0.264750378214826,price_wall,108000.0,0.021180030257186067,below_price_wall
COMMODITY,cu,cu,SHFE,2704,,,,,,,105780.0,,,112000.0,108000.0,,,,112000.0,,,,,,,,3173.0,88.0,1720760.0,,,,,,,,,,,,,,,,,,,,,,,,,,,,,,,,,,,,,,,,,,,,COMMODITY,cu,cu2704,105780.0,713.0,9036.0,161.0,377940050.0,-0.00010800000000000001,110000.0,110000.0,0.058801285687275495,0.058801285687275495,0.020986954055587148,0.03989411987143132,0.03989411987143132,2534.0,639.0,0.5972265994327135,4000.0,0.03781433163168841,put_oi_wall,108000.0,0.020986954055587148,below_price_wall
COMMODITY,fu,fu,SHFE,2610,,,,,,,3978.0,,,4650.0,3000.0,,,,4650.0,,,,,,,,78850.0,117524.0,123345480.0,,,,,,,,,,,,,,,,,,,,,,,,,,,,,,,,,,,,,,,,,,,,COMMODITY,fu,fu2610,3978.0,100814.0,61959.0,3154.0,3987922800.0,0.000365,4000.0,4000.0,0.16892911010558076,0.16892911010558076,-0.24585218702865763,0.005530417295123158,0.005530417295123158,36201.0,42649.0,-0.08177552314521243,1650.0,0.41478129713423834,volume_wall,4000.0,0.005530417295123158,below_price_wall
COMMODITY,fu,fu,SHFE,2611,,,,,,,3825.0,,,4600.0,3000.0,,,,4600.0,,,,,,,,13341.0,9264.0,9684240.0,,,,,,,,,,,,,,,,,,,,,,,,,,,,,,,,,,,,,,,,,,,,COMMODITY,fu,fu2611,3825.0,425577.0,273244.0,10615.0,16173668000.0,0.000329,4600.0,4600.0,0.20261437908496727,0.20261437908496727,-0.21568627450980393,0.20261437908496727,0.20261437908496727,7302.0,6039.0,0.09467056442545536,1600.0,0.41830065359477125,call_oi_wall,4600.0,0.20261437908496727,below_price_wall
COMMODITY,fu,fu,SHFE,2612,,,,,,,3670.0,,,3800.0,2750.0,,,,3050.0,,,,,,,,212.0,10.0,5665.0,,,,,,,,,,,,,,,,,,,,,,,,,,,,,,,,,,,,,,,,,,,,COMMODITY,fu,fu2612,3670.0,23628.0,46923.0,-432.0,861824120.0,0.000292,3050.0,3050.0,-0.16893732970027253,0.03542234332425065,-0.2506811989100818,-0.16893732970027253,-0.16893732970027253,138.0,74.0,0.3018867924528302,1050.0,0.28610354223433243,call_oi_wall,3800.0,0.03542234332425065,above_price_wall
COMMODITY,fu,fu,SHFE,2701,,,,,,,3543.0,,,4300.0,2200.0,,,,4300.0,,,,,,,,1886.0,178.0,210545.0,,,,,,,,,,,,,,,,,,,,,,,,,,,,,,,,,,,,,,,,,,,,COMMODITY,fu,fu2701,3543.0,63523.0,86838.0,7785.0,2239719900.0,0.000237,4300.0,4300.0,0.21366073948631104,0.21366073948631104,-0.3790572960767711,0.21366073948631104,0.21366073948631104,1267.0,619.0,0.34358430540827145,2100.0,0.5927180355630821,call_oi_wall,4300.0,0.21366073948631104,below_price_wall
COMMODITY,ni,ni,SHFE,2609,,,,,,,127850.0,,,140000.0,126000.0,,,,130000.0,,,,,,,,71586.0,153829.0,89658218.0,,,,,,,,,,,,,,,,,,,,,,,,,,,,,,,,,,,,,,,,,,,,COMMODITY,ni,ni2609,127850.0,150735.0,118724.0,-4831.0,19301195000.0,-3.6e-05,130000.0,130000.0,0.016816581931951458,0.09503324208056307,-0.014470082127493122,0.016816581931951458,0.016816581931951458,49077.0,22509.0,0.3711340206185567,14000.0,0.10950332420805632,put_oi_wall,126000.0,-0.014470082127493122,below_price_wall
COMMODITY,ni,ni,SHFE,2610,,,,,,,128080.0,,,150000.0,132000.0,,,,132000.0,,,,,,,,15006.0,5127.0,6459854.0,,,,,,,,,,,,,,,,,,,,,,,,,,,,,,,,,,,,,,,,,,,,COMMODITY,ni,ni2610,128080.0,70251.0,121082.0,2805.0,9015172100.0,-4e-05,140000.0,132000.0,0.030605871330418477,0.17114303560274835,0.030605871330418477,0.0930668332292317,0.030605871330418477,8347.0,6659.0,0.11248833799813408,18000.0,0.1405371642723298,put_oi_wall,132000.0,0.030605871330418477,below_price_wall
COMMODITY,ni,ni,SHFE,2611,,,,,,,128340.0,,,154000.0,116000.0,,,,124000.0,,,,,,,,399.0,84.0,105668.0,,,,,,,,,,,,,,,,,,,,,,,,,,,,,,,,,,,,,,,,,,,,COMMODITY,ni,ni2611,128340.0,17893.0,50669.0,2663.0,2298424300.0,-3.9e-05,154000.0,124000.0,-0.033816425120772986,0.19993766557581427,-0.0961508493065295,0.19993766557581427,-0.033816425120772986,140.0,259.0,-0.2982456140350877,38000.0,0.2960885148823438,price_wall,124000.0,-0.033816425120772986,above_price_wall
COMMODITY,ni,ni,SHFE,2612,,,,,,,128660.0,,,152000.0,116000.0,,,,120000.0,,,,,,,,549.0,50.0,100156.0,,,,,,,,,,,,,,,,,,,,,,,,,,,,,,,,,,,,,,,,,,,,COMMODITY,ni,ni2612,128660.0,5118.0,27220.0,1062.0,658632920.0,-4e-05,120000.0,120000.0,-0.06730918700450805,0.1814083631276231,-0.09839888077102443,-0.06730918700450805,-0.06730918700450805,145.0,404.0,-0.47176684881602915,36000.0,0.2798072438986476,price_wall,120000.0,-0.06730918700450805,above_price_wall
COMMODITY,ni,ni,SHFE,2701,,,,,,,128930.0,,,138000.0,120000.0,,,,120000.0,,,,,,,,71.0,160.0,379602.0,,,,,,,,,,,,,,,,,,,,,,,,,,,,,,,,,,,,,,,,,,,,COMMODITY,ni,ni2701,128930.0,3832.0,11295.0,721.0,494388330.0,-3.8e-05,120000.0,120000.0,-0.06926239044442717,0.07034825098890862,-0.06926239044442717,-0.06926239044442717,-0.06926239044442717,20.0,51.0,-0.43661971830985913,18000.0,0.13961064143333593,put_oi_wall,120000.0,-0.06926239044442717,above_price_wall
COMMODITY,op,op,SHFE,2609,,,,,,,3878.0,,,4050.0,3900.0,,,,4050.0,,,,,,,,2219.0,1158.0,334040.0,,,,,,,,,,,,,,,,,,,,,,,,,,,,,,,,,,,,,,,,,,,,COMMODITY,op,op2609,3878.0,1809.0,5017.0,-179.0,281524960.0,-2.6e-05,4050.0,3900.0,0.044352759154203225,0.044352759154203225,0.005673027333677139,0.044352759154203225,0.005673027333677139,1426.0,793.0,0.28526363226678686,150.0,0.038679731820526045,put_oi_wall,3900.0,0.005673027333677139,below_price_wall
COMMODITY,op,op,SHFE,2610,,,,,,,3880.0,,,3900.0,3850.0,,,,3850.0,,,,,,,,643.0,246.0,310760.0,,,,,,,,,,,,,,,,,,,,,,,,,,,,,,,,,,,,,,,,,,,,COMMODITY,op,op2610,3880.0,5591.0,19046.0,-328.0,870763040.0,-5.1000000000000006e-05,3850.0,3850.0,-0.0077319587628865705,0.005154639175257714,-0.0077319587628865705,-0.0077319587628865705,-0.0077319587628865705,322.0,321.0,0.0015552099533437014,50.0,0.01288659793814433,call_oi_wall,3900.0,0.005154639175257714,above_price_wall
COMMODITY,pb,pb,SHFE,2609,,,,,,,15905.0,,,16000.0,15600.0,,,,16000.0,,,,,,,,12793.0,12993.0,3950045.0,,,,,,,,,,,,,,,,,,,,,,,,,,,,,,,,,,,,,,,,,,,,COMMODITY,pb,pb2609,15905.0,25461.0,25821.0,-4282.0,2027111800.0,2.5e-05,16000.0,16000.0,0.005972964476579801,0.005972964476579801,-0.019176359635334816,0.005972964476579801,0.005972964476579801,6720.0,6073.0,0.05057453294770577,400.0,0.025149324111914492,call_oi_wall,16000.0,0.005972964476579801,below_price_wall
COMMODITY,pb,pb,SHFE,2610,,,,,,,15930.0,,,16200.0,15200.0,,,,16000.0,,,,,,,,5220.0,1210.0,682980.0,,,,,,,,,,,,,,,,,,,,,,,,,,,,,,,,,,,,,,,,,,,,COMMODITY,pb,pb2610,15930.0,64045.0,79974.0,-204.0,5105578400.0,3.1e-05,16000.0,16000.0,0.00439422473320783,0.016949152542372836,-0.04582548650345264,0.00439422473320783,0.00439422473320783,3445.0,1775.0,0.31992337164750956,1000.0,0.06277463904582549,price_wall,16000.0,0.00439422473320783,near_price_wall
COMMODITY,pb,pb,SHFE,2611,,,,,,,15950.0,,,18000.0,15200.0,,,,18000.0,,,,,,,,39.0,0.0,0.0,,,,,,,,,,,,,,,,,,,,,,,,,,,,,,,,,,,,,,,,,,,,COMMODITY,pb,pb2611,15950.0,7073.0,12891.0,2260.0,564452650.0,2.8e-05,13600.0,13600.0,0.12852664576802497,0.12852664576802497,-0.047021943573667735,-0.14733542319749215,-0.14733542319749215,36.0,3.0,0.8461538461538461,2800.0,0.1755485893416928,put_oi_wall,15200.0,-0.047021943573667735,below_price_wall
COMMODITY,rb,rb,SHFE,2609,,,,,,,2986.0,,,3050.0,2950.0,,,,3000.0,,,,,,,,28515.0,32066.0,4355615.0,,,,,,,,,,,,,,,,,,,,,,,,,,,,,,,,,,,,,,,,,,,,COMMODITY,rb,rb2609,2986.0,8210.0,25917.0,-2865.0,245932490.0,1e-05,3000.0,3000.0,0.0046885465505692725,0.021433355659745468,-0.012056262558606812,0.0046885465505692725,0.0046885465505692725,18154.0,10361.0,0.2732947571453621,100.0,0.033489618218352314,price_wall,3000.0,0.0046885465505692725,near_price_wall
COMMODITY,rb,rb,SHFE,2610,,,,,,,3017.0,,,3200.0,2600.0,,,,3000.0,,,,,,,,377411.0,91538.0,20711695.0,,,,,,,,,,,,,,,,,,,,,,,,,,,,,,,,,,,,,,,,,,,,COMMODITY,rb,rb2610,3017.0,813739.0,1949409.0,-44954.0,24641518000.0,2.7000000000000002e-05,3000.0,3000.0,-0.005634736493205117,0.06065628107391441,-0.1382167716274445,-0.005634736493205117,-0.005634736493205117,222623.0,154788.0,0.17973773949354946,600.0,0.19887305270135897,price_wall,3000.0,-0.005634736493205117,above_price_wall
COMMODITY,rb,rb,SHFE,2611,,,,,,,3029.0,,,3250.0,2800.0,,,,3100.0,,,,,,,,249.0,11.0,3165.0,,,,,,,,,,,,,,,,,,,,,,,,,,,,,,,,,,,,,,,,,,,,COMMODITY,rb,rb2611,3029.0,33394.0,359656.0,1041.0,1014693030.0,2.6e-05,2800.0,3100.0,0.023440079234070543,0.07296137339055786,-0.07560250907890398,-0.07560250907890398,0.023440079234070543,98.0,151.0,-0.21285140562248997,450.0,0.14856388246946187,price_wall,3100.0,0.023440079234070543,below_price_wall
COMMODITY,rb,rb,SHFE,2701,,,,,,,3067.0,,,3500.0,3000.0,,,,3000.0,,,,,,,,24079.0,9823.0,4517465.0,,,,,,,,,,,,,,,,,,,,,,,,,,,,,,,,,,,,,,,,,,,,COMMODITY,rb,rb2701,3067.0,272055.0,678148.0,53743.0,8364057300.0,2.8999999999999997e-05,2850.0,3000.0,-0.021845451581349873,0.14118030648842517,-0.021845451581349873,-0.0707531790022824,-0.021845451581349873,16238.0,7841.0,0.34872710660741724,500.0,0.163025758069775,put_oi_wall,3000.0,-0.021845451581349873,above_price_wall
COMMODITY,rb,rb,SHFE,2703,,,,,,,3091.0,,,2800.0,3050.0,,,,3050.0,,,,,,,,3.0,5.0,3705.0,,,,,,,,,,,,,,,,,,,,,,,,,,,,,,,,,,,,,,,,,,,,COMMODITY,rb,rb2703,3091.0,10907.0,106074.0,4473.0,337743460.0,3.6e-05,3050.0,3050.0,-0.013264315755418976,-0.09414428987382728,-0.013264315755418976,-0.013264315755418976,-0.013264315755418976,0.0,3.0,-1.0,-250.0,-0.08087997411840828,put_oi_wall,3050.0,-0.013264315755418976,above_price_wall
COMMODITY,ru,ru,SHFE,2609,,,,,,,17240.0,,,18000.0,16000.0,,,,18000.0,,,,,,,,53944.0,80207.0,58538140.0,,,,,,,,,,,,,,,,,,,,,,,,,,,,,,,,,,,,,,,,,,,,COMMODITY,ru,ru2609,17240.0,36719.0,31128.0,-2874.0,6315543900.0,0.00010800000000000001,17500.0,17500.0,0.044083526682134666,0.044083526682134666,-0.07192575406032486,0.015081206496519783,0.015081206496519783,34450.0,19494.0,0.27725048198131397,2000.0,0.11600928074245939,volume_wall,17500.0,0.015081206496519783,below_price_wall
COMMODITY,ru,ru,SHFE,2610,,,,,,,17260.0,,,17250.0,16500.0,,,,16500.0,,,,,,,,1252.0,366.0,533470.0,,,,,,,,,,,,,,,,,,,,,,,,,,,,,,,,,,,,,,,,,,,,COMMODITY,ru,ru2610,17260.0,263.0,333.0,28.0,45282000.0,0.000111,18250.0,17750.0,-0.044032444959443806,-0.0005793742757821407,-0.044032444959443806,0.057358053302433376,0.028389339513325673,537.0,715.0,-0.14217252396166133,750.0,0.043453070683661645,call_oi_wall,17250.0,-0.0005793742757821407,above_price_wall
COMMODITY,ru,ru,SHFE,2701,,,,,,,18215.0,,,21500.0,16500.0,,,,20000.0,,,,,,,,24775.0,8504.0,31607130.0,,,,,,,,,,,,,,,,,,,,,,,,,,,,,,,,,,,,,,,,,,,,COMMODITY,ru,ru2701,18215.0,220127.0,133862.0,12157.0,39987285000.0,0.00012200000000000001,20000.0,19000.0,0.09799615701345044,0.18034586878945924,-0.09415317046390337,0.09799615701345044,0.043096349162777825,16159.0,8616.0,0.304460141271443,5000.0,0.2744990392533626,amount_wall,19000.0,0.043096349162777825,below_price_wall
COMMODITY,sn,sn,SHFE,2609,,,,,,,420160.0,,,450000.0,400000.0,,,,400000.0,,,,,,,,36480.0,150352.0,298846872.0,,,,,,,,,,,,,,,,,,,,,,,,,,,,,,,,,,,,,,,,,,,,COMMODITY,sn,sn2609,420160.0,145069.0,34251.0,-5706.0,60990709000.0,-0.000121,400000.0,420000.0,-0.04798172124904798,0.07102056359482112,-0.04798172124904798,-0.04798172124904798,-0.00038080731150036407,15936.0,20544.0,-0.12631578947368421,50000.0,0.119002284843869,amount_wall,420000.0,-0.00038080731150036407,above_price_wall
COMMODITY,sn,sn,SHFE,2610,,,,,,,420390.0,,,450000.0,350000.0,,,,450000.0,,,,,,,,6856.0,3657.0,17402422.0,,,,,,,,,,,,,,,,,,,,,,,,,,,,,,,,,,,,,,,,,,,,COMMODITY,sn,sn2610,420390.0,62097.0,30737.0,-1280.0,26123411000.0,-0.000124,450000.0,450000.0,0.07043459644615724,0.07043459644615724,-0.16743975831965552,0.07043459644615724,0.07043459644615724,2838.0,4018.0,-0.1721120186697783,100000.0,0.2378743547658127,call_oi_wall,450000.0,0.07043459644615724,below_price_wall
COMMODITY,sn,sn,SHFE,2611,,,,,,,420360.0,,,495000.0,335000.0,,,,495000.0,,,,,,,,1234.0,1039.0,5184474.0,,,,,,,,,,,,,,,,,,,,,,,,,,,,,,,,,,,,,,,,,,,,COMMODITY,sn,sn2611,420360.0,13887.0,11397.0,-50.0,5841665200.0,-0.000118,495000.0,425000.0,0.17756208963745368,0.17756208963745368,-0.20306404034636982,0.17756208963745368,0.011038157769530876,734.0,500.0,0.18962722852512157,160000.0,0.3806261299838234,amount_wall,425000.0,0.011038157769530876,below_price_wall
COMMODITY,sp,sp,SHFE,2609,,,,,,,4698.0,,,5000.0,4600.0,,,,4700.0,,,,,,,,62504.0,36488.0,11027280.0,,,,,,,,,,,,,,,,,,,,,,,,,,,,,,,,,,,,,,,,,,,,COMMODITY,sp,sp2609,4698.0,39820.0,62355.0,-6023.0,1872014000.0,-1.3e-05,4700.0,4700.0,0.00042571306939120923,0.0642826734780757,-0.02085994040017025,0.00042571306939120923,0.00042571306939120923,39766.0,22738.0,0.2724305644438756,400.0,0.08514261387824607,price_wall,4700.0,0.00042571306939120923,near_price_wall
COMMODITY,sp,sp,SHFE,2610,,,,,,,4718.0,,,4800.0,4450.0,,,,4450.0,,,,,,,,303.0,6.0,2120.0,,,,,,,,,,,,,,,,,,,,,,,,,,,,,,,,,,,,,,,,,,,,COMMODITY,sp,sp2610,4718.0,91.0,245.0,-24.0,4295160.0,4e-06,4900.0,4900.0,-0.05680373039423481,0.017380245866892796,-0.05680373039423481,0.03857566765578646,0.03857566765578646,110.0,193.0,-0.2739273927392739,350.0,0.07418397626112759,call_oi_wall,4800.0,0.017380245866892796,above_price_wall
COMMODITY,sp,sp,SHFE,2611,,,,,,,4718.0,,,5000.0,4150.0,,,,5000.0,,,,,,,,17358.0,7350.0,4608990.0,,,,,,,,,,,,,,,,,,,,,,,,,,,,,,,,,,,,,,,,,,,,COMMODITY,sp,sp2611,4718.0,305036.0,279461.0,-871.0,14386943000.0,-8e-06,5000.0,4700.0,0.059771089444679903,0.059771089444679903,-0.12038999576091569,0.059771089444679903,-0.0038151759220008685,9638.0,7720.0,0.11049660099089757,850.0,0.1801610852055956,amount_wall,4700.0,-0.0038151759220008685,below_price_wall
COMMODITY,sp,sp,SHFE,2701,,,,,,,4888.0,,,5700.0,4800.0,,,,4800.0,,,,,,,,2125.0,663.0,833850.0,,,,,,,,,,,,,,,,,,,,,,,,,,,,,,,,,,,,,,,,,,,,COMMODITY,sp,sp2701,4888.0,42312.0,106093.0,1980.0,2071553200.0,-4.4999999999999996e-05,5500.0,5200.0,-0.018003273322422242,0.16612111292962362,-0.018003273322422242,0.12520458265139123,0.06382978723404253,956.0,1169.0,-0.10023529411764706,900.0,0.18412438625204583,put_oi_wall,4800.0,-0.018003273322422242,above_price_wall
COMMODITY,zn,zn,SHFE,2609,,,,,,,25295.0,,,26000.0,25000.0,,,,25000.0,,,,,,,,36564.0,117859.0,63545765.0,,,,,,,,,,,,,,,,,,,,,,,,,,,,,,,,,,,,,,,,,,,,COMMODITY,zn,zn2609,25295.0,76068.0,57993.0,-19101.0,9647921600.0,-0.000135,25000.0,25500.0,-0.01166238387033014,0.02787112077485676,-0.01166238387033014,-0.01166238387033014,0.008104368452263255,19675.0,16889.0,0.07619516464281807,1000.0,0.0395335046451868,amount_wall,25500.0,0.008104368452263255,above_price_wall
COMMODITY,zn,zn,SHFE,2610,,,,,,,25325.0,,,26000.0,25000.0,,,,24600.0,,,,,,,,17550.0,14047.0,18131785.0,,,,,,,,,,,,,,,,,,,,,,,,,,,,,,,,,,,,,,,,,,,,COMMODITY,zn,zn2610,25325.0,174090.0,139656.0,-12688.0,22127938000.0,-0.000146,24600.0,24600.0,-0.028627838104639647,0.026653504442250675,-0.012833168805528095,-0.028627838104639647,-0.028627838104639647,10386.0,7164.0,0.1835897435897436,1000.0,0.039486673247778874,put_oi_wall,25000.0,-0.012833168805528095,above_price_wall
COMMODITY,zn,zn,SHFE,2611,,,,,,,25360.0,,,27500.0,24600.0,,,,23000.0,,,,,,,,417.0,81.0,627640.0,,,,,,,,,,,,,,,,,,,,,,,,,,,,,,,,,,,,,,,,,,,,COMMODITY,zn,zn2611,25360.0,29403.0,35467.0,1862.0,3738188400.0,-0.00014000000000000001,23000.0,23000.0,-0.09305993690851733,0.08438485804416396,-0.029968454258675115,-0.09305993690851733,-0.09305993690851733,203.0,214.0,-0.026378896882494004,2900.0,0.11435331230283911,put_oi_wall,24600.0,-0.029968454258675115,above_price_wall
COMMODITY,zn,zn,SHFE,2612,,,,,,,25345.0,,,28500.0,25000.0,,,,24600.0,,,,,,,,214.0,11.0,18685.0,,,,,,,,,,,,,,,,,,,,,,,,,,,,,,,,,,,,,,,,,,,,COMMODITY,zn,zn2612,25345.0,6789.0,12680.0,19.0,863248800.0,-0.000134,24600.0,24600.0,-0.029394357861511122,0.12448214637995658,-0.01361215229828372,-0.029394357861511122,-0.029394357861511122,127.0,87.0,0.18691588785046728,3500.0,0.13809429867824027,put_oi_wall,25000.0,-0.01361215229828372,above_price_wall
INDEX_OPTION,IH,IH,CFFEX,2608,,,,,,,2886.6,,,2950.0,2850.0,,,,2900.0,,,,,,,,36700.0,40466.0,92040440.0,,,,,,,,,,,,,,,,,,,,,,,,,,,,,,,,,,,,,,,,,,,,INDEX,HO,IH2608,2886.6,12835.0,14872.0,-743.0,11113159600.0,-0.000142,2900.0,2900.0,0.004642139541328971,0.021963555740317275,-0.012679276657659444,0.004642139541328971,0.004642139541328971,23062.0,13638.0,0.2567847411444142,100.0,0.03464283239797686,price_wall,2900.0,0.004642139541328971,near_price_wall
INDEX_OPTION,IH,IH,CFFEX,2609,,,,,,,2865.0,,,3000.0,2800.0,,,,2900.0,,,,,,,,39381.0,16495.0,68110900.0,,,,,,,,,,,,,,,,,,,,,,,,,,,,,,,,,,,,,,,,,,,,INDEX,HO,IH2609,2865.0,41286.0,77031.0,9202.0,35471658000.0,-0.000142,2900.0,2900.0,0.01221640488656206,0.04712041884816753,-0.022687609075043635,0.01221640488656206,0.01221640488656206,23975.0,15406.0,0.21759223991264823,200.0,0.06980802792321117,price_wall,2900.0,0.01221640488656206,below_price_wall
INDEX_OPTION,IH,IH,CFFEX,2610,,,,,,,,,,3100.0,2750.0,,,,2750.0,,,,,,,,3132.0,1732.0,7679960.0,,,,,,,,,,,,,,,,,,,,,,,,,,,,,,,,,,,,,,,,,,,,INDEX,HO,,,,,,,,2750.0,3200.0,,,,,,1581.0,1551.0,0.009578544061302681,350.0,,,,,unavailable
INDEX_OPTION,IH,IH,CFFEX,2612,,,,,,,2820.6,,,3000.0,2500.0,,,,2800.0,,,,,,,,17508.0,1160.0,12540960.0,,,,,,,,,,,,,,,,,,,,,,,,,,,,,,,,,,,,,,,,,,,,INDEX,HO,IH2612,2820.6,9674.0,29051.0,3308.0,8187862900.0,-0.000147,2800.0,2800.0,-0.007303410621853468,0.06360348861944276,-0.1136637594837977,-0.007303410621853468,-0.007303410621853468,9979.0,7529.0,0.13993602924377427,500.0,0.17726724810324046,price_wall,2800.0,-0.007303410621853468,above_price_wall
INDEX_OPTION,IH,IH,CFFEX,2703,,,,,,,2791.6,,,3000.0,2500.0,,,,2500.0,,,,,,,,9097.0,965.0,9150980.0,,,,,,,,,,,,,,,,,,,,,,,,,,,,,,,,,,,,,,,,,,,,INDEX,HO,IH2703,2791.6,3424.0,7392.0,1110.0,2868631000.0,-0.000137,2800.0,2800.0,-0.1044562258203181,0.07465252901561836,-0.1044562258203181,0.0030090270812437314,0.0030090270812437314,5148.0,3949.0,0.13180169286577992,500.0,0.17910875483593638,volume_wall,2800.0,0.0030090270812437314,above_price_wall
INDEX_OPTION,IH,IH,CFFEX,2706,,,,,,,,,,3400.0,2700.0,,,,2900.0,,,,,,,,2868.0,623.0,10178200.0,,,,,,,,,,,,,,,,,,,,,,,,,,,,,,,,,,,,,,,,,,,,INDEX,HO,,,,,,,,2700.0,2700.0,,,,,,1469.0,1399.0,0.024407252440725245,700.0,,,,,unavailable
INDEX_OPTION,IF,IF,CFFEX,2608,,,,,,,4587.8,,,4700.0,4700.0,,,,4700.0,,,,,,,,78927.0,113159.0,401879940.0,,,,,,,,,,,,,,,,,,,,,,,,,,,,,,,,,,,,,,,,,,,,INDEX,IO,IF2608,4587.8,24035.0,26606.0,-1032.0,33224520000.0,-0.000241,4600.0,4600.0,0.024456166354243747,0.024456166354243747,0.024456166354243747,0.0026592266445790713,0.0026592266445790713,47628.0,31299.0,0.20688737694325135,0.0,0.0,volume_wall,4600.0,0.0026592266445790713,below_price_wall
INDEX_OPTION,IF,IF,CFFEX,2609,,,,,,,4554.2,,,4700.0,4600.0,,,,4600.0,,,,,,,,84655.0,46881.0,316931480.0,,,,,,,,,,,,,,,,,,,,,,,,,,,,,,,,,,,,,,,,,,,,INDEX,IO,IF2609,4554.2,78948.0,159599.0,14422.0,108316593000.0,-0.000238,4600.0,4600.0,0.010056651003469419,0.03201440428615343,0.010056651003469419,0.010056651003469419,0.010056651003469419,52175.0,32480.0,0.23265016833028174,100.0,0.021957753282684116,put_oi_wall,4600.0,0.010056651003469419,below_price_wall
INDEX_OPTION,IF,IF,CFFEX,2610,,,,,,,,,,4700.0,4050.0,,,,4050.0,,,,,,,,11938.0,4025.0,24793460.0,,,,,,,,,,,,,,,,,,,,,,,,,,,,,,,,,,,,,,,,,,,,INDEX,IO,,,,,,,,4300.0,4600.0,,,,,,3933.0,8005.0,-0.3410956609147261,650.0,,,,,unavailable
INDEX_OPTION,IF,IF,CFFEX,2612,,,,,,,4478.0,,,5600.0,4500.0,,,,4500.0,,,,,,,,31237.0,3582.0,42490440.0,,,,,,,,,,,,,,,,,,,,,,,,,,,,,,,,,,,,,,,,,,,,INDEX,IO,IF2612,4478.0,23362.0,69509.0,4128.0,31497293000.0,-0.000229,4600.0,4500.0,0.004912907548012546,0.25055828494863785,0.004912907548012546,0.027244305493523857,0.004912907548012546,19912.0,11325.0,0.2748983577168102,1100.0,0.24564537740062528,put_oi_wall,4500.0,0.004912907548012546,near_price_wall
INDEX_OPTION,IF,IF,CFFEX,2703,,,,,,,4407.6,,,4500.0,4100.0,,,,4100.0,,,,,,,,15120.0,1253.0,22545340.0,,,,,,,,,,,,,,,,,,,,,,,,,,,,,,,,,,,,,,,,,,,,INDEX,IO,IF2703,4407.6,8365.0,28385.0,2189.0,11091876500.0,-0.000222,4400.0,4400.0,-0.06978854705508675,0.02096378981758762,-0.06978854705508675,-0.0017242944005808614,-0.0017242944005808614,6194.0,8926.0,-0.18068783068783068,400.0,0.09075233687267446,volume_wall,4400.0,-0.0017242944005808614,above_price_wall
INDEX_OPTION,IF,IF,CFFEX,2706,,,,,,,,,,4500.0,4300.0,,,,4500.0,,,,,,,,6932.0,1425.0,36025520.0,,,,,,,,,,,,,,,,,,,,,,,,,,,,,,,,,,,,,,,,,,,,INDEX,IO,,,,,,,,4600.0,4600.0,,,,,,3401.0,3531.0,-0.018753606462781305,200.0,,,,,unavailable
INDEX_OPTION,IM,IM,CFFEX,2608,,,,,,,7536.8,,,8000.0,7500.0,,,,7800.0,,,,,,,,177139.0,499872.0,3928373180.0,,,,,,,,,,,,,,,,,,,,,,,,,,,,,,,,,,,,,,,,,,,,INDEX,MO,IM2608,7536.8,55695.0,47114.0,-1833.0,85067099000.0,-0.000452,7700.0,7700.0,0.0349219828043732,0.061458443901921234,-0.004882708841948857,0.021653752255599068,0.021653752255599068,104948.0,72191.0,0.1849225749270347,500.0,0.06634115274387008,put_oi_wall,7500.0,-0.004882708841948857,below_price_wall
INDEX_OPTION,IM,IM,CFFEX,2609,,,,,,,7468.8,,,8000.0,6200.0,,,,8000.0,,,,,,,,182372.0,170992.0,2879233860.0,,,,,,,,,,,,,,,,,,,,,,,,,,,,,,,,,,,,,,,,,,,,INDEX,MO,IM2609,7468.8,208054.0,253524.0,21290.0,314437360000.0,-0.000426,8000.0,7600.0,0.07112253641816624,0.07112253641816624,-0.16988003427592113,0.07112253641816624,0.01756640959725786,103465.0,78907.0,0.1346588292062378,1800.0,0.2410025706940874,amount_wall,7600.0,0.01756640959725786,below_price_wall
INDEX_OPTION,IM,IM,CFFEX,2610,,,,,,,,,,8000.0,6200.0,,,,6200.0,,,,,,,,20166.0,9754.0,191096240.0,,,,,,,,,,,,,,,,,,,,,,,,,,,,,,,,,,,,,,,,,,,,INDEX,MO,,,,,,,,7600.0,7600.0,,,,,,7102.0,13064.0,-0.29564613706238224,1800.0,,,,,unavailable
INDEX_OPTION,IM,IM,CFFEX,2612,,,,,,,7265.6,,,8000.0,6400.0,,,,7600.0,,,,,,,,58836.0,12592.0,331853680.0,,,,,,,,,,,,,,,,,,,,,,,,,,,,,,,,,,,,,,,,,,,,INDEX,MO,IM2612,7265.6,54815.0,130133.0,9051.0,80583868000.0,-0.000417,7600.0,7600.0,0.046025104602510414,0.10107905747632673,-0.11913675401893864,0.046025104602510414,0.046025104602510414,36274.0,22562.0,0.2330545924264056,1600.0,0.22021581149526534,price_wall,7600.0,0.046025104602510414,below_price_wall
INDEX_OPTION,IM,IM,CFFEX,2703,,,,,,,7077.6,,,8800.0,6600.0,,,,6600.0,,,,,,,,27197.0,4256.0,126630000.0,,,,,,,,,,,,,,,,,,,,,,,,,,,,,,,,,,,,,,,,,,,,INDEX,MO,IM2703,7077.6,16838.0,52257.0,4163.0,24096766000.0,-0.000412,6200.0,7200.0,-0.06748050186503907,0.24335933084661465,-0.06748050186503907,-0.12399683508533976,0.017293997965411867,15656.0,11541.0,0.15130345258668235,2200.0,0.31083983271165366,amount_wall,7200.0,0.017293997965411867,above_price_wall
INDEX_OPTION,IM,IM,CFFEX,2706,,,,,,,,,,9800.0,6200.0,,,,6200.0,,,,,,,,13674.0,3560.0,143916860.0,,,,,,,,,,,,,,,,,,,,,,,,,,,,,,,,,,,,,,,,,,,,INDEX,MO,,,,,,,,6200.0,6200.0,,,,,,6875.0,6799.0,0.005557993271902881,3600.0,,,,,unavailable
