trade_date,market_type,asset_class,option_product,underlying,commodity,exchange,contract_month,expiry,expiry_month,expiry_source,expiry_confidence,days_to_expiry,business_days_to_expiry_estimate,underlying_price,call_wall,put_wall,call_oi_wall,put_oi_wall,max_gamma_strike,gex_flip,price_wall,net_gex,total_abs_gex,total_oi,total_volume,total_amount,call_gex_total,put_gex_abs_total,gex_ratio,call_gex_share,put_gex_share,call_wall_distance,put_wall_distance,price_wall_distance,gamma_regime,adjusted_call_wall,adjusted_put_wall,adjusted_price_wall,adjusted_max_gamma_strike,adjusted_net_gex,adjusted_total_abs_gex,avg_liquidity_score,avg_pricing_quality_score,adjusted_call_wall_shift,adjusted_put_wall_shift,adjusted_price_wall_shift,adjusted_wall_available,adjusted_call_wall_distance,adjusted_put_wall_distance,adjusted_price_wall_distance,expiry_role,expiry_gex_share,near_gex_ratio,next_gex_ratio,front_month_concentration,next_month_concentration,expiry_pressure,expiry_structure_state,days_to_near_expiry,roll_progress,roll_shift_score,roll_state,expiry_date_quality,is_primary_analysis_month,is_expiring_microstructure,analysis_month_role,zero_gamma,zero_gamma_status,zero_gamma_confidence,zero_gamma_reason,zero_gamma_total_contracts,zero_gamma_valid_contracts,zero_gamma_coverage,zero_gamma_bracket_low,zero_gamma_bracket_high,zero_gamma_residual_ratio,zero_gamma_method,futures_code,futures_price,futures_volume,futures_open_interest,futures_oi_change,futures_amount,futures_pct_change,volume_wall,amount_wall,call_oi_wall_distance,put_oi_wall_distance,volume_wall_distance,amount_wall_distance,call_oi_total,put_oi_total,oi_bias,oi_wall_width,oi_wall_width_ratio,nearest_wall_type,nearest_wall,nearest_wall_distance,commodity_price_state,prev_close,open_price,high_price,low_price,pct_change,amount,iv_surface_bias,delta_bias,normalized_net_gex,assumed_dealer_gamma_ratio,vega_risk_ratio,theta_burn_rate,rho_risk_ratio,atm_iv,call_25_delta_iv,put_25_delta_iv,option_market_value,total_time_value,front_month,primary_month,expiring_month,next_month,far_month,primary_selection_reason,primary_selection_note,primary_selection_confidence,primary_selection_dte,month_total_abs_gex,month_net_gex,month_total_oi,month_total_volume,month_rank,month_count,risk_reversal_25d,put_skew,call_skew,smile_curvature,iv_min,iv_max,iv_std,near_atm_iv,next_atm_iv,iv_term_slope,iv_surface_state,primary_atm_iv,next_after_primary_atm_iv,primary_iv_term_slope,primary_iv_surface_state,wall_type,strike,distance_to_spot,metric_value,metric_concentration,oi_rank,volume_rank,proximity_score,confidence_score,confidence_label
2026-09-28,ETF,,,上证50ETF华夏,,,10月,2026-10-28,202610,rule_fourth_wednesday,medium,30.0,22.0,2.922,3.0,2.85,3.0,2.85,3.0,3.0,3.0,213615003.3128673,1371607656.447586,713130.0,769760.0,,792611329.880227,578996326.5673594,1.3689401702758746,0.5778703014337653,0.42212969856623495,0.026694045174537884,-0.024640657084188944,0.026694045174537884,Positive Gamma,3.0,3.0,3.0,3.0,106198720.41219017,1033181630.045407,0.6332420657061204,0.6276084253387431,0.0,0.1499999999999999,0.0,True,0.026694045174537884,0.026694045174537884,0.026694045174537884,near,0.7669292220300004,0.7669292220300004,0.057228715192052595,0.7669292220300004,0.057228715192052595,0.7669292220300004,front_month_concentrated,30.0,0.06943901478999341,-0.7097005068379477,front_month_dominant,rule_estimate,True,False,primary_analysis,2.8719467976626674,available,medium,,22.0,20.0,0.9090909090909091,2.8676633333333337,2.87812,7.221342097421023e-16,bs_spot_repricing_constant_iv,,,,,,,,,,,,,,,,,,,,,,,2.959,2.95,2.955,2.906,-0.000125,1717795128.0,0.20928734369719515,-0.08033366675579581,0.15574060286753016,0.15574060286753016,0.05857544986339535,0.029605398064377758,-0.0026426839099293054,0.14238796992481204,0.1319,0.1617,295249461.0,137205181.0,10月,10月,,11月,3月,front_month_default,10月 DTE=30，默认使用前月,medium,30.0,1371607656.447586,213615003.3128673,713130.0,769760.0,1.0,4.0,-0.02980000000000002,0.03920000000000001,0.009399999999999992,0.02429999999999999,0.0001,0.4279,0.10303242512775107,0.1225,0.1099,-0.0126,put_skew_elevated,0.1225,0.1099,-0.0126,put_skew_elevated,call_wall,3.0,0.026694045174537884,291668473.8826676,0.36798423500550037,1.0,1.0,0.7330595482546212,0.6755518379906684,medium
2026-09-28,ETF,,,上证50ETF华夏,,,11月,2026-11-25,202611,rule_fourth_wednesday,medium,58.0,42.0,2.922,3.0,2.9,3.1,2.8,3.0,3.1,2.95,9203343.671126157,102350180.00527707,71156.0,78838.0,,55776761.8382016,46573418.16707545,1.1976093667445769,0.5449600756474078,0.45503992435259194,0.026694045174537884,-0.007529089664613409,0.00958247775496246,Positive Gamma,3.0,2.9,3.0,3.0,4776348.032873909,72314077.57031322,0.6761956142253807,0.49406558349181473,0.0,0.0,0.04999999999999982,True,0.026694045174537884,-0.007529089664613409,0.026694045174537884,next,0.057228715192052595,0.7669292220300004,0.057228715192052595,0.7669292220300004,0.057228715192052595,0.028614357596026298,low_expiry_influence,30.0,0.06943901478999341,-0.7097005068379477,front_month_dominant,rule_estimate,False,False,next_month,2.897828182163951,available,medium,,20.0,18.0,0.9,2.888576666666667,2.8990333333333336,2.996626096121693e-14,bs_spot_repricing_constant_iv,,,,,,,,,,,,,,,,,,,,,,,2.959,2.95,2.955,2.906,-0.000125,1717795128.0,0.3006165919282511,-0.1362819353062169,0.08992015129481598,0.08992015129481598,0.06388315179382859,0.014365470665059336,-0.00566755032941541,0.17264516129032262,0.1318,0.1837,40229903.0,23997543.0,10月,10月,,11月,3月,front_month_default,10月 DTE=30，默认使用前月,medium,30.0,102350180.00527705,9203343.671126159,71156.0,78838.0,2.0,4.0,-0.0519,0.0738,0.021900000000000003,0.047850000000000004,0.0001,0.3763,0.0919881529843582,0.1225,0.1052,-0.017299999999999996,put_skew_elevated,0.1225,0.1099,-0.0126,put_skew_elevated,call_wall,3.0,0.026694045174537884,15940350.442236962,0.2857883806248392,0.9,0.7,0.7330595482546212,0.5685637035193708,medium
2026-09-28,ETF,,,上证50ETF华夏,,,12月,2026-12-23,202612,rule_fourth_wednesday,medium,86.0,62.0,2.922,3.0,2.7,3.5,2.7,3.0,3.1,3.0,49207391.466823444,280573997.02937716,301111.0,138433.0,,164890694.2481003,115683302.78127682,1.425362954581788,0.5876905771522214,0.4123094228477785,0.026694045174537884,-0.07597535934291577,0.026694045174537884,Positive Gamma,3.0,2.7,3.0,3.0,15824236.22710037,130171027.6428904,0.48216057048985467,0.5216438287465529,0.0,0.0,0.0,True,0.026694045174537884,-0.07597535934291577,0.026694045174537884,deferred,0.15688188692449942,0.7669292220300004,0.057228715192052595,0.7669292220300004,0.057228715192052595,0.07844094346224971,normal_expiry_structure,30.0,0.06943901478999341,-0.7097005068379477,front_month_dominant,rule_estimate,False,False,other_month,2.873297350025237,available,medium,,24.0,21.0,0.875,2.867535,2.8782000000000005,1.993526650176031e-17,bs_spot_repricing_constant_iv,,,,,,,,,,,,,,,,,,,,,,,2.959,2.95,2.955,2.906,-0.000125,1717795128.0,0.3767536858907044,-0.06585165311266501,0.17538115430444273,0.17538115430444273,0.050407771716387786,0.011986325624298329,-0.0043807572427807286,0.16854513274336283,0.1362,0.1997,230375468.0,100249988.0,10月,10月,,11月,3月,front_month_default,10月 DTE=30，默认使用前月,medium,30.0,280573997.02937716,49207391.466823444,301111.0,138433.0,3.0,4.0,-0.0635,0.09449999999999999,0.030999999999999986,0.06274999999999999,0.0001,0.3973,0.10315369565622083,0.1225,0.0877,-0.0348,front_iv_inversion,0.1225,0.1099,-0.0126,put_skew_elevated,call_wall,3.0,0.026694045174537884,40687665.28661268,0.24675537617297308,0.8333333333333334,0.8333333333333334,0.7330595482546212,0.5543321848493644,medium
2026-09-28,ETF,,,上证50ETF华夏,,,3月,2027-03-24,202703,rule_fourth_wednesday,medium,177.0,127.0,2.922,3.0,2.8,3.5,2.8,3.0,3.1,2.8,7413662.564475119,33909155.65760545,41637.0,14665.0,,20661409.111040287,13247746.546565164,1.5596168781170798,0.609316531489812,0.3906834685101881,0.026694045174537884,-0.0417522245037647,-0.0417522245037647,Positive Gamma,3.1,2.75,3.0,2.75,1970896.2100051045,11889955.184147798,0.4266134420506273,0.3763119298616954,0.10000000000000009,-0.04999999999999982,0.20000000000000018,True,0.060917180013689176,-0.058863791923340236,0.026694045174537884,far,0.018960175853447715,0.7669292220300004,0.057228715192052595,0.7669292220300004,0.057228715192052595,0.009480087926723857,low_expiry_influence,30.0,0.06943901478999341,-0.7097005068379477,front_month_dominant,rule_estimate,False,False,far_month,2.785095334918963,available,medium,,22.0,20.0,0.9090909090909091,2.7840100000000003,2.7944666666666667,4.833200282949005e-15,bs_spot_repricing_constant_iv,,,,,,,,,,,,,,,,,,,,,,,2.959,2.95,2.955,2.906,-0.000125,1717795128.0,0.38261638592582664,-0.012682118074197715,0.2186330629796239,0.2186330629796239,0.06143761602409197,0.004588788449839331,-0.005703387645260632,0.2103934984520124,0.1303,0.2108,43760308.0,29088288.0,10月,10月,,11月,3月,front_month_default,10月 DTE=30，默认使用前月,medium,30.0,33909155.65760545,7413662.564475121,41637.0,14665.0,4.0,4.0,-0.08049999999999999,0.12309999999999999,0.0426,0.08284999999999998,0.0001,0.36119999999999997,0.09997886226814597,0.1225,,,put_skew_elevated,0.1225,0.1099,-0.0126,put_skew_elevated,call_wall,3.0,0.026694045174537884,3631196.7505044006,0.1757477784302763,0.6363636363636364,0.7272727272727273,0.7330595482546212,0.4572272507136357,medium
2026-09-28,ETF,,,中证500ETF南方,,,10月,2026-10-28,202610,rule_fourth_wednesday,medium,30.0,22.0,7.44,7.75,7.5,8.0,7.75,7.75,8.0,7.75,189676198.4284801,1677846872.9450886,615556.0,1146156.0,,933761535.6867841,744085337.2583041,1.2549118883693784,0.5565236916094569,0.44347630839054286,0.04166666666666652,0.008064516129032251,0.04166666666666652,Positive Gamma,7.75,7.5,7.75,7.75,140793444.12048268,1358132587.0430977,0.6806509960535068,0.5892302750270354,0.0,0.0,0.0,True,0.04166666666666652,0.008064516129032251,0.04166666666666652,near,0.7199659989256293,0.7199659989256293,0.04383818517396834,0.7199659989256293,0.04383818517396834,0.7199659989256293,front_month_concentrated,30.0,0.057394533948051774,-0.676127813751661,front_month_dominant,rule_estimate,True,False,primary_analysis,7.31804290763436,available,medium,,22.0,20.0,0.9090909090909091,7.315916666666666,7.344633333333333,4.733664710903085e-14,bs_spot_repricing_constant_iv,,,,,,,,,,,,,,,,,,,,,,,7.65,7.623,7.64,7.391,-0.000275,2080704738.0,0.25414923976168124,-0.24237143012388862,0.11304738321891408,0.11304738321891408,0.03331231411726392,0.03084182253018735,-0.0037276476092301006,0.25693564954682774,0.2132,0.2785,1055825929.0,449571681.0,10月,10月,,11月,3月,front_month_default,10月 DTE=30，默认使用前月,medium,30.0,1677846872.9450884,189676198.42848003,615556.0,1146156.0,1.0,4.0,-0.06530000000000002,0.06760000000000002,0.0022999999999999965,0.03495000000000001,0.0001,0.495,0.11687785619354192,0.2109,0.1959,-0.015000000000000013,put_skew_elevated,0.2109,0.1959,-0.015000000000000013,put_skew_elevated,call_wall,7.75,0.04166666666666652,310317053.08032006,0.332330087737102,1.0,0.9090909090909091,0.5833333333333348,0.6234121758453325,medium
2026-09-28,ETF,,,中证500ETF南方,,,11月,2026-11-25,202611,rule_fourth_wednesday,medium,58.0,42.0,7.44,7.75,6.75,7.75,6.75,7.75,,7.75,-8606726.455680007,102162827.16057602,47765.0,81289.0,,46778050.35244801,55384776.80812801,0.8446012252519014,0.45787740661213183,0.5421225933878682,0.04166666666666652,-0.092741935483871,0.04166666666666652,Negative Gamma,7.75,6.75,7.75,7.75,-4504599.417178392,80644204.97840956,0.7531754274537507,0.5262111317820818,0.0,0.0,0.0,True,0.04166666666666652,-0.092741935483871,0.04166666666666652,next,0.04383818517396834,0.7199659989256293,0.04383818517396834,0.7199659989256293,0.04383818517396834,0.02191909258698417,low_expiry_influence,30.0,0.057394533948051774,-0.676127813751661,front_month_dominant,rule_estimate,False,False,next_month,7.639169331194113,available,medium,,18.0,17.0,0.9444444444444444,7.636275,7.66395,1.4256864874542526e-16,bs_spot_repricing_constant_iv,,,,,,,,,,,,,,,,,,,,,,,7.65,7.623,7.64,7.391,-0.000275,2080704738.0,0.31596415328987376,-0.27148001467896565,-0.08424518677573647,-0.08424518677573647,0.04464089713199024,0.014618190567251173,-0.006602552929884734,0.2785126068376068,0.21170000000000003,0.29969999999999997,96888129.0,65012629.0,10月,10月,,11月,3月,front_month_default,10月 DTE=30，默认使用前月,medium,30.0,102162827.16057602,-8606726.455680009,47765.0,81289.0,2.0,4.0,-0.08799999999999994,0.10379999999999998,0.015800000000000036,0.05979999999999999,0.0001,0.4451,0.10252026055141204,0.2109,0.1815,-0.02940000000000001,front_iv_inversion,0.2109,0.1959,-0.015000000000000013,put_skew_elevated,call_wall,7.75,0.04166666666666652,13269506.697216,0.28366951160292586,0.8888888888888888,0.4444444444444444,0.5833333333333348,0.5040401691102058,medium
2026-09-28,ETF,,,中证500ETF南方,,,12月,2026-12-23,202612,rule_fourth_wednesday,medium,86.0,62.0,7.44,7.75,6.5,9.823,6.25,7.75,8.595,7.75,60802074.221760005,455521715.36928004,381834.0,206753.0,,258161894.79552004,197359820.57376006,1.3080772674245322,0.5667389414931288,0.4332610585068714,0.04166666666666652,-0.12634408602150538,0.04166666666666652,Positive Gamma,7.5,6.25,7.75,6.25,16731027.558244728,214283520.36070353,0.47499727454346047,0.3573589083182075,-0.25,-0.25,0.0,True,0.008064516129032251,-0.15994623655913986,0.04166666666666652,deferred,0.1954648854591233,0.7199659989256293,0.04383818517396834,0.7199659989256293,0.04383818517396834,0.09773244272956165,normal_expiry_structure,30.0,0.057394533948051774,-0.676127813751661,front_month_dominant,rule_estimate,False,False,other_month,7.295608249239782,available,medium,,54.0,48.0,0.8888888888888888,7.295333333333334,7.3242666666666665,1.0882873843247954e-16,bs_spot_repricing_constant_iv,,,,,,,,,,,,,,,,,,,,,,,7.65,7.623,7.64,7.391,-0.000275,2080704738.0,0.4360906510237379,-0.16554481552847833,0.13347788298625737,0.13347788298625737,0.03350601302658176,0.011908666606466414,-0.005324376210070487,0.2568273356401384,0.2052,0.3172,881630977.0,390585290.0,10月,10月,,11月,3月,front_month_default,10月 DTE=30，默认使用前月,medium,30.0,455521715.3692801,60802074.22176001,381834.0,206753.0,3.0,4.0,-0.11199999999999999,0.1357,0.0237,0.0797,0.0001,0.6814,0.15524608242276858,0.2109,0.145,-0.06590000000000001,front_iv_inversion,0.2109,0.1959,-0.015000000000000013,put_skew_elevated,call_wall,7.75,0.04166666666666652,28269453.282048002,0.10950281142164352,0.8148148148148148,0.8148148148148148,0.5833333333333348,0.4627021910656657,medium
2026-09-28,ETF,,,中证500ETF南方,,,3月,2027-03-24,202703,rule_fourth_wednesday,medium,177.0,127.0,7.44,7.75,6.25,6.25,6.25,7.75,7.25,7.75,26435605.673664004,94921516.259136,73411.0,6849.0,,60678560.96640001,34242955.29273601,1.7720012904164208,0.6392498071854159,0.36075019281458426,0.04166666666666652,-0.15994623655913986,0.04166666666666652,Positive Gamma,7.75,6.75,7.75,7.75,6368931.643282121,28618120.896474924,0.32479738159676946,0.39281918579922165,0.0,0.5,0.0,True,0.04166666666666652,-0.092741935483871,0.04166666666666652,far,0.0407309304412792,0.7199659989256293,0.04383818517396834,0.7199659989256293,0.04383818517396834,0.0203654652206396,low_expiry_influence,30.0,0.057394533948051774,-0.676127813751661,front_month_dominant,rule_estimate,False,False,far_month,7.056296262292176,available,medium,,26.0,22.0,0.8461538461538461,7.034933333333334,7.063866666666668,7.991934798253162e-16,bs_spot_repricing_constant_iv,,,,,,,,,,,,,,,,,,,,,,,7.65,7.623,7.64,7.391,-0.000275,2080704738.0,0.42178828477280617,0.12971225754383595,0.2784996143708317,0.2784996143708317,0.028402205053670634,0.00520772192806773,-0.0021851888325578267,0.33547636363636363,0.1941,0.3356,441352704.0,175662605.0,10月,10月,,11月,3月,front_month_default,10月 DTE=30，默认使用前月,medium,30.0,94921516.259136,26435605.673664004,73411.0,6849.0,4.0,4.0,-0.14150000000000001,0.19060000000000002,0.049100000000000005,0.11985000000000004,0.0001,0.5052,0.1531660179724552,0.2109,,,put_skew_elevated,0.2109,0.1959,-0.015000000000000013,put_skew_elevated,call_wall,7.75,0.04166666666666652,9297168.514560001,0.15321999016601912,0.9230769230769231,0.6153846153846154,0.5833333333333348,0.47952591865163197,medium
2026-09-28,ETF,,,中证500ETF嘉实,,,10月,2026-10-28,202610,rule_fourth_wednesday,medium,30.0,22.0,3.015,3.1,3.0,3.3,3.0,3.1,3.3,3.1,13417243.003754992,151898291.338833,131762.0,165114.0,,82657767.171294,69240524.16753902,1.1937773170418198,0.5441652203112204,0.45583477968877967,0.028192371475953548,-0.004975124378109541,0.028192371475953548,Positive Gamma,3.1,3.0,3.1,3.1,6534743.875058334,115660351.07137923,0.6882716239841875,0.6489661818897278,0.0,0.0,0.0,True,0.028192371475953548,-0.004975124378109541,0.028192371475953548,near,0.5694643339657446,0.5694643339657446,0.06023081199992406,0.5694643339657446,0.06023081199992406,0.5694643339657446,near_month_pressure,30.0,0.09565074843884516,-0.5092335219658205,distributed_expiry,rule_estimate,True,False,primary_analysis,2.970194876172561,available,medium,,20.0,20.0,1.0,2.9642875,2.9750250000000005,5.94614719663657e-17,bs_spot_repricing_constant_iv,,,,,,,,,,,,,,,,,,,,,,,3.103,3.1,3.1,2.997,-0.000284,369234821.976,0.21171508307097467,-0.17040164474000635,0.08833044062244078,0.08833044062244078,0.03512257625038329,0.028361427059106523,-0.0030142606463373434,0.2408897810218978,0.21960000000000002,0.2706,90788101.0,43597101.0,10月,10月,,11月,3月,front_month_default,10月 DTE=30，默认使用前月,medium,30.0,151898291.338833,13417243.003754994,131762.0,165114.0,1.0,4.0,-0.05099999999999999,0.05299999999999999,0.0020000000000000018,0.027499999999999997,0.2086,0.4536,0.06491432085935721,0.21760000000000002,0.1984,-0.019200000000000023,put_skew_elevated,0.21760000000000002,0.1984,-0.019200000000000023,put_skew_elevated,call_wall,3.1,0.028192371475953548,19054769.65704,0.23052606317749025,0.8,0.9,0.7180762852404645,0.5464481712159404,medium
2026-09-28,ETF,,,中证500ETF嘉实,,,11月,2026-11-25,202611,rule_fourth_wednesday,medium,58.0,42.0,3.015,3.1,2.9,3.3,2.9,2.9,3.2,2.9,2466132.31866825,16065900.67726575,16430.0,22554.0,,9266016.497967001,6799884.179298751,1.3626726946579513,0.5767505155237883,0.4232494844762118,0.028192371475953548,-0.03814262023217252,-0.03814262023217252,Positive Gamma,3.1,2.9,2.9,2.9,1800015.1894104048,13965005.182172842,0.802321730782268,0.5164299288814085,0.0,0.0,0.0,True,0.028192371475953548,-0.03814262023217252,-0.03814262023217252,next,0.06023081199992406,0.5694643339657446,0.06023081199992406,0.5694643339657446,0.06023081199992406,0.03011540599996203,low_expiry_influence,30.0,0.09565074843884516,-0.5092335219658205,distributed_expiry,rule_estimate,False,False,next_month,2.873224918853909,available,medium,,20.0,20.0,1.0,2.8676500000000003,2.8783875000000005,2.969618971746732e-14,bs_spot_repricing_constant_iv,,,,,,,,,,,,,,,,,,,,,,,3.103,3.1,3.1,2.997,-0.000284,369234821.976,0.3286282619890034,-0.02873981826947546,0.15350103104757654,0.15350103104757654,0.041272124497075485,0.012805996138877982,-0.002070623440872329,0.25347789473684207,0.21170000000000003,0.295,15604479.0,10816027.0,10月,10月,,11月,3月,front_month_default,10月 DTE=30，默认使用前月,medium,30.0,16065900.67726575,2466132.3186682505,16430.0,22554.0,2.0,4.0,-0.08329999999999996,0.09659999999999999,0.013300000000000034,0.05495000000000003,0.1805,0.46009999999999995,0.08756843399067353,0.21760000000000002,0.1747,-0.04290000000000002,front_iv_inversion,0.21760000000000002,0.1984,-0.019200000000000023,put_skew_elevated,call_wall,3.1,0.028192371475953548,1873409.0153624997,0.20218062592199493,0.8,0.9,0.7180762852404645,0.5336927244509674,medium
2026-09-28,ETF,,,中证500ETF嘉实,,,12月,2026-12-23,202612,rule_fourth_wednesday,medium,86.0,62.0,3.015,3.1,2.8,4.1,2.8,3.1,3.0,3.1,32369830.25969025,77617216.77398326,154212.0,65788.0,,54993523.516836755,22623693.257146504,2.4307933674562654,0.7085222300224272,0.2914777699775729,0.028192371475953548,-0.07131011608623561,0.028192371475953548,Positive Gamma,4.1,2.8,3.1,4.1,12619547.730658263,32018597.699250653,0.43626979100077606,0.3368744214424418,0.9999999999999996,0.0,0.0,True,0.35986733001658355,-0.07131011608623561,0.028192371475953548,deferred,0.2909857396346587,0.5694643339657446,0.06023081199992406,0.5694643339657446,0.06023081199992406,0.14549286981732934,normal_expiry_structure,30.0,0.09565074843884516,-0.5092335219658205,distributed_expiry,rule_estimate,False,False,other_month,2.7176438246574306,available,medium,,34.0,32.0,0.9411764705882353,2.7094416666666667,2.7205958333333333,7.731222292245418e-13,bs_spot_repricing_constant_iv,,,,,,,,,,,,,,,,,,,,,,,3.103,3.1,3.1,2.997,-0.000284,369234821.976,0.3862427339915766,0.07199043038742191,0.41704446004485424,0.41704446004485424,0.036263312907531646,0.011641924683793192,-0.001285926798168238,0.29592789699570815,0.2094,0.3237,129797435.0,65605561.0,10月,10月,,11月,3月,front_month_default,10月 DTE=30，默认使用前月,medium,30.0,77617216.77398326,32369830.259690255,154212.0,65788.0,3.0,4.0,-0.11429999999999998,0.149,0.03470000000000001,0.09185000000000001,0.0001,0.6069,0.15172790312415435,0.21760000000000002,0.1369,-0.08070000000000002,front_iv_inversion,0.21760000000000002,0.1984,-0.019200000000000023,put_skew_elevated,call_wall,3.1,0.028192371475953548,8063123.386122001,0.14661950845272542,0.8823529411764706,0.6470588235294118,0.7180762852404645,0.4913372804133255,medium
2026-09-28,ETF,,,中证500ETF嘉实,,,3月,2027-03-24,202703,rule_fourth_wednesday,medium,177.0,127.0,3.015,3.0,3.0,3.0,2.8,3.0,2.8,3.0,7419001.769012249,21157493.506071746,34523.0,4724.0,,14288247.637542,6869245.86852975,2.0800314781279137,0.6753279935282306,0.32467200647176964,-0.004975124378109541,-0.004975124378109541,-0.004975124378109541,Positive Gamma,3.0,3.0,3.0,3.0,1482353.404333,6187560.1157454625,0.3264665324045068,0.40739717759522875,0.0,0.0,0.0,True,-0.004975124378109541,-0.004975124378109541,-0.004975124378109541,far,0.07931911439967275,0.5694643339657446,0.06023081199992406,0.5694643339657446,0.06023081199992406,0.039659557199836375,low_expiry_influence,30.0,0.09565074843884516,-0.5092335219658205,distributed_expiry,rule_estimate,False,False,far_month,2.661170580716528,available,medium,,26.0,24.0,0.9230769230769231,2.6536708333333334,2.6648250000000004,1.1463035278972565e-12,bs_spot_repricing_constant_iv,,,,,,,,,,,,,,,,,,,,,,,3.103,3.1,3.1,2.997,-0.000284,369234821.976,0.44067474693472725,0.05721633684084748,0.35065598705646084,0.35065598705646084,0.02915371764799719,0.004390568230911537,-0.003578834145640079,0.3394794029850746,0.1892,0.33880000000000005,86157108.0,45840308.0,10月,10月,,11月,3月,front_month_default,10月 DTE=30，默认使用前月,medium,30.0,21157493.50607175,7419001.769012249,34523.0,4724.0,4.0,4.0,-0.14960000000000004,0.20190000000000005,0.05230000000000001,0.12710000000000002,0.0001,0.5241,0.15369267141329104,0.21760000000000002,,,put_skew_elevated,0.21760000000000002,0.1984,-0.019200000000000023,put_skew_elevated,call_wall,3.0,-0.004975124378109541,2948043.7793745,0.2063264757274077,1.0,0.6923076923076923,0.9502487562189046,0.589230381356323,medium
2026-09-28,ETF,,,创业板ETF易方达,,,10月,2026-10-28,202610,rule_fourth_wednesday,medium,30.0,22.0,3.159,3.4,3.2,3.4,3.2,3.4,3.6,3.3,41096394.895782344,881206573.9287854,957203.0,1726843.0,,461151484.4122839,420055089.51650155,1.0978357266021601,0.5233182525594183,0.47668174744058167,0.076289965178854,0.012978790756568603,0.044634377967711414,Positive Gamma,3.4,3.2,3.3,3.4,31318764.654322237,708622286.9342282,0.7337406889538804,0.5888210278007696,0.0,0.0,0.0,True,0.076289965178854,0.012978790756568603,0.044634377967711414,near,0.7872040296100785,0.7872040296100785,0.03752976106190743,0.7872040296100785,0.03752976106190743,0.7872040296100785,front_month_concentrated,30.0,0.045505303027936456,-0.7496742685481711,front_month_dominant,rule_estimate,True,False,primary_analysis,3.1313339985000455,available,medium,,22.0,22.0,1.0,3.1245666666666665,3.1359675,5.480529787458774e-13,bs_spot_repricing_constant_iv,,,,,,,,,,,,,,,,,,,,,,,3.312,3.284,3.293,3.145,-0.00046199999999999995,7970913451.03,0.1681194070926988,-0.2955478148686558,0.0466365051188367,0.0466365051188367,0.02669048266106583,0.030195322104109606,-0.003496859854197144,0.32298472222222224,0.3028,0.35710000000000003,921149584.0,415178714.0,10月,10月,,11月,3月,front_month_default,10月 DTE=30，默认使用前月,medium,30.0,881206573.9287856,41096394.89578233,957203.0,1726843.0,1.0,4.0,-0.054300000000000015,0.0534,-0.0009000000000000119,0.026249999999999996,0.3019,0.4889,0.047217253477664554,0.3037,0.30219999999999997,-0.0015000000000000568,put_skew_elevated,0.3037,0.30219999999999997,-0.0015000000000000568,put_skew_elevated,call_wall,3.4,0.076289965178854,118726560.9144997,0.2574567467039842,1.0,0.8181818181818182,0.23710034821145998,0.5241478609757846,medium
2026-09-28,ETF,,,创业板ETF易方达,,,11月,2026-11-25,202611,rule_fourth_wednesday,medium,58.0,42.0,3.159,3.5,3.0,3.8,2.95,3.2,,3.2,-352361.9255773511,42011309.54844134,55303.0,93958.0,,20829473.811431993,21181835.737009346,0.9833649014206215,0.4958063444181493,0.5041936555818506,0.10794555238999681,-0.05033238366571691,0.012978790756568603,Negative Gamma,3.4,2.95,3.2,3.2,-1691252.130989296,31579641.398496225,0.7161913800412971,0.5738789531590245,-0.10000000000000009,-0.04999999999999982,0.0,True,0.076289965178854,-0.06616017727128831,0.012978790756568603,next,0.03752976106190743,0.7872040296100785,0.03752976106190743,0.7872040296100785,0.03752976106190743,0.018764880530953716,low_expiry_influence,30.0,0.045505303027936456,-0.7496742685481711,front_month_dominant,rule_estimate,False,False,next_month,3.18288471481047,available,medium,,20.0,20.0,1.0,3.1815708333333332,3.1929716666666668,6.194061684064089e-17,bs_spot_repricing_constant_iv,,,,,,,,,,,,,,,,,,,,,,,3.312,3.284,3.293,3.145,-0.00046199999999999995,7970913451.03,0.2098869116789312,-0.1944508626703494,-0.008387311163701266,-0.008387311163701266,0.03646249202237513,0.01350753075327312,-0.004609488224361122,0.3335129353233831,0.30469999999999997,0.3747,63048214.0,47625581.0,10月,10月,,11月,3月,front_month_default,10月 DTE=30，默认使用前月,medium,30.0,42011309.54844134,-352361.9255773502,55303.0,93958.0,2.0,4.0,-0.07,0.07250000000000001,0.0025000000000000022,0.03750000000000003,0.2683,0.3908,0.036314562832067944,0.3037,0.2979,-0.005800000000000027,put_skew_elevated,0.3037,0.30219999999999997,-0.0015000000000000568,put_skew_elevated,call_wall,3.5,0.10794555238999681,3465193.659095609,0.16636011502094603,0.7,0.5,0.0,0.32486205175942573,low
2026-09-28,ETF,,,创业板ETF易方达,,,12月,2026-12-23,202612,rule_fourth_wednesday,medium,86.0,62.0,3.159,3.5,2.95,4.8,2.95,2.95,,3.3,-7536630.734590233,174023316.5973272,423188.0,209590.0,,83243342.93136849,90779973.66595872,0.9169791482610182,0.4783459168519663,0.5216540831480337,0.10794555238999681,-0.06616017727128831,0.044634377967711414,Negative Gamma,3.4,2.95,3.3,2.95,-4757565.561298473,90287225.25126204,0.4988324808251767,0.35506809007109086,-0.10000000000000009,0.0,0.0,True,0.076289965178854,-0.06616017727128831,0.044634377967711414,deferred,0.15545941227011018,0.7872040296100785,0.03752976106190743,0.7872040296100785,0.03752976106190743,0.07772970613505509,normal_expiry_structure,30.0,0.045505303027936456,-0.7496742685481711,front_month_dominant,rule_estimate,False,False,other_month,3.22595675601061,available,medium,,40.0,39.0,0.975,3.2157733333333334,3.227174166666667,9.308731525373652e-17,bs_spot_repricing_constant_iv,,,,,,,,,,,,,,,,,,,,,,,3.312,3.284,3.293,3.145,-0.00046199999999999995,7970913451.03,0.2407125787529872,-0.35819554327145264,-0.04330816629606736,-0.04330816629606736,0.027468495639076135,0.009990300057306053,-0.007460687339978518,0.345225,0.3095,0.3926,551851299.0,298790425.0,10月,10月,,11月,3月,front_month_default,10月 DTE=30，默认使用前月,medium,30.0,174023316.59732717,-7536630.73459023,423188.0,209590.0,3.0,4.0,-0.08310000000000001,0.0947,0.0116,0.053149999999999975,0.0001,0.7078,0.1196383661717946,0.3037,0.2725,-0.031200000000000006,front_iv_inversion,0.3037,0.30219999999999997,-0.0015000000000000568,put_skew_elevated,call_wall,3.5,0.10794555238999681,9712758.3547644,0.11667910024675804,0.7,0.55,0.0,0.3100055951110411,low
2026-09-28,ETF,,,创业板ETF易方达,,,3月,2027-03-24,202703,rule_fourth_wednesday,medium,177.0,127.0,3.159,4.2,2.95,4.2,2.95,2.95,4.0,3.2,2876580.23926806,22171989.877317537,49737.0,20613.0,,12524285.058292799,9647704.81902474,1.2981621321576509,0.5648696904333983,0.43513030956660176,0.32953466286799626,-0.06616017727128831,0.012978790756568603,Positive Gamma,4.2,2.95,3.3,2.95,914348.625217593,10947300.353063142,0.4675898399771255,0.411848156751657,0.0,0.0,0.09999999999999964,True,0.32953466286799626,-0.06616017727128831,0.044634377967711414,far,0.019806797057903888,0.7872040296100785,0.03752976106190743,0.7872040296100785,0.03752976106190743,0.009903398528951944,low_expiry_influence,30.0,0.045505303027936456,-0.7496742685481711,front_month_dominant,rule_estimate,False,False,far_month,2.9345044050884566,available,medium,,28.0,28.0,1.0,2.9307525,2.9421533333333336,5.567950936418099e-16,bs_spot_repricing_constant_iv,,,,,,,,,,,,,,,,,,,,,,,3.312,3.284,3.293,3.145,-0.00046199999999999995,7970913451.03,0.29250403776279965,-0.11093139513574027,0.12973938086679665,0.12973938086679665,0.03026080172547241,0.004217276856276832,-0.007411677056138297,0.392131339031339,0.2968,0.4115,124380082.0,86723972.0,10月,10月,,11月,3月,front_month_default,10月 DTE=30，默认使用前月,medium,30.0,22171989.877317537,2876580.23926806,49737.0,20613.0,4.0,4.0,-0.11469999999999997,0.13899999999999996,0.02429999999999999,0.08164999999999994,0.25079999999999997,0.536,0.08780696202104409,0.3037,,,put_skew_elevated,0.3037,0.30219999999999997,-0.0015000000000000568,put_skew_elevated,call_wall,4.2,0.32953466286799626,2036083.6796390999,0.16257085096373886,0.9285714285714286,1.0,0.0,0.4552997400765396,medium
2026-09-28,ETF,,,沪深300ETF华泰柏瑞,,,10月,2026-10-28,202610,rule_fourth_wednesday,medium,30.0,22.0,4.417,4.6,4.4,4.6,4.4,4.5,,4.5,-104994220.2268288,1591802311.1733334,650087.0,791357.0,,743404045.4732523,848398265.7000812,0.8762441833374214,0.46702033302444557,0.5329796669755545,0.04143083540864834,-0.003848766130857939,0.01879103463889531,Negative Gamma,4.5,4.4,4.5,4.5,-169148191.44381714,1298042724.1610546,0.7393578396770224,0.5318250657379292,-0.09999999999999964,0.0,0.0,True,0.01879103463889531,-0.003848766130857939,0.01879103463889531,near,0.7499055891794031,0.7499055891794031,0.04566068156351603,0.7499055891794031,0.04566068156351603,0.7499055891794031,front_month_concentrated,30.0,0.05739393843441474,-0.7042449076158871,front_month_dominant,rule_estimate,True,False,primary_analysis,4.472662616771963,available,medium,,22.0,21.0,0.9545454545454546,4.4708425,4.486886666666667,2.94848009864684e-16,bs_spot_repricing_constant_iv,,,,,,,,,,,,,,,,,,,,,,,4.515,4.499,4.503,4.397,-0.00021700000000000002,4373095288.0,0.24072134003507825,-0.38831924359541103,-0.06595933395110888,-0.06595933395110888,0.04570007694820951,0.028333417681346274,-0.007164272326497877,0.16990599999999995,0.152,0.1929,526824474.0,232212544.0,10月,10月,,11月,3月,front_month_default,10月 DTE=30，默认使用前月,medium,30.0,1591802311.1733334,-104994220.22682881,650087.0,791357.0,1.0,4.0,-0.04089999999999999,0.04869999999999999,0.007800000000000001,0.028249999999999997,0.0001,0.4261,0.08545629297282915,0.1442,0.1304,-0.013800000000000007,put_skew_elevated,0.1442,0.1304,-0.013800000000000007,put_skew_elevated,call_wall,4.6,0.04143083540864834,223124426.2809854,0.300138837876439,1.0,0.8181818181818182,0.5856916459135166,0.5956434966586978,medium
2026-09-28,ETF,,,沪深300ETF华泰柏瑞,,,11月,2026-11-25,202611,rule_fourth_wednesday,medium,58.0,42.0,4.417,4.6,4.2,4.6,4.2,4.5,4.7,4.5,13649169.850506958,96922571.97614542,50293.0,69735.0,,55285870.91332619,41636701.06281923,1.3278158331975876,0.5704127509836733,0.42958724901632667,0.04143083540864834,-0.04912836767036444,0.01879103463889531,Positive Gamma,4.6,4.4,4.6,4.6,6627882.108333477,78042928.24619825,0.7889220302003295,0.5598154290484411,0.0,0.20000000000000018,0.09999999999999964,True,0.04143083540864834,-0.003848766130857939,0.04143083540864834,next,0.04566068156351603,0.7499055891794031,0.04566068156351603,0.7499055891794031,0.04566068156351603,0.022830340781758014,low_expiry_influence,30.0,0.05739393843441474,-0.7042449076158871,front_month_dominant,rule_estimate,False,False,next_month,4.343695678387639,available,medium,,20.0,18.0,0.9,4.342489166666667,4.358533333333333,1.434502265155773e-15,bs_spot_repricing_constant_iv,,,,,,,,,,,,,,,,,,,,,,,4.515,4.499,4.503,4.397,-0.00021700000000000002,4373095288.0,0.37913078025455116,-0.11797909806069615,0.14082550196734656,0.14082550196734656,0.06318120372093168,0.014682796737343028,-0.004820888644822145,0.17619249999999997,0.1458,0.2126,43824078.0,28796898.0,10月,10月,,11月,3月,front_month_default,10月 DTE=30，默认使用前月,medium,30.0,96922571.97614542,13649169.850506961,50293.0,69735.0,2.0,4.0,-0.0668,0.08220000000000002,0.015400000000000025,0.04880000000000004,0.0001,0.3398,0.0863393055578427,0.1442,0.127,-0.017199999999999993,put_skew_elevated,0.1442,0.1304,-0.013800000000000007,put_skew_elevated,call_wall,4.6,0.04143083540864834,14719460.119773498,0.26624271041781666,1.0,0.6,0.5856916459135166,0.547662966575045,medium
2026-09-28,ETF,,,沪深300ETF华泰柏瑞,,,12月,2026-12-23,202612,rule_fourth_wednesday,medium,86.0,62.0,4.417,4.8,4.2,6.0,4.2,4.5,4.9,4.5,41310293.59628922,368932575.75132996,325793.0,238703.0,,205121434.6738096,163811141.07752034,1.252182442076635,0.5559862374746402,0.4440137625253598,0.08671043694815483,-0.04912836767036444,0.01879103463889531,Positive Gamma,4.7,4.2,4.5,4.5,33094067.424875613,208326550.8886436,0.5509239383128317,0.4750738343275361,-0.09999999999999964,0.0,0.0,True,0.06407063617840181,-0.04912836767036444,0.01879103463889531,deferred,0.1738058794388504,0.7499055891794031,0.04566068156351603,0.7499055891794031,0.04566068156351603,0.0869029397194252,normal_expiry_structure,30.0,0.05739393843441474,-0.7042449076158871,front_month_dominant,rule_estimate,False,False,other_month,4.361286314795019,available,medium,,28.0,26.0,0.9285714285714286,4.358533333333333,4.3745775,4.742617593945874e-15,bs_spot_repricing_constant_iv,,,,,,,,,,,,,,,,,,,,,,,4.515,4.499,4.503,4.397,-0.00021700000000000002,4373095288.0,0.34154720861307686,-0.27977166783341484,0.11197247494928012,0.11197247494928012,0.04180226458596205,0.011034607631750239,-0.0087081908059041,0.21753947368421056,0.1525,0.2268,425066134.0,184440994.0,10月,10月,,11月,3月,front_month_default,10月 DTE=30，默认使用前月,medium,30.0,368932575.7513299,41310293.59628921,325793.0,238703.0,3.0,4.0,-0.0743,0.0998,0.025499999999999995,0.06264999999999998,0.0001,0.578,0.13290912254054404,0.1442,0.098,-0.04619999999999999,front_iv_inversion,0.1442,0.1304,-0.013800000000000007,put_skew_elevated,call_wall,4.8,0.08671043694815483,29563519.755447716,0.14412691585577359,0.7857142857142857,0.5,0.13289563051845166,0.35622002814143733,low
2026-09-28,ETF,,,沪深300ETF华泰柏瑞,,,3月,2027-03-24,202703,rule_fourth_wednesday,medium,177.0,127.0,4.417,4.7,4.2,5.5,4.2,4.7,4.6,4.4,23051331.660136707,65012826.72166568,57856.0,11354.0,,44032079.1909012,20980747.53076449,2.098689721438003,0.6772829518613656,0.32271704813863455,0.06407063617840181,-0.04912836767036444,-0.003848766130857939,Positive Gamma,4.7,4.2,4.4,4.7,10901882.558973486,33828329.88013294,0.5338435381214691,0.37153096637640903,0.0,0.0,0.0,True,0.06407063617840181,-0.04912836767036444,-0.003848766130857939,far,0.030627849818230544,0.7499055891794031,0.04566068156351603,0.7499055891794031,0.04566068156351603,0.015313924909115272,low_expiry_influence,30.0,0.05739393843441474,-0.7042449076158871,front_month_dominant,rule_estimate,False,False,far_month,4.10521124707041,available,medium,,24.0,22.0,0.9166666666666666,4.101826666666667,4.117870833333333,1.454935377442159e-13,bs_spot_repricing_constant_iv,,,,,,,,,,,,,,,,,,,,,,,4.515,4.499,4.503,4.397,-0.00021700000000000002,4373095288.0,0.415497566465849,0.020714319277649745,0.354565903722731,0.354565903722731,0.0499910488639477,0.0047218026964999885,-0.004286020185214101,0.24211934826883905,0.1457,0.2463,114963061.0,69388541.0,10月,10月,,11月,3月,front_month_default,10月 DTE=30，默认使用前月,medium,30.0,65012826.72166568,23051331.660136707,57856.0,11354.0,4.0,4.0,-0.1006,0.1483,0.04769999999999999,0.098,0.0001,0.43329999999999996,0.11588234381775185,0.1442,,,put_skew_elevated,0.1442,0.1304,-0.013800000000000007,put_skew_elevated,call_wall,4.7,0.06407063617840181,7628159.013781039,0.17324094510071023,0.8333333333333334,0.6666666666666666,0.3592936382159819,0.44018580436105026,low
2026-09-28,ETF,,,沪深300ETF嘉实,,,10月,2026-10-28,202610,rule_fourth_wednesday,medium,30.0,22.0,4.609,4.7,4.7,4.9,4.3,4.7,4.9,4.7,29917630.045595482,211721652.54795885,97135.0,108905.0,,120819641.29677717,90902011.25118168,1.3291195610944921,0.5706532130406894,0.4293467869593106,0.019743979171186865,0.019743979171186865,0.019743979171186865,Positive Gamma,4.7,4.7,4.7,4.7,26598736.811028764,177178845.54916334,0.7413872139020422,0.5678644368220999,0.0,0.0,0.0,True,0.019743979171186865,0.019743979171186865,0.019743979171186865,near,0.6454313967333016,0.6454313967333016,0.08086546490610495,0.6454313967333016,0.08086546490610495,0.6454313967333016,near_month_pressure,30.0,0.11133941116525603,-0.5645659318271967,front_month_dominant,rule_estimate,True,False,primary_analysis,4.549669996973015,available,medium,,22.0,21.0,0.9545454545454546,4.540415833333333,4.557066666666667,6.041400192069678e-16,bs_spot_repricing_constant_iv,,,,,,,,,,,,,,,,,,,,,,,4.716,4.7,4.703,4.591,-0.00022700000000000002,723485600.265,0.21353721981262017,-0.1326352153653441,0.14130642608137867,0.14130642608137867,0.053049650657435825,0.03192281300492308,-0.0033109328165952592,0.16812057416267942,0.1559,0.1918,59243425.0,27303045.0,10月,10月,,11月,3月,front_month_default,10月 DTE=30，默认使用前月,medium,30.0,211721652.54795885,29917630.045595486,97135.0,108905.0,1.0,4.0,-0.03589999999999999,0.04730000000000001,0.011400000000000021,0.029350000000000015,0.0001,0.5699000000000001,0.12230331900576878,0.1445,0.1354,-0.009099999999999997,put_skew_elevated,0.1445,0.1354,-0.009099999999999997,put_skew_elevated,call_wall,4.7,0.019743979171186865,35666587.74419334,0.2952052113495617,0.9090909090909091,1.0,0.8025602082881313,0.6304991036232498,medium
2026-09-28,ETF,,,沪深300ETF嘉实,,,11月,2026-11-25,202611,rule_fourth_wednesday,medium,58.0,42.0,4.609,4.8,4.5,4.9,4.4,4.8,,4.5,-902902.3157325591,26526397.616591398,14290.0,14487.0,,12811747.650429422,13714649.96616198,0.9341651213876928,0.4829810604367964,0.5170189395632038,0.04144065957908438,-0.02364938164460839,-0.02364938164460839,Negative Gamma,4.6,4.5,4.5,4.5,-2343258.5884577315,20202872.920619957,0.7168720035523386,0.5530281610711856,-0.20000000000000018,0.0,0.0,True,-0.0019527012367108743,-0.02364938164460839,-0.02364938164460839,next,0.08086546490610495,0.6454313967333016,0.08086546490610495,0.6454313967333016,0.08086546490610495,0.040432732453052476,low_expiry_influence,30.0,0.11133941116525603,-0.5645659318271967,front_month_dominant,rule_estimate,False,False,next_month,4.6749863843880375,available,medium,,20.0,19.0,0.95,4.6736225000000005,4.690273333333334,7.722960843248682e-16,bs_spot_repricing_constant_iv,,,,,,,,,,,,,,,,,,,,,,,4.716,4.7,4.703,4.591,-0.00022700000000000002,723485600.265,0.34483733156795465,-0.25747709613297753,-0.03403787912640738,-0.03403787912640738,0.04767267584609383,0.014572154655576203,-0.007644825974534155,0.1763150170648464,0.1483,0.2091,16560220.0,8228090.0,10月,10月,,11月,3月,front_month_default,10月 DTE=30，默认使用前月,medium,30.0,26526397.6165914,-902902.3157325592,14290.0,14487.0,2.0,4.0,-0.06080000000000002,0.07370000000000002,0.012899999999999995,0.043300000000000005,0.0001,0.35200000000000004,0.07643579417772114,0.1445,0.1275,-0.016999999999999987,put_skew_elevated,0.1445,0.1354,-0.009099999999999997,put_skew_elevated,call_wall,4.8,0.04144065957908438,2525962.5142494603,0.19715987101609792,0.8,0.9,0.5855934042091562,0.5115609525886176,medium
2026-09-28,ETF,,,沪深300ETF嘉实,,,12月,2026-12-23,202612,rule_fourth_wednesday,medium,86.0,62.0,4.609,5.0,4.4,6.25,4.4,5.0,4.8,4.4,14101887.293626223,71604608.52465229,69422.0,37919.0,,42853247.90913925,28751360.615513027,1.4904772153988928,0.5984705285328888,0.40152947146711104,0.08483402039487964,-0.04534606205250591,-0.04534606205250591,Positive Gamma,4.9,5.0,4.7,4.9,7327951.810758272,35506727.56169591,0.521396019023803,0.47222318755119497,-0.09999999999999964,0.5999999999999996,0.2999999999999998,True,0.06313733998698212,0.08483402039487964,0.019743979171186865,deferred,0.21828595203383303,0.6454313967333016,0.08086546490610495,0.6454313967333016,0.08086546490610495,0.10914297601691651,normal_expiry_structure,30.0,0.11133941116525603,-0.5645659318271967,front_month_dominant,rule_estimate,False,False,other_month,4.397832765826048,available,medium,,26.0,25.0,0.9615384615384616,4.390558333333333,4.407209166666666,1.2567016166460872e-13,bs_spot_repricing_constant_iv,,,,,,,,,,,,,,,,,,,,,,,4.716,4.7,4.703,4.591,-0.00022700000000000002,723485600.265,0.3280075768494308,-0.2659401314192809,0.1969410570657778,0.1969410570657778,0.0322976787256787,0.01214767415305766,-0.007764843993618733,0.2182876404494382,0.15259999999999999,0.2242,106701693.0,34194447.0,10月,10月,,11月,3月,front_month_default,10月 DTE=30，默认使用前月,medium,30.0,71604608.52465229,14101887.29362622,69422.0,37919.0,3.0,4.0,-0.07160000000000002,0.09670000000000001,0.025099999999999983,0.06090000000000001,0.0001,0.5728,0.1325984741181494,0.1445,0.09269999999999999,-0.0518,front_iv_inversion,0.1445,0.1354,-0.009099999999999997,put_skew_elevated,call_wall,5.0,0.08483402039487964,7217020.2780423,0.16841244550108267,0.8461538461538461,0.7692307692307693,0.1516597960512036,0.42545764680624465,low
2026-09-28,ETF,,,沪深300ETF嘉实,,,3月,2027-03-24,202703,rule_fourth_wednesday,medium,177.0,127.0,4.609,4.6,4.6,6.0,4.3,4.6,4.5,4.6,7014898.30147469,18178567.58757589,16974.0,3370.0,,12596732.944525292,5581834.6430506,2.2567370318302533,0.6929441983720712,0.30705580162792884,-0.0019527012367108743,-0.0019527012367108743,-0.0019527012367108743,Positive Gamma,5.25,5.0,4.6,5.0,1371680.7673216104,5826020.477548996,0.3778340877942092,0.36483456246370854,0.6500000000000004,0.40000000000000036,0.0,True,0.13907572141462365,0.08483402039487964,-0.0019527012367108743,far,0.055417186326760265,0.6454313967333016,0.08086546490610495,0.6454313967333016,0.08086546490610495,0.027708593163380132,low_expiry_influence,30.0,0.11133941116525603,-0.5645659318271967,front_month_dominant,rule_estimate,False,False,far_month,4.224519513962028,available,medium,,24.0,22.0,0.9166666666666666,4.22405,4.240700833333333,4.823990857857918e-15,bs_spot_repricing_constant_iv,,,,,,,,,,,,,,,,,,,,,,,4.716,4.7,4.703,4.591,-0.00022700000000000002,723485600.265,0.43510354726266154,-0.030259390825647887,0.3858883967441422,0.3858883967441422,0.03951706885546043,0.005125296434318624,-0.006688325138461648,0.24384999999999996,0.1389,0.245,41104162.0,18891200.0,10月,10月,,11月,3月,front_month_default,10月 DTE=30，默认使用前月,medium,30.0,18178567.58757589,7014898.30147469,16974.0,3370.0,4.0,4.0,-0.1061,0.1523,0.046200000000000005,0.09925000000000002,0.0001,0.46869999999999995,0.12275718669005889,0.1445,,,put_skew_elevated,0.1445,0.1354,-0.009099999999999997,put_skew_elevated,call_wall,4.6,-0.0019527012367108743,1764325.99445333,0.14006218931712208,0.8333333333333334,0.8181818181818182,0.9804729876328913,0.5411595393982447,medium
2026-09-28,ETF,,,深证100ETF易方达,,,10月,2026-10-28,202610,rule_fourth_wednesday,medium,30.0,22.0,3.293,3.4,3.0,3.6,3.0,3.4,3.6,3.4,5041723.430478948,38398168.09646439,39062.0,41651.0,,21719945.76347167,16678222.332992721,1.3022938134423028,0.5656505724155,0.4343494275845001,0.032493167324627814,-0.08897661706650473,0.032493167324627814,Positive Gamma,3.4,3.0,3.4,3.4,1067981.09130506,22000691.809747253,0.5060950394750788,0.5197514115044576,0.0,0.0,0.0,True,0.032493167324627814,-0.08897661706650473,0.032493167324627814,near,0.7380998403261322,0.7380998403261322,0.0454438272969213,0.7380998403261322,0.0454438272969213,0.7380998403261322,front_month_concentrated,30.0,0.05799782344585723,-0.6926560130292109,front_month_dominant,rule_estimate,True,False,primary_analysis,3.2481831008806554,available,medium,,22.0,20.0,0.9090909090909091,3.2379975000000005,3.2501950000000006,7.590534146490045e-14,bs_spot_repricing_constant_iv,,,,,,,,,,,,,,,,,,,,,,,3.415,3.399,3.405,3.28,-0.000357,437811224.4,0.21975292643946265,-0.11282186779937216,0.13130114483099983,0.13130114483099983,0.04545624619330299,0.03470892847465992,-0.002584703888860932,0.25028108108108105,0.2309,0.2859,18441184.0,10094031.0,10月,10月,,11月,3月,front_month_default,10月 DTE=30，默认使用前月,medium,30.0,38398168.096464396,5041723.43047895,39062.0,41651.0,1.0,4.0,-0.05499999999999999,0.05719999999999997,0.0021999999999999797,0.02969999999999995,0.0001,0.47229999999999994,0.10532156531884683,0.22870000000000001,0.24530000000000002,0.016600000000000004,put_skew_elevated,0.22870000000000001,0.24530000000000002,0.016600000000000004,put_skew_elevated,call_wall,3.4,0.032493167324627814,5471440.7676887,0.2519085833487899,0.6363636363636364,0.7272727272727273,0.6750683267537219,0.48280092970183186,medium
2026-09-28,ETF,,,深证100ETF易方达,,,11月,2026-11-25,202611,rule_fourth_wednesday,medium,58.0,42.0,3.293,3.6,3.1,3.8,3.1,3.6,3.7,3.4,351262.08969475003,2364124.2338202703,2789.0,3836.0,,1357693.1617575102,1006431.0720627599,1.3490175327902099,0.5742901080809814,0.4257098919190186,0.09322805952019442,-0.058609170968721536,0.032493167324627814,Positive Gamma,3.6,3.1,3.4,3.6,279764.0184928237,1550873.4365782444,0.6280718242609448,0.605249260704477,0.0,0.0,0.0,True,0.09322805952019442,-0.058609170968721536,0.032493167324627814,next,0.0454438272969213,0.7380998403261322,0.0454438272969213,0.7380998403261322,0.0454438272969213,0.02272191364846065,low_expiry_influence,30.0,0.05799782344585723,-0.6926560130292109,front_month_dominant,rule_estimate,False,False,next_month,3.2271717302933323,available,medium,,20.0,19.0,0.95,3.2258000000000004,3.2379975000000005,1.0094640803284707e-13,bs_spot_repricing_constant_iv,,,,,,,,,,,,,,,,,,,,,,,3.415,3.399,3.405,3.28,-0.000357,437811224.4,0.24971566409618678,-0.14821436030125085,0.14858021616196257,0.14858021616196257,0.048053447682741245,0.017068824128171338,-0.004366130760144494,0.2667033333333333,0.2304,0.297,2037731.0,1253572.0,10月,10月,,11月,3月,front_month_default,10月 DTE=30，默认使用前月,medium,30.0,2364124.2338202703,351262.08969475,2789.0,3836.0,2.0,4.0,-0.06659999999999999,0.05169999999999997,-0.014900000000000024,0.018399999999999972,0.0001,0.3762,0.08342943378120596,0.22870000000000001,0.2125,-0.01620000000000002,put_skew_elevated,0.22870000000000001,0.24530000000000002,0.016600000000000004,put_skew_elevated,call_wall,3.6,0.09322805952019442,328539.99693863996,0.24198398150090897,0.7,0.7777777777777778,0.06771940479805583,0.41071736906178413,low
2026-09-28,ETF,,,深证100ETF易方达,,,12月,2026-12-23,202612,rule_fourth_wednesday,medium,86.0,62.0,3.293,4.6,3.2,4.6,3.7,3.3,4.0,3.3,1009288.8600282201,9668954.179305658,22247.0,11212.0,,5339121.51966694,4329832.65963872,1.2331011240772605,0.5521922454751307,0.44780775452486954,0.3969025204980259,-0.028241724870938345,0.0021257212268446235,Positive Gamma,4.6,3.7,3.3,3.7,776349.9794064406,2918123.447453462,0.2941534280767914,0.34798345930848623,0.0,0.5,0.0,True,0.3969025204980259,0.12359550561797761,0.0021257212268446235,deferred,0.1858592190631959,0.7380998403261322,0.0454438272969213,0.7380998403261322,0.0454438272969213,0.09292960953159796,normal_expiry_structure,30.0,0.05799782344585723,-0.6926560130292109,front_month_dominant,rule_estimate,False,False,other_month,3.2266039103140254,available,medium,,34.0,33.0,0.9705882352941176,3.2258000000000004,3.2379975000000005,5.932674323569694e-15,bs_spot_repricing_constant_iv,,,,,,,,,,,,,,,,,,,,,,,3.415,3.399,3.405,3.28,-0.000357,437811224.4,0.28785388127853895,-0.38377624736031707,0.10438449095026102,0.10438449095026102,0.03578904224406587,0.011396082328293365,-0.01276120770145107,0.27375,0.22899999999999998,0.3078,18771891.0,9197810.0,10月,10月,,11月,3月,front_month_default,10月 DTE=30，默认使用前月,medium,30.0,9668954.17930566,1009288.8600282201,22247.0,11212.0,3.0,4.0,-0.07880000000000004,0.09530000000000002,0.016499999999999987,0.05589999999999998,0.0001,0.6119,0.1292202886339928,0.22870000000000001,0.2137,-0.015000000000000013,put_skew_elevated,0.22870000000000001,0.24530000000000002,0.016600000000000004,put_skew_elevated,call_wall,4.6,0.3969025204980259,641962.9093018501,0.12023755348836797,1.0,1.0,0.0,0.45410689906976553,medium
2026-09-28,ETF,,,深证100ETF易方达,,,3月,2027-03-24,202703,rule_fourth_wednesday,medium,177.0,127.0,3.293,4.2,3.0,4.2,3.0,4.2,4.2,3.2,243546.12535361998,1591753.6301983804,3182.0,1304.0,,917649.877776,674103.75242238,1.3612887845208415,0.5765024563893303,0.42349754361066944,0.27543273610689334,-0.08897661706650473,-0.028241724870938345,Positive Gamma,4.2,3.0,3.2,4.2,164797.07130835459,550756.3725004068,0.2847352633731192,0.43491796726761095,0.0,0.0,0.0,True,0.27543273610689334,-0.08897661706650473,-0.028241724870938345,far,0.030597113313750635,0.7380998403261322,0.0454438272969213,0.7380998403261322,0.0454438272969213,0.015298556656875318,low_expiry_influence,30.0,0.05799782344585723,-0.6926560130292109,front_month_dominant,rule_estimate,False,False,far_month,3.125134874663596,available,medium,,26.0,26.0,1.0,3.1160225,3.1282200000000002,6.477857314164208e-15,bs_spot_repricing_constant_iv,,,,,,,,,,,,,,,,,,,,,,,3.415,3.399,3.405,3.28,-0.000357,437811224.4,0.47370003768714214,-0.19675170981213963,0.1530049127786609,0.1530049127786609,0.04293953092273624,0.004804522563721296,-0.013084238254939339,0.27907956403269757,0.20879999999999999,0.341,4950613.0,3279202.0,10月,10月,,11月,3月,front_month_default,10月 DTE=30，默认使用前月,medium,30.0,1591753.63019838,243546.12535361998,3182.0,1304.0,4.0,4.0,-0.13220000000000004,0.12730000000000002,-0.0049000000000000155,0.06120000000000003,0.1355,0.42869999999999997,0.08266226187603107,0.22870000000000001,,,put_skew_elevated,0.22870000000000001,0.24530000000000002,0.016600000000000004,put_skew_elevated,call_wall,4.2,0.27543273610689334,368827.28162042,0.4019259311779164,1.0,1.0,0.0,0.5808666690300625,medium
2026-09-28,ETF,,,科创50ETF华夏,,,10月,2026-10-28,202610,rule_fourth_wednesday,medium,30.0,22.0,1.643,1.75,1.65,1.75,1.65,1.75,1.8,1.7,55319825.63347359,493847566.21410495,1096291.0,1561971.0,,274583695.92378926,219263870.29031566,1.2522979529651992,0.5560090090729434,0.44399099092705663,0.06512477175897757,0.004260499087035852,0.0346926354230066,Positive Gamma,1.75,1.65,1.7,1.75,50170149.92311523,395267820.85500014,0.7271399764285934,0.7235196653005117,0.0,0.0,0.0,True,0.06512477175897757,0.004260499087035852,0.0346926354230066,near,0.7296690160370043,0.7296690160370043,0.03537180474395423,0.7296690160370043,0.03537180474395423,0.7296690160370043,front_month_concentrated,30.0,0.0462351861275147,-0.6942972112930501,front_month_dominant,rule_estimate,True,False,primary_analysis,1.5866657873940344,available,medium,,26.0,26.0,1.0,1.585495,1.5918844444444447,8.628364490970531e-14,bs_spot_repricing_constant_iv,,,,,,,,,,,,,,,,,,,,,,,1.713,1.702,1.705,1.636,-0.00040899999999999997,7578263060.0,0.10004100041000416,-0.1348192192417507,0.11201801814588673,0.11201801814588673,0.02499706395585058,0.029429951033540812,-0.001987956510828143,0.36585,0.35869999999999996,0.3953,630150606.0,322452966.0,10月,10月,,11月,3月,front_month_default,10月 DTE=30，默认使用前月,medium,30.0,493847566.21410495,55319825.63347359,1096291.0,1561971.0,1.0,4.0,-0.03660000000000002,0.04530000000000001,0.008699999999999986,0.027000000000000024,0.34590000000000004,0.5202,0.040055284103541006,0.35,0.3602,0.010200000000000042,put_skew_elevated,0.35,0.3602,0.010200000000000042,put_skew_elevated,call_wall,1.75,0.06512477175897757,62601326.22267405,0.22798631947924924,1.0,0.8461538461538461,0.34875228241022427,0.5318297630502727,medium
2026-09-28,ETF,,,科创50ETF华夏,,,11月,2026-11-25,202611,rule_fourth_wednesday,medium,58.0,42.0,1.643,1.95,1.55,1.95,1.55,1.65,1.95,1.65,1022052.800947659,23940004.716489762,67169.0,118951.0,,12481028.75871871,11458975.957771052,1.0891923331294313,0.5213461278109873,0.4786538721890127,0.18685331710286057,-0.05660377358490565,0.004260499087035852,Positive Gamma,1.95,1.55,1.65,1.7,-44111.150624307804,17224813.312143814,0.7211940022351903,0.42109560473997953,0.0,0.0,0.0,True,0.18685331710286057,-0.05660377358490565,0.004260499087035852,next,0.03537180474395423,0.7296690160370043,0.03537180474395423,0.7296690160370043,0.03537180474395423,0.017685902371977116,low_expiry_influence,30.0,0.0462351861275147,-0.6942972112930501,front_month_dominant,rule_estimate,False,False,next_month,1.6182681424239223,available,medium,,20.0,20.0,1.0,1.6168725000000002,1.622945,6.999006406650333e-16,bs_spot_repricing_constant_iv,,,,,,,,,,,,,,,,,,,,,,,1.713,1.702,1.705,1.636,-0.00040899999999999997,7578263060.0,0.15248226950354604,-0.0596505083049302,0.04269225562197464,0.04269225562197464,0.03070971498447141,0.012729817886605538,-0.002504479033739072,0.3948,0.3671,0.42729999999999996,49737290.0,39404570.0,10月,10月,,11月,3月,front_month_default,10月 DTE=30，默认使用前月,medium,30.0,23940004.716489762,1022052.8009476596,67169.0,118951.0,2.0,4.0,-0.060199999999999976,0.06709999999999994,0.006899999999999962,0.03699999999999998,0.3555,0.4764,0.04038935861676543,0.35,0.3482,-0.0017999999999999683,put_skew_elevated,0.35,0.3602,0.010200000000000042,put_skew_elevated,call_wall,1.95,0.18685331710286057,2270106.6575251403,0.18188457870024066,0.8,0.7,0.0,0.3868480604151083,low
2026-09-28,ETF,,,科创50ETF华夏,,,12月,2026-12-23,202612,rule_fourth_wednesday,medium,86.0,62.0,1.643,2.55,1.3,2.55,1.3,1.3,2.5,1.7,8727053.585097179,140047075.9870183,769648.0,514772.0,,74387064.78605774,65660011.20096054,1.1329127641843828,0.5311575715651006,0.46884242843489937,0.55203895313451,-0.20876445526475962,0.0346926354230066,Positive Gamma,1.7,1.3,1.7,1.3,-3263729.7224520235,78209036.922504,0.5082813940840848,0.3031443269366263,-0.8499999999999999,0.0,0.0,True,0.0346926354230066,-0.20876445526475962,0.0346926354230066,deferred,0.2069221742200591,0.7296690160370043,0.03537180474395423,0.7296690160370043,0.03537180474395423,0.10346108711002955,normal_expiry_structure,30.0,0.0462351861275147,-0.6942972112930501,front_month_dominant,rule_estimate,False,False,other_month,1.620062260961116,available,medium,,52.0,50.0,0.9615384615384616,1.6174422222222224,1.6238316666666668,1.4428105564667385e-15,bs_spot_repricing_constant_iv,,,,,,,,,,,,,,,,,,,,,,,1.713,1.702,1.705,1.636,-0.00040899999999999997,7578263060.0,0.1732370905052748,-0.08119571571155791,0.06231514313020098,0.06231514313020098,0.02377219752798202,0.012142373237941092,-0.0034033850490436625,0.405225,0.377,0.4472,600763349.0,286388907.0,10月,10月,,11月,3月,front_month_default,10月 DTE=30，默认使用前月,medium,30.0,140047075.98701826,8727053.585097177,769648.0,514772.0,3.0,4.0,-0.07019999999999998,0.09899999999999998,0.028799999999999992,0.06390000000000001,0.0001,0.7467,0.13578807816574215,0.35,0.3284,-0.021599999999999953,front_iv_inversion,0.35,0.3602,0.010200000000000042,put_skew_elevated,call_wall,2.55,0.55203895313451,7125092.11163085,0.0957840201401023,1.0,0.9230769230769231,0.0,0.4315643475245845,low
2026-09-28,ETF,,,科创50ETF华夏,,,3月,2027-03-24,202703,rule_fourth_wednesday,medium,177.0,127.0,1.643,2.15,1.45,2.15,1.45,2.15,2.0,1.6,3439295.4636998605,18975736.09179806,93654.0,18194.0,,11207515.777748961,7768220.3140491005,1.4427391763696213,0.5906235059093818,0.40937649409061827,0.3085818624467438,-0.11746804625684726,-0.026171637248934787,Positive Gamma,2.15,1.45,1.6,2.15,599043.7718044714,6867450.067602719,0.35861309428139676,0.240288701493412,0.0,0.0,0.0,True,0.3085818624467438,-0.11746804625684726,-0.026171637248934787,far,0.028037004998982422,0.7296690160370043,0.03537180474395423,0.7296690160370043,0.03537180474395423,0.014018502499491211,low_expiry_influence,30.0,0.0462351861275147,-0.6942972112930501,front_month_dominant,rule_estimate,False,False,far_month,1.4428928084114543,available,medium,,32.0,32.0,1.0,1.438537777777778,1.4449272222222223,9.751481174348575e-16,bs_spot_repricing_constant_iv,,,,,,,,,,,,,,,,,,,,,,,1.713,1.702,1.705,1.636,-0.00040899999999999997,7578263060.0,0.22979504435607215,0.012738714287954383,0.18124701181876351,0.18124701181876351,0.026558724977323398,0.004437172693044909,-0.004597718757726384,0.408625,0.3644,0.4583,140868773.0,93899433.0,10月,10月,,11月,3月,front_month_default,10月 DTE=30，默认使用前月,medium,30.0,18975736.091798063,3439295.4636998605,93654.0,18194.0,4.0,4.0,-0.09389999999999998,0.12989999999999996,0.035999999999999976,0.08294999999999997,0.3077,0.5647,0.07852598681225668,0.35,,,put_skew_elevated,0.35,0.3602,0.010200000000000042,put_skew_elevated,call_wall,2.15,0.3085818624467438,3087626.4728722204,0.27549606300820867,1.0,1.0,0.0,0.5239732283536939,medium
2026-09-28,ETF,,,科创50ETF易方达,,,10月,2026-10-28,202610,rule_fourth_wednesday,medium,30.0,22.0,1.595,1.7,1.6,1.7,1.5,1.7,1.75,1.6,12821991.119113,70590495.48749,173631.0,181856.0,,41706243.30330151,28884252.184188504,1.4439094021666201,0.5908195291063323,0.409180470893668,0.0658307210031348,0.0031347962382446415,0.0031347962382446415,Positive Gamma,1.7,1.6,1.6,1.7,10223168.404074758,48512813.43262603,0.6039759510469308,0.6441517134885031,0.0,0.0,0.0,True,0.0658307210031348,0.0031347962382446415,0.0031347962382446415,near,0.6663624796262134,0.6663624796262134,0.017720288066354326,0.6663624796262134,0.017720288066354326,0.6663624796262134,front_month_concentrated,30.0,0.025903719408289446,-0.6486421915598591,front_month_dominant,rule_estimate,True,False,primary_analysis,1.52080515790549,available,medium,,26.0,26.0,1.0,1.5205666666666666,1.5267694444444444,5.491467599581385e-15,bs_spot_repricing_constant_iv,,,,,,,,,,,,,,,,,,,,,,,1.662,1.65,1.653,1.587,-0.00040300000000000004,1722303589.0,0.10843501171174125,-0.07313849005231106,0.18163905821266418,0.18163905821266418,0.027483369788241757,0.03094207198334848,-0.001401537662956595,0.3698067567567568,0.3607,0.4008,83058774.0,45000574.0,10月,10月,,11月,3月,front_month_default,10月 DTE=30，默认使用前月,medium,30.0,70590495.48749,12821991.119113,173631.0,181856.0,1.0,4.0,-0.04009999999999997,0.043300000000000005,0.003200000000000036,0.02325000000000005,0.2658,0.5159,0.05005573939273943,0.3575,0.3641,0.006599999999999995,put_skew_elevated,0.3575,0.3641,0.006599999999999995,put_skew_elevated,call_wall,1.7,0.0658307210031348,10087506.975161001,0.24187042936956307,0.9230769230769231,0.8461538461538461,0.34169278996865193,0.5177879194039089,medium
2026-09-28,ETF,,,科创50ETF易方达,,,11月,2026-11-25,202611,rule_fourth_wednesday,medium,58.0,42.0,1.595,1.7,1.5,1.9,1.5,1.6,1.9,1.6,97514.18274675,1877182.3940127501,5524.0,4911.0,,987348.28837975,889834.105633,1.1095869242698688,0.5259735503214206,0.4740264496785794,0.0658307210031348,-0.059561128526645746,0.0031347962382446415,Positive Gamma,1.6,1.5,1.6,1.5,-55617.38266208707,1011483.210950345,0.530732138110854,0.4221858202755892,-0.09999999999999987,0.0,0.0,True,0.0031347962382446415,-0.059561128526645746,0.0031347962382446415,next,0.017720288066354326,0.6663624796262134,0.017720288066354326,0.6663624796262134,0.017720288066354326,0.008860144033177163,low_expiry_influence,30.0,0.025903719408289446,-0.6486421915598591,front_month_dominant,rule_estimate,False,False,next_month,1.5646385742073456,available,medium,,20.0,19.0,0.95,1.5611666666666666,1.5670875,1.1763017541409925e-15,bs_spot_repricing_constant_iv,,,,,,,,,,,,,,,,,,,,,,,1.662,1.65,1.653,1.587,-0.00040300000000000004,1722303589.0,0.1374835746524284,-0.08108362294842189,0.05194710064284126,0.05194710064284126,0.030413945742540215,0.013034344615573167,-0.002516126989137751,0.3985930693069306,0.3788,0.4336,3978734.0,3133184.0,10月,10月,,11月,3月,front_month_default,10月 DTE=30，默认使用前月,medium,30.0,1877182.3940127501,97514.18274675,5524.0,4911.0,2.0,4.0,-0.05479999999999996,0.0695,0.014700000000000046,0.042100000000000026,0.0001,0.4604,0.09745880317236341,0.3575,0.3489,-0.008599999999999997,put_skew_elevated,0.3575,0.3641,0.006599999999999995,put_skew_elevated,call_wall,1.7,0.0658307210031348,175039.8593075,0.17728279004234915,0.6666666666666666,0.2,0.34169278996865193,0.3276978406810216,low
2026-09-28,ETF,,,科创50ETF易方达,,,12月,2026-12-23,202612,rule_fourth_wednesday,medium,86.0,62.0,1.595,1.6,1.25,2.45,1.25,1.25,2.05,1.6,3632029.672724751,27921129.73003475,154965.0,87788.0,,15776579.701379748,12144550.028655,1.299066631876438,0.5650408795747576,0.4349591204252424,0.0031347962382446415,-0.2163009404388715,0.0031347962382446415,Positive Gamma,2.45,1.25,1.6,1.25,699184.0952306697,10233432.642917082,0.3870750803051833,0.27177149687402125,0.8500000000000001,0.0,0.0,True,0.5360501567398122,-0.2163009404388715,0.0031347962382446415,deferred,0.2635707981985821,0.6663624796262134,0.017720288066354326,0.6663624796262134,0.017720288066354326,0.13178539909929105,normal_expiry_structure,30.0,0.025903719408289446,-0.6486421915598591,front_month_dominant,rule_estimate,False,False,other_month,1.5240730358822878,available,medium,,50.0,43.0,0.86,1.5205666666666666,1.5267694444444444,4.014779113175793e-15,bs_spot_repricing_constant_iv,,,,,,,,,,,,,,,,,,,,,,,1.662,1.65,1.653,1.587,-0.00040300000000000004,1722303589.0,0.2060576572193166,-0.08731064654859359,0.13008175914951528,0.13008175914951528,0.021052573652677153,0.012235750460475685,-0.003373496698202598,0.4110500000000001,0.38049999999999995,0.46520000000000006,137198000.0,57444944.0,10月,10月,,11月,3月,front_month_default,10月 DTE=30，默认使用前月,medium,30.0,27921129.73003475,3632029.672724751,154965.0,87788.0,3.0,4.0,-0.08470000000000011,0.11630000000000007,0.03159999999999996,0.07395000000000002,0.0001,0.6973999999999999,0.17677073731652695,0.3575,0.3257,-0.031799999999999995,front_iv_inversion,0.3575,0.3641,0.006599999999999995,put_skew_elevated,call_wall,1.6,0.0031347962382446415,1432746.03472,0.09081474323580406,0.84,0.56,0.9686520376175536,0.4801644400987448,medium
2026-09-28,ETF,,,科创50ETF易方达,,,3月,2027-03-24,202703,rule_fourth_wednesday,medium,177.0,127.0,1.595,2.1,1.4,2.1,1.4,2.1,1.95,1.6,842441.4639079999,5545271.2806095,28177.0,3396.0,,3193856.37225875,2351414.90835075,1.3582700190069292,0.5759603472289822,0.42403965277101785,0.3166144200626959,-0.12225705329153613,0.0031347962382446415,Positive Gamma,2.1,1.4,1.6,1.4,155971.55320088757,1498001.8442520155,0.29340215484698096,0.2674758756569936,0.0,0.0,0.0,True,0.3166144200626959,-0.12225705329153613,0.0031347962382446415,far,0.052346434108850086,0.6663624796262134,0.017720288066354326,0.6663624796262134,0.017720288066354326,0.026173217054425043,low_expiry_influence,30.0,0.025903719408289446,-0.6486421915598591,front_month_dominant,rule_estimate,False,False,far_month,1.4325412707023697,available,medium,,32.0,32.0,1.0,1.427525,1.4337277777777777,1.284259885660081e-16,bs_spot_repricing_constant_iv,,,,,,,,,,,,,,,,,,,,,,,1.662,1.65,1.653,1.587,-0.00040300000000000004,1722303589.0,0.25877059646136075,0.01213919638621643,0.15192069445796422,0.15192069445796422,0.028013475713790037,0.004484321097057486,-0.004622489224314916,0.41117499999999996,0.35960000000000003,0.466,38723292.0,27741992.0,10月,10月,,11月,3月,front_month_default,10月 DTE=30，默认使用前月,medium,30.0,5545271.2806095,842441.463908,28177.0,3396.0,4.0,4.0,-0.1064,0.14030000000000004,0.03390000000000004,0.08710000000000007,0.25739999999999996,0.5253,0.08122197382641021,0.3575,,,put_skew_elevated,0.3575,0.3641,0.006599999999999995,put_skew_elevated,call_wall,2.1,0.3166144200626959,647501.579604,0.20273346830122976,1.0,0.8,0.0,0.4612300607355534,medium
2026-09-28,COMMODITY,COMMODITY,AP,AP,AP,CZCE,2611,,,,,,,7398.0,,,7500.0,7300.0,,,7300.0,,,94749.0,349574.0,37457905.0,,,,,,,,-0.013246823465801527,,,,,,,,,,,,,,,,,,,,,,,,,,,,,,False,False,other_month,,,,,,,,,,,,AP611,7398.0,20986.0,20134.0,283.0,1545409000.0,0.000112,7400.0,7400.0,0.013787510137875048,-0.013246823465801527,0.0002703433360367047,0.0002703433360367047,50130.0,44619.0,0.058164202260709875,200.0,0.02703433360367667,volume_wall,7400.0,0.0002703433360367047,above_price_wall,,,,,,,,,,,,,,,,,,,,,,,,,,,,,,,,,,,,,,,,,,,,,,,,,,,,,,,,,,
2026-09-28,COMMODITY,COMMODITY,AP,AP,AP,CZCE,2612,,,,,,,7195.0,,,8000.0,6500.0,,,8000.0,,,1099.0,134.0,83255.0,,,,,,,,0.11188325225851292,,,,,,,,,,,,,,,,,,,,,,,,,,,,,,False,False,other_month,,,,,,,,,,,,AP612,7195.0,12551.0,13402.0,1340.0,903044450.0,-4e-06,8000.0,7700.0,0.11188325225851292,-0.09659485753995833,0.11188325225851292,0.07018763029881869,895.0,204.0,0.6287534121929026,1500.0,0.20847810979847117,amount_wall,7700.0,0.07018763029881869,below_price_wall,,,,,,,,,,,,,,,,,,,,,,,,,,,,,,,,,,,,,,,,,,,,,,,,,,,,,,,,,,
2026-09-28,COMMODITY,COMMODITY,AP,AP,AP,CZCE,2701,,,,,,,6986.0,,,8800.0,6400.0,,,8000.0,,,31754.0,22355.0,29137115.0,,,,,,,,0.14514743773260808,,,,,,,,,,,,,,,,,,,,,,,,,,,,,,False,False,other_month,,,,,,,,,,,,AP701,6986.0,133336.0,147855.0,9964.0,9345520200.0,-0.000194,7100.0,7100.0,0.25966218150586884,-0.08388204981391356,0.016318350987689634,0.016318350987689634,20735.0,11019.0,0.3059771997228696,2400.0,0.3435442313197824,volume_wall,7100.0,0.016318350987689634,below_price_wall,,,,,,,,,,,,,,,,,,,,,,,,,,,,,,,,,,,,,,,,,,,,,,,,,,,,,,,,,,
2026-09-28,COMMODITY,COMMODITY,AP,AP,AP,CZCE,2703,,,,,,,6888.0,,,8000.0,6600.0,,,6800.0,,,620.0,100.0,339210.0,,,,,,,,-0.012775842044134733,,,,,,,,,,,,,,,,,,,,,,,,,,,,,,False,False,other_month,,,,,,,,,,,,AP703,6888.0,7494.0,14018.0,662.0,521957100.0,-0.000275,6800.0,6800.0,0.16144018583042974,-0.04181184668989546,-0.012775842044134733,-0.012775842044134733,326.0,294.0,0.05161290322580645,1400.0,0.2032520325203252,price_wall,6800.0,-0.012775842044134733,above_price_wall,,,,,,,,,,,,,,,,,,,,,,,,,,,,,,,,,,,,,,,,,,,,,,,,,,,,,,,,,,
2026-09-28,COMMODITY,COMMODITY,AP,AP,AP,CZCE,2705,,,,,,,7014.0,,,8200.0,6400.0,,,6400.0,,,491.0,165.0,259065.0,,,,,,,,-0.08753920729968634,,,,,,,,,,,,,,,,,,,,,,,,,,,,,,False,False,other_month,,,,,,,,,,,,AP705,7014.0,3208.0,8683.0,770.0,226516880.0,-0.000243,6400.0,6400.0,0.16909039064727693,-0.08753920729968634,-0.08753920729968634,-0.08753920729968634,273.0,218.0,0.1120162932790224,1800.0,0.2566295979469632,put_oi_wall,6400.0,-0.08753920729968634,above_price_wall,,,,,,,,,,,,,,,,,,,,,,,,,,,,,,,,,,,,,,,,,,,,,,,,,,,,,,,,,,
2026-09-28,COMMODITY,COMMODITY,CF,CF,CF,CZCE,2611,,,,,,,15775.0,,,17000.0,16000.0,,,16000.0,,,219306.0,256163.0,112239075.0,,,,,,,,0.014263074484944571,,,,,,,,,,,,,,,,,,,,,,,,,,,,,,False,False,other_month,,,,,,,,,,,,CF611,15775.0,66644.0,201070.0,-11502.0,5268208200.0,0.00012200000000000001,16000.0,16000.0,0.07765451664025358,0.014263074484944571,0.014263074484944571,0.014263074484944571,154583.0,64723.0,0.4097471113421429,1000.0,0.06339144215530904,put_oi_wall,16000.0,0.014263074484944571,below_price_wall,,,,,,,,,,,,,,,,,,,,,,,,,,,,,,,,,,,,,,,,,,,,,,,,,,,,,,,,,,
2026-09-28,COMMODITY,COMMODITY,CF,CF,CF,CZCE,2701,,,,,,,16000.0,,,17000.0,15800.0,,,17000.0,,,365621.0,178853.0,167136005.0,,,,,,,,0.0625,,,,,,,,,,,,,,,,,,,,,,,,,,,,,,False,False,other_month,,,,,,,,,,,,CF701,16000.0,400164.0,543129.0,-4017.0,32083149000.0,0.000101,17000.0,16000.0,0.0625,-0.012499999999999956,0.0625,0.0,196715.0,168906.0,0.0760596355242177,1200.0,0.075,amount_wall,16000.0,0.0,below_price_wall,,,,,,,,,,,,,,,,,,,,,,,,,,,,,,,,,,,,,,,,,,,,,,,,,,,,,,,,,,
2026-09-28,COMMODITY,COMMODITY,CF,CF,CF,CZCE,2703,,,,,,,15915.0,,,17400.0,14600.0,,,15000.0,,,40342.0,15775.0,23236520.0,,,,,,,,-0.057492931196983954,,,,,,,,,,,,,,,,,,,,,,,,,,,,,,False,False,other_month,,,,,,,,,,,,CF703,15915.0,43173.0,85154.0,941.0,3440888100.0,9.8e-05,15000.0,15000.0,0.09330819981149863,-0.0826264530317311,-0.057492931196983954,-0.057492931196983954,19746.0,20596.0,-0.02106985275891131,2800.0,0.17593465284322965,price_wall,15000.0,-0.057492931196983954,above_price_wall,,,,,,,,,,,,,,,,,,,,,,,,,,,,,,,,,,,,,,,,,,,,,,,,,,,,,,,,,,
2026-09-28,COMMODITY,COMMODITY,CF,CF,CF,CZCE,2705,,,,,,,15830.0,,,16600.0,14400.0,,,16600.0,,,5603.0,666.0,915780.0,,,,,,,,0.04864181933038525,,,,,,,,,,,,,,,,,,,,,,,,,,,,,,False,False,other_month,,,,,,,,,,,,CF705,15830.0,32007.0,87427.0,925.0,2537355000.0,9.599999999999999e-05,18600.0,18600.0,0.04864181933038525,-0.09033480732785848,0.1749842072015162,0.1749842072015162,3369.0,2234.0,0.20257005175798679,2200.0,0.13897662665824384,call_oi_wall,16600.0,0.04864181933038525,below_price_wall,,,,,,,,,,,,,,,,,,,,,,,,,,,,,,,,,,,,,,,,,,,,,,,,,,,,,,,,,,
2026-09-28,COMMODITY,COMMODITY,CJ,CJ,CJ,CZCE,2612,,,,,,,6875.0,,,8000.0,6400.0,,,8000.0,,,50098.0,30390.0,17874265.0,,,,,,,,0.16363636363636358,,,,,,,,,,,,,,,,,,,,,,,,,,,,,,False,False,other_month,,,,,,,,,,,,CJ612,6875.0,29525.0,29589.0,-61.0,1023779400.0,-0.000269,8000.0,7300.0,0.16363636363636358,-0.06909090909090909,0.16363636363636358,0.06181818181818177,36701.0,13397.0,0.4651682701904268,1600.0,0.23272727272727273,amount_wall,7300.0,0.06181818181818177,below_price_wall,,,,,,,,,,,,,,,,,,,,,,,,,,,,,,,,,,,,,,,,,,,,,,,,,,,,,,,,,,
2026-09-28,COMMODITY,COMMODITY,CJ,CJ,CJ,CZCE,2701,,,,,,,7055.0,,,9000.0,7200.0,,,8000.0,,,81019.0,37773.0,35239580.0,,,,,,,,0.13394755492558463,,,,,,,,,,,,,,,,,,,,,,,,,,,,,,False,False,other_month,,,,,,,,,,,,CJ701,7055.0,197650.0,247257.0,-1750.0,7056105000.0,-0.000289,7200.0,7200.0,0.2756909992912828,0.020552799433026125,0.020552799433026125,0.020552799433026125,58440.0,22579.0,0.4426245695454153,1800.0,0.25513819985825653,put_oi_wall,7200.0,0.020552799433026125,below_price_wall,,,,,,,,,,,,,,,,,,,,,,,,,,,,,,,,,,,,,,,,,,,,,,,,,,,,,,,,,,
2026-09-28,COMMODITY,COMMODITY,CJ,CJ,CJ,CZCE,2703,,,,,,,7095.0,,,7400.0,6800.0,,,7400.0,,,2043.0,710.0,692750.0,,,,,,,,0.04298801973220567,,,,,,,,,,,,,,,,,,,,,,,,,,,,,,False,False,other_month,,,,,,,,,,,,CJ703,7095.0,23360.0,26852.0,618.0,836872000.0,-0.000274,7300.0,7300.0,0.04298801973220567,-0.041578576462297345,0.028893587033121948,0.028893587033121948,1480.0,563.0,0.4488497307880568,600.0,0.08456659619450317,volume_wall,7300.0,0.028893587033121948,below_price_wall,,,,,,,,,,,,,,,,,,,,,,,,,,,,,,,,,,,,,,,,,,,,,,,,,,,,,,,,,,
2026-09-28,COMMODITY,COMMODITY,CJ,CJ,CJ,CZCE,2705,,,,,,,7250.0,,,10600.0,6800.0,,,6800.0,,,8554.0,1374.0,1486350.0,,,,,,,,-0.06206896551724139,,,,,,,,,,,,,,,,,,,,,,,,,,,,,,False,False,other_month,,,,,,,,,,,,CJ705,7250.0,20448.0,48764.0,495.0,749930400.0,-0.000268,6800.0,6800.0,0.4620689655172414,-0.06206896551724139,-0.06206896551724139,-0.06206896551724139,6565.0,1989.0,0.5349544072948328,3800.0,0.5241379310344828,put_oi_wall,6800.0,-0.06206896551724139,above_price_wall,,,,,,,,,,,,,,,,,,,,,,,,,,,,,,,,,,,,,,,,,,,,,,,,,,,,,,,,,,
2026-09-28,COMMODITY,COMMODITY,FG,FG,FG,CZCE,2611,,,,,,,877.0,,,1000.0,850.0,,,900.0,,,325876.0,267434.0,42870850.0,,,,,,,,0.026225769669327326,,,,,,,,,,,,,,,,,,,,,,,,,,,,,,False,False,other_month,,,,,,,,,,,,FG611,877.0,99799.0,250517.0,-10870.0,1762450300.0,-0.000245,880.0,880.0,0.1402508551881414,-0.030786773090079822,0.003420752565564511,0.003420752565564511,241888.0,83988.0,0.48454013182928474,150.0,0.17103762827822122,volume_wall,880.0,0.003420752565564511,below_price_wall,,,,,,,,,,,,,,,,,,,,,,,,,,,,,,,,,,,,,,,,,,,,,,,,,,,,,,,,,,
2026-09-28,COMMODITY,COMMODITY,FG,FG,FG,CZCE,2612,,,,,,,905.0,,,1100.0,850.0,,,1100.0,,,23958.0,11930.0,2929780.0,,,,,,,,0.2154696132596685,,,,,,,,,,,,,,,,,,,,,,,,,,,,,,False,False,other_month,,,,,,,,,,,,FG612,905.0,97452.0,112538.0,3101.0,1769728300.0,-0.000279,850.0,910.0,0.2154696132596685,-0.06077348066298338,-0.06077348066298338,0.005524861878453136,16146.0,7812.0,0.3478587528174305,250.0,0.27624309392265195,amount_wall,910.0,0.005524861878453136,below_price_wall,,,,,,,,,,,,,,,,,,,,,,,,,,,,,,,,,,,,,,,,,,,,,,,,,,,,,,,,,,
2026-09-28,COMMODITY,COMMODITY,FG,FG,FG,CZCE,2701,,,,,,,893.0,,,1480.0,830.0,,,1000.0,,,288855.0,87014.0,37229600.0,,,,,,,,0.11982082866741317,,,,,,,,,,,,,,,,,,,,,,,,,,,,,,False,False,other_month,,,,,,,,,,,,FG701,893.0,1065406.0,1246772.0,89832.0,19092076000.0,-0.000283,900.0,900.0,0.6573348264277716,-0.07054871220604708,0.007838745800671898,0.007838745800671898,191489.0,97366.0,0.3258486091637673,650.0,0.7278835386338186,volume_wall,900.0,0.007838745800671898,below_price_wall,,,,,,,,,,,,,,,,,,,,,,,,,,,,,,,,,,,,,,,,,,,,,,,,,,,,,,,,,,
2026-09-28,COMMODITY,COMMODITY,FG,FG,FG,CZCE,2702,,,,,,,930.0,,,930.0,1100.0,,,1120.0,,,298.0,33.0,42570.0,,,,,,,,0.20430107526881724,,,,,,,,,,,,,,,,,,,,,,,,,,,,,,False,False,other_month,,,,,,,,,,,,FG702,930.0,27082.0,108686.0,763.0,505891760.0,-0.000272,1120.0,1120.0,0.0,0.18279569892473124,0.20430107526881724,0.20430107526881724,198.0,100.0,0.3288590604026846,-170.0,-0.1827956989247312,call_oi_wall,930.0,0.0,below_price_wall,,,,,,,,,,,,,,,,,,,,,,,,,,,,,,,,,,,,,,,,,,,,,,,,,,,,,,,,,,
2026-09-28,COMMODITY,COMMODITY,FG,FG,FG,CZCE,2703,,,,,,,919.0,,,940.0,850.0,,,860.0,,,1305.0,146.0,70850.0,,,,,,,,-0.06420021762785633,,,,,,,,,,,,,,,,,,,,,,,,,,,,,,False,False,other_month,,,,,,,,,,,,FG703,919.0,53616.0,151153.0,7581.0,990823680.0,-0.000306,830.0,860.0,0.02285092491838947,-0.07508161044613715,-0.09684439608269857,-0.06420021762785633,506.0,799.0,-0.22452107279693487,90.0,0.09793253536452666,call_oi_wall,940.0,0.02285092491838947,above_price_wall,,,,,,,,,,,,,,,,,,,,,,,,,,,,,,,,,,,,,,,,,,,,,,,,,,,,,,,,,,
2026-09-28,COMMODITY,COMMODITY,FG,FG,FG,CZCE,2705,,,,,,,965.0,,,1280.0,1280.0,,,1280.0,,,2023.0,277.0,100150.0,,,,,,,,0.3264248704663213,,,,,,,,,,,,,,,,,,,,,,,,,,,,,,False,False,other_month,,,,,,,,,,,,FG705,965.0,20102.0,79446.0,640.0,389174720.0,-0.00020299999999999997,1280.0,1280.0,0.3264248704663213,0.3264248704663213,0.3264248704663213,0.3264248704663213,1520.0,503.0,0.5027187345526446,0.0,0.0,call_oi_wall,1280.0,0.3264248704663213,below_price_wall,,,,,,,,,,,,,,,,,,,,,,,,,,,,,,,,,,,,,,,,,,,,,,,,,,,,,,,,,,
2026-09-28,COMMODITY,COMMODITY,MA,MA,MA,CZCE,2611,,,,,,,3249.0,,,3650.0,2800.0,,,3000.0,,,693501.0,1340905.0,745636075.0,,,,,,,,-0.07663896583564178,,,,,,,,,,,,,,,,,,,,,,,,,,,,,,False,False,other_month,,,,,,,,,,,,MA611,3249.0,1381285.0,488174.0,33588.0,44656944000.0,0.000471,3400.0,3400.0,0.12342259156663582,-0.13819636811326563,0.04647583871960603,0.04647583871960603,213105.0,480396.0,-0.3854226598087097,850.0,0.2616189596799015,volume_wall,3400.0,0.04647583871960603,above_price_wall,,,,,,,,,,,,,,,,,,,,,,,,,,,,,,,,,,,,,,,,,,,,,,,,,,,,,,,,,,
2026-09-28,COMMODITY,COMMODITY,MA,MA,MA,CZCE,2612,,,,,,,3060.0,,,3450.0,2125.0,,,3450.0,,,31107.0,36286.0,34576865.0,,,,,,,,0.12745098039215685,,,,,,,,,,,,,,,,,,,,,,,,,,,,,,False,False,other_month,,,,,,,,,,,,MA612,3060.0,157716.0,172958.0,8235.0,4805606500.0,0.00032,3450.0,3000.0,0.12745098039215685,-0.3055555555555556,0.12745098039215685,-0.019607843137254943,11921.0,19186.0,-0.23354871893785964,1325.0,0.43300653594771243,amount_wall,3000.0,-0.019607843137254943,below_price_wall,,,,,,,,,,,,,,,,,,,,,,,,,,,,,,,,,,,,,,,,,,,,,,,,,,,,,,,,,,
2026-09-28,COMMODITY,COMMODITY,MA,MA,MA,CZCE,2701,,,,,,,2941.0,,,3000.0,2500.0,,,2500.0,,,118124.0,35869.0,35474655.0,,,,,,,,-0.14994899693981634,,,,,,,,,,,,,,,,,,,,,,,,,,,,,,False,False,other_month,,,,,,,,,,,,MA701,2941.0,604302.0,695123.0,-11570.0,17730221000.0,0.000169,2500.0,3200.0,0.020061203672220307,-0.14994899693981634,-0.14994899693981634,0.08806528391703505,41502.0,76622.0,-0.2973146862618943,500.0,0.17001020061203673,call_oi_wall,3000.0,0.020061203672220307,above_price_wall,,,,,,,,,,,,,,,,,,,,,,,,,,,,,,,,,,,,,,,,,,,,,,,,,,,,,,,,,,
2026-09-28,COMMODITY,COMMODITY,MA,MA,MA,CZCE,2702,,,,,,,2840.0,,,3150.0,2550.0,,,3250.0,,,1952.0,180.0,177475.0,,,,,,,,0.1443661971830985,,,,,,,,,,,,,,,,,,,,,,,,,,,,,,False,False,other_month,,,,,,,,,,,,MA702,2840.0,31215.0,106207.0,-4872.0,885569550.0,7.400000000000001e-05,3250.0,3250.0,0.10915492957746475,-0.102112676056338,0.1443661971830985,0.1443661971830985,1236.0,716.0,0.26639344262295084,600.0,0.2112676056338028,put_oi_wall,2550.0,-0.102112676056338,below_price_wall,,,,,,,,,,,,,,,,,,,,,,,,,,,,,,,,,,,,,,,,,,,,,,,,,,,,,,,,,,
2026-09-28,COMMODITY,COMMODITY,MA,MA,MA,CZCE,2703,,,,,,,2763.0,,,3000.0,2300.0,,,3000.0,,,3379.0,28.0,25540.0,,,,,,,,0.08577633007600438,,,,,,,,,,,,,,,,,,,,,,,,,,,,,,False,False,other_month,,,,,,,,,,,,MA703,2763.0,28522.0,152197.0,-2325.0,787492420.0,3.6e-05,3100.0,3100.0,0.08577633007600438,-0.1675714802750633,0.12196887441187121,0.12196887441187121,1383.0,1996.0,-0.18141461970997336,700.0,0.2533478103510677,call_oi_wall,3000.0,0.08577633007600438,below_price_wall,,,,,,,,,,,,,,,,,,,,,,,,,,,,,,,,,,,,,,,,,,,,,,,,,,,,,,,,,,
2026-09-28,COMMODITY,COMMODITY,MA,MA,MA,CZCE,2705,,,,,,,2657.0,,,2850.0,2400.0,,,2850.0,,,2652.0,42.0,101125.0,,,,,,,,0.07263831388784348,,,,,,,,,,,,,,,,,,,,,,,,,,,,,,False,False,other_month,,,,,,,,,,,,MA705,2657.0,14235.0,72829.0,1341.0,378223950.0,3.4e-05,2650.0,2550.0,0.07263831388784348,-0.09672563041023707,-0.0026345502446367686,-0.04027098231087689,1400.0,1252.0,0.05580693815987934,450.0,0.16936394429808055,volume_wall,2650.0,-0.0026345502446367686,below_price_wall,,,,,,,,,,,,,,,,,,,,,,,,,,,,,,,,,,,,,,,,,,,,,,,,,,,,,,,,,,
2026-09-28,COMMODITY,COMMODITY,OI,OI,OI,CZCE,2611,,,,,,,10271.0,,,11400.0,10000.0,,,10000.0,,,56327.0,47942.0,17895380.0,,,,,,,,-0.026384967383896396,,,,,,,,,,,,,,,,,,,,,,,,,,,,,,False,False,other_month,,,,,,,,,,,,OI611,10271.0,49858.0,160774.0,-9887.0,5137368300.0,-0.000142,10000.0,10400.0,0.10992113718235808,-0.026384967383896396,-0.026384967383896396,0.01255963392074766,28706.0,27621.0,0.01926252063841497,1400.0,0.1363061045662545,amount_wall,10400.0,0.01255963392074766,above_price_wall,,,,,,,,,,,,,,,,,,,,,,,,,,,,,,,,,,,,,,,,,,,,,,,,,,,,,,,,,,
2026-09-28,COMMODITY,COMMODITY,OI,OI,OI,CZCE,2701,,,,,,,10110.0,,,11400.0,9800.0,,,11400.0,,,39295.0,7525.0,8134310.0,,,,,,,,0.12759643916913954,,,,,,,,,,,,,,,,,,,,,,,,,,,,,,False,False,other_month,,,,,,,,,,,,OI701,10110.0,185618.0,280142.0,-11217.0,18810528000.0,-0.000123,11400.0,10600.0,0.12759643916913954,-0.030662710187932762,0.12759643916913954,0.048466864490603445,15004.0,24291.0,-0.23634050133604784,1600.0,0.1582591493570722,put_oi_wall,9800.0,-0.030662710187932762,below_price_wall,,,,,,,,,,,,,,,,,,,,,,,,,,,,,,,,,,,,,,,,,,,,,,,,,,,,,,,,,,
2026-09-28,COMMODITY,COMMODITY,OI,OI,OI,CZCE,2703,,,,,,,9973.0,,,11400.0,9100.0,,,10400.0,,,5842.0,152.0,323050.0,,,,,,,,0.04281560212573954,,,,,,,,,,,,,,,,,,,,,,,,,,,,,,False,False,other_month,,,,,,,,,,,,OI703,9973.0,13832.0,48228.0,-534.0,1382231800.0,-8.999999999999999e-05,10400.0,10400.0,0.14308633309936836,-0.0875363481399779,0.04281560212573954,0.04281560212573954,2373.0,3469.0,-0.18760698390962,2300.0,0.23062268123934623,price_wall,10400.0,0.04281560212573954,below_price_wall,,,,,,,,,,,,,,,,,,,,,,,,,,,,,,,,,,,,,,,,,,,,,,,,,,,,,,,,,,
2026-09-28,COMMODITY,COMMODITY,OI,OI,OI,CZCE,2705,,,,,,,9872.0,,,11200.0,8600.0,,,10800.0,,,1407.0,436.0,1289945.0,,,,,,,,0.09400324149108585,,,,,,,,,,,,,,,,,,,,,,,,,,,,,,False,False,other_month,,,,,,,,,,,,OI705,9872.0,11398.0,49177.0,984.0,1128174040.0,-0.00011599999999999999,11200.0,10800.0,0.1345218800648298,-0.1288492706645057,0.1345218800648298,0.09400324149108585,610.0,797.0,-0.13290689410092396,2600.0,0.2633711507293355,price_wall,10800.0,0.09400324149108585,below_price_wall,,,,,,,,,,,,,,,,,,,,,,,,,,,,,,,,,,,,,,,,,,,,,,,,,,,,,,,,,,
2026-09-28,COMMODITY,COMMODITY,PF,PF,PF,CZCE,2611,,,,,,,8250.0,,,8600.0,7000.0,,,8300.0,,,7865.0,4313.0,2623360.0,,,,,,,,0.0060606060606061,,,,,,,,,,,,,,,,,,,,,,,,,,,,,,False,False,other_month,,,,,,,,,,,,PF611,8250.0,166368.0,186625.0,-11102.0,6842716000.0,4.9e-05,8300.0,8300.0,0.042424242424242475,-0.1515151515151515,0.0060606060606061,0.0060606060606061,3262.0,4603.0,-0.1705022250476796,1600.0,0.19393939393939394,price_wall,8300.0,0.0060606060606061,below_price_wall,,,,,,,,,,,,,,,,,,,,,,,,,,,,,,,,,,,,,,,,,,,,,,,,,,,,,,,,,,
2026-09-28,COMMODITY,COMMODITY,PF,PF,PF,CZCE,2612,,,,,,,8046.0,,,8600.0,8000.0,,,8000.0,,,4117.0,1611.0,1866127.0,,,,,,,,-0.005717126522495675,,,,,,,,,,,,,,,,,,,,,,,,,,,,,,False,False,other_month,,,,,,,,,,,,PF612,8046.0,85812.0,62648.0,7201.0,3442777500.0,2.7000000000000002e-05,8000.0,8000.0,0.06885408898831713,-0.005717126522495675,-0.005717126522495675,-0.005717126522495675,2103.0,2014.0,0.02161768277872237,600.0,0.07457121551081283,put_oi_wall,8000.0,-0.005717126522495675,above_price_wall,,,,,,,,,,,,,,,,,,,,,,,,,,,,,,,,,,,,,,,,,,,,,,,,,,,,,,,,,,
2026-09-28,COMMODITY,COMMODITY,PF,PF,PF,CZCE,2701,,,,,,,7848.0,,,9100.0,7500.0,,,7500.0,,,2561.0,324.0,527622.0,,,,,,,,-0.04434250764525993,,,,,,,,,,,,,,,,,,,,,,,,,,,,,,False,False,other_month,,,,,,,,,,,,PF701,7848.0,21984.0,33354.0,-490.0,861113300.0,1.5e-05,8000.0,8000.0,0.15953109072375127,-0.04434250764525993,0.019367991845056,0.019367991845056,1245.0,1316.0,-0.027723545490042953,1600.0,0.2038735983690112,volume_wall,8000.0,0.019367991845056,above_price_wall,,,,,,,,,,,,,,,,,,,,,,,,,,,,,,,,,,,,,,,,,,,,,,,,,,,,,,,,,,
2026-09-28,COMMODITY,COMMODITY,PK,PK,PK,CZCE,2611,,,,,,,7956.0,,,8300.0,7800.0,,,7800.0,,,84577.0,32919.0,5324228.0,,,,,,,,-0.019607843137254943,,,,,,,,,,,,,,,,,,,,,,,,,,,,,,False,False,other_month,,,,,,,,,,,,PK611,7956.0,99529.0,162369.0,-5558.0,3972202400.0,-5.3e-05,7800.0,7900.0,0.043237807943690365,-0.019607843137254943,-0.019607843137254943,-0.007038712921065837,49540.0,35037.0,0.17147687905695402,500.0,0.0628456510809452,amount_wall,7900.0,-0.007038712921065837,above_price_wall,,,,,,,,,,,,,,,,,,,,,,,,,,,,,,,,,,,,,,,,,,,,,,,,,,,,,,,,,,
2026-09-28,COMMODITY,COMMODITY,PK,PK,PK,CZCE,2612,,,,,,,8040.0,,,9000.0,7600.0,,,8500.0,,,30003.0,5397.0,1636018.0,,,,,,,,0.05721393034825861,,,,,,,,,,,,,,,,,,,,,,,,,,,,,,False,False,other_month,,,,,,,,,,,,PK612,8040.0,59252.0,76305.0,1887.0,2388448100.0,-5e-05,8500.0,8000.0,0.11940298507462677,-0.05472636815920395,0.05721393034825861,-0.00497512437810943,16846.0,13157.0,0.12295437122954371,1400.0,0.17412935323383086,amount_wall,8000.0,-0.00497512437810943,below_price_wall,,,,,,,,,,,,,,,,,,,,,,,,,,,,,,,,,,,,,,,,,,,,,,,,,,,,,,,,,,
2026-09-28,COMMODITY,COMMODITY,PK,PK,PK,CZCE,2701,,,,,,,8124.0,,,8900.0,7800.0,,,7800.0,,,6561.0,2678.0,1950989.0,,,,,,,,-0.03988183161004433,,,,,,,,,,,,,,,,,,,,,,,,,,,,,,False,False,other_month,,,,,,,,,,,,PK701,8124.0,6368.0,26563.0,46.0,259241280.0,-3.7000000000000005e-05,7800.0,7800.0,0.09551944854751349,-0.03988183161004433,-0.03988183161004433,-0.03988183161004433,2654.0,3907.0,-0.19097698521566833,1100.0,0.13540128015755784,put_oi_wall,7800.0,-0.03988183161004433,above_price_wall,,,,,,,,,,,,,,,,,,,,,,,,,,,,,,,,,,,,,,,,,,,,,,,,,,,,,,,,,,
2026-09-28,COMMODITY,COMMODITY,PL,PL,PL,CZCE,2611,,,,,,,9042.0,,,10400.0,7500.0,,,9000.0,,,1798.0,1165.0,2734810.0,,,,,,,,-0.004644990046449915,,,,,,,,,,,,,,,,,,,,,,,,,,,,,,False,False,other_month,,,,,,,,,,,,PL611,9042.0,39434.0,17305.0,-2430.0,7076825600.0,0.000246,10400.0,9000.0,0.1501880115018801,-0.1705374917053749,0.1501880115018801,-0.004644990046449915,826.0,972.0,-0.08120133481646273,2900.0,0.320725503207255,price_wall,9000.0,-0.004644990046449915,near_price_wall,,,,,,,,,,,,,,,,,,,,,,,,,,,,,,,,,,,,,,,,,,,,,,,,,,,,,,,,,,
2026-09-28,COMMODITY,COMMODITY,PL,PL,PL,CZCE,2612,,,,,,,8632.0,,,9000.0,8000.0,,,9000.0,,,72.0,0.0,0.0,,,,,,,,0.04263206672845232,,,,,,,,,,,,,,,,,,,,,,,,,,,,,,False,False,other_month,,,,,,,,,,,,PL612,8632.0,14435.0,11484.0,520.0,2460301400.0,0.00029600000000000004,6700.0,6700.0,0.04263206672845232,-0.07321594068582016,-0.22381835032437447,-0.22381835032437447,34.0,38.0,-0.05555555555555555,1000.0,0.11584800741427248,call_oi_wall,9000.0,0.04263206672845232,below_price_wall,,,,,,,,,,,,,,,,,,,,,,,,,,,,,,,,,,,,,,,,,,,,,,,,,,,,,,,,,,
2026-09-28,COMMODITY,COMMODITY,PR,PR,PR,CZCE,2611,,,,,,,8136.0,,,8000.0,7800.0,,,8000.0,,,2981.0,554.0,833299.0,,,,,,,,-0.01671583087512296,,,,,,,,,,,,,,,,,,,,,,,,,,,,,,False,False,other_month,,,,,,,,,,,,PR611,8136.0,51507.0,45899.0,-3626.0,6273552600.0,4.7000000000000004e-05,7900.0,7900.0,-0.01671583087512296,-0.041297935103244865,-0.029006882989183858,-0.029006882989183858,1733.0,1248.0,0.16269708151626971,200.0,0.024582104228121928,call_oi_wall,8000.0,-0.01671583087512296,above_price_wall,,,,,,,,,,,,,,,,,,,,,,,,,,,,,,,,,,,,,,,,,,,,,,,,,,,,,,,,,,
2026-09-28,COMMODITY,COMMODITY,PR,PR,PR,CZCE,2612,,,,,,,7834.0,,,8700.0,7700.0,,,7700.0,,,606.0,0.0,0.0,,,,,,,,-0.017104927240234824,,,,,,,,,,,,,,,,,,,,,,,,,,,,,,False,False,other_month,,,,,,,,,,,,PR612,7834.0,22283.0,19444.0,-1800.0,2617138400.0,8e-06,6100.0,6100.0,0.11054378350778649,-0.017104927240234824,-0.2213428644370692,-0.2213428644370692,340.0,266.0,0.12211221122112212,1000.0,0.12764871074802145,put_oi_wall,7700.0,-0.017104927240234824,above_price_wall,,,,,,,,,,,,,,,,,,,,,,,,,,,,,,,,,,,,,,,,,,,,,,,,,,,,,,,,,,
2026-09-28,COMMODITY,COMMODITY,PR,PR,PR,CZCE,2701,,,,,,,7600.0,,,8500.0,7500.0,,,6800.0,,,85.0,1.0,1020.0,,,,,,,,-0.10526315789473684,,,,,,,,,,,,,,,,,,,,,,,,,,,,,,False,False,other_month,,,,,,,,,,,,PR701,7600.0,2407.0,9301.0,-61.0,273820320.0,0.0,6800.0,6800.0,0.11842105263157898,-0.013157894736842146,-0.10526315789473684,-0.10526315789473684,45.0,40.0,0.058823529411764705,1000.0,0.13157894736842105,put_oi_wall,7500.0,-0.013157894736842146,above_price_wall,,,,,,,,,,,,,,,,,,,,,,,,,,,,,,,,,,,,,,,,,,,,,,,,,,,,,,,,,,
2026-09-28,COMMODITY,COMMODITY,PX,PX,PX,CZCE,2611,,,,,,,9292.0,,,9500.0,9000.0,,,9200.0,,,475725.0,2115400.0,183727895.0,,,,,,,,-0.00990099009900991,,,,,,,,,,,,,,,,,,,,,,,,,,,,,,False,False,other_month,,,,,,,,,,,,PX611,9292.0,201357.0,139753.0,-10572.0,9340951000.0,-1.7e-05,9300.0,9300.0,0.02238484718037026,-0.03142488161859669,0.0008609556607834801,0.0008609556607834801,182214.0,293511.0,-0.23395238845971938,500.0,0.05380972879896685,volume_wall,9300.0,0.0008609556607834801,above_price_wall,,,,,,,,,,,,,,,,,,,,,,,,,,,,,,,,,,,,,,,,,,,,,,,,,,,,,,,,,,
2026-09-28,COMMODITY,COMMODITY,PX,PX,PX,CZCE,2612,,,,,,,9062.0,,,9800.0,8100.0,,,9800.0,,,6484.0,2090.0,1805553.0,,,,,,,,0.08143897594350036,,,,,,,,,,,,,,,,,,,,,,,,,,,,,,False,False,other_month,,,,,,,,,,,,PX612,9062.0,62779.0,54575.0,2701.0,2837610800.0,7e-06,9800.0,9800.0,0.08143897594350036,-0.10615758110792317,0.08143897594350036,0.08143897594350036,3272.0,3212.0,0.009253547193090685,1700.0,0.18759655705142353,call_oi_wall,9800.0,0.08143897594350036,below_price_wall,,,,,,,,,,,,,,,,,,,,,,,,,,,,,,,,,,,,,,,,,,,,,,,,,,,,,,,,,,
2026-09-28,COMMODITY,COMMODITY,PX,PX,PX,CZCE,2701,,,,,,,8840.0,,,9900.0,7600.0,,,8100.0,,,2602.0,13.0,11538.0,,,,,,,,-0.08371040723981904,,,,,,,,,,,,,,,,,,,,,,,,,,,,,,False,False,other_month,,,,,,,,,,,,PX701,8840.0,23807.0,61739.0,-355.0,1049888700.0,-1.1000000000000001e-05,8100.0,8100.0,0.11990950226244346,-0.14027149321266963,-0.08371040723981904,-0.08371040723981904,1584.0,1018.0,0.2175249807840123,2300.0,0.26018099547511314,price_wall,8100.0,-0.08371040723981904,above_price_wall,,,,,,,,,,,,,,,,,,,,,,,,,,,,,,,,,,,,,,,,,,,,,,,,,,,,,,,,,,
2026-09-28,COMMODITY,COMMODITY,PX,PX,PX,CZCE,2702,,,,,,,8654.0,,,9000.0,8700.0,,,8400.0,,,203.0,4.0,12890.0,,,,,,,,-0.029350589322856502,,,,,,,,,,,,,,,,,,,,,,,,,,,,,,False,False,other_month,,,,,,,,,,,,PX702,8654.0,1929.0,20247.0,235.0,83390670.0,-1.1999999999999999e-05,8400.0,8400.0,0.03998151143979656,0.005315461058470028,-0.029350589322856502,-0.029350589322856502,160.0,43.0,0.5763546798029556,300.0,0.03466605038132656,put_oi_wall,8700.0,0.005315461058470028,above_price_wall,,,,,,,,,,,,,,,,,,,,,,,,,,,,,,,,,,,,,,,,,,,,,,,,,,,,,,,,,,
2026-09-28,COMMODITY,COMMODITY,RM,RM,RM,CZCE,2611,,,,,,,2281.0,,,2650.0,2200.0,,,2400.0,,,161682.0,137343.0,22053465.0,,,,,,,,0.052170100832968025,,,,,,,,,,,,,,,,,,,,,,,,,,,,,,False,False,other_month,,,,,,,,,,,,RM611,2281.0,358931.0,376405.0,-38174.0,8276948900.0,-0.000181,2400.0,2300.0,0.16177115300306877,-0.03551074090311268,0.052170100832968025,0.008329679964927728,95696.0,65986.0,0.18375576749421704,450.0,0.1972818939061815,amount_wall,2300.0,0.008329679964927728,below_price_wall,,,,,,,,,,,,,,,,,,,,,,,,,,,,,,,,,,,,,,,,,,,,,,,,,,,,,,,,,,
2026-09-28,COMMODITY,COMMODITY,RM,RM,RM,CZCE,2701,,,,,,,2315.0,,,2650.0,2200.0,,,2650.0,,,93400.0,28438.0,10164290.0,,,,,,,,0.14470842332613398,,,,,,,,,,,,,,,,,,,,,,,,,,,,,,False,False,other_month,,,,,,,,,,,,RM701,2315.0,308525.0,637235.0,6828.0,7210229300.0,-0.000136,2650.0,2325.0,0.14470842332613398,-0.049676025917926525,0.14470842332613398,0.004319654427645814,43302.0,50098.0,-0.07276231263383298,450.0,0.19438444924406048,amount_wall,2325.0,0.004319654427645814,below_price_wall,,,,,,,,,,,,,,,,,,,,,,,,,,,,,,,,,,,,,,,,,,,,,,,,,,,,,,,,,,
2026-09-28,COMMODITY,COMMODITY,RM,RM,RM,CZCE,2703,,,,,,,2296.0,,,2650.0,2050.0,,,2650.0,,,37318.0,6995.0,3753195.0,,,,,,,,0.15418118466898956,,,,,,,,,,,,,,,,,,,,,,,,,,,,,,False,False,other_month,,,,,,,,,,,,RM703,2296.0,79001.0,172992.0,6006.0,1828873200.0,-0.00015,2550.0,2350.0,0.15418118466898956,-0.1071428571428571,0.11062717770034847,0.023519163763066286,11466.0,25852.0,-0.38549761509191277,600.0,0.2613240418118467,amount_wall,2350.0,0.023519163763066286,below_price_wall,,,,,,,,,,,,,,,,,,,,,,,,,,,,,,,,,,,,,,,,,,,,,,,,,,,,,,,,,,
2026-09-28,COMMODITY,COMMODITY,RM,RM,RM,CZCE,2705,,,,,,,2333.0,,,2500.0,2200.0,,,2500.0,,,4387.0,16.0,12420.0,,,,,,,,0.07158165452207466,,,,,,,,,,,,,,,,,,,,,,,,,,,,,,False,False,other_month,,,,,,,,,,,,RM705,2333.0,26105.0,112173.0,-196.0,614250650.0,-0.000152,2500.0,2500.0,0.07158165452207466,-0.057008144020574414,0.07158165452207466,0.07158165452207466,1668.0,2719.0,-0.2395714611351721,300.0,0.12858979854264896,put_oi_wall,2200.0,-0.057008144020574414,below_price_wall,,,,,,,,,,,,,,,,,,,,,,,,,,,,,,,,,,,,,,,,,,,,,,,,,,,,,,,,,,
2026-09-28,COMMODITY,COMMODITY,RM,RM,RM,CZCE,2707,,,,,,,2326.0,,,2600.0,2025.0,,,2025.0,,,983.0,8.0,2400.0,,,,,,,,-0.12940670679277733,,,,,,,,,,,,,,,,,,,,,,,,,,,,,,False,False,other_month,,,,,,,,,,,,RM707,2326.0,1873.0,11326.0,34.0,43884390.0,-0.00014000000000000001,2025.0,2150.0,0.1177987962166811,-0.12940670679277733,-0.12940670679277733,-0.07566638005159076,289.0,694.0,-0.41200406917599186,575.0,0.2472055030094583,amount_wall,2150.0,-0.07566638005159076,above_price_wall,,,,,,,,,,,,,,,,,,,,,,,,,,,,,,,,,,,,,,,,,,,,,,,,,,,,,,,,,,
2026-09-28,COMMODITY,COMMODITY,SA,SA,SA,CZCE,2611,,,,,,,982.0,,,1200.0,950.0,,,1000.0,,,366162.0,387411.0,69996310.0,,,,,,,,0.018329938900203624,,,,,,,,,,,,,,,,,,,,,,,,,,,,,,False,False,other_month,,,,,,,,,,,,SA611,982.0,179045.0,232140.0,-17563.0,3491377600.0,8.2e-05,1000.0,1000.0,0.22199592668024448,-0.03258655804480648,0.018329938900203624,0.018329938900203624,282980.0,83182.0,0.5456546555896025,250.0,0.2545824847250509,price_wall,1000.0,0.018329938900203624,below_price_wall,,,,,,,,,,,,,,,,,,,,,,,,,,,,,,,,,,,,,,,,,,,,,,,,,,,,,,,,,,
2026-09-28,COMMODITY,COMMODITY,SA,SA,SA,CZCE,2612,,,,,,,1009.0,,,1200.0,1000.0,,,1000.0,,,28193.0,23532.0,6194550.0,,,,,,,,-0.008919722497522264,,,,,,,,,,,,,,,,,,,,,,,,,,,,,,False,False,other_month,,,,,,,,,,,,SA612,1009.0,103568.0,135217.0,-1014.0,2079645400.0,7.000000000000001e-05,1100.0,1000.0,0.18929633300297333,-0.008919722497522264,0.09018830525272548,-0.008919722497522264,17653.0,10540.0,0.2522966693860178,200.0,0.19821605550049554,put_oi_wall,1000.0,-0.008919722497522264,above_price_wall,,,,,,,,,,,,,,,,,,,,,,,,,,,,,,,,,,,,,,,,,,,,,,,,,,,,,,,,,,
2026-09-28,COMMODITY,COMMODITY,SA,SA,SA,CZCE,2701,,,,,,,1014.0,,,1560.0,930.0,,,1200.0,,,260963.0,83813.0,34462740.0,,,,,,,,0.18343195266272194,,,,,,,,,,,,,,,,,,,,,,,,,,,,,,False,False,other_month,,,,,,,,,,,,SA701,1014.0,1115984.0,1265826.0,-55784.0,22475918000.0,6e-05,1000.0,1000.0,0.5384615384615385,-0.08284023668639051,-0.013806706114398382,-0.013806706114398382,194593.0,66370.0,0.4913455164142043,630.0,0.621301775147929,volume_wall,1000.0,-0.013806706114398382,below_price_wall,,,,,,,,,,,,,,,,,,,,,,,,,,,,,,,,,,,,,,,,,,,,,,,,,,,,,,,,,,
2026-09-28,COMMODITY,COMMODITY,SA,SA,SA,CZCE,2702,,,,,,,1044.0,,,1220.0,920.0,,,1240.0,,,309.0,39.0,111410.0,,,,,,,,0.1877394636015326,,,,,,,,,,,,,,,,,,,,,,,,,,,,,,False,False,other_month,,,,,,,,,,,,SA702,1044.0,44874.0,97991.0,-3961.0,928891800.0,7.7e-05,1240.0,1240.0,0.1685823754789273,-0.11877394636015326,0.1877394636015326,0.1877394636015326,224.0,85.0,0.44983818770226536,300.0,0.28735632183908044,put_oi_wall,920.0,-0.11877394636015326,below_price_wall,,,,,,,,,,,,,,,,,,,,,,,,,,,,,,,,,,,,,,,,,,,,,,,,,,,,,,,,,,
2026-09-28,COMMODITY,COMMODITY,SA,SA,SA,CZCE,2703,,,,,,,1047.0,,,1200.0,1220.0,,,1320.0,,,1548.0,52.0,208090.0,,,,,,,,0.26074498567335236,,,,,,,,,,,,,,,,,,,,,,,,,,,,,,False,False,other_month,,,,,,,,,,,,SA703,1047.0,95048.0,139750.0,6606.0,1976998400.0,6.7e-05,1320.0,1320.0,0.14613180515759305,0.16523400191021964,0.26074498567335236,0.26074498567335236,682.0,866.0,-0.11886304909560723,-20.0,-0.019102196752626553,call_oi_wall,1200.0,0.14613180515759305,below_price_wall,,,,,,,,,,,,,,,,,,,,,,,,,,,,,,,,,,,,,,,,,,,,,,,,,,,,,,,,,,
2026-09-28,COMMODITY,COMMODITY,SA,SA,SA,CZCE,2705,,,,,,,1073.0,,,1400.0,1060.0,,,1400.0,,,7267.0,207.0,77520.0,,,,,,,,0.3047530288909599,,,,,,,,,,,,,,,,,,,,,,,,,,,,,,False,False,other_month,,,,,,,,,,,,SA705,1073.0,46860.0,137951.0,-1181.0,999055200.0,6.6e-05,1400.0,1400.0,0.3047530288909599,-0.012115563839701804,0.3047530288909599,0.3047530288909599,6432.0,835.0,0.7701940277968901,340.0,0.3168685927306617,put_oi_wall,1060.0,-0.012115563839701804,below_price_wall,,,,,,,,,,,,,,,,,,,,,,,,,,,,,,,,,,,,,,,,,,,,,,,,,,,,,,,,,,
2026-09-28,COMMODITY,COMMODITY,SA,SA,SA,CZCE,2706,,,,,,,1093.0,,,1060.0,1260.0,,,1240.0,,,149.0,10.0,37300.0,,,,,,,,0.1344922232387924,,,,,,,,,,,,,,,,,,,,,,,,,,,,,,False,False,other_month,,,,,,,,,,,,SA706,1093.0,1191.0,5659.0,-688.0,25749420.0,0.00010200000000000001,1240.0,1240.0,-0.03019213174748403,0.1527904849039341,0.1344922232387924,0.1344922232387924,76.0,73.0,0.020134228187919462,-200.0,-0.18298261665141813,call_oi_wall,1060.0,-0.03019213174748403,below_price_wall,,,,,,,,,,,,,,,,,,,,,,,,,,,,,,,,,,,,,,,,,,,,,,,,,,,,,,,,,,
2026-09-28,COMMODITY,COMMODITY,SA,SA,SA,CZCE,2707,,,,,,,1093.0,,,1280.0,1220.0,,,1280.0,,,251.0,3.0,1980.0,,,,,,,,0.17108874656907602,,,,,,,,,,,,,,,,,,,,,,,,,,,,,,False,False,other_month,,,,,,,,,,,,SA707,1093.0,3413.0,8955.0,-1944.0,73993840.0,8.3e-05,1280.0,1280.0,0.17108874656907602,0.11619396157365047,0.17108874656907602,0.17108874656907602,134.0,117.0,0.06772908366533864,60.0,0.05489478499542543,put_oi_wall,1220.0,0.11619396157365047,below_price_wall,,,,,,,,,,,,,,,,,,,,,,,,,,,,,,,,,,,,,,,,,,,,,,,,,,,,,,,,,,
2026-09-28,COMMODITY,COMMODITY,SF,SF,SF,CZCE,2611,,,,,,,6004.0,,,6200.0,5800.0,,,6200.0,,,84455.0,57409.0,11450365.0,,,,,,,,0.03264490339773474,,,,,,,,,,,,,,,,,,,,,,,,,,,,,,False,False,other_month,,,,,,,,,,,,SF611,6004.0,193983.0,255853.0,-7066.0,5825309500.0,0.0,6200.0,6000.0,0.03264490339773474,-0.03397734843437705,0.03264490339773474,-0.0006662225183211579,49831.0,34624.0,0.18006038718844355,400.0,0.06662225183211193,amount_wall,6000.0,-0.0006662225183211579,below_price_wall,,,,,,,,,,,,,,,,,,,,,,,,,,,,,,,,,,,,,,,,,,,,,,,,,,,,,,,,,,
2026-09-28,COMMODITY,COMMODITY,SF,SF,SF,CZCE,2612,,,,,,,5972.0,,,7000.0,5500.0,,,7000.0,,,12889.0,1462.0,343060.0,,,,,,,,0.17213663764233078,,,,,,,,,,,,,,,,,,,,,,,,,,,,,,False,False,other_month,,,,,,,,,,,,SF612,5972.0,34843.0,56196.0,-797.0,1040412000.0,7e-06,7000.0,6100.0,0.17213663764233078,-0.07903549899531148,0.17213663764233078,0.021433355659745468,6655.0,6234.0,0.0326635115214524,1500.0,0.2511721366376423,amount_wall,6100.0,0.021433355659745468,below_price_wall,,,,,,,,,,,,,,,,,,,,,,,,,,,,,,,,,,,,,,,,,,,,,,,,,,,,,,,,,,
2026-09-28,COMMODITY,COMMODITY,SF,SF,SF,CZCE,2701,,,,,,,5948.0,,,6000.0,5900.0,,,6000.0,,,10376.0,1435.0,478100.0,,,,,,,,0.008742434431741719,,,,,,,,,,,,,,,,,,,,,,,,,,,,,,False,False,other_month,,,,,,,,,,,,SF701,5948.0,47532.0,125098.0,6712.0,1414077000.0,1e-05,5700.0,5700.0,0.008742434431741719,-0.00806993947545398,-0.04169468728984538,-0.04169468728984538,5782.0,4594.0,0.11449498843484965,100.0,0.016812373907195696,put_oi_wall,5900.0,-0.00806993947545398,below_price_wall,,,,,,,,,,,,,,,,,,,,,,,,,,,,,,,,,,,,,,,,,,,,,,,,,,,,,,,,,,
2026-09-28,COMMODITY,COMMODITY,SF,SF,SF,CZCE,2702,,,,,,,5896.0,,,7000.0,5500.0,,,5500.0,,,513.0,83.0,57290.0,,,,,,,,-0.06716417910447758,,,,,,,,,,,,,,,,,,,,,,,,,,,,,,False,False,other_month,,,,,,,,,,,,SF702,5896.0,7559.0,35871.0,14.0,222688140.0,1.4e-05,5500.0,5900.0,0.1872455902306649,-0.06716417910447758,-0.06716417910447758,0.0006784260515604323,342.0,171.0,0.3333333333333333,1500.0,0.2544097693351425,amount_wall,5900.0,0.0006784260515604323,above_price_wall,,,,,,,,,,,,,,,,,,,,,,,,,,,,,,,,,,,,,,,,,,,,,,,,,,,,,,,,,,
2026-09-28,COMMODITY,COMMODITY,SH,SH,SH,CZCE,2611,,,,,,,1829.0,,,2000.0,1800.0,,,2000.0,,,125034.0,132745.0,64415460.0,,,,,,,,0.09349371241115367,,,,,,,,,,,,,,,,,,,,,,,,,,,,,,False,False,other_month,,,,,,,,,,,,SH611,1829.0,316291.0,218872.0,9708.0,17402331000.0,-0.00020899999999999998,1800.0,1840.0,0.09349371241115367,-0.01585565882996176,-0.01585565882996176,0.006014215418261415,88775.0,36259.0,0.42001375625829773,200.0,0.10934937124111536,amount_wall,1840.0,0.006014215418261415,below_price_wall,,,,,,,,,,,,,,,,,,,,,,,,,,,,,,,,,,,,,,,,,,,,,,,,,,,,,,,,,,
2026-09-28,COMMODITY,COMMODITY,SH,SH,SH,CZCE,2612,,,,,,,1881.0,,,2200.0,1840.0,,,2000.0,,,8354.0,2469.0,2458845.0,,,,,,,,0.06326422115895802,,,,,,,,,,,,,,,,,,,,,,,,,,,,,,False,False,other_month,,,,,,,,,,,,SH612,1881.0,58544.0,39018.0,-125.0,3317688500.0,-0.000167,2000.0,2000.0,0.16959064327485374,-0.021796916533758592,0.06326422115895802,0.06326422115895802,4621.0,3733.0,0.1062963849652861,360.0,0.19138755980861244,put_oi_wall,1840.0,-0.021796916533758592,below_price_wall,,,,,,,,,,,,,,,,,,,,,,,,,,,,,,,,,,,,,,,,,,,,,,,,,,,,,,,,,,
2026-09-28,COMMODITY,COMMODITY,SH,SH,SH,CZCE,2701,,,,,,,1890.0,,,2640.0,1880.0,,,2640.0,,,17897.0,1988.0,2458695.0,,,,,,,,0.39682539682539675,,,,,,,,,,,,,,,,,,,,,,,,,,,,,,False,False,other_month,,,,,,,,,,,,SH701,1890.0,58048.0,82836.0,-464.0,3306994600.0,-0.000146,2200.0,1980.0,0.39682539682539675,-0.005291005291005346,0.16402116402116396,0.04761904761904767,10748.0,7149.0,0.20109515561267252,760.0,0.4021164021164021,put_oi_wall,1880.0,-0.005291005291005346,below_price_wall,,,,,,,,,,,,,,,,,,,,,,,,,,,,,,,,,,,,,,,,,,,,,,,,,,,,,,,,,,
2026-09-28,COMMODITY,COMMODITY,SH,SH,SH,CZCE,2702,,,,,,,1947.0,,,2360.0,1840.0,,,1840.0,,,416.0,227.0,380520.0,,,,,,,,-0.05495634309193631,,,,,,,,,,,,,,,,,,,,,,,,,,,,,,False,False,other_month,,,,,,,,,,,,SH702,1947.0,2528.0,17917.0,426.0,148343040.0,-0.00010200000000000001,1840.0,1840.0,0.21212121212121215,-0.05495634309193631,-0.05495634309193631,-0.05495634309193631,206.0,210.0,-0.009615384615384616,520.0,0.2670775552131484,put_oi_wall,1840.0,-0.05495634309193631,above_price_wall,,,,,,,,,,,,,,,,,,,,,,,,,,,,,,,,,,,,,,,,,,,,,,,,,,,,,,,,,,
2026-09-28,COMMODITY,COMMODITY,SM,SM,SM,CZCE,2611,,,,,,,5850.0,,,6000.0,5800.0,,,6000.0,,,92786.0,52886.0,6949495.0,,,,,,,,0.02564102564102555,,,,,,,,,,,,,,,,,,,,,,,,,,,,,,False,False,other_month,,,,,,,,,,,,SM611,5850.0,141471.0,244301.0,-9637.0,4126709100.0,2.1e-05,6000.0,5800.0,0.02564102564102555,-0.008547008547008517,0.02564102564102555,-0.008547008547008517,54290.0,38496.0,0.1702196452050956,200.0,0.03418803418803419,put_oi_wall,5800.0,-0.008547008547008517,below_price_wall,,,,,,,,,,,,,,,,,,,,,,,,,,,,,,,,,,,,,,,,,,,,,,,,,,,,,,,,,,
2026-09-28,COMMODITY,COMMODITY,SM,SM,SM,CZCE,2612,,,,,,,5838.0,,,5900.0,5800.0,,,5900.0,,,13539.0,2466.0,1002425.0,,,,,,,,0.010620075368276805,,,,,,,,,,,,,,,,,,,,,,,,,,,,,,False,False,other_month,,,,,,,,,,,,SM612,5838.0,47405.0,42276.0,-344.0,1381855800.0,7e-06,6000.0,5400.0,0.010620075368276805,-0.006509078451524486,0.027749229188078095,-0.07502569373072965,8971.0,4568.0,0.32520865647389025,100.0,0.0171291538198013,put_oi_wall,5800.0,-0.006509078451524486,below_price_wall,,,,,,,,,,,,,,,,,,,,,,,,,,,,,,,,,,,,,,,,,,,,,,,,,,,,,,,,,,
2026-09-28,COMMODITY,COMMODITY,SM,SM,SM,CZCE,2701,,,,,,,5836.0,,,6200.0,5600.0,,,6200.0,,,24315.0,4238.0,1572490.0,,,,,,,,0.06237148732008224,,,,,,,,,,,,,,,,,,,,,,,,,,,,,,False,False,other_month,,,,,,,,,,,,SM701,5836.0,57066.0,251448.0,4444.0,1662332600.0,0.0,6200.0,6200.0,0.06237148732008224,-0.04043865661411927,0.06237148732008224,0.06237148732008224,17541.0,6774.0,0.4428130783466996,600.0,0.10281014393420151,put_oi_wall,5600.0,-0.04043865661411927,below_price_wall,,,,,,,,,,,,,,,,,,,,,,,,,,,,,,,,,,,,,,,,,,,,,,,,,,,,,,,,,,
2026-09-28,COMMODITY,COMMODITY,SM,SM,SM,CZCE,2702,,,,,,,5832.0,,,6600.0,5700.0,,,6200.0,,,558.0,102.0,32730.0,,,,,,,,0.06310013717421126,,,,,,,,,,,,,,,,,,,,,,,,,,,,,,False,False,other_month,,,,,,,,,,,,SM702,5832.0,5609.0,33774.0,-80.0,163334080.0,-7e-06,6200.0,6200.0,0.13168724279835398,-0.02263374485596703,0.06310013717421126,0.06310013717421126,399.0,159.0,0.43010752688172044,900.0,0.15432098765432098,put_oi_wall,5700.0,-0.02263374485596703,below_price_wall,,,,,,,,,,,,,,,,,,,,,,,,,,,,,,,,,,,,,,,,,,,,,,,,,,,,,,,,,,
2026-09-28,COMMODITY,COMMODITY,SM,SM,SM,CZCE,2705,,,,,,,5856.0,,,6300.0,5600.0,,,6300.0,,,5274.0,28.0,11445.0,,,,,,,,0.07581967213114749,,,,,,,,,,,,,,,,,,,,,,,,,,,,,,False,False,other_month,,,,,,,,,,,,SM705,5856.0,631.0,13231.0,36.0,18481990.0,-1.7e-05,6300.0,6300.0,0.07581967213114749,-0.04371584699453557,0.07581967213114749,0.07581967213114749,4878.0,396.0,0.8498293515358362,700.0,0.11953551912568305,put_oi_wall,5600.0,-0.04371584699453557,below_price_wall,,,,,,,,,,,,,,,,,,,,,,,,,,,,,,,,,,,,,,,,,,,,,,,,,,,,,,,,,,
2026-09-28,COMMODITY,COMMODITY,SR,SR,SR,CZCE,2611,,,,,,,5218.0,,,5500.0,5100.0,,,5300.0,,,205566.0,67499.0,23990140.0,,,,,,,,0.01571483326945189,,,,,,,,,,,,,,,,,,,,,,,,,,,,,,False,False,other_month,,,,,,,,,,,,SR611,5218.0,58425.0,137971.0,-13109.0,3047448000.0,-4.6e-05,5300.0,5200.0,0.05404369490226135,-0.022614028363357574,0.01571483326945189,-0.003449597546952843,144412.0,61154.0,0.40501833960869016,400.0,0.07665772326561901,amount_wall,5200.0,-0.003449597546952843,below_price_wall,,,,,,,,,,,,,,,,,,,,,,,,,,,,,,,,,,,,,,,,,,,,,,,,,,,,,,,,,,
2026-09-28,COMMODITY,COMMODITY,SR,SR,SR,CZCE,2701,,,,,,,5375.0,,,6300.0,5200.0,,,5400.0,,,342385.0,47560.0,24103440.0,,,,,,,,0.0046511627906977715,,,,,,,,,,,,,,,,,,,,,,,,,,,,,,False,False,other_month,,,,,,,,,,,,SR701,5375.0,265100.0,572872.0,-20990.0,14246474000.0,-4.6e-05,6300.0,5400.0,0.172093023255814,-0.032558139534883734,0.172093023255814,0.0046511627906977715,244140.0,98245.0,0.4261138776523504,1100.0,0.20465116279069767,price_wall,5400.0,0.0046511627906977715,near_price_wall,,,,,,,,,,,,,,,,,,,,,,,,,,,,,,,,,,,,,,,,,,,,,,,,,,,,,,,,,,
2026-09-28,COMMODITY,COMMODITY,SR,SR,SR,CZCE,2703,,,,,,,5407.0,,,6100.0,5100.0,,,6100.0,,,21981.0,4003.0,4271165.0,,,,,,,,0.12816719067874982,,,,,,,,,,,,,,,,,,,,,,,,,,,,,,False,False,other_month,,,,,,,,,,,,SR703,5407.0,52902.0,95674.0,-1968.0,2858824100.0,-5.3e-05,6100.0,5000.0,0.12816719067874982,-0.056778250416127274,0.12816719067874982,-0.07527279452561497,12013.0,9968.0,0.0930348937718939,1000.0,0.184945441094877,put_oi_wall,5100.0,-0.056778250416127274,below_price_wall,,,,,,,,,,,,,,,,,,,,,,,,,,,,,,,,,,,,,,,,,,,,,,,,,,,,,,,,,,
2026-09-28,COMMODITY,COMMODITY,SR,SR,SR,CZCE,2705,,,,,,,5448.0,,,6000.0,5100.0,,,6000.0,,,7417.0,172.0,186045.0,,,,,,,,0.1013215859030836,,,,,,,,,,,,,,,,,,,,,,,,,,,,,,False,False,other_month,,,,,,,,,,,,SR705,5448.0,28441.0,128927.0,-3903.0,1548896900.0,-4.7000000000000004e-05,6000.0,6000.0,0.1013215859030836,-0.06387665198237891,0.1013215859030836,0.1013215859030836,4994.0,2423.0,0.3466361062424161,900.0,0.16519823788546256,put_oi_wall,5100.0,-0.06387665198237891,below_price_wall,,,,,,,,,,,,,,,,,,,,,,,,,,,,,,,,,,,,,,,,,,,,,,,,,,,,,,,,,,
2026-09-28,COMMODITY,COMMODITY,SR,SR,SR,CZCE,2707,,,,,,,5484.0,,,5500.0,5200.0,,,5500.0,,,1776.0,5.0,4335.0,,,,,,,,0.0029175784099197966,,,,,,,,,,,,,,,,,,,,,,,,,,,,,,False,False,other_month,,,,,,,,,,,,SR707,5484.0,3038.0,10022.0,-264.0,166634300.0,-5.3e-05,6100.0,6100.0,0.0029175784099197966,-0.05178701677607589,0.11232676878191095,0.11232676878191095,1177.0,599.0,0.32545045045045046,300.0,0.05470459518599562,call_oi_wall,5500.0,0.0029175784099197966,near_price_wall,,,,,,,,,,,,,,,,,,,,,,,,,,,,,,,,,,,,,,,,,,,,,,,,,,,,,,,,,,
2026-09-28,COMMODITY,COMMODITY,TA,TA,TA,CZCE,2611,,,,,,,6624.0,,,7000.0,6000.0,,,6000.0,,,187806.0,317699.0,108011867.0,,,,,,,,-0.09420289855072461,,,,,,,,,,,,,,,,,,,,,,,,,,,,,,False,False,other_month,,,,,,,,,,,,TA611,6624.0,166092.0,467870.0,-11804.0,5486018800.0,2.3999999999999997e-05,7000.0,6600.0,0.05676328502415462,-0.09420289855072461,0.05676328502415462,-0.0036231884057971175,66119.0,121687.0,-0.2958797908480027,1000.0,0.15096618357487923,amount_wall,6600.0,-0.0036231884057971175,above_price_wall,,,,,,,,,,,,,,,,,,,,,,,,,,,,,,,,,,,,,,,,,,,,,,,,,,,,,,,,,,
2026-09-28,COMMODITY,COMMODITY,TA,TA,TA,CZCE,2612,,,,,,,6416.0,,,7400.0,6300.0,,,6500.0,,,16759.0,16604.0,14882038.0,,,,,,,,0.013092269326683281,,,,,,,,,,,,,,,,,,,,,,,,,,,,,,False,False,other_month,,,,,,,,,,,,TA612,6416.0,54788.0,157596.0,-3079.0,1755407500.0,-1.6e-05,6500.0,6500.0,0.15336658354114707,-0.01807980049875313,0.013092269326683281,0.013092269326683281,8471.0,8288.0,0.01091950593710842,1100.0,0.17144638403990026,price_wall,6500.0,0.013092269326683281,below_price_wall,,,,,,,,,,,,,,,,,,,,,,,,,,,,,,,,,,,,,,,,,,,,,,,,,,,,,,,,,,
2026-09-28,COMMODITY,COMMODITY,TA,TA,TA,CZCE,2701,,,,,,,6256.0,,,7400.0,5500.0,,,5500.0,,,106831.0,24565.0,22862738.0,,,,,,,,-0.12084398976982103,,,,,,,,,,,,,,,,,,,,,,,,,,,,,,False,False,other_month,,,,,,,,,,,,TA701,6256.0,729619.0,1070292.0,-27819.0,22800594000.0,-2.2000000000000003e-05,7400.0,6500.0,0.18286445012787733,-0.12084398976982103,0.18286445012787733,0.03900255754475701,50638.0,56193.0,-0.05199801555728206,1900.0,0.3037084398976982,amount_wall,6500.0,0.03900255754475701,above_price_wall,,,,,,,,,,,,,,,,,,,,,,,,,,,,,,,,,,,,,,,,,,,,,,,,,,,,,,,,,,
2026-09-28,COMMODITY,COMMODITY,TA,TA,TA,CZCE,2702,,,,,,,6118.0,,,6800.0,5300.0,,,6800.0,,,973.0,1.0,453.0,,,,,,,,0.11147433801896045,,,,,,,,,,,,,,,,,,,,,,,,,,,,,,False,False,other_month,,,,,,,,,,,,TA702,6118.0,19605.0,126594.0,-880.0,599520900.0,-4.2e-05,5400.0,5400.0,0.11147433801896045,-0.13370382477933962,-0.11735861392611968,-0.11735861392611968,618.0,355.0,0.27029804727646456,1500.0,0.2451781627983001,call_oi_wall,6800.0,0.11147433801896045,below_price_wall,,,,,,,,,,,,,,,,,,,,,,,,,,,,,,,,,,,,,,,,,,,,,,,,,,,,,,,,,,
2026-09-28,COMMODITY,COMMODITY,TA,TA,TA,CZCE,2703,,,,,,,6014.0,,,6800.0,4650.0,,,5000.0,,,1993.0,84.0,29018.0,,,,,,,,-0.16860658463584965,,,,,,,,,,,,,,,,,,,,,,,,,,,,,,False,False,other_month,,,,,,,,,,,,TA703,6014.0,21234.0,192266.0,-886.0,638506380.0,-6.3e-05,5000.0,5000.0,0.13069504489524442,-0.22680412371134018,-0.16860658463584965,-0.16860658463584965,762.0,1231.0,-0.23532363271450074,2150.0,0.35749916860658465,call_oi_wall,6800.0,0.13069504489524442,above_price_wall,,,,,,,,,,,,,,,,,,,,,,,,,,,,,,,,,,,,,,,,,,,,,,,,,,,,,,,,,,
2026-09-28,COMMODITY,COMMODITY,TA,TA,TA,CZCE,2705,,,,,,,5902.0,,,6100.0,4900.0,,,6100.0,,,1313.0,0.0,0.0,,,,,,,,0.033547949847509306,,,,,,,,,,,,,,,,,,,,,,,,,,,,,,False,False,other_month,,,,,,,,,,,,TA705,5902.0,13153.0,107613.0,294.0,387881970.0,-3e-05,4900.0,4900.0,0.033547949847509306,-0.1697729583192138,-0.1697729583192138,-0.1697729583192138,957.0,356.0,0.45773038842345776,1200.0,0.20332090816672316,call_oi_wall,6100.0,0.033547949847509306,below_price_wall,,,,,,,,,,,,,,,,,,,,,,,,,,,,,,,,,,,,,,,,,,,,,,,,,,,,,,,,,,
2026-09-28,COMMODITY,COMMODITY,UR,UR,UR,CZCE,2611,,,,,,,1748.0,,,1900.0,1740.0,,,1760.0,,,58571.0,22127.0,3423390.0,,,,,,,,0.006864988558352492,,,,,,,,,,,,,,,,,,,,,,,,,,,,,,False,False,other_month,,,,,,,,,,,,UR611,1748.0,21996.0,76462.0,-2878.0,767220480.0,-3.4e-05,1740.0,1740.0,0.08695652173913038,-0.004576659038901587,-0.004576659038901587,-0.004576659038901587,35954.0,22617.0,0.2277065441942258,160.0,0.09153318077803203,put_oi_wall,1740.0,-0.004576659038901587,below_price_wall,,,,,,,,,,,,,,,,,,,,,,,,,,,,,,,,,,,,,,,,,,,,,,,,,,,,,,,,,,
2026-09-28,COMMODITY,COMMODITY,UR,UR,UR,CZCE,2612,,,,,,,1752.0,,,1900.0,1680.0,,,1680.0,,,7982.0,3232.0,792390.0,,,,,,,,-0.04109589041095896,,,,,,,,,,,,,,,,,,,,,,,,,,,,,,False,False,other_month,,,,,,,,,,,,UR612,1752.0,11092.0,35992.0,-464.0,387998160.0,-4.4999999999999996e-05,1680.0,1760.0,0.08447488584474883,-0.04109589041095896,-0.04109589041095896,0.004566210045662045,4501.0,3481.0,0.12778752192432974,220.0,0.12557077625570776,amount_wall,1760.0,0.004566210045662045,above_price_wall,,,,,,,,,,,,,,,,,,,,,,,,,,,,,,,,,,,,,,,,,,,,,,,,,,,,,,,,,,
2026-09-28,COMMODITY,COMMODITY,UR,UR,UR,CZCE,2701,,,,,,,1752.0,,,1900.0,1700.0,,,1760.0,,,73778.0,11180.0,4961590.0,,,,,,,,0.004566210045662045,,,,,,,,,,,,,,,,,,,,,,,,,,,,,,False,False,other_month,,,,,,,,,,,,UR701,1752.0,92236.0,253912.0,-1270.0,3228260000.0,-6.2e-05,1760.0,1780.0,0.08447488584474883,-0.029680365296803624,0.004566210045662045,0.015981735159817267,42157.0,31621.0,0.14280679877470248,200.0,0.1141552511415525,price_wall,1760.0,0.004566210045662045,near_price_wall,,,,,,,,,,,,,,,,,,,,,,,,,,,,,,,,,,,,,,,,,,,,,,,,,,,,,,,,,,
2026-09-28,COMMODITY,COMMODITY,UR,UR,UR,CZCE,2702,,,,,,,1750.0,,,2000.0,1620.0,,,1660.0,,,232.0,3.0,1110.0,,,,,,,,-0.05142857142857138,,,,,,,,,,,,,,,,,,,,,,,,,,,,,,False,False,other_month,,,,,,,,,,,,UR702,1750.0,2976.0,31028.0,169.0,103981440.0,-5.1000000000000006e-05,1660.0,1660.0,0.1428571428571428,-0.07428571428571429,-0.05142857142857138,-0.05142857142857138,140.0,92.0,0.20689655172413793,380.0,0.21714285714285714,price_wall,1660.0,-0.05142857142857138,above_price_wall,,,,,,,,,,,,,,,,,,,,,,,,,,,,,,,,,,,,,,,,,,,,,,,,,,,,,,,,,,
2026-09-28,COMMODITY,COMMODITY,UR,UR,UR,CZCE,2703,,,,,,,1800.0,,,2000.0,1620.0,,,1640.0,,,1136.0,167.0,29810.0,,,,,,,,-0.0888888888888889,,,,,,,,,,,,,,,,,,,,,,,,,,,,,,False,False,other_month,,,,,,,,,,,,UR703,1800.0,3375.0,37635.0,273.0,121297500.0,-3.3e-05,1640.0,1640.0,0.11111111111111116,-0.09999999999999998,-0.0888888888888889,-0.0888888888888889,426.0,710.0,-0.25,380.0,0.2111111111111111,price_wall,1640.0,-0.0888888888888889,above_price_wall,,,,,,,,,,,,,,,,,,,,,,,,,,,,,,,,,,,,,,,,,,,,,,,,,,,,,,,,,,
2026-09-28,COMMODITY,COMMODITY,UR,UR,UR,CZCE,2705,,,,,,,1797.0,,,2080.0,1620.0,,,1980.0,,,408.0,6.0,26040.0,,,,,,,,0.10183639398998334,,,,,,,,,,,,,,,,,,,,,,,,,,,,,,False,False,other_month,,,,,,,,,,,,UR705,1797.0,2084.0,14664.0,-265.0,74815600.0,-3.9e-05,1980.0,1980.0,0.15748469671675025,-0.09849749582637735,0.10183639398998334,0.10183639398998334,138.0,270.0,-0.3235294117647059,460.0,0.25598219254312743,put_oi_wall,1620.0,-0.09849749582637735,below_price_wall,,,,,,,,,,,,,,,,,,,,,,,,,,,,,,,,,,,,,,,,,,,,,,,,,,,,,,,,,,
2026-09-28,COMMODITY,COMMODITY,ZC,ZC,ZC,CZCE,2611,,,,,,,,,,560.0,560.0,,,560.0,,,0.0,0.0,0.0,,,,,,,,,,,,,,,,,,,,,,,,,,,,,,,,,,,,,,False,False,other_month,,,,,,,,,,,,,,,,,,,560.0,560.0,,,,,0.0,0.0,,0.0,,,,,unavailable,,,,,,,,,,,,,,,,,,,,,,,,,,,,,,,,,,,,,,,,,,,,,,,,,,,,,,,,,,
2026-09-28,COMMODITY,COMMODITY,ZC,ZC,ZC,CZCE,2612,,,,,,,,,,560.0,560.0,,,560.0,,,0.0,0.0,0.0,,,,,,,,,,,,,,,,,,,,,,,,,,,,,,,,,,,,,,False,False,other_month,,,,,,,,,,,,,,,,,,,560.0,560.0,,,,,0.0,0.0,,0.0,,,,,unavailable,,,,,,,,,,,,,,,,,,,,,,,,,,,,,,,,,,,,,,,,,,,,,,,,,,,,,,,,,,
2026-09-28,COMMODITY,COMMODITY,a,a,a,DCE,2611,,,,,,,5117.0,,,5300.0,4800.0,,,5300.0,,,140944.0,117375.0,60137500.0,,,,,,,,0.035763142466288755,,,,,,,,,,,,,,,,,,,,,,,,,,,,,,False,False,other_month,,,,,,,,,,,,a2611,5117.0,200674.0,277704.0,-11922.0,10289316600.0,0.000135,5300.0,5300.0,0.035763142466288755,-0.061950361539964804,0.035763142466288755,0.035763142466288755,67751.0,73193.0,-0.03861107957770462,500.0,0.09771350400625367,call_oi_wall,5300.0,0.035763142466288755,below_price_wall,,,,,,,,,,,,,,,,,,,,,,,,,,,,,,,,,,,,,,,,,,,,,,,,,,,,,,,,,,
2026-09-28,COMMODITY,COMMODITY,a,a,a,DCE,2701,,,,,,,5158.0,,,5300.0,4750.0,,,5000.0,,,56754.0,11032.0,8842570.0,,,,,,,,-0.030632027917797622,,,,,,,,,,,,,,,,,,,,,,,,,,,,,,False,False,other_month,,,,,,,,,,,,a2701,5158.0,112657.0,197131.0,-3309.0,5819187200.0,0.000132,5200.0,5200.0,0.02753005040713452,-0.07910042652190774,0.008142690965490473,0.008142690965490473,24569.0,32185.0,-0.13419318462134827,550.0,0.10663047692904226,volume_wall,5200.0,0.008142690965490473,above_price_wall,,,,,,,,,,,,,,,,,,,,,,,,,,,,,,,,,,,,,,,,,,,,,,,,,,,,,,,,,,
2026-09-28,COMMODITY,COMMODITY,a,a,a,DCE,2703,,,,,,,5184.0,,,5200.0,4700.0,,,5200.0,,,9042.0,587.0,419645.0,,,,,,,,0.0030864197530864335,,,,,,,,,,,,,,,,,,,,,,,,,,,,,,False,False,other_month,,,,,,,,,,,,a2703,5184.0,26856.0,95505.0,498.0,1393813600.0,0.000121,4700.0,4700.0,0.0030864197530864335,-0.09336419753086422,-0.09336419753086422,-0.09336419753086422,5673.0,3369.0,0.25481088254810885,500.0,0.09645061728395062,call_oi_wall,5200.0,0.0030864197530864335,near_price_wall,,,,,,,,,,,,,,,,,,,,,,,,,,,,,,,,,,,,,,,,,,,,,,,,,,,,,,,,,,
2026-09-28,COMMODITY,COMMODITY,a,a,a,DCE,2705,,,,,,,5328.0,,,5600.0,4700.0,,,5400.0,,,279.0,6.0,14430.0,,,,,,,,0.013513513513513598,,,,,,,,,,,,,,,,,,,,,,,,,,,,,,False,False,other_month,,,,,,,,,,,,a2705,5328.0,16491.0,58802.0,746.0,879556570.0,0.000112,5400.0,5400.0,0.05105105105105112,-0.11786786786786785,0.013513513513513598,0.013513513513513598,176.0,103.0,0.2616487455197133,900.0,0.16891891891891891,price_wall,5400.0,0.013513513513513598,below_price_wall,,,,,,,,,,,,,,,,,,,,,,,,,,,,,,,,,,,,,,,,,,,,,,,,,,,,,,,,,,
2026-09-28,COMMODITY,COMMODITY,a,a,a,DCE,2707,,,,,,,5358.0,,,5800.0,4300.0,,,5800.0,,,55.0,0.0,0.0,,,,,,,,0.08249346771183275,,,,,,,,,,,,,,,,,,,,,,,,,,,,,,False,False,other_month,,,,,,,,,,,,a2707,5358.0,8513.0,44384.0,2318.0,456684380.0,0.00010899999999999999,4300.0,4300.0,0.08249346771183275,-0.19746173945502055,-0.19746173945502055,-0.19746173945502055,49.0,6.0,0.7818181818181819,1500.0,0.2799552071668533,call_oi_wall,5800.0,0.08249346771183275,below_price_wall,,,,,,,,,,,,,,,,,,,,,,,,,,,,,,,,,,,,,,,,,,,,,,,,,,,,,,,,,,
2026-09-28,COMMODITY,COMMODITY,a,a,a,DCE,2709,,,,,,,5363.0,,,5800.0,5200.0,,,5800.0,,,6.0,0.0,0.0,,,,,,,,0.08148424389334319,,,,,,,,,,,,,,,,,,,,,,,,,,,,,,False,False,other_month,,,,,,,,,,,,a2709,5363.0,337.0,2405.0,177.0,18114440.0,0.000106,4700.0,4700.0,0.08148424389334319,-0.030393436509416394,-0.12362483684504944,-0.12362483684504944,5.0,1.0,0.6666666666666666,600.0,0.11187768040275965,put_oi_wall,5200.0,-0.030393436509416394,below_price_wall,,,,,,,,,,,,,,,,,,,,,,,,,,,,,,,,,,,,,,,,,,,,,,,,,,,,,,,,,,
2026-09-28,COMMODITY,COMMODITY,b,b,b,DCE,2611,,,,,,,4021.0,,,4100.0,4100.0,,,4200.0,,,31746.0,39547.0,12841335.0,,,,,,,,0.0445162894802289,,,,,,,,,,,,,,,,,,,,,,,,,,,,,,False,False,other_month,,,,,,,,,,,,b2611,4021.0,217013.0,178147.0,22907.0,8803142600.0,-0.000207,4200.0,4000.0,0.01964685401641386,0.01964685401641386,0.0445162894802289,-0.005222581447401176,18417.0,13329.0,0.16027216027216026,0.0,0.0,amount_wall,4000.0,-0.005222581447401176,below_price_wall,,,,,,,,,,,,,,,,,,,,,,,,,,,,,,,,,,,,,,,,,,,,,,,,,,,,,,,,,,
2026-09-28,COMMODITY,COMMODITY,b,b,b,DCE,2612,,,,,,,4074.0,,,4650.0,3900.0,,,4150.0,,,646.0,147.0,45890.0,,,,,,,,0.01865488463426601,,,,,,,,,,,,,,,,,,,,,,,,,,,,,,False,False,other_month,,,,,,,,,,,,b2612,4074.0,21495.0,68554.0,2767.0,884103990.0,-0.0002,4600.0,4150.0,0.14138438880706916,-0.04270986745213545,0.1291114383897889,0.01865488463426601,376.0,270.0,0.16408668730650156,750.0,0.18409425625920472,price_wall,4150.0,0.01865488463426601,below_price_wall,,,,,,,,,,,,,,,,,,,,,,,,,,,,,,,,,,,,,,,,,,,,,,,,,,,,,,,,,,
2026-09-28,COMMODITY,COMMODITY,b,b,b,DCE,2701,,,,,,,4093.0,,,4150.0,3700.0,,,4100.0,,,513.0,23.0,23480.0,,,,,,,,0.0017102369899828496,,,,,,,,,,,,,,,,,,,,,,,,,,,,,,False,False,other_month,,,,,,,,,,,,b2701,4093.0,28128.0,36353.0,-649.0,1160057930.0,-0.00015900000000000002,4100.0,4100.0,0.013926215489860727,-0.09601759100903984,0.0017102369899828496,0.0017102369899828496,133.0,380.0,-0.48148148148148145,450.0,0.10994380649890056,price_wall,4100.0,0.0017102369899828496,near_price_wall,,,,,,,,,,,,,,,,,,,,,,,,,,,,,,,,,,,,,,,,,,,,,,,,,,,,,,,,,,
2026-09-28,COMMODITY,COMMODITY,b,b,b,DCE,2702,,,,,,,4068.0,,,3600.0,3900.0,,,3600.0,,,24.0,0.0,0.0,,,,,,,,-0.11504424778761058,,,,,,,,,,,,,,,,,,,,,,,,,,,,,,False,False,other_month,,,,,,,,,,,,b2702,4068.0,4528.0,44307.0,534.0,185471180.0,-0.000153,3100.0,3100.0,-0.11504424778761058,-0.041297935103244865,-0.2379547689282202,-0.2379547689282202,12.0,12.0,0.0,-300.0,-0.07374631268436578,put_oi_wall,3900.0,-0.041297935103244865,above_price_wall,,,,,,,,,,,,,,,,,,,,,,,,,,,,,,,,,,,,,,,,,,,,,,,,,,,,,,,,,,
2026-09-28,COMMODITY,COMMODITY,b,b,b,DCE,2703,,,,,,,4032.0,,,4400.0,3300.0,,,4400.0,,,14.0,0.0,0.0,,,,,,,,0.09126984126984117,,,,,,,,,,,,,,,,,,,,,,,,,,,,,,False,False,other_month,,,,,,,,,,,,b2703,4032.0,1967.0,2489.0,539.0,79732990.0,-0.000127,3300.0,3300.0,0.09126984126984117,-0.18154761904761907,-0.18154761904761907,-0.18154761904761907,14.0,0.0,1.0,1100.0,0.2728174603174603,call_oi_wall,4400.0,0.09126984126984117,below_price_wall,,,,,,,,,,,,,,,,,,,,,,,,,,,,,,,,,,,,,,,,,,,,,,,,,,,,,,,,,,
2026-09-28,COMMODITY,COMMODITY,b,b,b,DCE,2704,,,,,,,3884.0,,,4100.0,3200.0,,,4100.0,,,99.0,0.0,0.0,,,,,,,,0.0556127703398559,,,,,,,,,,,,,,,,,,,,,,,,,,,,,,False,False,other_month,,,,,,,,,,,,b2704,3884.0,48.0,1329.0,-6.0,1880160.0,-0.00012200000000000001,3200.0,3200.0,0.0556127703398559,-0.17610710607621005,-0.17610710607621005,-0.17610710607621005,99.0,0.0,1.0,900.0,0.23171987641606592,call_oi_wall,4100.0,0.0556127703398559,below_price_wall,,,,,,,,,,,,,,,,,,,,,,,,,,,,,,,,,,,,,,,,,,,,,,,,,,,,,,,,,,
2026-09-28,COMMODITY,COMMODITY,b,b,b,DCE,2705,,,,,,,3774.0,,,4200.0,3400.0,,,3400.0,,,173.0,0.0,0.0,,,,,,,,-0.09909909909909909,,,,,,,,,,,,,,,,,,,,,,,,,,,,,,False,False,other_month,,,,,,,,,,,,b2705,3774.0,5965.0,19864.0,773.0,226562990.0,-0.000105,3100.0,3100.0,0.11287758346581866,-0.09909909909909909,-0.17859035506094334,-0.17859035506094334,82.0,91.0,-0.05202312138728324,800.0,0.21197668256491786,put_oi_wall,3400.0,-0.09909909909909909,above_price_wall,,,,,,,,,,,,,,,,,,,,,,,,,,,,,,,,,,,,,,,,,,,,,,,,,,,,,,,,,,
2026-09-28,COMMODITY,COMMODITY,b,b,b,DCE,2706,,,,,,,3744.0,,,3600.0,3400.0,,,3600.0,,,15.0,0.0,0.0,,,,,,,,-0.038461538461538436,,,,,,,,,,,,,,,,,,,,,,,,,,,,,,False,False,other_month,,,,,,,,,,,,b2706,3744.0,59.0,647.0,-8.0,2218230.0,-0.000103,3100.0,3100.0,-0.038461538461538436,-0.09188034188034189,-0.17200854700854706,-0.17200854700854706,14.0,1.0,0.8666666666666667,200.0,0.053418803418803416,call_oi_wall,3600.0,-0.038461538461538436,above_price_wall,,,,,,,,,,,,,,,,,,,,,,,,,,,,,,,,,,,,,,,,,,,,,,,,,,,,,,,,,,
2026-09-28,COMMODITY,COMMODITY,b,b,b,DCE,2707,,,,,,,3740.0,,,3700.0,3300.0,,,3400.0,,,19.0,0.0,0.0,,,,,,,,-0.09090909090909094,,,,,,,,,,,,,,,,,,,,,,,,,,,,,,False,False,other_month,,,,,,,,,,,,b2707,3740.0,277.0,2296.0,146.0,10417820.0,-9.8e-05,3200.0,3200.0,-0.010695187165775444,-0.11764705882352944,-0.14438502673796794,-0.14438502673796794,8.0,11.0,-0.15789473684210525,400.0,0.10695187165775401,call_oi_wall,3700.0,-0.010695187165775444,above_price_wall,,,,,,,,,,,,,,,,,,,,,,,,,,,,,,,,,,,,,,,,,,,,,,,,,,,,,,,,,,
2026-09-28,COMMODITY,COMMODITY,b,b,b,DCE,2708,,,,,,,3809.0,,,4000.0,3300.0,,,3300.0,,,35.0,0.0,0.0,,,,,,,,-0.1336308742452087,,,,,,,,,,,,,,,,,,,,,,,,,,,,,,False,False,other_month,,,,,,,,,,,,b2708,3809.0,20.0,102.0,1.0,762520.0,-8.099999999999999e-05,3300.0,3300.0,0.05014439485429256,-0.1336308742452087,-0.1336308742452087,-0.1336308742452087,13.0,22.0,-0.2571428571428571,700.0,0.18377526909950118,call_oi_wall,4000.0,0.05014439485429256,above_price_wall,,,,,,,,,,,,,,,,,,,,,,,,,,,,,,,,,,,,,,,,,,,,,,,,,,,,,,,,,,
2026-09-28,COMMODITY,COMMODITY,b,b,b,DCE,2709,,,,,,,3828.0,,,4400.0,3500.0,,,4400.0,,,3.0,0.0,0.0,,,,,,,,0.14942528735632177,,,,,,,,,,,,,,,,,,,,,,,,,,,,,,False,False,other_month,,,,,,,,,,,,b2709,3828.0,25.0,126.0,0.0,961500.0,-0.000111,3500.0,3500.0,0.14942528735632177,-0.08568443051201668,-0.08568443051201668,-0.08568443051201668,3.0,0.0,1.0,900.0,0.23510971786833856,put_oi_wall,3500.0,-0.08568443051201668,below_price_wall,,,,,,,,,,,,,,,,,,,,,,,,,,,,,,,,,,,,,,,,,,,,,,,,,,,,,,,,,,
2026-09-28,COMMODITY,COMMODITY,bz,bz,bz,DCE,2611,,,,,,,8478.0,,,9400.0,8400.0,,,8400.0,,,3607.0,1054.0,5551545.0,,,,,,,,-0.009200283085633365,,,,,,,,,,,,,,,,,,,,,,,,,,,,,,False,False,other_month,,,,,,,,,,,,bz2611,8478.0,50558.0,24803.0,-346.0,12834721800.0,0.000106,9200.0,8400.0,0.10875206416607686,-0.009200283085633365,0.08516159471573492,-0.009200283085633365,1458.0,2149.0,-0.1915719434433047,1000.0,0.1179523472517103,put_oi_wall,8400.0,-0.009200283085633365,above_price_wall,,,,,,,,,,,,,,,,,,,,,,,,,,,,,,,,,,,,,,,,,,,,,,,,,,,,,,,,,,
2026-09-28,COMMODITY,COMMODITY,bz,bz,bz,DCE,2612,,,,,,,8089.0,,,8400.0,7500.0,,,8400.0,,,1466.0,588.0,5207670.0,,,,,,,,0.038447274075905646,,,,,,,,,,,,,,,,,,,,,,,,,,,,,,False,False,other_month,,,,,,,,,,,,bz2612,8089.0,3093.0,9645.0,326.0,748785000.0,0.00013,8400.0,8400.0,0.038447274075905646,-0.07281493386079863,0.038447274075905646,0.038447274075905646,672.0,794.0,-0.08321964529331514,900.0,0.11126220793670416,call_oi_wall,8400.0,0.038447274075905646,below_price_wall,,,,,,,,,,,,,,,,,,,,,,,,,,,,,,,,,,,,,,,,,,,,,,,,,,,,,,,,,,
2026-09-28,COMMODITY,COMMODITY,bz,bz,bz,DCE,2701,,,,,,,7789.0,,,8000.0,5400.0,,,8000.0,,,254.0,0.0,0.0,,,,,,,,0.027089485171395644,,,,,,,,,,,,,,,,,,,,,,,,,,,,,,False,False,other_month,,,,,,,,,,,,bz2701,7789.0,423.0,4217.0,27.0,98636430.0,0.000104,5200.0,5200.0,0.027089485171395644,-0.30671459750930796,-0.3323918346385929,-0.3323918346385929,140.0,114.0,0.10236220472440945,2600.0,0.33380408268070355,call_oi_wall,8000.0,0.027089485171395644,below_price_wall,,,,,,,,,,,,,,,,,,,,,,,,,,,,,,,,,,,,,,,,,,,,,,,,,,,,,,,,,,
2026-09-28,COMMODITY,COMMODITY,bz,bz,bz,DCE,2702,,,,,,,7588.0,,,8400.0,5200.0,,,8400.0,,,229.0,0.0,0.0,,,,,,,,0.10701107011070121,,,,,,,,,,,,,,,,,,,,,,,,,,,,,,False,False,other_month,,,,,,,,,,,,bz2702,7588.0,397.0,2215.0,82.0,90167490.0,8.9e-05,5200.0,5200.0,0.10701107011070121,-0.3147074327886136,-0.3147074327886136,-0.3147074327886136,104.0,125.0,-0.09170305676855896,3200.0,0.42171850289931473,call_oi_wall,8400.0,0.10701107011070121,below_price_wall,,,,,,,,,,,,,,,,,,,,,,,,,,,,,,,,,,,,,,,,,,,,,,,,,,,,,,,,,,
2026-09-28,COMMODITY,COMMODITY,bz,bz,bz,DCE,2703,,,,,,,7485.0,,,9200.0,5200.0,,,7600.0,,,224.0,8.0,75360.0,,,,,,,,0.015364061456245803,,,,,,,,,,,,,,,,,,,,,,,,,,,,,,False,False,other_month,,,,,,,,,,,,bz2703,7485.0,49.0,1444.0,3.0,10918800.0,0.000171,6000.0,7600.0,0.22912491649966604,-0.30527722110888444,-0.19839679358717432,0.015364061456245803,124.0,100.0,0.10714285714285714,4000.0,0.5344021376085505,price_wall,7600.0,0.015364061456245803,below_price_wall,,,,,,,,,,,,,,,,,,,,,,,,,,,,,,,,,,,,,,,,,,,,,,,,,,,,,,,,,,
2026-09-28,COMMODITY,COMMODITY,bz,bz,bz,DCE,2704,,,,,,,,,,8000.0,5400.0,,,8000.0,,,178.0,0.0,0.0,,,,,,,,,,,,,,,,,,,,,,,,,,,,,,,,,,,,,,False,False,other_month,,,,,,,,,,,,,,,,,,,5200.0,5200.0,,,,,95.0,83.0,0.06741573033707865,2600.0,,,,,unavailable,,,,,,,,,,,,,,,,,,,,,,,,,,,,,,,,,,,,,,,,,,,,,,,,,,,,,,,,,,
2026-09-28,COMMODITY,COMMODITY,bz,bz,bz,DCE,2705,,,,,,,,,,8400.0,5400.0,,,5400.0,,,176.0,0.0,0.0,,,,,,,,,,,,,,,,,,,,,,,,,,,,,,,,,,,,,,False,False,other_month,,,,,,,,,,,,,,,,,,,5200.0,5200.0,,,,,88.0,88.0,0.0,3000.0,,,,,unavailable,,,,,,,,,,,,,,,,,,,,,,,,,,,,,,,,,,,,,,,,,,,,,,,,,,,,,,,,,,
2026-09-28,COMMODITY,COMMODITY,bz,bz,bz,DCE,2706,,,,,,,,,,7200.0,5600.0,,,7200.0,,,122.0,0.0,0.0,,,,,,,,,,,,,,,,,,,,,,,,,,,,,,,,,,,,,,False,False,other_month,,,,,,,,,,,,,,,,,,,5400.0,5400.0,,,,,83.0,39.0,0.36065573770491804,1600.0,,,,,unavailable,,,,,,,,,,,,,,,,,,,,,,,,,,,,,,,,,,,,,,,,,,,,,,,,,,,,,,,,,,
2026-09-28,COMMODITY,COMMODITY,bz,bz,bz,DCE,2707,,,,,,,,,,7000.0,5800.0,,,7000.0,,,31.0,0.0,0.0,,,,,,,,,,,,,,,,,,,,,,,,,,,,,,,,,,,,,,False,False,other_month,,,,,,,,,,,,,,,,,,,5800.0,5800.0,,,,,22.0,9.0,0.41935483870967744,1200.0,,,,,unavailable,,,,,,,,,,,,,,,,,,,,,,,,,,,,,,,,,,,,,,,,,,,,,,,,,,,,,,,,,,
2026-09-28,COMMODITY,COMMODITY,bz,bz,bz,DCE,2708,,,,,,,,,,8400.0,5800.0,,,5800.0,,,43.0,0.0,0.0,,,,,,,,,,,,,,,,,,,,,,,,,,,,,,,,,,,,,,False,False,other_month,,,,,,,,,,,,,,,,,,,5800.0,5800.0,,,,,22.0,21.0,0.023255813953488372,2600.0,,,,,unavailable,,,,,,,,,,,,,,,,,,,,,,,,,,,,,,,,,,,,,,,,,,,,,,,,,,,,,,,,,,
2026-09-28,COMMODITY,COMMODITY,c,c,c,DCE,2611,,,,,,,2180.0,,,2300.0,2160.0,,,2220.0,,,447702.0,89230.0,16311000.0,,,,,,,,0.0183486238532109,,,,,,,,,,,,,,,,,,,,,,,,,,,,,,False,False,other_month,,,,,,,,,,,,c2611,2180.0,407253.0,1133196.0,-23384.0,8878966000.0,1.4e-05,2220.0,2220.0,0.05504587155963292,-0.00917431192660545,0.0183486238532109,0.0183486238532109,243090.0,204612.0,0.08594556200329684,140.0,0.06422018348623854,put_oi_wall,2160.0,-0.00917431192660545,below_price_wall,,,,,,,,,,,,,,,,,,,,,,,,,,,,,,,,,,,,,,,,,,,,,,,,,,,,,,,,,,
2026-09-28,COMMODITY,COMMODITY,c,c,c,DCE,2701,,,,,,,2209.0,,,2400.0,2160.0,,,2300.0,,,213804.0,23112.0,4122040.0,,,,,,,,0.04119511090991401,,,,,,,,,,,,,,,,,,,,,,,,,,,,,,False,False,other_month,,,,,,,,,,,,c2701,2209.0,168320.0,725716.0,1278.0,3719535600.0,-9e-06,2720.0,2220.0,0.08646446355817106,-0.02218198279764594,0.23132639203259386,0.004979628791308199,143492.0,70312.0,0.3422761033469907,240.0,0.1086464463558171,amount_wall,2220.0,0.004979628791308199,below_price_wall,,,,,,,,,,,,,,,,,,,,,,,,,,,,,,,,,,,,,,,,,,,,,,,,,,,,,,,,,,
2026-09-28,COMMODITY,COMMODITY,c,c,c,DCE,2703,,,,,,,2236.0,,,2400.0,2160.0,,,2360.0,,,41593.0,3302.0,1026820.0,,,,,,,,0.05545617173524153,,,,,,,,,,,,,,,,,,,,,,,,,,,,,,False,False,other_month,,,,,,,,,,,,c2703,2236.0,35968.0,344829.0,7328.0,804566640.0,-1.3e-05,2440.0,2240.0,0.07334525939177095,-0.03398926654740608,0.09123434704830058,0.0017889087656528524,30160.0,11433.0,0.45024403144759934,240.0,0.1073345259391771,amount_wall,2240.0,0.0017889087656528524,below_price_wall,,,,,,,,,,,,,,,,,,,,,,,,,,,,,,,,,,,,,,,,,,,,,,,,,,,,,,,,,,
2026-09-28,COMMODITY,COMMODITY,c,c,c,DCE,2705,,,,,,,2287.0,,,2600.0,2280.0,,,2600.0,,,6664.0,259.0,36155.0,,,,,,,,0.13686051595977267,,,,,,,,,,,,,,,,,,,,,,,,,,,,,,False,False,other_month,,,,,,,,,,,,c2705,2287.0,22958.0,131053.0,-275.0,525352870.0,-3.1e-05,2600.0,2600.0,0.13686051595977267,-0.003060778312199419,0.13686051595977267,0.13686051595977267,2685.0,3979.0,-0.19417767106842737,320.0,0.139921294271972,put_oi_wall,2280.0,-0.003060778312199419,below_price_wall,,,,,,,,,,,,,,,,,,,,,,,,,,,,,,,,,,,,,,,,,,,,,,,,,,,,,,,,,,
2026-09-28,COMMODITY,COMMODITY,c,c,c,DCE,2707,,,,,,,2309.0,,,2360.0,2080.0,,,2360.0,,,469.0,0.0,0.0,,,,,,,,0.022087483759203108,,,,,,,,,,,,,,,,,,,,,,,,,,,,,,False,False,other_month,,,,,,,,,,,,c2707,2309.0,9194.0,137322.0,2046.0,212473820.0,-3.5000000000000004e-05,2040.0,2040.0,0.022087483759203108,-0.09917713295799047,-0.11650064963187523,-0.11650064963187523,357.0,112.0,0.5223880597014925,280.0,0.12126461671719359,call_oi_wall,2360.0,0.022087483759203108,below_price_wall,,,,,,,,,,,,,,,,,,,,,,,,,,,,,,,,,,,,,,,,,,,,,,,,,,,,,,,,,,
2026-09-28,COMMODITY,COMMODITY,c,c,c,DCE,2709,,,,,,,2330.0,,,2560.0,2120.0,,,2560.0,,,31.0,1.0,200.0,,,,,,,,0.09871244635193133,,,,,,,,,,,,,,,,,,,,,,,,,,,,,,False,False,other_month,,,,,,,,,,,,c2709,2330.0,612.0,3775.0,96.0,14272020.0,-3.8e-05,2560.0,2560.0,0.09871244635193133,-0.09012875536480691,0.09871244635193133,0.09871244635193133,5.0,26.0,-0.6774193548387096,440.0,0.1888412017167382,put_oi_wall,2120.0,-0.09012875536480691,below_price_wall,,,,,,,,,,,,,,,,,,,,,,,,,,,,,,,,,,,,,,,,,,,,,,,,,,,,,,,,,,
2026-09-28,COMMODITY,COMMODITY,cs,cs,cs,DCE,2611,,,,,,,2429.0,,,2750.0,2400.0,,,2400.0,,,82926.0,22863.0,7300235.0,,,,,,,,-0.01193906957595714,,,,,,,,,,,,,,,,,,,,,,,,,,,,,,False,False,other_month,,,,,,,,,,,,cs2611,2429.0,122003.0,331029.0,-10977.0,2950228000.0,0.0,2400.0,2600.0,0.13215314944421563,-0.01193906957595714,-0.01193906957595714,0.07039934129271308,54170.0,28756.0,0.30646600583652894,350.0,0.1440922190201729,put_oi_wall,2400.0,-0.01193906957595714,above_price_wall,,,,,,,,,,,,,,,,,,,,,,,,,,,,,,,,,,,,,,,,,,,,,,,,,,,,,,,,,,
2026-09-28,COMMODITY,COMMODITY,cs,cs,cs,DCE,2701,,,,,,,2457.0,,,2600.0,2400.0,,,2400.0,,,34274.0,7410.0,2243220.0,,,,,,,,-0.023199023199023228,,,,,,,,,,,,,,,,,,,,,,,,,,,,,,False,False,other_month,,,,,,,,,,,,cs2701,2457.0,38283.0,113995.0,6891.0,940597380.0,-3.6e-05,2400.0,2400.0,0.05820105820105814,-0.023199023199023228,-0.023199023199023228,-0.023199023199023228,17460.0,16814.0,0.01884810643636576,200.0,0.0814000814000814,put_oi_wall,2400.0,-0.023199023199023228,above_price_wall,,,,,,,,,,,,,,,,,,,,,,,,,,,,,,,,,,,,,,,,,,,,,,,,,,,,,,,,,,
2026-09-28,COMMODITY,COMMODITY,cs,cs,cs,DCE,2703,,,,,,,2482.0,,,3000.0,2400.0,,,3000.0,,,701.0,0.0,0.0,,,,,,,,0.20870265914585007,,,,,,,,,,,,,,,,,,,,,,,,,,,,,,False,False,other_month,,,,,,,,,,,,cs2703,2482.0,9197.0,65125.0,2596.0,228177920.0,-4e-05,2300.0,2300.0,0.20870265914585007,-0.033037872683319924,-0.07332796132151487,-0.07332796132151487,549.0,152.0,0.5663338088445078,600.0,0.24174053182917002,put_oi_wall,2400.0,-0.033037872683319924,below_price_wall,,,,,,,,,,,,,,,,,,,,,,,,,,,,,,,,,,,,,,,,,,,,,,,,,,,,,,,,,,
2026-09-28,COMMODITY,COMMODITY,cs,cs,cs,DCE,2705,,,,,,,2579.0,,,2900.0,2400.0,,,2500.0,,,95.0,7.0,2765.0,,,,,,,,-0.030632027917797622,,,,,,,,,,,,,,,,,,,,,,,,,,,,,,False,False,other_month,,,,,,,,,,,,cs2705,2579.0,638.0,6854.0,248.0,16459330.0,-3.5000000000000004e-05,2500.0,2500.0,0.12446684761535476,-0.06940674680108572,-0.030632027917797622,-0.030632027917797622,22.0,73.0,-0.5368421052631579,500.0,0.19387359441644048,price_wall,2500.0,-0.030632027917797622,above_price_wall,,,,,,,,,,,,,,,,,,,,,,,,,,,,,,,,,,,,,,,,,,,,,,,,,,,,,,,,,,
2026-09-28,COMMODITY,COMMODITY,cs,cs,cs,DCE,2707,,,,,,,2597.0,,,2800.0,2400.0,,,2400.0,,,95.0,1.0,195.0,,,,,,,,-0.0758567577974586,,,,,,,,,,,,,,,,,,,,,,,,,,,,,,False,False,other_month,,,,,,,,,,,,cs2707,2597.0,106.0,1090.0,18.0,2753700.0,-2.7000000000000002e-05,2400.0,2400.0,0.07816711590296488,-0.0758567577974586,-0.0758567577974586,-0.0758567577974586,24.0,71.0,-0.49473684210526314,400.0,0.15402387370042356,put_oi_wall,2400.0,-0.0758567577974586,above_price_wall,,,,,,,,,,,,,,,,,,,,,,,,,,,,,,,,,,,,,,,,,,,,,,,,,,,,,,,,,,
2026-09-28,COMMODITY,COMMODITY,cs,cs,cs,DCE,2709,,,,,,,2643.0,,,2900.0,2400.0,,,2400.0,,,32.0,0.0,0.0,,,,,,,,-0.09194097616345065,,,,,,,,,,,,,,,,,,,,,,,,,,,,,,False,False,other_month,,,,,,,,,,,,cs2709,2643.0,4.0,52.0,0.0,105720.0,-1.9e-05,2400.0,2400.0,0.09723798713583043,-0.09194097616345065,-0.09194097616345065,-0.09194097616345065,17.0,15.0,0.0625,500.0,0.18917896329928113,put_oi_wall,2400.0,-0.09194097616345065,above_price_wall,,,,,,,,,,,,,,,,,,,,,,,,,,,,,,,,,,,,,,,,,,,,,,,,,,,,,,,,,,
2026-09-28,COMMODITY,COMMODITY,eb,eb,eb,DCE,2611,,,,,,,9613.0,,,11000.0,8000.0,,,10000.0,,,88943.0,103355.0,93786642.0,,,,,,,,0.040257983980027,,,,,,,,,,,,,,,,,,,,,,,,,,,,,,False,False,other_month,,,,,,,,,,,,eb2611,9613.0,646004.0,344806.0,-21377.0,30999042000.0,5.4000000000000005e-05,10000.0,10000.0,0.14428378237802986,-0.16779361281597838,0.040257983980027,0.040257983980027,37982.0,50961.0,-0.14592491820604206,3000.0,0.3120773951940081,price_wall,10000.0,0.040257983980027,below_price_wall,,,,,,,,,,,,,,,,,,,,,,,,,,,,,,,,,,,,,,,,,,,,,,,,,,,,,,,,,,
2026-09-28,COMMODITY,COMMODITY,eb,eb,eb,DCE,2612,,,,,,,9222.0,,,10000.0,8400.0,,,9200.0,,,6929.0,4052.0,6301072.0,,,,,,,,-0.002385599653003667,,,,,,,,,,,,,,,,,,,,,,,,,,,,,,False,False,other_month,,,,,,,,,,,,eb2612,9222.0,70622.0,93715.0,849.0,3251499000.0,7.1e-05,10000.0,9200.0,0.08436347863803939,-0.08913467794404684,0.08436347863803939,-0.002385599653003667,3546.0,3383.0,0.023524318083417522,1600.0,0.1734981565820863,price_wall,9200.0,-0.002385599653003667,near_price_wall,,,,,,,,,,,,,,,,,,,,,,,,,,,,,,,,,,,,,,,,,,,,,,,,,,,,,,,,,,
2026-09-28,COMMODITY,COMMODITY,eb,eb,eb,DCE,2701,,,,,,,8927.0,,,9600.0,6000.0,,,6000.0,,,884.0,8.0,5751.0,,,,,,,,-0.3278817071804637,,,,,,,,,,,,,,,,,,,,,,,,,,,,,,False,False,other_month,,,,,,,,,,,,eb2701,8927.0,27856.0,33552.0,-3167.0,1240893540.0,9.400000000000001e-05,7900.0,7900.0,0.07538926851125805,-0.3278817071804637,-0.11504424778761058,-0.11504424778761058,221.0,663.0,-0.5,3600.0,0.40327097569172177,call_oi_wall,9600.0,0.07538926851125805,above_price_wall,,,,,,,,,,,,,,,,,,,,,,,,,,,,,,,,,,,,,,,,,,,,,,,,,,,,,,,,,,
2026-09-28,COMMODITY,COMMODITY,eb,eb,eb,DCE,2702,,,,,,,8750.0,,,10000.0,7000.0,,,7600.0,,,309.0,2.0,1621.0,,,,,,,,-0.13142857142857145,,,,,,,,,,,,,,,,,,,,,,,,,,,,,,False,False,other_month,,,,,,,,,,,,eb2702,8750.0,3883.0,26753.0,186.0,169507560.0,0.000118,7600.0,7700.0,0.1428571428571428,-0.19999999999999996,-0.13142857142857145,-0.12,122.0,187.0,-0.21035598705501618,3000.0,0.34285714285714286,amount_wall,7700.0,-0.12,above_price_wall,,,,,,,,,,,,,,,,,,,,,,,,,,,,,,,,,,,,,,,,,,,,,,,,,,,,,,,,,,
2026-09-28,COMMODITY,COMMODITY,eb,eb,eb,DCE,2703,,,,,,,8657.0,,,10400.0,7400.0,,,10400.0,,,131.0,0.0,0.0,,,,,,,,0.2013399561048863,,,,,,,,,,,,,,,,,,,,,,,,,,,,,,False,False,other_month,,,,,,,,,,,,eb2703,8657.0,45.0,1790.0,12.0,1944055.0,0.000125,6400.0,6400.0,0.2013399561048863,-0.14520041584844634,-0.26071387316622385,-0.26071387316622385,94.0,37.0,0.4351145038167939,3000.0,0.34654037195333254,put_oi_wall,7400.0,-0.14520041584844634,below_price_wall,,,,,,,,,,,,,,,,,,,,,,,,,,,,,,,,,,,,,,,,,,,,,,,,,,,,,,,,,,
2026-09-28,COMMODITY,COMMODITY,eb,eb,eb,DCE,2704,,,,,,,8601.0,,,9000.0,7600.0,,,9600.0,,,185.0,4.0,5670.0,,,,,,,,0.11614928496686439,,,,,,,,,,,,,,,,,,,,,,,,,,,,,,False,False,other_month,,,,,,,,,,,,eb2704,8601.0,51.0,640.0,8.0,2191945.0,9.400000000000001e-05,9600.0,9600.0,0.04638995465643525,-0.1163818160678991,0.11614928496686439,0.11614928496686439,151.0,34.0,0.6324324324324324,1400.0,0.16277177072433438,call_oi_wall,9000.0,0.04638995465643525,below_price_wall,,,,,,,,,,,,,,,,,,,,,,,,,,,,,,,,,,,,,,,,,,,,,,,,,,,,,,,,,,
2026-09-28,COMMODITY,COMMODITY,eb,eb,eb,DCE,2705,,,,,,,8556.0,,,9600.0,7800.0,,,9600.0,,,328.0,0.0,0.0,,,,,,,,0.12201963534361848,,,,,,,,,,,,,,,,,,,,,,,,,,,,,,False,False,other_month,,,,,,,,,,,,eb2705,8556.0,119.0,862.0,-35.0,5094065.0,4.4999999999999996e-05,6400.0,6400.0,0.12201963534361848,-0.08835904628330993,-0.251986909770921,-0.251986909770921,173.0,155.0,0.054878048780487805,1800.0,0.21037868162692847,put_oi_wall,7800.0,-0.08835904628330993,below_price_wall,,,,,,,,,,,,,,,,,,,,,,,,,,,,,,,,,,,,,,,,,,,,,,,,,,,,,,,,,,
2026-09-28,COMMODITY,COMMODITY,eb,eb,eb,DCE,2706,,,,,,,8476.0,,,9800.0,6400.0,,,9800.0,,,108.0,0.0,0.0,,,,,,,,0.15620575743275134,,,,,,,,,,,,,,,,,,,,,,,,,,,,,,False,False,other_month,,,,,,,,,,,,eb2706,8476.0,5.0,182.0,1.0,212090.0,-3.8e-05,6400.0,6400.0,0.15620575743275134,-0.2449268522888155,-0.2449268522888155,-0.2449268522888155,107.0,1.0,0.9814814814814815,3400.0,0.4011326097215668,call_oi_wall,9800.0,0.15620575743275134,below_price_wall,,,,,,,,,,,,,,,,,,,,,,,,,,,,,,,,,,,,,,,,,,,,,,,,,,,,,,,,,,
2026-09-28,COMMODITY,COMMODITY,eb,eb,eb,DCE,2707,,,,,,,,,,8600.0,6600.0,,,8600.0,,,225.0,0.0,0.0,,,,,,,,,,,,,,,,,,,,,,,,,,,,,,,,,,,,,,False,False,other_month,,,,,,,,,,,,,,,,,,,6600.0,6600.0,,,,,160.0,65.0,0.4222222222222222,2000.0,,,,,unavailable,,,,,,,,,,,,,,,,,,,,,,,,,,,,,,,,,,,,,,,,,,,,,,,,,,,,,,,,,,
2026-09-28,COMMODITY,COMMODITY,eb,eb,eb,DCE,2708,,,,,,,8480.0,,,8000.0,7000.0,,,8000.0,,,58.0,0.0,0.0,,,,,,,,-0.05660377358490565,,,,,,,,,,,,,,,,,,,,,,,,,,,,,,False,False,other_month,,,,,,,,,,,,eb2708,8480.0,4.0,30.0,-2.0,169205.0,8.7e-05,7000.0,7000.0,-0.05660377358490565,-0.17452830188679247,-0.17452830188679247,-0.17452830188679247,23.0,35.0,-0.20689655172413793,1000.0,0.1179245283018868,call_oi_wall,8000.0,-0.05660377358490565,above_price_wall,,,,,,,,,,,,,,,,,,,,,,,,,,,,,,,,,,,,,,,,,,,,,,,,,,,,,,,,,,
2026-09-28,COMMODITY,COMMODITY,eg,eg,eg,DCE,2611,,,,,,,5280.0,,,6000.0,4500.0,,,5000.0,,,177829.0,198757.0,237254580.0,,,,,,,,-0.05303030303030298,,,,,,,,,,,,,,,,,,,,,,,,,,,,,,False,False,other_month,,,,,,,,,,,,eg2611,5280.0,960704.0,286255.0,4070.0,50887966000.0,-1.9e-05,5000.0,5000.0,0.13636363636363646,-0.1477272727272727,-0.05303030303030298,-0.05303030303030298,65455.0,112374.0,-0.2638433551333022,1500.0,0.2840909090909091,price_wall,5000.0,-0.05303030303030298,above_price_wall,,,,,,,,,,,,,,,,,,,,,,,,,,,,,,,,,,,,,,,,,,,,,,,,,,,,,,,,,,
2026-09-28,COMMODITY,COMMODITY,eg,eg,eg,DCE,2612,,,,,,,4942.0,,,5900.0,4650.0,,,5600.0,,,7398.0,2691.0,4208370.0,,,,,,,,0.1331444759206799,,,,,,,,,,,,,,,,,,,,,,,,,,,,,,False,False,other_month,,,,,,,,,,,,eg2612,4942.0,41685.0,95639.0,2339.0,2061081300.0,-4e-05,5800.0,5100.0,0.1938486442735734,-0.05908539053014972,0.17361392148927557,0.031970861999190525,3543.0,3855.0,-0.042173560421735604,1250.0,0.2529340348037232,amount_wall,5100.0,0.031970861999190525,below_price_wall,,,,,,,,,,,,,,,,,,,,,,,,,,,,,,,,,,,,,,,,,,,,,,,,,,,,,,,,,,
2026-09-28,COMMODITY,COMMODITY,eg,eg,eg,DCE,2701,,,,,,,4744.0,,,5700.0,5000.0,,,5000.0,,,8648.0,2867.0,9704480.0,,,,,,,,0.053962900505902134,,,,,,,,,,,,,,,,,,,,,,,,,,,,,,False,False,other_month,,,,,,,,,,,,eg2701,4744.0,201195.0,164518.0,-2226.0,9524055100.0,-1.7e-05,5000.0,5000.0,0.2015177065767284,0.053962900505902134,0.053962900505902134,0.053962900505902134,2567.0,6081.0,-0.40633672525439407,700.0,0.1475548060708263,put_oi_wall,5000.0,0.053962900505902134,below_price_wall,,,,,,,,,,,,,,,,,,,,,,,,,,,,,,,,,,,,,,,,,,,,,,,,,,,,,,,,,,
2026-09-28,COMMODITY,COMMODITY,eg,eg,eg,DCE,2702,,,,,,,4612.0,,,5500.0,4000.0,,,5500.0,,,171.0,0.0,0.0,,,,,,,,0.19254119687771043,,,,,,,,,,,,,,,,,,,,,,,,,,,,,,False,False,other_month,,,,,,,,,,,,eg2702,4612.0,2456.0,31902.0,905.0,112697210.0,-2.3999999999999997e-05,3500.0,3500.0,0.19254119687771043,-0.13269731136166518,-0.2411101474414571,-0.2411101474414571,117.0,54.0,0.3684210526315789,1500.0,0.32523850823937556,put_oi_wall,4000.0,-0.13269731136166518,below_price_wall,,,,,,,,,,,,,,,,,,,,,,,,,,,,,,,,,,,,,,,,,,,,,,,,,,,,,,,,,,
2026-09-28,COMMODITY,COMMODITY,eg,eg,eg,DCE,2703,,,,,,,4534.0,,,5600.0,3700.0,,,5600.0,,,76.0,0.0,0.0,,,,,,,,0.23511248345831492,,,,,,,,,,,,,,,,,,,,,,,,,,,,,,False,False,other_month,,,,,,,,,,,,eg2703,4534.0,399.0,1649.0,88.0,17980130.0,-2.2000000000000003e-05,3500.0,3500.0,0.23511248345831492,-0.1839435377150419,-0.22805469783855314,-0.22805469783855314,65.0,11.0,0.7105263157894737,1900.0,0.4190560211733569,put_oi_wall,3700.0,-0.1839435377150419,below_price_wall,,,,,,,,,,,,,,,,,,,,,,,,,,,,,,,,,,,,,,,,,,,,,,,,,,,,,,,,,,
2026-09-28,COMMODITY,COMMODITY,eg,eg,eg,DCE,2704,,,,,,,4570.0,,,5400.0,3700.0,,,5400.0,,,116.0,0.0,0.0,,,,,,,,0.1816192560175054,,,,,,,,,,,,,,,,,,,,,,,,,,,,,,False,False,other_month,,,,,,,,,,,,eg2704,4570.0,191.0,773.0,6.0,8676720.0,4e-06,3500.0,3500.0,0.1816192560175054,-0.19037199124726478,-0.2341356673960613,-0.2341356673960613,111.0,5.0,0.9137931034482759,1700.0,0.37199124726477023,call_oi_wall,5400.0,0.1816192560175054,below_price_wall,,,,,,,,,,,,,,,,,,,,,,,,,,,,,,,,,,,,,,,,,,,,,,,,,,,,,,,,,,
2026-09-28,COMMODITY,COMMODITY,eg,eg,eg,DCE,2705,,,,,,,4534.0,,,5000.0,3700.0,,,3700.0,,,129.0,0.0,0.0,,,,,,,,-0.1839435377150419,,,,,,,,,,,,,,,,,,,,,,,,,,,,,,False,False,other_month,,,,,,,,,,,,eg2705,4534.0,3081.0,12139.0,192.0,139132080.0,-7e-06,3500.0,3500.0,0.10277900308778132,-0.1839435377150419,-0.22805469783855314,-0.22805469783855314,78.0,51.0,0.20930232558139536,1300.0,0.2867225408028231,call_oi_wall,5000.0,0.10277900308778132,above_price_wall,,,,,,,,,,,,,,,,,,,,,,,,,,,,,,,,,,,,,,,,,,,,,,,,,,,,,,,,,,
2026-09-28,COMMODITY,COMMODITY,eg,eg,eg,DCE,2706,,,,,,,4514.0,,,5400.0,3800.0,,,3800.0,,,60.0,0.0,0.0,,,,,,,,-0.15817456801063356,,,,,,,,,,,,,,,,,,,,,,,,,,,,,,False,False,other_month,,,,,,,,,,,,eg2706,4514.0,16.0,278.0,3.0,720340.0,-1.8e-05,3600.0,3600.0,0.19627824545857342,-0.15817456801063356,-0.20248116969428442,-0.20248116969428442,13.0,47.0,-0.5666666666666667,1600.0,0.35445281346920693,put_oi_wall,3800.0,-0.15817456801063356,above_price_wall,,,,,,,,,,,,,,,,,,,,,,,,,,,,,,,,,,,,,,,,,,,,,,,,,,,,,,,,,,
2026-09-28,COMMODITY,COMMODITY,eg,eg,eg,DCE,2707,,,,,,,4459.0,,,5200.0,3700.0,,,5200.0,,,47.0,0.0,0.0,,,,,,,,0.16618075801749277,,,,,,,,,,,,,,,,,,,,,,,,,,,,,,False,False,other_month,,,,,,,,,,,,eg2707,4459.0,9.0,107.0,-2.0,402760.0,-0.000104,3700.0,3700.0,0.16618075801749277,-0.17021753756447633,-0.17021753756447633,-0.17021753756447633,25.0,22.0,0.06382978723404255,1500.0,0.33639829558196904,call_oi_wall,5200.0,0.16618075801749277,below_price_wall,,,,,,,,,,,,,,,,,,,,,,,,,,,,,,,,,,,,,,,,,,,,,,,,,,,,,,,,,,
2026-09-28,COMMODITY,COMMODITY,eg,eg,eg,DCE,2708,,,,,,,4474.0,,,4700.0,4400.0,,,4400.0,,,5.0,0.0,0.0,,,,,,,,-0.016540008940545414,,,,,,,,,,,,,,,,,,,,,,,,,,,,,,False,False,other_month,,,,,,,,,,,,eg2708,4474.0,11.0,405.0,3.0,491650.0,-2.5e-05,3900.0,3900.0,0.05051408135896285,-0.016540008940545414,-0.12829682610639248,-0.12829682610639248,4.0,1.0,0.6,300.0,0.06705409029950828,put_oi_wall,4400.0,-0.016540008940545414,above_price_wall,,,,,,,,,,,,,,,,,,,,,,,,,,,,,,,,,,,,,,,,,,,,,,,,,,,,,,,,,,
2026-09-28,COMMODITY,COMMODITY,i,i,i,DCE,2611,,,,,,,710.0,,,750.0,700.0,,,720.0,,,92470.0,96282.0,48111960.0,,,,,,,,0.014084507042253502,,,,,,,,,,,,,,,,,,,,,,,,,,,,,,False,False,other_month,,,,,,,,,,,,i2611,710.0,16670.0,98086.0,-478.0,1185071600.0,-0.000111,700.0,700.0,0.05633802816901401,-0.014084507042253502,-0.014084507042253502,-0.014084507042253502,43243.0,49227.0,-0.06471287985292527,50.0,0.07042253521126761,put_oi_wall,700.0,-0.014084507042253502,below_price_wall,,,,,,,,,,,,,,,,,,,,,,,,,,,,,,,,,,,,,,,,,,,,,,,,,,,,,,,,,,
2026-09-28,COMMODITY,COMMODITY,i,i,i,DCE,2612,,,,,,,708.0,,,880.0,690.0,,,780.0,,,3614.0,2161.0,2434530.0,,,,,,,,0.10169491525423724,,,,,,,,,,,,,,,,,,,,,,,,,,,,,,False,False,other_month,,,,,,,,,,,,i2612,708.0,8855.0,87406.0,617.0,627550650.0,-0.000105,600.0,780.0,0.24293785310734473,-0.025423728813559365,-0.15254237288135597,0.10169491525423724,1706.0,1908.0,-0.055893746541228556,190.0,0.268361581920904,put_oi_wall,690.0,-0.025423728813559365,below_price_wall,,,,,,,,,,,,,,,,,,,,,,,,,,,,,,,,,,,,,,,,,,,,,,,,,,,,,,,,,,
2026-09-28,COMMODITY,COMMODITY,i,i,i,DCE,2701,,,,,,,705.0,,,800.0,700.0,,,700.0,,,101586.0,20613.0,20753100.0,,,,,,,,-0.007092198581560294,,,,,,,,,,,,,,,,,,,,,,,,,,,,,,False,False,other_month,,,,,,,,,,,,i2701,705.0,235552.0,572619.0,11083.0,16602999000.0,-9.1e-05,700.0,700.0,0.13475177304964547,-0.007092198581560294,-0.007092198581560294,-0.007092198581560294,47316.0,54270.0,-0.06845431457090544,100.0,0.14184397163120568,put_oi_wall,700.0,-0.007092198581560294,above_price_wall,,,,,,,,,,,,,,,,,,,,,,,,,,,,,,,,,,,,,,,,,,,,,,,,,,,,,,,,,,
2026-09-28,COMMODITY,COMMODITY,i,i,i,DCE,2702,,,,,,,701.0,,,820.0,720.0,,,720.0,,,377.0,0.0,0.0,,,,,,,,0.02710413694721825,,,,,,,,,,,,,,,,,,,,,,,,,,,,,,False,False,other_month,,,,,,,,,,,,i2702,701.0,7969.0,68775.0,1705.0,559194200.0,-0.000113,580.0,580.0,0.16975748930099854,0.02710413694721825,-0.1726105563480742,-0.1726105563480742,45.0,332.0,-0.7612732095490716,100.0,0.14265335235378032,put_oi_wall,720.0,0.02710413694721825,below_price_wall,,,,,,,,,,,,,,,,,,,,,,,,,,,,,,,,,,,,,,,,,,,,,,,,,,,,,,,,,,
2026-09-28,COMMODITY,COMMODITY,i,i,i,DCE,2703,,,,,,,699.5,,,700.0,740.0,,,740.0,,,307.0,0.0,0.0,,,,,,,,0.05789849892780552,,,,,,,,,,,,,,,,,,,,,,,,,,,,,,False,False,other_month,,,,,,,,,,,,i2703,699.5,2866.0,62769.0,145.0,200376800.0,-9.900000000000001e-05,580.0,580.0,0.0007147962830593713,0.05789849892780552,-0.1708363116511794,-0.1708363116511794,11.0,296.0,-0.9283387622149837,-40.0,-0.057183702644746245,call_oi_wall,700.0,0.0007147962830593713,below_price_wall,,,,,,,,,,,,,,,,,,,,,,,,,,,,,,,,,,,,,,,,,,,,,,,,,,,,,,,,,,
2026-09-28,COMMODITY,COMMODITY,i,i,i,DCE,2704,,,,,,,698.0,,,760.0,740.0,,,740.0,,,199.0,0.0,0.0,,,,,,,,0.06017191977077374,,,,,,,,,,,,,,,,,,,,,,,,,,,,,,False,False,other_month,,,,,,,,,,,,i2704,698.0,764.0,46019.0,160.0,53346600.0,-0.000106,580.0,580.0,0.08882521489971351,0.06017191977077374,-0.16905444126074498,-0.16905444126074498,29.0,170.0,-0.7085427135678392,20.0,0.02865329512893983,put_oi_wall,740.0,0.06017191977077374,below_price_wall,,,,,,,,,,,,,,,,,,,,,,,,,,,,,,,,,,,,,,,,,,,,,,,,,,,,,,,,,,
2026-09-28,COMMODITY,COMMODITY,i,i,i,DCE,2705,,,,,,,695.5,,,800.0,700.0,,,700.0,,,2788.0,309.0,902500.0,,,,,,,,0.006470165348670065,,,,,,,,,,,,,,,,,,,,,,,,,,,,,,False,False,other_month,,,,,,,,,,,,i2705,695.5,21337.0,112194.0,1694.0,1482569300.0,-0.0001,700.0,700.0,0.1502516175413371,0.006470165348670065,0.006470165348670065,0.006470165348670065,1040.0,1748.0,-0.2539454806312769,100.0,0.14378145219266714,put_oi_wall,700.0,0.006470165348670065,below_price_wall,,,,,,,,,,,,,,,,,,,,,,,,,,,,,,,,,,,,,,,,,,,,,,,,,,,,,,,,,,
2026-09-28,COMMODITY,COMMODITY,i,i,i,DCE,2706,,,,,,,694.0,,,740.0,720.0,,,720.0,,,390.0,0.0,0.0,,,,,,,,0.03746397694524495,,,,,,,,,,,,,,,,,,,,,,,,,,,,,,False,False,other_month,,,,,,,,,,,,i2706,694.0,575.0,32687.0,288.0,39813800.0,-8.6e-05,580.0,580.0,0.06628242074927959,0.03746397694524495,-0.1642651296829971,-0.1642651296829971,58.0,332.0,-0.7025641025641025,20.0,0.02881844380403458,put_oi_wall,720.0,0.03746397694524495,below_price_wall,,,,,,,,,,,,,,,,,,,,,,,,,,,,,,,,,,,,,,,,,,,,,,,,,,,,,,,,,,
2026-09-28,COMMODITY,COMMODITY,i,i,i,DCE,2707,,,,,,,691.5,,,720.0,720.0,,,720.0,,,110.0,0.0,0.0,,,,,,,,0.04121475054229928,,,,,,,,,,,,,,,,,,,,,,,,,,,,,,False,False,other_month,,,,,,,,,,,,i2707,691.5,1099.0,26475.0,638.0,75970200.0,-8.6e-05,580.0,580.0,0.04121475054229928,0.04121475054229928,-0.1612436731742588,-0.1612436731742588,61.0,49.0,0.10909090909090909,0.0,0.0,call_oi_wall,720.0,0.04121475054229928,below_price_wall,,,,,,,,,,,,,,,,,,,,,,,,,,,,,,,,,,,,,,,,,,,,,,,,,,,,,,,,,,
2026-09-28,COMMODITY,COMMODITY,i,i,i,DCE,2708,,,,,,,689.5,,,800.0,680.0,,,680.0,,,46.0,3.0,7100.0,,,,,,,,-0.013778100072516342,,,,,,,,,,,,,,,,,,,,,,,,,,,,,,False,False,other_month,,,,,,,,,,,,i2708,689.5,836.0,9556.0,346.0,57626300.0,-9.3e-05,580.0,680.0,0.16026105873821606,-0.013778100072516342,-0.15881073241479338,-0.013778100072516342,18.0,28.0,-0.21739130434782608,120.0,0.17403915881073242,put_oi_wall,680.0,-0.013778100072516342,above_price_wall,,,,,,,,,,,,,,,,,,,,,,,,,,,,,,,,,,,,,,,,,,,,,,,,,,,,,,,,,,
2026-09-28,COMMODITY,COMMODITY,i,i,i,DCE,2709,,,,,,,687.0,,,620.0,680.0,,,680.0,,,312.0,303.0,1002280.0,,,,,,,,-0.010189228529839833,,,,,,,,,,,,,,,,,,,,,,,,,,,,,,False,False,other_month,,,,,,,,,,,,i2709,687.0,1428.0,3256.0,951.0,98037250.0,-9.400000000000001e-05,680.0,680.0,-0.09752547307132464,-0.010189228529839833,-0.010189228529839833,-0.010189228529839833,2.0,310.0,-0.9871794871794872,-60.0,-0.08733624454148471,put_oi_wall,680.0,-0.010189228529839833,above_price_wall,,,,,,,,,,,,,,,,,,,,,,,,,,,,,,,,,,,,,,,,,,,,,,,,,,,,,,,,,,
2026-09-28,COMMODITY,COMMODITY,j,j,j,DCE,2611,,,,,,,1939.5,,,2250.0,1850.0,,,1900.0,,,7993.0,3425.0,15472830.0,,,,,,,,-0.020366073730342826,,,,,,,,,,,,,,,,,,,,,,,,,,,,,,False,False,other_month,,,,,,,,,,,,j2611,1939.5,1617.0,4799.0,-248.0,311163050.0,-1.8e-05,1900.0,1900.0,0.16009280742459397,-0.046145913895333845,-0.020366073730342826,-0.020366073730342826,4519.0,3474.0,0.13073939697235082,400.0,0.20623872131992782,price_wall,1900.0,-0.020366073730342826,above_price_wall,,,,,,,,,,,,,,,,,,,,,,,,,,,,,,,,,,,,,,,,,,,,,,,,,,,,,,,,,,
2026-09-28,COMMODITY,COMMODITY,j,j,j,DCE,2612,,,,,,,1946.0,,,2150.0,1950.0,,,2175.0,,,83.0,1.0,1620.0,,,,,,,,0.11767728674203504,,,,,,,,,,,,,,,,,,,,,,,,,,,,,,False,False,other_month,,,,,,,,,,,,j2612,1946.0,436.0,2636.0,267.0,84427350.0,-5.6e-05,2175.0,2175.0,0.10483042137718401,0.0020554984583760483,0.11767728674203504,0.11767728674203504,71.0,12.0,0.7108433734939759,200.0,0.10277492291880781,put_oi_wall,1950.0,0.0020554984583760483,below_price_wall,,,,,,,,,,,,,,,,,,,,,,,,,,,,,,,,,,,,,,,,,,,,,,,,,,,,,,,,,,
2026-09-28,COMMODITY,COMMODITY,j,j,j,DCE,2701,,,,,,,1952.0,,,2350.0,1925.0,,,1875.0,,,7205.0,2924.0,19489020.0,,,,,,,,-0.03944672131147542,,,,,,,,,,,,,,,,,,,,,,,,,,,,,,False,False,other_month,,,,,,,,,,,,j2701,1952.0,28149.0,50225.0,-927.0,5463240300.0,-5.4000000000000005e-05,1875.0,1875.0,0.20389344262295084,-0.013831967213114749,-0.03944672131147542,-0.03944672131147542,4299.0,2906.0,0.19333795975017348,425.0,0.2177254098360656,put_oi_wall,1925.0,-0.013831967213114749,above_price_wall,,,,,,,,,,,,,,,,,,,,,,,,,,,,,,,,,,,,,,,,,,,,,,,,,,,,,,,,,,
2026-09-28,COMMODITY,COMMODITY,j,j,j,DCE,2702,,,,,,,1919.0,,,2425.0,1925.0,,,1925.0,,,18.0,0.0,0.0,,,,,,,,0.0031266284523188137,,,,,,,,,,,,,,,,,,,,,,,,,,,,,,False,False,other_month,,,,,,,,,,,,j2702,1919.0,13.0,1336.0,3.0,2503050.0,-0.000172,1700.0,1700.0,0.2636789994788953,0.0031266284523188137,-0.11412193850964047,-0.11412193850964047,4.0,14.0,-0.5555555555555556,500.0,0.26055237102657636,put_oi_wall,1925.0,0.0031266284523188137,near_price_wall,,,,,,,,,,,,,,,,,,,,,,,,,,,,,,,,,,,,,,,,,,,,,,,,,,,,,,,,,,
2026-09-28,COMMODITY,COMMODITY,j,j,j,DCE,2703,,,,,,,1932.0,,,2450.0,1850.0,,,1850.0,,,26.0,0.0,0.0,,,,,,,,-0.04244306418219457,,,,,,,,,,,,,,,,,,,,,,,,,,,,,,False,False,other_month,,,,,,,,,,,,j2703,1932.0,11.0,540.0,3.0,2114900.0,-8.2e-05,1700.0,1700.0,0.2681159420289856,-0.04244306418219457,-0.12008281573498969,-0.12008281573498969,6.0,20.0,-0.5384615384615384,600.0,0.3105590062111801,put_oi_wall,1850.0,-0.04244306418219457,above_price_wall,,,,,,,,,,,,,,,,,,,,,,,,,,,,,,,,,,,,,,,,,,,,,,,,,,,,,,,,,,
2026-09-28,COMMODITY,COMMODITY,j,j,j,DCE,2704,,,,,,,1916.5,,,2450.0,1850.0,,,2450.0,,,29.0,0.0,0.0,,,,,,,,0.2783720323506391,,,,,,,,,,,,,,,,,,,,,,,,,,,,,,False,False,other_month,,,,,,,,,,,,j2704,1916.5,1.0,13.0,-1.0,191650.0,-0.000139,1700.0,1700.0,0.2783720323506391,-0.03469866944951738,-0.11296634489955648,-0.11296634489955648,16.0,13.0,0.10344827586206896,600.0,0.31307070180015656,put_oi_wall,1850.0,-0.03469866944951738,below_price_wall,,,,,,,,,,,,,,,,,,,,,,,,,,,,,,,,,,,,,,,,,,,,,,,,,,,,,,,,,,
2026-09-28,COMMODITY,COMMODITY,j,j,j,DCE,2705,,,,,,,1908.0,,,2350.0,1900.0,,,2350.0,,,31.0,0.0,0.0,,,,,,,,0.23165618448637315,,,,,,,,,,,,,,,,,,,,,,,,,,,,,,False,False,other_month,,,,,,,,,,,,j2705,1908.0,443.0,2319.0,78.0,84270900.0,-0.000101,1650.0,1650.0,0.23165618448637315,-0.004192872117400381,-0.1352201257861635,-0.1352201257861635,20.0,11.0,0.2903225806451613,450.0,0.2358490566037736,put_oi_wall,1900.0,-0.004192872117400381,below_price_wall,,,,,,,,,,,,,,,,,,,,,,,,,,,,,,,,,,,,,,,,,,,,,,,,,,,,,,,,,,
2026-09-28,COMMODITY,COMMODITY,j,j,j,DCE,2706,,,,,,,,,,2400.0,1800.0,,,2400.0,,,7.0,0.0,0.0,,,,,,,,,,,,,,,,,,,,,,,,,,,,,,,,,,,,,,False,False,other_month,,,,,,,,,,,,,,,,,,,1650.0,1650.0,,,,,6.0,1.0,0.7142857142857143,600.0,,,,,unavailable,,,,,,,,,,,,,,,,,,,,,,,,,,,,,,,,,,,,,,,,,,,,,,,,,,,,,,,,,,
2026-09-28,COMMODITY,COMMODITY,j,j,j,DCE,2707,,,,,,,,,,1650.0,1800.0,,,1800.0,,,1.0,0.0,0.0,,,,,,,,,,,,,,,,,,,,,,,,,,,,,,,,,,,,,,False,False,other_month,,,,,,,,,,,,,,,,,,,1650.0,1650.0,,,,,0.0,1.0,-1.0,-150.0,,,,,unavailable,,,,,,,,,,,,,,,,,,,,,,,,,,,,,,,,,,,,,,,,,,,,,,,,,,,,,,,,,,
2026-09-28,COMMODITY,COMMODITY,j,j,j,DCE,2708,,,,,,,,,,2350.0,1700.0,,,2350.0,,,5.0,0.0,0.0,,,,,,,,,,,,,,,,,,,,,,,,,,,,,,,,,,,,,,False,False,other_month,,,,,,,,,,,,,,,,,,,1650.0,1650.0,,,,,3.0,2.0,0.2,650.0,,,,,unavailable,,,,,,,,,,,,,,,,,,,,,,,,,,,,,,,,,,,,,,,,,,,,,,,,,,,,,,,,,,
2026-09-28,COMMODITY,COMMODITY,j,j,j,DCE,2709,,,,,,,,,,1650.0,1650.0,,,1650.0,,,0.0,0.0,0.0,,,,,,,,,,,,,,,,,,,,,,,,,,,,,,,,,,,,,,False,False,other_month,,,,,,,,,,,,,,,,,,,1650.0,1650.0,,,,,0.0,0.0,,0.0,,,,,unavailable,,,,,,,,,,,,,,,,,,,,,,,,,,,,,,,,,,,,,,,,,,,,,,,,,,,,,,,,,,
2026-09-28,COMMODITY,COMMODITY,jd,jd,jd,DCE,2611,,,,,,,3808.0,,,4000.0,3500.0,,,4000.0,,,233646.0,338323.0,148013765.0,,,,,,,,0.050420168067226934,,,,,,,,,,,,,,,,,,,,,,,,,,,,,,False,False,other_month,,,,,,,,,,,,jd2611,3808.0,330941.0,253307.0,-29279.0,12592870700.0,-9.400000000000001e-05,4000.0,3700.0,0.050420168067226934,-0.08088235294117652,0.050420168067226934,-0.028361344537815136,108273.0,125373.0,-0.07318764284430292,500.0,0.13130252100840337,amount_wall,3700.0,-0.028361344537815136,below_price_wall,,,,,,,,,,,,,,,,,,,,,,,,,,,,,,,,,,,,,,,,,,,,,,,,,,,,,,,,,,
2026-09-28,COMMODITY,COMMODITY,jd,jd,jd,DCE,2612,,,,,,,3754.0,,,4000.0,3500.0,,,4000.0,,,38227.0,22345.0,13325945.0,,,,,,,,0.06553010122535952,,,,,,,,,,,,,,,,,,,,,,,,,,,,,,False,False,other_month,,,,,,,,,,,,jd2612,3754.0,116890.0,200941.0,2840.0,4390921700.0,-0.000111,3800.0,3800.0,0.06553010122535952,-0.06766116142781031,0.012253596164091718,0.012253596164091718,16738.0,21489.0,-0.12428388311926125,500.0,0.13319126265316994,volume_wall,3800.0,0.012253596164091718,below_price_wall,,,,,,,,,,,,,,,,,,,,,,,,,,,,,,,,,,,,,,,,,,,,,,,,,,,,,,,,,,
2026-09-28,COMMODITY,COMMODITY,jd,jd,jd,DCE,2701,,,,,,,3454.0,,,4400.0,3300.0,,,4400.0,,,5574.0,484.0,158060.0,,,,,,,,0.2738853503184713,,,,,,,,,,,,,,,,,,,,,,,,,,,,,,False,False,other_month,,,,,,,,,,,,jd2701,3454.0,26008.0,81912.0,735.0,898237140.0,-7.2e-05,3300.0,3300.0,0.2738853503184713,-0.04458598726114649,-0.04458598726114649,-0.04458598726114649,4277.0,1297.0,0.5346250448510944,1100.0,0.3184713375796178,put_oi_wall,3300.0,-0.04458598726114649,below_price_wall,,,,,,,,,,,,,,,,,,,,,,,,,,,,,,,,,,,,,,,,,,,,,,,,,,,,,,,,,,
2026-09-28,COMMODITY,COMMODITY,jd,jd,jd,DCE,2702,,,,,,,3096.0,,,3800.0,3100.0,,,3800.0,,,9564.0,167.0,20460.0,,,,,,,,0.227390180878553,,,,,,,,,,,,,,,,,,,,,,,,,,,,,,False,False,other_month,,,,,,,,,,,,jd2702,3096.0,12288.0,71925.0,312.0,380641690.0,-7.7e-05,3800.0,3800.0,0.227390180878553,0.0012919896640826156,0.227390180878553,0.227390180878553,9315.0,249.0,0.9479297365119197,700.0,0.22609819121447028,put_oi_wall,3100.0,0.0012919896640826156,below_price_wall,,,,,,,,,,,,,,,,,,,,,,,,,,,,,,,,,,,,,,,,,,,,,,,,,,,,,,,,,,
2026-09-28,COMMODITY,COMMODITY,jd,jd,jd,DCE,2703,,,,,,,3092.0,,,3700.0,2900.0,,,3700.0,,,2582.0,161.0,56445.0,,,,,,,,0.19663648124191457,,,,,,,,,,,,,,,,,,,,,,,,,,,,,,False,False,other_month,,,,,,,,,,,,jd2703,3092.0,1652.0,15789.0,-48.0,51210070.0,-7.7e-05,3500.0,3400.0,0.19663648124191457,-0.0620957309184994,0.1319534282018111,0.09961190168175937,2495.0,87.0,0.9326103795507359,800.0,0.258732212160414,put_oi_wall,2900.0,-0.0620957309184994,below_price_wall,,,,,,,,,,,,,,,,,,,,,,,,,,,,,,,,,,,,,,,,,,,,,,,,,,,,,,,,,,
2026-09-28,COMMODITY,COMMODITY,jd,jd,jd,DCE,2704,,,,,,,3193.0,,,3800.0,3100.0,,,3800.0,,,538.0,64.0,14360.0,,,,,,,,0.1901033510804886,,,,,,,,,,,,,,,,,,,,,,,,,,,,,,False,False,other_month,,,,,,,,,,,,jd2704,3193.0,478.0,3612.0,160.0,15269190.0,-4.1e-05,3800.0,3800.0,0.1901033510804886,-0.029126213592232997,0.1901033510804886,0.1901033510804886,373.0,165.0,0.38661710037174724,700.0,0.2192295646727216,put_oi_wall,3100.0,-0.029126213592232997,below_price_wall,,,,,,,,,,,,,,,,,,,,,,,,,,,,,,,,,,,,,,,,,,,,,,,,,,,,,,,,,,
2026-09-28,COMMODITY,COMMODITY,jd,jd,jd,DCE,2705,,,,,,,3241.0,,,3800.0,2900.0,,,3800.0,,,332.0,18.0,5010.0,,,,,,,,0.1724776303609996,,,,,,,,,,,,,,,,,,,,,,,,,,,,,,False,False,other_month,,,,,,,,,,,,jd2705,3241.0,2757.0,10016.0,-198.0,89549670.0,-7.000000000000001e-05,3800.0,3800.0,0.1724776303609996,-0.10521443998765811,0.1724776303609996,0.1724776303609996,199.0,133.0,0.19879518072289157,900.0,0.27769207034865784,put_oi_wall,2900.0,-0.10521443998765811,below_price_wall,,,,,,,,,,,,,,,,,,,,,,,,,,,,,,,,,,,,,,,,,,,,,,,,,,,,,,,,,,
2026-09-28,COMMODITY,COMMODITY,jd,jd,jd,DCE,2706,,,,,,,3092.0,,,3600.0,2800.0,,,3600.0,,,3091.0,214.0,85215.0,,,,,,,,0.16429495472186284,,,,,,,,,,,,,,,,,,,,,,,,,,,,,,False,False,other_month,,,,,,,,,,,,jd2706,3092.0,1864.0,22065.0,-128.0,57767540.0,-6.4e-05,3600.0,3600.0,0.16429495472186284,-0.09443725743855114,0.16429495472186284,0.16429495472186284,2998.0,93.0,0.9398252992559042,800.0,0.258732212160414,put_oi_wall,2800.0,-0.09443725743855114,below_price_wall,,,,,,,,,,,,,,,,,,,,,,,,,,,,,,,,,,,,,,,,,,,,,,,,,,,,,,,,,,
2026-09-28,COMMODITY,COMMODITY,jd,jd,jd,DCE,2707,,,,,,,3230.0,,,3600.0,2900.0,,,3400.0,,,198.0,3.0,3975.0,,,,,,,,0.05263157894736836,,,,,,,,,,,,,,,,,,,,,,,,,,,,,,False,False,other_month,,,,,,,,,,,,jd2707,3230.0,1041.0,12688.0,-333.0,33659660.0,-5.4999999999999995e-05,3400.0,3400.0,0.11455108359133126,-0.10216718266253866,0.05263157894736836,0.05263157894736836,79.0,119.0,-0.20202020202020202,700.0,0.21671826625386997,price_wall,3400.0,0.05263157894736836,below_price_wall,,,,,,,,,,,,,,,,,,,,,,,,,,,,,,,,,,,,,,,,,,,,,,,,,,,,,,,,,,
2026-09-28,COMMODITY,COMMODITY,jd,jd,jd,DCE,2708,,,,,,,3766.0,,,4200.0,3200.0,,,3800.0,,,144.0,1.0,2000.0,,,,,,,,0.009028146574614926,,,,,,,,,,,,,,,,,,,,,,,,,,,,,,False,False,other_month,,,,,,,,,,,,jd2708,3766.0,750.0,8128.0,-306.0,28238490.0,-5e-06,3800.0,3800.0,0.11524163568773238,-0.15029208709506103,0.009028146574614926,0.009028146574614926,51.0,93.0,-0.2916666666666667,1000.0,0.2655337227827934,price_wall,3800.0,0.009028146574614926,below_price_wall,,,,,,,,,,,,,,,,,,,,,,,,,,,,,,,,,,,,,,,,,,,,,,,,,,,,,,,,,,
2026-09-28,COMMODITY,COMMODITY,jm,jm,jm,DCE,2611,,,,,,,1388.5,,,1940.0,1200.0,,,1300.0,,,139454.0,242907.0,317402400.0,,,,,,,,-0.06373784659704718,,,,,,,,,,,,,,,,,,,,,,,,,,,,,,False,False,other_month,,,,,,,,,,,,jm2611,1388.5,63850.0,77257.0,-2075.0,5311465400.0,-0.000273,1300.0,1300.0,0.39719121353979103,-0.1357580122434282,-0.06373784659704718,-0.06373784659704718,81081.0,58373.0,0.16283505672121273,740.0,0.5329492257832193,price_wall,1300.0,-0.06373784659704718,above_price_wall,,,,,,,,,,,,,,,,,,,,,,,,,,,,,,,,,,,,,,,,,,,,,,,,,,,,,,,,,,
2026-09-28,COMMODITY,COMMODITY,jm,jm,jm,DCE,2612,,,,,,,1362.0,,,1840.0,1080.0,,,1300.0,,,1309.0,87.0,121722.0,,,,,,,,-0.04552129221732748,,,,,,,,,,,,,,,,,,,,,,,,,,,,,,False,False,other_month,,,,,,,,,,,,jm2612,1362.0,19541.0,69985.0,802.0,1593139300.0,-0.00028199999999999997,1680.0,1300.0,0.35095447870778274,-0.2070484581497798,0.23348017621145378,-0.04552129221732748,718.0,591.0,0.09702062643239114,760.0,0.5580029368575624,price_wall,1300.0,-0.04552129221732748,above_price_wall,,,,,,,,,,,,,,,,,,,,,,,,,,,,,,,,,,,,,,,,,,,,,,,,,,,,,,,,,,
2026-09-28,COMMODITY,COMMODITY,jm,jm,jm,DCE,2701,,,,,,,1457.5,,,1800.0,1360.0,,,1600.0,,,112504.0,53659.0,128658966.0,,,,,,,,0.097770154373928,,,,,,,,,,,,,,,,,,,,,,,,,,,,,,False,False,other_month,,,,,,,,,,,,jm2701,1457.5,460640.0,416427.0,5216.0,40141298000.0,-0.00024400000000000002,1700.0,1400.0,0.23499142367066894,-0.06689536878216118,0.16638078902229836,-0.03945111492281306,59566.0,52938.0,0.058913460854725166,440.0,0.3018867924528302,amount_wall,1400.0,-0.03945111492281306,below_price_wall,,,,,,,,,,,,,,,,,,,,,,,,,,,,,,,,,,,,,,,,,,,,,,,,,,,,,,,,,,
2026-09-28,COMMODITY,COMMODITY,jm,jm,jm,DCE,2702,,,,,,,1444.0,,,1840.0,1200.0,,,1360.0,,,637.0,5.0,6738.0,,,,,,,,-0.05817174515235457,,,,,,,,,,,,,,,,,,,,,,,,,,,,,,False,False,other_month,,,,,,,,,,,,jm2702,1444.0,2030.0,31241.0,90.0,175261800.0,-0.00023,1120.0,1360.0,0.27423822714681445,-0.16897506925207761,-0.22437673130193903,-0.05817174515235457,308.0,329.0,-0.03296703296703297,640.0,0.44321329639889195,price_wall,1360.0,-0.05817174515235457,above_price_wall,,,,,,,,,,,,,,,,,,,,,,,,,,,,,,,,,,,,,,,,,,,,,,,,,,,,,,,,,,
2026-09-28,COMMODITY,COMMODITY,jm,jm,jm,DCE,2703,,,,,,,1427.5,,,1800.0,1280.0,,,1400.0,,,625.0,22.0,116502.0,,,,,,,,-0.019264448336252182,,,,,,,,,,,,,,,,,,,,,,,,,,,,,,False,False,other_month,,,,,,,,,,,,jm2703,1427.5,1229.0,14836.0,108.0,104824380.0,-0.00021600000000000002,1400.0,1400.0,0.26094570928196137,-0.10332749562171628,-0.019264448336252182,-0.019264448336252182,349.0,276.0,0.1168,520.0,0.36427320490367776,price_wall,1400.0,-0.019264448336252182,above_price_wall,,,,,,,,,,,,,,,,,,,,,,,,,,,,,,,,,,,,,,,,,,,,,,,,,,,,,,,,,,
2026-09-28,COMMODITY,COMMODITY,jm,jm,jm,DCE,2704,,,,,,,1411.5,,,1760.0,1280.0,,,1560.0,,,327.0,8.0,19926.0,,,,,,,,0.10520722635494151,,,,,,,,,,,,,,,,,,,,,,,,,,,,,,False,False,other_month,,,,,,,,,,,,jm2704,1411.5,149.0,893.0,-3.0,12578820.0,-0.00019099999999999998,1560.0,1560.0,0.24690046050301095,-0.09316330145235563,0.10520722635494151,0.10520722635494151,189.0,138.0,0.1559633027522936,480.0,0.34006376195536664,put_oi_wall,1280.0,-0.09316330145235563,below_price_wall,,,,,,,,,,,,,,,,,,,,,,,,,,,,,,,,,,,,,,,,,,,,,,,,,,,,,,,,,,
2026-09-28,COMMODITY,COMMODITY,jm,jm,jm,DCE,2705,,,,,,,1398.0,,,1880.0,1320.0,,,1880.0,,,845.0,26.0,44610.0,,,,,,,,0.3447782546494993,,,,,,,,,,,,,,,,,,,,,,,,,,,,,,False,False,other_month,,,,,,,,,,,,jm2705,1398.0,22027.0,58299.0,4992.0,1841752400.0,-0.000151,1880.0,1880.0,0.3447782546494993,-0.05579399141630903,0.3447782546494993,0.3447782546494993,697.0,148.0,0.6497041420118344,560.0,0.4005722460658083,put_oi_wall,1320.0,-0.05579399141630903,below_price_wall,,,,,,,,,,,,,,,,,,,,,,,,,,,,,,,,,,,,,,,,,,,,,,,,,,,,,,,,,,
2026-09-28,COMMODITY,COMMODITY,jm,jm,jm,DCE,2706,,,,,,,1395.0,,,1760.0,1440.0,,,1760.0,,,430.0,4.0,9138.0,,,,,,,,0.2616487455197132,,,,,,,,,,,,,,,,,,,,,,,,,,,,,,False,False,other_month,,,,,,,,,,,,jm2706,1395.0,29.0,260.0,-1.0,2417850.0,-0.000134,1760.0,1760.0,0.2616487455197132,0.032258064516129004,0.2616487455197132,0.2616487455197132,85.0,345.0,-0.6046511627906976,320.0,0.22939068100358423,put_oi_wall,1440.0,0.032258064516129004,below_price_wall,,,,,,,,,,,,,,,,,,,,,,,,,,,,,,,,,,,,,,,,,,,,,,,,,,,,,,,,,,
2026-09-28,COMMODITY,COMMODITY,jm,jm,jm,DCE,2707,,,,,,,1392.0,,,1720.0,1120.0,,,1160.0,,,218.0,2.0,5076.0,,,,,,,,-0.16666666666666663,,,,,,,,,,,,,,,,,,,,,,,,,,,,,,False,False,other_month,,,,,,,,,,,,jm2707,1392.0,27.0,183.0,1.0,2241510.0,-0.0001,1160.0,1160.0,0.23563218390804597,-0.1954022988505747,-0.16666666666666663,-0.16666666666666663,52.0,166.0,-0.5229357798165137,600.0,0.43103448275862066,price_wall,1160.0,-0.16666666666666663,above_price_wall,,,,,,,,,,,,,,,,,,,,,,,,,,,,,,,,,,,,,,,,,,,,,,,,,,,,,,,,,,
2026-09-28,COMMODITY,COMMODITY,jm,jm,jm,DCE,2708,,,,,,,1389.5,,,1800.0,1240.0,,,1560.0,,,85.0,8.0,31908.0,,,,,,,,0.12270600935588338,,,,,,,,,,,,,,,,,,,,,,,,,,,,,,False,False,other_month,,,,,,,,,,,,jm2708,1389.5,38.0,133.0,8.0,3157650.0,-0.000114,1560.0,1560.0,0.2954300107952501,-0.10759265922993888,0.12270600935588338,0.12270600935588338,56.0,29.0,0.3176470588235294,560.0,0.40302267002518893,put_oi_wall,1240.0,-0.10759265922993888,below_price_wall,,,,,,,,,,,,,,,,,,,,,,,,,,,,,,,,,,,,,,,,,,,,,,,,,,,,,,,,,,
2026-09-28,COMMODITY,COMMODITY,jm,jm,jm,DCE,2709,,,,,,,1390.5,,,1600.0,1240.0,,,1240.0,,,10.0,0.0,0.0,,,,,,,,-0.10823444804027327,,,,,,,,,,,,,,,,,,,,,,,,,,,,,,False,False,other_month,,,,,,,,,,,,jm2709,1390.5,197.0,355.0,48.0,16395570.0,-0.000135,1200.0,1200.0,0.1506652283351313,-0.10823444804027327,-0.13700107874865153,-0.13700107874865153,5.0,5.0,0.0,360.0,0.2588996763754045,put_oi_wall,1240.0,-0.10823444804027327,above_price_wall,,,,,,,,,,,,,,,,,,,,,,,,,,,,,,,,,,,,,,,,,,,,,,,,,,,,,,,,,,
2026-09-28,COMMODITY,COMMODITY,l,l,l,DCE,2611,,,,,,,8600.0,,,9500.0,8000.0,,,8000.0,,,28302.0,4203.0,2337226.0,,,,,,,,-0.06976744186046513,,,,,,,,,,,,,,,,,,,,,,,,,,,,,,False,False,other_month,,,,,,,,,,,,l2611,8600.0,45300.0,141758.0,569.0,1943687600.0,7.6e-05,8000.0,8500.0,0.10465116279069764,-0.06976744186046513,-0.06976744186046513,-0.011627906976744207,14534.0,13768.0,0.027065225072433044,1500.0,0.1744186046511628,amount_wall,8500.0,-0.011627906976744207,above_price_wall,,,,,,,,,,,,,,,,,,,,,,,,,,,,,,,,,,,,,,,,,,,,,,,,,,,,,,,,,,
2026-09-28,COMMODITY,COMMODITY,l,l,l,DCE,2612,,,,,,,8374.0,,,8800.0,8000.0,,,8000.0,,,5146.0,830.0,705688.0,,,,,,,,-0.04466204919990446,,,,,,,,,,,,,,,,,,,,,,,,,,,,,,False,False,other_month,,,,,,,,,,,,l2612,8374.0,8934.0,110226.0,2276.0,374483900.0,7.7e-05,9000.0,9000.0,0.050871745880105124,-0.04466204919990446,0.07475519465010749,0.07475519465010749,2618.0,2528.0,0.01748931208705791,800.0,0.09553379508000956,put_oi_wall,8000.0,-0.04466204919990446,above_price_wall,,,,,,,,,,,,,,,,,,,,,,,,,,,,,,,,,,,,,,,,,,,,,,,,,,,,,,,,,,
2026-09-28,COMMODITY,COMMODITY,l,l,l,DCE,2701,,,,,,,8202.0,,,8100.0,7200.0,,,8100.0,,,20778.0,1412.0,1475791.0,,,,,,,,-0.012435991221653286,,,,,,,,,,,,,,,,,,,,,,,,,,,,,,False,False,other_month,,,,,,,,,,,,l2701,8202.0,376741.0,397088.0,-6168.0,15454650000.0,8.9e-05,9000.0,9000.0,-0.012435991221653286,-0.12216532553035842,0.09729334308705195,0.09729334308705195,11661.0,9117.0,0.12243719318509963,900.0,0.1097293343087052,call_oi_wall,8100.0,-0.012435991221653286,above_price_wall,,,,,,,,,,,,,,,,,,,,,,,,,,,,,,,,,,,,,,,,,,,,,,,,,,,,,,,,,,
2026-09-28,COMMODITY,COMMODITY,l,l,l,DCE,2702,,,,,,,8015.0,,,9000.0,7100.0,,,7100.0,,,386.0,0.0,0.0,,,,,,,,-0.11416094822208356,,,,,,,,,,,,,,,,,,,,,,,,,,,,,,False,False,other_month,,,,,,,,,,,,l2702,8015.0,3744.0,50721.0,1575.0,150054560.0,8.6e-05,6000.0,6000.0,0.12289457267623205,-0.11416094822208356,-0.25140361821584534,-0.25140361821584534,59.0,327.0,-0.694300518134715,1900.0,0.23705552089831566,put_oi_wall,7100.0,-0.11416094822208356,above_price_wall,,,,,,,,,,,,,,,,,,,,,,,,,,,,,,,,,,,,,,,,,,,,,,,,,,,,,,,,,,
2026-09-28,COMMODITY,COMMODITY,l,l,l,DCE,2703,,,,,,,7898.0,,,8200.0,6800.0,,,6800.0,,,109.0,0.0,0.0,,,,,,,,-0.13902253735122816,,,,,,,,,,,,,,,,,,,,,,,,,,,,,,False,False,other_month,,,,,,,,,,,,l2703,7898.0,71.0,846.0,-5.0,2803120.0,0.00012200000000000001,6000.0,6000.0,0.038237528488224815,-0.13902253735122816,-0.24031400354520127,-0.24031400354520127,13.0,96.0,-0.7614678899082569,1400.0,0.17726006583945303,call_oi_wall,8200.0,0.038237528488224815,above_price_wall,,,,,,,,,,,,,,,,,,,,,,,,,,,,,,,,,,,,,,,,,,,,,,,,,,,,,,,,,,
2026-09-28,COMMODITY,COMMODITY,l,l,l,DCE,2704,,,,,,,7879.0,,,8800.0,7000.0,,,7000.0,,,105.0,0.0,0.0,,,,,,,,-0.1115623810128189,,,,,,,,,,,,,,,,,,,,,,,,,,,,,,False,False,other_month,,,,,,,,,,,,l2704,7879.0,54.0,344.0,-1.0,2130495.0,0.00012200000000000001,6000.0,6000.0,0.11689300672674197,-0.1115623810128189,-0.23848204086813052,-0.23848204086813052,59.0,46.0,0.12380952380952381,1800.0,0.22845538773956087,put_oi_wall,7000.0,-0.1115623810128189,above_price_wall,,,,,,,,,,,,,,,,,,,,,,,,,,,,,,,,,,,,,,,,,,,,,,,,,,,,,,,,,,
2026-09-28,COMMODITY,COMMODITY,l,l,l,DCE,2705,,,,,,,7826.0,,,8600.0,6600.0,,,6600.0,,,107.0,0.0,0.0,,,,,,,,-0.15665729619217994,,,,,,,,,,,,,,,,,,,,,,,,,,,,,,False,False,other_month,,,,,,,,,,,,l2705,7826.0,9023.0,22746.0,348.0,353806430.0,6.6e-05,6000.0,6000.0,0.098901098901099,-0.15665729619217994,-0.23332481472016353,-0.23332481472016353,31.0,76.0,-0.4205607476635514,2000.0,0.2555583950932788,call_oi_wall,8600.0,0.098901098901099,above_price_wall,,,,,,,,,,,,,,,,,,,,,,,,,,,,,,,,,,,,,,,,,,,,,,,,,,,,,,,,,,
2026-09-28,COMMODITY,COMMODITY,l,l,l,DCE,2706,,,,,,,7800.0,,,7600.0,6600.0,,,6600.0,,,21.0,1.0,768.0,,,,,,,,-0.15384615384615385,,,,,,,,,,,,,,,,,,,,,,,,,,,,,,False,False,other_month,,,,,,,,,,,,l2706,7800.0,4.0,64.0,-1.0,155585.0,0.00013,6600.0,6600.0,-0.02564102564102566,-0.15384615384615385,-0.15384615384615385,-0.15384615384615385,8.0,13.0,-0.23809523809523808,1000.0,0.1282051282051282,call_oi_wall,7600.0,-0.02564102564102566,above_price_wall,,,,,,,,,,,,,,,,,,,,,,,,,,,,,,,,,,,,,,,,,,,,,,,,,,,,,,,,,,
2026-09-28,COMMODITY,COMMODITY,l,l,l,DCE,2707,,,,,,,7771.0,,,6200.0,6400.0,,,6400.0,,,2.0,0.0,0.0,,,,,,,,-0.17642517050572637,,,,,,,,,,,,,,,,,,,,,,,,,,,,,,False,False,other_month,,,,,,,,,,,,l2707,7771.0,1.0,61.0,0.0,38855.0,0.00014000000000000001,6200.0,6200.0,-0.20216188392742251,-0.17642517050572637,-0.20216188392742251,-0.20216188392742251,0.0,2.0,-1.0,-200.0,-0.02573671342169605,put_oi_wall,6400.0,-0.17642517050572637,above_price_wall,,,,,,,,,,,,,,,,,,,,,,,,,,,,,,,,,,,,,,,,,,,,,,,,,,,,,,,,,,
2026-09-28,COMMODITY,COMMODITY,l,l,l,DCE,2708,,,,,,,7741.0,,,6400.0,7400.0,,,7400.0,,,6.0,0.0,0.0,,,,,,,,-0.0440511561813719,,,,,,,,,,,,,,,,,,,,,,,,,,,,,,False,False,other_month,,,,,,,,,,,,l2708,7741.0,2.0,18.0,0.0,77345.0,9.499999999999999e-05,6400.0,6400.0,-0.17323343237307842,-0.0440511561813719,-0.17323343237307842,-0.17323343237307842,0.0,6.0,-1.0,-1000.0,-0.1291822761917065,put_oi_wall,7400.0,-0.0440511561813719,above_price_wall,,,,,,,,,,,,,,,,,,,,,,,,,,,,,,,,,,,,,,,,,,,,,,,,,,,,,,,,,,
2026-09-28,COMMODITY,COMMODITY,l,l,l,DCE,2709,,,,,,,7651.0,,,6800.0,6800.0,,,6800.0,,,0.0,0.0,0.0,,,,,,,,-0.11122729055025482,,,,,,,,,,,,,,,,,,,,,,,,,,,,,,False,False,other_month,,,,,,,,,,,,l2709,7651.0,31.0,212.0,3.0,1186815.0,7.8e-05,6800.0,6800.0,-0.11122729055025482,-0.11122729055025482,-0.11122729055025482,-0.11122729055025482,0.0,0.0,,0.0,0.0,call_oi_wall,6800.0,-0.11122729055025482,above_price_wall,,,,,,,,,,,,,,,,,,,,,,,,,,,,,,,,,,,,,,,,,,,,,,,,,,,,,,,,,,
2026-09-28,COMMODITY,COMMODITY,lg,lg,lg,DCE,2611,,,,,,,826.0,,,850.0,800.0,,,800.0,,,11923.0,3545.0,1180738.0,,,,,,,,-0.03147699757869249,,,,,,,,,,,,,,,,,,,,,,,,,,,,,,False,False,other_month,,,,,,,,,,,,lg2611,826.0,3511.0,12803.0,-818.0,261053510.0,4.9e-05,800.0,825.0,0.029055690072639306,-0.03147699757869249,-0.03147699757869249,-0.001210653753026647,7557.0,4366.0,0.2676339847353854,50.0,0.06053268765133172,amount_wall,825.0,-0.001210653753026647,above_price_wall,,,,,,,,,,,,,,,,,,,,,,,,,,,,,,,,,,,,,,,,,,,,,,,,,,,,,,,,,,
2026-09-28,COMMODITY,COMMODITY,lg,lg,lg,DCE,2701,,,,,,,820.0,,,850.0,800.0,,,800.0,,,2222.0,500.0,126227.0,,,,,,,,-0.024390243902439046,,,,,,,,,,,,,,,,,,,,,,,,,,,,,,False,False,other_month,,,,,,,,,,,,lg2701,820.0,478.0,5180.0,97.0,35258220.0,3.7000000000000005e-05,900.0,800.0,0.03658536585365857,-0.024390243902439046,0.09756097560975618,-0.024390243902439046,1204.0,1018.0,0.08370837083708371,50.0,0.06097560975609756,put_oi_wall,800.0,-0.024390243902439046,above_price_wall,,,,,,,,,,,,,,,,,,,,,,,,,,,,,,,,,,,,,,,,,,,,,,,,,,,,,,,,,,
2026-09-28,COMMODITY,COMMODITY,lg,lg,lg,DCE,2703,,,,,,,819.0,,,900.0,750.0,,,750.0,,,236.0,3.0,855.0,,,,,,,,-0.08424908424908428,,,,,,,,,,,,,,,,,,,,,,,,,,,,,,False,False,other_month,,,,,,,,,,,,lg2703,819.0,95.0,3045.0,1.0,6999525.0,3.1e-05,750.0,750.0,0.098901098901099,-0.08424908424908428,-0.08424908424908428,-0.08424908424908428,177.0,59.0,0.5,150.0,0.18315018315018314,put_oi_wall,750.0,-0.08424908424908428,above_price_wall,,,,,,,,,,,,,,,,,,,,,,,,,,,,,,,,,,,,,,,,,,,,,,,,,,,,,,,,,,
2026-09-28,COMMODITY,COMMODITY,lg,lg,lg,DCE,2705,,,,,,,820.0,,,850.0,750.0,,,750.0,,,315.0,11.0,3983.0,,,,,,,,-0.08536585365853655,,,,,,,,,,,,,,,,,,,,,,,,,,,,,,False,False,other_month,,,,,,,,,,,,lg2705,820.0,102.0,2689.0,-12.0,7528680.0,2.3999999999999997e-05,750.0,750.0,0.03658536585365857,-0.08536585365853655,-0.08536585365853655,-0.08536585365853655,200.0,115.0,0.2698412698412698,100.0,0.12195121951219512,call_oi_wall,850.0,0.03658536585365857,above_price_wall,,,,,,,,,,,,,,,,,,,,,,,,,,,,,,,,,,,,,,,,,,,,,,,,,,,,,,,,,,
2026-09-28,COMMODITY,COMMODITY,lg,lg,lg,DCE,2707,,,,,,,820.0,,,900.0,750.0,,,900.0,,,196.0,2.0,945.0,,,,,,,,0.09756097560975618,,,,,,,,,,,,,,,,,,,,,,,,,,,,,,False,False,other_month,,,,,,,,,,,,lg2707,820.0,60.0,1643.0,16.0,4421250.0,4.3e-05,900.0,900.0,0.09756097560975618,-0.08536585365853655,0.09756097560975618,0.09756097560975618,139.0,57.0,0.41836734693877553,150.0,0.18292682926829268,put_oi_wall,750.0,-0.08536585365853655,below_price_wall,,,,,,,,,,,,,,,,,,,,,,,,,,,,,,,,,,,,,,,,,,,,,,,,,,,,,,,,,,
2026-09-28,COMMODITY,COMMODITY,lh,lh,lh,DCE,2611,,,,,,,10295.0,,,12000.0,10000.0,,,12000.0,,,106865.0,119793.0,314870440.0,,,,,,,,0.16561437591063632,,,,,,,,,,,,,,,,,,,,,,,,,,,,,,False,False,other_month,,,,,,,,,,,,lh2611,10295.0,181731.0,189621.0,-14144.0,30250272000.0,-0.000401,9700.0,10600.0,0.16561437591063632,-0.02865468674113647,-0.057795046138902406,0.02962603205439529,80449.0,26416.0,0.5056192392270622,2000.0,0.1942690626517727,put_oi_wall,10000.0,-0.02865468674113647,below_price_wall,,,,,,,,,,,,,,,,,,,,,,,,,,,,,,,,,,,,,,,,,,,,,,,,,,,,,,,,,,
2026-09-28,COMMODITY,COMMODITY,lh,lh,lh,DCE,2701,,,,,,,11235.0,,,15200.0,12000.0,,,14000.0,,,40276.0,16261.0,86135240.0,,,,,,,,0.24610591900311518,,,,,,,,,,,,,,,,,,,,,,,,,,,,,,False,False,other_month,,,,,,,,,,,,lh2701,11235.0,72299.0,138253.0,1430.0,13147111200.0,-0.00038100000000000005,12000.0,12400.0,0.35291499777481095,0.06809078771695587,0.06809078771695587,0.10369381397418787,32099.0,8177.0,0.5939517330420101,3200.0,0.2848242100578549,put_oi_wall,12000.0,0.06809078771695587,below_price_wall,,,,,,,,,,,,,,,,,,,,,,,,,,,,,,,,,,,,,,,,,,,,,,,,,,,,,,,,,,
2026-09-28,COMMODITY,COMMODITY,lh,lh,lh,DCE,2703,,,,,,,11150.0,,,14400.0,10800.0,,,14400.0,,,9769.0,1796.0,8625840.0,,,,,,,,0.29147982062780264,,,,,,,,,,,,,,,,,,,,,,,,,,,,,,False,False,other_month,,,,,,,,,,,,lh2703,11150.0,37981.0,119391.0,243.0,6847797900.0,-0.00035499999999999996,15200.0,11600.0,0.29147982062780264,-0.03139013452914796,0.36322869955156944,0.04035874439461873,8627.0,1142.0,0.7661992015559422,3600.0,0.32286995515695066,put_oi_wall,10800.0,-0.03139013452914796,below_price_wall,,,,,,,,,,,,,,,,,,,,,,,,,,,,,,,,,,,,,,,,,,,,,,,,,,,,,,,,,,
2026-09-28,COMMODITY,COMMODITY,lh,lh,lh,DCE,2705,,,,,,,12160.0,,,16000.0,12000.0,,,16000.0,,,3324.0,602.0,2228080.0,,,,,,,,0.3157894736842106,,,,,,,,,,,,,,,,,,,,,,,,,,,,,,False,False,other_month,,,,,,,,,,,,lh2705,12160.0,16865.0,46809.0,-647.0,3311743400.0,-0.00034500000000000004,16000.0,12000.0,0.3157894736842106,-0.013157894736842146,0.3157894736842106,-0.013157894736842146,2647.0,677.0,0.5926594464500602,4000.0,0.32894736842105265,put_oi_wall,12000.0,-0.013157894736842146,below_price_wall,,,,,,,,,,,,,,,,,,,,,,,,,,,,,,,,,,,,,,,,,,,,,,,,,,,,,,,,,,
2026-09-28,COMMODITY,COMMODITY,lh,lh,lh,DCE,2707,,,,,,,12990.0,,,15600.0,12400.0,,,15600.0,,,1608.0,730.0,3681400.0,,,,,,,,0.2009237875288683,,,,,,,,,,,,,,,,,,,,,,,,,,,,,,False,False,other_month,,,,,,,,,,,,lh2707,12990.0,13693.0,33504.0,630.0,2864609300.0,-0.00025100000000000003,15600.0,15600.0,0.2009237875288683,-0.04541955350269433,0.2009237875288683,0.2009237875288683,918.0,690.0,0.1417910447761194,3200.0,0.24634334103156275,put_oi_wall,12400.0,-0.04541955350269433,below_price_wall,,,,,,,,,,,,,,,,,,,,,,,,,,,,,,,,,,,,,,,,,,,,,,,,,,,,,,,,,,
2026-09-28,COMMODITY,COMMODITY,m,m,m,DCE,2611,,,,,,,3333.0,,,3600.0,3200.0,,,3200.0,,,256482.0,197654.0,52260570.0,,,,,,,,-0.03990399039903991,,,,,,,,,,,,,,,,,,,,,,,,,,,,,,False,False,other_month,,,,,,,,,,,,m2611,3333.0,135790.0,576382.0,3709.0,4563753000.0,-0.000157,3500.0,3350.0,0.0801080108010801,-0.03990399039903991,0.050105010501050096,0.005100510051005092,107596.0,148886.0,-0.16098595612947497,400.0,0.12001200120012001,amount_wall,3350.0,0.005100510051005092,above_price_wall,,,,,,,,,,,,,,,,,,,,,,,,,,,,,,,,,,,,,,,,,,,,,,,,,,,,,,,,,,
2026-09-28,COMMODITY,COMMODITY,m,m,m,DCE,2612,,,,,,,3370.0,,,3500.0,3250.0,,,3250.0,,,29565.0,4705.0,1828130.0,,,,,,,,-0.035608308605341255,,,,,,,,,,,,,,,,,,,,,,,,,,,,,,False,False,other_month,,,,,,,,,,,,m2612,3370.0,17981.0,294967.0,1264.0,610772770.0,-0.000135,3650.0,3650.0,0.03857566765578646,-0.035608308605341255,0.08308605341246289,0.08308605341246289,10440.0,19125.0,-0.2937595129375951,250.0,0.07418397626112759,put_oi_wall,3250.0,-0.035608308605341255,above_price_wall,,,,,,,,,,,,,,,,,,,,,,,,,,,,,,,,,,,,,,,,,,,,,,,,,,,,,,,,,,
2026-09-28,COMMODITY,COMMODITY,m,m,m,DCE,2701,,,,,,,3363.0,,,3300.0,3250.0,,,3350.0,,,438311.0,99431.0,54948030.0,,,,,,,,-0.0038655961938744987,,,,,,,,,,,,,,,,,,,,,,,,,,,,,,False,False,other_month,,,,,,,,,,,,m2701,3363.0,1162962.0,2575067.0,-87890.0,39384395000.0,-0.000123,3400.0,3400.0,-0.01873327386262269,-0.03360095153137077,0.011002081474873693,0.011002081474873693,130889.0,307422.0,-0.40275740284866224,50.0,0.014867677668748141,price_wall,3350.0,-0.0038655961938744987,near_price_wall,,,,,,,,,,,,,,,,,,,,,,,,,,,,,,,,,,,,,,,,,,,,,,,,,,,,,,,,,,
2026-09-28,COMMODITY,COMMODITY,m,m,m,DCE,2703,,,,,,,3303.0,,,3400.0,2900.0,,,2900.0,,,1533.0,9.0,22020.0,,,,,,,,-0.122010293672419,,,,,,,,,,,,,,,,,,,,,,,,,,,,,,False,False,other_month,,,,,,,,,,,,m2703,3303.0,47762.0,366089.0,-2723.0,1589632900.0,-0.000129,2900.0,2900.0,0.0293672419013018,-0.122010293672419,-0.122010293672419,-0.122010293672419,844.0,689.0,0.10110893672537508,500.0,0.15137753557372086,call_oi_wall,3400.0,0.0293672419013018,above_price_wall,,,,,,,,,,,,,,,,,,,,,,,,,,,,,,,,,,,,,,,,,,,,,,,,,,,,,,,,,,
2026-09-28,COMMODITY,COMMODITY,m,m,m,DCE,2705,,,,,,,2982.0,,,3100.0,2800.0,,,2800.0,,,41915.0,1656.0,1447895.0,,,,,,,,-0.06103286384976525,,,,,,,,,,,,,,,,,,,,,,,,,,,,,,False,False,other_month,,,,,,,,,,,,m2705,2982.0,157696.0,848668.0,-5411.0,4728556200.0,-0.000103,3100.0,3100.0,0.039570757880617036,-0.06103286384976525,0.039570757880617036,0.039570757880617036,8150.0,33765.0,-0.611117738279852,300.0,0.1006036217303823,call_oi_wall,3100.0,0.039570757880617036,above_price_wall,,,,,,,,,,,,,,,,,,,,,,,,,,,,,,,,,,,,,,,,,,,,,,,,,,,,,,,,,,
2026-09-28,COMMODITY,COMMODITY,m,m,m,DCE,2707,,,,,,,2939.0,,,3000.0,2600.0,,,2600.0,,,827.0,4.0,3070.0,,,,,,,,-0.11534535556311676,,,,,,,,,,,,,,,,,,,,,,,,,,,,,,False,False,other_month,,,,,,,,,,,,m2707,2939.0,14451.0,240200.0,713.0,426912870.0,-0.000101,3000.0,3000.0,0.02075535896563463,-0.11534535556311676,0.02075535896563463,0.02075535896563463,194.0,633.0,-0.5308343409915357,400.0,0.13610071452875128,call_oi_wall,3000.0,0.02075535896563463,above_price_wall,,,,,,,,,,,,,,,,,,,,,,,,,,,,,,,,,,,,,,,,,,,,,,,,,,,,,,,,,,
2026-09-28,COMMODITY,COMMODITY,m,m,m,DCE,2708,,,,,,,3073.0,,,3200.0,2700.0,,,3200.0,,,124.0,60.0,100150.0,,,,,,,,0.041327692808330596,,,,,,,,,,,,,,,,,,,,,,,,,,,,,,False,False,other_month,,,,,,,,,,,,m2708,3073.0,2753.0,59145.0,529.0,85081570.0,-9.7e-05,3200.0,3200.0,0.041327692808330596,-0.12137975919297106,0.041327692808330596,0.041327692808330596,104.0,20.0,0.6774193548387096,500.0,0.16270745200130166,call_oi_wall,3200.0,0.041327692808330596,below_price_wall,,,,,,,,,,,,,,,,,,,,,,,,,,,,,,,,,,,,,,,,,,,,,,,,,,,,,,,,,,
2026-09-28,COMMODITY,COMMODITY,m,m,m,DCE,2709,,,,,,,3069.0,,,3200.0,3000.0,,,3200.0,,,204.0,7.0,7015.0,,,,,,,,0.0426849136526557,,,,,,,,,,,,,,,,,,,,,,,,,,,,,,False,False,other_month,,,,,,,,,,,,m2709,3069.0,7089.0,23074.0,3429.0,218612300.0,-8.099999999999999e-05,3000.0,3000.0,0.0426849136526557,-0.022482893450635366,-0.022482893450635366,-0.022482893450635366,171.0,33.0,0.6764705882352942,200.0,0.06516780710329098,put_oi_wall,3000.0,-0.022482893450635366,below_price_wall,,,,,,,,,,,,,,,,,,,,,,,,,,,,,,,,,,,,,,,,,,,,,,,,,,,,,,,,,,
2026-09-28,COMMODITY,COMMODITY,p,p,p,DCE,2611,,,,,,,9339.0,,,11600.0,9000.0,,,10000.0,,,71659.0,99603.0,74242775.0,,,,,,,,0.07077845593746646,,,,,,,,,,,,,,,,,,,,,,,,,,,,,,False,False,other_month,,,,,,,,,,,,p2611,9339.0,9180.0,49813.0,573.0,861466620.0,-0.000165,10000.0,9400.0,0.24210300888746117,-0.0362993896562801,0.07077845593746646,0.006531748581218633,43930.0,27729.0,0.22608465091614452,2600.0,0.2784023985437413,amount_wall,9400.0,0.006531748581218633,below_price_wall,,,,,,,,,,,,,,,,,,,,,,,,,,,,,,,,,,,,,,,,,,,,,,,,,,,,,,,,,,
2026-09-28,COMMODITY,COMMODITY,p,p,p,DCE,2612,,,,,,,9488.0,,,10000.0,7200.0,,,9000.0,,,3183.0,1255.0,356740.0,,,,,,,,-0.05143338954468801,,,,,,,,,,,,,,,,,,,,,,,,,,,,,,False,False,other_month,,,,,,,,,,,,p2612,9488.0,3860.0,37058.0,-2105.0,368012490.0,-0.00016299999999999998,8300.0,9000.0,0.053962900505902134,-0.2411467116357504,-0.12521079258010115,-0.05143338954468801,1108.0,2075.0,-0.3038014451775055,2800.0,0.2951096121416526,price_wall,9000.0,-0.05143338954468801,above_price_wall,,,,,,,,,,,,,,,,,,,,,,,,,,,,,,,,,,,,,,,,,,,,,,,,,,,,,,,,,,
2026-09-28,COMMODITY,COMMODITY,p,p,p,DCE,2701,,,,,,,9630.0,,,11600.0,9800.0,,,10000.0,,,165491.0,48380.0,85455175.0,,,,,,,,0.03842159916926269,,,,,,,,,,,,,,,,,,,,,,,,,,,,,,False,False,other_month,,,,,,,,,,,,p2701,9630.0,339366.0,565988.0,14975.0,32836311000.0,-0.00016,9600.0,9600.0,0.20456905503634482,0.017653167185877505,-0.0031152647975077885,-0.0031152647975077885,74626.0,90865.0,-0.09812618208845195,1800.0,0.18691588785046728,volume_wall,9600.0,-0.0031152647975077885,below_price_wall,,,,,,,,,,,,,,,,,,,,,,,,,,,,,,,,,,,,,,,,,,,,,,,,,,,,,,,,,,
2026-09-28,COMMODITY,COMMODITY,p,p,p,DCE,2702,,,,,,,9787.0,,,11600.0,8800.0,,,11600.0,,,229.0,4.0,1360.0,,,,,,,,0.18524573413712075,,,,,,,,,,,,,,,,,,,,,,,,,,,,,,False,False,other_month,,,,,,,,,,,,p2702,9787.0,1943.0,35825.0,504.0,190902850.0,-0.000152,8800.0,8800.0,0.18524573413712075,-0.10084806375804634,-0.10084806375804634,-0.10084806375804634,192.0,37.0,0.6768558951965066,2800.0,0.28609379789516703,put_oi_wall,8800.0,-0.10084806375804634,below_price_wall,,,,,,,,,,,,,,,,,,,,,,,,,,,,,,,,,,,,,,,,,,,,,,,,,,,,,,,,,,
2026-09-28,COMMODITY,COMMODITY,p,p,p,DCE,2703,,,,,,,9937.0,,,10800.0,9000.0,,,10800.0,,,715.0,3.0,7660.0,,,,,,,,0.08684713696286606,,,,,,,,,,,,,,,,,,,,,,,,,,,,,,False,False,other_month,,,,,,,,,,,,p2703,9937.0,3449.0,32952.0,277.0,344209250.0,-0.000151,12000.0,12000.0,0.08684713696286606,-0.09429405253094492,0.2076079299587401,0.2076079299587401,665.0,50.0,0.8601398601398601,1800.0,0.181141189493811,call_oi_wall,10800.0,0.08684713696286606,below_price_wall,,,,,,,,,,,,,,,,,,,,,,,,,,,,,,,,,,,,,,,,,,,,,,,,,,,,,,,,,,
2026-09-28,COMMODITY,COMMODITY,p,p,p,DCE,2704,,,,,,,10057.0,,,11600.0,9400.0,,,11600.0,,,418.0,1.0,1835.0,,,,,,,,0.15342547479367608,,,,,,,,,,,,,,,,,,,,,,,,,,,,,,False,False,other_month,,,,,,,,,,,,p2704,10057.0,43.0,328.0,-13.0,4342680.0,-0.00013299999999999998,11200.0,11200.0,0.15342547479367608,-0.0653276324947798,0.11365218255941145,0.11365218255941145,330.0,88.0,0.5789473684210527,2200.0,0.2187531072884558,put_oi_wall,9400.0,-0.0653276324947798,below_price_wall,,,,,,,,,,,,,,,,,,,,,,,,,,,,,,,,,,,,,,,,,,,,,,,,,,,,,,,,,,
2026-09-28,COMMODITY,COMMODITY,p,p,p,DCE,2705,,,,,,,10119.0,,,11200.0,10000.0,,,10000.0,,,15464.0,2865.0,8976265.0,,,,,,,,-0.01176005534143687,,,,,,,,,,,,,,,,,,,,,,,,,,,,,,False,False,other_month,,,,,,,,,,,,p2705,10119.0,117962.0,287702.0,656.0,11975251100.0,-0.00012200000000000001,10800.0,10800.0,0.10682873801759074,-0.01176005534143687,0.06729914023124817,0.06729914023124817,10055.0,5409.0,0.3004397309881014,1200.0,0.11858879335902757,put_oi_wall,10000.0,-0.01176005534143687,above_price_wall,,,,,,,,,,,,,,,,,,,,,,,,,,,,,,,,,,,,,,,,,,,,,,,,,,,,,,,,,,
2026-09-28,COMMODITY,COMMODITY,p,p,p,DCE,2706,,,,,,,10114.0,,,12000.0,8400.0,,,10800.0,,,176.0,7.0,18570.0,,,,,,,,0.06782677476764887,,,,,,,,,,,,,,,,,,,,,,,,,,,,,,False,False,other_month,,,,,,,,,,,,p2706,10114.0,48.0,142.0,-13.0,4858930.0,-0.000114,10800.0,10800.0,0.18647419418627642,-0.16946806406960646,0.06782677476764887,0.06782677476764887,114.0,62.0,0.29545454545454547,3600.0,0.35594225825588294,price_wall,10800.0,0.06782677476764887,below_price_wall,,,,,,,,,,,,,,,,,,,,,,,,,,,,,,,,,,,,,,,,,,,,,,,,,,,,,,,,,,
2026-09-28,COMMODITY,COMMODITY,p,p,p,DCE,2707,,,,,,,10084.0,,,12000.0,8400.0,,,12000.0,,,88.0,0.0,0.0,,,,,,,,0.19000396667988895,,,,,,,,,,,,,,,,,,,,,,,,,,,,,,False,False,other_month,,,,,,,,,,,,p2707,10084.0,80.0,790.0,-10.0,8080880.0,-0.000106,8400.0,8400.0,0.19000396667988895,-0.16699722332407774,-0.16699722332407774,-0.16699722332407774,39.0,49.0,-0.11363636363636363,3600.0,0.3570011900039667,put_oi_wall,8400.0,-0.16699722332407774,below_price_wall,,,,,,,,,,,,,,,,,,,,,,,,,,,,,,,,,,,,,,,,,,,,,,,,,,,,,,,,,,
2026-09-28,COMMODITY,COMMODITY,p,p,p,DCE,2708,,,,,,,10000.0,,,11200.0,9200.0,,,9200.0,,,96.0,36.0,83990.0,,,,,,,,-0.07999999999999996,,,,,,,,,,,,,,,,,,,,,,,,,,,,,,False,False,other_month,,,,,,,,,,,,p2708,10000.0,57.0,546.0,-12.0,5727030.0,-0.000127,9200.0,9200.0,0.1200000000000001,-0.07999999999999996,-0.07999999999999996,-0.07999999999999996,27.0,69.0,-0.4375,2000.0,0.2,put_oi_wall,9200.0,-0.07999999999999996,above_price_wall,,,,,,,,,,,,,,,,,,,,,,,,,,,,,,,,,,,,,,,,,,,,,,,,,,,,,,,,,,
2026-09-28,COMMODITY,COMMODITY,p,p,p,DCE,2709,,,,,,,9898.0,,,10400.0,9000.0,,,9000.0,,,164.0,105.0,228365.0,,,,,,,,-0.09072539907051924,,,,,,,,,,,,,,,,,,,,,,,,,,,,,,False,False,other_month,,,,,,,,,,,,p2709,9898.0,1707.0,12114.0,330.0,169388060.0,-0.00012,9000.0,9000.0,0.0507173166296222,-0.09072539907051924,-0.09072539907051924,-0.09072539907051924,8.0,156.0,-0.9024390243902439,1400.0,0.14144271570014144,call_oi_wall,10400.0,0.0507173166296222,above_price_wall,,,,,,,,,,,,,,,,,,,,,,,,,,,,,,,,,,,,,,,,,,,,,,,,,,,,,,,,,,
2026-09-28,COMMODITY,COMMODITY,pg,pg,pg,DCE,2611,,,,,,,6649.0,,,8000.0,5000.0,,,7000.0,,,15780.0,5084.0,12489680.0,,,,,,,,0.05278989321702521,,,,,,,,,,,,,,,,,,,,,,,,,,,,,,False,False,other_month,,,,,,,,,,,,pg2611,6649.0,87870.0,107139.0,-2214.0,11687365700.0,0.00016,6700.0,6700.0,0.20318844939088576,-0.24800721913069634,0.007670326364866975,0.007670326364866975,6713.0,9067.0,-0.14917617237008873,3000.0,0.4511956685215822,volume_wall,6700.0,0.007670326364866975,below_price_wall,,,,,,,,,,,,,,,,,,,,,,,,,,,,,,,,,,,,,,,,,,,,,,,,,,,,,,,,,,
2026-09-28,COMMODITY,COMMODITY,pg,pg,pg,DCE,2612,,,,,,,6442.0,,,7600.0,6000.0,,,6400.0,,,1375.0,468.0,1281512.0,,,,,,,,-0.006519714374417895,,,,,,,,,,,,,,,,,,,,,,,,,,,,,,False,False,other_month,,,,,,,,,,,,pg2612,6442.0,21276.0,66084.0,3306.0,2739971600.0,0.00019800000000000002,6400.0,6400.0,0.1797578391803787,-0.06861223222601676,-0.006519714374417895,-0.006519714374417895,690.0,685.0,0.0036363636363636364,1600.0,0.24837007140639553,price_wall,6400.0,-0.006519714374417895,above_price_wall,,,,,,,,,,,,,,,,,,,,,,,,,,,,,,,,,,,,,,,,,,,,,,,,,,,,,,,,,,
2026-09-28,COMMODITY,COMMODITY,pg,pg,pg,DCE,2701,,,,,,,6188.0,,,6400.0,5250.0,,,6400.0,,,294.0,22.0,42308.0,,,,,,,,0.034259857789269654,,,,,,,,,,,,,,,,,,,,,,,,,,,,,,False,False,other_month,,,,,,,,,,,,pg2701,6188.0,1957.0,4809.0,232.0,241836220.0,0.00021600000000000002,4850.0,6400.0,0.034259857789269654,-0.15158371040723984,-0.21622495151906918,0.034259857789269654,69.0,225.0,-0.5306122448979592,1150.0,0.18584356819650938,call_oi_wall,6400.0,0.034259857789269654,below_price_wall,,,,,,,,,,,,,,,,,,,,,,,,,,,,,,,,,,,,,,,,,,,,,,,,,,,,,,,,,,
2026-09-28,COMMODITY,COMMODITY,pg,pg,pg,DCE,2702,,,,,,,5897.0,,,6600.0,4800.0,,,6600.0,,,105.0,56.0,143144.0,,,,,,,,0.11921315923350861,,,,,,,,,,,,,,,,,,,,,,,,,,,,,,False,False,other_month,,,,,,,,,,,,pg2702,5897.0,960.0,15477.0,352.0,112873520.0,0.000241,4800.0,6600.0,0.11921315923350861,-0.18602679328472105,-0.18602679328472105,0.11921315923350861,62.0,43.0,0.18095238095238095,1800.0,0.3052399525182296,call_oi_wall,6600.0,0.11921315923350861,below_price_wall,,,,,,,,,,,,,,,,,,,,,,,,,,,,,,,,,,,,,,,,,,,,,,,,,,,,,,,,,,
2026-09-28,COMMODITY,COMMODITY,pg,pg,pg,DCE,2703,,,,,,,5594.0,,,6000.0,4600.0,,,6000.0,,,257.0,1.0,6484.0,,,,,,,,0.07257776188773679,,,,,,,,,,,,,,,,,,,,,,,,,,,,,,False,False,other_month,,,,,,,,,,,,pg2703,5594.0,133.0,1492.0,5.0,14886860.0,0.000149,6000.0,6000.0,0.07257776188773679,-0.17769038255273506,0.07257776188773679,0.07257776188773679,109.0,148.0,-0.1517509727626459,1400.0,0.2502681444404719,call_oi_wall,6000.0,0.07257776188773679,below_price_wall,,,,,,,,,,,,,,,,,,,,,,,,,,,,,,,,,,,,,,,,,,,,,,,,,,,,,,,,,,
2026-09-28,COMMODITY,COMMODITY,pg,pg,pg,DCE,2704,,,,,,,5707.0,,,6000.0,4800.0,,,4400.0,,,208.0,8.0,9932.0,,,,,,,,-0.22901699667075526,,,,,,,,,,,,,,,,,,,,,,,,,,,,,,False,False,other_month,,,,,,,,,,,,pg2704,5707.0,86.0,3105.0,0.0,9833000.0,7.900000000000001e-05,4100.0,4400.0,0.05134045908533391,-0.15892763273173294,-0.2815840196250219,-0.22901699667075526,123.0,85.0,0.18269230769230768,1200.0,0.21026809181706677,call_oi_wall,6000.0,0.05134045908533391,above_price_wall,,,,,,,,,,,,,,,,,,,,,,,,,,,,,,,,,,,,,,,,,,,,,,,,,,,,,,,,,,
2026-09-28,COMMODITY,COMMODITY,pg,pg,pg,DCE,2705,,,,,,,5503.0,,,5700.0,4100.0,,,5100.0,,,323.0,2.0,12792.0,,,,,,,,-0.07323278211884432,,,,,,,,,,,,,,,,,,,,,,,,,,,,,,False,False,other_month,,,,,,,,,,,,pg2705,5503.0,20.0,291.0,-1.0,2190600.0,0.000125,5100.0,5100.0,0.03579865527893866,-0.2549518444484826,-0.07323278211884432,-0.07323278211884432,125.0,198.0,-0.2260061919504644,1600.0,0.2907504997274214,call_oi_wall,5700.0,0.03579865527893866,above_price_wall,,,,,,,,,,,,,,,,,,,,,,,,,,,,,,,,,,,,,,,,,,,,,,,,,,,,,,,,,,
2026-09-28,COMMODITY,COMMODITY,pg,pg,pg,DCE,2706,,,,,,,5354.0,,,5200.0,4600.0,,,4100.0,,,125.0,13.0,35032.0,,,,,,,,-0.23421740754576015,,,,,,,,,,,,,,,,,,,,,,,,,,,,,,False,False,other_month,,,,,,,,,,,,pg2706,5354.0,6.0,97.0,1.0,638860.0,0.000161,4100.0,4100.0,-0.028763541277549542,-0.14082928651475535,-0.23421740754576015,-0.23421740754576015,15.0,110.0,-0.76,600.0,0.11206574523720583,call_oi_wall,5200.0,-0.028763541277549542,above_price_wall,,,,,,,,,,,,,,,,,,,,,,,,,,,,,,,,,,,,,,,,,,,,,,,,,,,,,,,,,,
2026-09-28,COMMODITY,COMMODITY,pg,pg,pg,DCE,2707,,,,,,,5215.0,,,5300.0,4100.0,,,4500.0,,,153.0,14.0,78172.0,,,,,,,,-0.13710450623202297,,,,,,,,,,,,,,,,,,,,,,,,,,,,,,False,False,other_month,,,,,,,,,,,,pg2707,5215.0,6.0,60.0,1.0,621380.0,0.000124,4500.0,4500.0,0.016299137104506256,-0.21380632790028764,-0.13710450623202297,-0.13710450623202297,27.0,126.0,-0.6470588235294118,1200.0,0.23010546500479387,call_oi_wall,5300.0,0.016299137104506256,above_price_wall,,,,,,,,,,,,,,,,,,,,,,,,,,,,,,,,,,,,,,,,,,,,,,,,,,,,,,,,,,
2026-09-28,COMMODITY,COMMODITY,pg,pg,pg,DCE,2708,,,,,,,5119.0,,,5500.0,4300.0,,,4300.0,,,32.0,0.0,0.0,,,,,,,,-0.15999218597382303,,,,,,,,,,,,,,,,,,,,,,,,,,,,,,False,False,other_month,,,,,,,,,,,,pg2708,5119.0,3.0,44.0,0.0,306460.0,0.000135,4200.0,4200.0,0.07442859933580781,-0.15999218597382303,-0.17952725141629222,-0.17952725141629222,11.0,21.0,-0.3125,1200.0,0.23442078530963079,call_oi_wall,5500.0,0.07442859933580781,above_price_wall,,,,,,,,,,,,,,,,,,,,,,,,,,,,,,,,,,,,,,,,,,,,,,,,,,,,,,,,,,
2026-09-28,COMMODITY,COMMODITY,pp,pp,pp,DCE,2611,,,,,,,9210.0,,,9800.0,8000.0,,,9000.0,,,30926.0,8282.0,5802404.0,,,,,,,,-0.0228013029315961,,,,,,,,,,,,,,,,,,,,,,,,,,,,,,False,False,other_month,,,,,,,,,,,,pp2611,9210.0,71330.0,152402.0,2363.0,3279299100.0,0.000138,9900.0,9000.0,0.06406080347448428,-0.13137893593919647,0.07491856677524433,-0.0228013029315961,11785.0,19141.0,-0.2378581129146996,1800.0,0.19543973941368079,price_wall,9000.0,-0.0228013029315961,above_price_wall,,,,,,,,,,,,,,,,,,,,,,,,,,,,,,,,,,,,,,,,,,,,,,,,,,,,,,,,,,
2026-09-28,COMMODITY,COMMODITY,pp,pp,pp,DCE,2612,,,,,,,8850.0,,,10200.0,8700.0,,,8700.0,,,6935.0,1729.0,1528035.0,,,,,,,,-0.016949152542372836,,,,,,,,,,,,,,,,,,,,,,,,,,,,,,False,False,other_month,,,,,,,,,,,,pp2612,8850.0,11794.0,104202.0,1306.0,521296630.0,0.00013299999999999998,9600.0,9600.0,0.15254237288135597,-0.016949152542372836,0.0847457627118644,0.0847457627118644,3363.0,3572.0,-0.030136986301369864,1500.0,0.1694915254237288,put_oi_wall,8700.0,-0.016949152542372836,above_price_wall,,,,,,,,,,,,,,,,,,,,,,,,,,,,,,,,,,,,,,,,,,,,,,,,,,,,,,,,,,
2026-09-28,COMMODITY,COMMODITY,pp,pp,pp,DCE,2701,,,,,,,8595.0,,,8600.0,8000.0,,,8000.0,,,24383.0,6700.0,9070735.0,,,,,,,,-0.06922629435718441,,,,,,,,,,,,,,,,,,,,,,,,,,,,,,False,False,other_month,,,,,,,,,,,,pp2701,8595.0,496479.0,629351.0,-5726.0,21341312000.0,0.00012,8000.0,8600.0,0.0005817335660267542,-0.06922629435718441,-0.06922629435718441,0.0005817335660267542,12067.0,12316.0,-0.010212032973793217,600.0,0.06980802792321117,call_oi_wall,8600.0,0.0005817335660267542,above_price_wall,,,,,,,,,,,,,,,,,,,,,,,,,,,,,,,,,,,,,,,,,,,,,,,,,,,,,,,,,,
2026-09-28,COMMODITY,COMMODITY,pp,pp,pp,DCE,2702,,,,,,,8311.0,,,9400.0,6200.0,,,9400.0,,,135.0,0.0,0.0,,,,,,,,0.13103116351822885,,,,,,,,,,,,,,,,,,,,,,,,,,,,,,False,False,other_month,,,,,,,,,,,,pp2702,8311.0,1828.0,49330.0,787.0,76059225.0,0.000129,6000.0,6000.0,0.13103116351822885,-0.2540007219347852,-0.27806521477559865,-0.27806521477559865,81.0,54.0,0.2,3200.0,0.3850318854530141,call_oi_wall,9400.0,0.13103116351822885,below_price_wall,,,,,,,,,,,,,,,,,,,,,,,,,,,,,,,,,,,,,,,,,,,,,,,,,,,,,,,,,,
2026-09-28,COMMODITY,COMMODITY,pp,pp,pp,DCE,2703,,,,,,,8153.0,,,8600.0,6000.0,,,8600.0,,,103.0,0.0,0.0,,,,,,,,0.05482644425364902,,,,,,,,,,,,,,,,,,,,,,,,,,,,,,False,False,other_month,,,,,,,,,,,,pp2703,8153.0,53.0,403.0,23.0,2161910.0,0.000147,6000.0,6000.0,0.05482644425364902,-0.264074573776524,-0.264074573776524,-0.264074573776524,99.0,4.0,0.9223300970873787,2600.0,0.31890101803017296,call_oi_wall,8600.0,0.05482644425364902,below_price_wall,,,,,,,,,,,,,,,,,,,,,,,,,,,,,,,,,,,,,,,,,,,,,,,,,,,,,,,,,,
2026-09-28,COMMODITY,COMMODITY,pp,pp,pp,DCE,2704,,,,,,,8105.0,,,9200.0,7000.0,,,7000.0,,,83.0,0.0,0.0,,,,,,,,-0.13633559531153605,,,,,,,,,,,,,,,,,,,,,,,,,,,,,,False,False,other_month,,,,,,,,,,,,pp2704,8105.0,38.0,239.0,17.0,1536515.0,0.000136,6000.0,6000.0,0.13510178901912395,-0.13633559531153605,-0.25971622455274523,-0.25971622455274523,64.0,19.0,0.5421686746987951,2200.0,0.27143738433066006,call_oi_wall,9200.0,0.13510178901912395,above_price_wall,,,,,,,,,,,,,,,,,,,,,,,,,,,,,,,,,,,,,,,,,,,,,,,,,,,,,,,,,,
2026-09-28,COMMODITY,COMMODITY,pp,pp,pp,DCE,2705,,,,,,,7985.0,,,7600.0,6000.0,,,7600.0,,,28.0,0.0,0.0,,,,,,,,-0.048215403882279295,,,,,,,,,,,,,,,,,,,,,,,,,,,,,,False,False,other_month,,,,,,,,,,,,pp2705,7985.0,19639.0,66834.0,-1689.0,782369790.0,0.000118,6000.0,6000.0,-0.048215403882279295,-0.24859110832811526,-0.24859110832811526,-0.24859110832811526,17.0,11.0,0.21428571428571427,1600.0,0.20037570444583594,call_oi_wall,7600.0,-0.048215403882279295,above_price_wall,,,,,,,,,,,,,,,,,,,,,,,,,,,,,,,,,,,,,,,,,,,,,,,,,,,,,,,,,,
2026-09-28,COMMODITY,COMMODITY,pp,pp,pp,DCE,2706,,,,,,,7836.0,,,8200.0,6000.0,,,6000.0,,,21.0,0.0,0.0,,,,,,,,-0.23430321592649306,,,,,,,,,,,,,,,,,,,,,,,,,,,,,,False,False,other_month,,,,,,,,,,,,pp2706,7836.0,7.0,258.0,2.0,273795.0,6.4e-05,6000.0,6000.0,0.04645227156712606,-0.23430321592649306,-0.23430321592649306,-0.23430321592649306,5.0,16.0,-0.5238095238095238,2200.0,0.28075548749361917,call_oi_wall,8200.0,0.04645227156712606,above_price_wall,,,,,,,,,,,,,,,,,,,,,,,,,,,,,,,,,,,,,,,,,,,,,,,,,,,,,,,,,,
2026-09-28,COMMODITY,COMMODITY,pp,pp,pp,DCE,2707,,,,,,,7781.0,,,6200.0,6200.0,,,6200.0,,,3.0,0.0,0.0,,,,,,,,-0.20318725099601598,,,,,,,,,,,,,,,,,,,,,,,,,,,,,,False,False,other_month,,,,,,,,,,,,pp2707,7781.0,10.0,645.0,-2.0,386845.0,6.2e-05,6200.0,6200.0,-0.20318725099601598,-0.20318725099601598,-0.20318725099601598,-0.20318725099601598,0.0,3.0,-1.0,0.0,0.0,call_oi_wall,6200.0,-0.20318725099601598,above_price_wall,,,,,,,,,,,,,,,,,,,,,,,,,,,,,,,,,,,,,,,,,,,,,,,,,,,,,,,,,,
2026-09-28,COMMODITY,COMMODITY,pp,pp,pp,DCE,2708,,,,,,,7724.0,,,6400.0,6400.0,,,6400.0,,,1.0,0.0,0.0,,,,,,,,-0.17141377524598655,,,,,,,,,,,,,,,,,,,,,,,,,,,,,,False,False,other_month,,,,,,,,,,,,pp2708,7724.0,14.0,341.0,0.0,538845.0,4.7999999999999994e-05,6400.0,6400.0,-0.17141377524598655,-0.17141377524598655,-0.17141377524598655,-0.17141377524598655,0.0,1.0,-1.0,0.0,0.0,call_oi_wall,6400.0,-0.17141377524598655,above_price_wall,,,,,,,,,,,,,,,,,,,,,,,,,,,,,,,,,,,,,,,,,,,,,,,,,,,,,,,,,,
2026-09-28,COMMODITY,COMMODITY,pp,pp,pp,DCE,2709,,,,,,,7656.0,,,6800.0,6800.0,,,6800.0,,,0.0,0.0,0.0,,,,,,,,-0.11180773249738762,,,,,,,,,,,,,,,,,,,,,,,,,,,,,,False,False,other_month,,,,,,,,,,,,pp2709,7656.0,83.0,339.0,-23.0,3182420.0,7.5e-05,6800.0,6800.0,-0.11180773249738762,-0.11180773249738762,-0.11180773249738762,-0.11180773249738762,0.0,0.0,,0.0,0.0,call_oi_wall,6800.0,-0.11180773249738762,above_price_wall,,,,,,,,,,,,,,,,,,,,,,,,,,,,,,,,,,,,,,,,,,,,,,,,,,,,,,,,,,
2026-09-28,COMMODITY,COMMODITY,v,v,v,DCE,2611,,,,,,,4694.0,,,6800.0,4500.0,,,5000.0,,,113349.0,122799.0,33547743.0,,,,,,,,0.06518960374946747,,,,,,,,,,,,,,,,,,,,,,,,,,,,,,False,False,other_month,,,,,,,,,,,,v2611,4694.0,29839.0,211418.0,-2778.0,701681590.0,-3.4e-05,5000.0,4700.0,0.44865786109927575,-0.04132935662547932,0.06518960374946747,0.0012782275244993535,74970.0,38379.0,0.3228171399835905,2300.0,0.489987217724755,amount_wall,4700.0,0.0012782275244993535,below_price_wall,,,,,,,,,,,,,,,,,,,,,,,,,,,,,,,,,,,,,,,,,,,,,,,,,,,,,,,,,,
2026-09-28,COMMODITY,COMMODITY,v,v,v,DCE,2612,,,,,,,4737.0,,,6000.0,4450.0,,,5200.0,,,5157.0,309.0,49209.0,,,,,,,,0.0977411864048976,,,,,,,,,,,,,,,,,,,,,,,,,,,,,,False,False,other_month,,,,,,,,,,,,v2612,4737.0,8133.0,151935.0,1817.0,192916690.0,-2.7000000000000002e-05,5200.0,5200.0,0.266624445851805,-0.060586869326577975,0.0977411864048976,0.0977411864048976,4173.0,984.0,0.6183827806864456,1550.0,0.3272113151783829,put_oi_wall,4450.0,-0.060586869326577975,below_price_wall,,,,,,,,,,,,,,,,,,,,,,,,,,,,,,,,,,,,,,,,,,,,,,,,,,,,,,,,,,
2026-09-28,COMMODITY,COMMODITY,v,v,v,DCE,2701,,,,,,,4773.0,,,5200.0,4500.0,,,5200.0,,,113580.0,17676.0,7633810.0,,,,,,,,0.08946155457783367,,,,,,,,,,,,,,,,,,,,,,,,,,,,,,False,False,other_month,,,,,,,,,,,,v2701,4773.0,888456.0,1096382.0,17418.0,21241899000.0,-2.8999999999999997e-05,5000.0,5000.0,0.08946155457783367,-0.05719673161533623,0.04755918709407081,0.04755918709407081,76152.0,37428.0,0.3409403063919704,700.0,0.14665828619316992,volume_wall,5000.0,0.04755918709407081,below_price_wall,,,,,,,,,,,,,,,,,,,,,,,,,,,,,,,,,,,,,,,,,,,,,,,,,,,,,,,,,,
2026-09-28,COMMODITY,COMMODITY,v,v,v,DCE,2702,,,,,,,4809.0,,,6600.0,4550.0,,,6600.0,,,365.0,0.0,0.0,,,,,,,,0.3724266999376169,,,,,,,,,,,,,,,,,,,,,,,,,,,,,,False,False,other_month,,,,,,,,,,,,v2702,4809.0,5854.0,88073.0,2187.0,141019240.0,-3.1e-05,4000.0,4000.0,0.3724266999376169,-0.05385735080058229,-0.1682262424620503,-0.1682262424620503,288.0,77.0,0.5780821917808219,2050.0,0.4262840507381992,put_oi_wall,4550.0,-0.05385735080058229,below_price_wall,,,,,,,,,,,,,,,,,,,,,,,,,,,,,,,,,,,,,,,,,,,,,,,,,,,,,,,,,,
2026-09-28,COMMODITY,COMMODITY,v,v,v,DCE,2703,,,,,,,4840.0,,,6000.0,4300.0,,,4600.0,,,94.0,0.0,0.0,,,,,,,,-0.04958677685950408,,,,,,,,,,,,,,,,,,,,,,,,,,,,,,False,False,other_month,,,,,,,,,,,,v2703,4840.0,213.0,4339.0,6.0,5166210.0,-4.1e-05,4100.0,4100.0,0.2396694214876034,-0.11157024793388426,-0.15289256198347112,-0.15289256198347112,74.0,20.0,0.574468085106383,1700.0,0.3512396694214876,price_wall,4600.0,-0.04958677685950408,above_price_wall,,,,,,,,,,,,,,,,,,,,,,,,,,,,,,,,,,,,,,,,,,,,,,,,,,,,,,,,,,
2026-09-28,COMMODITY,COMMODITY,v,v,v,DCE,2704,,,,,,,4982.0,,,6200.0,4700.0,,,6200.0,,,67.0,0.0,0.0,,,,,,,,0.24448012846246492,,,,,,,,,,,,,,,,,,,,,,,,,,,,,,False,False,other_month,,,,,,,,,,,,v2704,4982.0,120.0,3768.0,-4.0,3000280.0,-6.6e-05,4300.0,4300.0,0.24448012846246492,-0.05660377358490565,-0.13689281413087118,-0.13689281413087118,47.0,20.0,0.40298507462686567,1500.0,0.3010839020473705,put_oi_wall,4700.0,-0.05660377358490565,below_price_wall,,,,,,,,,,,,,,,,,,,,,,,,,,,,,,,,,,,,,,,,,,,,,,,,,,,,,,,,,,
2026-09-28,COMMODITY,COMMODITY,v,v,v,DCE,2705,,,,,,,5012.0,,,5800.0,5000.0,,,5800.0,,,662.0,0.0,0.0,,,,,,,,0.15722266560255393,,,,,,,,,,,,,,,,,,,,,,,,,,,,,,False,False,other_month,,,,,,,,,,,,v2705,5012.0,43989.0,172282.0,3264.0,1104595230.0,-5e-05,4300.0,4300.0,0.15722266560255393,-0.002394253790901857,-0.14205905826017562,-0.14205905826017562,626.0,36.0,0.8912386706948641,800.0,0.1596169193934557,put_oi_wall,5000.0,-0.002394253790901857,below_price_wall,,,,,,,,,,,,,,,,,,,,,,,,,,,,,,,,,,,,,,,,,,,,,,,,,,,,,,,,,,
2026-09-28,COMMODITY,COMMODITY,v,v,v,DCE,2706,,,,,,,5043.0,,,5600.0,4500.0,,,4500.0,,,45.0,0.0,0.0,,,,,,,,-0.10767400356930401,,,,,,,,,,,,,,,,,,,,,,,,,,,,,,False,False,other_month,,,,,,,,,,,,v2706,5043.0,85.0,858.0,-3.0,2150645.0,-3e-05,4300.0,4300.0,0.11045012889153272,-0.10767400356930401,-0.1473329367440016,-0.1473329367440016,17.0,28.0,-0.24444444444444444,1100.0,0.2181241324608368,put_oi_wall,4500.0,-0.10767400356930401,above_price_wall,,,,,,,,,,,,,,,,,,,,,,,,,,,,,,,,,,,,,,,,,,,,,,,,,,,,,,,,,,
2026-09-28,COMMODITY,COMMODITY,v,v,v,DCE,2707,,,,,,,5065.0,,,5600.0,4800.0,,,5600.0,,,99.0,0.0,0.0,,,,,,,,0.10562685093780844,,,,,,,,,,,,,,,,,,,,,,,,,,,,,,False,False,other_month,,,,,,,,,,,,v2707,5065.0,71.0,752.0,-22.0,1792880.0,-2e-05,4300.0,4300.0,0.10562685093780844,-0.052319842053306975,-0.15103652517275423,-0.15103652517275423,71.0,28.0,0.43434343434343436,800.0,0.1579466929911155,put_oi_wall,4800.0,-0.052319842053306975,below_price_wall,,,,,,,,,,,,,,,,,,,,,,,,,,,,,,,,,,,,,,,,,,,,,,,,,,,,,,,,,,
2026-09-28,COMMODITY,COMMODITY,v,v,v,DCE,2708,,,,,,,5075.0,,,5400.0,5400.0,,,5400.0,,,140.0,0.0,0.0,,,,,,,,0.0640394088669951,,,,,,,,,,,,,,,,,,,,,,,,,,,,,,False,False,other_month,,,,,,,,,,,,v2708,5075.0,32.0,311.0,-6.0,813785.0,-3.9e-05,4300.0,4300.0,0.0640394088669951,0.0640394088669951,-0.15270935960591137,-0.15270935960591137,65.0,75.0,-0.07142857142857142,0.0,0.0,call_oi_wall,5400.0,0.0640394088669951,below_price_wall,,,,,,,,,,,,,,,,,,,,,,,,,,,,,,,,,,,,,,,,,,,,,,,,,,,,,,,,,,
2026-09-28,COMMODITY,COMMODITY,v,v,v,DCE,2709,,,,,,,5113.0,,,4600.0,4600.0,,,4600.0,,,0.0,0.0,0.0,,,,,,,,-0.10033248582045762,,,,,,,,,,,,,,,,,,,,,,,,,,,,,,False,False,other_month,,,,,,,,,,,,v2709,5113.0,355.0,1571.0,58.0,9068020.0,-2.1e-05,4600.0,4600.0,-0.10033248582045762,-0.10033248582045762,-0.10033248582045762,-0.10033248582045762,0.0,0.0,,0.0,0.0,call_oi_wall,4600.0,-0.10033248582045762,above_price_wall,,,,,,,,,,,,,,,,,,,,,,,,,,,,,,,,,,,,,,,,,,,,,,,,,,,,,,,,,,
2026-09-28,COMMODITY,COMMODITY,y,y,y,DCE,2611,,,,,,,8762.0,,,9500.0,8500.0,,,8500.0,,,43198.0,23762.0,9736060.0,,,,,,,,-0.02990184889294678,,,,,,,,,,,,,,,,,,,,,,,,,,,,,,False,False,other_month,,,,,,,,,,,,y2611,8762.0,22508.0,112277.0,3837.0,1977481500.0,-0.000117,8500.0,9000.0,0.08422734535494181,-0.02990184889294678,-0.02990184889294678,0.027162748230997513,22064.0,21134.0,0.021528774480300016,1000.0,0.11412919424788862,amount_wall,9000.0,0.027162748230997513,above_price_wall,,,,,,,,,,,,,,,,,,,,,,,,,,,,,,,,,,,,,,,,,,,,,,,,,,,,,,,,,,
2026-09-28,COMMODITY,COMMODITY,y,y,y,DCE,2612,,,,,,,8875.0,,,8600.0,8600.0,,,8600.0,,,14580.0,2688.0,1962300.0,,,,,,,,-0.030985915492957705,,,,,,,,,,,,,,,,,,,,,,,,,,,,,,False,False,other_month,,,,,,,,,,,,y2612,8875.0,6962.0,106941.0,386.0,619172900.0,-8.4e-05,8600.0,8600.0,-0.030985915492957705,-0.030985915492957705,-0.030985915492957705,-0.030985915492957705,5826.0,8754.0,-0.2008230452674897,0.0,0.0,call_oi_wall,8600.0,-0.030985915492957705,above_price_wall,,,,,,,,,,,,,,,,,,,,,,,,,,,,,,,,,,,,,,,,,,,,,,,,,,,,,,,,,,
2026-09-28,COMMODITY,COMMODITY,y,y,y,DCE,2701,,,,,,,8868.0,,,9200.0,8900.0,,,8600.0,,,60281.0,6718.0,5790730.0,,,,,,,,-0.03022101939557964,,,,,,,,,,,,,,,,,,,,,,,,,,,,,,False,False,other_month,,,,,,,,,,,,y2701,8868.0,218339.0,620910.0,-7914.0,19397029000.0,-8.4e-05,9500.0,9500.0,0.03743797925124048,0.0036084799278304214,0.07126747857465032,0.07126747857465032,24372.0,35909.0,-0.19138700419701066,300.0,0.03382949932341001,put_oi_wall,8900.0,0.0036084799278304214,above_price_wall,,,,,,,,,,,,,,,,,,,,,,,,,,,,,,,,,,,,,,,,,,,,,,,,,,,,,,,,,,
2026-09-28,COMMODITY,COMMODITY,y,y,y,DCE,2703,,,,,,,8828.0,,,9800.0,8400.0,,,9800.0,,,1907.0,0.0,0.0,,,,,,,,0.11010421386497504,,,,,,,,,,,,,,,,,,,,,,,,,,,,,,False,False,other_month,,,,,,,,,,,,y2703,8828.0,6528.0,105716.0,474.0,577446490.0,-9.1e-05,7200.0,7200.0,0.11010421386497504,-0.0484821024014499,-0.18441323062981418,-0.18441323062981418,1050.0,857.0,0.10120608285264814,1400.0,0.158586316266425,put_oi_wall,8400.0,-0.0484821024014499,below_price_wall,,,,,,,,,,,,,,,,,,,,,,,,,,,,,,,,,,,,,,,,,,,,,,,,,,,,,,,,,,
2026-09-28,COMMODITY,COMMODITY,y,y,y,DCE,2705,,,,,,,8680.0,,,9200.0,8000.0,,,9200.0,,,1767.0,1.0,890.0,,,,,,,,0.05990783410138256,,,,,,,,,,,,,,,,,,,,,,,,,,,,,,False,False,other_month,,,,,,,,,,,,y2705,8680.0,40288.0,261089.0,-883.0,3504065100.0,-9.400000000000001e-05,10000.0,10000.0,0.05990783410138256,-0.07834101382488479,0.1520737327188939,0.1520737327188939,1031.0,736.0,0.16694963214487832,1200.0,0.1382488479262673,call_oi_wall,9200.0,0.05990783410138256,below_price_wall,,,,,,,,,,,,,,,,,,,,,,,,,,,,,,,,,,,,,,,,,,,,,,,,,,,,,,,,,,
2026-09-28,COMMODITY,COMMODITY,y,y,y,DCE,2707,,,,,,,8579.0,,,9000.0,7200.0,,,7600.0,,,154.0,1.0,700.0,,,,,,,,-0.11411586431985077,,,,,,,,,,,,,,,,,,,,,,,,,,,,,,False,False,other_month,,,,,,,,,,,,y2707,8579.0,674.0,49217.0,337.0,57963860.0,-9.900000000000001e-05,7600.0,7600.0,0.049073318568597646,-0.16074134514512184,-0.11411586431985077,-0.11411586431985077,84.0,70.0,0.09090909090909091,1800.0,0.20981466371371954,call_oi_wall,9000.0,0.049073318568597646,above_price_wall,,,,,,,,,,,,,,,,,,,,,,,,,,,,,,,,,,,,,,,,,,,,,,,,,,,,,,,,,,
2026-09-28,COMMODITY,COMMODITY,y,y,y,DCE,2708,,,,,,,8579.0,,,8800.0,7400.0,,,8800.0,,,46.0,0.0,0.0,,,,,,,,0.02576057815596222,,,,,,,,,,,,,,,,,,,,,,,,,,,,,,False,False,other_month,,,,,,,,,,,,y2708,8579.0,498.0,19777.0,243.0,42829440.0,-9.900000000000001e-05,7400.0,7400.0,0.02576057815596222,-0.1374286047324863,-0.1374286047324863,-0.1374286047324863,23.0,23.0,0.0,1400.0,0.16318918288844853,call_oi_wall,8800.0,0.02576057815596222,below_price_wall,,,,,,,,,,,,,,,,,,,,,,,,,,,,,,,,,,,,,,,,,,,,,,,,,,,,,,,,,,
2026-09-28,COMMODITY,COMMODITY,y,y,y,DCE,2709,,,,,,,8555.0,,,7800.0,7800.0,,,7800.0,,,0.0,0.0,0.0,,,,,,,,-0.08825248392752771,,,,,,,,,,,,,,,,,,,,,,,,,,,,,,False,False,other_month,,,,,,,,,,,,y2709,8555.0,113.0,772.0,8.0,9706330.0,-9.7e-05,7800.0,7800.0,-0.08825248392752771,-0.08825248392752771,-0.08825248392752771,-0.08825248392752771,0.0,0.0,,0.0,0.0,call_oi_wall,7800.0,-0.08825248392752771,above_price_wall,,,,,,,,,,,,,,,,,,,,,,,,,,,,,,,,,,,,,,,,,,,,,,,,,,,,,,,,,,
2026-09-28,COMMODITY,COMMODITY,lc,lc,lc,GFEX,2611,,,,,,,119380.0,,,150000.0,100000.0,,,140000.0,,,165591.0,303749.0,542322360.0,,,,,,,,0.17272574970681864,,,,,,,,,,,,,,,,,,,,,,,,,,,,,,False,False,other_month,,,,,,,,,,,,lc2611,119380.0,47419.0,103874.0,-8962.0,5763009900.0,-0.000585,110000.0,120000.0,0.2564918746858771,-0.16233875020941535,-0.0785726252303568,0.0051934997487015355,110089.0,55502.0,0.32964955824893866,50000.0,0.4188306248952923,amount_wall,120000.0,0.0051934997487015355,below_price_wall,,,,,,,,,,,,,,,,,,,,,,,,,,,,,,,,,,,,,,,,,,,,,,,,,,,,,,,,,,
2026-09-28,COMMODITY,COMMODITY,lc,lc,lc,GFEX,2612,,,,,,,119940.0,,,246000.0,100000.0,,,100000.0,,,1554.0,216.0,275030.0,,,,,,,,-0.1662497915624479,,,,,,,,,,,,,,,,,,,,,,,,,,,,,,False,False,other_month,,,,,,,,,,,,lc2612,119940.0,8384.0,32726.0,-1914.0,1017726780.0,-0.0005340000000000001,100000.0,100000.0,1.0510255127563783,-0.1662497915624479,-0.1662497915624479,-0.1662497915624479,738.0,816.0,-0.05019305019305019,146000.0,1.217275304318826,put_oi_wall,100000.0,-0.1662497915624479,above_price_wall,,,,,,,,,,,,,,,,,,,,,,,,,,,,,,,,,,,,,,,,,,,,,,,,,,,,,,,,,,
2026-09-28,COMMODITY,COMMODITY,lc,lc,lc,GFEX,2701,,,,,,,119040.0,,,160000.0,130000.0,,,150000.0,,,71119.0,50282.0,352396450.0,,,,,,,,0.26008064516129026,,,,,,,,,,,,,,,,,,,,,,,,,,,,,,False,False,other_month,,,,,,,,,,,,lc2701,119040.0,250102.0,424087.0,-5315.0,30221228000.0,-0.000569,120000.0,130000.0,0.34408602150537626,0.09206989247311825,0.008064516129032251,0.09206989247311825,45474.0,25645.0,0.27881438152954907,30000.0,0.25201612903225806,volume_wall,120000.0,0.008064516129032251,below_price_wall,,,,,,,,,,,,,,,,,,,,,,,,,,,,,,,,,,,,,,,,,,,,,,,,,,,,,,,,,,
2026-09-28,COMMODITY,COMMODITY,lc,lc,lc,GFEX,2702,,,,,,,116400.0,,,246000.0,106000.0,,,246000.0,,,803.0,9.0,9850.0,,,,,,,,1.1134020618556701,,,,,,,,,,,,,,,,,,,,,,,,,,,,,,False,False,other_month,,,,,,,,,,,,lc2702,116400.0,179.0,2990.0,7.0,21234060.0,-0.000688,246000.0,150000.0,1.1134020618556701,-0.0893470790378007,1.1134020618556701,0.2886597938144331,528.0,275.0,0.3150684931506849,140000.0,1.2027491408934707,put_oi_wall,106000.0,-0.0893470790378007,below_price_wall,,,,,,,,,,,,,,,,,,,,,,,,,,,,,,,,,,,,,,,,,,,,,,,,,,,,,,,,,,
2026-09-28,COMMODITY,COMMODITY,lc,lc,lc,GFEX,2703,,,,,,,115280.0,,,244000.0,112000.0,,,112000.0,,,672.0,1.0,540.0,,,,,,,,-0.0284524635669674,,,,,,,,,,,,,,,,,,,,,,,,,,,,,,False,False,other_month,,,,,,,,,,,,lc2703,115280.0,213.0,6495.0,8.0,24976780.0,-0.0006429999999999999,232000.0,232000.0,1.116585704371964,-0.0284524635669674,1.012491325468425,1.012491325468425,219.0,453.0,-0.3482142857142857,132000.0,1.1450381679389312,put_oi_wall,112000.0,-0.0284524635669674,above_price_wall,,,,,,,,,,,,,,,,,,,,,,,,,,,,,,,,,,,,,,,,,,,,,,,,,,,,,,,,,,
2026-09-28,COMMODITY,COMMODITY,lc,lc,lc,GFEX,2704,,,,,,,114900.0,,,216000.0,126000.0,,,226000.0,,,608.0,2.0,1980.0,,,,,,,,0.9669277632724107,,,,,,,,,,,,,,,,,,,,,,,,,,,,,,False,False,other_month,,,,,,,,,,,,lc2704,114900.0,459.0,12104.0,6.0,53729840.0,-0.000531,226000.0,226000.0,0.8798955613577024,0.0966057441253263,0.9669277632724107,0.9669277632724107,320.0,288.0,0.05263157894736842,90000.0,0.783289817232376,put_oi_wall,126000.0,0.0966057441253263,below_price_wall,,,,,,,,,,,,,,,,,,,,,,,,,,,,,,,,,,,,,,,,,,,,,,,,,,,,,,,,,,
2026-09-28,COMMODITY,COMMODITY,lc,lc,lc,GFEX,2705,,,,,,,114980.0,,,200000.0,100000.0,,,128000.0,,,2547.0,179.0,1640230.0,,,,,,,,0.11323708471038452,,,,,,,,,,,,,,,,,,,,,,,,,,,,,,False,False,other_month,,,,,,,,,,,,lc2705,114980.0,28444.0,103414.0,938.0,3324265900.0,-0.000552,128000.0,128000.0,0.7394329448599757,-0.13028352757001216,0.11323708471038452,0.11323708471038452,1651.0,896.0,0.29642716921868867,100000.0,0.8697164724299878,price_wall,128000.0,0.11323708471038452,below_price_wall,,,,,,,,,,,,,,,,,,,,,,,,,,,,,,,,,,,,,,,,,,,,,,,,,,,,,,,,,,
2026-09-28,COMMODITY,COMMODITY,lc,lc,lc,GFEX,2706,,,,,,,115040.0,,,202000.0,106000.0,,,106000.0,,,2242.0,227.0,1886290.0,,,,,,,,-0.07858136300417251,,,,,,,,,,,,,,,,,,,,,,,,,,,,,,False,False,other_month,,,,,,,,,,,,lc2706,115040.0,1525.0,7439.0,680.0,178291660.0,-0.000524,106000.0,106000.0,0.7559109874826146,-0.07858136300417251,-0.07858136300417251,-0.07858136300417251,255.0,1987.0,-0.7725245316681534,96000.0,0.8344923504867872,put_oi_wall,106000.0,-0.07858136300417251,above_price_wall,,,,,,,,,,,,,,,,,,,,,,,,,,,,,,,,,,,,,,,,,,,,,,,,,,,,,,,,,,
2026-09-28,COMMODITY,COMMODITY,lc,lc,lc,GFEX,2707,,,,,,,115160.0,,,140000.0,118000.0,,,140000.0,,,50.0,0.0,0.0,,,,,,,,0.21569989579715187,,,,,,,,,,,,,,,,,,,,,,,,,,,,,,False,False,other_month,,,,,,,,,,,,lc2707,115160.0,73.0,1910.0,28.0,8467340.0,-0.000571,98000.0,98000.0,0.21569989579715187,0.02466134074331361,-0.14901007294199375,-0.14901007294199375,27.0,23.0,0.08,22000.0,0.19103855505383813,put_oi_wall,118000.0,0.02466134074331361,below_price_wall,,,,,,,,,,,,,,,,,,,,,,,,,,,,,,,,,,,,,,,,,,,,,,,,,,,,,,,,,,
2026-09-28,COMMODITY,COMMODITY,lc,lc,lc,GFEX,2708,,,,,,,116200.0,,,150000.0,98000.0,,,98000.0,,,52.0,1.0,27000.0,,,,,,,,-0.15662650602409633,,,,,,,,,,,,,,,,,,,,,,,,,,,,,,False,False,other_month,,,,,,,,,,,,lc2708,116200.0,9.0,39.0,7.0,1050400.0,-0.00046600000000000005,98000.0,98000.0,0.2908777969018932,-0.15662650602409633,-0.15662650602409633,-0.15662650602409633,52.0,0.0,1.0,52000.0,0.4475043029259897,put_oi_wall,98000.0,-0.15662650602409633,above_price_wall,,,,,,,,,,,,,,,,,,,,,,,,,,,,,,,,,,,,,,,,,,,,,,,,,,,,,,,,,,
2026-09-28,COMMODITY,COMMODITY,lc,lc,lc,GFEX,2709,,,,,,,116920.0,,,98000.0,98000.0,,,98000.0,,,0.0,0.0,0.0,,,,,,,,-0.16182004789599724,,,,,,,,,,,,,,,,,,,,,,,,,,,,,,False,False,other_month,,,,,,,,,,,,lc2709,116920.0,26.0,33.0,17.0,3051880.0,-0.000401,98000.0,98000.0,-0.16182004789599724,-0.16182004789599724,-0.16182004789599724,-0.16182004789599724,0.0,0.0,,0.0,0.0,call_oi_wall,98000.0,-0.16182004789599724,above_price_wall,,,,,,,,,,,,,,,,,,,,,,,,,,,,,,,,,,,,,,,,,,,,,,,,,,,,,,,,,,
2026-09-28,COMMODITY,COMMODITY,pd,pd,pd,GFEX,2612,,,,,,,291.7,,,672.0,288.0,,,296.0,,,799.0,97.0,683900.0,,,,,,,,0.014741172437435779,,,,,,,,,,,,,,,,,,,,,,,,,,,,,,False,False,other_month,,,,,,,,,,,,pd2612,291.7,7274.0,11010.0,1188.0,2128944200.0,-0.000288,296.0,296.0,1.3037367158039084,-0.012684264655467903,0.014741172437435779,0.014741172437435779,537.0,262.0,0.344180225281602,384.0,1.316420980459376,put_oi_wall,288.0,-0.012684264655467903,below_price_wall,,,,,,,,,,,,,,,,,,,,,,,,,,,,,,,,,,,,,,,,,,,,,,,,,,,,,,,,,,
2026-09-28,COMMODITY,COMMODITY,pd,pd,pd,GFEX,2702,,,,,,,294.45,,,568.0,256.0,,,292.0,,,221.0,9.0,65850.0,,,,,,,,-0.008320597724571166,,,,,,,,,,,,,,,,,,,,,,,,,,,,,,False,False,other_month,,,,,,,,,,,,pd2702,294.45,140.0,786.0,54.0,41329100.0,-0.000289,240.0,292.0,0.9290202071659026,-0.13058244184072,-0.18492103922567493,-0.008320597724571166,183.0,38.0,0.6561085972850679,312.0,1.0596026490066226,price_wall,292.0,-0.008320597724571166,above_price_wall,,,,,,,,,,,,,,,,,,,,,,,,,,,,,,,,,,,,,,,,,,,,,,,,,,,,,,,,,,
2026-09-28,COMMODITY,COMMODITY,pd,pd,pd,GFEX,2704,,,,,,,295.0,,,488.0,240.0,,,244.0,,,131.0,8.0,41400.0,,,,,,,,-0.17288135593220344,,,,,,,,,,,,,,,,,,,,,,,,,,,,,,False,False,other_month,,,,,,,,,,,,pd2704,295.0,5.0,166.0,2.0,1483650.0,-0.0004,216.0,244.0,0.6542372881355931,-0.18644067796610164,-0.2677966101694915,-0.17288135593220344,83.0,48.0,0.26717557251908397,248.0,0.8406779661016949,price_wall,244.0,-0.17288135593220344,above_price_wall,,,,,,,,,,,,,,,,,,,,,,,,,,,,,,,,,,,,,,,,,,,,,,,,,,,,,,,,,,
2026-09-28,COMMODITY,COMMODITY,pd,pd,pd,GFEX,2706,,,,,,,298.9,,,424.0,220.0,,,424.0,,,114.0,28.0,221250.0,,,,,,,,0.41853462696554034,,,,,,,,,,,,,,,,,,,,,,,,,,,,,,False,False,other_month,,,,,,,,,,,,pd2706,298.9,20.0,44.0,9.0,6002650.0,-0.000308,424.0,424.0,0.41853462696554034,-0.2639678822348611,0.41853462696554034,0.41853462696554034,47.0,67.0,-0.17543859649122806,204.0,0.6825025092004016,put_oi_wall,220.0,-0.2639678822348611,below_price_wall,,,,,,,,,,,,,,,,,,,,,,,,,,,,,,,,,,,,,,,,,,,,,,,,,,,,,,,,,,
2026-09-28,COMMODITY,COMMODITY,pd,pd,pd,GFEX,2708,,,,,,,305.0,,,392.0,252.0,,,252.0,,,6.0,0.0,0.0,,,,,,,,-0.17377049180327864,,,,,,,,,,,,,,,,,,,,,,,,,,,,,,False,False,other_month,,,,,,,,,,,,pd2708,305.0,2.0,9.0,2.0,613000.0,-0.00018700000000000002,244.0,244.0,0.28524590163934427,-0.17377049180327864,-0.19999999999999996,-0.19999999999999996,5.0,1.0,0.6666666666666666,140.0,0.45901639344262296,put_oi_wall,252.0,-0.17377049180327864,above_price_wall,,,,,,,,,,,,,,,,,,,,,,,,,,,,,,,,,,,,,,,,,,,,,,,,,,,,,,,,,,
2026-09-28,COMMODITY,COMMODITY,ps,ps,ps,GFEX,2611,,,,,,,36975.0,,,40000.0,35000.0,,,40000.0,,,118398.0,141518.0,127781259.0,,,,,,,,0.08181203515889113,,,,,,,,,,,,,,,,,,,,,,,,,,,,,,False,False,other_month,,,,,,,,,,,,ps2611,36975.0,49571.0,94867.0,-3870.0,5524630500.0,7e-06,40000.0,38000.0,0.08181203515889113,-0.05341446923597026,0.08181203515889113,0.02772143340094657,83659.0,34739.0,0.4131826551124174,5000.0,0.1352265043948614,amount_wall,38000.0,0.02772143340094657,below_price_wall,,,,,,,,,,,,,,,,,,,,,,,,,,,,,,,,,,,,,,,,,,,,,,,,,,,,,,,,,,
2026-09-28,COMMODITY,COMMODITY,ps,ps,ps,GFEX,2612,,,,,,,40705.0,,,43000.0,34000.0,,,43000.0,,,8952.0,1218.0,2497275.0,,,,,,,,0.05638127994103925,,,,,,,,,,,,,,,,,,,,,,,,,,,,,,False,False,other_month,,,,,,,,,,,,ps2612,40705.0,6957.0,39165.0,612.0,856125180.0,-2e-05,43000.0,43000.0,0.05638127994103925,-0.16472177865127136,0.05638127994103925,0.05638127994103925,7904.0,1048.0,0.7658623771224308,9000.0,0.22110305859231053,call_oi_wall,43000.0,0.05638127994103925,below_price_wall,,,,,,,,,,,,,,,,,,,,,,,,,,,,,,,,,,,,,,,,,,,,,,,,,,,,,,,,,,
2026-09-28,COMMODITY,COMMODITY,ps,ps,ps,GFEX,2701,,,,,,,40540.0,,,62000.0,32500.0,,,35000.0,,,1235.0,44.0,108609.0,,,,,,,,-0.13665515540207207,,,,,,,,,,,,,,,,,,,,,,,,,,,,,,False,False,other_month,,,,,,,,,,,,ps2701,40540.0,617.0,6414.0,-7.0,75513630.0,1.5e-05,62000.0,35000.0,0.5293537247163296,-0.19832264430192403,0.5293537247163296,-0.13665515540207207,1123.0,112.0,0.8186234817813766,29500.0,0.7276763690182536,price_wall,35000.0,-0.13665515540207207,above_price_wall,,,,,,,,,,,,,,,,,,,,,,,,,,,,,,,,,,,,,,,,,,,,,,,,,,,,,,,,,,
2026-09-28,COMMODITY,COMMODITY,ps,ps,ps,GFEX,2702,,,,,,,41440.0,,,54000.0,32000.0,,,54000.0,,,245.0,0.0,0.0,,,,,,,,0.30308880308880304,,,,,,,,,,,,,,,,,,,,,,,,,,,,,,False,False,other_month,,,,,,,,,,,,ps2702,41440.0,30.0,192.0,0.0,3737700.0,0.000107,32000.0,32000.0,0.30308880308880304,-0.2277992277992278,-0.2277992277992278,-0.2277992277992278,213.0,32.0,0.7387755102040816,22000.0,0.5308880308880309,put_oi_wall,32000.0,-0.2277992277992278,below_price_wall,,,,,,,,,,,,,,,,,,,,,,,,,,,,,,,,,,,,,,,,,,,,,,,,,,,,,,,,,,
2026-09-28,COMMODITY,COMMODITY,ps,ps,ps,GFEX,2703,,,,,,,,,,50000.0,32500.0,,,41000.0,,,177.0,2.0,21297.0,,,,,,,,,,,,,,,,,,,,,,,,,,,,,,,,,,,,,,False,False,other_month,,,,,,,,,,,,,,,,,,,41000.0,41000.0,,,,,91.0,86.0,0.02824858757062147,17500.0,,,,,unavailable,,,,,,,,,,,,,,,,,,,,,,,,,,,,,,,,,,,,,,,,,,,,,,,,,,,,,,,,,,
2026-09-28,COMMODITY,COMMODITY,ps,ps,ps,GFEX,2704,,,,,,,38800.0,,,44000.0,42000.0,,,42000.0,,,230.0,0.0,0.0,,,,,,,,0.08247422680412364,,,,,,,,,,,,,,,,,,,,,,,,,,,,,,False,False,other_month,,,,,,,,,,,,ps2704,38800.0,269.0,3441.0,-36.0,31423890.0,1.1999999999999999e-05,31000.0,31000.0,0.134020618556701,0.08247422680412364,-0.2010309278350515,-0.2010309278350515,117.0,113.0,0.017391304347826087,2000.0,0.05154639175257732,put_oi_wall,42000.0,0.08247422680412364,below_price_wall,,,,,,,,,,,,,,,,,,,,,,,,,,,,,,,,,,,,,,,,,,,,,,,,,,,,,,,,,,
2026-09-28,COMMODITY,COMMODITY,ps,ps,ps,GFEX,2705,,,,,,,39125.0,,,47000.0,32000.0,,,47000.0,,,189.0,2.0,7656.0,,,,,,,,0.20127795527156556,,,,,,,,,,,,,,,,,,,,,,,,,,,,,,False,False,other_month,,,,,,,,,,,,ps2705,39125.0,56.0,912.0,14.0,6588885.0,5.3e-05,47000.0,47000.0,0.20127795527156556,-0.1821086261980831,0.20127795527156556,0.20127795527156556,128.0,61.0,0.3544973544973545,15000.0,0.38338658146964855,put_oi_wall,32000.0,-0.1821086261980831,below_price_wall,,,,,,,,,,,,,,,,,,,,,,,,,,,,,,,,,,,,,,,,,,,,,,,,,,,,,,,,,,
2026-09-28,COMMODITY,COMMODITY,ps,ps,ps,GFEX,2706,,,,,,,41395.0,,,49000.0,35500.0,,,49000.0,,,79.0,0.0,0.0,,,,,,,,0.18371784031887906,,,,,,,,,,,,,,,,,,,,,,,,,,,,,,False,False,other_month,,,,,,,,,,,,ps2706,41395.0,1.0,356.0,-1.0,124185.0,6.3e-05,33000.0,33000.0,0.18371784031887906,-0.1424085034424447,-0.20280227080565283,-0.20280227080565283,37.0,42.0,-0.06329113924050633,13500.0,0.3261263437613238,put_oi_wall,35500.0,-0.1424085034424447,below_price_wall,,,,,,,,,,,,,,,,,,,,,,,,,,,,,,,,,,,,,,,,,,,,,,,,,,,,,,,,,,
2026-09-28,COMMODITY,COMMODITY,ps,ps,ps,GFEX,2707,,,,,,,,,,49000.0,35000.0,,,49000.0,,,41.0,1.0,5433.0,,,,,,,,,,,,,,,,,,,,,,,,,,,,,,,,,,,,,,False,False,other_month,,,,,,,,,,,,,,,,,,,49000.0,49000.0,,,,,4.0,37.0,-0.8048780487804879,14000.0,,,,,unavailable,,,,,,,,,,,,,,,,,,,,,,,,,,,,,,,,,,,,,,,,,,,,,,,,,,,,,,,,,,
2026-09-28,COMMODITY,COMMODITY,ps,ps,ps,GFEX,2708,,,,,,,,,,35000.0,35000.0,,,35000.0,,,37.0,0.0,0.0,,,,,,,,,,,,,,,,,,,,,,,,,,,,,,,,,,,,,,False,False,other_month,,,,,,,,,,,,,,,,,,,35000.0,35000.0,,,,,0.0,37.0,-1.0,0.0,,,,,unavailable,,,,,,,,,,,,,,,,,,,,,,,,,,,,,,,,,,,,,,,,,,,,,,,,,,,,,,,,,,
2026-09-28,COMMODITY,COMMODITY,pt,pt,pt,GFEX,2612,,,,,,,424.1,,,920.0,392.0,,,920.0,,,2329.0,133.0,715700.0,,,,,,,,1.1692996934685214,,,,,,,,,,,,,,,,,,,,,,,,,,,,,,False,False,other_month,,,,,,,,,,,,pt2612,424.1,6434.0,13466.0,217.0,2730779500.0,-0.00016199999999999998,920.0,448.0,1.1692996934685214,-0.07568969582645613,1.1692996934685214,0.05635463334119306,1701.0,628.0,0.46071275225418634,528.0,1.2449893892949775,amount_wall,448.0,0.05635463334119306,below_price_wall,,,,,,,,,,,,,,,,,,,,,,,,,,,,,,,,,,,,,,,,,,,,,,,,,,,,,,,,,,
2026-09-28,COMMODITY,COMMODITY,pt,pt,pt,GFEX,2702,,,,,,,425.5,,,728.0,288.0,,,584.0,,,815.0,41.0,160200.0,,,,,,,,0.37250293772032905,,,,,,,,,,,,,,,,,,,,,,,,,,,,,,False,False,other_month,,,,,,,,,,,,pt2702,425.5,139.0,925.0,9.0,59311550.0,-0.000182,584.0,584.0,0.7109283196239717,-0.3231492361927144,0.37250293772032905,0.37250293772032905,576.0,239.0,0.4134969325153374,440.0,1.0340775558166861,put_oi_wall,288.0,-0.3231492361927144,below_price_wall,,,,,,,,,,,,,,,,,,,,,,,,,,,,,,,,,,,,,,,,,,,,,,,,,,,,,,,,,,
2026-09-28,COMMODITY,COMMODITY,pt,pt,pt,GFEX,2704,,,,,,,424.6,,,664.0,296.0,,,664.0,,,515.0,0.0,0.0,,,,,,,,0.5638247762600093,,,,,,,,,,,,,,,,,,,,,,,,,,,,,,False,False,other_month,,,,,,,,,,,,pt2704,424.6,23.0,195.0,1.0,9874350.0,-0.00023,296.0,296.0,0.5638247762600093,-0.30287329251059825,-0.30287329251059825,-0.30287329251059825,247.0,268.0,-0.040776699029126215,368.0,0.8666980687706076,put_oi_wall,296.0,-0.30287329251059825,below_price_wall,,,,,,,,,,,,,,,,,,,,,,,,,,,,,,,,,,,,,,,,,,,,,,,,,,,,,,,,,,
2026-09-28,COMMODITY,COMMODITY,pt,pt,pt,GFEX,2706,,,,,,,424.5,,,440.0,300.0,,,300.0,,,94.0,0.0,0.0,,,,,,,,-0.29328621908127206,,,,,,,,,,,,,,,,,,,,,,,,,,,,,,False,False,other_month,,,,,,,,,,,,pt2706,424.5,10.0,88.0,0.0,4260300.0,-0.00023,292.0,292.0,0.036513545347467646,-0.29328621908127206,-0.3121319199057715,-0.3121319199057715,35.0,59.0,-0.2553191489361702,140.0,0.3297997644287397,call_oi_wall,440.0,0.036513545347467646,above_price_wall,,,,,,,,,,,,,,,,,,,,,,,,,,,,,,,,,,,,,,,,,,,,,,,,,,,,,,,,,,
2026-09-28,COMMODITY,COMMODITY,pt,pt,pt,GFEX,2708,,,,,,,423.2,,,344.0,344.0,,,344.0,,,0.0,0.0,0.0,,,,,,,,-0.18714555765595464,,,,,,,,,,,,,,,,,,,,,,,,,,,,,,False,False,other_month,,,,,,,,,,,,pt2708,423.2,7.0,74.0,0.0,3015350.0,-0.000312,344.0,344.0,-0.18714555765595464,-0.18714555765595464,-0.18714555765595464,-0.18714555765595464,0.0,0.0,,0.0,0.0,call_oi_wall,344.0,-0.18714555765595464,above_price_wall,,,,,,,,,,,,,,,,,,,,,,,,,,,,,,,,,,,,,,,,,,,,,,,,,,,,,,,,,,
2026-09-28,COMMODITY,COMMODITY,si,si,si,GFEX,2611,,,,,,,8470.0,,,9000.0,8500.0,,,9000.0,,,110158.0,70385.0,17646360.0,,,,,,,,0.06257378984651707,,,,,,,,,,,,,,,,,,,,,,,,,,,,,,False,False,other_month,,,,,,,,,,,,si2611,8470.0,120183.0,332870.0,1075.0,5110066900.0,-9.900000000000001e-05,8500.0,8500.0,0.06257378984651707,0.0035419126328217754,0.0035419126328217754,0.0035419126328217754,77583.0,32575.0,0.4085767715463244,500.0,0.0590318772136954,put_oi_wall,8500.0,0.0035419126328217754,below_price_wall,,,,,,,,,,,,,,,,,,,,,,,,,,,,,,,,,,,,,,,,,,,,,,,,,,,,,,,,,,
2026-09-28,COMMODITY,COMMODITY,si,si,si,GFEX,2612,,,,,,,8815.0,,,9200.0,8500.0,,,9200.0,,,20491.0,4941.0,2995985.0,,,,,,,,0.04367555303460002,,,,,,,,,,,,,,,,,,,,,,,,,,,,,,False,False,other_month,,,,,,,,,,,,si2612,8815.0,29907.0,99926.0,3580.0,1323242230.0,-8.999999999999999e-05,9200.0,8900.0,0.04367555303460002,-0.035734543391945595,0.04367555303460002,0.0096426545660806,12442.0,8049.0,0.21438680396271534,700.0,0.07941009642654566,amount_wall,8900.0,0.0096426545660806,below_price_wall,,,,,,,,,,,,,,,,,,,,,,,,,,,,,,,,,,,,,,,,,,,,,,,,,,,,,,,,,,
2026-09-28,COMMODITY,COMMODITY,si,si,si,GFEX,2701,,,,,,,8755.0,,,10200.0,7400.0,,,10200.0,,,3812.0,681.0,123960.0,,,,,,,,0.16504854368932032,,,,,,,,,,,,,,,,,,,,,,,,,,,,,,False,False,other_month,,,,,,,,,,,,si2701,8755.0,8141.0,23188.0,433.0,357733700.0,-7.900000000000001e-05,10200.0,10200.0,0.16504854368932032,-0.15476870359794404,0.16504854368932032,0.16504854368932032,3513.0,299.0,0.8431269674711438,2800.0,0.3198172472872644,put_oi_wall,7400.0,-0.15476870359794404,below_price_wall,,,,,,,,,,,,,,,,,,,,,,,,,,,,,,,,,,,,,,,,,,,,,,,,,,,,,,,,,,
2026-09-28,COMMODITY,COMMODITY,si,si,si,GFEX,2702,,,,,,,8765.0,,,10000.0,8300.0,,,10000.0,,,298.0,0.0,0.0,,,,,,,,0.1409013120365088,,,,,,,,,,,,,,,,,,,,,,,,,,,,,,False,False,other_month,,,,,,,,,,,,si2702,8765.0,152.0,455.0,-29.0,6673075.0,-7.400000000000001e-05,7600.0,7600.0,0.1409013120365088,-0.05305191100969764,-0.13291500285225333,-0.13291500285225333,124.0,174.0,-0.16778523489932887,1700.0,0.1939532230462065,put_oi_wall,8300.0,-0.05305191100969764,below_price_wall,,,,,,,,,,,,,,,,,,,,,,,,,,,,,,,,,,,,,,,,,,,,,,,,,,,,,,,,,,
2026-09-28,COMMODITY,COMMODITY,si,si,si,GFEX,2703,,,,,,,8810.0,,,10200.0,8200.0,,,9900.0,,,398.0,5.0,2695.0,,,,,,,,0.12372304199772977,,,,,,,,,,,,,,,,,,,,,,,,,,,,,,False,False,other_month,,,,,,,,,,,,si2703,8810.0,95.0,389.0,60.0,4192700.0,-2.8e-05,9900.0,9900.0,0.15777525539160053,-0.06923950056753692,0.12372304199772977,0.12372304199772977,152.0,246.0,-0.23618090452261306,2000.0,0.22701475595913734,put_oi_wall,8200.0,-0.06923950056753692,below_price_wall,,,,,,,,,,,,,,,,,,,,,,,,,,,,,,,,,,,,,,,,,,,,,,,,,,,,,,,,,,
2026-09-28,COMMODITY,COMMODITY,si,si,si,GFEX,2704,,,,,,,8865.0,,,9900.0,8200.0,,,9500.0,,,379.0,190.0,142575.0,,,,,,,,0.07163000564015798,,,,,,,,,,,,,,,,,,,,,,,,,,,,,,False,False,other_month,,,,,,,,,,,,si2704,8865.0,21.0,290.0,12.0,930375.0,5.999999999999999e-06,9500.0,9500.0,0.11675126903553301,-0.07501410039481105,0.07163000564015798,0.07163000564015798,236.0,143.0,0.24538258575197888,1700.0,0.19176536943034406,price_wall,9500.0,0.07163000564015798,below_price_wall,,,,,,,,,,,,,,,,,,,,,,,,,,,,,,,,,,,,,,,,,,,,,,,,,,,,,,,,,,
2026-09-28,COMMODITY,COMMODITY,si,si,si,GFEX,2705,,,,,,,8815.0,,,9000.0,7800.0,,,9000.0,,,798.0,2.0,985.0,,,,,,,,0.020986954055587148,,,,,,,,,,,,,,,,,,,,,,,,,,,,,,False,False,other_month,,,,,,,,,,,,si2705,8815.0,367.0,2542.0,177.0,16236025.0,-8.4e-05,10400.0,10400.0,0.020986954055587148,-0.11514463981849121,0.17980714690867838,0.17980714690867838,704.0,94.0,0.7644110275689223,1200.0,0.13613159387407828,call_oi_wall,9000.0,0.020986954055587148,below_price_wall,,,,,,,,,,,,,,,,,,,,,,,,,,,,,,,,,,,,,,,,,,,,,,,,,,,,,,,,,,
2026-09-28,COMMODITY,COMMODITY,si,si,si,GFEX,2706,,,,,,,8855.0,,,9700.0,8500.0,,,9900.0,,,371.0,22.0,21435.0,,,,,,,,0.11801242236024834,,,,,,,,,,,,,,,,,,,,,,,,,,,,,,False,False,other_month,,,,,,,,,,,,si2706,8855.0,11.0,98.0,0.0,488500.0,-6.7e-05,9900.0,9900.0,0.09542631281761715,-0.0400903444381705,0.11801242236024834,0.11801242236024834,292.0,79.0,0.5741239892183289,1200.0,0.13551665725578768,put_oi_wall,8500.0,-0.0400903444381705,below_price_wall,,,,,,,,,,,,,,,,,,,,,,,,,,,,,,,,,,,,,,,,,,,,,,,,,,,,,,,,,,
2026-09-28,COMMODITY,COMMODITY,si,si,si,GFEX,2707,,,,,,,8940.0,,,10400.0,8700.0,,,10400.0,,,482.0,0.0,0.0,,,,,,,,0.1633109619686801,,,,,,,,,,,,,,,,,,,,,,,,,,,,,,False,False,other_month,,,,,,,,,,,,si2707,8940.0,2.0,64.0,1.0,89450.0,-2.8e-05,7700.0,7700.0,0.1633109619686801,-0.02684563758389258,-0.13870246085011184,-0.13870246085011184,438.0,44.0,0.8174273858921162,1700.0,0.19015659955257272,put_oi_wall,8700.0,-0.02684563758389258,below_price_wall,,,,,,,,,,,,,,,,,,,,,,,,,,,,,,,,,,,,,,,,,,,,,,,,,,,,,,,,,,
2026-09-28,COMMODITY,COMMODITY,si,si,si,GFEX,2708,,,,,,,8980.0,,,9800.0,8100.0,,,9800.0,,,641.0,0.0,0.0,,,,,,,,0.09131403118040082,,,,,,,,,,,,,,,,,,,,,,,,,,,,,,False,False,other_month,,,,,,,,,,,,si2708,8980.0,5.0,49.0,1.0,224300.0,-1.7e-05,7800.0,7800.0,0.09131403118040082,-0.09799554565701563,-0.13140311804008908,-0.13140311804008908,442.0,199.0,0.3790951638065523,1700.0,0.18930957683741648,call_oi_wall,9800.0,0.09131403118040082,below_price_wall,,,,,,,,,,,,,,,,,,,,,,,,,,,,,,,,,,,,,,,,,,,,,,,,,,,,,,,,,,
2026-09-28,COMMODITY,COMMODITY,si,si,si,GFEX,2709,,,,,,,8965.0,,,10000.0,7800.0,,,10000.0,,,28.0,0.0,0.0,,,,,,,,0.1154489682097044,,,,,,,,,,,,,,,,,,,,,,,,,,,,,,False,False,other_month,,,,,,,,,,,,si2709,8965.0,4.0,40.0,3.0,179125.0,-2.8e-05,7800.0,7800.0,0.1154489682097044,-0.1299498047964306,-0.1299498047964306,-0.1299498047964306,28.0,0.0,1.0,2200.0,0.24539877300613497,call_oi_wall,10000.0,0.1154489682097044,below_price_wall,,,,,,,,,,,,,,,,,,,,,,,,,,,,,,,,,,,,,,,,,,,,,,,,,,,,,,,,,,
2026-09-28,COMMODITY,COMMODITY,bc,bc,bc,INE,2611,,,,,,,98310.0,,,106000.0,90000.0,,,90000.0,,,2778.0,1768.0,3659950.0,,,,,,,,-0.08452853219407996,,,,,,,,,,,,,,,,,,,,,,,,,,,,,,False,False,other_month,,,,,,,,,,,,bc2611,98310.0,5583.0,12706.0,1082.0,2739044900.0,-5.7e-05,90000.0,104000.0,0.07822195097141704,-0.08452853219407996,-0.08452853219407996,0.05787814057572982,550.0,2228.0,-0.6040316774658028,16000.0,0.1627504831654969,amount_wall,104000.0,0.05787814057572982,above_price_wall,,,,,,,,,,,,,,,,,,,,,,,,,,,,,,,,,,,,,,,,,,,,,,,,,,,,,,,,,,
2026-09-28,COMMODITY,COMMODITY,bc,bc,bc,INE,2612,,,,,,,98090.0,,,112000.0,85000.0,,,85000.0,,,129.0,152.0,153960.0,,,,,,,,-0.1334488734835355,,,,,,,,,,,,,,,,,,,,,,,,,,,,,,False,False,other_month,,,,,,,,,,,,bc2612,98090.0,1139.0,1139.0,687.0,557634650.0,-4.7000000000000004e-05,85000.0,85000.0,0.14180854317463565,-0.1334488734835355,-0.1334488734835355,-0.1334488734835355,34.0,95.0,-0.4728682170542636,27000.0,0.27525741665817105,put_oi_wall,85000.0,-0.1334488734835355,above_price_wall,,,,,,,,,,,,,,,,,,,,,,,,,,,,,,,,,,,,,,,,,,,,,,,,,,,,,,,,,,
2026-09-28,COMMODITY,COMMODITY,lu,lu,lu,INE,2701,,,,,,,5116.0,,,5200.0,3750.0,,,5200.0,,,1197.0,187.0,429920.0,,,,,,,,0.016419077404222104,,,,,,,,,,,,,,,,,,,,,,,,,,,,,,False,False,other_month,,,,,,,,,,,,lu2701,5116.0,20574.0,29528.0,3638.0,1048006700.0,0.000155,6300.0,5200.0,0.016419077404222104,-0.26700547302580135,0.2314308053166536,0.016419077404222104,663.0,534.0,0.10776942355889724,1450.0,0.28342455043002346,call_oi_wall,5200.0,0.016419077404222104,below_price_wall,,,,,,,,,,,,,,,,,,,,,,,,,,,,,,,,,,,,,,,,,,,,,,,,,,,,,,,,,,
2026-09-28,COMMODITY,COMMODITY,lu,lu,lu,INE,2702,,,,,,,4944.0,,,6000.0,4900.0,,,5100.0,,,1602.0,443.0,1440460.0,,,,,,,,0.031553398058252524,,,,,,,,,,,,,,,,,,,,,,,,,,,,,,False,False,other_month,,,,,,,,,,,,lu2702,4944.0,892.0,1500.0,92.0,43772000.0,0.000129,5100.0,5100.0,0.21359223300970864,-0.008899676375404564,0.031553398058252524,0.031553398058252524,1016.0,586.0,0.26841448189762795,1100.0,0.22249190938511326,put_oi_wall,4900.0,-0.008899676375404564,below_price_wall,,,,,,,,,,,,,,,,,,,,,,,,,,,,,,,,,,,,,,,,,,,,,,,,,,,,,,,,,,
2026-09-28,COMMODITY,COMMODITY,nr,nr,nr,INE,2611,,,,,,,16870.0,,,17000.0,15400.0,,,17000.0,,,11333.0,10520.0,28450120.0,,,,,,,,0.007705986959098965,,,,,,,,,,,,,,,,,,,,,,,,,,,,,,False,False,other_month,,,,,,,,,,,,nr2611,16870.0,93669.0,54895.0,-6171.0,15968857000.0,-1.5e-05,18000.0,17000.0,0.007705986959098965,-0.08713692946058094,0.06698280972139892,0.007705986959098965,5670.0,5663.0,0.0006176652254478073,1600.0,0.0948429164196799,call_oi_wall,17000.0,0.007705986959098965,below_price_wall,,,,,,,,,,,,,,,,,,,,,,,,,,,,,,,,,,,,,,,,,,,,,,,,,,,,,,,,,,
2026-09-28,COMMODITY,COMMODITY,nr,nr,nr,INE,2612,,,,,,,16740.0,,,17600.0,15000.0,,,15000.0,,,1824.0,894.0,1182560.0,,,,,,,,-0.10394265232974909,,,,,,,,,,,,,,,,,,,,,,,,,,,,,,False,False,other_month,,,,,,,,,,,,nr2612,16740.0,58736.0,74069.0,10296.0,9951619600.0,-2.7000000000000002e-05,14000.0,17200.0,0.05137395459976113,-0.10394265232974909,-0.16367980884109912,0.027479091995221028,543.0,1281.0,-0.40460526315789475,2600.0,0.15531660692951016,amount_wall,17200.0,0.027479091995221028,above_price_wall,,,,,,,,,,,,,,,,,,,,,,,,,,,,,,,,,,,,,,,,,,,,,,,,,,,,,,,,,,
2026-09-28,COMMODITY,COMMODITY,nr,nr,nr,INE,2701,,,,,,,16565.0,,,18400.0,15600.0,,,16800.0,,,184.0,27.0,145000.0,,,,,,,,0.014186537881074601,,,,,,,,,,,,,,,,,,,,,,,,,,,,,,False,False,other_month,,,,,,,,,,,,nr2701,16565.0,27324.0,43672.0,2741.0,4579445800.0,-3.9e-05,15600.0,16800.0,0.11077573196498647,-0.0582553576818593,-0.0582553576818593,0.014186537881074601,164.0,20.0,0.782608695652174,2800.0,0.16903108964684577,price_wall,16800.0,0.014186537881074601,below_price_wall,,,,,,,,,,,,,,,,,,,,,,,,,,,,,,,,,,,,,,,,,,,,,,,,,,,,,,,,,,
2026-09-28,COMMODITY,COMMODITY,sc,sc,sc,INE,2611,,,,,,,727.3,,,1040.0,500.0,,,600.0,,,57048.0,86558.0,1240385550.0,,,,,,,,-0.1750309363398872,,,,,,,,,,,,,,,,,,,,,,,,,,,,,,False,False,other_month,,,,,,,,,,,,sc2611,727.3,102089.0,32410.0,-3412.0,74948791000.0,3.4e-05,800.0,800.0,0.42994637701086225,-0.3125257802832393,0.09995875154681699,0.09995875154681699,22286.0,34762.0,-0.21869303043051466,540.0,0.7424721572941015,volume_wall,800.0,0.09995875154681699,above_price_wall,,,,,,,,,,,,,,,,,,,,,,,,,,,,,,,,,,,,,,,,,,,,,,,,,,,,,,,,,,
2026-09-28,COMMODITY,COMMODITY,sc,sc,sc,INE,2612,,,,,,,686.0,,,800.0,500.0,,,800.0,,,13750.0,2964.0,64025200.0,,,,,,,,0.16618075801749277,,,,,,,,,,,,,,,,,,,,,,,,,,,,,,False,False,other_month,,,,,,,,,,,,sc2612,686.0,23836.0,19351.0,-55.0,16323787000.0,0.000115,800.0,800.0,0.16618075801749277,-0.2711370262390671,0.16618075801749277,0.16618075801749277,5852.0,7898.0,-0.1488,300.0,0.43731778425655976,call_oi_wall,800.0,0.16618075801749277,below_price_wall,,,,,,,,,,,,,,,,,,,,,,,,,,,,,,,,,,,,,,,,,,,,,,,,,,,,,,,,,,
2026-09-28,COMMODITY,COMMODITY,sc,sc,sc,INE,2701,,,,,,,654.2,,,890.0,500.0,,,890.0,,,597.0,109.0,2009950.0,,,,,,,,0.36044023234484857,,,,,,,,,,,,,,,,,,,,,,,,,,,,,,False,False,other_month,,,,,,,,,,,,sc2701,654.2,8127.0,9095.0,194.0,5285936200.0,6.2e-05,890.0,890.0,0.36044023234484857,-0.23570773463772554,0.36044023234484857,0.36044023234484857,236.0,361.0,-0.20938023450586266,390.0,0.5961479669825741,put_oi_wall,500.0,-0.23570773463772554,below_price_wall,,,,,,,,,,,,,,,,,,,,,,,,,,,,,,,,,,,,,,,,,,,,,,,,,,,,,,,,,,
2026-09-28,COMMODITY,COMMODITY,ad,ad,ad,SHFE,2611,,,,,,,23510.0,,,23600.0,23200.0,,,23400.0,,,1193.0,388.0,694530.0,,,,,,,,-0.004678860059549095,,,,,,,,,,,,,,,,,,,,,,,,,,,,,,False,False,other_month,,,,,,,,,,,,ad2611,23510.0,9067.0,14982.0,-2891.0,2144609800.0,-9.499999999999999e-05,23800.0,23800.0,0.0038281582305401685,-0.013185878349638469,0.012335176520629432,0.012335176520629432,557.0,636.0,-0.06621961441743504,400.0,0.017014036580178648,call_oi_wall,23600.0,0.0038281582305401685,near_price_wall,,,,,,,,,,,,,,,,,,,,,,,,,,,,,,,,,,,,,,,,,,,,,,,,,,,,,,,,,,
2026-09-28,COMMODITY,COMMODITY,ad,ad,ad,SHFE,2612,,,,,,,23545.0,,,20800.0,20800.0,,,20800.0,,,0.0,0.0,0.0,,,,,,,,-0.11658526226375021,,,,,,,,,,,,,,,,,,,,,,,,,,,,,,False,False,other_month,,,,,,,,,,,,ad2612,23545.0,5964.0,5953.0,4272.0,1410370000.0,-7.000000000000001e-05,20800.0,20800.0,-0.11658526226375021,-0.11658526226375021,-0.11658526226375021,-0.11658526226375021,0.0,0.0,,0.0,0.0,call_oi_wall,20800.0,-0.11658526226375021,above_price_wall,,,,,,,,,,,,,,,,,,,,,,,,,,,,,,,,,,,,,,,,,,,,,,,,,,,,,,,,,,
2026-09-28,COMMODITY,COMMODITY,ag,ag,ag,SHFE,2611,,,,,,,14970.0,,,17000.0,14000.0,,,16000.0,,,53763.0,109150.0,493100035.0,,,,,,,,0.06880427521710097,,,,,,,,,,,,,,,,,,,,,,,,,,,,,,False,False,other_month,,,,,,,,,,,,ag2611,14970.0,21361.0,28249.0,2594.0,4859243400.0,-0.000499,14000.0,15000.0,0.13560454241816977,-0.06479625918503673,-0.06479625918503673,0.002004008016031955,28532.0,25231.0,0.06139910347264847,3000.0,0.20040080160320642,amount_wall,15000.0,0.002004008016031955,below_price_wall,,,,,,,,,,,,,,,,,,,,,,,,,,,,,,,,,,,,,,,,,,,,,,,,,,,,,,,,,,
2026-09-28,COMMODITY,COMMODITY,ag,ag,ag,SHFE,2612,,,,,,,14985.0,,,35900.0,14000.0,,,20000.0,,,57230.0,25849.0,168291820.0,,,,,,,,0.3346680013346679,,,,,,,,,,,,,,,,,,,,,,,,,,,,,,False,False,other_month,,,,,,,,,,,,ag2612,14985.0,158226.0,262261.0,15563.0,36024739000.0,-0.000501,17000.0,15000.0,1.3957290623957292,-0.06573239906573236,0.13446780113446777,0.0010010010010010895,42144.0,15086.0,0.47279398916652104,21900.0,1.4614614614614614,amount_wall,15000.0,0.0010010010010010895,below_price_wall,,,,,,,,,,,,,,,,,,,,,,,,,,,,,,,,,,,,,,,,,,,,,,,,,,,,,,,,,,
2026-09-28,COMMODITY,COMMODITY,ag,ag,ag,SHFE,2702,,,,,,,15018.0,,,18000.0,10000.0,,,18000.0,,,2152.0,740.0,6096733.0,,,,,,,,0.19856172592888544,,,,,,,,,,,,,,,,,,,,,,,,,,,,,,False,False,other_month,,,,,,,,,,,,ag2702,15018.0,115112.0,133644.0,5386.0,26271541000.0,-0.000501,22100.0,18000.0,0.19856172592888544,-0.3341323744839526,0.4715674523904647,0.19856172592888544,986.0,1166.0,-0.08364312267657993,8000.0,0.5326941004128379,call_oi_wall,18000.0,0.19856172592888544,below_price_wall,,,,,,,,,,,,,,,,,,,,,,,,,,,,,,,,,,,,,,,,,,,,,,,,,,,,,,,,,,
2026-09-28,COMMODITY,COMMODITY,ag,ag,ag,SHFE,2704,,,,,,,15044.0,,,21500.0,11500.0,,,21500.0,,,1010.0,485.0,4395303.0,,,,,,,,0.42914118585482575,,,,,,,,,,,,,,,,,,,,,,,,,,,,,,False,False,other_month,,,,,,,,,,,,ag2704,15044.0,8672.0,29765.0,673.0,1978304200.0,-0.000503,21500.0,21500.0,0.42914118585482575,-0.23557564477532567,0.42914118585482575,0.42914118585482575,385.0,625.0,-0.2376237623762376,10000.0,0.6647168306301515,put_oi_wall,11500.0,-0.23557564477532567,below_price_wall,,,,,,,,,,,,,,,,,,,,,,,,,,,,,,,,,,,,,,,,,,,,,,,,,,,,,,,,,,
2026-09-28,COMMODITY,COMMODITY,al,al,al,SHFE,2611,,,,,,,23950.0,,,25000.0,23000.0,,,23000.0,,,56255.0,37735.0,28014490.0,,,,,,,,-0.039665970772442605,,,,,,,,,,,,,,,,,,,,,,,,,,,,,,False,False,other_month,,,,,,,,,,,,al2611,23950.0,155343.0,273940.0,-6989.0,18706340000.0,-0.00012,24000.0,24000.0,0.04384133611691032,-0.039665970772442605,0.0020876826722338038,0.0020876826722338038,26619.0,29636.0,-0.053630788374366724,2000.0,0.08350730688935282,volume_wall,24000.0,0.0020876826722338038,above_price_wall,,,,,,,,,,,,,,,,,,,,,,,,,,,,,,,,,,,,,,,,,,,,,,,,,,,,,,,,,,
2026-09-28,COMMODITY,COMMODITY,al,al,al,SHFE,2612,,,,,,,23940.0,,,25200.0,23000.0,,,23000.0,,,9284.0,5329.0,4766085.0,,,,,,,,-0.039264828738513,,,,,,,,,,,,,,,,,,,,,,,,,,,,,,False,False,other_month,,,,,,,,,,,,al2612,23940.0,56435.0,144466.0,18869.0,6789337500.0,-0.000114,23000.0,23400.0,0.05263157894736836,-0.039264828738513,-0.039264828738513,-0.022556390977443663,4094.0,5190.0,-0.11805256355019388,2200.0,0.09189640768588136,amount_wall,23400.0,-0.022556390977443663,above_price_wall,,,,,,,,,,,,,,,,,,,,,,,,,,,,,,,,,,,,,,,,,,,,,,,,,,,,,,,,,,
2026-09-28,COMMODITY,COMMODITY,al,al,al,SHFE,2701,,,,,,,23905.0,,,26800.0,24200.0,,,25000.0,,,509.0,4.0,4675.0,,,,,,,,0.04580631667015278,,,,,,,,,,,,,,,,,,,,,,,,,,,,,,False,False,other_month,,,,,,,,,,,,al2701,23905.0,11824.0,56633.0,2469.0,1419953200.0,-0.000103,23400.0,23400.0,0.12110437147040365,0.012340514536707703,-0.02112528759673704,-0.02112528759673704,322.0,187.0,0.26522593320235754,2600.0,0.10876385693369588,put_oi_wall,24200.0,0.012340514536707703,below_price_wall,,,,,,,,,,,,,,,,,,,,,,,,,,,,,,,,,,,,,,,,,,,,,,,,,,,,,,,,,,
2026-09-28,COMMODITY,COMMODITY,al,al,al,SHFE,2702,,,,,,,23880.0,,,27200.0,22200.0,,,27200.0,,,329.0,0.0,0.0,,,,,,,,0.1390284757118927,,,,,,,,,,,,,,,,,,,,,,,,,,,,,,False,False,other_month,,,,,,,,,,,,al2702,23880.0,4723.0,26040.0,403.0,566437150.0,-0.0001,20400.0,20400.0,0.1390284757118927,-0.07035175879396982,-0.14572864321608037,-0.14572864321608037,272.0,57.0,0.6534954407294833,5000.0,0.20938023450586266,put_oi_wall,22200.0,-0.07035175879396982,below_price_wall,,,,,,,,,,,,,,,,,,,,,,,,,,,,,,,,,,,,,,,,,,,,,,,,,,,,,,,,,,
2026-09-28,COMMODITY,COMMODITY,al,al,al,SHFE,2703,,,,,,,23880.0,,,26600.0,22200.0,,,22000.0,,,117.0,5.0,6675.0,,,,,,,,-0.07872696817420433,,,,,,,,,,,,,,,,,,,,,,,,,,,,,,False,False,other_month,,,,,,,,,,,,al2703,23880.0,2785.0,20805.0,630.0,333812500.0,-0.00010200000000000001,22000.0,22000.0,0.11390284757118918,-0.07035175879396982,-0.07872696817420433,-0.07872696817420433,84.0,33.0,0.4358974358974359,4400.0,0.18425460636515914,put_oi_wall,22200.0,-0.07035175879396982,above_price_wall,,,,,,,,,,,,,,,,,,,,,,,,,,,,,,,,,,,,,,,,,,,,,,,,,,,,,,,,,,
2026-09-28,COMMODITY,COMMODITY,ao,ao,ao,SHFE,2611,,,,,,,2669.0,,,2800.0,2600.0,,,2700.0,,,40173.0,17341.0,8288330.0,,,,,,,,0.01161483701760968,,,,,,,,,,,,,,,,,,,,,,,,,,,,,,False,False,other_month,,,,,,,,,,,,ao2611,2669.0,35163.0,42956.0,-17187.0,1880899600.0,-1.1000000000000001e-05,2700.0,2700.0,0.04908205320344705,-0.0258523791682278,0.01161483701760968,0.01161483701760968,25989.0,14184.0,0.29385408109924577,200.0,0.07493443237167478,price_wall,2700.0,0.01161483701760968,below_price_wall,,,,,,,,,,,,,,,,,,,,,,,,,,,,,,,,,,,,,,,,,,,,,,,,,,,,,,,,,,
2026-09-28,COMMODITY,COMMODITY,ao,ao,ao,SHFE,2612,,,,,,,2688.0,,,2800.0,2600.0,,,2800.0,,,4703.0,1329.0,745280.0,,,,,,,,0.04166666666666674,,,,,,,,,,,,,,,,,,,,,,,,,,,,,,False,False,other_month,,,,,,,,,,,,ao2612,2688.0,23875.0,49410.0,-12082.0,1288726840.0,1.1000000000000001e-05,2800.0,2700.0,0.04166666666666674,-0.03273809523809523,0.04166666666666674,0.0044642857142858094,2450.0,2253.0,0.04188815649585371,200.0,0.0744047619047619,amount_wall,2700.0,0.0044642857142858094,below_price_wall,,,,,,,,,,,,,,,,,,,,,,,,,,,,,,,,,,,,,,,,,,,,,,,,,,,,,,,,,,
2026-09-28,COMMODITY,COMMODITY,ao,ao,ao,SHFE,2701,,,,,,,2693.0,,,3000.0,2650.0,,,3000.0,,,8151.0,448.0,328910.0,,,,,,,,0.11399925733382843,,,,,,,,,,,,,,,,,,,,,,,,,,,,,,False,False,other_month,,,,,,,,,,,,ao2701,2693.0,85882.0,232862.0,-3716.0,4640313300.0,-4e-06,3000.0,3000.0,0.11399925733382843,-0.01596732268845158,0.11399925733382843,0.11399925733382843,6128.0,2023.0,0.5036191878297142,350.0,0.12996658002227998,put_oi_wall,2650.0,-0.01596732268845158,below_price_wall,,,,,,,,,,,,,,,,,,,,,,,,,,,,,,,,,,,,,,,,,,,,,,,,,,,,,,,,,,
2026-09-28,COMMODITY,COMMODITY,ao,ao,ao,SHFE,2702,,,,,,,2716.0,,,3200.0,2550.0,,,2750.0,,,97.0,4.0,5300.0,,,,,,,,0.012518409425625876,,,,,,,,,,,,,,,,,,,,,,,,,,,,,,False,False,other_month,,,,,,,,,,,,ao2702,2716.0,4574.0,35242.0,2702.0,248968780.0,7e-06,2750.0,2750.0,0.1782032400589102,-0.06111929307805597,0.012518409425625876,0.012518409425625876,42.0,55.0,-0.13402061855670103,650.0,0.23932253313696614,price_wall,2750.0,0.012518409425625876,below_price_wall,,,,,,,,,,,,,,,,,,,,,,,,,,,,,,,,,,,,,,,,,,,,,,,,,,,,,,,,,,
2026-09-28,COMMODITY,COMMODITY,au,au,au,SHFE,2611,,,,,,,903.28,,,1000.0,904.0,,,1000.0,,,20032.0,30580.0,285196120.0,,,,,,,,0.1070764325569038,,,,,,,,,,,,,,,,,,,,,,,,,,,,,,False,False,other_month,,,,,,,,,,,,au2611,903.28,3523.0,6698.0,-71.0,3204682500.0,-0.000289,1000.0,904.0,0.1070764325569038,0.0007970950314410974,0.1070764325569038,0.0007970950314410974,11957.0,8075.0,0.1937899361022364,96.0,0.10627933752546276,put_oi_wall,904.0,0.0007970950314410974,below_price_wall,,,,,,,,,,,,,,,,,,,,,,,,,,,,,,,,,,,,,,,,,,,,,,,,,,,,,,,,,,
2026-09-28,COMMODITY,COMMODITY,au,au,au,SHFE,2612,,,,,,,904.66,,,1200.0,840.0,,,1000.0,,,47647.0,22673.0,284392620.0,,,,,,,,0.10538765945216988,,,,,,,,,,,,,,,,,,,,,,,,,,,,,,False,False,other_month,,,,,,,,,,,,au2612,904.66,150703.0,226497.0,4291.0,137450380000.0,-0.000286,1000.0,1000.0,0.326465191342604,-0.07147436606017732,0.10538765945216988,0.10538765945216988,33999.0,13648.0,0.4271202803954079,360.0,0.3979395574027812,put_oi_wall,840.0,-0.07147436606017732,below_price_wall,,,,,,,,,,,,,,,,,,,,,,,,,,,,,,,,,,,,,,,,,,,,,,,,,,,,,,,,,,
2026-09-28,COMMODITY,COMMODITY,au,au,au,SHFE,2702,,,,,,,907.3,,,840.0,960.0,,,840.0,,,5958.0,864.0,18028320.0,,,,,,,,-0.0741761269701311,,,,,,,,,,,,,,,,,,,,,,,,,,,,,,False,False,other_month,,,,,,,,,,,,au2702,907.3,29293.0,99867.0,3244.0,26798187000.0,-0.000283,1000.0,1000.0,-0.0741761269701311,0.05808442631985011,0.10217127741651066,0.10217127741651066,4082.0,1876.0,0.37025847599865724,-120.0,-0.13226055328998126,put_oi_wall,960.0,0.05808442631985011,above_price_wall,,,,,,,,,,,,,,,,,,,,,,,,,,,,,,,,,,,,,,,,,,,,,,,,,,,,,,,,,,
2026-09-28,COMMODITY,COMMODITY,au,au,au,SHFE,2704,,,,,,,909.5,,,1200.0,744.0,,,1200.0,,,541.0,384.0,4801500.0,,,,,,,,0.31940626717976905,,,,,,,,,,,,,,,,,,,,,,,,,,,,,,False,False,other_month,,,,,,,,,,,,au2704,909.5,7964.0,32300.0,1120.0,7307703200.0,-0.000279,1200.0,1200.0,0.31940626717976905,-0.1819681143485432,0.31940626717976905,0.31940626717976905,351.0,190.0,0.2975970425138632,456.0,0.5013743815283123,put_oi_wall,744.0,-0.1819681143485432,below_price_wall,,,,,,,,,,,,,,,,,,,,,,,,,,,,,,,,,,,,,,,,,,,,,,,,,,,,,,,,,,
2026-09-28,COMMODITY,COMMODITY,au,au,au,SHFE,2708,,,,,,,914.18,,,1088.0,744.0,,,1088.0,,,55.0,32.0,1179940.0,,,,,,,,0.19013760966111715,,,,,,,,,,,,,,,,,,,,,,,,,,,,,,False,False,other_month,,,,,,,,,,,,au2708,914.18,934.0,10278.0,57.0,860658240.0,-0.000274,1088.0,1088.0,0.19013760966111715,-0.18615589927585374,0.19013760966111715,0.19013760966111715,30.0,25.0,0.09090909090909091,344.0,0.37629350893697083,put_oi_wall,744.0,-0.18615589927585374,below_price_wall,,,,,,,,,,,,,,,,,,,,,,,,,,,,,,,,,,,,,,,,,,,,,,,,,,,,,,,,,,
2026-09-28,COMMODITY,COMMODITY,br,br,br,SHFE,2611,,,,,,,15515.0,,,16000.0,14000.0,,,16000.0,,,14387.0,22494.0,34195705.0,,,,,,,,0.031260070899129966,,,,,,,,,,,,,,,,,,,,,,,,,,,,,,False,False,other_month,,,,,,,,,,,,br2611,15515.0,163408.0,69709.0,-16986.0,12686200900.0,9.1e-05,16000.0,16000.0,0.031260070899129966,-0.09764743796326136,0.031260070899129966,0.031260070899129966,7948.0,6439.0,0.10488635573781886,2000.0,0.12890750886239125,call_oi_wall,16000.0,0.031260070899129966,below_price_wall,,,,,,,,,,,,,,,,,,,,,,,,,,,,,,,,,,,,,,,,,,,,,,,,,,,,,,,,,,
2026-09-28,COMMODITY,COMMODITY,br,br,br,SHFE,2612,,,,,,,15310.0,,,14200.0,15400.0,,,15400.0,,,834.0,140.0,266300.0,,,,,,,,0.005878510777269863,,,,,,,,,,,,,,,,,,,,,,,,,,,,,,False,False,other_month,,,,,,,,,,,,br2612,15310.0,19165.0,31026.0,4521.0,1465323600.0,0.00012200000000000001,15400.0,15400.0,-0.07250163291966039,0.005878510777269863,0.005878510777269863,0.005878510777269863,458.0,376.0,0.09832134292565947,-1200.0,-0.07838014369693011,put_oi_wall,15400.0,0.005878510777269863,below_price_wall,,,,,,,,,,,,,,,,,,,,,,,,,,,,,,,,,,,,,,,,,,,,,,,,,,,,,,,,,,
2026-09-28,COMMODITY,COMMODITY,br,br,br,SHFE,2701,,,,,,,15175.0,,,15400.0,12600.0,,,15400.0,,,487.0,0.0,0.0,,,,,,,,0.014827018121911006,,,,,,,,,,,,,,,,,,,,,,,,,,,,,,False,False,other_month,,,,,,,,,,,,br2701,15175.0,22316.0,16262.0,1036.0,1689269200.0,0.000154,10600.0,10600.0,0.014827018121911006,-0.16968698517298186,-0.30148270181219106,-0.30148270181219106,340.0,147.0,0.39630390143737165,2800.0,0.18451400329489293,call_oi_wall,15400.0,0.014827018121911006,below_price_wall,,,,,,,,,,,,,,,,,,,,,,,,,,,,,,,,,,,,,,,,,,,,,,,,,,,,,,,,,,
2026-09-28,COMMODITY,COMMODITY,bu,bu,bu,SHFE,2611,,,,,,,5110.0,,,5300.0,4000.0,,,5300.0,,,69244.0,78830.0,91690370.0,,,,,,,,0.03718199608610573,,,,,,,,,,,,,,,,,,,,,,,,,,,,,,False,False,other_month,,,,,,,,,,,,bu2611,5110.0,723045.0,224107.0,-32970.0,37255058000.0,0.000107,6000.0,5000.0,0.03718199608610573,-0.21722113502935425,0.17416829745596862,-0.021526418786692814,28880.0,40364.0,-0.16584830454624228,1300.0,0.25440313111545987,amount_wall,5000.0,-0.021526418786692814,below_price_wall,,,,,,,,,,,,,,,,,,,,,,,,,,,,,,,,,,,,,,,,,,,,,,,,,,,,,,,,,,
2026-09-28,COMMODITY,COMMODITY,bu,bu,bu,SHFE,2612,,,,,,,4627.0,,,5300.0,2800.0,,,5300.0,,,6900.0,1027.0,1298710.0,,,,,,,,0.14545061594985942,,,,,,,,,,,,,,,,,,,,,,,,,,,,,,False,False,other_month,,,,,,,,,,,,bu2612,4627.0,112442.0,131262.0,7215.0,5238033500.0,0.000145,5500.0,4650.0,0.14545061594985942,-0.3948562783661119,0.18867516749513724,0.0049708234277068275,3130.0,3770.0,-0.0927536231884058,2500.0,0.5403068943159715,amount_wall,4650.0,0.0049708234277068275,below_price_wall,,,,,,,,,,,,,,,,,,,,,,,,,,,,,,,,,,,,,,,,,,,,,,,,,,,,,,,,,,
2026-09-28,COMMODITY,COMMODITY,bu,bu,bu,SHFE,2701,,,,,,,4298.0,,,4200.0,4000.0,,,4200.0,,,381.0,91.0,145955.0,,,,,,,,-0.0228013029315961,,,,,,,,,,,,,,,,,,,,,,,,,,,,,,False,False,other_month,,,,,,,,,,,,bu2701,4298.0,71411.0,107312.0,9708.0,3102086500.0,4e-05,3400.0,4200.0,-0.0228013029315961,-0.06933457422056766,-0.20893438808748255,-0.0228013029315961,52.0,329.0,-0.7270341207349081,200.0,0.04653327128897161,call_oi_wall,4200.0,-0.0228013029315961,above_price_wall,,,,,,,,,,,,,,,,,,,,,,,,,,,,,,,,,,,,,,,,,,,,,,,,,,,,,,,,,,
2026-09-28,COMMODITY,COMMODITY,cu,cu,cu,SHFE,2611,,,,,,,109440.0,,,110000.0,100000.0,,,100000.0,,,76367.0,55134.0,193109490.0,,,,,,,,-0.08625730994152048,,,,,,,,,,,,,,,,,,,,,,,,,,,,,,False,False,other_month,,,,,,,,,,,,cu2611,109440.0,66988.0,185247.0,6657.0,36654758000.0,-7.000000000000001e-05,100000.0,110000.0,0.005116959064327409,-0.08625730994152048,-0.08625730994152048,0.005116959064327409,30966.0,45401.0,-0.18902143596055887,10000.0,0.09137426900584796,call_oi_wall,110000.0,0.005116959064327409,above_price_wall,,,,,,,,,,,,,,,,,,,,,,,,,,,,,,,,,,,,,,,,,,,,,,,,,,,,,,,,,,
2026-09-28,COMMODITY,COMMODITY,cu,cu,cu,SHFE,2612,,,,,,,109110.0,,,110000.0,90000.0,,,100000.0,,,18643.0,3424.0,24796140.0,,,,,,,,-0.08349372193199522,,,,,,,,,,,,,,,,,,,,,,,,,,,,,,False,False,other_month,,,,,,,,,,,,cu2612,109110.0,24896.0,126420.0,8146.0,13576394000.0,-6.4e-05,100000.0,100000.0,0.00815690587480522,-0.17514434973879567,-0.08349372193199522,-0.08349372193199522,9366.0,9277.0,0.00477390977846913,20000.0,0.18330125561360094,call_oi_wall,110000.0,0.00815690587480522,above_price_wall,,,,,,,,,,,,,,,,,,,,,,,,,,,,,,,,,,,,,,,,,,,,,,,,,,,,,,,,,,
2026-09-28,COMMODITY,COMMODITY,cu,cu,cu,SHFE,2701,,,,,,,108780.0,,,110000.0,104000.0,,,110000.0,,,5717.0,1301.0,12636740.0,,,,,,,,0.011215296929582674,,,,,,,,,,,,,,,,,,,,,,,,,,,,,,False,False,other_month,,,,,,,,,,,,cu2701,108780.0,8630.0,51312.0,1290.0,4690612700.0,-6.7e-05,110000.0,110000.0,0.011215296929582674,-0.04394190108475826,0.011215296929582674,0.011215296929582674,2970.0,2747.0,0.03900647192583523,6000.0,0.05515719801434087,call_oi_wall,110000.0,0.011215296929582674,below_price_wall,,,,,,,,,,,,,,,,,,,,,,,,,,,,,,,,,,,,,,,,,,,,,,,,,,,,,,,,,,
2026-09-28,COMMODITY,COMMODITY,cu,cu,cu,SHFE,2702,,,,,,,108560.0,,,114000.0,104000.0,,,114000.0,,,637.0,97.0,1118480.0,,,,,,,,0.05011053795136333,,,,,,,,,,,,,,,,,,,,,,,,,,,,,,False,False,other_month,,,,,,,,,,,,cu2702,108560.0,3110.0,24268.0,97.0,1687277400.0,-7.3e-05,126000.0,114000.0,0.05011053795136333,-0.0420044215180545,0.1606484893146647,0.05011053795136333,250.0,387.0,-0.2150706436420722,10000.0,0.09211495946941783,put_oi_wall,104000.0,-0.0420044215180545,below_price_wall,,,,,,,,,,,,,,,,,,,,,,,,,,,,,,,,,,,,,,,,,,,,,,,,,,,,,,,,,,
2026-09-28,COMMODITY,COMMODITY,cu,cu,cu,SHFE,2703,,,,,,,108500.0,,,114000.0,104000.0,,,110000.0,,,1339.0,13.0,223990.0,,,,,,,,0.01382488479262678,,,,,,,,,,,,,,,,,,,,,,,,,,,,,,False,False,other_month,,,,,,,,,,,,cu2703,108500.0,3037.0,28733.0,826.0,1646918700.0,-7.1e-05,110000.0,110000.0,0.05069124423963123,-0.04147465437788023,0.01382488479262678,0.01382488479262678,861.0,478.0,0.286034353995519,10000.0,0.09216589861751152,price_wall,110000.0,0.01382488479262678,below_price_wall,,,,,,,,,,,,,,,,,,,,,,,,,,,,,,,,,,,,,,,,,,,,,,,,,,,,,,,,,,
2026-09-28,COMMODITY,COMMODITY,cu,cu,cu,SHFE,2704,,,,,,,108450.0,,,112000.0,110000.0,,,114000.0,,,3412.0,20.0,347670.0,,,,,,,,0.051175656984785656,,,,,,,,,,,,,,,,,,,,,,,,,,,,,,False,False,other_month,,,,,,,,,,,,cu2704,108450.0,613.0,12912.0,68.0,332438750.0,-8.099999999999999e-05,114000.0,114000.0,0.032733978792070184,0.01429230059935449,0.051175656984785656,0.051175656984785656,2732.0,680.0,0.6014067995310668,2000.0,0.018441678192715538,put_oi_wall,110000.0,0.01429230059935449,below_price_wall,,,,,,,,,,,,,,,,,,,,,,,,,,,,,,,,,,,,,,,,,,,,,,,,,,,,,,,,,,
2026-09-28,COMMODITY,COMMODITY,cu,cu,cu,SHFE,2705,,,,,,,108550.0,,,114000.0,94000.0,,,114000.0,,,312.0,30.0,722940.0,,,,,,,,0.05020727775218803,,,,,,,,,,,,,,,,,,,,,,,,,,,,,,False,False,other_month,,,,,,,,,,,,cu2705,108550.0,1229.0,9847.0,337.0,666353700.0,-7.5e-05,114000.0,114000.0,0.05020727775218803,-0.13403961308152923,0.05020727775218803,0.05020727775218803,194.0,118.0,0.24358974358974358,20000.0,0.18424689083371718,call_oi_wall,114000.0,0.05020727775218803,below_price_wall,,,,,,,,,,,,,,,,,,,,,,,,,,,,,,,,,,,,,,,,,,,,,,,,,,,,,,,,,,
2026-09-28,COMMODITY,COMMODITY,cu,cu,cu,SHFE,2706,,,,,,,108570.0,,,118000.0,98000.0,,,118000.0,,,1532.0,129.0,2284570.0,,,,,,,,0.08685640600534228,,,,,,,,,,,,,,,,,,,,,,,,,,,,,,False,False,other_month,,,,,,,,,,,,cu2706,108570.0,280.0,8849.0,16.0,151893400.0,-7.2e-05,98000.0,118000.0,0.08685640600534228,-0.09735654416505479,-0.09735654416505479,0.08685640600534228,1210.0,322.0,0.5796344647519582,20000.0,0.184212950170397,call_oi_wall,118000.0,0.08685640600534228,below_price_wall,,,,,,,,,,,,,,,,,,,,,,,,,,,,,,,,,,,,,,,,,,,,,,,,,,,,,,,,,,
2026-09-28,COMMODITY,COMMODITY,cu,cu,cu,SHFE,2708,,,,,,,108590.0,,,118000.0,98000.0,,,118000.0,,,61.0,9.0,241420.0,,,,,,,,0.08665622985541943,,,,,,,,,,,,,,,,,,,,,,,,,,,,,,False,False,other_month,,,,,,,,,,,,cu2708,108590.0,289.0,5813.0,15.0,156576100.0,-5.7e-05,118000.0,118000.0,0.08665622985541943,-0.09752279215397364,0.08665622985541943,0.08665622985541943,57.0,4.0,0.8688524590163934,20000.0,0.18417902200939312,call_oi_wall,118000.0,0.08665622985541943,below_price_wall,,,,,,,,,,,,,,,,,,,,,,,,,,,,,,,,,,,,,,,,,,,,,,,,,,,,,,,,,,
2026-09-28,COMMODITY,COMMODITY,fu,fu,fu,SHFE,2611,,,,,,,4418.0,,,4600.0,3000.0,,,4000.0,,,77017.0,86590.0,118814525.0,,,,,,,,-0.09461294703485745,,,,,,,,,,,,,,,,,,,,,,,,,,,,,,False,False,other_month,,,,,,,,,,,,fu2611,4418.0,479456.0,169653.0,-5127.0,21050386000.0,0.000378,5000.0,4600.0,0.04119511090991401,-0.320959710276143,0.13173381620642832,0.04119511090991401,28034.0,48983.0,-0.27200488203903034,1600.0,0.362154821186057,call_oi_wall,4600.0,0.04119511090991401,above_price_wall,,,,,,,,,,,,,,,,,,,,,,,,,,,,,,,,,,,,,,,,,,,,,,,,,,,,,,,,,,
2026-09-28,COMMODITY,COMMODITY,fu,fu,fu,SHFE,2612,,,,,,,4143.0,,,5200.0,2600.0,,,4200.0,,,6469.0,2921.0,6675545.0,,,,,,,,0.013758146270818283,,,,,,,,,,,,,,,,,,,,,,,,,,,,,,False,False,other_month,,,,,,,,,,,,fu2612,4143.0,70433.0,50841.0,-9781.0,2912347400.0,0.000332,4200.0,4200.0,0.255129133478156,-0.372435433260922,0.013758146270818283,0.013758146270818283,2813.0,3656.0,-0.13031380429741846,2600.0,0.627564566739078,price_wall,4200.0,0.013758146270818283,below_price_wall,,,,,,,,,,,,,,,,,,,,,,,,,,,,,,,,,,,,,,,,,,,,,,,,,,,,,,,,,,
2026-09-28,COMMODITY,COMMODITY,fu,fu,fu,SHFE,2701,,,,,,,3972.0,,,4300.0,3500.0,,,3500.0,,,7224.0,4231.0,11594320.0,,,,,,,,-0.11883182275931525,,,,,,,,,,,,,,,,,,,,,,,,,,,,,,False,False,other_month,,,,,,,,,,,,fu2701,3972.0,113614.0,124330.0,-265.0,4524740300.0,0.00022700000000000002,3500.0,3800.0,0.0825780463242698,-0.11883182275931525,-0.11883182275931525,-0.043303121852970805,2026.0,5198.0,-0.4390919158361019,800.0,0.2014098690835851,amount_wall,3800.0,-0.043303121852970805,above_price_wall,,,,,,,,,,,,,,,,,,,,,,,,,,,,,,,,,,,,,,,,,,,,,,,,,,,,,,,,,,
2026-09-28,COMMODITY,COMMODITY,fu,fu,fu,SHFE,2702,,,,,,,3846.0,,,4600.0,3000.0,,,4700.0,,,278.0,180.0,392080.0,,,,,,,,0.22204888195527817,,,,,,,,,,,,,,,,,,,,,,,,,,,,,,False,False,other_month,,,,,,,,,,,,fu2702,3846.0,12492.0,44025.0,2288.0,481322630.0,0.00020400000000000003,4700.0,4700.0,0.19604784191367663,-0.21996879875195008,0.22204888195527817,0.22204888195527817,208.0,70.0,0.49640287769784175,1600.0,0.4160166406656266,call_oi_wall,4600.0,0.19604784191367663,below_price_wall,,,,,,,,,,,,,,,,,,,,,,,,,,,,,,,,,,,,,,,,,,,,,,,,,,,,,,,,,,
2026-09-28,COMMODITY,COMMODITY,hc,hc,hc,SHFE,2612,,,,,,,3283.0,,,3600.0,3000.0,,,3300.0,,,1898.0,769.0,337880.0,,,,,,,,0.005178190679256733,,,,,,,,,,,,,,,,,,,,,,,,,,,,,,False,False,other_month,,,,,,,,,,,,hc2612,3283.0,183.0,1602.0,-23.0,6001860.0,-4.4999999999999996e-05,3300.0,3300.0,0.09655802619555276,-0.08620164483703929,0.005178190679256733,0.005178190679256733,978.0,920.0,0.030558482613277135,600.0,0.18275967103259214,price_wall,3300.0,0.005178190679256733,below_price_wall,,,,,,,,,,,,,,,,,,,,,,,,,,,,,,,,,,,,,,,,,,,,,,,,,,,,,,,,,,
2026-09-28,COMMODITY,COMMODITY,hc,hc,hc,SHFE,2701,,,,,,,3282.0,,,3650.0,3200.0,,,3300.0,,,5841.0,1855.0,560045.0,,,,,,,,0.005484460694698434,,,,,,,,,,,,,,,,,,,,,,,,,,,,,,False,False,other_month,,,,,,,,,,,,hc2701,3282.0,313889.0,1355858.0,8859.0,10303195300.0,-3.3e-05,3600.0,3300.0,0.1121267519804996,-0.02498476538695915,0.09689213893967086,0.005484460694698434,4090.0,1751.0,0.4004451292586886,450.0,0.13711151736745886,price_wall,3300.0,0.005484460694698434,below_price_wall,,,,,,,,,,,,,,,,,,,,,,,,,,,,,,,,,,,,,,,,,,,,,,,,,,,,,,,,,,
2026-09-28,COMMODITY,COMMODITY,hc,hc,hc,SHFE,2703,,,,,,,3292.0,,,3050.0,3050.0,,,3050.0,,,8.0,0.0,0.0,,,,,,,,-0.0735115431348724,,,,,,,,,,,,,,,,,,,,,,,,,,,,,,False,False,other_month,,,,,,,,,,,,hc2703,3292.0,18837.0,153326.0,5171.0,619592410.0,-4.2e-05,3050.0,3050.0,-0.0735115431348724,-0.0735115431348724,-0.0735115431348724,-0.0735115431348724,0.0,8.0,-1.0,0.0,0.0,call_oi_wall,3050.0,-0.0735115431348724,above_price_wall,,,,,,,,,,,,,,,,,,,,,,,,,,,,,,,,,,,,,,,,,,,,,,,,,,,,,,,,,,
2026-09-28,COMMODITY,COMMODITY,ni,ni,ni,SHFE,2611,,,,,,,123940.0,,,130000.0,120000.0,,,130000.0,,,30314.0,25577.0,24480714.0,,,,,,,,0.048894626432144594,,,,,,,,,,,,,,,,,,,,,,,,,,,,,,False,False,other_month,,,,,,,,,,,,ni2611,123940.0,109234.0,132794.0,246.0,13516529000.0,-0.000112,120000.0,120000.0,0.048894626432144594,-0.0317895756010973,-0.0317895756010973,-0.0317895756010973,19445.0,10869.0,0.2829055881770799,10000.0,0.08068420203324189,put_oi_wall,120000.0,-0.0317895756010973,below_price_wall,,,,,,,,,,,,,,,,,,,,,,,,,,,,,,,,,,,,,,,,,,,,,,,,,,,,,,,,,,
2026-09-28,COMMODITY,COMMODITY,ni,ni,ni,SHFE,2612,,,,,,,124190.0,,,128000.0,110000.0,,,130000.0,,,3104.0,639.0,823730.0,,,,,,,,0.046783154843385244,,,,,,,,,,,,,,,,,,,,,,,,,,,,,,False,False,other_month,,,,,,,,,,,,ni2612,124190.0,31066.0,92244.0,8036.0,3851295400.0,-0.000111,130000.0,130000.0,0.030678798615025427,-0.1142604074402126,0.046783154843385244,0.046783154843385244,1790.0,1314.0,0.15335051546391754,18000.0,0.14493920605523794,call_oi_wall,128000.0,0.030678798615025427,below_price_wall,,,,,,,,,,,,,,,,,,,,,,,,,,,,,,,,,,,,,,,,,,,,,,,,,,,,,,,,,,
2026-09-28,COMMODITY,COMMODITY,ni,ni,ni,SHFE,2701,,,,,,,124490.0,,,150000.0,116000.0,,,116000.0,,,765.0,11.0,7688.0,,,,,,,,-0.06819824885532977,,,,,,,,,,,,,,,,,,,,,,,,,,,,,,False,False,other_month,,,,,,,,,,,,ni2701,124490.0,10219.0,43265.0,1930.0,1269236910.0,-0.00010800000000000001,110000.0,116000.0,0.2049160575146598,-0.06819824885532977,-0.11639489115591617,-0.06819824885532977,271.0,494.0,-0.29150326797385623,34000.0,0.27311430636998957,put_oi_wall,116000.0,-0.06819824885532977,above_price_wall,,,,,,,,,,,,,,,,,,,,,,,,,,,,,,,,,,,,,,,,,,,,,,,,,,,,,,,,,,
2026-09-28,COMMODITY,COMMODITY,op,op,op,SHFE,2611,,,,,,,3834.0,,,3850.0,3800.0,,,3800.0,,,1777.0,1112.0,1017960.0,,,,,,,,-0.008868022952529975,,,,,,,,,,,,,,,,,,,,,,,,,,,,,,False,False,other_month,,,,,,,,,,,,op2611,3834.0,10458.0,14447.0,-4769.0,1604233400.0,-1e-05,3800.0,3800.0,0.004173187271778733,-0.008868022952529975,-0.008868022952529975,-0.008868022952529975,1057.0,720.0,0.18964546989307823,50.0,0.013041210224308816,call_oi_wall,3850.0,0.004173187271778733,above_price_wall,,,,,,,,,,,,,,,,,,,,,,,,,,,,,,,,,,,,,,,,,,,,,,,,,,,,,,,,,,
2026-09-28,COMMODITY,COMMODITY,op,op,op,SHFE,2612,,,,,,,3824.0,,,3800.0,3650.0,,,3700.0,,,386.0,813.0,799080.0,,,,,,,,-0.03242677824267781,,,,,,,,,,,,,,,,,,,,,,,,,,,,,,False,False,other_month,,,,,,,,,,,,op2612,3824.0,6463.0,5641.0,4844.0,993358720.0,-4.7000000000000004e-05,3700.0,3800.0,-0.006276150627615107,-0.045502092050209164,-0.03242677824267781,-0.006276150627615107,60.0,326.0,-0.689119170984456,150.0,0.03922594142259414,call_oi_wall,3800.0,-0.006276150627615107,above_price_wall,,,,,,,,,,,,,,,,,,,,,,,,,,,,,,,,,,,,,,,,,,,,,,,,,,,,,,,,,,
2026-09-28,COMMODITY,COMMODITY,pb,pb,pb,SHFE,2611,,,,,,,16210.0,,,16600.0,16000.0,,,16000.0,,,8033.0,3195.0,1398305.0,,,,,,,,-0.012954966070326979,,,,,,,,,,,,,,,,,,,,,,,,,,,,,,False,False,other_month,,,,,,,,,,,,pb2611,16210.0,50450.0,68716.0,-2371.0,4085579400.0,-5.7999999999999994e-05,16000.0,16200.0,0.024059222702035754,-0.012954966070326979,-0.012954966070326979,-0.0006169031462059937,4657.0,3376.0,0.15946719780903773,600.0,0.03701418877236274,amount_wall,16200.0,-0.0006169031462059937,above_price_wall,,,,,,,,,,,,,,,,,,,,,,,,,,,,,,,,,,,,,,,,,,,,,,,,,,,,,,,,,,
2026-09-28,COMMODITY,COMMODITY,pb,pb,pb,SHFE,2612,,,,,,,16225.0,,,16400.0,14000.0,,,16200.0,,,489.0,274.0,144720.0,,,,,,,,-0.0015408320493066618,,,,,,,,,,,,,,,,,,,,,,,,,,,,,,False,False,other_month,,,,,,,,,,,,pb2612,16225.0,17578.0,35834.0,3228.0,1424057500.0,-4.6e-05,16200.0,16200.0,0.01078582434514641,-0.13713405238828968,-0.0015408320493066618,-0.0015408320493066618,231.0,258.0,-0.05521472392638037,2400.0,0.14791987673343607,price_wall,16200.0,-0.0015408320493066618,near_price_wall,,,,,,,,,,,,,,,,,,,,,,,,,,,,,,,,,,,,,,,,,,,,,,,,,,,,,,,,,,
2026-09-28,COMMODITY,COMMODITY,rb,rb,rb,SHFE,2611,,,,,,,3095.0,,,3450.0,3100.0,,,3100.0,,,4183.0,2298.0,445390.0,,,,,,,,0.001615508885298933,,,,,,,,,,,,,,,,,,,,,,,,,,,,,,False,False,other_month,,,,,,,,,,,,rb2611,3095.0,82175.0,185477.0,-59474.0,2540485700.0,-2.3e-05,3100.0,3100.0,0.1147011308562198,0.001615508885298933,0.001615508885298933,0.001615508885298933,2757.0,1426.0,0.3181926846760698,350.0,0.11308562197092084,put_oi_wall,3100.0,0.001615508885298933,near_price_wall,,,,,,,,,,,,,,,,,,,,,,,,,,,,,,,,,,,,,,,,,,,,,,,,,,,,,,,,,,
2026-09-28,COMMODITY,COMMODITY,rb,rb,rb,SHFE,2612,,,,,,,3106.0,,,3350.0,2850.0,,,3350.0,,,9.0,1.0,100.0,,,,,,,,0.07855763039278818,,,,,,,,,,,,,,,,,,,,,,,,,,,,,,False,False,other_month,,,,,,,,,,,,rb2612,3106.0,1245.0,5128.0,242.0,38610380.0,-1e-05,3350.0,3350.0,0.07855763039278818,-0.08242112041210559,0.07855763039278818,0.07855763039278818,6.0,3.0,0.3333333333333333,500.0,0.16097875080489377,call_oi_wall,3350.0,0.07855763039278818,below_price_wall,,,,,,,,,,,,,,,,,,,,,,,,,,,,,,,,,,,,,,,,,,,,,,,,,,,,,,,,,,
2026-09-28,COMMODITY,COMMODITY,rb,rb,rb,SHFE,2701,,,,,,,3106.0,,,3500.0,2750.0,,,3100.0,,,140107.0,29792.0,12804960.0,,,,,,,,-0.0019317450096587585,,,,,,,,,,,,,,,,,,,,,,,,,,,,,,False,False,other_month,,,,,,,,,,,,rb2701,3106.0,625862.0,1649926.0,34038.0,19407945000.0,-1.6e-05,3100.0,3100.0,0.12685125563425625,-0.11461687057308434,-0.0019317450096587585,-0.0019317450096587585,75723.0,64384.0,0.08093100273362501,750.0,0.24146812620734062,price_wall,3100.0,-0.0019317450096587585,near_price_wall,,,,,,,,,,,,,,,,,,,,,,,,,,,,,,,,,,,,,,,,,,,,,,,,,,,,,,,,,,
2026-09-28,COMMODITY,COMMODITY,rb,rb,rb,SHFE,2703,,,,,,,3109.0,,,3300.0,3100.0,,,3150.0,,,78.0,0.0,0.0,,,,,,,,0.013187520102927008,,,,,,,,,,,,,,,,,,,,,,,,,,,,,,False,False,other_month,,,,,,,,,,,,rb2703,3109.0,24728.0,328454.0,6800.0,767673970.0,-3.5000000000000004e-05,2800.0,2800.0,0.0614345448697331,-0.002894821486008392,-0.09938887101962046,-0.09938887101962046,40.0,38.0,0.02564102564102564,200.0,0.0643293663557414,put_oi_wall,3100.0,-0.002894821486008392,below_price_wall,,,,,,,,,,,,,,,,,,,,,,,,,,,,,,,,,,,,,,,,,,,,,,,,,,,,,,,,,,
2026-09-28,COMMODITY,COMMODITY,ru,ru,ru,SHFE,2611,,,,,,,18490.0,,,20000.0,17000.0,,,20000.0,,,3511.0,3595.0,5446680.0,,,,,,,,0.08166576527852887,,,,,,,,,,,,,,,,,,,,,,,,,,,,,,False,False,other_month,,,,,,,,,,,,ru2611,18490.0,4715.0,3604.0,-7.0,879291550.0,-5.9e-05,20000.0,20000.0,0.08166576527852887,-0.0805840995132504,0.08166576527852887,0.08166576527852887,2438.0,1073.0,0.38877812589005983,3000.0,0.16224986479177933,put_oi_wall,17000.0,-0.0805840995132504,below_price_wall,,,,,,,,,,,,,,,,,,,,,,,,,,,,,,,,,,,,,,,,,,,,,,,,,,,,,,,,,,
2026-09-28,COMMODITY,COMMODITY,ru,ru,ru,SHFE,2701,,,,,,,19275.0,,,20000.0,18000.0,,,20000.0,,,41070.0,28437.0,128711610.0,,,,,,,,0.03761348897535677,,,,,,,,,,,,,,,,,,,,,,,,,,,,,,False,False,other_month,,,,,,,,,,,,ru2701,19275.0,270809.0,146176.0,-5224.0,52696869000.0,-7.7e-05,20000.0,20000.0,0.03761348897535677,-0.06614785992217898,0.03761348897535677,0.03761348897535677,23354.0,17716.0,0.13727781835889943,2000.0,0.10376134889753567,call_oi_wall,20000.0,0.03761348897535677,below_price_wall,,,,,,,,,,,,,,,,,,,,,,,,,,,,,,,,,,,,,,,,,,,,,,,,,,,,,,,,,,
2026-09-28,COMMODITY,COMMODITY,ru,ru,ru,SHFE,2705,,,,,,,19285.0,,,21000.0,16000.0,,,21000.0,,,3046.0,630.0,6223360.0,,,,,,,,0.08892921960072586,,,,,,,,,,,,,,,,,,,,,,,,,,,,,,False,False,other_month,,,,,,,,,,,,ru2705,19285.0,28155.0,33222.0,-927.0,5481547600.0,-8.999999999999999e-05,19000.0,19000.0,0.08892921960072586,-0.1703396422089707,-0.014778325123152691,-0.014778325123152691,2072.0,974.0,0.3604727511490479,5000.0,0.25926886180969666,volume_wall,19000.0,-0.014778325123152691,below_price_wall,,,,,,,,,,,,,,,,,,,,,,,,,,,,,,,,,,,,,,,,,,,,,,,,,,,,,,,,,,
2026-09-28,COMMODITY,COMMODITY,sn,sn,sn,SHFE,2611,,,,,,,408570.0,,,420000.0,360000.0,,,360000.0,,,12627.0,17680.0,64953874.0,,,,,,,,-0.118878038035098,,,,,,,,,,,,,,,,,,,,,,,,,,,,,,False,False,other_month,,,,,,,,,,,,sn2611,408570.0,63686.0,29892.0,2880.0,25970510000.0,-8.3e-05,360000.0,400000.0,0.027975622292385705,-0.118878038035098,-0.118878038035098,-0.020975597816775604,4964.0,7663.0,-0.21374831709828146,60000.0,0.14685366032748368,amount_wall,400000.0,-0.020975597816775604,above_price_wall,,,,,,,,,,,,,,,,,,,,,,,,,,,,,,,,,,,,,,,,,,,,,,,,,,,,,,,,,,
2026-09-28,COMMODITY,COMMODITY,sn,sn,sn,SHFE,2612,,,,,,,408710.0,,,500000.0,350000.0,,,350000.0,,,2149.0,827.0,3420402.0,,,,,,,,-0.1436470847300042,,,,,,,,,,,,,,,,,,,,,,,,,,,,,,False,False,other_month,,,,,,,,,,,,sn2612,408710.0,10566.0,13016.0,665.0,4312153100.0,-8.4e-05,350000.0,410000.0,0.22336130752856542,-0.1436470847300042,-0.1436470847300042,0.0031562721734237353,877.0,1272.0,-0.18380642159143787,150000.0,0.3670083922585696,amount_wall,410000.0,0.0031562721734237353,above_price_wall,,,,,,,,,,,,,,,,,,,,,,,,,,,,,,,,,,,,,,,,,,,,,,,,,,,,,,,,,,
2026-09-28,COMMODITY,COMMODITY,sn,sn,sn,SHFE,2701,,,,,,,408840.0,,,490000.0,335000.0,,,490000.0,,,55.0,11.0,33940.0,,,,,,,,0.19851286566872117,,,,,,,,,,,,,,,,,,,,,,,,,,,,,,False,False,other_month,,,,,,,,,,,,sn2701,408840.0,2621.0,6149.0,478.0,1069116860.0,-7.5e-05,490000.0,490000.0,0.19851286566872117,-0.1806085510224048,0.19851286566872117,0.19851286566872117,25.0,30.0,-0.09090909090909091,155000.0,0.3791214166911261,put_oi_wall,335000.0,-0.1806085510224048,below_price_wall,,,,,,,,,,,,,,,,,,,,,,,,,,,,,,,,,,,,,,,,,,,,,,,,,,,,,,,,,,
2026-09-28,COMMODITY,COMMODITY,sp,sp,sp,SHFE,2611,,,,,,,4828.0,,,5000.0,4600.0,,,5000.0,,,53548.0,32941.0,15501440.0,,,,,,,,0.03562551781275891,,,,,,,,,,,,,,,,,,,,,,,,,,,,,,False,False,other_month,,,,,,,,,,,,sp2611,4828.0,290430.0,132712.0,-31693.0,14002782000.0,-0.000139,5000.0,5000.0,0.03562551781275891,-0.047224523612261815,0.03562551781275891,0.03562551781275891,33117.0,20431.0,0.23690894151042055,400.0,0.08285004142502071,call_oi_wall,5000.0,0.03562551781275891,below_price_wall,,,,,,,,,,,,,,,,,,,,,,,,,,,,,,,,,,,,,,,,,,,,,,,,,,,,,,,,,,
2026-09-28,COMMODITY,COMMODITY,sp,sp,sp,SHFE,2612,,,,,,,4844.0,,,4750.0,4600.0,,,4750.0,,,56.0,57.0,60380.0,,,,,,,,-0.01940545004128824,,,,,,,,,,,,,,,,,,,,,,,,,,,,,,False,False,other_month,,,,,,,,,,,,sp2612,4844.0,1267.0,3405.0,140.0,61332260.0,-0.00013,4750.0,4750.0,-0.01940545004128824,-0.05037159372419486,-0.01940545004128824,-0.01940545004128824,20.0,36.0,-0.2857142857142857,150.0,0.030966143682906688,call_oi_wall,4750.0,-0.01940545004128824,above_price_wall,,,,,,,,,,,,,,,,,,,,,,,,,,,,,,,,,,,,,,,,,,,,,,,,,,,,,,,,,,
2026-09-28,COMMODITY,COMMODITY,sp,sp,sp,SHFE,2701,,,,,,,4988.0,,,5700.0,5000.0,,,5000.0,,,10380.0,2241.0,2163500.0,,,,,,,,0.002405773857257376,,,,,,,,,,,,,,,,,,,,,,,,,,,,,,False,False,other_month,,,,,,,,,,,,sp2701,4988.0,108489.0,140846.0,10114.0,5394489700.0,-8e-05,5000.0,5000.0,0.14274258219727343,0.002405773857257376,0.002405773857257376,0.002405773857257376,5732.0,4648.0,0.10443159922928709,700.0,0.14033680834001605,put_oi_wall,5000.0,0.002405773857257376,near_price_wall,,,,,,,,,,,,,,,,,,,,,,,,,,,,,,,,,,,,,,,,,,,,,,,,,,,,,,,,,,
2026-09-28,COMMODITY,COMMODITY,sp,sp,sp,SHFE,2703,,,,,,,5028.0,,,5500.0,4800.0,,,5200.0,,,239.0,20.0,20370.0,,,,,,,,0.0342084327764518,,,,,,,,,,,,,,,,,,,,,,,,,,,,,,False,False,other_month,,,,,,,,,,,,sp2703,5028.0,15410.0,51139.0,2317.0,771343560.0,-6.3e-05,5200.0,5200.0,0.0938743038981702,-0.04534606205250602,0.0342084327764518,0.0342084327764518,107.0,132.0,-0.10460251046025104,700.0,0.13922036595067622,price_wall,5200.0,0.0342084327764518,below_price_wall,,,,,,,,,,,,,,,,,,,,,,,,,,,,,,,,,,,,,,,,,,,,,,,,,,,,,,,,,,
2026-09-28,COMMODITY,COMMODITY,ss,ss,ss,SHFE,2612,,,,,,,13800.0,,,14000.0,13400.0,,,14000.0,,,3773.0,1069.0,603185.0,,,,,,,,0.01449275362318847,,,,,,,,,,,,,,,,,,,,,,,,,,,,,,False,False,other_month,,,,,,,,,,,,ss2612,13800.0,34798.0,43085.0,6405.0,2399318900.0,4e-05,14000.0,14000.0,0.01449275362318847,-0.02898550724637683,0.01449275362318847,0.01449275362318847,2165.0,1608.0,0.14762788232175988,600.0,0.043478260869565216,call_oi_wall,14000.0,0.01449275362318847,below_price_wall,,,,,,,,,,,,,,,,,,,,,,,,,,,,,,,,,,,,,,,,,,,,,,,,,,,,,,,,,,
2026-09-28,COMMODITY,COMMODITY,ss,ss,ss,SHFE,2701,,,,,,,13800.0,,,14600.0,13000.0,,,14400.0,,,586.0,138.0,125545.0,,,,,,,,0.04347826086956519,,,,,,,,,,,,,,,,,,,,,,,,,,,,,,False,False,other_month,,,,,,,,,,,,ss2701,13800.0,2267.0,5105.0,401.0,156457480.0,2.8999999999999997e-05,14400.0,14400.0,0.05797101449275366,-0.05797101449275366,0.04347826086956519,0.04347826086956519,286.0,300.0,-0.023890784982935155,1600.0,0.11594202898550725,price_wall,14400.0,0.04347826086956519,below_price_wall,,,,,,,,,,,,,,,,,,,,,,,,,,,,,,,,,,,,,,,,,,,,,,,,,,,,,,,,,,
2026-09-28,COMMODITY,COMMODITY,zn,zn,zn,SHFE,2611,,,,,,,26500.0,,,28000.0,25000.0,,,26000.0,,,30082.0,28860.0,34236715.0,,,,,,,,-0.018867924528301883,,,,,,,,,,,,,,,,,,,,,,,,,,,,,,False,False,other_month,,,,,,,,,,,,zn2611,26500.0,101349.0,143156.0,-4705.0,13411596600.0,-9.2e-05,26000.0,26000.0,0.05660377358490565,-0.05660377358490565,-0.018867924528301883,-0.018867924528301883,15739.0,14343.0,0.0464064889302573,3000.0,0.11320754716981132,price_wall,26000.0,-0.018867924528301883,above_price_wall,,,,,,,,,,,,,,,,,,,,,,,,,,,,,,,,,,,,,,,,,,,,,,,,,,,,,,,,,,
2026-09-28,COMMODITY,COMMODITY,zn,zn,zn,SHFE,2612,,,,,,,26550.0,,,29500.0,25000.0,,,25000.0,,,1168.0,98.0,93695.0,,,,,,,,-0.05838041431261776,,,,,,,,,,,,,,,,,,,,,,,,,,,,,,False,False,other_month,,,,,,,,,,,,zn2612,26550.0,34891.0,70473.0,6816.0,4624441000.0,-8.6e-05,25000.0,25000.0,0.11111111111111116,-0.05838041431261776,-0.05838041431261776,-0.05838041431261776,675.0,493.0,0.1558219178082192,4500.0,0.1694915254237288,put_oi_wall,25000.0,-0.05838041431261776,above_price_wall,,,,,,,,,,,,,,,,,,,,,,,,,,,,,,,,,,,,,,,,,,,,,,,,,,,,,,,,,,
2026-09-28,COMMODITY,COMMODITY,zn,zn,zn,SHFE,2701,,,,,,,26560.0,,,30000.0,23800.0,,,30000.0,,,430.0,0.0,0.0,,,,,,,,0.12951807228915668,,,,,,,,,,,,,,,,,,,,,,,,,,,,,,False,False,other_month,,,,,,,,,,,,zn2701,26560.0,6266.0,14994.0,1009.0,830352500.0,-7.1e-05,22400.0,22400.0,0.12951807228915668,-0.10391566265060237,-0.15662650602409633,-0.15662650602409633,338.0,92.0,0.5720930232558139,6200.0,0.23343373493975902,put_oi_wall,23800.0,-0.10391566265060237,below_price_wall,,,,,,,,,,,,,,,,,,,,,,,,,,,,,,,,,,,,,,,,,,,,,,,,,,,,,,,,,,
2026-09-28,INDEX_OPTION,INDEX,HO,IH,IH,CFFEX,2610,,,,,,,2805.6,,,2900.0,2800.0,,,2850.0,,,36940.0,29703.0,111534740.0,,,,,,,,0.01582549187339599,,,,,,,,,,,,,,,,,,,,,,,,,,,,,,False,False,other_month,,,,,,,,,,,,IH2610,2805.6,15081.0,22620.0,1225.0,12697857200.0,-0.000123,2800.0,2800.0,0.033646991730824194,-0.001996007984031878,-0.001996007984031878,-0.001996007984031878,22949.0,13991.0,0.2425013535462913,100.0,0.035642999714856,put_oi_wall,2800.0,-0.001996007984031878,below_price_wall,,,,,,,,,,,,,,,,,,,,,,,,,,,,,,,,,,,,,,,,,,,,,,,,,,,,,,,,,,
2026-09-28,INDEX_OPTION,INDEX,HO,IH,IH,CFFEX,2611,,,,,,,2787.0,,,2850.0,2700.0,,,2800.0,,,7969.0,5083.0,32500440.0,,,,,,,,0.004664513814137017,,,,,,,,,,,,,,,,,,,,,,,,,,,,,,False,False,other_month,,,,,,,,,,,,IH2611,2787.0,3726.0,3618.0,1171.0,3114384800.0,-0.000126,2800.0,2800.0,0.022604951560817987,-0.031216361679224924,0.004664513814137017,0.004664513814137017,4145.0,3824.0,0.04028108922073033,150.0,0.05382131324004306,price_wall,2800.0,0.004664513814137017,near_price_wall,,,,,,,,,,,,,,,,,,,,,,,,,,,,,,,,,,,,,,,,,,,,,,,,,,,,,,,,,,
2026-09-28,INDEX_OPTION,INDEX,HO,IH,IH,CFFEX,2612,,,,,,,2770.2,,,3000.0,2500.0,,,2900.0,,,23013.0,3264.0,20834560.0,,,,,,,,0.04685582268428279,,,,,,,,,,,,,,,,,,,,,,,,,,,,,,False,False,other_month,,,,,,,,,,,,IH2612,2770.2,36352.0,74036.0,4840.0,30184730000.0,-0.000125,2900.0,2900.0,0.08295429932856835,-0.09753808389285967,0.04685582268428279,0.04685582268428279,13701.0,9312.0,0.19071828966236476,500.0,0.18049238322142808,price_wall,2900.0,0.04685582268428279,below_price_wall,,,,,,,,,,,,,,,,,,,,,,,,,,,,,,,,,,,,,,,,,,,,,,,,,,,,,,,,,,
2026-09-28,INDEX_OPTION,INDEX,HO,IH,IH,CFFEX,2703,,,,,,,2735.8,,,3000.0,2500.0,,,2500.0,,,8946.0,552.0,6395760.0,,,,,,,,-0.08619051100226627,,,,,,,,,,,,,,,,,,,,,,,,,,,,,,False,False,other_month,,,,,,,,,,,,IH2703,2735.8,4923.0,17358.0,470.0,4035145800.0,-0.00013,2700.0,2700.0,0.09657138679728039,-0.08619051100226627,-0.01308575188244765,-0.01308575188244765,4694.0,4252.0,0.04940755644980997,500.0,0.18276189779954674,volume_wall,2700.0,-0.01308575188244765,above_price_wall,,,,,,,,,,,,,,,,,,,,,,,,,,,,,,,,,,,,,,,,,,,,,,,,,,,,,,,,,,
2026-09-28,INDEX_OPTION,INDEX,HO,IH,IH,CFFEX,2706,,,,,,,,,,3400.0,2500.0,,,2900.0,,,4729.0,217.0,3517200.0,,,,,,,,,,,,,,,,,,,,,,,,,,,,,,,,,,,,,,False,False,other_month,,,,,,,,,,,,,,,,,,,2800.0,3400.0,,,,,2141.0,2588.0,-0.0945231550010573,900.0,,,,,unavailable,,,,,,,,,,,,,,,,,,,,,,,,,,,,,,,,,,,,,,,,,,,,,,,,,,,,,,,,,,
2026-09-28,INDEX_OPTION,INDEX,HO,IH,IH,CFFEX,2709,,,,,,,,,,3200.0,2500.0,,,2500.0,,,1278.0,500.0,7900160.0,,,,,,,,,,,,,,,,,,,,,,,,,,,,,,,,,,,,,,False,False,other_month,,,,,,,,,,,,,,,,,,,2500.0,3200.0,,,,,378.0,900.0,-0.4084507042253521,700.0,,,,,unavailable,,,,,,,,,,,,,,,,,,,,,,,,,,,,,,,,,,,,,,,,,,,,,,,,,,,,,,,,,,
2026-09-28,INDEX_OPTION,INDEX,IO,IF,IF,CFFEX,2610,,,,,,,4337.0,,,4500.0,4400.0,,,4500.0,,,108205.0,109174.0,652176340.0,,,,,,,,0.03758358312197374,,,,,,,,,,,,,,,,,,,,,,,,,,,,,,False,False,other_month,,,,,,,,,,,,IF2610,4337.0,36735.0,58305.0,5361.0,47907207000.0,-0.00021700000000000002,4400.0,4400.0,0.03758358312197374,0.014526170163707608,0.014526170163707608,0.014526170163707608,66614.0,41591.0,0.23125548726953468,100.0,0.023057412958266084,put_oi_wall,4400.0,0.014526170163707608,below_price_wall,,,,,,,,,,,,,,,,,,,,,,,,,,,,,,,,,,,,,,,,,,,,,,,,,,,,,,,,,,
2026-09-28,INDEX_OPTION,INDEX,IO,IF,IF,CFFEX,2611,,,,,,,4308.8,,,4600.0,4100.0,,,4400.0,,,18792.0,16083.0,132571720.0,,,,,,,,0.02116598588934271,,,,,,,,,,,,,,,,,,,,,,,,,,,,,,False,False,other_month,,,,,,,,,,,,IF2611,4308.8,7741.0,10166.0,2024.0,10012611800.0,-0.00021899999999999998,4300.0,4300.0,0.06758262161158557,-0.04845896769402158,-0.0020423319717787214,-0.0020423319717787214,9533.0,9259.0,0.014580672626649638,500.0,0.11604158930560712,volume_wall,4300.0,-0.0020423319717787214,below_price_wall,,,,,,,,,,,,,,,,,,,,,,,,,,,,,,,,,,,,,,,,,,,,,,,,,,,,,,,,,,
2026-09-28,INDEX_OPTION,INDEX,IO,IF,IF,CFFEX,2612,,,,,,,4280.8,,,4500.0,3900.0,,,4500.0,,,49156.0,11383.0,105854320.0,,,,,,,,0.05120538217155657,,,,,,,,,,,,,,,,,,,,,,,,,,,,,,False,False,other_month,,,,,,,,,,,,IF2612,4280.8,70327.0,179278.0,10270.0,90472854000.0,-0.00021899999999999998,4500.0,4500.0,0.05120538217155657,-0.08895533545131751,0.05120538217155657,0.05120538217155657,29381.0,19775.0,0.19541866710065914,600.0,0.14016071762287421,call_oi_wall,4500.0,0.05120538217155657,below_price_wall,,,,,,,,,,,,,,,,,,,,,,,,,,,,,,,,,,,,,,,,,,,,,,,,,,,,,,,,,,
2026-09-28,INDEX_OPTION,INDEX,IO,IF,IF,CFFEX,2703,,,,,,,4214.2,,,4700.0,4100.0,,,4100.0,,,23073.0,3850.0,62319800.0,,,,,,,,-0.02709885624792363,,,,,,,,,,,,,,,,,,,,,,,,,,,,,,False,False,other_month,,,,,,,,,,,,IF2703,4214.2,12541.0,61317.0,3286.0,15869062000.0,-0.00021600000000000002,4300.0,4300.0,0.11527692088652652,-0.02709885624792363,0.020359736130226347,0.020359736130226347,11757.0,11316.0,0.019113249252372903,600.0,0.1423757771344502,volume_wall,4300.0,0.020359736130226347,above_price_wall,,,,,,,,,,,,,,,,,,,,,,,,,,,,,,,,,,,,,,,,,,,,,,,,,,,,,,,,,,
2026-09-28,INDEX_OPTION,INDEX,IO,IF,IF,CFFEX,2706,,,,,,,,,,4500.0,4400.0,,,4400.0,,,9008.0,1021.0,19774580.0,,,,,,,,,,,,,,,,,,,,,,,,,,,,,,,,,,,,,,False,False,other_month,,,,,,,,,,,,,,,,,,,4200.0,4200.0,,,,,4301.0,4707.0,-0.04507104795737123,100.0,,,,,unavailable,,,,,,,,,,,,,,,,,,,,,,,,,,,,,,,,,,,,,,,,,,,,,,,,,,,,,,,,,,
2026-09-28,INDEX_OPTION,INDEX,IO,IF,IF,CFFEX,2709,,,,,,,,,,5000.0,4000.0,,,4000.0,,,1690.0,594.0,17884400.0,,,,,,,,,,,,,,,,,,,,,,,,,,,,,,,,,,,,,,False,False,other_month,,,,,,,,,,,,,,,,,,,4200.0,5000.0,,,,,725.0,965.0,-0.14201183431952663,1000.0,,,,,unavailable,,,,,,,,,,,,,,,,,,,,,,,,,,,,,,,,,,,,,,,,,,,,,,,,,,,,,,,,,,
2026-09-28,INDEX_OPTION,INDEX,MO,IM,IM,CFFEX,2610,,,,,,,7287.0,,,8000.0,7000.0,,,8000.0,,,186355.0,331672.0,3856246940.0,,,,,,,,0.09784547824893641,,,,,,,,,,,,,,,,,,,,,,,,,,,,,,False,False,other_month,,,,,,,,,,,,IM2610,7287.0,61407.0,100560.0,5580.0,89921398000.0,-0.000343,7500.0,7300.0,0.09784547824893641,-0.03938520653218058,0.02923013585837797,0.0017839989021544156,114464.0,71891.0,0.2284510745619919,1000.0,0.13723068478111705,amount_wall,7300.0,0.0017839989021544156,below_price_wall,,,,,,,,,,,,,,,,,,,,,,,,,,,,,,,,,,,,,,,,,,,,,,,,,,,,,,,,,,
2026-09-28,INDEX_OPTION,INDEX,MO,IM,IM,CFFEX,2611,,,,,,,7218.2,,,8000.0,6700.0,,,8000.0,,,29885.0,36805.0,741588940.0,,,,,,,,0.10830955085755445,,,,,,,,,,,,,,,,,,,,,,,,,,,,,,False,False,other_month,,,,,,,,,,,,IM2611,7218.2,11894.0,16357.0,4230.0,17245393000.0,-0.00034700000000000003,7500.0,7500.0,0.10830955085755445,-0.07179075115679812,0.03904020392895746,0.03904020392895746,16799.0,13086.0,0.12424293123640623,1300.0,0.18010030201435262,volume_wall,7500.0,0.03904020392895746,below_price_wall,,,,,,,,,,,,,,,,,,,,,,,,,,,,,,,,,,,,,,,,,,,,,,,,,,,,,,,,,,
2026-09-28,INDEX_OPTION,INDEX,MO,IM,IM,CFFEX,2612,,,,,,,7157.2,,,8000.0,6200.0,,,8000.0,,,83712.0,27938.0,657434040.0,,,,,,,,0.11775554686190137,,,,,,,,,,,,,,,,,,,,,,,,,,,,,,False,False,other_month,,,,,,,,,,,,IM2612,7157.2,177951.0,268701.0,11756.0,255510550000.0,-0.000338,8000.0,7000.0,0.11775554686190137,-0.13373945118202646,0.11775554686190137,-0.0219638964958363,50059.0,33653.0,0.19598146024464833,1800.0,0.2514949980439278,amount_wall,7000.0,-0.0219638964958363,below_price_wall,,,,,,,,,,,,,,,,,,,,,,,,,,,,,,,,,,,,,,,,,,,,,,,,,,,,,,,,,,
2026-09-28,INDEX_OPTION,INDEX,MO,IM,IM,CFFEX,2703,,,,,,,6972.4,,,8800.0,6600.0,,,8600.0,,,33556.0,6296.0,177170220.0,,,,,,,,0.23343468533073275,,,,,,,,,,,,,,,,,,,,,,,,,,,,,,False,False,other_month,,,,,,,,,,,,IM2703,6972.4,30247.0,95043.0,3138.0,42287204000.0,-0.000341,8600.0,7000.0,0.2621192128965637,-0.05341059032757722,0.23343468533073275,0.003958464804084683,21011.0,12545.0,0.25229467159375374,2200.0,0.3155298032241409,amount_wall,7000.0,0.003958464804084683,below_price_wall,,,,,,,,,,,,,,,,,,,,,,,,,,,,,,,,,,,,,,,,,,,,,,,,,,,,,,,,,,
2026-09-28,INDEX_OPTION,INDEX,MO,IM,IM,CFFEX,2706,,,,,,,,,,9800.0,6200.0,,,6200.0,,,17443.0,3499.0,128826960.0,,,,,,,,,,,,,,,,,,,,,,,,,,,,,,,,,,,,,,False,False,other_month,,,,,,,,,,,,,,,,,,,6200.0,6200.0,,,,,8144.0,9299.0,-0.06621567390930459,3600.0,,,,,unavailable,,,,,,,,,,,,,,,,,,,,,,,,,,,,,,,,,,,,,,,,,,,,,,,,,,,,,,,,,,
2026-09-28,INDEX_OPTION,INDEX,MO,IM,IM,CFFEX,2709,,,,,,,,,,6800.0,6800.0,,,6800.0,,,2652.0,1027.0,60450400.0,,,,,,,,,,,,,,,,,,,,,,,,,,,,,,,,,,,,,,False,False,other_month,,,,,,,,,,,,,,,,,,,6800.0,6800.0,,,,,952.0,1700.0,-0.28205128205128205,0.0,,,,,unavailable,,,,,,,,,,,,,,,,,,,,,,,,,,,,,,,,,,,,,,,,,,,,,,,,,,,,,,,,,,
