trade_date,market_type,asset_class,option_product,underlying,commodity,exchange,contract_month,expiry,expiry_month,expiry_source,expiry_confidence,days_to_expiry,business_days_to_expiry_estimate,underlying_price,call_wall,put_wall,call_oi_wall,put_oi_wall,max_gamma_strike,gex_flip,price_wall,net_gex,total_abs_gex,total_oi,total_volume,total_amount,call_gex_total,put_gex_abs_total,gex_ratio,call_gex_share,put_gex_share,call_wall_distance,put_wall_distance,price_wall_distance,gamma_regime,adjusted_call_wall,adjusted_put_wall,adjusted_price_wall,adjusted_max_gamma_strike,adjusted_net_gex,adjusted_total_abs_gex,avg_liquidity_score,avg_pricing_quality_score,adjusted_call_wall_shift,adjusted_put_wall_shift,adjusted_price_wall_shift,adjusted_wall_available,adjusted_call_wall_distance,adjusted_put_wall_distance,adjusted_price_wall_distance,expiry_role,expiry_gex_share,near_gex_ratio,next_gex_ratio,front_month_concentration,next_month_concentration,expiry_pressure,expiry_structure_state,days_to_near_expiry,roll_progress,roll_shift_score,roll_state,expiry_date_quality,is_primary_analysis_month,is_expiring_microstructure,analysis_month_role,zero_gamma,zero_gamma_status,zero_gamma_confidence,zero_gamma_reason,zero_gamma_total_contracts,zero_gamma_valid_contracts,zero_gamma_coverage,zero_gamma_bracket_low,zero_gamma_bracket_high,zero_gamma_residual_ratio,zero_gamma_method,futures_code,futures_price,futures_volume,futures_open_interest,futures_oi_change,futures_amount,futures_pct_change,volume_wall,amount_wall,call_oi_wall_distance,put_oi_wall_distance,volume_wall_distance,amount_wall_distance,call_oi_total,put_oi_total,oi_bias,oi_wall_width,oi_wall_width_ratio,nearest_wall_type,nearest_wall,nearest_wall_distance,commodity_price_state,prev_close,open_price,high_price,low_price,pct_change,amount,iv_surface_bias,delta_bias,normalized_net_gex,assumed_dealer_gamma_ratio,vega_risk_ratio,theta_burn_rate,rho_risk_ratio,atm_iv,call_25_delta_iv,put_25_delta_iv,option_market_value,total_time_value,front_month,primary_month,expiring_month,next_month,far_month,primary_selection_reason,primary_selection_note,primary_selection_confidence,primary_selection_dte,month_total_abs_gex,month_net_gex,month_total_oi,month_total_volume,month_rank,month_count,risk_reversal_25d,put_skew,call_skew,smile_curvature,iv_min,iv_max,iv_std,near_atm_iv,next_atm_iv,iv_term_slope,iv_surface_state,primary_atm_iv,next_after_primary_atm_iv,primary_iv_term_slope,primary_iv_surface_state,wall_type,strike,distance_to_spot,metric_value,metric_concentration,oi_rank,volume_rank,proximity_score,confidence_score,confidence_label
2026-09-10,ETF,,,上证50ETF华夏,,,10月,2026-10-28,202610,rule_fourth_wednesday,medium,48.0,34.0,3.016,3.1,3.0,3.2,3.0,3.0,3.1,3.0,50822255.41065919,275125222.44119745,169221.0,49818.0,,162973738.9259283,112151483.51526915,1.453157228221059,0.5923620432901628,0.4076379567098371,0.02785145888594176,-0.0053050397877983935,-0.0053050397877983935,Positive Gamma,3.0,3.0,3.0,3.0,24213388.9231055,133746025.4452317,0.4769778966729124,0.45440567934426035,-0.10000000000000009,0.0,0.0,True,-0.0053050397877983935,-0.0053050397877983935,-0.0053050397877983935,next,0.1306657085543319,0.7511476181207513,0.1306657085543319,0.7511476181207513,0.1306657085543319,0.06533285427716595,normal_expiry_structure,13.0,0.14817842348449511,-0.6204819095664194,front_month_dominant,rule_estimate,False,False,next_month,2.9563066324697402,available,medium,,20.0,17.0,0.85,2.95436,2.965313333333333,5.687745248003021e-13,bs_spot_repricing_constant_iv,,,,,,,,,,,,,,,,,,,,,,,3.021,3.015,3.026,3.001,-1.7e-05,1049918001.0,0.3790875319503168,0.07983802875737239,0.18472408658032594,0.18472408658032594,0.0713908518889449,0.0185468503792737,0.0009843128735993073,0.1632868263473054,0.113,0.17489999999999997,73432952.0,43444088.0,9月,9月,,10月,3月,front_month_default,9月 DTE=13，默认使用前月,medium,13.0,275125222.44119745,50822255.41065919,169221.0,49818.0,2.0,4.0,-0.06189999999999997,0.07769999999999996,0.015799999999999995,0.046749999999999986,0.0001,0.39390000000000003,0.10393630577375136,0.12789999999999999,0.0849,-0.04299999999999998,front_iv_inversion,0.12789999999999999,0.09720000000000001,-0.030699999999999977,front_iv_inversion,call_wall,3.1,0.02785145888594176,53677485.48291584,0.32936279081939884,0.9,0.9,0.7214854111405824,0.616436067539817,medium
2026-09-10,ETF,,,上证50ETF华夏,,,12月,2026-12-23,202612,rule_fourth_wednesday,medium,104.0,74.0,3.016,3.0,2.7,3.5,2.7,3.0,3.0,3.0,79437035.8597005,224312303.60962176,222446.0,90688.0,,151874669.73466113,72437633.87496065,2.096626596015297,0.6770679418413611,0.3229320581586389,-0.0053050397877983935,-0.10477453580901852,-0.0053050397877983935,Positive Gamma,3.0,2.7,3.0,3.0,32882544.02179289,93639847.69207983,0.41422453020353184,0.42046058658601343,0.0,0.0,0.0,True,-0.0053050397877983935,-0.10477453580901852,-0.0053050397877983935,deferred,0.10653303913228117,0.7511476181207513,0.1306657085543319,0.7511476181207513,0.1306657085543319,0.053266519566140584,normal_expiry_structure,13.0,0.14817842348449511,-0.6204819095664194,front_month_dominant,rule_estimate,False,False,other_month,2.8756454191690803,available,medium,,24.0,19.0,0.7916666666666666,2.8663800000000004,2.8777500000000003,1.3445558246488199e-15,bs_spot_repricing_constant_iv,,,,,,,,,,,,,,,,,,,,,,,3.021,3.015,3.026,3.001,-1.7e-05,1049918001.0,0.3967718908629441,0.15851247479475186,0.35413588368272225,0.35413588368272225,0.053295104943810054,0.00919560983089146,0.0022778410939326135,0.21926956521739133,0.1257,0.2127,192797031.0,94066627.0,9月,9月,,10月,3月,front_month_default,9月 DTE=13，默认使用前月,medium,13.0,224312303.60962176,79437035.85970049,222446.0,90688.0,3.0,4.0,-0.087,0.1278,0.0408,0.08430000000000001,0.0001,0.3791,0.11467290975589683,0.12789999999999999,0.0666,-0.06129999999999998,front_iv_inversion,0.12789999999999999,0.09720000000000001,-0.030699999999999977,front_iv_inversion,call_wall,3.0,-0.0053050397877983935,41622769.00307968,0.27405998034957674,0.9166666666666666,0.5,0.9469496021220161,0.5695360981422786,medium
2026-09-10,ETF,,,上证50ETF华夏,,,3月,2027-03-24,202703,rule_fourth_wednesday,medium,195.0,139.0,3.016,3.1,2.8,3.5,2.8,3.1,3.1,3.1,9039118.68659904,24537491.396712326,28067.0,2531.0,,16788305.041655682,7749186.35505664,2.166460357570401,0.6841899512150242,0.31581004878497565,0.02785145888594176,-0.07161803713527859,0.02785145888594176,Positive Gamma,3.1,2.8,3.1,3.1,336342.3168469552,4827641.026979005,0.2688103145766769,0.3059179381234704,0.0,0.0,0.0,True,0.02785145888594176,-0.07161803713527859,0.02785145888594176,far,0.01165363419263569,0.7511476181207513,0.1306657085543319,0.7511476181207513,0.1306657085543319,0.005826817096317845,low_expiry_influence,13.0,0.14817842348449511,-0.6204819095664194,front_month_dominant,rule_estimate,False,False,far_month,2.860573347065347,available,medium,,20.0,16.0,0.8,2.8557799999999998,2.8667333333333334,1.3612332567376576e-14,bs_spot_repricing_constant_iv,,,,,,,,,,,,,,,,,,,,,,,3.021,3.015,3.026,3.001,-1.7e-05,1049918001.0,0.42636555311558416,0.23239876073046403,0.36837990243004853,0.36837990243004853,0.07226381720820915,0.004691090589586039,0.007802555287229756,0.2343059829059829,0.1211,0.221,27857925.0,20454945.0,9月,9月,,10月,3月,front_month_default,9月 DTE=13，默认使用前月,medium,13.0,24537491.39671232,9039118.686599042,28067.0,2531.0,4.0,4.0,-0.0999,0.15439999999999998,0.05449999999999999,0.10445,0.0001,0.35450000000000004,0.11622388557842732,0.12789999999999999,,,put_skew_elevated,0.12789999999999999,0.09720000000000001,-0.030699999999999977,front_iv_inversion,call_wall,3.1,0.02785145888594176,4116690.9405939206,0.24521182635051333,0.7,0.9,0.7214854111405824,0.5285681335288184,medium
2026-09-10,ETF,,,上证50ETF华夏,,,9月,2026-09-23,202609,rule_fourth_wednesday,medium,13.0,9.0,3.016,3.0,3.0,3.1,3.0,3.0,3.1,3.0,315927111.7376525,1581590593.3400772,865466.0,320130.0,,948758852.5388647,632831740.8012123,1.4992276641144218,0.5998763880703357,0.40012361192966417,-0.0053050397877983935,-0.0053050397877983935,-0.0053050397877983935,Positive Gamma,3.0,3.0,3.0,3.0,107161421.41830859,985260095.1177417,0.4444637097414503,0.6932003249559381,0.0,0.0,0.0,True,-0.0053050397877983935,-0.0053050397877983935,-0.0053050397877983935,near,0.7511476181207513,0.7511476181207513,0.1306657085543319,0.7511476181207513,0.1306657085543319,0.7511476181207513,front_month_concentrated,13.0,0.14817842348449511,-0.6204819095664194,front_month_dominant,rule_estimate,True,False,primary_analysis,2.9788217461414948,available,medium,,28.0,22.0,0.7857142857142857,2.971658333333333,2.9832366666666665,1.3067813158331214e-15,bs_spot_repricing_constant_iv,,,,,,,,,,,,,,,,,,,,,,,3.021,3.015,3.026,3.001,-1.7e-05,1049918001.0,0.1598731627609749,0.19890349843328864,0.19975277614067172,0.19975277614067172,0.041485280765031024,0.0793410415455773,0.0020015950213853246,0.152620987654321,0.1338,0.1582,221531826.0,67892353.0,9月,9月,,10月,3月,front_month_default,9月 DTE=13，默认使用前月,medium,13.0,1581590593.3400767,315927111.73765254,865466.0,320130.0,1.0,4.0,-0.024400000000000005,0.03030000000000002,0.005900000000000016,0.018100000000000033,0.0001,0.631,0.14663755879989837,0.12789999999999999,0.09720000000000001,-0.030699999999999977,front_iv_inversion,0.12789999999999999,0.09720000000000001,-0.030699999999999977,front_iv_inversion,call_wall,3.0,-0.0053050397877983935,372613780.2431117,0.3927381328205821,0.9285714285714286,1.0,0.9469496021220161,0.7009174572304215,high
2026-09-10,ETF,,,中证500ETF南方,,,10月,2026-10-28,202610,rule_fourth_wednesday,medium,48.0,34.0,7.742,8.0,7.0,8.0,6.75,8.0,8.5,8.0,17136221.466926508,189713865.5418986,104721.0,58904.0,,103425043.50441256,86288822.03748605,1.1985914404936726,0.5451633343139644,0.4548366656860356,0.03332472229398098,-0.0958408679927667,0.03332472229398098,Positive Gamma,8.0,7.25,7.75,7.75,17310754.519932967,127362935.93355717,0.6180531323807659,0.31614891984430976,0.0,0.25,-0.25,True,0.03332472229398098,-0.06354947042107983,0.0010333247222940045,next,0.05599716949025651,0.8124589878618774,0.05599716949025651,0.8124589878618774,0.05599716949025651,0.027998584745128254,low_expiry_influence,13.0,0.06447898263625446,-0.756461818371621,front_month_dominant,rule_estimate,False,False,next_month,,unavailable,unavailable,insufficient_valid_contracts,20.0,0.0,0.0,,,,bs_spot_repricing_constant_iv,,,,,,,,,,,,,,,,,,,,,,,7.785,7.741,7.794,7.711,-5.4999999999999995e-05,2036141924.0,0.0,0.17037156177302634,0.09032666862792879,0.09032666862792879,0.05565133908018863,0.03211661279186354,0.0014734990996439173,0.0001,0.0001,0.0001,179274626.0,124728066.0,9月,9月,,10月,3月,front_month_default,9月 DTE=13，默认使用前月,medium,13.0,189713865.5418986,17136221.466926515,104721.0,58904.0,2.0,4.0,0.0,0.0,0.0,0.0,0.0001,0.0001,1.390459947817277e-20,0.2345,0.1709,-0.06359999999999999,front_iv_inversion,0.2345,0.0001,-0.2344,front_iv_inversion,call_wall,8.0,0.03332472229398098,26867118.46441392,0.25977381835249264,1.0,0.9,0.6667527770601902,0.6019111348176502,medium
2026-09-10,ETF,,,中证500ETF南方,,,12月,2026-12-23,202612,rule_fourth_wednesday,medium,104.0,74.0,7.742,8.0,6.5,9.823,6.25,8.0,8.35,8.0,83588041.29142544,357198579.5827988,261100.0,58471.0,,220393310.43711212,136805269.1456867,1.6110001596679062,0.617005002356189,0.38299499764381106,0.03332472229398098,-0.16042366313614054,0.03332472229398098,Positive Gamma,8.0,6.25,8.0,8.0,19073992.417360395,126839225.4872411,0.3879888973290884,0.3528855264443497,0.0,-0.25,0.0,True,0.03332472229398098,-0.1927150607078274,0.03332472229398098,deferred,0.10543303909518077,0.8124589878618774,0.05599716949025651,0.8124589878618774,0.05599716949025651,0.052716519547590386,normal_expiry_structure,13.0,0.06447898263625446,-0.756461818371621,front_month_dominant,rule_estimate,False,False,other_month,7.3409025136906285,available,medium,,54.0,48.0,0.8888888888888888,7.320491111111112,7.350598888888889,7.419968710707818e-16,bs_spot_repricing_constant_iv,,,,,,,,,,,,,,,,,,,,,,,7.785,7.741,7.794,7.711,-5.4999999999999995e-05,2036141924.0,0.4181886621271422,0.02080291296797605,0.23401000471237787,0.23401000471237787,0.03409415662349923,0.009358328047019715,-0.002590176402452136,0.3130166163141994,0.2054,0.33630000000000004,806206480.0,384592203.0,9月,9月,,10月,3月,front_month_default,9月 DTE=13，默认使用前月,medium,13.0,357198579.58279884,83588041.29142544,261100.0,58471.0,3.0,4.0,-0.13090000000000004,0.16540000000000005,0.0345,0.09995000000000004,0.0001,0.5992000000000001,0.14494654352100378,0.2345,0.13269999999999998,-0.1018,front_iv_inversion,0.2345,0.0001,-0.2344,front_iv_inversion,call_wall,8.0,0.03332472229398098,20078057.135825917,0.09110102795772046,0.6666666666666666,0.7777777777777778,0.6667527770601902,0.4243417124733361,low
2026-09-10,ETF,,,中证500ETF南方,,,3月,2027-03-24,202703,rule_fourth_wednesday,medium,195.0,139.0,7.742,7.75,7.75,6.25,6.25,7.75,6.5,7.75,32324586.453334842,88461283.30195324,65425.0,3354.0,,60392934.87764404,28068348.4243092,2.151638349527521,0.6827047112972479,0.31729528870275214,0.0010333247222940045,0.0010333247222940045,0.0010333247222940045,Positive Gamma,8.0,7.75,8.0,8.0,7296658.676881531,26543905.21078924,0.3215969954790575,0.342448635490928,0.25,0.0,0.25,True,0.03332472229398098,0.0010333247222940045,0.03332472229398098,far,0.02611080355268533,0.8124589878618774,0.05599716949025651,0.8124589878618774,0.05599716949025651,0.013055401776342665,low_expiry_influence,13.0,0.06447898263625446,-0.756461818371621,front_month_dominant,rule_estimate,False,False,far_month,7.057211874197278,available,medium,,26.0,21.0,0.8076923076923077,7.049521111111112,7.079628888888889,5.84101706692065e-16,bs_spot_repricing_constant_iv,,,,,,,,,,,,,,,,,,,,,,,7.785,7.741,7.794,7.711,-5.4999999999999995e-05,2036141924.0,0.503768538229698,0.27572311243818115,0.36540942259449566,0.36540942259449566,0.028913373656753578,0.004177787795663393,0.0017089298442423447,0.34281616832779627,0.1794,0.3521,423589068.0,181692809.0,9月,9月,,10月,3月,front_month_default,9月 DTE=13，默认使用前月,medium,13.0,88461283.30195323,32324586.45333484,65425.0,3354.0,4.0,4.0,-0.17270000000000002,0.21940000000000004,0.04670000000000002,0.13305000000000006,0.0001,0.4836,0.16500304705811206,0.2345,,,put_skew_elevated,0.2345,0.0001,-0.2344,front_iv_inversion,call_wall,7.75,0.0010333247222940045,9409990.12153088,0.15581276420156595,0.8461538461538461,0.6923076923076923,0.98966675277706,0.533950372191879,medium
2026-09-10,ETF,,,中证500ETF南方,,,9月,2026-09-23,202609,rule_fourth_wednesday,medium,13.0,9.0,7.742,7.75,7.75,8.0,7.75,7.75,8.35,7.75,76916957.63774437,2752545112.2731233,1003110.0,850229.0,,1414731034.955434,1337814077.3176894,1.0574945046115547,0.5139719703947422,0.48602802960525787,0.0010333247222940045,0.0010333247222940045,0.0010333247222940045,Positive Gamma,8.0,7.75,7.75,7.75,34435119.62728292,2110269837.9452498,0.4814921365646581,0.61193925012646,0.25,0.0,0.0,True,0.03332472229398098,0.0010333247222940045,0.0010333247222940045,near,0.8124589878618774,0.8124589878618774,0.05599716949025651,0.8124589878618774,0.05599716949025651,0.8124589878618774,front_month_concentrated,13.0,0.06447898263625446,-0.756461818371621,front_month_dominant,rule_estimate,True,False,primary_analysis,7.7258517365647315,available,medium,,58.0,50.0,0.8620689655172413,7.711892222222223,7.742000000000001,1.598455317135929e-14,bs_spot_repricing_constant_iv,,,,,,,,,,,,,,,,,,,,,,,7.785,7.741,7.794,7.711,-5.4999999999999995e-05,2036141924.0,0.24107513406625597,-0.1391760145923508,0.027943940789484166,0.027943940789484166,0.02691029636313774,0.06726504026689582,-0.001289323333683981,0.2592552742616034,0.23370000000000002,0.2962,1072234531.0,425949273.0,9月,9月,,10月,3月,front_month_default,9月 DTE=13，默认使用前月,medium,13.0,2752545112.2731237,76916957.63774432,1003110.0,850229.0,1.0,4.0,-0.0625,0.06170000000000003,-0.0007999999999999674,0.030450000000000033,0.0001,0.8634000000000001,0.1893042719952307,0.2345,0.0001,-0.2344,front_iv_inversion,0.2345,0.0001,-0.2344,front_iv_inversion,call_wall,7.75,0.0010333247222940045,411306876.9061384,0.29073150071885934,1.0,1.0,0.98966675277706,0.6792791882400457,medium
2026-09-10,ETF,,,中证500ETF嘉实,,,10月,2026-10-28,202610,rule_fourth_wednesday,medium,48.0,34.0,3.139,3.2,2.9,3.4,2.9,3.2,3.4,3.1,2242264.78577277,24389203.32140391,23807.0,10362.0,,13315734.053588336,11073469.26781557,1.202489818822163,0.5459683892955404,0.45403161070445947,0.01943294042688759,-0.0761388977381331,-0.012424338961452563,Positive Gamma,3.2,3.1,3.1,3.1,899831.0266692297,12477472.259310214,0.522288381192395,0.26394690031461715,0.0,0.20000000000000018,0.0,True,0.01943294042688759,-0.012424338961452563,-0.012424338961452563,next,0.08099290058586085,0.6633006786812795,0.08099290058586085,0.6633006786812795,0.08099290058586085,0.040496450292930426,low_expiry_influence,13.0,0.10881848620219126,-0.5823077780954187,front_month_dominant,rule_estimate,False,False,next_month,3.081459425611236,available,medium,,20.0,18.0,0.9,3.0709,3.0825675,9.030008606556063e-17,bs_spot_repricing_constant_iv,,,,,,,,,,,,,,,,,,,,,,,3.154,3.138,3.16,3.127,-4.7999999999999994e-05,303662111.15,0.38438205246426743,0.017007355132409207,0.09193677859108107,0.09193677859108107,0.04463096809347652,0.01798808546832482,-0.0010041779631758758,0.25183277777777774,0.21030000000000001,0.3071,18598297.0,12340057.0,9月,9月,,10月,3月,front_month_default,9月 DTE=13，默认使用前月,medium,13.0,24389203.32140391,2242264.7857727697,23807.0,10362.0,2.0,4.0,-0.09679999999999997,0.11649999999999999,0.019700000000000023,0.0681,0.0001,0.41950000000000004,0.1076277874509132,0.2427,0.16399999999999998,-0.07870000000000002,front_iv_inversion,0.2427,0.1906,-0.05210000000000001,front_iv_inversion,call_wall,3.2,0.01943294042688759,2945461.32625322,0.22120157359702405,0.8,0.6,0.8056705957311241,0.5103912974783295,medium
2026-09-10,ETF,,,中证500ETF嘉实,,,12月,2026-12-23,202612,rule_fourth_wednesday,medium,104.0,74.0,3.139,4.1,3.0,4.1,2.8,3.1,3.0,3.1,25644655.644229636,59574954.92564346,107886.0,50463.0,,42609805.284936555,16965149.640706908,2.5116079838574934,0.7152301724460991,0.2847698275539009,0.30614845492194953,-0.04428161834979283,-0.012424338961452563,Positive Gamma,4.1,3.1,3.1,4.1,7816991.575536283,18006821.31026962,0.33510247694969647,0.41352200835860686,0.0,0.10000000000000009,0.0,True,0.30614845492194953,-0.012424338961452563,-0.012424338961452563,deferred,0.19783952506005978,0.6633006786812795,0.08099290058586085,0.6633006786812795,0.08099290058586085,0.09891976253002989,normal_expiry_structure,13.0,0.10881848620219126,-0.5823077780954187,front_month_dominant,rule_estimate,False,False,other_month,2.773315954970163,available,medium,,34.0,30.0,0.8823529411764706,2.7633816666666666,2.7754658333333335,1.872993641472355e-13,bs_spot_repricing_constant_iv,,,,,,,,,,,,,,,,,,,,,,,3.154,3.138,3.16,3.127,-4.7999999999999994e-05,303662111.15,0.3749529881156255,0.24080562279679568,0.43046034489219803,0.43046034489219803,0.03897281280789068,0.010083471324439094,0.0025943879225797982,0.32564082397003746,0.212,0.33409999999999995,112275037.0,59704935.0,9月,9月,,10月,3月,front_month_default,9月 DTE=13，默认使用前月,medium,13.0,59574954.92564346,25644655.644229636,107886.0,50463.0,3.0,4.0,-0.12209999999999996,0.17009999999999997,0.048000000000000015,0.10904999999999998,0.0001,0.5752,0.15764123204040142,0.2427,0.1233,-0.11939999999999999,front_iv_inversion,0.2427,0.1906,-0.05210000000000001,front_iv_inversion,call_wall,4.1,0.30614845492194953,6270554.951190001,0.14716225313066078,1.0,1.0,0.0,0.4662230139087974,medium
2026-09-10,ETF,,,中证500ETF嘉实,,,3月,2027-03-24,202703,rule_fourth_wednesday,medium,195.0,139.0,3.139,3.1,3.1,3.1,2.8,3.1,3.1,3.1,5670391.43534383,17425323.379377306,27759.0,4328.0,,11547857.40736057,5877465.97201674,1.9647680586057301,0.6627054864891255,0.3372945135108747,-0.012424338961452563,-0.012424338961452563,-0.012424338961452563,Positive Gamma,3.1,3.1,3.1,3.1,1117576.517213314,5179980.961976814,0.3355409620645594,0.4293330033450202,0.0,0.0,0.0,True,-0.012424338961452563,-0.012424338961452563,-0.012424338961452563,far,0.05786689567279983,0.6633006786812795,0.08099290058586085,0.6633006786812795,0.08099290058586085,0.028933447836399916,low_expiry_influence,13.0,0.10881848620219126,-0.5823077780954187,front_month_dominant,rule_estimate,False,False,far_month,2.7948232698646054,available,medium,,26.0,21.0,0.8076923076923077,2.78755,2.799634166666667,1.0013478186592948e-13,bs_spot_repricing_constant_iv,,,,,,,,,,,,,,,,,,,,,,,3.154,3.138,3.16,3.127,-4.7999999999999994e-05,303662111.15,0.4819374169658251,0.14401901519140267,0.32541097297825067,0.32541097297825067,0.03323575068241452,0.003868444393783417,-0.0012594273488940023,0.34797049180327866,0.18600000000000003,0.35369999999999996,66939153.0,39583353.0,9月,9月,,10月,3月,front_month_default,9月 DTE=13，默认使用前月,medium,13.0,17425323.37937731,5670391.43534383,27759.0,4328.0,4.0,4.0,-0.16769999999999993,0.23039999999999994,0.06270000000000002,0.14654999999999996,0.0001,0.47350000000000003,0.1631862714813964,0.2427,,,put_skew_elevated,0.2427,0.1906,-0.05210000000000001,front_iv_inversion,call_wall,3.1,-0.012424338961452563,2912295.0477672196,0.25219354076115724,1.0,0.8333333333333334,0.8757566103854744,0.619850584900342,medium
2026-09-10,ETF,,,中证500ETF嘉实,,,9月,2026-09-23,202609,rule_fourth_wednesday,medium,13.0,9.0,3.139,3.2,3.1,4.1,2.8,3.2,3.3,3.2,18002451.308723632,199738186.90976796,222951.0,69664.0,,108870319.10924578,90867867.80052215,1.1981168012904577,0.5450651214653717,0.4549348785346282,0.01943294042688759,-0.012424338961452563,0.01943294042688759,Positive Gamma,3.2,3.1,3.2,3.2,8403552.247442104,106547252.22748293,0.38881301931694057,0.6066438810877083,0.0,0.0,0.0,True,0.01943294042688759,-0.012424338961452563,0.01943294042688759,near,0.6633006786812795,0.6633006786812795,0.08099290058586085,0.6633006786812795,0.08099290058586085,0.6633006786812795,front_month_concentrated,13.0,0.10881848620219126,-0.5823077780954187,front_month_dominant,rule_estimate,True,False,primary_analysis,3.113606408452353,available,medium,,34.0,29.0,0.8529411764705882,3.1017383333333335,3.1138225000000004,7.767382551640132e-16,bs_spot_repricing_constant_iv,,,,,,,,,,,,,,,,,,,,,,,3.154,3.138,3.16,3.127,-4.7999999999999994e-05,303662111.15,0.2072073169246507,-0.07180255125229942,0.09013024293074354,0.09013024293074354,0.025315738245488793,0.0821449981781687,-0.0012230470313500056,0.26205638297872347,0.2437,0.298,83576508.0,26539230.0,9月,9月,,10月,3月,front_month_default,9月 DTE=13，默认使用前月,medium,13.0,199738186.90976796,18002451.308723632,222951.0,69664.0,1.0,4.0,-0.05429999999999999,0.05529999999999999,0.0010000000000000009,0.02814999999999998,0.0001,0.8001999999999999,0.19124356589785235,0.2427,0.1906,-0.05210000000000001,front_iv_inversion,0.2427,0.1906,-0.05210000000000001,front_iv_inversion,call_wall,3.2,0.01943294042688759,33923387.964998,0.3115944569883884,0.9411764705882353,1.0,0.8056705957311241,0.6463622126515023,medium
2026-09-10,ETF,,,创业板ETF易方达,,,10月,2026-10-28,202610,rule_fourth_wednesday,medium,48.0,34.0,3.358,3.4,3.4,3.7,3.1,3.4,3.8,3.4,7325799.110038432,132451423.2210031,153578.0,82300.0,,69888611.16552077,62562812.05548233,1.1170951060118868,0.5276546636188836,0.4723453363811165,0.012507444907683185,0.012507444907683185,0.012507444907683185,Positive Gamma,3.7,3.4,3.4,3.4,10984554.048233148,87038793.40602958,0.5846965551103315,0.20959979570974221,0.30000000000000027,0.0,0.0,True,0.1018463371054199,0.012507444907683185,0.012507444907683185,next,0.08580766374307326,0.8194213404943983,0.08580766374307326,0.8194213404943983,0.08580766374307326,0.04290383187153663,low_expiry_influence,13.0,0.09479111179756572,-0.733613676751325,front_month_dominant,rule_estimate,False,False,next_month,3.316296286702976,available,medium,,22.0,22.0,1.0,3.308433333333334,3.321326666666667,3.0122165693356004e-16,bs_spot_repricing_constant_iv,,,,,,,,,,,,,,,,,,,,,,,3.373,3.345,3.387,3.325,-4.4000000000000006e-05,3730622908.868,0.17180610946055938,-0.061702653650553385,0.055309327237767006,0.055309327237767006,0.036624009503982535,0.017232092714960987,-0.002178949972833682,0.3527231958762887,0.3106,0.3712,163875722.0,119634802.0,9月,9月,,10月,3月,front_month_default,9月 DTE=13，默认使用前月,medium,13.0,132451423.2210031,7325799.110038434,153578.0,82300.0,2.0,4.0,-0.06059999999999999,0.06799999999999995,0.007399999999999962,0.037699999999999956,0.2576,0.40090000000000003,0.04348740002620254,0.3148,0.2894,-0.025400000000000034,front_iv_inversion,0.3148,0.3032,-0.0116,put_skew_elevated,call_wall,3.4,0.012507444907683185,14296960.945329001,0.204567821665089,1.0,1.0,0.8749255509231681,0.6232943523877653,medium
2026-09-10,ETF,,,创业板ETF易方达,,,12月,2026-12-23,202612,rule_fourth_wednesday,medium,104.0,74.0,3.358,3.5,2.95,4.8,2.95,2.95,4.2,3.3,19614461.94109392,131577331.6352561,283018.0,81029.0,,75595896.78817502,55981434.84708108,1.3503744052769067,0.5745358706447511,0.42546412935524885,0.04228707564026202,-0.121500893388922,-0.01727218582489587,Positive Gamma,4.8,3.0,3.5,3.0,7840822.800537553,53432702.82068576,0.4076907667329152,0.3188414953276194,1.2999999999999998,0.04999999999999982,0.20000000000000018,True,0.42942227516378795,-0.10661107802263259,0.04228707564026202,deferred,0.08524139004780854,0.8194213404943983,0.08580766374307326,0.8194213404943983,0.08580766374307326,0.04262069502390427,low_expiry_influence,13.0,0.09479111179756572,-0.733613676751325,front_month_dominant,rule_estimate,False,False,other_month,3.21624413638015,available,medium,,40.0,40.0,1.0,3.2052866666666673,3.2181800000000003,4.664296534303212e-16,bs_spot_repricing_constant_iv,,,,,,,,,,,,,,,,,,,,,,,3.373,3.345,3.387,3.325,-4.4000000000000006e-05,3730622908.868,0.241476804207703,-0.08914419151381643,0.14907174128950218,0.14907174128950218,0.034246848801426685,0.00892957826724359,-0.004522393798008623,0.35282891986062714,0.3146,0.3998,398146442.0,261275721.0,9月,9月,,10月,3月,front_month_default,9月 DTE=13，默认使用前月,medium,13.0,131577331.6352561,19614461.941093925,283018.0,81029.0,3.0,4.0,-0.0852,0.1104,0.0252,0.06779999999999997,0.2159,0.6206,0.10354851702562007,0.3148,0.26780000000000004,-0.046999999999999986,front_iv_inversion,0.3148,0.3032,-0.0116,put_skew_elevated,call_wall,3.5,0.04228707564026202,8407174.554992162,0.11121204869822038,0.75,0.65,0.5771292435973798,0.42161480845380617,low
2026-09-10,ETF,,,创业板ETF易方达,,,3月,2027-03-24,202703,rule_fourth_wednesday,medium,195.0,139.0,3.358,4.0,2.95,4.0,2.95,2.95,3.9,3.4,2514823.7394384407,14709756.501808202,30590.0,3888.0,,8612290.12062332,6097466.381184881,1.4124374916110238,0.5854814877163094,0.4145185122836906,0.19118522930315662,-0.121500893388922,0.012507444907683185,Positive Gamma,3.5,2.95,3.5,3.5,472547.7629430557,5384351.253454633,0.3731393699204829,0.358686586193529,-0.5,0.0,0.10000000000000009,True,0.04228707564026202,-0.121500893388922,0.04228707564026202,far,0.009529605714719813,0.8194213404943983,0.08580766374307326,0.8194213404943983,0.08580766374307326,0.004764802857359906,low_expiry_influence,13.0,0.09479111179756572,-0.733613676751325,front_month_dominant,rule_estimate,False,False,far_month,2.9581697434863603,available,medium,,28.0,28.0,1.0,2.9474200000000006,2.9603133333333336,4.340427994827859e-18,bs_spot_repricing_constant_iv,,,,,,,,,,,,,,,,,,,,,,,3.373,3.345,3.387,3.325,-4.4000000000000006e-05,3730622908.868,0.2819416980289596,0.08429138213280413,0.17096297543261876,0.17096297543261876,0.038048537497793904,0.0037199996038236173,-0.003593337735310492,0.391925,0.2987,0.4092,69829228.0,62093555.0,9月,9月,,10月,3月,front_month_default,9月 DTE=13，默认使用前月,medium,13.0,14709756.501808202,2514823.7394384407,30590.0,3888.0,4.0,4.0,-0.11049999999999999,0.14139999999999997,0.030899999999999983,0.08614999999999995,0.2101,0.49079999999999996,0.08919964261916212,0.3148,,,put_skew_elevated,0.3148,0.3032,-0.0116,put_skew_elevated,call_wall,4.0,0.19118522930315662,1313289.2653774403,0.15249013293602215,0.8571428571428571,0.6428571428571429,0.0,0.3793348455354957,low
2026-09-10,ETF,,,创业板ETF易方达,,,9月,2026-09-23,202609,rule_fourth_wednesday,medium,13.0,9.0,3.358,3.5,3.3,3.6,2.85,3.4,3.7,3.4,70770793.62446104,1264846495.4263074,1313273.0,962225.0,,667808644.5253843,597037850.9009233,1.1185365274876102,0.5279760405236401,0.47202395947635994,0.04228707564026202,-0.01727218582489587,0.012507444907683185,Positive Gamma,3.5,3.3,3.4,3.4,57871175.21892335,875052032.1454855,0.45486893282353175,0.674940768027192,0.0,0.0,0.0,True,0.04228707564026202,-0.01727218582489587,0.012507444907683185,near,0.8194213404943983,0.8194213404943983,0.08580766374307326,0.8194213404943983,0.08580766374307326,0.8194213404943983,front_month_concentrated,13.0,0.09479111179756572,-0.733613676751325,front_month_dominant,rule_estimate,True,False,primary_analysis,3.33498798229208,available,medium,,44.0,39.0,0.8863636363636364,3.331882222222222,3.3449411111111114,6.323715532888847e-15,bs_spot_repricing_constant_iv,,,,,,,,,,,,,,,,,,,,,,,3.373,3.345,3.387,3.325,-4.4000000000000006e-05,3730622908.868,0.13886391999092382,-0.1551264266089026,0.05595208104728023,0.05595208104728023,0.0202034998986803,0.0726077257042892,-0.0011130599318195653,0.33702058823529407,0.3215,0.36829999999999996,846740569.0,294502600.0,9月,9月,,10月,3月,front_month_default,9月 DTE=13，默认使用前月,medium,13.0,1264846495.4263074,70770793.62446102,1313273.0,962225.0,1.0,4.0,-0.04679999999999995,0.053499999999999936,0.006699999999999984,0.03009999999999996,0.0001,0.7898999999999999,0.18201414884714232,0.3148,0.3032,-0.0116,put_skew_elevated,0.3148,0.3032,-0.0116,put_skew_elevated,call_wall,3.5,0.04228707564026202,170036478.71000618,0.25461856491967416,0.9545454545454546,0.9090909090909091,0.5771292435973798,0.5761477407534603,medium
2026-09-10,ETF,,,沪深300ETF华泰柏瑞,,,10月,2026-10-28,202610,rule_fourth_wednesday,medium,48.0,34.0,4.617,4.7,4.6,4.9,4.6,4.7,4.8,4.6,66294427.4278353,294038932.16669166,137041.0,61399.0,,180166679.7972635,113872252.36942819,1.5821824548860306,0.6127306968150953,0.3872693031849049,0.017977041368854252,-0.0036820446177172617,-0.0036820446177172617,Positive Gamma,4.7,4.6,4.6,4.6,19626869.676661156,176890049.31527632,0.5768702165397316,0.3604971333157215,0.0,0.0,0.0,True,0.017977041368854252,-0.0036820446177172617,-0.0036820446177172617,next,0.11351053448074942,0.7612096467605446,0.11351053448074942,0.7612096467605446,0.11351053448074942,0.05675526724037471,normal_expiry_structure,13.0,0.12976782394533232,-0.6476991122797952,front_month_dominant,rule_estimate,False,False,next_month,,unavailable,unavailable,call_put_side_incomplete,20.0,6.0,0.3,,,,bs_spot_repricing_constant_iv,,,,,,,,,,,,,,,,,,,,,,,4.637,4.617,4.64,4.599,-4.3e-05,2026289592.0,-2.1559703489928204,-0.035826408104901876,0.22546139363019038,0.22546139363019038,0.07334686237524123,0.020294757078795758,-0.0026060083648236994,0.06461127819548872,0.1394,0.0001,97074132.0,68756822.0,9月,9月,,10月,3月,front_month_default,9月 DTE=13，默认使用前月,medium,13.0,294038932.16669166,66294427.427835315,137041.0,61399.0,2.0,4.0,0.1393,-0.12580000000000002,0.013499999999999984,-0.05615000000000002,0.0001,0.1493,0.06331441571113251,0.1561,0.11220000000000001,-0.04389999999999998,front_iv_inversion,0.1561,0.1259,-0.030199999999999977,front_iv_inversion,call_wall,4.7,0.017977041368854252,49377022.13293146,0.2740630075910487,0.9,0.9,0.8202295863114575,0.6063627913626906,medium
2026-09-10,ETF,,,沪深300ETF华泰柏瑞,,,12月,2026-12-23,202612,rule_fourth_wednesday,medium,104.0,74.0,4.617,5.0,4.3,6.0,4.2,5.0,4.8,4.8,83257898.51400192,277942198.50793254,220093.0,120502.0,,180600048.51096725,97342149.99696533,1.8553118922953469,0.6497755629784762,0.35022443702152395,0.08295429932856835,-0.06865930257743125,0.03963612735542554,Positive Gamma,5.0,4.2,4.8,5.0,39709071.98903043,138145826.98980778,0.4883410854546483,0.4163185894516571,0.0,-0.09999999999999964,0.0,True,0.08295429932856835,-0.09031838856400254,0.03963612735542554,deferred,0.10729656537286206,0.7612096467605446,0.11351053448074942,0.7612096467605446,0.11351053448074942,0.05364828268643103,normal_expiry_structure,13.0,0.12976782394533232,-0.6476991122797952,front_month_dominant,rule_estimate,False,False,other_month,4.408913054159368,available,medium,,26.0,23.0,0.8846153846153846,4.4003075,4.417435,1.499014582609499e-13,bs_spot_repricing_constant_iv,,,,,,,,,,,,,,,,,,,,,,,4.637,4.617,4.64,4.599,-4.3e-05,2026289592.0,0.3733467915510102,0.0032390459250673737,0.29955112595695216,0.29955112595695216,0.04877882308324657,0.008994491585580047,-0.0029229122375257813,0.22284910941475827,0.1505,0.23370000000000002,305537056.0,154230952.0,9月,9月,,10月,3月,front_month_default,9月 DTE=13，默认使用前月,medium,13.0,277942198.5079326,83257898.51400192,220093.0,120502.0,3.0,4.0,-0.08320000000000002,0.12150000000000001,0.03829999999999999,0.07989999999999998,0.0001,0.5085999999999999,0.1283330112816472,0.1561,0.083,-0.07309999999999998,front_iv_inversion,0.1561,0.1259,-0.030199999999999977,front_iv_inversion,call_wall,5.0,0.08295429932856835,35233866.88275501,0.1950933411881967,0.9230769230769231,0.3076923076923077,0.17045700671431652,0.39028363146491296,low
2026-09-10,ETF,,,沪深300ETF华泰柏瑞,,,3月,2027-03-24,202703,rule_fourth_wednesday,medium,195.0,139.0,4.617,4.7,4.2,5.5,4.2,4.7,4.7,4.7,19524386.0522178,46584016.59938742,36411.0,2813.0,,33054201.32580261,13529815.273584811,2.4430637564088995,0.7095609983583354,0.29043900164166453,0.017977041368854252,-0.09031838856400254,0.017977041368854252,Positive Gamma,4.7,4.7,4.7,4.7,9586141.536272872,20281732.798042905,0.4448589609923651,0.367404587626953,0.0,0.5,0.0,True,0.017977041368854252,0.017977041368854252,0.017977041368854252,far,0.017983253385843855,0.7612096467605446,0.11351053448074942,0.7612096467605446,0.11351053448074942,0.008991626692921927,low_expiry_influence,13.0,0.12976782394533232,-0.6476991122797952,front_month_dominant,rule_estimate,False,False,far_month,4.266671281280198,available,medium,,22.0,19.0,0.8636363636363636,4.263287500000001,4.2804150000000005,6.463211636723814e-13,bs_spot_repricing_constant_iv,,,,,,,,,,,,,,,,,,,,,,,4.637,4.617,4.64,4.599,-4.3e-05,2026289592.0,0.4788903832267093,0.23014429010584767,0.4191219967166711,0.4191219967166711,0.05688011156254322,0.004000426490806583,0.005649558568771453,0.24890873605947955,0.1273,0.2465,71943143.0,48188612.0,9月,9月,,10月,3月,front_month_default,9月 DTE=13，默认使用前月,medium,13.0,46584016.59938742,19524386.0522178,36411.0,2813.0,4.0,4.0,-0.1192,0.16349999999999998,0.04429999999999999,0.1039,0.0001,0.3906,0.11818168894431827,0.1561,,,put_skew_elevated,0.1561,0.1259,-0.030199999999999977,front_iv_inversion,call_wall,4.7,0.017977041368854252,8339365.8537570005,0.25229367279393816,1.0,0.8181818181818182,0.8202295863114575,0.6092938634312636,medium
2026-09-10,ETF,,,沪深300ETF华泰柏瑞,,,9月,2026-09-23,202609,rule_fourth_wednesday,medium,13.0,9.0,4.617,4.7,4.6,4.7,4.6,4.7,4.7,4.6,280905644.8258793,1971845808.95806,750058.0,371386.0,,1126375726.8919697,845470082.0660906,1.3322478829048863,0.5712291101945522,0.42877088980544786,0.017977041368854252,-0.0036820446177172617,-0.0036820446177172617,Positive Gamma,4.7,4.6,4.6,4.6,113839035.69638698,1313118187.2763934,0.45860156901434274,0.7026270555396633,0.0,0.0,0.0,True,0.017977041368854252,-0.0036820446177172617,-0.0036820446177172617,near,0.7612096467605446,0.7612096467605446,0.11351053448074942,0.7612096467605446,0.11351053448074942,0.7612096467605446,front_month_concentrated,13.0,0.12976782394533232,-0.6476991122797952,front_month_dominant,rule_estimate,True,False,primary_analysis,4.565273910387703,available,medium,,30.0,26.0,0.8666666666666667,4.563135000000001,4.5810900000000006,1.1165395446051133e-15,bs_spot_repricing_constant_iv,,,,,,,,,,,,,,,,,,,,,,,4.637,4.617,4.64,4.599,-4.3e-05,2026289592.0,0.25652647635650466,-0.0772819897057727,0.14245822038910447,0.14245822038910447,0.032621041008436796,0.069811500722063,-0.0010420072767335657,0.16996296296296298,0.1517,0.1953,408433808.0,121772615.0,9月,9月,,10月,3月,front_month_default,9月 DTE=13，默认使用前月,medium,13.0,1971845808.95806,280905644.82587934,750058.0,371386.0,1.0,4.0,-0.0436,0.03920000000000001,-0.004399999999999987,0.0174,0.0001,0.7422,0.1776699615294748,0.1561,0.1259,-0.030199999999999977,front_iv_inversion,0.1561,0.1259,-0.030199999999999977,front_iv_inversion,call_wall,4.7,0.017977041368854252,427527609.86959976,0.37956038971941003,1.0,0.9333333333333333,0.8202295863114575,0.6838366133204532,medium
2026-09-10,ETF,,,沪深300ETF嘉实,,,10月,2026-10-28,202610,rule_fourth_wednesday,medium,48.0,34.0,4.822,5.0,4.6,5.25,4.6,4.9,5.0,4.9,9242560.666178802,37132359.45100105,18775.0,4384.0,,23187460.058589924,13944899.39241112,1.6627914914329642,0.62445426041907,0.3755457395809299,0.03691414350891753,-0.046038987971796064,0.016175860638739215,Positive Gamma,4.9,4.8,4.9,4.9,3419235.9979025116,14877072.60985283,0.43224088672163674,0.33568997922066784,-0.09999999999999964,0.20000000000000018,0.0,True,0.016175860638739215,-0.004562422231439323,0.016175860638739215,next,0.10855168198285259,0.7271294306971762,0.10855168198285259,0.7271294306971762,0.10855168198285259,0.054275840991426294,normal_expiry_structure,13.0,0.1298960576418048,-0.6185777487143236,front_month_dominant,rule_estimate,False,False,next_month,4.694527852282079,available,medium,,20.0,17.0,0.85,4.69087,4.708701666666667,3.2746627925561066e-14,bs_spot_repricing_constant_iv,,,,,,,,,,,,,,,,,,,,,,,4.843,4.826,4.846,4.802,-4.3e-05,612991300.588,0.3755457201140987,0.15614202221867565,0.24890852083814013,0.24890852083814013,0.06856528130693962,0.019752187190099163,0.002946674306617513,0.16855471014492754,0.1393,0.2026,12204267.0,7880545.0,9月,9月,,10月,3月,front_month_default,9月 DTE=13，默认使用前月,medium,13.0,37132359.45100104,9242560.666178802,18775.0,4384.0,2.0,4.0,-0.0633,0.07699999999999999,0.01369999999999999,0.045349999999999974,0.0001,0.4326,0.10793100854371351,0.1548,0.1107,-0.044099999999999986,front_iv_inversion,0.1548,0.12560000000000002,-0.029199999999999976,front_iv_inversion,call_wall,5.0,0.03691414350891753,6527607.31355748,0.28151454696045036,0.8,0.4,0.6308585649108247,0.48131033086882635,medium
2026-09-10,ETF,,,沪深300ETF嘉实,,,12月,2026-12-23,202612,rule_fourth_wednesday,medium,104.0,74.0,4.822,5.25,4.4,6.25,4.4,5.25,4.8,5.0,17400216.823298484,42511565.394247994,40223.0,6404.0,,29955891.10877324,12555674.285474762,2.385844872021585,0.7046527416942968,0.29534725830570335,0.08875985068436343,-0.08751555371215258,0.03691414350891753,Positive Gamma,5.5,4.4,4.9,5.25,7110912.421118179,19908780.133088615,0.4636703964559692,0.39305606892024403,0.25,0.0,-0.09999999999999964,True,0.1406055578598091,-0.08751555371215258,0.016175860638739215,deferred,0.12427709942211185,0.7271294306971762,0.10855168198285259,0.7271294306971762,0.10855168198285259,0.062138549711055924,normal_expiry_structure,13.0,0.1298960576418048,-0.6185777487143236,front_month_dominant,rule_estimate,False,False,other_month,4.504254296737237,available,medium,,24.0,21.0,0.875,4.494721666666667,4.512553333333334,7.754535921356044e-16,bs_spot_repricing_constant_iv,,,,,,,,,,,,,,,,,,,,,,,4.843,4.826,4.846,4.802,-4.3e-05,612991300.588,0.3436989606935062,0.04973153291887011,0.40930548338859346,0.40930548338859346,0.045332535130557884,0.010572969264201548,-0.002132805249113688,0.22519707317073173,0.15460000000000002,0.23199999999999998,51301918.0,22007725.0,9月,9月,,10月,3月,front_month_default,9月 DTE=13，默认使用前月,medium,13.0,42511565.394248,17400216.82329848,40223.0,6404.0,3.0,4.0,-0.07739999999999997,0.12129999999999998,0.04390000000000001,0.08259999999999999,0.0001,0.5153,0.13444046012581398,0.1548,0.0843,-0.0705,front_iv_inversion,0.1548,0.12560000000000002,-0.029199999999999976,front_iv_inversion,call_wall,5.25,0.08875985068436343,4902179.044639761,0.163646577123658,0.8333333333333334,0.4166666666666667,0.11240149315636572,0.36133451701243435,low
2026-09-10,ETF,,,沪深300ETF嘉实,,,3月,2027-03-24,202703,rule_fourth_wednesday,medium,195.0,139.0,4.822,4.8,4.4,6.0,4.4,4.8,4.8,4.8,6119614.664746281,13697125.959954523,12413.0,561.0,,9908370.312350402,3788755.647604121,2.615204366271579,0.723390464636079,0.276609535363921,-0.004562422231439323,-0.08751555371215258,-0.004562422231439323,Positive Gamma,4.8,4.4,4.8,4.8,2627865.547354621,6318569.039356284,0.46684145090755697,0.36394900812381226,0.0,0.0,0.0,True,-0.004562422231439323,-0.08751555371215258,-0.004562422231439323,far,0.04004178789785937,0.7271294306971762,0.10855168198285259,0.7271294306971762,0.10855168198285259,0.020020893948929686,low_expiry_influence,13.0,0.1298960576418048,-0.6185777487143236,front_month_dominant,rule_estimate,False,False,far_month,4.4373521483164,available,medium,,22.0,19.0,0.8636363636363636,4.423395,4.441226666666667,6.948080080430865e-13,bs_spot_repricing_constant_iv,,,,,,,,,,,,,,,,,,,,,,,4.843,4.826,4.846,4.802,-4.3e-05,612991300.588,0.46409058922298624,0.21191105805103716,0.446780929272158,0.446780929272158,0.07700594490882963,0.0049569493037392295,0.004890641344957158,0.24671907308377897,0.133,0.2475,16727254.0,13514764.0,9月,9月,,10月,3月,front_month_default,9月 DTE=13，默认使用前月,medium,13.0,13697125.95995452,6119614.66474628,12413.0,561.0,4.0,4.0,-0.11449999999999999,0.1632,0.04870000000000001,0.10595,0.0001,0.4334,0.1273386248928831,0.1548,,,put_skew_elevated,0.1548,0.12560000000000002,-0.029199999999999976,front_iv_inversion,call_wall,4.8,-0.004562422231439323,1723377.6153856001,0.17393149035189737,0.36363636363636365,0.7272727272727273,0.9543757776856068,0.4214255373111948,low
2026-09-10,ETF,,,沪深300ETF嘉实,,,9月,2026-09-23,202609,rule_fourth_wednesday,medium,13.0,9.0,4.822,4.9,4.7,6.25,4.2,4.9,4.9,4.9,80317152.47616719,248729737.71437615,135545.0,36514.0,,164523445.09527162,84206292.61910447,1.9538141388016057,0.661454664034579,0.3385453359654208,0.016175860638739215,-0.025300705101617527,0.016175860638739215,Positive Gamma,4.9,4.8,4.9,4.9,29002434.98139963,109355054.92634061,0.3975229403949344,0.6280683770354967,0.0,0.09999999999999964,0.0,True,0.016175860638739215,-0.004562422231439323,0.016175860638739215,near,0.7271294306971762,0.7271294306971762,0.10855168198285259,0.7271294306971762,0.10855168198285259,0.7271294306971762,front_month_concentrated,13.0,0.1298960576418048,-0.6185777487143236,front_month_dominant,rule_estimate,True,False,primary_analysis,4.713809387508601,available,medium,,28.0,23.0,0.8214285714285714,4.6991950000000005,4.71786,9.043761348838007e-13,bs_spot_repricing_constant_iv,,,,,,,,,,,,,,,,,,,,,,,4.843,4.826,4.846,4.802,-4.3e-05,612991300.588,0.25871384680580584,0.1342706850443812,0.32290932806915823,0.32290932806915823,0.031697865666461725,0.08175137029652,0.0007134259398373293,0.1716181818181818,0.1536,0.198,53479973.0,14180325.0,9月,9月,,10月,3月,front_month_default,9月 DTE=13，默认使用前月,medium,13.0,248729737.71437612,80317152.47616716,135545.0,36514.0,1.0,4.0,-0.04440000000000002,0.043200000000000016,-0.0012000000000000066,0.02100000000000002,0.0001,0.7828,0.19960173998032835,0.1548,0.12560000000000002,-0.029199999999999976,front_iv_inversion,0.1548,0.12560000000000002,-0.029199999999999976,front_iv_inversion,call_wall,4.9,0.016175860638739215,60102255.827571355,0.36531119192627876,0.7857142857142857,0.9285714285714286,0.8382413936126079,0.6258405311230024,medium
2026-09-10,ETF,,,深证100ETF易方达,,,10月,2026-10-28,202610,rule_fourth_wednesday,medium,48.0,34.0,3.512,3.7,3.2,4.0,3.1,3.4,3.9,3.4,436959.8693664,5347559.77388992,5264.0,1308.0,,2892259.8216281603,2455299.95226176,1.1779659829194735,0.5408560060889742,0.45914399391102584,0.05353075170842825,-0.08883826879271062,-0.031890660592255204,Positive Gamma,3.5,3.2,3.4,3.4,-14617.350788064854,2110554.3303892617,0.3631777229763817,0.26023986092632556,-0.20000000000000018,0.0,0.0,True,-0.003416856492027387,-0.08883826879271062,-0.031890660592255204,next,0.07311593178142618,0.8061319037306452,0.07311593178142618,0.8061319037306452,0.07311593178142618,0.03655796589071309,low_expiry_influence,13.0,0.08315736340578385,-0.7330159719492191,front_month_dominant,rule_estimate,False,False,next_month,3.472317873552358,available,medium,,20.0,18.0,0.9,3.4659833333333334,3.4794066666666668,2.0604744367341584e-16,bs_spot_repricing_constant_iv,,,,,,,,,,,,,,,,,,,,,,,3.541,3.516,3.539,3.502,-8.2e-05,267891685.7,0.2202187822334283,0.07849728962427485,0.0817120121779484,0.0817120121779484,0.05909194238633089,0.02051042400300779,0.00019659646906133282,0.24929753694581283,0.2267,0.2816,3026504.0,2266116.0,9月,9月,,10月,3月,front_month_default,9月 DTE=13，默认使用前月,medium,13.0,5347559.773889921,436959.86936640006,5264.0,1308.0,2.0,4.0,-0.054900000000000004,0.07440000000000002,0.019500000000000017,0.04694999999999999,0.0001,0.3836,0.09857852814140775,0.23010000000000003,0.20129999999999998,-0.028800000000000048,front_iv_inversion,0.23010000000000003,0.2072,-0.02290000000000003,front_iv_inversion,call_wall,3.7,0.05353075170842825,561155.2021555201,0.19401963750256193,0.6,0.2,0.4646924829157175,0.33701270931351046,low
2026-09-10,ETF,,,深证100ETF易方达,,,12月,2026-12-23,202612,rule_fourth_wednesday,medium,104.0,74.0,3.512,4.6,3.4,4.6,3.4,3.7,3.8,3.4,2815052.2737971204,7832320.8158272,13512.0,6619.0,,5323686.54481216,2508634.27101504,2.1221453467021707,0.6797074162302308,0.32029258376976916,0.3097949886104783,-0.031890660592255204,-0.031890660592255204,Positive Gamma,4.6,3.4,3.4,4.6,1175367.1281347107,2212535.9126945464,0.23629754164311678,0.35811938900004264,0.0,0.0,0.0,True,0.3097949886104783,-0.031890660592255204,-0.031890660592255204,deferred,0.10708948729407025,0.8061319037306452,0.07311593178142618,0.8061319037306452,0.07311593178142618,0.053544743647035126,normal_expiry_structure,13.0,0.08315736340578385,-0.7330159719492191,front_month_dominant,rule_estimate,False,False,other_month,3.155412962235119,available,medium,,32.0,30.0,0.9375,3.1438233333333336,3.1572466666666665,1.3809482471768792e-14,bs_spot_repricing_constant_iv,,,,,,,,,,,,,,,,,,,,,,,3.541,3.516,3.539,3.502,-8.2e-05,267891685.7,0.2587598893141729,0.024308866514217098,0.35941483246046174,0.35941483246046174,0.06281440429866983,0.009555318502399652,-0.004653230346791459,0.30530234113712373,0.2332,0.3122,9630514.0,8315997.0,9月,9月,,10月,3月,front_month_default,9月 DTE=13，默认使用前月,medium,13.0,7832320.8158272,2815052.27379712,13512.0,6619.0,3.0,4.0,-0.07899999999999999,0.1109,0.03190000000000001,0.07140000000000002,0.0001,0.5183,0.12020044549324349,0.23010000000000003,0.1826,-0.047500000000000014,front_iv_inversion,0.23010000000000003,0.2072,-0.02290000000000003,front_iv_inversion,call_wall,4.6,0.3097949886104783,823033.5008806401,0.1545984148301654,1.0,1.0,0.0,0.46956928667357445,medium
2026-09-10,ETF,,,深证100ETF易方达,,,3月,2027-03-24,202703,rule_fourth_wednesday,medium,195.0,139.0,3.512,4.2,3.2,4.2,3.2,4.2,4.2,3.6,235992.01400512,999262.1469139201,1628.0,342.0,,617627.08045952,381635.0664544001,1.6183708855625236,0.6180831350081397,0.3819168649918603,0.19589977220956722,-0.08883826879271062,0.02505694760820054,Positive Gamma,4.2,3.2,3.6,4.2,99076.5470985503,267146.8469675618,0.2513411725519162,0.5878188682786721,0.0,0.0,0.0,True,0.19589977220956722,-0.08883826879271062,0.02505694760820054,far,0.013662677193858259,0.8061319037306452,0.07311593178142618,0.8061319037306452,0.07311593178142618,0.0068313385969291296,low_expiry_influence,13.0,0.08315736340578385,-0.7330159719492191,front_month_dominant,rule_estimate,False,False,far_month,3.188777322093527,available,medium,,24.0,23.0,0.9583333333333334,3.184093333333333,3.197516666666667,4.136084614072577e-16,bs_spot_repricing_constant_iv,,,,,,,,,,,,,,,,,,,,,,,3.541,3.516,3.539,3.502,-8.2e-05,267891685.7,0.44475189063534876,0.007657959745873818,0.23616627001627946,0.23616627001627946,0.18933872868597276,0.0038471062937455347,-0.022776290422567833,0.2824046454767726,0.2086,0.3342,733965.0,2459251.0,9月,9月,,10月,3月,front_month_default,9月 DTE=13，默认使用前月,medium,13.0,999262.1469139201,235992.01400511997,1628.0,342.0,4.0,4.0,-0.1256,0.15159999999999998,0.025999999999999995,0.08879999999999996,0.0001,0.40880000000000005,0.10964261897149091,0.23010000000000003,,,put_skew_elevated,0.23010000000000003,0.2072,-0.02290000000000003,front_iv_inversion,call_wall,4.2,0.19589977220956722,277319.16691584,0.44900746047196005,1.0,1.0,0.0,0.6020533572123821,medium
2026-09-10,ETF,,,深证100ETF易方达,,,9月,2026-09-23,202609,rule_fourth_wednesday,medium,13.0,9.0,3.512,3.7,3.4,4.6,3.0,3.6,3.7,3.6,6145050.6193023985,58958949.654449925,60147.0,48710.0,,32552000.136876162,26406949.517573763,1.2327058115975449,0.5521129587222777,0.4478870412777223,0.05353075170842825,-0.031890660592255204,0.02505694760820054,Positive Gamma,3.6,3.4,3.6,3.6,3304727.8054862376,30834960.841317747,0.3338134938327664,0.6362584141520294,-0.10000000000000009,0.0,0.0,True,0.02505694760820054,-0.031890660592255204,0.02505694760820054,near,0.8061319037306452,0.8061319037306452,0.07311593178142618,0.8061319037306452,0.07311593178142618,0.8061319037306452,front_month_concentrated,13.0,0.08315736340578385,-0.7330159719492191,front_month_dominant,rule_estimate,True,False,primary_analysis,3.483843786420279,available,medium,,34.0,31.0,0.9117647058823529,3.471026666666667,3.4846844444444445,2.4977167353608554e-14,bs_spot_repricing_constant_iv,,,,,,,,,,,,,,,,,,,,,,,3.541,3.516,3.539,3.502,-8.2e-05,267891685.7,0.18399675060926068,-0.10579434219885256,0.10422591744455545,0.10422591744455545,0.029955126008440188,0.07415783025429414,-0.0011755326213205618,0.2462,0.2271,0.2724,18944604.0,7114124.0,9月,9月,,10月,3月,front_month_default,9月 DTE=13，默认使用前月,medium,13.0,58958949.65444992,6145050.619302399,60147.0,48710.0,1.0,4.0,-0.04529999999999998,0.04229999999999995,-0.0030000000000000304,0.019649999999999945,0.0001,0.7897,0.1858073441136268,0.23010000000000003,0.2072,-0.02290000000000003,front_iv_inversion,0.23010000000000003,0.2072,-0.02290000000000003,front_iv_inversion,call_wall,3.7,0.05353075170842825,9763360.444197759,0.29993119940846424,0.8823529411764706,0.7647058823529411,0.4646924829157175,0.5399670298182253,medium
2026-09-10,ETF,,,科创50ETF华夏,,,10月,2026-10-28,202610,rule_fourth_wednesday,medium,48.0,34.0,1.659,1.75,1.5,2.0,1.5,1.75,1.9,1.7,5433137.555769001,54711600.20537652,219146.0,90853.0,,30072368.880572762,24639231.32480376,1.2205075914969632,0.5496525191675448,0.4503474808324553,0.05485232067510548,-0.0958408679927667,0.02471368294153109,Positive Gamma,1.75,1.65,1.7,1.7,-2064971.4363923252,28022943.20402709,0.5186066540562114,0.1770809915441834,0.0,0.1499999999999999,0.0,True,0.05485232067510548,-0.005424954792043524,0.02471368294153109,next,0.06094019198067592,0.8145404678991863,0.06094019198067592,0.8145404678991863,0.06094019198067592,0.03047009599033796,low_expiry_influence,13.0,0.06960769640421119,-0.7536002759185104,front_month_dominant,rule_estimate,False,False,next_month,,unavailable,unavailable,insufficient_valid_contracts,24.0,0.0,0.0,,,,bs_spot_repricing_constant_iv,,,,,,,,,,,,,,,,,,,,,,,1.671,1.656,1.678,1.651,-7.2e-05,3674623560.0,0.0,0.09284140227820023,0.0993050383350894,0.0993050383350894,0.03286219675311735,0.0343676663324256,-0.0013065322434328216,0.0001,0.0001,0.0001,150077429.0,98219529.0,9月,9月,,10月,3月,front_month_default,9月 DTE=13，默认使用前月,medium,13.0,54711600.20537652,5433137.555768999,219146.0,90853.0,2.0,4.0,0.0,0.0,0.0,0.0,0.0001,0.0001,1.3844012699866634e-20,0.3479,0.3307,-0.017199999999999993,normal_iv_surface,0.3479,0.0001,-0.3478,front_iv_inversion,call_wall,1.75,0.05485232067510548,4732820.370912059,0.15738102939970047,1.0,0.6666666666666666,0.4514767932489452,0.48854298221720693,medium
2026-09-10,ETF,,,科创50ETF华夏,,,12月,2026-12-23,202612,rule_fourth_wednesday,medium,104.0,74.0,1.659,2.55,1.3,2.55,1.3,1.3,2.3,1.6,9706889.31821217,98776854.70697708,547785.0,968866.0,,54241872.01259463,44534982.69438247,1.217960998993193,0.5491354444672681,0.45086455553273197,0.5370705244122964,-0.2163954189270645,-0.035563592525617804,Positive Gamma,2.55,1.3,1.6,1.3,733066.0683987113,45158678.07135773,0.4493179615526048,0.3008401107334936,0.0,0.0,0.0,True,0.5370705244122964,-0.2163954189270645,-0.035563592525617804,deferred,0.1100220148285661,0.8145404678991863,0.06094019198067592,0.8145404678991863,0.06094019198067592,0.05501100741428305,normal_expiry_structure,13.0,0.06960769640421119,-0.7536002759185104,front_month_dominant,rule_estimate,False,False,other_month,1.6111129919822913,available,medium,,52.0,50.0,0.9615384615384616,1.6073866666666667,1.6138383333333335,1.2043325551182381e-15,bs_spot_repricing_constant_iv,,,,,,,,,,,,,,,,,,,,,,,1.671,1.656,1.678,1.651,-7.2e-05,3674623560.0,0.215009482525061,-0.07957891872938595,0.09827088893453623,0.09827088893453623,0.023581929258510406,0.009807727592224801,-0.003828163816993256,0.461375,0.37329999999999997,0.4725,526734512.0,258382992.0,9月,9月,,10月,3月,front_month_default,9月 DTE=13，默认使用前月,medium,13.0,98776854.7069771,9706889.31821217,547785.0,968866.0,3.0,4.0,-0.09920000000000001,0.14179999999999998,0.04259999999999997,0.09219999999999995,0.0001,0.7648999999999999,0.150684756523068,0.3479,0.3207,-0.027200000000000002,front_iv_inversion,0.3479,0.0001,-0.3478,front_iv_inversion,call_wall,2.55,0.5370705244122964,5605010.568470881,0.10333364908883366,1.0,1.0,0.0,0.4465001420899751,low
2026-09-10,ETF,,,科创50ETF华夏,,,3月,2027-03-24,202703,rule_fourth_wednesday,medium,195.0,139.0,1.659,2.15,1.45,2.15,1.45,2.15,2.1,1.6,1699177.3448157902,13015578.711194012,66696.0,4382.0,,7357378.0280049,5658200.68318911,1.3003034780763711,0.5652747519921805,0.4347252480078193,0.29596142254370106,-0.1259795057263412,-0.035563592525617804,Positive Gamma,2.15,1.45,1.6,2.15,-279249.1235738506,5143288.296246806,0.3623177526532849,0.3117829283775983,0.0,0.0,0.0,True,0.29596142254370106,-0.1259795057263412,-0.035563592525617804,far,0.014497325291571645,0.8145404678991863,0.06094019198067592,0.8145404678991863,0.06094019198067592,0.007248662645785823,low_expiry_influence,13.0,0.06960769640421119,-0.7536002759185104,front_month_dominant,rule_estimate,False,False,far_month,1.4906898091998688,available,medium,,30.0,30.0,1.0,1.4843516666666667,1.4907525,8.724747588797575e-17,bs_spot_repricing_constant_iv,,,,,,,,,,,,,,,,,,,,,,,1.671,1.656,1.678,1.651,-7.2e-05,3674623560.0,0.22224598930481299,-0.05038273445604234,0.1305495039843613,0.1305495039843613,0.02507758218020492,0.0038733306448436294,-0.006369881515454389,0.4674999999999999,0.37079999999999996,0.4747,114961322.0,78090932.0,9月,9月,,10月,3月,front_month_default,9月 DTE=13，默认使用前月,medium,13.0,13015578.71119401,1699177.3448157902,66696.0,4382.0,4.0,4.0,-0.10390000000000005,0.15400000000000003,0.05009999999999998,0.10204999999999997,0.2697,0.5734,0.09118041412244314,0.3479,,,put_skew_elevated,0.3479,0.0001,-0.3478,front_iv_inversion,call_wall,2.15,0.29596142254370106,2189719.27734084,0.2976222329484715,1.0,0.8666666666666667,0.0,0.5139300048268122,medium
2026-09-10,ETF,,,科创50ETF华夏,,,9月,2026-09-23,202609,rule_fourth_wednesday,medium,13.0,9.0,1.659,1.7,1.7,1.75,1.1,1.7,1.8,1.7,49943958.85598237,731287693.4311608,1860293.0,949755.0,,390615826.1435717,340671867.2875892,1.146604294782641,0.5341479552470303,0.4658520447529698,0.02471368294153109,0.02471368294153109,0.02471368294153109,Positive Gamma,1.7,1.7,1.7,1.7,8571831.155908557,486909196.50208765,0.39893090053291724,0.6786772824690878,0.0,0.0,0.0,True,0.02471368294153109,0.02471368294153109,0.02471368294153109,near,0.8145404678991863,0.8145404678991863,0.06094019198067592,0.8145404678991863,0.06094019198067592,0.8145404678991863,front_month_concentrated,13.0,0.06960769640421119,-0.7536002759185104,front_month_dominant,rule_estimate,True,False,primary_analysis,1.6397968845529765,available,medium,,60.0,52.0,0.8666666666666667,1.6396450000000002,1.6460966666666668,1.2939012963663706e-17,bs_spot_repricing_constant_iv,,,,,,,,,,,,,,,,,,,,,,,1.671,1.656,1.678,1.651,-7.2e-05,3674623560.0,0.10727035490605427,-0.21512027935873748,0.06829591049406034,0.06829591049406034,0.01486153636314123,0.07356050322260485,-0.001351763854875535,0.37568627450980396,0.3629,0.4032,756416142.0,217528066.0,9月,9月,,10月,3月,front_month_default,9月 DTE=13，默认使用前月,medium,13.0,731287693.4311607,49943958.85598237,1860293.0,949755.0,1.0,4.0,-0.0403,0.055300000000000016,0.015000000000000013,0.035150000000000015,0.0001,1.2936,0.2975912990942614,0.3479,0.0001,-0.3478,front_iv_inversion,0.3479,0.0001,-0.3478,front_iv_inversion,call_wall,1.7,0.02471368294153109,98395955.833014,0.2518995628120002,1.0,1.0,0.7528631705846891,0.6262842788531034,medium
2026-09-10,ETF,,,科创50ETF易方达,,,10月,2026-10-28,202610,rule_fourth_wednesday,medium,48.0,34.0,1.609,1.7,1.45,1.95,1.45,1.65,1.95,1.65,403356.6949946901,5867437.18007495,24224.0,6345.0,,3135396.9375348194,2732040.2425401304,1.1476393680861983,0.5343724766550919,0.4656275233449081,0.05655686761963952,-0.09881914232442512,0.025481665630826544,Positive Gamma,1.7,1.5,1.65,1.7,185519.21017644147,2237741.4306041696,0.38068746586973196,0.19010508472854903,0.0,0.050000000000000044,0.0,True,0.05655686761963952,-0.06774394033561215,0.025481665630826544,next,0.035399291284555594,0.8082941003684062,0.035399291284555594,0.8082941003684062,0.035399291284555594,0.017699645642277797,low_expiry_influence,13.0,0.041957530584898144,-0.7728948090838507,front_month_dominant,rule_estimate,False,False,next_month,,unavailable,unavailable,insufficient_valid_contracts,24.0,0.0,0.0,,,,bs_spot_repricing_constant_iv,,,,,,,,,,,,,,,,,,,,,,,1.619,1.605,1.627,1.6,-6.2e-05,873872370.0,0.0,0.09242486101797837,0.06874495331018395,0.06874495331018395,0.03615230959364191,0.03400185087369091,-0.0013580651939684876,0.0001,0.0001,0.0001,14329209.0,10467489.0,9月,9月,,10月,3月,front_month_default,9月 DTE=13，默认使用前月,medium,13.0,5867437.18007495,403356.69499468995,24224.0,6345.0,2.0,4.0,0.0,0.0,0.0,0.0,0.0001,0.0001,1.3844012699866634e-20,0.35109999999999997,0.32159999999999994,-0.029500000000000026,front_iv_inversion,0.35109999999999997,0.0001,-0.351,front_iv_inversion,call_wall,1.7,0.05655686761963952,492830.51934829995,0.1571828158178224,0.8333333333333334,1.0,0.43443132380360483,0.4942302990218942,medium
2026-09-10,ETF,,,科创50ETF易方达,,,12月,2026-12-23,202612,rule_fourth_wednesday,medium,104.0,74.0,1.609,1.6,1.25,2.45,1.25,1.25,2.15,1.6,1681956.5829311805,21746127.048997957,117224.0,129448.0,,11714041.815964568,10032085.233033389,1.1676577245768285,0.538672554867849,0.46132744513215096,-0.005593536357986317,-0.2231199502796768,-0.005593536357986317,Positive Gamma,2.45,1.25,1.6,1.25,-1340980.5866799187,7169261.096078493,0.3286504780345584,0.29563432766098346,0.8500000000000001,0.0,0.0,True,0.5226848974518337,-0.2231199502796768,-0.005593536357986317,deferred,0.13119824926844786,0.8082941003684062,0.035399291284555594,0.8082941003684062,0.035399291284555594,0.06559912463422393,normal_expiry_structure,13.0,0.041957530584898144,-0.7728948090838507,front_month_dominant,rule_estimate,False,False,other_month,1.5705680681026437,available,medium,,50.0,47.0,0.94,1.5651994444444446,1.5714566666666667,3.340357355290639e-17,bs_spot_repricing_constant_iv,,,,,,,,,,,,,,,,,,,,,,,1.619,1.605,1.627,1.6,-6.2e-05,873872370.0,0.21428571428571416,-0.15125400532033303,0.07734510973569816,0.07734510973569816,0.019956239704025443,0.00912344174105014,-0.004767229230939688,0.46619999999999995,0.37920000000000004,0.47909999999999997,137395323.0,60306408.0,9月,9月,,10月,3月,front_month_default,9月 DTE=13，默认使用前月,medium,13.0,21746127.048997957,1681956.5829311805,117224.0,129448.0,3.0,4.0,-0.09989999999999993,0.15750000000000003,0.057600000000000096,0.10755000000000009,0.0001,0.7733,0.15411638921441742,0.35109999999999997,0.3069,-0.04419999999999996,front_iv_inversion,0.35109999999999997,0.0001,-0.351,front_iv_inversion,call_wall,1.6,-0.005593536357986317,1099866.9351306001,0.09389303473645094,0.84,0.76,0.9440646364201368,0.5078615610944234,medium
2026-09-10,ETF,,,科创50ETF易方达,,,3月,2027-03-24,202703,rule_fourth_wednesday,medium,195.0,139.0,1.609,1.9,1.4,2.1,1.4,1.4,2.0,1.6,543155.4664415801,4161713.8152330397,21773.0,2839.0,,2352434.64083731,1809279.1743957298,1.300205448737885,0.5652562250260312,0.4347437749739688,0.18085767557489119,-0.1298943443132381,-0.005593536357986317,Positive Gamma,1.9,1.4,1.6,1.4,105348.7015941209,1194358.968045452,0.311820595970317,0.3310659011586829,0.0,0.0,0.0,True,0.18085767557489119,-0.1298943443132381,-0.005593536357986317,far,0.02510835907859037,0.8082941003684062,0.035399291284555594,0.8082941003684062,0.035399291284555594,0.012554179539295185,low_expiry_influence,13.0,0.041957530584898144,-0.7728948090838507,front_month_dominant,rule_estimate,False,False,far_month,1.4554986193337296,available,medium,,30.0,30.0,1.0,1.4552208333333332,1.461455,7.755387301470524e-17,bs_spot_repricing_constant_iv,,,,,,,,,,,,,,,,,,,,,,,1.619,1.605,1.627,1.6,-6.2e-05,873872370.0,0.30454740192178226,-0.044874352569263705,0.13051245005206236,0.13051245005206236,0.02698064893252212,0.0038885677287886136,-0.006318467130847969,0.40847500000000003,0.3608,0.4852,33879578.0,24764388.0,9月,9月,,10月,3月,front_month_default,9月 DTE=13，默认使用前月,medium,13.0,4161713.8152330397,543155.4664415799,21773.0,2839.0,4.0,4.0,-0.12440000000000001,0.17830000000000001,0.0539,0.11610000000000004,0.2245,0.5984,0.10624797393605794,0.35109999999999997,,,put_skew_elevated,0.35109999999999997,0.0001,-0.351,front_iv_inversion,call_wall,1.9,0.18085767557489119,368251.4945235,0.15654058486080913,0.8666666666666667,0.6666666666666666,0.0,0.38710992985403075,low
2026-09-10,ETF,,,科创50ETF易方达,,,9月,2026-09-23,202609,rule_fourth_wednesday,medium,13.0,9.0,1.609,1.65,1.65,1.7,1.1,1.65,1.75,1.65,16237886.130817572,133974853.30464742,392418.0,97722.0,,75106369.7177325,58868483.58691493,1.2758332666552137,0.5606004997590631,0.43939950024093705,0.025481665630826544,0.025481665630826544,0.025481665630826544,Positive Gamma,1.65,1.65,1.65,1.65,5941282.247078684,66336940.29700278,0.32213399309393304,0.6750360902404248,0.0,0.0,0.0,True,0.025481665630826544,0.025481665630826544,0.025481665630826544,near,0.8082941003684062,0.8082941003684062,0.035399291284555594,0.8082941003684062,0.035399291284555594,0.8082941003684062,front_month_concentrated,13.0,0.041957530584898144,-0.7728948090838507,front_month_dominant,rule_estimate,True,False,primary_analysis,1.5786519098675171,available,medium,,56.0,47.0,0.8392857142857143,1.5777138888888889,1.5839711111111112,9.397061027744191e-14,bs_spot_repricing_constant_iv,,,,,,,,,,,,,,,,,,,,,,,1.619,1.605,1.627,1.6,-6.2e-05,873872370.0,0.12755716004813483,-0.20786712223353623,0.121200999518126,0.121200999518126,0.014140277966394377,0.0772088531150236,-0.0012656718546572628,0.37395,0.35979999999999995,0.4075,143037075.0,38401218.0,9月,9月,,10月,3月,front_month_default,9月 DTE=13，默认使用前月,medium,13.0,133974853.30464742,16237886.13081757,392418.0,97722.0,1.0,4.0,-0.04770000000000002,0.056400000000000006,0.008699999999999986,0.03254999999999997,0.0001,1.1337000000000002,0.2682302528043407,0.35109999999999997,0.0001,-0.351,front_iv_inversion,0.35109999999999997,0.0001,-0.351,front_iv_inversion,call_wall,1.65,0.025481665630826544,20727832.543964915,0.27597968883152,1.0,1.0,0.7451833436917346,0.6359683615279442,medium
2026-09-10,COMMODITY,COMMODITY,AP,AP,AP,CZCE,2611,,,,,,,7531.0,,,8000.0,7000.0,,,8000.0,,,24084.0,21268.0,8487480.0,,,,,,,,0.06227592617182309,,,,,,,,,,,,,,,,,,,,,,,,,,,,,,False,False,other_month,,,,,,,,,,,,AP611,7531.0,12188.0,23421.0,301.0,920559640.0,-5.7e-05,8000.0,8000.0,0.06227592617182309,-0.07050856459965471,0.06227592617182309,0.06227592617182309,13605.0,10479.0,0.12979571499750872,1000.0,0.1327844907714779,call_oi_wall,8000.0,0.06227592617182309,below_price_wall,,,,,,,,,,,,,,,,,,,,,,,,,,,,,,,,,,,,,,,,,,,,,,,,,,,,,,,,,,
2026-09-10,COMMODITY,COMMODITY,AP,AP,AP,CZCE,2612,,,,,,,7546.0,,,8000.0,6900.0,,,7400.0,,,449.0,14.0,17905.0,,,,,,,,-0.01934799893983563,,,,,,,,,,,,,,,,,,,,,,,,,,,,,,False,False,other_month,,,,,,,,,,,,AP612,7546.0,9019.0,13602.0,71.0,682557920.0,-5.7999999999999994e-05,7400.0,7400.0,0.06016432547044781,-0.0856082692817387,-0.01934799893983563,-0.01934799893983563,346.0,103.0,0.5412026726057907,1100.0,0.1457725947521866,price_wall,7400.0,-0.01934799893983563,above_price_wall,,,,,,,,,,,,,,,,,,,,,,,,,,,,,,,,,,,,,,,,,,,,,,,,,,,,,,,,,,
2026-09-10,COMMODITY,COMMODITY,AP,AP,AP,CZCE,2701,,,,,,,7520.0,,,8800.0,7300.0,,,8000.0,,,15937.0,3054.0,3751255.0,,,,,,,,0.06382978723404253,,,,,,,,,,,,,,,,,,,,,,,,,,,,,,False,False,other_month,,,,,,,,,,,,AP701,7520.0,62005.0,108658.0,-7153.0,4675797100.0,-4.6e-05,8000.0,8000.0,0.17021276595744683,-0.0292553191489362,0.06382978723404253,0.06382978723404253,11531.0,4406.0,0.44707284934429314,1500.0,0.19946808510638298,put_oi_wall,7300.0,-0.0292553191489362,below_price_wall,,,,,,,,,,,,,,,,,,,,,,,,,,,,,,,,,,,,,,,,,,,,,,,,,,,,,,,,,,
2026-09-10,COMMODITY,COMMODITY,AP,AP,AP,CZCE,2703,,,,,,,7485.0,,,7600.0,7500.0,,,8500.0,,,92.0,1.0,905.0,,,,,,,,0.13560454241816977,,,,,,,,,,,,,,,,,,,,,,,,,,,,,,False,False,other_month,,,,,,,,,,,,AP703,7485.0,8628.0,13591.0,500.0,649429560.0,-5.3e-05,8500.0,8500.0,0.015364061456245803,0.002004008016031955,0.13560454241816977,0.13560454241816977,58.0,34.0,0.2608695652173913,100.0,0.013360053440213761,put_oi_wall,7500.0,0.002004008016031955,below_price_wall,,,,,,,,,,,,,,,,,,,,,,,,,,,,,,,,,,,,,,,,,,,,,,,,,,,,,,,,,,
2026-09-10,COMMODITY,COMMODITY,CF,CF,CF,CZCE,2611,,,,,,,16295.0,,,17000.0,16000.0,,,17000.0,,,181956.0,166693.0,94184150.0,,,,,,,,0.043264805154955566,,,,,,,,,,,,,,,,,,,,,,,,,,,,,,False,False,other_month,,,,,,,,,,,,CF611,16295.0,100385.0,260203.0,-3345.0,8211493000.0,-0.000136,16000.0,16400.0,0.043264805154955566,-0.018103712795335958,-0.018103712795335958,0.006443694384780541,112945.0,69011.0,0.24145397788476336,1000.0,0.0613685179502915,amount_wall,16400.0,0.006443694384780541,below_price_wall,,,,,,,,,,,,,,,,,,,,,,,,,,,,,,,,,,,,,,,,,,,,,,,,,,,,,,,,,,
2026-09-10,COMMODITY,COMMODITY,CF,CF,CF,CZCE,2701,,,,,,,16545.0,,,17000.0,16000.0,,,17000.0,,,229978.0,92672.0,107148340.0,,,,,,,,0.02750075551526132,,,,,,,,,,,,,,,,,,,,,,,,,,,,,,False,False,other_month,,,,,,,,,,,,CF701,16545.0,404948.0,526281.0,-6204.0,33600561000.0,-0.000114,16000.0,16600.0,0.02750075551526132,-0.03294046539740103,-0.03294046539740103,0.0033242671501965138,110742.0,119236.0,-0.036933967596900576,1000.0,0.060441220912662436,amount_wall,16600.0,0.0033242671501965138,below_price_wall,,,,,,,,,,,,,,,,,,,,,,,,,,,,,,,,,,,,,,,,,,,,,,,,,,,,,,,,,,
2026-09-10,COMMODITY,COMMODITY,CF,CF,CF,CZCE,2703,,,,,,,16455.0,,,16000.0,16600.0,,,16000.0,,,23585.0,9904.0,16659580.0,,,,,,,,-0.027651169857186297,,,,,,,,,,,,,,,,,,,,,,,,,,,,,,False,False,other_month,,,,,,,,,,,,CF703,16455.0,62372.0,67641.0,-452.0,5148808600.0,-0.000126,14800.0,17200.0,-0.027651169857186297,0.00881191127316927,-0.10057733211789732,0.04527499240352473,10136.0,13449.0,-0.14047063811744753,-600.0,-0.03646308113035551,put_oi_wall,16600.0,0.00881191127316927,above_price_wall,,,,,,,,,,,,,,,,,,,,,,,,,,,,,,,,,,,,,,,,,,,,,,,,,,,,,,,,,,
2026-09-10,COMMODITY,COMMODITY,CF,CF,CF,CZCE,2705,,,,,,,16390.0,,,18600.0,14400.0,,,14400.0,,,3233.0,948.0,1678905.0,,,,,,,,-0.12141549725442347,,,,,,,,,,,,,,,,,,,,,,,,,,,,,,False,False,other_month,,,,,,,,,,,,CF705,16390.0,17268.0,58659.0,4503.0,1420293000.0,-0.000103,16000.0,16000.0,0.13483831604636975,-0.12141549725442347,-0.02379499694935938,-0.02379499694935938,1454.0,1779.0,-0.10052582740488711,4200.0,0.25625381330079317,volume_wall,16000.0,-0.02379499694935938,above_price_wall,,,,,,,,,,,,,,,,,,,,,,,,,,,,,,,,,,,,,,,,,,,,,,,,,,,,,,,,,,
2026-09-10,COMMODITY,COMMODITY,CJ,CJ,CJ,CZCE,2612,,,,,,,7540.0,,,9000.0,7000.0,,,9000.0,,,32092.0,14173.0,8226100.0,,,,,,,,0.19363395225464197,,,,,,,,,,,,,,,,,,,,,,,,,,,,,,False,False,other_month,,,,,,,,,,,,CJ612,7540.0,32631.0,28962.0,2286.0,1247320000.0,-0.000258,7000.0,7600.0,0.19363395225464197,-0.07161803713527848,-0.07161803713527848,0.007957559681697646,23093.0,8999.0,0.4391748722423034,2000.0,0.26525198938992045,amount_wall,7600.0,0.007957559681697646,below_price_wall,,,,,,,,,,,,,,,,,,,,,,,,,,,,,,,,,,,,,,,,,,,,,,,,,,,,,,,,,,
2026-09-10,COMMODITY,COMMODITY,CJ,CJ,CJ,CZCE,2701,,,,,,,7720.0,,,9000.0,8000.0,,,9000.0,,,63353.0,16987.0,16735865.0,,,,,,,,0.16580310880829008,,,,,,,,,,,,,,,,,,,,,,,,,,,,,,False,False,other_month,,,,,,,,,,,,CJ701,7720.0,166313.0,221250.0,19804.0,6502838300.0,-0.000234,9000.0,8000.0,0.16580310880829008,0.03626943005181338,0.16580310880829008,0.03626943005181338,47372.0,15981.0,0.4954935046485565,1000.0,0.12953367875647667,put_oi_wall,8000.0,0.03626943005181338,below_price_wall,,,,,,,,,,,,,,,,,,,,,,,,,,,,,,,,,,,,,,,,,,,,,,,,,,,,,,,,,,
2026-09-10,COMMODITY,COMMODITY,CJ,CJ,CJ,CZCE,2703,,,,,,,7780.0,,,8500.0,7000.0,,,9300.0,,,457.0,7.0,2890.0,,,,,,,,0.19537275064267345,,,,,,,,,,,,,,,,,,,,,,,,,,,,,,False,False,other_month,,,,,,,,,,,,CJ703,7780.0,24399.0,21537.0,1790.0,961930600.0,-0.00025100000000000003,9300.0,9300.0,0.09254498714652959,-0.10025706940874035,0.19537275064267345,0.19537275064267345,295.0,162.0,0.2910284463894967,1500.0,0.1928020565552699,call_oi_wall,8500.0,0.09254498714652959,below_price_wall,,,,,,,,,,,,,,,,,,,,,,,,,,,,,,,,,,,,,,,,,,,,,,,,,,,,,,,,,,
2026-09-10,COMMODITY,COMMODITY,CJ,CJ,CJ,CZCE,2705,,,,,,,7895.0,,,9000.0,7100.0,,,9000.0,,,5366.0,426.0,531140.0,,,,,,,,0.1399620012666245,,,,,,,,,,,,,,,,,,,,,,,,,,,,,,False,False,other_month,,,,,,,,,,,,CJ705,7895.0,12048.0,38927.0,2461.0,480715200.0,-0.000223,7500.0,7500.0,0.1399620012666245,-0.10069664344521845,-0.05003166561114625,-0.05003166561114625,4243.0,1123.0,0.5814386880357808,1900.0,0.24065864471184295,volume_wall,7500.0,-0.05003166561114625,below_price_wall,,,,,,,,,,,,,,,,,,,,,,,,,,,,,,,,,,,,,,,,,,,,,,,,,,,,,,,,,,
2026-09-10,COMMODITY,COMMODITY,FG,FG,FG,CZCE,2610,,,,,,,941.0,,,1000.0,920.0,,,950.0,,,394472.0,477944.0,48663770.0,,,,,,,,0.009564293304994642,,,,,,,,,,,,,,,,,,,,,,,,,,,,,,False,False,other_month,,,,,,,,,,,,FG610,941.0,41294.0,43285.0,-1999.0,776327200.0,-5.3e-05,940.0,940.0,0.06269925611052063,-0.022316684378320906,-0.0010626992561104665,-0.0010626992561104665,256663.0,137809.0,0.30129895150986635,80.0,0.08501594048884166,volume_wall,940.0,-0.0010626992561104665,below_price_wall,,,,,,,,,,,,,,,,,,,,,,,,,,,,,,,,,,,,,,,,,,,,,,,,,,,,,,,,,,
2026-09-10,COMMODITY,COMMODITY,FG,FG,FG,CZCE,2611,,,,,,,930.0,,,1000.0,900.0,,,940.0,,,145562.0,74068.0,20139500.0,,,,,,,,0.010752688172043001,,,,,,,,,,,,,,,,,,,,,,,,,,,,,,False,False,other_month,,,,,,,,,,,,FG611,930.0,249724.0,319042.0,-12182.0,4644866400.0,-6.4e-05,940.0,940.0,0.07526881720430101,-0.032258064516129004,0.010752688172043001,0.010752688172043001,109239.0,36323.0,0.500927439853808,100.0,0.10752688172043011,price_wall,940.0,0.010752688172043001,below_price_wall,,,,,,,,,,,,,,,,,,,,,,,,,,,,,,,,,,,,,,,,,,,,,,,,,,,,,,,,,,
2026-09-10,COMMODITY,COMMODITY,FG,FG,FG,CZCE,2612,,,,,,,975.0,,,1200.0,1120.0,,,890.0,,,1557.0,500.0,704160.0,,,,,,,,-0.0871794871794872,,,,,,,,,,,,,,,,,,,,,,,,,,,,,,False,False,other_month,,,,,,,,,,,,FG612,975.0,157437.0,100410.0,-10640.0,3063724000.0,-5.1000000000000006e-05,890.0,890.0,0.23076923076923084,0.14871794871794863,-0.0871794871794872,-0.0871794871794872,969.0,588.0,0.24470134874759153,80.0,0.08205128205128205,price_wall,890.0,-0.0871794871794872,above_price_wall,,,,,,,,,,,,,,,,,,,,,,,,,,,,,,,,,,,,,,,,,,,,,,,,,,,,,,,,,,
2026-09-10,COMMODITY,COMMODITY,FG,FG,FG,CZCE,2701,,,,,,,964.0,,,1480.0,980.0,,,1000.0,,,261864.0,56995.0,28839190.0,,,,,,,,0.03734439834024905,,,,,,,,,,,,,,,,,,,,,,,,,,,,,,False,False,other_month,,,,,,,,,,,,FG701,964.0,1380559.0,1196197.0,-15114.0,26561955000.0,-6.2e-05,1000.0,1000.0,0.5352697095435686,0.016597510373443924,0.03734439834024905,0.03734439834024905,164658.0,97206.0,0.25758408945101274,500.0,0.5186721991701245,put_oi_wall,980.0,0.016597510373443924,below_price_wall,,,,,,,,,,,,,,,,,,,,,,,,,,,,,,,,,,,,,,,,,,,,,,,,,,,,,,,,,,
2026-09-10,COMMODITY,COMMODITY,FG,FG,FG,CZCE,2702,,,,,,,1001.0,,,930.0,1100.0,,,890.0,,,194.0,196.0,447210.0,,,,,,,,-0.11088911088911091,,,,,,,,,,,,,,,,,,,,,,,,,,,,,,False,False,other_month,,,,,,,,,,,,FG702,1001.0,42677.0,87413.0,1669.0,852686460.0,-6e-05,890.0,890.0,-0.07092907092907097,0.098901098901099,-0.11088911088911091,-0.11088911088911091,146.0,48.0,0.5051546391752577,-170.0,-0.16983016983016982,call_oi_wall,930.0,-0.07092907092907097,above_price_wall,,,,,,,,,,,,,,,,,,,,,,,,,,,,,,,,,,,,,,,,,,,,,,,,,,,,,,,,,,
2026-09-10,COMMODITY,COMMODITY,FG,FG,FG,CZCE,2703,,,,,,,997.0,,,940.0,1240.0,,,1200.0,,,1112.0,167.0,735160.0,,,,,,,,0.20361083249749257,,,,,,,,,,,,,,,,,,,,,,,,,,,,,,False,False,other_month,,,,,,,,,,,,FG703,997.0,68704.0,126097.0,3233.0,1368583700.0,-6e-05,1200.0,1200.0,-0.0571715145436309,0.24373119358074224,0.20361083249749257,0.20361083249749257,498.0,614.0,-0.10431654676258993,-300.0,-0.30090270812437314,call_oi_wall,940.0,-0.0571715145436309,below_price_wall,,,,,,,,,,,,,,,,,,,,,,,,,,,,,,,,,,,,,,,,,,,,,,,,,,,,,,,,,,
2026-09-10,COMMODITY,COMMODITY,FG,FG,FG,CZCE,2705,,,,,,,1037.0,,,1280.0,1280.0,,,1280.0,,,1608.0,53.0,197030.0,,,,,,,,0.2343297974927676,,,,,,,,,,,,,,,,,,,,,,,,,,,,,,False,False,other_month,,,,,,,,,,,,FG705,1037.0,18116.0,69825.0,822.0,374638880.0,-4.7999999999999994e-05,1260.0,1260.0,0.2343297974927676,0.2343297974927676,0.2150433944069432,0.2150433944069432,1114.0,494.0,0.3855721393034826,0.0,0.0,volume_wall,1260.0,0.2150433944069432,below_price_wall,,,,,,,,,,,,,,,,,,,,,,,,,,,,,,,,,,,,,,,,,,,,,,,,,,,,,,,,,,
2026-09-10,COMMODITY,COMMODITY,MA,MA,MA,CZCE,2610,,,,,,,3430.0,,,3750.0,3200.0,,,3300.0,,,1275950.0,5147203.0,1378644680.0,,,,,,,,-0.03790087463556846,,,,,,,,,,,,,,,,,,,,,,,,,,,,,,False,False,other_month,,,,,,,,,,,,MA610,3430.0,3804381.0,538818.0,-39832.0,132202240000.0,8.2e-05,3500.0,3500.0,0.09329446064139946,-0.06705539358600587,0.020408163265306145,0.020408163265306145,398670.0,877280.0,-0.3751009052078843,550.0,0.16034985422740525,volume_wall,3500.0,0.020408163265306145,above_price_wall,,,,,,,,,,,,,,,,,,,,,,,,,,,,,,,,,,,,,,,,,,,,,,,,,,,,,,,,,,
2026-09-10,COMMODITY,COMMODITY,MA,MA,MA,CZCE,2611,,,,,,,3261.0,,,3400.0,2500.0,,,3400.0,,,276830.0,408546.0,436162320.0,,,,,,,,0.04262496166819996,,,,,,,,,,,,,,,,,,,,,,,,,,,,,,False,False,other_month,,,,,,,,,,,,MA611,3261.0,1040222.0,337521.0,12580.0,34389739000.0,0.000245,3400.0,3400.0,0.04262496166819996,-0.23336399877338243,0.04262496166819996,0.04262496166819996,76747.0,200083.0,-0.44552974749846475,900.0,0.27598896044158233,call_oi_wall,3400.0,0.04262496166819996,below_price_wall,,,,,,,,,,,,,,,,,,,,,,,,,,,,,,,,,,,,,,,,,,,,,,,,,,,,,,,,,,
2026-09-10,COMMODITY,COMMODITY,MA,MA,MA,CZCE,2612,,,,,,,3146.0,,,3000.0,3000.0,,,3000.0,,,7856.0,1315.0,1806960.0,,,,,,,,-0.04640813731722826,,,,,,,,,,,,,,,,,,,,,,,,,,,,,,False,False,other_month,,,,,,,,,,,,MA612,3146.0,154290.0,171246.0,-1326.0,4881735600.0,0.000271,3000.0,3000.0,-0.04640813731722826,-0.04640813731722826,-0.04640813731722826,-0.04640813731722826,2831.0,5025.0,-0.27927698574338083,0.0,0.0,call_oi_wall,3000.0,-0.04640813731722826,above_price_wall,,,,,,,,,,,,,,,,,,,,,,,,,,,,,,,,,,,,,,,,,,,,,,,,,,,,,,,,,,
2026-09-10,COMMODITY,COMMODITY,MA,MA,MA,CZCE,2701,,,,,,,3043.0,,,3000.0,2500.0,,,2500.0,,,87519.0,81056.0,117195105.0,,,,,,,,-0.17844232665133097,,,,,,,,,,,,,,,,,,,,,,,,,,,,,,False,False,other_month,,,,,,,,,,,,MA701,3043.0,733035.0,556634.0,6982.0,22394045000.0,0.000211,3300.0,3300.0,-0.014130791981597057,-0.17844232665133097,0.08445612882024323,0.08445612882024323,32913.0,54606.0,-0.24786617763000035,500.0,0.1643115346697338,call_oi_wall,3000.0,-0.014130791981597057,above_price_wall,,,,,,,,,,,,,,,,,,,,,,,,,,,,,,,,,,,,,,,,,,,,,,,,,,,,,,,,,,
2026-09-10,COMMODITY,COMMODITY,MA,MA,MA,CZCE,2702,,,,,,,2950.0,,,3150.0,2550.0,,,3150.0,,,1550.0,197.0,260495.0,,,,,,,,0.06779661016949157,,,,,,,,,,,,,,,,,,,,,,,,,,,,,,False,False,other_month,,,,,,,,,,,,MA702,2950.0,40636.0,96858.0,7141.0,1199168360.0,0.00016199999999999998,3200.0,3200.0,0.06779661016949157,-0.13559322033898302,0.0847457627118644,0.0847457627118644,864.0,686.0,0.11483870967741935,600.0,0.2033898305084746,call_oi_wall,3150.0,0.06779661016949157,below_price_wall,,,,,,,,,,,,,,,,,,,,,,,,,,,,,,,,,,,,,,,,,,,,,,,,,,,,,,,,,,
2026-09-10,COMMODITY,COMMODITY,MA,MA,MA,CZCE,2703,,,,,,,2868.0,,,3000.0,2400.0,,,3050.0,,,2694.0,316.0,233340.0,,,,,,,,0.06345885634588555,,,,,,,,,,,,,,,,,,,,,,,,,,,,,,False,False,other_month,,,,,,,,,,,,MA703,2868.0,42005.0,150846.0,-47.0,1206803650.0,7.400000000000001e-05,2300.0,3050.0,0.046025104602510414,-0.16317991631799167,-0.19804741980474194,0.06345885634588555,1074.0,1620.0,-0.2026726057906459,600.0,0.20920502092050208,call_oi_wall,3000.0,0.046025104602510414,below_price_wall,,,,,,,,,,,,,,,,,,,,,,,,,,,,,,,,,,,,,,,,,,,,,,,,,,,,,,,,,,
2026-09-10,COMMODITY,COMMODITY,MA,MA,MA,CZCE,2705,,,,,,,2755.0,,,2850.0,2400.0,,,2850.0,,,2303.0,332.0,364540.0,,,,,,,,0.034482758620689724,,,,,,,,,,,,,,,,,,,,,,,,,,,,,,False,False,other_month,,,,,,,,,,,,MA705,2755.0,26853.0,62717.0,-1316.0,743559570.0,4e-06,2400.0,2400.0,0.034482758620689724,-0.12885662431941924,-0.12885662431941924,-0.12885662431941924,1202.0,1101.0,0.04385584020842379,450.0,0.16333938294010888,call_oi_wall,2850.0,0.034482758620689724,below_price_wall,,,,,,,,,,,,,,,,,,,,,,,,,,,,,,,,,,,,,,,,,,,,,,,,,,,,,,,,,,
2026-09-10,COMMODITY,COMMODITY,OI,OI,OI,CZCE,2611,,,,,,,10271.0,,,11400.0,10000.0,,,11400.0,,,56808.0,74732.0,59165510.0,,,,,,,,0.10992113718235808,,,,,,,,,,,,,,,,,,,,,,,,,,,,,,False,False,other_month,,,,,,,,,,,,OI611,10271.0,159312.0,210760.0,-21366.0,16482420000.0,-0.000177,11000.0,11000.0,0.10992113718235808,-0.026384967383896396,0.07097653587771391,0.07097653587771391,29917.0,26891.0,0.05326714547246866,1400.0,0.1363061045662545,put_oi_wall,10000.0,-0.026384967383896396,below_price_wall,,,,,,,,,,,,,,,,,,,,,,,,,,,,,,,,,,,,,,,,,,,,,,,,,,,,,,,,,,
2026-09-10,COMMODITY,COMMODITY,OI,OI,OI,CZCE,2701,,,,,,,10168.0,,,10400.0,9800.0,,,9800.0,,,30001.0,14278.0,25462590.0,,,,,,,,-0.03619197482297398,,,,,,,,,,,,,,,,,,,,,,,,,,,,,,False,False,other_month,,,,,,,,,,,,OI701,10168.0,350495.0,292237.0,-33065.0,35918728000.0,-0.00021600000000000002,11400.0,11200.0,0.02281667977970092,-0.03619197482297398,0.12116443745082606,0.10149488591660116,10974.0,19027.0,-0.26842438585380485,600.0,0.059008654602675056,call_oi_wall,10400.0,0.02281667977970092,above_price_wall,,,,,,,,,,,,,,,,,,,,,,,,,,,,,,,,,,,,,,,,,,,,,,,,,,,,,,,,,,
2026-09-10,COMMODITY,COMMODITY,OI,OI,OI,CZCE,2703,,,,,,,10060.0,,,11000.0,9100.0,,,11000.0,,,5493.0,2732.0,6992280.0,,,,,,,,0.09343936381709739,,,,,,,,,,,,,,,,,,,,,,,,,,,,,,False,False,other_month,,,,,,,,,,,,OI703,10060.0,36853.0,48432.0,-244.0,3731734800.0,-0.000212,11000.0,11000.0,0.09343936381709739,-0.09542743538767395,0.09343936381709739,0.09343936381709739,1983.0,3510.0,-0.27799016930639,1900.0,0.18886679920477137,call_oi_wall,11000.0,0.09343936381709739,below_price_wall,,,,,,,,,,,,,,,,,,,,,,,,,,,,,,,,,,,,,,,,,,,,,,,,,,,,,,,,,,
2026-09-10,COMMODITY,COMMODITY,OI,OI,OI,CZCE,2705,,,,,,,10020.0,,,11200.0,8600.0,,,8900.0,,,804.0,22.0,27730.0,,,,,,,,-0.11177644710578838,,,,,,,,,,,,,,,,,,,,,,,,,,,,,,False,False,other_month,,,,,,,,,,,,OI705,10020.0,28055.0,46831.0,1896.0,2834677200.0,-0.000222,8900.0,8900.0,0.11776447105788423,-0.14171656686626743,-0.11177644710578838,-0.11177644710578838,334.0,470.0,-0.1691542288557214,2600.0,0.25948103792415167,price_wall,8900.0,-0.11177644710578838,above_price_wall,,,,,,,,,,,,,,,,,,,,,,,,,,,,,,,,,,,,,,,,,,,,,,,,,,,,,,,,,,
2026-09-10,COMMODITY,COMMODITY,PF,PF,PF,CZCE,2610,,,,,,,8310.0,,,8900.0,7300.0,,,8900.0,,,6547.0,8181.0,2420789.0,,,,,,,,0.07099879663056563,,,,,,,,,,,,,,,,,,,,,,,,,,,,,,False,False,other_month,,,,,,,,,,,,PF610,8310.0,112238.0,56960.0,-4476.0,4685936500.0,0.000211,8900.0,8200.0,0.07099879663056563,-0.12154031287605294,0.07099879663056563,-0.013237063778580027,2976.0,3571.0,-0.0908813196884069,1600.0,0.19253910950661854,amount_wall,8200.0,-0.013237063778580027,below_price_wall,,,,,,,,,,,,,,,,,,,,,,,,,,,,,,,,,,,,,,,,,,,,,,,,,,,,,,,,,,
2026-09-10,COMMODITY,COMMODITY,PF,PF,PF,CZCE,2611,,,,,,,8222.0,,,8100.0,6900.0,,,8400.0,,,2450.0,476.0,543011.0,,,,,,,,0.021649233763074704,,,,,,,,,,,,,,,,,,,,,,,,,,,,,,False,False,other_month,,,,,,,,,,,,PF611,8222.0,270730.0,216543.0,1679.0,11183856500.0,0.00019099999999999998,8400.0,8400.0,-0.014838238871320852,-0.16078812940890297,0.021649233763074704,0.021649233763074704,1156.0,1294.0,-0.0563265306122449,1200.0,0.1459498905375821,call_oi_wall,8100.0,-0.014838238871320852,below_price_wall,,,,,,,,,,,,,,,,,,,,,,,,,,,,,,,,,,,,,,,,,,,,,,,,,,,,,,,,,,
2026-09-10,COMMODITY,COMMODITY,PF,PF,PF,CZCE,2612,,,,,,,8106.0,,,8800.0,8100.0,,,8100.0,,,1292.0,1556.0,1973680.0,,,,,,,,-0.0007401924500369805,,,,,,,,,,,,,,,,,,,,,,,,,,,,,,False,False,other_month,,,,,,,,,,,,PF612,8106.0,56758.0,47556.0,2264.0,2309483000.0,0.00014800000000000002,8800.0,7800.0,0.08561559338761415,-0.0007401924500369805,0.08561559338761415,-0.03774981495188745,767.0,525.0,0.1873065015479876,700.0,0.08635578583765112,put_oi_wall,8100.0,-0.0007401924500369805,near_price_wall,,,,,,,,,,,,,,,,,,,,,,,,,,,,,,,,,,,,,,,,,,,,,,,,,,,,,,,,,,
2026-09-10,COMMODITY,COMMODITY,PF,PF,PF,CZCE,2701,,,,,,,8028.0,,,8200.0,7500.0,,,8600.0,,,124.0,11.0,16636.0,,,,,,,,0.0712506228201295,,,,,,,,,,,,,,,,,,,,,,,,,,,,,,False,False,other_month,,,,,,,,,,,,PF701,8028.0,24222.0,28040.0,2306.0,976631050.0,0.000131,8600.0,8600.0,0.021425012456402603,-0.06576980568011959,0.0712506228201295,0.0712506228201295,64.0,60.0,0.03225806451612903,700.0,0.08719481813652218,call_oi_wall,8200.0,0.021425012456402603,below_price_wall,,,,,,,,,,,,,,,,,,,,,,,,,,,,,,,,,,,,,,,,,,,,,,,,,,,,,,,,,,
2026-09-10,COMMODITY,COMMODITY,PK,PK,PK,CZCE,2610,,,,,,,7852.0,,,8500.0,7900.0,,,7900.0,,,111877.0,84399.0,10140201.0,,,,,,,,0.006113092205807469,,,,,,,,,,,,,,,,,,,,,,,,,,,,,,False,False,other_month,,,,,,,,,,,,PK610,7852.0,13837.0,25316.0,-2110.0,546561500.0,-0.00020899999999999998,7900.0,7900.0,0.08252674477840038,0.006113092205807469,0.006113092205807469,0.006113092205807469,76101.0,35776.0,0.360440483745542,600.0,0.07641365257259297,put_oi_wall,7900.0,0.006113092205807469,below_price_wall,,,,,,,,,,,,,,,,,,,,,,,,,,,,,,,,,,,,,,,,,,,,,,,,,,,,,,,,,,
2026-09-10,COMMODITY,COMMODITY,PK,PK,PK,CZCE,2611,,,,,,,7898.0,,,8300.0,7400.0,,,8300.0,,,71478.0,54014.0,24164643.0,,,,,,,,0.05089896176247155,,,,,,,,,,,,,,,,,,,,,,,,,,,,,,False,False,other_month,,,,,,,,,,,,PK611,7898.0,273035.0,226082.0,20086.0,10855871500.0,-0.00023300000000000003,8300.0,8000.0,0.05089896176247155,-0.0630539377057483,0.05089896176247155,0.012914661939731564,44059.0,27419.0,0.23279890315901397,900.0,0.1139528994682198,amount_wall,8000.0,0.012914661939731564,below_price_wall,,,,,,,,,,,,,,,,,,,,,,,,,,,,,,,,,,,,,,,,,,,,,,,,,,,,,,,,,,
2026-09-10,COMMODITY,COMMODITY,PK,PK,PK,CZCE,2612,,,,,,,7948.0,,,9000.0,7400.0,,,7800.0,,,26608.0,14151.0,8334963.0,,,,,,,,-0.01862103673880222,,,,,,,,,,,,,,,,,,,,,,,,,,,,,,False,False,other_month,,,,,,,,,,,,PK612,7948.0,139924.0,82442.0,13713.0,5596960000.0,-0.00025299999999999997,7800.0,7800.0,0.13236034222445903,-0.06894816305988927,-0.01862103673880222,-0.01862103673880222,16262.0,10346.0,0.22233914612146724,1600.0,0.20130850528434827,price_wall,7800.0,-0.01862103673880222,above_price_wall,,,,,,,,,,,,,,,,,,,,,,,,,,,,,,,,,,,,,,,,,,,,,,,,,,,,,,,,,,
2026-09-10,COMMODITY,COMMODITY,PK,PK,PK,CZCE,2701,,,,,,,8046.0,,,9400.0,7800.0,,,7800.0,,,2318.0,795.0,273715.0,,,,,,,,-0.030574198359433313,,,,,,,,,,,,,,,,,,,,,,,,,,,,,,False,False,other_month,,,,,,,,,,,,PK701,8046.0,19844.0,25311.0,9707.0,802689800.0,-0.00021600000000000002,7800.0,7800.0,0.16828237633606768,-0.030574198359433313,-0.030574198359433313,-0.030574198359433313,683.0,1635.0,-0.41069887834339946,1600.0,0.19885657469550086,put_oi_wall,7800.0,-0.030574198359433313,above_price_wall,,,,,,,,,,,,,,,,,,,,,,,,,,,,,,,,,,,,,,,,,,,,,,,,,,,,,,,,,,
2026-09-10,COMMODITY,COMMODITY,PL,PL,PL,CZCE,2610,,,,,,,9494.0,,,8500.0,7400.0,,,9000.0,,,2772.0,696.0,1680160.0,,,,,,,,-0.05203286286075415,,,,,,,,,,,,,,,,,,,,,,,,,,,,,,False,False,other_month,,,,,,,,,,,,PL610,9494.0,5915.0,3274.0,-205.0,1122667000.0,0.000371,10000.0,9000.0,-0.10469770381293453,-0.2205603539077312,0.0532968190436065,-0.05203286286075415,1293.0,1479.0,-0.0670995670995671,1100.0,0.11586265009479671,price_wall,9000.0,-0.05203286286075415,above_price_wall,,,,,,,,,,,,,,,,,,,,,,,,,,,,,,,,,,,,,,,,,,,,,,,,,,,,,,,,,,
2026-09-10,COMMODITY,COMMODITY,PL,PL,PL,CZCE,2611,,,,,,,9176.0,,,9400.0,7500.0,,,9100.0,,,171.0,54.0,198210.0,,,,,,,,-0.008282476024411456,,,,,,,,,,,,,,,,,,,,,,,,,,,,,,False,False,other_month,,,,,,,,,,,,PL611,9176.0,70487.0,24972.0,-395.0,13000622200.0,0.00030900000000000003,7500.0,9100.0,0.02441150828247607,-0.18265039232781166,-0.18265039232781166,-0.008282476024411456,62.0,109.0,-0.27485380116959063,1900.0,0.2070619006102877,price_wall,9100.0,-0.008282476024411456,above_price_wall,,,,,,,,,,,,,,,,,,,,,,,,,,,,,,,,,,,,,,,,,,,,,,,,,,,,,,,,,,
2026-09-10,COMMODITY,COMMODITY,PL,PL,PL,CZCE,2612,,,,,,,8783.0,,,8900.0,6700.0,,,8900.0,,,13.0,0.0,0.0,,,,,,,,0.013321188659911165,,,,,,,,,,,,,,,,,,,,,,,,,,,,,,False,False,other_month,,,,,,,,,,,,PL612,8783.0,12121.0,11454.0,-23.0,2130387000.0,0.000327,6700.0,6700.0,0.013321188659911165,-0.23716270067175227,-0.23716270067175227,-0.23716270067175227,13.0,0.0,1.0,2200.0,0.25048388933166343,call_oi_wall,8900.0,0.013321188659911165,below_price_wall,,,,,,,,,,,,,,,,,,,,,,,,,,,,,,,,,,,,,,,,,,,,,,,,,,,,,,,,,,
2026-09-10,COMMODITY,COMMODITY,PR,PR,PR,CZCE,2610,,,,,,,8214.0,,,7400.0,6300.0,,,7400.0,,,2744.0,397.0,250578.0,,,,,,,,-0.09909909909909909,,,,,,,,,,,,,,,,,,,,,,,,,,,,,,False,False,other_month,,,,,,,,,,,,PR610,8214.0,12634.0,11327.0,-1167.0,1563078000.0,0.000237,7900.0,7400.0,-0.09909909909909909,-0.23301680058436813,-0.038227416605794984,-0.09909909909909909,1372.0,1372.0,0.0,1100.0,0.13391770148526905,volume_wall,7900.0,-0.038227416605794984,above_price_wall,,,,,,,,,,,,,,,,,,,,,,,,,,,,,,,,,,,,,,,,,,,,,,,,,,,,,,,,,,
2026-09-10,COMMODITY,COMMODITY,PR,PR,PR,CZCE,2611,,,,,,,8082.0,,,8000.0,7700.0,,,8100.0,,,660.0,25.0,103313.0,,,,,,,,0.00222717149220486,,,,,,,,,,,,,,,,,,,,,,,,,,,,,,False,False,other_month,,,,,,,,,,,,PR611,8082.0,76808.0,61043.0,1442.0,9332172000.0,0.00021700000000000002,8100.0,8100.0,-0.010146003464489017,-0.04726552833457065,0.00222717149220486,0.00222717149220486,437.0,223.0,0.3242424242424242,300.0,0.03711952487008166,price_wall,8100.0,0.00222717149220486,near_price_wall,,,,,,,,,,,,,,,,,,,,,,,,,,,,,,,,,,,,,,,,,,,,,,,,,,,,,,,,,,
2026-09-10,COMMODITY,COMMODITY,PR,PR,PR,CZCE,2612,,,,,,,7914.0,,,7700.0,6700.0,,,8000.0,,,392.0,18.0,89206.0,,,,,,,,0.01086681829668934,,,,,,,,,,,,,,,,,,,,,,,,,,,,,,False,False,other_month,,,,,,,,,,,,PR612,7914.0,41122.0,18375.0,873.0,4898863800.0,0.000172,8000.0,8000.0,-0.027040687389436435,-0.15339903967652257,0.01086681829668934,0.01086681829668934,221.0,171.0,0.12755102040816327,1000.0,0.12635835228708617,price_wall,8000.0,0.01086681829668934,below_price_wall,,,,,,,,,,,,,,,,,,,,,,,,,,,,,,,,,,,,,,,,,,,,,,,,,,,,,,,,,,
2026-09-10,COMMODITY,COMMODITY,PR,PR,PR,CZCE,2701,,,,,,,7786.0,,,7400.0,6800.0,,,7400.0,,,3.0,0.0,0.0,,,,,,,,-0.049576162342666374,,,,,,,,,,,,,,,,,,,,,,,,,,,,,,False,False,other_month,,,,,,,,,,,,PR701,7786.0,15993.0,9034.0,269.0,1875978900.0,0.00012200000000000001,6800.0,6800.0,-0.049576162342666374,-0.1266375545851528,-0.1266375545851528,-0.1266375545851528,3.0,0.0,1.0,600.0,0.07706139224248651,call_oi_wall,7400.0,-0.049576162342666374,above_price_wall,,,,,,,,,,,,,,,,,,,,,,,,,,,,,,,,,,,,,,,,,,,,,,,,,,,,,,,,,,
2026-09-10,COMMODITY,COMMODITY,PX,PX,PX,CZCE,2611,,,,,,,9274.0,,,9500.0,8000.0,,,9500.0,,,34250.0,49350.0,44660611.0,,,,,,,,0.024369204226870833,,,,,,,,,,,,,,,,,,,,,,,,,,,,,,False,False,other_month,,,,,,,,,,,,PX611,9274.0,361157.0,172503.0,6384.0,16779354000.0,0.000248,9500.0,9500.0,0.024369204226870833,-0.13737330170368778,0.024369204226870833,0.024369204226870833,13987.0,20263.0,-0.18324087591240876,1500.0,0.16174250593055856,call_oi_wall,9500.0,0.024369204226870833,below_price_wall,,,,,,,,,,,,,,,,,,,,,,,,,,,,,,,,,,,,,,,,,,,,,,,,,,,,,,,,,,
2026-09-10,COMMODITY,COMMODITY,PX,PX,PX,CZCE,2612,,,,,,,9052.0,,,8900.0,7000.0,,,9000.0,,,2075.0,293.0,185557.0,,,,,,,,-0.0057445868316393645,,,,,,,,,,,,,,,,,,,,,,,,,,,,,,False,False,other_month,,,,,,,,,,,,PX612,9052.0,109761.0,53929.0,8047.0,4990832700.0,0.000194,9000.0,9000.0,-0.016791869200176723,-0.2266902342023862,-0.0057445868316393645,-0.0057445868316393645,883.0,1192.0,-0.1489156626506024,1900.0,0.20989836500220946,price_wall,9000.0,-0.0057445868316393645,above_price_wall,,,,,,,,,,,,,,,,,,,,,,,,,,,,,,,,,,,,,,,,,,,,,,,,,,,,,,,,,,
2026-09-10,COMMODITY,COMMODITY,PX,PX,PX,CZCE,2701,,,,,,,8864.0,,,9000.0,7600.0,,,9000.0,,,1668.0,253.0,522195.0,,,,,,,,0.01534296028880866,,,,,,,,,,,,,,,,,,,,,,,,,,,,,,False,False,other_month,,,,,,,,,,,,PX701,8864.0,35865.0,54166.0,3349.0,1597068500.0,0.000149,9000.0,9000.0,0.01534296028880866,-0.14259927797833938,0.01534296028880866,0.01534296028880866,839.0,829.0,0.005995203836930456,1400.0,0.157942238267148,call_oi_wall,9000.0,0.01534296028880866,below_price_wall,,,,,,,,,,,,,,,,,,,,,,,,,,,,,,,,,,,,,,,,,,,,,,,,,,,,,,,,,,
2026-09-10,COMMODITY,COMMODITY,PX,PX,PX,CZCE,2702,,,,,,,8698.0,,,9000.0,7600.0,,,9000.0,,,61.0,0.0,0.0,,,,,,,,0.034720625431133634,,,,,,,,,,,,,,,,,,,,,,,,,,,,,,False,False,other_month,,,,,,,,,,,,PX702,8698.0,4781.0,16244.0,1606.0,209551230.0,8.099999999999999e-05,7600.0,7600.0,0.034720625431133634,-0.12623591630259834,-0.12623591630259834,-0.12623591630259834,61.0,0.0,1.0,1400.0,0.1609565417337319,call_oi_wall,9000.0,0.034720625431133634,below_price_wall,,,,,,,,,,,,,,,,,,,,,,,,,,,,,,,,,,,,,,,,,,,,,,,,,,,,,,,,,,
2026-09-10,COMMODITY,COMMODITY,RM,RM,RM,CZCE,2611,,,,,,,2325.0,,,2650.0,2200.0,,,2400.0,,,128610.0,161375.0,50929170.0,,,,,,,,0.032258064516129004,,,,,,,,,,,,,,,,,,,,,,,,,,,,,,False,False,other_month,,,,,,,,,,,,RM611,2325.0,619873.0,602708.0,5141.0,14436842000.0,-8.099999999999999e-05,2400.0,2400.0,0.13978494623655924,-0.053763440860215006,0.032258064516129004,0.032258064516129004,74599.0,54011.0,0.16008086462950005,450.0,0.1935483870967742,price_wall,2400.0,0.032258064516129004,below_price_wall,,,,,,,,,,,,,,,,,,,,,,,,,,,,,,,,,,,,,,,,,,,,,,,,,,,,,,,,,,
2026-09-10,COMMODITY,COMMODITY,RM,RM,RM,CZCE,2701,,,,,,,2354.0,,,2650.0,2100.0,,,2650.0,,,81625.0,33881.0,17519640.0,,,,,,,,0.12574341546304169,,,,,,,,,,,,,,,,,,,,,,,,,,,,,,False,False,other_month,,,,,,,,,,,,RM701,2354.0,401592.0,578274.0,162.0,9469539400.0,-9.3e-05,2650.0,2350.0,0.12574341546304169,-0.10790144435004245,0.12574341546304169,-0.001699235344095107,35636.0,45989.0,-0.12683614088820827,550.0,0.2336448598130841,amount_wall,2350.0,-0.001699235344095107,below_price_wall,,,,,,,,,,,,,,,,,,,,,,,,,,,,,,,,,,,,,,,,,,,,,,,,,,,,,,,,,,
2026-09-10,COMMODITY,COMMODITY,RM,RM,RM,CZCE,2703,,,,,,,2341.0,,,2650.0,2050.0,,,2650.0,,,28313.0,12100.0,6997540.0,,,,,,,,0.13199487398547638,,,,,,,,,,,,,,,,,,,,,,,,,,,,,,False,False,other_month,,,,,,,,,,,,RM703,2341.0,116230.0,130129.0,-5513.0,2725593500.0,-0.00010999999999999999,2650.0,2425.0,0.13199487398547638,-0.12430585219991452,0.13199487398547638,0.035882101665954735,8765.0,19548.0,-0.3808497863172394,600.0,0.25630072618539085,amount_wall,2425.0,0.035882101665954735,below_price_wall,,,,,,,,,,,,,,,,,,,,,,,,,,,,,,,,,,,,,,,,,,,,,,,,,,,,,,,,,,
2026-09-10,COMMODITY,COMMODITY,RM,RM,RM,CZCE,2705,,,,,,,2398.0,,,2500.0,2050.0,,,2500.0,,,4122.0,16.0,10050.0,,,,,,,,0.042535446205171024,,,,,,,,,,,,,,,,,,,,,,,,,,,,,,False,False,other_month,,,,,,,,,,,,RM705,2398.0,40496.0,100667.0,-869.0,971499040.0,-7.900000000000001e-05,2500.0,2500.0,0.042535446205171024,-0.14512093411175975,0.042535446205171024,0.042535446205171024,1604.0,2518.0,-0.22173702086365843,450.0,0.18765638031693077,call_oi_wall,2500.0,0.042535446205171024,below_price_wall,,,,,,,,,,,,,,,,,,,,,,,,,,,,,,,,,,,,,,,,,,,,,,,,,,,,,,,,,,
2026-09-10,COMMODITY,COMMODITY,RM,RM,RM,CZCE,2707,,,,,,,2390.0,,,2500.0,2025.0,,,2600.0,,,849.0,32.0,16680.0,,,,,,,,0.08786610878661083,,,,,,,,,,,,,,,,,,,,,,,,,,,,,,False,False,other_month,,,,,,,,,,,,RM707,2390.0,7521.0,12485.0,648.0,179902320.0,-6.7e-05,2025.0,2600.0,0.046025104602510414,-0.15271966527196656,-0.15271966527196656,0.08786610878661083,215.0,634.0,-0.49352179034157834,475.0,0.19874476987447698,call_oi_wall,2500.0,0.046025104602510414,below_price_wall,,,,,,,,,,,,,,,,,,,,,,,,,,,,,,,,,,,,,,,,,,,,,,,,,,,,,,,,,,
2026-09-10,COMMODITY,COMMODITY,SA,SA,SA,CZCE,2610,,,,,,,1033.0,,,1100.0,1000.0,,,1040.0,,,513599.0,753509.0,88060340.0,,,,,,,,0.006776379477250627,,,,,,,,,,,,,,,,,,,,,,,,,,,,,,False,False,other_month,,,,,,,,,,,,SA610,1033.0,62045.0,49847.0,-8784.0,1274404300.0,1.9e-05,1020.0,1020.0,0.06485963213939971,-0.03194578896418199,-0.012584704743465625,-0.012584704743465625,355394.0,158205.0,0.38393571638574064,100.0,0.0968054211035818,price_wall,1040.0,0.006776379477250627,below_price_wall,,,,,,,,,,,,,,,,,,,,,,,,,,,,,,,,,,,,,,,,,,,,,,,,,,,,,,,,,,
2026-09-10,COMMODITY,COMMODITY,SA,SA,SA,CZCE,2611,,,,,,,1038.0,,,1200.0,1000.0,,,1100.0,,,185591.0,112068.0,31075660.0,,,,,,,,0.05973025048169567,,,,,,,,,,,,,,,,,,,,,,,,,,,,,,False,False,other_month,,,,,,,,,,,,SA611,1038.0,248299.0,346541.0,-5276.0,5144755200.0,-3.8e-05,1100.0,1100.0,0.1560693641618498,-0.036608863198458574,0.05973025048169567,0.05973025048169567,143035.0,42556.0,0.5414001756550695,200.0,0.1926782273603083,put_oi_wall,1000.0,-0.036608863198458574,below_price_wall,,,,,,,,,,,,,,,,,,,,,,,,,,,,,,,,,,,,,,,,,,,,,,,,,,,,,,,,,,
2026-09-10,COMMODITY,COMMODITY,SA,SA,SA,CZCE,2612,,,,,,,1068.0,,,1300.0,930.0,,,1120.0,,,1590.0,115.0,27000.0,,,,,,,,0.04868913857677892,,,,,,,,,,,,,,,,,,,,,,,,,,,,,,False,False,other_month,,,,,,,,,,,,SA612,1068.0,148408.0,143390.0,10904.0,3164058600.0,-1.9e-05,1120.0,1120.0,0.21722846441947574,-0.1292134831460674,0.04868913857677892,0.04868913857677892,822.0,768.0,0.033962264150943396,370.0,0.3464419475655431,price_wall,1120.0,0.04868913857677892,below_price_wall,,,,,,,,,,,,,,,,,,,,,,,,,,,,,,,,,,,,,,,,,,,,,,,,,,,,,,,,,,
2026-09-10,COMMODITY,COMMODITY,SA,SA,SA,CZCE,2701,,,,,,,1075.0,,,1560.0,1000.0,,,1200.0,,,218888.0,74445.0,40358050.0,,,,,,,,0.11627906976744184,,,,,,,,,,,,,,,,,,,,,,,,,,,,,,False,False,other_month,,,,,,,,,,,,SA701,1075.0,1730989.0,1293457.0,4490.0,37077784000.0,0.0,1200.0,1200.0,0.4511627906976745,-0.06976744186046513,0.11627906976744184,0.11627906976744184,165698.0,53190.0,0.5139980263879245,560.0,0.5209302325581395,put_oi_wall,1000.0,-0.06976744186046513,below_price_wall,,,,,,,,,,,,,,,,,,,,,,,,,,,,,,,,,,,,,,,,,,,,,,,,,,,,,,,,,,
2026-09-10,COMMODITY,COMMODITY,SA,SA,SA,CZCE,2702,,,,,,,1102.0,,,1000.0,1160.0,,,1220.0,,,101.0,214.0,547360.0,,,,,,,,0.10707803992740472,,,,,,,,,,,,,,,,,,,,,,,,,,,,,,False,False,other_month,,,,,,,,,,,,SA702,1102.0,65176.0,106328.0,11010.0,1428657900.0,2.7000000000000002e-05,1220.0,1220.0,-0.09255898366606174,0.05263157894736836,0.10707803992740472,0.10707803992740472,55.0,46.0,0.0891089108910891,-160.0,-0.14519056261343014,put_oi_wall,1160.0,0.05263157894736836,below_price_wall,,,,,,,,,,,,,,,,,,,,,,,,,,,,,,,,,,,,,,,,,,,,,,,,,,,,,,,,,,
2026-09-10,COMMODITY,COMMODITY,SA,SA,SA,CZCE,2703,,,,,,,1104.0,,,1300.0,1220.0,,,930.0,,,1443.0,504.0,1539120.0,,,,,,,,-0.15760869565217395,,,,,,,,,,,,,,,,,,,,,,,,,,,,,,False,False,other_month,,,,,,,,,,,,SA703,1104.0,103402.0,138511.0,2643.0,2274844000.0,9e-06,1020.0,930.0,0.17753623188405787,0.10507246376811596,-0.07608695652173914,-0.15760869565217395,669.0,774.0,-0.07276507276507277,80.0,0.07246376811594203,volume_wall,1020.0,-0.07608695652173914,above_price_wall,,,,,,,,,,,,,,,,,,,,,,,,,,,,,,,,,,,,,,,,,,,,,,,,,,,,,,,,,,
2026-09-10,COMMODITY,COMMODITY,SA,SA,SA,CZCE,2705,,,,,,,1128.0,,,1400.0,1060.0,,,1400.0,,,5972.0,547.0,1147020.0,,,,,,,,0.24113475177304955,,,,,,,,,,,,,,,,,,,,,,,,,,,,,,False,False,other_month,,,,,,,,,,,,SA705,1128.0,58765.0,151262.0,7836.0,1322212500.0,0.0,1400.0,1340.0,0.24113475177304955,-0.06028368794326244,0.24113475177304955,0.1879432624113475,5222.0,750.0,0.7488278633623576,340.0,0.30141843971631205,put_oi_wall,1060.0,-0.06028368794326244,below_price_wall,,,,,,,,,,,,,,,,,,,,,,,,,,,,,,,,,,,,,,,,,,,,,,,,,,,,,,,,,,
2026-09-10,COMMODITY,COMMODITY,SA,SA,SA,CZCE,2706,,,,,,,1138.0,,,1060.0,1240.0,,,1060.0,,,110.0,469.0,1265180.0,,,,,,,,-0.06854130052724072,,,,,,,,,,,,,,,,,,,,,,,,,,,,,,False,False,other_month,,,,,,,,,,,,SA706,1138.0,653.0,9984.0,-59.0,14823100.0,9e-06,1060.0,1020.0,-0.06854130052724072,0.08963093145869938,-0.06854130052724072,-0.1036906854130053,62.0,48.0,0.12727272727272726,-180.0,-0.15817223198594024,call_oi_wall,1060.0,-0.06854130052724072,above_price_wall,,,,,,,,,,,,,,,,,,,,,,,,,,,,,,,,,,,,,,,,,,,,,,,,,,,,,,,,,,
2026-09-10,COMMODITY,COMMODITY,SA,SA,SA,CZCE,2707,,,,,,,1135.0,,,1280.0,1220.0,,,1020.0,,,197.0,257.0,750140.0,,,,,,,,-0.10132158590308371,,,,,,,,,,,,,,,,,,,,,,,,,,,,,,False,False,other_month,,,,,,,,,,,,SA707,1135.0,2309.0,16038.0,1028.0,52183400.0,-1.8e-05,1020.0,1020.0,0.12775330396475781,0.07488986784140961,-0.10132158590308371,-0.10132158590308371,114.0,83.0,0.15736040609137056,60.0,0.05286343612334802,put_oi_wall,1220.0,0.07488986784140961,above_price_wall,,,,,,,,,,,,,,,,,,,,,,,,,,,,,,,,,,,,,,,,,,,,,,,,,,,,,,,,,,
2026-09-10,COMMODITY,COMMODITY,SF,SF,SF,CZCE,2610,,,,,,,6214.0,,,6800.0,6000.0,,,6200.0,,,120974.0,195358.0,22779065.0,,,,,,,,-0.0022529771483746908,,,,,,,,,,,,,,,,,,,,,,,,,,,,,,False,False,other_month,,,,,,,,,,,,SF610,6214.0,26243.0,17143.0,-1325.0,810121400.0,-5.7999999999999994e-05,6200.0,6200.0,0.09430318635339563,-0.03443836498229802,-0.0022529771483746908,-0.0022529771483746908,71336.0,49638.0,0.17936085439846577,800.0,0.1287415513356936,price_wall,6200.0,-0.0022529771483746908,near_price_wall,,,,,,,,,,,,,,,,,,,,,,,,,,,,,,,,,,,,,,,,,,,,,,,,,,,,,,,,,,
2026-09-10,COMMODITY,COMMODITY,SF,SF,SF,CZCE,2611,,,,,,,6248.0,,,6800.0,6000.0,,,6000.0,,,66750.0,29495.0,11583765.0,,,,,,,,-0.03969270166453265,,,,,,,,,,,,,,,,,,,,,,,,,,,,,,False,False,other_month,,,,,,,,,,,,SF611,6248.0,371713.0,376344.0,-12457.0,11534254500.0,-1.3e-05,6500.0,6500.0,0.08834827144686308,-0.03969270166453265,0.040332906530089696,0.040332906530089696,36386.0,30364.0,0.09021722846441947,800.0,0.12804097311139565,put_oi_wall,6000.0,-0.03969270166453265,above_price_wall,,,,,,,,,,,,,,,,,,,,,,,,,,,,,,,,,,,,,,,,,,,,,,,,,,,,,,,,,,
2026-09-10,COMMODITY,COMMODITY,SF,SF,SF,CZCE,2612,,,,,,,6210.0,,,6400.0,5500.0,,,6300.0,,,10347.0,1865.0,1135575.0,,,,,,,,0.01449275362318847,,,,,,,,,,,,,,,,,,,,,,,,,,,,,,False,False,other_month,,,,,,,,,,,,SF612,6210.0,66510.0,64919.0,-1786.0,2055159000.0,-2.6e-05,6800.0,6300.0,0.03059581320450877,-0.11433172302737515,0.09500805152979064,0.01449275362318847,5098.0,5249.0,-0.014593602010244516,900.0,0.14492753623188406,price_wall,6300.0,0.01449275362318847,below_price_wall,,,,,,,,,,,,,,,,,,,,,,,,,,,,,,,,,,,,,,,,,,,,,,,,,,,,,,,,,,
2026-09-10,COMMODITY,COMMODITY,SF,SF,SF,CZCE,2701,,,,,,,6174.0,,,5900.0,5700.0,,,6500.0,,,2769.0,453.0,372355.0,,,,,,,,0.052802073210236555,,,,,,,,,,,,,,,,,,,,,,,,,,,,,,False,False,other_month,,,,,,,,,,,,SF701,6174.0,61038.0,108286.0,-3163.0,1873866600.0,-3.9e-05,6500.0,6400.0,-0.044379656624554564,-0.07677356656948497,0.052802073210236555,0.03660511823777135,1859.0,910.0,0.3427230046948357,200.0,0.032393909944930355,amount_wall,6400.0,0.03660511823777135,below_price_wall,,,,,,,,,,,,,,,,,,,,,,,,,,,,,,,,,,,,,,,,,,,,,,,,,,,,,,,,,,
2026-09-10,COMMODITY,COMMODITY,SF,SF,SF,CZCE,2702,,,,,,,6118.0,,,7000.0,5500.0,,,5500.0,,,338.0,23.0,8625.0,,,,,,,,-0.10101340307289963,,,,,,,,,,,,,,,,,,,,,,,,,,,,,,False,False,other_month,,,,,,,,,,,,SF702,6118.0,9728.0,35838.0,-2830.0,295342080.0,-2e-05,5500.0,5500.0,0.14416475972540055,-0.10101340307289963,-0.10101340307289963,-0.10101340307289963,215.0,123.0,0.27218934911242604,1500.0,0.2451781627983001,put_oi_wall,5500.0,-0.10101340307289963,above_price_wall,,,,,,,,,,,,,,,,,,,,,,,,,,,,,,,,,,,,,,,,,,,,,,,,,,,,,,,,,,
2026-09-10,COMMODITY,COMMODITY,SH,SH,SH,CZCE,2610,,,,,,,1951.0,,,2000.0,1900.0,,,2000.0,,,140757.0,419851.0,89110875.0,,,,,,,,0.02511532547411588,,,,,,,,,,,,,,,,,,,,,,,,,,,,,,False,False,other_month,,,,,,,,,,,,SH610,1951.0,128954.0,23675.0,-1341.0,7508991300.0,3.6e-05,1940.0,1940.0,0.02511532547411588,-0.026140440799589992,-0.0056381342901076215,-0.0056381342901076215,95038.0,45719.0,0.35038399511214363,100.0,0.051255766273705795,volume_wall,1940.0,-0.0056381342901076215,below_price_wall,,,,,,,,,,,,,,,,,,,,,,,,,,,,,,,,,,,,,,,,,,,,,,,,,,,,,,,,,,
2026-09-10,COMMODITY,COMMODITY,SH,SH,SH,CZCE,2611,,,,,,,1997.0,,,2200.0,1900.0,,,2200.0,,,58444.0,78770.0,78962055.0,,,,,,,,0.10165247871807703,,,,,,,,,,,,,,,,,,,,,,,,,,,,,,False,False,other_month,,,,,,,,,,,,SH611,1997.0,824840.0,227423.0,-9419.0,49094478000.0,0.00012200000000000001,2200.0,2000.0,0.10165247871807703,-0.0485728592889334,0.10165247871807703,0.001502253380070151,43493.0,14951.0,0.48836493053179114,300.0,0.15022533800701052,amount_wall,2000.0,0.001502253380070151,below_price_wall,,,,,,,,,,,,,,,,,,,,,,,,,,,,,,,,,,,,,,,,,,,,,,,,,,,,,,,,,,
2026-09-10,COMMODITY,COMMODITY,SH,SH,SH,CZCE,2612,,,,,,,2066.0,,,2120.0,1780.0,,,2080.0,,,4718.0,192.0,207645.0,,,,,,,,0.006776379477250627,,,,,,,,,,,,,,,,,,,,,,,,,,,,,,False,False,other_month,,,,,,,,,,,,SH612,2066.0,114135.0,34326.0,-171.0,7009030500.0,0.000132,1920.0,1960.0,0.02613746369796699,-0.13843175217812198,-0.07066795740561471,-0.05130687318489835,2078.0,2640.0,-0.11911827045358203,340.0,0.16456921587608905,price_wall,2080.0,0.006776379477250627,below_price_wall,,,,,,,,,,,,,,,,,,,,,,,,,,,,,,,,,,,,,,,,,,,,,,,,,,,,,,,,,,
2026-09-10,COMMODITY,COMMODITY,SH,SH,SH,CZCE,2701,,,,,,,2082.0,,,2640.0,1820.0,,,2200.0,,,10893.0,10547.0,18257235.0,,,,,,,,0.0566762728146013,,,,,,,,,,,,,,,,,,,,,,,,,,,,,,False,False,other_month,,,,,,,,,,,,SH701,2082.0,86228.0,71033.0,-655.0,5357345700.0,0.000126,2440.0,2120.0,0.26801152737752165,-0.1258405379442843,0.17195004803073966,0.018251681075888593,6563.0,4330.0,0.20499403286514276,820.0,0.39385206532180594,amount_wall,2120.0,0.018251681075888593,below_price_wall,,,,,,,,,,,,,,,,,,,,,,,,,,,,,,,,,,,,,,,,,,,,,,,,,,,,,,,,,,
2026-09-10,COMMODITY,COMMODITY,SH,SH,SH,CZCE,2702,,,,,,,2129.0,,,2200.0,2120.0,,,2120.0,,,21.0,37.0,118800.0,,,,,,,,-0.0042273367778299376,,,,,,,,,,,,,,,,,,,,,,,,,,,,,,False,False,other_month,,,,,,,,,,,,SH702,2129.0,1652.0,14734.0,314.0,104868960.0,0.00013299999999999998,2120.0,2120.0,0.033348990136214285,-0.0042273367778299376,-0.0042273367778299376,-0.0042273367778299376,10.0,11.0,-0.047619047619047616,80.0,0.03757632691404415,put_oi_wall,2120.0,-0.0042273367778299376,near_price_wall,,,,,,,,,,,,,,,,,,,,,,,,,,,,,,,,,,,,,,,,,,,,,,,,,,,,,,,,,,
2026-09-10,COMMODITY,COMMODITY,SM,SM,SM,CZCE,2610,,,,,,,5806.0,,,5900.0,5700.0,,,5800.0,,,79806.0,82144.0,7507925.0,,,,,,,,-0.0010334137099552443,,,,,,,,,,,,,,,,,,,,,,,,,,,,,,False,False,other_month,,,,,,,,,,,,SM610,5806.0,22346.0,32134.0,-886.0,649374760.0,-5.4999999999999995e-05,5800.0,5800.0,0.016190148122631864,-0.018256975542542242,-0.0010334137099552443,-0.0010334137099552443,50291.0,29515.0,0.2603313034107711,200.0,0.03444712366517396,price_wall,5800.0,-0.0010334137099552443,near_price_wall,,,,,,,,,,,,,,,,,,,,,,,,,,,,,,,,,,,,,,,,,,,,,,,,,,,,,,,,,,
2026-09-10,COMMODITY,COMMODITY,SM,SM,SM,CZCE,2611,,,,,,,5890.0,,,6100.0,5800.0,,,5800.0,,,58137.0,22837.0,7477970.0,,,,,,,,-0.015280135823429575,,,,,,,,,,,,,,,,,,,,,,,,,,,,,,False,False,other_month,,,,,,,,,,,,SM611,5890.0,240202.0,281798.0,-15178.0,7083557000.0,-0.000104,5800.0,5800.0,0.035653650254668934,-0.015280135823429575,-0.015280135823429575,-0.015280135823429575,33178.0,24959.0,0.14137296386122436,300.0,0.050933786078098474,put_oi_wall,5800.0,-0.015280135823429575,above_price_wall,,,,,,,,,,,,,,,,,,,,,,,,,,,,,,,,,,,,,,,,,,,,,,,,,,,,,,,,,,
2026-09-10,COMMODITY,COMMODITY,SM,SM,SM,CZCE,2612,,,,,,,5902.0,,,6000.0,5800.0,,,6000.0,,,5796.0,2049.0,916430.0,,,,,,,,0.016604540833615733,,,,,,,,,,,,,,,,,,,,,,,,,,,,,,False,False,other_month,,,,,,,,,,,,SM612,5902.0,57456.0,47988.0,1836.0,1694952000.0,-9.1e-05,6000.0,5600.0,0.016604540833615733,-0.017282277194171414,0.016604540833615733,-0.05116909522195867,3196.0,2600.0,0.1028295376121463,200.0,0.03388681802778719,call_oi_wall,6000.0,0.016604540833615733,below_price_wall,,,,,,,,,,,,,,,,,,,,,,,,,,,,,,,,,,,,,,,,,,,,,,,,,,,,,,,,,,
2026-09-10,COMMODITY,COMMODITY,SM,SM,SM,CZCE,2701,,,,,,,5912.0,,,6200.0,5800.0,,,6200.0,,,16587.0,559.0,169495.0,,,,,,,,0.048714479025710355,,,,,,,,,,,,,,,,,,,,,,,,,,,,,,False,False,other_month,,,,,,,,,,,,SM701,5912.0,59892.0,227113.0,3386.0,1769808600.0,-7.7e-05,6600.0,6400.0,0.048714479025710355,-0.018944519621109657,0.11637347767253048,0.08254397834912042,13535.0,3052.0,0.6320009646108398,400.0,0.06765899864682003,put_oi_wall,5800.0,-0.018944519621109657,below_price_wall,,,,,,,,,,,,,,,,,,,,,,,,,,,,,,,,,,,,,,,,,,,,,,,,,,,,,,,,,,
2026-09-10,COMMODITY,COMMODITY,SM,SM,SM,CZCE,2702,,,,,,,5914.0,,,6500.0,5700.0,,,6100.0,,,389.0,39.0,11385.0,,,,,,,,0.031450794724382725,,,,,,,,,,,,,,,,,,,,,,,,,,,,,,False,False,other_month,,,,,,,,,,,,SM702,5914.0,3616.0,24440.0,726.0,106961280.0,-7.7e-05,5500.0,6100.0,0.09908691241122769,-0.03618532296246191,-0.07000338180588439,0.031450794724382725,258.0,131.0,0.3264781491002571,800.0,0.13527223537368954,price_wall,6100.0,0.031450794724382725,below_price_wall,,,,,,,,,,,,,,,,,,,,,,,,,,,,,,,,,,,,,,,,,,,,,,,,,,,,,,,,,,
2026-09-10,COMMODITY,COMMODITY,SM,SM,SM,CZCE,2705,,,,,,,5940.0,,,6300.0,5600.0,,,6300.0,,,5171.0,151.0,75160.0,,,,,,,,0.06060606060606055,,,,,,,,,,,,,,,,,,,,,,,,,,,,,,False,False,other_month,,,,,,,,,,,,SM705,5940.0,837.0,12241.0,269.0,24875640.0,-6.4e-05,6200.0,6200.0,0.06060606060606055,-0.0572390572390572,0.04377104377104368,0.04377104377104368,4789.0,382.0,0.8522529491394314,700.0,0.11784511784511785,volume_wall,6200.0,0.04377104377104368,below_price_wall,,,,,,,,,,,,,,,,,,,,,,,,,,,,,,,,,,,,,,,,,,,,,,,,,,,,,,,,,,
2026-09-10,COMMODITY,COMMODITY,SR,SR,SR,CZCE,2611,,,,,,,5266.0,,,5500.0,5200.0,,,5300.0,,,255317.0,123695.0,48656750.0,,,,,,,,0.0064565134827192505,,,,,,,,,,,,,,,,,,,,,,,,,,,,,,False,False,other_month,,,,,,,,,,,,SR611,5266.0,123736.0,200779.0,3623.0,6540685000.0,-7.2e-05,5300.0,5300.0,0.04443600455753893,-0.01253323205469048,0.0064565134827192505,0.0064565134827192505,174184.0,81133.0,0.36445281747788044,300.0,0.0569692366122294,price_wall,5300.0,0.0064565134827192505,below_price_wall,,,,,,,,,,,,,,,,,,,,,,,,,,,,,,,,,,,,,,,,,,,,,,,,,,,,,,,,,,
2026-09-10,COMMODITY,COMMODITY,SR,SR,SR,CZCE,2701,,,,,,,5449.0,,,6300.0,5200.0,,,6300.0,,,314211.0,57000.0,41371740.0,,,,,,,,0.1561754450357864,,,,,,,,,,,,,,,,,,,,,,,,,,,,,,False,False,other_month,,,,,,,,,,,,SR701,5449.0,490653.0,645743.0,-12845.0,26824000000.0,-6.7e-05,6300.0,5400.0,0.1561754450357864,-0.04569645806570011,0.1561754450357864,-0.008992475683611723,232929.0,81282.0,0.4826279156363081,1100.0,0.2018719031014865,amount_wall,5400.0,-0.008992475683611723,below_price_wall,,,,,,,,,,,,,,,,,,,,,,,,,,,,,,,,,,,,,,,,,,,,,,,,,,,,,,,,,,
2026-09-10,COMMODITY,COMMODITY,SR,SR,SR,CZCE,2703,,,,,,,5485.0,,,6100.0,5100.0,,,6100.0,,,17079.0,7050.0,7430450.0,,,,,,,,0.1121239744758431,,,,,,,,,,,,,,,,,,,,,,,,,,,,,,False,False,other_month,,,,,,,,,,,,SR703,5485.0,96933.0,92382.0,1209.0,5334223000.0,-6.5e-05,6100.0,6100.0,0.1121239744758431,-0.0701914311759344,0.1121239744758431,0.1121239744758431,9049.0,8030.0,0.05966391474910709,1000.0,0.18231540565177756,put_oi_wall,5100.0,-0.0701914311759344,below_price_wall,,,,,,,,,,,,,,,,,,,,,,,,,,,,,,,,,,,,,,,,,,,,,,,,,,,,,,,,,,
2026-09-10,COMMODITY,COMMODITY,SR,SR,SR,CZCE,2705,,,,,,,5522.0,,,6000.0,5100.0,,,6000.0,,,6551.0,413.0,494315.0,,,,,,,,0.08656283955088728,,,,,,,,,,,,,,,,,,,,,,,,,,,,,,False,False,other_month,,,,,,,,,,,,SR705,5522.0,41155.0,126696.0,-4131.0,2278752400.0,-6.7e-05,6000.0,5700.0,0.08656283955088728,-0.07642158638174579,0.08656283955088728,0.03223469757334296,4514.0,2037.0,0.3781102121813464,900.0,0.1629844259326331,amount_wall,5700.0,0.03223469757334296,below_price_wall,,,,,,,,,,,,,,,,,,,,,,,,,,,,,,,,,,,,,,,,,,,,,,,,,,,,,,,,,,
2026-09-10,COMMODITY,COMMODITY,SR,SR,SR,CZCE,2707,,,,,,,5558.0,,,5600.0,5200.0,,,5600.0,,,976.0,157.0,261095.0,,,,,,,,0.007556675062972307,,,,,,,,,,,,,,,,,,,,,,,,,,,,,,False,False,other_month,,,,,,,,,,,,SR707,5558.0,4363.0,9115.0,70.0,243062730.0,-6.8e-05,5600.0,5600.0,0.007556675062972307,-0.06441165887009714,0.007556675062972307,0.007556675062972307,682.0,294.0,0.3975409836065574,400.0,0.07196833393306945,call_oi_wall,5600.0,0.007556675062972307,below_price_wall,,,,,,,,,,,,,,,,,,,,,,,,,,,,,,,,,,,,,,,,,,,,,,,,,,,,,,,,,,
2026-09-10,COMMODITY,COMMODITY,TA,TA,TA,CZCE,2610,,,,,,,6488.0,,,7100.0,6300.0,,,6500.0,,,313283.0,1637541.0,285101301.0,,,,,,,,0.0018495684340320562,,,,,,,,,,,,,,,,,,,,,,,,,,,,,,False,False,other_month,,,,,,,,,,,,TA610,6488.0,200718.0,254577.0,-7188.0,6541399600.0,0.000269,6500.0,6500.0,0.09432799013563509,-0.028976572133168954,0.0018495684340320562,0.0018495684340320562,142952.0,170331.0,-0.08739382602950048,800.0,0.12330456226880394,price_wall,6500.0,0.0018495684340320562,near_price_wall,,,,,,,,,,,,,,,,,,,,,,,,,,,,,,,,,,,,,,,,,,,,,,,,,,,,,,,,,,
2026-09-10,COMMODITY,COMMODITY,TA,TA,TA,CZCE,2611,,,,,,,6396.0,,,6800.0,5700.0,,,6500.0,,,63717.0,95402.0,71428388.0,,,,,,,,0.016260162601626105,,,,,,,,,,,,,,,,,,,,,,,,,,,,,,False,False,other_month,,,,,,,,,,,,TA611,6396.0,387242.0,571165.0,-19545.0,12426596000.0,0.00023,6800.0,6500.0,0.06316447779862422,-0.10881801125703561,0.06316447779862422,0.016260162601626105,24839.0,38878.0,-0.22033366291570539,1100.0,0.1719824890556598,price_wall,6500.0,0.016260162601626105,below_price_wall,,,,,,,,,,,,,,,,,,,,,,,,,,,,,,,,,,,,,,,,,,,,,,,,,,,,,,,,,,
2026-09-10,COMMODITY,COMMODITY,TA,TA,TA,CZCE,2612,,,,,,,6320.0,,,6500.0,4800.0,,,6500.0,,,1667.0,217.0,228643.0,,,,,,,,0.028481012658227778,,,,,,,,,,,,,,,,,,,,,,,,,,,,,,False,False,other_month,,,,,,,,,,,,TA612,6320.0,122537.0,141319.0,6750.0,3883197600.0,0.0002,6700.0,6500.0,0.028481012658227778,-0.240506329113924,0.06012658227848111,0.028481012658227778,878.0,789.0,0.05338932213557288,1700.0,0.2689873417721519,call_oi_wall,6500.0,0.028481012658227778,below_price_wall,,,,,,,,,,,,,,,,,,,,,,,,,,,,,,,,,,,,,,,,,,,,,,,,,,,,,,,,,,
2026-09-10,COMMODITY,COMMODITY,TA,TA,TA,CZCE,2701,,,,,,,6234.0,,,7400.0,5800.0,,,7400.0,,,83961.0,54262.0,50979297.0,,,,,,,,0.1870388193776067,,,,,,,,,,,,,,,,,,,,,,,,,,,,,,False,False,other_month,,,,,,,,,,,,TA701,6234.0,1267006.0,1131197.0,1310.0,39644618000.0,0.000143,7400.0,6500.0,0.1870388193776067,-0.06961822264998396,0.1870388193776067,0.042669233237087045,42002.0,41959.0,0.0005121425423708627,1600.0,0.25665704202759065,amount_wall,6500.0,0.042669233237087045,below_price_wall,,,,,,,,,,,,,,,,,,,,,,,,,,,,,,,,,,,,,,,,,,,,,,,,,,,,,,,,,,
2026-09-10,COMMODITY,COMMODITY,TA,TA,TA,CZCE,2702,,,,,,,6132.0,,,6600.0,5600.0,,,6600.0,,,207.0,53.0,70083.0,,,,,,,,0.07632093933463802,,,,,,,,,,,,,,,,,,,,,,,,,,,,,,False,False,other_month,,,,,,,,,,,,TA702,6132.0,24054.0,112130.0,4872.0,740622650.0,0.00010200000000000001,6600.0,6600.0,0.07632093933463802,-0.08675799086757996,0.07632093933463802,0.07632093933463802,79.0,128.0,-0.23671497584541062,1000.0,0.16307893020221786,call_oi_wall,6600.0,0.07632093933463802,below_price_wall,,,,,,,,,,,,,,,,,,,,,,,,,,,,,,,,,,,,,,,,,,,,,,,,,,,,,,,,,,
2026-09-10,COMMODITY,COMMODITY,TA,TA,TA,CZCE,2703,,,,,,,6052.0,,,6300.0,4650.0,,,6300.0,,,1396.0,81.0,132274.0,,,,,,,,0.04097818902842043,,,,,,,,,,,,,,,,,,,,,,,,,,,,,,False,False,other_month,,,,,,,,,,,,TA703,6052.0,34441.0,191875.0,653.0,1045284350.0,6.3e-05,6600.0,6600.0,0.04097818902842043,-0.23165895571711825,0.09054857898215474,0.09054857898215474,485.0,911.0,-0.30515759312320917,1650.0,0.2726371447455387,call_oi_wall,6300.0,0.04097818902842043,below_price_wall,,,,,,,,,,,,,,,,,,,,,,,,,,,,,,,,,,,,,,,,,,,,,,,,,,,,,,,,,,
2026-09-10,COMMODITY,COMMODITY,TA,TA,TA,CZCE,2705,,,,,,,5924.0,,,6100.0,4900.0,,,6400.0,,,1215.0,78.0,108069.0,,,,,,,,0.08035111411208651,,,,,,,,,,,,,,,,,,,,,,,,,,,,,,False,False,other_month,,,,,,,,,,,,TA705,5924.0,42799.0,111619.0,-4025.0,1271130300.0,0.0,6500.0,6500.0,0.029709655638082477,-0.17285617825793387,0.0972316002700877,0.0972316002700877,914.0,301.0,0.5045267489711934,1200.0,0.2025658338960162,call_oi_wall,6100.0,0.029709655638082477,below_price_wall,,,,,,,,,,,,,,,,,,,,,,,,,,,,,,,,,,,,,,,,,,,,,,,,,,,,,,,,,,
2026-09-10,COMMODITY,COMMODITY,UR,UR,UR,CZCE,2610,,,,,,,1732.0,,,1800.0,1720.0,,,1720.0,,,87217.0,67416.0,10137830.0,,,,,,,,-0.006928406466512715,,,,,,,,,,,,,,,,,,,,,,,,,,,,,,False,False,other_month,,,,,,,,,,,,UR610,1732.0,14150.0,26358.0,-1567.0,490156000.0,-1.7e-05,1740.0,1740.0,0.03926096997690531,-0.006928406466512715,0.004618937644341736,0.004618937644341736,63608.0,23609.0,0.458614719607416,80.0,0.046189376443418015,volume_wall,1740.0,0.004618937644341736,above_price_wall,,,,,,,,,,,,,,,,,,,,,,,,,,,,,,,,,,,,,,,,,,,,,,,,,,,,,,,,,,
2026-09-10,COMMODITY,COMMODITY,UR,UR,UR,CZCE,2611,,,,,,,1799.0,,,1900.0,1760.0,,,1900.0,,,37461.0,17312.0,5611420.0,,,,,,,,0.05614230127848807,,,,,,,,,,,,,,,,,,,,,,,,,,,,,,False,False,other_month,,,,,,,,,,,,UR611,1799.0,28011.0,87678.0,-434.0,1007275560.0,0.0,1900.0,1800.0,0.05614230127848807,-0.021678710394663736,0.05614230127848807,0.0005558643690939391,21854.0,15607.0,0.16676009716772108,140.0,0.07782101167315175,amount_wall,1800.0,0.0005558643690939391,below_price_wall,,,,,,,,,,,,,,,,,,,,,,,,,,,,,,,,,,,,,,,,,,,,,,,,,,,,,,,,,,
2026-09-10,COMMODITY,COMMODITY,UR,UR,UR,CZCE,2612,,,,,,,1799.0,,,1960.0,1520.0,,,1900.0,,,1418.0,145.0,52990.0,,,,,,,,0.05614230127848807,,,,,,,,,,,,,,,,,,,,,,,,,,,,,,False,False,other_month,,,,,,,,,,,,UR612,1799.0,9029.0,36167.0,-433.0,324863420.0,-2.2000000000000003e-05,1900.0,1900.0,0.08949416342412442,-0.15508615897720957,0.05614230127848807,0.05614230127848807,1077.0,341.0,0.5190409026798307,440.0,0.24458032240133407,price_wall,1900.0,0.05614230127848807,below_price_wall,,,,,,,,,,,,,,,,,,,,,,,,,,,,,,,,,,,,,,,,,,,,,,,,,,,,,,,,,,
2026-09-10,COMMODITY,COMMODITY,UR,UR,UR,CZCE,2701,,,,,,,1804.0,,,1900.0,1760.0,,,1900.0,,,54945.0,11215.0,7267910.0,,,,,,,,0.053215077605321515,,,,,,,,,,,,,,,,,,,,,,,,,,,,,,False,False,other_month,,,,,,,,,,,,UR701,1804.0,164752.0,265144.0,-3137.0,5944252200.0,-1.7e-05,1900.0,1900.0,0.053215077605321515,-0.024390243902439046,0.053215077605321515,0.053215077605321515,31731.0,23214.0,0.15500955500955502,140.0,0.07760532150776053,put_oi_wall,1760.0,-0.024390243902439046,below_price_wall,,,,,,,,,,,,,,,,,,,,,,,,,,,,,,,,,,,,,,,,,,,,,,,,,,,,,,,,,,
2026-09-10,COMMODITY,COMMODITY,UR,UR,UR,CZCE,2702,,,,,,,1796.0,,,1900.0,1660.0,,,1600.0,,,113.0,159.0,195740.0,,,,,,,,-0.10913140311804004,,,,,,,,,,,,,,,,,,,,,,,,,,,,,,False,False,other_month,,,,,,,,,,,,UR702,1796.0,4444.0,26534.0,415.0,159806240.0,-3.3e-05,1960.0,1600.0,0.057906458797327476,-0.07572383073496658,0.09131403118040082,-0.10913140311804004,78.0,35.0,0.3805309734513274,240.0,0.133630289532294,call_oi_wall,1900.0,0.057906458797327476,above_price_wall,,,,,,,,,,,,,,,,,,,,,,,,,,,,,,,,,,,,,,,,,,,,,,,,,,,,,,,,,,
2026-09-10,COMMODITY,COMMODITY,UR,UR,UR,CZCE,2703,,,,,,,1839.0,,,2000.0,1620.0,,,1620.0,,,955.0,19.0,9400.0,,,,,,,,-0.11908646003262646,,,,,,,,,,,,,,,,,,,,,,,,,,,,,,False,False,other_month,,,,,,,,,,,,UR703,1839.0,4444.0,34145.0,195.0,163716960.0,-3.3e-05,1700.0,1740.0,0.08754758020663411,-0.11908646003262646,-0.07558455682436105,-0.0538336052202284,413.0,542.0,-0.13507853403141362,380.0,0.20663404023926046,amount_wall,1740.0,-0.0538336052202284,above_price_wall,,,,,,,,,,,,,,,,,,,,,,,,,,,,,,,,,,,,,,,,,,,,,,,,,,,,,,,,,,
2026-09-10,COMMODITY,COMMODITY,UR,UR,UR,CZCE,2705,,,,,,,1844.0,,,2000.0,1620.0,,,1620.0,,,286.0,0.0,0.0,,,,,,,,-0.12147505422993488,,,,,,,,,,,,,,,,,,,,,,,,,,,,,,False,False,other_month,,,,,,,,,,,,UR705,1844.0,2729.0,15468.0,565.0,100590940.0,-1.6e-05,1600.0,1600.0,0.08459869848156187,-0.12147505422993488,-0.13232104121475052,-0.13232104121475052,67.0,219.0,-0.5314685314685315,380.0,0.20607375271149675,call_oi_wall,2000.0,0.08459869848156187,above_price_wall,,,,,,,,,,,,,,,,,,,,,,,,,,,,,,,,,,,,,,,,,,,,,,,,,,,,,,,,,,
2026-09-10,COMMODITY,COMMODITY,ZC,ZC,ZC,CZCE,2610,,,,,,,,,,560.0,560.0,,,560.0,,,0.0,0.0,0.0,,,,,,,,,,,,,,,,,,,,,,,,,,,,,,,,,,,,,,False,False,other_month,,,,,,,,,,,,,,,,,,,560.0,560.0,,,,,0.0,0.0,,0.0,,,,,unavailable,,,,,,,,,,,,,,,,,,,,,,,,,,,,,,,,,,,,,,,,,,,,,,,,,,,,,,,,,,
2026-09-10,COMMODITY,COMMODITY,ZC,ZC,ZC,CZCE,2611,,,,,,,,,,560.0,560.0,,,560.0,,,0.0,0.0,0.0,,,,,,,,,,,,,,,,,,,,,,,,,,,,,,,,,,,,,,False,False,other_month,,,,,,,,,,,,,,,,,,,560.0,560.0,,,,,0.0,0.0,,0.0,,,,,unavailable,,,,,,,,,,,,,,,,,,,,,,,,,,,,,,,,,,,,,,,,,,,,,,,,,,,,,,,,,,
2026-09-10,COMMODITY,COMMODITY,a,a,a,DCE,2611,,,,,,,5150.0,,,5300.0,4800.0,,,5300.0,,,148461.0,110978.0,80416980.0,,,,,,,,0.029126213592232997,,,,,,,,,,,,,,,,,,,,,,,,,,,,,,False,False,other_month,,,,,,,,,,,,a2611,5150.0,321601.0,370759.0,-12385.0,16519446000.0,2.7000000000000002e-05,5300.0,5300.0,0.029126213592232997,-0.06796116504854366,0.029126213592232997,0.029126213592232997,70158.0,78303.0,-0.05486289328510518,500.0,0.0970873786407767,call_oi_wall,5300.0,0.029126213592232997,below_price_wall,,,,,,,,,,,,,,,,,,,,,,,,,,,,,,,,,,,,,,,,,,,,,,,,,,,,,,,,,,
2026-09-10,COMMODITY,COMMODITY,a,a,a,DCE,2701,,,,,,,5192.0,,,5600.0,4800.0,,,5600.0,,,33391.0,7706.0,9508315.0,,,,,,,,0.07858243451463798,,,,,,,,,,,,,,,,,,,,,,,,,,,,,,False,False,other_month,,,,,,,,,,,,a2701,5192.0,110135.0,181247.0,629.0,5702690700.0,3.5000000000000004e-05,5600.0,5600.0,0.07858243451463798,-0.07550077041602465,0.07858243451463798,0.07858243451463798,14067.0,19324.0,-0.1574376328950915,800.0,0.15408320493066255,put_oi_wall,4800.0,-0.07550077041602465,below_price_wall,,,,,,,,,,,,,,,,,,,,,,,,,,,,,,,,,,,,,,,,,,,,,,,,,,,,,,,,,,
2026-09-10,COMMODITY,COMMODITY,a,a,a,DCE,2703,,,,,,,5221.0,,,5200.0,4700.0,,,5200.0,,,6131.0,375.0,870655.0,,,,,,,,-0.00402221796590696,,,,,,,,,,,,,,,,,,,,,,,,,,,,,,False,False,other_month,,,,,,,,,,,,a2703,5221.0,33304.0,85612.0,2072.0,1734192500.0,4e-05,5200.0,4700.0,-0.00402221796590696,-0.09978931239226196,-0.00402221796590696,-0.09978931239226196,4668.0,1463.0,0.5227532213342032,500.0,0.0957670944263551,call_oi_wall,5200.0,-0.00402221796590696,near_price_wall,,,,,,,,,,,,,,,,,,,,,,,,,,,,,,,,,,,,,,,,,,,,,,,,,,,,,,,,,,
2026-09-10,COMMODITY,COMMODITY,a,a,a,DCE,2705,,,,,,,5365.0,,,5600.0,4300.0,,,5600.0,,,192.0,1.0,795.0,,,,,,,,0.04380242311276783,,,,,,,,,,,,,,,,,,,,,,,,,,,,,,False,False,other_month,,,,,,,,,,,,a2705,5365.0,19432.0,57924.0,1051.0,1040256460.0,2.6e-05,5400.0,5400.0,0.04380242311276783,-0.19850885368126747,0.006523765144454741,0.006523765144454741,174.0,18.0,0.8125,1300.0,0.2423112767940354,volume_wall,5400.0,0.006523765144454741,below_price_wall,,,,,,,,,,,,,,,,,,,,,,,,,,,,,,,,,,,,,,,,,,,,,,,,,,,,,,,,,,
2026-09-10,COMMODITY,COMMODITY,a,a,a,DCE,2707,,,,,,,5392.0,,,5800.0,4300.0,,,5800.0,,,50.0,0.0,0.0,,,,,,,,0.07566765578635004,,,,,,,,,,,,,,,,,,,,,,,,,,,,,,False,False,other_month,,,,,,,,,,,,a2707,5392.0,6288.0,35605.0,-351.0,338148890.0,1.7e-05,4300.0,4300.0,0.07566765578635004,-0.20252225519287836,-0.20252225519287836,-0.20252225519287836,44.0,6.0,0.76,1500.0,0.27818991097922846,call_oi_wall,5800.0,0.07566765578635004,below_price_wall,,,,,,,,,,,,,,,,,,,,,,,,,,,,,,,,,,,,,,,,,,,,,,,,,,,,,,,,,,
2026-09-10,COMMODITY,COMMODITY,b,b,b,DCE,2610,,,,,,,4072.0,,,4200.0,3850.0,,,4200.0,,,74951.0,122723.0,21613000.0,,,,,,,,0.03143418467583503,,,,,,,,,,,,,,,,,,,,,,,,,,,,,,False,False,other_month,,,,,,,,,,,,b2610,4072.0,16185.0,56656.0,-1020.0,658986330.0,-1.7e-05,4200.0,4200.0,0.03143418467583503,-0.05451866404715122,0.03143418467583503,0.03143418467583503,41976.0,32975.0,0.12009179330495924,350.0,0.08595284872298625,call_oi_wall,4200.0,0.03143418467583503,below_price_wall,,,,,,,,,,,,,,,,,,,,,,,,,,,,,,,,,,,,,,,,,,,,,,,,,,,,,,,,,,
2026-09-10,COMMODITY,COMMODITY,b,b,b,DCE,2611,,,,,,,4136.0,,,4400.0,3600.0,,,4400.0,,,17724.0,11446.0,6413805.0,,,,,,,,0.06382978723404253,,,,,,,,,,,,,,,,,,,,,,,,,,,,,,False,False,other_month,,,,,,,,,,,,b2611,4136.0,203121.0,202722.0,-8918.0,8396043200.0,-2.2000000000000003e-05,4400.0,4100.0,0.06382978723404253,-0.12959381044487428,0.06382978723404253,-0.008704061895551285,9980.0,7744.0,0.12615662378695555,800.0,0.19342359767891681,amount_wall,4100.0,-0.008704061895551285,below_price_wall,,,,,,,,,,,,,,,,,,,,,,,,,,,,,,,,,,,,,,,,,,,,,,,,,,,,,,,,,,
2026-09-10,COMMODITY,COMMODITY,b,b,b,DCE,2612,,,,,,,4178.0,,,4300.0,3200.0,,,4300.0,,,223.0,3.0,2325.0,,,,,,,,0.02920057443752988,,,,,,,,,,,,,,,,,,,,,,,,,,,,,,False,False,other_month,,,,,,,,,,,,b2612,4178.0,10866.0,57847.0,-393.0,453917490.0,-3.1e-05,4250.0,4250.0,0.02920057443752988,-0.2340832934418382,0.017233125897558654,0.017233125897558654,103.0,120.0,-0.07623318385650224,1100.0,0.26328386787936814,volume_wall,4250.0,0.017233125897558654,below_price_wall,,,,,,,,,,,,,,,,,,,,,,,,,,,,,,,,,,,,,,,,,,,,,,,,,,,,,,,,,,
2026-09-10,COMMODITY,COMMODITY,b,b,b,DCE,2701,,,,,,,4178.0,,,4200.0,3700.0,,,3700.0,,,390.0,19.0,20845.0,,,,,,,,-0.11440880804212539,,,,,,,,,,,,,,,,,,,,,,,,,,,,,,False,False,other_month,,,,,,,,,,,,b2701,4178.0,18407.0,45778.0,-32.0,768624380.0,-2.3999999999999997e-05,4000.0,4250.0,0.005265677357587428,-0.11440880804212539,-0.0426041168022977,0.017233125897558654,65.0,325.0,-0.6666666666666666,500.0,0.11967448539971279,call_oi_wall,4200.0,0.005265677357587428,above_price_wall,,,,,,,,,,,,,,,,,,,,,,,,,,,,,,,,,,,,,,,,,,,,,,,,,,,,,,,,,,
2026-09-10,COMMODITY,COMMODITY,b,b,b,DCE,2702,,,,,,,4171.0,,,3600.0,3900.0,,,3850.0,,,25.0,1.0,3750.0,,,,,,,,-0.07695996163989449,,,,,,,,,,,,,,,,,,,,,,,,,,,,,,False,False,other_month,,,,,,,,,,,,b2702,4171.0,4511.0,34051.0,1634.0,187927010.0,-3.1e-05,3850.0,3850.0,-0.1368976264684728,-0.06497242867417885,-0.07695996163989449,-0.07695996163989449,13.0,12.0,0.04,-300.0,-0.07192519779429393,put_oi_wall,3900.0,-0.06497242867417885,above_price_wall,,,,,,,,,,,,,,,,,,,,,,,,,,,,,,,,,,,,,,,,,,,,,,,,,,,,,,,,,,
2026-09-10,COMMODITY,COMMODITY,b,b,b,DCE,2703,,,,,,,4116.0,,,4400.0,3300.0,,,4400.0,,,14.0,0.0,0.0,,,,,,,,0.06899902818270176,,,,,,,,,,,,,,,,,,,,,,,,,,,,,,False,False,other_month,,,,,,,,,,,,b2703,4116.0,198.0,2230.0,-16.0,8146100.0,-2.8999999999999997e-05,3300.0,3300.0,0.06899902818270176,-0.1982507288629738,-0.1982507288629738,-0.1982507288629738,14.0,0.0,1.0,1100.0,0.26724975704567544,call_oi_wall,4400.0,0.06899902818270176,below_price_wall,,,,,,,,,,,,,,,,,,,,,,,,,,,,,,,,,,,,,,,,,,,,,,,,,,,,,,,,,,
2026-09-10,COMMODITY,COMMODITY,b,b,b,DCE,2704,,,,,,,3955.0,,,4100.0,3200.0,,,4100.0,,,99.0,0.0,0.0,,,,,,,,0.036662452591656125,,,,,,,,,,,,,,,,,,,,,,,,,,,,,,False,False,other_month,,,,,,,,,,,,b2704,3955.0,63.0,1336.0,-6.0,2495770.0,-3.5000000000000004e-05,3200.0,3200.0,0.036662452591656125,-0.19089759797724404,-0.19089759797724404,-0.19089759797724404,99.0,0.0,1.0,900.0,0.22756005056890014,call_oi_wall,4100.0,0.036662452591656125,below_price_wall,,,,,,,,,,,,,,,,,,,,,,,,,,,,,,,,,,,,,,,,,,,,,,,,,,,,,,,,,,
2026-09-10,COMMODITY,COMMODITY,b,b,b,DCE,2705,,,,,,,3857.0,,,4200.0,3400.0,,,4200.0,,,106.0,22.0,22120.0,,,,,,,,0.08892921960072586,,,,,,,,,,,,,,,,,,,,,,,,,,,,,,False,False,other_month,,,,,,,,,,,,b2705,3857.0,7703.0,15564.0,218.0,297282850.0,-3.6e-05,4200.0,4200.0,0.08892921960072586,-0.11848586984703136,0.08892921960072586,0.08892921960072586,55.0,51.0,0.03773584905660377,800.0,0.20741508944775733,call_oi_wall,4200.0,0.08892921960072586,below_price_wall,,,,,,,,,,,,,,,,,,,,,,,,,,,,,,,,,,,,,,,,,,,,,,,,,,,,,,,,,,
2026-09-10,COMMODITY,COMMODITY,b,b,b,DCE,2706,,,,,,,3806.0,,,3600.0,3400.0,,,3600.0,,,15.0,0.0,0.0,,,,,,,,-0.054125065685759366,,,,,,,,,,,,,,,,,,,,,,,,,,,,,,False,False,other_month,,,,,,,,,,,,b2706,3806.0,84.0,775.0,-33.0,3201520.0,-5.7e-05,3100.0,3100.0,-0.054125065685759366,-0.10667367314766163,-0.18549658434051497,-0.18549658434051497,14.0,1.0,0.8666666666666667,200.0,0.05254860746190226,call_oi_wall,3600.0,-0.054125065685759366,above_price_wall,,,,,,,,,,,,,,,,,,,,,,,,,,,,,,,,,,,,,,,,,,,,,,,,,,,,,,,,,,
2026-09-10,COMMODITY,COMMODITY,b,b,b,DCE,2707,,,,,,,3810.0,,,3700.0,3300.0,,,3400.0,,,19.0,0.0,0.0,,,,,,,,-0.1076115485564304,,,,,,,,,,,,,,,,,,,,,,,,,,,,,,False,False,other_month,,,,,,,,,,,,b2707,3810.0,200.0,1561.0,25.0,7624370.0,-3.1e-05,3200.0,3200.0,-0.02887139107611547,-0.13385826771653542,-0.16010498687664043,-0.16010498687664043,8.0,11.0,-0.15789473684210525,400.0,0.10498687664041995,call_oi_wall,3700.0,-0.02887139107611547,above_price_wall,,,,,,,,,,,,,,,,,,,,,,,,,,,,,,,,,,,,,,,,,,,,,,,,,,,,,,,,,,
2026-09-10,COMMODITY,COMMODITY,b,b,b,DCE,2708,,,,,,,3868.0,,,4000.0,3300.0,,,3300.0,,,35.0,0.0,0.0,,,,,,,,-0.14684591520165458,,,,,,,,,,,,,,,,,,,,,,,,,,,,,,False,False,other_month,,,,,,,,,,,,b2708,3868.0,20.0,94.0,5.0,778870.0,-6.9e-05,3300.0,3300.0,0.03412616339193386,-0.14684591520165458,-0.14684591520165458,-0.14684591520165458,13.0,22.0,-0.2571428571428571,700.0,0.1809720785935884,call_oi_wall,4000.0,0.03412616339193386,above_price_wall,,,,,,,,,,,,,,,,,,,,,,,,,,,,,,,,,,,,,,,,,,,,,,,,,,,,,,,,,,
2026-09-10,COMMODITY,COMMODITY,bz,bz,bz,DCE,2610,,,,,,,9227.0,,,9600.0,8600.0,,,8600.0,,,6337.0,7230.0,23887035.0,,,,,,,,-0.06795274737184354,,,,,,,,,,,,,,,,,,,,,,,,,,,,,,False,False,other_month,,,,,,,,,,,,bz2610,9227.0,113291.0,32727.0,3046.0,31101334000.0,0.0006,9600.0,9200.0,0.04042484014305847,-0.06795274737184354,0.04042484014305847,-0.0029261948629023538,2759.0,3578.0,-0.1292409657566672,1000.0,0.10837758751490192,amount_wall,9200.0,-0.0029261948629023538,above_price_wall,,,,,,,,,,,,,,,,,,,,,,,,,,,,,,,,,,,,,,,,,,,,,,,,,,,,,,,,,,
2026-09-10,COMMODITY,COMMODITY,bz,bz,bz,DCE,2611,,,,,,,8831.0,,,8400.0,8400.0,,,9200.0,,,1856.0,583.0,6628665.0,,,,,,,,0.04178462235307445,,,,,,,,,,,,,,,,,,,,,,,,,,,,,,False,False,other_month,,,,,,,,,,,,bz2611,8831.0,29150.0,17802.0,1186.0,7696521900.0,0.000543,9200.0,9200.0,-0.048805344808062534,-0.048805344808062534,0.04178462235307445,0.04178462235307445,847.0,1009.0,-0.08728448275862069,0.0,0.0,price_wall,9200.0,0.04178462235307445,below_price_wall,,,,,,,,,,,,,,,,,,,,,,,,,,,,,,,,,,,,,,,,,,,,,,,,,,,,,,,,,,
2026-09-10,COMMODITY,COMMODITY,bz,bz,bz,DCE,2612,,,,,,,8516.0,,,8400.0,5800.0,,,7900.0,,,254.0,20.0,147720.0,,,,,,,,-0.07233442930953504,,,,,,,,,,,,,,,,,,,,,,,,,,,,,,False,False,other_month,,,,,,,,,,,,bz2612,8516.0,2150.0,5715.0,-220.0,549432180.0,0.000448,7900.0,7900.0,-0.013621418506341021,-0.31892907468294973,-0.07233442930953504,-0.07233442930953504,156.0,98.0,0.2283464566929134,2600.0,0.3053076561766087,call_oi_wall,8400.0,-0.013621418506341021,above_price_wall,,,,,,,,,,,,,,,,,,,,,,,,,,,,,,,,,,,,,,,,,,,,,,,,,,,,,,,,,,
2026-09-10,COMMODITY,COMMODITY,bz,bz,bz,DCE,2701,,,,,,,8305.0,,,8400.0,5400.0,,,7700.0,,,226.0,7.0,28965.0,,,,,,,,-0.07284768211920534,,,,,,,,,,,,,,,,,,,,,,,,,,,,,,False,False,other_month,,,,,,,,,,,,bz2701,8305.0,1232.0,2927.0,-269.0,306195960.0,0.000414,5800.0,7700.0,0.011438892233594178,-0.349789283564118,-0.30162552679108967,-0.07284768211920534,122.0,104.0,0.07964601769911504,3000.0,0.3612281757977122,call_oi_wall,8400.0,0.011438892233594178,above_price_wall,,,,,,,,,,,,,,,,,,,,,,,,,,,,,,,,,,,,,,,,,,,,,,,,,,,,,,,,,,
2026-09-10,COMMODITY,COMMODITY,bz,bz,bz,DCE,2702,,,,,,,8173.0,,,8400.0,5200.0,,,7200.0,,,207.0,4.0,15330.0,,,,,,,,-0.11905053224030349,,,,,,,,,,,,,,,,,,,,,,,,,,,,,,False,False,other_month,,,,,,,,,,,,bz2702,8173.0,604.0,1321.0,-354.0,147537300.0,0.000393,6200.0,7200.0,0.027774379052979414,-0.36375871772910806,-0.24140462498470572,-0.11905053224030349,102.0,105.0,-0.014492753623188406,3200.0,0.39153309678208736,call_oi_wall,8400.0,0.027774379052979414,above_price_wall,,,,,,,,,,,,,,,,,,,,,,,,,,,,,,,,,,,,,,,,,,,,,,,,,,,,,,,,,,
2026-09-10,COMMODITY,COMMODITY,bz,bz,bz,DCE,2703,,,,,,,8081.0,,,9200.0,5200.0,,,9200.0,,,206.0,8.0,37575.0,,,,,,,,0.13847296126717,,,,,,,,,,,,,,,,,,,,,,,,,,,,,,False,False,other_month,,,,,,,,,,,,bz2703,8081.0,223.0,646.0,-97.0,53828520.0,0.000342,6000.0,9200.0,0.13847296126717,-0.35651528276203437,-0.25751763395619354,0.13847296126717,120.0,86.0,0.1650485436893204,4000.0,0.4949882440292043,call_oi_wall,9200.0,0.13847296126717,below_price_wall,,,,,,,,,,,,,,,,,,,,,,,,,,,,,,,,,,,,,,,,,,,,,,,,,,,,,,,,,,
2026-09-10,COMMODITY,COMMODITY,bz,bz,bz,DCE,2704,,,,,,,8027.0,,,8000.0,5400.0,,,7800.0,,,152.0,3.0,33285.0,,,,,,,,-0.028279556496823233,,,,,,,,,,,,,,,,,,,,,,,,,,,,,,False,False,other_month,,,,,,,,,,,,bz2704,8027.0,19.0,33.0,0.0,4568040.0,0.000598,6600.0,7800.0,-0.0033636476890495093,-0.32727046219010836,-0.1777750093434658,-0.028279556496823233,81.0,71.0,0.06578947368421052,2600.0,0.3239068145010589,call_oi_wall,8000.0,-0.0033636476890495093,above_price_wall,,,,,,,,,,,,,,,,,,,,,,,,,,,,,,,,,,,,,,,,,,,,,,,,,,,,,,,,,,
2026-09-10,COMMODITY,COMMODITY,bz,bz,bz,DCE,2705,,,,,,,7984.0,,,7000.0,5400.0,,,7000.0,,,160.0,3.0,14040.0,,,,,,,,-0.1232464929859719,,,,,,,,,,,,,,,,,,,,,,,,,,,,,,False,False,other_month,,,,,,,,,,,,bz2705,7984.0,11.0,25.0,4.0,2620440.0,0.00043,5600.0,7000.0,-0.1232464929859719,-0.3236472945891784,-0.2985971943887775,-0.1232464929859719,72.0,88.0,-0.1,1600.0,0.20040080160320642,call_oi_wall,7000.0,-0.1232464929859719,above_price_wall,,,,,,,,,,,,,,,,,,,,,,,,,,,,,,,,,,,,,,,,,,,,,,,,,,,,,,,,,,
2026-09-10,COMMODITY,COMMODITY,bz,bz,bz,DCE,2706,,,,,,,,,,7200.0,5600.0,,,7800.0,,,101.0,1.0,23715.0,,,,,,,,,,,,,,,,,,,,,,,,,,,,,,,,,,,,,,False,False,other_month,,,,,,,,,,,,,,,,,,,7800.0,7800.0,,,,,63.0,38.0,0.24752475247524752,1600.0,,,,,unavailable,,,,,,,,,,,,,,,,,,,,,,,,,,,,,,,,,,,,,,,,,,,,,,,,,,,,,,,,,,
2026-09-10,COMMODITY,COMMODITY,bz,bz,bz,DCE,2707,,,,,,,,,,7000.0,5800.0,,,7000.0,,,31.0,0.0,0.0,,,,,,,,,,,,,,,,,,,,,,,,,,,,,,,,,,,,,,False,False,other_month,,,,,,,,,,,,,,,,,,,5800.0,5800.0,,,,,22.0,9.0,0.41935483870967744,1200.0,,,,,unavailable,,,,,,,,,,,,,,,,,,,,,,,,,,,,,,,,,,,,,,,,,,,,,,,,,,,,,,,,,,
2026-09-10,COMMODITY,COMMODITY,bz,bz,bz,DCE,2708,,,,,,,7742.0,,,7600.0,5800.0,,,7600.0,,,9.0,0.0,0.0,,,,,,,,-0.018341513820718136,,,,,,,,,,,,,,,,,,,,,,,,,,,,,,False,False,other_month,,,,,,,,,,,,bz2708,7742.0,1.0,3.0,1.0,232260.0,0.000354,5800.0,5800.0,-0.018341513820718136,-0.2508395763368638,-0.2508395763368638,-0.2508395763368638,9.0,0.0,1.0,1800.0,0.2324980625161457,call_oi_wall,7600.0,-0.018341513820718136,above_price_wall,,,,,,,,,,,,,,,,,,,,,,,,,,,,,,,,,,,,,,,,,,,,,,,,,,,,,,,,,,
2026-09-10,COMMODITY,COMMODITY,c,c,c,DCE,2611,,,,,,,2263.0,,,2400.0,2200.0,,,2300.0,,,336297.0,93757.0,16961150.0,,,,,,,,0.016349977905435242,,,,,,,,,,,,,,,,,,,,,,,,,,,,,,False,False,other_month,,,,,,,,,,,,c2611,2263.0,608484.0,1178408.0,-21790.0,13807726000.0,-9.599999999999999e-05,2300.0,2300.0,0.06053910737958468,-0.027839151568714082,0.016349977905435242,0.016349977905435242,178495.0,157802.0,0.061531919701930136,200.0,0.08837825894829872,price_wall,2300.0,0.016349977905435242,below_price_wall,,,,,,,,,,,,,,,,,,,,,,,,,,,,,,,,,,,,,,,,,,,,,,,,,,,,,,,,,,
2026-09-10,COMMODITY,COMMODITY,c,c,c,DCE,2701,,,,,,,2287.0,,,2600.0,2260.0,,,2400.0,,,157018.0,36941.0,9301065.0,,,,,,,,0.049409707039790085,,,,,,,,,,,,,,,,,,,,,,,,,,,,,,False,False,other_month,,,,,,,,,,,,c2701,2287.0,270399.0,587514.0,26325.0,6198395100.0,-0.0001,2400.0,2300.0,0.13686051595977267,-0.011805859204197633,0.049409707039790085,0.0056843025797987945,104017.0,53001.0,0.324905424855749,340.0,0.14866637516397027,amount_wall,2300.0,0.0056843025797987945,below_price_wall,,,,,,,,,,,,,,,,,,,,,,,,,,,,,,,,,,,,,,,,,,,,,,,,,,,,,,,,,,
2026-09-10,COMMODITY,COMMODITY,c,c,c,DCE,2703,,,,,,,2310.0,,,2440.0,2280.0,,,2440.0,,,20332.0,5107.0,1390465.0,,,,,,,,0.05627705627705626,,,,,,,,,,,,,,,,,,,,,,,,,,,,,,False,False,other_month,,,,,,,,,,,,c2703,2310.0,59068.0,287589.0,13138.0,1367125900.0,-8.999999999999999e-05,2440.0,2320.0,0.05627705627705626,-0.012987012987012991,0.05627705627705626,0.0043290043290042934,14007.0,6325.0,0.3778280542986425,160.0,0.06926406926406926,amount_wall,2320.0,0.0043290043290042934,below_price_wall,,,,,,,,,,,,,,,,,,,,,,,,,,,,,,,,,,,,,,,,,,,,,,,,,,,,,,,,,,
2026-09-10,COMMODITY,COMMODITY,c,c,c,DCE,2705,,,,,,,2353.0,,,2600.0,2280.0,,,2280.0,,,3561.0,182.0,37780.0,,,,,,,,-0.03102422439439012,,,,,,,,,,,,,,,,,,,,,,,,,,,,,,False,False,other_month,,,,,,,,,,,,c2705,2353.0,28765.0,109401.0,1529.0,678551900.0,-7.2e-05,2280.0,2280.0,0.1049723756906078,-0.03102422439439012,-0.03102422439439012,-0.03102422439439012,1497.0,2064.0,-0.15922493681550126,320.0,0.13599660008499787,put_oi_wall,2280.0,-0.03102422439439012,above_price_wall,,,,,,,,,,,,,,,,,,,,,,,,,,,,,,,,,,,,,,,,,,,,,,,,,,,,,,,,,,
2026-09-10,COMMODITY,COMMODITY,c,c,c,DCE,2707,,,,,,,2368.0,,,2360.0,2080.0,,,2360.0,,,433.0,0.0,0.0,,,,,,,,-0.0033783783783783994,,,,,,,,,,,,,,,,,,,,,,,,,,,,,,False,False,other_month,,,,,,,,,,,,c2707,2368.0,12048.0,111223.0,4039.0,286054660.0,-7.5e-05,2040.0,2040.0,-0.0033783783783783994,-0.1216216216216216,-0.1385135135135135,-0.1385135135135135,337.0,96.0,0.5565819861431871,280.0,0.11824324324324324,call_oi_wall,2360.0,-0.0033783783783783994,near_price_wall,,,,,,,,,,,,,,,,,,,,,,,,,,,,,,,,,,,,,,,,,,,,,,,,,,,,,,,,,,
2026-09-10,COMMODITY,COMMODITY,cs,cs,cs,DCE,2611,,,,,,,2521.0,,,2750.0,2500.0,,,2650.0,,,63252.0,28911.0,11181590.0,,,,,,,,0.05117017056723516,,,,,,,,,,,,,,,,,,,,,,,,,,,,,,False,False,other_month,,,,,,,,,,,,cs2611,2521.0,148118.0,288855.0,-3176.0,3750616500.0,-0.000129,2600.0,2800.0,0.09083696945656494,-0.008330027766759174,0.031336771122570495,0.11067036890122961,43727.0,19525.0,0.38262821728957186,250.0,0.09916699722332407,put_oi_wall,2500.0,-0.008330027766759174,below_price_wall,,,,,,,,,,,,,,,,,,,,,,,,,,,,,,,,,,,,,,,,,,,,,,,,,,,,,,,,,,
2026-09-10,COMMODITY,COMMODITY,cs,cs,cs,DCE,2701,,,,,,,2565.0,,,2750.0,2850.0,,,2800.0,,,11723.0,9768.0,5610910.0,,,,,,,,0.09161793372319682,,,,,,,,,,,,,,,,,,,,,,,,,,,,,,False,False,other_month,,,,,,,,,,,,cs2701,2565.0,31420.0,57199.0,-998.0,807878240.0,-0.000119,2500.0,2400.0,0.0721247563352827,0.11111111111111116,-0.025341130604288553,-0.06432748538011701,7763.0,3960.0,0.32440501578094344,-100.0,-0.03898635477582846,volume_wall,2500.0,-0.025341130604288553,below_price_wall,,,,,,,,,,,,,,,,,,,,,,,,,,,,,,,,,,,,,,,,,,,,,,,,,,,,,,,,,,
2026-09-10,COMMODITY,COMMODITY,cs,cs,cs,DCE,2703,,,,,,,2579.0,,,3000.0,2400.0,,,3000.0,,,661.0,32.0,3965.0,,,,,,,,0.16324156649864285,,,,,,,,,,,,,,,,,,,,,,,,,,,,,,False,False,other_month,,,,,,,,,,,,cs2703,2579.0,7832.0,45327.0,2506.0,202561610.0,-0.000107,3000.0,3000.0,0.16324156649864285,-0.06940674680108572,0.16324156649864285,0.16324156649864285,516.0,145.0,0.5612708018154312,600.0,0.23264831329972857,put_oi_wall,2400.0,-0.06940674680108572,below_price_wall,,,,,,,,,,,,,,,,,,,,,,,,,,,,,,,,,,,,,,,,,,,,,,,,,,,,,,,,,,
2026-09-10,COMMODITY,COMMODITY,cs,cs,cs,DCE,2705,,,,,,,2669.0,,,3000.0,2400.0,,,2400.0,,,60.0,0.0,0.0,,,,,,,,-0.10078681153990254,,,,,,,,,,,,,,,,,,,,,,,,,,,,,,False,False,other_month,,,,,,,,,,,,cs2705,2669.0,1770.0,3227.0,258.0,47337720.0,-7.400000000000001e-05,2400.0,2400.0,0.1240164855751218,-0.10078681153990254,-0.10078681153990254,-0.10078681153990254,10.0,50.0,-0.6666666666666666,600.0,0.22480329711502436,put_oi_wall,2400.0,-0.10078681153990254,above_price_wall,,,,,,,,,,,,,,,,,,,,,,,,,,,,,,,,,,,,,,,,,,,,,,,,,,,,,,,,,,
2026-09-10,COMMODITY,COMMODITY,cs,cs,cs,DCE,2707,,,,,,,2684.0,,,2900.0,2400.0,,,2400.0,,,62.0,1.0,160.0,,,,,,,,-0.10581222056631889,,,,,,,,,,,,,,,,,,,,,,,,,,,,,,False,False,other_month,,,,,,,,,,,,cs2707,2684.0,167.0,292.0,70.0,4486560.0,-5.2e-05,2400.0,2400.0,0.0804769001490313,-0.10581222056631889,-0.10581222056631889,-0.10581222056631889,10.0,52.0,-0.6774193548387096,500.0,0.18628912071535023,call_oi_wall,2900.0,0.0804769001490313,above_price_wall,,,,,,,,,,,,,,,,,,,,,,,,,,,,,,,,,,,,,,,,,,,,,,,,,,,,,,,,,,
2026-09-10,COMMODITY,COMMODITY,eb,eb,eb,DCE,2610,,,,,,,10307.0,,,11200.0,9000.0,,,10000.0,,,273845.0,817667.0,426482498.0,,,,,,,,-0.029785582613757633,,,,,,,,,,,,,,,,,,,,,,,,,,,,,,False,False,other_month,,,,,,,,,,,,eb2610,10307.0,1696448.0,321827.0,28335.0,87217877000.0,0.0005319999999999999,11200.0,10000.0,0.08664014747259152,-0.1268070243523819,0.08664014747259152,-0.029785582613757633,84480.0,189365.0,-0.3830086362723438,2200.0,0.21344717182497333,price_wall,10000.0,-0.029785582613757633,above_price_wall,,,,,,,,,,,,,,,,,,,,,,,,,,,,,,,,,,,,,,,,,,,,,,,,,,,,,,,,,,
2026-09-10,COMMODITY,COMMODITY,eb,eb,eb,DCE,2611,,,,,,,9992.0,,,10800.0,8800.0,,,10800.0,,,26562.0,30503.0,44228862.0,,,,,,,,0.08086469175340283,,,,,,,,,,,,,,,,,,,,,,,,,,,,,,False,False,other_month,,,,,,,,,,,,eb2611,9992.0,494074.0,238166.0,39360.0,24699846000.0,0.00046600000000000005,10800.0,10800.0,0.08086469175340283,-0.11929543634907924,0.08086469175340283,0.08086469175340283,11427.0,15135.0,-0.1395979218432347,2000.0,0.200160128102482,call_oi_wall,10800.0,0.08086469175340283,below_price_wall,,,,,,,,,,,,,,,,,,,,,,,,,,,,,,,,,,,,,,,,,,,,,,,,,,,,,,,,,,
2026-09-10,COMMODITY,COMMODITY,eb,eb,eb,DCE,2612,,,,,,,9703.0,,,9000.0,7800.0,,,9600.0,,,340.0,27.0,40289.0,,,,,,,,-0.01061527362671344,,,,,,,,,,,,,,,,,,,,,,,,,,,,,,False,False,other_month,,,,,,,,,,,,eb2612,9703.0,92855.0,63704.0,7793.0,4523600800.0,0.000383,7800.0,9600.0,-0.07245181902504383,-0.1961249098217046,-0.1961249098217046,-0.01061527362671344,107.0,233.0,-0.37058823529411766,1200.0,0.12367309079666082,price_wall,9600.0,-0.01061527362671344,above_price_wall,,,,,,,,,,,,,,,,,,,,,,,,,,,,,,,,,,,,,,,,,,,,,,,,,,,,,,,,,,
2026-09-10,COMMODITY,COMMODITY,eb,eb,eb,DCE,2701,,,,,,,9483.0,,,9600.0,8000.0,,,8600.0,,,520.0,99.0,179594.0,,,,,,,,-0.09311399346198457,,,,,,,,,,,,,,,,,,,,,,,,,,,,,,False,False,other_month,,,,,,,,,,,,eb2701,9483.0,50764.0,26552.0,3126.0,2420282700.0,0.0003,8600.0,8600.0,0.012337867763366095,-0.15638511019719503,-0.09311399346198457,-0.09311399346198457,183.0,337.0,-0.29615384615384616,1600.0,0.16872297796056102,call_oi_wall,9600.0,0.012337867763366095,above_price_wall,,,,,,,,,,,,,,,,,,,,,,,,,,,,,,,,,,,,,,,,,,,,,,,,,,,,,,,,,,
2026-09-10,COMMODITY,COMMODITY,eb,eb,eb,DCE,2702,,,,,,,9314.0,,,8800.0,7000.0,,,8800.0,,,279.0,3.0,7809.0,,,,,,,,-0.05518574189392311,,,,,,,,,,,,,,,,,,,,,,,,,,,,,,False,False,other_month,,,,,,,,,,,,eb2702,9314.0,9242.0,18633.0,1943.0,432571150.0,0.000228,8800.0,8800.0,-0.05518574189392311,-0.248443203779257,-0.05518574189392311,-0.05518574189392311,95.0,184.0,-0.31899641577060933,1800.0,0.1932574618853339,call_oi_wall,8800.0,-0.05518574189392311,above_price_wall,,,,,,,,,,,,,,,,,,,,,,,,,,,,,,,,,,,,,,,,,,,,,,,,,,,,,,,,,,
2026-09-10,COMMODITY,COMMODITY,eb,eb,eb,DCE,2703,,,,,,,9242.0,,,10400.0,7400.0,,,8000.0,,,127.0,0.0,0.0,,,,,,,,-0.1343864964293443,,,,,,,,,,,,,,,,,,,,,,,,,,,,,,False,False,other_month,,,,,,,,,,,,eb2703,9242.0,1009.0,1339.0,403.0,46941770.0,0.00021799999999999999,6400.0,6400.0,0.12529755464185244,-0.19930750919714346,-0.30750919714347547,-0.30750919714347547,91.0,36.0,0.4330708661417323,3000.0,0.3246050638389959,call_oi_wall,10400.0,0.12529755464185244,above_price_wall,,,,,,,,,,,,,,,,,,,,,,,,,,,,,,,,,,,,,,,,,,,,,,,,,,,,,,,,,,
2026-09-10,COMMODITY,COMMODITY,eb,eb,eb,DCE,2704,,,,,,,9198.0,,,9000.0,7600.0,,,9000.0,,,134.0,0.0,0.0,,,,,,,,-0.021526418786692814,,,,,,,,,,,,,,,,,,,,,,,,,,,,,,False,False,other_month,,,,,,,,,,,,eb2704,9198.0,506.0,557.0,203.0,23358205.0,0.000239,6400.0,6400.0,-0.021526418786692814,-0.17373342030876282,-0.3041965644705371,-0.3041965644705371,100.0,34.0,0.4925373134328358,1400.0,0.15220700152207,call_oi_wall,9000.0,-0.021526418786692814,above_price_wall,,,,,,,,,,,,,,,,,,,,,,,,,,,,,,,,,,,,,,,,,,,,,,,,,,,,,,,,,,
2026-09-10,COMMODITY,COMMODITY,eb,eb,eb,DCE,2705,,,,,,,9099.0,,,9600.0,7800.0,,,9600.0,,,336.0,0.0,0.0,,,,,,,,0.05506099571381462,,,,,,,,,,,,,,,,,,,,,,,,,,,,,,False,False,other_month,,,,,,,,,,,,eb2705,9099.0,678.0,1229.0,194.0,30909550.0,0.000235,6400.0,6400.0,0.05506099571381462,-0.1427629409825255,-0.2966260028574569,-0.2966260028574569,182.0,154.0,0.08333333333333333,1800.0,0.19782393669634027,call_oi_wall,9600.0,0.05506099571381462,below_price_wall,,,,,,,,,,,,,,,,,,,,,,,,,,,,,,,,,,,,,,,,,,,,,,,,,,,,,,,,,,
2026-09-10,COMMODITY,COMMODITY,eb,eb,eb,DCE,2706,,,,,,,9033.0,,,9800.0,6400.0,,,9800.0,,,18.0,10.0,28570.0,,,,,,,,0.0849108823203808,,,,,,,,,,,,,,,,,,,,,,,,,,,,,,False,False,other_month,,,,,,,,,,,,eb2706,9033.0,74.0,183.0,29.0,3360850.0,0.000229,9800.0,9800.0,0.0849108823203808,-0.2914867707295472,0.0849108823203808,0.0849108823203808,17.0,1.0,0.8888888888888888,3400.0,0.37639765304992806,call_oi_wall,9800.0,0.0849108823203808,below_price_wall,,,,,,,,,,,,,,,,,,,,,,,,,,,,,,,,,,,,,,,,,,,,,,,,,,,,,,,,,,
2026-09-10,COMMODITY,COMMODITY,eb,eb,eb,DCE,2707,,,,,,,9003.0,,,8600.0,6600.0,,,8600.0,,,253.0,0.0,0.0,,,,,,,,-0.04476285682550263,,,,,,,,,,,,,,,,,,,,,,,,,,,,,,False,False,other_month,,,,,,,,,,,,eb2707,9003.0,64.0,75.0,22.0,2896880.0,0.000243,6600.0,6600.0,-0.04476285682550263,-0.26691102965678104,-0.26691102965678104,-0.26691102965678104,189.0,64.0,0.49407114624505927,2000.0,0.22214817283127847,call_oi_wall,8600.0,-0.04476285682550263,above_price_wall,,,,,,,,,,,,,,,,,,,,,,,,,,,,,,,,,,,,,,,,,,,,,,,,,,,,,,,,,,
2026-09-10,COMMODITY,COMMODITY,eb,eb,eb,DCE,2708,,,,,,,8950.0,,,8000.0,7000.0,,,8000.0,,,58.0,0.0,0.0,,,,,,,,-0.1061452513966481,,,,,,,,,,,,,,,,,,,,,,,,,,,,,,False,False,other_month,,,,,,,,,,,,eb2708,8950.0,28.0,15.0,6.0,1250660.0,0.00021700000000000002,7000.0,7000.0,-0.1061452513966481,-0.2178770949720671,-0.2178770949720671,-0.2178770949720671,23.0,35.0,-0.20689655172413793,1000.0,0.11173184357541899,call_oi_wall,8000.0,-0.1061452513966481,above_price_wall,,,,,,,,,,,,,,,,,,,,,,,,,,,,,,,,,,,,,,,,,,,,,,,,,,,,,,,,,,
2026-09-10,COMMODITY,COMMODITY,eg,eg,eg,DCE,2610,,,,,,,5917.0,,,6400.0,5000.0,,,5500.0,,,358841.0,839842.0,703639310.0,,,,,,,,-0.07047490282237623,,,,,,,,,,,,,,,,,,,,,,,,,,,,,,False,False,other_month,,,,,,,,,,,,eg2610,5917.0,2327269.0,336016.0,-4142.0,139336710000.0,0.000195,6000.0,6000.0,0.08162920398850759,-0.15497718438397834,0.014027378739225993,0.014027378739225993,96397.0,262444.0,-0.4627314047168523,1400.0,0.23660638837248607,volume_wall,6000.0,0.014027378739225993,above_price_wall,,,,,,,,,,,,,,,,,,,,,,,,,,,,,,,,,,,,,,,,,,,,,,,,,,,,,,,,,,
2026-09-10,COMMODITY,COMMODITY,eg,eg,eg,DCE,2611,,,,,,,5572.0,,,6000.0,3200.0,,,5000.0,,,47972.0,33715.0,66654605.0,,,,,,,,-0.10265613783201721,,,,,,,,,,,,,,,,,,,,,,,,,,,,,,False,False,other_month,,,,,,,,,,,,eg2611,5572.0,168569.0,130344.0,4429.0,9497061400.0,0.00021999999999999998,6000.0,6000.0,0.07681263460157939,-0.42569992821249103,0.07681263460157939,0.07681263460157939,16964.0,31008.0,-0.2927541065621613,2800.0,0.5025125628140703,call_oi_wall,6000.0,0.07681263460157939,above_price_wall,,,,,,,,,,,,,,,,,,,,,,,,,,,,,,,,,,,,,,,,,,,,,,,,,,,,,,,,,,
2026-09-10,COMMODITY,COMMODITY,eg,eg,eg,DCE,2612,,,,,,,5346.0,,,5400.0,3600.0,,,5600.0,,,399.0,63.0,177540.0,,,,,,,,0.04751215862326963,,,,,,,,,,,,,,,,,,,,,,,,,,,,,,False,False,other_month,,,,,,,,,,,,eg2612,5346.0,36915.0,78860.0,3253.0,1990386500.0,0.00021799999999999999,5600.0,5600.0,0.010101010101010166,-0.32659932659932656,0.04751215862326963,0.04751215862326963,297.0,102.0,0.48872180451127817,1800.0,0.3367003367003367,call_oi_wall,5400.0,0.010101010101010166,below_price_wall,,,,,,,,,,,,,,,,,,,,,,,,,,,,,,,,,,,,,,,,,,,,,,,,,,,,,,,,,,
2026-09-10,COMMODITY,COMMODITY,eg,eg,eg,DCE,2701,,,,,,,5183.0,,,5600.0,3600.0,,,5600.0,,,912.0,203.0,412785.0,,,,,,,,0.08045533474821531,,,,,,,,,,,,,,,,,,,,,,,,,,,,,,False,False,other_month,,,,,,,,,,,,eg2701,5183.0,404010.0,196324.0,4543.0,21111016000.0,0.00021700000000000002,5600.0,5600.0,0.08045533474821531,-0.3054215705190044,0.08045533474821531,0.08045533474821531,429.0,483.0,-0.05921052631578947,2000.0,0.38587690526721974,call_oi_wall,5600.0,0.08045533474821531,below_price_wall,,,,,,,,,,,,,,,,,,,,,,,,,,,,,,,,,,,,,,,,,,,,,,,,,,,,,,,,,,
2026-09-10,COMMODITY,COMMODITY,eg,eg,eg,DCE,2702,,,,,,,5045.0,,,4600.0,4200.0,,,4600.0,,,125.0,0.0,0.0,,,,,,,,-0.08820614469772048,,,,,,,,,,,,,,,,,,,,,,,,,,,,,,False,False,other_month,,,,,,,,,,,,eg2702,5045.0,4349.0,24080.0,1246.0,221236930.0,0.000196,3500.0,3500.0,-0.08820614469772048,-0.1674925668979187,-0.3062438057482656,-0.3062438057482656,80.0,45.0,0.28,400.0,0.07928642220019821,call_oi_wall,4600.0,-0.08820614469772048,above_price_wall,,,,,,,,,,,,,,,,,,,,,,,,,,,,,,,,,,,,,,,,,,,,,,,,,,,,,,,,,,
2026-09-10,COMMODITY,COMMODITY,eg,eg,eg,DCE,2703,,,,,,,4951.0,,,5600.0,3700.0,,,5600.0,,,78.0,3.0,5820.0,,,,,,,,0.13108462936780452,,,,,,,,,,,,,,,,,,,,,,,,,,,,,,False,False,other_month,,,,,,,,,,,,eg2703,4951.0,668.0,855.0,27.0,33403030.0,0.00015800000000000002,5600.0,5600.0,0.13108462936780452,-0.2526762270248435,0.13108462936780452,0.13108462936780452,67.0,11.0,0.717948717948718,1900.0,0.38376085639264795,call_oi_wall,5600.0,0.13108462936780452,below_price_wall,,,,,,,,,,,,,,,,,,,,,,,,,,,,,,,,,,,,,,,,,,,,,,,,,,,,,,,,,,
2026-09-10,COMMODITY,COMMODITY,eg,eg,eg,DCE,2704,,,,,,,4923.0,,,5400.0,3700.0,,,3500.0,,,117.0,6.0,2430.0,,,,,,,,-0.2890513914279911,,,,,,,,,,,,,,,,,,,,,,,,,,,,,,False,False,other_month,,,,,,,,,,,,eg2704,4923.0,526.0,514.0,229.0,25946090.0,7.2e-05,3500.0,3500.0,0.09689213893967086,-0.2484257566524477,-0.2890513914279911,-0.2890513914279911,112.0,5.0,0.9145299145299145,1700.0,0.3453178955921186,call_oi_wall,5400.0,0.09689213893967086,above_price_wall,,,,,,,,,,,,,,,,,,,,,,,,,,,,,,,,,,,,,,,,,,,,,,,,,,,,,,,,,,
2026-09-10,COMMODITY,COMMODITY,eg,eg,eg,DCE,2705,,,,,,,4857.0,,,5000.0,3700.0,,,5400.0,,,119.0,4.0,12485.0,,,,,,,,0.11179740580605313,,,,,,,,,,,,,,,,,,,,,,,,,,,,,,False,False,other_month,,,,,,,,,,,,eg2705,4857.0,6448.0,7864.0,750.0,314720030.0,3.5000000000000004e-05,5400.0,5400.0,0.02944204241301218,-0.23821288861437107,0.11179740580605313,0.11179740580605313,77.0,42.0,0.29411764705882354,1300.0,0.26765493102738314,call_oi_wall,5000.0,0.02944204241301218,below_price_wall,,,,,,,,,,,,,,,,,,,,,,,,,,,,,,,,,,,,,,,,,,,,,,,,,,,,,,,,,,
2026-09-10,COMMODITY,COMMODITY,eg,eg,eg,DCE,2706,,,,,,,4800.0,,,4900.0,3800.0,,,3800.0,,,55.0,70.0,68510.0,,,,,,,,-0.20833333333333337,,,,,,,,,,,,,,,,,,,,,,,,,,,,,,False,False,other_month,,,,,,,,,,,,eg2706,4800.0,115.0,133.0,31.0,5553700.0,2e-06,3800.0,3800.0,0.02083333333333326,-0.20833333333333337,-0.20833333333333337,-0.20833333333333337,8.0,47.0,-0.7090909090909091,1100.0,0.22916666666666666,call_oi_wall,4900.0,0.02083333333333326,above_price_wall,,,,,,,,,,,,,,,,,,,,,,,,,,,,,,,,,,,,,,,,,,,,,,,,,,,,,,,,,,
2026-09-10,COMMODITY,COMMODITY,eg,eg,eg,DCE,2707,,,,,,,4794.0,,,5200.0,3700.0,,,5200.0,,,47.0,0.0,0.0,,,,,,,,0.08468919482686688,,,,,,,,,,,,,,,,,,,,,,,,,,,,,,False,False,other_month,,,,,,,,,,,,eg2707,4794.0,62.0,86.0,14.0,2993510.0,2e-06,3700.0,3700.0,0.08468919482686688,-0.22820191906549858,-0.22820191906549858,-0.22820191906549858,25.0,22.0,0.06382978723404255,1500.0,0.31289111389236546,call_oi_wall,5200.0,0.08468919482686688,below_price_wall,,,,,,,,,,,,,,,,,,,,,,,,,,,,,,,,,,,,,,,,,,,,,,,,,,,,,,,,,,
2026-09-10,COMMODITY,COMMODITY,eg,eg,eg,DCE,2708,,,,,,,4796.0,,,4700.0,4400.0,,,4400.0,,,5.0,0.0,0.0,,,,,,,,-0.08256880733944949,,,,,,,,,,,,,,,,,,,,,,,,,,,,,,False,False,other_month,,,,,,,,,,,,eg2708,4796.0,91.0,163.0,49.0,4387280.0,1.3e-05,3900.0,3900.0,-0.020016680567139233,-0.08256880733944949,-0.18682235195996666,-0.18682235195996666,4.0,1.0,0.6,300.0,0.06255212677231026,call_oi_wall,4700.0,-0.020016680567139233,above_price_wall,,,,,,,,,,,,,,,,,,,,,,,,,,,,,,,,,,,,,,,,,,,,,,,,,,,,,,,,,,
2026-09-10,COMMODITY,COMMODITY,i,i,i,DCE,2610,,,,,,,740.5,,,760.0,700.0,,,750.0,,,140207.0,126510.0,44499780.0,,,,,,,,0.01282916948008106,,,,,,,,,,,,,,,,,,,,,,,,,,,,,,False,False,other_month,,,,,,,,,,,,i2610,740.5,19730.0,57777.0,-7069.0,1468424500.0,-0.00014000000000000001,750.0,750.0,0.026333558406482105,-0.05469277515192439,0.01282916948008106,0.01282916948008106,62089.0,78118.0,-0.11432382120721504,60.0,0.08102633355840648,price_wall,750.0,0.01282916948008106,below_price_wall,,,,,,,,,,,,,,,,,,,,,,,,,,,,,,,,,,,,,,,,,,,,,,,,,,,,,,,,,,
2026-09-10,COMMODITY,COMMODITY,i,i,i,DCE,2611,,,,,,,738.5,,,800.0,700.0,,,700.0,,,30515.0,13671.0,7320620.0,,,,,,,,-0.05213270142180093,,,,,,,,,,,,,,,,,,,,,,,,,,,,,,False,False,other_month,,,,,,,,,,,,i2611,738.5,9086.0,89679.0,772.0,673825600.0,-0.000134,700.0,740.0,0.08327691266079884,-0.05213270142180093,-0.05213270142180093,0.0020311442112390665,14481.0,16034.0,-0.05089300344093069,100.0,0.13540961408259986,amount_wall,740.0,0.0020311442112390665,above_price_wall,,,,,,,,,,,,,,,,,,,,,,,,,,,,,,,,,,,,,,,,,,,,,,,,,,,,,,,,,,
2026-09-10,COMMODITY,COMMODITY,i,i,i,DCE,2612,,,,,,,734.5,,,900.0,740.0,,,740.0,,,708.0,1.0,1330.0,,,,,,,,0.0074880871341047595,,,,,,,,,,,,,,,,,,,,,,,,,,,,,,False,False,other_month,,,,,,,,,,,,i2612,734.5,6303.0,87805.0,112.0,464508100.0,-0.000128,750.0,750.0,0.22532334921715447,0.0074880871341047595,0.021102791014295352,0.021102791014295352,239.0,469.0,-0.3248587570621469,160.0,0.21783526208304968,put_oi_wall,740.0,0.0074880871341047595,below_price_wall,,,,,,,,,,,,,,,,,,,,,,,,,,,,,,,,,,,,,,,,,,,,,,,,,,,,,,,,,,
2026-09-10,COMMODITY,COMMODITY,i,i,i,DCE,2701,,,,,,,730.5,,,800.0,700.0,,,800.0,,,69730.0,16015.0,19397100.0,,,,,,,,0.09514031485284047,,,,,,,,,,,,,,,,,,,,,,,,,,,,,,False,False,other_month,,,,,,,,,,,,i2701,730.5,275514.0,613720.0,1593.0,20153445000.0,-9.499999999999999e-05,800.0,730.0,0.09514031485284047,-0.04175222450376459,0.09514031485284047,-0.000684462696783017,32431.0,37299.0,-0.0698121325111143,100.0,0.13689253935660506,amount_wall,730.0,-0.000684462696783017,below_price_wall,,,,,,,,,,,,,,,,,,,,,,,,,,,,,,,,,,,,,,,,,,,,,,,,,,,,,,,,,,
2026-09-10,COMMODITY,COMMODITY,i,i,i,DCE,2702,,,,,,,727.5,,,820.0,720.0,,,720.0,,,377.0,0.0,0.0,,,,,,,,-0.010309278350515427,,,,,,,,,,,,,,,,,,,,,,,,,,,,,,False,False,other_month,,,,,,,,,,,,i2702,727.5,965.0,64247.0,6.0,70353050.0,-9.499999999999999e-05,580.0,580.0,0.12714776632302405,-0.010309278350515427,-0.20274914089347074,-0.20274914089347074,45.0,332.0,-0.7612732095490716,100.0,0.13745704467353953,put_oi_wall,720.0,-0.010309278350515427,above_price_wall,,,,,,,,,,,,,,,,,,,,,,,,,,,,,,,,,,,,,,,,,,,,,,,,,,,,,,,,,,
2026-09-10,COMMODITY,COMMODITY,i,i,i,DCE,2703,,,,,,,725.0,,,700.0,740.0,,,740.0,,,307.0,0.0,0.0,,,,,,,,0.020689655172413834,,,,,,,,,,,,,,,,,,,,,,,,,,,,,,False,False,other_month,,,,,,,,,,,,i2703,725.0,1912.0,59279.0,312.0,138853000.0,-8.9e-05,580.0,580.0,-0.03448275862068961,0.020689655172413834,-0.19999999999999996,-0.19999999999999996,11.0,296.0,-0.9283387622149837,-40.0,-0.05517241379310345,put_oi_wall,740.0,0.020689655172413834,below_price_wall,,,,,,,,,,,,,,,,,,,,,,,,,,,,,,,,,,,,,,,,,,,,,,,,,,,,,,,,,,
2026-09-10,COMMODITY,COMMODITY,i,i,i,DCE,2704,,,,,,,723.0,,,760.0,740.0,,,740.0,,,200.0,0.0,0.0,,,,,,,,0.023513139695712226,,,,,,,,,,,,,,,,,,,,,,,,,,,,,,False,False,other_month,,,,,,,,,,,,i2704,723.0,1051.0,42563.0,318.0,76158650.0,-8.9e-05,580.0,580.0,0.051175656984785656,0.023513139695712226,-0.1977869986168741,-0.1977869986168741,29.0,171.0,-0.71,20.0,0.027662517289073305,put_oi_wall,740.0,0.023513139695712226,below_price_wall,,,,,,,,,,,,,,,,,,,,,,,,,,,,,,,,,,,,,,,,,,,,,,,,,,,,,,,,,,
2026-09-10,COMMODITY,COMMODITY,i,i,i,DCE,2705,,,,,,,719.0,,,800.0,700.0,,,700.0,,,1810.0,28.0,56280.0,,,,,,,,-0.026425591098748313,,,,,,,,,,,,,,,,,,,,,,,,,,,,,,False,False,other_month,,,,,,,,,,,,i2705,719.0,21344.0,98448.0,3046.0,1537372400.0,-9.599999999999999e-05,700.0,800.0,0.11265646731571621,-0.026425591098748313,-0.026425591098748313,0.11265646731571621,455.0,1355.0,-0.4972375690607735,100.0,0.13908205841446453,put_oi_wall,700.0,-0.026425591098748313,above_price_wall,,,,,,,,,,,,,,,,,,,,,,,,,,,,,,,,,,,,,,,,,,,,,,,,,,,,,,,,,,
2026-09-10,COMMODITY,COMMODITY,i,i,i,DCE,2706,,,,,,,715.5,,,740.0,720.0,,,720.0,,,382.0,0.0,0.0,,,,,,,,0.0062893081761006275,,,,,,,,,,,,,,,,,,,,,,,,,,,,,,False,False,other_month,,,,,,,,,,,,i2706,715.5,512.0,29884.0,167.0,36754350.0,-0.000104,580.0,580.0,0.03424178895877006,0.0062893081761006275,-0.1893780573025856,-0.1893780573025856,50.0,332.0,-0.7382198952879581,20.0,0.027952480782669462,put_oi_wall,720.0,0.0062893081761006275,below_price_wall,,,,,,,,,,,,,,,,,,,,,,,,,,,,,,,,,,,,,,,,,,,,,,,,,,,,,,,,,,
2026-09-10,COMMODITY,COMMODITY,i,i,i,DCE,2707,,,,,,,713.0,,,720.0,720.0,,,740.0,,,108.0,3.0,10230.0,,,,,,,,0.03786816269284721,,,,,,,,,,,,,,,,,,,,,,,,,,,,,,False,False,other_month,,,,,,,,,,,,i2707,713.0,751.0,22294.0,229.0,53695500.0,-0.000104,740.0,740.0,0.009817671809256634,0.009817671809256634,0.03786816269284721,0.03786816269284721,59.0,49.0,0.09259259259259259,0.0,0.0,call_oi_wall,720.0,0.009817671809256634,below_price_wall,,,,,,,,,,,,,,,,,,,,,,,,,,,,,,,,,,,,,,,,,,,,,,,,,,,,,,,,,,
2026-09-10,COMMODITY,COMMODITY,i,i,i,DCE,2708,,,,,,,711.5,,,800.0,740.0,,,740.0,,,28.0,3.0,13800.0,,,,,,,,0.04005621925509484,,,,,,,,,,,,,,,,,,,,,,,,,,,,,,False,False,other_month,,,,,,,,,,,,i2708,711.5,694.0,6233.0,267.0,49489900.0,-8.4e-05,740.0,740.0,0.12438510189739982,0.04005621925509484,0.04005621925509484,0.04005621925509484,16.0,12.0,0.14285714285714285,60.0,0.084328882642305,put_oi_wall,740.0,0.04005621925509484,below_price_wall,,,,,,,,,,,,,,,,,,,,,,,,,,,,,,,,,,,,,,,,,,,,,,,,,,,,,,,,,,
2026-09-10,COMMODITY,COMMODITY,j,j,j,DCE,2611,,,,,,,2129.0,,,2300.0,2025.0,,,2100.0,,,4459.0,4162.0,26478650.0,,,,,,,,-0.013621418506341021,,,,,,,,,,,,,,,,,,,,,,,,,,,,,,False,False,other_month,,,,,,,,,,,,j2611,2129.0,1148.0,5001.0,167.0,244683800.0,-0.00013,2100.0,2100.0,0.08031939877876937,-0.04884922498825739,-0.013621418506341021,-0.013621418506341021,2199.0,2260.0,-0.013680197353666742,275.0,0.12916862376702679,price_wall,2100.0,-0.013621418506341021,above_price_wall,,,,,,,,,,,,,,,,,,,,,,,,,,,,,,,,,,,,,,,,,,,,,,,,,,,,,,,,,,
2026-09-10,COMMODITY,COMMODITY,j,j,j,DCE,2612,,,,,,,2119.5,,,2375.0,1925.0,,,2100.0,,,27.0,4.0,22060.0,,,,,,,,-0.009200283085633365,,,,,,,,,,,,,,,,,,,,,,,,,,,,,,False,False,other_month,,,,,,,,,,,,j2612,2119.5,84.0,1988.0,-14.0,17748900.0,-0.000165,2100.0,2100.0,0.12054729889124793,-0.09176692616183058,-0.009200283085633365,-0.009200283085633365,17.0,10.0,0.25925925925925924,450.0,0.21231422505307856,price_wall,2100.0,-0.009200283085633365,above_price_wall,,,,,,,,,,,,,,,,,,,,,,,,,,,,,,,,,,,,,,,,,,,,,,,,,,,,,,,,,,
2026-09-10,COMMODITY,COMMODITY,j,j,j,DCE,2701,,,,,,,2136.5,,,2200.0,2000.0,,,2200.0,,,4633.0,4068.0,31679640.0,,,,,,,,0.029721507137842273,,,,,,,,,,,,,,,,,,,,,,,,,,,,,,False,False,other_month,,,,,,,,,,,,j2701,2136.5,49316.0,63438.0,-1092.0,10498419300.0,-0.000127,2200.0,2200.0,0.029721507137842273,-0.0638895389655979,0.029721507137842273,0.029721507137842273,2603.0,2030.0,0.12367796244334124,200.0,0.0936110461034402,call_oi_wall,2200.0,0.029721507137842273,below_price_wall,,,,,,,,,,,,,,,,,,,,,,,,,,,,,,,,,,,,,,,,,,,,,,,,,,,,,,,,,,
2026-09-10,COMMODITY,COMMODITY,j,j,j,DCE,2702,,,,,,,2117.5,,,2425.0,1925.0,,,1925.0,,,11.0,0.0,0.0,,,,,,,,-0.09090909090909094,,,,,,,,,,,,,,,,,,,,,,,,,,,,,,False,False,other_month,,,,,,,,,,,,j2702,2117.5,18.0,1262.0,1.0,3790600.0,-0.000103,1850.0,1850.0,0.14521841794569057,-0.09090909090909094,-0.12632821723730814,-0.12632821723730814,2.0,9.0,-0.6363636363636364,500.0,0.2361275088547816,put_oi_wall,1925.0,-0.09090909090909094,above_price_wall,,,,,,,,,,,,,,,,,,,,,,,,,,,,,,,,,,,,,,,,,,,,,,,,,,,,,,,,,,
2026-09-10,COMMODITY,COMMODITY,j,j,j,DCE,2703,,,,,,,2109.5,,,2450.0,1850.0,,,1850.0,,,26.0,0.0,0.0,,,,,,,,-0.12301493244844752,,,,,,,,,,,,,,,,,,,,,,,,,,,,,,False,False,other_month,,,,,,,,,,,,j2703,2109.5,39.0,473.0,10.0,8177150.0,-6.8e-05,1850.0,1850.0,0.16141265702773167,-0.12301493244844752,-0.12301493244844752,-0.12301493244844752,6.0,20.0,-0.5384615384615384,600.0,0.2844275894761792,put_oi_wall,1850.0,-0.12301493244844752,above_price_wall,,,,,,,,,,,,,,,,,,,,,,,,,,,,,,,,,,,,,,,,,,,,,,,,,,,,,,,,,,
2026-09-10,COMMODITY,COMMODITY,j,j,j,DCE,2704,,,,,,,2102.0,,,2450.0,1850.0,,,2450.0,,,29.0,0.0,0.0,,,,,,,,0.16555661274976208,,,,,,,,,,,,,,,,,,,,,,,,,,,,,,False,False,other_month,,,,,,,,,,,,j2704,2102.0,6.0,16.0,0.0,1256100.0,-6.9e-05,1800.0,1800.0,0.16555661274976208,-0.11988582302568984,-0.14367269267364413,-0.14367269267364413,16.0,13.0,0.10344827586206896,600.0,0.285442435775452,put_oi_wall,1850.0,-0.11988582302568984,below_price_wall,,,,,,,,,,,,,,,,,,,,,,,,,,,,,,,,,,,,,,,,,,,,,,,,,,,,,,,,,,
2026-09-10,COMMODITY,COMMODITY,j,j,j,DCE,2705,,,,,,,2089.0,,,2350.0,1900.0,,,2350.0,,,29.0,0.0,0.0,,,,,,,,0.12494016275730013,,,,,,,,,,,,,,,,,,,,,,,,,,,,,,False,False,other_month,,,,,,,,,,,,j2705,2089.0,322.0,1636.0,-15.0,67043650.0,-7.6e-05,1800.0,1800.0,0.12494016275730013,-0.09047391096218282,-0.13834370512206795,-0.13834370512206795,18.0,11.0,0.2413793103448276,450.0,0.215414073719483,put_oi_wall,1900.0,-0.09047391096218282,below_price_wall,,,,,,,,,,,,,,,,,,,,,,,,,,,,,,,,,,,,,,,,,,,,,,,,,,,,,,,,,,
2026-09-10,COMMODITY,COMMODITY,j,j,j,DCE,2706,,,,,,,2073.5,,,2400.0,1800.0,,,2400.0,,,6.0,0.0,0.0,,,,,,,,0.15746322642874366,,,,,,,,,,,,,,,,,,,,,,,,,,,,,,False,False,other_month,,,,,,,,,,,,j2706,2073.5,7.0,7.0,-1.0,1442800.0,-6.2e-05,1800.0,1800.0,0.15746322642874366,-0.13190258017844225,-0.13190258017844225,-0.13190258017844225,5.0,1.0,0.6666666666666666,600.0,0.2893658066071859,put_oi_wall,1800.0,-0.13190258017844225,below_price_wall,,,,,,,,,,,,,,,,,,,,,,,,,,,,,,,,,,,,,,,,,,,,,,,,,,,,,,,,,,
2026-09-10,COMMODITY,COMMODITY,j,j,j,DCE,2707,,,,,,,,,,1800.0,1800.0,,,1800.0,,,1.0,0.0,0.0,,,,,,,,,,,,,,,,,,,,,,,,,,,,,,,,,,,,,,False,False,other_month,,,,,,,,,,,,,,,,,,,1800.0,1800.0,,,,,0.0,1.0,-1.0,0.0,,,,,unavailable,,,,,,,,,,,,,,,,,,,,,,,,,,,,,,,,,,,,,,,,,,,,,,,,,,,,,,,,,,
2026-09-10,COMMODITY,COMMODITY,j,j,j,DCE,2708,,,,,,,2040.0,,,2300.0,1800.0,,,1800.0,,,3.0,0.0,0.0,,,,,,,,-0.11764705882352944,,,,,,,,,,,,,,,,,,,,,,,,,,,,,,False,False,other_month,,,,,,,,,,,,j2708,2040.0,1.0,6.0,0.0,204000.0,-0.000143,1750.0,1750.0,0.12745098039215685,-0.11764705882352944,-0.1421568627450981,-0.1421568627450981,2.0,1.0,0.3333333333333333,500.0,0.24509803921568626,put_oi_wall,1800.0,-0.11764705882352944,above_price_wall,,,,,,,,,,,,,,,,,,,,,,,,,,,,,,,,,,,,,,,,,,,,,,,,,,,,,,,,,,
2026-09-10,COMMODITY,COMMODITY,jd,jd,jd,DCE,2610,,,,,,,3897.0,,,4000.0,3500.0,,,4000.0,,,258364.0,350787.0,109510970.0,,,,,,,,0.026430587631511404,,,,,,,,,,,,,,,,,,,,,,,,,,,,,,False,False,other_month,,,,,,,,,,,,jd2610,3897.0,88377.0,80229.0,-10959.0,3441414100.0,6.5e-05,3900.0,3900.0,0.026430587631511404,-0.10187323582242747,0.0007698229407235857,0.0007698229407235857,148401.0,109963.0,0.14877459708008856,500.0,0.12830382345393893,volume_wall,3900.0,0.0007698229407235857,below_price_wall,,,,,,,,,,,,,,,,,,,,,,,,,,,,,,,,,,,,,,,,,,,,,,,,,,,,,,,,,,
2026-09-10,COMMODITY,COMMODITY,jd,jd,jd,DCE,2611,,,,,,,3842.0,,,4000.0,3500.0,,,4000.0,,,109157.0,84146.0,39064970.0,,,,,,,,0.041124414367516904,,,,,,,,,,,,,,,,,,,,,,,,,,,,,,False,False,other_month,,,,,,,,,,,,jd2611,3842.0,304787.0,266726.0,-3293.0,11704669800.0,6e-05,4000.0,3800.0,0.041124414367516904,-0.08901613742842274,0.041124414367516904,-0.010931806350858886,57811.0,51346.0,0.059226618540267686,500.0,0.1301405517959396,amount_wall,3800.0,-0.010931806350858886,below_price_wall,,,,,,,,,,,,,,,,,,,,,,,,,,,,,,,,,,,,,,,,,,,,,,,,,,,,,,,,,,
2026-09-10,COMMODITY,COMMODITY,jd,jd,jd,DCE,2612,,,,,,,3809.0,,,4600.0,3300.0,,,4000.0,,,10893.0,1574.0,863275.0,,,,,,,,0.05014439485429256,,,,,,,,,,,,,,,,,,,,,,,,,,,,,,False,False,other_month,,,,,,,,,,,,jd2612,3809.0,64107.0,162794.0,1087.0,2438954300.0,6.6e-05,4000.0,4000.0,0.20766605408243644,-0.1336308742452087,0.05014439485429256,0.05014439485429256,5545.0,5348.0,0.018085008721197098,1300.0,0.3412969283276451,price_wall,4000.0,0.05014439485429256,below_price_wall,,,,,,,,,,,,,,,,,,,,,,,,,,,,,,,,,,,,,,,,,,,,,,,,,,,,,,,,,,
2026-09-10,COMMODITY,COMMODITY,jd,jd,jd,DCE,2701,,,,,,,3529.0,,,4400.0,3300.0,,,4400.0,,,4494.0,233.0,32130.0,,,,,,,,0.24681212808160957,,,,,,,,,,,,,,,,,,,,,,,,,,,,,,False,False,other_month,,,,,,,,,,,,jd2701,3529.0,15910.0,64598.0,145.0,561534430.0,2.6e-05,4400.0,3200.0,0.24681212808160957,-0.06489090393879282,0.24681212808160957,-0.0932275432133749,3622.0,872.0,0.6119270137961726,1100.0,0.3117030320204024,put_oi_wall,3300.0,-0.06489090393879282,below_price_wall,,,,,,,,,,,,,,,,,,,,,,,,,,,,,,,,,,,,,,,,,,,,,,,,,,,,,,,,,,
2026-09-10,COMMODITY,COMMODITY,jd,jd,jd,DCE,2702,,,,,,,3152.0,,,3800.0,3100.0,,,3800.0,,,9099.0,630.0,65555.0,,,,,,,,0.20558375634517767,,,,,,,,,,,,,,,,,,,,,,,,,,,,,,False,False,other_month,,,,,,,,,,,,jd2702,3152.0,9605.0,73269.0,866.0,302720890.0,1.3e-05,3800.0,3800.0,0.20558375634517767,-0.016497461928933976,0.20558375634517767,0.20558375634517767,8852.0,247.0,0.9457083195955599,700.0,0.22208121827411167,put_oi_wall,3100.0,-0.016497461928933976,below_price_wall,,,,,,,,,,,,,,,,,,,,,,,,,,,,,,,,,,,,,,,,,,,,,,,,,,,,,,,,,,
2026-09-10,COMMODITY,COMMODITY,jd,jd,jd,DCE,2703,,,,,,,3140.0,,,3700.0,2900.0,,,3700.0,,,2099.0,12.0,2635.0,,,,,,,,0.17834394904458595,,,,,,,,,,,,,,,,,,,,,,,,,,,,,,False,False,other_month,,,,,,,,,,,,jd2703,3140.0,1598.0,15360.0,-151.0,50231640.0,-5.999999999999999e-06,3700.0,3700.0,0.17834394904458595,-0.07643312101910826,0.17834394904458595,0.17834394904458595,2010.0,89.0,0.9151977131967604,800.0,0.25477707006369427,put_oi_wall,2900.0,-0.07643312101910826,below_price_wall,,,,,,,,,,,,,,,,,,,,,,,,,,,,,,,,,,,,,,,,,,,,,,,,,,,,,,,,,,
2026-09-10,COMMODITY,COMMODITY,jd,jd,jd,DCE,2704,,,,,,,3211.0,,,3700.0,3100.0,,,3700.0,,,412.0,0.0,0.0,,,,,,,,0.15228900654001865,,,,,,,,,,,,,,,,,,,,,,,,,,,,,,False,False,other_month,,,,,,,,,,,,jd2704,3211.0,262.0,3238.0,56.0,8412250.0,-5.999999999999999e-06,2800.0,2800.0,0.15228900654001865,-0.03456867019620058,-0.12799750856431014,-0.12799750856431014,248.0,164.0,0.20388349514563106,600.0,0.18685767673621925,put_oi_wall,3100.0,-0.03456867019620058,below_price_wall,,,,,,,,,,,,,,,,,,,,,,,,,,,,,,,,,,,,,,,,,,,,,,,,,,,,,,,,,,
2026-09-10,COMMODITY,COMMODITY,jd,jd,jd,DCE,2705,,,,,,,3264.0,,,3800.0,2900.0,,,3800.0,,,278.0,5.0,1030.0,,,,,,,,0.1642156862745099,,,,,,,,,,,,,,,,,,,,,,,,,,,,,,False,False,other_month,,,,,,,,,,,,jd2705,3264.0,587.0,10635.0,-69.0,19182710.0,-9e-06,3800.0,3800.0,0.1642156862745099,-0.1115196078431373,0.1642156862745099,0.1642156862745099,140.0,138.0,0.007194244604316547,900.0,0.2757352941176471,put_oi_wall,2900.0,-0.1115196078431373,below_price_wall,,,,,,,,,,,,,,,,,,,,,,,,,,,,,,,,,,,,,,,,,,,,,,,,,,,,,,,,,,
2026-09-10,COMMODITY,COMMODITY,jd,jd,jd,DCE,2706,,,,,,,3124.0,,,3600.0,2800.0,,,3600.0,,,2742.0,13.0,3475.0,,,,,,,,0.15236875800256078,,,,,,,,,,,,,,,,,,,,,,,,,,,,,,False,False,other_month,,,,,,,,,,,,jd2706,3124.0,2090.0,21287.0,811.0,65421660.0,-1.9e-05,3700.0,3700.0,0.15236875800256078,-0.10371318822023046,0.18437900128040963,0.18437900128040963,2651.0,91.0,0.9336250911743253,800.0,0.2560819462227913,put_oi_wall,2800.0,-0.10371318822023046,below_price_wall,,,,,,,,,,,,,,,,,,,,,,,,,,,,,,,,,,,,,,,,,,,,,,,,,,,,,,,,,,
2026-09-10,COMMODITY,COMMODITY,jd,jd,jd,DCE,2707,,,,,,,3254.0,,,3600.0,2900.0,,,2900.0,,,202.0,4.0,1910.0,,,,,,,,-0.10878918254456049,,,,,,,,,,,,,,,,,,,,,,,,,,,,,,False,False,other_month,,,,,,,,,,,,jd2707,3254.0,203.0,12426.0,23.0,6614010.0,-1.5e-05,2900.0,2900.0,0.10633066994468354,-0.10878918254456049,-0.10878918254456049,-0.10878918254456049,77.0,125.0,-0.2376237623762376,700.0,0.215119852489244,call_oi_wall,3600.0,0.10633066994468354,above_price_wall,,,,,,,,,,,,,,,,,,,,,,,,,,,,,,,,,,,,,,,,,,,,,,,,,,,,,,,,,,
2026-09-10,COMMODITY,COMMODITY,jd,jd,jd,DCE,2708,,,,,,,3780.0,,,4200.0,3100.0,,,4000.0,,,115.0,3.0,5480.0,,,,,,,,0.05820105820105814,,,,,,,,,,,,,,,,,,,,,,,,,,,,,,False,False,other_month,,,,,,,,,,,,jd2708,3780.0,514.0,6387.0,220.0,19451380.0,-1.6e-05,4000.0,4000.0,0.11111111111111116,-0.17989417989417988,0.05820105820105814,0.05820105820105814,47.0,68.0,-0.1826086956521739,1100.0,0.291005291005291,price_wall,4000.0,0.05820105820105814,below_price_wall,,,,,,,,,,,,,,,,,,,,,,,,,,,,,,,,,,,,,,,,,,,,,,,,,,,,,,,,,,
2026-09-10,COMMODITY,COMMODITY,jm,jm,jm,DCE,2610,,,,,,,1618.5,,,1800.0,1500.0,,,1500.0,,,483204.0,948105.0,696361580.0,,,,,,,,-0.07321594068582016,,,,,,,,,,,,,,,,,,,,,,,,,,,,,,False,False,other_month,,,,,,,,,,,,jm2610,1618.5,151955.0,93183.0,-6481.0,14687923000.0,-5.2e-05,1700.0,1600.0,0.11214087117701577,-0.07321594068582016,0.0503552672227372,-0.01143033673154159,176405.0,306799.0,-0.26985289856872047,300.0,0.18535681186283595,amount_wall,1600.0,-0.01143033673154159,above_price_wall,,,,,,,,,,,,,,,,,,,,,,,,,,,,,,,,,,,,,,,,,,,,,,,,,,,,,,,,,,
2026-09-10,COMMODITY,COMMODITY,jm,jm,jm,DCE,2611,,,,,,,1585.0,,,1940.0,1400.0,,,1400.0,,,12475.0,4239.0,6129246.0,,,,,,,,-0.11671924290220825,,,,,,,,,,,,,,,,,,,,,,,,,,,,,,False,False,other_month,,,,,,,,,,,,jm2611,1585.0,61810.0,90071.0,-2446.0,5836350500.0,-9.7e-05,1400.0,1400.0,0.22397476340694,-0.11671924290220825,-0.11671924290220825,-0.11671924290220825,4332.0,8143.0,-0.3054909819639279,540.0,0.34069400630914826,put_oi_wall,1400.0,-0.11671924290220825,above_price_wall,,,,,,,,,,,,,,,,,,,,,,,,,,,,,,,,,,,,,,,,,,,,,,,,,,,,,,,,,,
2026-09-10,COMMODITY,COMMODITY,jm,jm,jm,DCE,2612,,,,,,,1550.5,,,1680.0,1080.0,,,1500.0,,,1082.0,55.0,107004.0,,,,,,,,-0.032570138664946846,,,,,,,,,,,,,,,,,,,,,,,,,,,,,,False,False,other_month,,,,,,,,,,,,jm2612,1550.5,23293.0,72304.0,-813.0,2152438500.0,-0.000105,1860.0,1500.0,0.08352144469525968,-0.3034504998387617,0.199613028055466,-0.032570138664946846,537.0,545.0,-0.0073937153419593345,600.0,0.3869719445340213,price_wall,1500.0,-0.032570138664946846,above_price_wall,,,,,,,,,,,,,,,,,,,,,,,,,,,,,,,,,,,,,,,,,,,,,,,,,,,,,,,,,,
2026-09-10,COMMODITY,COMMODITY,jm,jm,jm,DCE,2701,,,,,,,1649.0,,,1800.0,1360.0,,,1800.0,,,133228.0,84362.0,294389688.0,,,,,,,,0.09157064887810784,,,,,,,,,,,,,,,,,,,,,,,,,,,,,,False,False,other_month,,,,,,,,,,,,jm2701,1649.0,864051.0,524837.0,-14335.0,85110392000.0,-7.8e-05,1800.0,1500.0,0.09157064887810784,-0.17525773195876293,0.09157064887810784,-0.09035779260157673,72286.0,60942.0,0.08514726634040892,440.0,0.2668283808368708,amount_wall,1500.0,-0.09035779260157673,below_price_wall,,,,,,,,,,,,,,,,,,,,,,,,,,,,,,,,,,,,,,,,,,,,,,,,,,,,,,,,,,
2026-09-10,COMMODITY,COMMODITY,jm,jm,jm,DCE,2702,,,,,,,1623.5,,,1840.0,1200.0,,,1840.0,,,582.0,17.0,51900.0,,,,,,,,0.13335386510625202,,,,,,,,,,,,,,,,,,,,,,,,,,,,,,False,False,other_month,,,,,,,,,,,,jm2702,1623.5,2023.0,29369.0,-70.0,196115730.0,-3.4e-05,1840.0,1840.0,0.13335386510625202,-0.26085617493070523,0.13335386510625202,0.13335386510625202,270.0,312.0,-0.07216494845360824,640.0,0.3942100400369572,call_oi_wall,1840.0,0.13335386510625202,below_price_wall,,,,,,,,,,,,,,,,,,,,,,,,,,,,,,,,,,,,,,,,,,,,,,,,,,,,,,,,,,
2026-09-10,COMMODITY,COMMODITY,jm,jm,jm,DCE,2703,,,,,,,1597.0,,,1800.0,1280.0,,,1880.0,,,599.0,6.0,19884.0,,,,,,,,0.17720726361928607,,,,,,,,,,,,,,,,,,,,,,,,,,,,,,False,False,other_month,,,,,,,,,,,,jm2703,1597.0,1188.0,11482.0,-31.0,113133900.0,-2.5e-05,1880.0,1880.0,0.12711333750782727,-0.19849718221665624,0.17720726361928607,0.17720726361928607,322.0,277.0,0.07512520868113523,520.0,0.3256105197244834,call_oi_wall,1800.0,0.12711333750782727,below_price_wall,,,,,,,,,,,,,,,,,,,,,,,,,,,,,,,,,,,,,,,,,,,,,,,,,,,,,,,,,,
2026-09-10,COMMODITY,COMMODITY,jm,jm,jm,DCE,2704,,,,,,,1577.0,,,1880.0,1280.0,,,1760.0,,,318.0,9.0,31602.0,,,,,,,,0.11604311984781224,,,,,,,,,,,,,,,,,,,,,,,,,,,,,,False,False,other_month,,,,,,,,,,,,jm2704,1577.0,116.0,771.0,10.0,10927020.0,-1.6e-05,1760.0,1760.0,0.19213696892834498,-0.18833227647431827,0.11604311984781224,0.11604311984781224,173.0,145.0,0.0880503144654088,600.0,0.3804692454026633,price_wall,1760.0,0.11604311984781224,below_price_wall,,,,,,,,,,,,,,,,,,,,,,,,,,,,,,,,,,,,,,,,,,,,,,,,,,,,,,,,,,
2026-09-10,COMMODITY,COMMODITY,jm,jm,jm,DCE,2705,,,,,,,1563.5,,,1880.0,1280.0,,,1880.0,,,820.0,7.0,60870.0,,,,,,,,0.20243044451551007,,,,,,,,,,,,,,,,,,,,,,,,,,,,,,False,False,other_month,,,,,,,,,,,,jm2705,1563.5,20015.0,47507.0,-2025.0,1870775000.0,-3.5000000000000004e-05,1880.0,1880.0,0.20243044451551007,-0.181323952670291,0.20243044451551007,0.20243044451551007,686.0,134.0,0.6731707317073171,600.0,0.38375439718580107,put_oi_wall,1280.0,-0.181323952670291,below_price_wall,,,,,,,,,,,,,,,,,,,,,,,,,,,,,,,,,,,,,,,,,,,,,,,,,,,,,,,,,,
2026-09-10,COMMODITY,COMMODITY,jm,jm,jm,DCE,2706,,,,,,,1561.0,,,1760.0,1440.0,,,1200.0,,,328.0,6.0,7842.0,,,,,,,,-0.23126201153106984,,,,,,,,,,,,,,,,,,,,,,,,,,,,,,False,False,other_month,,,,,,,,,,,,jm2706,1561.0,48.0,238.0,15.0,4473540.0,-2.2000000000000003e-05,1120.0,1200.0,0.12748238308776427,-0.07751441383728375,-0.2825112107623319,-0.23126201153106984,55.0,273.0,-0.6646341463414634,320.0,0.20499679692504805,put_oi_wall,1440.0,-0.07751441383728375,above_price_wall,,,,,,,,,,,,,,,,,,,,,,,,,,,,,,,,,,,,,,,,,,,,,,,,,,,,,,,,,,
2026-09-10,COMMODITY,COMMODITY,jm,jm,jm,DCE,2707,,,,,,,1554.0,,,1680.0,1240.0,,,1200.0,,,109.0,6.0,8712.0,,,,,,,,-0.2277992277992278,,,,,,,,,,,,,,,,,,,,,,,,,,,,,,False,False,other_month,,,,,,,,,,,,jm2707,1554.0,51.0,139.0,6.0,4743300.0,-5.999999999999999e-06,1120.0,1200.0,0.08108108108108114,-0.20205920205920203,-0.2792792792792793,-0.2277992277992278,25.0,84.0,-0.5412844036697247,440.0,0.28314028314028317,call_oi_wall,1680.0,0.08108108108108114,above_price_wall,,,,,,,,,,,,,,,,,,,,,,,,,,,,,,,,,,,,,,,,,,,,,,,,,,,,,,,,,,
2026-09-10,COMMODITY,COMMODITY,jm,jm,jm,DCE,2708,,,,,,,1543.0,,,1800.0,1400.0,,,1360.0,,,23.0,2.0,7026.0,,,,,,,,-0.118600129617628,,,,,,,,,,,,,,,,,,,,,,,,,,,,,,False,False,other_month,,,,,,,,,,,,jm2708,1543.0,28.0,109.0,5.0,2590830.0,-3.2e-05,1320.0,1360.0,0.16655865197666886,-0.09267660401814648,-0.14452365521710953,-0.118600129617628,11.0,12.0,-0.043478260869565216,400.0,0.2592352559948153,put_oi_wall,1400.0,-0.09267660401814648,above_price_wall,,,,,,,,,,,,,,,,,,,,,,,,,,,,,,,,,,,,,,,,,,,,,,,,,,,,,,,,,,
2026-09-10,COMMODITY,COMMODITY,l,l,l,DCE,2610,,,,,,,9062.0,,,8000.0,8000.0,,,8500.0,,,45712.0,54524.0,27445741.0,,,,,,,,-0.062017214742882354,,,,,,,,,,,,,,,,,,,,,,,,,,,,,,False,False,other_month,,,,,,,,,,,,l2610,9062.0,70050.0,122178.0,-3322.0,3179013400.0,0.00026599999999999996,10000.0,9000.0,-0.11719267269918343,-0.11719267269918343,0.10350915912602066,-0.006841756786581277,20893.0,24819.0,-0.08588554427721386,0.0,0.0,amount_wall,9000.0,-0.006841756786581277,above_price_wall,,,,,,,,,,,,,,,,,,,,,,,,,,,,,,,,,,,,,,,,,,,,,,,,,,,,,,,,,,
2026-09-10,COMMODITY,COMMODITY,l,l,l,DCE,2611,,,,,,,8935.0,,,9600.0,8200.0,,,9600.0,,,12635.0,6217.0,6484808.0,,,,,,,,0.0744264129826524,,,,,,,,,,,,,,,,,,,,,,,,,,,,,,False,False,other_month,,,,,,,,,,,,l2611,8935.0,44911.0,136227.0,959.0,2013766300.0,0.000249,9600.0,9600.0,0.0744264129826524,-0.08226077224398431,0.0744264129826524,0.0744264129826524,6039.0,6596.0,-0.04408389394538979,1400.0,0.15668718522663683,call_oi_wall,9600.0,0.0744264129826524,below_price_wall,,,,,,,,,,,,,,,,,,,,,,,,,,,,,,,,,,,,,,,,,,,,,,,,,,,,,,,,,,
2026-09-10,COMMODITY,COMMODITY,l,l,l,DCE,2612,,,,,,,8763.0,,,8400.0,7500.0,,,7800.0,,,148.0,39.0,8341.0,,,,,,,,-0.10989387196165701,,,,,,,,,,,,,,,,,,,,,,,,,,,,,,False,False,other_month,,,,,,,,,,,,l2612,8763.0,12099.0,91556.0,2276.0,532856930.0,0.00020400000000000003,7500.0,7800.0,-0.0414241698048613,-0.14412872304005475,-0.14412872304005475,-0.10989387196165701,47.0,101.0,-0.36486486486486486,900.0,0.10270455323519342,call_oi_wall,8400.0,-0.0414241698048613,above_price_wall,,,,,,,,,,,,,,,,,,,,,,,,,,,,,,,,,,,,,,,,,,,,,,,,,,,,,,,,,,
2026-09-10,COMMODITY,COMMODITY,l,l,l,DCE,2701,,,,,,,8583.0,,,8100.0,7800.0,,,9000.0,,,11664.0,5776.0,9114279.0,,,,,,,,0.04858441104508904,,,,,,,,,,,,,,,,,,,,,,,,,,,,,,False,False,other_month,,,,,,,,,,,,l2701,8583.0,716339.0,440518.0,-1242.0,30883116000.0,0.000183,9000.0,9000.0,-0.05627403005941978,-0.09122684376092272,0.04858441104508904,0.04858441104508904,7276.0,4388.0,0.247599451303155,300.0,0.03495281370150297,price_wall,9000.0,0.04858441104508904,below_price_wall,,,,,,,,,,,,,,,,,,,,,,,,,,,,,,,,,,,,,,,,,,,,,,,,,,,,,,,,,,
2026-09-10,COMMODITY,COMMODITY,l,l,l,DCE,2702,,,,,,,8403.0,,,9000.0,7100.0,,,7400.0,,,388.0,122.0,52120.0,,,,,,,,-0.11936213257170059,,,,,,,,,,,,,,,,,,,,,,,,,,,,,,False,False,other_month,,,,,,,,,,,,l2702,8403.0,6330.0,34248.0,1536.0,267778140.0,0.000169,7400.0,7500.0,0.0710460549803642,-0.15506366773771274,-0.11936213257170059,-0.10746162084969657,59.0,329.0,-0.6958762886597938,1900.0,0.2261097227180769,call_oi_wall,9000.0,0.0710460549803642,above_price_wall,,,,,,,,,,,,,,,,,,,,,,,,,,,,,,,,,,,,,,,,,,,,,,,,,,,,,,,,,,
2026-09-10,COMMODITY,COMMODITY,l,l,l,DCE,2703,,,,,,,8267.0,,,8200.0,7000.0,,,7200.0,,,111.0,148.0,63980.0,,,,,,,,-0.12906737631547116,,,,,,,,,,,,,,,,,,,,,,,,,,,,,,False,False,other_month,,,,,,,,,,,,l2703,8267.0,265.0,327.0,16.0,11003265.0,0.000152,7200.0,7200.0,-0.008104511914842183,-0.15325994919559693,-0.12906737631547116,-0.12906737631547116,13.0,98.0,-0.7657657657657657,1200.0,0.1451554372807548,call_oi_wall,8200.0,-0.008104511914842183,above_price_wall,,,,,,,,,,,,,,,,,,,,,,,,,,,,,,,,,,,,,,,,,,,,,,,,,,,,,,,,,,
2026-09-10,COMMODITY,COMMODITY,l,l,l,DCE,2704,,,,,,,8239.0,,,8800.0,7000.0,,,7200.0,,,105.0,64.0,35626.0,,,,,,,,-0.12610753732249058,,,,,,,,,,,,,,,,,,,,,,,,,,,,,,False,False,other_month,,,,,,,,,,,,l2704,8239.0,206.0,124.0,18.0,8489740.0,0.000167,6800.0,7200.0,0.06809078771695587,-0.15038232795242146,-0.17465711858235222,-0.12610753732249058,59.0,46.0,0.12380952380952381,1800.0,0.21847311566937735,call_oi_wall,8800.0,0.06809078771695587,above_price_wall,,,,,,,,,,,,,,,,,,,,,,,,,,,,,,,,,,,,,,,,,,,,,,,,,,,,,,,,,,
2026-09-10,COMMODITY,COMMODITY,l,l,l,DCE,2705,,,,,,,8160.0,,,8600.0,6600.0,,,7000.0,,,108.0,136.0,64889.0,,,,,,,,-0.1421568627450981,,,,,,,,,,,,,,,,,,,,,,,,,,,,,,False,False,other_month,,,,,,,,,,,,l2705,8160.0,10195.0,18783.0,1437.0,416709310.0,0.000127,6600.0,7000.0,0.05392156862745101,-0.19117647058823528,-0.19117647058823528,-0.1421568627450981,31.0,77.0,-0.42592592592592593,2000.0,0.24509803921568626,call_oi_wall,8600.0,0.05392156862745101,above_price_wall,,,,,,,,,,,,,,,,,,,,,,,,,,,,,,,,,,,,,,,,,,,,,,,,,,,,,,,,,,
2026-09-10,COMMODITY,COMMODITY,l,l,l,DCE,2706,,,,,,,8189.0,,,7600.0,6600.0,,,6600.0,,,15.0,6.0,2848.0,,,,,,,,-0.19404078642080835,,,,,,,,,,,,,,,,,,,,,,,,,,,,,,False,False,other_month,,,,,,,,,,,,l2706,8189.0,9.0,52.0,3.0,365655.0,0.000208,6600.0,6600.0,-0.07192575406032486,-0.19404078642080835,-0.19404078642080835,-0.19404078642080835,8.0,7.0,0.06666666666666667,1000.0,0.12211503236048357,call_oi_wall,7600.0,-0.07192575406032486,above_price_wall,,,,,,,,,,,,,,,,,,,,,,,,,,,,,,,,,,,,,,,,,,,,,,,,,,,,,,,,,,
2026-09-10,COMMODITY,COMMODITY,l,l,l,DCE,2707,,,,,,,8070.0,,,6200.0,6400.0,,,6400.0,,,2.0,0.0,0.0,,,,,,,,-0.20693928128872363,,,,,,,,,,,,,,,,,,,,,,,,,,,,,,False,False,other_month,,,,,,,,,,,,l2707,8070.0,2.0,44.0,1.0,80625.0,0.00010899999999999999,6200.0,6200.0,-0.23172242874845106,-0.20693928128872363,-0.23172242874845106,-0.23172242874845106,0.0,2.0,-1.0,-200.0,-0.024783147459727387,put_oi_wall,6400.0,-0.20693928128872363,above_price_wall,,,,,,,,,,,,,,,,,,,,,,,,,,,,,,,,,,,,,,,,,,,,,,,,,,,,,,,,,,
2026-09-10,COMMODITY,COMMODITY,l,l,l,DCE,2708,,,,,,,,,,6400.0,7400.0,,,7400.0,,,6.0,0.0,0.0,,,,,,,,,,,,,,,,,,,,,,,,,,,,,,,,,,,,,,False,False,other_month,,,,,,,,,,,,,,,,,,,6400.0,6400.0,,,,,0.0,6.0,-1.0,-1000.0,,,,,unavailable,,,,,,,,,,,,,,,,,,,,,,,,,,,,,,,,,,,,,,,,,,,,,,,,,,,,,,,,,,
2026-09-10,COMMODITY,COMMODITY,lg,lg,lg,DCE,2611,,,,,,,831.5,,,850.0,800.0,,,850.0,,,11342.0,3993.0,1794468.0,,,,,,,,0.022248947684906817,,,,,,,,,,,,,,,,,,,,,,,,,,,,,,False,False,other_month,,,,,,,,,,,,lg2611,831.5,6761.0,15011.0,-1511.0,506917350.0,-6.6e-05,800.0,950.0,0.022248947684906817,-0.03788334335538179,-0.03788334335538179,0.14251352976548404,8011.0,3331.0,0.4126256392170693,50.0,0.06013229104028864,call_oi_wall,850.0,0.022248947684906817,below_price_wall,,,,,,,,,,,,,,,,,,,,,,,,,,,,,,,,,,,,,,,,,,,,,,,,,,,,,,,,,,
2026-09-10,COMMODITY,COMMODITY,lg,lg,lg,DCE,2701,,,,,,,824.5,,,850.0,825.0,,,850.0,,,2072.0,104.0,45293.0,,,,,,,,0.030927835051546282,,,,,,,,,,,,,,,,,,,,,,,,,,,,,,False,False,other_month,,,,,,,,,,,,lg2701,824.5,422.0,4391.0,109.0,31361580.0,-4.7999999999999994e-05,850.0,850.0,0.030927835051546282,0.0006064281382656134,0.030927835051546282,0.030927835051546282,1268.0,804.0,0.22393822393822393,25.0,0.030321406913280776,put_oi_wall,825.0,0.0006064281382656134,below_price_wall,,,,,,,,,,,,,,,,,,,,,,,,,,,,,,,,,,,,,,,,,,,,,,,,,,,,,,,,,,
2026-09-10,COMMODITY,COMMODITY,lg,lg,lg,DCE,2703,,,,,,,824.0,,,900.0,750.0,,,900.0,,,229.0,2.0,720.0,,,,,,,,0.09223300970873782,,,,,,,,,,,,,,,,,,,,,,,,,,,,,,False,False,other_month,,,,,,,,,,,,lg2703,824.0,82.0,2858.0,16.0,6091290.0,-3.6e-05,700.0,700.0,0.09223300970873782,-0.0898058252427184,-0.15048543689320393,-0.15048543689320393,172.0,57.0,0.5021834061135371,150.0,0.1820388349514563,put_oi_wall,750.0,-0.0898058252427184,below_price_wall,,,,,,,,,,,,,,,,,,,,,,,,,,,,,,,,,,,,,,,,,,,,,,,,,,,,,,,,,,
2026-09-10,COMMODITY,COMMODITY,lg,lg,lg,DCE,2705,,,,,,,825.5,,,850.0,750.0,,,800.0,,,220.0,8.0,10170.0,,,,,,,,-0.030890369473046686,,,,,,,,,,,,,,,,,,,,,,,,,,,,,,False,False,other_month,,,,,,,,,,,,lg2705,825.5,124.0,2401.0,35.0,9224910.0,-3e-05,800.0,800.0,0.02967898243488798,-0.09145972138098124,-0.030890369473046686,-0.030890369473046686,169.0,51.0,0.5363636363636364,100.0,0.12113870381586916,call_oi_wall,850.0,0.02967898243488798,above_price_wall,,,,,,,,,,,,,,,,,,,,,,,,,,,,,,,,,,,,,,,,,,,,,,,,,,,,,,,,,,
2026-09-10,COMMODITY,COMMODITY,lg,lg,lg,DCE,2707,,,,,,,823.5,,,900.0,750.0,,,900.0,,,190.0,3.0,1508.0,,,,,,,,0.09289617486338808,,,,,,,,,,,,,,,,,,,,,,,,,,,,,,False,False,other_month,,,,,,,,,,,,lg2707,823.5,164.0,1239.0,54.0,12179025.0,-3.6e-05,900.0,900.0,0.09289617486338808,-0.08925318761384338,0.09289617486338808,0.09289617486338808,135.0,55.0,0.42105263157894735,150.0,0.18214936247723132,put_oi_wall,750.0,-0.08925318761384338,below_price_wall,,,,,,,,,,,,,,,,,,,,,,,,,,,,,,,,,,,,,,,,,,,,,,,,,,,,,,,,,,
2026-09-10,COMMODITY,COMMODITY,lh,lh,lh,DCE,2611,,,,,,,11570.0,,,15200.0,11000.0,,,13000.0,,,86072.0,51355.0,107004240.0,,,,,,,,0.12359550561797761,,,,,,,,,,,,,,,,,,,,,,,,,,,,,,False,False,other_month,,,,,,,,,,,,lh2611,11570.0,148502.0,238918.0,14917.0,27636610000.0,-0.000166,13000.0,12000.0,0.31374243733794294,-0.04926534140017291,0.12359550561797761,0.037165082108902237,62793.0,23279.0,0.45908076958825167,4200.0,0.3630077787381158,amount_wall,12000.0,0.037165082108902237,below_price_wall,,,,,,,,,,,,,,,,,,,,,,,,,,,,,,,,,,,,,,,,,,,,,,,,,,,,,,,,,,
2026-09-10,COMMODITY,COMMODITY,lh,lh,lh,DCE,2701,,,,,,,12285.0,,,15200.0,11200.0,,,14000.0,,,27616.0,7385.0,31251840.0,,,,,,,,0.13960113960113962,,,,,,,,,,,,,,,,,,,,,,,,,,,,,,False,False,other_month,,,,,,,,,,,,lh2701,12285.0,36893.0,130053.0,6063.0,7286375000.0,-0.000164,14000.0,12600.0,0.23728123728123718,-0.0883190883190883,0.13960113960113962,0.02564102564102555,22365.0,5251.0,0.6197132097334879,4000.0,0.3256003256003256,amount_wall,12600.0,0.02564102564102555,below_price_wall,,,,,,,,,,,,,,,,,,,,,,,,,,,,,,,,,,,,,,,,,,,,,,,,,,,,,,,,,,
2026-09-10,COMMODITY,COMMODITY,lh,lh,lh,DCE,2703,,,,,,,12185.0,,,14400.0,11200.0,,,14400.0,,,6797.0,535.0,1599640.0,,,,,,,,0.18178087812884702,,,,,,,,,,,,,,,,,,,,,,,,,,,,,,False,False,other_month,,,,,,,,,,,,lh2703,12185.0,15730.0,107314.0,2256.0,3075979400.0,-0.000126,14400.0,14400.0,0.18178087812884702,-0.08083709478867462,0.18178087812884702,0.18178087812884702,6243.0,554.0,0.8369869059879359,3200.0,0.26261797291752154,put_oi_wall,11200.0,-0.08083709478867462,below_price_wall,,,,,,,,,,,,,,,,,,,,,,,,,,,,,,,,,,,,,,,,,,,,,,,,,,,,,,,,,,
2026-09-10,COMMODITY,COMMODITY,lh,lh,lh,DCE,2705,,,,,,,13230.0,,,16000.0,12000.0,,,16000.0,,,2285.0,210.0,403960.0,,,,,,,,0.20937263794406658,,,,,,,,,,,,,,,,,,,,,,,,,,,,,,False,False,other_month,,,,,,,,,,,,lh2705,13230.0,6130.0,49241.0,-398.0,1299835040.0,-8.6e-05,16000.0,16000.0,0.20937263794406658,-0.09297052154195007,0.20937263794406658,0.20937263794406658,1890.0,395.0,0.6542669584245077,4000.0,0.30234315948601664,put_oi_wall,12000.0,-0.09297052154195007,below_price_wall,,,,,,,,,,,,,,,,,,,,,,,,,,,,,,,,,,,,,,,,,,,,,,,,,,,,,,,,,,
2026-09-10,COMMODITY,COMMODITY,lh,lh,lh,DCE,2707,,,,,,,13890.0,,,15600.0,12400.0,,,15600.0,,,611.0,45.0,160600.0,,,,,,,,0.12311015118790491,,,,,,,,,,,,,,,,,,,,,,,,,,,,,,False,False,other_month,,,,,,,,,,,,lh2707,13890.0,4639.0,29668.0,697.0,1031028720.0,-3.6e-05,12400.0,15600.0,0.12311015118790491,-0.10727141828653708,-0.10727141828653708,0.12311015118790491,400.0,211.0,0.309328968903437,3200.0,0.23038156947444205,put_oi_wall,12400.0,-0.10727141828653708,below_price_wall,,,,,,,,,,,,,,,,,,,,,,,,,,,,,,,,,,,,,,,,,,,,,,,,,,,,,,,,,,
2026-09-10,COMMODITY,COMMODITY,m,m,m,DCE,2611,,,,,,,3383.0,,,3400.0,3100.0,,,3200.0,,,239456.0,136859.0,54748295.0,,,,,,,,-0.05409399940880877,,,,,,,,,,,,,,,,,,,,,,,,,,,,,,False,False,other_month,,,,,,,,,,,,m2611,3383.0,112528.0,612027.0,-8962.0,3801653400.0,5.999999999999999e-06,3600.0,3400.0,0.005025125628140614,-0.08365356192728346,0.06414425066509022,0.005025125628140614,110277.0,129179.0,-0.0789372577843111,300.0,0.08867868755542418,call_oi_wall,3400.0,0.005025125628140614,above_price_wall,,,,,,,,,,,,,,,,,,,,,,,,,,,,,,,,,,,,,,,,,,,,,,,,,,,,,,,,,,
2026-09-10,COMMODITY,COMMODITY,m,m,m,DCE,2612,,,,,,,3419.0,,,3500.0,3250.0,,,3250.0,,,22160.0,10217.0,6518190.0,,,,,,,,-0.049429657794676785,,,,,,,,,,,,,,,,,,,,,,,,,,,,,,False,False,other_month,,,,,,,,,,,,m2612,3419.0,19641.0,284011.0,-373.0,670823390.0,1.1999999999999999e-05,3350.0,3350.0,0.023691137759578762,-0.049429657794676785,-0.02018133957297452,-0.02018133957297452,8160.0,14000.0,-0.26353790613718414,250.0,0.07312079555425563,volume_wall,3350.0,-0.02018133957297452,above_price_wall,,,,,,,,,,,,,,,,,,,,,,,,,,,,,,,,,,,,,,,,,,,,,,,,,,,,,,,,,,
2026-09-10,COMMODITY,COMMODITY,m,m,m,DCE,2701,,,,,,,3402.0,,,3300.0,3250.0,,,3300.0,,,406770.0,87535.0,55937600.0,,,,,,,,-0.029982363315696703,,,,,,,,,,,,,,,,,,,,,,,,,,,,,,False,False,other_month,,,,,,,,,,,,m2701,3402.0,1484855.0,2785478.0,-27369.0,50470928000.0,1.5e-05,3400.0,3400.0,-0.029982363315696703,-0.044679600235155825,-0.0005878894767783471,-0.0005878894767783471,117941.0,288829.0,-0.4201096442707181,50.0,0.014697236919459141,volume_wall,3400.0,-0.0005878894767783471,above_price_wall,,,,,,,,,,,,,,,,,,,,,,,,,,,,,,,,,,,,,,,,,,,,,,,,,,,,,,,,,,
2026-09-10,COMMODITY,COMMODITY,m,m,m,DCE,2703,,,,,,,3348.0,,,3300.0,2900.0,,,2900.0,,,1491.0,0.0,0.0,,,,,,,,-0.1338112305854241,,,,,,,,,,,,,,,,,,,,,,,,,,,,,,False,False,other_month,,,,,,,,,,,,m2703,3348.0,73083.0,364086.0,3984.0,2448808200.0,-1.5e-05,2600.0,2600.0,-0.014336917562724039,-0.1338112305854241,-0.22341696535244926,-0.22341696535244926,818.0,673.0,0.09725016767270288,400.0,0.11947431302270012,call_oi_wall,3300.0,-0.014336917562724039,above_price_wall,,,,,,,,,,,,,,,,,,,,,,,,,,,,,,,,,,,,,,,,,,,,,,,,,,,,,,,,,,
2026-09-10,COMMODITY,COMMODITY,m,m,m,DCE,2705,,,,,,,3021.0,,,3100.0,2800.0,,,2800.0,,,39384.0,1582.0,1122390.0,,,,,,,,-0.07315458457464419,,,,,,,,,,,,,,,,,,,,,,,,,,,,,,False,False,other_month,,,,,,,,,,,,m2705,3021.0,200250.0,811917.0,-1034.0,6053279600.0,-7e-06,2900.0,3100.0,0.02615028136378683,-0.07315458457464419,-0.04005296259516722,0.02615028136378683,6732.0,32652.0,-0.6581352833638026,300.0,0.09930486593843098,call_oi_wall,3100.0,0.02615028136378683,above_price_wall,,,,,,,,,,,,,,,,,,,,,,,,,,,,,,,,,,,,,,,,,,,,,,,,,,,,,,,,,,
2026-09-10,COMMODITY,COMMODITY,m,m,m,DCE,2707,,,,,,,2974.0,,,3000.0,2600.0,,,3300.0,,,763.0,163.0,105065.0,,,,,,,,0.10961667787491591,,,,,,,,,,,,,,,,,,,,,,,,,,,,,,False,False,other_month,,,,,,,,,,,,m2707,2974.0,26109.0,234648.0,3434.0,776129520.0,2.9999999999999997e-06,3300.0,3300.0,0.008742434431741719,-0.12575655682582376,0.10961667787491591,0.10961667787491591,159.0,604.0,-0.583224115334207,400.0,0.13449899125756556,call_oi_wall,3000.0,0.008742434431741719,below_price_wall,,,,,,,,,,,,,,,,,,,,,,,,,,,,,,,,,,,,,,,,,,,,,,,,,,,,,,,,,,
2026-09-10,COMMODITY,COMMODITY,m,m,m,DCE,2708,,,,,,,3117.0,,,3300.0,2700.0,,,3300.0,,,49.0,0.0,0.0,,,,,,,,0.05871029836381125,,,,,,,,,,,,,,,,,,,,,,,,,,,,,,False,False,other_month,,,,,,,,,,,,m2708,3117.0,6481.0,43158.0,785.0,201991810.0,-1e-05,2700.0,2700.0,0.05871029836381125,-0.13378248315688157,-0.13378248315688157,-0.13378248315688157,29.0,20.0,0.1836734693877551,600.0,0.19249278152069296,call_oi_wall,3300.0,0.05871029836381125,below_price_wall,,,,,,,,,,,,,,,,,,,,,,,,,,,,,,,,,,,,,,,,,,,,,,,,,,,,,,,,,,
2026-09-10,COMMODITY,COMMODITY,p,p,p,DCE,2610,,,,,,,9736.0,,,10000.0,9500.0,,,10000.0,,,149339.0,342733.0,138993945.0,,,,,,,,0.027115858668857795,,,,,,,,,,,,,,,,,,,,,,,,,,,,,,False,False,other_month,,,,,,,,,,,,p2610,9736.0,18402.0,40826.0,-1450.0,1794517100.0,-0.000115,10000.0,9800.0,0.027115858668857795,-0.02423993426458504,0.027115858668857795,0.006573541495480617,86667.0,62672.0,0.16067470654015362,500.0,0.05135579293344289,amount_wall,9800.0,0.006573541495480617,below_price_wall,,,,,,,,,,,,,,,,,,,,,,,,,,,,,,,,,,,,,,,,,,,,,,,,,,,,,,,,,,
2026-09-10,COMMODITY,COMMODITY,p,p,p,DCE,2611,,,,,,,9834.0,,,11600.0,9400.0,,,11600.0,,,30415.0,13213.0,11403115.0,,,,,,,,0.17958104535285746,,,,,,,,,,,,,,,,,,,,,,,,,,,,,,False,False,other_month,,,,,,,,,,,,p2611,9834.0,15774.0,55774.0,110.0,1552947700.0,-0.000138,11600.0,10000.0,0.17958104535285746,-0.044132601179581066,0.17958104535285746,0.016880211511083987,17256.0,13159.0,0.13470327141213218,2200.0,0.22371364653243847,amount_wall,10000.0,0.016880211511083987,below_price_wall,,,,,,,,,,,,,,,,,,,,,,,,,,,,,,,,,,,,,,,,,,,,,,,,,,,,,,,,,,
2026-09-10,COMMODITY,COMMODITY,p,p,p,DCE,2612,,,,,,,10006.0,,,11200.0,7200.0,,,10200.0,,,517.0,41.0,83345.0,,,,,,,,0.019388366979812055,,,,,,,,,,,,,,,,,,,,,,,,,,,,,,False,False,other_month,,,,,,,,,,,,p2612,10006.0,3883.0,38568.0,55.0,389149610.0,-0.000136,10200.0,10200.0,0.11932840295822511,-0.2804317409554268,0.019388366979812055,0.019388366979812055,381.0,136.0,0.4738878143133462,4000.0,0.39976014391365183,price_wall,10200.0,0.019388366979812055,below_price_wall,,,,,,,,,,,,,,,,,,,,,,,,,,,,,,,,,,,,,,,,,,,,,,,,,,,,,,,,,,
2026-09-10,COMMODITY,COMMODITY,p,p,p,DCE,2701,,,,,,,10165.0,,,11600.0,9800.0,,,10000.0,,,132649.0,60568.0,121484935.0,,,,,,,,-0.016232169208066916,,,,,,,,,,,,,,,,,,,,,,,,,,,,,,False,False,other_month,,,,,,,,,,,,p2701,10165.0,825517.0,590465.0,-12710.0,84016849000.0,-0.000137,11600.0,10000.0,0.1411706837186424,-0.03590752582390555,0.1411706837186424,-0.016232169208066916,62415.0,70234.0,-0.05894503539416053,1800.0,0.17707820954254797,price_wall,10000.0,-0.016232169208066916,above_price_wall,,,,,,,,,,,,,,,,,,,,,,,,,,,,,,,,,,,,,,,,,,,,,,,,,,,,,,,,,,
2026-09-10,COMMODITY,COMMODITY,p,p,p,DCE,2702,,,,,,,10290.0,,,11600.0,8800.0,,,11600.0,,,230.0,23.0,35815.0,,,,,,,,0.12730806608357637,,,,,,,,,,,,,,,,,,,,,,,,,,,,,,False,False,other_month,,,,,,,,,,,,p2702,10290.0,3583.0,32905.0,159.0,369127300.0,-0.000117,11600.0,11600.0,0.12730806608357637,-0.14480077745383868,0.12730806608357637,0.12730806608357637,190.0,40.0,0.6521739130434783,2800.0,0.272108843537415,call_oi_wall,11600.0,0.12730806608357637,below_price_wall,,,,,,,,,,,,,,,,,,,,,,,,,,,,,,,,,,,,,,,,,,,,,,,,,,,,,,,,,,
2026-09-10,COMMODITY,COMMODITY,p,p,p,DCE,2703,,,,,,,10425.0,,,10800.0,9000.0,,,10800.0,,,582.0,37.0,146865.0,,,,,,,,0.03597122302158273,,,,,,,,,,,,,,,,,,,,,,,,,,,,,,False,False,other_month,,,,,,,,,,,,p2703,10425.0,6325.0,28975.0,973.0,660910070.0,-0.000139,10800.0,10800.0,0.03597122302158273,-0.13669064748201443,0.03597122302158273,0.03597122302158273,535.0,47.0,0.8384879725085911,1800.0,0.17266187050359713,call_oi_wall,10800.0,0.03597122302158273,below_price_wall,,,,,,,,,,,,,,,,,,,,,,,,,,,,,,,,,,,,,,,,,,,,,,,,,,,,,,,,,,
2026-09-10,COMMODITY,COMMODITY,p,p,p,DCE,2704,,,,,,,10550.0,,,11600.0,9400.0,,,11600.0,,,423.0,0.0,0.0,,,,,,,,0.09952606635071093,,,,,,,,,,,,,,,,,,,,,,,,,,,,,,False,False,other_month,,,,,,,,,,,,p2704,10550.0,220.0,343.0,-25.0,23214330.0,-0.000154,8200.0,8200.0,0.09952606635071093,-0.1090047393364929,-0.22274881516587675,-0.22274881516587675,335.0,88.0,0.5839243498817966,2200.0,0.20853080568720378,call_oi_wall,11600.0,0.09952606635071093,below_price_wall,,,,,,,,,,,,,,,,,,,,,,,,,,,,,,,,,,,,,,,,,,,,,,,,,,,,,,,,,,
2026-09-10,COMMODITY,COMMODITY,p,p,p,DCE,2705,,,,,,,10619.0,,,11200.0,9600.0,,,11200.0,,,10821.0,582.0,2163640.0,,,,,,,,0.05471324983520098,,,,,,,,,,,,,,,,,,,,,,,,,,,,,,False,False,other_month,,,,,,,,,,,,p2705,10619.0,279697.0,293412.0,-2547.0,29689228000.0,-0.000139,11200.0,11200.0,0.05471324983520098,-0.09596007156982767,0.05471324983520098,0.05471324983520098,8321.0,2500.0,0.537935495795213,1600.0,0.15067332140502873,call_oi_wall,11200.0,0.05471324983520098,below_price_wall,,,,,,,,,,,,,,,,,,,,,,,,,,,,,,,,,,,,,,,,,,,,,,,,,,,,,,,,,,
2026-09-10,COMMODITY,COMMODITY,p,p,p,DCE,2706,,,,,,,10622.0,,,12000.0,8400.0,,,12000.0,,,144.0,0.0,0.0,,,,,,,,0.12973074750517788,,,,,,,,,,,,,,,,,,,,,,,,,,,,,,False,False,other_month,,,,,,,,,,,,p2706,10622.0,278.0,240.0,-15.0,29498990.0,-0.000129,8400.0,8400.0,0.12973074750517788,-0.20918847674637542,-0.20918847674637542,-0.20918847674637542,107.0,37.0,0.4861111111111111,3600.0,0.33891922425155335,call_oi_wall,12000.0,0.12973074750517788,below_price_wall,,,,,,,,,,,,,,,,,,,,,,,,,,,,,,,,,,,,,,,,,,,,,,,,,,,,,,,,,,
2026-09-10,COMMODITY,COMMODITY,p,p,p,DCE,2707,,,,,,,10586.0,,,12000.0,8400.0,,,12000.0,,,66.0,3.0,10265.0,,,,,,,,0.13357264311354622,,,,,,,,,,,,,,,,,,,,,,,,,,,,,,False,False,other_month,,,,,,,,,,,,p2707,10586.0,405.0,952.0,-26.0,42863740.0,-0.000131,12000.0,12000.0,0.13357264311354622,-0.20649914982051765,0.13357264311354622,0.13357264311354622,30.0,36.0,-0.09090909090909091,3600.0,0.34007179293406387,call_oi_wall,12000.0,0.13357264311354622,below_price_wall,,,,,,,,,,,,,,,,,,,,,,,,,,,,,,,,,,,,,,,,,,,,,,,,,,,,,,,,,,
2026-09-10,COMMODITY,COMMODITY,p,p,p,DCE,2708,,,,,,,10579.0,,,10800.0,10000.0,,,10000.0,,,56.0,0.0,0.0,,,,,,,,-0.05473107098969654,,,,,,,,,,,,,,,,,,,,,,,,,,,,,,False,False,other_month,,,,,,,,,,,,p2708,10579.0,179.0,662.0,9.0,18939580.0,-0.00013299999999999998,8800.0,8800.0,0.02089044333112766,-0.05473107098969654,-0.168163342470933,-0.168163342470933,19.0,37.0,-0.32142857142857145,800.0,0.07562151432082427,call_oi_wall,10800.0,0.02089044333112766,above_price_wall,,,,,,,,,,,,,,,,,,,,,,,,,,,,,,,,,,,,,,,,,,,,,,,,,,,,,,,,,,
2026-09-10,COMMODITY,COMMODITY,pg,pg,pg,DCE,2610,,,,,,,6865.0,,,7200.0,5000.0,,,7000.0,,,36800.0,73559.0,113082812.0,,,,,,,,0.01966496722505462,,,,,,,,,,,,,,,,,,,,,,,,,,,,,,False,False,other_month,,,,,,,,,,,,pg2610,6865.0,191264.0,97770.0,597.0,26472254000.0,0.000142,7200.0,7000.0,0.04879825200291332,-0.2716678805535324,0.04879825200291332,0.01966496722505462,13755.0,23045.0,-0.25244565217391307,2200.0,0.32046613255644574,price_wall,7000.0,0.01966496722505462,below_price_wall,,,,,,,,,,,,,,,,,,,,,,,,,,,,,,,,,,,,,,,,,,,,,,,,,,,,,,,,,,
2026-09-10,COMMODITY,COMMODITY,pg,pg,pg,DCE,2611,,,,,,,6687.0,,,7100.0,4000.0,,,6500.0,,,5823.0,2405.0,9730840.0,,,,,,,,-0.027964707641692788,,,,,,,,,,,,,,,,,,,,,,,,,,,,,,False,False,other_month,,,,,,,,,,,,pg2611,6687.0,45741.0,83684.0,4191.0,6142405100.0,0.000177,7400.0,6900.0,0.06176162703753563,-0.401824435471811,0.10662479437714967,0.031852848811126044,2537.0,3286.0,-0.1286278550575305,3100.0,0.4635860625093465,price_wall,6500.0,-0.027964707641692788,above_price_wall,,,,,,,,,,,,,,,,,,,,,,,,,,,,,,,,,,,,,,,,,,,,,,,,,,,,,,,,,,
2026-09-10,COMMODITY,COMMODITY,pg,pg,pg,DCE,2612,,,,,,,6439.0,,,4200.0,3600.0,,,6400.0,,,107.0,1.0,7444.0,,,,,,,,-0.0060568411243981934,,,,,,,,,,,,,,,,,,,,,,,,,,,,,,False,False,other_month,,,,,,,,,,,,pg2612,6439.0,11543.0,42197.0,1483.0,1492090900.0,0.000185,6400.0,6400.0,-0.34772480198788636,-0.44090697313247396,-0.0060568411243981934,-0.0060568411243981934,45.0,62.0,-0.1588785046728972,600.0,0.09318217114458767,price_wall,6400.0,-0.0060568411243981934,above_price_wall,,,,,,,,,,,,,,,,,,,,,,,,,,,,,,,,,,,,,,,,,,,,,,,,,,,,,,,,,,
2026-09-10,COMMODITY,COMMODITY,pg,pg,pg,DCE,2701,,,,,,,6143.0,,,3900.0,4100.0,,,3900.0,,,73.0,0.0,0.0,,,,,,,,-0.3651310434641055,,,,,,,,,,,,,,,,,,,,,,,,,,,,,,False,False,other_month,,,,,,,,,,,,pg2701,6143.0,1122.0,2758.0,21.0,138325720.0,0.00020899999999999998,3500.0,3500.0,-0.3651310434641055,-0.3325736610776494,-0.43024580823701775,-0.43024580823701775,17.0,56.0,-0.5342465753424658,-200.0,-0.03255738238645613,put_oi_wall,4100.0,-0.3325736610776494,above_price_wall,,,,,,,,,,,,,,,,,,,,,,,,,,,,,,,,,,,,,,,,,,,,,,,,,,,,,,,,,,
2026-09-10,COMMODITY,COMMODITY,pg,pg,pg,DCE,2702,,,,,,,5831.0,,,6600.0,3800.0,,,6600.0,,,69.0,0.0,0.0,,,,,,,,0.13188132395815466,,,,,,,,,,,,,,,,,,,,,,,,,,,,,,False,False,other_month,,,,,,,,,,,,pg2702,5831.0,1584.0,9733.0,266.0,185549000.0,0.000189,3700.0,3700.0,0.13188132395815466,-0.3483107528725776,-0.36546046990224657,-0.36546046990224657,62.0,7.0,0.7971014492753623,2800.0,0.4801920768307323,call_oi_wall,6600.0,0.13188132395815466,below_price_wall,,,,,,,,,,,,,,,,,,,,,,,,,,,,,,,,,,,,,,,,,,,,,,,,,,,,,,,,,,
2026-09-10,COMMODITY,COMMODITY,pg,pg,pg,DCE,2703,,,,,,,5528.0,,,5200.0,4600.0,,,5200.0,,,191.0,0.0,0.0,,,,,,,,-0.05933429811866864,,,,,,,,,,,,,,,,,,,,,,,,,,,,,,False,False,other_month,,,,,,,,,,,,pg2703,5528.0,178.0,1378.0,2.0,19730760.0,0.000245,3800.0,3800.0,-0.05933429811866864,-0.16787264833574533,-0.31259044862518093,-0.31259044862518093,93.0,98.0,-0.02617801047120419,600.0,0.1085383502170767,call_oi_wall,5200.0,-0.05933429811866864,above_price_wall,,,,,,,,,,,,,,,,,,,,,,,,,,,,,,,,,,,,,,,,,,,,,,,,,,,,,,,,,,
2026-09-10,COMMODITY,COMMODITY,pg,pg,pg,DCE,2704,,,,,,,5656.0,,,6000.0,4900.0,,,6000.0,,,176.0,0.0,0.0,,,,,,,,0.06082036775106081,,,,,,,,,,,,,,,,,,,,,,,,,,,,,,False,False,other_month,,,,,,,,,,,,pg2704,5656.0,183.0,2904.0,15.0,20772120.0,0.00017999999999999998,4100.0,4100.0,0.06082036775106081,-0.13366336633663367,-0.2751060820367751,-0.2751060820367751,123.0,53.0,0.3977272727272727,1100.0,0.19448373408769448,call_oi_wall,6000.0,0.06082036775106081,below_price_wall,,,,,,,,,,,,,,,,,,,,,,,,,,,,,,,,,,,,,,,,,,,,,,,,,,,,,,,,,,
2026-09-10,COMMODITY,COMMODITY,pg,pg,pg,DCE,2705,,,,,,,5493.0,,,5700.0,4100.0,,,4900.0,,,296.0,342.0,995464.0,,,,,,,,-0.10795557982887316,,,,,,,,,,,,,,,,,,,,,,,,,,,,,,False,False,other_month,,,,,,,,,,,,pg2705,5493.0,145.0,192.0,30.0,16009960.0,0.000161,4100.0,4900.0,0.03768432550518841,-0.2535954851629346,-0.2535954851629346,-0.10795557982887316,127.0,169.0,-0.14189189189189189,1600.0,0.2912798106681231,call_oi_wall,5700.0,0.03768432550518841,above_price_wall,,,,,,,,,,,,,,,,,,,,,,,,,,,,,,,,,,,,,,,,,,,,,,,,,,,,,,,,,,
2026-09-10,COMMODITY,COMMODITY,pg,pg,pg,DCE,2706,,,,,,,5366.0,,,5200.0,4600.0,,,4700.0,,,35.0,60.0,288208.0,,,,,,,,-0.12411479686917626,,,,,,,,,,,,,,,,,,,,,,,,,,,,,,False,False,other_month,,,,,,,,,,,,pg2706,5366.0,39.0,63.0,6.0,4209700.0,0.0002,4700.0,4700.0,-0.030935519940365253,-0.14275065225493855,-0.12411479686917626,-0.12411479686917626,12.0,23.0,-0.3142857142857143,600.0,0.11181513231457324,call_oi_wall,5200.0,-0.030935519940365253,above_price_wall,,,,,,,,,,,,,,,,,,,,,,,,,,,,,,,,,,,,,,,,,,,,,,,,,,,,,,,,,,
2026-09-10,COMMODITY,COMMODITY,pg,pg,pg,DCE,2707,,,,,,,5301.0,,,5300.0,4100.0,,,4100.0,,,116.0,14.0,56248.0,,,,,,,,-0.22656102622146768,,,,,,,,,,,,,,,,,,,,,,,,,,,,,,False,False,other_month,,,,,,,,,,,,pg2707,5301.0,21.0,83.0,0.0,2229520.0,0.000261,4100.0,4100.0,-0.00018864365214110723,-0.22656102622146768,-0.22656102622146768,-0.22656102622146768,25.0,91.0,-0.5689655172413793,1200.0,0.22637238256932654,call_oi_wall,5300.0,-0.00018864365214110723,above_price_wall,,,,,,,,,,,,,,,,,,,,,,,,,,,,,,,,,,,,,,,,,,,,,,,,,,,,,,,,,,
2026-09-10,COMMODITY,COMMODITY,pg,pg,pg,DCE,2708,,,,,,,5199.0,,,5500.0,4200.0,,,4200.0,,,23.0,0.0,0.0,,,,,,,,-0.19215233698788226,,,,,,,,,,,,,,,,,,,,,,,,,,,,,,False,False,other_month,,,,,,,,,,,,pg2708,5199.0,13.0,52.0,1.0,1352780.0,0.00021999999999999998,4200.0,4200.0,0.05789574918253515,-0.19215233698788226,-0.19215233698788226,-0.19215233698788226,7.0,16.0,-0.391304347826087,1300.0,0.2500480861704174,call_oi_wall,5500.0,0.05789574918253515,above_price_wall,,,,,,,,,,,,,,,,,,,,,,,,,,,,,,,,,,,,,,,,,,,,,,,,,,,,,,,,,,
2026-09-10,COMMODITY,COMMODITY,pp,pp,pp,DCE,2610,,,,,,,9560.0,,,10000.0,8000.0,,,10000.0,,,43422.0,47698.0,26257976.0,,,,,,,,0.046025104602510414,,,,,,,,,,,,,,,,,,,,,,,,,,,,,,False,False,other_month,,,,,,,,,,,,pp2610,9560.0,106349.0,123921.0,-9785.0,5107118700.0,0.000237,10000.0,9600.0,0.046025104602510414,-0.16317991631799167,0.046025104602510414,0.004184100418409997,14873.0,28549.0,-0.31495555248491547,2000.0,0.20920502092050208,amount_wall,9600.0,0.004184100418409997,below_price_wall,,,,,,,,,,,,,,,,,,,,,,,,,,,,,,,,,,,,,,,,,,,,,,,,,,,,,,,,,,
2026-09-10,COMMODITY,COMMODITY,pp,pp,pp,DCE,2611,,,,,,,9354.0,,,9200.0,8000.0,,,9200.0,,,17152.0,8968.0,12032460.0,,,,,,,,-0.016463545007483482,,,,,,,,,,,,,,,,,,,,,,,,,,,,,,False,False,other_month,,,,,,,,,,,,pp2611,9354.0,90933.0,143538.0,-260.0,4268154100.0,0.000239,9800.0,9800.0,-0.016463545007483482,-0.14475090870215945,0.0476801368398545,0.0476801368398545,7591.0,9561.0,-0.1148554104477612,1200.0,0.12828736369467608,call_oi_wall,9200.0,-0.016463545007483482,above_price_wall,,,,,,,,,,,,,,,,,,,,,,,,,,,,,,,,,,,,,,,,,,,,,,,,,,,,,,,,,,
2026-09-10,COMMODITY,COMMODITY,pp,pp,pp,DCE,2612,,,,,,,9114.0,,,7600.0,5600.0,,,5600.0,,,413.0,8.0,1336.0,,,,,,,,-0.3855606758832565,,,,,,,,,,,,,,,,,,,,,,,,,,,,,,False,False,other_month,,,,,,,,,,,,pp2612,9114.0,21826.0,93293.0,1187.0,996422680.0,0.000249,7600.0,7600.0,-0.1661180601272767,-0.3855606758832565,-0.1661180601272767,-0.1661180601272767,119.0,294.0,-0.423728813559322,2000.0,0.21944261575597981,call_oi_wall,7600.0,-0.1661180601272767,above_price_wall,,,,,,,,,,,,,,,,,,,,,,,,,,,,,,,,,,,,,,,,,,,,,,,,,,,,,,,,,,
2026-09-10,COMMODITY,COMMODITY,pp,pp,pp,DCE,2701,,,,,,,8939.0,,,9000.0,8000.0,,,8000.0,,,14439.0,8796.0,14058337.0,,,,,,,,-0.10504530708132898,,,,,,,,,,,,,,,,,,,,,,,,,,,,,,False,False,other_month,,,,,,,,,,,,pp2701,8939.0,923723.0,652822.0,10901.0,41350583000.0,0.000229,8000.0,9600.0,0.006824029533504916,-0.10504530708132898,-0.10504530708132898,0.07394563150240518,7288.0,7151.0,0.009488191703026526,1000.0,0.11186933661483388,call_oi_wall,9000.0,0.006824029533504916,above_price_wall,,,,,,,,,,,,,,,,,,,,,,,,,,,,,,,,,,,,,,,,,,,,,,,,,,,,,,,,,,
2026-09-10,COMMODITY,COMMODITY,pp,pp,pp,DCE,2702,,,,,,,8709.0,,,9400.0,6200.0,,,9400.0,,,141.0,2.0,275.0,,,,,,,,0.0793432081754506,,,,,,,,,,,,,,,,,,,,,,,,,,,,,,False,False,other_month,,,,,,,,,,,,pp2702,8709.0,11474.0,35929.0,1654.0,498805950.0,0.0002,6400.0,6400.0,0.0793432081754506,-0.28809277758640484,-0.2651280284762889,-0.2651280284762889,86.0,55.0,0.2198581560283688,3200.0,0.36743598576185554,call_oi_wall,9400.0,0.0793432081754506,below_price_wall,,,,,,,,,,,,,,,,,,,,,,,,,,,,,,,,,,,,,,,,,,,,,,,,,,,,,,,,,,
2026-09-10,COMMODITY,COMMODITY,pp,pp,pp,DCE,2703,,,,,,,8520.0,,,8600.0,6000.0,,,8600.0,,,103.0,0.0,0.0,,,,,,,,0.009389671361502261,,,,,,,,,,,,,,,,,,,,,,,,,,,,,,False,False,other_month,,,,,,,,,,,,pp2703,8520.0,26.0,194.0,-4.0,1112440.0,0.00016,6000.0,6000.0,0.009389671361502261,-0.295774647887324,-0.295774647887324,-0.295774647887324,99.0,4.0,0.9223300970873787,2600.0,0.3051643192488263,call_oi_wall,8600.0,0.009389671361502261,below_price_wall,,,,,,,,,,,,,,,,,,,,,,,,,,,,,,,,,,,,,,,,,,,,,,,,,,,,,,,,,,
2026-09-10,COMMODITY,COMMODITY,pp,pp,pp,DCE,2704,,,,,,,8457.0,,,9200.0,7000.0,,,7000.0,,,80.0,0.0,0.0,,,,,,,,-0.1722833155965472,,,,,,,,,,,,,,,,,,,,,,,,,,,,,,False,False,other_month,,,,,,,,,,,,pp2704,8457.0,17.0,205.0,-2.0,719495.0,0.000205,6000.0,6000.0,0.08785621378739505,-0.1722833155965472,-0.2905285562256119,-0.2905285562256119,64.0,16.0,0.6,2200.0,0.2601395293839423,call_oi_wall,9200.0,0.08785621378739505,above_price_wall,,,,,,,,,,,,,,,,,,,,,,,,,,,,,,,,,,,,,,,,,,,,,,,,,,,,,,,,,,
2026-09-10,COMMODITY,COMMODITY,pp,pp,pp,DCE,2705,,,,,,,8276.0,,,7600.0,6000.0,,,7600.0,,,29.0,0.0,0.0,,,,,,,,-0.08168197196713389,,,,,,,,,,,,,,,,,,,,,,,,,,,,,,False,False,other_month,,,,,,,,,,,,pp2705,8276.0,26533.0,64373.0,4107.0,1102027080.0,0.000115,6000.0,6000.0,-0.08168197196713389,-0.2750120831319478,-0.2750120831319478,-0.2750120831319478,17.0,12.0,0.1724137931034483,1600.0,0.1933301111648139,call_oi_wall,7600.0,-0.08168197196713389,above_price_wall,,,,,,,,,,,,,,,,,,,,,,,,,,,,,,,,,,,,,,,,,,,,,,,,,,,,,,,,,,
2026-09-10,COMMODITY,COMMODITY,pp,pp,pp,DCE,2706,,,,,,,8139.0,,,8200.0,6000.0,,,6000.0,,,19.0,0.0,0.0,,,,,,,,-0.2628086988573535,,,,,,,,,,,,,,,,,,,,,,,,,,,,,,False,False,other_month,,,,,,,,,,,,pp2706,8139.0,52.0,353.0,-9.0,2128655.0,0.000151,6000.0,6000.0,0.007494778228283483,-0.2628086988573535,-0.2628086988573535,-0.2628086988573535,5.0,14.0,-0.47368421052631576,2200.0,0.27030347708563707,call_oi_wall,8200.0,0.007494778228283483,above_price_wall,,,,,,,,,,,,,,,,,,,,,,,,,,,,,,,,,,,,,,,,,,,,,,,,,,,,,,,,,,
2026-09-10,COMMODITY,COMMODITY,pp,pp,pp,DCE,2707,,,,,,,8034.0,,,6200.0,6200.0,,,6200.0,,,3.0,0.0,0.0,,,,,,,,-0.22827981080408266,,,,,,,,,,,,,,,,,,,,,,,,,,,,,,False,False,other_month,,,,,,,,,,,,pp2707,8034.0,54.0,493.0,-24.0,2183620.0,9.7e-05,6200.0,6200.0,-0.22827981080408266,-0.22827981080408266,-0.22827981080408266,-0.22827981080408266,0.0,3.0,-1.0,0.0,0.0,call_oi_wall,6200.0,-0.22827981080408266,above_price_wall,,,,,,,,,,,,,,,,,,,,,,,,,,,,,,,,,,,,,,,,,,,,,,,,,,,,,,,,,,
2026-09-10,COMMODITY,COMMODITY,pp,pp,pp,DCE,2708,,,,,,,7950.0,,,6400.0,6400.0,,,6400.0,,,1.0,0.0,0.0,,,,,,,,-0.19496855345911945,,,,,,,,,,,,,,,,,,,,,,,,,,,,,,False,False,other_month,,,,,,,,,,,,pp2708,7950.0,64.0,121.0,-2.0,2549280.0,0.000112,6400.0,6400.0,-0.19496855345911945,-0.19496855345911945,-0.19496855345911945,-0.19496855345911945,0.0,1.0,-1.0,0.0,0.0,call_oi_wall,6400.0,-0.19496855345911945,above_price_wall,,,,,,,,,,,,,,,,,,,,,,,,,,,,,,,,,,,,,,,,,,,,,,,,,,,,,,,,,,
2026-09-10,COMMODITY,COMMODITY,v,v,v,DCE,2610,,,,,,,4974.0,,,5300.0,4800.0,,,4800.0,,,347881.0,838193.0,169074505.0,,,,,,,,-0.0349819059107358,,,,,,,,,,,,,,,,,,,,,,,,,,,,,,False,False,other_month,,,,,,,,,,,,v2610,4974.0,115549.0,182958.0,-819.0,2882516200.0,1.4e-05,5300.0,5000.0,0.06554081222356256,-0.0349819059107358,0.06554081222356256,0.005227181342983611,190105.0,157776.0,0.09293120348624961,500.0,0.10052271813429835,amount_wall,5000.0,0.005227181342983611,above_price_wall,,,,,,,,,,,,,,,,,,,,,,,,,,,,,,,,,,,,,,,,,,,,,,,,,,,,,,,,,,
2026-09-10,COMMODITY,COMMODITY,v,v,v,DCE,2611,,,,,,,5009.0,,,6800.0,4050.0,,,6800.0,,,34199.0,17587.0,8242150.0,,,,,,,,0.357556398482731,,,,,,,,,,,,,,,,,,,,,,,,,,,,,,False,False,other_month,,,,,,,,,,,,v2611,5009.0,43952.0,205951.0,230.0,1103132570.0,1.6e-05,5100.0,5000.0,0.357556398482731,-0.1914553803154322,0.018167298862048264,-0.0017967658215212179,18054.0,16145.0,0.05582034562414106,2750.0,0.5490117787981633,amount_wall,5000.0,-0.0017967658215212179,below_price_wall,,,,,,,,,,,,,,,,,,,,,,,,,,,,,,,,,,,,,,,,,,,,,,,,,,,,,,,,,,
2026-09-10,COMMODITY,COMMODITY,v,v,v,DCE,2612,,,,,,,5048.0,,,5400.0,4350.0,,,5200.0,,,582.0,14.0,6295.0,,,,,,,,0.030110935023771823,,,,,,,,,,,,,,,,,,,,,,,,,,,,,,False,False,other_month,,,,,,,,,,,,v2612,5048.0,13256.0,139305.0,229.0,335323630.0,1e-05,5200.0,5200.0,0.06973058637083995,-0.13827258320126778,0.030110935023771823,0.030110935023771823,348.0,234.0,0.1958762886597938,1050.0,0.20800316957210777,price_wall,5200.0,0.030110935023771823,below_price_wall,,,,,,,,,,,,,,,,,,,,,,,,,,,,,,,,,,,,,,,,,,,,,,,,,,,,,,,,,,
2026-09-10,COMMODITY,COMMODITY,v,v,v,DCE,2701,,,,,,,5084.0,,,5200.0,4500.0,,,5200.0,,,89590.0,40051.0,29483850.0,,,,,,,,0.02281667977970092,,,,,,,,,,,,,,,,,,,,,,,,,,,,,,False,False,other_month,,,,,,,,,,,,v2701,5084.0,2344389.0,1167155.0,-7068.0,59696253000.0,1e-05,5200.0,5200.0,0.02281667977970092,-0.11487018095987411,0.02281667977970092,0.02281667977970092,58621.0,30969.0,0.3086505190311419,700.0,0.13768686073957515,call_oi_wall,5200.0,0.02281667977970092,below_price_wall,,,,,,,,,,,,,,,,,,,,,,,,,,,,,,,,,,,,,,,,,,,,,,,,,,,,,,,,,,
2026-09-10,COMMODITY,COMMODITY,v,v,v,DCE,2702,,,,,,,5116.0,,,6600.0,4550.0,,,6600.0,,,366.0,126.0,60572.0,,,,,,,,0.2900703674745895,,,,,,,,,,,,,,,,,,,,,,,,,,,,,,False,False,other_month,,,,,,,,,,,,v2702,5116.0,7467.0,59712.0,2119.0,191218390.0,2.3999999999999997e-05,6400.0,6400.0,0.2900703674745895,-0.11063330727130571,0.25097732603596556,0.25097732603596556,314.0,52.0,0.7158469945355191,2050.0,0.40070367474589524,put_oi_wall,4550.0,-0.11063330727130571,below_price_wall,,,,,,,,,,,,,,,,,,,,,,,,,,,,,,,,,,,,,,,,,,,,,,,,,,,,,,,,,,
2026-09-10,COMMODITY,COMMODITY,v,v,v,DCE,2703,,,,,,,5126.0,,,6000.0,4300.0,,,6000.0,,,92.0,3.0,1501.0,,,,,,,,0.1705033164260632,,,,,,,,,,,,,,,,,,,,,,,,,,,,,,False,False,other_month,,,,,,,,,,,,v2703,5126.0,812.0,4851.0,45.0,20845700.0,-1.9e-05,6000.0,6000.0,0.1705033164260632,-0.16113928989465465,0.1705033164260632,0.1705033164260632,72.0,20.0,0.5652173913043478,1700.0,0.3316426063207179,put_oi_wall,4300.0,-0.16113928989465465,below_price_wall,,,,,,,,,,,,,,,,,,,,,,,,,,,,,,,,,,,,,,,,,,,,,,,,,,,,,,,,,,
2026-09-10,COMMODITY,COMMODITY,v,v,v,DCE,2704,,,,,,,5316.0,,,6200.0,4700.0,,,5600.0,,,67.0,5.0,3486.0,,,,,,,,0.05342362678705803,,,,,,,,,,,,,,,,,,,,,,,,,,,,,,False,False,other_month,,,,,,,,,,,,v2704,5316.0,234.0,3787.0,75.0,6221145.0,4.4999999999999996e-05,5600.0,5600.0,0.16629044394281411,-0.11587659894657643,0.05342362678705803,0.05342362678705803,47.0,20.0,0.40298507462686567,1500.0,0.28216704288939054,price_wall,5600.0,0.05342362678705803,below_price_wall,,,,,,,,,,,,,,,,,,,,,,,,,,,,,,,,,,,,,,,,,,,,,,,,,,,,,,,,,,
2026-09-10,COMMODITY,COMMODITY,v,v,v,DCE,2705,,,,,,,5330.0,,,6000.0,5000.0,,,5800.0,,,112.0,18.0,20298.0,,,,,,,,0.08818011257035652,,,,,,,,,,,,,,,,,,,,,,,,,,,,,,False,False,other_month,,,,,,,,,,,,v2705,5330.0,53604.0,165020.0,3255.0,1432067000.0,1.5e-05,5800.0,5800.0,0.12570356472795496,-0.06191369606003749,0.08818011257035652,0.08818011257035652,81.0,31.0,0.44642857142857145,1000.0,0.18761726078799248,put_oi_wall,5000.0,-0.06191369606003749,below_price_wall,,,,,,,,,,,,,,,,,,,,,,,,,,,,,,,,,,,,,,,,,,,,,,,,,,,,,,,,,,
2026-09-10,COMMODITY,COMMODITY,v,v,v,DCE,2706,,,,,,,5341.0,,,5600.0,4500.0,,,5400.0,,,45.0,13.0,18014.0,,,,,,,,0.011046620483055714,,,,,,,,,,,,,,,,,,,,,,,,,,,,,,False,False,other_month,,,,,,,,,,,,v2706,5341.0,139.0,908.0,-9.0,3729850.0,1.3e-05,5400.0,5400.0,0.04849279161205766,-0.1574611495974536,0.011046620483055714,0.011046620483055714,17.0,28.0,-0.24444444444444444,1100.0,0.20595394120951133,price_wall,5400.0,0.011046620483055714,below_price_wall,,,,,,,,,,,,,,,,,,,,,,,,,,,,,,,,,,,,,,,,,,,,,,,,,,,,,,,,,,
2026-09-10,COMMODITY,COMMODITY,v,v,v,DCE,2707,,,,,,,5356.0,,,5600.0,4800.0,,,5400.0,,,99.0,7.0,10948.0,,,,,,,,0.00821508588498876,,,,,,,,,,,,,,,,,,,,,,,,,,,,,,False,False,other_month,,,,,,,,,,,,v2707,5356.0,305.0,687.0,-18.0,8185695.0,2.3999999999999997e-05,5400.0,5400.0,0.045556385362210516,-0.10380881254667662,0.00821508588498876,0.00821508588498876,71.0,28.0,0.43434343434343436,800.0,0.14936519790888722,price_wall,5400.0,0.00821508588498876,below_price_wall,,,,,,,,,,,,,,,,,,,,,,,,,,,,,,,,,,,,,,,,,,,,,,,,,,,,,,,,,,
2026-09-10,COMMODITY,COMMODITY,v,v,v,DCE,2708,,,,,,,5382.0,,,5400.0,5400.0,,,5400.0,,,140.0,205.0,389558.0,,,,,,,,0.0033444816053511683,,,,,,,,,,,,,,,,,,,,,,,,,,,,,,False,False,other_month,,,,,,,,,,,,v2708,5382.0,416.0,397.0,-35.0,11189510.0,3.2e-05,5400.0,5400.0,0.0033444816053511683,0.0033444816053511683,0.0033444816053511683,0.0033444816053511683,65.0,75.0,-0.07142857142857142,0.0,0.0,call_oi_wall,5400.0,0.0033444816053511683,near_price_wall,,,,,,,,,,,,,,,,,,,,,,,,,,,,,,,,,,,,,,,,,,,,,,,,,,,,,,,,,,
2026-09-10,COMMODITY,COMMODITY,y,y,y,DCE,2611,,,,,,,8956.0,,,9500.0,8500.0,,,9500.0,,,38982.0,27875.0,15677180.0,,,,,,,,0.060741402411790935,,,,,,,,,,,,,,,,,,,,,,,,,,,,,,False,False,other_month,,,,,,,,,,,,y2611,8956.0,23712.0,118609.0,559.0,2123692000.0,-6.8e-05,9500.0,9500.0,0.060741402411790935,-0.05091558731576595,0.060741402411790935,0.060741402411790935,19131.0,19851.0,-0.018470063106048946,1000.0,0.11165698972755694,put_oi_wall,8500.0,-0.05091558731576595,below_price_wall,,,,,,,,,,,,,,,,,,,,,,,,,,,,,,,,,,,,,,,,,,,,,,,,,,,,,,,,,,
2026-09-10,COMMODITY,COMMODITY,y,y,y,DCE,2612,,,,,,,9050.0,,,10000.0,8600.0,,,8600.0,,,11962.0,5191.0,4670850.0,,,,,,,,-0.04972375690607733,,,,,,,,,,,,,,,,,,,,,,,,,,,,,,False,False,other_month,,,,,,,,,,,,y2612,9050.0,7538.0,103720.0,1139.0,681259640.0,-6.5e-05,8500.0,9200.0,0.1049723756906078,-0.04972375690607733,-0.06077348066298338,0.016574585635359185,4452.0,7510.0,-0.2556428690854372,1400.0,0.15469613259668508,amount_wall,9200.0,0.016574585635359185,above_price_wall,,,,,,,,,,,,,,,,,,,,,,,,,,,,,,,,,,,,,,,,,,,,,,,,,,,,,,,,,,
2026-09-10,COMMODITY,COMMODITY,y,y,y,DCE,2701,,,,,,,9064.0,,,9200.0,8900.0,,,8900.0,,,57652.0,12158.0,15874040.0,,,,,,,,-0.018093556928508336,,,,,,,,,,,,,,,,,,,,,,,,,,,,,,False,False,other_month,,,,,,,,,,,,y2701,9064.0,479349.0,709732.0,-37925.0,43404340000.0,-6.4e-05,8600.0,9000.0,0.015004413062665423,-0.018093556928508336,-0.051191526919682206,-0.007060900264783787,23156.0,34496.0,-0.19669742593491987,300.0,0.03309796999117388,amount_wall,9000.0,-0.007060900264783787,above_price_wall,,,,,,,,,,,,,,,,,,,,,,,,,,,,,,,,,,,,,,,,,,,,,,,,,,,,,,,,,,
2026-09-10,COMMODITY,COMMODITY,y,y,y,DCE,2703,,,,,,,9050.0,,,9800.0,8600.0,,,9800.0,,,1437.0,7.0,11080.0,,,,,,,,0.08287292817679548,,,,,,,,,,,,,,,,,,,,,,,,,,,,,,False,False,other_month,,,,,,,,,,,,y2703,9050.0,11358.0,100940.0,-336.0,1026132530.0,-7.6e-05,8600.0,8600.0,0.08287292817679548,-0.04972375690607733,-0.04972375690607733,-0.04972375690607733,930.0,507.0,0.29436325678496866,1200.0,0.13259668508287292,put_oi_wall,8600.0,-0.04972375690607733,below_price_wall,,,,,,,,,,,,,,,,,,,,,,,,,,,,,,,,,,,,,,,,,,,,,,,,,,,,,,,,,,
2026-09-10,COMMODITY,COMMODITY,y,y,y,DCE,2705,,,,,,,8929.0,,,9200.0,8200.0,,,9200.0,,,1347.0,34.0,61255.0,,,,,,,,0.030350543173927713,,,,,,,,,,,,,,,,,,,,,,,,,,,,,,False,False,other_month,,,,,,,,,,,,y2705,8929.0,106009.0,286463.0,-2277.0,9453361800.0,-7.900000000000001e-05,8000.0,8800.0,0.030350543173927713,-0.08164408108410792,-0.10404300593571514,-0.014447306529286608,868.0,479.0,0.28878990348923533,1000.0,0.11199462425803561,amount_wall,8800.0,-0.014447306529286608,below_price_wall,,,,,,,,,,,,,,,,,,,,,,,,,,,,,,,,,,,,,,,,,,,,,,,,,,,,,,,,,,
2026-09-10,COMMODITY,COMMODITY,y,y,y,DCE,2707,,,,,,,8836.0,,,9000.0,7200.0,,,9000.0,,,155.0,0.0,0.0,,,,,,,,0.01856043458578549,,,,,,,,,,,,,,,,,,,,,,,,,,,,,,False,False,other_month,,,,,,,,,,,,y2707,8836.0,1611.0,46060.0,115.0,142424240.0,-8.800000000000001e-05,7200.0,7200.0,0.01856043458578549,-0.18515165233137165,-0.18515165233137165,-0.18515165233137165,84.0,71.0,0.08387096774193549,1800.0,0.2037120869171571,call_oi_wall,9000.0,0.01856043458578549,below_price_wall,,,,,,,,,,,,,,,,,,,,,,,,,,,,,,,,,,,,,,,,,,,,,,,,,,,,,,,,,,
2026-09-10,COMMODITY,COMMODITY,y,y,y,DCE,2708,,,,,,,8846.0,,,8800.0,7400.0,,,8800.0,,,43.0,0.0,0.0,,,,,,,,-0.005200090436355387,,,,,,,,,,,,,,,,,,,,,,,,,,,,,,False,False,other_month,,,,,,,,,,,,y2708,8846.0,2294.0,14663.0,625.0,202644500.0,-8.7e-05,7400.0,7400.0,-0.005200090436355387,-0.16346371241238977,-0.16346371241238977,-0.16346371241238977,20.0,23.0,-0.06976744186046512,1400.0,0.15826362197603436,call_oi_wall,8800.0,-0.005200090436355387,above_price_wall,,,,,,,,,,,,,,,,,,,,,,,,,,,,,,,,,,,,,,,,,,,,,,,,,,,,,,,,,,
2026-09-10,COMMODITY,COMMODITY,lc,lc,lc,GFEX,2611,,,,,,,141120.0,,,160000.0,130000.0,,,150000.0,,,75564.0,141869.0,483523880.0,,,,,,,,0.06292517006802711,,,,,,,,,,,,,,,,,,,,,,,,,,,,,,False,False,other_month,,,,,,,,,,,,lc2611,141120.0,27106.0,133665.0,-3060.0,3826904400.0,-2.3999999999999997e-05,150000.0,150000.0,0.13378684807256236,-0.07879818594104304,0.06292517006802711,0.06292517006802711,49197.0,26367.0,0.3021279974591075,30000.0,0.21258503401360543,price_wall,150000.0,0.06292517006802711,below_price_wall,,,,,,,,,,,,,,,,,,,,,,,,,,,,,,,,,,,,,,,,,,,,,,,,,,,,,,,,,,
2026-09-10,COMMODITY,COMMODITY,lc,lc,lc,GFEX,2612,,,,,,,141800.0,,,87000.0,87000.0,,,87000.0,,,0.0,0.0,0.0,,,,,,,,-0.386459802538787,,,,,,,,,,,,,,,,,,,,,,,,,,,,,,False,False,other_month,,,,,,,,,,,,lc2612,141800.0,6313.0,34382.0,416.0,895271780.0,-4e-06,87000.0,87000.0,-0.386459802538787,-0.386459802538787,-0.386459802538787,-0.386459802538787,0.0,0.0,,0.0,0.0,call_oi_wall,87000.0,-0.386459802538787,above_price_wall,,,,,,,,,,,,,,,,,,,,,,,,,,,,,,,,,,,,,,,,,,,,,,,,,,,,,,,,,,
2026-09-10,COMMODITY,COMMODITY,lc,lc,lc,GFEX,2701,,,,,,,141300.0,,,110000.0,110000.0,,,110000.0,,,0.0,0.0,0.0,,,,,,,,-0.22151450813871199,,,,,,,,,,,,,,,,,,,,,,,,,,,,,,False,False,other_month,,,,,,,,,,,,lc2701,141300.0,160111.0,408716.0,3280.0,22721756000.0,-5.2e-05,110000.0,110000.0,-0.22151450813871199,-0.22151450813871199,-0.22151450813871199,-0.22151450813871199,0.0,0.0,,0.0,0.0,call_oi_wall,110000.0,-0.22151450813871199,above_price_wall,,,,,,,,,,,,,,,,,,,,,,,,,,,,,,,,,,,,,,,,,,,,,,,,,,,,,,,,,,
2026-09-10,COMMODITY,COMMODITY,lc,lc,lc,GFEX,2702,,,,,,,140600.0,,,108000.0,108000.0,,,108000.0,,,0.0,0.0,0.0,,,,,,,,-0.2318634423897582,,,,,,,,,,,,,,,,,,,,,,,,,,,,,,False,False,other_month,,,,,,,,,,,,lc2702,140600.0,278.0,2554.0,164.0,39042680.0,2.1e-05,108000.0,108000.0,-0.2318634423897582,-0.2318634423897582,-0.2318634423897582,-0.2318634423897582,0.0,0.0,,0.0,0.0,call_oi_wall,108000.0,-0.2318634423897582,above_price_wall,,,,,,,,,,,,,,,,,,,,,,,,,,,,,,,,,,,,,,,,,,,,,,,,,,,,,,,,,,
2026-09-10,COMMODITY,COMMODITY,lc,lc,lc,GFEX,2703,,,,,,,138800.0,,,108000.0,108000.0,,,108000.0,,,0.0,0.0,0.0,,,,,,,,-0.2219020172910663,,,,,,,,,,,,,,,,,,,,,,,,,,,,,,False,False,other_month,,,,,,,,,,,,lc2703,138800.0,696.0,4146.0,261.0,97047540.0,2.2000000000000003e-05,108000.0,108000.0,-0.2219020172910663,-0.2219020172910663,-0.2219020172910663,-0.2219020172910663,0.0,0.0,,0.0,0.0,call_oi_wall,108000.0,-0.2219020172910663,above_price_wall,,,,,,,,,,,,,,,,,,,,,,,,,,,,,,,,,,,,,,,,,,,,,,,,,,,,,,,,,,
2026-09-10,COMMODITY,COMMODITY,lc,lc,lc,GFEX,2704,,,,,,,138700.0,,,106000.0,106000.0,,,106000.0,,,0.0,0.0,0.0,,,,,,,,-0.23576063446286954,,,,,,,,,,,,,,,,,,,,,,,,,,,,,,False,False,other_month,,,,,,,,,,,,lc2704,138700.0,506.0,10148.0,170.0,70230820.0,-6.6e-05,106000.0,106000.0,-0.23576063446286954,-0.23576063446286954,-0.23576063446286954,-0.23576063446286954,0.0,0.0,,0.0,0.0,call_oi_wall,106000.0,-0.23576063446286954,above_price_wall,,,,,,,,,,,,,,,,,,,,,,,,,,,,,,,,,,,,,,,,,,,,,,,,,,,,,,,,,,
2026-09-10,COMMODITY,COMMODITY,lc,lc,lc,GFEX,2705,,,,,,,138500.0,,,108000.0,108000.0,,,108000.0,,,0.0,0.0,0.0,,,,,,,,-0.22021660649819497,,,,,,,,,,,,,,,,,,,,,,,,,,,,,,False,False,other_month,,,,,,,,,,,,lc2705,138500.0,15408.0,72716.0,-204.0,2149008800.0,-6e-05,108000.0,108000.0,-0.22021660649819497,-0.22021660649819497,-0.22021660649819497,-0.22021660649819497,0.0,0.0,,0.0,0.0,call_oi_wall,108000.0,-0.22021660649819497,above_price_wall,,,,,,,,,,,,,,,,,,,,,,,,,,,,,,,,,,,,,,,,,,,,,,,,,,,,,,,,,,
2026-09-10,COMMODITY,COMMODITY,lc,lc,lc,GFEX,2706,,,,,,,140060.0,,,106000.0,106000.0,,,106000.0,,,0.0,0.0,0.0,,,,,,,,-0.2431814936455805,,,,,,,,,,,,,,,,,,,,,,,,,,,,,,False,False,other_month,,,,,,,,,,,,lc2706,140060.0,282.0,3533.0,75.0,39172400.0,3.3e-05,106000.0,106000.0,-0.2431814936455805,-0.2431814936455805,-0.2431814936455805,-0.2431814936455805,0.0,0.0,,0.0,0.0,call_oi_wall,106000.0,-0.2431814936455805,above_price_wall,,,,,,,,,,,,,,,,,,,,,,,,,,,,,,,,,,,,,,,,,,,,,,,,,,,,,,,,,,
2026-09-10,COMMODITY,COMMODITY,lc,lc,lc,GFEX,2707,,,,,,,,,,112000.0,112000.0,,,112000.0,,,0.0,0.0,0.0,,,,,,,,,,,,,,,,,,,,,,,,,,,,,,,,,,,,,,False,False,other_month,,,,,,,,,,,,,,,,,,,112000.0,112000.0,,,,,0.0,0.0,,0.0,,,,,unavailable,,,,,,,,,,,,,,,,,,,,,,,,,,,,,,,,,,,,,,,,,,,,,,,,,,,,,,,,,,
2026-09-10,COMMODITY,COMMODITY,lc,lc,lc,GFEX,2708,,,,,,,,,,114000.0,114000.0,,,114000.0,,,0.0,0.0,0.0,,,,,,,,,,,,,,,,,,,,,,,,,,,,,,,,,,,,,,False,False,other_month,,,,,,,,,,,,,,,,,,,114000.0,114000.0,,,,,0.0,0.0,,0.0,,,,,unavailable,,,,,,,,,,,,,,,,,,,,,,,,,,,,,,,,,,,,,,,,,,,,,,,,,,,,,,,,,,
2026-09-10,COMMODITY,COMMODITY,pd,pd,pd,GFEX,2612,,,,,,,319.45,,,212.0,212.0,,,212.0,,,0.0,0.0,0.0,,,,,,,,-0.3363593676631711,,,,,,,,,,,,,,,,,,,,,,,,,,,,,,False,False,other_month,,,,,,,,,,,,pd2612,319.45,1260.0,5819.0,336.0,402972700.0,6.1000000000000005e-05,212.0,212.0,-0.3363593676631711,-0.3363593676631711,-0.3363593676631711,-0.3363593676631711,0.0,0.0,,0.0,0.0,call_oi_wall,212.0,-0.3363593676631711,above_price_wall,,,,,,,,,,,,,,,,,,,,,,,,,,,,,,,,,,,,,,,,,,,,,,,,,,,,,,,,,,
2026-09-10,COMMODITY,COMMODITY,pd,pd,pd,GFEX,2702,,,,,,,321.5,,,212.0,212.0,,,212.0,,,0.0,0.0,0.0,,,,,,,,-0.3405909797822706,,,,,,,,,,,,,,,,,,,,,,,,,,,,,,False,False,other_month,,,,,,,,,,,,pd2702,321.5,110.0,468.0,-7.0,35389050.0,4.1e-05,212.0,212.0,-0.3405909797822706,-0.3405909797822706,-0.3405909797822706,-0.3405909797822706,0.0,0.0,,0.0,0.0,call_oi_wall,212.0,-0.3405909797822706,above_price_wall,,,,,,,,,,,,,,,,,,,,,,,,,,,,,,,,,,,,,,,,,,,,,,,,,,,,,,,,,,
2026-09-10,COMMODITY,COMMODITY,pd,pd,pd,GFEX,2704,,,,,,,323.5,,,216.0,216.0,,,216.0,,,0.0,0.0,0.0,,,,,,,,-0.33230293663060273,,,,,,,,,,,,,,,,,,,,,,,,,,,,,,False,False,other_month,,,,,,,,,,,,pd2704,323.5,7.0,34.0,2.0,2271450.0,2.8e-05,216.0,216.0,-0.33230293663060273,-0.33230293663060273,-0.33230293663060273,-0.33230293663060273,0.0,0.0,,0.0,0.0,call_oi_wall,216.0,-0.33230293663060273,above_price_wall,,,,,,,,,,,,,,,,,,,,,,,,,,,,,,,,,,,,,,,,,,,,,,,,,,,,,,,,,,
2026-09-10,COMMODITY,COMMODITY,pd,pd,pd,GFEX,2706,,,,,,,326.65,,,424.0,232.0,,,424.0,,,70.0,0.0,0.0,,,,,,,,0.2980254094596664,,,,,,,,,,,,,,,,,,,,,,,,,,,,,,False,False,other_month,,,,,,,,,,,,pd2706,326.65,3.0,33.0,1.0,980650.0,9.7e-05,216.0,216.0,0.2980254094596664,-0.28975968161640897,-0.3387417725394152,-0.3387417725394152,30.0,40.0,-0.14285714285714285,192.0,0.5877850910760754,put_oi_wall,232.0,-0.28975968161640897,below_price_wall,,,,,,,,,,,,,,,,,,,,,,,,,,,,,,,,,,,,,,,,,,,,,,,,,,,,,,,,,,
2026-09-10,COMMODITY,COMMODITY,pd,pd,pd,GFEX,2708,,,,,,,,,,248.0,252.0,,,252.0,,,1.0,0.0,0.0,,,,,,,,,,,,,,,,,,,,,,,,,,,,,,,,,,,,,,False,False,other_month,,,,,,,,,,,,,,,,,,,248.0,248.0,,,,,0.0,1.0,-1.0,-4.0,,,,,unavailable,,,,,,,,,,,,,,,,,,,,,,,,,,,,,,,,,,,,,,,,,,,,,,,,,,,,,,,,,,
2026-09-10,COMMODITY,COMMODITY,ps,ps,ps,GFEX,2611,,,,,,,36715.0,,,40000.0,32000.0,,,40000.0,,,50684.0,42291.0,59078370.0,,,,,,,,0.08947296745199518,,,,,,,,,,,,,,,,,,,,,,,,,,,,,,False,False,other_month,,,,,,,,,,,,ps2611,36715.0,62314.0,121366.0,4058.0,6923313100.0,-0.00019800000000000002,40000.0,40000.0,0.08947296745199518,-0.1284216260384039,0.08947296745199518,0.08947296745199518,46953.0,3731.0,0.8527740509825587,8000.0,0.21789459349039902,call_oi_wall,40000.0,0.08947296745199518,below_price_wall,,,,,,,,,,,,,,,,,,,,,,,,,,,,,,,,,,,,,,,,,,,,,,,,,,,,,,,,,,
2026-09-10,COMMODITY,COMMODITY,ps,ps,ps,GFEX,2612,,,,,,,41230.0,,,43000.0,32000.0,,,43000.0,,,4819.0,162.0,220734.0,,,,,,,,0.04292990540868291,,,,,,,,,,,,,,,,,,,,,,,,,,,,,,False,False,other_month,,,,,,,,,,,,ps2612,41230.0,6954.0,34801.0,451.0,861405900.0,-8.4e-05,50000.0,43000.0,0.04292990540868291,-0.2238661169051661,0.21270919233567787,0.04292990540868291,4754.0,65.0,0.9730234488483088,11000.0,0.26679602231384913,call_oi_wall,43000.0,0.04292990540868291,below_price_wall,,,,,,,,,,,,,,,,,,,,,,,,,,,,,,,,,,,,,,,,,,,,,,,,,,,,,,,,,,
2026-09-10,COMMODITY,COMMODITY,ps,ps,ps,GFEX,2701,,,,,,,40910.0,,,40000.0,31500.0,,,40000.0,,,346.0,1.0,6660.0,,,,,,,,-0.02224395013444147,,,,,,,,,,,,,,,,,,,,,,,,,,,,,,False,False,other_month,,,,,,,,,,,,ps2701,40910.0,621.0,3249.0,35.0,76276980.0,-0.000105,41000.0,41000.0,-0.02224395013444147,-0.2300171107308726,0.002199951112197507,0.002199951112197507,346.0,0.0,1.0,8500.0,0.2077731605964312,volume_wall,41000.0,0.002199951112197507,above_price_wall,,,,,,,,,,,,,,,,,,,,,,,,,,,,,,,,,,,,,,,,,,,,,,,,,,,,,,,,,,
2026-09-10,COMMODITY,COMMODITY,ps,ps,ps,GFEX,2702,,,,,,,,,,54000.0,32000.0,,,54000.0,,,241.0,0.0,0.0,,,,,,,,,,,,,,,,,,,,,,,,,,,,,,,,,,,,,,False,False,other_month,,,,,,,,,,,,,,,,,,,32000.0,32000.0,,,,,209.0,32.0,0.7344398340248963,22000.0,,,,,unavailable,,,,,,,,,,,,,,,,,,,,,,,,,,,,,,,,,,,,,,,,,,,,,,,,,,,,,,,,,,
2026-09-10,COMMODITY,COMMODITY,ps,ps,ps,GFEX,2703,,,,,,,41205.0,,,32000.0,32000.0,,,32000.0,,,0.0,0.0,0.0,,,,,,,,-0.22339521902681714,,,,,,,,,,,,,,,,,,,,,,,,,,,,,,False,False,other_month,,,,,,,,,,,,ps2703,41205.0,2.0,407.0,0.0,247230.0,-5.6e-05,32000.0,32000.0,-0.22339521902681714,-0.22339521902681714,-0.22339521902681714,-0.22339521902681714,0.0,0.0,,0.0,0.0,call_oi_wall,32000.0,-0.22339521902681714,above_price_wall,,,,,,,,,,,,,,,,,,,,,,,,,,,,,,,,,,,,,,,,,,,,,,,,,,,,,,,,,,
2026-09-10,COMMODITY,COMMODITY,ps,ps,ps,GFEX,2704,,,,,,,38895.0,,,38000.0,31000.0,,,38000.0,,,9.0,0.0,0.0,,,,,,,,-0.02301066975189614,,,,,,,,,,,,,,,,,,,,,,,,,,,,,,False,False,other_month,,,,,,,,,,,,ps2704,38895.0,340.0,2808.0,126.0,39911235.0,-0.000146,31000.0,31000.0,-0.02301066975189614,-0.20298238848181005,-0.20298238848181005,-0.20298238848181005,9.0,0.0,1.0,7000.0,0.17997171872991388,call_oi_wall,38000.0,-0.02301066975189614,above_price_wall,,,,,,,,,,,,,,,,,,,,,,,,,,,,,,,,,,,,,,,,,,,,,,,,,,,,,,,,,,
2026-09-10,COMMODITY,COMMODITY,ps,ps,ps,GFEX,2705,,,,,,,39190.0,,,31000.0,31000.0,,,31000.0,,,0.0,0.0,0.0,,,,,,,,-0.20898188313345245,,,,,,,,,,,,,,,,,,,,,,,,,,,,,,False,False,other_month,,,,,,,,,,,,ps2705,39190.0,28.0,670.0,13.0,3316245.0,-0.000151,31000.0,31000.0,-0.20898188313345245,-0.20898188313345245,-0.20898188313345245,-0.20898188313345245,0.0,0.0,,0.0,0.0,call_oi_wall,31000.0,-0.20898188313345245,above_price_wall,,,,,,,,,,,,,,,,,,,,,,,,,,,,,,,,,,,,,,,,,,,,,,,,,,,,,,,,,,
2026-09-10,COMMODITY,COMMODITY,ps,ps,ps,GFEX,2706,,,,,,,40910.0,,,49000.0,34000.0,,,49000.0,,,53.0,0.0,0.0,,,,,,,,0.19775116108530932,,,,,,,,,,,,,,,,,,,,,,,,,,,,,,False,False,other_month,,,,,,,,,,,,ps2706,40910.0,12.0,375.0,-1.0,1474995.0,-0.000171,33000.0,33000.0,0.19775116108530932,-0.16890735761427522,-0.1933512588609142,-0.1933512588609142,34.0,19.0,0.2830188679245283,15000.0,0.36665851869958443,put_oi_wall,34000.0,-0.16890735761427522,below_price_wall,,,,,,,,,,,,,,,,,,,,,,,,,,,,,,,,,,,,,,,,,,,,,,,,,,,,,,,,,,
2026-09-10,COMMODITY,COMMODITY,ps,ps,ps,GFEX,2707,,,,,,,,,,34500.0,34500.0,,,34500.0,,,0.0,0.0,0.0,,,,,,,,,,,,,,,,,,,,,,,,,,,,,,,,,,,,,,False,False,other_month,,,,,,,,,,,,,,,,,,,34500.0,34500.0,,,,,0.0,0.0,,0.0,,,,,unavailable,,,,,,,,,,,,,,,,,,,,,,,,,,,,,,,,,,,,,,,,,,,,,,,,,,,,,,,,,,
2026-09-10,COMMODITY,COMMODITY,ps,ps,ps,GFEX,2708,,,,,,,,,,35000.0,35000.0,,,35000.0,,,0.0,0.0,0.0,,,,,,,,,,,,,,,,,,,,,,,,,,,,,,,,,,,,,,False,False,other_month,,,,,,,,,,,,,,,,,,,35000.0,35000.0,,,,,0.0,0.0,,0.0,,,,,unavailable,,,,,,,,,,,,,,,,,,,,,,,,,,,,,,,,,,,,,,,,,,,,,,,,,,,,,,,,,,
2026-09-10,COMMODITY,COMMODITY,pt,pt,pt,GFEX,2612,,,,,,,458.9,,,488.0,284.0,,,488.0,,,177.0,16.0,238100.0,,,,,,,,0.06341250817171495,,,,,,,,,,,,,,,,,,,,,,,,,,,,,,False,False,other_month,,,,,,,,,,,,pt2612,458.9,2383.0,9477.0,680.0,1098631700.0,0.000165,504.0,504.0,0.06341250817171495,-0.38112878622793633,0.09827849204619743,0.09827849204619743,177.0,0.0,1.0,204.0,0.44454129439965134,call_oi_wall,488.0,0.06341250817171495,below_price_wall,,,,,,,,,,,,,,,,,,,,,,,,,,,,,,,,,,,,,,,,,,,,,,,,,,,,,,,,,,
2026-09-10,COMMODITY,COMMODITY,pt,pt,pt,GFEX,2702,,,,,,,460.65,,,288.0,288.0,,,288.0,,,0.0,0.0,0.0,,,,,,,,-0.3747964832302182,,,,,,,,,,,,,,,,,,,,,,,,,,,,,,False,False,other_month,,,,,,,,,,,,pt2702,460.65,179.0,622.0,30.0,82885950.0,0.000132,288.0,288.0,-0.3747964832302182,-0.3747964832302182,-0.3747964832302182,-0.3747964832302182,0.0,0.0,,0.0,0.0,call_oi_wall,288.0,-0.3747964832302182,above_price_wall,,,,,,,,,,,,,,,,,,,,,,,,,,,,,,,,,,,,,,,,,,,,,,,,,,,,,,,,,,
2026-09-10,COMMODITY,COMMODITY,pt,pt,pt,GFEX,2704,,,,,,,465.1,,,296.0,296.0,,,296.0,,,0.0,0.0,0.0,,,,,,,,-0.3635777252203828,,,,,,,,,,,,,,,,,,,,,,,,,,,,,,False,False,other_month,,,,,,,,,,,,pt2704,465.1,4.0,89.0,0.0,1860900.0,0.000186,296.0,296.0,-0.3635777252203828,-0.3635777252203828,-0.3635777252203828,-0.3635777252203828,0.0,0.0,,0.0,0.0,call_oi_wall,296.0,-0.3635777252203828,above_price_wall,,,,,,,,,,,,,,,,,,,,,,,,,,,,,,,,,,,,,,,,,,,,,,,,,,,,,,,,,,
2026-09-10,COMMODITY,COMMODITY,pt,pt,pt,GFEX,2706,,,,,,,467.35,,,292.0,384.0,,,384.0,,,2.0,0.0,0.0,,,,,,,,-0.17834599336685575,,,,,,,,,,,,,,,,,,,,,,,,,,,,,,False,False,other_month,,,,,,,,,,,,pt2706,467.35,2.0,33.0,1.0,936950.0,0.000179,292.0,292.0,-0.3752005991227132,-0.17834599336685575,-0.3752005991227132,-0.3752005991227132,0.0,2.0,-1.0,-92.0,-0.19685460575585748,put_oi_wall,384.0,-0.17834599336685575,above_price_wall,,,,,,,,,,,,,,,,,,,,,,,,,,,,,,,,,,,,,,,,,,,,,,,,,,,,,,,,,,
2026-09-10,COMMODITY,COMMODITY,pt,pt,pt,GFEX,2708,,,,,,,470.45,,,344.0,344.0,,,344.0,,,0.0,0.0,0.0,,,,,,,,-0.26878520565416086,,,,,,,,,,,,,,,,,,,,,,,,,,,,,,False,False,other_month,,,,,,,,,,,,pt2708,470.45,3.0,10.0,0.0,1416350.0,0.000161,344.0,344.0,-0.26878520565416086,-0.26878520565416086,-0.26878520565416086,-0.26878520565416086,0.0,0.0,,0.0,0.0,call_oi_wall,344.0,-0.26878520565416086,above_price_wall,,,,,,,,,,,,,,,,,,,,,,,,,,,,,,,,,,,,,,,,,,,,,,,,,,,,,,,,,,
2026-09-10,COMMODITY,COMMODITY,si,si,si,GFEX,2611,,,,,,,8745.0,,,7000.0,8500.0,,,8500.0,,,23240.0,29101.0,23245275.0,,,,,,,,-0.028016009148084664,,,,,,,,,,,,,,,,,,,,,,,,,,,,,,False,False,other_month,,,,,,,,,,,,si2611,8745.0,193319.0,302273.0,-15958.0,8535077600.0,-0.00013,8500.0,8800.0,-0.1995425957690109,-0.028016009148084664,-0.028016009148084664,0.0062893081761006275,0.0,23240.0,-1.0,-1500.0,-0.17152658662092624,amount_wall,8800.0,0.0062893081761006275,above_price_wall,,,,,,,,,,,,,,,,,,,,,,,,,,,,,,,,,,,,,,,,,,,,,,,,,,,,,,,,,,
2026-09-10,COMMODITY,COMMODITY,si,si,si,GFEX,2612,,,,,,,9075.0,,,7300.0,7300.0,,,9500.0,,,0.0,0.0,48620.0,,,,,,,,0.04683195592286493,,,,,,,,,,,,,,,,,,,,,,,,,,,,,,False,False,other_month,,,,,,,,,,,,si2612,9075.0,24592.0,67812.0,1008.0,1124040980.0,-9.8e-05,7300.0,9500.0,-0.1955922865013774,-0.1955922865013774,-0.1955922865013774,0.04683195592286493,0.0,0.0,,0.0,0.0,price_wall,9500.0,0.04683195592286493,below_price_wall,,,,,,,,,,,,,,,,,,,,,,,,,,,,,,,,,,,,,,,,,,,,,,,,,,,,,,,,,,
2026-09-10,COMMODITY,COMMODITY,si,si,si,GFEX,2701,,,,,,,9050.0,,,7400.0,7400.0,,,7400.0,,,0.0,0.0,0.0,,,,,,,,-0.18232044198895025,,,,,,,,,,,,,,,,,,,,,,,,,,,,,,False,False,other_month,,,,,,,,,,,,si2701,9050.0,5099.0,12113.0,-263.0,231843780.0,-7.7e-05,7400.0,7400.0,-0.18232044198895025,-0.18232044198895025,-0.18232044198895025,-0.18232044198895025,0.0,0.0,,0.0,0.0,call_oi_wall,7400.0,-0.18232044198895025,above_price_wall,,,,,,,,,,,,,,,,,,,,,,,,,,,,,,,,,,,,,,,,,,,,,,,,,,,,,,,,,,
2026-09-10,COMMODITY,COMMODITY,si,si,si,GFEX,2702,,,,,,,9010.0,,,9900.0,8300.0,,,8300.0,,,203.0,0.0,0.0,,,,,,,,-0.07880133185349614,,,,,,,,,,,,,,,,,,,,,,,,,,,,,,False,False,other_month,,,,,,,,,,,,si2702,9010.0,15.0,515.0,-1.0,680350.0,-0.000142,7600.0,7600.0,0.09877913429522756,-0.07880133185349614,-0.15649278579356274,-0.15649278579356274,43.0,160.0,-0.5763546798029556,1600.0,0.17758046614872364,put_oi_wall,8300.0,-0.07880133185349614,above_price_wall,,,,,,,,,,,,,,,,,,,,,,,,,,,,,,,,,,,,,,,,,,,,,,,,,,,,,,,,,,
2026-09-10,COMMODITY,COMMODITY,si,si,si,GFEX,2703,,,,,,,9065.0,,,7600.0,7600.0,,,7600.0,,,0.0,0.0,0.0,,,,,,,,-0.16161059018201873,,,,,,,,,,,,,,,,,,,,,,,,,,,,,,False,False,other_month,,,,,,,,,,,,si2703,9065.0,22.0,267.0,-3.0,998550.0,-9.3e-05,7600.0,7600.0,-0.16161059018201873,-0.16161059018201873,-0.16161059018201873,-0.16161059018201873,0.0,0.0,,0.0,0.0,call_oi_wall,7600.0,-0.16161059018201873,above_price_wall,,,,,,,,,,,,,,,,,,,,,,,,,,,,,,,,,,,,,,,,,,,,,,,,,,,,,,,,,,
2026-09-10,COMMODITY,COMMODITY,si,si,si,GFEX,2704,,,,,,,9125.0,,,7700.0,7700.0,,,7700.0,,,0.0,0.0,0.0,,,,,,,,-0.15616438356164386,,,,,,,,,,,,,,,,,,,,,,,,,,,,,,False,False,other_month,,,,,,,,,,,,si2704,9125.0,10.0,274.0,-7.0,458775.0,-7.1e-05,7700.0,7700.0,-0.15616438356164386,-0.15616438356164386,-0.15616438356164386,-0.15616438356164386,0.0,0.0,,0.0,0.0,call_oi_wall,7700.0,-0.15616438356164386,above_price_wall,,,,,,,,,,,,,,,,,,,,,,,,,,,,,,,,,,,,,,,,,,,,,,,,,,,,,,,,,,
2026-09-10,COMMODITY,COMMODITY,si,si,si,GFEX,2705,,,,,,,9115.0,,,9500.0,7800.0,,,9500.0,,,141.0,0.0,0.0,,,,,,,,0.04223806911684047,,,,,,,,,,,,,,,,,,,,,,,,,,,,,,False,False,other_month,,,,,,,,,,,,si2705,9115.0,614.0,1992.0,114.0,28103300.0,-0.000103,7700.0,7700.0,0.04223806911684047,-0.14426769061985734,-0.15523861766319258,-0.15523861766319258,60.0,81.0,-0.14893617021276595,1700.0,0.18650575973669775,call_oi_wall,9500.0,0.04223806911684047,below_price_wall,,,,,,,,,,,,,,,,,,,,,,,,,,,,,,,,,,,,,,,,,,,,,,,,,,,,,,,,,,
2026-09-10,COMMODITY,COMMODITY,si,si,si,GFEX,2706,,,,,,,9150.0,,,7700.0,7700.0,,,10600.0,,,0.0,0.0,1120.0,,,,,,,,0.1584699453551912,,,,,,,,,,,,,,,,,,,,,,,,,,,,,,False,False,other_month,,,,,,,,,,,,si2706,9150.0,39.0,94.0,15.0,1790200.0,-0.00010800000000000001,7700.0,10600.0,-0.1584699453551912,-0.1584699453551912,-0.1584699453551912,0.1584699453551912,0.0,0.0,,0.0,0.0,call_oi_wall,7700.0,-0.1584699453551912,below_price_wall,,,,,,,,,,,,,,,,,,,,,,,,,,,,,,,,,,,,,,,,,,,,,,,,,,,,,,,,,,
2026-09-10,COMMODITY,COMMODITY,si,si,si,GFEX,2707,,,,,,,9185.0,,,7700.0,8400.0,,,8400.0,,,13.0,0.0,0.0,,,,,,,,-0.08546543277082197,,,,,,,,,,,,,,,,,,,,,,,,,,,,,,False,False,other_month,,,,,,,,,,,,si2707,9185.0,8.0,80.0,-1.0,368000.0,-9.2e-05,7700.0,7700.0,-0.16167664670658688,-0.08546543277082197,-0.16167664670658688,-0.16167664670658688,0.0,13.0,-1.0,-700.0,-0.07621121393576484,put_oi_wall,8400.0,-0.08546543277082197,above_price_wall,,,,,,,,,,,,,,,,,,,,,,,,,,,,,,,,,,,,,,,,,,,,,,,,,,,,,,,,,,
2026-09-10,COMMODITY,COMMODITY,si,si,si,GFEX,2708,,,,,,,9200.0,,,10200.0,8100.0,,,10200.0,,,61.0,0.0,0.0,,,,,,,,0.10869565217391308,,,,,,,,,,,,,,,,,,,,,,,,,,,,,,False,False,other_month,,,,,,,,,,,,si2708,9200.0,8.0,41.0,-3.0,371350.0,-0.000118,8100.0,8100.0,0.10869565217391308,-0.11956521739130432,-0.11956521739130432,-0.11956521739130432,61.0,0.0,1.0,2100.0,0.22826086956521738,call_oi_wall,10200.0,0.10869565217391308,below_price_wall,,,,,,,,,,,,,,,,,,,,,,,,,,,,,,,,,,,,,,,,,,,,,,,,,,,,,,,,,,
2026-09-10,COMMODITY,COMMODITY,bc,bc,bc,INE,2610,,,,,,,100430.0,,,99000.0,89000.0,,,99000.0,,,2017.0,1806.0,6214660.0,,,,,,,,-0.014238773274917849,,,,,,,,,,,,,,,,,,,,,,,,,,,,,,False,False,other_month,,,,,,,,,,,,bc2610,100430.0,9033.0,16767.0,274.0,4513223400.0,0.000107,104000.0,100000.0,-0.014238773274917849,-0.11381061435825945,0.03554714726675301,-0.004281589166583721,982.0,1035.0,-0.026276648487853247,10000.0,0.09957184108334163,amount_wall,100000.0,-0.004281589166583721,above_price_wall,,,,,,,,,,,,,,,,,,,,,,,,,,,,,,,,,,,,,,,,,,,,,,,,,,,,,,,,,,
2026-09-10,COMMODITY,COMMODITY,bc,bc,bc,INE,2611,,,,,,,99950.0,,,108000.0,83000.0,,,102000.0,,,709.0,553.0,5075130.0,,,,,,,,0.02051025512756377,,,,,,,,,,,,,,,,,,,,,,,,,,,,,,False,False,other_month,,,,,,,,,,,,bc2611,99950.0,2252.0,5313.0,349.0,1121050550.0,0.000104,102000.0,102000.0,0.08054027013506748,-0.16958479239619806,0.02051025512756377,0.02051025512756377,356.0,353.0,0.004231311706629055,25000.0,0.25012506253126565,price_wall,102000.0,0.02051025512756377,below_price_wall,,,,,,,,,,,,,,,,,,,,,,,,,,,,,,,,,,,,,,,,,,,,,,,,,,,,,,,,,,
2026-09-10,COMMODITY,COMMODITY,lu,lu,lu,INE,2701,,,,,,,4839.0,,,5000.0,4100.0,,,5000.0,,,40.0,61.0,159905.0,,,,,,,,0.03327133705311014,,,,,,,,,,,,,,,,,,,,,,,,,,,,,,False,False,other_month,,,,,,,,,,,,lu2701,4839.0,12023.0,10502.0,1269.0,583134540.0,0.000113,5000.0,5000.0,0.03327133705311014,-0.15271750361644965,0.03327133705311014,0.03327133705311014,26.0,14.0,0.3,900.0,0.1859888406695598,call_oi_wall,5000.0,0.03327133705311014,below_price_wall,,,,,,,,,,,,,,,,,,,,,,,,,,,,,,,,,,,,,,,,,,,,,,,,,,,,,,,,,,
2026-09-10,COMMODITY,COMMODITY,lu,lu,lu,INE,2702,,,,,,,4624.0,,,3600.0,3600.0,,,3600.0,,,0.0,0.0,0.0,,,,,,,,-0.22145328719723179,,,,,,,,,,,,,,,,,,,,,,,,,,,,,,False,False,other_month,,,,,,,,,,,,lu2702,4624.0,767.0,1066.0,107.0,35764770.0,1.7e-05,3600.0,3600.0,-0.22145328719723179,-0.22145328719723179,-0.22145328719723179,-0.22145328719723179,0.0,0.0,,0.0,0.0,call_oi_wall,3600.0,-0.22145328719723179,above_price_wall,,,,,,,,,,,,,,,,,,,,,,,,,,,,,,,,,,,,,,,,,,,,,,,,,,,,,,,,,,
2026-09-10,COMMODITY,COMMODITY,nr,nr,nr,INE,2610,,,,,,,16370.0,,,18000.0,15600.0,,,16000.0,,,8705.0,11200.0,22657640.0,,,,,,,,-0.022602321319486918,,,,,,,,,,,,,,,,,,,,,,,,,,,,,,False,False,other_month,,,,,,,,,,,,nr2610,16370.0,6856.0,19492.0,-1284.0,1131355550.0,-0.000118,16000.0,16000.0,0.09957238851557726,-0.04703726328649971,-0.022602321319486918,-0.022602321319486918,4775.0,3930.0,0.09707064905226881,2400.0,0.14660965180207697,price_wall,16000.0,-0.022602321319486918,above_price_wall,,,,,,,,,,,,,,,,,,,,,,,,,,,,,,,,,,,,,,,,,,,,,,,,,,,,,,,,,,
2026-09-10,COMMODITY,COMMODITY,nr,nr,nr,INE,2611,,,,,,,16580.0,,,17000.0,14400.0,,,17000.0,,,7007.0,5946.0,21642460.0,,,,,,,,0.02533172496984326,,,,,,,,,,,,,,,,,,,,,,,,,,,,,,False,False,other_month,,,,,,,,,,,,nr2611,16580.0,101290.0,81057.0,-3047.0,16967188000.0,-0.00012200000000000001,17000.0,17000.0,0.02533172496984326,-0.1314837153196623,0.02533172496984326,0.02533172496984326,3832.0,3175.0,0.09376337947766519,2600.0,0.15681544028950542,call_oi_wall,17000.0,0.02533172496984326,below_price_wall,,,,,,,,,,,,,,,,,,,,,,,,,,,,,,,,,,,,,,,,,,,,,,,,,,,,,,,,,,
2026-09-10,COMMODITY,COMMODITY,nr,nr,nr,INE,2612,,,,,,,16485.0,,,17800.0,15000.0,,,17800.0,,,274.0,42.0,112030.0,,,,,,,,0.07976948741279943,,,,,,,,,,,,,,,,,,,,,,,,,,,,,,False,False,other_month,,,,,,,,,,,,nr2612,16485.0,43053.0,52179.0,2193.0,7166768700.0,-0.000123,15000.0,17800.0,0.07976948741279943,-0.09008189262966337,-0.09008189262966337,0.07976948741279943,137.0,137.0,0.0,2800.0,0.16985138004246284,call_oi_wall,17800.0,0.07976948741279943,below_price_wall,,,,,,,,,,,,,,,,,,,,,,,,,,,,,,,,,,,,,,,,,,,,,,,,,,,,,,,,,,
2026-09-10,COMMODITY,COMMODITY,nr,nr,nr,INE,2701,,,,,,,16440.0,,,18400.0,12400.0,,,14600.0,,,1005.0,237.0,488330.0,,,,,,,,-0.11192214111922139,,,,,,,,,,,,,,,,,,,,,,,,,,,,,,False,False,other_month,,,,,,,,,,,,nr2701,16440.0,21182.0,37192.0,-375.0,3508591700.0,-0.000105,14600.0,14600.0,0.11922141119221408,-0.24574209245742096,-0.11192214111922139,-0.11192214111922139,541.0,464.0,0.07661691542288557,6000.0,0.36496350364963503,price_wall,14600.0,-0.11192214111922139,above_price_wall,,,,,,,,,,,,,,,,,,,,,,,,,,,,,,,,,,,,,,,,,,,,,,,,,,,,,,,,,,
2026-09-10,COMMODITY,COMMODITY,sc,sc,sc,INE,2610,,,,,,,769.0,,,800.0,500.0,,,700.0,,,92360.0,498401.0,3871648600.0,,,,,,,,-0.08972691807542266,,,,,,,,,,,,,,,,,,,,,,,,,,,,,,False,False,other_month,,,,,,,,,,,,sc2610,769.0,231915.0,34350.0,-4884.0,178212040000.0,0.000644,780.0,750.0,0.04031209362808852,-0.3498049414824448,0.014304291287386306,-0.024707412223667125,29648.0,62712.0,-0.35799047206582935,300.0,0.39011703511053314,volume_wall,780.0,0.014304291287386306,above_price_wall,,,,,,,,,,,,,,,,,,,,,,,,,,,,,,,,,,,,,,,,,,,,,,,,,,,,,,,,,,
2026-09-10,COMMODITY,COMMODITY,sc,sc,sc,INE,2611,,,,,,,723.5,,,790.0,500.0,,,500.0,,,30631.0,41243.0,890190600.0,,,,,,,,-0.308914996544575,,,,,,,,,,,,,,,,,,,,,,,,,,,,,,False,False,other_month,,,,,,,,,,,,sc2611,723.5,92922.0,30860.0,2648.0,67062659000.0,0.000576,790.0,790.0,0.09191430545957147,-0.308914996544575,0.09191430545957147,0.09191430545957147,8329.0,22302.0,-0.4561718520453136,290.0,0.4008293020041465,call_oi_wall,790.0,0.09191430545957147,above_price_wall,,,,,,,,,,,,,,,,,,,,,,,,,,,,,,,,,,,,,,,,,,,,,,,,,,,,,,,,,,
2026-09-10,COMMODITY,COMMODITY,sc,sc,sc,INE,2612,,,,,,,681.4,,,850.0,500.0,,,850.0,,,6085.0,2856.0,63632150.0,,,,,,,,0.24743175814499563,,,,,,,,,,,,,,,,,,,,,,,,,,,,,,False,False,other_month,,,,,,,,,,,,sc2612,681.4,27653.0,16900.0,720.0,18735857000.0,0.0005070000000000001,850.0,850.0,0.24743175814499563,-0.26621661285588494,0.24743175814499563,0.24743175814499563,3323.0,2762.0,0.09219391947411668,350.0,0.5136483710008806,call_oi_wall,850.0,0.24743175814499563,below_price_wall,,,,,,,,,,,,,,,,,,,,,,,,,,,,,,,,,,,,,,,,,,,,,,,,,,,,,,,,,,
2026-09-10,COMMODITY,COMMODITY,sc,sc,sc,INE,2701,,,,,,,649.8,,,680.0,500.0,,,500.0,,,218.0,107.0,1803150.0,,,,,,,,-0.23053247152970135,,,,,,,,,,,,,,,,,,,,,,,,,,,,,,False,False,other_month,,,,,,,,,,,,sc2701,649.8,8128.0,5651.0,-377.0,5236486000.0,0.00041799999999999997,500.0,500.0,0.04647583871960603,-0.23053247152970135,-0.23053247152970135,-0.23053247152970135,35.0,183.0,-0.6788990825688074,180.0,0.2770083102493075,call_oi_wall,680.0,0.04647583871960603,above_price_wall,,,,,,,,,,,,,,,,,,,,,,,,,,,,,,,,,,,,,,,,,,,,,,,,,,,,,,,,,,
2026-09-10,COMMODITY,COMMODITY,ad,ad,ad,SHFE,2610,,,,,,,23640.0,,,24000.0,23200.0,,,23600.0,,,2049.0,491.0,1117260.0,,,,,,,,-0.0016920473773265332,,,,,,,,,,,,,,,,,,,,,,,,,,,,,,False,False,other_month,,,,,,,,,,,,ad2610,23640.0,1116.0,4927.0,-134.0,265166600.0,-2.5e-05,23600.0,23000.0,0.015228426395939021,-0.0186125211505922,-0.0016920473773265332,-0.027072758037225086,1042.0,1007.0,0.01708150317227916,800.0,0.0338409475465313,price_wall,23600.0,-0.0016920473773265332,near_price_wall,,,,,,,,,,,,,,,,,,,,,,,,,,,,,,,,,,,,,,,,,,,,,,,,,,,,,,,,,,
2026-09-10,COMMODITY,COMMODITY,ad,ad,ad,SHFE,2611,,,,,,,23720.0,,,23600.0,23400.0,,,23400.0,,,698.0,159.0,388970.0,,,,,,,,-0.013490725126475533,,,,,,,,,,,,,,,,,,,,,,,,,,,,,,False,False,other_month,,,,,,,,,,,,ad2611,23720.0,8190.0,18932.0,54.0,1952261200.0,-2.8999999999999997e-05,23400.0,23400.0,-0.005059021922428353,-0.013490725126475533,-0.013490725126475533,-0.013490725126475533,360.0,338.0,0.03151862464183381,200.0,0.008431703204047217,call_oi_wall,23600.0,-0.005059021922428353,above_price_wall,,,,,,,,,,,,,,,,,,,,,,,,,,,,,,,,,,,,,,,,,,,,,,,,,,,,,,,,,,
2026-09-10,COMMODITY,COMMODITY,ag,ag,ag,SHFE,2610,,,,,,,16418.0,,,17000.0,15000.0,,,17000.0,,,172759.0,544018.0,2305746262.0,,,,,,,,0.03544889755146796,,,,,,,,,,,,,,,,,,,,,,,,,,,,,,False,False,other_month,,,,,,,,,,,,ag2610,16418.0,630856.0,189315.0,-8092.0,155429340000.0,0.000172,17000.0,17000.0,0.03544889755146796,-0.0863686198075283,0.03544889755146796,0.03544889755146796,98344.0,74415.0,0.1385108735290202,2000.0,0.12181751735899622,call_oi_wall,17000.0,0.03544889755146796,below_price_wall,,,,,,,,,,,,,,,,,,,,,,,,,,,,,,,,,,,,,,,,,,,,,,,,,,,,,,,,,,
2026-09-10,COMMODITY,COMMODITY,ag,ag,ag,SHFE,2611,,,,,,,16436.0,,,20000.0,12000.0,,,17000.0,,,4233.0,2747.0,22350996.0,,,,,,,,0.03431491847164758,,,,,,,,,,,,,,,,,,,,,,,,,,,,,,False,False,other_month,,,,,,,,,,,,ag2611,16436.0,27439.0,18168.0,-122.0,6768485300.0,0.00017500000000000003,17000.0,17000.0,0.2168410805548795,-0.26989535166707224,0.03431491847164758,0.03431491847164758,1846.0,2387.0,-0.12780533900307112,8000.0,0.4867364322219518,price_wall,17000.0,0.03431491847164758,below_price_wall,,,,,,,,,,,,,,,,,,,,,,,,,,,,,,,,,,,,,,,,,,,,,,,,,,,,,,,,,,
2026-09-10,COMMODITY,COMMODITY,ag,ag,ag,SHFE,2612,,,,,,,16453.0,,,35900.0,13000.0,,,17000.0,,,40520.0,9772.0,128836160.0,,,,,,,,0.03324621649547188,,,,,,,,,,,,,,,,,,,,,,,,,,,,,,False,False,other_month,,,,,,,,,,,,ag2612,16453.0,160919.0,184598.0,1830.0,39731451000.0,0.00017,17000.0,17000.0,1.1819728924816144,-0.20987054032699204,0.03324621649547188,0.03324621649547188,29752.0,10768.0,0.46850937808489634,22900.0,1.3918434328086062,price_wall,17000.0,0.03324621649547188,below_price_wall,,,,,,,,,,,,,,,,,,,,,,,,,,,,,,,,,,,,,,,,,,,,,,,,,,,,,,,,,,
2026-09-10,COMMODITY,COMMODITY,ag,ag,ag,SHFE,2702,,,,,,,16486.0,,,18000.0,10000.0,,,18000.0,,,1125.0,112.0,1166099.0,,,,,,,,0.09183549678515113,,,,,,,,,,,,,,,,,,,,,,,,,,,,,,False,False,other_month,,,,,,,,,,,,ag2702,16486.0,249686.0,94063.0,811.0,61792881000.0,0.000172,13100.0,18000.0,0.09183549678515113,-0.39342472400824946,-0.2053863884508067,0.09183549678515113,460.0,665.0,-0.18222222222222223,8000.0,0.4852602207934005,call_oi_wall,18000.0,0.09183549678515113,below_price_wall,,,,,,,,,,,,,,,,,,,,,,,,,,,,,,,,,,,,,,,,,,,,,,,,,,,,,,,,,,
2026-09-10,COMMODITY,COMMODITY,al,al,al,SHFE,2610,,,,,,,24490.0,,,25000.0,23800.0,,,25000.0,,,76260.0,78735.0,51726935.0,,,,,,,,0.020824826459779455,,,,,,,,,,,,,,,,,,,,,,,,,,,,,,False,False,other_month,,,,,,,,,,,,al2610,24490.0,144422.0,236445.0,-10624.0,17748069000.0,-2.8999999999999997e-05,25000.0,25000.0,0.020824826459779455,-0.028174765210289943,0.020824826459779455,0.020824826459779455,42524.0,33736.0,0.11523734592184631,1200.0,0.04899959167006942,call_oi_wall,25000.0,0.020824826459779455,below_price_wall,,,,,,,,,,,,,,,,,,,,,,,,,,,,,,,,,,,,,,,,,,,,,,,,,,,,,,,,,,
2026-09-10,COMMODITY,COMMODITY,al,al,al,SHFE,2611,,,,,,,24480.0,,,25000.0,23600.0,,,25000.0,,,30589.0,14690.0,15216025.0,,,,,,,,0.0212418300653594,,,,,,,,,,,,,,,,,,,,,,,,,,,,,,False,False,other_month,,,,,,,,,,,,al2611,24480.0,74559.0,211711.0,9594.0,9159126900.0,-3.5000000000000004e-05,25000.0,25000.0,0.0212418300653594,-0.03594771241830064,0.0212418300653594,0.0212418300653594,14466.0,16123.0,-0.05416979960116382,1400.0,0.05718954248366013,call_oi_wall,25000.0,0.0212418300653594,below_price_wall,,,,,,,,,,,,,,,,,,,,,,,,,,,,,,,,,,,,,,,,,,,,,,,,,,,,,,,,,,
2026-09-10,COMMODITY,COMMODITY,al,al,al,SHFE,2612,,,,,,,24470.0,,,27800.0,23000.0,,,24400.0,,,1798.0,28.0,24335.0,,,,,,,,-0.002860645688598229,,,,,,,,,,,,,,,,,,,,,,,,,,,,,,False,False,other_month,,,,,,,,,,,,al2612,24470.0,18803.0,71855.0,636.0,2308286300.0,-3.1e-05,22000.0,24400.0,0.13608500204331841,-0.06007355946056392,-0.1009399264405394,-0.002860645688598229,1006.0,792.0,0.11902113459399333,4800.0,0.1961585615038823,price_wall,24400.0,-0.002860645688598229,near_price_wall,,,,,,,,,,,,,,,,,,,,,,,,,,,,,,,,,,,,,,,,,,,,,,,,,,,,,,,,,,
2026-09-10,COMMODITY,COMMODITY,al,al,al,SHFE,2701,,,,,,,24440.0,,,25000.0,24200.0,,,27000.0,,,423.0,16.0,15250.0,,,,,,,,0.10474631751227492,,,,,,,,,,,,,,,,,,,,,,,,,,,,,,False,False,other_month,,,,,,,,,,,,al2701,24440.0,13424.0,38814.0,-1540.0,1646756500.0,-3.7000000000000005e-05,27000.0,25400.0,0.022913256955810146,-0.009819967266775809,0.10474631751227492,0.03927986906710301,242.0,181.0,0.14420803782505912,800.0,0.03273322422258593,put_oi_wall,24200.0,-0.009819967266775809,below_price_wall,,,,,,,,,,,,,,,,,,,,,,,,,,,,,,,,,,,,,,,,,,,,,,,,,,,,,,,,,,
2026-09-10,COMMODITY,COMMODITY,al,al,al,SHFE,2702,,,,,,,24430.0,,,27200.0,22200.0,,,28000.0,,,157.0,71.0,93570.0,,,,,,,,0.14613180515759305,,,,,,,,,,,,,,,,,,,,,,,,,,,,,,False,False,other_month,,,,,,,,,,,,al2702,24430.0,8440.0,18007.0,423.0,1035643830.0,-3.3e-05,28000.0,28000.0,0.11338518215309046,-0.0912812116250512,0.14613180515759305,0.14613180515759305,118.0,39.0,0.5031847133757962,5000.0,0.20466639377814164,put_oi_wall,22200.0,-0.0912812116250512,below_price_wall,,,,,,,,,,,,,,,,,,,,,,,,,,,,,,,,,,,,,,,,,,,,,,,,,,,,,,,,,,
2026-09-10,COMMODITY,COMMODITY,ao,ao,ao,SHFE,2610,,,,,,,2715.0,,,2800.0,2600.0,,,2800.0,,,86735.0,69813.0,27503480.0,,,,,,,,0.03130755064456725,,,,,,,,,,,,,,,,,,,,,,,,,,,,,,False,False,other_month,,,,,,,,,,,,ao2610,2715.0,39698.0,58412.0,-9934.0,2160824900.0,-7.7e-05,2800.0,2800.0,0.03130755064456725,-0.0423572744014733,0.03130755064456725,0.03130755064456725,64644.0,22091.0,0.4906093272611979,200.0,0.07366482504604052,call_oi_wall,2800.0,0.03130755064456725,below_price_wall,,,,,,,,,,,,,,,,,,,,,,,,,,,,,,,,,,,,,,,,,,,,,,,,,,,,,,,,,,
2026-09-10,COMMODITY,COMMODITY,ao,ao,ao,SHFE,2611,,,,,,,2730.0,,,2800.0,2700.0,,,2800.0,,,21687.0,8236.0,6113940.0,,,,,,,,0.02564102564102555,,,,,,,,,,,,,,,,,,,,,,,,,,,,,,False,False,other_month,,,,,,,,,,,,ao2611,2730.0,25726.0,99527.0,-684.0,1408332900.0,-8e-05,2800.0,2750.0,0.02564102564102555,-0.01098901098901095,0.02564102564102555,0.0073260073260073,15634.0,6053.0,0.4417854013925393,100.0,0.03663003663003663,amount_wall,2750.0,0.0073260073260073,below_price_wall,,,,,,,,,,,,,,,,,,,,,,,,,,,,,,,,,,,,,,,,,,,,,,,,,,,,,,,,,,
2026-09-10,COMMODITY,COMMODITY,ao,ao,ao,SHFE,2612,,,,,,,2742.0,,,3150.0,2600.0,,,3150.0,,,126.0,26.0,10930.0,,,,,,,,0.14879649890590807,,,,,,,,,,,,,,,,,,,,,,,,,,,,,,False,False,other_month,,,,,,,,,,,,ao2612,2742.0,9975.0,57749.0,-257.0,548389760.0,-8.7e-05,3150.0,3150.0,0.14879649890590807,-0.05178701677607589,0.14879649890590807,0.14879649890590807,94.0,32.0,0.49206349206349204,550.0,0.20058351568198396,put_oi_wall,2600.0,-0.05178701677607589,below_price_wall,,,,,,,,,,,,,,,,,,,,,,,,,,,,,,,,,,,,,,,,,,,,,,,,,,,,,,,,,,
2026-09-10,COMMODITY,COMMODITY,ao,ao,ao,SHFE,2701,,,,,,,2758.0,,,3000.0,2650.0,,,3000.0,,,5396.0,1686.0,2092770.0,,,,,,,,0.08774474256707765,,,,,,,,,,,,,,,,,,,,,,,,,,,,,,False,False,other_month,,,,,,,,,,,,ao2701,2758.0,162739.0,195391.0,7733.0,9015969600.0,-0.000118,3000.0,3000.0,0.08774474256707765,-0.039158810732414784,0.08774474256707765,0.08774474256707765,4096.0,1300.0,0.5181616011860638,350.0,0.12690355329949238,put_oi_wall,2650.0,-0.039158810732414784,below_price_wall,,,,,,,,,,,,,,,,,,,,,,,,,,,,,,,,,,,,,,,,,,,,,,,,,,,,,,,,,,
2026-09-10,COMMODITY,COMMODITY,ao,ao,ao,SHFE,2702,,,,,,,2771.0,,,3200.0,2450.0,,,2800.0,,,68.0,13.0,18750.0,,,,,,,,0.010465535907614676,,,,,,,,,,,,,,,,,,,,,,,,,,,,,,False,False,other_month,,,,,,,,,,,,ao2702,2771.0,4149.0,22899.0,1502.0,231001220.0,-0.000111,3200.0,2800.0,0.15481775532298814,-0.11584265608083721,0.15481775532298814,0.010465535907614676,28.0,40.0,-0.17647058823529413,750.0,0.27066041140382535,price_wall,2800.0,0.010465535907614676,below_price_wall,,,,,,,,,,,,,,,,,,,,,,,,,,,,,,,,,,,,,,,,,,,,,,,,,,,,,,,,,,
2026-09-10,COMMODITY,COMMODITY,au,au,au,SHFE,2610,,,,,,,957.18,,,1000.0,952.0,,,1000.0,,,109863.0,225861.0,1815277180.0,,,,,,,,0.04473557742535372,,,,,,,,,,,,,,,,,,,,,,,,,,,,,,False,False,other_month,,,,,,,,,,,,au2610,957.18,274626.0,146470.0,-3005.0,262264500000.0,7.400000000000001e-05,1000.0,1000.0,0.04473557742535372,-0.0054117302910632326,0.04473557742535372,0.04473557742535372,68331.0,41532.0,0.2439310777968925,48.0,0.050147307716416976,put_oi_wall,952.0,-0.0054117302910632326,below_price_wall,,,,,,,,,,,,,,,,,,,,,,,,,,,,,,,,,,,,,,,,,,,,,,,,,,,,,,,,,,
2026-09-10,COMMODITY,COMMODITY,au,au,au,SHFE,2611,,,,,,,958.38,,,1224.0,880.0,,,1000.0,,,883.0,157.0,1909100.0,,,,,,,,0.04342745048936747,,,,,,,,,,,,,,,,,,,,,,,,,,,,,,False,False,other_month,,,,,,,,,,,,au2611,958.38,2419.0,2454.0,597.0,2314922400.0,7.3e-05,1000.0,1000.0,0.2771551993989858,-0.08178384356935664,0.04342745048936747,0.04342745048936747,447.0,436.0,0.01245753114382786,344.0,0.3589390429683424,price_wall,1000.0,0.04342745048936747,below_price_wall,,,,,,,,,,,,,,,,,,,,,,,,,,,,,,,,,,,,,,,,,,,,,,,,,,,,,,,,,,
2026-09-10,COMMODITY,COMMODITY,au,au,au,SHFE,2612,,,,,,,959.68,,,1200.0,880.0,,,1000.0,,,28888.0,6376.0,178223200.0,,,,,,,,0.04201400466822269,,,,,,,,,,,,,,,,,,,,,,,,,,,,,,False,False,other_month,,,,,,,,,,,,au2612,959.68,78558.0,150604.0,5216.0,75228311000.0,7.7e-05,1000.0,1000.0,0.2504168056018674,-0.08302767589196391,0.04201400466822269,0.04201400466822269,20575.0,8313.0,0.4244669066740515,320.0,0.33344448149383127,price_wall,1000.0,0.04201400466822269,below_price_wall,,,,,,,,,,,,,,,,,,,,,,,,,,,,,,,,,,,,,,,,,,,,,,,,,,,,,,,,,,
2026-09-10,COMMODITY,COMMODITY,au,au,au,SHFE,2702,,,,,,,961.98,,,1000.0,960.0,,,1000.0,,,4122.0,830.0,42212900.0,,,,,,,,0.03952265119856957,,,,,,,,,,,,,,,,,,,,,,,,,,,,,,False,False,other_month,,,,,,,,,,,,au2702,961.98,24965.0,68391.0,3601.0,23967207000.0,7.6e-05,1000.0,1000.0,0.03952265119856957,-0.0020582548493731645,0.03952265119856957,0.03952265119856957,2716.0,1406.0,0.3178068898592916,40.0,0.04158090604794278,put_oi_wall,960.0,-0.0020582548493731645,below_price_wall,,,,,,,,,,,,,,,,,,,,,,,,,,,,,,,,,,,,,,,,,,,,,,,,,,,,,,,,,,
2026-09-10,COMMODITY,COMMODITY,au,au,au,SHFE,2704,,,,,,,964.0,,,1200.0,744.0,,,776.0,,,186.0,54.0,650500.0,,,,,,,,-0.19502074688796678,,,,,,,,,,,,,,,,,,,,,,,,,,,,,,False,False,other_month,,,,,,,,,,,,au2704,964.0,5001.0,19956.0,865.0,4812358300.0,7.000000000000001e-05,776.0,776.0,0.24481327800829877,-0.22821576763485474,-0.19502074688796678,-0.19502074688796678,82.0,104.0,-0.11827956989247312,456.0,0.4730290456431535,price_wall,776.0,-0.19502074688796678,above_price_wall,,,,,,,,,,,,,,,,,,,,,,,,,,,,,,,,,,,,,,,,,,,,,,,,,,,,,,,,,,
2026-09-10,COMMODITY,COMMODITY,br,br,br,SHFE,2610,,,,,,,15645.0,,,16000.0,13000.0,,,15000.0,,,31718.0,98055.0,111655730.0,,,,,,,,-0.04122722914669219,,,,,,,,,,,,,,,,,,,,,,,,,,,,,,False,False,other_month,,,,,,,,,,,,br2610,15645.0,230731.0,39530.0,-2921.0,18296753000.0,-0.000136,15000.0,16000.0,0.022690955576861516,-0.16906359859379994,-0.04122722914669219,0.022690955576861516,14710.0,17008.0,-0.07245097421022763,3000.0,0.19175455417066156,call_oi_wall,16000.0,0.022690955576861516,above_price_wall,,,,,,,,,,,,,,,,,,,,,,,,,,,,,,,,,,,,,,,,,,,,,,,,,,,,,,,,,,
2026-09-10,COMMODITY,COMMODITY,br,br,br,SHFE,2611,,,,,,,15525.0,,,16600.0,14000.0,,,14000.0,,,5981.0,2109.0,4874625.0,,,,,,,,-0.09822866344605474,,,,,,,,,,,,,,,,,,,,,,,,,,,,,,False,False,other_month,,,,,,,,,,,,br2611,15525.0,122469.0,90743.0,-4425.0,9610814300.0,-0.000127,16600.0,15600.0,0.06924315619967802,-0.09822866344605474,0.06924315619967802,0.004830917874396157,1850.0,4131.0,-0.38137435211503096,2600.0,0.16747181964573268,amount_wall,15600.0,0.004830917874396157,above_price_wall,,,,,,,,,,,,,,,,,,,,,,,,,,,,,,,,,,,,,,,,,,,,,,,,,,,,,,,,,,
2026-09-10,COMMODITY,COMMODITY,br,br,br,SHFE,2612,,,,,,,15365.0,,,17200.0,12400.0,,,14800.0,,,75.0,1.0,3105.0,,,,,,,,-0.036771884152294154,,,,,,,,,,,,,,,,,,,,,,,,,,,,,,False,False,other_month,,,,,,,,,,,,br2612,15365.0,6075.0,13744.0,185.0,471162000.0,-0.000132,14800.0,14800.0,0.11942726976895535,-0.19297103807354377,-0.036771884152294154,-0.036771884152294154,51.0,24.0,0.36,4800.0,0.31239830784249917,price_wall,14800.0,-0.036771884152294154,above_price_wall,,,,,,,,,,,,,,,,,,,,,,,,,,,,,,,,,,,,,,,,,,,,,,,,,,,,,,,,,,
2026-09-10,COMMODITY,COMMODITY,br,br,br,SHFE,2701,,,,,,,15220.0,,,15400.0,13000.0,,,15000.0,,,466.0,16.0,41040.0,,,,,,,,-0.014454664914586024,,,,,,,,,,,,,,,,,,,,,,,,,,,,,,False,False,other_month,,,,,,,,,,,,br2701,15220.0,19954.0,10530.0,-572.0,1535155500.0,-0.000146,12600.0,15000.0,0.01182654402102501,-0.1458607095926413,-0.17214191852825234,-0.014454664914586024,286.0,180.0,0.22746781115879827,2400.0,0.15768725361366623,call_oi_wall,15400.0,0.01182654402102501,above_price_wall,,,,,,,,,,,,,,,,,,,,,,,,,,,,,,,,,,,,,,,,,,,,,,,,,,,,,,,,,,
2026-09-10,COMMODITY,COMMODITY,bu,bu,bu,SHFE,2610,,,,,,,5305.0,,,5300.0,4000.0,,,4500.0,,,98256.0,116672.0,96499385.0,,,,,,,,-0.15174363807728553,,,,,,,,,,,,,,,,,,,,,,,,,,,,,,False,False,other_month,,,,,,,,,,,,bu2610,5305.0,496561.0,174838.0,-10570.0,26269018000.0,0.000317,5500.0,5300.0,-0.0009425070688030557,-0.2459943449575872,0.03675777568331773,-0.0009425070688030557,26714.0,71542.0,-0.4562367692558215,1300.0,0.24505183788878418,call_oi_wall,5300.0,-0.0009425070688030557,above_price_wall,,,,,,,,,,,,,,,,,,,,,,,,,,,,,,,,,,,,,,,,,,,,,,,,,,,,,,,,,,
2026-09-10,COMMODITY,COMMODITY,bu,bu,bu,SHFE,2611,,,,,,,5084.0,,,5700.0,4000.0,,,4000.0,,,11160.0,5679.0,7458060.0,,,,,,,,-0.21321793863099925,,,,,,,,,,,,,,,,,,,,,,,,,,,,,,False,False,other_month,,,,,,,,,,,,bu2611,5084.0,231323.0,259832.0,-2457.0,11772904800.0,0.000277,4300.0,5000.0,0.12116443745082606,-0.21321793863099925,-0.15420928402832412,-0.016522423288748977,3723.0,7437.0,-0.3327956989247312,1700.0,0.33438237608182536,amount_wall,5000.0,-0.016522423288748977,above_price_wall,,,,,,,,,,,,,,,,,,,,,,,,,,,,,,,,,,,,,,,,,,,,,,,,,,,,,,,,,,
2026-09-10,COMMODITY,COMMODITY,bu,bu,bu,SHFE,2612,,,,,,,4740.0,,,5300.0,3550.0,,,5300.0,,,555.0,135.0,91960.0,,,,,,,,0.1181434599156117,,,,,,,,,,,,,,,,,,,,,,,,,,,,,,False,False,other_month,,,,,,,,,,,,bu2612,4740.0,88192.0,139113.0,-4903.0,4180910300.0,0.000298,2800.0,5300.0,0.1181434599156117,-0.25105485232067515,-0.4092827004219409,0.1181434599156117,207.0,348.0,-0.25405405405405407,1750.0,0.3691983122362869,call_oi_wall,5300.0,0.1181434599156117,below_price_wall,,,,,,,,,,,,,,,,,,,,,,,,,,,,,,,,,,,,,,,,,,,,,,,,,,,,,,,,,,
2026-09-10,COMMODITY,COMMODITY,bu,bu,bu,SHFE,2701,,,,,,,4487.0,,,4200.0,4000.0,,,4150.0,,,72.0,9.0,16020.0,,,,,,,,-0.07510586137731223,,,,,,,,,,,,,,,,,,,,,,,,,,,,,,False,False,other_month,,,,,,,,,,,,bu2701,4487.0,32244.0,73462.0,1769.0,1449953300.0,0.000249,3850.0,4150.0,-0.06396255850234012,-0.1085357700022287,-0.14196567862714504,-0.07510586137731223,21.0,51.0,-0.4166666666666667,200.0,0.04457321149988857,call_oi_wall,4200.0,-0.06396255850234012,above_price_wall,,,,,,,,,,,,,,,,,,,,,,,,,,,,,,,,,,,,,,,,,,,,,,,,,,,,,,,,,,
2026-09-10,COMMODITY,COMMODITY,cu,cu,cu,SHFE,2610,,,,,,,112200.0,,,120000.0,106000.0,,,120000.0,,,93564.0,193744.0,678088760.0,,,,,,,,0.06951871657754016,,,,,,,,,,,,,,,,,,,,,,,,,,,,,,False,False,other_month,,,,,,,,,,,,cu2610,112200.0,112125.0,234113.0,5529.0,62639062000.0,9.7e-05,120000.0,110000.0,0.06951871657754016,-0.05525846702317294,0.06951871657754016,-0.019607843137254943,47408.0,46156.0,0.013381214997221154,14000.0,0.12477718360071301,amount_wall,110000.0,-0.019607843137254943,below_price_wall,,,,,,,,,,,,,,,,,,,,,,,,,,,,,,,,,,,,,,,,,,,,,,,,,,,,,,,,,,
2026-09-10,COMMODITY,COMMODITY,cu,cu,cu,SHFE,2611,,,,,,,111870.0,,,126000.0,102000.0,,,112000.0,,,37302.0,18756.0,146459780.0,,,,,,,,0.0011620631089657163,,,,,,,,,,,,,,,,,,,,,,,,,,,,,,False,False,other_month,,,,,,,,,,,,cu2611,111870.0,45422.0,137710.0,7898.0,25306901000.0,9.8e-05,126000.0,112000.0,0.12630732099758646,-0.08822740681147756,0.12630732099758646,0.0011620631089657163,18868.0,18434.0,0.011634764891962898,24000.0,0.2145347278090641,price_wall,112000.0,0.0011620631089657163,near_price_wall,,,,,,,,,,,,,,,,,,,,,,,,,,,,,,,,,,,,,,,,,,,,,,,,,,,,,,,,,,
2026-09-10,COMMODITY,COMMODITY,cu,cu,cu,SHFE,2612,,,,,,,111490.0,,,110000.0,102000.0,,,110000.0,,,13679.0,4795.0,69047740.0,,,,,,,,-0.013364427302897108,,,,,,,,,,,,,,,,,,,,,,,,,,,,,,False,False,other_month,,,,,,,,,,,,cu2612,111490.0,15158.0,85694.0,1725.0,8421275600.0,8.7e-05,106000.0,106000.0,-0.013364427302897108,-0.08511974168086822,-0.04924208449188272,-0.04924208449188272,7329.0,6350.0,0.0715695591783025,8000.0,0.07175531437797111,call_oi_wall,110000.0,-0.013364427302897108,above_price_wall,,,,,,,,,,,,,,,,,,,,,,,,,,,,,,,,,,,,,,,,,,,,,,,,,,,,,,,,,,
2026-09-10,COMMODITY,COMMODITY,cu,cu,cu,SHFE,2701,,,,,,,111180.0,,,110000.0,104000.0,,,114000.0,,,1611.0,123.0,1404480.0,,,,,,,,0.025364274150027066,,,,,,,,,,,,,,,,,,,,,,,,,,,,,,False,False,other_month,,,,,,,,,,,,cu2701,111180.0,5608.0,39758.0,358.0,3106606100.0,7.8e-05,114000.0,114000.0,-0.010613419679798564,-0.06457996042453684,0.025364274150027066,0.025364274150027066,955.0,656.0,0.1855990068280571,6000.0,0.053966540744738264,call_oi_wall,110000.0,-0.010613419679798564,below_price_wall,,,,,,,,,,,,,,,,,,,,,,,,,,,,,,,,,,,,,,,,,,,,,,,,,,,,,,,,,,
2026-09-10,COMMODITY,COMMODITY,cu,cu,cu,SHFE,2702,,,,,,,111010.0,,,124000.0,100000.0,,,116000.0,,,449.0,5.0,101420.0,,,,,,,,0.0449509053238446,,,,,,,,,,,,,,,,,,,,,,,,,,,,,,False,False,other_month,,,,,,,,,,,,cu2702,111010.0,1282.0,18314.0,59.0,709126250.0,8.9e-05,100000.0,116000.0,0.11701648500135131,-0.09918025403116837,-0.09918025403116837,0.0449509053238446,189.0,260.0,-0.15812917594654788,24000.0,0.2161967390325196,price_wall,116000.0,0.0449509053238446,below_price_wall,,,,,,,,,,,,,,,,,,,,,,,,,,,,,,,,,,,,,,,,,,,,,,,,,,,,,,,,,,
2026-09-10,COMMODITY,COMMODITY,cu,cu,cu,SHFE,2703,,,,,,,110900.0,,,112000.0,84000.0,,,110000.0,,,1053.0,21.0,291510.0,,,,,,,,-0.008115419296663706,,,,,,,,,,,,,,,,,,,,,,,,,,,,,,False,False,other_month,,,,,,,,,,,,cu2703,110900.0,1504.0,24790.0,108.0,830995300.0,8.800000000000001e-05,110000.0,110000.0,0.009918845807033394,-0.242560865644725,-0.008115419296663706,-0.008115419296663706,767.0,286.0,0.4567901234567901,28000.0,0.25247971145175835,price_wall,110000.0,-0.008115419296663706,above_price_wall,,,,,,,,,,,,,,,,,,,,,,,,,,,,,,,,,,,,,,,,,,,,,,,,,,,,,,,,,,
2026-09-10,COMMODITY,COMMODITY,cu,cu,cu,SHFE,2704,,,,,,,110900.0,,,112000.0,110000.0,,,112000.0,,,3359.0,12.0,417490.0,,,,,,,,0.009918845807033394,,,,,,,,,,,,,,,,,,,,,,,,,,,,,,False,False,other_month,,,,,,,,,,,,cu2704,110900.0,942.0,11743.0,390.0,520337050.0,9.7e-05,108000.0,108000.0,0.009918845807033394,-0.008115419296663706,-0.026149684400360695,-0.026149684400360695,2669.0,690.0,0.5891634415004465,2000.0,0.018034265103697024,put_oi_wall,110000.0,-0.008115419296663706,below_price_wall,,,,,,,,,,,,,,,,,,,,,,,,,,,,,,,,,,,,,,,,,,,,,,,,,,,,,,,,,,
2026-09-10,COMMODITY,COMMODITY,cu,cu,cu,SHFE,2705,,,,,,,110720.0,,,114000.0,94000.0,,,122000.0,,,272.0,2.0,24020.0,,,,,,,,0.10187861271676302,,,,,,,,,,,,,,,,,,,,,,,,,,,,,,False,False,other_month,,,,,,,,,,,,cu2705,110720.0,766.0,8036.0,116.0,422926950.0,0.00010800000000000001,94000.0,122000.0,0.029624277456647308,-0.15101156069364163,-0.15101156069364163,0.10187861271676302,163.0,109.0,0.19852941176470587,20000.0,0.18063583815028902,call_oi_wall,114000.0,0.029624277456647308,below_price_wall,,,,,,,,,,,,,,,,,,,,,,,,,,,,,,,,,,,,,,,,,,,,,,,,,,,,,,,,,,
2026-09-10,COMMODITY,COMMODITY,cu,cu,cu,SHFE,2706,,,,,,,110880.0,,,114000.0,106000.0,,,120000.0,,,853.0,121.0,3144760.0,,,,,,,,0.08225108225108224,,,,,,,,,,,,,,,,,,,,,,,,,,,,,,False,False,other_month,,,,,,,,,,,,cu2706,110880.0,667.0,6553.0,154.0,368562150.0,0.000106,120000.0,120000.0,0.02813852813852824,-0.04401154401154406,0.08225108225108224,0.08225108225108224,670.0,183.0,0.570926143024619,8000.0,0.07215007215007214,call_oi_wall,114000.0,0.02813852813852824,below_price_wall,,,,,,,,,,,,,,,,,,,,,,,,,,,,,,,,,,,,,,,,,,,,,,,,,,,,,,,,,,
2026-09-10,COMMODITY,COMMODITY,fu,fu,fu,SHFE,2610,,,,,,,4347.0,,,5200.0,3000.0,,,4000.0,,,118125.0,333955.0,229566105.0,,,,,,,,-0.0798251667816885,,,,,,,,,,,,,,,,,,,,,,,,,,,,,,False,False,other_month,,,,,,,,,,,,fu2610,4347.0,85120.0,21968.0,195.0,3723781500.0,0.000427,4500.0,4500.0,0.196227283183805,-0.30986887508626637,0.035196687370600444,0.035196687370600444,44136.0,73989.0,-0.2527238095238095,2200.0,0.5060961582700713,volume_wall,4500.0,0.035196687370600444,above_price_wall,,,,,,,,,,,,,,,,,,,,,,,,,,,,,,,,,,,,,,,,,,,,,,,,,,,,,,,,,,
2026-09-10,COMMODITY,COMMODITY,fu,fu,fu,SHFE,2611,,,,,,,4044.0,,,4600.0,3000.0,,,4600.0,,,37203.0,33660.0,56005145.0,,,,,,,,0.13748763600395653,,,,,,,,,,,,,,,,,,,,,,,,,,,,,,False,False,other_month,,,,,,,,,,,,fu2611,4044.0,975788.0,215949.0,109.0,40024565000.0,0.00028000000000000003,4600.0,4000.0,0.13748763600395653,-0.25816023738872407,0.13748763600395653,-0.010880316518298683,15063.0,22140.0,-0.19022659462946537,1600.0,0.39564787339268054,amount_wall,4000.0,-0.010880316518298683,below_price_wall,,,,,,,,,,,,,,,,,,,,,,,,,,,,,,,,,,,,,,,,,,,,,,,,,,,,,,,,,,
2026-09-10,COMMODITY,COMMODITY,fu,fu,fu,SHFE,2612,,,,,,,3930.0,,,4400.0,2600.0,,,2600.0,,,1730.0,230.0,252435.0,,,,,,,,-0.33842239185750633,,,,,,,,,,,,,,,,,,,,,,,,,,,,,,False,False,other_month,,,,,,,,,,,,fu2612,3930.0,64821.0,81776.0,732.0,2573927100.0,0.000264,2600.0,4400.0,0.11959287531806617,-0.33842239185750633,-0.33842239185750633,0.11959287531806617,710.0,1020.0,-0.1791907514450867,1800.0,0.4580152671755725,call_oi_wall,4400.0,0.11959287531806617,above_price_wall,,,,,,,,,,,,,,,,,,,,,,,,,,,,,,,,,,,,,,,,,,,,,,,,,,,,,,,,,,
2026-09-10,COMMODITY,COMMODITY,fu,fu,fu,SHFE,2701,,,,,,,3837.0,,,4300.0,2200.0,,,3500.0,,,3012.0,376.0,659755.0,,,,,,,,-0.0878290330987751,,,,,,,,,,,,,,,,,,,,,,,,,,,,,,False,False,other_month,,,,,,,,,,,,fu2701,3837.0,163405.0,114925.0,8731.0,6311579400.0,0.00024,3500.0,3500.0,0.1206671879072192,-0.42663539223351576,-0.0878290330987751,-0.0878290330987751,1717.0,1295.0,0.14010624169986718,2100.0,0.547302580140735,price_wall,3500.0,-0.0878290330987751,above_price_wall,,,,,,,,,,,,,,,,,,,,,,,,,,,,,,,,,,,,,,,,,,,,,,,,,,,,,,,,,,
2026-09-10,COMMODITY,COMMODITY,fu,fu,fu,SHFE,2702,,,,,,,3758.0,,,4450.0,2900.0,,,4500.0,,,53.0,15.0,33090.0,,,,,,,,0.19744544970729105,,,,,,,,,,,,,,,,,,,,,,,,,,,,,,False,False,other_month,,,,,,,,,,,,fu2702,3758.0,15253.0,32931.0,826.0,576416080.0,0.000193,4500.0,4500.0,0.18414050026609896,-0.22831293241085682,0.19744544970729105,0.19744544970729105,38.0,15.0,0.4339622641509434,1550.0,0.41245343267695583,call_oi_wall,4450.0,0.18414050026609896,below_price_wall,,,,,,,,,,,,,,,,,,,,,,,,,,,,,,,,,,,,,,,,,,,,,,,,,,,,,,,,,,
2026-09-10,COMMODITY,COMMODITY,hc,hc,hc,SHFE,2612,,,,,,,3362.0,,,3650.0,3250.0,,,3650.0,,,102.0,128.0,18970.0,,,,,,,,0.08566329565734687,,,,,,,,,,,,,,,,,,,,,,,,,,,,,,False,False,other_month,,,,,,,,,,,,hc2612,3362.0,513.0,1423.0,335.0,17263020.0,-4.4000000000000006e-05,3650.0,3650.0,0.08566329565734687,-0.03331350386674603,0.08566329565734687,0.08566329565734687,83.0,19.0,0.6274509803921569,400.0,0.1189767995240928,put_oi_wall,3250.0,-0.03331350386674603,below_price_wall,,,,,,,,,,,,,,,,,,,,,,,,,,,,,,,,,,,,,,,,,,,,,,,,,,,,,,,,,,
2026-09-10,COMMODITY,COMMODITY,hc,hc,hc,SHFE,2701,,,,,,,3365.0,,,3650.0,3100.0,,,3100.0,,,404.0,462.0,113460.0,,,,,,,,-0.07875185735512635,,,,,,,,,,,,,,,,,,,,,,,,,,,,,,False,False,other_month,,,,,,,,,,,,hc2701,3365.0,327950.0,1363182.0,-15616.0,11034276500.0,-4.7000000000000004e-05,3100.0,3250.0,0.0846953937592867,-0.07875185735512635,-0.07875185735512635,-0.034175334323922724,103.0,301.0,-0.4900990099009901,550.0,0.16344725111441308,amount_wall,3250.0,-0.034175334323922724,above_price_wall,,,,,,,,,,,,,,,,,,,,,,,,,,,,,,,,,,,,,,,,,,,,,,,,,,,,,,,,,,
2026-09-10,COMMODITY,COMMODITY,ni,ni,ni,SHFE,2610,,,,,,,128270.0,,,140000.0,126000.0,,,140000.0,,,69936.0,101093.0,87578312.0,,,,,,,,0.09144772744991037,,,,,,,,,,,,,,,,,,,,,,,,,,,,,,False,False,other_month,,,,,,,,,,,,ni2610,128270.0,167053.0,111669.0,-14880.0,21454067000.0,7.000000000000001e-05,130000.0,130000.0,0.09144772744991037,-0.01769704529508065,0.01348717548920253,0.01348717548920253,48821.0,21115.0,0.39616220544497827,14000.0,0.10914477274499103,volume_wall,130000.0,0.01348717548920253,below_price_wall,,,,,,,,,,,,,,,,,,,,,,,,,,,,,,,,,,,,,,,,,,,,,,,,,,,,,,,,,,
2026-09-10,COMMODITY,COMMODITY,ni,ni,ni,SHFE,2611,,,,,,,128500.0,,,130000.0,120000.0,,,130000.0,,,8328.0,5311.0,8379108.0,,,,,,,,0.011673151750972721,,,,,,,,,,,,,,,,,,,,,,,,,,,,,,False,False,other_month,,,,,,,,,,,,ni2611,128500.0,58998.0,103445.0,-4519.0,7590257800.0,7.2e-05,130000.0,130000.0,0.011673151750972721,-0.06614785992217898,0.011673151750972721,0.011673151750972721,5494.0,2834.0,0.31940441882804993,10000.0,0.07782101167315175,call_oi_wall,130000.0,0.011673151750972721,below_price_wall,,,,,,,,,,,,,,,,,,,,,,,,,,,,,,,,,,,,,,,,,,,,,,,,,,,,,,,,,,
2026-09-10,COMMODITY,COMMODITY,ni,ni,ni,SHFE,2612,,,,,,,128760.0,,,152000.0,116000.0,,,126000.0,,,557.0,15.0,25320.0,,,,,,,,-0.02143522833178002,,,,,,,,,,,,,,,,,,,,,,,,,,,,,,False,False,other_month,,,,,,,,,,,,ni2612,128760.0,12610.0,54339.0,-626.0,1625630000.0,7.1e-05,126000.0,126000.0,0.18049083566324953,-0.09909909909909909,-0.02143522833178002,-0.02143522833178002,164.0,393.0,-0.4111310592459605,36000.0,0.27958993476234856,price_wall,126000.0,-0.02143522833178002,above_price_wall,,,,,,,,,,,,,,,,,,,,,,,,,,,,,,,,,,,,,,,,,,,,,,,,,,,,,,,,,,
2026-09-10,COMMODITY,COMMODITY,ni,ni,ni,SHFE,2701,,,,,,,129020.0,,,136000.0,116000.0,,,120000.0,,,460.0,102.0,189706.0,,,,,,,,-0.06991164160595253,,,,,,,,,,,,,,,,,,,,,,,,,,,,,,False,False,other_month,,,,,,,,,,,,ni2701,129020.0,8518.0,22799.0,-820.0,1100291450.0,7.000000000000001e-05,120000.0,120000.0,0.05410013951325365,-0.10091458688575417,-0.06991164160595253,-0.06991164160595253,127.0,333.0,-0.44782608695652176,20000.0,0.1550147263990079,call_oi_wall,136000.0,0.05410013951325365,above_price_wall,,,,,,,,,,,,,,,,,,,,,,,,,,,,,,,,,,,,,,,,,,,,,,,,,,,,,,,,,,
2026-09-10,COMMODITY,COMMODITY,op,op,op,SHFE,2610,,,,,,,3856.0,,,3850.0,3850.0,,,3850.0,,,1328.0,430.0,420200.0,,,,,,,,-0.001556016597510368,,,,,,,,,,,,,,,,,,,,,,,,,,,,,,False,False,other_month,,,,,,,,,,,,op2610,3856.0,1531.0,5041.0,23.0,237077120.0,-5.7e-05,3850.0,3850.0,-0.001556016597510368,-0.001556016597510368,-0.001556016597510368,-0.001556016597510368,673.0,655.0,0.01355421686746988,0.0,0.0,call_oi_wall,3850.0,-0.001556016597510368,near_price_wall,,,,,,,,,,,,,,,,,,,,,,,,,,,,,,,,,,,,,,,,,,,,,,,,,,,,,,,,,,
2026-09-10,COMMODITY,COMMODITY,op,op,op,SHFE,2611,,,,,,,3828.0,,,4200.0,3800.0,,,3800.0,,,616.0,394.0,496000.0,,,,,,,,-0.007314524555903867,,,,,,,,,,,,,,,,,,,,,,,,,,,,,,False,False,other_month,,,,,,,,,,,,op2611,3828.0,10083.0,20387.0,361.0,1554939000.0,-0.000103,3800.0,3800.0,0.09717868338557989,-0.007314524555903867,-0.007314524555903867,-0.007314524555903867,200.0,416.0,-0.35064935064935066,400.0,0.1044932079414838,put_oi_wall,3800.0,-0.007314524555903867,above_price_wall,,,,,,,,,,,,,,,,,,,,,,,,,,,,,,,,,,,,,,,,,,,,,,,,,,,,,,,,,,
2026-09-10,COMMODITY,COMMODITY,pb,pb,pb,SHFE,2610,,,,,,,16170.0,,,16800.0,16000.0,,,16200.0,,,10444.0,8282.0,2210070.0,,,,,,,,0.0018552875695732052,,,,,,,,,,,,,,,,,,,,,,,,,,,,,,False,False,other_month,,,,,,,,,,,,pb2610,16170.0,60219.0,63075.0,728.0,4853947100.0,5.999999999999999e-06,16400.0,16200.0,0.03896103896103886,-0.010513296227581903,0.014223871366728424,0.0018552875695732052,6650.0,3794.0,0.2734584450402145,800.0,0.049474335188620905,price_wall,16200.0,0.0018552875695732052,near_price_wall,,,,,,,,,,,,,,,,,,,,,,,,,,,,,,,,,,,,,,,,,,,,,,,,,,,,,,,,,,
2026-09-10,COMMODITY,COMMODITY,pb,pb,pb,SHFE,2611,,,,,,,16175.0,,,16000.0,16000.0,,,16000.0,,,2022.0,634.0,445150.0,,,,,,,,-0.010819165378670781,,,,,,,,,,,,,,,,,,,,,,,,,,,,,,False,False,other_month,,,,,,,,,,,,pb2611,16175.0,25015.0,49562.0,946.0,2019105800.0,2.9999999999999997e-06,16400.0,16000.0,-0.010819165378670781,-0.010819165378670781,0.01391035548686248,-0.010819165378670781,1211.0,811.0,0.19782393669634027,0.0,0.0,call_oi_wall,16000.0,-0.010819165378670781,above_price_wall,,,,,,,,,,,,,,,,,,,,,,,,,,,,,,,,,,,,,,,,,,,,,,,,,,,,,,,,,,
2026-09-10,COMMODITY,COMMODITY,pb,pb,pb,SHFE,2612,,,,,,,16220.0,,,16400.0,16200.0,,,15800.0,,,31.0,8.0,8050.0,,,,,,,,-0.025893958076448786,,,,,,,,,,,,,,,,,,,,,,,,,,,,,,False,False,other_month,,,,,,,,,,,,pb2612,16220.0,1997.0,7942.0,432.0,161540250.0,1.9e-05,15800.0,15800.0,0.011097410604192337,-0.0012330456226880004,-0.025893958076448786,-0.025893958076448786,18.0,13.0,0.16129032258064516,200.0,0.012330456226880395,put_oi_wall,16200.0,-0.0012330456226880004,above_price_wall,,,,,,,,,,,,,,,,,,,,,,,,,,,,,,,,,,,,,,,,,,,,,,,,,,,,,,,,,,
2026-09-10,COMMODITY,COMMODITY,rb,rb,rb,SHFE,2610,,,,,,,3078.0,,,3200.0,3000.0,,,3100.0,,,312772.0,84456.0,11339725.0,,,,,,,,0.007147498375568606,,,,,,,,,,,,,,,,,,,,,,,,,,,,,,False,False,other_month,,,,,,,,,,,,rb2610,3078.0,130003.0,449363.0,-32774.0,4004705100.0,-5.4999999999999995e-05,3100.0,3100.0,0.03963612735542554,-0.025341130604288553,0.007147498375568606,0.007147498375568606,184474.0,128298.0,0.17960687018019517,200.0,0.0649772579597141,price_wall,3100.0,0.007147498375568606,below_price_wall,,,,,,,,,,,,,,,,,,,,,,,,,,,,,,,,,,,,,,,,,,,,,,,,,,,,,,,,,,
2026-09-10,COMMODITY,COMMODITY,rb,rb,rb,SHFE,2611,,,,,,,3101.0,,,3250.0,2800.0,,,3300.0,,,357.0,8.0,660.0,,,,,,,,0.06417284746855856,,,,,,,,,,,,,,,,,,,,,,,,,,,,,,False,False,other_month,,,,,,,,,,,,rb2611,3101.0,25647.0,378532.0,2212.0,796428450.0,-5.7999999999999994e-05,3300.0,3300.0,0.04804901644630766,-0.09706546275395034,0.06417284746855856,0.06417284746855856,140.0,217.0,-0.21568627450980393,450.0,0.14511447920025797,call_oi_wall,3250.0,0.04804901644630766,below_price_wall,,,,,,,,,,,,,,,,,,,,,,,,,,,,,,,,,,,,,,,,,,,,,,,,,,,,,,,,,,
2026-09-10,COMMODITY,COMMODITY,rb,rb,rb,SHFE,2701,,,,,,,3146.0,,,3500.0,2750.0,,,3200.0,,,103987.0,24902.0,12943275.0,,,,,,,,0.017164653528289886,,,,,,,,,,,,,,,,,,,,,,,,,,,,,,False,False,other_month,,,,,,,,,,,,rb2701,3146.0,725825.0,1596393.0,56148.0,22846274000.0,-5.7e-05,3200.0,3150.0,0.1125238397965671,-0.12587412587412583,0.017164653528289886,0.0012714558169104606,60806.0,43181.0,0.16949234038870242,750.0,0.23839796567069294,amount_wall,3150.0,0.0012714558169104606,below_price_wall,,,,,,,,,,,,,,,,,,,,,,,,,,,,,,,,,,,,,,,,,,,,,,,,,,,,,,,,,,
2026-09-10,COMMODITY,COMMODITY,rb,rb,rb,SHFE,2703,,,,,,,3162.0,,,3300.0,3100.0,,,3150.0,,,73.0,0.0,0.0,,,,,,,,-0.003795066413662229,,,,,,,,,,,,,,,,,,,,,,,,,,,,,,False,False,other_month,,,,,,,,,,,,rb2703,3162.0,34252.0,268984.0,11016.0,1085109570.0,-6.6e-05,2800.0,2800.0,0.0436432637571158,-0.019607843137254943,-0.1144845034788109,-0.1144845034788109,35.0,38.0,-0.0410958904109589,200.0,0.06325110689437065,price_wall,3150.0,-0.003795066413662229,near_price_wall,,,,,,,,,,,,,,,,,,,,,,,,,,,,,,,,,,,,,,,,,,,,,,,,,,,,,,,,,,
2026-09-10,COMMODITY,COMMODITY,ru,ru,ru,SHFE,2610,,,,,,,18590.0,,,19000.0,17000.0,,,19000.0,,,7753.0,9566.0,14534210.0,,,,,,,,0.022054868208714273,,,,,,,,,,,,,,,,,,,,,,,,,,,,,,False,False,other_month,,,,,,,,,,,,ru2610,18590.0,632.0,628.0,-60.0,118365500.0,-7.2e-05,19000.0,19000.0,0.022054868208714273,-0.08552985476062402,0.022054868208714273,0.022054868208714273,4681.0,3072.0,0.20753256803817877,2000.0,0.10758472296933835,call_oi_wall,19000.0,0.022054868208714273,below_price_wall,,,,,,,,,,,,,,,,,,,,,,,,,,,,,,,,,,,,,,,,,,,,,,,,,,,,,,,,,,
2026-09-10,COMMODITY,COMMODITY,ru,ru,ru,SHFE,2611,,,,,,,18635.0,,,20750.0,16750.0,,,20750.0,,,710.0,199.0,337510.0,,,,,,,,0.11349610947142463,,,,,,,,,,,,,,,,,,,,,,,,,,,,,,False,False,other_month,,,,,,,,,,,,ru2611,18635.0,3816.0,5688.0,-172.0,715748100.0,-8.5e-05,20750.0,20750.0,0.11349610947142463,-0.10115374295680168,0.11349610947142463,0.11349610947142463,594.0,116.0,0.6732394366197183,4000.0,0.21464985242822646,put_oi_wall,16750.0,-0.10115374295680168,below_price_wall,,,,,,,,,,,,,,,,,,,,,,,,,,,,,,,,,,,,,,,,,,,,,,,,,,,,,,,,,,
2026-09-10,COMMODITY,COMMODITY,ru,ru,ru,SHFE,2701,,,,,,,19455.0,,,20000.0,17000.0,,,20000.0,,,39117.0,24355.0,128974010.0,,,,,,,,0.028013364173734345,,,,,,,,,,,,,,,,,,,,,,,,,,,,,,False,False,other_month,,,,,,,,,,,,ru2701,19455.0,419842.0,163965.0,-9489.0,82293390000.0,-8.4e-05,20000.0,20000.0,0.028013364173734345,-0.12618864045232592,0.028013364173734345,0.028013364173734345,23132.0,15985.0,0.18270828540020964,3000.0,0.15420200462606015,call_oi_wall,20000.0,0.028013364173734345,below_price_wall,,,,,,,,,,,,,,,,,,,,,,,,,,,,,,,,,,,,,,,,,,,,,,,,,,,,,,,,,,
2026-09-10,COMMODITY,COMMODITY,ru,ru,ru,SHFE,2705,,,,,,,19480.0,,,21000.0,16000.0,,,21750.0,,,1957.0,900.0,8184100.0,,,,,,,,0.11652977412731014,,,,,,,,,,,,,,,,,,,,,,,,,,,,,,False,False,other_month,,,,,,,,,,,,ru2705,19480.0,39142.0,30935.0,563.0,7681633600.0,-8.9e-05,21750.0,21750.0,0.07802874743326482,-0.17864476386036965,0.11652977412731014,0.11652977412731014,1233.0,724.0,0.26009197751660706,5000.0,0.25667351129363447,call_oi_wall,21000.0,0.07802874743326482,below_price_wall,,,,,,,,,,,,,,,,,,,,,,,,,,,,,,,,,,,,,,,,,,,,,,,,,,,,,,,,,,
2026-09-10,COMMODITY,COMMODITY,sn,sn,sn,SHFE,2610,,,,,,,425770.0,,,450000.0,400000.0,,,450000.0,,,23175.0,87647.0,232691308.0,,,,,,,,0.05690865960495106,,,,,,,,,,,,,,,,,,,,,,,,,,,,,,False,False,other_month,,,,,,,,,,,,sn2610,425770.0,126363.0,37926.0,2949.0,53488414000.0,0.00018700000000000002,450000.0,450000.0,0.05690865960495106,-0.06052563590671023,0.05690865960495106,0.05690865960495106,12129.0,11046.0,0.04673139158576052,50000.0,0.11743429551166122,call_oi_wall,450000.0,0.05690865960495106,below_price_wall,,,,,,,,,,,,,,,,,,,,,,,,,,,,,,,,,,,,,,,,,,,,,,,,,,,,,,,,,,
2026-09-10,COMMODITY,COMMODITY,sn,sn,sn,SHFE,2611,,,,,,,425710.0,,,500000.0,350000.0,,,500000.0,,,4448.0,3024.0,16756362.0,,,,,,,,0.1745084682060558,,,,,,,,,,,,,,,,,,,,,,,,,,,,,,False,False,other_month,,,,,,,,,,,,sn2611,425710.0,33749.0,19329.0,1722.0,14303547000.0,0.000177,500000.0,420000.0,0.1745084682060558,-0.17784407225576093,0.1745084682060558,-0.013412886706913207,2726.0,1722.0,0.22571942446043167,150000.0,0.35235254046181674,amount_wall,420000.0,-0.013412886706913207,below_price_wall,,,,,,,,,,,,,,,,,,,,,,,,,,,,,,,,,,,,,,,,,,,,,,,,,,,,,,,,,,
2026-09-10,COMMODITY,COMMODITY,sn,sn,sn,SHFE,2612,,,,,,,425400.0,,,480000.0,350000.0,,,430000.0,,,280.0,138.0,636384.0,,,,,,,,0.010813352139163124,,,,,,,,,,,,,,,,,,,,,,,,,,,,,,False,False,other_month,,,,,,,,,,,,sn2612,425400.0,9287.0,8513.0,445.0,3940647900.0,0.000165,340000.0,430000.0,0.1283497884344147,-0.17724494593323925,-0.20075223319228963,0.010813352139163124,143.0,137.0,0.02142857142857143,130000.0,0.305594734367654,price_wall,430000.0,0.010813352139163124,below_price_wall,,,,,,,,,,,,,,,,,,,,,,,,,,,,,,,,,,,,,,,,,,,,,,,,,,,,,,,,,,
2026-09-10,COMMODITY,COMMODITY,sp,sp,sp,SHFE,2610,,,,,,,4768.0,,,5300.0,4450.0,,,5300.0,,,1409.0,218.0,57750.0,,,,,,,,0.11157718120805371,,,,,,,,,,,,,,,,,,,,,,,,,,,,,,False,False,other_month,,,,,,,,,,,,sp2610,4768.0,90.0,225.0,5.0,4304400.0,-0.000189,5300.0,4800.0,0.11157718120805371,-0.06669463087248317,0.11157718120805371,0.006711409395973256,1019.0,390.0,0.4464158977998581,850.0,0.1782718120805369,amount_wall,4800.0,0.006711409395973256,below_price_wall,,,,,,,,,,,,,,,,,,,,,,,,,,,,,,,,,,,,,,,,,,,,,,,,,,,,,,,,,,
2026-09-10,COMMODITY,COMMODITY,sp,sp,sp,SHFE,2611,,,,,,,4786.0,,,5000.0,4600.0,,,5000.0,,,42213.0,26250.0,16957780.0,,,,,,,,0.04471374843292941,,,,,,,,,,,,,,,,,,,,,,,,,,,,,,False,False,other_month,,,,,,,,,,,,sp2611,4786.0,357654.0,224493.0,5515.0,17237353000.0,-0.000185,5000.0,5000.0,0.04471374843292941,-0.03886335144170494,0.04471374843292941,0.04471374843292941,23206.0,19007.0,0.0994717267192571,400.0,0.08357709987463435,put_oi_wall,4600.0,-0.03886335144170494,below_price_wall,,,,,,,,,,,,,,,,,,,,,,,,,,,,,,,,,,,,,,,,,,,,,,,,,,,,,,,,,,
2026-09-10,COMMODITY,COMMODITY,sp,sp,sp,SHFE,2701,,,,,,,4982.0,,,5000.0,5000.0,,,5000.0,,,6212.0,2074.0,1912110.0,,,,,,,,0.0036130068245685543,,,,,,,,,,,,,,,,,,,,,,,,,,,,,,False,False,other_month,,,,,,,,,,,,sp2701,4982.0,85625.0,127018.0,993.0,4284847900.0,-0.000131,5700.0,5000.0,0.0036130068245685543,0.0036130068245685543,0.14411882778000806,0.0036130068245685543,3304.0,2908.0,0.06374758531873792,0.0,0.0,call_oi_wall,5000.0,0.0036130068245685543,near_price_wall,,,,,,,,,,,,,,,,,,,,,,,,,,,,,,,,,,,,,,,,,,,,,,,,,,,,,,,,,,
2026-09-10,COMMODITY,COMMODITY,sp,sp,sp,SHFE,2703,,,,,,,5016.0,,,5500.0,4800.0,,,5400.0,,,99.0,6.0,5850.0,,,,,,,,0.07655502392344493,,,,,,,,,,,,,,,,,,,,,,,,,,,,,,False,False,other_month,,,,,,,,,,,,sp2703,5016.0,10691.0,35680.0,1315.0,537715440.0,-0.000103,5400.0,5400.0,0.09649122807017552,-0.0430622009569378,0.07655502392344493,0.07655502392344493,56.0,43.0,0.13131313131313133,700.0,0.13955342902711323,put_oi_wall,4800.0,-0.0430622009569378,below_price_wall,,,,,,,,,,,,,,,,,,,,,,,,,,,,,,,,,,,,,,,,,,,,,,,,,,,,,,,,,,
2026-09-10,COMMODITY,COMMODITY,ss,ss,ss,SHFE,2612,,,,,,,13850.0,,,14400.0,13800.0,,,13800.0,,,330.0,436.0,444170.0,,,,,,,,-0.0036101083032491488,,,,,,,,,,,,,,,,,,,,,,,,,,,,,,False,False,other_month,,,,,,,,,,,,ss2612,13850.0,6816.0,9453.0,993.0,472373630.0,2.8999999999999997e-05,13800.0,13800.0,0.03971119133573997,-0.0036101083032491488,-0.0036101083032491488,-0.0036101083032491488,200.0,130.0,0.21212121212121213,600.0,0.04332129963898917,put_oi_wall,13800.0,-0.0036101083032491488,near_price_wall,,,,,,,,,,,,,,,,,,,,,,,,,,,,,,,,,,,,,,,,,,,,,,,,,,,,,,,,,,
2026-09-10,COMMODITY,COMMODITY,ss,ss,ss,SHFE,2701,,,,,,,13885.0,,,14000.0,12800.0,,,14000.0,,,2.0,2.0,2800.0,,,,,,,,0.008282319049333742,,,,,,,,,,,,,,,,,,,,,,,,,,,,,,False,False,other_month,,,,,,,,,,,,ss2701,13885.0,2186.0,3300.0,-218.0,151956330.0,1.8e-05,14000.0,14000.0,0.008282319049333742,-0.07814187972632336,0.008282319049333742,0.008282319049333742,2.0,0.0,1.0,1200.0,0.08642419877565719,call_oi_wall,14000.0,0.008282319049333742,below_price_wall,,,,,,,,,,,,,,,,,,,,,,,,,,,,,,,,,,,,,,,,,,,,,,,,,,,,,,,,,,
2026-09-10,COMMODITY,COMMODITY,zn,zn,zn,SHFE,2610,,,,,,,27475.0,,,28000.0,26000.0,,,27000.0,,,53052.0,86716.0,100271475.0,,,,,,,,-0.017288444040036377,,,,,,,,,,,,,,,,,,,,,,,,,,,,,,False,False,other_month,,,,,,,,,,,,zn2610,27475.0,178157.0,146675.0,-10551.0,24630497000.0,-4e-06,28000.0,28000.0,0.019108280254777066,-0.05368516833484982,0.019108280254777066,0.019108280254777066,25681.0,27371.0,-0.031855537962753526,2000.0,0.07279344858962693,price_wall,27000.0,-0.017288444040036377,above_price_wall,,,,,,,,,,,,,,,,,,,,,,,,,,,,,,,,,,,,,,,,,,,,,,,,,,,,,,,,,,
2026-09-10,COMMODITY,COMMODITY,zn,zn,zn,SHFE,2611,,,,,,,27505.0,,,28000.0,26500.0,,,26500.0,,,13975.0,11223.0,29391485.0,,,,,,,,-0.036538811125249926,,,,,,,,,,,,,,,,,,,,,,,,,,,,,,False,False,other_month,,,,,,,,,,,,zn2611,27505.0,93489.0,130060.0,1082.0,12932748900.0,-5e-06,26500.0,29500.0,0.01799672786766049,-0.036538811125249926,-0.036538811125249926,0.0725322668605708,4809.0,9166.0,-0.3117710196779964,1500.0,0.05453553899291038,call_oi_wall,28000.0,0.01799672786766049,above_price_wall,,,,,,,,,,,,,,,,,,,,,,,,,,,,,,,,,,,,,,,,,,,,,,,,,,,,,,,,,,
2026-09-10,COMMODITY,COMMODITY,zn,zn,zn,SHFE,2612,,,,,,,27495.0,,,28500.0,24600.0,,,29000.0,,,638.0,47.0,72500.0,,,,,,,,0.05473722494999089,,,,,,,,,,,,,,,,,,,,,,,,,,,,,,False,False,other_month,,,,,,,,,,,,zn2612,27495.0,27172.0,43713.0,560.0,3757758900.0,0.0,29000.0,29000.0,0.03655210038188761,-0.10529187124931805,0.05473722494999089,0.05473722494999089,410.0,228.0,0.2852664576802508,3900.0,0.14184397163120568,call_oi_wall,28500.0,0.03655210038188761,below_price_wall,,,,,,,,,,,,,,,,,,,,,,,,,,,,,,,,,,,,,,,,,,,,,,,,,,,,,,,,,,
2026-09-10,COMMODITY,COMMODITY,zn,zn,zn,SHFE,2701,,,,,,,27460.0,,,30000.0,24200.0,,,30000.0,,,191.0,104.0,242720.0,,,,,,,,0.09249817916970149,,,,,,,,,,,,,,,,,,,,,,,,,,,,,,False,False,other_month,,,,,,,,,,,,zn2701,27460.0,5282.0,10600.0,275.0,729683130.0,-7e-06,30000.0,30000.0,0.09249817916970149,-0.11871813546977417,0.09249817916970149,0.09249817916970149,130.0,61.0,0.3612565445026178,5800.0,0.2112163146394756,call_oi_wall,30000.0,0.09249817916970149,below_price_wall,,,,,,,,,,,,,,,,,,,,,,,,,,,,,,,,,,,,,,,,,,,,,,,,,,,,,,,,,,
2026-09-10,INDEX_OPTION,INDEX,HO,IH,IH,CFFEX,2609,,,,,,,2897.0,,,3000.0,2800.0,,,2900.0,,,45826.0,17284.0,42905700.0,,,,,,,,0.0010355540214015413,,,,,,,,,,,,,,,,,,,,,,,,,,,,,,False,False,other_month,,,,,,,,,,,,IH2609,2897.0,25477.0,51750.0,1077.0,22134489000.0,-2.3e-05,2900.0,2900.0,0.03555402140144981,-0.03348291335864684,0.0010355540214015413,0.0010355540214015413,27601.0,18225.0,0.20460000872866932,200.0,0.06903693476009665,price_wall,2900.0,0.0010355540214015413,near_price_wall,,,,,,,,,,,,,,,,,,,,,,,,,,,,,,,,,,,,,,,,,,,,,,,,,,,,,,,,,,
2026-09-10,INDEX_OPTION,INDEX,HO,IH,IH,CFFEX,2610,,,,,,,2876.0,,,3000.0,2900.0,,,2900.0,,,12793.0,2380.0,9987160.0,,,,,,,,0.008344923504867818,,,,,,,,,,,,,,,,,,,,,,,,,,,,,,False,False,other_month,,,,,,,,,,,,IH2610,2876.0,2694.0,7303.0,942.0,2324250600.0,-2.3e-05,2900.0,2900.0,0.04311543810848395,0.008344923504867818,0.008344923504867818,0.008344923504867818,8363.0,4430.0,0.3074337528335809,100.0,0.03477051460361613,put_oi_wall,2900.0,0.008344923504867818,below_price_wall,,,,,,,,,,,,,,,,,,,,,,,,,,,,,,,,,,,,,,,,,,,,,,,,,,,,,,,,,,
2026-09-10,INDEX_OPTION,INDEX,HO,IH,IH,CFFEX,2611,,,,,,,,,,3100.0,2700.0,,,3050.0,,,1748.0,390.0,1746860.0,,,,,,,,,,,,,,,,,,,,,,,,,,,,,,,,,,,,,,False,False,other_month,,,,,,,,,,,,,,,,,,,3050.0,2900.0,,,,,1063.0,685.0,0.21624713958810068,400.0,,,,,unavailable,,,,,,,,,,,,,,,,,,,,,,,,,,,,,,,,,,,,,,,,,,,,,,,,,,,,,,,,,,
2026-09-10,INDEX_OPTION,INDEX,HO,IH,IH,CFFEX,2612,,,,,,,2831.0,,,3000.0,2500.0,,,3000.0,,,19404.0,911.0,4286840.0,,,,,,,,0.05969622041681388,,,,,,,,,,,,,,,,,,,,,,,,,,,,,,False,False,other_month,,,,,,,,,,,,IH2612,2831.0,10179.0,46085.0,667.0,8643902800.0,-2.7000000000000002e-05,3100.0,2900.0,0.05969622041681388,-0.1169198163193218,0.09501942776404104,0.024373013069586724,10886.0,8518.0,0.1220366934652649,500.0,0.17661603673613563,amount_wall,2900.0,0.024373013069586724,below_price_wall,,,,,,,,,,,,,,,,,,,,,,,,,,,,,,,,,,,,,,,,,,,,,,,,,,,,,,,,,,
2026-09-10,INDEX_OPTION,INDEX,HO,IH,IH,CFFEX,2703,,,,,,,2786.0,,,3000.0,2500.0,,,3000.0,,,8918.0,454.0,2705980.0,,,,,,,,0.07681263460157939,,,,,,,,,,,,,,,,,,,,,,,,,,,,,,False,False,other_month,,,,,,,,,,,,IH2703,2786.0,2116.0,12108.0,360.0,1770209300.0,-4.6e-05,3000.0,3000.0,0.07681263460157939,-0.10265613783201721,0.07681263460157939,0.07681263460157939,4759.0,4159.0,0.06727965911639382,500.0,0.17946877243359655,call_oi_wall,3000.0,0.07681263460157939,below_price_wall,,,,,,,,,,,,,,,,,,,,,,,,,,,,,,,,,,,,,,,,,,,,,,,,,,,,,,,,,,
2026-09-10,INDEX_OPTION,INDEX,HO,IH,IH,CFFEX,2706,,,,,,,,,,3400.0,2500.0,,,2900.0,,,4114.0,286.0,3693620.0,,,,,,,,,,,,,,,,,,,,,,,,,,,,,,,,,,,,,,False,False,other_month,,,,,,,,,,,,,,,,,,,2500.0,2800.0,,,,,1947.0,2167.0,-0.053475935828877004,900.0,,,,,unavailable,,,,,,,,,,,,,,,,,,,,,,,,,,,,,,,,,,,,,,,,,,,,,,,,,,,,,,,,,,
2026-09-10,INDEX_OPTION,INDEX,IO,IF,IF,CFFEX,2609,,,,,,,4542.2,,,4700.0,4500.0,,,4600.0,,,111549.0,52845.0,242120300.0,,,,,,,,0.012725111179604731,,,,,,,,,,,,,,,,,,,,,,,,,,,,,,False,False,other_month,,,,,,,,,,,,IF2609,4542.2,55798.0,107146.0,-3294.0,76043884000.0,-4.7000000000000004e-05,4550.0,4550.0,0.03474087446611773,-0.009290652106908492,0.0017172295363481194,0.0017172295363481194,63181.0,48368.0,0.13279366018521008,200.0,0.04403152657302629,volume_wall,4550.0,0.0017172295363481194,below_price_wall,,,,,,,,,,,,,,,,,,,,,,,,,,,,,,,,,,,,,,,,,,,,,,,,,,,,,,,,,,
2026-09-10,INDEX_OPTION,INDEX,IO,IF,IF,CFFEX,2610,,,,,,,4514.4,,,4800.0,4500.0,,,4500.0,,,37500.0,13643.0,85940020.0,,,,,,,,-0.0031897926634767426,,,,,,,,,,,,,,,,,,,,,,,,,,,,,,False,False,other_month,,,,,,,,,,,,IF2610,4514.4,8024.0,19859.0,2591.0,10869687500.0,-4.4999999999999996e-05,4500.0,4500.0,0.06326422115895802,-0.0031897926634767426,-0.0031897926634767426,-0.0031897926634767426,21747.0,15753.0,0.15984,300.0,0.06645401382243488,put_oi_wall,4500.0,-0.0031897926634767426,near_price_wall,,,,,,,,,,,,,,,,,,,,,,,,,,,,,,,,,,,,,,,,,,,,,,,,,,,,,,,,,,
2026-09-10,INDEX_OPTION,INDEX,IO,IF,IF,CFFEX,2611,,,,,,,,,,4600.0,4100.0,,,4100.0,,,5904.0,998.0,11408540.0,,,,,,,,,,,,,,,,,,,,,,,,,,,,,,,,,,,,,,False,False,other_month,,,,,,,,,,,,,,,,,,,4450.0,4450.0,,,,,1703.0,4201.0,-0.4231029810298103,500.0,,,,,unavailable,,,,,,,,,,,,,,,,,,,,,,,,,,,,,,,,,,,,,,,,,,,,,,,,,,,,,,,,,,
2026-09-10,INDEX_OPTION,INDEX,IO,IF,IF,CFFEX,2612,,,,,,,4452.0,,,5600.0,3900.0,,,4500.0,,,36344.0,3854.0,45872720.0,,,,,,,,0.010781671159029615,,,,,,,,,,,,,,,,,,,,,,,,,,,,,,False,False,other_month,,,,,,,,,,,,IF2612,4452.0,27984.0,110916.0,7728.0,37388540000.0,-5.3e-05,4600.0,4500.0,0.25786163522012573,-0.12398921832884102,0.03324348607367478,0.010781671159029615,21741.0,14603.0,0.1964010565705481,1700.0,0.38185085354896675,price_wall,4500.0,0.010781671159029615,below_price_wall,,,,,,,,,,,,,,,,,,,,,,,,,,,,,,,,,,,,,,,,,,,,,,,,,,,,,,,,,,
2026-09-10,INDEX_OPTION,INDEX,IO,IF,IF,CFFEX,2703,,,,,,,4378.8,,,5000.0,4100.0,,,4100.0,,,15695.0,657.0,7685720.0,,,,,,,,-0.06367041198501877,,,,,,,,,,,,,,,,,,,,,,,,,,,,,,False,False,other_month,,,,,,,,,,,,IF2703,4378.8,6602.0,41405.0,2139.0,8674321500.0,-5.4999999999999995e-05,4100.0,4700.0,0.1418653512377821,-0.06367041198501877,-0.06367041198501877,0.07335343016351503,6626.0,9069.0,-0.1556546670914304,900.0,0.20553576322280076,put_oi_wall,4100.0,-0.06367041198501877,above_price_wall,,,,,,,,,,,,,,,,,,,,,,,,,,,,,,,,,,,,,,,,,,,,,,,,,,,,,,,,,,
2026-09-10,INDEX_OPTION,INDEX,IO,IF,IF,CFFEX,2706,,,,,,,,,,5600.0,4500.0,,,4500.0,,,8043.0,148.0,2970800.0,,,,,,,,,,,,,,,,,,,,,,,,,,,,,,,,,,,,,,False,False,other_month,,,,,,,,,,,,,,,,,,,5600.0,4400.0,,,,,3838.0,4205.0,-0.04562974014671142,1100.0,,,,,unavailable,,,,,,,,,,,,,,,,,,,,,,,,,,,,,,,,,,,,,,,,,,,,,,,,,,,,,,,,,,
2026-09-10,INDEX_OPTION,INDEX,MO,IM,IM,CFFEX,2609,,,,,,,7574.0,,,8000.0,7000.0,,,7600.0,,,261143.0,218874.0,2056112660.0,,,,,,,,0.003432796408766814,,,,,,,,,,,,,,,,,,,,,,,,,,,,,,False,False,other_month,,,,,,,,,,,,IM2609,7574.0,120784.0,180503.0,-5506.0,183089580000.0,-6.6e-05,7600.0,7600.0,0.05624504885133352,-0.07578558225508314,0.003432796408766814,0.003432796408766814,145937.0,115206.0,0.1176788196505363,1000.0,0.1320306311064167,price_wall,7600.0,0.003432796408766814,near_price_wall,,,,,,,,,,,,,,,,,,,,,,,,,,,,,,,,,,,,,,,,,,,,,,,,,,,,,,,,,,
2026-09-10,INDEX_OPTION,INDEX,MO,IM,IM,CFFEX,2610,,,,,,,7500.4,,,8000.0,7000.0,,,8000.0,,,67975.0,37200.0,612197200.0,,,,,,,,0.06660978081169011,,,,,,,,,,,,,,,,,,,,,,,,,,,,,,False,False,other_month,,,,,,,,,,,,IM2610,7500.4,13129.0,32417.0,2955.0,19717047000.0,-6.9e-05,8000.0,7600.0,0.06660978081169011,-0.06671644178977121,0.06660978081169011,0.01327929177110554,37570.0,30405.0,0.10540639941154836,1000.0,0.13332622260146126,amount_wall,7600.0,0.01327929177110554,below_price_wall,,,,,,,,,,,,,,,,,,,,,,,,,,,,,,,,,,,,,,,,,,,,,,,,,,,,,,,,,,
2026-09-10,INDEX_OPTION,INDEX,MO,IM,IM,CFFEX,2611,,,,,,,,,,8000.0,6700.0,,,6700.0,,,7477.0,1656.0,33457960.0,,,,,,,,,,,,,,,,,,,,,,,,,,,,,,,,,,,,,,False,False,other_month,,,,,,,,,,,,,,,,,,,6700.0,7400.0,,,,,3652.0,3825.0,-0.023137622040925506,1300.0,,,,,unavailable,,,,,,,,,,,,,,,,,,,,,,,,,,,,,,,,,,,,,,,,,,,,,,,,,,,,,,,,,,
2026-09-10,INDEX_OPTION,INDEX,MO,IM,IM,CFFEX,2612,,,,,,,7340.2,,,8000.0,6400.0,,,8000.0,,,68215.0,6191.0,152524320.0,,,,,,,,0.08988855889485303,,,,,,,,,,,,,,,,,,,,,,,,,,,,,,False,False,other_month,,,,,,,,,,,,IM2612,7340.2,57579.0,164293.0,5178.0,84607517000.0,-7.1e-05,8000.0,7800.0,0.08988855889485303,-0.1280891528841176,0.08988855889485303,0.06264134492248163,41842.0,26373.0,0.2267683060910357,1600.0,0.2179777117789706,amount_wall,7800.0,0.06264134492248163,below_price_wall,,,,,,,,,,,,,,,,,,,,,,,,,,,,,,,,,,,,,,,,,,,,,,,,,,,,,,,,,,
2026-09-10,INDEX_OPTION,INDEX,MO,IM,IM,CFFEX,2703,,,,,,,7126.0,,,8800.0,6600.0,,,6600.0,,,28856.0,1488.0,53107280.0,,,,,,,,-0.07381420151557672,,,,,,,,,,,,,,,,,,,,,,,,,,,,,,False,False,other_month,,,,,,,,,,,,IM2703,7126.0,15255.0,71853.0,1903.0,21761308000.0,-7.2e-05,6200.0,7200.0,0.23491439797923097,-0.07381420151557672,-0.12994667415099637,0.010384507437552593,16931.0,11925.0,0.17348211810368727,2200.0,0.30872859949480774,amount_wall,7200.0,0.010384507437552593,above_price_wall,,,,,,,,,,,,,,,,,,,,,,,,,,,,,,,,,,,,,,,,,,,,,,,,,,,,,,,,,,
2026-09-10,INDEX_OPTION,INDEX,MO,IM,IM,CFFEX,2706,,,,,,,,,,9800.0,6200.0,,,6200.0,,,15305.0,874.0,34274120.0,,,,,,,,,,,,,,,,,,,,,,,,,,,,,,,,,,,,,,False,False,other_month,,,,,,,,,,,,,,,,,,,6200.0,6200.0,,,,,7245.0,8060.0,-0.053250571708591966,3600.0,,,,,unavailable,,,,,,,,,,,,,,,,,,,,,,,,,,,,,,,,,,,,,,,,,,,,,,,,,,,,,,,,,,
