market_type,underlying,commodity,exchange,contract_month,expiry,expiry_month,expiry_source,expiry_confidence,days_to_expiry,business_days_to_expiry_estimate,underlying_price,call_wall,put_wall,call_oi_wall,put_oi_wall,max_gamma_strike,net_gamma_strike,gex_flip,price_wall,net_gex,total_abs_gex,call_gex_total,put_gex_abs_total,gex_ratio,call_gex_share,put_gex_share,total_oi,total_volume,total_amount,gamma_regime,adjusted_call_wall,adjusted_put_wall,adjusted_price_wall,adjusted_max_gamma_strike,adjusted_net_gex,adjusted_total_abs_gex,avg_liquidity_score,avg_pricing_quality_score,adjusted_call_wall_shift,adjusted_put_wall_shift,adjusted_price_wall_shift,adjusted_wall_available,zero_gamma,zero_gamma_status,zero_gamma_confidence,zero_gamma_reason,zero_gamma_total_contracts,zero_gamma_valid_contracts,zero_gamma_coverage,zero_gamma_bracket_low,zero_gamma_bracket_high,zero_gamma_residual_ratio,zero_gamma_method,month_total_abs_gex,month_net_gex,month_total_oi,month_total_volume,month_rank,month_count,expiry_role,expiry_gex_share,near_gex_ratio,next_gex_ratio,front_month_concentration,next_month_concentration,days_to_near_expiry,roll_progress,roll_shift_score,expiry_pressure,expiry_structure_state,roll_state,expiry_date_quality,is_primary_analysis_month,is_expiring_microstructure,analysis_month_role,front_month,primary_month,expiring_month,next_month,far_month,primary_selection_reason,primary_selection_note,primary_selection_confidence,primary_selection_dte,asset_class,option_product,futures_code,futures_price,futures_volume,futures_open_interest,futures_oi_change,futures_amount,futures_pct_change,volume_wall,amount_wall,price_wall_distance,call_oi_wall_distance,put_oi_wall_distance,volume_wall_distance,amount_wall_distance,call_oi_total,put_oi_total,oi_bias,oi_wall_width,oi_wall_width_ratio,nearest_wall_type,nearest_wall,nearest_wall_distance,commodity_price_state
ETF,上证50ETF华夏,,,10月,2026-10-28,202610,rule_fourth_wednesday,medium,44.0,32.0,2.976,3.0,3.0,3.1,3.0,3.0,3.0,3.0,3.0,87257153.42475262,415604973.65354496,251431063.5391488,164173910.11439618,1.5314922046015225,0.604976069773279,0.39502393022672105,241472.0,82417.0,,Positive Gamma,3.0,3.0,3.0,3.0,52790042.243845604,224880945.21804908,0.5104383429302997,0.4676949573391683,0.0,0.0,0.0,True,2.896380866135273,available,medium,,20.0,18.0,0.9,2.888346666666666,2.8989999999999996,5.744861209281063e-17,bs_spot_repricing_constant_iv,415604973.65354496,87257153.42475262,241472.0,82417.0,2.0,4.0,next,0.17330068355473682,0.7216488245740288,0.17330068355473682,0.7216488245740288,0.17330068355473682,9.0,0.19364297312938716,-0.548348141019292,0.08665034177736841,normal_expiry_structure,front_month_dominant,rule_estimate,False,False,next_month,9月,9月,,10月,3月,front_month_default,9月 DTE=9，默认使用前月,medium,9.0,,,,,,,,,,,,,,,,,,,,,,,,,
ETF,上证50ETF华夏,,,12月,2026-12-23,202612,rule_fourth_wednesday,medium,100.0,72.0,2.976,3.0,2.7,3.5,2.7,3.0,3.0,3.0,3.0,68417431.14129408,223399234.49389058,145908332.81759232,77490901.67629825,1.8829092146468154,0.6531281682685558,0.34687183173144415,230822.0,81458.0,,Positive Gamma,3.2,2.7,3.0,3.0,25053288.123386487,84058071.87701792,0.4155465090214525,0.4199461756867511,0.20000000000000018,0.0,0.0,True,2.8474265880841343,available,medium,,24.0,20.0,0.8333333333333334,2.84418,2.85525,1.5465516241503294e-12,bs_spot_repricing_constant_iv,223399234.49389058,68417431.14129408,230822.0,81458.0,3.0,4.0,deferred,0.09315393822902088,0.7216488245740288,0.17330068355473682,0.7216488245740288,0.17330068355473682,9.0,0.19364297312938716,-0.548348141019292,0.04657696911451044,low_expiry_influence,front_month_dominant,rule_estimate,False,False,other_month,9月,9月,,10月,3月,front_month_default,9月 DTE=9，默认使用前月,medium,9.0,,,,,,,,,,,,,,,,,,,,,,,,,
ETF,上证50ETF华夏,,,3月,2027-03-24,202703,rule_fourth_wednesday,medium,191.0,137.0,2.976,3.0,2.8,3.5,2.8,3.0,3.1,3.0,3.0,10935225.280788478,28529990.543738883,19732607.912263684,8797382.6314752,2.243008942417092,0.6916443902079789,0.30835560979202115,32003.0,2987.0,,Positive Gamma,3.1,2.8,3.1,2.8,231192.25645305152,7333427.600790353,0.2892919389951623,0.2915875845543151,0.10000000000000009,0.0,0.10000000000000009,True,2.805539033011711,available,medium,,20.0,17.0,0.85,2.80312,2.813773333333333,2.2071976738006603e-13,bs_spot_repricing_constant_iv,28529990.543738883,10935225.280788481,32003.0,2987.0,4.0,4.0,far,0.0118965536422135,0.7216488245740288,0.17330068355473682,0.7216488245740288,0.17330068355473682,9.0,0.19364297312938716,-0.548348141019292,0.00594827682110675,low_expiry_influence,front_month_dominant,rule_estimate,False,False,far_month,9月,9月,,10月,3月,front_month_default,9月 DTE=9，默认使用前月,medium,9.0,,,,,,,,,,,,,,,,,,,,,,,,,
ETF,上证50ETF华夏,,,9月,2026-09-23,202609,rule_fourth_wednesday,medium,9.0,7.0,2.976,3.0,3.0,3.1,3.0,3.0,3.0,3.0,3.0,226227652.18357247,1730638532.8218932,978433092.5027329,752205440.3191603,1.3007524807153539,0.5653595906635388,0.4346404093364612,880524.0,306524.0,,Positive Gamma,3.0,3.0,3.0,3.0,18719516.53780873,1068960064.7507756,0.4388042847193372,0.7118948258593747,0.0,0.0,0.0,True,2.9495482060484455,available,medium,,28.0,23.0,0.8214285714285714,2.946158333333333,2.9574366666666663,9.478021245589622e-16,bs_spot_repricing_constant_iv,1730638532.8218932,226227652.1835725,880524.0,306524.0,1.0,4.0,near,0.7216488245740288,0.7216488245740288,0.17330068355473682,0.7216488245740288,0.17330068355473682,9.0,0.19364297312938716,-0.548348141019292,0.7216488245740288,front_month_concentrated,front_month_dominant,rule_estimate,True,False,primary_analysis,9月,9月,,10月,3月,front_month_default,9月 DTE=9，默认使用前月,medium,9.0,,,,,,,,,,,,,,,,,,,,,,,,,
ETF,中证500ETF南方,,,10月,2026-10-28,202610,rule_fourth_wednesday,medium,44.0,32.0,7.598,8.0,6.75,8.0,6.75,7.5,6.75,9.0,7.5,6339851.256175028,280024473.358583,143182162.307379,136842311.05120397,1.0463296125845374,0.5113201735193634,0.48867982648063657,155510.0,137588.0,,Positive Gamma,8.0,6.75,7.5,7.5,-416415.7426693635,201991260.07519603,0.6419384410467427,0.33198076784619057,0.0,0.0,0.0,True,,unavailable,unavailable,insufficient_valid_contracts,22.0,0.0,0.0,,,,bs_spot_repricing_constant_iv,280024473.35858303,6339851.256175036,155510.0,137588.0,2.0,4.0,next,0.08173718366814862,0.7872274984256525,0.08173718366814862,0.7872274984256525,0.08173718366814862,9.0,0.09406272240109918,-0.7054903147575039,0.04086859183407431,low_expiry_influence,front_month_dominant,rule_estimate,False,False,next_month,9月,9月,,10月,3月,front_month_default,9月 DTE=9，默认使用前月,medium,9.0,,,,,,,,,,,,,,,,,,,,,,,,,
ETF,中证500ETF南方,,,12月,2026-12-23,202612,rule_fourth_wednesday,medium,100.0,72.0,7.598,8.0,6.5,9.823,6.25,7.75,6.5,8.35,7.75,67921788.67804159,354946688.90493786,211434238.79148978,143512450.11344817,1.4732815071051235,0.5956788593909557,0.40432114060904456,270790.0,122387.0,,Positive Gamma,8.25,7.25,7.75,8.0,27013971.571313687,146711065.81297383,0.43687960947100063,0.4175281195076962,0.25,0.75,0.0,True,7.345932105127812,available,medium,,54.0,48.0,0.8888888888888888,7.33207,7.361617777777778,1.7169136793342938e-16,bs_spot_repricing_constant_iv,354946688.904938,67921788.67804159,270790.0,122387.0,3.0,4.0,deferred,0.10360645394830406,0.7872274984256525,0.08173718366814862,0.7872274984256525,0.08173718366814862,9.0,0.09406272240109918,-0.7054903147575039,0.05180322697415203,normal_expiry_structure,front_month_dominant,rule_estimate,False,False,other_month,9月,9月,,10月,3月,front_month_default,9月 DTE=9，默认使用前月,medium,9.0,,,,,,,,,,,,,,,,,,,,,,,,,
ETF,中证500ETF南方,,,3月,2027-03-24,202703,rule_fourth_wednesday,medium,191.0,137.0,7.598,8.0,7.75,6.25,6.25,7.75,8.0,6.5,7.75,34770893.21708044,93968899.34227988,64369896.279680155,29599003.06259971,2.1747319037584667,0.6850127726325075,0.3149872273674923,70594.0,4531.0,,Positive Gamma,8.25,7.75,7.75,8.25,6566672.959270943,28320554.18736858,0.33651379025014766,0.4063681577831603,0.25,0.0,0.0,True,7.032464729629623,available,medium,,26.0,21.0,0.8076923076923077,7.007044444444444,7.036592222222223,1.7258994536217062e-16,bs_spot_repricing_constant_iv,93968899.34227987,34770893.21708044,70594.0,4531.0,4.0,4.0,far,0.02742886395789476,0.7872274984256525,0.08173718366814862,0.7872274984256525,0.08173718366814862,9.0,0.09406272240109918,-0.7054903147575039,0.01371443197894738,low_expiry_influence,front_month_dominant,rule_estimate,False,False,far_month,9月,9月,,10月,3月,front_month_default,9月 DTE=9，默认使用前月,medium,9.0,,,,,,,,,,,,,,,,,,,,,,,,,
ETF,中证500ETF南方,,,9月,2026-09-23,202609,rule_fourth_wednesday,medium,9.0,7.0,7.598,7.75,7.5,7.75,7.5,7.75,7.75,,7.75,-75646677.04746391,2696972855.7694397,1310663089.3609881,1386309766.4084523,0.9454330634606695,0.4859756324789035,0.5140243675210967,943928.0,1001510.0,,Negative Gamma,7.75,7.5,7.75,7.75,30808513.629659742,2122718877.4433906,0.5130499209385078,0.635418601664568,0.0,0.0,0.0,True,7.633553767332853,available,medium,,58.0,51.0,0.8793103448275862,7.627547777777778,7.657095555555556,3.138012165383414e-14,bs_spot_repricing_constant_iv,2696972855.7694407,-75646677.04746395,943928.0,1001510.0,1.0,4.0,near,0.7872274984256525,0.7872274984256525,0.08173718366814862,0.7872274984256525,0.08173718366814862,9.0,0.09406272240109918,-0.7054903147575039,0.7872274984256525,front_month_concentrated,front_month_dominant,rule_estimate,True,False,primary_analysis,9月,9月,,10月,3月,front_month_default,9月 DTE=9，默认使用前月,medium,9.0,,,,,,,,,,,,,,,,,,,,,,,,,
ETF,中证500ETF嘉实,,,10月,2026-10-28,202610,rule_fourth_wednesday,medium,44.0,32.0,3.079,3.1,2.9,3.5,2.9,3.1,2.9,3.3,3.1,5726925.516661109,34721748.50500019,20224337.01083065,14497411.49416954,1.3950309004448358,0.5824688525670934,0.41753114743290665,35234.0,23003.0,,Positive Gamma,3.1,3.1,3.1,3.1,4428301.3483944535,21937193.724633932,0.6080342530468364,0.29075805576302355,0.0,0.20000000000000018,0.0,True,2.9616163896215846,available,medium,,20.0,19.0,0.95,2.9563775000000003,2.967595,4.826166328133688e-15,bs_spot_repricing_constant_iv,34721748.5050002,5726925.51666111,35234.0,23003.0,2.0,4.0,next,0.10468730124405247,0.6344078988516848,0.10468730124405247,0.6344078988516848,0.10468730124405247,9.0,0.14164251267021083,-0.5297205976076323,0.052343650622026235,normal_expiry_structure,front_month_dominant,rule_estimate,False,False,next_month,9月,9月,,10月,3月,front_month_default,9月 DTE=9，默认使用前月,medium,9.0,,,,,,,,,,,,,,,,,,,,,,,,,
ETF,中证500ETF嘉实,,,12月,2026-12-23,202612,rule_fourth_wednesday,medium,100.0,72.0,3.079,3.1,2.8,4.1,2.8,3.1,3.1,3.0,3.1,28898779.330384955,64376554.96617362,46637667.14827929,17738887.817894332,2.629120135774969,0.7244511169133677,0.2755488830866323,121738.0,56124.0,,Positive Gamma,4.1,2.8,3.1,4.1,7310623.21844439,18121943.866904937,0.32302010714311624,0.41077438904495245,0.9999999999999996,0.0,0.0,True,2.7240116733284148,available,medium,,34.0,31.0,0.9117647058823529,2.714013333333334,2.7256475,1.2496301770752287e-13,bs_spot_repricing_constant_iv,64376554.96617362,28898779.330384955,121738.0,56124.0,3.0,4.0,deferred,0.19409759280491284,0.6344078988516848,0.10468730124405247,0.6344078988516848,0.10468730124405247,9.0,0.14164251267021083,-0.5297205976076323,0.09704879640245642,normal_expiry_structure,front_month_dominant,rule_estimate,False,False,other_month,9月,9月,,10月,3月,front_month_default,9月 DTE=9，默认使用前月,medium,9.0,,,,,,,,,,,,,,,,,,,,,,,,,
ETF,中证500ETF嘉实,,,3月,2027-03-24,202703,rule_fourth_wednesday,medium,191.0,137.0,3.079,3.1,3.1,3.1,3.1,3.1,3.1,3.0,3.1,7753330.632902691,22158017.40668979,14955674.019796241,7202343.38689355,2.0765011075439417,0.6749554233710878,0.32504457662891223,35870.0,4499.0,,Positive Gamma,3.1,3.1,3.1,3.1,1544003.574053776,6323704.156605972,0.3351723684347615,0.3698591925118947,0.0,0.0,0.0,True,2.8009864851546764,available,medium,,26.0,21.0,0.8076923076923077,2.7954525,2.8070866666666667,6.400259542794725e-14,bs_spot_repricing_constant_iv,22158017.406689793,7753330.632902691,35870.0,4499.0,4.0,4.0,far,0.06680720709934995,0.6344078988516848,0.10468730124405247,0.6344078988516848,0.10468730124405247,9.0,0.14164251267021083,-0.5297205976076323,0.033403603549674976,low_expiry_influence,front_month_dominant,rule_estimate,False,False,far_month,9月,9月,,10月,3月,front_month_default,9月 DTE=9，默认使用前月,medium,9.0,,,,,,,,,,,,,,,,,,,,,,,,,
ETF,中证500ETF嘉实,,,9月,2026-09-23,202609,rule_fourth_wednesday,medium,9.0,7.0,3.079,3.1,3.0,4.1,2.8,3.1,3.0,,3.1,-6438453.723429327,210414742.3015669,101988144.28906879,108426598.01249811,0.9406192406526748,0.4847005641025815,0.5152994358974186,235567.0,187992.0,,Negative Gamma,3.1,3.0,3.1,3.1,-9721984.706393983,128858549.49017899,0.45125046420564535,0.6363037638301484,0.0,0.0,0.0,True,3.093935363486295,available,medium,,34.0,30.0,0.8823529411764706,3.086306666666667,3.097940833333334,8.955356929312149e-14,bs_spot_repricing_constant_iv,210414742.3015669,-6438453.723429329,235567.0,187992.0,1.0,4.0,near,0.6344078988516848,0.6344078988516848,0.10468730124405247,0.6344078988516848,0.10468730124405247,9.0,0.14164251267021083,-0.5297205976076323,0.6344078988516848,near_month_pressure,front_month_dominant,rule_estimate,True,False,primary_analysis,9月,9月,,10月,3月,front_month_default,9月 DTE=9，默认使用前月,medium,9.0,,,,,,,,,,,,,,,,,,,,,,,,,
ETF,创业板ETF易方达,,,10月,2026-10-28,202610,rule_fourth_wednesday,medium,44.0,32.0,3.304,3.4,3.3,3.7,2.95,3.4,3.7,3.7,3.4,17737528.057840634,191735383.49323004,104736455.77553535,86998927.71769471,1.2038821457133084,0.5462552287811471,0.45374477121885304,216440.0,150990.0,,Positive Gamma,3.4,3.3,3.3,3.3,18025857.520478114,137511114.14120635,0.6412158789313895,0.2301284705411966,0.0,0.0,-0.10000000000000009,True,3.2282130488499656,available,medium,,22.0,22.0,1.0,3.224055,3.2365433333333335,1.761300933886185e-14,bs_spot_repricing_constant_iv,191735383.49323004,17737528.05784063,216440.0,150990.0,2.0,4.0,next,0.11852175138428543,0.7916112952324436,0.11852175138428543,0.7916112952324436,0.11852175138428543,9.0,0.13022464333634592,-0.6730895438481581,0.059260875692142716,normal_expiry_structure,front_month_dominant,rule_estimate,False,False,next_month,9月,9月,,10月,3月,front_month_default,9月 DTE=9，默认使用前月,medium,9.0,,,,,,,,,,,,,,,,,,,,,,,,,
ETF,创业板ETF易方达,,,12月,2026-12-23,202612,rule_fourth_wednesday,medium,100.0,72.0,3.304,3.5,2.95,4.8,2.95,2.95,2.95,4.3,3.3,13475578.475591676,129914889.38262908,71695233.9291104,58219655.4535187,1.2314609794685283,0.5518631026036709,0.44813689739632917,289507.0,78997.0,,Positive Gamma,4.8,2.95,3.3,2.95,4936058.22144538,56360733.06196978,0.43997975518986526,0.32417975501191426,1.2999999999999998,0.0,0.0,True,3.2146895422792157,available,medium,,40.0,40.0,1.0,3.2115666666666667,3.224055,6.955617677783399e-15,bs_spot_repricing_constant_iv,129914889.3826291,13475578.475591674,289507.0,78997.0,3.0,4.0,deferred,0.08030724397340351,0.7916112952324436,0.11852175138428543,0.7916112952324436,0.11852175138428543,9.0,0.13022464333634592,-0.6730895438481581,0.040153621986701755,low_expiry_influence,front_month_dominant,rule_estimate,False,False,other_month,9月,9月,,10月,3月,front_month_default,9月 DTE=9，默认使用前月,medium,9.0,,,,,,,,,,,,,,,,,,,,,,,,,
ETF,创业板ETF易方达,,,3月,2027-03-24,202703,rule_fourth_wednesday,medium,191.0,137.0,3.304,3.5,2.95,4.0,2.95,2.95,2.95,3.7,3.2,3056514.606879999,15464963.4212864,9260739.0140832,6204224.4072031975,1.4926505565032984,0.5988206219315374,0.4011793780684623,32601.0,3730.0,,Positive Gamma,4.2,2.95,3.2,2.95,505218.63054045185,5875972.155443671,0.3861878240319383,0.3724440936764748,0.7000000000000002,0.0,0.0,True,2.8714804065592623,available,medium,,28.0,28.0,1.0,2.8618933333333336,2.874381666666667,1.0327849824323069e-16,bs_spot_repricing_constant_iv,15464963.421286399,3056514.606879999,32601.0,3730.0,4.0,4.0,far,0.009559709409867447,0.7916112952324436,0.11852175138428543,0.7916112952324436,0.11852175138428543,9.0,0.13022464333634592,-0.6730895438481581,0.004779854704933723,low_expiry_influence,front_month_dominant,rule_estimate,False,False,far_month,9月,9月,,10月,3月,front_month_default,9月 DTE=9，默认使用前月,medium,9.0,,,,,,,,,,,,,,,,,,,,,,,,,
ETF,创业板ETF易方达,,,9月,2026-09-23,202609,rule_fourth_wednesday,medium,9.0,7.0,3.304,3.4,3.3,3.5,2.85,3.4,3.5,3.8,3.4,19963227.647193626,1280607934.798788,650285581.2229906,630322353.575797,1.0316714575231911,0.5077944338406469,0.49220556615935274,1336670.0,1145155.0,,Positive Gamma,3.4,3.3,3.3,3.3,-3930281.601176158,917575886.812648,0.45436287072519943,0.6931034175030077,0.0,0.0,-0.10000000000000009,True,3.302028900436632,available,medium,,44.0,42.0,0.9545454545454546,3.291151111111111,3.3040000000000003,6.400256662813694e-15,bs_spot_repricing_constant_iv,1280607934.7987876,19963227.64719363,1336670.0,1145155.0,1.0,4.0,near,0.7916112952324436,0.7916112952324436,0.11852175138428543,0.7916112952324436,0.11852175138428543,9.0,0.13022464333634592,-0.6730895438481581,0.7916112952324436,front_month_concentrated,front_month_dominant,rule_estimate,True,False,primary_analysis,9月,9月,,10月,3月,front_month_default,9月 DTE=9，默认使用前月,medium,9.0,,,,,,,,,,,,,,,,,,,,,,,,,
ETF,沪深300ETF华泰柏瑞,,,10月,2026-10-28,202610,rule_fourth_wednesday,medium,44.0,32.0,4.552,4.6,4.4,4.8,4.4,4.4,4.4,,4.4,-74102681.04014781,611328659.179449,268612989.0696506,342715670.1097984,0.7837779608489832,0.43939210936093565,0.5606078906390644,292854.0,106423.0,,Negative Gamma,4.7,4.4,4.4,4.4,-4378586.913771846,327017750.3109124,0.5192691668943961,0.4290662054383819,0.10000000000000053,0.0,0.0,True,,unavailable,unavailable,call_put_side_incomplete,20.0,7.0,0.35,,,,bs_spot_repricing_constant_iv,611328659.179449,-74102681.04014781,292854.0,106423.0,2.0,4.0,next,0.21814785598853895,0.6595456199993527,0.21814785598853895,0.6595456199993527,0.21814785598853895,9.0,0.24854674434374907,-0.44139776401081376,0.10907392799426947,normal_expiry_structure,front_month_dominant,rule_estimate,False,False,next_month,9月,9月,,10月,3月,front_month_default,9月 DTE=9，默认使用前月,medium,9.0,,,,,,,,,,,,,,,,,,,,,,,,,
ETF,沪深300ETF华泰柏瑞,,,12月,2026-12-23,202612,rule_fourth_wednesday,medium,100.0,72.0,4.552,5.0,4.3,6.0,4.3,4.9,5.0,4.8,4.7,87295070.07013056,295368521.4430457,191331795.75658813,104036725.68645759,1.8390793683109319,0.6477731439417508,0.3522268560582494,238433.0,70067.0,,Positive Gamma,4.8,4.3,4.7,4.8,47586690.14815814,143579694.27002516,0.48235099897402284,0.446069185130637,-0.20000000000000018,0.0,0.0,True,4.337482803019266,available,medium,,26.0,24.0,0.9230769230769231,4.331440000000001,4.34808,3.6390503580373205e-14,bs_spot_repricing_constant_iv,295368521.44304574,87295070.07013054,238433.0,70067.0,3.0,4.0,deferred,0.1053999492937093,0.6595456199993527,0.21814785598853895,0.6595456199993527,0.21814785598853895,9.0,0.24854674434374907,-0.44139776401081376,0.05269997464685465,normal_expiry_structure,front_month_dominant,rule_estimate,False,False,other_month,9月,9月,,10月,3月,front_month_default,9月 DTE=9，默认使用前月,medium,9.0,,,,,,,,,,,,,,,,,,,,,,,,,
ETF,沪深300ETF华泰柏瑞,,,3月,2027-03-24,202703,rule_fourth_wednesday,medium,191.0,137.0,4.552,4.7,4.2,5.5,4.2,4.7,4.7,4.6,4.7,19205104.682483196,47378295.82179841,33291700.252140798,14086595.5696576,2.363360265971632,0.7026782976187913,0.2973217023812085,38682.0,3765.0,,Positive Gamma,4.7,4.2,4.7,4.7,8427087.939285735,21988354.442169234,0.45868205661865885,0.3422544021345737,0.0,0.0,0.0,True,4.252194435989673,available,medium,,22.0,19.0,0.8636363636363636,4.24824,4.26488,3.7151053479367547e-13,bs_spot_repricing_constant_iv,47378295.8217984,19205104.682483196,38682.0,3765.0,4.0,4.0,far,0.01690657471839907,0.6595456199993527,0.21814785598853895,0.6595456199993527,0.21814785598853895,9.0,0.24854674434374907,-0.44139776401081376,0.008453287359199535,low_expiry_influence,front_month_dominant,rule_estimate,False,False,far_month,9月,9月,,10月,3月,front_month_default,9月 DTE=9，默认使用前月,medium,9.0,,,,,,,,,,,,,,,,,,,,,,,,,
ETF,沪深300ETF华泰柏瑞,,,9月,2026-09-23,202609,rule_fourth_wednesday,medium,9.0,7.0,4.552,4.6,4.6,4.7,4.5,4.6,4.7,4.7,4.6,81478007.59307963,1848283760.1808286,964880883.886954,883402876.2938744,1.0922319926497217,0.5220415309998471,0.47795846900015276,726278.0,417184.0,,Positive Gamma,4.6,4.6,4.6,4.6,16175965.097885065,1395121602.882015,0.5005811282850713,0.6912816674601636,0.0,0.0,0.0,True,4.54237683267621,available,medium,,30.0,26.0,0.8666666666666667,4.537653333333333,4.555126666666666,2.4998957674873366e-16,bs_spot_repricing_constant_iv,1848283760.1808286,81478007.59307967,726278.0,417184.0,1.0,4.0,near,0.6595456199993527,0.6595456199993527,0.21814785598853895,0.6595456199993527,0.21814785598853895,9.0,0.24854674434374907,-0.44139776401081376,0.6595456199993527,front_month_concentrated,front_month_dominant,rule_estimate,True,False,primary_analysis,9月,9月,,10月,3月,front_month_default,9月 DTE=9，默认使用前月,medium,9.0,,,,,,,,,,,,,,,,,,,,,,,,,
ETF,沪深300ETF嘉实,,,10月,2026-10-28,202610,rule_fourth_wednesday,medium,44.0,32.0,4.751,5.0,4.6,5.0,4.6,4.8,5.0,5.0,4.8,5444856.4536216995,59766250.33620472,32605553.3949132,27160696.941291507,1.2004682157232887,0.5455512636562657,0.45444873634373406,30279.0,9426.0,,Positive Gamma,4.9,4.8,4.8,4.8,-12463.510367392017,27862021.118265506,0.46621099613853756,0.4554500259145257,-0.09999999999999964,0.20000000000000018,0.0,True,4.71012855126532,available,medium,,20.0,18.0,0.9,4.701232500000001,4.718531666666667,5.41930979018655e-14,bs_spot_repricing_constant_iv,59766250.336204715,5444856.4536216995,30279.0,9426.0,2.0,4.0,next,0.16630460244281106,0.6750347705419022,0.16630460244281106,0.6750347705419022,0.16630460244281106,9.0,0.19766649200409253,-0.5087301680990911,0.08315230122140553,normal_expiry_structure,front_month_dominant,rule_estimate,False,False,next_month,9月,9月,,10月,3月,front_month_default,9月 DTE=9，默认使用前月,medium,9.0,,,,,,,,,,,,,,,,,,,,,,,,,
ETF,沪深300ETF嘉实,,,12月,2026-12-23,202612,rule_fourth_wednesday,medium,100.0,72.0,4.751,5.0,4.4,6.25,4.4,5.25,5.0,4.8,4.8,17311373.381300136,43748634.5304615,30530003.955880813,13218630.57458068,2.309619274373986,0.6978504422720495,0.3021495577279504,42362.0,6599.0,,Positive Gamma,5.0,4.4,4.8,5.25,7108067.696864905,20644262.878037654,0.4637055583729574,0.44109463306915836,0.0,0.0,0.0,True,4.445715126969347,available,medium,,24.0,22.0,0.9166666666666666,4.441745000000001,4.459044166666667,4.1083941469989594e-13,bs_spot_repricing_constant_iv,43748634.5304615,17311373.381300136,42362.0,6599.0,3.0,4.0,deferred,0.12173424352500967,0.6750347705419022,0.16630460244281106,0.6750347705419022,0.16630460244281106,9.0,0.19766649200409253,-0.5087301680990911,0.06086712176250483,normal_expiry_structure,front_month_dominant,rule_estimate,False,False,other_month,9月,9月,,10月,3月,front_month_default,9月 DTE=9，默认使用前月,medium,9.0,,,,,,,,,,,,,,,,,,,,,,,,,
ETF,沪深300ETF嘉实,,,3月,2027-03-24,202703,rule_fourth_wednesday,medium,191.0,137.0,4.751,4.8,4.4,6.0,4.4,4.8,4.8,4.8,4.8,5489289.889030223,13270537.599520303,9379913.744275263,3890623.8552450407,2.4109022340029047,0.7068224383475107,0.29317756165248926,12531.0,838.0,,Positive Gamma,4.8,4.4,4.8,4.8,2002805.4237594055,5824256.918049093,0.46271569186804096,0.3392958421744216,0.0,0.0,0.0,True,4.4285629398543875,available,medium,,22.0,19.0,0.8636363636363636,4.424445833333333,4.441745000000001,2.352743247306613e-13,bs_spot_repricing_constant_iv,13270537.599520303,5489289.889030221,12531.0,838.0,4.0,4.0,far,0.03692638349027714,0.6750347705419022,0.16630460244281106,0.6750347705419022,0.16630460244281106,9.0,0.19766649200409253,-0.5087301680990911,0.01846319174513857,low_expiry_influence,front_month_dominant,rule_estimate,False,False,far_month,9月,9月,,10月,3月,front_month_default,9月 DTE=9，默认使用前月,medium,9.0,,,,,,,,,,,,,,,,,,,,,,,,,
ETF,沪深300ETF嘉实,,,9月,2026-09-23,202609,rule_fourth_wednesday,medium,9.0,7.0,4.751,4.9,4.7,6.25,4.2,4.7,4.9,4.9,4.9,47915139.92780883,242592787.50702924,145253963.71741903,97338823.78961018,1.4922510675840246,0.5987563159239029,0.401243684076097,138820.0,68880.0,,Positive Gamma,4.8,4.8,4.7,4.8,21022077.53196968,132839267.40599613,0.45348974852374724,0.691624672772833,-0.10000000000000053,0.09999999999999964,-0.20000000000000018,True,4.693240958748272,available,medium,,28.0,25.0,0.8928571428571429,4.691262500000001,4.709395000000001,8.755111302713804e-16,bs_spot_repricing_constant_iv,242592787.5070292,47915139.92780883,138820.0,68880.0,1.0,4.0,near,0.6750347705419022,0.6750347705419022,0.16630460244281106,0.6750347705419022,0.16630460244281106,9.0,0.19766649200409253,-0.5087301680990911,0.6750347705419022,front_month_concentrated,front_month_dominant,rule_estimate,True,False,primary_analysis,9月,9月,,10月,3月,front_month_default,9月 DTE=9，默认使用前月,medium,9.0,,,,,,,,,,,,,,,,,,,,,,,,,
ETF,深证100ETF易方达,,,10月,2026-10-28,202610,rule_fourth_wednesday,medium,44.0,32.0,3.458,3.5,3.1,3.5,3.1,3.5,3.1,,3.5,-125000.36639636004,8467827.798339,4171413.7159713204,4296414.08236768,0.9709058847681008,0.4926191008264907,0.5073808991735094,7914.0,3540.0,,Negative Gamma,3.5,3.5,3.5,3.5,537193.6888777582,4011265.9715406434,0.40500261377363184,0.32218018669271,0.0,0.3999999999999999,0.0,True,3.4841509874195036,available,medium,,20.0,18.0,0.9,3.4836316666666667,3.4966500000000003,4.297398133310061e-16,bs_spot_repricing_constant_iv,8467827.798339,-125000.36639636016,7914.0,3540.0,2.0,4.0,next,0.10848876800249749,0.7725374596729484,0.10848876800249749,0.7725374596729484,0.10848876800249749,9.0,0.12313909006856806,-0.6640486916704509,0.054244384001248744,normal_expiry_structure,front_month_dominant,rule_estimate,False,False,next_month,9月,9月,,10月,3月,front_month_default,9月 DTE=9，默认使用前月,medium,9.0,,,,,,,,,,,,,,,,,,,,,,,,,
ETF,深证100ETF易方达,,,12月,2026-12-23,202612,rule_fourth_wednesday,medium,100.0,72.0,3.458,4.6,3.4,4.6,3.1,3.7,4.6,3.8,3.4,2667397.7285482804,8281362.731318042,5474380.229933161,2806982.5013848804,1.9502723038822891,0.6610482365698612,0.3389517634301387,15757.0,10687.0,,Positive Gamma,4.6,3.2,3.3,4.6,949402.6234657133,2437723.180169086,0.2787216146642202,0.37004645369770384,0.0,-0.19999999999999973,-0.10000000000000009,True,3.1427558783900444,available,medium,,32.0,31.0,0.96875,3.132136666666667,3.1451550000000004,2.0358213043846947e-14,bs_spot_repricing_constant_iv,8281362.731318041,2667397.7285482804,15757.0,10687.0,3.0,4.0,deferred,0.10609980050358649,0.7725374596729484,0.10848876800249749,0.7725374596729484,0.10848876800249749,9.0,0.12313909006856806,-0.6640486916704509,0.05304990025179324,normal_expiry_structure,front_month_dominant,rule_estimate,False,False,other_month,9月,9月,,10月,3月,front_month_default,9月 DTE=9，默认使用前月,medium,9.0,,,,,,,,,,,,,,,,,,,,,,,,,
ETF,深证100ETF易方达,,,3月,2027-03-24,202703,rule_fourth_wednesday,medium,191.0,137.0,3.458,4.2,3.2,4.2,3.1,4.2,4.2,4.2,3.3,163783.22153284002,1004846.6626343601,584314.9420836001,420531.72055076004,1.389466985554234,0.5814966241234544,0.4185033758765456,1675.0,614.0,,Positive Gamma,4.2,3.1,3.3,4.2,138275.8169038953,355700.0993075135,0.2712747971156085,0.48201773945082454,0.0,-0.10000000000000009,0.0,True,3.2442750387447035,available,medium,,24.0,23.0,0.9583333333333334,3.2362833333333336,3.2493016666666668,1.2758520419261175e-16,bs_spot_repricing_constant_iv,1004846.6626343601,163783.22153284005,1675.0,614.0,4.0,4.0,far,0.012873971820967665,0.7725374596729484,0.10848876800249749,0.7725374596729484,0.10848876800249749,9.0,0.12313909006856806,-0.6640486916704509,0.0064369859104838325,low_expiry_influence,front_month_dominant,rule_estimate,False,False,far_month,9月,9月,,10月,3月,front_month_default,9月 DTE=9，默认使用前月,medium,9.0,,,,,,,,,,,,,,,,,,,,,,,,,
ETF,深证100ETF易方达,,,9月,2026-09-23,202609,rule_fourth_wednesday,medium,9.0,7.0,3.458,3.5,3.4,4.6,3.0,3.5,3.6,3.7,3.5,4135581.0803689184,60298538.703344755,32217059.891856845,28081478.81148792,1.1472707726018008,0.5342925481222278,0.46570745187777235,64268.0,79206.0,,Positive Gamma,3.5,3.4,3.5,3.5,2086229.975474186,32969170.934324645,0.34925398616233316,0.5678840606333448,0.0,0.0,0.0,True,3.4433846198970626,available,medium,,34.0,30.0,0.8823529411764706,3.4322800000000004,3.4457150000000003,7.43980255137365e-13,bs_spot_repricing_constant_iv,60298538.70334477,4135581.0803689193,64268.0,79206.0,1.0,4.0,near,0.7725374596729484,0.7725374596729484,0.10848876800249749,0.7725374596729484,0.10848876800249749,9.0,0.12313909006856806,-0.6640486916704509,0.7725374596729484,front_month_concentrated,front_month_dominant,rule_estimate,True,False,primary_analysis,9月,9月,,10月,3月,front_month_default,9月 DTE=9，默认使用前月,medium,9.0,,,,,,,,,,,,,,,,,,,,,,,,,
ETF,科创50ETF华夏,,,10月,2026-10-28,202610,rule_fourth_wednesday,medium,44.0,32.0,1.613,1.7,1.5,1.7,1.5,1.7,1.5,1.9,1.65,5986133.646002229,73162832.573955,39574483.109978616,33588349.46397639,1.178220536035043,0.5409096629764251,0.459090337023575,287701.0,152038.0,,Positive Gamma,1.7,1.45,1.65,1.7,2721244.325608433,40756163.985273294,0.5451753965974336,0.22238276647679645,0.0,-0.050000000000000044,0.0,True,,unavailable,unavailable,insufficient_valid_contracts,24.0,0.0,0.0,,,,bs_spot_repricing_constant_iv,73162832.57395501,5986133.646002231,287701.0,152038.0,2.0,4.0,next,0.08203435378262203,0.795750134358961,0.08203435378262203,0.795750134358961,0.08203435378262203,9.0,0.09345614429380326,-0.713715780576339,0.041017176891311014,low_expiry_influence,front_month_dominant,rule_estimate,False,False,next_month,9月,9月,,10月,3月,front_month_default,9月 DTE=9，默认使用前月,medium,9.0,,,,,,,,,,,,,,,,,,,,,,,,,
ETF,科创50ETF华夏,,,12月,2026-12-23,202612,rule_fourth_wednesday,medium,100.0,72.0,1.613,2.55,1.3,2.55,1.3,1.3,1.3,2.35,1.6,7163678.086381355,95491621.80313961,51327649.944760494,44163971.85837913,1.1622063819203845,0.5375094586892116,0.4624905413107885,555734.0,424920.0,,Positive Gamma,2.55,1.3,1.6,1.3,1453257.3705229936,47984898.25970393,0.46842688933816723,0.3158807356272199,0.0,0.0,0.0,True,1.5813173429235736,available,medium,,52.0,51.0,0.9807692307692307,1.5753633333333334,1.5816361111111112,7.198208004021516e-17,bs_spot_repricing_constant_iv,95491621.80313963,7163678.086381356,555734.0,424920.0,3.0,4.0,deferred,0.10707066977425575,0.795750134358961,0.08203435378262203,0.795750134358961,0.08203435378262203,9.0,0.09345614429380326,-0.713715780576339,0.053535334887127875,normal_expiry_structure,front_month_dominant,rule_estimate,False,False,other_month,9月,9月,,10月,3月,front_month_default,9月 DTE=9，默认使用前月,medium,9.0,,,,,,,,,,,,,,,,,,,,,,,,,
ETF,科创50ETF华夏,,,3月,2027-03-24,202703,rule_fourth_wednesday,medium,191.0,137.0,1.613,2.15,1.45,2.15,1.45,2.15,2.15,2.05,1.6,1835280.9058767701,13507018.641221931,7671149.773549351,5835868.867672581,1.314482889778965,0.5679380459384167,0.43206195406158343,72085.0,8553.0,,Positive Gamma,2.15,1.45,1.6,2.15,174460.48643872363,5138941.223715618,0.3458210634758872,0.3507948494573189,0.0,0.0,0.0,True,1.446830154737826,available,medium,,30.0,30.0,1.0,1.4447941666666666,1.45085,2.489661421484029e-16,bs_spot_repricing_constant_iv,13507018.64122193,1835280.9058767704,72085.0,8553.0,4.0,4.0,far,0.015144842084161154,0.795750134358961,0.08203435378262203,0.795750134358961,0.08203435378262203,9.0,0.09345614429380326,-0.713715780576339,0.007572421042080577,low_expiry_influence,front_month_dominant,rule_estimate,False,False,far_month,9月,9月,,10月,3月,front_month_default,9月 DTE=9，默认使用前月,medium,9.0,,,,,,,,,,,,,,,,,,,,,,,,,
ETF,科创50ETF华夏,,,9月,2026-09-23,202609,rule_fourth_wednesday,medium,9.0,7.0,1.613,1.7,1.6,1.7,1.1,1.7,1.7,1.85,1.65,19015830.00329893,709694550.7132151,364355190.358257,345339360.3549582,1.0550641837749202,0.5133971931897946,0.48660280681020546,1874644.0,968101.0,,Positive Gamma,1.7,1.6,1.65,1.65,-6468029.4002695065,491585911.51549244,0.4036869461159826,0.7037792251896289,0.0,0.0,0.0,True,1.6098580191769536,available,medium,,60.0,54.0,0.9,1.6067272222222222,1.613,6.710991507454776e-13,bs_spot_repricing_constant_iv,709694550.713215,19015830.003298927,1874644.0,968101.0,1.0,4.0,near,0.795750134358961,0.795750134358961,0.08203435378262203,0.795750134358961,0.08203435378262203,9.0,0.09345614429380326,-0.713715780576339,0.795750134358961,front_month_concentrated,front_month_dominant,rule_estimate,True,False,primary_analysis,9月,9月,,10月,3月,front_month_default,9月 DTE=9，默认使用前月,medium,9.0,,,,,,,,,,,,,,,,,,,,,,,,,
ETF,科创50ETF易方达,,,10月,2026-10-28,202610,rule_fourth_wednesday,medium,44.0,32.0,1.566,1.95,1.5,1.95,1.45,1.5,1.95,1.85,1.5,1245674.9413832405,8845806.734909639,5045740.838146441,3800065.8967631995,1.3278035105770865,0.5704104768911147,0.42958952310888554,35976.0,17721.0,,Positive Gamma,1.95,1.5,1.5,1.5,755276.4128901938,4178020.6821562713,0.45033904539682285,0.23243289060332675,0.0,0.0,0.0,True,,unavailable,unavailable,insufficient_valid_contracts,24.0,0.0,0.0,,,,bs_spot_repricing_constant_iv,8845806.73490964,1245674.9413832403,35976.0,17721.0,2.0,4.0,next,0.05477267127417291,0.7848584649826758,0.05477267127417291,0.7848584649826758,0.05477267127417291,9.0,0.06523420691418665,-0.7300857937085028,0.027386335637086454,low_expiry_influence,front_month_dominant,rule_estimate,False,False,next_month,9月,9月,,10月,3月,front_month_default,9月 DTE=9，默认使用前月,medium,9.0,,,,,,,,,,,,,,,,,,,,,,,,,
ETF,科创50ETF易方达,,,12月,2026-12-23,202612,rule_fourth_wednesday,medium,100.0,72.0,1.566,1.6,1.25,2.45,1.25,1.25,1.25,2.35,1.6,1040081.9704059594,21629558.251541164,11334820.110973557,10294738.1405676,1.1010304445051782,0.5240430700967238,0.4759569299032759,124604.0,50640.0,,Positive Gamma,2.05,1.25,1.6,1.25,-1423621.9662922956,7171302.830908881,0.330624308758876,0.3028769278516352,0.44999999999999973,0.0,0.0,True,1.5493230711399086,available,medium,,50.0,46.0,0.92,1.54773,1.55382,2.6644585561349892e-17,bs_spot_repricing_constant_iv,21629558.25154116,1040081.9704059594,124604.0,50640.0,3.0,4.0,deferred,0.1339288455446161,0.7848584649826758,0.05477267127417291,0.7848584649826758,0.05477267127417291,9.0,0.06523420691418665,-0.7300857937085028,0.06696442277230805,normal_expiry_structure,front_month_dominant,rule_estimate,False,False,other_month,9月,9月,,10月,3月,front_month_default,9月 DTE=9，默认使用前月,medium,9.0,,,,,,,,,,,,,,,,,,,,,,,,,
ETF,科创50ETF易方达,,,3月,2027-03-24,202703,rule_fourth_wednesday,medium,191.0,137.0,1.566,1.9,1.4,1.9,1.4,1.4,1.4,1.9,1.6,587969.9834396399,4270072.74998508,2429021.3667123597,1841051.38327272,1.3193664168104005,0.5688477712050332,0.43115222879496673,23034.0,3131.0,,Positive Gamma,1.9,1.4,1.6,1.9,238537.35831475985,1555933.9281901768,0.34020058253180857,0.3363824674145424,0.0,0.0,0.0,True,1.4037890906980857,available,medium,,30.0,30.0,1.0,1.3987883333333333,1.4047,3.233686954548562e-17,bs_spot_repricing_constant_iv,4270072.74998508,587969.9834396399,23034.0,3131.0,4.0,4.0,far,0.02644001819853522,0.7848584649826758,0.05477267127417291,0.7848584649826758,0.05477267127417291,9.0,0.06523420691418665,-0.7300857937085028,0.01322000909926761,low_expiry_influence,front_month_dominant,rule_estimate,False,False,far_month,9月,9月,,10月,3月,front_month_default,9月 DTE=9，默认使用前月,medium,9.0,,,,,,,,,,,,,,,,,,,,,,,,,
ETF,科创50ETF易方达,,,9月,2026-09-23,202609,rule_fourth_wednesday,medium,9.0,7.0,1.566,1.65,1.5,1.65,1.1,1.65,1.65,1.7,1.6,16340446.560373554,126754933.32691093,71547689.94364224,55207243.383268684,1.295983743418092,0.5644568464969733,0.43554315350302675,396417.0,174020.0,,Positive Gamma,1.65,1.55,1.6,1.65,10668520.312052619,67382059.02445015,0.339231971135682,0.7015601464533995,0.0,0.050000000000000044,0.0,True,1.5432399973854132,available,medium,,56.0,49.0,0.875,1.5416400000000001,1.54773,2.5058419238723647e-12,bs_spot_repricing_constant_iv,126754933.32691091,16340446.560373556,396417.0,174020.0,1.0,4.0,near,0.7848584649826758,0.7848584649826758,0.05477267127417291,0.7848584649826758,0.05477267127417291,9.0,0.06523420691418665,-0.7300857937085028,0.7848584649826758,front_month_concentrated,front_month_dominant,rule_estimate,True,False,primary_analysis,9月,9月,,10月,3月,front_month_default,9月 DTE=9，默认使用前月,medium,9.0,,,,,,,,,,,,,,,,,,,,,,,,,
COMMODITY,AP,AP,CZCE,2611,,,,,,,7497.0,,,8000.0,7000.0,,,,8000.0,,,,,,,,27845.0,30757.0,14657620.0,,,,,,,,,,,,,,,,,,,,,,,,,,,,,,,,,,,,,,,,,,,,,,,,,,,,,,,,COMMODITY,AP,AP611,7497.0,17428.0,22550.0,-342.0,1306751440.0,-3.2e-05,8000.0,7500.0,0.06709350406829406,0.06709350406829406,-0.06629318394024275,0.06709350406829406,0.0004001600640255454,16463.0,11382.0,0.18247441192314598,1000.0,0.13338668800853676,amount_wall,7500.0,0.0004001600640255454,below_price_wall
COMMODITY,AP,AP,CZCE,2612,,,,,,,7464.0,,,8000.0,6900.0,,,,8000.0,,,,,,,,472.0,31.0,14520.0,,,,,,,,,,,,,,,,,,,,,,,,,,,,,,,,,,,,,,,,,,,,,,,,,,,,,,,,COMMODITY,AP,AP612,7464.0,12374.0,13557.0,-81.0,929039920.0,-8.4e-05,8000.0,8000.0,0.07181136120042875,0.07181136120042875,-0.07556270096463025,0.07181136120042875,0.07181136120042875,365.0,107.0,0.5466101694915254,1100.0,0.14737406216505894,call_oi_wall,8000.0,0.07181136120042875,below_price_wall
COMMODITY,AP,AP,CZCE,2701,,,,,,,7436.0,,,8800.0,7300.0,,,,8800.0,,,,,,,,17511.0,6040.0,8108615.0,,,,,,,,,,,,,,,,,,,,,,,,,,,,,,,,,,,,,,,,,,,,,,,,,,,,,,,,COMMODITY,AP,AP701,7436.0,70789.0,105250.0,-1566.0,5293601400.0,-7.7e-05,8800.0,7600.0,0.18343195266272194,0.18343195266272194,-0.018289402904787533,0.18343195266272194,0.022054868208714273,12768.0,4743.0,0.4582833647421621,1500.0,0.20172135556750942,put_oi_wall,7300.0,-0.018289402904787533,below_price_wall
COMMODITY,AP,AP,CZCE,2703,,,,,,,7441.0,,,7600.0,7500.0,,,,7500.0,,,,,,,,92.0,0.0,0.0,,,,,,,,,,,,,,,,,,,,,,,,,,,,,,,,,,,,,,,,,,,,,,,,,,,,,,,,COMMODITY,AP,AP703,7441.0,8422.0,13439.0,106.0,631060460.0,-6.1000000000000005e-05,6400.0,6400.0,0.007929041795457614,0.021368095686063793,0.007929041795457614,-0.13990055100120946,-0.13990055100120946,58.0,34.0,0.2608695652173913,100.0,0.013439053890606102,put_oi_wall,7500.0,0.007929041795457614,below_price_wall
COMMODITY,CF,CF,CZCE,2611,,,,,,,15895.0,,,17000.0,16000.0,,,,17000.0,,,,,,,,194195.0,192747.0,120002700.0,,,,,,,,,,,,,,,,,,,,,,,,,,,,,,,,,,,,,,,,,,,,,,,,,,,,,,,,COMMODITY,CF,CF611,15895.0,100581.0,258157.0,-2618.0,8031393000.0,-0.00019099999999999998,16000.0,16000.0,0.06951871657754016,0.06951871657754016,0.006605850896508336,0.006605850896508336,0.006605850896508336,126722.0,67473.0,0.3051005432683643,1000.0,0.06291286568103177,put_oi_wall,16000.0,0.006605850896508336,below_price_wall
COMMODITY,CF,CF,CZCE,2701,,,,,,,16230.0,,,17000.0,16000.0,,,,17000.0,,,,,,,,264879.0,137832.0,155395845.0,,,,,,,,,,,,,,,,,,,,,,,,,,,,,,,,,,,,,,,,,,,,,,,,,,,,,,,,COMMODITY,CF,CF701,16230.0,398908.0,515812.0,3656.0,32461139000.0,-0.000134,17000.0,17000.0,0.047443006777572405,0.047443006777572405,-0.014171287738755423,0.047443006777572405,0.047443006777572405,133444.0,131435.0,0.007584595230274956,1000.0,0.061614294516327786,put_oi_wall,16000.0,-0.014171287738755423,below_price_wall
COMMODITY,CF,CF,CZCE,2703,,,,,,,16150.0,,,17600.0,15800.0,,,,17600.0,,,,,,,,28572.0,16689.0,38235785.0,,,,,,,,,,,,,,,,,,,,,,,,,,,,,,,,,,,,,,,,,,,,,,,,,,,,,,,,COMMODITY,CF,CF703,16150.0,46745.0,71845.0,4097.0,3784007800.0,-0.000137,17600.0,17600.0,0.08978328173374606,0.08978328173374606,-0.021671826625387025,0.08978328173374606,0.08978328173374606,12584.0,15988.0,-0.11913761724765505,1800.0,0.11145510835913312,put_oi_wall,15800.0,-0.021671826625387025,below_price_wall
COMMODITY,CF,CF,CZCE,2705,,,,,,,16075.0,,,18600.0,14400.0,,,,18600.0,,,,,,,,3311.0,821.0,2505035.0,,,,,,,,,,,,,,,,,,,,,,,,,,,,,,,,,,,,,,,,,,,,,,,,,,,,,,,,COMMODITY,CF,CF705,16075.0,23243.0,65733.0,4058.0,1873385800.0,-0.000126,18600.0,18600.0,0.15707620528771393,0.15707620528771393,-0.10419906687402802,0.15707620528771393,0.15707620528771393,1489.0,1822.0,-0.10057384475989127,4200.0,0.26127527216174184,put_oi_wall,14400.0,-0.10419906687402802,below_price_wall
COMMODITY,CJ,CJ,CZCE,2612,,,,,,,7270.0,,,9000.0,7000.0,,,,8000.0,,,,,,,,34050.0,17150.0,9776925.0,,,,,,,,,,,,,,,,,,,,,,,,,,,,,,,,,,,,,,,,,,,,,,,,,,,,,,,,COMMODITY,CJ,CJ612,7270.0,28175.0,28822.0,-170.0,1031909400.0,-0.000235,7000.0,7000.0,0.10041265474552952,0.23796423658872068,-0.037138927097661645,-0.037138927097661645,-0.037138927097661645,24505.0,9545.0,0.4393538913362702,2000.0,0.2751031636863824,put_oi_wall,7000.0,-0.037138927097661645,below_price_wall
COMMODITY,CJ,CJ,CZCE,2701,,,,,,,7450.0,,,9000.0,7600.0,,,,9000.0,,,,,,,,65964.0,19524.0,20640345.0,,,,,,,,,,,,,,,,,,,,,,,,,,,,,,,,,,,,,,,,,,,,,,,,,,,,,,,,COMMODITY,CJ,CJ701,7450.0,165335.0,228990.0,3794.0,6208329300.0,-0.000236,9000.0,7600.0,0.20805369127516782,0.20805369127516782,0.020134228187919545,0.20805369127516782,0.020134228187919545,48580.0,17384.0,0.47292462555333215,1400.0,0.18791946308724833,put_oi_wall,7600.0,0.020134228187919545,below_price_wall
COMMODITY,CJ,CJ,CZCE,2703,,,,,,,7510.0,,,8500.0,7000.0,,,,7400.0,,,,,,,,458.0,39.0,34880.0,,,,,,,,,,,,,,,,,,,,,,,,,,,,,,,,,,,,,,,,,,,,,,,,,,,,,,,,COMMODITY,CJ,CJ703,7510.0,18973.0,22479.0,442.0,718602400.0,-0.00025299999999999997,8400.0,7400.0,-0.01464713715046606,0.13182423435419444,-0.0679094540612517,0.118508655126498,-0.01464713715046606,294.0,164.0,0.2838427947598253,1500.0,0.19973368841544606,price_wall,7400.0,-0.01464713715046606,above_price_wall
COMMODITY,CJ,CJ,CZCE,2705,,,,,,,7630.0,,,9000.0,7100.0,,,,9000.0,,,,,,,,5526.0,344.0,356025.0,,,,,,,,,,,,,,,,,,,,,,,,,,,,,,,,,,,,,,,,,,,,,,,,,,,,,,,,COMMODITY,CJ,CJ705,7630.0,13193.0,41731.0,1509.0,507930500.0,-0.000237,9000.0,7200.0,0.17955439056356481,0.17955439056356481,-0.06946264744429886,0.17955439056356481,-0.056356487549148127,4374.0,1152.0,0.5830618892508144,1900.0,0.2490170380078637,amount_wall,7200.0,-0.056356487549148127,below_price_wall
COMMODITY,FG,FG,CZCE,2611,,,,,,,901.0,,,1000.0,900.0,,,,1000.0,,,,,,,,203641.0,313090.0,85270160.0,,,,,,,,,,,,,,,,,,,,,,,,,,,,,,,,,,,,,,,,,,,,,,,,,,,,,,,,COMMODITY,FG,FG611,901.0,245620.0,308084.0,-168.0,4475196400.0,-0.00043499999999999995,1000.0,930.0,0.10987791342952269,0.10987791342952269,-0.0011098779134295356,0.10987791342952269,0.03218645948945609,147963.0,55678.0,0.4531749500346198,100.0,0.11098779134295228,put_oi_wall,900.0,-0.0011098779134295356,below_price_wall
COMMODITY,FG,FG,CZCE,2612,,,,,,,937.0,,,1100.0,950.0,,,,950.0,,,,,,,,9288.0,21956.0,9670490.0,,,,,,,,,,,,,,,,,,,,,,,,,,,,,,,,,,,,,,,,,,,,,,,,,,,,,,,,COMMODITY,FG,FG612,937.0,136262.0,97542.0,-7644.0,2591703200.0,-0.000535,950.0,950.0,0.01387406616862319,0.17395944503735317,0.01387406616862319,0.01387406616862319,0.01387406616862319,5211.0,4077.0,0.12209302325581395,150.0,0.16008537886872998,put_oi_wall,950.0,0.01387406616862319,below_price_wall
COMMODITY,FG,FG,CZCE,2701,,,,,,,927.0,,,1480.0,980.0,,,,1000.0,,,,,,,,276800.0,136907.0,74326840.0,,,,,,,,,,,,,,,,,,,,,,,,,,,,,,,,,,,,,,,,,,,,,,,,,,,,,,,,COMMODITY,FG,FG701,927.0,1905785.0,1218162.0,63156.0,35981220000.0,-0.000579,1000.0,1000.0,0.07874865156418553,0.5965480043149947,0.057173678532901784,0.07874865156418553,0.07874865156418553,171396.0,105404.0,0.23841040462427746,500.0,0.5393743257820928,put_oi_wall,980.0,0.057173678532901784,below_price_wall
COMMODITY,FG,FG,CZCE,2702,,,,,,,963.0,,,930.0,1100.0,,,,1100.0,,,,,,,,251.0,67.0,25740.0,,,,,,,,,,,,,,,,,,,,,,,,,,,,,,,,,,,,,,,,,,,,,,,,,,,,,,,,COMMODITY,FG,FG702,963.0,43187.0,93767.0,1972.0,851647640.0,-0.000494,1140.0,1100.0,0.14226375908618905,-0.034267912772585674,0.14226375908618905,0.1838006230529594,0.14226375908618905,199.0,52.0,0.5856573705179283,-170.0,-0.17653167185877466,call_oi_wall,930.0,-0.034267912772585674,below_price_wall
COMMODITY,FG,FG,CZCE,2703,,,,,,,961.0,,,940.0,1240.0,,,,1220.0,,,,,,,,1109.0,114.0,572830.0,,,,,,,,,,,,,,,,,,,,,,,,,,,,,,,,,,,,,,,,,,,,,,,,,,,,,,,,COMMODITY,FG,FG703,961.0,104228.0,127416.0,1716.0,2044953400.0,-0.0005319999999999999,1220.0,1220.0,0.26951092611862637,-0.02185223725286156,0.29032258064516125,0.26951092611862637,0.26951092611862637,499.0,610.0,-0.10009017132551848,-300.0,-0.31217481789802287,call_oi_wall,940.0,-0.02185223725286156,below_price_wall
COMMODITY,FG,FG,CZCE,2705,,,,,,,1004.0,,,1280.0,1280.0,,,,1280.0,,,,,,,,1650.0,119.0,357670.0,,,,,,,,,,,,,,,,,,,,,,,,,,,,,,,,,,,,,,,,,,,,,,,,,,,,,,,,COMMODITY,FG,FG705,1004.0,25737.0,73861.0,1210.0,524005320.0,-0.0005369999999999999,1280.0,1240.0,0.2749003984063745,0.2749003984063745,0.2749003984063745,0.2749003984063745,0.2350597609561753,1145.0,505.0,0.3878787878787879,0.0,0.0,amount_wall,1240.0,0.2350597609561753,below_price_wall
COMMODITY,MA,MA,CZCE,2611,,,,,,,3246.0,,,3400.0,2500.0,,,,3000.0,,,,,,,,377932.0,1448178.0,1445667010.0,,,,,,,,,,,,,,,,,,,,,,,,,,,,,,,,,,,,,,,,,,,,,,,,,,,,,,,,COMMODITY,MA,MA611,3246.0,919192.0,347945.0,-7634.0,29947275000.0,-6.1000000000000005e-05,3650.0,3400.0,-0.07578558225508314,0.047443006777572405,-0.2298213185459026,0.12446087492298208,0.047443006777572405,99738.0,278194.0,-0.47219076447614916,900.0,0.27726432532347506,call_oi_wall,3400.0,0.047443006777572405,above_price_wall
COMMODITY,MA,MA,CZCE,2612,,,,,,,3122.0,,,3000.0,3000.0,,,,3000.0,,,,,,,,8170.0,692.0,974105.0,,,,,,,,,,,,,,,,,,,,,,,,,,,,,,,,,,,,,,,,,,,,,,,,,,,,,,,,COMMODITY,MA,MA612,3122.0,135892.0,158606.0,-3413.0,4267008800.0,-0.000114,2850.0,2850.0,-0.03907751441383733,-0.03907751441383733,-0.03907751441383733,-0.08712363869314543,-0.08712363869314543,2906.0,5264.0,-0.2886168910648715,0.0,0.0,call_oi_wall,3000.0,-0.03907751441383733,above_price_wall
COMMODITY,MA,MA,CZCE,2701,,,,,,,3016.0,,,3000.0,2500.0,,,,2800.0,,,,,,,,95812.0,61393.0,80117160.0,,,,,,,,,,,,,,,,,,,,,,,,,,,,,,,,,,,,,,,,,,,,,,,,,,,,,,,,COMMODITY,MA,MA701,3016.0,648274.0,610426.0,45666.0,19726978000.0,-0.00016299999999999998,2800.0,3000.0,-0.07161803713527848,-0.0053050397877983935,-0.17108753315649872,-0.07161803713527848,-0.0053050397877983935,32472.0,63340.0,-0.3221725879848036,500.0,0.16578249336870027,call_oi_wall,3000.0,-0.0053050397877983935,above_price_wall
COMMODITY,MA,MA,CZCE,2702,,,,,,,2918.0,,,3150.0,2550.0,,,,3250.0,,,,,,,,1794.0,108.0,154370.0,,,,,,,,,,,,,,,,,,,,,,,,,,,,,,,,,,,,,,,,,,,,,,,,,,,,,,,,COMMODITY,MA,MA702,2918.0,39187.0,106000.0,2550.0,1155232760.0,-0.000178,3250.0,3250.0,0.11377655928718311,0.07950651130911579,-0.12611377655928724,0.11377655928718311,0.11377655928718311,1092.0,702.0,0.21739130434782608,600.0,0.20562028786840303,call_oi_wall,3150.0,0.07950651130911579,below_price_wall
COMMODITY,MA,MA,CZCE,2703,,,,,,,2833.0,,,3000.0,2300.0,,,,3000.0,,,,,,,,2816.0,116.0,108460.0,,,,,,,,,,,,,,,,,,,,,,,,,,,,,,,,,,,,,,,,,,,,,,,,,,,,,,,,COMMODITY,MA,MA703,2833.0,35200.0,152935.0,2378.0,1007072000.0,-0.00020400000000000003,2325.0,3200.0,0.05894811154253432,0.05894811154253432,-0.1881397811507236,-0.17931521355453583,0.1295446523120367,1096.0,1720.0,-0.2215909090909091,700.0,0.24708789269325804,call_oi_wall,3000.0,0.05894811154253432,below_price_wall
COMMODITY,MA,MA,CZCE,2705,,,,,,,2717.0,,,2850.0,2400.0,,,,2850.0,,,,,,,,2329.0,42.0,70400.0,,,,,,,,,,,,,,,,,,,,,,,,,,,,,,,,,,,,,,,,,,,,,,,,,,,,,,,,COMMODITY,MA,MA705,2717.0,21147.0,66550.0,4602.0,581119560.0,-0.000241,3000.0,2850.0,0.04895104895104896,0.04895104895104896,-0.11667280088332721,0.1041589988958409,0.04895104895104896,1226.0,1103.0,0.0528123658222413,450.0,0.16562384983437614,call_oi_wall,2850.0,0.04895104895104896,below_price_wall
COMMODITY,OI,OI,CZCE,2611,,,,,,,10278.0,,,11400.0,10000.0,,,,11000.0,,,,,,,,56046.0,42970.0,27452235.0,,,,,,,,,,,,,,,,,,,,,,,,,,,,,,,,,,,,,,,,,,,,,,,,,,,,,,,,COMMODITY,OI,OI611,10278.0,73968.0,198278.0,-5933.0,7604650100.0,-4.2e-05,11000.0,10600.0,0.07024712979178838,0.10916520723876233,-0.027048063825647062,0.07024712979178838,0.0313290523448142,28828.0,27218.0,0.0287264033115655,1400.0,0.13621327106440942,put_oi_wall,10000.0,-0.027048063825647062,below_price_wall
COMMODITY,OI,OI,CZCE,2701,,,,,,,10191.0,,,10400.0,9800.0,,,,10600.0,,,,,,,,31109.0,13349.0,21837845.0,,,,,,,,,,,,,,,,,,,,,,,,,,,,,,,,,,,,,,,,,,,,,,,,,,,,,,,,COMMODITY,OI,OI701,10191.0,188755.0,285307.0,1985.0,19237910000.0,-3.4e-05,9900.0,10600.0,0.04013345108429012,0.020508291629869557,-0.03836718673339223,-0.028554607006181953,0.04013345108429012,11642.0,19467.0,-0.25153492558423607,600.0,0.0588754783632617,call_oi_wall,10400.0,0.020508291629869557,below_price_wall
COMMODITY,OI,OI,CZCE,2703,,,,,,,10070.0,,,11000.0,9100.0,,,,11000.0,,,,,,,,5366.0,2025.0,5553580.0,,,,,,,,,,,,,,,,,,,,,,,,,,,,,,,,,,,,,,,,,,,,,,,,,,,,,,,,COMMODITY,OI,OI703,10070.0,15560.0,48482.0,51.0,1568603600.0,-4e-05,11000.0,11000.0,0.09235352532274077,0.09235352532274077,-0.09632571996027806,0.09235352532274077,0.09235352532274077,1971.0,3395.0,-0.2653745806932538,1900.0,0.18867924528301888,call_oi_wall,11000.0,0.09235352532274077,below_price_wall
COMMODITY,OI,OI,CZCE,2705,,,,,,,10010.0,,,11200.0,8600.0,,,,9800.0,,,,,,,,832.0,183.0,320465.0,,,,,,,,,,,,,,,,,,,,,,,,,,,,,,,,,,,,,,,,,,,,,,,,,,,,,,,,COMMODITY,OI,OI705,10010.0,8916.0,45403.0,-561.0,893561520.0,-5.2e-05,9400.0,9800.0,-0.020979020979020935,0.11888111888111896,-0.14085914085914086,-0.060939060939060985,-0.020979020979020935,337.0,495.0,-0.18990384615384615,2600.0,0.2597402597402597,price_wall,9800.0,-0.020979020979020935,above_price_wall
COMMODITY,PF,PF,CZCE,2611,,,,,,,8334.0,,,8600.0,6900.0,,,,7900.0,,,,,,,,3473.0,2963.0,3237205.0,,,,,,,,,,,,,,,,,,,,,,,,,,,,,,,,,,,,,,,,,,,,,,,,,,,,,,,,COMMODITY,PF,PF611,8334.0,361519.0,213690.0,-2188.0,15115110000.0,2.3999999999999997e-05,8700.0,7900.0,-0.0520758339332853,0.03191744660427176,-0.17206623470122395,0.043916486681065514,-0.0520758339332853,1595.0,1878.0,-0.08148574719262885,1700.0,0.20398368130549557,call_oi_wall,8600.0,0.03191744660427176,above_price_wall
COMMODITY,PF,PF,CZCE,2612,,,,,,,8172.0,,,8800.0,7200.0,,,,8100.0,,,,,,,,1949.0,1729.0,2263628.0,,,,,,,,,,,,,,,,,,,,,,,,,,,,,,,,,,,,,,,,,,,,,,,,,,,,,,,,COMMODITY,PF,PF612,8172.0,86094.0,45940.0,-1102.0,3543629100.0,-2e-06,9000.0,8600.0,-0.008810572687224627,0.07684777288301525,-0.11894273127753308,0.1013215859030836,0.052373959862946684,1135.0,814.0,0.1646998460749102,1600.0,0.19579050416054822,price_wall,8100.0,-0.008810572687224627,above_price_wall
COMMODITY,PF,PF,CZCE,2701,,,,,,,8078.0,,,8900.0,7500.0,,,,8900.0,,,,,,,,251.0,197.0,228507.0,,,,,,,,,,,,,,,,,,,,,,,,,,,,,,,,,,,,,,,,,,,,,,,,,,,,,,,,COMMODITY,PF,PF701,8078.0,36939.0,30007.0,910.0,1505633700.0,-1.5e-05,8900.0,8900.0,0.10175786085664762,0.10175786085664762,-0.07155236444664526,0.10175786085664762,0.10175786085664762,168.0,83.0,0.3386454183266932,1400.0,0.1733102253032929,put_oi_wall,7500.0,-0.07155236444664526,below_price_wall
COMMODITY,PK,PK,CZCE,2611,,,,,,,7798.0,,,8300.0,7400.0,,,,8300.0,,,,,,,,80486.0,47387.0,19771432.0,,,,,,,,,,,,,,,,,,,,,,,,,,,,,,,,,,,,,,,,,,,,,,,,,,,,,,,,COMMODITY,PK,PK611,7798.0,117740.0,236486.0,6934.0,4602456600.0,-8.4e-05,8300.0,8300.0,0.06437548089253653,0.06437548089253653,-0.05103872787894337,0.06437548089253653,0.06437548089253653,48912.0,31574.0,0.21541634569987328,900.0,0.11541420877147987,put_oi_wall,7400.0,-0.05103872787894337,below_price_wall
COMMODITY,PK,PK,CZCE,2612,,,,,,,7882.0,,,9000.0,7600.0,,,,7600.0,,,,,,,,28587.0,13305.0,5636270.0,,,,,,,,,,,,,,,,,,,,,,,,,,,,,,,,,,,,,,,,,,,,,,,,,,,,,,,,COMMODITY,PK,PK612,7882.0,62271.0,84365.0,2720.0,2457213700.0,-5.3e-05,7600.0,8300.0,-0.03577772139051005,0.141842172037554,-0.03577772139051005,-0.03577772139051005,0.05303222532352203,16121.0,12466.0,0.12785531885122609,1400.0,0.17761989342806395,put_oi_wall,7600.0,-0.03577772139051005,above_price_wall
COMMODITY,PK,PK,CZCE,2701,,,,,,,7992.0,,,9400.0,7800.0,,,,7800.0,,,,,,,,2335.0,86.0,45253.0,,,,,,,,,,,,,,,,,,,,,,,,,,,,,,,,,,,,,,,,,,,,,,,,,,,,,,,,COMMODITY,PK,PK701,7992.0,6123.0,29064.0,1402.0,244797540.0,-4e-05,7800.0,7800.0,-0.024024024024024038,0.1761761761761762,-0.024024024024024038,-0.024024024024024038,-0.024024024024024038,682.0,1653.0,-0.4158458244111349,1600.0,0.2002002002002002,put_oi_wall,7800.0,-0.024024024024024038,above_price_wall
COMMODITY,PL,PL,CZCE,2611,,,,,,,9250.0,,,9400.0,7500.0,,,,9400.0,,,,,,,,321.0,172.0,1098380.0,,,,,,,,,,,,,,,,,,,,,,,,,,,,,,,,,,,,,,,,,,,,,,,,,,,,,,,,COMMODITY,PL,PL611,9250.0,65810.0,24043.0,471.0,12211703600.0,-4.3e-05,9400.0,9400.0,0.016216216216216273,0.016216216216216273,-0.18918918918918914,0.016216216216216273,0.016216216216216273,160.0,161.0,-0.003115264797507788,1900.0,0.20540540540540542,call_oi_wall,9400.0,0.016216216216216273,below_price_wall
COMMODITY,PL,PL,CZCE,2612,,,,,,,8809.0,,,9000.0,8000.0,,,,8000.0,,,,,,,,25.0,18.0,73300.0,,,,,,,,,,,,,,,,,,,,,,,,,,,,,,,,,,,,,,,,,,,,,,,,,,,,,,,,COMMODITY,PL,PL612,8809.0,22003.0,10754.0,-86.0,3887930200.0,-9.599999999999999e-05,8000.0,8000.0,-0.09183789306391188,0.021682370303099052,-0.09183789306391188,-0.09183789306391188,-0.09183789306391188,15.0,10.0,0.2,1000.0,0.11352026336701102,call_oi_wall,9000.0,0.021682370303099052,above_price_wall
COMMODITY,PR,PR,CZCE,2611,,,,,,,8168.0,,,8000.0,7700.0,,,,8000.0,,,,,,,,790.0,151.0,315225.0,,,,,,,,,,,,,,,,,,,,,,,,,,,,,,,,,,,,,,,,,,,,,,,,,,,,,,,,COMMODITY,PR,PR611,8168.0,119560.0,62261.0,1606.0,14734574000.0,1.7e-05,7700.0,8400.0,-0.020568070519098924,-0.020568070519098924,-0.05729676787463267,-0.05729676787463267,0.028403525954946218,498.0,292.0,0.2607594936708861,300.0,0.03672869735553379,call_oi_wall,8000.0,-0.020568070519098924,above_price_wall
COMMODITY,PR,PR,CZCE,2612,,,,,,,7992.0,,,7700.0,6700.0,,,,7400.0,,,,,,,,392.0,8.0,15249.0,,,,,,,,,,,,,,,,,,,,,,,,,,,,,,,,,,,,,,,,,,,,,,,,,,,,,,,,COMMODITY,PR,PR612,7992.0,42336.0,18813.0,321.0,5108261700.0,1.8e-05,7300.0,7400.0,-0.07407407407407407,-0.036536536536536546,-0.16166166166166163,-0.08658658658658658,-0.07407407407407407,219.0,173.0,0.11734693877551021,1000.0,0.12512512512512514,call_oi_wall,7700.0,-0.036536536536536546,above_price_wall
COMMODITY,PR,PR,CZCE,2701,,,,,,,7850.0,,,7400.0,6800.0,,,,7400.0,,,,,,,,3.0,0.0,0.0,,,,,,,,,,,,,,,,,,,,,,,,,,,,,,,,,,,,,,,,,,,,,,,,,,,,,,,,COMMODITY,PR,PR701,7850.0,14754.0,8850.0,-56.0,1744365400.0,4.9e-05,6800.0,6800.0,-0.0573248407643312,-0.0573248407643312,-0.13375796178343946,-0.13375796178343946,-0.13375796178343946,3.0,0.0,1.0,600.0,0.07643312101910828,call_oi_wall,7400.0,-0.0573248407643312,above_price_wall
COMMODITY,PX,PX,CZCE,2611,,,,,,,9366.0,,,10400.0,8500.0,,,,8500.0,,,,,,,,49709.0,91731.0,71692178.0,,,,,,,,,,,,,,,,,,,,,,,,,,,,,,,,,,,,,,,,,,,,,,,,,,,,,,,,COMMODITY,PX,PX611,9366.0,475875.0,162167.0,2408.0,22385022000.0,4e-06,8500.0,9500.0,-0.09246209694640184,0.1103993166773436,-0.09246209694640184,-0.09246209694640184,0.014307068118727395,20406.0,29303.0,-0.178981673338832,1900.0,0.20286141362374546,amount_wall,9500.0,0.014307068118727395,above_price_wall
COMMODITY,PX,PX,CZCE,2612,,,,,,,9174.0,,,8900.0,7000.0,,,,10000.0,,,,,,,,3056.0,1130.0,1927323.0,,,,,,,,,,,,,,,,,,,,,,,,,,,,,,,,,,,,,,,,,,,,,,,,,,,,,,,,COMMODITY,PX,PX612,9174.0,146772.0,51306.0,-441.0,6777931000.0,1.5e-05,10000.0,10000.0,0.09003706126008293,-0.029867015478526215,-0.23697405711794206,0.09003706126008293,0.09003706126008293,1507.0,1549.0,-0.0137434554973822,1900.0,0.20710704163941573,call_oi_wall,8900.0,-0.029867015478526215,below_price_wall
COMMODITY,PX,PX,CZCE,2701,,,,,,,9010.0,,,9200.0,7600.0,,,,9000.0,,,,,,,,1994.0,611.0,1340938.0,,,,,,,,,,,,,,,,,,,,,,,,,,,,,,,,,,,,,,,,,,,,,,,,,,,,,,,,COMMODITY,PX,PX701,9010.0,69636.0,58684.0,3778.0,3159385300.0,3.3e-05,9000.0,9000.0,-0.0011098779134295356,0.021087680355160954,-0.15649278579356274,-0.0011098779134295356,-0.0011098779134295356,1010.0,984.0,0.013039117352056168,1600.0,0.17758046614872364,price_wall,9000.0,-0.0011098779134295356,near_price_wall
COMMODITY,PX,PX,CZCE,2702,,,,,,,8868.0,,,9000.0,8700.0,,,,9000.0,,,,,,,,138.0,13.0,31901.0,,,,,,,,,,,,,,,,,,,,,,,,,,,,,,,,,,,,,,,,,,,,,,,,,,,,,,,,COMMODITY,PX,PX702,8868.0,8593.0,18850.0,1920.0,383763380.0,6.8e-05,9000.0,9000.0,0.014884979702300516,0.014884979702300516,-0.018944519621109657,0.014884979702300516,0.014884979702300516,99.0,39.0,0.43478260869565216,300.0,0.03382949932341001,call_oi_wall,9000.0,0.014884979702300516,below_price_wall
COMMODITY,RM,RM,CZCE,2611,,,,,,,2283.0,,,2650.0,2200.0,,,,2400.0,,,,,,,,128562.0,176804.0,49232485.0,,,,,,,,,,,,,,,,,,,,,,,,,,,,,,,,,,,,,,,,,,,,,,,,,,,,,,,,COMMODITY,RM,RM611,2283.0,625099.0,572612.0,-4616.0,14477293000.0,-0.000239,2400.0,2400.0,0.05124835742444156,0.16075339465615412,-0.036355672360928626,0.05124835742444156,0.05124835742444156,72886.0,55676.0,0.13386537234952786,450.0,0.19710906701708278,put_oi_wall,2200.0,-0.036355672360928626,below_price_wall
COMMODITY,RM,RM,CZCE,2701,,,,,,,2323.0,,,2650.0,2200.0,,,,2650.0,,,,,,,,85464.0,45801.0,24287195.0,,,,,,,,,,,,,,,,,,,,,,,,,,,,,,,,,,,,,,,,,,,,,,,,,,,,,,,,COMMODITY,RM,RM701,2323.0,406438.0,549210.0,5402.0,9551064800.0,-0.000194,2300.0,2475.0,0.14076625053809733,0.14076625053809733,-0.05294877313818336,-0.00990099009900991,0.0654326302195436,38049.0,47415.0,-0.10959000280819994,450.0,0.19371502367628068,volume_wall,2300.0,-0.00990099009900991,below_price_wall
COMMODITY,RM,RM,CZCE,2703,,,,,,,2305.0,,,2650.0,2050.0,,,,2050.0,,,,,,,,29475.0,20586.0,11653940.0,,,,,,,,,,,,,,,,,,,,,,,,,,,,,,,,,,,,,,,,,,,,,,,,,,,,,,,,COMMODITY,RM,RM703,2305.0,106884.0,127735.0,3627.0,2492534900.0,-0.000208,2425.0,2275.0,-0.11062906724511934,0.14967462039045554,-0.11062906724511934,0.05206073752711493,-0.013015184381778733,9181.0,20294.0,-0.37703138252756574,600.0,0.2603036876355748,amount_wall,2275.0,-0.013015184381778733,above_price_wall
COMMODITY,RM,RM,CZCE,2705,,,,,,,2354.0,,,2500.0,2050.0,,,,2500.0,,,,,,,,4135.0,126.0,74085.0,,,,,,,,,,,,,,,,,,,,,,,,,,,,,,,,,,,,,,,,,,,,,,,,,,,,,,,,COMMODITY,RM,RM705,2354.0,46590.0,96562.0,-3138.0,1109307900.0,-0.00021999999999999998,2200.0,2500.0,0.062022090059473234,0.062022090059473234,-0.1291418861512319,-0.06542056074766356,0.062022090059473234,1623.0,2512.0,-0.21499395405078597,450.0,0.1911639762107052,call_oi_wall,2500.0,0.062022090059473234,below_price_wall
COMMODITY,RM,RM,CZCE,2707,,,,,,,2346.0,,,2500.0,2025.0,,,,2500.0,,,,,,,,859.0,57.0,35900.0,,,,,,,,,,,,,,,,,,,,,,,,,,,,,,,,,,,,,,,,,,,,,,,,,,,,,,,,COMMODITY,RM,RM707,2346.0,5510.0,12291.0,153.0,130807400.0,-0.00021700000000000002,2025.0,2425.0,0.06564364876385342,0.06564364876385342,-0.13682864450127874,-0.13682864450127874,0.03367433930093777,221.0,638.0,-0.48544819557625146,475.0,0.20247229326513214,amount_wall,2425.0,0.03367433930093777,below_price_wall
COMMODITY,SA,SA,CZCE,2611,,,,,,,985.0,,,1200.0,950.0,,,,1100.0,,,,,,,,235439.0,411061.0,115211970.0,,,,,,,,,,,,,,,,,,,,,,,,,,,,,,,,,,,,,,,,,,,,,,,,,,,,,,,,COMMODITY,SA,SA611,985.0,257840.0,321412.0,-6084.0,5156800000.0,-0.000538,1100.0,1020.0,0.11675126903553301,0.218274111675127,-0.035532994923857864,0.11675126903553301,0.035532994923857864,179553.0,55886.0,0.5252613203419995,250.0,0.25380710659898476,put_oi_wall,950.0,-0.035532994923857864,below_price_wall
COMMODITY,SA,SA,CZCE,2612,,,,,,,1013.0,,,1140.0,980.0,,,,1140.0,,,,,,,,8469.0,16487.0,9381930.0,,,,,,,,,,,,,,,,,,,,,,,,,,,,,,,,,,,,,,,,,,,,,,,,,,,,,,,,COMMODITY,SA,SA612,1013.0,103601.0,139440.0,2294.0,2127964500.0,-0.000568,1140.0,1020.0,0.12537018756169793,0.12537018756169793,-0.03257650542941759,0.12537018756169793,0.006910167818361401,4958.0,3511.0,0.17085842484354705,160.0,0.1579466929911155,amount_wall,1020.0,0.006910167818361401,below_price_wall
COMMODITY,SA,SA,CZCE,2701,,,,,,,1019.0,,,1560.0,1000.0,,,,1200.0,,,,,,,,221167.0,125252.0,74204450.0,,,,,,,,,,,,,,,,,,,,,,,,,,,,,,,,,,,,,,,,,,,,,,,,,,,,,,,,COMMODITY,SA,SA701,1019.0,1895369.0,1291224.0,21427.0,39342914000.0,-0.000556,1200.0,1000.0,0.17762512266928354,0.5309126594700686,-0.018645731108930308,0.17762512266928354,-0.018645731108930308,169149.0,52018.0,0.5296043261426886,560.0,0.549558390578999,put_oi_wall,1000.0,-0.018645731108930308,below_price_wall
COMMODITY,SA,SA,CZCE,2702,,,,,,,1046.0,,,1000.0,1160.0,,,,1000.0,,,,,,,,113.0,0.0,0.0,,,,,,,,,,,,,,,,,,,,,,,,,,,,,,,,,,,,,,,,,,,,,,,,,,,,,,,,COMMODITY,SA,SA702,1046.0,39900.0,110545.0,-195.0,850668000.0,-0.000439,970.0,970.0,-0.04397705544933084,-0.04397705544933084,0.10898661567877621,-0.07265774378585088,-0.07265774378585088,68.0,45.0,0.20353982300884957,-160.0,-0.15296367112810708,call_oi_wall,1000.0,-0.04397705544933084,above_price_wall
COMMODITY,SA,SA,CZCE,2703,,,,,,,1050.0,,,1300.0,1220.0,,,,1140.0,,,,,,,,1440.0,13.0,18550.0,,,,,,,,,,,,,,,,,,,,,,,,,,,,,,,,,,,,,,,,,,,,,,,,,,,,,,,,COMMODITY,SA,SA703,1050.0,121237.0,142005.0,-1075.0,2592047100.0,-0.000489,1140.0,1140.0,0.08571428571428563,0.23809523809523814,0.161904761904762,0.08571428571428563,0.08571428571428563,667.0,773.0,-0.07361111111111111,80.0,0.0761904761904762,price_wall,1140.0,0.08571428571428563,below_price_wall
COMMODITY,SA,SA,CZCE,2705,,,,,,,1077.0,,,1400.0,1060.0,,,,1400.0,,,,,,,,6503.0,408.0,305050.0,,,,,,,,,,,,,,,,,,,,,,,,,,,,,,,,,,,,,,,,,,,,,,,,,,,,,,,,COMMODITY,SA,SA705,1077.0,68281.0,148877.0,-11845.0,1488525800.0,-0.000511,1400.0,1400.0,0.2999071494893222,0.2999071494893222,-0.01578458681522743,0.2999071494893222,0.2999071494893222,5710.0,793.0,0.7561125634322621,340.0,0.31569173630454966,put_oi_wall,1060.0,-0.01578458681522743,below_price_wall
COMMODITY,SA,SA,CZCE,2706,,,,,,,1092.0,,,1060.0,1240.0,,,,1000.0,,,,,,,,118.0,73.0,212090.0,,,,,,,,,,,,,,,,,,,,,,,,,,,,,,,,,,,,,,,,,,,,,,,,,,,,,,,,COMMODITY,SA,SA706,1092.0,4435.0,7596.0,-2472.0,97303900.0,-0.000455,1000.0,1000.0,-0.08424908424908428,-0.02930402930402931,0.1355311355311355,-0.08424908424908428,-0.08424908424908428,67.0,51.0,0.13559322033898305,-180.0,-0.16483516483516483,call_oi_wall,1060.0,-0.02930402930402931,above_price_wall
COMMODITY,SA,SA,CZCE,2707,,,,,,,1091.0,,,1280.0,1220.0,,,,1020.0,,,,,,,,211.0,39.0,103670.0,,,,,,,,,,,,,,,,,,,,,,,,,,,,,,,,,,,,,,,,,,,,,,,,,,,,,,,,COMMODITY,SA,SA707,1091.0,4459.0,13707.0,-2144.0,97741280.0,-0.000421,1020.0,1020.0,-0.06507791017415221,0.17323556370302473,0.11824014665444538,-0.06507791017415221,-0.06507791017415221,126.0,85.0,0.1943127962085308,60.0,0.054995417048579284,price_wall,1020.0,-0.06507791017415221,above_price_wall
COMMODITY,SF,SF,CZCE,2611,,,,,,,6028.0,,,6800.0,6000.0,,,,6200.0,,,,,,,,81204.0,93443.0,36262070.0,,,,,,,,,,,,,,,,,,,,,,,,,,,,,,,,,,,,,,,,,,,,,,,,,,,,,,,,COMMODITY,SF,SF611,6028.0,424417.0,333495.0,-16912.0,12923497500.0,-0.000105,6100.0,6100.0,0.028533510285335018,0.12806901128069015,-0.004644990046449915,0.011944260119442607,0.011944260119442607,50752.0,30452.0,0.24998768533569776,800.0,0.13271400132714,put_oi_wall,6000.0,-0.004644990046449915,below_price_wall
COMMODITY,SF,SF,CZCE,2612,,,,,,,5992.0,,,6400.0,5400.0,,,,6400.0,,,,,,,,11579.0,6499.0,3843845.0,,,,,,,,,,,,,,,,,,,,,,,,,,,,,,,,,,,,,,,,,,,,,,,,,,,,,,,,COMMODITY,SF,SF612,5992.0,81902.0,62085.0,-2439.0,2475897500.0,-0.000112,5400.0,6200.0,0.06809078771695587,0.06809078771695587,-0.09879839786381839,-0.09879839786381839,0.03471295060080104,5668.0,5911.0,-0.020986268244235252,1000.0,0.16688918558077437,amount_wall,6200.0,0.03471295060080104,below_price_wall
COMMODITY,SF,SF,CZCE,2701,,,,,,,5974.0,,,5900.0,5700.0,,,,5900.0,,,,,,,,5035.0,4145.0,2195835.0,,,,,,,,,,,,,,,,,,,,,,,,,,,,,,,,,,,,,,,,,,,,,,,,,,,,,,,,COMMODITY,SF,SF701,5974.0,84415.0,113822.0,1936.0,2545956400.0,-0.000106,6400.0,5900.0,-0.01238701037830603,-0.01238701037830603,-0.045865416806160075,0.07130900569132903,-0.01238701037830603,3039.0,1996.0,0.20714995034756703,200.0,0.03347840642785403,call_oi_wall,5900.0,-0.01238701037830603,above_price_wall
COMMODITY,SF,SF,CZCE,2702,,,,,,,5928.0,,,7000.0,5500.0,,,,5900.0,,,,,,,,398.0,161.0,106950.0,,,,,,,,,,,,,,,,,,,,,,,,,,,,,,,,,,,,,,,,,,,,,,,,,,,,,,,,COMMODITY,SF,SF702,5928.0,4258.0,35964.0,-78.0,127186460.0,-8.4e-05,5900.0,5900.0,-0.004723346828609976,0.18083670715249656,-0.0721997300944669,-0.004723346828609976,-0.004723346828609976,244.0,154.0,0.22613065326633167,1500.0,0.25303643724696356,price_wall,5900.0,-0.004723346828609976,near_price_wall
COMMODITY,SH,SH,CZCE,2611,,,,,,,1890.0,,,2200.0,1800.0,,,,2000.0,,,,,,,,80018.0,94153.0,65687370.0,,,,,,,,,,,,,,,,,,,,,,,,,,,,,,,,,,,,,,,,,,,,,,,,,,,,,,,,COMMODITY,SH,SH611,1890.0,572083.0,208264.0,-4055.0,32711706000.0,-0.000391,2000.0,2000.0,0.05820105820105814,0.16402116402116396,-0.04761904761904767,0.05820105820105814,0.05820105820105814,59467.0,20551.0,0.4863405733709915,400.0,0.21164021164021163,put_oi_wall,1800.0,-0.04761904761904767,below_price_wall
COMMODITY,SH,SH,CZCE,2612,,,,,,,1977.0,,,2120.0,1780.0,,,,2120.0,,,,,,,,5534.0,1509.0,2288940.0,,,,,,,,,,,,,,,,,,,,,,,,,,,,,,,,,,,,,,,,,,,,,,,,,,,,,,,,COMMODITY,SH,SH612,1977.0,78228.0,32509.0,604.0,4677252000.0,-0.000275,2120.0,2120.0,0.07233181588265047,0.07233181588265047,-0.09964592817400098,0.07233181588265047,0.07233181588265047,2502.0,3032.0,-0.09577159378388146,340.0,0.1719777440566515,call_oi_wall,2120.0,0.07233181588265047,below_price_wall
COMMODITY,SH,SH,CZCE,2701,,,,,,,1997.0,,,2640.0,1900.0,,,,2200.0,,,,,,,,12441.0,4767.0,8099070.0,,,,,,,,,,,,,,,,,,,,,,,,,,,,,,,,,,,,,,,,,,,,,,,,,,,,,,,,COMMODITY,SH,SH701,1997.0,74983.0,71268.0,1809.0,4541720400.0,-0.000315,2200.0,2200.0,0.10165247871807703,0.32198297446169244,-0.0485728592889334,0.10165247871807703,0.10165247871807703,7387.0,5054.0,0.18752511855960133,740.0,0.37055583375062595,put_oi_wall,1900.0,-0.0485728592889334,below_price_wall
COMMODITY,SH,SH,CZCE,2702,,,,,,,2045.0,,,2360.0,1860.0,,,,2360.0,,,,,,,,122.0,68.0,96600.0,,,,,,,,,,,,,,,,,,,,,,,,,,,,,,,,,,,,,,,,,,,,,,,,,,,,,,,,COMMODITY,SH,SH702,2045.0,2865.0,16154.0,933.0,178088400.0,-0.00029,2360.0,2360.0,0.15403422982885084,0.15403422982885084,-0.09046454767726164,0.15403422982885084,0.15403422982885084,31.0,91.0,-0.4918032786885246,500.0,0.24449877750611246,put_oi_wall,1860.0,-0.09046454767726164,below_price_wall
COMMODITY,SM,SM,CZCE,2611,,,,,,,5794.0,,,6100.0,5800.0,,,,5900.0,,,,,,,,67265.0,55309.0,14864140.0,,,,,,,,,,,,,,,,,,,,,,,,,,,,,,,,,,,,,,,,,,,,,,,,,,,,,,,,COMMODITY,SM,SM611,5794.0,247473.0,278008.0,9994.0,7196515000.0,-8.9e-05,5900.0,5900.0,0.018294787711425675,0.05281325509147394,0.0010355540214015413,0.018294787711425675,0.018294787711425675,36615.0,30650.0,0.0886791050323348,300.0,0.05177770107007249,put_oi_wall,5800.0,0.0010355540214015413,below_price_wall
COMMODITY,SM,SM,CZCE,2612,,,,,,,5808.0,,,6000.0,5800.0,,,,6000.0,,,,,,,,6050.0,1788.0,570530.0,,,,,,,,,,,,,,,,,,,,,,,,,,,,,,,,,,,,,,,,,,,,,,,,,,,,,,,,COMMODITY,SM,SM612,5808.0,76023.0,47436.0,2535.0,2213789800.0,-7.2e-05,6500.0,5900.0,0.03305785123966931,0.03305785123966931,-0.0013774104683195176,0.11914600550964183,0.015840220385674897,3507.0,2543.0,0.15933884297520662,200.0,0.03443526170798898,put_oi_wall,5800.0,-0.0013774104683195176,below_price_wall
COMMODITY,SM,SM,CZCE,2701,,,,,,,5814.0,,,6200.0,5800.0,,,,6200.0,,,,,,,,17987.0,3278.0,1609025.0,,,,,,,,,,,,,,,,,,,,,,,,,,,,,,,,,,,,,,,,,,,,,,,,,,,,,,,,COMMODITY,SM,SM701,5814.0,97309.0,240562.0,11427.0,2837530500.0,-8.9e-05,5600.0,5800.0,0.06639146886824898,0.06639146886824898,-0.002407980736154114,-0.03680770553835566,-0.002407980736154114,14041.0,3946.0,0.5612386723744927,400.0,0.06879944960440317,put_oi_wall,5800.0,-0.002407980736154114,below_price_wall
COMMODITY,SM,SM,CZCE,2702,,,,,,,5822.0,,,6500.0,5700.0,,,,5700.0,,,,,,,,405.0,26.0,8785.0,,,,,,,,,,,,,,,,,,,,,,,,,,,,,,,,,,,,,,,,,,,,,,,,,,,,,,,,COMMODITY,SM,SM702,5822.0,7173.0,26921.0,1517.0,209308140.0,-8.5e-05,6400.0,5700.0,-0.020954998282377235,0.1164548265200962,-0.020954998282377235,0.09927859841978703,-0.020954998282377235,267.0,138.0,0.31851851851851853,800.0,0.13740982480247338,put_oi_wall,5700.0,-0.020954998282377235,above_price_wall
COMMODITY,SM,SM,CZCE,2705,,,,,,,5866.0,,,6300.0,5600.0,,,,6300.0,,,,,,,,5187.0,99.0,50420.0,,,,,,,,,,,,,,,,,,,,,,,,,,,,,,,,,,,,,,,,,,,,,,,,,,,,,,,,COMMODITY,SM,SM705,5866.0,2477.0,12686.0,52.0,72699950.0,-5.4000000000000005e-05,6300.0,6300.0,0.07398568019093088,0.07398568019093088,-0.04534606205250602,0.07398568019093088,0.07398568019093088,4806.0,381.0,0.8530942741469058,700.0,0.11933174224343675,put_oi_wall,5600.0,-0.04534606205250602,below_price_wall
COMMODITY,SR,SR,CZCE,2611,,,,,,,5227.0,,,5500.0,5100.0,,,,5200.0,,,,,,,,200187.0,116604.0,41080165.0,,,,,,,,,,,,,,,,,,,,,,,,,,,,,,,,,,,,,,,,,,,,,,,,,,,,,,,,COMMODITY,SR,SR611,5227.0,135231.0,195665.0,-607.0,7076638200.0,-7.2e-05,5200.0,5200.0,-0.00516548689496843,0.0522288119380141,-0.02429691983929594,-0.00516548689496843,-0.00516548689496843,136627.0,63560.0,0.3649937308616444,400.0,0.07652573177731012,price_wall,5200.0,-0.00516548689496843,above_price_wall
COMMODITY,SR,SR,CZCE,2701,,,,,,,5387.0,,,6300.0,5300.0,,,,5600.0,,,,,,,,320474.0,93142.0,67730205.0,,,,,,,,,,,,,,,,,,,,,,,,,,,,,,,,,,,,,,,,,,,,,,,,,,,,,,,,COMMODITY,SR,SR701,5387.0,559668.0,617091.0,-20268.0,30194089000.0,-0.00010999999999999999,6300.0,5400.0,0.03953963244848713,0.16948208650454788,-0.01614999071839618,0.16948208650454788,0.0024132170038981826,236451.0,84023.0,0.47563296866516475,1000.0,0.18563207722294411,amount_wall,5400.0,0.0024132170038981826,below_price_wall
COMMODITY,SR,SR,CZCE,2703,,,,,,,5424.0,,,6100.0,5100.0,,,,6100.0,,,,,,,,18717.0,11764.0,14027620.0,,,,,,,,,,,,,,,,,,,,,,,,,,,,,,,,,,,,,,,,,,,,,,,,,,,,,,,,COMMODITY,SR,SR703,5424.0,93897.0,96437.0,1444.0,5100485000.0,-0.00010800000000000001,5800.0,5800.0,0.12463126843657824,0.12463126843657824,-0.05973451327433632,0.06932153392330376,0.06932153392330376,9960.0,8757.0,0.06427312069241865,1000.0,0.18436578171091444,put_oi_wall,5100.0,-0.05973451327433632,below_price_wall
COMMODITY,SR,SR,CZCE,2705,,,,,,,5464.0,,,6000.0,5100.0,,,,6000.0,,,,,,,,6737.0,360.0,297145.0,,,,,,,,,,,,,,,,,,,,,,,,,,,,,,,,,,,,,,,,,,,,,,,,,,,,,,,,COMMODITY,SR,SR705,5464.0,60460.0,123129.0,-3699.0,3307162000.0,-0.000101,6000.0,6000.0,0.0980966325036603,0.0980966325036603,-0.06661786237188871,0.0980966325036603,0.0980966325036603,4612.0,2125.0,0.3691554104200683,900.0,0.16471449487554904,put_oi_wall,5100.0,-0.06661786237188871,below_price_wall
COMMODITY,SR,SR,CZCE,2707,,,,,,,5498.0,,,5600.0,5200.0,,,,5600.0,,,,,,,,1110.0,67.0,122070.0,,,,,,,,,,,,,,,,,,,,,,,,,,,,,,,,,,,,,,,,,,,,,,,,,,,,,,,,COMMODITY,SR,SR707,5498.0,4478.0,8450.0,-498.0,246379560.0,-0.000103,5500.0,5500.0,0.018552200800290963,0.018552200800290963,-0.05420152782830123,0.00036376864314302537,0.00036376864314302537,781.0,329.0,0.4072072072072072,400.0,0.07275372862859221,volume_wall,5500.0,0.00036376864314302537,below_price_wall
COMMODITY,TA,TA,CZCE,2611,,,,,,,6592.0,,,6800.0,6000.0,,,,6000.0,,,,,,,,97217.0,513287.0,420873076.0,,,,,,,,,,,,,,,,,,,,,,,,,,,,,,,,,,,,,,,,,,,,,,,,,,,,,,,,COMMODITY,TA,TA611,6592.0,510905.0,558080.0,7313.0,16818993000.0,0.00017,7000.0,7000.0,-0.0898058252427184,0.031553398058252524,-0.0898058252427184,0.061893203883495174,0.061893203883495174,35065.0,62152.0,-0.278624108952138,800.0,0.12135922330097088,call_oi_wall,6800.0,0.031553398058252524,above_price_wall
COMMODITY,TA,TA,CZCE,2612,,,,,,,6472.0,,,7000.0,4800.0,,,,7000.0,,,,,,,,2526.0,675.0,691760.0,,,,,,,,,,,,,,,,,,,,,,,,,,,,,,,,,,,,,,,,,,,,,,,,,,,,,,,,COMMODITY,TA,TA612,6472.0,135621.0,142120.0,-252.0,4399545300.0,0.000113,7000.0,7000.0,0.08158220024721885,0.08158220024721885,-0.2583436341161929,0.08158220024721885,0.08158220024721885,1383.0,1143.0,0.09501187648456057,2200.0,0.3399258343634116,call_oi_wall,7000.0,0.08158220024721885,below_price_wall
COMMODITY,TA,TA,CZCE,2701,,,,,,,6352.0,,,7400.0,5500.0,,,,7400.0,,,,,,,,89794.0,85470.0,96548631.0,,,,,,,,,,,,,,,,,,,,,,,,,,,,,,,,,,,,,,,,,,,,,,,,,,,,,,,,COMMODITY,TA,TA701,6352.0,2256406.0,1177539.0,38898.0,72159865000.0,6.3e-05,7400.0,6500.0,0.16498740554156166,0.16498740554156166,-0.13413098236775822,0.16498740554156166,0.023299748110831242,44996.0,44798.0,0.0022050471078245764,1900.0,0.2991183879093199,amount_wall,6500.0,0.023299748110831242,below_price_wall
COMMODITY,TA,TA,CZCE,2702,,,,,,,6234.0,,,6800.0,5800.0,,,,6600.0,,,,,,,,491.0,267.0,394690.0,,,,,,,,,,,,,,,,,,,,,,,,,,,,,,,,,,,,,,,,,,,,,,,,,,,,,,,,COMMODITY,TA,TA702,6234.0,43084.0,116890.0,1673.0,1350683400.0,8.4e-05,6600.0,6600.0,0.05871029836381125,0.09079242861726011,-0.06961822264998396,0.05871029836381125,0.05871029836381125,294.0,197.0,0.1975560081466395,1000.0,0.16041065126724416,price_wall,6600.0,0.05871029836381125,below_price_wall
COMMODITY,TA,TA,CZCE,2703,,,,,,,6140.0,,,6300.0,4650.0,,,,6700.0,,,,,,,,1649.0,181.0,127727.0,,,,,,,,,,,,,,,,,,,,,,,,,,,,,,,,,,,,,,,,,,,,,,,,,,,,,,,,COMMODITY,TA,TA703,6140.0,57323.0,192813.0,-665.0,1770134300.0,6.6e-05,6700.0,6700.0,0.0912052117263844,0.026058631921824116,-0.24267100977198697,0.0912052117263844,0.0912052117263844,566.0,1083.0,-0.3135233474833232,1650.0,0.2687296416938111,call_oi_wall,6300.0,0.026058631921824116,below_price_wall
COMMODITY,TA,TA,CZCE,2705,,,,,,,6014.0,,,6100.0,4900.0,,,,5900.0,,,,,,,,1272.0,24.0,47293.0,,,,,,,,,,,,,,,,,,,,,,,,,,,,,,,,,,,,,,,,,,,,,,,,,,,,,,,,COMMODITY,TA,TA705,6014.0,38757.0,116529.0,2617.0,1172399250.0,3e-05,6400.0,5900.0,-0.018955769870302674,0.01429996674426337,-0.18523445294313268,0.06418357166611233,-0.018955769870302674,952.0,320.0,0.4968553459119497,1200.0,0.19953441968739608,call_oi_wall,6100.0,0.01429996674426337,above_price_wall
COMMODITY,UR,UR,CZCE,2611,,,,,,,1789.0,,,1900.0,1760.0,,,,1900.0,,,,,,,,45397.0,43433.0,15673100.0,,,,,,,,,,,,,,,,,,,,,,,,,,,,,,,,,,,,,,,,,,,,,,,,,,,,,,,,COMMODITY,UR,UR611,1789.0,33167.0,87687.0,1006.0,1192021980.0,5.999999999999999e-06,1900.0,1800.0,0.0620458356623812,0.0620458356623812,-0.0162101732811627,0.0620458356623812,0.0061486864169928435,27368.0,18029.0,0.20571843954446328,140.0,0.07825600894354388,amount_wall,1800.0,0.0061486864169928435,below_price_wall
COMMODITY,UR,UR,CZCE,2612,,,,,,,1793.0,,,1960.0,1740.0,,,,1960.0,,,,,,,,2848.0,2396.0,634780.0,,,,,,,,,,,,,,,,,,,,,,,,,,,,,,,,,,,,,,,,,,,,,,,,,,,,,,,,COMMODITY,UR,UR612,1793.0,11917.0,35901.0,401.0,429012000.0,3.4e-05,1940.0,1940.0,0.09313998884551022,0.09313998884551022,-0.029559397657557218,0.08198549916341324,0.08198549916341324,1730.0,1118.0,0.2148876404494382,220.0,0.12269938650306748,put_oi_wall,1740.0,-0.029559397657557218,below_price_wall
COMMODITY,UR,UR,CZCE,2701,,,,,,,1799.0,,,1900.0,1760.0,,,,1900.0,,,,,,,,58457.0,15527.0,8941560.0,,,,,,,,,,,,,,,,,,,,,,,,,,,,,,,,,,,,,,,,,,,,,,,,,,,,,,,,COMMODITY,UR,UR701,1799.0,208326.0,251938.0,1569.0,7524735200.0,2.2000000000000003e-05,1900.0,1900.0,0.05614230127848807,0.05614230127848807,-0.021678710394663736,0.05614230127848807,0.05614230127848807,33366.0,25091.0,0.14155704192825497,140.0,0.07782101167315175,put_oi_wall,1760.0,-0.021678710394663736,below_price_wall
COMMODITY,UR,UR,CZCE,2702,,,,,,,1790.0,,,2000.0,1620.0,,,,1900.0,,,,,,,,231.0,46.0,79290.0,,,,,,,,,,,,,,,,,,,,,,,,,,,,,,,,,,,,,,,,,,,,,,,,,,,,,,,,COMMODITY,UR,UR702,1790.0,6229.0,29155.0,1096.0,223870260.0,1.7e-05,1860.0,1900.0,0.06145251396648055,0.11731843575418988,-0.0949720670391061,0.03910614525139655,0.06145251396648055,140.0,91.0,0.21212121212121213,380.0,0.2122905027932961,volume_wall,1860.0,0.03910614525139655,below_price_wall
COMMODITY,UR,UR,CZCE,2703,,,,,,,1834.0,,,2000.0,1620.0,,,,1620.0,,,,,,,,963.0,15.0,4500.0,,,,,,,,,,,,,,,,,,,,,,,,,,,,,,,,,,,,,,,,,,,,,,,,,,,,,,,,COMMODITY,UR,UR703,1834.0,6156.0,35930.0,710.0,226540800.0,1.1000000000000001e-05,1560.0,1740.0,-0.11668484187568162,0.09051254089422023,-0.11668484187568162,-0.14940021810250814,-0.05125408942202836,412.0,551.0,-0.14434060228452752,380.0,0.20719738276990185,amount_wall,1740.0,-0.05125408942202836,above_price_wall
COMMODITY,UR,UR,CZCE,2705,,,,,,,1836.0,,,2000.0,1620.0,,,,1620.0,,,,,,,,289.0,3.0,960.0,,,,,,,,,,,,,,,,,,,,,,,,,,,,,,,,,,,,,,,,,,,,,,,,,,,,,,,,COMMODITY,UR,UR705,1836.0,3020.0,15330.0,220.0,111256800.0,1.1000000000000001e-05,1640.0,1640.0,-0.11764705882352944,0.08932461873638342,-0.11764705882352944,-0.10675381263616557,-0.10675381263616557,67.0,222.0,-0.5363321799307958,380.0,0.20697167755991286,call_oi_wall,2000.0,0.08932461873638342,above_price_wall
COMMODITY,ZC,ZC,CZCE,2611,,,,,,,,,,560.0,560.0,,,,560.0,,,,,,,,0.0,0.0,0.0,,,,,,,,,,,,,,,,,,,,,,,,,,,,,,,,,,,,,,,,,,,,,,,,,,,,,,,,COMMODITY,ZC,,,,,,,,560.0,560.0,,,,,,0.0,0.0,,0.0,,,,,unavailable
COMMODITY,ZC,ZC,CZCE,2612,,,,,,,,,,560.0,560.0,,,,560.0,,,,,,,,0.0,0.0,0.0,,,,,,,,,,,,,,,,,,,,,,,,,,,,,,,,,,,,,,,,,,,,,,,,,,,,,,,,COMMODITY,ZC,,,,,,,,560.0,560.0,,,,,,0.0,0.0,,0.0,,,,,unavailable
COMMODITY,a,a,DCE,2611,,,,,,,5028.0,,,5300.0,4800.0,,,,5300.0,,,,,,,,148547.0,99007.0,63607780.0,,,,,,,,,,,,,,,,,,,,,,,,,,,,,,,,,,,,,,,,,,,,,,,,,,,,,,,,COMMODITY,a,a2611,5028.0,262530.0,339216.0,-10120.0,13258054400.0,-0.00017,5600.0,5000.0,0.05409705648369134,0.05409705648369134,-0.04534606205250602,0.11376292760540974,-0.005568814638027053,70325.0,78222.0,-0.05316162561344221,500.0,0.09944311853619729,amount_wall,5000.0,-0.005568814638027053,below_price_wall
COMMODITY,a,a,DCE,2701,,,,,,,5069.0,,,5600.0,4750.0,,,,5600.0,,,,,,,,36013.0,18137.0,15274485.0,,,,,,,,,,,,,,,,,,,,,,,,,,,,,,,,,,,,,,,,,,,,,,,,,,,,,,,,COMMODITY,a,a2701,5069.0,100041.0,167978.0,-2157.0,5096737300.0,-0.00015900000000000002,4800.0,5200.0,0.10475438942592219,0.10475438942592219,-0.06293154468336948,-0.05306766620635239,0.025843361609785065,14078.0,21935.0,-0.2181712159497959,850.0,0.16768593410929178,amount_wall,5200.0,0.025843361609785065,below_price_wall
COMMODITY,a,a,DCE,2703,,,,,,,5100.0,,,5200.0,4700.0,,,,5200.0,,,,,,,,6254.0,697.0,883570.0,,,,,,,,,,,,,,,,,,,,,,,,,,,,,,,,,,,,,,,,,,,,,,,,,,,,,,,,COMMODITY,a,a2703,5100.0,25343.0,82576.0,508.0,1298049480.0,-0.000128,5800.0,5800.0,0.019607843137254832,0.019607843137254832,-0.07843137254901966,0.13725490196078427,0.13725490196078427,4721.0,1533.0,0.5097537575951391,500.0,0.09803921568627451,call_oi_wall,5200.0,0.019607843137254832,below_price_wall
COMMODITY,a,a,DCE,2705,,,,,,,5247.0,,,5600.0,4700.0,,,,4700.0,,,,,,,,268.0,5.0,4170.0,,,,,,,,,,,,,,,,,,,,,,,,,,,,,,,,,,,,,,,,,,,,,,,,,,,,,,,,COMMODITY,a,a2705,5247.0,11857.0,53505.0,0.0,624643850.0,-0.000124,4700.0,5400.0,-0.1042500476462741,0.06727653897465213,-0.1042500476462741,-0.1042500476462741,0.029159519725557415,171.0,97.0,0.27611940298507465,900.0,0.17152658662092624,amount_wall,5400.0,0.029159519725557415,above_price_wall
COMMODITY,a,a,DCE,2707,,,,,,,5273.0,,,5800.0,4300.0,,,,6000.0,,,,,,,,50.0,4.0,3440.0,,,,,,,,,,,,,,,,,,,,,,,,,,,,,,,,,,,,,,,,,,,,,,,,,,,,,,,,COMMODITY,a,a2707,5273.0,5030.0,36883.0,887.0,266443620.0,-0.000125,6000.0,6000.0,0.13787217902522286,0.09994310639104875,-0.18452493836525696,0.13787217902522286,0.13787217902522286,44.0,6.0,0.76,1500.0,0.2844680447563057,call_oi_wall,5800.0,0.09994310639104875,below_price_wall
COMMODITY,b,b,DCE,2610,,,,,,,4023.0,,,4200.0,3850.0,,,,4100.0,,,,,,,,82170.0,215592.0,23503555.0,,,,,,,,,,,,,,,,,,,,,,,,,,,,,,,,,,,,,,,,,,,,,,,,,,,,,,,,COMMODITY,b,b2610,4023.0,20059.0,53703.0,-2387.0,812398090.0,-0.000161,4000.0,4050.0,0.019139945314441853,0.04399701715137949,-0.04300273427790202,-0.005717126522495675,0.006711409395973256,46851.0,35319.0,0.14034319094560058,350.0,0.08699975142928162,volume_wall,4000.0,-0.005717126522495675,below_price_wall
COMMODITY,b,b,DCE,2611,,,,,,,4074.0,,,4300.0,3900.0,,,,4300.0,,,,,,,,18264.0,23209.0,14687740.0,,,,,,,,,,,,,,,,,,,,,,,,,,,,,,,,,,,,,,,,,,,,,,,,,,,,,,,,COMMODITY,b,b2611,4074.0,211446.0,191411.0,-6086.0,8684426400.0,-0.000202,4100.0,4100.0,0.055473735886107045,0.055473735886107045,-0.04270986745213545,0.006381934216985741,0.006381934216985741,9789.0,8475.0,0.07194480946123522,400.0,0.09818360333824251,volume_wall,4100.0,0.006381934216985741,below_price_wall
COMMODITY,b,b,DCE,2612,,,,,,,4120.0,,,4300.0,3200.0,,,,3200.0,,,,,,,,222.0,0.0,0.0,,,,,,,,,,,,,,,,,,,,,,,,,,,,,,,,,,,,,,,,,,,,,,,,,,,,,,,,COMMODITY,b,b2612,4120.0,8096.0,59010.0,373.0,336134020.0,-0.000195,3200.0,3200.0,-0.22330097087378642,0.043689320388349495,-0.22330097087378642,-0.22330097087378642,-0.22330097087378642,102.0,120.0,-0.08108108108108109,1100.0,0.2669902912621359,call_oi_wall,4300.0,0.043689320388349495,above_price_wall
COMMODITY,b,b,DCE,2701,,,,,,,4127.0,,,4150.0,3700.0,,,,4050.0,,,,,,,,432.0,23.0,21625.0,,,,,,,,,,,,,,,,,,,,,,,,,,,,,,,,,,,,,,,,,,,,,,,,,,,,,,,,COMMODITY,b,b2701,4127.0,24711.0,40889.0,-3164.0,1026242060.0,-0.000178,4050.0,4050.0,-0.01865762054761333,0.0055730554882480465,-0.1034649866731282,-0.01865762054761333,-0.01865762054761333,81.0,351.0,-0.625,450.0,0.1090380421613763,call_oi_wall,4150.0,0.0055730554882480465,above_price_wall
COMMODITY,b,b,DCE,2702,,,,,,,4116.0,,,3600.0,3900.0,,,,3600.0,,,,,,,,25.0,0.0,0.0,,,,,,,,,,,,,,,,,,,,,,,,,,,,,,,,,,,,,,,,,,,,,,,,,,,,,,,,COMMODITY,b,b2702,4116.0,4058.0,36784.0,1072.0,168186750.0,-0.000172,3100.0,3100.0,-0.12536443148688048,-0.12536443148688048,-0.05247813411078717,-0.2468415937803693,-0.2468415937803693,13.0,12.0,0.04,-300.0,-0.0728862973760933,put_oi_wall,3900.0,-0.05247813411078717,above_price_wall
COMMODITY,b,b,DCE,2703,,,,,,,4059.0,,,4400.0,3300.0,,,,4400.0,,,,,,,,14.0,0.0,0.0,,,,,,,,,,,,,,,,,,,,,,,,,,,,,,,,,,,,,,,,,,,,,,,,,,,,,,,,COMMODITY,b,b2703,4059.0,363.0,2216.0,-14.0,14839070.0,-0.000193,3300.0,3300.0,0.08401084010840099,0.08401084010840099,-0.1869918699186992,-0.1869918699186992,-0.1869918699186992,14.0,0.0,1.0,1100.0,0.27100271002710025,call_oi_wall,4400.0,0.08401084010840099,below_price_wall
COMMODITY,b,b,DCE,2704,,,,,,,3907.0,,,4100.0,3200.0,,,,4100.0,,,,,,,,99.0,0.0,0.0,,,,,,,,,,,,,,,,,,,,,,,,,,,,,,,,,,,,,,,,,,,,,,,,,,,,,,,,COMMODITY,b,b2704,3907.0,86.0,1236.0,-38.0,3382470.0,-0.000186,3200.0,3200.0,0.04939851548502694,0.04939851548502694,-0.18095725620680825,-0.18095725620680825,-0.18095725620680825,99.0,0.0,1.0,900.0,0.23035577169183516,call_oi_wall,4100.0,0.04939851548502694,below_price_wall
COMMODITY,b,b,DCE,2705,,,,,,,3806.0,,,4200.0,3400.0,,,,3800.0,,,,,,,,106.0,1.0,1370.0,,,,,,,,,,,,,,,,,,,,,,,,,,,,,,,,,,,,,,,,,,,,,,,,,,,,,,,,COMMODITY,b,b2705,3806.0,4900.0,16341.0,1174.0,187668580.0,-0.000173,3800.0,3800.0,-0.0015764582238571023,0.10352075669994742,-0.10667367314766163,-0.0015764582238571023,-0.0015764582238571023,55.0,51.0,0.03773584905660377,800.0,0.21019442984760903,price_wall,3800.0,-0.0015764582238571023,near_price_wall
COMMODITY,b,b,DCE,2706,,,,,,,3754.0,,,3600.0,3400.0,,,,3600.0,,,,,,,,15.0,0.0,0.0,,,,,,,,,,,,,,,,,,,,,,,,,,,,,,,,,,,,,,,,,,,,,,,,,,,,,,,,COMMODITY,b,b2706,3754.0,108.0,692.0,-57.0,4078770.0,-0.00019099999999999998,3100.0,3100.0,-0.0410229088971763,-0.0410229088971763,-0.09429941395844432,-0.17421417155034624,-0.17421417155034624,14.0,1.0,0.8666666666666667,200.0,0.05327650506126798,call_oi_wall,3600.0,-0.0410229088971763,above_price_wall
COMMODITY,b,b,DCE,2707,,,,,,,3755.0,,,3700.0,3300.0,,,,3400.0,,,,,,,,19.0,0.0,0.0,,,,,,,,,,,,,,,,,,,,,,,,,,,,,,,,,,,,,,,,,,,,,,,,,,,,,,,,COMMODITY,b,b2707,3755.0,149.0,1529.0,-3.0,5628460.0,-0.00017,3200.0,3200.0,-0.09454061251664447,-0.01464713715046606,-0.12117177097203724,-0.14780292942743012,-0.14780292942743012,8.0,11.0,-0.15789473684210525,400.0,0.10652463382157124,call_oi_wall,3700.0,-0.01464713715046606,above_price_wall
COMMODITY,b,b,DCE,2708,,,,,,,3861.0,,,4000.0,3300.0,,,,3300.0,,,,,,,,35.0,0.0,0.0,,,,,,,,,,,,,,,,,,,,,,,,,,,,,,,,,,,,,,,,,,,,,,,,,,,,,,,,COMMODITY,b,b2708,3861.0,4.0,98.0,0.0,155050.0,-0.000118,3300.0,3300.0,-0.14529914529914534,0.0360010360010361,-0.14529914529914534,-0.14529914529914534,-0.14529914529914534,13.0,22.0,-0.2571428571428571,700.0,0.1813001813001813,call_oi_wall,4000.0,0.0360010360010361,above_price_wall
COMMODITY,bz,bz,DCE,2610,,,,,,,8985.0,,,10200.0,8000.0,,,,9000.0,,,,,,,,6880.0,7957.0,16515315.0,,,,,,,,,,,,,,,,,,,,,,,,,,,,,,,,,,,,,,,,,,,,,,,,,,,,,,,,COMMODITY,bz,bz2610,8985.0,113480.0,21697.0,-831.0,30786486000.0,-0.000246,9000.0,9000.0,0.0016694490818029983,0.1352253756260433,-0.1096271563717307,0.0016694490818029983,0.0016694490818029983,3069.0,3811.0,-0.10784883720930233,2200.0,0.24485253199777407,price_wall,9000.0,0.0016694490818029983,near_price_wall
COMMODITY,bz,bz,DCE,2611,,,,,,,8638.0,,,9000.0,8400.0,,,,9800.0,,,,,,,,2377.0,1951.0,17811945.0,,,,,,,,,,,,,,,,,,,,,,,,,,,,,,,,,,,,,,,,,,,,,,,,,,,,,,,,COMMODITY,bz,bz2611,8638.0,22743.0,15956.0,274.0,5929552600.0,-0.000205,9800.0,8200.0,0.1345218800648298,0.04190784903912936,-0.027552674230145846,0.1345218800648298,-0.05070618198657095,1065.0,1312.0,-0.10391249474127051,600.0,0.06946052326927529,put_oi_wall,8400.0,-0.027552674230145846,below_price_wall
COMMODITY,bz,bz,DCE,2612,,,,,,,8340.0,,,8400.0,5800.0,,,,9400.0,,,,,,,,298.0,30.0,383700.0,,,,,,,,,,,,,,,,,,,,,,,,,,,,,,,,,,,,,,,,,,,,,,,,,,,,,,,,COMMODITY,bz,bz2612,8340.0,2691.0,6497.0,317.0,677431680.0,-0.000165,9200.0,9400.0,0.12709832134292576,0.007194244604316502,-0.30455635491606714,0.10311750599520386,0.12709832134292576,166.0,132.0,0.11409395973154363,2600.0,0.3117505995203837,call_oi_wall,8400.0,0.007194244604316502,below_price_wall
COMMODITY,bz,bz,DCE,2701,,,,,,,8117.0,,,8400.0,5400.0,,,,7500.0,,,,,,,,222.0,6.0,145410.0,,,,,,,,,,,,,,,,,,,,,,,,,,,,,,,,,,,,,,,,,,,,,,,,,,,,,,,,COMMODITY,bz,bz2701,8117.0,1028.0,3304.0,203.0,252082320.0,-0.00021799999999999999,7500.0,7500.0,-0.07601330540840212,0.03486509794258952,-0.3347295798940495,-0.07601330540840212,-0.07601330540840212,118.0,104.0,0.06306306306306306,3000.0,0.36959467783663913,call_oi_wall,8400.0,0.03486509794258952,above_price_wall
COMMODITY,bz,bz,DCE,2702,,,,,,,7938.0,,,8400.0,5200.0,,,,8400.0,,,,,,,,208.0,0.0,0.0,,,,,,,,,,,,,,,,,,,,,,,,,,,,,,,,,,,,,,,,,,,,,,,,,,,,,,,,COMMODITY,bz,bz2702,7938.0,122.0,1355.0,14.0,29332200.0,-0.000283,5200.0,5200.0,0.05820105820105814,0.05820105820105814,-0.344923154446964,-0.344923154446964,-0.344923154446964,102.0,106.0,-0.019230769230769232,3200.0,0.4031242126480222,call_oi_wall,8400.0,0.05820105820105814,below_price_wall
COMMODITY,bz,bz,DCE,2703,,,,,,,7838.0,,,9200.0,5200.0,,,,7400.0,,,,,,,,209.0,6.0,98760.0,,,,,,,,,,,,,,,,,,,,,,,,,,,,,,,,,,,,,,,,,,,,,,,,,,,,,,,,COMMODITY,bz,bz2703,7838.0,19.0,747.0,1.0,4481340.0,-0.000373,7400.0,7400.0,-0.055881602449604495,0.17376881857616744,-0.3365654503699923,-0.055881602449604495,-0.055881602449604495,119.0,90.0,0.13875598086124402,4000.0,0.5103342689461597,price_wall,7400.0,-0.055881602449604495,above_price_wall
COMMODITY,bz,bz,DCE,2704,,,,,,,7793.0,,,8000.0,5400.0,,,,7600.0,,,,,,,,166.0,24.0,418665.0,,,,,,,,,,,,,,,,,,,,,,,,,,,,,,,,,,,,,,,,,,,,,,,,,,,,,,,,COMMODITY,bz,bz2704,7793.0,5.0,33.0,1.0,1176810.0,-0.000205,8000.0,7600.0,-0.024765815475426667,0.026562299499550912,-0.30707044783780313,0.026562299499550912,-0.024765815475426667,95.0,71.0,0.14457831325301204,2600.0,0.33363274733735404,price_wall,7600.0,-0.024765815475426667,above_price_wall
COMMODITY,bz,bz,DCE,2705,,,,,,,7740.0,,,7000.0,5400.0,,,,7600.0,,,,,,,,158.0,2.0,28290.0,,,,,,,,,,,,,,,,,,,,,,,,,,,,,,,,,,,,,,,,,,,,,,,,,,,,,,,,COMMODITY,bz,bz2705,7740.0,4.0,24.0,0.0,927480.0,-0.000325,6600.0,7600.0,-0.018087855297157618,-0.09560723514211888,-0.3023255813953488,-0.1472868217054264,-0.018087855297157618,71.0,87.0,-0.10126582278481013,1600.0,0.20671834625322996,price_wall,7600.0,-0.018087855297157618,above_price_wall
COMMODITY,bz,bz,DCE,2706,,,,,,,7550.0,,,7200.0,5600.0,,,,7200.0,,,,,,,,101.0,0.0,0.0,,,,,,,,,,,,,,,,,,,,,,,,,,,,,,,,,,,,,,,,,,,,,,,,,,,,,,,,COMMODITY,bz,bz2706,7550.0,5.0,13.0,0.0,1145700.0,-0.000449,5400.0,5400.0,-0.04635761589403975,-0.04635761589403975,-0.2582781456953642,-0.2847682119205298,-0.2847682119205298,63.0,38.0,0.24752475247524752,1600.0,0.2119205298013245,call_oi_wall,7200.0,-0.04635761589403975,above_price_wall
COMMODITY,bz,bz,DCE,2707,,,,,,,,,,7000.0,5800.0,,,,7000.0,,,,,,,,31.0,0.0,0.0,,,,,,,,,,,,,,,,,,,,,,,,,,,,,,,,,,,,,,,,,,,,,,,,,,,,,,,,COMMODITY,bz,,,,,,,,5800.0,5800.0,,,,,,22.0,9.0,0.41935483870967744,1200.0,,,,,unavailable
COMMODITY,bz,bz,DCE,2708,,,,,,,,,,8400.0,5800.0,,,,5800.0,,,,,,,,43.0,0.0,0.0,,,,,,,,,,,,,,,,,,,,,,,,,,,,,,,,,,,,,,,,,,,,,,,,,,,,,,,,COMMODITY,bz,,,,,,,,5800.0,5800.0,,,,,,22.0,21.0,0.023255813953488372,2600.0,,,,,unavailable
COMMODITY,c,c,DCE,2611,,,,,,,2221.0,,,2400.0,2200.0,,,,2280.0,,,,,,,,340215.0,154389.0,31662185.0,,,,,,,,,,,,,,,,,,,,,,,,,,,,,,,,,,,,,,,,,,,,,,,,,,,,,,,,COMMODITY,c,c2611,2221.0,762982.0,1145245.0,-16737.0,17064879000.0,-0.000173,2200.0,2280.0,0.02656461053579462,0.08059432687978396,-0.00945520036019809,-0.00945520036019809,0.02656461053579462,183568.0,156647.0,0.07912937407227782,200.0,0.090049527239982,put_oi_wall,2200.0,-0.00945520036019809,below_price_wall
COMMODITY,c,c,DCE,2701,,,,,,,2247.0,,,2600.0,2260.0,,,,2400.0,,,,,,,,163437.0,55532.0,15061270.0,,,,,,,,,,,,,,,,,,,,,,,,,,,,,,,,,,,,,,,,,,,,,,,,,,,,,,,,COMMODITY,c,c2701,2247.0,272989.0,627524.0,39936.0,6171900400.0,-0.00016199999999999998,2320.0,2320.0,0.06809078771695587,0.15709835336003564,0.005785491766800099,0.032487761459724096,0.032487761459724096,109607.0,53830.0,0.3412752314347424,340.0,0.15131286159323543,put_oi_wall,2260.0,0.005785491766800099,below_price_wall
COMMODITY,c,c,DCE,2703,,,,,,,2272.0,,,2440.0,2280.0,,,,2440.0,,,,,,,,23785.0,8952.0,2675285.0,,,,,,,,,,,,,,,,,,,,,,,,,,,,,,,,,,,,,,,,,,,,,,,,,,,,,,,,COMMODITY,c,c2703,2272.0,49121.0,295837.0,3237.0,1122677430.0,-0.000147,2440.0,2440.0,0.073943661971831,0.073943661971831,0.0035211267605634866,0.073943661971831,0.073943661971831,16733.0,7052.0,0.4070212318688249,160.0,0.07042253521126761,put_oi_wall,2280.0,0.0035211267605634866,below_price_wall
COMMODITY,c,c,DCE,2705,,,,,,,2323.0,,,2600.0,2280.0,,,,2600.0,,,,,,,,3573.0,128.0,23130.0,,,,,,,,,,,,,,,,,,,,,,,,,,,,,,,,,,,,,,,,,,,,,,,,,,,,,,,,COMMODITY,c,c2705,2323.0,37533.0,105672.0,-1945.0,875820950.0,-0.000119,2600.0,2600.0,0.11924235901851055,0.11924235901851055,-0.0185105467068446,0.11924235901851055,0.11924235901851055,1509.0,2064.0,-0.15533165407220823,320.0,0.13775290572535515,put_oi_wall,2280.0,-0.0185105467068446,below_price_wall
COMMODITY,c,c,DCE,2707,,,,,,,2340.0,,,2360.0,2080.0,,,,2560.0,,,,,,,,403.0,82.0,16290.0,,,,,,,,,,,,,,,,,,,,,,,,,,,,,,,,,,,,,,,,,,,,,,,,,,,,,,,,COMMODITY,c,c2707,2340.0,9404.0,116059.0,3085.0,221010460.0,-0.000118,2560.0,2560.0,0.09401709401709413,0.008547008547008517,-0.11111111111111116,0.09401709401709413,0.09401709401709413,307.0,96.0,0.5235732009925558,280.0,0.11965811965811966,call_oi_wall,2360.0,0.008547008547008517,below_price_wall
COMMODITY,cs,cs,DCE,2611,,,,,,,2455.0,,,2750.0,2450.0,,,,2450.0,,,,,,,,67422.0,49969.0,15319345.0,,,,,,,,,,,,,,,,,,,,,,,,,,,,,,,,,,,,,,,,,,,,,,,,,,,,,,,,COMMODITY,cs,cs2611,2455.0,219126.0,317221.0,23255.0,5426482000.0,-0.00021899999999999998,2450.0,2450.0,-0.0020366598778004397,0.12016293279022405,-0.0020366598778004397,-0.0020366598778004397,-0.0020366598778004397,45676.0,21746.0,0.35492865830144465,300.0,0.12219959266802444,put_oi_wall,2450.0,-0.0020366598778004397,near_price_wall
COMMODITY,cs,cs,DCE,2701,,,,,,,2505.0,,,2750.0,2500.0,,,,2500.0,,,,,,,,15755.0,21558.0,8205150.0,,,,,,,,,,,,,,,,,,,,,,,,,,,,,,,,,,,,,,,,,,,,,,,,,,,,,,,,COMMODITY,cs,cs2701,2505.0,35243.0,62597.0,4799.0,890089550.0,-0.0002,2400.0,2550.0,-0.001996007984031989,0.09780439121756479,-0.001996007984031989,-0.041916167664670656,0.017964071856287456,8451.0,7304.0,0.07280228498889242,250.0,0.0998003992015968,put_oi_wall,2500.0,-0.001996007984031989,near_price_wall
COMMODITY,cs,cs,DCE,2703,,,,,,,2524.0,,,3000.0,2400.0,,,,3000.0,,,,,,,,663.0,5.0,530.0,,,,,,,,,,,,,,,,,,,,,,,,,,,,,,,,,,,,,,,,,,,,,,,,,,,,,,,,COMMODITY,cs,cs2703,2524.0,9312.0,49925.0,2838.0,236870520.0,-0.00018700000000000002,3000.0,3000.0,0.18858954041204434,0.18858954041204434,-0.04912836767036455,0.18858954041204434,0.18858954041204434,518.0,145.0,0.5625942684766214,600.0,0.23771790808240886,put_oi_wall,2400.0,-0.04912836767036455,below_price_wall
COMMODITY,cs,cs,DCE,2705,,,,,,,2614.0,,,3000.0,2400.0,,,,2400.0,,,,,,,,60.0,0.0,0.0,,,,,,,,,,,,,,,,,,,,,,,,,,,,,,,,,,,,,,,,,,,,,,,,,,,,,,,,COMMODITY,cs,cs2705,2614.0,1884.0,3863.0,404.0,49652640.0,-0.00019099999999999998,2400.0,2400.0,-0.08186687069625098,0.1476664116296864,-0.08186687069625098,-0.08186687069625098,-0.08186687069625098,10.0,50.0,-0.6666666666666666,600.0,0.22953328232593725,put_oi_wall,2400.0,-0.08186687069625098,above_price_wall
COMMODITY,cs,cs,DCE,2707,,,,,,,2623.0,,,2900.0,2400.0,,,,2400.0,,,,,,,,66.0,3.0,600.0,,,,,,,,,,,,,,,,,,,,,,,,,,,,,,,,,,,,,,,,,,,,,,,,,,,,,,,,COMMODITY,cs,cs2707,2623.0,222.0,408.0,85.0,5857660.0,-0.00019800000000000002,2400.0,2400.0,-0.08501715592832637,0.1056042699199391,-0.08501715592832637,-0.08501715592832637,-0.08501715592832637,10.0,56.0,-0.696969696969697,500.0,0.19062142584826536,put_oi_wall,2400.0,-0.08501715592832637,above_price_wall
COMMODITY,eb,eb,DCE,2610,,,,,,,10094.0,,,11200.0,9000.0,,,,9000.0,,,,,,,,329333.0,1051251.0,360821217.0,,,,,,,,,,,,,,,,,,,,,,,,,,,,,,,,,,,,,,,,,,,,,,,,,,,,,,,,COMMODITY,eb,eb2610,10094.0,1114121.0,235909.0,-19107.0,56476689000.0,-0.00020299999999999997,9500.0,10000.0,-0.10838121656429567,0.10957004160887651,-0.10838121656429567,-0.058846839706756526,-0.009312462849217384,120924.0,208409.0,-0.2656429814200217,2200.0,0.21795125817317218,amount_wall,10000.0,-0.009312462849217384,above_price_wall
COMMODITY,eb,eb,DCE,2611,,,,,,,9800.0,,,10800.0,8000.0,,,,8800.0,,,,,,,,33793.0,37060.0,46467997.0,,,,,,,,,,,,,,,,,,,,,,,,,,,,,,,,,,,,,,,,,,,,,,,,,,,,,,,,COMMODITY,eb,eb2611,9800.0,365679.0,220826.0,8903.0,18004075000.0,-0.000182,8800.0,9700.0,-0.10204081632653061,0.1020408163265305,-0.18367346938775508,-0.10204081632653061,-0.010204081632653073,13001.0,20792.0,-0.23055070576746664,2800.0,0.2857142857142857,amount_wall,9700.0,-0.010204081632653073,above_price_wall
COMMODITY,eb,eb,DCE,2612,,,,,,,9519.0,,,9600.0,7800.0,,,,8200.0,,,,,,,,382.0,20.0,21913.0,,,,,,,,,,,,,,,,,,,,,,,,,,,,,,,,,,,,,,,,,,,,,,,,,,,,,,,,COMMODITY,eb,eb2612,9519.0,66770.0,64622.0,4424.0,3194116800.0,-0.000189,8200.0,8200.0,-0.13856497531253287,0.008509297195083532,-0.18058619602899462,-0.13856497531253287,-0.13856497531253287,124.0,258.0,-0.3507853403141361,1800.0,0.18909549322407815,call_oi_wall,9600.0,0.008509297195083532,above_price_wall
COMMODITY,eb,eb,DCE,2701,,,,,,,9305.0,,,9600.0,6000.0,,,,9000.0,,,,,,,,622.0,69.0,60131.0,,,,,,,,,,,,,,,,,,,,,,,,,,,,,,,,,,,,,,,,,,,,,,,,,,,,,,,,COMMODITY,eb,eb2701,9305.0,36636.0,28631.0,1464.0,1713115900.0,-0.00020299999999999997,6000.0,9100.0,-0.03277807630306284,0.031703385276733,-0.35518538420204193,-0.35518538420204193,-0.022031166039763517,175.0,447.0,-0.43729903536977494,3600.0,0.3868887694787749,amount_wall,9100.0,-0.022031166039763517,above_price_wall
COMMODITY,eb,eb,DCE,2702,,,,,,,9150.0,,,8800.0,7000.0,,,,7000.0,,,,,,,,279.0,0.0,0.0,,,,,,,,,,,,,,,,,,,,,,,,,,,,,,,,,,,,,,,,,,,,,,,,,,,,,,,,COMMODITY,eb,eb2702,9150.0,5676.0,19299.0,456.0,261273930.0,-0.000151,6400.0,6400.0,-0.23497267759562845,-0.03825136612021862,-0.23497267759562845,-0.3005464480874317,-0.3005464480874317,95.0,184.0,-0.31899641577060933,1800.0,0.19672131147540983,call_oi_wall,8800.0,-0.03825136612021862,above_price_wall
COMMODITY,eb,eb,DCE,2703,,,,,,,9066.0,,,10400.0,7400.0,,,,8000.0,,,,,,,,127.0,0.0,0.0,,,,,,,,,,,,,,,,,,,,,,,,,,,,,,,,,,,,,,,,,,,,,,,,,,,,,,,,COMMODITY,eb,eb2703,9066.0,267.0,1380.0,-41.0,12196150.0,-0.000178,6400.0,6400.0,-0.11758217515993818,0.1471431722920804,-0.18376351202294283,-0.2940657401279506,-0.2940657401279506,91.0,36.0,0.4330708661417323,3000.0,0.3309066843150232,price_wall,8000.0,-0.11758217515993818,above_price_wall
COMMODITY,eb,eb,DCE,2704,,,,,,,9012.0,,,9000.0,7600.0,,,,9000.0,,,,,,,,134.0,0.0,0.0,,,,,,,,,,,,,,,,,,,,,,,,,,,,,,,,,,,,,,,,,,,,,,,,,,,,,,,,COMMODITY,eb,eb2704,9012.0,73.0,604.0,3.0,3315075.0,-0.00010899999999999999,6400.0,6400.0,-0.0013315579227696217,-0.0013315579227696217,-0.1566799822458944,-0.28983577452285836,-0.28983577452285836,100.0,34.0,0.4925373134328358,1400.0,0.15534842432312473,call_oi_wall,9000.0,-0.0013315579227696217,near_price_wall
COMMODITY,eb,eb,DCE,2705,,,,,,,8938.0,,,9600.0,7800.0,,,,9600.0,,,,,,,,337.0,0.0,0.0,,,,,,,,,,,,,,,,,,,,,,,,,,,,,,,,,,,,,,,,,,,,,,,,,,,,,,,,COMMODITY,eb,eb2705,8938.0,214.0,1178.0,-8.0,9616160.0,-0.00018999999999999998,6400.0,6400.0,0.07406578652942497,0.07406578652942497,-0.12732154844484223,-0.2839561423137167,-0.2839561423137167,183.0,154.0,0.08605341246290801,1800.0,0.20138733497426717,call_oi_wall,9600.0,0.07406578652942497,below_price_wall
COMMODITY,eb,eb,DCE,2706,,,,,,,8998.0,,,9800.0,6400.0,,,,9800.0,,,,,,,,20.0,0.0,0.0,,,,,,,,,,,,,,,,,,,,,,,,,,,,,,,,,,,,,,,,,,,,,,,,,,,,,,,,COMMODITY,eb,eb2706,8998.0,16.0,181.0,-6.0,711120.0,-3.2e-05,6400.0,6400.0,0.08913091798177364,0.08913091798177364,-0.2887308290731274,-0.2887308290731274,-0.2887308290731274,19.0,1.0,0.9,3400.0,0.3778617470549011,call_oi_wall,9800.0,0.08913091798177364,below_price_wall
COMMODITY,eb,eb,DCE,2707,,,,,,,9060.0,,,8600.0,6600.0,,,,8600.0,,,,,,,,234.0,0.0,0.0,,,,,,,,,,,,,,,,,,,,,,,,,,,,,,,,,,,,,,,,,,,,,,,,,,,,,,,,COMMODITY,eb,eb2707,9060.0,8.0,80.0,1.0,354265.0,-2.1e-05,6600.0,6600.0,-0.050772626931567366,-0.050772626931567366,-0.2715231788079471,-0.2715231788079471,-0.2715231788079471,170.0,64.0,0.452991452991453,2000.0,0.22075055187637968,call_oi_wall,8600.0,-0.050772626931567366,above_price_wall
COMMODITY,eb,eb,DCE,2708,,,,,,,8780.0,,,8000.0,7000.0,,,,8000.0,,,,,,,,58.0,0.0,0.0,,,,,,,,,,,,,,,,,,,,,,,,,,,,,,,,,,,,,,,,,,,,,,,,,,,,,,,,COMMODITY,eb,eb2708,8780.0,3.0,24.0,0.0,131800.0,-0.00012200000000000001,7000.0,7000.0,-0.08883826879271073,-0.08883826879271073,-0.2027334851936219,-0.2027334851936219,-0.2027334851936219,23.0,35.0,-0.20689655172413793,1000.0,0.11389521640091116,call_oi_wall,8000.0,-0.08883826879271073,above_price_wall
COMMODITY,eg,eg,DCE,2610,,,,,,,5842.0,,,6600.0,5000.0,,,,5500.0,,,,,,,,510114.0,1486522.0,637926705.0,,,,,,,,,,,,,,,,,,,,,,,,,,,,,,,,,,,,,,,,,,,,,,,,,,,,,,,,COMMODITY,eg,eg2610,5842.0,1905932.0,291926.0,-4404.0,111836360000.0,-0.00013,5500.0,6000.0,-0.05854159534406023,0.12975008558712764,-0.14412872304005475,-0.05854159534406023,0.0270455323519343,146431.0,363683.0,-0.42588911498214127,1600.0,0.27387880862718245,amount_wall,6000.0,0.0270455323519343,above_price_wall
COMMODITY,eg,eg,DCE,2611,,,,,,,5438.0,,,6000.0,3200.0,,,,5000.0,,,,,,,,57560.0,37856.0,66454425.0,,,,,,,,,,,,,,,,,,,,,,,,,,,,,,,,,,,,,,,,,,,,,,,,,,,,,,,,COMMODITY,eg,eg2611,5438.0,166959.0,144328.0,8516.0,9182167600.0,-0.00021899999999999998,5000.0,5000.0,-0.08054431776388382,0.1033468186833395,-0.4115483633688857,-0.08054431776388382,-0.08054431776388382,21810.0,35750.0,-0.24218207088255733,2800.0,0.5148951820522251,price_wall,5000.0,-0.08054431776388382,above_price_wall
COMMODITY,eg,eg,DCE,2612,,,,,,,5199.0,,,5400.0,3600.0,,,,5500.0,,,,,,,,516.0,95.0,95895.0,,,,,,,,,,,,,,,,,,,,,,,,,,,,,,,,,,,,,,,,,,,,,,,,,,,,,,,,COMMODITY,eg,eg2612,5199.0,34056.0,81373.0,2989.0,1793697400.0,-0.000291,5700.0,5700.0,0.05789574918253515,0.038661281015579974,-0.3075591459896134,0.0963646855164455,0.0963646855164455,335.0,181.0,0.29844961240310075,1800.0,0.3462204270051933,call_oi_wall,5400.0,0.038661281015579974,below_price_wall
COMMODITY,eg,eg,DCE,2701,,,,,,,5026.0,,,5600.0,3600.0,,,,5600.0,,,,,,,,1181.0,213.0,413010.0,,,,,,,,,,,,,,,,,,,,,,,,,,,,,,,,,,,,,,,,,,,,,,,,,,,,,,,,COMMODITY,eg,eg2701,5026.0,370543.0,195245.0,5605.0,18887089000.0,-0.000346,4500.0,5000.0,0.11420612813370479,0.11420612813370479,-0.28372463191404695,-0.10465578989255875,-0.005173099880620757,539.0,642.0,-0.08721422523285352,2000.0,0.3979307600477517,amount_wall,5000.0,-0.005173099880620757,below_price_wall
COMMODITY,eg,eg,DCE,2702,,,,,,,4881.0,,,4600.0,4200.0,,,,4000.0,,,,,,,,126.0,5.0,7005.0,,,,,,,,,,,,,,,,,,,,,,,,,,,,,,,,,,,,,,,,,,,,,,,,,,,,,,,,COMMODITY,eg,eg2702,4881.0,3277.0,26251.0,783.0,162897780.0,-0.00037999999999999997,4000.0,4000.0,-0.1804958000409752,-0.057570170047121505,-0.13952059004302397,-0.1804958000409752,-0.1804958000409752,80.0,46.0,0.2698412698412698,400.0,0.08195041999590248,call_oi_wall,4600.0,-0.057570170047121505,above_price_wall
COMMODITY,eg,eg,DCE,2703,,,,,,,4791.0,,,5600.0,3700.0,,,,5600.0,,,,,,,,78.0,1.0,1800.0,,,,,,,,,,,,,,,,,,,,,,,,,,,,,,,,,,,,,,,,,,,,,,,,,,,,,,,,COMMODITY,eg,eg2703,4791.0,214.0,1003.0,63.0,10444260.0,-0.00042,5600.0,5600.0,0.1688582759340429,0.1688582759340429,-0.22771863911500734,0.1688582759340429,0.1688582759340429,67.0,11.0,0.717948717948718,1900.0,0.3965769150490503,call_oi_wall,5600.0,0.1688582759340429,below_price_wall
COMMODITY,eg,eg,DCE,2704,,,,,,,4779.0,,,5400.0,3700.0,,,,5400.0,,,,,,,,117.0,0.0,0.0,,,,,,,,,,,,,,,,,,,,,,,,,,,,,,,,,,,,,,,,,,,,,,,,,,,,,,,,COMMODITY,eg,eg2704,4779.0,61.0,512.0,-4.0,2957440.0,-0.00037699999999999995,3500.0,3500.0,0.12994350282485878,0.12994350282485878,-0.22577945176815228,-0.26762921113203597,-0.26762921113203597,112.0,5.0,0.9145299145299145,1700.0,0.35572295459301106,call_oi_wall,5400.0,0.12994350282485878,below_price_wall
COMMODITY,eg,eg,DCE,2705,,,,,,,4724.0,,,5000.0,3700.0,,,,3700.0,,,,,,,,120.0,0.0,0.0,,,,,,,,,,,,,,,,,,,,,,,,,,,,,,,,,,,,,,,,,,,,,,,,,,,,,,,,COMMODITY,eg,eg2705,4724.0,4434.0,8207.0,-18.0,212407870.0,-0.000343,3500.0,3500.0,-0.2167654530059272,0.058425063505503916,-0.2167654530059272,-0.2591024555461473,-0.2591024555461473,78.0,42.0,0.3,1300.0,0.275190516511431,call_oi_wall,5000.0,0.058425063505503916,above_price_wall
COMMODITY,eg,eg,DCE,2706,,,,,,,4690.0,,,4900.0,3800.0,,,,3800.0,,,,,,,,55.0,0.0,0.0,,,,,,,,,,,,,,,,,,,,,,,,,,,,,,,,,,,,,,,,,,,,,,,,,,,,,,,,COMMODITY,eg,eg2706,4690.0,85.0,178.0,23.0,4065330.0,-0.00032,3600.0,3600.0,-0.18976545842217485,0.04477611940298498,-0.18976545842217485,-0.23240938166311298,-0.23240938166311298,8.0,47.0,-0.7090909090909091,1100.0,0.2345415778251599,call_oi_wall,4900.0,0.04477611940298498,above_price_wall
COMMODITY,eg,eg,DCE,2707,,,,,,,4692.0,,,5200.0,3700.0,,,,5200.0,,,,,,,,47.0,0.0,0.0,,,,,,,,,,,,,,,,,,,,,,,,,,,,,,,,,,,,,,,,,,,,,,,,,,,,,,,,COMMODITY,eg,eg2707,4692.0,81.0,99.0,6.0,3870940.0,-0.000302,3700.0,3700.0,0.10826939471440755,0.10826939471440755,-0.21142369991474852,-0.21142369991474852,-0.21142369991474852,25.0,22.0,0.06382978723404255,1500.0,0.319693094629156,call_oi_wall,5200.0,0.10826939471440755,below_price_wall
COMMODITY,eg,eg,DCE,2708,,,,,,,4682.0,,,4700.0,4400.0,,,,4400.0,,,,,,,,5.0,0.0,0.0,,,,,,,,,,,,,,,,,,,,,,,,,,,,,,,,,,,,,,,,,,,,,,,,,,,,,,,,COMMODITY,eg,eg2708,4682.0,79.0,228.0,22.0,3763550.0,-0.000278,3900.0,3900.0,-0.0602306706535668,0.003844510892780928,-0.0602306706535668,-0.16702263989747967,-0.16702263989747967,4.0,1.0,0.6,300.0,0.06407518154634771,call_oi_wall,4700.0,0.003844510892780928,above_price_wall
COMMODITY,i,i,DCE,2610,,,,,,,719.5,,,730.0,720.0,,,,720.0,,,,,,,,146181.0,185936.0,53455950.0,,,,,,,,,,,,,,,,,,,,,,,,,,,,,,,,,,,,,,,,,,,,,,,,,,,,,,,,COMMODITY,i,i2610,719.5,20320.0,47191.0,-4643.0,1469007000.0,-0.000144,720.0,720.0,0.0006949270326614965,0.01459346768589298,0.0006949270326614965,0.0006949270326614965,0.0006949270326614965,82012.0,64169.0,0.1220610065603601,10.0,0.01389854065323141,put_oi_wall,720.0,0.0006949270326614965,near_price_wall
COMMODITY,i,i,DCE,2611,,,,,,,717.0,,,800.0,730.0,,,,700.0,,,,,,,,41652.0,20775.0,13961850.0,,,,,,,,,,,,,,,,,,,,,,,,,,,,,,,,,,,,,,,,,,,,,,,,,,,,,,,,COMMODITY,i,i2611,717.0,9973.0,92389.0,-711.0,717733700.0,-0.000131,700.0,700.0,-0.023709902370990243,0.11576011157601118,0.018131101813110284,-0.023709902370990243,-0.023709902370990243,19868.0,21784.0,-0.0460001920676078,70.0,0.09762900976290098,put_oi_wall,730.0,0.018131101813110284,above_price_wall
COMMODITY,i,i,DCE,2612,,,,,,,713.0,,,900.0,740.0,,,,740.0,,,,,,,,719.0,10.0,4980.0,,,,,,,,,,,,,,,,,,,,,,,,,,,,,,,,,,,,,,,,,,,,,,,,,,,,,,,,COMMODITY,i,i2612,713.0,6186.0,89656.0,553.0,443066700.0,-0.000138,680.0,690.0,0.03786816269284721,0.2622720897615709,0.03786816269284721,-0.04628330995792429,-0.032258064516129004,239.0,480.0,-0.33518776077885953,160.0,0.2244039270687237,amount_wall,690.0,-0.032258064516129004,below_price_wall
COMMODITY,i,i,DCE,2701,,,,,,,708.5,,,800.0,700.0,,,,700.0,,,,,,,,81338.0,27059.0,36883810.0,,,,,,,,,,,,,,,,,,,,,,,,,,,,,,,,,,,,,,,,,,,,,,,,,,,,,,,,COMMODITY,i,i2701,708.5,308910.0,589001.0,-12146.0,21990404000.0,-0.00016,700.0,700.0,-0.011997177134791759,0.1291460832745237,-0.011997177134791759,-0.011997177134791759,-0.011997177134791759,36654.0,44684.0,-0.09872384371388526,100.0,0.14114326040931546,put_oi_wall,700.0,-0.011997177134791759,above_price_wall
COMMODITY,i,i,DCE,2702,,,,,,,706.0,,,820.0,720.0,,,,720.0,,,,,,,,377.0,0.0,0.0,,,,,,,,,,,,,,,,,,,,,,,,,,,,,,,,,,,,,,,,,,,,,,,,,,,,,,,,COMMODITY,i,i2702,706.0,2528.0,64373.0,72.0,179076150.0,-0.000112,580.0,580.0,0.019830028328611915,0.16147308781869696,0.019830028328611915,-0.17847025495750712,-0.17847025495750712,45.0,332.0,-0.7612732095490716,100.0,0.141643059490085,put_oi_wall,720.0,0.019830028328611915,below_price_wall
COMMODITY,i,i,DCE,2703,,,,,,,703.0,,,700.0,740.0,,,,740.0,,,,,,,,307.0,0.0,0.0,,,,,,,,,,,,,,,,,,,,,,,,,,,,,,,,,,,,,,,,,,,,,,,,,,,,,,,,COMMODITY,i,i2703,703.0,2820.0,60141.0,226.0,199153100.0,-0.00013299999999999998,580.0,580.0,0.05263157894736836,-0.004267425320056861,0.05263157894736836,-0.17496443812233287,-0.17496443812233287,11.0,296.0,-0.9283387622149837,-40.0,-0.05689900426742532,call_oi_wall,700.0,-0.004267425320056861,below_price_wall
COMMODITY,i,i,DCE,2704,,,,,,,701.5,,,760.0,740.0,,,,740.0,,,,,,,,200.0,0.0,0.0,,,,,,,,,,,,,,,,,,,,,,,,,,,,,,,,,,,,,,,,,,,,,,,,,,,,,,,,COMMODITY,i,i2704,701.5,1377.0,43282.0,318.0,97052600.0,-0.00014099999999999998,580.0,580.0,0.05488239486813962,0.0833927298645758,0.05488239486813962,-0.17320028510334995,-0.17320028510334995,29.0,171.0,-0.71,20.0,0.02851033499643621,put_oi_wall,740.0,0.05488239486813962,below_price_wall
COMMODITY,i,i,DCE,2705,,,,,,,698.0,,,800.0,700.0,,,,700.0,,,,,,,,2017.0,117.0,209860.0,,,,,,,,,,,,,,,,,,,,,,,,,,,,,,,,,,,,,,,,,,,,,,,,,,,,,,,,COMMODITY,i,i2705,698.0,26840.0,109464.0,2409.0,1879925900.0,-0.00014099999999999998,800.0,800.0,0.002865329512893977,0.14613180515759305,0.002865329512893977,0.14613180515759305,0.14613180515759305,567.0,1450.0,-0.4377788795240456,100.0,0.14326647564469913,put_oi_wall,700.0,0.002865329512893977,near_price_wall
COMMODITY,i,i,DCE,2706,,,,,,,695.5,,,740.0,720.0,,,,720.0,,,,,,,,381.0,1.0,1230.0,,,,,,,,,,,,,,,,,,,,,,,,,,,,,,,,,,,,,,,,,,,,,,,,,,,,,,,,COMMODITY,i,i2706,695.5,1187.0,30511.0,356.0,82867850.0,-0.000149,820.0,820.0,0.035226455787203514,0.06398274622573696,0.035226455787203514,0.17900790797987054,0.17900790797987054,49.0,332.0,-0.7427821522309711,20.0,0.02875629043853343,put_oi_wall,720.0,0.035226455787203514,below_price_wall
COMMODITY,i,i,DCE,2707,,,,,,,693.5,,,720.0,720.0,,,,720.0,,,,,,,,108.0,0.0,0.0,,,,,,,,,,,,,,,,,,,,,,,,,,,,,,,,,,,,,,,,,,,,,,,,,,,,,,,,COMMODITY,i,i2707,693.5,1178.0,23209.0,358.0,81942700.0,-0.000149,580.0,580.0,0.03821196827685647,0.03821196827685647,0.03821196827685647,-0.16366258111031007,-0.16366258111031007,59.0,49.0,0.09259259259259259,0.0,0.0,call_oi_wall,720.0,0.03821196827685647,below_price_wall
COMMODITY,i,i,DCE,2708,,,,,,,691.0,,,800.0,740.0,,,,800.0,,,,,,,,29.0,0.0,0.0,,,,,,,,,,,,,,,,,,,,,,,,,,,,,,,,,,,,,,,,,,,,,,,,,,,,,,,,COMMODITY,i,i2708,691.0,1959.0,7574.0,685.0,135832500.0,-0.000136,580.0,580.0,0.15774240231548475,0.15774240231548475,0.0709117221418234,-0.16063675832127355,-0.16063675832127355,17.0,12.0,0.1724137931034483,60.0,0.08683068017366136,put_oi_wall,740.0,0.0709117221418234,below_price_wall
COMMODITY,j,j,DCE,2611,,,,,,,2064.0,,,2300.0,1950.0,,,,2050.0,,,,,,,,4935.0,3243.0,18580430.0,,,,,,,,,,,,,,,,,,,,,,,,,,,,,,,,,,,,,,,,,,,,,,,,,,,,,,,,COMMODITY,j,j2611,2064.0,1046.0,5005.0,20.0,215634600.0,-0.000129,2050.0,2050.0,-0.006782945736434121,0.11434108527131781,-0.05523255813953487,-0.006782945736434121,-0.006782945736434121,2677.0,2258.0,0.08490374873353597,350.0,0.1695736434108527,price_wall,2050.0,-0.006782945736434121,above_price_wall
COMMODITY,j,j,DCE,2612,,,,,,,2050.0,,,2375.0,2100.0,,,,2100.0,,,,,,,,34.0,2.0,20850.0,,,,,,,,,,,,,,,,,,,,,,,,,,,,,,,,,,,,,,,,,,,,,,,,,,,,,,,,COMMODITY,j,j2612,2050.0,82.0,1994.0,5.0,16840200.0,-0.00010899999999999999,2100.0,2100.0,0.024390243902439046,0.15853658536585358,0.024390243902439046,0.024390243902439046,0.024390243902439046,23.0,11.0,0.35294117647058826,275.0,0.13414634146341464,put_oi_wall,2100.0,0.024390243902439046,below_price_wall
COMMODITY,j,j,DCE,2701,,,,,,,2055.5,,,2350.0,2050.0,,,,2050.0,,,,,,,,4696.0,3110.0,26660290.0,,,,,,,,,,,,,,,,,,,,,,,,,,,,,,,,,,,,,,,,,,,,,,,,,,,,,,,,COMMODITY,j,j2701,2055.5,36829.0,56924.0,-2060.0,7578712600.0,-0.000186,2200.0,2050.0,-0.002675747993189037,0.14327414254439308,-0.002675747993189037,0.07029919727560197,-0.002675747993189037,2541.0,2155.0,0.0821976149914821,300.0,0.1459498905375821,put_oi_wall,2050.0,-0.002675747993189037,near_price_wall
COMMODITY,j,j,DCE,2702,,,,,,,2046.0,,,2425.0,1925.0,,,,1925.0,,,,,,,,11.0,0.0,0.0,,,,,,,,,,,,,,,,,,,,,,,,,,,,,,,,,,,,,,,,,,,,,,,,,,,,,,,,COMMODITY,j,j2702,2046.0,59.0,1282.0,11.0,12050100.0,-0.00015900000000000002,1825.0,1825.0,-0.05913978494623651,0.18523949169110465,-0.05913978494623651,-0.1080156402737048,-0.1080156402737048,2.0,9.0,-0.6363636363636364,500.0,0.24437927663734116,put_oi_wall,1925.0,-0.05913978494623651,above_price_wall
COMMODITY,j,j,DCE,2703,,,,,,,2035.5,,,2450.0,1850.0,,,,1850.0,,,,,,,,26.0,0.0,0.0,,,,,,,,,,,,,,,,,,,,,,,,,,,,,,,,,,,,,,,,,,,,,,,,,,,,,,,,COMMODITY,j,j2703,2035.5,9.0,473.0,-1.0,1837300.0,-0.000121,1800.0,1800.0,-0.09113239990174404,0.2036354704003931,-0.09113239990174404,-0.11569638909358881,-0.11569638909358881,6.0,20.0,-0.5384615384615384,600.0,0.2947678703021371,put_oi_wall,1850.0,-0.09113239990174404,above_price_wall
COMMODITY,j,j,DCE,2704,,,,,,,,,,2450.0,1850.0,,,,2450.0,,,,,,,,29.0,0.0,0.0,,,,,,,,,,,,,,,,,,,,,,,,,,,,,,,,,,,,,,,,,,,,,,,,,,,,,,,,COMMODITY,j,,,,,,,,1800.0,1800.0,,,,,,16.0,13.0,0.10344827586206896,600.0,,,,,unavailable
COMMODITY,j,j,DCE,2705,,,,,,,2015.5,,,2350.0,1900.0,,,,2350.0,,,,,,,,29.0,0.0,0.0,,,,,,,,,,,,,,,,,,,,,,,,,,,,,,,,,,,,,,,,,,,,,,,,,,,,,,,,COMMODITY,j,j2705,2015.5,379.0,1557.0,-11.0,76597250.0,-0.000173,1800.0,1800.0,0.16596378069957818,0.16596378069957818,-0.05730587943438348,-0.10692135946415282,-0.10692135946415282,18.0,11.0,0.2413793103448276,450.0,0.2232696601339618,put_oi_wall,1900.0,-0.05730587943438348,below_price_wall
COMMODITY,j,j,DCE,2706,,,,,,,,,,2400.0,1800.0,,,,2400.0,,,,,,,,7.0,0.0,0.0,,,,,,,,,,,,,,,,,,,,,,,,,,,,,,,,,,,,,,,,,,,,,,,,,,,,,,,,COMMODITY,j,,,,,,,,1750.0,1750.0,,,,,,6.0,1.0,0.7142857142857143,600.0,,,,,unavailable
COMMODITY,j,j,DCE,2707,,,,,,,,,,1750.0,1800.0,,,,1800.0,,,,,,,,2.0,0.0,0.0,,,,,,,,,,,,,,,,,,,,,,,,,,,,,,,,,,,,,,,,,,,,,,,,,,,,,,,,COMMODITY,j,,,,,,,,1750.0,1750.0,,,,,,0.0,2.0,-1.0,-50.0,,,,,unavailable
COMMODITY,j,j,DCE,2708,,,,,,,,,,2300.0,1800.0,,,,1800.0,,,,,,,,3.0,0.0,0.0,,,,,,,,,,,,,,,,,,,,,,,,,,,,,,,,,,,,,,,,,,,,,,,,,,,,,,,,COMMODITY,j,,,,,,,,1750.0,1750.0,,,,,,2.0,1.0,0.3333333333333333,500.0,,,,,unavailable
COMMODITY,jd,jd,DCE,2610,,,,,,,3916.0,,,4000.0,3850.0,,,,4000.0,,,,,,,,263846.0,448812.0,120038360.0,,,,,,,,,,,,,,,,,,,,,,,,,,,,,,,,,,,,,,,,,,,,,,,,,,,,,,,,COMMODITY,jd,jd2610,3916.0,58654.0,53357.0,-7820.0,2302599200.0,8e-05,4000.0,3900.0,0.021450459652706755,0.021450459652706755,-0.016853932584269704,0.021450459652706755,-0.0040858018386108474,145424.0,118422.0,0.10234000136443228,150.0,0.03830439223697651,amount_wall,3900.0,-0.0040858018386108474,below_price_wall
COMMODITY,jd,jd,DCE,2611,,,,,,,3854.0,,,4000.0,3500.0,,,,4000.0,,,,,,,,129827.0,113245.0,47668105.0,,,,,,,,,,,,,,,,,,,,,,,,,,,,,,,,,,,,,,,,,,,,,,,,,,,,,,,,COMMODITY,jd,jd2611,3854.0,312016.0,284889.0,17026.0,12045606700.0,9.7e-05,4000.0,3800.0,0.03788271925272446,0.03788271925272446,-0.09185262065386612,0.03788271925272446,-0.014011416709911795,65629.0,64198.0,0.011022360525930662,500.0,0.12973533990659056,amount_wall,3800.0,-0.014011416709911795,below_price_wall
COMMODITY,jd,jd,DCE,2612,,,,,,,3836.0,,,4600.0,3300.0,,,,4000.0,,,,,,,,11666.0,1555.0,586300.0,,,,,,,,,,,,,,,,,,,,,,,,,,,,,,,,,,,,,,,,,,,,,,,,,,,,,,,,COMMODITY,jd,jd2612,3836.0,58147.0,169536.0,3164.0,2230018500.0,0.00011599999999999999,3300.0,4000.0,0.04275286757038588,0.19916579770594378,-0.13972888425443175,-0.13972888425443175,0.04275286757038588,5771.0,5895.0,-0.010629178810217728,1300.0,0.33889468196037537,price_wall,4000.0,0.04275286757038588,below_price_wall
COMMODITY,jd,jd,DCE,2701,,,,,,,3544.0,,,4400.0,3300.0,,,,4400.0,,,,,,,,4725.0,402.0,69920.0,,,,,,,,,,,,,,,,,,,,,,,,,,,,,,,,,,,,,,,,,,,,,,,,,,,,,,,,COMMODITY,jd,jd2701,3544.0,22154.0,65699.0,1039.0,784165970.0,9.400000000000001e-05,4400.0,4400.0,0.24153498871331824,0.24153498871331824,-0.06884875846501126,0.24153498871331824,0.24153498871331824,3746.0,979.0,0.5856084656084656,1100.0,0.31038374717832956,put_oi_wall,3300.0,-0.06884875846501126,below_price_wall
COMMODITY,jd,jd,DCE,2702,,,,,,,3150.0,,,3800.0,3100.0,,,,3800.0,,,,,,,,9160.0,483.0,70925.0,,,,,,,,,,,,,,,,,,,,,,,,,,,,,,,,,,,,,,,,,,,,,,,,,,,,,,,,COMMODITY,jd,jd2702,3150.0,10459.0,75206.0,2020.0,329418100.0,4.4999999999999996e-05,3800.0,3800.0,0.20634920634920628,0.20634920634920628,-0.015873015873015928,0.20634920634920628,0.20634920634920628,8913.0,247.0,0.9460698689956332,700.0,0.2222222222222222,put_oi_wall,3100.0,-0.015873015873015928,below_price_wall
COMMODITY,jd,jd,DCE,2703,,,,,,,3141.0,,,3700.0,2900.0,,,,3700.0,,,,,,,,2092.0,8.0,1320.0,,,,,,,,,,,,,,,,,,,,,,,,,,,,,,,,,,,,,,,,,,,,,,,,,,,,,,,,COMMODITY,jd,jd2703,3141.0,1775.0,14788.0,-343.0,55726440.0,2.8999999999999997e-05,3700.0,3700.0,0.1779687997453041,0.1779687997453041,-0.07672715695638332,0.1779687997453041,0.1779687997453041,2003.0,89.0,0.9149139579349904,800.0,0.2546959567016874,put_oi_wall,2900.0,-0.07672715695638332,below_price_wall
COMMODITY,jd,jd,DCE,2704,,,,,,,3203.0,,,3700.0,3100.0,,,,3700.0,,,,,,,,412.0,0.0,0.0,,,,,,,,,,,,,,,,,,,,,,,,,,,,,,,,,,,,,,,,,,,,,,,,,,,,,,,,COMMODITY,jd,jd2704,3203.0,266.0,3101.0,-48.0,8517060.0,9e-06,2800.0,2800.0,0.15516703090852335,0.15516703090852335,-0.032157352482048096,-0.12581954417733376,-0.12581954417733376,248.0,164.0,0.20388349514563106,600.0,0.18732438339057134,put_oi_wall,3100.0,-0.032157352482048096,below_price_wall
COMMODITY,jd,jd,DCE,2705,,,,,,,3258.0,,,3800.0,2900.0,,,,3800.0,,,,,,,,279.0,3.0,550.0,,,,,,,,,,,,,,,,,,,,,,,,,,,,,,,,,,,,,,,,,,,,,,,,,,,,,,,,COMMODITY,jd,jd2705,3258.0,1308.0,10612.0,56.0,42651130.0,-1.1999999999999999e-05,3800.0,3800.0,0.1663597298956414,0.1663597298956414,-0.10988336402701049,0.1663597298956414,0.1663597298956414,141.0,138.0,0.010752688172043012,900.0,0.27624309392265195,put_oi_wall,2900.0,-0.10988336402701049,below_price_wall
COMMODITY,jd,jd,DCE,2706,,,,,,,3113.0,,,3600.0,2800.0,,,,3600.0,,,,,,,,2769.0,41.0,14000.0,,,,,,,,,,,,,,,,,,,,,,,,,,,,,,,,,,,,,,,,,,,,,,,,,,,,,,,,COMMODITY,jd,jd2706,3113.0,2012.0,21662.0,205.0,62769970.0,-2.8999999999999997e-05,3600.0,3600.0,0.15644073241246392,0.15644073241246392,-0.10054609701252815,0.15644073241246392,0.15644073241246392,2678.0,91.0,0.9342723004694836,800.0,0.25698682942499196,put_oi_wall,2800.0,-0.10054609701252815,below_price_wall
COMMODITY,jd,jd,DCE,2707,,,,,,,3242.0,,,3600.0,2900.0,,,,2900.0,,,,,,,,202.0,1.0,1125.0,,,,,,,,,,,,,,,,,,,,,,,,,,,,,,,,,,,,,,,,,,,,,,,,,,,,,,,,COMMODITY,jd,jd2707,3242.0,450.0,12798.0,168.0,14610480.0,-2.5e-05,3100.0,3100.0,-0.10549043800123381,0.1104256631708822,-0.10549043800123381,-0.04380012338062922,-0.04380012338062922,77.0,125.0,-0.2376237623762376,700.0,0.215916101172116,volume_wall,3100.0,-0.04380012338062922,above_price_wall
COMMODITY,jd,jd,DCE,2708,,,,,,,3773.0,,,4200.0,3100.0,,,,4200.0,,,,,,,,115.0,0.0,0.0,,,,,,,,,,,,,,,,,,,,,,,,,,,,,,,,,,,,,,,,,,,,,,,,,,,,,,,,COMMODITY,jd,jd2708,3773.0,435.0,7078.0,78.0,16406660.0,2.9999999999999997e-06,3100.0,3100.0,0.1131725417439704,0.1131725417439704,-0.17837264776040285,-0.17837264776040285,-0.17837264776040285,47.0,68.0,-0.1826086956521739,1100.0,0.2915451895043732,call_oi_wall,4200.0,0.1131725417439704,below_price_wall
COMMODITY,jm,jm,DCE,2610,,,,,,,1625.0,,,1800.0,1500.0,,,,1500.0,,,,,,,,494240.0,1525012.0,853637628.0,,,,,,,,,,,,,,,,,,,,,,,,,,,,,,,,,,,,,,,,,,,,,,,,,,,,,,,,COMMODITY,jm,jm2610,1625.0,158851.0,82958.0,-1977.0,15243556000.0,0.000236,1700.0,1600.0,-0.07692307692307687,0.10769230769230775,-0.07692307692307687,0.04615384615384621,-0.01538461538461533,179499.0,314741.0,-0.2736362900615086,300.0,0.18461538461538463,amount_wall,1600.0,-0.01538461538461533,above_price_wall
COMMODITY,jm,jm,DCE,2611,,,,,,,1558.5,,,1800.0,1400.0,,,,1400.0,,,,,,,,19322.0,14435.0,18255672.0,,,,,,,,,,,,,,,,,,,,,,,,,,,,,,,,,,,,,,,,,,,,,,,,,,,,,,,,COMMODITY,jm,jm2611,1558.5,59883.0,81831.0,-1877.0,5540066100.0,8.099999999999999e-05,1700.0,1700.0,-0.10170035290343282,0.15495668912415783,-0.10170035290343282,0.09079242861726011,0.09079242861726011,8743.0,10579.0,-0.09502121933547251,400.0,0.25665704202759065,volume_wall,1700.0,0.09079242861726011,above_price_wall
COMMODITY,jm,jm,DCE,2612,,,,,,,1504.0,,,1680.0,1080.0,,,,1600.0,,,,,,,,1160.0,133.0,343680.0,,,,,,,,,,,,,,,,,,,,,,,,,,,,,,,,,,,,,,,,,,,,,,,,,,,,,,,,COMMODITY,jm,jm2612,1504.0,24470.0,70328.0,-87.0,2195192900.0,-4.3e-05,1500.0,1600.0,0.06382978723404253,0.11702127659574457,-0.28191489361702127,-0.0026595744680850686,0.06382978723404253,602.0,558.0,0.03793103448275862,600.0,0.39893617021276595,volume_wall,1500.0,-0.0026595744680850686,below_price_wall
COMMODITY,jm,jm,DCE,2701,,,,,,,1588.0,,,1800.0,1360.0,,,,1800.0,,,,,,,,133439.0,87978.0,333366006.0,,,,,,,,,,,,,,,,,,,,,,,,,,,,,,,,,,,,,,,,,,,,,,,,,,,,,,,,COMMODITY,jm,jm2701,1588.0,697386.0,489696.0,2984.0,66422446000.0,-0.000152,1800.0,1600.0,0.1335012594458438,0.1335012594458438,-0.1435768261964736,0.1335012594458438,0.007556675062972307,76980.0,56459.0,0.15378562489227288,440.0,0.2770780856423174,amount_wall,1600.0,0.007556675062972307,below_price_wall
COMMODITY,jm,jm,DCE,2702,,,,,,,1559.0,,,1840.0,1200.0,,,,1800.0,,,,,,,,583.0,51.0,415908.0,,,,,,,,,,,,,,,,,,,,,,,,,,,,,,,,,,,,,,,,,,,,,,,,,,,,,,,,COMMODITY,jm,jm2702,1559.0,3222.0,29271.0,88.0,301736520.0,-0.00017,1800.0,1800.0,0.15458627325208463,0.18024374599101978,-0.2302758178319435,0.15458627325208463,0.15458627325208463,268.0,315.0,-0.08061749571183534,640.0,0.41051956382296345,price_wall,1800.0,0.15458627325208463,below_price_wall
COMMODITY,jm,jm,DCE,2703,,,,,,,1528.5,,,1800.0,1280.0,,,,1720.0,,,,,,,,609.0,46.0,166722.0,,,,,,,,,,,,,,,,,,,,,,,,,,,,,,,,,,,,,,,,,,,,,,,,,,,,,,,,COMMODITY,jm,jm2703,1528.5,1958.0,12098.0,354.0,180003390.0,-0.000177,1840.0,1720.0,0.12528622832842662,0.17762512266928354,-0.16257769054628723,0.20379456983971211,0.12528622832842662,323.0,286.0,0.060755336617405585,520.0,0.34020281321557083,price_wall,1720.0,0.12528622832842662,below_price_wall
COMMODITY,jm,jm,DCE,2704,,,,,,,1502.5,,,1880.0,1280.0,,,,1760.0,,,,,,,,341.0,56.0,170706.0,,,,,,,,,,,,,,,,,,,,,,,,,,,,,,,,,,,,,,,,,,,,,,,,,,,,,,,,COMMODITY,jm,jm2704,1502.5,286.0,902.0,18.0,25916790.0,-0.00023099999999999998,1760.0,1760.0,0.17138103161397678,0.2512479201331115,-0.14808652246256238,0.17138103161397678,0.17138103161397678,192.0,149.0,0.12609970674486803,600.0,0.39933444259567386,put_oi_wall,1280.0,-0.14808652246256238,below_price_wall
COMMODITY,jm,jm,DCE,2705,,,,,,,1482.0,,,1880.0,1320.0,,,,1880.0,,,,,,,,834.0,51.0,147552.0,,,,,,,,,,,,,,,,,,,,,,,,,,,,,,,,,,,,,,,,,,,,,,,,,,,,,,,,COMMODITY,jm,jm2705,1482.0,27151.0,47566.0,-929.0,2424992100.0,-0.000285,1680.0,1680.0,0.26855600539811064,0.26855600539811064,-0.10931174089068829,0.1336032388663968,0.1336032388663968,693.0,141.0,0.6618705035971223,560.0,0.37786774628879893,put_oi_wall,1320.0,-0.10931174089068829,below_price_wall
COMMODITY,jm,jm,DCE,2706,,,,,,,1482.5,,,1760.0,1440.0,,,,1320.0,,,,,,,,395.0,117.0,379602.0,,,,,,,,,,,,,,,,,,,,,,,,,,,,,,,,,,,,,,,,,,,,,,,,,,,,,,,,COMMODITY,jm,jm2706,1482.5,36.0,239.0,0.0,3223440.0,-0.00024,1280.0,1320.0,-0.10961214165261379,0.18718381112984828,-0.028667790893760592,-0.13659359190556497,-0.10961214165261379,80.0,315.0,-0.5949367088607594,320.0,0.21585160202360876,put_oi_wall,1440.0,-0.028667790893760592,above_price_wall
COMMODITY,jm,jm,DCE,2707,,,,,,,1480.0,,,1680.0,1240.0,,,,1760.0,,,,,,,,146.0,30.0,103956.0,,,,,,,,,,,,,,,,,,,,,,,,,,,,,,,,,,,,,,,,,,,,,,,,,,,,,,,,COMMODITY,jm,jm2707,1480.0,46.0,131.0,-3.0,4106220.0,-0.000208,1760.0,1760.0,0.18918918918918926,0.1351351351351351,-0.16216216216216217,0.18918918918918926,0.18918918918918926,36.0,110.0,-0.5068493150684932,440.0,0.2972972972972973,call_oi_wall,1680.0,0.1351351351351351,below_price_wall
COMMODITY,jm,jm,DCE,2708,,,,,,,1475.0,,,1800.0,1400.0,,,,1400.0,,,,,,,,23.0,0.0,0.0,,,,,,,,,,,,,,,,,,,,,,,,,,,,,,,,,,,,,,,,,,,,,,,,,,,,,,,,COMMODITY,jm,jm2708,1475.0,21.0,102.0,-3.0,1865070.0,-0.00023199999999999997,1240.0,1240.0,-0.05084745762711862,0.22033898305084754,-0.05084745762711862,-0.15932203389830513,-0.15932203389830513,11.0,12.0,-0.043478260869565216,400.0,0.2711864406779661,put_oi_wall,1400.0,-0.05084745762711862,above_price_wall
COMMODITY,l,l,DCE,2610,,,,,,,9123.0,,,8000.0,7600.0,,,,8000.0,,,,,,,,59788.0,72356.0,23616249.0,,,,,,,,,,,,,,,,,,,,,,,,,,,,,,,,,,,,,,,,,,,,,,,,,,,,,,,,COMMODITY,l,l2610,9123.0,58131.0,116874.0,-3940.0,2659649100.0,-8.2e-05,9300.0,9100.0,-0.12309547298037926,-0.12309547298037926,-0.16694069933136024,0.019401512660309095,-0.002521100515181396,23058.0,36730.0,-0.2286746504315247,400.0,0.04384522635098104,amount_wall,9100.0,-0.002521100515181396,above_price_wall
COMMODITY,l,l,DCE,2611,,,,,,,8982.0,,,9800.0,8300.0,,,,9000.0,,,,,,,,16037.0,10256.0,12687926.0,,,,,,,,,,,,,,,,,,,,,,,,,,,,,,,,,,,,,,,,,,,,,,,,,,,,,,,,COMMODITY,l,l2611,8982.0,41162.0,141355.0,2664.0,1855639900.0,-8.9e-05,9700.0,9000.0,0.002004008016031955,0.0910710309507905,-0.0759296370518815,0.07993765308394574,0.002004008016031955,8199.0,7838.0,0.02251044459686974,1500.0,0.16700066800267202,price_wall,9000.0,0.002004008016031955,near_price_wall
COMMODITY,l,l,DCE,2612,,,,,,,8795.0,,,8400.0,7500.0,,,,7800.0,,,,,,,,148.0,0.0,0.0,,,,,,,,,,,,,,,,,,,,,,,,,,,,,,,,,,,,,,,,,,,,,,,,,,,,,,,,COMMODITY,l,l2612,8795.0,14446.0,96287.0,2271.0,637867070.0,-8.999999999999999e-05,5600.0,5600.0,-0.11313246162592383,-0.04491188175099492,-0.14724275156338829,-0.3632745878339966,-0.3632745878339966,47.0,101.0,-0.36486486486486486,900.0,0.10233086981239341,call_oi_wall,8400.0,-0.04491188175099492,above_price_wall
COMMODITY,l,l,DCE,2701,,,,,,,8579.0,,,9800.0,9200.0,,,,9000.0,,,,,,,,16006.0,7920.0,13323498.0,,,,,,,,,,,,,,,,,,,,,,,,,,,,,,,,,,,,,,,,,,,,,,,,,,,,,,,,COMMODITY,l,l2701,8579.0,713501.0,447957.0,15708.0,30805004000.0,-0.000149,9200.0,9200.0,0.049073318568597646,0.1423242802191398,0.07238605898123329,0.07238605898123329,0.07238605898123329,9588.0,6418.0,0.19805073097588405,600.0,0.06993822123790652,price_wall,9000.0,0.049073318568597646,below_price_wall
COMMODITY,l,l,DCE,2702,,,,,,,8382.0,,,9000.0,7100.0,,,,7400.0,,,,,,,,387.0,6.0,4096.0,,,,,,,,,,,,,,,,,,,,,,,,,,,,,,,,,,,,,,,,,,,,,,,,,,,,,,,,COMMODITY,l,l2702,8382.0,6860.0,37795.0,1778.0,290260940.0,-0.00014000000000000001,7100.0,7400.0,-0.11715581006919584,0.07372942018611317,-0.1529467907420663,-0.1529467907420663,-0.11715581006919584,59.0,328.0,-0.6950904392764858,1900.0,0.22667621092817944,call_oi_wall,9000.0,0.07372942018611317,above_price_wall
COMMODITY,l,l,DCE,2703,,,,,,,8227.0,,,8200.0,7000.0,,,,7400.0,,,,,,,,110.0,3.0,3480.0,,,,,,,,,,,,,,,,,,,,,,,,,,,,,,,,,,,,,,,,,,,,,,,,,,,,,,,,COMMODITY,l,l2703,8227.0,25.0,358.0,10.0,1035310.0,-0.00019199999999999998,7400.0,7400.0,-0.1005226692597545,-0.00328187674729552,-0.149143065515984,-0.1005226692597545,-0.1005226692597545,13.0,97.0,-0.7636363636363637,1200.0,0.14586118876868848,call_oi_wall,8200.0,-0.00328187674729552,above_price_wall
COMMODITY,l,l,DCE,2704,,,,,,,8370.0,,,8800.0,7000.0,,,,7400.0,,,,,,,,105.0,2.0,2630.0,,,,,,,,,,,,,,,,,,,,,,,,,,,,,,,,,,,,,,,,,,,,,,,,,,,,,,,,COMMODITY,l,l2704,8370.0,3.0,125.0,0.0,125035.0,-2.7000000000000002e-05,7400.0,7400.0,-0.11589008363201914,0.05137395459976113,-0.16367980884109912,-0.11589008363201914,-0.11589008363201914,59.0,46.0,0.12380952380952381,1800.0,0.21505376344086022,call_oi_wall,8800.0,0.05137395459976113,above_price_wall
COMMODITY,l,l,DCE,2705,,,,,,,8092.0,,,8600.0,6600.0,,,,7000.0,,,,,,,,107.0,5.0,4983.0,,,,,,,,,,,,,,,,,,,,,,,,,,,,,,,,,,,,,,,,,,,,,,,,,,,,,,,,COMMODITY,l,l2705,8092.0,16358.0,20442.0,1744.0,668826010.0,-0.000205,7000.0,7000.0,-0.1349480968858131,0.0627780523974295,-0.18437963420662384,-0.1349480968858131,-0.1349480968858131,31.0,76.0,-0.4205607476635514,2000.0,0.24715768660405338,call_oi_wall,8600.0,0.0627780523974295,above_price_wall
COMMODITY,l,l,DCE,2706,,,,,,,8094.0,,,7600.0,6600.0,,,,6600.0,,,,,,,,15.0,0.0,0.0,,,,,,,,,,,,,,,,,,,,,,,,,,,,,,,,,,,,,,,,,,,,,,,,,,,,,,,,COMMODITY,l,l2706,8094.0,32.0,65.0,11.0,1299290.0,-0.000252,6000.0,6000.0,-0.18458117123795403,-0.06103286384976525,-0.18458117123795403,-0.2587101556708673,-0.2587101556708673,8.0,7.0,0.06666666666666667,1000.0,0.12354830738818878,call_oi_wall,7600.0,-0.06103286384976525,above_price_wall
COMMODITY,l,l,DCE,2707,,,,,,,7965.0,,,6200.0,6400.0,,,,6400.0,,,,,,,,2.0,0.0,0.0,,,,,,,,,,,,,,,,,,,,,,,,,,,,,,,,,,,,,,,,,,,,,,,,,,,,,,,,COMMODITY,l,l2707,7965.0,26.0,61.0,7.0,1050670.0,-0.000303,6200.0,6200.0,-0.19648462021343382,-0.22159447583176395,-0.19648462021343382,-0.22159447583176395,-0.22159447583176395,0.0,2.0,-1.0,-200.0,-0.025109855618330193,put_oi_wall,6400.0,-0.19648462021343382,above_price_wall
COMMODITY,l,l,DCE,2708,,,,,,,7908.0,,,6400.0,7400.0,,,,7400.0,,,,,,,,6.0,0.0,0.0,,,,,,,,,,,,,,,,,,,,,,,,,,,,,,,,,,,,,,,,,,,,,,,,,,,,,,,,COMMODITY,l,l2708,7908.0,11.0,17.0,2.0,440765.0,-0.000427,6400.0,6400.0,-0.06423874557410214,-0.19069296914516942,-0.06423874557410214,-0.19069296914516942,-0.19069296914516942,0.0,6.0,-1.0,-1000.0,-0.12645422357106728,put_oi_wall,7400.0,-0.06423874557410214,above_price_wall
COMMODITY,lg,lg,DCE,2611,,,,,,,836.5,,,900.0,800.0,,,,900.0,,,,,,,,11698.0,2710.0,2620892.0,,,,,,,,,,,,,,,,,,,,,,,,,,,,,,,,,,,,,,,,,,,,,,,,,,,,,,,,COMMODITY,lg,lg2611,836.5,4383.0,14620.0,182.0,329577120.0,5.4000000000000005e-05,850.0,900.0,0.07591153616258217,0.07591153616258217,-0.04363419007770475,0.016138673042438656,0.07591153616258217,8369.0,3329.0,0.4308428791246367,100.0,0.1195457262402869,volume_wall,850.0,0.016138673042438656,below_price_wall
COMMODITY,lg,lg,DCE,2701,,,,,,,826.5,,,850.0,750.0,,,,850.0,,,,,,,,2225.0,219.0,56340.0,,,,,,,,,,,,,,,,,,,,,,,,,,,,,,,,,,,,,,,,,,,,,,,,,,,,,,,,COMMODITY,lg,lg2701,826.5,356.0,4452.0,33.0,26486235.0,3.6e-05,750.0,850.0,0.028433151845129956,0.028433151845129956,-0.09255898366606174,-0.09255898366606174,0.028433151845129956,1291.0,934.0,0.1604494382022472,100.0,0.12099213551119177,call_oi_wall,850.0,0.028433151845129956,below_price_wall
COMMODITY,lg,lg,DCE,2703,,,,,,,825.5,,,900.0,750.0,,,,900.0,,,,,,,,229.0,0.0,0.0,,,,,,,,,,,,,,,,,,,,,,,,,,,,,,,,,,,,,,,,,,,,,,,,,,,,,,,,COMMODITY,lg,lg2703,825.5,48.0,2874.0,4.0,3568095.0,3e-05,700.0,700.0,0.09024833434282242,0.09024833434282242,-0.09145972138098124,-0.1520290732889158,-0.1520290732889158,172.0,57.0,0.5021834061135371,150.0,0.18170805572380375,call_oi_wall,900.0,0.09024833434282242,below_price_wall
COMMODITY,lg,lg,DCE,2705,,,,,,,827.0,,,850.0,750.0,,,,800.0,,,,,,,,239.0,21.0,26528.0,,,,,,,,,,,,,,,,,,,,,,,,,,,,,,,,,,,,,,,,,,,,,,,,,,,,,,,,COMMODITY,lg,lg2705,827.0,82.0,2407.0,6.0,6106455.0,3.6e-05,800.0,800.0,-0.03264812575574361,0.027811366384522307,-0.09310761789600963,-0.03264812575574361,-0.03264812575574361,174.0,65.0,0.4560669456066946,100.0,0.12091898428053205,call_oi_wall,850.0,0.027811366384522307,above_price_wall
COMMODITY,lg,lg,DCE,2707,,,,,,,826.0,,,900.0,750.0,,,,900.0,,,,,,,,190.0,1.0,540.0,,,,,,,,,,,,,,,,,,,,,,,,,,,,,,,,,,,,,,,,,,,,,,,,,,,,,,,,COMMODITY,lg,lg2707,826.0,58.0,1273.0,18.0,4305420.0,4.9e-05,900.0,900.0,0.08958837772397099,0.08958837772397099,-0.09200968523002417,0.08958837772397099,0.08958837772397099,135.0,55.0,0.42105263157894735,150.0,0.18159806295399517,call_oi_wall,900.0,0.08958837772397099,below_price_wall
COMMODITY,lh,lh,DCE,2611,,,,,,,11475.0,,,15200.0,11000.0,,,,13000.0,,,,,,,,87022.0,65478.0,125997240.0,,,,,,,,,,,,,,,,,,,,,,,,,,,,,,,,,,,,,,,,,,,,,,,,,,,,,,,,COMMODITY,lh,lh2611,11475.0,172939.0,222145.0,-12041.0,31911961000.0,-1.7e-05,13000.0,12000.0,0.13289760348583868,0.3246187363834423,-0.04139433551198257,0.13289760348583868,0.045751633986928164,64514.0,22508.0,0.48270552274137574,4200.0,0.3660130718954248,put_oi_wall,11000.0,-0.04139433551198257,below_price_wall
COMMODITY,lh,lh,DCE,2701,,,,,,,12105.0,,,15200.0,11200.0,,,,14000.0,,,,,,,,30048.0,12371.0,61344960.0,,,,,,,,,,,,,,,,,,,,,,,,,,,,,,,,,,,,,,,,,,,,,,,,,,,,,,,,COMMODITY,lh,lh2701,12105.0,49366.0,126925.0,-879.0,9642585800.0,-0.000118,12800.0,12800.0,0.15654688145394458,0.2556794712928543,-0.07476249483684427,0.057414291615035085,0.057414291615035085,23933.0,6115.0,0.5929845580404686,4000.0,0.33044196612969845,volume_wall,12800.0,0.057414291615035085,below_price_wall
COMMODITY,lh,lh,DCE,2703,,,,,,,11910.0,,,14400.0,11200.0,,,,14400.0,,,,,,,,7341.0,1351.0,4882120.0,,,,,,,,,,,,,,,,,,,,,,,,,,,,,,,,,,,,,,,,,,,,,,,,,,,,,,,,COMMODITY,lh,lh2703,11910.0,35152.0,112113.0,3725.0,6760511900.0,-0.000222,12800.0,12800.0,0.20906801007556686,0.20906801007556686,-0.059613769941225914,0.07472712006717042,0.07472712006717042,6724.0,617.0,0.8319030104890341,3200.0,0.2686817800167926,put_oi_wall,11200.0,-0.059613769941225914,below_price_wall
COMMODITY,lh,lh,DCE,2705,,,,,,,12975.0,,,16000.0,12000.0,,,,16000.0,,,,,,,,2456.0,345.0,995760.0,,,,,,,,,,,,,,,,,,,,,,,,,,,,,,,,,,,,,,,,,,,,,,,,,,,,,,,,COMMODITY,lh,lh2705,12975.0,17158.0,48692.0,-1207.0,3588677900.0,-0.000196,16000.0,14000.0,0.23314065510597293,0.23314065510597293,-0.07514450867052025,0.23314065510597293,0.07899807321772645,2043.0,413.0,0.6636807817589576,4000.0,0.30828516377649323,put_oi_wall,12000.0,-0.07514450867052025,below_price_wall
COMMODITY,lh,lh,DCE,2707,,,,,,,13695.0,,,15600.0,12400.0,,,,15600.0,,,,,,,,708.0,221.0,1249880.0,,,,,,,,,,,,,,,,,,,,,,,,,,,,,,,,,,,,,,,,,,,,,,,,,,,,,,,,COMMODITY,lh,lh2707,13695.0,11300.0,31024.0,979.0,2483639400.0,-0.00016199999999999998,15600.0,13200.0,0.13910186199342833,0.13910186199342833,-0.0945600584154801,0.13910186199342833,-0.03614457831325302,426.0,282.0,0.2033898305084746,3200.0,0.23366192040890837,amount_wall,13200.0,-0.03614457831325302,below_price_wall
COMMODITY,m,m,DCE,2611,,,,,,,3333.0,,,3400.0,3100.0,,,,3200.0,,,,,,,,236720.0,208218.0,71176830.0,,,,,,,,,,,,,,,,,,,,,,,,,,,,,,,,,,,,,,,,,,,,,,,,,,,,,,,,COMMODITY,m,m2611,3333.0,158281.0,602479.0,-4641.0,5319124400.0,-0.000194,3200.0,3350.0,-0.03990399039903991,0.020102010201020093,-0.06990699069906992,-0.03990399039903991,0.005100510051005092,100191.0,136529.0,-0.15350625211220006,300.0,0.09000900090009001,amount_wall,3350.0,0.005100510051005092,above_price_wall
COMMODITY,m,m,DCE,2612,,,,,,,3368.0,,,3500.0,3250.0,,,,3500.0,,,,,,,,25426.0,14529.0,9988735.0,,,,,,,,,,,,,,,,,,,,,,,,,,,,,,,,,,,,,,,,,,,,,,,,,,,,,,,,COMMODITY,m,m2612,3368.0,27840.0,287139.0,1765.0,945968270.0,-0.000201,3500.0,3500.0,0.039192399049881255,0.039192399049881255,-0.03503562945368166,0.039192399049881255,0.039192399049881255,9686.0,15740.0,-0.23810272948949893,250.0,0.07422802850356294,put_oi_wall,3250.0,-0.03503562945368166,below_price_wall
COMMODITY,m,m,DCE,2701,,,,,,,3361.0,,,3300.0,3250.0,,,,3350.0,,,,,,,,411629.0,145823.0,86430205.0,,,,,,,,,,,,,,,,,,,,,,,,,,,,,,,,,,,,,,,,,,,,,,,,,,,,,,,,COMMODITY,m,m2701,3361.0,1706690.0,2677929.0,-55842.0,57770053000.0,-0.000178,3350.0,3350.0,-0.003272835465635282,-0.018149360309431706,-0.03302588515322824,-0.003272835465635282,-0.003272835465635282,121466.0,290163.0,-0.40982778181323476,50.0,0.01487652484379649,price_wall,3350.0,-0.003272835465635282,near_price_wall
COMMODITY,m,m,DCE,2703,,,,,,,3305.0,,,3300.0,2900.0,,,,2900.0,,,,,,,,1485.0,8.0,395.0,,,,,,,,,,,,,,,,,,,,,,,,,,,,,,,,,,,,,,,,,,,,,,,,,,,,,,,,COMMODITY,m,m2703,3305.0,40584.0,361463.0,1853.0,1351900900.0,-0.000184,2600.0,2600.0,-0.1225416036308623,-0.001512859304084735,-0.1225416036308623,-0.2133131618759455,-0.2133131618759455,819.0,666.0,0.10303030303030303,400.0,0.12102874432677761,call_oi_wall,3300.0,-0.001512859304084735,above_price_wall
COMMODITY,m,m,DCE,2705,,,,,,,2983.0,,,3100.0,2800.0,,,,2800.0,,,,,,,,40056.0,3601.0,2047775.0,,,,,,,,,,,,,,,,,,,,,,,,,,,,,,,,,,,,,,,,,,,,,,,,,,,,,,,,COMMODITY,m,m2705,2983.0,279545.0,817610.0,21753.0,8400516700.0,-0.000197,2800.0,2900.0,-0.061347636607442135,0.03922225947033198,-0.061347636607442135,-0.061347636607442135,-0.02782433791485084,6816.0,33240.0,-0.6596764529658478,300.0,0.10056989607777406,amount_wall,2900.0,-0.02782433791485084,above_price_wall
COMMODITY,m,m,DCE,2707,,,,,,,2936.0,,,3000.0,2600.0,,,,2600.0,,,,,,,,764.0,10.0,6025.0,,,,,,,,,,,,,,,,,,,,,,,,,,,,,,,,,,,,,,,,,,,,,,,,,,,,,,,,COMMODITY,m,m2707,2936.0,18591.0,239275.0,3836.0,549545110.0,-0.000184,3300.0,3300.0,-0.114441416893733,0.021798365122615904,-0.114441416893733,0.12397820163487738,0.12397820163487738,161.0,603.0,-0.5785340314136126,400.0,0.1362397820163488,call_oi_wall,3000.0,0.021798365122615904,above_price_wall
COMMODITY,m,m,DCE,2708,,,,,,,3085.0,,,3300.0,2700.0,,,,3300.0,,,,,,,,49.0,0.0,0.0,,,,,,,,,,,,,,,,,,,,,,,,,,,,,,,,,,,,,,,,,,,,,,,,,,,,,,,,COMMODITY,m,m2708,3085.0,9733.0,48711.0,3627.0,302266600.0,-0.000156,2700.0,2700.0,0.06969205834683945,0.06969205834683945,-0.12479740680713125,-0.12479740680713125,-0.12479740680713125,29.0,20.0,0.1836734693877551,600.0,0.19448946515397084,call_oi_wall,3300.0,0.06969205834683945,below_price_wall
COMMODITY,p,p,DCE,2610,,,,,,,9589.0,,,10000.0,9500.0,,,,9800.0,,,,,,,,145571.0,368996.0,101734570.0,,,,,,,,,,,,,,,,,,,,,,,,,,,,,,,,,,,,,,,,,,,,,,,,,,,,,,,,COMMODITY,p,p2610,9589.0,17254.0,35518.0,-6087.0,1659386400.0,-0.000125,9500.0,9600.0,0.022004380018771474,0.042861612264052606,-0.009281468349150113,-0.009281468349150113,0.0011471477734905644,91203.0,54368.0,0.25303803642208955,500.0,0.05214308061320263,amount_wall,9600.0,0.0011471477734905644,below_price_wall
COMMODITY,p,p,DCE,2611,,,,,,,9692.0,,,11600.0,9400.0,,,,11600.0,,,,,,,,37269.0,14330.0,10189855.0,,,,,,,,,,,,,,,,,,,,,,,,,,,,,,,,,,,,,,,,,,,,,,,,,,,,,,,,COMMODITY,p,p2611,9692.0,9238.0,55885.0,144.0,896781230.0,-0.000129,11600.0,10000.0,0.19686339248865048,0.19686339248865048,-0.030127940569541933,0.19686339248865048,0.03177878662814693,21358.0,15911.0,0.14615363975421933,2200.0,0.22699133305819233,put_oi_wall,9400.0,-0.030127940569541933,below_price_wall
COMMODITY,p,p,DCE,2612,,,,,,,9871.0,,,11200.0,7200.0,,,,9900.0,,,,,,,,518.0,4.0,11400.0,,,,,,,,,,,,,,,,,,,,,,,,,,,,,,,,,,,,,,,,,,,,,,,,,,,,,,,,COMMODITY,p,p2612,9871.0,2648.0,38853.0,57.0,261698940.0,-0.000121,9900.0,9900.0,0.002937898895755353,0.13463681491236956,-0.27059061898490533,0.002937898895755353,0.002937898895755353,382.0,136.0,0.4749034749034749,4000.0,0.40522743389727484,price_wall,9900.0,0.002937898895755353,near_price_wall
COMMODITY,p,p,DCE,2701,,,,,,,10025.0,,,11600.0,9800.0,,,,10000.0,,,,,,,,132815.0,52208.0,98827590.0,,,,,,,,,,,,,,,,,,,,,,,,,,,,,,,,,,,,,,,,,,,,,,,,,,,,,,,,COMMODITY,p,p2701,10025.0,482706.0,579087.0,-4183.0,48454542000.0,-0.000124,10600.0,10600.0,-0.0024937655860348684,0.1571072319201996,-0.02244389027431426,0.057356608478803084,0.057356608478803084,59775.0,73040.0,-0.09987576704438504,1800.0,0.17955112219451372,price_wall,10000.0,-0.0024937655860348684,near_price_wall
COMMODITY,p,p,DCE,2702,,,,,,,10174.0,,,11600.0,8800.0,,,,10800.0,,,,,,,,218.0,3.0,13720.0,,,,,,,,,,,,,,,,,,,,,,,,,,,,,,,,,,,,,,,,,,,,,,,,,,,,,,,,COMMODITY,p,p2702,10174.0,2667.0,33244.0,281.0,271243230.0,-9.2e-05,10800.0,10800.0,0.06152938863770396,0.14016119520345982,-0.13505012777668568,0.06152938863770396,0.06152938863770396,178.0,40.0,0.6330275229357798,2800.0,0.27521132298014545,price_wall,10800.0,0.06152938863770396,below_price_wall
COMMODITY,p,p,DCE,2703,,,,,,,10329.0,,,10800.0,9000.0,,,,10800.0,,,,,,,,707.0,15.0,47735.0,,,,,,,,,,,,,,,,,,,,,,,,,,,,,,,,,,,,,,,,,,,,,,,,,,,,,,,,COMMODITY,p,p2703,10329.0,3531.0,30061.0,452.0,364530770.0,-9.7e-05,10800.0,10800.0,0.045599767644496136,0.045599767644496136,-0.1286668602962533,0.045599767644496136,0.045599767644496136,658.0,49.0,0.8613861386138614,1800.0,0.17426662794074935,call_oi_wall,10800.0,0.045599767644496136,below_price_wall
COMMODITY,p,p,DCE,2704,,,,,,,10411.0,,,11600.0,9400.0,,,,11600.0,,,,,,,,423.0,0.0,0.0,,,,,,,,,,,,,,,,,,,,,,,,,,,,,,,,,,,,,,,,,,,,,,,,,,,,,,,,COMMODITY,p,p2704,10411.0,81.0,342.0,7.0,8464400.0,-0.000138,8200.0,8200.0,0.11420612813370479,0.11420612813370479,-0.09710882720199787,-0.2123715301123812,-0.2123715301123812,335.0,88.0,0.5839243498817966,2200.0,0.21131495533570263,put_oi_wall,9400.0,-0.09710882720199787,below_price_wall
COMMODITY,p,p,DCE,2705,,,,,,,10502.0,,,11200.0,10000.0,,,,11200.0,,,,,,,,14136.0,3028.0,12822210.0,,,,,,,,,,,,,,,,,,,,,,,,,,,,,,,,,,,,,,,,,,,,,,,,,,,,,,,,COMMODITY,p,p2705,10502.0,142452.0,277663.0,1316.0,14969790000.0,-0.000115,11200.0,11200.0,0.06646353075604639,0.06646353075604639,-0.04780041896781562,0.06646353075604639,0.06646353075604639,10321.0,3815.0,0.460243350311262,1200.0,0.11426394972386213,put_oi_wall,10000.0,-0.04780041896781562,below_price_wall
COMMODITY,p,p,DCE,2706,,,,,,,10510.0,,,12000.0,8400.0,,,,12000.0,,,,,,,,145.0,0.0,0.0,,,,,,,,,,,,,,,,,,,,,,,,,,,,,,,,,,,,,,,,,,,,,,,,,,,,,,,,COMMODITY,p,p2706,10510.0,164.0,169.0,-23.0,17234700.0,-8.7e-05,8400.0,8400.0,0.1417697431018079,0.1417697431018079,-0.20076117982873454,-0.20076117982873454,-0.20076117982873454,108.0,37.0,0.4896551724137931,3600.0,0.3425309229305423,call_oi_wall,12000.0,0.1417697431018079,below_price_wall
COMMODITY,p,p,DCE,2707,,,,,,,10501.0,,,12000.0,9200.0,,,,9200.0,,,,,,,,70.0,53.0,54095.0,,,,,,,,,,,,,,,,,,,,,,,,,,,,,,,,,,,,,,,,,,,,,,,,,,,,,,,,COMMODITY,p,p2707,10501.0,166.0,820.0,-3.0,17440830.0,-9.499999999999999e-05,9200.0,9200.0,-0.12389296257499283,0.1427483096847919,-0.12389296257499283,-0.12389296257499283,-0.12389296257499283,32.0,38.0,-0.08571428571428572,2800.0,0.2666412722597848,put_oi_wall,9200.0,-0.12389296257499283,above_price_wall
COMMODITY,p,p,DCE,2708,,,,,,,10498.0,,,10800.0,10000.0,,,,9400.0,,,,,,,,62.0,37.0,68160.0,,,,,,,,,,,,,,,,,,,,,,,,,,,,,,,,,,,,,,,,,,,,,,,,,,,,,,,,COMMODITY,p,p2708,10498.0,169.0,471.0,-12.0,17725990.0,-8.7e-05,9000.0,9400.0,-0.10459135073347303,0.028767384263669316,-0.04743760716326917,-0.14269384644694227,-0.10459135073347303,19.0,43.0,-0.3870967741935484,800.0,0.07620499142693847,call_oi_wall,10800.0,0.028767384263669316,above_price_wall
COMMODITY,pg,pg,DCE,2610,,,,,,,7058.0,,,7200.0,5000.0,,,,6500.0,,,,,,,,43229.0,83433.0,67384436.0,,,,,,,,,,,,,,,,,,,,,,,,,,,,,,,,,,,,,,,,,,,,,,,,,,,,,,,,COMMODITY,pg,pg2610,7058.0,202795.0,90398.0,-83.0,28564640000.0,8e-05,7200.0,7200.0,-0.07905922357608386,0.020119013884953185,-0.2915840181354491,0.020119013884953185,0.020119013884953185,15777.0,27452.0,-0.27007333040320153,2200.0,0.3117030320204024,call_oi_wall,7200.0,0.020119013884953185,above_price_wall
COMMODITY,pg,pg,DCE,2611,,,,,,,6841.0,,,7700.0,7000.0,,,,7000.0,,,,,,,,8742.0,4170.0,18877464.0,,,,,,,,,,,,,,,,,,,,,,,,,,,,,,,,,,,,,,,,,,,,,,,,,,,,,,,,COMMODITY,pg,pg2611,6841.0,67458.0,92662.0,6146.0,9212585300.0,5.1000000000000006e-05,7700.0,7000.0,0.02324221605028498,0.1255664376553136,0.02324221605028498,0.1255664376553136,0.02324221605028498,3771.0,4971.0,-0.13726835964310227,700.0,0.1023242216050285,put_oi_wall,7000.0,0.02324221605028498,below_price_wall
COMMODITY,pg,pg,DCE,2612,,,,,,,6559.0,,,4200.0,3600.0,,,,4200.0,,,,,,,,108.0,2.0,57436.0,,,,,,,,,,,,,,,,,,,,,,,,,,,,,,,,,,,,,,,,,,,,,,,,,,,,,,,,COMMODITY,pg,pg2612,6559.0,13777.0,45847.0,1652.0,1805768600.0,4.4000000000000006e-05,4200.0,4200.0,-0.3596584845250801,-0.3596584845250801,-0.45113584387864003,-0.3596584845250801,-0.3596584845250801,44.0,64.0,-0.18518518518518517,600.0,0.09147735935356,call_oi_wall,4200.0,-0.3596584845250801,above_price_wall
COMMODITY,pg,pg,DCE,2701,,,,,,,6239.0,,,3900.0,5250.0,,,,5250.0,,,,,,,,123.0,247.0,507764.0,,,,,,,,,,,,,,,,,,,,,,,,,,,,,,,,,,,,,,,,,,,,,,,,,,,,,,,,COMMODITY,pg,pg2701,6239.0,1687.0,3061.0,150.0,210028820.0,3.1e-05,5150.0,5250.0,-0.158518993428434,-0.3748998236896939,-0.158518993428434,-0.17454720307741622,-0.158518993428434,17.0,106.0,-0.7235772357723578,-1350.0,-0.21638083026125982,put_oi_wall,5250.0,-0.158518993428434,above_price_wall
COMMODITY,pg,pg,DCE,2702,,,,,,,5895.0,,,6600.0,3800.0,,,,6600.0,,,,,,,,69.0,0.0,0.0,,,,,,,,,,,,,,,,,,,,,,,,,,,,,,,,,,,,,,,,,,,,,,,,,,,,,,,,COMMODITY,pg,pg2702,5895.0,2459.0,11073.0,648.0,290263720.0,-2e-06,3700.0,3700.0,0.11959287531806617,0.11959287531806617,-0.35538592027141647,-0.3723494486853266,-0.3723494486853266,62.0,7.0,0.7971014492753623,2800.0,0.47497879558948264,call_oi_wall,6600.0,0.11959287531806617,below_price_wall
COMMODITY,pg,pg,DCE,2703,,,,,,,5567.0,,,5200.0,4600.0,,,,4400.0,,,,,,,,195.0,26.0,49620.0,,,,,,,,,,,,,,,,,,,,,,,,,,,,,,,,,,,,,,,,,,,,,,,,,,,,,,,,COMMODITY,pg,pg2703,5567.0,321.0,1401.0,28.0,35675880.0,-6.8e-05,4300.0,4300.0,-0.2096281659780851,-0.06592419615591882,-0.17370217352254358,-0.22759116220585596,-0.22759116220585596,93.0,102.0,-0.046153846153846156,600.0,0.10777797736662476,call_oi_wall,5200.0,-0.06592419615591882,above_price_wall
COMMODITY,pg,pg,DCE,2704,,,,,,,5706.0,,,6000.0,4900.0,,,,6000.0,,,,,,,,176.0,0.0,0.0,,,,,,,,,,,,,,,,,,,,,,,,,,,,,,,,,,,,,,,,,,,,,,,,,,,,,,,,COMMODITY,pg,pg2704,5706.0,512.0,3119.0,166.0,57926200.0,3.5000000000000004e-05,4100.0,4100.0,0.05152471083070442,0.05152471083070442,-0.14125481948825802,-0.28145811426568523,-0.28145811426568523,123.0,53.0,0.3977272727272727,1100.0,0.1927795303189625,call_oi_wall,6000.0,0.05152471083070442,below_price_wall
COMMODITY,pg,pg,DCE,2705,,,,,,,5521.0,,,5700.0,4100.0,,,,5000.0,,,,,,,,307.0,61.0,405292.0,,,,,,,,,,,,,,,,,,,,,,,,,,,,,,,,,,,,,,,,,,,,,,,,,,,,,,,,COMMODITY,pg,pg2705,5521.0,86.0,182.0,-7.0,9452760.0,3.3e-05,5000.0,5000.0,-0.09436696250679222,0.032421662742256885,-0.25738090925556967,-0.09436696250679222,-0.09436696250679222,127.0,180.0,-0.17263843648208468,1600.0,0.2898025719978265,call_oi_wall,5700.0,0.032421662742256885,above_price_wall
COMMODITY,pg,pg,DCE,2706,,,,,,,5298.0,,,5200.0,4600.0,,,,5000.0,,,,,,,,107.0,191.0,1036496.0,,,,,,,,,,,,,,,,,,,,,,,,,,,,,,,,,,,,,,,,,,,,,,,,,,,,,,,,COMMODITY,pg,pg2706,5298.0,88.0,67.0,2.0,9394000.0,-0.000212,4700.0,5000.0,-0.05624764061910159,-0.01849754624386557,-0.1317478293695734,-0.1128727821819554,-0.05624764061910159,13.0,94.0,-0.7570093457943925,600.0,0.11325028312570781,call_oi_wall,5200.0,-0.01849754624386557,above_price_wall
COMMODITY,pg,pg,DCE,2707,,,,,,,5215.0,,,5300.0,4100.0,,,,4100.0,,,,,,,,126.0,31.0,120452.0,,,,,,,,,,,,,,,,,,,,,,,,,,,,,,,,,,,,,,,,,,,,,,,,,,,,,,,,COMMODITY,pg,pg2707,5215.0,80.0,62.0,-20.0,8379920.0,-0.000155,4100.0,4100.0,-0.21380632790028764,0.016299137104506256,-0.21380632790028764,-0.21380632790028764,-0.21380632790028764,25.0,101.0,-0.6031746031746031,1200.0,0.23010546500479387,call_oi_wall,5300.0,0.016299137104506256,above_price_wall
COMMODITY,pg,pg,DCE,2708,,,,,,,5120.0,,,5500.0,4200.0,,,,4200.0,,,,,,,,23.0,0.0,0.0,,,,,,,,,,,,,,,,,,,,,,,,,,,,,,,,,,,,,,,,,,,,,,,,,,,,,,,,COMMODITY,pg,pg2708,5120.0,16.0,44.0,2.0,1650900.0,-5.4000000000000005e-05,4200.0,4200.0,-0.1796875,0.07421875,-0.1796875,-0.1796875,-0.1796875,7.0,16.0,-0.391304347826087,1300.0,0.25390625,call_oi_wall,5500.0,0.07421875,above_price_wall
COMMODITY,pp,pp,DCE,2610,,,,,,,9674.0,,,10000.0,8000.0,,,,9500.0,,,,,,,,61954.0,85164.0,33096330.0,,,,,,,,,,,,,,,,,,,,,,,,,,,,,,,,,,,,,,,,,,,,,,,,,,,,,,,,COMMODITY,pp,pp2610,9674.0,75124.0,113990.0,-2428.0,3637296100.0,-7e-06,9500.0,9500.0,-0.01798635517882985,0.0336985734959685,-0.1730411412032251,-0.01798635517882985,-0.01798635517882985,22609.0,39345.0,-0.2701359072860509,2000.0,0.20673971469919372,price_wall,9500.0,-0.01798635517882985,above_price_wall
COMMODITY,pp,pp,DCE,2611,,,,,,,9421.0,,,9800.0,8000.0,,,,8000.0,,,,,,,,25633.0,21041.0,26064319.0,,,,,,,,,,,,,,,,,,,,,,,,,,,,,,,,,,,,,,,,,,,,,,,,,,,,,,,,COMMODITY,pp,pp2611,9421.0,69797.0,143017.0,2369.0,3291326700.0,-2.8999999999999997e-05,9800.0,9800.0,-0.15083324487846306,0.04022927502388285,-0.15083324487846306,0.04022927502388285,0.04022927502388285,10121.0,15512.0,-0.21031482854133343,1800.0,0.19106251990234582,call_oi_wall,9800.0,0.04022927502388285,above_price_wall
COMMODITY,pp,pp,DCE,2612,,,,,,,9104.0,,,7600.0,5600.0,,,,5600.0,,,,,,,,413.0,1.0,158.0,,,,,,,,,,,,,,,,,,,,,,,,,,,,,,,,,,,,,,,,,,,,,,,,,,,,,,,,COMMODITY,pp,pp2612,9104.0,28448.0,94487.0,297.0,1300342800.0,-9.8e-05,7000.0,7000.0,-0.38488576449912126,-0.16520210896309317,-0.38488576449912126,-0.23110720562390163,-0.23110720562390163,118.0,295.0,-0.42857142857142855,2000.0,0.21968365553602812,call_oi_wall,7600.0,-0.16520210896309317,above_price_wall
COMMODITY,pp,pp,DCE,2701,,,,,,,8876.0,,,9000.0,8000.0,,,,8000.0,,,,,,,,17426.0,8476.0,12808955.0,,,,,,,,,,,,,,,,,,,,,,,,,,,,,,,,,,,,,,,,,,,,,,,,,,,,,,,,COMMODITY,pp,pp2701,8876.0,843842.0,647081.0,4661.0,37757687000.0,-0.000179,9900.0,9500.0,-0.09869310500225326,0.013970256872465114,-0.09869310500225326,0.11536728255971163,0.07030193780982419,8708.0,8718.0,-0.000573855158957879,1000.0,0.11266336187471834,call_oi_wall,9000.0,0.013970256872465114,above_price_wall
COMMODITY,pp,pp,DCE,2702,,,,,,,8612.0,,,9400.0,6200.0,,,,9400.0,,,,,,,,129.0,0.0,0.0,,,,,,,,,,,,,,,,,,,,,,,,,,,,,,,,,,,,,,,,,,,,,,,,,,,,,,,,COMMODITY,pp,pp2702,8612.0,5828.0,37795.0,681.0,253611590.0,-0.00019800000000000002,6000.0,6000.0,0.09150023223409187,0.09150023223409187,-0.2800743149094287,-0.3032977241058987,-0.3032977241058987,74.0,55.0,0.14728682170542637,3200.0,0.3715745471435207,call_oi_wall,9400.0,0.09150023223409187,below_price_wall
COMMODITY,pp,pp,DCE,2703,,,,,,,8442.0,,,8600.0,6000.0,,,,8600.0,,,,,,,,103.0,0.0,0.0,,,,,,,,,,,,,,,,,,,,,,,,,,,,,,,,,,,,,,,,,,,,,,,,,,,,,,,,COMMODITY,pp,pp2703,8442.0,128.0,181.0,-10.0,5482855.0,-0.00031099999999999997,6000.0,6000.0,0.018715944089078507,0.018715944089078507,-0.2892679459843639,-0.2892679459843639,-0.2892679459843639,99.0,4.0,0.9223300970873787,2600.0,0.3079838900734423,call_oi_wall,8600.0,0.018715944089078507,below_price_wall
COMMODITY,pp,pp,DCE,2704,,,,,,,8545.0,,,9200.0,7000.0,,,,7000.0,,,,,,,,80.0,0.0,0.0,,,,,,,,,,,,,,,,,,,,,,,,,,,,,,,,,,,,,,,,,,,,,,,,,,,,,,,,COMMODITY,pp,pp2704,8545.0,93.0,124.0,-25.0,3969755.0,-4.4000000000000006e-05,6000.0,6000.0,-0.18080748976009364,0.07665301345816267,-0.18080748976009364,-0.29783499122293744,-0.29783499122293744,64.0,16.0,0.6,2200.0,0.2574605032182563,call_oi_wall,9200.0,0.07665301345816267,above_price_wall
COMMODITY,pp,pp,DCE,2705,,,,,,,8245.0,,,7600.0,6000.0,,,,7600.0,,,,,,,,29.0,0.0,0.0,,,,,,,,,,,,,,,,,,,,,,,,,,,,,,,,,,,,,,,,,,,,,,,,,,,,,,,,COMMODITY,pp,pp2705,8245.0,23819.0,64547.0,1937.0,989995540.0,-0.000183,6000.0,6000.0,-0.07822922983626446,-0.07822922983626446,-0.2722862340812614,-0.2722862340812614,-0.2722862340812614,17.0,12.0,0.1724137931034483,1600.0,0.19405700424499697,call_oi_wall,7600.0,-0.07822922983626446,above_price_wall
COMMODITY,pp,pp,DCE,2706,,,,,,,8071.0,,,8200.0,6000.0,,,,6000.0,,,,,,,,19.0,0.0,0.0,,,,,,,,,,,,,,,,,,,,,,,,,,,,,,,,,,,,,,,,,,,,,,,,,,,,,,,,COMMODITY,pp,pp2706,8071.0,69.0,275.0,-5.0,2797325.0,-0.000139,6000.0,6000.0,-0.25659769545285593,0.015983149547763587,-0.25659769545285593,-0.25659769545285593,-0.25659769545285593,5.0,14.0,-0.47368421052631576,2200.0,0.2725808450006195,call_oi_wall,8200.0,0.015983149547763587,above_price_wall
COMMODITY,pp,pp,DCE,2707,,,,,,,7938.0,,,6200.0,6200.0,,,,6200.0,,,,,,,,3.0,0.0,0.0,,,,,,,,,,,,,,,,,,,,,,,,,,,,,,,,,,,,,,,,,,,,,,,,,,,,,,,,COMMODITY,pp,pp2707,7938.0,43.0,634.0,1.0,1712280.0,-0.000155,6200.0,6200.0,-0.21894683799445702,-0.21894683799445702,-0.21894683799445702,-0.21894683799445702,-0.21894683799445702,0.0,3.0,-1.0,0.0,0.0,call_oi_wall,6200.0,-0.21894683799445702,above_price_wall
COMMODITY,pp,pp,DCE,2708,,,,,,,7855.0,,,6400.0,6400.0,,,,6400.0,,,,,,,,1.0,0.0,0.0,,,,,,,,,,,,,,,,,,,,,,,,,,,,,,,,,,,,,,,,,,,,,,,,,,,,,,,,COMMODITY,pp,pp2708,7855.0,27.0,212.0,4.0,1063850.0,-8.5e-05,6400.0,6400.0,-0.18523233609166134,-0.18523233609166134,-0.18523233609166134,-0.18523233609166134,-0.18523233609166134,0.0,1.0,-1.0,0.0,0.0,call_oi_wall,6400.0,-0.18523233609166134,above_price_wall
COMMODITY,v,v,DCE,2610,,,,,,,4838.0,,,5300.0,4700.0,,,,4800.0,,,,,,,,375269.0,924808.0,120021622.0,,,,,,,,,,,,,,,,,,,,,,,,,,,,,,,,,,,,,,,,,,,,,,,,,,,,,,,,COMMODITY,v,v2610,4838.0,103403.0,166227.0,-14523.0,2525742600.0,-0.000277,4800.0,4900.0,-0.007854485324514271,0.09549400578751555,-0.028524183546920212,-0.007854485324514271,0.012815212897891781,216359.0,158910.0,0.15308751855335773,600.0,0.12401818933443572,price_wall,4800.0,-0.007854485324514271,above_price_wall
COMMODITY,v,v,DCE,2611,,,,,,,4874.0,,,6800.0,4500.0,,,,5000.0,,,,,,,,44739.0,31163.0,12708798.0,,,,,,,,,,,,,,,,,,,,,,,,,,,,,,,,,,,,,,,,,,,,,,,,,,,,,,,,COMMODITY,v,v2611,4874.0,48541.0,214721.0,6080.0,1194768500.0,-0.000268,5000.0,5000.0,0.025851456709068632,0.3951579811243331,-0.0767336889618383,0.025851456709068632,0.025851456709068632,25025.0,19714.0,0.11871074454055745,2300.0,0.4718916700861715,price_wall,5000.0,0.025851456709068632,below_price_wall
COMMODITY,v,v,DCE,2612,,,,,,,4918.0,,,5400.0,4350.0,,,,4950.0,,,,,,,,586.0,17.0,23121.0,,,,,,,,,,,,,,,,,,,,,,,,,,,,,,,,,,,,,,,,,,,,,,,,,,,,,,,,COMMODITY,v,v2612,4918.0,16079.0,144314.0,4401.0,398846060.0,-0.000258,4950.0,4950.0,0.006506710044733577,0.0980073200488003,-0.11549410329402199,0.006506710044733577,0.006506710044733577,353.0,233.0,0.20477815699658702,1050.0,0.2135014233428223,price_wall,4950.0,0.006506710044733577,below_price_wall
COMMODITY,v,v,DCE,2701,,,,,,,4952.0,,,5200.0,4500.0,,,,5200.0,,,,,,,,92817.0,43748.0,28831941.0,,,,,,,,,,,,,,,,,,,,,,,,,,,,,,,,,,,,,,,,,,,,,,,,,,,,,,,,COMMODITY,v,v2701,4952.0,2001879.0,1175518.0,19801.0,50085866000.0,-0.000262,5200.0,5200.0,0.050080775444264924,0.050080775444264924,-0.09127625201938616,0.050080775444264924,0.050080775444264924,59408.0,33409.0,0.2801103246172576,700.0,0.14135702746365106,call_oi_wall,5200.0,0.050080775444264924,below_price_wall
COMMODITY,v,v,DCE,2702,,,,,,,4991.0,,,6600.0,4550.0,,,,6600.0,,,,,,,,367.0,24.0,3970.0,,,,,,,,,,,,,,,,,,,,,,,,,,,,,,,,,,,,,,,,,,,,,,,,,,,,,,,,COMMODITY,v,v2702,4991.0,21331.0,73929.0,11475.0,534272890.0,-0.000241,6600.0,6600.0,0.32238028451212175,0.32238028451212175,-0.08835904628330993,0.32238028451212175,0.32238028451212175,290.0,77.0,0.5803814713896458,2050.0,0.4107393307954318,put_oi_wall,4550.0,-0.08835904628330993,below_price_wall
COMMODITY,v,v,DCE,2703,,,,,,,5025.0,,,6000.0,4300.0,,,,4600.0,,,,,,,,92.0,0.0,0.0,,,,,,,,,,,,,,,,,,,,,,,,,,,,,,,,,,,,,,,,,,,,,,,,,,,,,,,,COMMODITY,v,v2703,5025.0,1511.0,4879.0,3.0,38064385.0,-0.000207,4100.0,4100.0,-0.08457711442786064,0.19402985074626855,-0.14427860696517414,-0.1840796019900498,-0.1840796019900498,72.0,20.0,0.5652173913043478,1700.0,0.3383084577114428,price_wall,4600.0,-0.08457711442786064,above_price_wall
COMMODITY,v,v,DCE,2704,,,,,,,5229.0,,,6200.0,4700.0,,,,6400.0,,,,,,,,67.0,1.0,300.0,,,,,,,,,,,,,,,,,,,,,,,,,,,,,,,,,,,,,,,,,,,,,,,,,,,,,,,,COMMODITY,v,v2704,5229.0,235.0,3789.0,6.0,6171210.0,-0.000123,6400.0,6400.0,0.22394339261809137,0.18569516159877608,-0.10116657104608917,0.22394339261809137,0.22394339261809137,47.0,20.0,0.40298507462686567,1500.0,0.2868617326448652,put_oi_wall,4700.0,-0.10116657104608917,below_price_wall
COMMODITY,v,v,DCE,2705,,,,,,,5233.0,,,6000.0,5000.0,,,,6000.0,,,,,,,,111.0,0.0,0.0,,,,,,,,,,,,,,,,,,,,,,,,,,,,,,,,,,,,,,,,,,,,,,,,,,,,,,,,COMMODITY,v,v2705,5233.0,75886.0,168391.0,4117.0,1999923900.0,-0.00017600000000000002,4300.0,4300.0,0.14656984521307082,0.14656984521307082,-0.04452512898910754,-0.1782916109306325,-0.1782916109306325,79.0,32.0,0.42342342342342343,1000.0,0.19109497420217847,put_oi_wall,5000.0,-0.04452512898910754,below_price_wall
COMMODITY,v,v,DCE,2706,,,,,,,5264.0,,,5600.0,4500.0,,,,4500.0,,,,,,,,45.0,0.0,0.0,,,,,,,,,,,,,,,,,,,,,,,,,,,,,,,,,,,,,,,,,,,,,,,,,,,,,,,,COMMODITY,v,v2706,5264.0,149.0,904.0,-11.0,3931155.0,-0.000146,4300.0,4300.0,-0.14513677811550152,0.06382978723404253,-0.14513677811550152,-0.18313069908814594,-0.18313069908814594,17.0,28.0,-0.24444444444444444,1100.0,0.20896656534954408,call_oi_wall,5600.0,0.06382978723404253,above_price_wall
COMMODITY,v,v,DCE,2707,,,,,,,5267.0,,,5600.0,4800.0,,,,5600.0,,,,,,,,99.0,0.0,0.0,,,,,,,,,,,,,,,,,,,,,,,,,,,,,,,,,,,,,,,,,,,,,,,,,,,,,,,,COMMODITY,v,v2707,5267.0,205.0,693.0,5.0,5422100.0,-0.000153,4300.0,4300.0,0.06322384659198788,0.06322384659198788,-0.08866527434972471,-0.18359597493829505,-0.18359597493829505,71.0,28.0,0.43434343434343436,800.0,0.15188912094171256,call_oi_wall,5600.0,0.06322384659198788,below_price_wall
COMMODITY,v,v,DCE,2708,,,,,,,5304.0,,,5400.0,5400.0,,,,5400.0,,,,,,,,140.0,0.0,0.0,,,,,,,,,,,,,,,,,,,,,,,,,,,,,,,,,,,,,,,,,,,,,,,,,,,,,,,,COMMODITY,v,v2708,5304.0,203.0,359.0,-30.0,5387825.0,-0.000117,4300.0,4300.0,0.018099547511312153,0.018099547511312153,0.018099547511312153,-0.18929110105580693,-0.18929110105580693,65.0,75.0,-0.07142857142857142,0.0,0.0,call_oi_wall,5400.0,0.018099547511312153,below_price_wall
COMMODITY,y,y,DCE,2611,,,,,,,8887.0,,,9500.0,8500.0,,,,9500.0,,,,,,,,39145.0,22099.0,11869810.0,,,,,,,,,,,,,,,,,,,,,,,,,,,,,,,,,,,,,,,,,,,,,,,,,,,,,,,,COMMODITY,y,y2611,8887.0,20492.0,118548.0,479.0,1828359100.0,-0.000121,8500.0,9500.0,0.06897715764599988,0.06897715764599988,-0.043546753685158146,-0.043546753685158146,0.06897715764599988,19104.0,20041.0,-0.02393664580406182,1000.0,0.11252391133115787,put_oi_wall,8500.0,-0.043546753685158146,below_price_wall
COMMODITY,y,y,DCE,2612,,,,,,,8994.0,,,10000.0,8600.0,,,,8600.0,,,,,,,,13108.0,5150.0,5436095.0,,,,,,,,,,,,,,,,,,,,,,,,,,,,,,,,,,,,,,,,,,,,,,,,,,,,,,,,COMMODITY,y,y2612,8994.0,3729.0,104245.0,545.0,336210550.0,-0.00010200000000000001,8500.0,8900.0,-0.043806982432732955,0.11185234600845018,-0.043806982432732955,-0.05492550589281742,-0.010451412052479458,4529.0,8579.0,-0.308971620384498,1400.0,0.15565932844118302,amount_wall,8900.0,-0.010451412052479458,above_price_wall
COMMODITY,y,y,DCE,2701,,,,,,,9005.0,,,9200.0,8900.0,,,,8900.0,,,,,,,,59552.0,19059.0,18818885.0,,,,,,,,,,,,,,,,,,,,,,,,,,,,,,,,,,,,,,,,,,,,,,,,,,,,,,,,COMMODITY,y,y2701,9005.0,365317.0,690270.0,-14378.0,32968796000.0,-0.00010800000000000001,9000.0,9000.0,-0.011660188784008874,0.021654636313159337,-0.011660188784008874,-0.0005552470849528035,-0.0005552470849528035,23821.0,35731.0,-0.19999328318108545,300.0,0.03331482509716824,volume_wall,9000.0,-0.0005552470849528035,above_price_wall
COMMODITY,y,y,DCE,2703,,,,,,,8974.0,,,9800.0,8600.0,,,,9800.0,,,,,,,,1464.0,38.0,50080.0,,,,,,,,,,,,,,,,,,,,,,,,,,,,,,,,,,,,,,,,,,,,,,,,,,,,,,,,COMMODITY,y,y2703,8974.0,6695.0,99754.0,-347.0,602379440.0,-0.00010899999999999999,9800.0,9800.0,0.09204368174726985,0.09204368174726985,-0.04167595275239577,0.09204368174726985,0.09204368174726985,952.0,512.0,0.3005464480874317,1200.0,0.1337196344996657,put_oi_wall,8600.0,-0.04167595275239577,below_price_wall
COMMODITY,y,y,DCE,2705,,,,,,,8835.0,,,9200.0,8200.0,,,,9200.0,,,,,,,,1358.0,44.0,58810.0,,,,,,,,,,,,,,,,,,,,,,,,,,,,,,,,,,,,,,,,,,,,,,,,,,,,,,,,COMMODITY,y,y2705,8835.0,74411.0,276158.0,-2856.0,6591286100.0,-0.000131,9800.0,9800.0,0.04131295981890215,0.04131295981890215,-0.07187323146576119,0.10922467458970009,0.10922467458970009,868.0,490.0,0.27835051546391754,1000.0,0.11318619128466327,call_oi_wall,9200.0,0.04131295981890215,below_price_wall
COMMODITY,y,y,DCE,2707,,,,,,,8762.0,,,9000.0,7200.0,,,,9000.0,,,,,,,,155.0,0.0,0.0,,,,,,,,,,,,,,,,,,,,,,,,,,,,,,,,,,,,,,,,,,,,,,,,,,,,,,,,COMMODITY,y,y2707,8762.0,1203.0,46835.0,181.0,105686720.0,-0.000112,7200.0,7200.0,0.027162748230997513,0.027162748230997513,-0.178269801415202,-0.178269801415202,-0.178269801415202,84.0,71.0,0.08387096774193549,1800.0,0.2054325496461995,call_oi_wall,9000.0,0.027162748230997513,below_price_wall
COMMODITY,y,y,DCE,2708,,,,,,,8755.0,,,8800.0,7400.0,,,,8800.0,,,,,,,,43.0,0.0,0.0,,,,,,,,,,,,,,,,,,,,,,,,,,,,,,,,,,,,,,,,,,,,,,,,,,,,,,,,COMMODITY,y,y2708,8755.0,1568.0,15846.0,453.0,137654850.0,-0.000107,7400.0,7400.0,0.0051399200456880845,0.0051399200456880845,-0.15476870359794404,-0.15476870359794404,-0.15476870359794404,20.0,23.0,-0.06976744186046512,1400.0,0.1599086236436322,call_oi_wall,8800.0,0.0051399200456880845,below_price_wall
COMMODITY,lc,lc,GFEX,2611,,,,,,,132440.0,,,150000.0,120000.0,,,,150000.0,,,,,,,,97057.0,120660.0,359074860.0,,,,,,,,,,,,,,,,,,,,,,,,,,,,,,,,,,,,,,,,,,,,,,,,,,,,,,,,COMMODITY,lc,lc2611,132440.0,26874.0,127653.0,-1418.0,3591638900.0,-4.4999999999999996e-05,150000.0,130000.0,0.13258834189066748,0.13258834189066748,-0.09392932648746599,0.13258834189066748,-0.01842343702808824,61594.0,35463.0,0.2692335431756597,30000.0,0.2265176683781335,amount_wall,130000.0,-0.01842343702808824,below_price_wall
COMMODITY,lc,lc,GFEX,2612,,,,,,,132560.0,,,246000.0,87000.0,,,,144000.0,,,,,,,,1096.0,34.0,23360.0,,,,,,,,,,,,,,,,,,,,,,,,,,,,,,,,,,,,,,,,,,,,,,,,,,,,,,,,COMMODITY,lc,lc2612,132560.0,6240.0,33145.0,-470.0,836595780.0,-4.1e-05,87000.0,144000.0,0.08630054315027147,0.8557634278817139,-0.3436934218467109,-0.3436934218467109,0.08630054315027147,557.0,539.0,0.016423357664233577,159000.0,1.1994568497284248,price_wall,144000.0,0.08630054315027147,below_price_wall
COMMODITY,lc,lc,GFEX,2701,,,,,,,132340.0,,,160000.0,130000.0,,,,150000.0,,,,,,,,49938.0,22712.0,178102030.0,,,,,,,,,,,,,,,,,,,,,,,,,,,,,,,,,,,,,,,,,,,,,,,,,,,,,,,,COMMODITY,lc,lc2701,132340.0,122565.0,411577.0,3985.0,16371935000.0,-0.000121,150000.0,150000.0,0.13344415898443396,0.20900710291672953,-0.017681728880157177,0.13344415898443396,0.13344415898443396,31034.0,18904.0,0.24290119748488126,30000.0,0.2266888317968868,put_oi_wall,130000.0,-0.017681728880157177,below_price_wall
COMMODITY,lc,lc,GFEX,2702,,,,,,,130960.0,,,246000.0,120000.0,,,,110000.0,,,,,,,,616.0,16.0,60010.0,,,,,,,,,,,,,,,,,,,,,,,,,,,,,,,,,,,,,,,,,,,,,,,,,,,,,,,,COMMODITY,lc,lc2702,130960.0,279.0,2724.0,61.0,36822800.0,-0.00017999999999999998,110000.0,110000.0,-0.16004886988393408,0.8784361637141112,-0.08368967623701895,-0.16004886988393408,-0.16004886988393408,427.0,189.0,0.38636363636363635,126000.0,0.9621258399511301,put_oi_wall,120000.0,-0.08368967623701895,above_price_wall
COMMODITY,lc,lc,GFEX,2703,,,,,,,128640.0,,,244000.0,112000.0,,,,112000.0,,,,,,,,646.0,6.0,19310.0,,,,,,,,,,,,,,,,,,,,,,,,,,,,,,,,,,,,,,,,,,,,,,,,,,,,,,,,COMMODITY,lc,lc2703,128640.0,664.0,5239.0,442.0,86236680.0,-0.000207,104000.0,112000.0,-0.12935323383084574,0.8967661691542288,-0.12935323383084574,-0.1915422885572139,-0.12935323383084574,206.0,440.0,-0.3622291021671827,132000.0,1.0261194029850746,put_oi_wall,112000.0,-0.12935323383084574,above_price_wall
COMMODITY,lc,lc,GFEX,2704,,,,,,,129240.0,,,216000.0,126000.0,,,,118000.0,,,,,,,,599.0,19.0,136520.0,,,,,,,,,,,,,,,,,,,,,,,,,,,,,,,,,,,,,,,,,,,,,,,,,,,,,,,,COMMODITY,lc,lc2704,129240.0,357.0,10725.0,119.0,46485660.0,-0.000142,114000.0,118000.0,-0.08696997833488085,0.6713091922005572,-0.02506963788300831,-0.11792014856081712,-0.08696997833488085,313.0,286.0,0.045075125208681135,90000.0,0.6963788300835655,put_oi_wall,126000.0,-0.02506963788300831,above_price_wall
COMMODITY,lc,lc,GFEX,2705,,,,,,,129360.0,,,200000.0,108000.0,,,,128000.0,,,,,,,,1339.0,122.0,1847840.0,,,,,,,,,,,,,,,,,,,,,,,,,,,,,,,,,,,,,,,,,,,,,,,,,,,,,,,,COMMODITY,lc,lc2705,129360.0,13675.0,78060.0,2605.0,1791818300.0,-0.000172,128000.0,128000.0,-0.010513296227581903,0.5460729746444033,-0.16512059369202226,-0.010513296227581903,-0.010513296227581903,882.0,457.0,0.3174010455563854,92000.0,0.7111935683364254,price_wall,128000.0,-0.010513296227581903,above_price_wall
COMMODITY,lc,lc,GFEX,2706,,,,,,,129480.0,,,202000.0,106000.0,,,,114000.0,,,,,,,,674.0,43.0,332750.0,,,,,,,,,,,,,,,,,,,,,,,,,,,,,,,,,,,,,,,,,,,,,,,,,,,,,,,,COMMODITY,lc,lc2706,129480.0,533.0,4046.0,347.0,69570260.0,-0.000145,112000.0,114000.0,-0.1195551436515292,0.5600864998455359,-0.18134074760580787,-0.13500154464009884,-0.1195551436515292,248.0,426.0,-0.26409495548961426,96000.0,0.7414272474513438,price_wall,114000.0,-0.1195551436515292,above_price_wall
COMMODITY,lc,lc,GFEX,2707,,,,,,,,,,140000.0,118000.0,,,,140000.0,,,,,,,,50.0,0.0,0.0,,,,,,,,,,,,,,,,,,,,,,,,,,,,,,,,,,,,,,,,,,,,,,,,,,,,,,,,COMMODITY,lc,,,,,,,,108000.0,108000.0,,,,,,27.0,23.0,0.08,22000.0,,,,,unavailable
COMMODITY,lc,lc,GFEX,2708,,,,,,,135820.0,,,140000.0,110000.0,,,,140000.0,,,,,,,,21.0,0.0,0.0,,,,,,,,,,,,,,,,,,,,,,,,,,,,,,,,,,,,,,,,,,,,,,,,,,,,,,,,COMMODITY,lc,lc2708,135820.0,5.0,20.0,0.0,679100.0,-6.9e-05,110000.0,110000.0,0.03077602709468419,0.03077602709468419,-0.19010455013989103,-0.19010455013989103,-0.19010455013989103,21.0,0.0,1.0,30000.0,0.22088057723457516,call_oi_wall,140000.0,0.03077602709468419,below_price_wall
COMMODITY,pd,pd,GFEX,2612,,,,,,,308.0,,,672.0,288.0,,,,300.0,,,,,,,,460.0,40.0,291600.0,,,,,,,,,,,,,,,,,,,,,,,,,,,,,,,,,,,,,,,,,,,,,,,,,,,,,,,,COMMODITY,pd,pd2612,308.0,1762.0,6787.0,306.0,543554100.0,3.9e-05,300.0,300.0,-0.025974025974025983,1.1818181818181817,-0.06493506493506496,-0.025974025974025983,-0.025974025974025983,306.0,154.0,0.33043478260869563,384.0,1.2467532467532467,price_wall,300.0,-0.025974025974025983,above_price_wall
COMMODITY,pd,pd,GFEX,2702,,,,,,,310.75,,,568.0,256.0,,,,568.0,,,,,,,,193.0,0.0,0.0,,,,,,,,,,,,,,,,,,,,,,,,,,,,,,,,,,,,,,,,,,,,,,,,,,,,,,,,COMMODITY,pd,pd2702,310.75,56.0,674.0,-8.0,17415350.0,7.6e-05,212.0,212.0,0.827835880933226,0.827835880933226,-0.17618664521319394,-0.31777956556717624,-0.31777956556717624,159.0,34.0,0.6476683937823834,312.0,1.00402252614642,put_oi_wall,256.0,-0.17618664521319394,below_price_wall
COMMODITY,pd,pd,GFEX,2704,,,,,,,,,,488.0,240.0,,,,488.0,,,,,,,,123.0,0.0,0.0,,,,,,,,,,,,,,,,,,,,,,,,,,,,,,,,,,,,,,,,,,,,,,,,,,,,,,,,COMMODITY,pd,,,,,,,,216.0,216.0,,,,,,83.0,40.0,0.34959349593495936,248.0,,,,,unavailable
COMMODITY,pd,pd,GFEX,2706,,,,,,,315.5,,,424.0,232.0,,,,424.0,,,,,,,,102.0,0.0,0.0,,,,,,,,,,,,,,,,,,,,,,,,,,,,,,,,,,,,,,,,,,,,,,,,,,,,,,,,COMMODITY,pd,pd2706,315.5,4.0,34.0,1.0,1263400.0,6.2e-05,216.0,216.0,0.3438985736925515,0.3438985736925515,-0.26465927099841524,-0.31537242472266247,-0.31537242472266247,41.0,61.0,-0.19607843137254902,192.0,0.6085578446909667,put_oi_wall,232.0,-0.26465927099841524,below_price_wall
COMMODITY,pd,pd,GFEX,2708,,,,,,,321.6,,,248.0,252.0,,,,252.0,,,,,,,,1.0,0.0,0.0,,,,,,,,,,,,,,,,,,,,,,,,,,,,,,,,,,,,,,,,,,,,,,,,,,,,,,,,COMMODITY,pd,pd2708,321.6,1.0,3.0,1.0,321600.0,0.000145,248.0,248.0,-0.21641791044776126,-0.2288557213930349,-0.21641791044776126,-0.2288557213930349,-0.2288557213930349,0.0,1.0,-1.0,-4.0,-0.01243781094527363,put_oi_wall,252.0,-0.21641791044776126,above_price_wall
COMMODITY,ps,ps,GFEX,2611,,,,,,,36760.0,,,40000.0,35000.0,,,,40000.0,,,,,,,,80173.0,135700.0,226939773.0,,,,,,,,,,,,,,,,,,,,,,,,,,,,,,,,,,,,,,,,,,,,,,,,,,,,,,,,COMMODITY,ps,ps2611,36760.0,90397.0,110424.0,-6256.0,10076649500.0,9.499999999999999e-05,40000.0,40000.0,0.08813928182807396,0.08813928182807396,-0.04787812840043526,0.08813928182807396,0.08813928182807396,59446.0,20727.0,0.4829431354695471,5000.0,0.13601741022850924,put_oi_wall,35000.0,-0.04787812840043526,below_price_wall
COMMODITY,ps,ps,GFEX,2612,,,,,,,41575.0,,,43000.0,40000.0,,,,43000.0,,,,,,,,6255.0,2824.0,7286007.0,,,,,,,,,,,,,,,,,,,,,,,,,,,,,,,,,,,,,,,,,,,,,,,,,,,,,,,,COMMODITY,ps,ps2612,41575.0,17713.0,36956.0,828.0,2227652200.0,7.3e-05,50000.0,43000.0,0.03427540589296463,0.03427540589296463,-0.03788334335538179,0.20264582080577265,0.03427540589296463,5654.0,601.0,0.8078337330135892,3000.0,0.07215874924834637,call_oi_wall,43000.0,0.03427540589296463,below_price_wall
COMMODITY,ps,ps,GFEX,2701,,,,,,,41200.0,,,62000.0,32500.0,,,,52000.0,,,,,,,,1074.0,102.0,170070.0,,,,,,,,,,,,,,,,,,,,,,,,,,,,,,,,,,,,,,,,,,,,,,,,,,,,,,,,COMMODITY,ps,ps2701,41200.0,2786.0,3399.0,-98.0,348859350.0,0.000129,52000.0,52000.0,0.2621359223300972,0.5048543689320388,-0.21116504854368934,0.2621359223300972,0.2621359223300972,968.0,106.0,0.8026070763500931,29500.0,0.7160194174757282,put_oi_wall,32500.0,-0.21116504854368934,below_price_wall
COMMODITY,ps,ps,GFEX,2702,,,,,,,,,,54000.0,32000.0,,,,54000.0,,,,,,,,244.0,0.0,0.0,,,,,,,,,,,,,,,,,,,,,,,,,,,,,,,,,,,,,,,,,,,,,,,,,,,,,,,,COMMODITY,ps,,,,,,,,32000.0,32000.0,,,,,,212.0,32.0,0.7377049180327869,22000.0,,,,,unavailable
COMMODITY,ps,ps,GFEX,2703,,,,,,,41270.0,,,50000.0,32500.0,,,,50000.0,,,,,,,,177.0,0.0,0.0,,,,,,,,,,,,,,,,,,,,,,,,,,,,,,,,,,,,,,,,,,,,,,,,,,,,,,,,COMMODITY,ps,ps2703,41270.0,6.0,393.0,-1.0,746145.0,0.000189,32000.0,32000.0,0.21153380179307013,0.21153380179307013,-0.21250302883450445,-0.2246183668524352,-0.2246183668524352,91.0,86.0,0.02824858757062147,17500.0,0.4240368306275745,call_oi_wall,50000.0,0.21153380179307013,below_price_wall
COMMODITY,ps,ps,GFEX,2704,,,,,,,39525.0,,,44000.0,42000.0,,,,36500.0,,,,,,,,226.0,3.0,26985.0,,,,,,,,,,,,,,,,,,,,,,,,,,,,,,,,,,,,,,,,,,,,,,,,,,,,,,,,COMMODITY,ps,ps2704,39525.0,650.0,2923.0,30.0,77153400.0,0.000149,32500.0,36500.0,-0.07653383934218849,0.11321948134092352,0.06261859582542684,-0.17773561037318153,-0.07653383934218849,115.0,111.0,0.017699115044247787,2000.0,0.05060088551549652,put_oi_wall,42000.0,0.06261859582542684,above_price_wall
COMMODITY,ps,ps,GFEX,2705,,,,,,,39805.0,,,47000.0,32000.0,,,,47000.0,,,,,,,,187.0,0.0,0.0,,,,,,,,,,,,,,,,,,,,,,,,,,,,,,,,,,,,,,,,,,,,,,,,,,,,,,,,COMMODITY,ps,ps2705,39805.0,90.0,737.0,22.0,10778685.0,0.000206,31000.0,31000.0,0.18075618640874258,0.18075618640874258,-0.19608089436000498,-0.22120336641125482,-0.22120336641125482,126.0,61.0,0.34759358288770054,15000.0,0.37683708076874767,call_oi_wall,47000.0,0.18075618640874258,below_price_wall
COMMODITY,ps,ps,GFEX,2706,,,,,,,41485.0,,,49000.0,35500.0,,,,49000.0,,,,,,,,78.0,1.0,5862.0,,,,,,,,,,,,,,,,,,,,,,,,,,,,,,,,,,,,,,,,,,,,,,,,,,,,,,,,COMMODITY,ps,ps2706,41485.0,22.0,377.0,-14.0,2746500.0,0.000157,49000.0,49000.0,0.18114981318548873,0.18114981318548873,-0.1442690128962275,0.18114981318548873,0.18114981318548873,35.0,43.0,-0.10256410256410256,13500.0,0.3254188260817163,put_oi_wall,35500.0,-0.1442690128962275,below_price_wall
COMMODITY,ps,ps,GFEX,2707,,,,,,,41755.0,,,42000.0,35000.0,,,,36500.0,,,,,,,,38.0,18.0,106044.0,,,,,,,,,,,,,,,,,,,,,,,,,,,,,,,,,,,,,,,,,,,,,,,,,,,,,,,,COMMODITY,ps,ps2707,41755.0,5.0,5.0,0.0,626325.0,0.00018800000000000002,36500.0,36500.0,-0.12585319123458272,0.005867560771165126,-0.16177703269069577,-0.12585319123458272,-0.12585319123458272,2.0,36.0,-0.8947368421052632,7000.0,0.16764459346186086,call_oi_wall,42000.0,0.005867560771165126,above_price_wall
COMMODITY,ps,ps,GFEX,2708,,,,,,,,,,35000.0,35500.0,,,,35500.0,,,,,,,,20.0,0.0,0.0,,,,,,,,,,,,,,,,,,,,,,,,,,,,,,,,,,,,,,,,,,,,,,,,,,,,,,,,COMMODITY,ps,,,,,,,,35000.0,35000.0,,,,,,0.0,20.0,-1.0,-500.0,,,,,unavailable
COMMODITY,pt,pt,GFEX,2612,,,,,,,440.0,,,920.0,392.0,,,,464.0,,,,,,,,2053.0,134.0,805150.0,,,,,,,,,,,,,,,,,,,,,,,,,,,,,,,,,,,,,,,,,,,,,,,,,,,,,,,,COMMODITY,pt,pt2612,440.0,2130.0,10196.0,163.0,936265400.0,7.3e-05,920.0,464.0,0.05454545454545445,1.0909090909090908,-0.10909090909090913,1.0909090909090908,0.05454545454545445,1521.0,532.0,0.48173404773502193,528.0,1.2,price_wall,464.0,0.05454545454545445,below_price_wall
COMMODITY,pt,pt,GFEX,2702,,,,,,,444.7,,,728.0,288.0,,,,728.0,,,,,,,,707.0,35.0,90600.0,,,,,,,,,,,,,,,,,,,,,,,,,,,,,,,,,,,,,,,,,,,,,,,,,,,,,,,,COMMODITY,pt,pt2702,444.7,109.0,685.0,3.0,48224150.0,0.000128,728.0,728.0,0.6370586912525298,0.6370586912525298,-0.35237238587812003,0.6370586912525298,0.6370586912525298,506.0,201.0,0.4314002828854314,440.0,0.9894310771306499,put_oi_wall,288.0,-0.35237238587812003,below_price_wall
COMMODITY,pt,pt,GFEX,2704,,,,,,,445.2,,,664.0,296.0,,,,672.0,,,,,,,,504.0,44.0,224350.0,,,,,,,,,,,,,,,,,,,,,,,,,,,,,,,,,,,,,,,,,,,,,,,,,,,,,,,,COMMODITY,pt,pt2704,445.2,11.0,95.0,1.0,4888400.0,0.000149,672.0,672.0,0.509433962264151,0.4914645103324349,-0.3351302785265049,0.509433962264151,0.509433962264151,237.0,267.0,-0.05952380952380952,368.0,0.8265947888589398,put_oi_wall,296.0,-0.3351302785265049,below_price_wall
COMMODITY,pt,pt,GFEX,2706,,,,,,,443.8,,,440.0,300.0,,,,568.0,,,,,,,,90.0,10.0,175500.0,,,,,,,,,,,,,,,,,,,,,,,,,,,,,,,,,,,,,,,,,,,,,,,,,,,,,,,,COMMODITY,pt,pt2706,443.8,20.0,51.0,16.0,8872100.0,1e-05,568.0,568.0,0.27985579089680024,-0.008562415502478604,-0.32401982875169,0.27985579089680024,0.27985579089680024,31.0,59.0,-0.3111111111111111,140.0,0.31545741324921134,call_oi_wall,440.0,-0.008562415502478604,below_price_wall
COMMODITY,pt,pt,GFEX,2708,,,,,,,445.0,,,344.0,344.0,,,,344.0,,,,,,,,0.0,0.0,0.0,,,,,,,,,,,,,,,,,,,,,,,,,,,,,,,,,,,,,,,,,,,,,,,,,,,,,,,,COMMODITY,pt,pt2708,445.0,23.0,23.0,12.0,10278350.0,-0.00020400000000000003,344.0,344.0,-0.22696629213483144,-0.22696629213483144,-0.22696629213483144,-0.22696629213483144,-0.22696629213483144,0.0,0.0,,0.0,0.0,call_oi_wall,344.0,-0.22696629213483144,above_price_wall
COMMODITY,si,si,GFEX,2611,,,,,,,8530.0,,,9000.0,8500.0,,,,9000.0,,,,,,,,86209.0,84858.0,39324155.0,,,,,,,,,,,,,,,,,,,,,,,,,,,,,,,,,,,,,,,,,,,,,,,,,,,,,,,,COMMODITY,si,si2611,8530.0,190259.0,309214.0,9442.0,8162658000.0,-0.000144,9000.0,8800.0,0.055099648300117154,0.055099648300117154,-0.003516998827667095,0.055099648300117154,0.03165298944900341,61468.0,24741.0,0.42602280504355694,500.0,0.05861664712778429,put_oi_wall,8500.0,-0.003516998827667095,below_price_wall
COMMODITY,si,si,GFEX,2612,,,,,,,8865.0,,,9000.0,8800.0,,,,9000.0,,,,,,,,10712.0,9285.0,9250075.0,,,,,,,,,,,,,,,,,,,,,,,,,,,,,,,,,,,,,,,,,,,,,,,,,,,,,,,,COMMODITY,si,si2612,8865.0,29477.0,73290.0,4707.0,1312501280.0,-0.000128,8900.0,8200.0,0.015228426395939021,0.015228426395939021,-0.007332205301748496,0.003948110547095318,-0.07501410039481105,6381.0,4331.0,0.19137415982076175,200.0,0.022560631697687534,volume_wall,8900.0,0.003948110547095318,below_price_wall
COMMODITY,si,si,GFEX,2701,,,,,,,8850.0,,,10200.0,7400.0,,,,10200.0,,,,,,,,3943.0,63.0,30615.0,,,,,,,,,,,,,,,,,,,,,,,,,,,,,,,,,,,,,,,,,,,,,,,,,,,,,,,,COMMODITY,si,si2701,8850.0,8004.0,13958.0,1970.0,356031700.0,-0.000128,10600.0,9500.0,0.15254237288135597,0.15254237288135597,-0.16384180790960456,0.19774011299435035,0.07344632768361592,3654.0,289.0,0.8534111082931778,2800.0,0.3163841807909605,amount_wall,9500.0,0.07344632768361592,below_price_wall
COMMODITY,si,si,GFEX,2702,,,,,,,8885.0,,,10000.0,8300.0,,,,10000.0,,,,,,,,296.0,0.0,0.0,,,,,,,,,,,,,,,,,,,,,,,,,,,,,,,,,,,,,,,,,,,,,,,,,,,,,,,,COMMODITY,si,si2702,8885.0,58.0,500.0,-7.0,2571625.0,-6.2e-05,7600.0,7600.0,0.12549240292628028,0.12549240292628028,-0.06584130557118739,-0.14462577377602703,-0.14462577377602703,122.0,174.0,-0.17567567567567569,1700.0,0.19133370849746764,put_oi_wall,8300.0,-0.06584130557118739,below_price_wall
COMMODITY,si,si,GFEX,2703,,,,,,,8895.0,,,10200.0,8200.0,,,,8200.0,,,,,,,,375.0,0.0,0.0,,,,,,,,,,,,,,,,,,,,,,,,,,,,,,,,,,,,,,,,,,,,,,,,,,,,,,,,COMMODITY,si,si2703,8895.0,22.0,263.0,4.0,979475.0,-7.8e-05,7600.0,7600.0,-0.07813378302417084,0.14671163575042168,-0.07813378302417084,-0.14558740865654862,-0.14558740865654862,129.0,246.0,-0.312,2000.0,0.22484541877459246,put_oi_wall,8200.0,-0.07813378302417084,above_price_wall
COMMODITY,si,si,GFEX,2704,,,,,,,8910.0,,,7900.0,8200.0,,,,9800.0,,,,,,,,209.0,6.0,4900.0,,,,,,,,,,,,,,,,,,,,,,,,,,,,,,,,,,,,,,,,,,,,,,,,,,,,,,,,COMMODITY,si,si2704,8910.0,13.0,274.0,3.0,579100.0,-0.00011599999999999999,9800.0,9800.0,0.09988776655443332,-0.11335578002244673,-0.07968574635241299,0.09988776655443332,0.09988776655443332,71.0,138.0,-0.32057416267942584,-300.0,-0.03367003367003367,put_oi_wall,8200.0,-0.07968574635241299,below_price_wall
COMMODITY,si,si,GFEX,2705,,,,,,,8955.0,,,9000.0,7800.0,,,,8900.0,,,,,,,,566.0,4.0,5535.0,,,,,,,,,,,,,,,,,,,,,,,,,,,,,,,,,,,,,,,,,,,,,,,,,,,,,,,,COMMODITY,si,si2705,8955.0,147.0,2102.0,25.0,6589475.0,-8.3e-05,8600.0,8900.0,-0.006141820212172022,0.005025125628140614,-0.12897822445561136,-0.03964265773311004,-0.006141820212172022,477.0,89.0,0.6855123674911661,1200.0,0.13400335008375208,call_oi_wall,9000.0,0.005025125628140614,above_price_wall
COMMODITY,si,si,GFEX,2706,,,,,,,8980.0,,,9500.0,8500.0,,,,10200.0,,,,,,,,188.0,6.0,6000.0,,,,,,,,,,,,,,,,,,,,,,,,,,,,,,,,,,,,,,,,,,,,,,,,,,,,,,,,COMMODITY,si,si2706,8980.0,9.0,98.0,4.0,404675.0,-0.000121,10200.0,10200.0,0.13585746102449892,0.057906458797327476,-0.053452115812917644,0.13585746102449892,0.13585746102449892,138.0,50.0,0.46808510638297873,1000.0,0.111358574610245,put_oi_wall,8500.0,-0.053452115812917644,below_price_wall
COMMODITY,si,si,GFEX,2707,,,,,,,9065.0,,,10400.0,8400.0,,,,10400.0,,,,,,,,336.0,5.0,5595.0,,,,,,,,,,,,,,,,,,,,,,,,,,,,,,,,,,,,,,,,,,,,,,,,,,,,,,,,COMMODITY,si,si2707,9065.0,21.0,73.0,-3.0,949975.0,-2.2000000000000003e-05,10400.0,10400.0,0.1472697186982901,0.1472697186982901,-0.07335907335907332,0.1472697186982901,0.1472697186982901,321.0,15.0,0.9107142857142857,2000.0,0.2206287920573635,put_oi_wall,8400.0,-0.07335907335907332,below_price_wall
COMMODITY,si,si,GFEX,2708,,,,,,,9090.0,,,9800.0,8100.0,,,,9800.0,,,,,,,,469.0,1.0,985.0,,,,,,,,,,,,,,,,,,,,,,,,,,,,,,,,,,,,,,,,,,,,,,,,,,,,,,,,COMMODITY,si,si2708,9090.0,9.0,46.0,-1.0,408300.0,-7.1e-05,10600.0,10600.0,0.0781078107810782,0.0781078107810782,-0.1089108910891089,0.1661166116611661,0.1661166116611661,288.0,181.0,0.2281449893390192,1700.0,0.18701870187018702,call_oi_wall,9800.0,0.0781078107810782,below_price_wall
COMMODITY,bc,bc,INE,2610,,,,,,,95920.0,,,102000.0,90000.0,,,,96000.0,,,,,,,,2490.0,2832.0,8339160.0,,,,,,,,,,,,,,,,,,,,,,,,,,,,,,,,,,,,,,,,,,,,,,,,,,,,,,,,COMMODITY,bc,bc2610,95920.0,8145.0,13242.0,-1395.0,3920733600.0,-9.599999999999999e-05,97000.0,97000.0,0.0008340283569641116,0.06338615512927448,-0.061718098415346145,0.01125938281901595,0.01125938281901595,921.0,1569.0,-0.26024096385542167,12000.0,0.12510425354462051,price_wall,96000.0,0.0008340283569641116,near_price_wall
COMMODITY,bc,bc,INE,2611,,,,,,,95610.0,,,98000.0,85000.0,,,,102000.0,,,,,,,,1255.0,2109.0,11712620.0,,,,,,,,,,,,,,,,,,,,,,,,,,,,,,,,,,,,,,,,,,,,,,,,,,,,,,,,COMMODITY,bc,bc2611,95610.0,1507.0,5531.0,40.0,723373400.0,-0.00010200000000000001,84000.0,102000.0,0.06683401317853788,0.02499738521075212,-0.1109716556845518,-0.12143081267649825,0.06683401317853788,435.0,820.0,-0.30677290836653387,13000.0,0.13596904089530384,call_oi_wall,98000.0,0.02499738521075212,below_price_wall
COMMODITY,lu,lu,INE,2701,,,,,,,5031.0,,,5900.0,5100.0,,,,5000.0,,,,,,,,296.0,101.0,304760.0,,,,,,,,,,,,,,,,,,,,,,,,,,,,,,,,,,,,,,,,,,,,,,,,,,,,,,,,COMMODITY,lu,lu2701,5031.0,17104.0,10934.0,132.0,863945630.0,-2.8e-05,6200.0,5000.0,-0.006161796859471269,0.17272907970582385,0.013714967203339201,0.2323593718942556,-0.006161796859471269,192.0,104.0,0.2972972972972973,800.0,0.1590141125024846,price_wall,5000.0,-0.006161796859471269,above_price_wall
COMMODITY,lu,lu,INE,2702,,,,,,,4825.0,,,5700.0,4850.0,,,,5700.0,,,,,,,,560.0,232.0,867580.0,,,,,,,,,,,,,,,,,,,,,,,,,,,,,,,,,,,,,,,,,,,,,,,,,,,,,,,,COMMODITY,lu,lu2702,4825.0,1641.0,1341.0,-63.0,79545750.0,-1.9e-05,5700.0,5700.0,0.18134715025906734,0.18134715025906734,0.005181347150259086,0.18134715025906734,0.18134715025906734,358.0,202.0,0.2785714285714286,850.0,0.17616580310880828,put_oi_wall,4850.0,0.005181347150259086,below_price_wall
COMMODITY,nr,nr,INE,2610,,,,,,,15930.0,,,18000.0,15600.0,,,,15000.0,,,,,,,,8557.0,9293.0,9718730.0,,,,,,,,,,,,,,,,,,,,,,,,,,,,,,,,,,,,,,,,,,,,,,,,,,,,,,,,COMMODITY,nr,nr2610,15930.0,6128.0,16717.0,-1313.0,977867950.0,-0.000167,17000.0,16000.0,-0.05838041431261776,0.12994350282485878,-0.020715630885122405,0.0671688637790333,0.00439422473320783,4499.0,4058.0,0.05153675353511745,2400.0,0.15065913370998116,amount_wall,16000.0,0.00439422473320783,above_price_wall
COMMODITY,nr,nr,INE,2611,,,,,,,16100.0,,,17000.0,14400.0,,,,17000.0,,,,,,,,6676.0,3906.0,9804430.0,,,,,,,,,,,,,,,,,,,,,,,,,,,,,,,,,,,,,,,,,,,,,,,,,,,,,,,,COMMODITY,nr,nr2611,16100.0,87996.0,73621.0,-4181.0,14214655000.0,-0.000222,17000.0,16000.0,0.05590062111801242,0.05590062111801242,-0.10559006211180122,0.05590062111801242,-0.006211180124223614,3491.0,3185.0,0.04583582983822648,2600.0,0.16149068322981366,amount_wall,16000.0,-0.006211180124223614,below_price_wall
COMMODITY,nr,nr,INE,2612,,,,,,,15990.0,,,17800.0,15000.0,,,,17800.0,,,,,,,,281.0,39.0,87820.0,,,,,,,,,,,,,,,,,,,,,,,,,,,,,,,,,,,,,,,,,,,,,,,,,,,,,,,,COMMODITY,nr,nr2612,15990.0,39140.0,48436.0,-1746.0,6286309300.0,-0.00023199999999999997,17800.0,17800.0,0.11319574734208881,0.11319574734208881,-0.06191369606003749,0.11319574734208881,0.11319574734208881,147.0,134.0,0.046263345195729534,2800.0,0.17510944340212634,put_oi_wall,15000.0,-0.06191369606003749,below_price_wall
COMMODITY,nr,nr,INE,2701,,,,,,,15965.0,,,18200.0,12400.0,,,,14200.0,,,,,,,,979.0,215.0,433850.0,,,,,,,,,,,,,,,,,,,,,,,,,,,,,,,,,,,,,,,,,,,,,,,,,,,,,,,,COMMODITY,nr,nr2701,15965.0,23466.0,35687.0,-1431.0,3753431700.0,-0.000229,14200.0,14200.0,-0.11055433761352962,0.13999373629815226,-0.22330097087378642,-0.11055433761352962,-0.11055433761352962,508.0,471.0,0.03779366700715015,5800.0,0.3632947071719386,price_wall,14200.0,-0.11055433761352962,above_price_wall
COMMODITY,sc,sc,INE,2611,,,,,,,815.2,,,920.0,500.0,,,,500.0,,,,,,,,50476.0,149823.0,4209708250.0,,,,,,,,,,,,,,,,,,,,,,,,,,,,,,,,,,,,,,,,,,,,,,,,,,,,,,,,COMMODITY,sc,sc2611,815.2,152789.0,38634.0,6460.0,118650798000.0,0.0007729999999999999,880.0,790.0,-0.3866535819430815,0.12855740922473013,-0.3866535819430815,0.0794896957801765,-0.030912659470068715,14344.0,36132.0,-0.4316506854742848,420.0,0.5152109911678115,amount_wall,790.0,-0.030912659470068715,above_price_wall
COMMODITY,sc,sc,INE,2612,,,,,,,741.3,,,850.0,500.0,,,,850.0,,,,,,,,10192.0,5715.0,172177450.0,,,,,,,,,,,,,,,,,,,,,,,,,,,,,,,,,,,,,,,,,,,,,,,,,,,,,,,,COMMODITY,sc,sc2612,741.3,39904.0,18732.0,2317.0,28889599000.0,0.00040599999999999995,850.0,710.0,0.14663429111021187,0.14663429111021187,-0.3255092405234048,0.14663429111021187,-0.04222312154323482,3637.0,6555.0,-0.28630298273155413,350.0,0.47214353163361666,amount_wall,710.0,-0.04222312154323482,below_price_wall
COMMODITY,sc,sc,INE,2701,,,,,,,682.7,,,820.0,500.0,,,,500.0,,,,,,,,364.0,330.0,5724200.0,,,,,,,,,,,,,,,,,,,,,,,,,,,,,,,,,,,,,,,,,,,,,,,,,,,,,,,,COMMODITY,sc,sc2701,682.7,10945.0,5239.0,161.0,7415271400.0,8.4e-05,500.0,820.0,-0.26761388604072067,0.2011132268932181,-0.26761388604072067,-0.26761388604072067,0.2011132268932181,68.0,296.0,-0.6263736263736264,320.0,0.46872711293393876,call_oi_wall,820.0,0.2011132268932181,above_price_wall
COMMODITY,ad,ad,SHFE,2610,,,,,,,23225.0,,,23600.0,23200.0,,,,23200.0,,,,,,,,1905.0,565.0,727120.0,,,,,,,,,,,,,,,,,,,,,,,,,,,,,,,,,,,,,,,,,,,,,,,,,,,,,,,,COMMODITY,ad,ad2610,23225.0,1366.0,4476.0,-197.0,316947800.0,-4.3e-05,22800.0,24200.0,-0.0010764262648008671,0.016146393972013007,-0.0010764262648008671,-0.01829924650161463,0.041980624327233595,994.0,911.0,0.04356955380577428,400.0,0.017222820236813777,put_oi_wall,23200.0,-0.0010764262648008671,near_price_wall
COMMODITY,ad,ad,SHFE,2611,,,,,,,23240.0,,,23600.0,23400.0,,,,23400.0,,,,,,,,843.0,186.0,537260.0,,,,,,,,,,,,,,,,,,,,,,,,,,,,,,,,,,,,,,,,,,,,,,,,,,,,,,,,COMMODITY,ad,ad2611,23240.0,8023.0,18224.0,-765.0,1863159900.0,-5.7999999999999994e-05,23600.0,23600.0,0.0068846815834766595,0.015490533562822817,0.0068846815834766595,0.015490533562822817,0.015490533562822817,423.0,420.0,0.0035587188612099642,200.0,0.008605851979345954,put_oi_wall,23400.0,0.0068846815834766595,below_price_wall
COMMODITY,ag,ag,SHFE,2610,,,,,,,15494.0,,,17000.0,15000.0,,,,17000.0,,,,,,,,183842.0,522204.0,1584226294.0,,,,,,,,,,,,,,,,,,,,,,,,,,,,,,,,,,,,,,,,,,,,,,,,,,,,,,,,COMMODITY,ag,ag2610,15494.0,438961.0,170806.0,-12853.0,103494524000.0,-9.8e-05,15000.0,16000.0,0.09719891570930672,0.09719891570930672,-0.0318833096682587,-0.0318833096682587,0.03265780302052401,106933.0,76909.0,0.1633141501941885,2000.0,0.1290822253775655,put_oi_wall,15000.0,-0.0318833096682587,below_price_wall
COMMODITY,ag,ag,SHFE,2611,,,,,,,15506.0,,,17000.0,15000.0,,,,17000.0,,,,,,,,6330.0,2776.0,18313103.0,,,,,,,,,,,,,,,,,,,,,,,,,,,,,,,,,,,,,,,,,,,,,,,,,,,,,,,,COMMODITY,ag,ag2611,15506.0,21558.0,17963.0,-752.0,5092002700.0,-0.00010999999999999999,17000.0,17000.0,0.09634980007738947,0.09634980007738947,-0.03263252934347993,0.09634980007738947,0.09634980007738947,2969.0,3361.0,-0.06192733017377567,2000.0,0.12898232942086935,put_oi_wall,15000.0,-0.03263252934347993,below_price_wall
COMMODITY,ag,ag,SHFE,2612,,,,,,,15528.0,,,35900.0,13000.0,,,,14000.0,,,,,,,,44496.0,14024.0,143001652.0,,,,,,,,,,,,,,,,,,,,,,,,,,,,,,,,,,,,,,,,,,,,,,,,,,,,,,,,COMMODITY,ag,ag2612,15528.0,143600.0,199708.0,6322.0,33930294000.0,-9.400000000000001e-05,14000.0,14000.0,-0.09840288511076767,1.3119526017516745,-0.1628026790314271,-0.09840288511076767,-0.09840288511076767,32642.0,11854.0,0.467188061848256,22900.0,1.4747552807831015,price_wall,14000.0,-0.09840288511076767,above_price_wall
COMMODITY,ag,ag,SHFE,2702,,,,,,,15567.0,,,18000.0,10000.0,,,,13100.0,,,,,,,,1216.0,83.0,831635.0,,,,,,,,,,,,,,,,,,,,,,,,,,,,,,,,,,,,,,,,,,,,,,,,,,,,,,,,COMMODITY,ag,ag2702,15567.0,186958.0,103916.0,3710.0,44269649000.0,-0.0001,13100.0,13100.0,-0.15847626389156544,0.15629215648487182,-0.35761546861951565,-0.15847626389156544,-0.15847626389156544,523.0,693.0,-0.13980263157894737,8000.0,0.5139076251043875,call_oi_wall,18000.0,0.15629215648487182,above_price_wall
COMMODITY,ag,ag,SHFE,2704,,,,,,,15607.0,,,17100.0,11500.0,,,,15000.0,,,,,,,,83.0,34.0,471183.0,,,,,,,,,,,,,,,,,,,,,,,,,,,,,,,,,,,,,,,,,,,,,,,,,,,,,,,,COMMODITY,ag,ag2704,15607.0,8520.0,26075.0,771.0,2022651500.0,-7.400000000000001e-05,15000.0,15000.0,-0.038892804510796464,0.09566220285769211,-0.26315115012494394,-0.038892804510796464,-0.038892804510796464,26.0,57.0,-0.37349397590361444,5600.0,0.358813352982636,price_wall,15000.0,-0.038892804510796464,above_price_wall
COMMODITY,al,al,SHFE,2610,,,,,,,24035.0,,,25000.0,23800.0,,,,24000.0,,,,,,,,70115.0,88021.0,46920015.0,,,,,,,,,,,,,,,,,,,,,,,,,,,,,,,,,,,,,,,,,,,,,,,,,,,,,,,,COMMODITY,al,al2610,24035.0,159575.0,192666.0,-18724.0,19153842000.0,-6.4e-05,24000.0,24000.0,-0.001456209694195909,0.04014978156854587,-0.00977740794674431,-0.001456209694195909,-0.001456209694195909,41185.0,28930.0,0.1747842829637025,1200.0,0.0499271895152902,price_wall,24000.0,-0.001456209694195909,near_price_wall
COMMODITY,al,al,SHFE,2611,,,,,,,24020.0,,,25000.0,23600.0,,,,25000.0,,,,,,,,34144.0,24475.0,29992565.0,,,,,,,,,,,,,,,,,,,,,,,,,,,,,,,,,,,,,,,,,,,,,,,,,,,,,,,,COMMODITY,al,al2611,24020.0,110102.0,211471.0,3624.0,13212867400.0,-6.6e-05,23400.0,24200.0,0.04079933388842627,0.04079933388842627,-0.017485428809325576,-0.025811823480432983,0.007493755203996644,16848.0,17296.0,-0.013120899718837863,1400.0,0.058284762697751874,amount_wall,24200.0,0.007493755203996644,below_price_wall
COMMODITY,al,al,SHFE,2612,,,,,,,24005.0,,,27800.0,23000.0,,,,23000.0,,,,,,,,1950.0,48.0,46690.0,,,,,,,,,,,,,,,,,,,,,,,,,,,,,,,,,,,,,,,,,,,,,,,,,,,,,,,,COMMODITY,al,al2612,24005.0,25585.0,78249.0,6101.0,3068726500.0,-6.8e-05,23000.0,23400.0,-0.04186627785877939,0.15809206415330146,-0.04186627785877939,-0.04186627785877939,-0.02520308269110605,1011.0,939.0,0.036923076923076927,4800.0,0.19995834201208082,amount_wall,23400.0,-0.02520308269110605,above_price_wall
COMMODITY,al,al,SHFE,2701,,,,,,,23965.0,,,26800.0,24200.0,,,,24000.0,,,,,,,,413.0,8.0,19300.0,,,,,,,,,,,,,,,,,,,,,,,,,,,,,,,,,,,,,,,,,,,,,,,,,,,,,,,,COMMODITY,al,al2701,23965.0,12348.0,42075.0,2806.0,1479174500.0,-7.5e-05,25000.0,24000.0,0.0014604631754642217,0.11829751721260173,0.00980596703525971,0.04318798247444189,0.0014604631754642217,233.0,180.0,0.12832929782082325,2600.0,0.10849155017734195,price_wall,24000.0,0.0014604631754642217,near_price_wall
COMMODITY,al,al,SHFE,2702,,,,,,,23970.0,,,27200.0,22200.0,,,,25000.0,,,,,,,,188.0,4.0,13450.0,,,,,,,,,,,,,,,,,,,,,,,,,,,,,,,,,,,,,,,,,,,,,,,,,,,,,,,,COMMODITY,al,al2702,23970.0,4682.0,18755.0,205.0,560761030.0,-7.000000000000001e-05,25000.0,23000.0,0.04297037964121819,0.13475177304964547,-0.07384230287859828,0.04297037964121819,-0.040467250730079285,135.0,53.0,0.43617021276595747,5000.0,0.20859407592824364,amount_wall,23000.0,-0.040467250730079285,below_price_wall
COMMODITY,ao,ao,SHFE,2610,,,,,,,2655.0,,,2800.0,2600.0,,,,2700.0,,,,,,,,89464.0,68794.0,19407880.0,,,,,,,,,,,,,,,,,,,,,,,,,,,,,,,,,,,,,,,,,,,,,,,,,,,,,,,,COMMODITY,ao,ao2610,2655.0,27811.0,44918.0,-3238.0,1478616800.0,-0.00014800000000000002,2700.0,2700.0,0.016949152542372836,0.05461393596986808,-0.020715630885122405,0.016949152542372836,0.016949152542372836,68241.0,21223.0,0.5255521774121434,200.0,0.07532956685499058,price_wall,2700.0,0.016949152542372836,below_price_wall
COMMODITY,ao,ao,SHFE,2611,,,,,,,2668.0,,,2800.0,2600.0,,,,2800.0,,,,,,,,23603.0,10304.0,7202120.0,,,,,,,,,,,,,,,,,,,,,,,,,,,,,,,,,,,,,,,,,,,,,,,,,,,,,,,,COMMODITY,ao,ao2611,2668.0,30973.0,106132.0,3127.0,1653072600.0,-0.00013299999999999998,2800.0,2800.0,0.0494752623688155,0.0494752623688155,-0.025487256371814038,0.0494752623688155,0.0494752623688155,17052.0,6551.0,0.4449010718976401,200.0,0.07496251874062969,put_oi_wall,2600.0,-0.025487256371814038,below_price_wall
COMMODITY,ao,ao,SHFE,2612,,,,,,,2677.0,,,3150.0,2600.0,,,,2650.0,,,,,,,,131.0,4.0,4480.0,,,,,,,,,,,,,,,,,,,,,,,,,,,,,,,,,,,,,,,,,,,,,,,,,,,,,,,,COMMODITY,ao,ao2612,2677.0,9296.0,60452.0,889.0,497987260.0,-0.000125,2400.0,2700.0,-0.010085917071348538,0.17669032499066128,-0.028763541277549542,-0.10347403810235334,0.008591707134852467,96.0,35.0,0.46564885496183206,550.0,0.2054538662682107,amount_wall,2700.0,0.008591707134852467,above_price_wall
COMMODITY,ao,ao,SHFE,2701,,,,,,,2683.0,,,3000.0,2650.0,,,,3000.0,,,,,,,,5897.0,1147.0,1348590.0,,,,,,,,,,,,,,,,,,,,,,,,,,,,,,,,,,,,,,,,,,,,,,,,,,,,,,,,COMMODITY,ao,ao2701,2683.0,175441.0,229264.0,9198.0,9414120800.0,-0.00017600000000000002,2700.0,2700.0,0.11815132314573229,0.11815132314573229,-0.012299664554603074,0.006336190831159216,0.006336190831159216,4359.0,1538.0,0.4783788366966254,350.0,0.13045098770033545,volume_wall,2700.0,0.006336190831159216,below_price_wall
COMMODITY,ao,ao,SHFE,2702,,,,,,,2704.0,,,3200.0,2450.0,,,,3200.0,,,,,,,,74.0,0.0,0.0,,,,,,,,,,,,,,,,,,,,,,,,,,,,,,,,,,,,,,,,,,,,,,,,,,,,,,,,COMMODITY,ao,ao2702,2704.0,4584.0,24898.0,1135.0,247707720.0,-0.000149,2350.0,2350.0,0.18343195266272194,0.18343195266272194,-0.09393491124260356,-0.13091715976331364,-0.13091715976331364,34.0,40.0,-0.08108108108108109,750.0,0.27736686390532544,put_oi_wall,2450.0,-0.09393491124260356,below_price_wall
COMMODITY,au,au,SHFE,2610,,,,,,,934.92,,,1000.0,1000.0,,,,1000.0,,,,,,,,112308.0,257898.0,1819105880.0,,,,,,,,,,,,,,,,,,,,,,,,,,,,,,,,,,,,,,,,,,,,,,,,,,,,,,,,COMMODITY,au,au2610,934.92,282038.0,133503.0,-2632.0,266356920000.0,-7.7e-05,1000.0,960.0,0.0696102340307192,0.0696102340307192,0.0696102340307192,0.0696102340307192,0.026825824669490572,70749.0,41559.0,0.2599102468212416,0.0,0.0,amount_wall,960.0,0.026825824669490572,below_price_wall
COMMODITY,au,au,SHFE,2611,,,,,,,936.32,,,1200.0,880.0,,,,1000.0,,,,,,,,1368.0,1329.0,8742560.0,,,,,,,,,,,,,,,,,,,,,,,,,,,,,,,,,,,,,,,,,,,,,,,,,,,,,,,,COMMODITY,au,au2611,936.32,2610.0,3737.0,818.0,2463392700.0,-7.7e-05,1000.0,1000.0,0.06801093643198897,0.28161312371838676,-0.06015037593984962,0.06801093643198897,0.06801093643198897,763.0,605.0,0.1154970760233918,320.0,0.3417634996582365,put_oi_wall,880.0,-0.06015037593984962,below_price_wall
COMMODITY,au,au,SHFE,2612,,,,,,,937.6,,,1200.0,840.0,,,,1200.0,,,,,,,,33006.0,10108.0,282683860.0,,,,,,,,,,,,,,,,,,,,,,,,,,,,,,,,,,,,,,,,,,,,,,,,,,,,,,,,COMMODITY,au,au2612,937.6,98778.0,165091.0,6710.0,93497409000.0,-7.3e-05,1000.0,800.0,0.2798634812286689,0.2798634812286689,-0.10409556313993173,0.06655290102389078,-0.14675767918088745,23891.0,9115.0,0.44767618008846877,360.0,0.3839590443686007,volume_wall,1000.0,0.06655290102389078,below_price_wall
COMMODITY,au,au,SHFE,2702,,,,,,,940.0,,,840.0,960.0,,,,840.0,,,,,,,,5098.0,987.0,48694340.0,,,,,,,,,,,,,,,,,,,,,,,,,,,,,,,,,,,,,,,,,,,,,,,,,,,,,,,,COMMODITY,au,au2702,940.0,20038.0,72876.0,2207.0,19012823000.0,-7.2e-05,840.0,840.0,-0.1063829787234043,-0.1063829787234043,0.02127659574468077,-0.1063829787234043,-0.1063829787234043,3423.0,1675.0,0.3428795606120047,-120.0,-0.1276595744680851,put_oi_wall,960.0,0.02127659574468077,above_price_wall
COMMODITY,au,au,SHFE,2704,,,,,,,942.32,,,1200.0,744.0,,,,1200.0,,,,,,,,463.0,288.0,6629640.0,,,,,,,,,,,,,,,,,,,,,,,,,,,,,,,,,,,,,,,,,,,,,,,,,,,,,,,,COMMODITY,au,au2704,942.32,4539.0,22011.0,1012.0,4322621400.0,-8e-05,1200.0,1200.0,0.27345275490279297,0.27345275490279297,-0.21045929196026836,0.27345275490279297,0.27345275490279297,340.0,123.0,0.468682505399568,456.0,0.48391204686306133,put_oi_wall,744.0,-0.21045929196026836,below_price_wall
COMMODITY,br,br,SHFE,2610,,,,,,,15195.0,,,16000.0,13000.0,,,,14000.0,,,,,,,,34410.0,99811.0,80901420.0,,,,,,,,,,,,,,,,,,,,,,,,,,,,,,,,,,,,,,,,,,,,,,,,,,,,,,,,COMMODITY,br,br2610,15195.0,159886.0,30580.0,-4699.0,12133630900.0,-0.000325,16000.0,15000.0,-0.07864429088515956,0.05297795327410326,-0.14445541296479103,0.05297795327410326,-0.012833168805528095,16619.0,17791.0,-0.034059866317930836,3000.0,0.19743336623889438,amount_wall,15000.0,-0.012833168805528095,above_price_wall
COMMODITY,br,br,SHFE,2611,,,,,,,14985.0,,,16000.0,12000.0,,,,16600.0,,,,,,,,5930.0,7212.0,14119495.0,,,,,,,,,,,,,,,,,,,,,,,,,,,,,,,,,,,,,,,,,,,,,,,,,,,,,,,,COMMODITY,br,br2611,14985.0,110371.0,84029.0,-5993.0,8266780900.0,-0.000335,16600.0,14400.0,0.10777444110777434,0.06773440106773432,-0.19919919919919915,0.10777444110777434,-0.03903903903903905,2875.0,3055.0,-0.03035413153456998,4000.0,0.2669336002669336,amount_wall,14400.0,-0.03903903903903905,below_price_wall
COMMODITY,br,br,SHFE,2612,,,,,,,14810.0,,,17200.0,14000.0,,,,14000.0,,,,,,,,146.0,285.0,479735.0,,,,,,,,,,,,,,,,,,,,,,,,,,,,,,,,,,,,,,,,,,,,,,,,,,,,,,,,COMMODITY,br,br2612,14810.0,4091.0,14296.0,2.0,302862130.0,-0.00032,13000.0,14000.0,-0.05469277515192439,0.161377447670493,-0.05469277515192439,-0.12221471978392973,-0.05469277515192439,74.0,72.0,0.0136986301369863,3200.0,0.21607022282241728,put_oi_wall,14000.0,-0.05469277515192439,above_price_wall
COMMODITY,br,br,SHFE,2701,,,,,,,14725.0,,,15400.0,13000.0,,,,14000.0,,,,,,,,474.0,10.0,21355.0,,,,,,,,,,,,,,,,,,,,,,,,,,,,,,,,,,,,,,,,,,,,,,,,,,,,,,,,COMMODITY,br,br2701,14725.0,18546.0,9298.0,-1544.0,1364886900.0,-0.000303,17000.0,14000.0,-0.04923599320882854,0.045840407470288724,-0.11714770797962648,0.15449915110356538,-0.04923599320882854,292.0,182.0,0.2320675105485232,2400.0,0.16298811544991512,call_oi_wall,15400.0,0.045840407470288724,above_price_wall
COMMODITY,bu,bu,SHFE,2610,,,,,,,5558.0,,,6300.0,4000.0,,,,5000.0,,,,,,,,123783.0,192891.0,177128190.0,,,,,,,,,,,,,,,,,,,,,,,,,,,,,,,,,,,,,,,,,,,,,,,,,,,,,,,,COMMODITY,bu,bu2610,5558.0,732863.0,165759.0,178.0,40403124000.0,0.00026599999999999996,6000.0,5500.0,-0.10039582583663187,0.1335012594458438,-0.2803166606693055,0.07952500899604176,-0.010435408420295111,32451.0,91332.0,-0.47567921281597636,2300.0,0.41381792011514934,amount_wall,5500.0,-0.010435408420295111,above_price_wall
COMMODITY,bu,bu,SHFE,2611,,,,,,,5234.0,,,5900.0,4000.0,,,,4000.0,,,,,,,,15984.0,9912.0,15921990.0,,,,,,,,,,,,,,,,,,,,,,,,,,,,,,,,,,,,,,,,,,,,,,,,,,,,,,,,COMMODITY,bu,bu2611,5234.0,316724.0,260206.0,11919.0,16515837000.0,9.1e-05,6000.0,5400.0,-0.23576614444019872,0.12724493695070693,-0.23576614444019872,0.14635078333970197,0.03171570500573173,6353.0,9631.0,-0.20508008008008008,1900.0,0.3630110813909056,amount_wall,5400.0,0.03171570500573173,above_price_wall
COMMODITY,bu,bu,SHFE,2612,,,,,,,4766.0,,,5300.0,2800.0,,,,4450.0,,,,,,,,772.0,159.0,235560.0,,,,,,,,,,,,,,,,,,,,,,,,,,,,,,,,,,,,,,,,,,,,,,,,,,,,,,,,COMMODITY,bu,bu2612,4766.0,119816.0,134799.0,301.0,5746451600.0,-0.000124,4100.0,4450.0,-0.0663029794376836,0.112043642467478,-0.41250524548887957,-0.13973982375157368,-0.0663029794376836,270.0,502.0,-0.3005181347150259,2500.0,0.5245488879563576,price_wall,4450.0,-0.0663029794376836,above_price_wall
COMMODITY,bu,bu,SHFE,2701,,,,,,,4424.0,,,4200.0,4000.0,,,,4000.0,,,,,,,,81.0,15.0,24225.0,,,,,,,,,,,,,,,,,,,,,,,,,,,,,,,,,,,,,,,,,,,,,,,,,,,,,,,,COMMODITY,bu,bu2701,4424.0,59150.0,77709.0,4195.0,2657246200.0,-0.00029600000000000004,4000.0,4000.0,-0.0958408679927667,-0.05063291139240511,-0.0958408679927667,-0.0958408679927667,-0.0958408679927667,23.0,58.0,-0.43209876543209874,200.0,0.045207956600361664,call_oi_wall,4200.0,-0.05063291139240511,above_price_wall
COMMODITY,cu,cu,SHFE,2610,,,,,,,107840.0,,,120000.0,106000.0,,,,110000.0,,,,,,,,92201.0,161432.0,372467660.0,,,,,,,,,,,,,,,,,,,,,,,,,,,,,,,,,,,,,,,,,,,,,,,,,,,,,,,,COMMODITY,cu,cu2610,107840.0,114364.0,187829.0,-11069.0,61869815000.0,-7.5e-05,110000.0,108000.0,0.02002967359050456,0.11275964391691384,-0.017062314540059353,0.02002967359050456,0.0014836795252226587,46563.0,45638.0,0.010032429149358467,14000.0,0.1298219584569733,amount_wall,108000.0,0.0014836795252226587,below_price_wall
COMMODITY,cu,cu,SHFE,2611,,,,,,,107340.0,,,110000.0,100000.0,,,,100000.0,,,,,,,,40522.0,24112.0,152015230.0,,,,,,,,,,,,,,,,,,,,,,,,,,,,,,,,,,,,,,,,,,,,,,,,,,,,,,,,COMMODITY,cu,cu2611,107340.0,46054.0,130833.0,-643.0,24815130000.0,-8.800000000000001e-05,100000.0,100000.0,-0.06838084591019189,0.024781069498788888,-0.06838084591019189,-0.06838084591019189,-0.06838084591019189,20925.0,19597.0,0.03277232120823256,10000.0,0.0931619154089808,call_oi_wall,110000.0,0.024781069498788888,above_price_wall
COMMODITY,cu,cu,SHFE,2612,,,,,,,107020.0,,,110000.0,102000.0,,,,110000.0,,,,,,,,14433.0,6331.0,55647170.0,,,,,,,,,,,,,,,,,,,,,,,,,,,,,,,,,,,,,,,,,,,,,,,,,,,,,,,,COMMODITY,cu,cu2612,107020.0,21857.0,84987.0,-40.0,11737401200.0,-8.800000000000001e-05,106000.0,106000.0,0.027845262567744333,0.027845262567744333,-0.046907120164455196,-0.009530928798355487,-0.009530928798355487,7865.0,6568.0,0.08986350724035197,8000.0,0.07475238273219958,volume_wall,106000.0,-0.009530928798355487,below_price_wall
COMMODITY,cu,cu,SHFE,2701,,,,,,,106770.0,,,110000.0,104000.0,,,,110000.0,,,,,,,,1686.0,86.0,753970.0,,,,,,,,,,,,,,,,,,,,,,,,,,,,,,,,,,,,,,,,,,,,,,,,,,,,,,,,COMMODITY,cu,cu2701,106770.0,7073.0,41639.0,1626.0,3790399400.0,-8.6e-05,100000.0,108000.0,0.030251943429802308,0.030251943429802308,-0.025943617120914086,-0.06340732415472516,0.01152008991289688,1001.0,685.0,0.1874258600237248,6000.0,0.05619556055071649,amount_wall,108000.0,0.01152008991289688,below_price_wall
COMMODITY,cu,cu,SHFE,2702,,,,,,,106540.0,,,124000.0,100000.0,,,,114000.0,,,,,,,,457.0,28.0,841810.0,,,,,,,,,,,,,,,,,,,,,,,,,,,,,,,,,,,,,,,,,,,,,,,,,,,,,,,,COMMODITY,cu,cu2702,106540.0,2963.0,19853.0,658.0,1586677500.0,-9.599999999999999e-05,110000.0,114000.0,0.07002064952130649,0.1638821100056318,-0.06138539515674868,0.03247606532757641,0.07002064952130649,192.0,265.0,-0.15973741794310722,24000.0,0.22526750516238034,volume_wall,110000.0,0.03247606532757641,below_price_wall
COMMODITY,cu,cu,SHFE,2703,,,,,,,106440.0,,,112000.0,84000.0,,,,112000.0,,,,,,,,1070.0,21.0,190130.0,,,,,,,,,,,,,,,,,,,,,,,,,,,,,,,,,,,,,,,,,,,,,,,,,,,,,,,,COMMODITY,cu,cu2703,106440.0,2629.0,25644.0,102.0,1406388500.0,-9.900000000000001e-05,88000.0,124000.0,0.052236001503194185,0.052236001503194185,-0.21082299887260425,-0.17324314167606158,0.16497557309282218,788.0,282.0,0.47289719626168225,28000.0,0.26305900037579855,call_oi_wall,112000.0,0.052236001503194185,below_price_wall
COMMODITY,cu,cu,SHFE,2704,,,,,,,106470.0,,,112000.0,110000.0,,,,112000.0,,,,,,,,3382.0,70.0,833890.0,,,,,,,,,,,,,,,,,,,,,,,,,,,,,,,,,,,,,,,,,,,,,,,,,,,,,,,,COMMODITY,cu,cu2704,106470.0,1133.0,12348.0,213.0,606140000.0,-9.3e-05,124000.0,124000.0,0.051939513477974986,0.051939513477974986,0.033154879308725516,0.16464731849347225,0.16464731849347225,2707.0,675.0,0.6008279124778237,2000.0,0.018784634169249553,put_oi_wall,110000.0,0.033154879308725516,below_price_wall
COMMODITY,cu,cu,SHFE,2705,,,,,,,106410.0,,,114000.0,94000.0,,,,108000.0,,,,,,,,290.0,15.0,285150.0,,,,,,,,,,,,,,,,,,,,,,,,,,,,,,,,,,,,,,,,,,,,,,,,,,,,,,,,COMMODITY,cu,cu2705,106410.0,947.0,9189.0,395.0,506194300.0,-9.599999999999999e-05,122000.0,122000.0,0.014942204680011173,0.07132788271778967,-0.11662437740813836,0.14650878676816093,0.14650878676816093,179.0,111.0,0.23448275862068965,20000.0,0.18795226012592803,price_wall,108000.0,0.014942204680011173,below_price_wall
COMMODITY,cu,cu,SHFE,2706,,,,,,,106360.0,,,114000.0,94000.0,,,,118000.0,,,,,,,,1166.0,82.0,1358980.0,,,,,,,,,,,,,,,,,,,,,,,,,,,,,,,,,,,,,,,,,,,,,,,,,,,,,,,,COMMODITY,cu,cu2706,106360.0,1180.0,7651.0,216.0,629803900.0,-9.400000000000001e-05,124000.0,118000.0,0.1094396389620158,0.07183151560737122,-0.11620910116585181,0.1658518239939828,0.1094396389620158,966.0,200.0,0.6569468267581475,20000.0,0.188040616773223,call_oi_wall,114000.0,0.07183151560737122,below_price_wall
COMMODITY,fu,fu,SHFE,2610,,,,,,,5119.0,,,5700.0,4000.0,,,,5700.0,,,,,,,,180153.0,714747.0,551740080.0,,,,,,,,,,,,,,,,,,,,,,,,,,,,,,,,,,,,,,,,,,,,,,,,,,,,,,,,COMMODITY,fu,fu2610,5119.0,153855.0,28787.0,210.0,7549182500.0,0.000973,5700.0,5200.0,0.11349873022074619,0.11349873022074619,-0.2185973823012307,0.11349873022074619,0.015823403008400128,60469.0,119684.0,-0.3286928333139054,1700.0,0.33209611252197696,amount_wall,5200.0,0.015823403008400128,below_price_wall
COMMODITY,fu,fu,SHFE,2611,,,,,,,4392.0,,,4600.0,3000.0,,,,4600.0,,,,,,,,51350.0,64053.0,139853445.0,,,,,,,,,,,,,,,,,,,,,,,,,,,,,,,,,,,,,,,,,,,,,,,,,,,,,,,,COMMODITY,fu,fu2611,4392.0,1263929.0,219380.0,-1489.0,55182074000.0,0.00023300000000000003,4600.0,4600.0,0.04735883424408005,0.04735883424408005,-0.31693989071038253,0.04735883424408005,0.04735883424408005,20704.0,30646.0,-0.1936124634858812,1600.0,0.36429872495446264,call_oi_wall,4600.0,0.04735883424408005,below_price_wall
COMMODITY,fu,fu,SHFE,2612,,,,,,,4179.0,,,4400.0,2600.0,,,,2600.0,,,,,,,,2427.0,971.0,1921165.0,,,,,,,,,,,,,,,,,,,,,,,,,,,,,,,,,,,,,,,,,,,,,,,,,,,,,,,,COMMODITY,fu,fu2612,4179.0,84133.0,86800.0,2344.0,3504331600.0,0.000131,2600.0,3950.0,-0.37784158889686525,0.05288346494376639,-0.37784158889686525,-0.37784158889686525,-0.05479779851639144,852.0,1575.0,-0.2978986402966625,1800.0,0.43072505384063176,call_oi_wall,4400.0,0.05288346494376639,above_price_wall
COMMODITY,fu,fu,SHFE,2701,,,,,,,4002.0,,,4300.0,2200.0,,,,4300.0,,,,,,,,3312.0,831.0,1538975.0,,,,,,,,,,,,,,,,,,,,,,,,,,,,,,,,,,,,,,,,,,,,,,,,,,,,,,,,COMMODITY,fu,fu2701,4002.0,224935.0,125762.0,6232.0,9005037400.0,-1.1999999999999999e-05,4300.0,4300.0,0.07446276861569223,0.07446276861569223,-0.45027486256871563,0.07446276861569223,0.07446276861569223,1946.0,1366.0,0.1751207729468599,2100.0,0.5247376311844077,call_oi_wall,4300.0,0.07446276861569223,below_price_wall
COMMODITY,fu,fu,SHFE,2702,,,,,,,3865.0,,,4600.0,2900.0,,,,4600.0,,,,,,,,244.0,203.0,449735.0,,,,,,,,,,,,,,,,,,,,,,,,,,,,,,,,,,,,,,,,,,,,,,,,,,,,,,,,COMMODITY,fu,fu2702,3865.0,19073.0,34603.0,566.0,738061060.0,-0.00012,4600.0,4600.0,0.19016817593790436,0.19016817593790436,-0.24967658473479948,0.19016817593790436,0.19016817593790436,189.0,55.0,0.5491803278688525,1700.0,0.4398447606727037,call_oi_wall,4600.0,0.19016817593790436,below_price_wall
COMMODITY,hc,hc,SHFE,2612,,,,,,,3305.0,,,3550.0,3300.0,,,,3350.0,,,,,,,,641.0,573.0,219675.0,,,,,,,,,,,,,,,,,,,,,,,,,,,,,,,,,,,,,,,,,,,,,,,,,,,,,,,,COMMODITY,hc,hc2612,3305.0,596.0,1460.0,49.0,19738910.0,-0.00010200000000000001,3350.0,3350.0,0.013615733736762392,0.07413010590015134,-0.001512859304084735,0.013615733736762392,0.013615733736762392,404.0,237.0,0.26053042121684866,250.0,0.07564296520423601,put_oi_wall,3300.0,-0.001512859304084735,below_price_wall
COMMODITY,hc,hc,SHFE,2701,,,,,,,3310.0,,,3350.0,3100.0,,,,3350.0,,,,,,,,1100.0,651.0,317060.0,,,,,,,,,,,,,,,,,,,,,,,,,,,,,,,,,,,,,,,,,,,,,,,,,,,,,,,,COMMODITY,hc,hc2701,3310.0,429957.0,1301315.0,-1936.0,14241401000.0,-8.099999999999999e-05,3350.0,3350.0,0.012084592145015005,0.012084592145015005,-0.06344410876132933,0.012084592145015005,0.012084592145015005,403.0,697.0,-0.2672727272727273,250.0,0.0755287009063444,call_oi_wall,3350.0,0.012084592145015005,below_price_wall
COMMODITY,hc,hc,SHFE,2703,,,,,,,3322.0,,,3050.0,3050.0,,,,3050.0,,,,,,,,0.0,0.0,0.0,,,,,,,,,,,,,,,,,,,,,,,,,,,,,,,,,,,,,,,,,,,,,,,,,,,,,,,,COMMODITY,hc,hc2703,3322.0,14480.0,113234.0,6103.0,481224510.0,-7.8e-05,3050.0,3050.0,-0.08187838651414814,-0.08187838651414814,-0.08187838651414814,-0.08187838651414814,-0.08187838651414814,0.0,0.0,,0.0,0.0,call_oi_wall,3050.0,-0.08187838651414814,above_price_wall
COMMODITY,ni,ni,SHFE,2610,,,,,,,124420.0,,,140000.0,120000.0,,,,130000.0,,,,,,,,71662.0,110358.0,67228470.0,,,,,,,,,,,,,,,,,,,,,,,,,,,,,,,,,,,,,,,,,,,,,,,,,,,,,,,,COMMODITY,ni,ni2610,124420.0,135581.0,129790.0,5458.0,16959741000.0,-0.000155,130000.0,126000.0,0.04484809516154953,0.12522102555859194,-0.03552483523549266,0.04484809516154953,0.012698923002732787,49179.0,22483.0,0.3725265831263431,20000.0,0.16074586079408454,amount_wall,126000.0,0.012698923002732787,below_price_wall
COMMODITY,ni,ni,SHFE,2611,,,,,,,124650.0,,,130000.0,120000.0,,,,130000.0,,,,,,,,11253.0,11251.0,14106452.0,,,,,,,,,,,,,,,,,,,,,,,,,,,,,,,,,,,,,,,,,,,,,,,,,,,,,,,,COMMODITY,ni,ni2611,124650.0,53917.0,120042.0,5953.0,6754860200.0,-0.000156,110000.0,126000.0,0.04292017649418378,0.04292017649418378,-0.03730445246690739,-0.11752908142799845,0.010830324909747224,6603.0,4650.0,0.17355371900826447,10000.0,0.08022462896109106,amount_wall,126000.0,0.010830324909747224,below_price_wall
COMMODITY,ni,ni,SHFE,2612,,,,,,,124990.0,,,130000.0,116000.0,,,,130000.0,,,,,,,,638.0,83.0,132198.0,,,,,,,,,,,,,,,,,,,,,,,,,,,,,,,,,,,,,,,,,,,,,,,,,,,,,,,,COMMODITY,ni,ni2612,124990.0,16225.0,61060.0,3139.0,2036891400.0,-0.000149,130000.0,130000.0,0.04008320665653242,0.04008320665653242,-0.07192575406032486,0.04008320665653242,0.04008320665653242,221.0,417.0,-0.3072100313479624,14000.0,0.11200896071685734,call_oi_wall,130000.0,0.04008320665653242,below_price_wall
COMMODITY,ni,ni,SHFE,2701,,,,,,,125260.0,,,136000.0,116000.0,,,,116000.0,,,,,,,,520.0,189.0,333242.0,,,,,,,,,,,,,,,,,,,,,,,,,,,,,,,,,,,,,,,,,,,,,,,,,,,,,,,,COMMODITY,ni,ni2701,125260.0,9051.0,25443.0,980.0,1139464020.0,-0.000146,120000.0,120000.0,-0.07392623343445637,0.08574165735270634,-0.07392623343445637,-0.04199265527702378,-0.04199265527702378,135.0,385.0,-0.4807692307692308,20000.0,0.1596678907871627,volume_wall,120000.0,-0.04199265527702378,above_price_wall
COMMODITY,op,op,SHFE,2610,,,,,,,3798.0,,,3850.0,3850.0,,,,3850.0,,,,,,,,1268.0,353.0,217400.0,,,,,,,,,,,,,,,,,,,,,,,,,,,,,,,,,,,,,,,,,,,,,,,,,,,,,,,,COMMODITY,op,op2610,3798.0,1772.0,4907.0,-55.0,269431920.0,-5.7999999999999994e-05,4000.0,3850.0,0.013691416535018375,0.013691416535018375,0.013691416535018375,0.05318588730911,0.013691416535018375,615.0,653.0,-0.02996845425867508,0.0,0.0,call_oi_wall,3850.0,0.013691416535018375,below_price_wall
COMMODITY,op,op,SHFE,2611,,,,,,,3794.0,,,3800.0,3800.0,,,,3800.0,,,,,,,,1243.0,573.0,932320.0,,,,,,,,,,,,,,,,,,,,,,,,,,,,,,,,,,,,,,,,,,,,,,,,,,,,,,,,COMMODITY,op,op2611,3794.0,11803.0,20877.0,100.0,1791291000.0,-2.6e-05,3800.0,3800.0,0.001581444385872377,0.001581444385872377,0.001581444385872377,0.001581444385872377,0.001581444385872377,403.0,840.0,-0.3515687851971038,0.0,0.0,call_oi_wall,3800.0,0.001581444385872377,near_price_wall
COMMODITY,pb,pb,SHFE,2610,,,,,,,15825.0,,,16200.0,15400.0,,,,16200.0,,,,,,,,11772.0,15878.0,5190790.0,,,,,,,,,,,,,,,,,,,,,,,,,,,,,,,,,,,,,,,,,,,,,,,,,,,,,,,,COMMODITY,pb,pb2610,15825.0,79690.0,63987.0,1042.0,6359848000.0,-0.000207,15800.0,15800.0,0.023696682464454888,0.023696682464454888,-0.026856240126382325,-0.0015797788309637184,-0.0015797788309637184,6839.0,4933.0,0.1619096160380564,800.0,0.05055292259083728,volume_wall,15800.0,-0.0015797788309637184,below_price_wall
COMMODITY,pb,pb,SHFE,2611,,,,,,,15845.0,,,16000.0,15400.0,,,,15400.0,,,,,,,,3476.0,5453.0,3054320.0,,,,,,,,,,,,,,,,,,,,,,,,,,,,,,,,,,,,,,,,,,,,,,,,,,,,,,,,COMMODITY,pb,pb2611,15845.0,37689.0,55553.0,7451.0,3008006200.0,-0.000207,15400.0,16000.0,-0.028084569264752335,0.00978226569895857,-0.028084569264752335,-0.028084569264752335,0.00978226569895857,1645.0,1831.0,-0.053509781357882626,600.0,0.037866834963710946,call_oi_wall,16000.0,0.00978226569895857,above_price_wall
COMMODITY,pb,pb,SHFE,2612,,,,,,,15895.0,,,16400.0,16200.0,,,,16200.0,,,,,,,,31.0,0.0,0.0,,,,,,,,,,,,,,,,,,,,,,,,,,,,,,,,,,,,,,,,,,,,,,,,,,,,,,,,COMMODITY,pb,pb2612,15895.0,4603.0,10660.0,1633.0,367589930.0,-0.00019099999999999998,13800.0,13800.0,0.0191884240327147,0.03177099716892107,0.0191884240327147,-0.13180245360176157,-0.13180245360176157,18.0,13.0,0.16129032258064516,200.0,0.012582573136206355,put_oi_wall,16200.0,0.0191884240327147,below_price_wall
COMMODITY,rb,rb,SHFE,2610,,,,,,,3036.0,,,3200.0,3000.0,,,,3100.0,,,,,,,,304183.0,61617.0,10068645.0,,,,,,,,,,,,,,,,,,,,,,,,,,,,,,,,,,,,,,,,,,,,,,,,,,,,,,,,COMMODITY,rb,rb2610,3036.0,113657.0,388484.0,-26228.0,3455566200.0,-5.9e-05,3100.0,3050.0,0.021080368906455815,0.05401844532279321,-0.011857707509881465,0.021080368906455815,0.004611330698287119,181970.0,122213.0,0.1964508207230516,200.0,0.06587615283267458,amount_wall,3050.0,0.004611330698287119,below_price_wall
COMMODITY,rb,rb,SHFE,2611,,,,,,,3070.0,,,3300.0,2800.0,,,,3300.0,,,,,,,,426.0,50.0,4500.0,,,,,,,,,,,,,,,,,,,,,,,,,,,,,,,,,,,,,,,,,,,,,,,,,,,,,,,,COMMODITY,rb,rb2611,3070.0,49841.0,369853.0,-8302.0,1529434600.0,-1.3e-05,3300.0,3300.0,0.07491856677524433,0.07491856677524433,-0.08794788273615639,0.07491856677524433,0.07491856677524433,192.0,234.0,-0.09859154929577464,500.0,0.16286644951140064,call_oi_wall,3300.0,0.07491856677524433,below_price_wall
COMMODITY,rb,rb,SHFE,2701,,,,,,,3095.0,,,3300.0,2750.0,,,,3300.0,,,,,,,,114175.0,19444.0,10351160.0,,,,,,,,,,,,,,,,,,,,,,,,,,,,,,,,,,,,,,,,,,,,,,,,,,,,,,,,COMMODITY,rb,rb2701,3095.0,643026.0,1607133.0,6394.0,19919084000.0,-7.1e-05,3000.0,3100.0,0.06623586429725359,0.06623586429725359,-0.11147011308562194,-0.030694668820678506,0.001615508885298933,67656.0,46519.0,0.1851280928399387,550.0,0.1777059773828756,amount_wall,3100.0,0.001615508885298933,below_price_wall
COMMODITY,rb,rb,SHFE,2703,,,,,,,3108.0,,,3300.0,3100.0,,,,3150.0,,,,,,,,74.0,0.0,0.0,,,,,,,,,,,,,,,,,,,,,,,,,,,,,,,,,,,,,,,,,,,,,,,,,,,,,,,,COMMODITY,rb,rb2703,3108.0,29678.0,280737.0,5658.0,923946650.0,-9.599999999999999e-05,2800.0,2800.0,0.013513513513513598,0.061776061776061875,-0.002574002574002532,-0.09909909909909909,-0.09909909909909909,36.0,38.0,-0.02702702702702703,200.0,0.06435006435006435,put_oi_wall,3100.0,-0.002574002574002532,below_price_wall
COMMODITY,ru,ru,SHFE,2610,,,,,,,18105.0,,,19000.0,17000.0,,,,19000.0,,,,,,,,8481.0,10377.0,9279300.0,,,,,,,,,,,,,,,,,,,,,,,,,,,,,,,,,,,,,,,,,,,,,,,,,,,,,,,,COMMODITY,ru,ru2610,18105.0,713.0,512.0,-113.0,129535500.0,-0.00020299999999999997,19000.0,19000.0,0.04943385805026246,0.04943385805026246,-0.06103286384976525,0.04943385805026246,0.04943385805026246,5571.0,2910.0,0.31376016979129817,2000.0,0.11046672190002761,call_oi_wall,19000.0,0.04943385805026246,below_price_wall
COMMODITY,ru,ru,SHFE,2611,,,,,,,18120.0,,,20000.0,18500.0,,,,18500.0,,,,,,,,985.0,384.0,722600.0,,,,,,,,,,,,,,,,,,,,,,,,,,,,,,,,,,,,,,,,,,,,,,,,,,,,,,,,COMMODITY,ru,ru2611,18120.0,5181.0,5390.0,-74.0,943084700.0,-0.000211,20000.0,18500.0,0.020971302428256067,0.10375275938189854,0.020971302428256067,0.10375275938189854,0.020971302428256067,784.0,201.0,0.5918781725888325,1500.0,0.08278145695364239,put_oi_wall,18500.0,0.020971302428256067,below_price_wall
COMMODITY,ru,ru,SHFE,2701,,,,,,,18970.0,,,21500.0,18500.0,,,,21500.0,,,,,,,,37586.0,28811.0,122777860.0,,,,,,,,,,,,,,,,,,,,,,,,,,,,,,,,,,,,,,,,,,,,,,,,,,,,,,,,COMMODITY,ru,ru2701,18970.0,406140.0,147816.0,-8786.0,77389914000.0,-0.00019099999999999998,21500.0,20000.0,0.1333684765419083,0.1333684765419083,-0.02477596204533472,0.1333684765419083,0.054296257248286794,22409.0,15177.0,0.19241206832331187,3000.0,0.158144438587243,put_oi_wall,18500.0,-0.02477596204533472,below_price_wall
COMMODITY,ru,ru,SHFE,2705,,,,,,,18970.0,,,21000.0,16000.0,,,,21000.0,,,,,,,,2612.0,785.0,6587940.0,,,,,,,,,,,,,,,,,,,,,,,,,,,,,,,,,,,,,,,,,,,,,,,,,,,,,,,,COMMODITY,ru,ru2705,18970.0,36748.0,28794.0,-36.0,7001251800.0,-0.000189,21750.0,18500.0,0.10701107011070121,0.10701107011070121,-0.15656299420137054,0.14654717975751197,-0.02477596204533472,1737.0,875.0,0.33001531393568145,5000.0,0.2635740643120717,amount_wall,18500.0,-0.02477596204533472,below_price_wall
COMMODITY,sn,sn,SHFE,2610,,,,,,,398050.0,,,450000.0,400000.0,,,,450000.0,,,,,,,,24988.0,98833.0,286062186.0,,,,,,,,,,,,,,,,,,,,,,,,,,,,,,,,,,,,,,,,,,,,,,,,,,,,,,,,COMMODITY,sn,sn2610,398050.0,124720.0,36053.0,1099.0,50348214000.0,-0.00038100000000000005,400000.0,400000.0,0.1305112423062429,0.1305112423062429,0.00489888204999378,0.00489888204999378,0.00489888204999378,13629.0,11359.0,0.09084360493036657,50000.0,0.12561236025624922,put_oi_wall,400000.0,0.00489888204999378,below_price_wall
COMMODITY,sn,sn,SHFE,2611,,,,,,,398120.0,,,500000.0,335000.0,,,,450000.0,,,,,,,,6454.0,7768.0,41105104.0,,,,,,,,,,,,,,,,,,,,,,,,,,,,,,,,,,,,,,,,,,,,,,,,,,,,,,,,COMMODITY,sn,sn2611,398120.0,40823.0,21540.0,1800.0,16482781000.0,-0.00038100000000000005,450000.0,395000.0,0.1303124686024315,0.25590274289159054,-0.15854516226263438,0.1303124686024315,-0.007836833115643538,3615.0,2839.0,0.12023551286024171,165000.0,0.41444790515422486,amount_wall,395000.0,-0.007836833115643538,below_price_wall
COMMODITY,sn,sn,SHFE,2612,,,,,,,398420.0,,,445000.0,350000.0,,,,430000.0,,,,,,,,478.0,183.0,621232.0,,,,,,,,,,,,,,,,,,,,,,,,,,,,,,,,,,,,,,,,,,,,,,,,,,,,,,,,COMMODITY,sn,sn2612,398420.0,11428.0,9139.0,374.0,4613367800.0,-0.000375,500000.0,430000.0,0.07926308920234937,0.11691180161638481,-0.12153004367250642,0.25495708046784804,0.07926308920234937,254.0,224.0,0.06276150627615062,95000.0,0.23844184528889112,price_wall,430000.0,0.07926308920234937,below_price_wall
COMMODITY,sp,sp,SHFE,2610,,,,,,,4754.0,,,5300.0,4750.0,,,,5300.0,,,,,,,,1585.0,393.0,88010.0,,,,,,,,,,,,,,,,,,,,,,,,,,,,,,,,,,,,,,,,,,,,,,,,,,,,,,,,COMMODITY,sp,sp2610,4754.0,83.0,231.0,-21.0,3965500.0,-1.7e-05,5300.0,4750.0,0.11485065208245682,0.11485065208245682,-0.0008413967185527671,0.11485065208245682,-0.0008413967185527671,1142.0,443.0,0.44100946372239747,550.0,0.11569204880100968,put_oi_wall,4750.0,-0.0008413967185527671,below_price_wall
COMMODITY,sp,sp,SHFE,2611,,,,,,,4764.0,,,5000.0,4600.0,,,,5000.0,,,,,,,,42108.0,35169.0,23118430.0,,,,,,,,,,,,,,,,,,,,,,,,,,,,,,,,,,,,,,,,,,,,,,,,,,,,,,,,COMMODITY,sp,sp2611,4764.0,348887.0,215002.0,96.0,16721074000.0,-7.5e-05,5000.0,5000.0,0.04953820319059621,0.04953820319059621,-0.034424853064651595,0.04953820319059621,0.04953820319059621,23214.0,18894.0,0.10259333143345682,400.0,0.08396305625524769,put_oi_wall,4600.0,-0.034424853064651595,below_price_wall
COMMODITY,sp,sp,SHFE,2701,,,,,,,4942.0,,,5000.0,5000.0,,,,5000.0,,,,,,,,6835.0,2503.0,3081600.0,,,,,,,,,,,,,,,,,,,,,,,,,,,,,,,,,,,,,,,,,,,,,,,,,,,,,,,,COMMODITY,sp,sp2701,4942.0,72357.0,127924.0,3537.0,3597925300.0,-8.800000000000001e-05,5100.0,5100.0,0.011736139214892694,0.011736139214892694,0.011736139214892694,0.031970861999190525,0.031970861999190525,3657.0,3178.0,0.07008046817849305,0.0,0.0,call_oi_wall,5000.0,0.011736139214892694,below_price_wall
COMMODITY,sp,sp,SHFE,2703,,,,,,,4972.0,,,5500.0,4800.0,,,,5400.0,,,,,,,,112.0,16.0,15760.0,,,,,,,,,,,,,,,,,,,,,,,,,,,,,,,,,,,,,,,,,,,,,,,,,,,,,,,,COMMODITY,sp,sp2703,4972.0,11509.0,38566.0,1736.0,575349340.0,-8.4e-05,5400.0,5400.0,0.08608205953338688,0.10619469026548667,-0.03459372485921164,0.08608205953338688,0.08608205953338688,71.0,41.0,0.26785714285714285,700.0,0.1407884151246983,put_oi_wall,4800.0,-0.03459372485921164,below_price_wall
COMMODITY,ss,ss,SHFE,2612,,,,,,,13555.0,,,14000.0,13000.0,,,,13000.0,,,,,,,,1296.0,1144.0,942390.0,,,,,,,,,,,,,,,,,,,,,,,,,,,,,,,,,,,,,,,,,,,,,,,,,,,,,,,,COMMODITY,ss,ss2612,13555.0,8107.0,12763.0,1583.0,550128300.0,-7.7e-05,13000.0,13000.0,-0.040944300995942484,0.03282921431206187,-0.040944300995942484,-0.040944300995942484,-0.040944300995942484,639.0,657.0,-0.013888888888888888,1000.0,0.07377351530800443,call_oi_wall,14000.0,0.03282921431206187,above_price_wall
COMMODITY,ss,ss,SHFE,2701,,,,,,,13595.0,,,14400.0,13000.0,,,,13600.0,,,,,,,,58.0,33.0,41955.0,,,,,,,,,,,,,,,,,,,,,,,,,,,,,,,,,,,,,,,,,,,,,,,,,,,,,,,,COMMODITY,ss,ss2701,13595.0,1452.0,4250.0,119.0,98856425.0,-8.4e-05,14400.0,13600.0,0.00036778227289446797,0.05921294593600579,-0.043766090474439134,0.05921294593600579,0.00036778227289446797,42.0,16.0,0.4482758620689655,1400.0,0.10297903641044502,price_wall,13600.0,0.00036778227289446797,near_price_wall
COMMODITY,zn,zn,SHFE,2610,,,,,,,26305.0,,,27000.0,26000.0,,,,26000.0,,,,,,,,44543.0,65531.0,57054040.0,,,,,,,,,,,,,,,,,,,,,,,,,,,,,,,,,,,,,,,,,,,,,,,,,,,,,,,,COMMODITY,zn,zn2610,26305.0,157169.0,105993.0,-15313.0,20828143000.0,-0.000194,26000.0,27000.0,-0.011594753849078154,0.026420832541341976,-0.011594753849078154,-0.011594753849078154,0.026420832541341976,23558.0,20985.0,0.05776440742653167,1000.0,0.038015586390420075,put_oi_wall,26000.0,-0.011594753849078154,above_price_wall
COMMODITY,zn,zn,SHFE,2611,,,,,,,26335.0,,,28000.0,26500.0,,,,26500.0,,,,,,,,14761.0,17668.0,34673440.0,,,,,,,,,,,,,,,,,,,,,,,,,,,,,,,,,,,,,,,,,,,,,,,,,,,,,,,,COMMODITY,zn,zn2611,26335.0,97513.0,127946.0,3573.0,12933757800.0,-0.000194,26500.0,26500.0,0.006265426238845739,0.06322384659198788,0.006265426238845739,0.006265426238845739,0.006265426238845739,6140.0,8621.0,-0.16807804349298827,1500.0,0.056958420353142206,put_oi_wall,26500.0,0.006265426238845739,below_price_wall
COMMODITY,zn,zn,SHFE,2612,,,,,,,26360.0,,,28500.0,24600.0,,,,29000.0,,,,,,,,739.0,321.0,308440.0,,,,,,,,,,,,,,,,,,,,,,,,,,,,,,,,,,,,,,,,,,,,,,,,,,,,,,,,COMMODITY,zn,zn2612,26360.0,29009.0,42203.0,585.0,3848064900.0,-0.00018800000000000002,30000.0,29000.0,0.10015174506828539,0.08118361153262521,-0.06676783004552356,0.13808801213960553,0.10015174506828539,497.0,242.0,0.34506089309878213,3900.0,0.1479514415781487,put_oi_wall,24600.0,-0.06676783004552356,below_price_wall
COMMODITY,zn,zn,SHFE,2701,,,,,,,26305.0,,,30000.0,24200.0,,,,30000.0,,,,,,,,238.0,73.0,104975.0,,,,,,,,,,,,,,,,,,,,,,,,,,,,,,,,,,,,,,,,,,,,,,,,,,,,,,,,COMMODITY,zn,zn2701,26305.0,6802.0,10589.0,284.0,899822450.0,-0.000205,30000.0,30000.0,0.14046759171260215,0.14046759171260215,-0.08002280935183426,0.14046759171260215,0.14046759171260215,154.0,84.0,0.29411764705882354,5800.0,0.22049040106443643,put_oi_wall,24200.0,-0.08002280935183426,below_price_wall
INDEX_OPTION,IH,IH,CFFEX,2609,,,,,,,2860.4,,,3000.0,2800.0,,,,2900.0,,,,,,,,43929.0,16845.0,41278300.0,,,,,,,,,,,,,,,,,,,,,,,,,,,,,,,,,,,,,,,,,,,,,,,,,,,,,,,,INDEX,HO,IH2609,2860.4,29405.0,44811.0,-11396.0,25179229000.0,-1.1000000000000001e-05,2850.0,2850.0,0.013844217591945096,0.0488043630261501,-0.021115927842259907,-0.0036358551251574056,-0.0036358551251574056,26252.0,17677.0,0.19520134762912883,200.0,0.06992029086841,volume_wall,2850.0,-0.0036358551251574056,below_price_wall
INDEX_OPTION,IH,IH,CFFEX,2610,,,,,,,2843.4,,,2950.0,2850.0,,,,2900.0,,,,,,,,16850.0,6217.0,21673580.0,,,,,,,,,,,,,,,,,,,,,,,,,,,,,,,,,,,,,,,,,,,,,,,,,,,,,,,,INDEX,HO,IH2610,2843.4,4904.0,10181.0,1210.0,4171079100.0,-1e-06,2950.0,2850.0,0.019905746641344813,0.03749032847998879,0.002321164802701059,0.03749032847998879,0.002321164802701059,10946.0,5904.0,0.2992284866468843,100.0,0.03516916367728775,put_oi_wall,2850.0,0.002321164802701059,below_price_wall
INDEX_OPTION,IH,IH,CFFEX,2611,,,,,,,,,,3100.0,2700.0,,,,3100.0,,,,,,,,2326.0,627.0,4503940.0,,,,,,,,,,,,,,,,,,,,,,,,,,,,,,,,,,,,,,,,,,,,,,,,,,,,,,,,INDEX,HO,,,,,,,,2700.0,3250.0,,,,,,1308.0,1018.0,0.12467755803955288,400.0,,,,,unavailable
INDEX_OPTION,IH,IH,CFFEX,2612,,,,,,,2797.2,,,3000.0,2500.0,,,,3000.0,,,,,,,,20238.0,1430.0,5676540.0,,,,,,,,,,,,,,,,,,,,,,,,,,,,,,,,,,,,,,,,,,,,,,,,,,,,,,,,INDEX,HO,IH2612,2797.2,15362.0,50351.0,170.0,12854528100.0,0.0,3000.0,3000.0,0.07250107250107263,0.07250107250107263,-0.10624910624910622,0.07250107250107263,0.07250107250107263,11501.0,8737.0,0.13657476035181343,500.0,0.17875017875017876,call_oi_wall,3000.0,0.07250107250107263,below_price_wall
INDEX_OPTION,IH,IH,CFFEX,2703,,,,,,,2750.0,,,3000.0,2500.0,,,,3000.0,,,,,,,,8650.0,1117.0,3831980.0,,,,,,,,,,,,,,,,,,,,,,,,,,,,,,,,,,,,,,,,,,,,,,,,,,,,,,,,INDEX,HO,IH2703,2750.0,2798.0,12635.0,-210.0,2302174400.0,-9e-06,3000.0,3000.0,0.09090909090909083,0.09090909090909083,-0.09090909090909094,0.09090909090909083,0.09090909090909083,4475.0,4175.0,0.03468208092485549,500.0,0.18181818181818182,call_oi_wall,3000.0,0.09090909090909083,below_price_wall
INDEX_OPTION,IH,IH,CFFEX,2706,,,,,,,,,,3400.0,2500.0,,,,2500.0,,,,,,,,4551.0,221.0,3187580.0,,,,,,,,,,,,,,,,,,,,,,,,,,,,,,,,,,,,,,,,,,,,,,,,,,,,,,,,INDEX,HO,,,,,,,,2500.0,2500.0,,,,,,2028.0,2523.0,-0.10876730388925511,900.0,,,,,unavailable
INDEX_OPTION,IF,IF,CFFEX,2609,,,,,,,4480.2,,,4600.0,4500.0,,,,4500.0,,,,,,,,100405.0,58432.0,239374940.0,,,,,,,,,,,,,,,,,,,,,,,,,,,,,,,,,,,,,,,,,,,,,,,,,,,,,,,,INDEX,IO,IF2609,4480.2,56343.0,89471.0,-19359.0,75671225000.0,-4.9e-05,4500.0,4500.0,0.004419445560466029,0.026739877684031965,0.004419445560466029,0.004419445560466029,0.004419445560466029,57924.0,42481.0,0.15380708132065135,100.0,0.022320432123565912,put_oi_wall,4500.0,0.004419445560466029,near_price_wall
INDEX_OPTION,IF,IF,CFFEX,2610,,,,,,,4450.2,,,4800.0,4500.0,,,,4500.0,,,,,,,,49990.0,24758.0,138590060.0,,,,,,,,,,,,,,,,,,,,,,,,,,,,,,,,,,,,,,,,,,,,,,,,,,,,,,,,INDEX,IO,IF2610,4450.2,10283.0,26114.0,2186.0,13723586000.0,-5e-05,4500.0,4500.0,0.011190508291762269,0.0786032088445463,0.011190508291762269,0.011190508291762269,0.011190508291762269,29592.0,20398.0,0.18391678335667133,300.0,0.06741270055278414,put_oi_wall,4500.0,0.011190508291762269,below_price_wall
INDEX_OPTION,IF,IF,CFFEX,2611,,,,,,,,,,4800.0,4100.0,,,,4100.0,,,,,,,,6933.0,1428.0,8904020.0,,,,,,,,,,,,,,,,,,,,,,,,,,,,,,,,,,,,,,,,,,,,,,,,,,,,,,,,INDEX,IO,,,,,,,,4450.0,4450.0,,,,,,2260.0,4673.0,-0.3480455791143805,700.0,,,,,unavailable
INDEX_OPTION,IF,IF,CFFEX,2612,,,,,,,4389.0,,,5600.0,4000.0,,,,4500.0,,,,,,,,37675.0,3323.0,35859100.0,,,,,,,,,,,,,,,,,,,,,,,,,,,,,,,,,,,,,,,,,,,,,,,,,,,,,,,,INDEX,IO,IF2612,4389.0,33168.0,123240.0,1613.0,43631235000.0,-4.7000000000000004e-05,4800.0,4500.0,0.025290498974709585,0.27591706539074967,-0.08863066757803595,0.09364319890635686,0.025290498974709585,22288.0,15387.0,0.18317186463171864,1600.0,0.3645477329687856,price_wall,4500.0,0.025290498974709585,below_price_wall
INDEX_OPTION,IF,IF,CFFEX,2703,,,,,,,4310.6,,,5000.0,4100.0,,,,4100.0,,,,,,,,16444.0,1265.0,26272540.0,,,,,,,,,,,,,,,,,,,,,,,,,,,,,,,,,,,,,,,,,,,,,,,,,,,,,,,,INDEX,IO,IF2703,4310.6,8265.0,43517.0,293.0,10680633400.0,-5.7999999999999994e-05,4700.0,4700.0,-0.04885630770658389,0.15993133206514165,-0.04885630770658389,0.09033545214123317,0.09033545214123317,7083.0,9361.0,-0.13853077110192166,900.0,0.2087876397717255,put_oi_wall,4100.0,-0.04885630770658389,above_price_wall
INDEX_OPTION,IF,IF,CFFEX,2706,,,,,,,,,,4500.0,4500.0,,,,4500.0,,,,,,,,8192.0,282.0,6601900.0,,,,,,,,,,,,,,,,,,,,,,,,,,,,,,,,,,,,,,,,,,,,,,,,,,,,,,,,INDEX,IO,,,,,,,,4100.0,4100.0,,,,,,3960.0,4232.0,-0.033203125,0.0,,,,,unavailable
INDEX_OPTION,IM,IM,CFFEX,2609,,,,,,,7470.0,,,8000.0,7000.0,,,,7600.0,,,,,,,,236898.0,282759.0,2379316440.0,,,,,,,,,,,,,,,,,,,,,,,,,,,,,,,,,,,,,,,,,,,,,,,,,,,,,,,,INDEX,MO,IM2609,7470.0,139480.0,155680.0,-37165.0,206848550000.0,7.900000000000001e-05,7400.0,7400.0,0.01740294511378848,0.07095046854082998,-0.06291834002677377,-0.009370816599732268,-0.009370816599732268,130249.0,106649.0,0.09962093390404309,1000.0,0.13386880856760375,volume_wall,7400.0,-0.009370816599732268,below_price_wall
INDEX_OPTION,IM,IM,CFFEX,2610,,,,,,,7394.0,,,8000.0,6200.0,,,,8000.0,,,,,,,,86712.0,63940.0,964832960.0,,,,,,,,,,,,,,,,,,,,,,,,,,,,,,,,,,,,,,,,,,,,,,,,,,,,,,,,INDEX,MO,IM2610,7394.0,23306.0,44857.0,5260.0,34229109000.0,7.7e-05,7400.0,7400.0,0.08195834460373286,0.08195834460373286,-0.1614822829321071,0.000811468758452838,0.000811468758452838,49156.0,37556.0,0.1337761786142633,1800.0,0.24344062753583987,volume_wall,7400.0,0.000811468758452838,below_price_wall
INDEX_OPTION,IM,IM,CFFEX,2611,,,,,,,,,,8600.0,6700.0,,,,6700.0,,,,,,,,8633.0,3536.0,70557360.0,,,,,,,,,,,,,,,,,,,,,,,,,,,,,,,,,,,,,,,,,,,,,,,,,,,,,,,,INDEX,MO,,,,,,,,6700.0,7400.0,,,,,,4551.0,4082.0,0.054326421869570256,1900.0,,,,,unavailable
INDEX_OPTION,IM,IM,CFFEX,2612,,,,,,,7229.6,,,8000.0,6200.0,,,,8000.0,,,,,,,,70917.0,9446.0,227005760.0,,,,,,,,,,,,,,,,,,,,,,,,,,,,,,,,,,,,,,,,,,,,,,,,,,,,,,,,INDEX,MO,IM2612,7229.6,75215.0,177955.0,-3926.0,107941297000.0,7.900000000000001e-05,6200.0,7400.0,0.10656191213898403,0.10656191213898403,-0.14241451809228733,-0.14241451809228733,0.023569768728560314,43230.0,27687.0,0.2191717077710563,1800.0,0.24897643023127142,amount_wall,7400.0,0.023569768728560314,below_price_wall
INDEX_OPTION,IM,IM,CFFEX,2703,,,,,,,7009.4,,,8800.0,6600.0,,,,6600.0,,,,,,,,29731.0,2794.0,103257040.0,,,,,,,,,,,,,,,,,,,,,,,,,,,,,,,,,,,,,,,,,,,,,,,,,,,,,,,,INDEX,MO,IM2703,7009.4,24918.0,78107.0,426.0,34672937000.0,7.400000000000001e-05,7400.0,7400.0,-0.058407281650355136,0.2554569577995265,-0.058407281650355136,0.055725169058692625,0.055725169058692625,17892.0,11839.0,0.20359221015102083,2200.0,0.3138642394498816,volume_wall,7400.0,0.055725169058692625,above_price_wall
INDEX_OPTION,IM,IM,CFFEX,2706,,,,,,,,,,9800.0,6200.0,,,,6200.0,,,,,,,,15688.0,1018.0,36827400.0,,,,,,,,,,,,,,,,,,,,,,,,,,,,,,,,,,,,,,,,,,,,,,,,,,,,,,,,INDEX,MO,,,,,,,,6200.0,6200.0,,,,,,7253.0,8435.0,-0.07534421213666496,3600.0,,,,,unavailable
