underlying,contract_month,strike,underlying_price,expiry,expiry_month,expiry_source,expiry_confidence,days_to_expiry,business_days_to_expiry_estimate,call_gex,put_gex,net_gex,total_abs_gex,call_oi,put_oi,total_oi,call_volume,put_volume,total_volume,avg_iv,avg_delta,avg_gamma,liquidity_adjusted_call_gex,liquidity_adjusted_put_gex,liquidity_adjusted_net_gex,liquidity_adjusted_abs_gex,active_gex,stable_gex,avg_spread_bps,avg_liquidity_score,avg_pricing_quality_score,avg_volume_oi_ratio,avg_oi_change_rate,price_wall_score,in_price_range
上证50ETF华夏,8月,2.75,2.979,2026-08-26,202608,rule_fourth_wednesday,medium,2.0,2.0,193382.94383100007,-1588442.4066987003,-1395059.4628677003,1781825.3505297003,350.0,14854.0,15204.0,78.0,1483.0,1561.0,0.42255000000000004,0.47814999999999996,0.37155000000000005,96313.64477721936,-381123.5180742001,-284809.87329698075,477437.1628514194,-115490.82149667002,-1279568.6413710301,238.87079261672116,0.36899079699666687,0.7900990099009901,0.16134778510838832,0.04227974454914426,0.49207095457999206,False
上证50ETF华夏,8月,2.8,2.979,2026-08-26,202608,rule_fourth_wednesday,medium,2.0,2.0,619.4359818000001,-3820555.8286354803,-3819936.3926536804,3821175.26461728,1396.0,23551.0,24947.0,658.0,1687.0,2345.0,0.1321,0.49775,0.09165,391.7539716837788,-859163.2564636285,-858771.5024919447,859555.0104353123,-273381.23724786006,-3546555.155405821,5055.897149245388,0.4286578513605034,0.7893318360471646,0.27148924135744423,0.006816657239785908,0.6158767235328193,False
上证50ETF华夏,8月,2.85,2.979,2026-08-26,202608,rule_fourth_wednesday,medium,2.0,2.0,77953.08974400001,-17837677.526780162,-17759724.43703616,17915630.616524164,1464.0,24346.0,25810.0,1750.0,3962.0,5712.0,0.1248,0.48785,0.44279999999999997,71661.18339291273,-1809784.3349874502,-1738123.1515945373,1881445.518380363,-2824900.6998355202,-14934823.737200642,959.5371644265701,0.5103722549713684,0.7992307692307693,0.6790461982736137,-0.135371637726276,0.7838874262857358,True
上证50ETF华夏,8月,2.9,2.979,2026-08-26,202608,rule_fourth_wednesday,medium,2.0,2.0,10559516.662281243,-53273533.42636417,-42714016.76408292,63833050.08864541,8293.0,27552.0,35845.0,15856.0,13740.0,29596.0,0.09459999999999999,0.45959999999999995,1.8068,9995547.495500276,-11827393.705854649,-1831846.2103543729,21822941.201354925,-16007641.775517961,-26706374.988564964,447.32966013856185,0.584301973770996,0.48996235884567113,1.205333666863998,-0.05804141993987351,0.8957654587278823,True
上证50ETF华夏,8月,2.95,2.979,2026-08-26,202608,rule_fourth_wednesday,medium,2.0,2.0,150233548.05639002,-178736000.03777543,-28502451.98138541,328969548.09416544,23250.0,28614.0,51864.0,56750.0,47947.0,104697.0,0.1613,0.25875000000000004,7.15995,122297384.54941623,-149462794.408836,-27165409.859419778,271760178.95825225,-28502451.98138541,0.0,89.13497131951277,0.8251347106914254,0.8479607533363821,2.0582542495552594,-0.017323873239030042,0.9601554722684018,True
上证50ETF华夏,8月,3.0,2.979,2026-08-26,202608,rule_fourth_wednesday,medium,2.0,2.0,568653640.7174717,-289816433.97174186,278837206.74572986,858470074.6892135,70515.0,38908.0,109423.0,110485.0,82753.0,193238.0,0.15075,-0.18475,8.7403,394784074.4423357,-224925435.19420233,169858639.2481334,619709509.636538,278837206.74572986,0.0,119.28800700320909,0.7351698365700673,0.8261591695501731,1.8468594120955681,-0.1665560002167761,0.9927058554418549,True
上证50ETF华夏,8月,3.1,2.979,2026-08-26,202608,rule_fourth_wednesday,medium,2.0,2.0,99560021.55339403,-7486793.64774432,92073227.90564972,107046815.20113835,110879.0,17316.0,128195.0,31825.0,16919.0,48744.0,0.2032,-0.4824,0.7495,14843956.374296624,-6245224.223753827,8598732.150542798,21089180.598050453,21261029.17276062,70812198.7328891,913.2558403695427,0.49163047641012636,0.7991666666666668,0.632048910725441,-0.22124783121114203,0.9617197205027946,True
上证50ETF华夏,8月,3.2,2.979,2026-08-26,202608,rule_fourth_wednesday,medium,2.0,2.0,12941039.995405203,-1213146.5565403802,11727893.438864823,14154186.551945582,96572.0,2818.0,99390.0,9074.0,1017.0,10091.0,0.33875,-0.48755,0.31805,534861.8276558759,-621955.6698611036,-87093.8422052277,1156817.4975169795,778135.21410393,10949758.224760892,3373.965387509405,0.27700520757541225,0.7963735267452403,0.22742761686070462,-0.36516730120519436,0.8481210129064088,False
上证50ETF华夏,8月,3.3,2.979,2026-08-26,202608,rule_fourth_wednesday,medium,2.0,2.0,3487686.3735435004,0.0,3487686.3735435004,3487686.3735435004,46675.0,688.0,47363.0,6766.0,164.0,6930.0,0.20365,-0.4985,0.0421,217275.19781720696,0.0,217275.19781720696,217275.19781720696,505574.41892652004,2982111.95461698,3424.043373996454,0.30625528745837677,0.7990610328638499,0.19166596081264559,-0.30985186336940157,0.6764176228918726,False
上证50ETF华夏,8月,3.4,2.979,2026-08-26,202608,rule_fourth_wednesday,medium,2.0,2.0,1228265.5866944403,-216837.64767195002,1011427.9390224903,1445103.2343663904,25028.0,435.0,25463.0,1635.0,67.0,1702.0,0.7684500000000001,-0.45635000000000003,0.3085,126648.75616250146,-117829.87664127091,8818.879521230556,244478.63280377237,46840.71950856002,964587.2195139304,3407.213218938672,0.3232566220438103,0.7758195768425948,0.10967491122586381,-0.3861135144172816,0.5120427349295529,False
上证50ETF华夏,8月,3.5,2.979,2026-08-26,202608,rule_fourth_wednesday,medium,2.0,2.0,962912.8787304601,0.0,962912.8787304601,962912.8787304601,27194.0,1632.0,28826.0,936.0,11.0,947.0,0.30675,-0.49895,0.01995,179578.45235157548,0.0,179578.45235157548,179578.45235157548,33142.842336240006,929770.0363942201,3396.831505355654,0.34379700940369573,0.7789783889980353,0.020579776644790444,-0.13965930868566784,0.46485513118469174,False
上证50ETF华夏,9月,2.65,2.979,2026-09-23,202609,rule_fourth_wednesday,medium,30.0,22.0,698702.13383436,-8560436.29911936,-7861734.165285001,9259138.43295372,1828.0,25546.0,27374.0,100.0,1356.0,1456.0,0.1161,0.46090000000000003,0.40415,378491.4556169575,-1323149.1456568323,-944657.6900398748,1701640.6012737898,-416171.8803819601,-7445562.284903041,576.425404256021,0.34813603730553877,0.507882384199805,0.05389265616185399,-0.002517367702375629,0.6885871332446913,False
上证50ETF华夏,9月,2.7,2.979,2026-09-23,202609,rule_fourth_wednesday,medium,30.0,22.0,907450.6397904002,-11109166.791133953,-10201716.151343552,12016617.430924354,1578.0,22781.0,24359.0,116.0,3818.0,3934.0,0.10905,0.43795,0.59875,442806.73329105234,-5215836.651834406,-4773029.918543354,5658643.385125458,-1795142.3366943006,-8406573.814649252,211.8545801787052,0.4787376511872404,0.39903489235337786,0.12055328832551129,0.020214427485070643,0.7444744269501395,False
上证50ETF华夏,9月,2.75,2.979,2026-09-23,202609,rule_fourth_wednesday,medium,30.0,22.0,1779483.3855498002,-8435081.27021796,-6655597.88466816,10214564.655767761,2212.0,11983.0,14195.0,97.0,3454.0,3551.0,0.10124999999999999,0.4053,0.84985,805643.2557212198,-3384036.876884618,-2578393.621163398,4189680.1326058377,-2353308.5566194304,-4302289.32804873,188.47053329811956,0.42696300680040605,0.3499087591240877,0.16604669680480139,0.015005349829905335,0.6830038832275314,False
上证50ETF华夏,9月,2.8,2.979,2026-09-23,202609,rule_fourth_wednesday,medium,30.0,22.0,5774833.0439424,-23622531.9444774,-17847698.900535002,29397364.9884198,5496.0,22829.0,28325.0,1758.0,9452.0,11210.0,0.09749999999999999,0.35514999999999997,1.1749999999999998,3394875.197999318,-11555214.501711063,-8160339.303711745,14950089.69971038,-7933359.778596001,-9914339.121939,235.32914222277302,0.5385174414130738,0.32042648709315374,0.3669518879782304,0.043621560022111594,0.8393292819331782,False
上证50ETF华夏,9月,2.85,2.979,2026-09-23,202609,rule_fourth_wednesday,medium,30.0,22.0,10480539.46204584,-41405829.381653056,-30925289.919607215,51886368.8436989,8152.0,28684.0,36836.0,3646.0,14565.0,18211.0,0.09305000000000001,0.28909999999999997,1.5376500000000002,6215625.320264811,-23919216.463023532,-17703591.14275872,30134841.783288345,-16337374.470694087,-14587915.448913127,177.49806342763105,0.5853705010281914,0.20707831325301213,0.47751328851664976,0.11141900227484643,0.8817099413744958,True
上证50ETF华夏,9月,2.9,2.979,2026-09-23,202609,rule_fourth_wednesday,medium,30.0,22.0,47673946.45369225,-175295614.96722835,-127621668.5135361,222969561.4209206,21604.0,92118.0,113722.0,10931.0,18978.0,29909.0,0.13135,0.3124,2.3154500000000002,26979388.746214766,-69461501.13097304,-42482112.38475828,96440889.8771878,-11992476.555305272,-115629191.95823082,201.6422239470563,0.48108411768348147,0.04148936170212769,0.3559947421028162,0.09882886265027753,0.9612138770908234,True
上证50ETF华夏,9月,2.95,2.979,2026-09-23,202609,rule_fourth_wednesday,medium,30.0,22.0,100366857.77462488,-126036247.14404263,-25669389.369417742,226403104.9186675,29601.0,58527.0,88128.0,21833.0,16595.0,38428.0,0.14545,0.14154999999999998,3.12365,87194510.1543141,-76972231.22683892,10222278.927475184,164166741.38115302,38291363.57024001,-63960752.93965776,38.94288377046975,0.7397365157067117,0.0011235955056180247,0.5105603901410519,0.12060650428854496,0.9598733019691011,True
上证50ETF华夏,9月,3.0,2.979,2026-09-23,202609,rule_fourth_wednesday,medium,30.0,22.0,269520517.1191691,-129379265.93018053,140141251.18898857,398899783.04934967,79102.0,58213.0,137315.0,39618.0,25021.0,64639.0,0.1514,-0.02149999999999999,3.1719,146786681.07524395,-72218194.2085562,74568486.86668774,219004875.28380015,79378996.58629489,60762254.60269368,90.41769041769012,0.5514057031792339,0.17299270072992717,0.46533254476637076,0.12987922933901466,0.9845911779654601,True
上证50ETF华夏,9月,3.1,2.979,2026-09-23,202609,rule_fourth_wednesday,medium,30.0,22.0,178289003.49653524,-47896559.498822585,130392443.99771266,226185562.9953578,88080.0,29302.0,117382.0,40475.0,7880.0,48355.0,0.17504999999999998,-0.26059999999999994,2.0614,118828193.8096686,-25055887.914846975,93772305.89482163,143884081.7245156,69047814.94246757,61344629.05524507,133.19623271340123,0.594808500382328,0.4299229152067273,0.36422452719343323,0.05434956615562096,0.9712458277346885,True
上证50ETF华夏,9月,3.2,2.979,2026-09-23,202609,rule_fourth_wednesday,medium,30.0,22.0,55839418.30157617,-12245777.239924802,43593641.061651364,68085195.54150097,61882.0,11440.0,73322.0,11677.0,1498.0,13175.0,0.2172,-0.35735,1.1115,17339181.99557795,-6076929.5786446575,11262252.416933293,23416111.57422261,8933266.1196126,34660374.94203876,209.94122217825856,0.40338280971046836,0.47083685545223997,0.15982095011416947,0.023371441015967595,0.9120023882620621,False
上证50ETF华夏,9月,3.3,2.979,2026-09-23,202609,rule_fourth_wednesday,medium,30.0,22.0,15772723.430497022,-4359686.2838712,11413037.146625822,20132409.714368224,34094.0,5680.0,39774.0,2328.0,969.0,3297.0,0.26605,-0.39299999999999996,0.6931,2185898.1042094897,-2390570.1474352498,-204672.0432257601,4576468.25164474,333233.7508950302,11079803.395730792,271.0184793341794,0.34346129666571035,0.44746268656716415,0.11944020033263462,0.009237961776063855,0.7918378026493592,False
上证50ETF华夏,9月,3.4,2.979,2026-09-23,202609,rule_fourth_wednesday,medium,30.0,22.0,7208267.098349072,-1557187.2467075703,5651079.851641502,8765454.345056642,25233.0,2643.0,27876.0,2735.0,563.0,3298.0,0.30879999999999996,-0.41475,0.4929,1273623.3516141367,-911527.5530430212,362095.7985711155,2185150.904657158,449597.63989728014,5201482.211744222,831.6296599171569,0.3810286180523087,0.45298749421028245,0.160702659836881,-0.07697004373277487,0.7161241934881155,False
上证50ETF华夏,9月,3.5,2.979,2026-09-23,202609,rule_fourth_wednesday,medium,30.0,22.0,5948529.992791921,-1296537.8149847703,4651992.17780715,7245067.807776691,28572.0,2777.0,31349.0,2254.0,10.0,2264.0,0.34854999999999997,-0.42974999999999997,0.38035,527624.0578794858,-664683.3235668249,-137059.26568733912,1192307.3814463108,464601.3023183401,4187390.8754888102,866.2984436519662,0.30067920840127943,0.5950397576675501,0.04124471525693721,-0.008717631280305374,0.693464416378482,False
上证50ETF华夏,9月,3.6,2.979,2026-09-23,202609,rule_fourth_wednesday,medium,30.0,22.0,13759531.286234582,-1122846.1020554402,12636685.184179142,14882377.388290022,91527.0,2744.0,94271.0,4502.0,77.0,4579.0,0.4133,-0.42584999999999995,0.31525000000000003,2347630.1042242935,-599465.9771584101,1748164.1270658835,2947096.0813827035,645290.8669538101,11991394.317225331,715.006471722535,0.3522496332459745,0.45625491738788365,0.038624447943653516,-0.023082115200461554,0.8249585562127228,False
上证50ETF华夏,12月,2.7,2.979,2026-12-23,202612,rule_fourth_wednesday,medium,121.0,87.0,1786383.7958937604,-10142940.284878502,-8356556.488984741,11929324.080772262,3008.0,16950.0,19958.0,180.0,17820.0,18000.0,0.10284999999999998,0.3388,0.6717500000000001,684503.3784112625,-5631285.69082576,-4946782.312414498,6315789.069237023,-10036042.318368902,1679485.8293841602,334.7283199077933,0.4691854291801484,0.5291423001949318,0.5555839295801167,0.03955391656475364,0.7749297057184067,False
上证50ETF华夏,12月,2.75,2.979,2026-12-23,202612,rule_fourth_wednesday,medium,121.0,87.0,601643.97001674,-6326647.471466191,-5725003.501449451,6928291.441482931,889.0,9141.0,10030.0,49.0,1724.0,1773.0,0.10254999999999999,0.29965,0.77125,216855.5594745247,-1320837.3301111565,-1103981.7706366316,1537692.8895856813,-1160049.3561268202,-4564954.14532263,447.10605240726204,0.28460600327058827,0.4309216046468439,0.12185945988782909,0.05520730680356345,0.5976276064303587,False
上证50ETF华夏,12月,2.8,2.979,2026-12-23,202612,rule_fourth_wednesday,medium,121.0,87.0,2484384.40516707,-8488795.0667922,-6004410.661625129,10973179.47195927,3297.0,10876.0,14173.0,121.0,1640.0,1761.0,0.10239999999999999,0.2559,0.8643,752791.9581489492,-3821527.873297685,-3068735.9151487355,4574319.831446634,-1188854.6379354899,-4815556.023689639,284.45951572055355,0.3765972065336892,0.43789054345896383,0.09374538110866332,0.020873529055606164,0.664452065010916,False
上证50ETF华夏,12月,2.85,2.979,2026-12-23,202612,rule_fourth_wednesday,medium,121.0,87.0,1562797.5795633602,-5276628.670777561,-3713831.091214201,6839426.250340922,1904.0,6228.0,8132.0,761.0,1371.0,2132.0,0.10414999999999999,0.20679999999999998,0.9398,814091.5397103209,-2132626.8681516475,-1318535.3284413265,2946718.4078619685,-536943.4379956801,-3176887.6532185203,326.77741057465505,0.4625420212820224,0.42528735632183895,0.309909874354366,0.11732261546852484,0.5846784706157168,True
上证50ETF华夏,12月,2.9,2.979,2026-12-23,202612,rule_fourth_wednesday,medium,121.0,87.0,4918921.252725962,-3589418.7941802307,1329502.458545731,8508340.046906192,2956.0,4037.0,6993.0,1029.0,715.0,1744.0,0.13929999999999998,0.26330000000000003,1.4385,2250640.629276262,-1627992.9742053417,622647.6550709205,3878633.603481604,1076575.6541255403,252926.80442019133,134.59348349943986,0.4555504843140948,0.4734806629834254,0.2626086323295712,0.08782703213387064,0.5828089488007913,True
上证50ETF华夏,12月,2.95,2.979,2026-12-23,202612,rule_fourth_wednesday,medium,121.0,87.0,5532957.758388331,-2608589.9277257402,2924367.830662591,8141547.686114071,2831.0,2898.0,5729.0,835.0,615.0,1450.0,0.15714999999999998,0.14429999999999998,1.6083,1098021.2898055147,-1209903.9632598618,-111882.67345434707,2307925.2530653765,1078356.3994566007,1846011.4312059903,360.6018176809897,0.33113318448909035,0.4776055124892335,0.2535820511301598,0.06296096882964815,0.5544839534613666,True
上证50ETF华夏,12月,3.0,2.979,2026-12-23,202612,rule_fourth_wednesday,medium,121.0,87.0,29788318.547300883,-6717962.575073611,23070355.97222727,36506281.12237449,15512.0,7453.0,22965.0,2880.0,1400.0,4280.0,0.16595000000000001,0.05735000000000001,1.5897999999999999,9693541.00696758,-2895657.646502075,6797883.360465505,12589198.653469656,4268652.2680932,18801703.70413407,370.59770158156255,0.3782231455384593,0.4559748427672956,0.18675326700927325,0.051590868688653715,0.801802284793883,True
上证50ETF华夏,12月,3.1,2.979,2026-12-23,202612,rule_fourth_wednesday,medium,121.0,87.0,17291047.103966523,-4709399.605470001,12581647.498496521,22000446.709436525,10754.0,5700.0,16454.0,2186.0,844.0,3030.0,0.18455,-0.08245,1.3714,8702364.449960882,-2324470.2201281623,6377894.22983272,11026834.670089044,2817484.8619582807,9764162.636538241,161.2217194570136,0.49843415679886927,0.40188679245283027,0.17567168805405742,0.05264467485004635,0.7402750852289993,True
上证50ETF华夏,12月,3.2,2.979,2026-12-23,202612,rule_fourth_wednesday,medium,121.0,87.0,15994338.63348132,-3016929.315225511,12977409.318255808,19011267.94870683,13258.0,4181.0,17439.0,1725.0,331.0,2056.0,0.20429999999999998,-0.18179999999999996,1.08625,6985856.418736212,-1476179.967130684,5509676.451605528,8462036.385866895,1842182.10991449,11135227.20834132,181.8594075477367,0.4630346977142444,0.3727770177838577,0.10463889271441766,0.05864114284917272,0.7192686602125159,False
上证50ETF华夏,12月,3.3,2.979,2026-12-23,202612,rule_fourth_wednesday,medium,121.0,87.0,9553022.646221522,-2238008.0031378,7315014.643083722,11791030.649359323,11093.0,3755.0,14848.0,3170.0,307.0,3477.0,0.23409999999999997,-0.24230000000000002,0.821,4583042.044447809,-999620.9356919237,3583421.1087558856,5582662.980139733,2546952.852737881,4768061.79034584,187.87811511350395,0.46320219885103797,0.33819018404907986,0.18376172735460267,0.07460380989172952,0.7013293759395727,False
上证50ETF华夏,12月,3.4,2.979,2026-12-23,202612,rule_fourth_wednesday,medium,121.0,87.0,5774462.181053011,-1149524.0916120003,4624938.089441011,6923986.272665011,9459.0,2120.0,11579.0,2602.0,68.0,2670.0,0.24615,-0.29250000000000004,0.64945,924103.1955353627,-637553.0396499484,286550.15588541434,1561656.2351853112,1551578.68873998,3073359.40070103,310.3518023973327,0.3573281211237389,0.36594433821967287,0.1535787021245614,0.003556921746717118,0.6219497113133683,False
上证50ETF华夏,12月,3.5,2.979,2026-12-23,202612,rule_fourth_wednesday,medium,121.0,87.0,10303855.553844541,-834660.7885646101,9469194.765279932,11138516.34240915,22937.0,1757.0,24694.0,18131.0,32.0,18163.0,0.27015,-0.31930000000000003,0.52075,6963818.926607814,-385246.45177247305,6578572.474835341,7349065.3783802865,8129682.469752661,1339512.2955272705,135.52234699993073,0.5687032197555659,0.3717948717948718,0.40434120492723763,0.020659592415975345,0.7805662298109214,False
上证50ETF华夏,3月,2.8,2.979,2027-03-24,202703,rule_fourth_wednesday,medium,212.0,152.0,219160.71009252002,-2448783.4314182405,-2229622.7213257207,2667944.1415107604,356.0,4116.0,4472.0,89.0,879.0,968.0,0.10815,0.23500000000000001,0.68205,65748.21302775602,-928253.5038905449,-862505.2908627889,994001.7169183008,-468164.3016354301,-1761458.4196902905,363.3592907125229,0.33953360513243436,0.41373439273552787,0.23177842565597667,0.09111878735540759,0.40443762941274725,False
上证50ETF华夏,3月,2.85,2.979,2027-03-24,202703,rule_fourth_wednesday,medium,212.0,152.0,399656.54568096006,-1298218.27913253,-898561.73345157,1697874.8248134903,608.0,2063.0,2671.0,173.0,475.0,648.0,0.10869999999999999,0.19754999999999998,0.7249,98774.76468913202,-657078.7282992643,-558303.9636101323,755853.4929883963,-185193.07720974,-713368.65624183,420.5611279704674,0.37664399466488785,0.41493383742911144,0.25739334324055413,0.09855848929678303,0.3246672700359623,True
上证50ETF华夏,3月,2.9,2.979,2027-03-24,202703,rule_fourth_wednesday,medium,212.0,152.0,647697.5266086002,-875004.6185614801,-227307.0919528799,1522702.1451700802,585.0,1354.0,1939.0,183.0,57.0,240.0,0.13524999999999998,0.2915,0.9879,210584.73429223208,-131401.48136940002,79183.25292283206,341986.21566163213,165777.57518994005,-393084.66714282,597.2400899140193,0.23765026701511194,0.3937160589604345,0.17745900087111313,-0.08598979950461909,0.26610802407381295,True
上证50ETF华夏,3月,2.95,2.979,2027-03-24,202703,rule_fourth_wednesday,medium,212.0,152.0,876462.0680069102,-626223.1542768001,250238.91373011004,1502685.2222837103,517.0,964.0,1481.0,47.0,84.0,131.0,0.15130000000000002,0.18234999999999998,1.32115,207163.76152890606,-147071.49598368,60092.26554522605,354235.2575125861,25111.206998010006,225127.7067321,852.2656083823579,0.23560920407393438,0.36978832584990373,0.08902301018483591,0.035352699058522966,0.24308617516037997,True
上证50ETF华夏,3月,3.0,2.979,2027-03-24,202703,rule_fourth_wednesday,medium,212.0,152.0,2026090.4343006606,-687998.1380778002,1338092.2962228605,2714088.572378461,1222.0,1076.0,2298.0,83.0,56.0,139.0,0.16394999999999998,0.10105,1.2944,550312.5427662235,-274937.6007219238,275374.94204429974,825250.1434881473,101808.38585169002,1236283.9103711706,360.4710701484895,0.3356163538666671,0.34446819882415824,0.05998302496364665,0.005214925476363385,0.3146261939061041,True
上证50ETF华夏,3月,3.1,2.979,2027-03-24,202703,rule_fourth_wednesday,medium,212.0,152.0,2948578.6368767405,-290186.76616956,2658391.8707071804,3238765.4030463006,2038.0,468.0,2506.0,208.0,143.0,351.0,0.17875,-0.01999999999999999,1.1645,710089.4970456841,-127181.33410841157,582908.1629372726,837270.8311540957,212266.24562403004,2446125.6250831503,438.7805353855581,0.33954920213734563,0.3370696557245797,0.2038081997601134,0.08064516129032258,0.3642772333825529,True
上证50ETF华夏,3月,3.2,2.979,2027-03-24,202703,rule_fourth_wednesday,medium,212.0,152.0,1032694.2057128401,-89431.46922222001,943262.7364906201,1122125.67493506,886.0,159.0,1045.0,341.0,22.0,363.0,0.1979,-0.1078,0.9736,365522.46378278406,-29451.514256855196,336070.9495259289,394973.97803963925,385084.89104778,558177.8454428401,557.1234850873351,0.3416348495726914,0.3126137052759249,0.26162031318767126,0.08082557253173367,0.23371708358936433,False
上证50ETF华夏,3月,3.3,2.979,2027-03-24,202703,rule_fourth_wednesday,medium,212.0,152.0,862805.9894517001,-51844.484322000004,810961.5051297001,914650.4737737002,938.0,100.0,1038.0,81.0,3.0,84.0,0.21215,-0.1749,0.81035,202363.87812300006,-18351.249723430123,184012.62839956995,220715.12784643017,72951.36605199,738010.1390777101,613.5317731090512,0.2942544156514696,0.3172700587084149,0.05817697228144989,0.027864125782763434,0.18430877444085456,False
上证50ETF华夏,3月,3.4,2.979,2027-03-24,202703,rule_fourth_wednesday,medium,212.0,152.0,734435.4254985,-22831.984315979997,711603.44118252,757267.40981448,1025.0,47.0,1072.0,258.0,3.0,261.0,0.2205,-0.23090000000000002,0.6774,171869.83160608803,-9542.635186322072,162327.19641976597,181412.4667924101,183405.40981470002,528198.03136782,566.038670364383,0.3259832908526585,0.3385234068880182,0.15776855215360663,0.039473684210526314,0.18886607070933525,False
上证50ETF华夏,3月,3.5,2.979,2027-03-24,202703,rule_fourth_wednesday,medium,212.0,152.0,1049961.7380330001,-58716.85143240001,991244.8866006001,1108678.5894654002,1900.0,139.0,2039.0,258.0,73.0,331.0,0.2455,-0.26025,0.54935,314724.6011877078,-26548.67538763389,288175.9258000739,341273.2765753417,111736.84420926,879508.0423913402,222.93650292500206,0.3759480504291312,0.32135593220338987,0.3304846648996592,0.551382696905085,0.25526797657411665,False
沪深300ETF华泰柏瑞,8月,4.2,4.627,2026-08-26,202608,rule_fourth_wednesday,medium,2.0,2.0,79.2137773,-1957170.1208139497,-1957090.9070366498,1957249.3345912497,370.0,13747.0,14117.0,252.0,1217.0,1469.0,0.20215,0.4981,0.0333,58.828662518124354,-112798.72993280113,-112739.90127028301,112857.55859531925,-173211.20044837,-1783879.70658828,3414.443007719133,0.40014526905823045,0.7893892949775996,0.3848047436393985,-0.065181529999494,0.48813590167794163,False
沪深300ETF华泰柏瑞,8月,4.3,4.627,2026-08-26,202608,rule_fourth_wednesday,medium,2.0,2.0,15521.190342419997,-5017160.229663329,-5001639.039320909,5032681.420005749,843.0,13041.0,13884.0,598.0,3671.0,4269.0,0.17564999999999997,0.49495,0.09415,12005.195155455089,-1233880.5527625359,-1221875.3576070808,1245885.747917991,-1401304.3518231097,-3600334.687497799,978.014174522062,0.5097016764677216,0.7858024691358025,0.495434055364944,-0.10139536785891441,0.6310095605429045,False
沪深300ETF华泰柏瑞,8月,4.4,4.627,2026-08-26,202608,rule_fourth_wednesday,medium,2.0,2.0,434017.85220023995,-25399666.900834374,-24965649.048634134,25833684.753034614,924.0,19701.0,20625.0,929.0,8834.0,9763.0,0.15664999999999998,0.47809999999999997,0.4108,373103.065926522,-9635654.559842441,-9262551.49391592,10008757.625768963,-10955285.096988678,-14010363.951645456,785.3937168502652,0.6195052882701653,0.4762969588550984,0.726907444872269,-0.20447276603993023,0.8092418199980373,True
沪深300ETF华泰柏瑞,8月,4.5,4.627,2026-08-26,202608,rule_fourth_wednesday,medium,2.0,2.0,12721521.112185478,-72343497.4573756,-59621976.34519012,85065018.56956108,3612.0,19329.0,22941.0,10596.0,33930.0,44526.0,0.1277,0.4012,1.69665,10241569.315046553,-48117460.380992725,-37875891.06594618,58359029.696039274,-59621976.34519012,0.0,133.79492923327535,0.7350917161878479,0.6706743548848813,2.3444741337659196,-0.25008270838003255,0.8859675592860036,True
沪深300ETF华泰柏瑞,8月,4.6,4.627,2026-08-26,202608,rule_fourth_wednesday,medium,2.0,2.0,236151973.0851476,-256526183.29064858,-20374210.20550099,492678156.3757962,19957.0,26090.0,46047.0,104891.0,112429.0,217320.0,0.17475000000000002,0.15725000000000003,5.05985,199297423.63234696,-195517647.96448833,3779775.6678586304,394815071.59683526,-20374210.20550099,0.0,138.27818491376084,0.8030556944502811,0.4219626168224299,4.782562831091061,-0.21871682797479364,0.960601718316696,True
沪深300ETF华泰柏瑞,8月,4.7,4.627,2026-08-26,202608,rule_fourth_wednesday,medium,2.0,2.0,300279685.1750797,-126340728.70052983,173938956.4745499,426620413.8756095,40743.0,17432.0,58175.0,101613.0,80966.0,182579.0,0.1782,-0.32689999999999997,3.4139,205331435.81286594,-117524428.62921551,87807007.18365043,322855864.44208145,173938956.4745499,0.0,137.0716510903433,0.8070093457943921,0.44125000000000003,3.569337713119242,-0.34385852451785864,0.9713878335565163,True
沪深300ETF华泰柏瑞,8月,4.8,4.627,2026-08-26,202608,rule_fourth_wednesday,medium,2.0,2.0,88556305.85849737,-25280142.730905432,63276163.12759194,113836448.5894028,50567.0,9644.0,60211.0,23481.0,23409.0,46890.0,0.2471,-0.44555,1.0211999999999999,29732043.722137883,-20106063.40431806,9625980.317819823,49838107.12645595,15841351.87750275,47434811.25008918,468.951173615925,0.5655359926857679,0.5707690843327622,1.445833270824979,-0.2541370871720211,0.9419379895143649,True
沪深300ETF华泰柏瑞,8月,4.9,4.627,2026-08-26,202608,rule_fourth_wednesday,medium,2.0,2.0,20062586.8451547,-5243191.604997919,14819395.24015678,25305778.450152617,33990.0,3034.0,37024.0,11086.0,4075.0,15161.0,0.36055000000000004,-0.45335000000000003,0.54145,2700135.5268358686,-4508647.4326815335,-1808511.905845665,7208782.959517403,1300316.4198736614,13519078.820283119,1198.670396043618,0.4972453780035916,0.4762504498020871,0.8346330777422418,-0.27080168115277725,0.8543399770167381,False
沪深300ETF华泰柏瑞,8月,5.0,4.627,2026-08-26,202608,rule_fourth_wednesday,medium,2.0,2.0,6728331.750980839,-676948.0953284,6051383.655652439,7405279.846309239,31396.0,1370.0,32766.0,4592.0,893.0,5485.0,0.3571,-0.49019999999999997,0.16544999999999999,566157.4513016986,-524980.1663028897,41177.28499880887,1091137.6176045882,542838.74217692,5508544.913475519,3386.5956502441186,0.4298277568253467,0.7978494623655914,0.3990427438336559,-0.20781345294088924,0.7303001568619244,False
沪深300ETF华泰柏瑞,8月,5.25,4.627,2026-08-26,202608,rule_fourth_wednesday,medium,2.0,2.0,1686734.49920304,-428332.4439029999,1258402.0553000402,2115066.94310604,17392.0,540.0,17932.0,1821.0,465.0,2286.0,0.73295,-0.45815,0.2079,87832.32627040012,-356856.16807803826,-269023.8418076381,444688.4943484384,-192235.13838647993,1450637.19368652,3402.905504464881,0.44260068909176303,0.777648355107823,0.48290721148931826,-0.3721810444127885,0.5331969033724152,False
沪深300ETF华泰柏瑞,8月,5.5,4.627,2026-08-26,202608,rule_fourth_wednesday,medium,2.0,2.0,434177.1361199999,-133175.48694449998,301001.6491754999,567352.6230644999,12000.0,290.0,12290.0,4075.0,66.0,4141.0,0.8689,-0.4753,0.1157,87920.87006429999,-78159.2586593524,9761.611404947587,166080.1287236524,117130.41521544999,183871.23396004995,3398.4241178485777,0.39469461376711457,0.7898852142288897,0.28358477011494254,-0.4311781377172017,0.41096392245620245,False
沪深300ETF华泰柏瑞,8月,5.75,4.627,2026-08-26,202608,rule_fourth_wednesday,medium,2.0,2.0,134378.67999429998,-128512.57864829998,5866.101345999996,262891.2586426,5458.0,330.0,5788.0,903.0,59.0,962.0,1.101,-0.47265,0.09670000000000001,35768.660002879995,-74880.38541349606,-39111.72541061606,110649.04541637606,-744.1813240400043,6610.282670040004,111.05681666740665,0.4244238926963295,0.7886223319809491,0.17211654840823035,-0.5612521954055527,0.24850476418152673,False
沪深300ETF华泰柏瑞,8月,6.0,4.627,2026-08-26,202608,rule_fourth_wednesday,medium,2.0,2.0,170107.09083465996,-320167.10145629995,-150060.01062164,490274.1922909599,9239.0,1262.0,10501.0,348.0,65.0,413.0,1.2100499999999998,-0.48265,0.06355,36584.34781777999,-173373.51395598325,-136789.16613820326,209957.86177376323,-10083.057485129997,-139976.95313650998,98.8659494038969,0.37828801241149523,0.7941978532056861,0.0445859804326351,-0.2958796381287345,0.3038611912341457,False
沪深300ETF华泰柏瑞,9月,4.0,4.627,2026-09-23,202609,rule_fourth_wednesday,medium,30.0,22.0,630048.4009758399,-14192449.664246907,-13562401.263271067,14822498.065222748,1454.0,34473.0,35927.0,149.0,7452.0,7601.0,0.14305,0.4651,0.19735,347883.1440119633,-2038185.1827083877,-1690302.0386964246,2386068.326720351,-3003405.352719799,-10558995.910551269,600.9778735394052,0.3478817869735308,0.7939796567069294,0.15932255217497526,0.05639835529569881,0.8041616098849236,False
沪深300ETF华泰柏瑞,9月,4.1,4.627,2026-09-23,202609,rule_fourth_wednesday,medium,30.0,22.0,335810.9661078899,-20478727.00418349,-20142916.0380756,20814537.97029138,481.0,32837.0,33318.0,161.0,4900.0,5061.0,0.1346,0.44105,0.3087,207632.387287432,-8011963.655751163,-7804331.268463731,8219596.0430385955,-2943472.42290591,-17199443.61516969,194.1926841336697,0.5047674358310619,0.42869763024801766,0.24197062451166054,0.1173591806308335,0.799724391892096,False
沪深300ETF华泰柏瑞,9月,4.2,4.627,2026-09-23,202609,rule_fourth_wednesday,medium,30.0,22.0,2434022.2878609397,-30032047.27771941,-27598024.989858467,32466069.56558035,2374.0,31961.0,34335.0,343.0,13544.0,13887.0,0.12694999999999998,0.40395000000000003,0.4589,1577263.0477319397,-21268813.131984614,-19691550.084252674,22846076.179716554,-12374902.38957581,-15223122.600282658,44.43038419628151,0.6781053631409836,0.3630806845965769,0.28412417624502184,0.111178727017756,0.8586306286284987,False
沪深300ETF华泰柏瑞,9月,4.3,4.627,2026-09-23,202609,rule_fourth_wednesday,medium,30.0,22.0,3120947.4654859197,-40348931.63023547,-37227984.16474955,43469879.095721394,2258.0,29274.0,31532.0,759.0,16564.0,17323.0,0.1187,0.35135,0.6447,1979808.7039563116,-26499916.88256649,-24520108.178610176,28479725.586522803,-21781418.338737115,-15446565.826012436,111.10233805357548,0.6455650847929242,0.30207351555136686,0.4509822529543261,0.22009433427303068,0.8671904476086256,False
沪深300ETF华泰柏瑞,9月,4.4,4.627,2026-09-23,202609,rule_fourth_wednesday,medium,30.0,22.0,6823298.365399039,-66253474.17752139,-59430175.81212235,73076772.54292043,3968.0,34210.0,38178.0,3528.0,28371.0,31899.0,0.11454999999999999,0.27575000000000005,0.8539,5149412.107945976,-44446315.76634342,-39296903.65839744,49595727.8742894,-48878576.541549295,-10551599.270573061,78.74984098647849,0.7127666908769628,0.19224174882126027,0.8592159079122309,0.1906335649429868,0.9088736694867595,True
沪深300ETF华泰柏瑞,9月,4.5,4.627,2026-09-23,202609,rule_fourth_wednesday,medium,30.0,22.0,43573118.83985907,-99807916.63679667,-56234797.7969376,143381035.47665572,12561.0,40151.0,52712.0,12916.0,36895.0,49811.0,0.1689,0.26489999999999997,1.3907,34810095.8116201,-85906441.49832384,-51096345.68670374,120716537.30994394,-48140987.51651096,-8093810.28042664,95.24996580296543,0.8298034754521819,0.0,0.9735841052030814,0.31734781892714625,0.9402365183239008,True
沪深300ETF华泰柏瑞,9月,4.6,4.627,2026-09-23,202609,rule_fourth_wednesday,medium,30.0,22.0,103717694.59303467,-122412196.7754704,-18694502.182435736,226129891.36850506,23077.0,43667.0,66744.0,31646.0,41764.0,73410.0,0.17914999999999998,0.08804999999999999,1.7043499999999998,95099400.18947926,-95565404.56228247,-466004.3728032112,190664804.75176173,-13359800.680987954,-5334701.501447782,50.917346955810466,0.8487957724701647,0.11734693877551017,1.1638711377958204,0.28292869309488256,0.9583393669098226,True
沪深300ETF华泰柏瑞,9月,4.7,4.627,2026-09-23,202609,rule_fourth_wednesday,medium,30.0,22.0,196060376.40230533,-83146077.01767214,112914299.3846332,279206453.4199775,46026.0,30889.0,76915.0,39862.0,21869.0,61731.0,0.18835000000000002,-0.07949999999999999,1.6235,144234192.84004465,-64462395.610254355,79771797.2297903,208696588.450299,110936813.49903728,1977485.8855959177,35.16286723779112,0.7554765041037071,0.2935691318327975,0.787031179132013,0.12270454235397141,0.9665340214487268,True
沪深300ETF华泰柏瑞,9月,4.8,4.627,2026-09-23,202609,rule_fourth_wednesday,medium,30.0,22.0,166866527.7822643,-41439754.15647059,125426773.6257937,208306281.9387349,50939.0,17740.0,68679.0,38075.0,11596.0,49671.0,0.19695000000000001,-0.2184,1.3106,95722926.9558931,-25573408.52056378,70149518.43532932,121296335.47645688,97638820.33119848,27787953.29459521,113.79433256104105,0.595386126370263,0.401762114537445,0.7005633437416237,0.10597137193868596,0.9506629887880472,True
沪深300ETF华泰柏瑞,9月,4.9,4.627,2026-09-23,202609,rule_fourth_wednesday,medium,30.0,22.0,89002901.78807642,-17046404.952430278,71956496.83564614,106049306.7405067,42669.0,9172.0,51841.0,23469.0,2008.0,25477.0,0.2198,-0.30175,0.9212,34623004.86996592,-10767269.447767138,23855735.42219878,45390274.31773306,45221864.980564505,26734631.855081633,194.95392437241844,0.510327216037265,0.48669201520912553,0.38447588883799966,0.0637455980943153,0.921558884227081,False
沪深300ETF华泰柏瑞,9月,5.0,4.627,2026-09-23,202609,rule_fourth_wednesday,medium,30.0,22.0,52025671.4044655,-16401910.527570399,35623760.8768951,68427581.9320359,42050.0,10870.0,52920.0,9889.0,656.0,10545.0,0.2406,-0.35425,0.64135,9194789.925460482,-8718652.048743688,476137.87671679445,17913441.974204168,11245154.213175468,24378606.663719628,297.8603964052687,0.3541494161710509,0.47812192723697144,0.14776099990483138,-0.017272197026498,0.8963143418171381,False
沪深300ETF华泰柏瑞,9月,5.25,4.627,2026-09-23,202609,rule_fourth_wednesday,medium,30.0,22.0,12409916.163690148,-7479644.45589074,4930271.707799408,19889560.619580887,29499.0,7714.0,37213.0,4283.0,337.0,4620.0,0.3175,-0.3993,0.3247,1848298.6256972104,-3303866.3614923484,-1455567.735795138,5152164.987189559,1475050.8798503797,3455220.8279490285,272.2651919880807,0.2953257983769149,0.4417149832163564,0.09443908281699948,0.003848767439065355,0.8012380940010485,False
沪深300ETF华泰柏瑞,9月,5.5,4.627,2026-09-23,202609,rule_fourth_wednesday,medium,30.0,22.0,4538244.43667203,-3521202.2648879993,1017042.1717840307,8059446.70156003,18481.0,4984.0,23465.0,1733.0,144.0,1877.0,0.38935,-0.41940000000000005,0.22235,948208.8308878641,-1853439.8646766576,-905231.0337887935,2801648.6955645215,323823.99478079,693218.1770032407,309.65484875634604,0.3676514994162845,0.45099999999999996,0.06133221894717607,-0.0003439487350068273,0.6772155652751595,False
沪深300ETF华泰柏瑞,9月,5.75,4.627,2026-09-23,202609,rule_fourth_wednesday,medium,30.0,22.0,3533405.0402354193,-816461.7549133499,2716943.285322069,4349866.795148769,22859.0,1431.0,24290.0,2102.0,22.0,2124.0,0.48075,-0.4199,0.16935,601086.4167196933,-434734.59478980413,166351.8219298892,1035821.0115094974,312362.18938805995,2404581.0959340096,331.76920403197767,0.35128851062939126,0.4772827324478179,0.053664446542195036,-0.011176396552039442,0.6249133952333674,False
沪深300ETF华泰柏瑞,9月,6.0,4.627,2026-09-23,202609,rule_fourth_wednesday,medium,30.0,22.0,3652703.9861272797,-632392.2724187598,3020311.71370852,4285096.258546039,31134.0,1324.0,32458.0,2245.0,15.0,2260.0,0.5547,-0.42505000000000004,0.13895,155737.30412074318,-341465.2585854824,-185727.95446473925,497202.5627062256,256223.38541554994,2764088.32829297,343.38888726545326,0.29129707809269956,0.454477981197427,0.041718484391705515,-0.0068449255440185775,0.6381952474727505,False
沪深300ETF华泰柏瑞,12月,4.2,4.627,2026-12-23,202612,rule_fourth_wednesday,medium,121.0,87.0,740628.4790824498,-7993381.983109249,-7252753.5040267985,8734010.4621917,835.0,8837.0,9672.0,154.0,14619.0,14773.0,0.12090000000000001,0.30310000000000004,0.4184,491823.6281551056,-6435808.227266572,-5943984.599111467,6927631.855421678,-7856787.030080869,604033.5260540699,127.85489522175945,0.7346023113675026,0.47707515418766683,0.9193627907701627,0.10074141125715286,0.6826577078683421,False
沪深300ETF华泰柏瑞,12月,4.3,4.627,2026-12-23,202612,rule_fourth_wednesday,medium,121.0,87.0,3413990.6991382497,-9826424.757167969,-6412434.058029719,13240415.45630622,3411.0,9489.0,12900.0,107.0,4768.0,4875.0,0.1203,0.25485,0.4756,1659712.4773924097,-5393036.404502586,-3733323.9271101765,7052748.881894996,-4830454.212932389,-1581979.8450973295,236.59876712211536,0.5174901166558078,0.4023486099075855,0.2669228258837502,0.07982603782722161,0.710818181098733,False
沪深300ETF华泰柏瑞,12月,4.4,4.627,2026-12-23,202612,rule_fourth_wednesday,medium,121.0,87.0,3018762.335042789,-7094069.468061379,-4075307.13301859,10112831.803104168,2747.0,6218.0,8965.0,208.0,1178.0,1386.0,0.12124999999999998,0.20104999999999998,0.5231,1507374.310941074,-3630979.741235592,-2123605.430294518,5138354.0521766655,-1115393.78358842,-2959913.34943017,184.31203126411913,0.5055841650012135,0.41730474732006123,0.13258447503127185,0.015912448411611452,0.6033212266106683,True
沪深300ETF华泰柏瑞,12月,4.5,4.627,2026-12-23,202612,rule_fourth_wednesday,medium,121.0,87.0,7100766.671795159,-7400529.37467543,-299762.7028802717,14501296.04647059,2782.0,6117.0,8899.0,811.0,1745.0,2556.0,0.15895,0.24980000000000002,0.8786499999999999,3791437.256262827,-4086659.0630847886,-295221.8068219614,7878096.319347616,-41159.692776370095,-258603.01010390185,105.97229309046047,0.5430796558843198,0.4551020408163266,0.28839372589172063,0.05901058353261754,0.6601225678465952,True
沪深300ETF华泰柏瑞,12月,4.6,4.627,2026-12-23,202612,rule_fourth_wednesday,medium,121.0,87.0,12901034.089754999,-7158527.6454719985,5742506.444283,20059561.735226996,4500.0,5805.0,10305.0,2476.0,3598.0,6074.0,0.17835,0.11649999999999999,0.9575499999999999,7625936.839762834,-4968330.581532268,2657606.258230566,12594267.421295103,2661504.9880504394,3081001.456232561,197.62017243618612,0.6425770747986825,0.49504057709648336,0.5850163652024116,0.3580174529876999,0.7192847789636435,True
沪深300ETF华泰柏瑞,12月,4.7,4.627,2026-12-23,202612,rule_fourth_wednesday,medium,121.0,87.0,16193286.70093442,-6927532.135396179,9265754.56553824,23120818.8363306,5857.0,5723.0,11580.0,1830.0,1049.0,2879.0,0.1893,0.019200000000000023,0.9284000000000001,7917335.7026103875,-3573176.57671039,4344159.125899998,11490512.279320776,3789752.81269046,5476001.7528477805,131.40181242281244,0.5023603072834155,0.46560283687943266,0.2478710597208303,0.09583056096099754,0.7060214650787384,True
沪深300ETF华泰柏瑞,12月,4.8,4.627,2026-12-23,202612,rule_fourth_wednesday,medium,121.0,87.0,18592339.317486756,-5399884.163783759,13192455.153702997,23992223.481270514,7729.0,4676.0,12405.0,2251.0,408.0,2659.0,0.20225,-0.06134999999999999,0.8314999999999999,10284227.489488238,-2646511.5523063927,7637715.937181845,12930739.041794632,4943685.597574359,8248769.556128639,192.59338505790464,0.5216242609085452,0.4330293530920491,0.18924742238717213,0.019580974795753138,0.7161827631754958,True
沪深300ETF华泰柏瑞,12月,4.9,4.627,2026-12-23,202612,rule_fourth_wednesday,medium,121.0,87.0,20904741.909872238,-4898732.635321769,16006009.274550468,25803474.545194007,10148.0,4603.0,14751.0,3275.0,223.0,3498.0,0.21665,-0.12660000000000002,0.72965,12366276.570159271,-2979038.2069905507,9387238.36316872,15345314.777149823,6509128.17506693,9496881.099483538,92.99388304215394,0.599838964489329,0.39794029159916694,0.1855851773076307,0.03808757871355861,0.7505473391726777,False
沪深300ETF华泰柏瑞,12月,5.0,4.627,2026-12-23,202612,rule_fourth_wednesday,medium,121.0,87.0,31089431.527643293,-4694698.497760809,26394733.029882483,35784130.0254041,18118.0,4829.0,22947.0,6306.0,64.0,6370.0,0.23205,-0.17785,0.6278,17805280.461933695,-2415500.883463094,15389779.5784706,20220781.345396787,10758508.225976137,15636224.803906348,160.80848123410584,0.5436141995879364,0.37314725697786344,0.18065246143805302,0.044249441850944135,0.8133076183945549,False
沪深300ETF华泰柏瑞,12月,5.25,4.627,2026-12-23,202612,rule_fourth_wednesday,medium,121.0,87.0,11518164.49663992,-2097940.4962711995,9420224.000368722,13616104.992911119,11148.0,2776.0,13924.0,1932.0,6.0,1938.0,0.27905,-0.25780000000000003,0.41779999999999995,4923700.9113767985,-982221.6457348559,3941479.2656419426,5905922.557111654,1991616.76710108,7428607.233267642,192.41455408564624,0.447828225781798,0.3298398646009634,0.08773300595912062,0.018799389001080608,0.6841931091024307,False
沪深300ETF华泰柏瑞,12月,5.5,4.627,2026-12-23,202612,rule_fourth_wednesday,medium,121.0,87.0,6984035.7509268485,-917834.1948196399,6066201.556107208,7901869.945746489,11191.0,1396.0,12587.0,3808.0,11.0,3819.0,0.30395,-0.31129999999999997,0.2993,2347399.88147049,-458430.1795604626,1888969.7019100273,2805830.0610309523,2369249.6103453096,3696951.945761899,435.1718515470832,0.41778943309261574,0.3586547267731759,0.17407654508496517,-0.009796527599319364,0.6566288300683216,False
沪深300ETF华泰柏瑞,12月,5.75,4.627,2026-12-23,202612,rule_fourth_wednesday,medium,121.0,87.0,3711869.6127578095,-706462.5064765101,3005407.106281299,4418332.11923432,9387.0,1241.0,10628.0,7644.0,9.0,7653.0,0.33245,-0.34275,0.2253,1323267.783477728,-359395.2304851754,963872.5529925526,1682663.0139629035,3017517.6082827295,-12110.502001430024,350.1219836276191,0.43261071508697435,0.3789677632121362,0.4107849446664756,0.01326313691447326,0.6121681472513647,False
沪深300ETF华泰柏瑞,12月,6.0,4.627,2026-12-23,202612,rule_fourth_wednesday,medium,121.0,87.0,5088177.736016969,-654922.8115957798,4433254.924421189,5743100.547612749,18553.0,1326.0,19879.0,30859.0,309.0,31168.0,0.37085,-0.357,0.1794,2374482.9434745857,-393757.3946744983,1980725.5488000873,2768240.338149084,4935559.9767537,-502305.05233250983,609.6381707537765,0.5339469229829839,0.38756749367780735,0.9481603150860699,0.10133828101853717,0.7238601008403326,False
沪深300ETF华泰柏瑞,3月,4.2,4.627,2027-03-24,202703,rule_fourth_wednesday,medium,212.0,152.0,856887.5427475998,-2122366.5997298798,-1265479.05698228,2979254.1424774798,1118.0,2908.0,4026.0,131.0,777.0,908.0,0.12655,0.2758,0.34945,416722.5748394145,-896554.384906337,-479831.8100669225,1313276.9597457515,-466678.97712876997,-798800.0798535103,203.12146855548244,0.4543763195317475,0.33333333333333326,0.1921837359403336,0.09886367350334406,0.40989698045206824,False
沪深300ETF华泰柏瑞,3月,4.3,4.627,2027-03-24,202703,rule_fourth_wednesday,medium,212.0,152.0,377704.9920089599,-1658073.6700281596,-1280368.6780191998,2035778.6620371195,448.0,2123.0,2571.0,43.0,218.0,261.0,0.12895,0.2347,0.37929999999999997,181376.70879842903,-797897.0083743443,-616520.2995759153,979273.7171727733,-134006.16114969997,-1146362.5168694998,198.77512288255178,0.48071330624277764,0.3237028301886792,0.09933351137204764,0.04286471899941366,0.3086753480520804,False
沪深300ETF华泰柏瑞,3月,4.4,4.627,2027-03-24,202703,rule_fourth_wednesday,medium,212.0,152.0,904912.5009203999,-1425257.0994395998,-520344.5985191999,2330169.6003599996,995.0,1740.0,2735.0,235.0,162.0,397.0,0.13135,0.1919,0.4037,441387.59159658896,-680358.4013732058,-238970.80977661686,1121745.9929697947,81026.70234372001,-601371.30086292,166.61694945877278,0.48256331099267685,0.3195168166745617,0.16464217639923756,0.1058392365210547,0.33867930135202373,True
沪深300ETF华泰柏瑞,3月,4.5,4.627,2027-03-24,202703,rule_fourth_wednesday,medium,212.0,152.0,573484.1976100998,-1447177.9066227,-873693.7090126001,2020662.1042327997,595.0,1710.0,2305.0,77.0,111.0,188.0,0.1335,0.1482,0.42274999999999996,281999.76074492076,-676808.1304915425,-394808.36974662176,958807.8912364633,-19724.016456410012,-853969.6925561901,198.9528204983963,0.4797025526828103,0.3216510903426792,0.09716202270381838,-0.003254291477943136,0.29631887486103226,True
沪深300ETF华泰柏瑞,3月,4.6,4.627,2027-03-24,202703,rule_fourth_wednesday,medium,212.0,152.0,3258235.43202003,-1123121.19460968,2135114.23741035,4381356.62662971,1199.0,1304.0,2503.0,272.0,112.0,384.0,0.17300000000000001,0.16249999999999998,0.8358000000000001,1734175.7684822895,-534249.0322663876,1199926.736215902,2268424.800748677,642684.9252768001,1492429.3121335502,198.23238894495466,0.5039631455733148,0.3255776114546045,0.1563726418231962,0.07329503608778908,0.3999485397536551,True
沪深300ETF华泰柏瑞,3月,4.7,4.627,2027-03-24,202703,rule_fourth_wednesday,medium,212.0,152.0,7521684.2779602995,-1649057.8576236796,5872626.42033662,9170742.135583978,2905.0,1952.0,4857.0,293.0,225.0,518.0,0.1871,0.06814999999999999,0.802,3613385.764254369,-801902.7724880654,2811482.9917663033,4415288.536742434,568560.5261226799,5304065.89421394,199.8597609772636,0.48333758694630063,0.3105489773950485,0.10806348932027877,0.062180607853684774,0.5176080405742849,True
沪深300ETF华泰柏瑞,3月,4.8,4.627,2027-03-24,202703,rule_fourth_wednesday,medium,212.0,152.0,4237451.95468686,-1190092.37558232,3047359.57910454,5427544.330269179,1833.0,1464.0,3297.0,226.0,83.0,309.0,0.20034999999999997,-0.004849999999999993,0.72975,2074815.0386791467,-663464.2745380054,1411350.7641411414,2738279.313217152,454986.16723412997,2592373.4118704097,140.54281658502822,0.5235635734605332,0.29536244934714095,0.08999456682138929,0.024078629359207064,0.4387612944594909,True
沪深300ETF华泰柏瑞,3月,4.9,4.627,2027-03-24,202703,rule_fourth_wednesday,medium,212.0,152.0,3342334.9866491193,-182093.2057966,3160241.7808525194,3524428.192445719,1658.0,230.0,1888.0,171.0,3.0,174.0,0.20965,-0.06470000000000001,0.6557,1616935.462914211,-69090.59799380481,1547844.8649204061,1686026.0609080158,342340.96454417997,2817900.816308339,197.87917500952003,0.4315992840723826,0.29902534113060425,0.058089893533329835,0.0196615584231501,0.34034229167743624,False
沪深300ETF华泰柏瑞,3月,5.0,4.627,2027-03-24,202703,rule_fourth_wednesday,medium,212.0,152.0,2914735.1631404995,-80631.70391366999,2834103.4592268295,2995366.8670541695,1686.0,111.0,1797.0,442.0,47.0,489.0,0.22765,-0.11005000000000001,0.5734,1658793.2892423838,-51472.51731683815,1607320.7719255455,1710265.806559222,729982.5755959098,2104120.8836309197,166.72575335527915,0.6037358732222882,0.2717141920681744,0.34279118976627876,0.06858775539759357,0.3474226965991925,False
沪深300ETF华泰柏瑞,3月,5.25,4.627,2027-03-24,202703,rule_fourth_wednesday,medium,212.0,152.0,1126443.8914304797,-48438.58254508,1078005.3088853997,1174882.4739755597,964.0,76.0,1040.0,155.0,34.0,189.0,0.25585,-0.19645,0.42174999999999996,568442.6909603884,-31877.211336176166,536565.4796242123,600319.9022965645,159449.19823587997,918556.1106495197,175.33284100446951,0.5813650877554984,0.27601453664445785,0.3040784013976851,0.4191695888600905,0.22420466065569641,False
沪深300ETF华泰柏瑞,3月,5.5,4.627,2027-03-24,202703,rule_fourth_wednesday,medium,212.0,152.0,1784108.3560859996,-121547.33261943999,1662561.0234665596,1905655.6887054397,2280.0,212.0,2492.0,1000.0,61.0,1061.0,0.27795,-0.25325,0.31665,838006.6000639057,-74718.50189709218,763288.0981668135,912725.1019609979,747530.1399981797,915030.8834683797,253.81200540436157,0.5422168637334456,0.3006356544351344,0.363166170142337,0.19464016896861602,0.3436857139997045,False
沪深300ETF嘉实,8月,4.4,4.83,2026-08-26,202608,rule_fourth_wednesday,medium,2.0,2.0,303.04241099999996,-622582.786791,-622279.74438,622885.829202,433.0,6339.0,6772.0,95.0,271.0,366.0,0.18165,0.49895,0.0212,182.87414088240251,-41775.60945915001,-41592.73531826761,41958.48360003241,-26549.687934,-595730.056446,6052.68703898841,0.3352805209485828,0.7704198473282444,0.13107538034827473,-0.003361477732969333,0.28539766888599905,False
沪深300ETF嘉实,8月,4.5,4.83,2026-08-26,202608,rule_fourth_wednesday,medium,2.0,2.0,19381.650120000002,-484238.91045599995,-464857.26033599995,503620.56057599996,536.0,3112.0,3648.0,253.0,2640.0,2893.0,0.14159999999999998,0.49845,0.0411,13489.270749975563,-183687.13014623997,-170197.85939626442,197176.40089621552,-401645.50618499995,-63211.75415100002,6724.681933842239,0.5376565811028061,0.7650546021840874,0.6601719871081609,0.1586631278970067,0.29445590650247355,False
沪深300ETF嘉实,8月,4.6,4.83,2026-08-26,202608,rule_fourth_wednesday,medium,2.0,2.0,599143.074516,-3722248.2384360004,-3123105.16392,4321391.312952001,938.0,3972.0,4910.0,901.0,2765.0,3666.0,0.1314,0.48514999999999997,0.33775,545435.5065016926,-1780906.4834652003,-1235470.9769635077,2326341.9899668926,-2015632.5903630005,-1107472.5735570001,2046.1639920861733,0.6944042525355161,0.4815708644142167,0.8283386155111365,0.06069581825921368,0.5161912440162642,True
沪深300ETF嘉实,8月,4.7,4.83,2026-08-26,202608,rule_fourth_wednesday,medium,2.0,2.0,9009135.93888,-19737678.295125,-10728542.356245,28746814.234005,2332.0,5485.0,7817.0,3649.0,6930.0,10579.0,0.1086,0.4121,1.59925,6270414.505734633,-11842606.977075001,-5572192.4713403685,18113021.482809633,-10728542.356245,0.0,600.9550266377001,0.6480031019775111,0.5325508393612665,1.4140985238081092,0.8478539575216971,0.7345735982805408,True
沪深300ETF嘉实,8月,4.8,4.83,2026-08-26,202608,rule_fourth_wednesday,medium,2.0,2.0,47722748.887926005,-67322651.59872001,-19599902.71079401,115045400.48664603,3899.0,6752.0,10651.0,9591.0,13609.0,23200.0,0.17685,0.1648,4.7603,46888252.7325087,-50428476.763569586,-3540224.0310608894,97316729.49607828,-19599902.71079401,0.0,105.26858439014305,0.8657851324878856,0.4096069868995634,2.2377062254083864,0.46913302512077554,0.8207840922941888,True
沪深300ETF嘉实,8月,4.9,4.83,2026-08-26,202608,rule_fourth_wednesday,medium,2.0,2.0,61698757.408344,-26225875.336752,35472882.071592,87924632.745096,7352.0,3341.0,10693.0,12660.0,10113.0,22773.0,0.18145,-0.30324999999999996,3.4810499999999998,45999275.271161996,-24398060.751987725,21601214.51917427,70397336.02314973,35472882.071592,0.0,127.59304095004498,0.8379255672399641,0.445,2.374459227997586,0.14618022083662982,0.8150444122999217,True
沪深300ETF嘉实,8月,5.0,4.83,2026-08-26,202608,rule_fourth_wednesday,medium,2.0,2.0,17043659.022726003,-6858919.624284,10184739.398442004,23902578.647010002,11098.0,2054.0,13152.0,7078.0,2095.0,9173.0,0.25075,-0.4301,1.04485,6620479.167691202,-6638489.495756077,-18010.328064874746,13258968.66344728,4011058.6207020013,6173680.777740002,2327.7783909060818,0.6781523144225536,0.46986924388857304,0.8288668116205751,0.05052101997957729,0.7635515148490184,True
沪深300ETF嘉实,8月,5.25,4.83,2026-08-26,202608,rule_fourth_wednesday,medium,2.0,2.0,1720865.6400600001,-1389036.2996160001,331829.340444,3109901.9396760003,13918.0,1064.0,14982.0,2837.0,339.0,3176.0,0.49850000000000005,-0.45275000000000004,0.3063,214726.0807780541,-881736.8613404644,-667010.7805624104,1096462.9421185185,-91783.824426,423613.16486999986,3391.2461096009138,0.3797805567498166,0.7714219330855019,0.26122289035564916,-0.029904617844816343,0.5736805981545992,False
沪深300ETF嘉实,8月,5.5,4.83,2026-08-26,202608,rule_fourth_wednesday,medium,2.0,2.0,512737.028118,-378507.66987599997,134229.35824200005,891244.697994,8653.0,498.0,9151.0,218.0,102.0,320.0,0.71195,-0.46415,0.17559999999999998,39349.539944400014,-227980.42978300777,-188630.88983860775,267329.9697274078,-64607.988816,198837.34705800004,6049.758633494244,0.33952899685619264,0.7819197412906072,0.11500642579563602,0.12708897427903898,0.3338784610875458,False
沪深300ETF嘉实,8月,5.75,4.83,2026-08-26,202608,rule_fourth_wednesday,medium,2.0,2.0,105622.761195,-145717.67504700003,-40094.91385200003,251340.43624200003,2921.0,223.0,3144.0,9.0,10.0,19.0,1.0251,-0.44995,0.14780000000000001,21254.727501,-78190.2326610342,-56935.5051600342,99444.9601620342,-6208.986735000001,-33885.92711700003,101.68758113370917,0.3689098047313984,0.7709117833721176,0.023962092962205032,0.02171367331050016,0.13989863338182265,False
沪深300ETF嘉实,8月,6.0,4.83,2026-08-26,202608,rule_fourth_wednesday,medium,2.0,2.0,249659.35570800002,-293866.454763,-44207.099055,543525.810471,9909.0,603.0,10512.0,30391.0,57.0,30448.0,1.1890999999999998,-0.46,0.10985,100805.85305945661,-163425.81272508195,-62619.95966562534,264231.66578453855,221880.934611,-266088.033666,7193.912282407857,0.47994815344907427,0.7801091061686949,1.5807685761323567,0.1311164980647628,0.44714041405475435,False
沪深300ETF嘉实,8月,6.25,4.83,2026-08-26,202608,rule_fourth_wednesday,medium,2.0,2.0,60751.954935,-130995.506124,-70243.551189,191747.461059,3215.0,292.0,3507.0,291.0,150.0,441.0,1.4718,-0.45095,0.1002,7599.7157796,-96102.21836592855,-88502.50258632856,103701.93414552855,-61793.357031000014,-8450.194157999998,6044.905978108336,0.4293620318420941,0.773895720272034,0.3021059247107949,-0.021294673999448416,0.16990818059507112,False
沪深300ETF嘉实,9月,4.2,4.83,2026-09-23,202609,rule_fourth_wednesday,medium,30.0,22.0,195749.53385400004,-4727451.1135950005,-4531701.579741,4923200.647449001,391.0,9861.0,10252.0,19.0,1961.0,1980.0,0.14185,0.46075000000000005,0.21005000000000001,99501.02556449351,-1006375.1523840002,-906874.1268195068,1105876.1779484937,-930608.717409,-3601092.862332,561.2592072481413,0.36059343640660174,0.7928762775141531,0.12372878146906968,0.036308843451020235,0.5723955000828342,False
沪深300ETF嘉实,9月,4.3,4.83,2026-09-23,202609,rule_fourth_wednesday,medium,30.0,22.0,322273.823004,-3604283.3226960003,-3282009.4996920004,3926557.1457,412.0,5188.0,5600.0,43.0,1101.0,1144.0,0.13165,0.4369,0.31655,168247.08850062024,-1026817.8008760002,-858570.71237538,1195064.8893766205,-731267.4661109999,-2550742.0335810003,363.82049064676244,0.4034753684960503,0.396313818253499,0.1582947204527251,0.09943458102453918,0.4708853740952234,False
沪深300ETF嘉实,9月,4.4,4.83,2026-09-23,202609,rule_fourth_wednesday,medium,30.0,22.0,580136.0865300001,-3056642.5275539993,-2476506.4410239994,3636778.6140839993,517.0,2963.0,3480.0,104.0,588.0,692.0,0.12430000000000001,0.3994,0.4616,359853.74394746905,-1036059.6091377446,-676205.8651902756,1395913.3530852138,-489882.63794399996,-1986623.8030799995,250.3736245582969,0.4796227125517787,0.3614938361131256,0.19980403049604045,0.129595901016675,0.4147827972735595,False
沪深300ETF嘉实,9月,4.5,4.83,2026-09-23,202609,rule_fourth_wednesday,medium,30.0,22.0,1208538.734004,-5089583.995272,-3881045.261268,6298122.7292760005,813.0,3384.0,4197.0,136.0,1252.0,1388.0,0.12124999999999998,0.34245000000000003,0.64095,635836.5538309756,-2289569.1983135976,-1653732.644482622,2925405.7521445733,-1680859.376028,-2200185.8852400007,190.9974083887134,0.48798701305332054,0.29869928770517185,0.2686290160773948,0.187307405165766,0.5096744398360561,False
沪深300ETF嘉实,9月,4.6,4.83,2026-09-23,202609,rule_fourth_wednesday,medium,30.0,22.0,2747563.063812,-8010621.226062,-5263058.162249999,10758184.289874,1503.0,3887.0,5390.0,418.0,1737.0,2155.0,0.1144,0.27075,0.8334999999999999,1532456.7282632228,-4586594.224101586,-3054137.4958383637,6119050.952364809,-2815613.93169,-2447444.23056,141.4657273864831,0.5651576797867853,0.1898866974402016,0.36249232090659605,0.1609052927425535,0.5846702317352834,True
沪深300ETF嘉实,9月,4.7,4.83,2026-09-23,202609,rule_fourth_wednesday,medium,30.0,22.0,8928278.904635997,-7054590.073167,1873688.8314689975,15982868.977802997,2429.0,2727.0,5156.0,1325.0,2121.0,3446.0,0.17024999999999998,0.26015,1.34225,6351583.615214268,-4931920.310439755,1419663.3047745125,11283503.925654024,-616598.9239410013,2490287.7554099998,199.24952137360094,0.7052543328576628,0.000611995104039087,0.661634874891359,0.4777149836459239,0.6313719315214866,True
沪深300ETF嘉实,9月,4.8,4.83,2026-09-23,202609,rule_fourth_wednesday,medium,30.0,22.0,12185230.366260001,-10138582.003347002,2046648.3629129995,22323812.369607,2636.0,3513.0,6149.0,1269.0,2456.0,3725.0,0.18155,0.09015000000000001,1.6093000000000002,5494226.879021251,-8207932.717637519,-2713705.8386162687,13702159.59665877,-1221954.017949,3268602.380861999,155.06799586127477,0.6302331799870451,0.1517943743937923,0.5902643962356166,0.4352743718335468,0.6681105472047406,True
沪深300ETF嘉实,9月,4.9,4.83,2026-09-23,202609,rule_fourth_wednesday,medium,30.0,22.0,22871400.441434998,-9087134.016429,13784266.425005998,31958534.457863998,5219.0,3249.0,8468.0,3552.0,847.0,4399.0,0.19090000000000001,-0.06845000000000004,1.5387,13758892.122665467,-5262913.096961839,8495979.025703628,19021805.219627306,13197074.046092998,587192.3789129993,145.08794302350728,0.5903686137661586,0.3065122103944898,0.4706428750078657,0.1894367141351615,0.7164277781505695,True
沪深300ETF嘉实,9月,5.0,4.83,2026-09-23,202609,rule_fourth_wednesday,medium,30.0,22.0,36300989.201337,-3981954.884796,32319034.316541,40282944.086133,10437.0,1634.0,12071.0,6554.0,763.0,7317.0,0.20174999999999998,-0.19955000000000003,1.26775,21789455.77792209,-2610477.091652346,19178978.686269745,24399932.869574435,20936121.914232,11382912.402309002,114.36504910238494,0.627910447562912,0.4141130772550712,0.5474552449628117,0.10785058835527722,0.7701631574352743,True
沪深300ETF嘉实,9月,5.25,4.83,2026-09-23,202609,rule_fourth_wednesday,medium,30.0,22.0,14037697.363977,-3139610.127381,10898087.236596,17177307.491358,12203.0,2171.0,14374.0,3097.0,243.0,3340.0,0.26245,-0.3526,0.5565,2327262.591694066,-1676522.2640472823,650740.3276467836,4003784.855741348,3211211.4205500004,7686875.8160459995,301.7965173786031,0.3498886118405622,0.44658625888434206,0.1828600189040662,0.09461323189639131,0.7202974917168767,False
沪深300ETF嘉实,9月,5.5,4.83,2026-09-23,202609,rule_fourth_wednesday,medium,30.0,22.0,2879564.9786819997,-1836924.58467,1042640.3940119997,4716489.563352,6846.0,1865.0,8711.0,2946.0,11.0,2957.0,0.32644999999999996,-0.39915,0.30125,514541.08025563275,-920059.8481876958,-405518.7679320631,1434600.9284433285,1228312.309644,-185671.9156320002,932.9961916625606,0.3397783891624736,0.4382086167800454,0.2181112001372203,0.21393058539205156,0.5674244088398016,False
沪深300ETF嘉实,9月,5.75,4.83,2026-09-23,202609,rule_fourth_wednesday,medium,30.0,22.0,1474664.0939099998,-436803.79150800005,1037860.3024019997,1911467.885418,6470.0,1348.0,7818.0,392.0,2.0,394.0,0.13119999999999998,-0.48085,0.11829999999999999,330671.2005324,-221544.05448629064,109127.14604610935,552215.2550186906,88697.877534,949162.4248679997,1221.1656648056303,0.365714227424186,0.4647531572904708,0.031035502822889485,-0.005956017104459377,0.3922408880402011,False
沪深300ETF嘉实,9月,6.0,4.83,2026-09-23,202609,rule_fourth_wednesday,medium,30.0,22.0,1233384.0125039998,-607521.8822400001,625862.1302639997,1840905.894744,8084.0,1040.0,9124.0,417.0,0.0,417.0,0.4596,-0.42855,0.1579,272125.6463016,-315492.066366605,-43366.42006500502,587617.7126682049,63622.109501999985,562240.0207619997,907.5742329608038,0.3699715742590517,0.36249999999999993,0.025791687283523008,-0.0016029593094944513,0.4029263499644056,False
沪深300ETF嘉实,9月,6.25,4.83,2026-09-23,202609,rule_fourth_wednesday,medium,30.0,22.0,2121623.4816,-169593.40446300004,1952030.077137,2291216.886063,19600.0,349.0,19949.0,1084.0,0.0,1084.0,0.5219499999999999,-0.4352,0.12735000000000002,471260.20354560006,-89678.59083321426,381581.61271238583,560938.7943788143,117338.768064,1834691.309073,1294.5088500155261,0.37545414447737513,0.3,0.027653061224489794,0.003209242618741977,0.5176273873558028,False
沪深300ETF嘉实,12月,4.4,4.83,2026-12-23,202612,rule_fourth_wednesday,medium,121.0,87.0,513862.880832,-2241423.915192,-1727561.0343600002,2755286.7960240003,542.0,2323.0,2865.0,34.0,2385.0,2419.0,0.12094999999999999,0.29679999999999995,0.41000000000000003,254674.56168114464,-1970761.4046782476,-1716086.842997103,2225435.9663593923,-2209188.974328,481627.939968,156.39934637990663,0.6874266483573293,0.4136118882094386,0.5447101263952804,0.2648877407326603,0.4181630827332965,False
沪深300ETF嘉实,12月,4.5,4.83,2026-12-23,202612,rule_fourth_wednesday,medium,121.0,87.0,367589.74467600003,-1328183.797122,-960594.052446,1695773.541798,346.0,1222.0,1568.0,0.0,341.0,341.0,0.12165,0.24895,0.46065,173971.63216786683,-784322.8798698115,-610351.2477019447,958294.5120376783,-370630.66679100005,-589963.3856550001,154.88801555679498,0.531899734854073,0.727643784786642,0.1395253682487725,0.1520811099252935,0.2742239528432759,False
沪深300ETF嘉实,12月,4.6,4.83,2026-12-23,202612,rule_fourth_wednesday,medium,121.0,87.0,655746.217875,-1472011.59798,-816265.3801050001,2127757.815855,565.0,1247.0,1812.0,67.0,188.0,255.0,0.12344999999999999,0.19665000000000002,0.50175,340768.9702666875,-785859.8138159994,-445090.8435493119,1126628.784082687,-144162.103995,-672103.2761100001,158.87779794313425,0.526766941482411,0.4643356643356642,0.13467294959229584,0.11857599431818182,0.29389987990556454,True
沪深300ETF嘉实,12月,4.7,4.83,2026-12-23,202612,rule_fourth_wednesday,medium,121.0,87.0,2751538.3083719998,-762734.419587,1988803.8887849997,3514272.7279589996,1018.0,617.0,1635.0,47.0,6.0,53.0,0.16265,0.2446,0.8442500000000001,1349701.2757371797,-362923.6276657958,986777.6480713838,1712624.9034029755,119618.46817199998,1869185.4206129997,160.0076075785966,0.483172600337189,0.49785522788203745,0.027946716000165576,0.0008116883116883117,0.320681961448224,True
沪深300ETF嘉实,12月,4.8,4.83,2026-12-23,202612,rule_fourth_wednesday,medium,121.0,87.0,3440574.1666800007,-857995.183269,2582578.9834110006,4298569.349949,1065.0,721.0,1786.0,120.0,32.0,152.0,0.18415,0.12295,0.94745,1783411.4463640403,-417747.4388666199,1365664.0074974203,2201158.88523066,349590.0985920001,2232988.884819001,160.9928998307513,0.5026174517358757,0.40682984603237254,0.07852942900119161,0.06307290517177959,0.35447727160005676,True
沪深300ETF嘉实,12月,4.9,4.83,2026-12-23,202612,rule_fourth_wednesday,medium,121.0,87.0,2612690.9943750002,-788635.3308120001,1824055.663563,3401326.3251870004,905.0,678.0,1583.0,238.0,197.0,435.0,0.20040000000000002,0.025849999999999984,0.86805,1507772.926385081,-463376.2665687094,1044396.6598163715,1971149.1929537903,457948.17331200006,1366107.4902510003,160.471606212987,0.5823314945077636,0.3822784810126582,0.2767719486953829,0.2121964303247576,0.3520084660086871,True
沪深300ETF嘉实,12月,5.0,4.83,2026-12-23,202612,rule_fourth_wednesday,medium,121.0,87.0,4568181.447249,-939652.6320720001,3628528.815177,5507834.079321,1763.0,803.0,2566.0,363.0,74.0,437.0,0.20490000000000003,-0.053549999999999986,0.80615,2531829.9925833405,-479554.7627771498,2052275.2298061908,3011384.75536049,853991.0108729999,2774537.804304,159.14791195690148,0.5322923617656963,0.4018388318009735,0.14902672832804378,0.06940815209990661,0.43549785531425345,True
沪深300ETF嘉实,12月,5.25,4.83,2026-12-23,202612,rule_fourth_wednesday,medium,121.0,87.0,5353962.020568,-1328470.7425920002,4025491.2779759998,6682432.763160001,3149.0,1338.0,4487.0,95.0,210.0,305.0,0.2348,-0.19284999999999997,0.5771999999999999,2523348.3184962035,-718809.0096407206,1804539.3088554828,3242157.328136924,-46984.40460000004,4072475.6825760007,164.03917941047126,0.5061924524806058,0.3672301461524917,0.09355949002245713,0.07280510531818521,0.46906470512014453,False
沪深300ETF嘉实,12月,5.5,4.83,2026-12-23,202612,rule_fourth_wednesday,medium,121.0,87.0,2284423.976961,-702402.85143,1582021.1255309999,2986826.8283909997,2201.0,890.0,3091.0,330.0,30.0,360.0,0.27825,-0.26430000000000003,0.3916,1111800.688194925,-356428.60317569895,755372.085019226,1468229.291370624,318831.41052,1263189.7150109997,174.57905842706737,0.49706469612394855,0.3359384615384616,0.09181985716400615,0.07692330428819712,0.3672417296603557,False
沪深300ETF嘉实,12月,5.75,4.83,2026-12-23,202612,rule_fourth_wednesday,medium,121.0,87.0,1773240.1870050002,-523272.82593600004,1249967.361069,2296513.012941,2759.0,784.0,3543.0,828.0,20.0,848.0,0.31320000000000003,-0.30735,0.28080000000000005,567513.9851850001,-267280.5916434779,300233.3935415222,834794.576828478,518816.07288000005,731151.2881890002,390.4943212894865,0.4154148979587026,0.3451643639828489,0.1628094695652817,0.03483635773181995,0.37549134850294774,False
沪深300ETF嘉实,12月,6.0,4.83,2026-12-23,202612,rule_fourth_wednesday,medium,121.0,87.0,1105731.0711720001,-240834.73270500006,864896.338467,1346565.8038770002,2642.0,405.0,3047.0,359.0,0.0,359.0,0.33305,-0.3419,0.21715,115386.09247620002,-121950.55701938448,-6564.464543184455,237336.64949558448,150248.84729400004,714647.4911730001,589.4946059339977,0.30535945784389373,0.3,0.06794095382286147,0.05064610254272613,0.2950729931438574,False
沪深300ETF嘉实,12月,6.25,4.83,2026-12-23,202612,rule_fourth_wednesday,medium,121.0,87.0,2094198.02676,-151524.004968,1942674.0217920002,2245722.031728,7170.0,291.0,7461.0,3040.0,0.0,3040.0,0.36665000000000003,-0.3578,0.17420000000000002,634393.042416,-77986.7099129509,556406.3325030492,712379.7523289509,887916.59712,1054757.424672,648.5617132952602,0.4088055407007111,0.3,0.21199442119944212,0.05060666564275841,0.47354555764580947,False
沪深300ETF嘉实,3月,4.4,4.83,2027-03-24,202703,rule_fourth_wednesday,medium,212.0,152.0,276797.3985,-807570.699075,-530773.300575,1084368.097575,339.0,1057.0,1396.0,56.0,580.0,636.0,0.12865,0.26940000000000003,0.33875,148656.8017918282,-558856.0122235939,-410199.21043176565,707512.8140154221,-397407.81149999995,-133365.48907500002,160.30293041757412,0.6145405638242225,0.2944743935309973,0.3569572703957044,0.10960671532044146,0.252759145327614,False
沪深300ETF嘉实,3月,4.5,4.83,2027-03-24,202703,rule_fourth_wednesday,medium,212.0,152.0,194782.31766,-336913.64091,-142131.32325000002,531695.95857,218.0,418.0,636.0,118.0,2.0,120.0,0.13215,0.22925,0.36424999999999996,133784.16421562072,-159235.4780998042,-25451.313884183473,293019.6423154249,103820.60367,-245951.92692000003,161.84894703102697,0.5797346609081665,0.2786016949152542,0.27303454633247004,0.14358031674208144,0.13311379392809536,False
沪深300ETF嘉实,3月,4.6,4.83,2027-03-24,202703,rule_fourth_wednesday,medium,212.0,152.0,258361.268697,-619970.18328,-361608.914583,878331.451977,269.0,720.0,989.0,96.0,30.0,126.0,0.13085,0.18975,0.39039999999999997,158951.2055457355,-301522.45188331243,-142571.24633757694,460473.6574290479,66371.18707799999,-427980.101661,161.14950695844317,0.5507891924505937,0.3141632837167343,0.1992719950433705,0.08478260869565217,0.18348265066656055,True
沪深300ETF嘉实,3月,4.7,4.83,2027-03-24,202703,rule_fourth_wednesday,medium,212.0,152.0,176657.62867200002,-170351.36042400004,6306.2682479999785,347008.9890960001,174.0,194.0,368.0,24.0,42.0,66.0,0.1345,0.14724999999999996,0.4058,93248.98701784624,-95206.49112463594,-1957.5041067896964,188455.47814248217,-12513.621960000004,18819.890207999997,159.39739002284233,0.5433672639504428,0.30360426627436565,0.17721293992179168,0.08136727373068432,0.09319590897658342,True
沪深300ETF嘉实,3月,4.8,4.83,2027-03-24,202703,rule_fourth_wednesday,medium,212.0,152.0,738310.69431,-83111.53914,655199.15517,821422.23345,249.0,94.0,343.0,3.0,24.0,27.0,0.17254999999999998,0.1707,0.825,350171.7229614216,-47696.95722872988,302474.76573269174,397868.68019015144,-12324.657869999995,667523.81304,161.7301657219419,0.5240893357638974,0.3004903463070794,0.13368367085362726,0.022222222222222223,0.15295387229738822,True
沪深300ETF嘉实,3月,4.9,4.83,2027-03-24,202703,rule_fourth_wednesday,medium,212.0,152.0,1394487.33039,-247193.957556,1147293.372834,1641681.287946,490.0,284.0,774.0,72.0,99.0,171.0,0.18635000000000002,0.07454999999999998,0.7965,737257.3766464111,-151094.36959863876,586163.0070477724,888351.7462450499,118734.53615100002,1028558.836683,161.42487607352155,0.5699661641023785,0.29137798306389534,0.24776516240298935,0.26275917065390747,0.23466357913632463,True
沪深300ETF嘉实,3月,5.0,4.83,2027-03-24,202703,rule_fourth_wednesday,medium,212.0,152.0,665042.084658,-247120.23823200003,417921.846426,912162.3228900001,266.0,303.0,569.0,102.0,42.0,144.0,0.20440000000000003,0.0024500000000000077,0.71065,415030.67216013983,-130662.53988794872,284368.1322721911,545693.2120480885,220761.84727799997,197159.99914800003,160.01342146069493,0.5764037644319802,0.2581052631578947,0.26103625400134,0.26006012950971324,0.17736323969480014,True
沪深300ETF嘉实,3月,5.25,4.83,2027-03-24,202703,rule_fourth_wednesday,medium,212.0,152.0,980685.8342820001,-92559.51035100002,888126.3239310001,1073245.3446330002,567.0,121.0,688.0,79.0,45.0,124.0,0.22674999999999998,-0.12450000000000003,0.53465,520407.56449004286,-57645.648993358285,462761.91549668455,578053.2134834011,102215.80863899998,785910.515292,156.89998082227297,0.5767261418307323,0.28136531365313655,0.2556153162213768,0.35412349772067964,0.19609598178655369,False
沪深300ETF嘉实,3月,5.5,4.83,2027-03-24,202703,rule_fourth_wednesday,medium,212.0,152.0,1046604.4406999998,-47056.95747900001,999547.4832209998,1093661.3981789998,884.0,71.0,955.0,14.0,10.0,24.0,0.25625,-0.203,0.3958,506027.12512284133,-26743.364645524067,479283.76047731726,532770.4897683654,9947.442959999995,989600.0402609999,131.78730284448923,0.5259065926233953,0.276978417266187,0.0783410872474667,0.08942989968191827,0.1916689907670207,False
沪深300ETF嘉实,3月,5.75,4.83,2027-03-24,202703,rule_fourth_wednesday,medium,212.0,152.0,489542.96916000004,-35676.186902999994,453866.78225700004,525219.156063,603.0,61.0,664.0,15.0,10.0,25.0,0.2849,-0.25,0.29935,195384.28252311595,-21003.949966841858,174380.33255627408,216388.23248995782,6329.130570000002,447537.65168700006,179.7935487931897,0.49392717058945934,0.2892356399819087,0.09440502406002772,0.10905616483881689,0.12329462818182428,False
沪深300ETF嘉实,3月,6.0,4.83,2027-03-24,202703,rule_fourth_wednesday,medium,212.0,152.0,821535.611904,-146972.536578,674563.0753260001,968508.148482,1448.0,281.0,1729.0,657.0,40.0,697.0,0.31055,-0.28275,0.23370000000000002,418734.1060844309,-88059.48289988279,330674.6231845481,506793.58898431365,351833.405616,322729.66971000005,164.31979226351376,0.5544264400991266,0.3062541980744832,0.2980390181081772,0.20020835323124378,0.25467325466716595,False
中证500ETF南方,8月,6.25,7.74,2026-08-26,202608,rule_fourth_wednesday,medium,2.0,2.0,0.0,0.0,0.0,0.0,523.0,4982.0,5505.0,3.0,1075.0,1078.0,0.0001,0.5,0.0,0.0,0.0,0.0,0.0,0.0,0.0,3431.0840520886177,0.3461020118226895,0.7247784422508825,0.11075646706729311,0.0019141648196655248,,False
中证500ETF南方,8月,6.5,7.74,2026-08-26,202608,rule_fourth_wednesday,medium,2.0,2.0,0.0,-585107.943984,-585107.943984,585107.943984,756.0,9214.0,9970.0,123.0,1633.0,1756.0,0.32845,0.49925,0.0053,0.0,-110654.8664058798,-110654.8664058798,110654.8664058798,-103698.857448,-481409.086536,5111.94789334419,0.3375407286998984,0.7381196581196581,0.16996435720659728,-0.06608495274981797,0.35997083556870035,False
中证500ETF南方,8月,6.75,7.74,2026-08-26,202608,rule_fourth_wednesday,medium,2.0,2.0,4926.801024,-4893034.10526,-4888107.3042359995,4897960.906284,1028.0,21105.0,22133.0,221.0,4790.0,5011.0,0.303,0.49705,0.01975,2324.615359586717,-491946.97949209757,-489622.36413251085,494271.5948516843,-1109465.987112,-3778641.3171239994,722.0863209900283,0.28618542341513076,0.7781735817975908,0.22097049033137076,-0.024114019937607988,0.6692671756941427,False
中证500ETF南方,8月,7.0,7.74,2026-08-26,202608,rule_fourth_wednesday,medium,2.0,2.0,190955.475,-10193269.15386,-10002313.678860001,10384224.62886,1275.0,19535.0,20810.0,408.0,12174.0,12582.0,0.24735,0.4931,0.05605,87507.85899078958,-3447002.2556736004,-3359494.396682811,3534510.1146643898,-6291228.9641040005,-3711084.714756,538.9558966861597,0.39821385292854206,0.46574770258980774,0.47159457384182235,-0.1806782108675895,0.7551509162513785,False
中证500ETF南方,8月,7.122,7.74,2026-08-26,202608,rule_fourth_wednesday,medium,2.0,2.0,731121.33654,-3775688.4715199997,-3044567.1349799996,4506809.80806,1379.0,4392.0,5771.0,323.0,7453.0,7776.0,0.22265000000000001,0.48635,0.11599999999999999,280438.2692018864,-2265413.0829120004,-1984974.813710114,2545851.3521138867,-3604439.6015399997,559872.4665600001,2108.7175329214087,0.49178640752645,0.365461847389558,0.9655883497056419,0.04237352782497464,0.5677118053076384,False
中证500ETF南方,8月,7.25,7.74,2026-08-26,202608,rule_fourth_wednesday,medium,2.0,2.0,3855814.287444,-20230729.423488002,-16374915.136044003,24086543.710932,2527.0,12512.0,15039.0,2086.0,33423.0,35509.0,0.20149999999999998,0.46715,0.2623,3470763.2265343657,-11449356.040541682,-7978592.814007317,14920119.267076049,-17047813.474296004,672898.338252,268.7852222917974,0.7330382073895604,0.8382532051282051,1.7483801699952535,-0.4079372055238364,0.8080612776166057,False
中证500ETF南方,8月,7.367,7.74,2026-08-26,202608,rule_fourth_wednesday,medium,2.0,2.0,3075536.3688,-18449469.195192,-15373932.826392002,21525005.563992,965.0,6294.0,7259.0,1058.0,10984.0,12042.0,0.1822,0.42875,0.51065,2301858.4749950664,-11069681.517115202,-8767823.042120136,13371539.992110267,-15373932.826392002,0.0,646.734669505068,0.6742206560043373,0.5791757049891539,1.420763586012503,-0.19912603383411392,0.7156067337963051,True
中证500ETF南方,8月,7.5,7.74,2026-08-26,202608,rule_fourth_wednesday,medium,2.0,2.0,82567438.82524802,-234304456.20393604,-151737017.37868804,316871895.02918404,14444.0,40639.0,55083.0,52818.0,181348.0,234166.0,0.16649999999999998,0.33855,0.9583,78433224.25516571,-177070543.8814735,-98637319.6263078,255503768.13663924,-151737017.37868804,0.0,33.10582039017511,0.8528288448320247,0.38582028029678495,4.059578118741692,-0.20718448998136174,0.966854598365323,True
中证500ETF南方,8月,7.613,7.74,2026-08-26,202608,rule_fourth_wednesday,medium,2.0,2.0,67661024.31018001,-125777875.31712002,-58116851.00694001,193438899.62730002,6419.0,13598.0,20017.0,20125.0,48418.0,68543.0,0.2665,0.26459999999999995,1.65175,60802420.97897132,-100898504.20474452,-40096083.2257732,161700925.18371582,-58116851.00694001,0.0,92.59421756569955,0.8504144218658078,0.251006711409396,3.3479471209682994,0.09473161136797151,0.895977657941705,True
中证500ETF南方,8月,7.75,7.74,2026-08-26,202608,rule_fourth_wednesday,medium,2.0,2.0,581280972.210576,-389694528.80064005,191586443.409936,970975501.0112162,38722.0,32928.0,71650.0,254544.0,277864.0,532408.0,0.2572,-0.011349999999999999,2.24065,515408915.32642984,-385994165.3224143,129414750.00401556,901403080.6488441,191586443.409936,0.0,14.261112771998029,0.9385911097824016,0.1496437054631829,7.506079975579332,-0.18189138580187086,0.9835218093699516,True
中证500ETF南方,8月,7.859,7.74,2026-08-26,202608,rule_fourth_wednesday,medium,2.0,2.0,127967688.004212,-56307153.24,71660534.76421201,184274841.244212,11081.0,5784.0,16865.0,48305.0,38269.0,86574.0,0.26765,-0.22940000000000002,1.7763499999999999,119026714.16985664,-46902464.37655409,72124249.79330255,165929178.54641074,71660534.76421201,0.0,46.86812227074174,0.8815531212310257,0.3578745198463509,5.487809533857501,-0.2903315473232026,0.8847629558272845,True
中证500ETF南方,8月,8.0,7.74,2026-08-26,202608,rule_fourth_wednesday,medium,2.0,2.0,250607334.24820802,-126545842.82304001,124061491.42516801,377153177.07124805,50449.0,21732.0,72181.0,143335.0,92328.0,235663.0,0.31099999999999994,-0.37629999999999997,0.9006000000000001,116764748.44528234,-114859479.81006153,1905268.6352208108,231624228.25534385,124061491.42516801,0.0,429.27450486183943,0.6867891250946503,0.48428010003572697,3.5448338251600573,-0.3042758164220183,0.976852481954869,True
中证500ETF南方,8月,8.104,7.74,2026-08-26,202608,rule_fourth_wednesday,medium,2.0,2.0,18886907.30148,-21611253.936636,-2724346.635156002,40498161.238115996,8090.0,5369.0,13459.0,20996.0,10559.0,31555.0,0.3434,-0.42525,0.5308,9361336.662472695,-20161442.351788312,-10800105.689315617,29522779.014261007,-2724346.635156002,0.0,680.2265935144293,0.7142831100173186,0.4925768822905621,2.2809816506009755,-0.3592644544981392,0.8162780064501909,True
中证500ETF南方,8月,8.25,7.74,2026-08-26,202608,rule_fourth_wednesday,medium,2.0,2.0,25765500.92886,-16684554.156479998,9080946.772380004,42450055.08534,33999.0,6065.0,40064.0,27001.0,11468.0,38469.0,0.41154999999999997,-0.4476,0.29285,8413906.1193792,-14676242.904809609,-6262336.785430409,23090149.02418881,3777644.454660004,5303302.317720002,844.4616996183518,0.6030937834897714,0.47743785850860415,1.3425097755772701,-0.32655148932897227,0.8921209617540724,False
中证500ETF南方,8月,8.35,7.74,2026-08-26,202608,rule_fourth_wednesday,medium,2.0,2.0,4561062.729696,-8571821.434704,-4010758.705008,13132884.1644,9613.0,4026.0,13639.0,3596.0,4584.0,8180.0,0.45149999999999996,-0.45909999999999995,0.2173,943107.2033554285,-6066562.285203316,-5123455.0818478875,7009669.488558745,-6865633.816272,2854875.111264,3516.0001072932596,0.457253363611331,0.48161586840832127,0.7563379384257191,-0.2868205298079092,0.7301303448186343,False
中证500ETF南方,8月,8.5,7.74,2026-08-26,202608,rule_fourth_wednesday,medium,2.0,2.0,9555940.354032,-2039853.78,7516086.574032,11595794.134032,32421.0,1135.0,33556.0,12233.0,864.0,13097.0,0.5590999999999999,-0.4562,0.1746,2741856.0402827524,-1670411.3150262602,1071444.7252564922,4412267.355309012,2052815.388336,5463271.185696,3386.8368465158255,0.5529073196831349,0.9764053635894792,0.5692753255728225,-0.3124120989353502,0.7959105960580173,False
中证500ETF南方,8月,8.595,7.74,2026-08-26,202608,rule_fourth_wednesday,medium,2.0,2.0,1218035.3324400003,-3840450.9834239995,-2622415.6509839995,5058486.315864,5945.0,2552.0,8497.0,1448.0,621.0,2069.0,0.59245,-0.46325,0.1427,231102.83885316932,-2135921.9054495646,-1904819.0665963953,2367024.744302734,-637857.7839359997,-1984557.8670479995,6088.23192391429,0.3729492229945842,0.48156682027649766,0.24345228993042284,-0.21950386882107212,0.56043891962911,False
中证500ETF南方,8月,8.75,7.74,2026-08-26,202608,rule_fourth_wednesday,medium,2.0,2.0,2576678.594688,-183773.751912,2392904.842776,2760452.3466000003,16292.0,246.0,16538.0,1481.0,463.0,1944.0,0.5835,-0.4857,0.07555,153775.6374812126,-145773.93166154536,8001.70581966723,299549.5691427579,50455.37887200003,2342449.4639040004,3462.5677175119113,0.426452387667371,0.7955502818154848,0.9865086660319096,-0.2872274970431989,0.5443021232395006,False
中证500ETF南方,8月,8.841,7.74,2026-08-26,202608,rule_fourth_wednesday,medium,2.0,2.0,858653.234496,-986033.5662240001,-127380.33172800008,1844686.8007200002,6178.0,812.0,6990.0,937.0,718.0,1655.0,0.7503500000000001,-0.46194999999999997,0.11295,128416.54682880001,-756819.6335253732,-628403.0866965732,885236.1803541732,-741657.2861520001,614276.9544240001,3449.680307862778,0.4585475967044031,0.7806146149723066,0.5179518297087871,-0.2833632301084936,0.42833394219405124,False
中证500ETF南方,8月,9.0,7.74,2026-08-26,202608,rule_fourth_wednesday,medium,2.0,2.0,651063.216204,-380892.5208,270170.69540400006,1031955.737004,12211.0,289.0,12500.0,1173.0,364.0,1537.0,1.00125,-0.4274,0.11445,28972.52200522938,-314538.381725844,-285565.8597206146,343510.90373107337,-318350.783628,588521.4790320001,3442.2127012827063,0.43514666605821983,0.745811695642357,0.6777882498025632,-0.2623126228153399,0.42691375338707344,False
中证500ETF南方,8月,9.086,7.74,2026-08-26,202608,rule_fourth_wednesday,medium,2.0,2.0,497298.9783600001,-598047.3865080001,-100748.40814799996,1095346.3648680001,4883.0,507.0,5390.0,340.0,511.0,851.0,1.0003,-0.44265000000000004,0.10694999999999999,77143.2343658182,-522104.8612371435,-444961.6268713253,599248.0956029617,-563420.7937080001,462672.3855600001,6746.031746031745,0.5140701653910752,0.7639574956921309,0.5387594362924787,-0.2816263068744582,0.33927049343329263,False
中证500ETF南方,8月,9.25,7.74,2026-08-26,202608,rule_fourth_wednesday,medium,2.0,2.0,336397.34905200003,-775944.8019360001,-439547.4528840001,1112342.1509880002,8381.0,724.0,9105.0,1201.0,271.0,1472.0,1.0806,-0.44229999999999997,0.09280000000000001,86561.80920720003,-463054.4462898252,-376492.6370826252,549616.2554970252,-242237.57875200006,-197309.87413199997,191.20207628371435,0.4270411123710051,0.7636072913335465,0.2588048572112269,-0.1592846288983772,0.4054287854218357,False
中证500ETF南方,8月,9.332,7.74,2026-08-26,202608,rule_fourth_wednesday,medium,2.0,2.0,158599.38024,-502979.4169920001,-344380.0367520001,661578.797232,4270.0,507.0,4777.0,637.0,324.0,961.0,1.09525,-0.4481,0.0859,33253.8700536,-356053.62993887346,-322799.75988527347,389307.49999247346,-297770.7258000001,-46609.31095200003,3425.665980410505,0.4587805987996068,0.7693659608226033,0.3941167911533612,-0.35186547340993174,0.2928196204744704,False
中证500ETF南方,8月,9.578,7.74,2026-08-26,202608,rule_fourth_wednesday,medium,2.0,2.0,143632.66453200002,-175256.68842,-31624.023887999967,318889.352952,4893.0,297.0,5190.0,829.0,69.0,898.0,1.02495,-0.47819999999999996,0.0517,38460.55938480001,-97940.27219413147,-59479.71280933145,136400.83157893148,-16381.134143999992,-15242.889743999986,167.61286834279488,0.413304641167177,0.7916216216216216,0.20087447126073735,-0.5807510683405633,0.24607127388028402,False
中证500ETF南方,8月,9.823,7.74,2026-08-26,202608,rule_fourth_wednesday,medium,2.0,2.0,183503.56863600004,0.0,183503.56863600004,183503.56863600004,7471.0,1162.0,8633.0,669.0,290.0,959.0,0.40445,-0.49965,0.00205,43273.53596880001,0.0,43273.53596880001,43273.53596880001,16432.055604000005,167071.51303200005,153.64794579376823,0.4063640122592057,0.7922458078898904,0.16955797644178258,-0.15959002522586307,0.2571734753577025,False
中证500ETF南方,8月,10.314,7.74,2026-08-26,202608,rule_fourth_wednesday,medium,2.0,2.0,191225.05920000002,-2077366.121892,-1886141.062692,2268591.181092,10640.0,3161.0,13801.0,764.0,454.0,1218.0,1.62385,-0.44939999999999997,0.056350000000000004,17569.700928000002,-1207418.9911756762,-1189849.2902476762,1224988.6921036763,-284631.79096799996,-1601509.271724,3380.9735053780023,0.33655279898611024,0.7733393925622963,0.10771497313356151,-0.0882659473112953,0.49032342357557035,False
中证500ETF南方,9月,6.25,7.74,2026-09-23,202609,rule_fourth_wednesday,medium,30.0,22.0,152189.26704,-2678426.8606800004,-2526237.5936400006,2830616.12772,292.0,5139.0,5431.0,165.0,4354.0,4519.0,0.0001,0.45930000000000004,0.087,106137.07410931932,-1404582.7541384336,-1298445.6800291142,1510719.828247753,-2183290.54668,-342947.0469600002,225.3185126103947,0.6109038499198596,0.605846133903688,0.7061575195856558,0.7254856236737168,0.4841232319185269,False
中证500ETF南方,9月,6.385,7.74,2026-09-23,202609,rule_fourth_wednesday,medium,30.0,22.0,814187.417472,-42360321.887604006,-41546134.47013201,43174509.305076,1188.0,69391.0,70579.0,68.0,4595.0,4663.0,0.20579999999999998,0.44889999999999997,0.10815,394291.08316269505,-18922876.986323617,-18528585.903160922,19317168.069486313,-2758453.2299880004,-38787681.24014401,198.99707787993628,0.4654939415665109,0.4604177172909285,0.0617290096761498,-0.007957105350488736,0.8613200902531266,False
中证500ETF南方,9月,6.5,7.74,2026-09-23,202609,rule_fourth_wednesday,medium,30.0,22.0,151829.82144000003,-6401313.971712002,-6249484.1502720015,6553143.793152002,180.0,7589.0,7769.0,13.0,10666.0,10679.0,0.0001,0.4252,0.1408,72997.49725046709,-4892494.5265963115,-4819497.029345844,4965492.023846779,-6390348.484608002,140864.33433600003,117.62760140123382,0.6225401655212597,0.35444933920704846,0.7388387432102019,0.12827197512354935,0.6328292018416868,False
中证500ETF南方,9月,6.631,7.74,2026-09-23,202609,rule_fourth_wednesday,medium,30.0,22.0,380857.774392,-65136165.190416,-64755307.416024,65517022.964808,366.0,69519.0,69885.0,2.0,5909.0,5911.0,0.1927,0.41485,0.16505,168949.98667660286,-3347389.389427201,-3178439.4027505983,3516339.3761038035,-5534385.101352001,-59220922.31467201,353.78262523467515,0.2474972616286254,0.3549323017408125,0.04523141332514593,0.0007914411929198727,0.8813561053938689,False
中证500ETF南方,9月,6.75,7.74,2026-09-23,202609,rule_fourth_wednesday,medium,30.0,22.0,568215.198936,-31104247.578120004,-30536032.379184004,31672462.777056005,462.0,25290.0,25752.0,25.0,21115.0,21140.0,0.0001,0.3749,0.2053,256091.0156225449,-19450233.108359996,-19194142.09273745,19706324.12398254,-25938654.86052,-4597377.518664002,188.63469374563869,0.5380088641692186,0.34373663958956807,0.4445137701365459,0.11610937648399658,0.8471567883055137,False
中证500ETF南方,9月,6.876,7.74,2026-09-23,202609,rule_fourth_wednesday,medium,30.0,22.0,1805642.621496,-23210583.170796,-21404940.5493,25016225.792292,1259.0,16327.0,17586.0,16.0,12556.0,12572.0,0.18794999999999998,0.36105,0.23835,760170.4330634193,-13210340.95849569,-12450170.52543227,13970511.39155911,-17826754.854384,-3578185.6949160006,326.592355204442,0.49507439365904277,0.2431876606683805,0.390870694556491,0.2107966913365259,0.80434702749632,False
中证500ETF南方,9月,7.0,7.74,2026-09-23,202609,rule_fourth_wednesday,medium,30.0,22.0,1930517.6173919998,-38513990.374164,-36583472.756772,40444507.991556,1183.0,22629.0,23812.0,314.0,25350.0,25664.0,0.17875,0.3308,0.27825,1046032.5073202854,-34586716.65121929,-33540684.14389901,35632749.15853958,-38001579.104628,1418106.347856,68.92000174489388,0.719935190369221,0.2654978962131837,0.6928354077927293,0.1802160672421054,0.8531829781620578,False
中证500ETF南方,9月,7.122,7.74,2026-09-23,202609,rule_fourth_wednesday,medium,30.0,22.0,1554837.0577920002,-21995870.912928,-20441033.855136,23550707.97072,856.0,11016.0,11872.0,153.0,3250.0,3403.0,0.17939999999999998,0.2905,0.31825000000000003,703945.2123215995,-7194198.097030606,-6490252.884709006,7898143.309352206,-6211432.040904,-14229601.814232001,275.2868793302543,0.38990785898670133,0.14328691765514867,0.23688186766572328,-0.013990549812237412,0.7200757311390565,False
中证500ETF南方,9月,7.25,7.74,2026-09-23,202609,rule_fourth_wednesday,medium,30.0,22.0,5082793.225488,-44273130.21936,-39190336.993872,49355923.444848,2554.0,19047.0,21601.0,1468.0,27999.0,29467.0,0.17439999999999997,0.24659999999999999,0.3601,3572276.8198807924,-36790286.66475731,-33218009.84487652,40362563.4846381,-41351618.686464004,2161281.692592,88.3716784703278,0.7669010969631034,0.13684210526315788,1.0223899631867244,0.06471489642686812,0.8577619054224394,False
中证500ETF南方,9月,7.367,7.74,2026-09-23,202609,rule_fourth_wednesday,medium,30.0,22.0,11631059.341848,-30363807.614399996,-18732748.272551995,41994866.956248,3429.0,11700.0,15129.0,1619.0,5011.0,6630.0,0.25545,0.29435,0.49970000000000003,6039409.168119002,-15255040.390706176,-9215631.222587174,21294449.55882518,-7512936.632423998,-11219811.640128,274.0742940285656,0.5108285473690672,0.03826291079812194,0.450219956479799,0.11185256080593285,0.7922743405851496,True
中证500ETF南方,9月,7.5,7.74,2026-09-23,202609,rule_fourth_wednesday,medium,30.0,22.0,47984041.20207601,-100474486.63776001,-52490445.435684,148458527.83983603,10899.0,35533.0,46432.0,10636.0,53495.0,64131.0,0.2703,0.19904999999999998,0.60345,43641526.972922824,-79598115.73080947,-35956588.75788664,123239642.70373228,-53648331.740496,1157886.304811998,19.405591819159525,0.8508615169191021,0.06029489204844679,1.2406856367984906,0.39755065270995454,0.9364793752748367,True
中证500ETF南方,9月,7.613,7.74,2026-09-23,202609,rule_fourth_wednesday,medium,30.0,22.0,20787611.302656,-28535379.73632,-7747768.4336640015,49322991.038976,4286.0,9536.0,13822.0,3674.0,6387.0,10061.0,0.27335,0.12275,0.65455,15997937.07478324,-19383292.29019812,-3385355.2154148817,35381229.36498136,-1293022.2744360045,-6454746.159227999,184.54123418225015,0.7244311201066934,0.1172945205479452,0.7634936019645671,0.17266492154640753,0.7982059112849025,True
中证500ETF南方,9月,7.75,7.74,2026-09-23,202609,rule_fourth_wednesday,medium,30.0,22.0,178210923.281244,-100261184.42980802,77949738.85143599,278472107.71105206,36229.0,32713.0,68942.0,57813.0,56875.0,114688.0,0.2798,0.029349999999999987,0.66635,141052494.16551962,-92418957.67172505,48633536.493794575,233471451.8372447,77949738.85143599,0.0,27.423786781043763,0.8566369400602254,0.1999999999999999,1.6671856351675842,0.4350618254691444,0.9662285299291918,True
中证500ETF南方,9月,7.859,7.74,2026-09-23,202609,rule_fourth_wednesday,medium,30.0,22.0,36487022.718924,-20500847.999280002,15986174.719643999,56987870.71820401,7509.0,6763.0,14272.0,6429.0,3453.0,9882.0,0.28225,-0.04224999999999998,0.65855,25246358.500286043,-13054833.804773469,12191524.695512574,38301192.30505951,20772025.142364,-4785850.42272,143.810786382756,0.6643609417837715,0.2613918806959402,0.6833724120734255,0.03595672018234792,0.8108197568981712,True
中证500ETF南方,9月,8.0,7.74,2026-09-23,202609,rule_fourth_wednesday,medium,30.0,22.0,223672598.118792,-94933276.862616,128739321.256176,318605874.981408,50598.0,33062.0,83660.0,48846.0,19204.0,68050.0,0.28925,-0.12725,0.6086,202274169.08992028,-63609188.64481049,138664980.44510978,265883357.73473078,160785924.96751198,-32046603.71133599,17.15609205040415,0.7871862388308448,0.3345402677199912,0.7731111145112536,0.14607403030720145,0.9722474343338432,True
中证500ETF南方,9月,8.104,7.74,2026-09-23,202609,rule_fourth_wednesday,medium,30.0,22.0,42064229.17368,-17161743.351672,24902485.822008,59225972.525352,10671.0,6403.0,17074.0,5544.0,967.0,6511.0,0.298,-0.18105,0.5527,23188645.992914673,-7143565.7908183355,16045080.202096337,30332211.78373301,19262187.678312004,5640298.143695995,271.27567689184445,0.48375850421222355,0.3859223300970873,0.33528094764758104,0.016416537018375477,0.8120885195900609,True
中证500ETF南方,9月,8.25,7.74,2026-09-23,202609,rule_fourth_wednesday,medium,30.0,22.0,132248544.31735201,-28917003.12984,103331541.18751201,161165547.447192,41394.0,11889.0,53283.0,25413.0,2841.0,28254.0,0.30665,-0.24705,0.46965,83298095.57826824,-15850753.792468587,67447341.78579965,99148849.37073684,74281271.80424401,29050269.383268,60.451962149348866,0.5890033492404261,0.4304508385905524,0.42644496927789477,0.069128020027743,0.9330960757929481,False
中证500ETF南方,9月,8.35,7.74,2026-09-23,202609,rule_fourth_wednesday,medium,30.0,22.0,38145795.269184,-15626566.770048004,22519228.499135997,53772362.039232,14296.0,6967.0,21263.0,8532.0,462.0,8994.0,0.3155,-0.2828,0.40990000000000004,10833119.737396127,-6620383.483580928,4212736.253815198,17453503.220977053,21729564.8568,789663.642335996,356.82996145235825,0.3538272801463145,0.4585597826086957,0.33156145660383607,0.014888121328370958,0.8341147960631639,False
中证500ETF南方,9月,8.5,7.74,2026-09-23,202609,rule_fourth_wednesday,medium,30.0,22.0,59922058.699260004,-6336147.083508001,53585911.615752004,66258205.782768,30155.0,3179.0,33334.0,28917.0,910.0,29827.0,0.33114999999999994,-0.32245,0.3322,46903473.67967449,-3836036.014572574,43067437.665101916,50739509.69424707,55648240.930044,-2062329.3142919973,193.69832048699055,0.6940811410833465,0.4859284890426759,0.6225994936823476,0.12092928899970332,0.893820152664917,False
中证500ETF南方,9月,8.595,7.74,2026-09-23,202609,rule_fourth_wednesday,medium,30.0,22.0,16842272.895,-7627608.165888001,9214664.729112,24469881.060888,10710.0,4544.0,15254.0,9523.0,273.0,9796.0,0.38470000000000004,-0.32115000000000005,0.27135,6069508.5402,-3467715.075669357,2601793.4645306426,9537223.615869356,14517366.173603998,-5302701.444492,432.28755323424815,0.40750014028540527,0.4332681017612524,0.4746241131429097,-5.411549021623434e-05,0.7851066762062513,False
中证500ETF南方,9月,8.75,7.74,2026-09-23,202609,rule_fourth_wednesday,medium,30.0,22.0,20599868.672244,-1507202.128728,19092666.543516003,22107070.800972,18517.0,927.0,19444.0,13708.0,159.0,13867.0,0.36195,-0.3659,0.22854999999999998,13402878.96527778,-775651.7204016005,12627227.24487618,14178530.68567938,14991415.611480001,4101250.932035999,143.18474590975637,0.5826297660070965,0.4776470588235295,0.45590686980021683,-0.05149462314652518,0.8020376615366942,False
中证500ETF南方,9月,8.841,7.74,2026-09-23,202609,rule_fourth_wednesday,medium,30.0,22.0,8243251.013592,-4926333.145644001,3316917.8679479994,13169584.159236,9017.0,3249.0,12266.0,4452.0,197.0,4649.0,0.37755,-0.37415,0.20285,2481408.437726801,-2359413.5100182146,121994.92770858621,4840821.947745016,3771270.2860200005,-454352.41807200154,326.11569718918395,0.38998106207547495,0.4672295602742017,0.2771840495670553,-0.008828327116793782,0.7033325891378818,False
中证500ETF南方,9月,9.0,7.74,2026-09-23,202609,rule_fourth_wednesday,medium,30.0,22.0,4235933.401128,-891128.5453799999,3344804.8557479996,5127061.946508,6633.0,655.0,7288.0,5913.0,129.0,6042.0,0.3987,-0.38825000000000004,0.16685,1578227.1702612482,-512198.48129861546,1066028.6889626328,2090425.6515598637,3600625.8837240003,-255821.0279760001,335.27248625490625,0.4736779065394583,0.4591851851851851,0.5441991983179177,-0.10428273606268647,0.5921092511359076,False
中证500ETF南方,9月,9.086,7.74,2026-09-23,202609,rule_fourth_wednesday,medium,30.0,22.0,3424718.5987680005,-2408160.912192,1016557.6865760004,5832879.510960001,6366.0,1889.0,8255.0,1734.0,63.0,1797.0,0.43085000000000007,-0.3842,0.1513,1058079.8837664002,-1171011.1057742292,-112931.222007829,2229090.989540629,852525.8851680002,164031.8014080003,479.42037062839705,0.39761080794492804,0.44001919385796534,0.15286776111911365,0.04813752507511932,0.5694359334192942,False
中证500ETF南方,9月,9.25,7.74,2026-09-23,202609,rule_fourth_wednesday,medium,30.0,22.0,9809679.592908,-911427.0374880001,8898252.55542,10721106.630396001,21349.0,781.0,22130.0,4184.0,52.0,4236.0,0.4474,-0.39725000000000005,0.13575,2730940.5448728004,-464925.3413933898,2266015.2034794106,3195865.88626619,1861827.5632320002,7036424.992188001,472.82843121932905,0.3942497315075263,0.44845553822152884,0.13128119120747334,0.038729076184822825,0.7271609145590539,False
中证500ETF南方,9月,9.332,7.74,2026-09-23,202609,rule_fourth_wednesday,medium,30.0,22.0,2694472.5122640003,-1512884.9636640002,1181587.5486,4207357.475928,8046.0,1396.0,9442.0,1220.0,24.0,1244.0,0.5144,-0.37684999999999996,0.1184,702317.6426448001,-748024.1879155618,-45706.54527076171,1450341.830560362,382548.3668640001,799039.1817360001,1282.3969550787497,0.3775434286905071,0.40515089630133877,0.08441005764134166,-0.01644761318165283,0.5203211972784372,False
中证500ETF南方,9月,9.578,7.74,2026-09-23,202609,rule_fourth_wednesday,medium,30.0,22.0,3903309.6317999996,-1512645.3332640002,2390664.2985359994,5415954.965064,14479.0,1534.0,16013.0,1145.0,1.0,1146.0,0.4977,-0.40865,0.1048,821434.2519981327,-753906.8048748325,67527.44712330017,1575341.0568729653,307687.8299039999,2082976.4686319996,233.15269211204986,0.3544242337997538,0.44637305699481866,0.03986596872348416,-0.07273961284230405,0.6029100010452337,False
中证500ETF南方,9月,9.823,7.74,2026-09-23,202609,rule_fourth_wednesday,medium,30.0,22.0,3489672.8149920003,-853897.769208,2635775.0457840003,4343570.5842,16003.0,967.0,16970.0,2228.0,33.0,2261.0,0.5345,-0.41545,0.09190000000000001,310660.7645232,-444289.49976751616,-133628.73524431617,754950.2642907161,456705.5886000001,2179069.4571840004,747.9944626575266,0.30466524625398433,0.4499078341013826,0.08667502945576194,-0.10199207562816971,0.6026010522007673,False
中证500ETF南方,9月,10.314,7.74,2026-09-23,202609,rule_fourth_wednesday,medium,30.0,22.0,2635897.257288,-972946.1519279999,1662951.1053600002,3608843.409216,16858.0,1291.0,18149.0,1279.0,10.0,1289.0,0.66575,-0.40445,0.07595,101080.35855590402,-507731.51041842223,-406651.1518625182,608811.8689743263,192446.575164,1470504.530196,663.0254132873763,0.2800985791362341,0.43404411764705875,0.04180747849697096,-0.03358787073926516,0.5640525832567607,False
中证500ETF南方,12月,6.25,7.74,2026-12-23,202612,rule_fourth_wednesday,medium,121.0,87.0,2581304.65956,-7648229.55996,-5066924.9004,10229534.21952,3561.0,10551.0,14112.0,108.0,7005.0,7113.0,0.0001,0.3718,0.121,1117959.6438102943,-4997476.923615497,-3879517.279805202,6115436.567425791,-4999510.8781200005,-67414.02228000015,161.15654784717626,0.5432574293397374,0.5065796421794846,0.3471233357103624,0.17105798823399665,0.7059701096527551,False
中证500ETF南方,12月,6.5,7.74,2026-12-23,202612,rule_fourth_wednesday,medium,121.0,87.0,574897.29264,-7656586.67016,-7081689.377520001,8231483.9628,660.0,8790.0,9450.0,82.0,3552.0,3634.0,0.0001,0.33130000000000004,0.1454,257790.94431528565,-2964784.8586490764,-2706993.9143337905,3222575.8029643623,-3022566.0688799997,-4059123.308640001,262.59205473412226,0.41781617591139564,0.4197732899932705,0.26416899369117797,0.1023884182068522,0.6321786290254884,False
中证500ETF南方,12月,6.75,7.74,2026-12-23,202612,rule_fourth_wednesday,medium,121.0,87.0,404786.66706,-3931780.7187,-3526994.05164,4336567.38576,401.0,3895.0,4296.0,44.0,1075.0,1119.0,0.0001,0.2855,0.1685,167729.87414167263,-2165365.638992269,-1997635.7648505964,2333095.5131339417,-1040735.7948599999,-2486258.2567800004,243.24252247318003,0.4825500922209252,0.2741840572907603,0.19286027549867307,-0.01074042266375762,0.4635590038271137,False
中证500ETF南方,12月,6.876,7.74,2026-12-23,202612,rule_fourth_wednesday,medium,121.0,87.0,1667070.351936,-5938392.3705360005,-4271322.0186,7605462.722472001,1552.0,5198.0,6750.0,21.0,863.0,884.0,0.17515,0.2685,0.185,694119.8386978711,-3121502.2580734342,-2427382.419375563,3815622.0967713054,-963366.926688,-3307955.0919120004,164.46069644266544,0.4710093739560356,0.27569258266309193,0.08977816110875317,0.005305355465079863,0.5452408957095576,False
中证500ETF南方,12月,7.0,7.74,2026-12-23,202612,rule_fourth_wednesday,medium,121.0,87.0,1396807.398828,-8441148.58128,-7044341.182452001,9837955.980108,1233.0,6907.0,8140.0,138.0,1205.0,1343.0,0.17404999999999998,0.24259999999999998,0.19655,529313.4873347328,-4974800.83899685,-4445487.351662117,5504114.326331583,-1316314.948392,-5728026.234060001,216.4104609725711,0.48414819785609575,0.2811408614668218,0.14319141658538165,0.05505934526120149,0.5931008456435094,False
中证500ETF南方,12月,7.122,7.74,2026-12-23,202612,rule_fourth_wednesday,medium,121.0,87.0,1858975.961472,-6221725.364736,-4362749.403264,8080701.326208,1568.0,4844.0,6412.0,123.0,219.0,342.0,0.17504999999999998,0.21525000000000002,0.20615,639130.2450660726,-1401150.420800742,-762020.1757346694,2040280.6658668146,-135462.46604400003,-4227286.937220001,362.7820058929087,0.2845052847512859,0.3132269857095381,0.06182722366403209,0.004024475201027998,0.5185097262901015,False
中证500ETF南方,12月,7.25,7.74,2026-12-23,202612,rule_fourth_wednesday,medium,121.0,87.0,2169360.232452,-10079315.313444002,-7909955.080992002,12248675.545896001,1757.0,7481.0,9238.0,196.0,1291.0,1487.0,0.17509999999999998,0.18615,0.2155,722155.3242595597,-4415654.808640961,-3693499.484381401,5137810.13290052,-1497392.2592280004,-6412562.821764002,339.16897056442014,0.3854896829133037,0.3315577310682407,0.1420621484120995,0.07576819183929338,0.6303253652854214,False
中证500ETF南方,12月,7.367,7.74,2026-12-23,202612,rule_fourth_wednesday,medium,121.0,87.0,2190272.7774600005,-5312963.017296,-3122690.239836,7503235.794756001,1093.0,3803.0,4896.0,37.0,282.0,319.0,0.2092,0.30655,0.28385,598196.7476264711,-2881903.303481691,-2283706.55585522,3480100.051108162,-319822.11428399995,-2802868.1255519995,267.2860538079086,0.40777191082473224,0.3455863647926737,0.0540018846776477,0.024983838350141955,0.48519119766819413,True
中证500ETF南方,12月,7.5,7.74,2026-12-23,202612,rule_fourth_wednesday,medium,121.0,87.0,9724975.039116,-4671401.745528,5053573.293588,14396376.784644,2889.0,3286.0,6175.0,460.0,909.0,1369.0,0.24120000000000003,0.18914999999999998,0.39959999999999996,4592491.740521167,-2583922.7214954193,2008569.0190257481,7176414.462016586,256214.6209079998,4797358.67268,218.1048490389993,0.5126866736687862,0.3855526544821585,0.21792638224996402,0.0415015632361129,0.6067189471905758,True
中证500ETF南方,12月,7.613,7.74,2026-12-23,202612,rule_fourth_wednesday,medium,121.0,87.0,11465376.486984,-4421455.256808001,7043921.230175999,15886831.743792001,3306.0,3046.0,6352.0,385.0,170.0,555.0,0.24824999999999997,0.13375,0.41059999999999997,5750860.616080012,-1324441.6247354825,4426418.99134453,7075302.240815494,1088434.2259799999,5955487.004195999,250.69117823316944,0.4005668900741117,0.3956419777213211,0.08613291498495146,0.026805258279614438,0.5860754775261913,True
中证500ETF南方,12月,7.75,7.74,2026-12-23,202612,rule_fourth_wednesday,medium,121.0,87.0,10560326.01444,-6817662.206496,3742663.807944,17377988.220936,3085.0,4728.0,7813.0,1015.0,719.0,1734.0,0.25895,0.07344999999999999,0.40605,4531197.887075184,-3460667.8122357707,1070530.0748394132,7991865.699310955,2437686.3728520004,1304977.4350919994,243.17888474826222,0.46834037951926205,0.43472409152086144,0.24054205162801284,-0.011827659450423899,0.6400087816752065,True
中证500ETF南方,12月,7.859,7.74,2026-12-23,202612,rule_fourth_wednesday,medium,121.0,87.0,10316436.184080001,-3696653.5729920003,6619782.611088,14013089.757072002,3095.0,2584.0,5679.0,356.0,287.0,643.0,0.26565,0.029899999999999982,0.3976,2396345.155346535,-1273680.957868775,1122664.1974777603,3670026.11321531,776059.8245280001,5843722.786560001,272.39077238850496,0.2884169620179848,0.45788043478260865,0.11304617204419393,-0.03732878218617108,0.5714699725389869,True
中证500ETF南方,12月,8.0,7.74,2026-12-23,202612,rule_fourth_wednesday,medium,121.0,87.0,16439772.901032,-3547759.223952,12892013.677080002,19987532.124984,5239.0,2482.0,7721.0,1318.0,418.0,1736.0,0.27105,-0.02210000000000001,0.38120000000000004,9597646.026980013,-1444563.5134016771,8153082.513578336,11042209.54038169,3538344.1455360004,9353669.531544002,193.96591058561714,0.4954913979000094,0.4676118801236393,0.20999364925459107,-0.005800550981273874,0.6452638090038839,True
中证500ETF南方,12月,8.104,7.74,2026-12-23,202612,rule_fourth_wednesday,medium,121.0,87.0,6406981.230672001,-3282889.752072,3124091.478600001,9689870.982744,2151.0,2627.0,4778.0,563.0,28.0,591.0,0.3004,-0.05125000000000002,0.3529,1710758.0092691104,-1179773.5250500736,530984.4842190368,2890531.534319184,1641964.274928,1482127.2036720011,364.1086231407106,0.3131925558961688,0.4199333703498057,0.13619863602184304,-0.005005612690707109,0.5237036870230313,True
中证500ETF南方,12月,8.25,7.74,2026-12-23,202612,rule_fourth_wednesday,medium,121.0,87.0,15880347.944244001,-1290796.707096,14589551.237148002,17171144.65134,5817.0,1027.0,6844.0,990.0,95.0,1085.0,0.3014,-0.09649999999999997,0.33275,7130211.68459995,-530413.7244338796,6599797.960166071,7660625.409033829,2583287.6011200002,12006263.636028001,161.84676538690118,0.4299577902715972,0.433693216541047,0.13134662714245038,0.0009066809490855133,0.6127427812094897,False
中证500ETF南方,12月,8.35,7.74,2026-12-23,202612,rule_fourth_wednesday,medium,121.0,87.0,8870757.9624,-2686139.365104,6184618.597296,11556897.327504002,3480.0,2116.0,5596.0,582.0,16.0,598.0,0.29995000000000005,-0.1259,0.3187,2057142.4037864322,-1039917.5683286679,1017224.8354577643,3097059.9721151004,1463246.7244560001,4721371.87284,344.2984464579873,0.3095218060302727,0.4484945299641786,0.08740140799165634,-0.0008167309449105217,0.551481415253777,False
中证500ETF南方,12月,8.5,7.74,2026-12-23,202612,rule_fourth_wednesday,medium,121.0,87.0,10842805.924416002,-1067866.149672,9774939.774744002,11910672.074088002,4773.0,846.0,5619.0,1532.0,31.0,1563.0,0.301,-0.16555,0.29495,2259519.900410881,-444516.4003329997,1815003.5000778812,2704036.3007438807,3441108.719052001,6333831.055692,376.37347134316667,0.31232744087901715,0.45804444444444453,0.17880758046517573,0.008561108366681926,0.5892633577871667,False
中证500ETF南方,12月,8.595,7.74,2026-12-23,202612,rule_fourth_wednesday,medium,121.0,87.0,7810453.350000001,-2972924.235216,4837529.114784,10783377.585216,3725.0,2447.0,6172.0,822.0,5.0,827.0,0.3094,-0.1848,0.2764,2251507.3308,-1219231.1109356708,1032276.2198643293,3470738.441735671,1717467.02136,3120062.093424001,460.74697353343447,0.3491900948146528,0.44271564176640515,0.11135722964429803,0.014765525223589513,0.5646918983661074,False
中证500ETF南方,12月,8.75,7.74,2026-12-23,202612,rule_fourth_wednesday,medium,121.0,87.0,6718478.584860001,-930928.1594400001,5787550.425420001,7649406.7443,3683.0,801.0,4484.0,2636.0,42.0,2678.0,0.3202,-0.2122,0.24925,4574700.553868702,-390536.0123835208,4184164.541485181,4965236.566252222,4759742.690640001,1027807.7347799998,89.79909725674491,0.5502128421554752,0.4332089552238805,0.38407766832323026,0.11444778111444778,0.5549914914691861,False
中证500ETF南方,12月,8.841,7.74,2026-12-23,202612,rule_fourth_wednesday,medium,121.0,87.0,5982704.824104002,-910481.6955600001,5072223.128544002,6893186.519664002,3559.0,842.0,4401.0,942.0,1.0,943.0,0.3368,-0.22355,0.23055,1431097.5106080004,-391581.9933652777,1039515.5172427227,1822679.5039732782,1582427.5029720007,3489795.6255720006,440.27389270749643,0.33464399715989446,0.4012531671574335,0.13293436932496586,0.009023101749617802,0.5071282279015485,False
中证500ETF南方,12月,9.0,7.74,2026-12-23,202612,rule_fourth_wednesday,medium,121.0,87.0,5690555.8274880005,-626675.43132,5063880.396168001,6317231.258808,3948.0,591.0,4539.0,2813.0,53.0,2866.0,0.3377,-0.25205,0.20879999999999999,2548757.3026039517,-303323.2358556044,2245434.066748347,2852080.538459556,3998393.7763680005,1065486.6198,232.68601767706,0.46595608765274515,0.41208092117819195,0.4010955878193161,0.09407093732906391,0.5425312011346035,False
中证500ETF南方,12月,9.086,7.74,2026-12-23,202612,rule_fourth_wednesday,medium,121.0,87.0,2747765.714148,-565350.417504,2182415.296644,3313116.131652,2067.0,514.0,2581.0,958.0,0.0,958.0,0.3242,-0.2728,0.20274999999999999,1026066.9645768028,-252599.26991021595,773467.6946665868,1278666.2344870188,1273516.958952,908898.337692,278.23097424355245,0.4101099472621489,0.4468763817825786,0.23173681664247703,0.05061267980820458,0.4005228850190337,False
中证500ETF南方,12月,9.25,7.74,2026-12-23,202612,rule_fourth_wednesday,medium,121.0,87.0,6167861.8425,-515301.21216,5652560.630340001,6683163.05466,5491.0,560.0,6051.0,4150.0,6.0,4156.0,0.37765,-0.2699,0.17054999999999998,3098196.4185000006,-237314.6118144,2860881.8066856004,3335511.030314401,4656039.040584,996521.5897560003,376.21259306987423,0.48142429495017824,0.36732081911262804,0.3832482373754455,0.17573221757322174,0.5864534488318618,False
中证500ETF南方,12月,9.332,7.74,2026-12-23,202612,rule_fourth_wednesday,medium,121.0,87.0,3084438.63816,-1117156.325724,1967282.312436,4201594.963884,2959.0,1181.0,4140.0,823.0,11.0,834.0,0.36565000000000003,-0.2857,0.16595,754414.0104960002,-518559.75641553005,235854.25408047013,1272973.7669115302,847483.4624760001,1119798.84996,391.01454791995,0.35438273210608146,0.3951574490605981,0.1437243227295763,0.001370858160651493,0.44230808269634725,False
中证500ETF南方,12月,9.578,7.74,2026-12-23,202612,rule_fourth_wednesday,medium,121.0,87.0,8432971.193880001,-2054690.4962159998,6378280.697664001,10487661.690096,10305.0,2099.0,12404.0,9751.0,0.0,9751.0,0.2485,-0.40430000000000005,0.15,3673728.885748115,-968600.7205102716,2705128.165237843,4642329.606258387,7979612.043816001,-1601331.3461520001,350.6393020374376,0.45352414105192096,0.42644721906923955,0.4731198447355653,-0.005707981580966999,0.7070588320178057,False
中证500ETF南方,12月,9.823,7.74,2026-12-23,202612,rule_fourth_wednesday,medium,121.0,87.0,7888599.81882,-3397213.821456,4491385.9973639995,11285813.640276,12295.0,4039.0,16334.0,3337.0,1.0,3338.0,0.3888,-0.32695,0.12375,4024928.776255931,-1633122.6517564643,2391806.1244994663,5658051.428012395,2140212.788748,2351173.208616,96.30129051408657,0.4954725315259688,0.4046489563567363,0.1358293643885496,0.025517182424346044,0.7017847444165993,False
中证500ETF南方,12月,10.314,7.74,2026-12-23,202612,rule_fourth_wednesday,medium,121.0,87.0,4280296.177080001,-1091194.1691120001,3189102.0079680006,5371490.346192,10310.0,1541.0,11851.0,81258.0,4.0,81262.0,0.4531,-0.33294999999999997,0.09375,3081813.2474976024,-542106.3365651781,2539706.9109324245,3623919.5840627803,4277463.745752001,-1088361.737784,198.4816478204014,0.6084004918237136,0.3768648948719727,3.942035006933032,0.23673608321677986,0.6922660754996257,False
中证500ETF南方,3月,6.25,7.74,2027-03-24,202703,rule_fourth_wednesday,medium,212.0,152.0,2069835.137496,-2250330.745536,-180495.60804000008,4320165.883032,3226.0,3336.0,6562.0,497.0,449.0,946.0,0.17925000000000002,0.33275,0.10985,1051765.7976497076,-1142199.9034361232,-90434.10578641552,2193965.701085831,16003.117188000004,-196498.72522799997,145.67805453083278,0.5078548395407421,0.08682328907048009,0.14432654124685373,0.11408997565715116,0.48898410105717105,False
中证500ETF南方,3月,6.5,7.74,2027-03-24,202703,rule_fourth_wednesday,medium,212.0,152.0,1700982.846144,-2346622.6273200004,-645639.7811760004,4047605.4734640005,2382.0,3065.0,5447.0,114.0,169.0,283.0,0.18230000000000002,0.2959,0.1235,589766.1340445301,-521080.3785168002,68685.75552772993,1110846.5125613303,-47982.393144000016,-597657.3880320003,569.6408181015433,0.2843881327111536,0.19561961812055417,0.05149880219098377,0.033425958537764054,0.4261953456370193,False
中证500ETF南方,3月,6.75,7.74,2027-03-24,202703,rule_fourth_wednesday,medium,212.0,152.0,2618776.86336,-1408505.5558800003,1210271.3074799995,4027282.41924,3360.0,1635.0,4995.0,537.0,312.0,849.0,0.1795,0.259,0.13695000000000002,883094.1940297318,-621753.6482080789,261340.54582165286,1504847.8422378106,149757.61755599984,1060513.6899239996,351.009166828628,0.38932208986606226,0.1987915407854985,0.17532355832241153,0.0016586514940641964,0.45223032878636,False
中证500ETF南方,3月,7.0,7.74,2027-03-24,202703,rule_fourth_wednesday,medium,212.0,152.0,1005127.915572,-1734813.8660160003,-729685.9504440003,2739941.7815880002,1201.0,1848.0,3049.0,334.0,104.0,438.0,0.18009999999999998,0.21864999999999998,0.1482,319249.4678522104,-386014.86023040005,-66765.39237818966,705264.3280826104,181897.44587999996,-911583.3963240002,627.4545020376281,0.2700657790236427,0.24736842105263163,0.1671893191460219,0.02886541019279652,0.3626242490341721,False
中证500ETF南方,3月,7.25,7.74,2027-03-24,202703,rule_fourth_wednesday,medium,212.0,152.0,716316.3713519999,-1274645.01906,-558328.6477080001,1990961.390412,809.0,1295.0,2104.0,210.0,224.0,434.0,0.18419999999999997,0.1763,0.15605,217639.7578224,-493573.69705510064,-275933.9392327006,711213.4548775007,-34537.929552000074,-523790.718156,471.1788130299735,0.345528163003612,0.32149567831642245,0.21627635051615274,0.02316275732788684,0.3112721816700389,False
中证500ETF南方,3月,7.5,7.74,2027-03-24,202703,rule_fourth_wednesday,medium,212.0,152.0,4698390.718404,-1440933.53976,3257457.1786439996,6139324.258164,1493.0,1430.0,2923.0,366.0,226.0,592.0,0.22595000000000004,0.2442,0.34675,1400391.07146,-379277.89116480004,1021113.1802952,1779668.9626248,924054.3614159998,2333402.8172279997,577.9003231193053,0.2806371926800594,0.38309731846941847,0.20159298170014847,0.15721109622460405,0.46072841687169674,True
中证500ETF南方,3月,7.75,7.74,2027-03-24,202703,rule_fourth_wednesday,medium,212.0,152.0,7301538.2880000025,-1907664.066144,5393874.221856003,9209202.354144003,2216.0,1882.0,4098.0,98.0,99.0,197.0,0.25225,0.10975000000000001,0.35960000000000003,1589468.4432000006,-482279.03525518754,1107189.407944813,2071747.4784551882,222551.9413920001,5171322.280464003,633.8499947642657,0.23525041605850477,0.42978118432439105,0.04841371994613611,-0.0010890436751491814,0.48205246985859923,True
中证500ETF南方,3月,8.0,7.74,2027-03-24,202703,rule_fourth_wednesday,medium,212.0,152.0,8636948.184816001,-1779022.0803600003,6857926.104456001,10415970.265176002,2884.0,1790.0,4674.0,215.0,92.0,307.0,0.269,0.023400000000000004,0.3329,1409144.2507728003,-622796.0429203291,786348.2078524712,2031940.2936931294,552442.126932,6305483.977524001,337.61509698719277,0.2566153879281139,0.4762489762489763,0.06297294260764456,0.027605135732648656,0.5052670174678067,True
中证500ETF南方,3月,8.25,7.74,2027-03-24,202703,rule_fourth_wednesday,medium,212.0,152.0,3887966.097288,-952833.37338,2935132.7239079997,4840799.470668,1477.0,1015.0,2492.0,219.0,165.0,384.0,0.2889,-0.04445000000000002,0.29805000000000004,1008186.1985520001,-380832.88641044754,627353.3121415526,1389019.0849624476,421588.35255600006,2513544.3713519997,579.6758852260849,0.32949703733877317,0.46621050853184653,0.15541755188756334,0.11366213151927437,0.41140656224730104,False
中证500ETF南方,3月,8.5,7.74,2027-03-24,202703,rule_fourth_wednesday,medium,212.0,152.0,5974841.352528,-2278928.836548,3695912.51598,8253770.189076001,2661.0,2459.0,5120.0,116.0,69.0,185.0,0.2977,-0.10155,0.26475000000000004,1299151.9002528002,-876079.7340918635,423072.1661609367,2175231.6343446635,196511.9049,3499400.61108,550.3752924483213,0.30093157890568134,0.4600859004739336,0.03582641070795163,0.013229782715652706,0.48565164250799,False
中证500ETF南方,3月,8.75,7.74,2027-03-24,202703,rule_fourth_wednesday,medium,212.0,152.0,5767316.63352,-2140028.8724160003,3627287.7611039993,7907345.5059360005,3035.0,2467.0,5502.0,123.0,2.0,125.0,0.3159,-0.14584999999999998,0.23099999999999998,1246956.5650464,-862700.6177653869,384255.9472810131,2109657.182811787,231998.17175999997,3395289.5893439986,523.8371376044585,0.30966828202955865,0.42452112140048204,0.020668942061571893,0.0018187830687830687,0.48140256134144344,False
中证500ETF南方,3月,9.0,7.74,2027-03-24,202703,rule_fourth_wednesday,medium,212.0,152.0,2851805.44584,-912230.99748,1939574.4483600003,3764036.44332,1795.0,1090.0,2885.0,296.0,32.0,328.0,0.32615,-0.18464999999999998,0.20245,568348.6730688001,-400483.8635976008,167864.80947119935,968832.536666401,443488.77388800005,1496085.6744720004,510.60731665302876,0.3191550913288159,0.4167605951307485,0.09713015256446296,0.005662443943871541,0.38592458686845105,False
中证500ETF南方,3月,9.25,7.74,2027-03-24,202703,rule_fourth_wednesday,medium,212.0,152.0,2254308.6101760003,-817487.12808,1436821.482096,3071795.7382560004,1712.0,1026.0,2738.0,487.0,42.0,529.0,0.3395,-0.21465,0.1764,784786.2193834923,-378202.75969409867,406583.4596893936,1162988.9790775909,607802.1410160001,829019.3410800002,324.6196579913826,0.40538393147430385,0.40517068273092366,0.1626991446685249,0.032906580951756206,0.3760812163536466,False
中证500ETF嘉实,8月,2.75,3.142,2026-08-26,202608,rule_fourth_wednesday,medium,2.0,2.0,431.01868024,-100768.53448376001,-100337.51580352001,101199.55316400001,118.0,2158.0,2276.0,34.0,3155.0,3189.0,0.26165,0.49885,0.025500000000000002,227.42681145082756,-55157.51361216338,-54930.08680071255,55384.94042361421,-100644.34266064002,306.82685712,7260.110074180425,0.5375089841117573,0.7232876712328766,0.8750687233942289,0.17526935207332303,0.19367610808705338,False
中证500ETF嘉实,8月,2.8,3.142,2026-08-26,202608,rule_fourth_wednesday,medium,2.0,2.0,8580.8849488,-301138.12133664003,-292557.23638784,309719.00628544006,424.0,3252.0,3676.0,20.0,1613.0,1633.0,0.24625,0.4974,0.05715,3524.2301407383025,-69784.03697395201,-66259.8068332137,73308.26711469032,-148960.49026616,-143596.74612168001,7907.878310007227,0.32122069515217727,0.6982016698779705,0.2715861356726775,0.15102223321568217,0.24355574723317483,False
中证500ETF嘉实,8月,2.85,3.142,2026-08-26,202608,rule_fourth_wednesday,medium,2.0,2.0,51419.95596712,-733803.8734183998,-682383.9174512798,785223.8293855198,598.0,3548.0,4146.0,154.0,3582.0,3736.0,0.23695,0.493,0.1483,23741.641704298912,-316100.1300879261,-292358.4883836272,339841.771792225,-720561.9449586398,38178.02750735999,8150.806032241288,0.4462448063139919,0.38048873615883927,0.6335539735985792,0.17001842835440803,0.35129278402478986,False
中证500ETF嘉实,8月,2.9,3.142,2026-08-26,202608,rule_fourth_wednesday,medium,2.0,2.0,253173.91637772,-1150754.1276285597,-897580.2112508398,1403928.0440062797,897.0,2886.0,3783.0,268.0,2263.0,2531.0,0.22099999999999997,0.48310000000000003,0.3449,127249.48383995029,-467159.92235953594,-339910.43851958564,594409.4061994862,-826699.4558337998,-70880.75541703988,3771.9215091477868,0.4542883427681904,0.378969167050161,0.541451987104161,0.16732492090713103,0.37814064383845736,False
中证500ETF嘉实,8月,2.95,3.142,2026-08-26,202608,rule_fourth_wednesday,medium,2.0,2.0,849451.14115312,-4254405.22565604,-3404954.08450292,5103856.3668091595,1171.0,5733.0,6904.0,915.0,8461.0,9376.0,0.2023,0.46055,0.74325,610912.2411117788,-2269016.120349888,-1658103.8792381096,2879928.361461667,-3590658.17684724,185704.09234431997,328.6257079360523,0.626259003126697,0.9134161664107218,1.1286125258310205,0.1035861858885897,0.601357752995255,False
中证500ETF嘉实,8月,3.0,3.142,2026-08-26,202608,rule_fourth_wednesday,medium,2.0,2.0,3345658.214818239,-9663539.11216704,-6317880.897348801,13009197.32698528,2264.0,7118.0,9382.0,2131.0,11106.0,13237.0,0.1807,0.41440000000000005,1.4360499999999998,2497222.9224987053,-6242953.045479336,-3745730.1229806305,8740175.967978042,-6514423.53982708,196542.64247827986,302.53934848813856,0.6962194046017154,0.45876970005083917,1.250762077825887,0.40079632301854523,0.7131118790347868,True
中证500ETF嘉实,8月,3.1,3.142,2026-08-26,202608,rule_fourth_wednesday,medium,2.0,2.0,47588313.23222912,-47275459.71515205,312853.51707707345,94863772.94738117,9712.0,11153.0,20865.0,21109.0,26557.0,47666.0,0.2498,0.23525,4.628550000000001,36703999.6156258,-32872954.5348925,3831045.0807332993,69576954.1505183,312853.51707707345,0.0,97.31159448896584,0.7333155123852095,0.15900383141762447,2.2773248790486553,0.38403212614179316,0.8837040321440723,True
中证500ETF嘉实,8月,3.2,3.142,2026-08-26,202608,rule_fourth_wednesday,medium,2.0,2.0,58613807.40233185,-28333988.907709442,30279818.49462241,86947796.3100413,13953.0,7584.0,21537.0,21998.0,18782.0,40780.0,0.2645,-0.272,4.0198,32823732.14530584,-24853879.856420193,7969852.288885646,57677612.00172603,30279818.49462241,0.0,363.9156848857274,0.7185877318116981,0.3616262482168331,2.0265540247231435,0.07595185783820846,0.8816733761015549,True
中证500ETF嘉实,8月,3.3,3.142,2026-08-26,202608,rule_fourth_wednesday,medium,2.0,2.0,13868088.82368504,-7646789.57734596,6221299.246339081,21514878.401031002,14973.0,4899.0,19872.0,9163.0,4021.0,13184.0,0.3797,-0.4183,1.25965,4781540.676703,-3628470.0144065265,1153070.662296474,8410010.691109527,2210499.440825399,4010799.8055136804,1353.0712948783394,0.4096481117355346,0.4793939393939393,0.7163739802066255,0.13690133748007427,0.8001124416755486,False
中证500ETF嘉实,8月,3.4,3.142,2026-08-26,202608,rule_fourth_wednesday,medium,2.0,2.0,3423961.85034688,-1943949.92688736,1480011.92345952,5367911.7772342395,12784.0,2212.0,14996.0,991.0,1387.0,2378.0,0.4999,-0.45105,0.58075,346446.55380019394,-1167024.0210505368,-820577.4672503428,1513470.5748507306,-953502.0714452399,2433513.99490476,4156.5483008781985,0.35075970489845676,0.47610921501706516,0.3522765657569249,0.0660091663403437,0.6259633432363535,False
中证500ETF嘉实,8月,3.5,3.142,2026-08-26,202608,rule_fourth_wednesday,medium,2.0,2.0,1320603.91947544,-364269.0305704,956334.88890504,1684872.9500458399,9494.0,590.0,10084.0,20452.0,474.0,20926.0,0.6443000000000001,-0.458,0.38315,558142.0338915067,-262395.4611570444,295746.57273446233,820537.4950485511,1027953.8847459999,-71618.99584096001,5125.638547563165,0.571487882768144,0.4788751714677641,1.4787962424082293,0.09471179078205084,0.5290347986480339,False
中证500ETF嘉实,8月,3.6,3.142,2026-08-26,202608,rule_fourth_wednesday,medium,2.0,2.0,333671.44291208003,-265894.10097008,67777.34194200003,599565.54388216,4459.0,451.0,4910.0,760.0,49.0,809.0,0.94545,-0.42625,0.33649999999999997,89482.91353089601,-127840.30004278681,-38357.3865118908,217323.21357368282,27982.846301280002,39794.49564072001,6101.66558511789,0.3744853825468346,0.745352929000207,0.13954462660286454,0.0960885846351881,0.27773380238465273,False
中证500ETF嘉实,8月,3.7,3.142,2026-08-26,202608,rule_fourth_wednesday,medium,2.0,2.0,167570.90150912,-197470.62589427998,-29899.724385159963,365041.5274034,4768.0,531.0,5299.0,511.0,133.0,644.0,0.8728,-0.4684,0.20615,11610.019516835018,-110156.92893158783,-98546.90941475281,121766.94844842285,-31501.581715799995,1601.8573306400212,3422.301304863581,0.31356189566257076,0.7854815864022663,0.178821814292395,0.059468925679826284,0.24177598615127355,False
中证500ETF嘉实,8月,3.8,3.142,2026-08-26,202608,rule_fourth_wednesday,medium,2.0,2.0,106566.95000916,-120250.46036464,-13683.51035548,226817.41037380003,3897.0,284.0,4181.0,312.0,121.0,433.0,1.22925,-0.43315,0.2283,10517.230940088002,-77528.33245658409,-67011.10151649608,88045.56339667209,-42701.551773800005,29018.04141831999,3411.8950496046737,0.37170754508894616,0.7550545454545454,0.25305896193171346,0.07429043644832824,0.18714605548662355,False
中证500ETF嘉实,8月,3.9,3.142,2026-08-26,202608,rule_fourth_wednesday,medium,2.0,2.0,57429.14219392,-136853.46577984,-79424.32358591998,194282.60797376,2597.0,368.0,2965.0,348.0,114.0,462.0,1.3640999999999999,-0.43605,0.19954999999999998,14564.048151296001,-83562.94080076876,-68998.89264947276,98126.98895206476,-34699.27435703999,-44725.04922888,141.6393442622955,0.4321009380580859,0.7593001141118296,0.22189168940751033,0.01919137366921626,0.16558228619393373,False
中证500ETF嘉实,8月,4.0,3.142,2026-08-26,202608,rule_fourth_wednesday,medium,2.0,2.0,74194.54470692002,-148640.03982272,-74445.49511579997,222834.58452964,4019.0,556.0,4575.0,388.0,84.0,472.0,1.28595,-0.46555,0.14475,17704.047866120003,-82714.50766461145,-65010.45979849144,100418.55553073145,-15293.561582239998,-59151.93353355999,129.9454693119863,0.3975459252565298,0.7844827586206897,0.1238102824533108,0.014728483606557378,0.19462002243260562,False
中证500ETF嘉实,8月,4.1,3.142,2026-08-26,202608,rule_fourth_wednesday,medium,2.0,2.0,97555.24382339999,-380363.42209632,-282808.17827292,477918.66591972,6215.0,1272.0,7487.0,1509.0,35.0,1544.0,1.6065999999999998,-0.4418,0.15940000000000001,28985.601487416,-195401.87979336616,-166416.27830595017,224387.48128078214,13220.407142239996,-296028.58541516005,121.60266070778914,0.40542201601055416,0.766552142279709,0.13515770073417427,0.018767854008415664,0.3156131588477286,False
中证500ETF嘉实,9月,2.75,3.142,2026-09-23,202609,rule_fourth_wednesday,medium,30.0,22.0,69936.77909535999,-1373218.0124000001,-1303281.23330464,1443154.7914953602,136.0,2782.0,2918.0,49.0,2547.0,2596.0,0.19244999999999998,0.3857,0.5104500000000001,39793.85378666595,-777531.6366400002,-737737.7828533342,817325.4904266661,-1232022.2752847602,-71258.95801987997,401.84774090413794,0.567604438828434,0.3386486486486486,0.6379112572419334,0.32306324786324786,0.36683514763694636,False
中证500ETF嘉实,9月,2.8,3.142,2026-09-23,202609,rule_fourth_wednesday,medium,30.0,22.0,933835.2399326401,-8176944.429752321,-7243109.1898196805,9110779.669684961,1563.0,13768.0,15331.0,44.0,2225.0,2269.0,0.18425000000000002,0.35875,0.6033999999999999,393968.79365953925,-3961736.1639758577,-3567767.3703163182,4355704.957635397,-1295159.9963116802,-5947949.193508001,189.28313907812097,0.4531916785518586,0.3224242424242425,0.09487880786922154,0.041199484242380714,0.6664203276066069,False
中证500ETF嘉实,9月,2.85,3.142,2026-09-23,202609,rule_fourth_wednesday,medium,30.0,22.0,448210.06662959995,-4457650.7713254,-4009440.7046958003,4905860.837955,660.0,6267.0,6927.0,92.0,1348.0,1440.0,0.17980000000000002,0.3251,0.7041999999999999,203648.26617119214,-2155302.369919061,-1951654.1037478691,2358950.6360902535,-896340.3661740801,-3113100.33852172,252.45640435513909,0.4689326527463601,0.2030438010393466,0.17724444057617827,0.061709893956015255,0.5266596496131334,False
中证500ETF嘉实,9月,2.9,3.142,2026-09-23,202609,rule_fourth_wednesday,medium,30.0,22.0,1214749.9371503599,-3330572.9558964,-2115823.01874604,4545322.89304676,1607.0,3985.0,5592.0,402.0,1149.0,1551.0,0.1768,0.28559999999999997,0.80615,732128.7480104008,-1569456.1944103604,-837327.4463999596,2301584.942420761,-656431.7752848,-1459391.24346124,213.41780769890872,0.5369631161492806,0.21003717472118955,0.269243405771019,0.13306746001676667,0.5031919979541861,False
中证500ETF嘉实,9月,2.95,3.142,2026-09-23,202609,rule_fourth_wednesday,medium,30.0,22.0,1067316.1770468,-3660671.4652136,-2593355.2881668,4727987.642260401,1294.0,3820.0,5114.0,729.0,1632.0,2361.0,0.17475,0.24085,0.9031,669053.4510253997,-1940265.1011241823,-1271211.6500987825,2609318.552149582,-962637.57456756,-1630717.7135992402,274.5950413655466,0.578442872529159,0.12400793650793662,0.49529726405399066,0.28010329578529325,0.5161622533247141,False
中证500ETF嘉实,9月,3.0,3.142,2026-09-23,202609,rule_fourth_wednesday,medium,30.0,22.0,4669568.91434712,-4507804.22737296,161764.68697415944,9177373.141720079,3162.0,4188.0,7350.0,2171.0,5139.0,7310.0,0.26205,0.2723,1.2931,3000735.01881574,-3178005.344833112,-177270.32601737184,6178740.363648852,-1301721.3326710002,1463486.0196451596,227.11512378930786,0.6738078722180506,0.04399524375743147,0.9568340646176208,0.5672952809684716,0.6445447435060597,True
中证500ETF嘉实,9月,3.1,3.142,2026-09-23,202609,rule_fourth_wednesday,medium,30.0,22.0,15229907.3495926,-6352636.54176228,8877270.807830319,21582543.89135488,7655.0,5127.0,12782.0,5822.0,5307.0,11129.0,0.272,0.10685,1.6352,10730276.264914699,-4717219.5865320265,6013056.678382672,15447495.851446725,5230449.100213959,3646821.7076163604,124.0243299320419,0.7235569349222088,0.13179487179487193,0.8978284557223658,0.7529177282926752,0.7624912686822424,True
中证500ETF嘉实,9月,3.2,3.142,2026-09-23,202609,rule_fourth_wednesday,medium,30.0,22.0,14742298.661098681,-8445361.8558408,6296936.805257881,23187660.516939484,7573.0,6852.0,14425.0,6526.0,4678.0,11204.0,0.2821,-0.05755000000000002,1.6101999999999999,10710979.147389052,-6544000.935136873,4166978.212252179,17254980.082525924,6938291.51551696,-641354.7102590795,53.79541613324902,0.7507053617497653,0.28026315789473677,0.7722330245196993,0.3736119092611664,0.778928035615583,True
中证500ETF嘉实,9月,3.3,3.142,2026-09-23,202609,rule_fourth_wednesday,medium,30.0,22.0,20833930.5872768,-4514623.91826416,16319306.669012642,25348554.50554096,13459.0,4171.0,17630.0,7383.0,1155.0,8538.0,0.29745,-0.1942,1.3322,11234190.792288173,-2344051.264265001,8890139.528023172,13578242.056553174,10178400.501712801,6140906.167299841,169.97115689130055,0.5292193315163981,0.3962432915921288,0.41273344092750563,0.14340928931245644,0.7945394867649183,False
中证500ETF嘉实,9月,3.4,3.142,2026-09-23,202609,rule_fourth_wednesday,medium,30.0,22.0,9915897.68652,-1894826.137545,8021071.548975001,11810723.824065002,9566.0,2115.0,11681.0,2733.0,451.0,3184.0,0.3189,-0.28885,0.97875,1573892.7807493336,-911740.7314918794,662152.0492574541,2485633.512241213,2428915.1460270006,5592156.4029480005,396.03243079476437,0.31994900276890925,0.46741609644835447,0.24946906127839485,0.0977933436359157,0.6760683544585087,False
中证500ETF嘉实,9月,3.5,3.142,2026-09-23,202609,rule_fourth_wednesday,medium,30.0,22.0,7909901.6037792,-980845.79384916,6929055.8099300405,8890747.39762836,12720.0,1341.0,14061.0,2882.0,103.0,2985.0,0.3463,-0.34615,0.6854,2298846.2459788485,-452907.26587753906,1845938.9801013095,2751753.5118563874,1716827.6640892401,5212228.1458408,668.9875233295667,0.3761903424924915,0.49020592667001506,0.15169033951008118,0.05292476373142458,0.6658276649830128,False
中证500ETF嘉实,9月,3.6,3.142,2026-09-23,202609,rule_fourth_wednesday,medium,30.0,22.0,2346988.72247528,-796013.01869948,1550975.7037758,3143001.7411747603,6602.0,1451.0,8053.0,2105.0,7.0,2112.0,0.4536,-0.34309999999999996,0.4579,768725.903283936,-363125.7886551757,405600.11462876026,1131851.6919391118,744480.2238978399,806495.4798779602,1105.5858710320956,0.3918589128825395,0.3894266567386448,0.16183351702416263,0.06529433982307152,0.5025880025024814,False
中证500ETF嘉实,9月,3.7,3.142,2026-09-23,202609,rule_fourth_wednesday,medium,30.0,22.0,1520009.58823536,-605735.35021724,914274.23801812,2125744.9384526,6756.0,1223.0,7979.0,835.0,20.0,855.0,0.3638,-0.4239,0.3648,104098.09385047544,-288861.4203324694,-184763.32648199395,392959.51418294484,177958.096305,736316.1417131199,747.7066801733349,0.27268121317312266,0.4945528026708837,0.06997353613661966,0.052394676143285704,0.42704611922963254,False
中证500ETF嘉实,9月,3.8,3.142,2026-09-23,202609,rule_fourth_wednesday,medium,30.0,22.0,1171590.5144102399,-572825.60302848,598764.9113817599,1744416.1174387198,7408.0,1286.0,8694.0,1004.0,0.0,1004.0,0.45655,-0.40554999999999997,0.30569999999999997,89549.21498432002,-276070.11701511475,-186520.90203079474,365619.33199943474,158784.67554911997,439980.23583263997,982.8756313131311,0.2791891648668108,0.3,0.0677645788336933,0.019349411104879418,0.42484395523772245,False
中证500ETF嘉实,9月,3.9,3.142,2026-09-23,202609,rule_fourth_wednesday,medium,30.0,22.0,1414256.3019830799,-512350.40463236,901905.8973507199,1926606.7066154398,11581.0,1303.0,12884.0,497.0,0.0,497.0,0.4976,-0.41250000000000003,0.261,118560.94479912268,-252455.38025370848,-133894.43545458582,371016.32505283115,60692.978333959996,841212.9190167598,781.3234071771899,0.2882862029386404,0.3,0.021457559796217943,0.0026039406301536323,0.44548432920742337,False
中证500ETF嘉实,9月,4.0,3.142,2026-09-23,202609,rule_fourth_wednesday,medium,30.0,22.0,1141880.43429552,-259040.64727800002,882839.7870175199,1400921.0815735199,11058.0,735.0,11793.0,545.0,0.0,545.0,0.54035,-0.4171,0.2308,40078.689422774136,-129825.76179693587,-89747.07237416174,169904.45121971,56278.24531479999,826561.54170272,406.5906406706812,0.26813898114063267,0.3,0.02464279254838126,0.012608937511589096,0.4117559018711605,False
中证500ETF嘉实,9月,4.1,3.142,2026-09-23,202609,rule_fourth_wednesday,medium,30.0,22.0,1717893.16674976,-351529.39781496,1366363.7689348,2069422.56456472,19292.0,1098.0,20390.0,1693.0,0.0,1693.0,0.5826499999999999,-0.4204,0.20725,289354.9959697174,-178567.00187694313,110787.99409277426,467921.99784666055,150756.43434104,1215607.33459376,2724.1843255970402,0.3382038561302881,0.3,0.04387829151980095,0.015222732614036961,0.5263106694357644,False
中证500ETF嘉实,12月,2.75,3.142,2026-12-23,202612,rule_fourth_wednesday,medium,121.0,87.0,29481.440796479998,-533239.0151616,-503757.57436512,562720.45595808,69.0,1210.0,1279.0,0.0,623.0,623.0,0.1723,0.29514999999999997,0.4396,9576.35705206048,-216468.598551552,-206892.2414994915,226044.95560361247,-274551.98879807995,-229205.58556704,504.230913452633,0.36538852145206935,0.6487614080834421,0.2574380165289256,0.07564224548049477,0.19267148266148054,False
中证500ETF嘉实,12月,2.8,3.142,2026-12-23,202612,rule_fourth_wednesday,medium,121.0,87.0,1103030.7047496,-1546641.13272832,-443610.42797872005,2649671.83747792,2420.0,3308.0,5728.0,10.0,519.0,529.0,0.17619999999999997,0.26755,0.46765,339391.1182128841,-406390.7111751681,-66999.59296228399,745781.8293880522,-238098.23345496,-205512.19452376035,513.8893172768613,0.2852232954052023,0.4132275132275132,0.08051230675447449,0.0424427253289418,0.40208036229480915,False
中证500ETF嘉实,12月,2.85,3.142,2026-12-23,202612,rule_fourth_wednesday,medium,121.0,87.0,266741.72497111995,-1728329.6236439997,-1461587.8986728797,1995071.3486151197,553.0,3484.0,4037.0,2.0,712.0,714.0,0.17654999999999998,0.2406,0.49554999999999993,74114.494767663,-486948.4381655999,-412833.9433979369,561062.9329332629,-352241.5757259199,-1109346.3229469599,526.6746719272662,0.27979813477216253,0.42468239564428323,0.10398971895287784,0.006859906889424877,0.36515140375341104,False
中证500ETF嘉实,12月,2.9,3.142,2026-12-23,202612,rule_fourth_wednesday,medium,121.0,87.0,1479605.4864676401,-1771841.3839172798,-292235.8974496396,3251446.87038492,2921.0,3341.0,6262.0,26.0,385.0,411.0,0.17325,0.21400000000000002,0.52515,375775.55435436335,-317916.74596795737,57858.80838640599,693692.3003223208,-191008.01117496,-101227.88627467956,551.6901679486892,0.21669870892170448,0.3967479674796749,0.06206801043665984,0.045479794698181406,0.4338507540086757,False
中证500ETF嘉实,12月,2.95,3.142,2026-12-23,202612,rule_fourth_wednesday,medium,121.0,87.0,1505223.4558827202,-1562228.4899111998,-57005.0340284796,3067451.94579392,2851.0,2910.0,5761.0,86.0,34.0,120.0,0.18005,0.1832,0.5393,487695.3010986197,-319746.83456739195,167948.46653122775,807442.1356660116,27152.004979040004,-84157.0390075196,495.9789510278904,0.2643377335341665,0.47,0.020924351617145245,0.018092849641463356,0.38872640107132006,False
中证500ETF嘉实,12月,3.0,3.142,2026-12-23,202612,rule_fourth_wednesday,medium,121.0,87.0,4274607.91823056,-1845542.2217025599,2429065.696528,6120150.1399331195,3676.0,3258.0,6934.0,116.0,427.0,543.0,0.2211,0.272,0.87585,908877.461612896,-465860.62711116794,443016.834501728,1374738.088724064,-106990.76200967998,2536056.458537679,539.4676529878482,0.23252360808015227,0.44316807738814984,0.08130902020038061,0.07099894114774077,0.517167606378298,True
中证500ETF嘉实,12月,3.1,3.142,2026-12-23,202612,rule_fourth_wednesday,medium,121.0,87.0,4648982.194593,-770651.1332185599,3878331.0613744403,5419633.32781156,3231.0,1324.0,4555.0,324.0,167.0,491.0,0.2506,0.12415000000000001,1.02355,1468834.5448112297,-210365.62276346388,1258468.922047766,1679200.1675746934,368988.71473552,3509342.34663892,363.5286032007045,0.29445941384856217,0.48335644937586675,0.1132057410228143,0.09328971600325538,0.47369940467450244,True
中证500ETF嘉实,12月,3.2,3.142,2026-12-23,202612,rule_fourth_wednesday,medium,121.0,87.0,4258713.04313908,-910951.9586672,3347761.0844718795,5169665.00180628,3011.0,1576.0,4587.0,337.0,50.0,387.0,0.26339999999999997,0.01999999999999999,1.0091,1042401.69803836,-263494.6774608658,778907.0205774942,1305896.3754992257,447746.96341636,2900014.1210555197,531.0378599324149,0.2670105906674174,0.4829524845846936,0.07182441875559498,0.06247651841633427,0.4603839998740758,True
中证500ETF嘉实,12月,3.3,3.142,2026-12-23,202612,rule_fourth_wednesday,medium,121.0,87.0,2480461.56441496,-597512.7261,1882948.8383149598,3077974.29051496,1982.0,1125.0,3107.0,229.0,97.0,326.0,0.28665,-0.06579999999999997,0.90285,610729.18437664,-212027.44403844705,398701.74033819296,822756.628415087,235073.30368371998,1647875.53463124,509.1207544864484,0.30053301624841383,0.41694630872483235,0.10088104047538962,0.08751957077939436,0.3703886976606384,False
中证500ETF嘉实,12月,3.4,3.142,2026-12-23,202612,rule_fourth_wednesday,medium,121.0,87.0,1681444.3474886399,-503253.69911456,1178190.64837408,2184698.0466032,1662.0,991.0,2653.0,175.0,90.0,265.0,0.3038,-0.13115000000000002,0.7696,407107.825168128,-197418.8762364568,209688.9489316712,604526.7014045848,131343.21872160002,1046847.42965248,481.64013949391205,0.3172014639888337,0.4072093023255814,0.09805609085864234,0.10841224803981239,0.31735097693538006,False
中证500ETF嘉实,12月,3.5,3.142,2026-12-23,202612,rule_fourth_wednesday,medium,121.0,87.0,1835409.8274595197,-513242.55209303997,1322167.2753664798,2348652.37955256,2207.0,1089.0,3296.0,546.0,100.0,646.0,0.32030000000000003,-0.18620000000000003,0.6599,548710.1967185279,-217240.2639289616,331469.93278956634,765950.4606474895,406940.86713056,915226.4082359198,462.0514805279306,0.3611140172857731,0.39005643121229805,0.16961100896513015,0.10605165409435871,0.36638727949355415,False
中证500ETF嘉实,12月,3.6,3.142,2026-12-23,202612,rule_fourth_wednesday,medium,121.0,87.0,2004206.6542941597,-751943.4811602001,1252263.1731339595,2756150.13545436,3013.0,1687.0,4700.0,1066.0,97.0,1163.0,0.33185,-0.23095,0.56265,684476.81621928,-325815.2382074617,358661.5780118183,1010292.0544267418,665853.0775549199,586410.0955790398,445.3610712577718,0.3874087949338156,0.3921105866486852,0.20564935860825181,0.25272535904088583,0.41898147775291766,False
中证500ETF嘉实,12月,3.7,3.142,2026-12-23,202612,rule_fourth_wednesday,medium,121.0,87.0,1087643.25888772,-662495.4558568799,425147.8030308401,1750138.7147446,2087.0,1646.0,3733.0,359.0,90.0,449.0,0.3554,-0.26175000000000004,0.4678,292366.01257116004,-298410.6399188851,-6044.627347725036,590776.6524900452,150869.47061884,274278.33241200005,419.64809922207473,0.3596205720085467,0.371776401094943,0.11334762846551673,0.08903839758688684,0.3384772579209996,False
中证500ETF嘉实,12月,3.8,3.142,2026-12-23,202612,rule_fourth_wednesday,medium,121.0,87.0,737411.9519171201,-313346.9278338,424065.02408332017,1050758.87975092,1784.0,817.0,2601.0,318.0,0.0,318.0,0.36539999999999995,-0.28915,0.4036,336279.73853050405,-138792.20936807856,197487.5291624255,475071.9478985826,131444.50712424002,292620.5169590801,191.04510558387256,0.44948080641481525,0.3,0.08912556053811659,0.08877887788778878,0.25866598934078244,False
中证500ETF嘉实,12月,3.9,3.142,2026-12-23,202612,rule_fourth_wednesday,medium,121.0,87.0,841235.7237156,-288591.9829956,552643.74072,1129827.7067112,2594.0,810.0,3404.0,2324.0,0.0,2324.0,0.38325,-0.30825,0.3447,753427.8423177736,-131446.25122737268,621981.5910904009,884874.0935451463,753674.5651175999,-201030.82439759996,129.5442059224019,0.6755473646375604,0.3,0.4479568234387047,0.13516160626836435,0.3557337528395617,False
中证500ETF嘉实,12月,4.0,3.142,2026-12-23,202612,rule_fourth_wednesday,medium,121.0,87.0,730346.6415856001,-238589.27489232,491757.36669328006,968935.9164779201,2776.0,718.0,3494.0,1657.0,0.0,1657.0,0.40335,-0.32125,0.30155,320447.48179080006,-110732.11194122078,209715.3698495793,431179.5937320208,435945.38368420006,55811.983009080024,605.7634213706191,0.4514363330283843,0.3,0.29845100864553314,0.09063829787234043,0.32572185284594357,False
中证500ETF嘉实,12月,4.1,3.142,2026-12-23,202612,rule_fourth_wednesday,medium,121.0,87.0,2358883.2979923193,-71014.4245176,2287868.8734747195,2429897.722509919,11176.0,228.0,11404.0,28076.0,0.0,28076.0,0.42160000000000003,-0.3326,0.26465,973990.52304199,-33627.43832290083,940363.0847190892,1007617.9613648908,2358883.2979923193,-71014.4245176,524.9038172807041,0.44321645716783514,0.3,1.256084466714388,0.34743706399757357,0.5765139130599305,False
中证500ETF嘉实,3月,2.75,3.142,2027-03-24,202703,rule_fourth_wednesday,medium,212.0,152.0,194589.23738759998,-300880.75402116,-106291.51663356004,495469.99140875996,543.0,853.0,1396.0,39.0,940.0,979.0,0.17980000000000002,0.26535,0.36014999999999997,64955.59609954069,-230602.03775344376,-165646.44165390305,295557.63385298447,-286904.73144636,180613.21481279997,330.31071453147365,0.550116069258799,0.4550398839738942,0.586908085211117,-0.03098988036013299,0.20195647860327287,False
中证500ETF嘉实,3月,2.8,3.142,2027-03-24,202703,rule_fourth_wednesday,medium,212.0,152.0,364646.54212176,-605048.34632448,-240401.80420272,969694.88844624,971.0,1644.0,2615.0,9.0,639.0,648.0,0.18035,0.24425,0.37660000000000005,100997.9193947426,-215079.229678848,-114081.3102841054,316077.1490735906,-231794.06696784,-8607.737234880042,536.5540872942179,0.3162246486550375,0.4523809523809523,0.19897746322175197,0.24603094271436657,0.2773464937685081,False
中证500ETF嘉实,3月,2.85,3.142,2027-03-24,202703,rule_fourth_wednesday,medium,212.0,152.0,198455.67041820002,-647003.26633496,-448547.59591676,845458.9367531601,507.0,1697.0,2204.0,0.0,316.0,316.0,0.18134999999999998,0.22260000000000002,0.39135,49066.13789556814,-177592.293140144,-128526.15524457586,226658.43103571213,-120479.09968288,-328068.49623388,539.2818010725442,0.26086208613892053,0.7467963386727688,0.09310548025928109,0.10049539985845718,0.2308059282098969,False
中证500ETF嘉实,3月,2.9,3.142,2027-03-24,202703,rule_fourth_wednesday,medium,212.0,152.0,156326.2105482,-366010.08541344,-209683.87486524,522336.29596164,385.0,932.0,1317.0,78.0,257.0,335.0,0.18239999999999998,0.20060000000000003,0.40454999999999997,45851.57829534428,-113573.086589664,-67721.50829431972,159424.6648850083,-69256.38955248,-140427.48531276,543.94451431219,0.3018037352480667,0.44171779141104295,0.239174237779388,0.2538369304556355,0.16885779496707481,False
中证500ETF嘉实,3月,2.95,3.142,2027-03-24,202703,rule_fourth_wednesday,medium,212.0,152.0,113595.63461224,-292879.46382079995,-179283.82920855994,406475.09843303997,271.0,730.0,1001.0,96.0,91.0,187.0,0.18419999999999997,0.17819999999999997,0.4155,38815.334926544005,-73179.74548070399,-34364.410554159986,111995.080407248,3730.8882188800053,-183014.71742744,543.4800433875055,0.2957802153364,0.4323892188213796,0.23945053834099983,0.21099181100506656,0.1284340666035916,False
中证500ETF嘉实,3月,3.0,3.142,2027-03-24,202703,rule_fourth_wednesday,medium,212.0,152.0,582767.56322796,-522043.19141248014,60724.371815479884,1104810.7546404402,1353.0,1286.0,2639.0,101.0,186.0,287.0,0.18689999999999998,0.15565,0.42375,133954.70226452002,-134610.82602828805,-656.1237637680315,268565.5282928081,-32002.49531716003,92726.8671326398,542.1143736032882,0.24385669079368583,0.4184339314845025,0.10964172698421457,0.06422556993928286,0.2636278114065762,True
中证500ETF嘉实,3月,3.1,3.142,2027-03-24,202703,rule_fourth_wednesday,medium,212.0,152.0,2447535.62687724,-539486.91031392,1908048.7165633198,2987022.53719116,1647.0,1278.0,2925.0,36.0,46.0,82.0,0.2329,0.16809999999999997,0.96645,510906.343971096,-140225.7582949425,370680.5856761535,651132.1022660385,34079.894787679994,1873968.82177564,544.8849588880033,0.23433373541535052,0.4290366815221118,0.028925831858180047,0.019219740900678593,0.3380146764928302,True
中证500ETF嘉实,3月,3.2,3.142,2027-03-24,202703,rule_fourth_wednesday,medium,212.0,152.0,1239582.0823110403,-367783.12606784,871798.9562432002,1607365.2083788803,884.0,899.0,1783.0,7.0,25.0,32.0,0.25539999999999996,0.06184999999999999,0.9174,251842.69455097604,-114041.52028989495,137801.1742610811,365884.214840871,-411.866682079999,872210.8229252802,522.4772328385568,0.2566227975850176,0.38588754134509373,0.01786361417160344,0.003416856492027335,0.24383857396999103,True
中证500ETF嘉实,3月,3.3,3.142,2027-03-24,202703,rule_fourth_wednesday,medium,212.0,152.0,1281194.24078744,-362958.9944076,918235.24637984,1644153.23519504,1057.0,890.0,1947.0,96.0,50.0,146.0,0.26725,-0.018600000000000005,0.82045,302783.653120816,-133192.98430643033,169590.66881438566,435976.6374272463,95971.05766631999,822264.1887135201,492.0759375435524,0.3016467544350503,0.387108178175819,0.07350142974073326,0.06904761904761905,0.26230710149041103,False
中证500ETF嘉实,3月,3.4,3.142,2027-03-24,202703,rule_fourth_wednesday,medium,212.0,152.0,1171808.39306972,-312631.68955199997,859176.7035177199,1484440.08262172,1141.0,870.0,2011.0,107.0,52.0,159.0,0.30155,-0.07565000000000002,0.70215,278317.33086931997,-126096.48142694414,152220.84944237582,404413.8122962641,91203.09861924,767973.60489848,467.1240895687747,0.32042486313101076,0.3119642191576594,0.0767737515992223,0.0548444225251076,0.26100000337172163,False
中证500ETF嘉实,3月,3.5,3.142,2027-03-24,202703,rule_fourth_wednesday,medium,212.0,152.0,863266.8397845599,-311654.345316,551612.49446856,1174921.1851005598,1002.0,850.0,1852.0,322.0,61.0,383.0,0.3018,-0.1299,0.62205,283620.203250576,-135778.72481295385,147841.47843762214,419398.92806352983,255051.3058056,296561.18866295996,450.3172022638092,0.38210690018751503,0.34619297948109207,0.19656099565574733,0.12947409322553166,0.26228480925672804,False
中证500ETF嘉实,3月,3.6,3.142,2027-03-24,202703,rule_fourth_wednesday,medium,212.0,152.0,304774.4342244,-58641.44393312,246132.99029128003,363415.87815752,427.0,164.0,591.0,187.0,50.0,237.0,0.31124999999999997,-0.17104999999999998,0.5426,114343.94464344002,-32372.65437726257,81971.29026617744,146716.5990207026,115594.1554924,130538.83479888001,436.52237340541217,0.46360979731008334,0.3540817866304512,0.3714085794253727,0.3906818934127772,0.1144583083737126,False
中证500ETF嘉实,3月,3.7,3.142,2027-03-24,202703,rule_fourth_wednesday,medium,212.0,152.0,274703.62523711997,-47461.4156464,227242.20959071995,322165.04088352,464.0,140.0,604.0,353.0,50.0,403.0,0.3274,-0.20079999999999998,0.47155,185546.27929408426,-28126.22657684104,157420.05271724323,213672.5058709253,192037.38171524,35204.82787548,236.94583576765882,0.6340270752282375,0.34832733573237373,0.5589593596059114,0.4662050774810419,0.12888127044794126,False
深证100ETF易方达,8月,3.1,3.591,2026-08-26,202608,rule_fourth_wednesday,medium,2.0,2.0,41.78071044,-83863.94417226,-83822.16346182,83905.7248827,36.0,2026.0,2062.0,0.0,246.0,246.0,0.28259999999999996,0.4991,0.016499999999999997,11.650431763454442,-20845.943872236003,-20834.29344047255,20857.594303999456,-10182.88759446,-73639.27586736,401.4410705095217,0.26370787584357536,0.6,0.06071076011846002,-0.0004930966469428008,0.09794972770028476,False
深证100ETF易方达,8月,3.2,3.591,2026-08-26,202608,rule_fourth_wednesday,medium,2.0,2.0,3386.8166018400007,-411343.34479875007,-407956.52819691005,414730.1614005901,134.0,4225.0,4359.0,29.0,8628.0,8657.0,0.2428,0.49765,0.047549999999999995,1236.8612123894563,-177194.05622100004,-175957.19500861058,178430.9174333895,-410610.3770267101,2653.8488298000007,5200.855254632629,0.3979839937680641,0.74,1.129274043981277,0.1915583847344353,0.3282439342596739,False
深证100ETF易方达,8月,3.3,3.591,2026-08-26,202608,rule_fourth_wednesday,medium,2.0,2.0,40147.00729011,-846747.2206985402,-806600.2134084302,886894.2279886502,157.0,2571.0,2728.0,59.0,5459.0,5518.0,0.21509999999999999,0.4881,0.22685,17228.907186206226,-369489.69630481757,-352260.78911861137,386718.60349102376,-831660.1287869702,25059.915378539998,4046.8869583898386,0.432754564061814,0.4917531748959266,1.2495472529214884,0.9317567003423228,0.34717835203768244,False
深证100ETF易方达,8月,3.4,3.591,2026-08-26,202608,rule_fourth_wednesday,medium,2.0,2.0,321253.04314845003,-4010298.1511247903,-3689045.10797634,4331551.19427324,261.0,3599.0,3860.0,67.0,3084.0,3151.0,0.1884,0.44205,0.9093,122229.53379118096,-1431867.300408153,-1309637.7666169722,1554096.834199334,-3353976.06076449,-335069.04721185006,1522.1325654178042,0.36876251371186586,0.4467690381993338,0.5568048382958655,1.1925707007629625,0.4956566709154436,False
深证100ETF易方达,8月,3.5,3.591,2026-08-26,202608,rule_fourth_wednesday,medium,2.0,2.0,3164888.8158299997,-9113703.48205758,-5948814.666227581,12278592.29788758,972.0,2846.0,3818.0,1239.0,2166.0,3405.0,0.30095,0.33595,2.50415,2589454.4856790886,-4597200.533675988,-2007746.0479968996,7186655.019355077,-3771260.77733118,-2177553.8888964006,530.3030303030312,0.6613045422602692,0.4035553065998878,1.017879761935747,0.5150457911889635,0.5971766574418343,True
深证100ETF易方达,8月,3.6,3.591,2026-08-26,202608,rule_fourth_wednesday,medium,2.0,2.0,7205894.75750571,-10360911.590966161,-3155016.833460451,17566806.348471873,1161.0,2084.0,3245.0,1302.0,2350.0,3652.0,0.28554999999999997,-0.028100000000000014,4.33425,5074403.198983013,-7407244.144098308,-2332840.9451152952,12481647.343081322,-3155016.833460451,0.0,363.0476689562237,0.709561864835021,0.2522123893805309,1.124543091947011,0.295282012673317,0.6102496254113348,True
深证100ETF易方达,8月,3.7,3.591,2026-08-26,202608,rule_fourth_wednesday,medium,2.0,2.0,5666232.636505981,-2965594.8270312,2700637.809474781,8631827.46353718,2058.0,1040.0,3098.0,2900.0,1321.0,4221.0,0.3307,-0.3408,2.1732,3021990.739469857,-2022623.448626354,999367.2908435029,5044614.188096211,2700637.809474781,0.0,1309.8426121681932,0.6076814658210009,0.4951651893634166,1.339663695148389,-0.016051065050563,0.5610017167478847,True
深证100ETF易方达,8月,3.8,3.591,2026-08-26,202608,rule_fourth_wednesday,medium,2.0,2.0,2027043.39288465,-1076933.1446609402,950110.2482237099,3103976.53754559,4995.0,722.0,5717.0,769.0,133.0,902.0,0.37865,-0.4411,0.7357,485191.80791449203,-378960.0005672136,106231.80734727846,864151.8084817056,113688.92378591996,836421.32443779,5201.122544434051,0.2956237493955972,0.4796012980992118,0.16908224013487172,0.0676084180851669,0.44382884795067545,False
深证100ETF易方达,8月,3.9,3.591,2026-08-26,202608,rule_fourth_wednesday,medium,2.0,2.0,660164.62619268,-441345.5055733501,218819.12061932986,1101510.13176603,3756.0,401.0,4157.0,1496.0,61.0,1557.0,0.6366,-0.41105,0.4949,187644.90254771264,-151039.1717171987,36605.73083051393,338684.07426491135,195803.62309053,23015.497528799926,3532.473049758377,0.31323194676051713,0.4219030520646319,0.27520788019302117,0.06155699572911765,0.3451257653917302,False
深证100ETF易方达,8月,4.0,3.591,2026-08-26,202608,rule_fourth_wednesday,medium,2.0,2.0,209310.01145712,-8447.956488720001,200862.0549684,217757.96794584,1832.0,152.0,1984.0,1581.0,9.0,1590.0,0.2248,-0.4969,0.06584999999999999,74265.68100499478,-2558.981175397044,71706.69982959774,76824.66218039182,180132.50390247002,20729.55106592999,3533.8164251207727,0.32886157741600774,0.4905894006934125,0.4611008963456677,0.020750426378624218,0.18440781352289934,False
深证100ETF易方达,8月,4.1,3.591,2026-08-26,202608,rule_fourth_wednesday,medium,2.0,2.0,63400.938564600016,-557.0761392,62843.86242540002,63958.014703800014,1220.0,90.0,1310.0,1343.0,1.0,1344.0,0.2527,-0.49885,0.02255,37987.94825198442,-158.11039509814827,37829.83785688627,38146.058647082566,63394.74882972002,-550.88640432,3533.7224383916982,0.44149600041619397,0.6381410256410258,0.5559653916211293,0.12053733236679956,0.12254760403626178,False
深证100ETF易方达,8月,4.2,3.591,2026-08-26,202608,rule_fourth_wednesday,medium,2.0,2.0,204403.099131,-41187.65646681,163215.44266419,245590.75559781,3275.0,69.0,3344.0,13154.0,12.0,13166.0,1.1214,-0.4183,0.25565,115762.08896542864,-14384.90094401289,101377.18802141576,130146.98990944153,197240.02844112,-34024.585776930006,3533.5286458333335,0.4577974296275016,0.7359013867488444,2.0952007965482906,0.266801948051948,0.2987693709557138,False
深证100ETF易方达,8月,4.3,3.591,2026-08-26,202608,rule_fourth_wednesday,medium,2.0,2.0,174464.1252333,-18480.35615391,155983.76907939,192944.48138721,3505.0,59.0,3564.0,4882.0,0.0,4882.0,0.90905,-0.47815,0.14075000000000001,100801.49457924001,-5179.889772986129,95621.60480625388,105981.38435222614,174464.1252333,-18480.35615391,6866.48437682582,0.429034720761566,0.6,0.6964336661911555,0.7298245614035088,0.257019927503792,False
深证100ETF易方达,8月,4.4,3.591,2026-08-26,202608,rule_fourth_wednesday,medium,2.0,2.0,13889.765070720001,-18952.1944857,-5062.429414980001,32841.95955642,544.0,71.0,615.0,166.0,0.0,166.0,0.9823999999999999,-0.48035000000000005,0.1134,2065.7621188512003,-5311.462339477561,-3245.7002206263605,7377.224458328761,4238.420959080001,-9300.85037406,5199.840127897682,0.2144906427798939,0.6,0.15257352941176472,0.06784968684759916,0.04041563492130183,False
深证100ETF易方达,8月,4.5,3.591,2026-08-26,202608,rule_fourth_wednesday,medium,2.0,2.0,30450.65864778,-8189.019246240001,22261.63940154,38639.67789402,1414.0,36.0,1450.0,526.0,0.0,526.0,1.06935,-0.4822,0.09655,6967.041786230401,-2286.897323514537,4680.1444627158635,9253.939109744939,11327.472736020001,10934.166665519999,7700.4600722970745,0.2540308106206139,0.6,0.185997171145686,0.0017743080198722497,0.09420450622036347,False
深证100ETF易方达,8月,4.6,3.591,2026-08-26,202608,rule_fourth_wednesday,medium,2.0,2.0,95575.82523489,-3336.2671003200003,92239.55813457,98912.09233520999,5183.0,16.0,5199.0,9051.0,0.0,9051.0,1.16835,-0.48215,0.08800000000000001,57345.49514093401,-932.46920613246,56413.025934801546,58277.96434706647,95575.82523489,-3336.2671003200003,5200.315768699428,0.43974738504045763,0.6,0.8731429673934015,0.1512942950490073,0.2791319217012163,False
深证100ETF易方达,9月,3.0,3.591,2026-09-23,202609,rule_fourth_wednesday,medium,30.0,22.0,77209.20545940001,-1158784.90918596,-1081575.7037265599,1235994.11464536,204.0,4107.0,4311.0,0.0,2560.0,2560.0,0.18445,0.44339999999999996,0.25615,21646.843857480937,-520677.30007591203,-499030.4562184311,542324.143933393,-722300.7955968,-359274.90812975995,742.406846101211,0.3648482559971005,0.3,0.3116630143657171,0.15523292916400766,0.3797201242184179,False
深证100ETF易方达,9月,3.1,3.591,2026-09-23,202609,rule_fourth_wednesday,medium,30.0,22.0,41279.341914720004,-635869.52993025,-594590.18801553,677148.87184497,78.0,1419.0,1497.0,1.0,1578.0,1579.0,0.45940000000000003,0.38765,0.37895,11790.838725139152,-460457.24581156066,-448666.4070864215,472248.0845366998,-635340.30759801,40750.11958248001,372.0968358926717,0.5048866338499651,0.4574698143809696,0.5624356263891147,0.17331681476418317,0.24675797434441288,False
深证100ETF易方达,9月,3.2,3.591,2026-09-23,202609,rule_fourth_wednesday,medium,30.0,22.0,176933.18468637002,-611998.8173655301,-435065.63267916004,788932.0020519001,261.0,921.0,1182.0,50.0,343.0,393.0,0.17235,0.36175,0.5205,80181.95112240469,-164346.0770318179,-84164.12590941321,244528.0281542226,-194026.13755749003,-241039.4951216701,342.70312928445753,0.36085815128308085,0.3334199584199583,0.28199608122106157,0.17998960498960498,0.20749433441577245,False
深证100ETF易方达,9月,3.3,3.591,2026-09-23,202609,rule_fourth_wednesday,medium,30.0,22.0,172244.71842039,-964423.1074640399,-792178.3890436499,1136667.82588443,209.0,1036.0,1245.0,66.0,693.0,759.0,0.168,0.29825,0.6805,50636.00897118348,-539517.0148522051,-488881.00588102156,590153.0238233885,-590727.79345041,-201450.59559323988,360.5315238903032,0.4266982775902015,0.22269770626497792,0.49235419630156474,0.2050179994176659,0.26307282296800005,False
深证100ETF易方达,9月,3.4,3.591,2026-09-23,202609,rule_fourth_wednesday,medium,30.0,22.0,575329.15154988,-1160669.9413625402,-585340.7898126602,1735999.0929124202,442.0,974.0,1416.0,399.0,1069.0,1468.0,0.24214999999999998,0.32735,0.96675,368877.76216752897,-792601.6356331581,-423723.8734656292,1161479.3978006872,-641311.7253706802,55970.93555802,398.1522317537024,0.6620212010223776,0.05133079847908739,1.000125433209139,0.806647037173353,0.3194492556505207,False
深证100ETF易方达,9月,3.5,3.591,2026-09-23,202609,rule_fourth_wednesday,medium,30.0,22.0,1318079.4127092902,-1937274.0547784404,-619194.6420691502,3255353.4674877306,653.0,1356.0,2009.0,390.0,965.0,1355.0,0.2685,0.16665000000000002,1.3366,807649.9884958505,-1082682.242771096,-275032.2542752456,1890332.2312669465,-591450.4449976503,-27744.197071500006,282.4635363090963,0.5858082527490159,0.0,0.6544477044907326,0.52955879494655,0.39784651764134554,True
深证100ETF易方达,9月,3.6,3.591,2026-09-23,202609,rule_fourth_wednesday,medium,30.0,22.0,2443182.4926872994,-1819349.8049008802,623832.6877864192,4262532.29758818,1105.0,1256.0,2361.0,809.0,468.0,1277.0,0.28035,0.02300000000000002,1.41895,1282755.3104737848,-635034.1994176322,647721.1110561526,1917789.5098914169,1110808.5320366994,-486975.84425028006,515.3901819222161,0.43703958638313495,0.14506839452843762,0.552369080900366,0.16715544248934117,0.4251774853305214,True
深证100ETF易方达,9月,3.7,3.591,2026-09-23,202609,rule_fourth_wednesday,medium,30.0,22.0,3498607.0823571,-1267361.62777224,2231245.4545848602,4765968.71012934,1747.0,923.0,2670.0,1002.0,327.0,1329.0,0.29055000000000003,-0.10974999999999999,1.3089,1657872.0300076208,-433072.43488555204,1224799.5951220687,2090944.464893173,1557642.1402508402,673603.31433402,509.5206093189961,0.407789059908992,0.2815461346633418,0.4639170942169241,0.22686670866375158,0.45453417944795205,True
深证100ETF易方达,9月,3.8,3.591,2026-09-23,202609,rule_fourth_wednesday,medium,30.0,22.0,3802229.0525583,-773970.25227165,3028258.80028665,4576199.30482995,2390.0,621.0,3011.0,1697.0,266.0,1963.0,0.2959,-0.22194999999999998,1.1001,2634838.119993524,-348363.0484476688,2286475.071545855,2983201.168441193,2368218.22669719,660040.57358946,320.1766082096422,0.5715353586057479,0.35342261904761907,0.5691916129336541,0.4828133682622847,0.47685667826335093,False
深证100ETF易方达,9月,3.9,3.591,2026-09-23,202609,rule_fourth_wednesday,medium,30.0,22.0,2116614.0147106503,-412250.26991148014,1704363.7447991702,2528864.2846221304,1865.0,396.0,2261.0,1039.0,57.0,1096.0,0.313,-0.30035,0.8437,1148986.6104520438,-139277.08480891565,1009709.5256431282,1288263.6952609594,1119836.26035918,584527.4844399901,333.1644619570316,0.4403438874170703,0.4248653246385031,0.35052197579007227,0.17068434396212528,0.36377124627933577,False
深证100ETF易方达,9月,4.0,3.591,2026-09-23,202609,rule_fourth_wednesday,medium,30.0,22.0,497886.79941,-253865.27055708008,244021.5288529199,751752.06996708,660.0,289.0,949.0,369.0,4.0,373.0,0.3066,-0.3707,0.6331,210922.9532046,-72724.3881858798,138198.5650187202,283647.3413904798,274850.27713962,-30828.74828670008,490.67956814280933,0.3550524021317638,0.4326315789473684,0.28646586977036803,0.13621989864819692,0.1929535031550143,False
深证100ETF易方达,9月,4.1,3.591,2026-09-23,202609,rule_fourth_wednesday,medium,30.0,22.0,617522.7688875,-191570.74710228,425952.02178522,809093.5159897801,1250.0,267.0,1517.0,233.0,1.0,234.0,0.13274999999999998,-0.38194999999999996,0.46975,87210.68224075201,-54096.61996720782,33114.06227354419,141307.30220795982,114388.75068579002,311563.27109943004,626.7964107299297,0.21180561030014375,0.33696825739581093,0.09507265917602997,0.04824561403508772,0.20204565059526522,False
深证100ETF易方达,9月,4.2,3.591,2026-09-23,202609,rule_fourth_wednesday,medium,30.0,22.0,154381.27250952003,-80967.53510685,73413.73740267003,235348.80761637003,498.0,135.0,633.0,276.0,3.0,279.0,0.13704999999999998,-0.4148,0.35275,54808.451766432016,-23341.949472437213,31466.502293994803,78150.40123886924,83761.42668831002,-10347.689285639994,925.013385605256,0.32165392104841856,0.40775681341719083,0.2882195448460509,0.24260374684441297,0.09453729514585466,False
深证100ETF易方达,9月,4.3,3.591,2026-09-23,202609,rule_fourth_wednesday,medium,30.0,22.0,203476.70214395996,-71347.78443366001,132128.91771029995,274824.48657762,954.0,134.0,1088.0,118.0,0.0,118.0,0.4244,-0.41075,0.28915,30414.861347723996,-19975.831652339544,10439.029695384452,50390.69300006354,25167.977833319997,106960.93987697994,2395.135511460884,0.2147270972995648,0.3,0.06184486373165619,-0.011770726714431934,0.10570468615324943,False
深证100ETF易方达,9月,4.4,3.591,2026-09-23,202609,rule_fourth_wednesday,medium,30.0,22.0,235691.56418535006,-20732.51698056,214959.04720479005,256424.08116591006,1545.0,44.0,1589.0,121.0,0.0,121.0,0.45559999999999995,-0.4189,0.24185,54521.78966980201,-5796.776551190832,48725.01311861118,60318.56622099284,18458.692081830006,196500.35512296006,1924.3889920662239,0.2554625815953191,0.3,0.039158576051779935,0.03497229916897507,0.1130999985202859,False
深证100ETF易方达,9月,4.5,3.591,2026-09-23,202609,rule_fourth_wednesday,medium,30.0,22.0,46877.95711368,-60354.944239590004,-13476.987125910004,107232.90135327,459.0,143.0,602.0,44.0,0.0,44.0,0.4818,-0.4261,0.20325,11173.090431888,-16905.57927070223,-5732.48883881423,28078.669702590232,4493.74752288,-17970.73464879,788.1711435777129,0.2592234337217074,0.3,0.04793028322440087,0.011135857461024499,0.04621343998991488,False
深证100ETF易方达,9月,4.6,3.591,2026-09-23,202609,rule_fourth_wednesday,medium,30.0,22.0,85192.02916245001,-10358.134463249999,74833.89469920001,95550.1636257,1385.0,27.0,1412.0,425.0,0.0,425.0,0.5065,-0.4309,0.1726,11673.812350935,-2902.1980454389836,8771.614305496018,14576.010396373984,26141.95840725,48691.93629195002,3057.026982287701,0.20860739818221657,0.3,0.15342960288808663,0.11283185840707964,0.09645478930958792,False
深证100ETF易方达,12月,3.1,3.591,2026-12-23,202612,rule_fourth_wednesday,medium,121.0,87.0,4108.4365266,-183622.86961074002,-179514.43308414,187731.30613734003,9.0,386.0,395.0,2.0,14.0,16.0,0.1705,0.312,0.36145,1186.8816632400003,-103540.32000992831,-102353.43834668832,104727.20167316831,-5746.91093046,-173767.52215368,353.79914420101204,0.4263818747586048,0.4661082457896673,0.12924582613701785,0.1507518796992481,0.05174048183509426,False
深证100ETF易方达,12月,3.2,3.591,2026-12-23,202612,rule_fourth_wednesday,medium,121.0,87.0,44971.51877064,-171763.59548628,-126792.07671564001,216735.11425692,88.0,314.0,402.0,2.0,77.0,79.0,0.16915,0.26870000000000005,0.41025,9403.135742952001,-51200.86795387201,-41797.73221092001,60604.00369682401,-41098.29216948001,-85693.78454616,589.1322894204732,0.2535900405327157,0.4303135363280071,0.13397510133178922,0.06057895592779314,0.06572529130321006,False
深证100ETF易方达,12月,3.3,3.591,2026-12-23,202612,rule_fourth_wednesday,medium,121.0,87.0,62035.84411794,-144604.19940813002,-82568.35529019003,206640.04352607002,111.0,241.0,352.0,0.0,10.0,10.0,0.17265,0.2196,0.44935,12407.168823588001,-21680.629620804008,-9273.460797216007,34087.79844439201,-6000.174249300001,-76568.18104089002,638.5809178294231,0.17496542185338868,0.6301186943620178,0.02074688796680498,0.01276595744680851,0.054869129419901234,False
深证100ETF易方达,12月,3.4,3.591,2026-12-23,202612,rule_fourth_wednesday,medium,121.0,87.0,319963.90190688,-347021.81212356,-27057.91021667997,666985.71403044,266.0,538.0,804.0,0.0,8.0,8.0,0.23295,0.2633,0.7164999999999999,63992.78038137601,-71468.432682696,-7475.652301319991,135461.213064072,-5160.17564496,-21897.73457171995,625.7204498364689,0.20297397769516728,0.6678592036930178,0.007434944237918215,0.0018656716417910447,0.1460972902940695,False
深证100ETF易方达,12月,3.5,3.591,2026-12-23,202612,rule_fourth_wednesday,medium,121.0,87.0,324803.2429605601,-175583.4356241,149219.80733646007,500386.67858466005,207.0,270.0,477.0,4.0,23.0,27.0,0.24964999999999998,0.16495,0.86055,67471.20505944002,-41099.53011645601,26371.674942984013,108570.73517589603,-8680.71631077,157900.5236472301,608.0628156365939,0.22090177133655398,0.45285901353120905,0.05225442834138486,0.0,0.11414898872721649,True
深证100ETF易方达,12月,3.6,3.591,2026-12-23,202612,rule_fourth_wednesday,medium,121.0,87.0,377563.25354958,-88371.87650424,289191.37704534,465935.13005382,283.0,136.0,419.0,22.0,9.0,31.0,0.27954999999999997,0.06704999999999997,0.76925,87253.133505804,-20013.630855372005,67239.502650432,107266.764361176,23503.068103409998,265688.30894193,609.4593375374978,0.2287829972978591,0.4947753396029258,0.07195749324464767,0.04726304397357029,0.10797402645774244,True
深证100ETF易方达,12月,3.7,3.591,2026-12-23,202612,rule_fourth_wednesday,medium,121.0,87.0,660593.3942859301,-175912.2652896,484681.1289963301,836505.6595755301,487.0,280.0,767.0,35.0,54.0,89.0,0.28795000000000004,-0.007950000000000013,0.7695500000000001,151109.04337464605,-48752.827808832,102356.21556581405,199861.87118347804,13549.974416370002,471131.15457996004,610.1962678868897,0.2529451452038721,0.46287964004499427,0.13236286300968025,0.0202991452991453,0.17246307427604027,True
深证100ETF易方达,12月,3.8,3.591,2026-12-23,202612,rule_fourth_wednesday,medium,121.0,87.0,633079.6358859,-115482.01260896999,517597.62327693,748561.6484948699,530.0,179.0,709.0,36.0,3.0,39.0,0.29045,-0.07529999999999998,0.7133,143816.58143521202,-23870.58361191,119945.99782330202,167687.16504712202,41066.18291979,476531.44035714003,571.4566470904609,0.21693686096763992,0.48987654320987645,0.04234215241909982,0.03671184176262129,0.15738027326563486,False
深证100ETF易方达,12月,3.9,3.591,2026-12-23,202612,rule_fourth_wednesday,medium,121.0,87.0,524303.0404441201,-81159.0300297,443144.01041442004,605462.0704738201,499.0,135.0,634.0,27.0,0.0,27.0,0.30715000000000003,-0.1297,0.6405,116208.24904432803,-16231.806005940001,99976.44303838802,132440.055050268,28369.102388760002,414774.9080256601,537.0148909255693,0.21082164328657316,0.3,0.027054108216432865,0.02526315789473684,0.13540373492768365,False
深证100ETF易方达,12月,4.0,3.591,2026-12-23,202612,rule_fourth_wednesday,medium,121.0,87.0,209827.37013084002,-67808.5456104,142018.82452044002,277635.91574124,231.0,120.0,351.0,16.0,0.0,16.0,0.3206,-0.176,0.5713,47778.873025464,-13561.709122080001,34217.163903384004,61340.582147544,14533.497498240002,127485.32702220001,564.2276633927106,0.21385281385281385,0.3,0.03463203463203463,0.02981651376146789,0.0757642308446947,False
深证100ETF易方达,12月,4.1,3.591,2026-12-23,202612,rule_fourth_wednesday,medium,121.0,87.0,143815.39506936,-22205.673882,121609.72118736,166021.06895136,186.0,42.0,228.0,24.0,0.0,24.0,0.33575,-0.21255000000000002,0.5048,36185.80908196801,-4441.1347764,31744.674305568005,40626.94385836801,18556.82517024,103052.89601712,587.4929513687812,0.22580645161290325,0.3,0.06451612903225806,0.06363636363636363,0.045552128764407104,False
深证100ETF易方达,12月,4.2,3.591,2026-12-23,202612,rule_fourth_wednesday,medium,121.0,87.0,153439.6590909,-40477.77124776,112961.88784314001,193917.43033866002,234.0,82.0,316.0,18.0,0.0,18.0,0.34945,-0.24439999999999998,0.44565,35409.152097900005,-8095.554249552,27313.597848348007,43504.706347452004,11803.050699300002,101158.83714384002,579.9235607122356,0.2153846153846154,0.3,0.038461538461538464,0.03917050691244239,0.052356837791206465,False
深证100ETF易方达,12月,4.3,3.591,2026-12-23,202612,rule_fourth_wednesday,medium,121.0,87.0,104423.40648180002,-40855.345075440004,63568.061406360015,145278.75155724003,190.0,86.0,276.0,24.0,12.0,36.0,0.3517,-0.27745,0.3973,26160.811308072007,-10614.337122184406,15546.4741858876,36775.14843025641,7489.579204800002,56078.48220156002,567.9116303204167,0.2551646077856248,0.42468772961058043,0.1329253365973072,0.0,0.04284044303933138,False
深证100ETF易方达,12月,4.4,3.591,2026-12-23,202612,rule_fourth_wednesday,medium,121.0,87.0,116564.44249611002,-28045.946646900004,88518.49584921001,144610.38914301002,263.0,65.0,328.0,77.0,0.0,77.0,0.3719,-0.2974,0.33915,46860.281097715604,-5895.814571404167,40964.46652631144,52756.09566911977,34127.232213690004,54391.26363552001,440.5491392233577,0.30611582170116175,0.3,0.14638783269961977,0.052521008403361345,0.046554249856837225,False
深证100ETF易方达,12月,4.5,3.591,2026-12-23,202612,rule_fourth_wednesday,medium,121.0,87.0,262816.1430048,-156905.65271808,105910.49028672001,419721.79572288005,704.0,388.0,1092.0,105.0,0.0,105.0,0.38925,-0.31129999999999997,0.30155,50721.52456854001,-33517.78356617898,17203.74100236103,84239.30813471899,39198.43041975,66712.05986697,709.3253584610568,0.20330493120032017,0.3,0.07457386363636363,0.030120481927710843,0.12507512169600324,False
深证100ETF易方达,12月,4.6,3.591,2026-12-23,202612,rule_fourth_wednesday,medium,121.0,87.0,861517.60450875,-15221.5896924,846296.0148163501,876739.19420115,2813.0,40.0,2853.0,5119.0,0.0,5119.0,0.40325,-0.32525000000000004,0.2663,459476.0557380001,-3364.112407815701,456111.9433301844,462840.1681458158,861517.60450875,-15221.5896924,658.3251457004069,0.3771713010641952,0.3,0.9098826875222182,0.565530303030303,0.3461170013263444,False
深证100ETF易方达,3月,3.1,3.591,2027-03-24,202703,rule_fourth_wednesday,medium,212.0,152.0,410.84365266000003,-37989.497826,-37578.65417334,38400.34147866,1.0,100.0,101.0,0.0,31.0,31.0,0.1861,0.28395000000000004,0.3066,119.16985458933841,-12308.597295624,-12189.427441034662,12427.767150213338,-11776.74432606,-25801.909847279996,466.8209150690348,0.30703066290275544,0.560025873221216,0.155,0.2246376811594203,0.013401416021760846,False
深证100ETF易方达,3月,3.2,3.591,2027-03-24,202703,rule_fourth_wednesday,medium,212.0,152.0,5429.94492348,-58474.038552930004,-53044.093629450006,63903.98347641,12.0,143.0,155.0,0.0,25.0,25.0,0.18715,0.24705000000000002,0.33399999999999996,1617.6459643206065,-15783.901315686002,-14166.255351365395,17401.54728000661,-10222.734012750001,-42821.35961670001,512.3010028081856,0.2839210545119029,0.5768987341772152,0.08741258741258741,0.1059322033898305,0.018163843991173635,False
深证100ETF易方达,3月,3.3,3.591,2027-03-24,202703,rule_fourth_wednesday,medium,212.0,152.0,31527.02775285,-38833.880825880005,-7306.853073030004,70360.90857873001,45.0,79.0,124.0,0.0,10.0,10.0,0.22015,0.30889999999999995,0.46225,9648.766799379495,-9733.048612056002,-84.28181267650689,19381.8154114355,-4915.681117200001,-2391.171955830003,516.5106556477067,0.27834018623970835,0.789983305509182,0.06329113924050633,0.07246376811594203,0.016236858343684196,False
深证100ETF易方达,3月,3.4,3.591,2027-03-24,202703,rule_fourth_wednesday,medium,212.0,152.0,21185.52820209,-44986.993107840004,-23801.464905750003,66172.52130993,23.0,96.0,119.0,0.0,0.0,0.0,0.2595,0.21925,0.53885,6750.4412456548525,-8997.398621568002,-2246.957375913149,15747.839867222854,0.0,-23801.464905750003,508.02799101791516,0.2593172750110829,0.6,0.0,0.0,0.013597793038729534,False
深证100ETF易方达,3月,3.5,3.591,2027-03-24,202703,rule_fourth_wednesday,medium,212.0,152.0,38823.564601080005,-35804.52141336,3019.0431877200026,74628.08601444,36.0,69.0,105.0,2.0,40.0,42.0,0.2478,0.16055000000000003,0.6193500000000001,14818.297821127573,-15463.402001712002,-645.1041805844288,30281.699822839575,-18599.379597540003,21618.42278526,454.54408189765945,0.4067835703713716,0.4397289586305279,0.3176328502415459,-0.09962049335863377,0.02115710996426377,True
深证100ETF易方达,3月,3.6,3.591,2027-03-24,202703,rule_fourth_wednesday,medium,212.0,152.0,58564.82133117001,-47681.719978409994,10883.101352760015,106246.54130958,53.0,101.0,154.0,3.0,29.0,32.0,0.27575,0.09490000000000001,0.6114999999999999,25018.995333597406,-15012.660349637998,10006.334983959408,40031.6556832354,-10375.800998219996,21258.90235098001,403.318401116543,0.3710266275843985,0.3267339888386924,0.17186624322809638,0.1917808219178082,0.03257245746813369,True
深证100ETF易方达,3月,3.7,3.591,2027-03-24,202703,rule_fourth_wednesday,medium,212.0,152.0,59563.302939,-33755.332309649995,25807.970629350006,93318.63524865,62.0,63.0,125.0,0.0,13.0,13.0,0.27125,0.03365000000000001,0.5802499999999999,25154.063133968826,-9537.220874789999,15616.842259178828,34691.28400875883,-6965.386032149999,32773.3566615,363.9093947754856,0.3524238731385039,0.7394566623544631,0.10317460317460317,0.0,0.02263431799077116,True
深证100ETF易方达,3月,3.8,3.591,2027-03-24,202703,rule_fourth_wednesday,medium,212.0,152.0,110802.83094531,-20115.09092628,90687.74001903,130917.92187158999,111.0,42.0,153.0,9.0,0.0,9.0,0.28855000000000003,-0.01874999999999999,0.57275,52674.39741874235,-4686.617270151928,47987.78014859042,57361.01468889428,8984.01331989,81703.72669914,327.5336054907389,0.3541893318236251,0.3,0.04054054054054054,0.03365384615384615,0.03279017197999042,False
深证100ETF易方达,3月,3.9,3.591,2027-03-24,202703,rule_fourth_wednesday,medium,212.0,152.0,25531.10894628,-1027.2380844600002,24503.87086182,26558.347030740002,28.0,2.0,30.0,13.0,10.0,23.0,0.28049999999999997,-0.07140000000000002,0.5527,16794.44688245913,-678.1641396426089,16116.282742816522,17472.61102210174,10826.491069170002,13677.37979265,292.33060818069396,0.6589926563125877,0.41962401688087475,2.732142857142857,0.10869565217391304,0.007549604445515399,False
深证100ETF易方达,3月,4.0,3.591,2027-03-24,202703,rule_fourth_wednesday,medium,212.0,152.0,13429.661444640002,-10003.127377320003,3426.534067319999,23432.788821960006,16.0,22.0,38.0,7.0,0.0,7.0,0.306,-0.10794999999999999,0.50175,8778.778480566385,-2797.8482374395703,5980.930243126815,11576.626718005955,5875.4768820300005,-2448.9428147100016,276.01055359075957,0.4666915571273924,0.3,0.21875,0.3888888888888889,0.004521610176324096,False
深证100ETF易方达,3月,4.1,3.591,2027-03-24,202703,rule_fourth_wednesday,medium,212.0,152.0,5209.30666557,-877.6528248600001,4331.653840710001,6086.95949043,7.0,2.0,9.0,0.0,0.0,0.0,0.31794999999999995,-0.1408,0.4587,2996.227186125572,-271.2027962277177,2725.0243898978542,3267.42998235329,0.0,4331.653840710001,197.38916798197002,0.442088665614424,0.6,0.0,0.0,0.0024165679273417395,False
深证100ETF易方达,3月,4.2,3.591,2027-03-24,202703,rule_fourth_wednesday,medium,212.0,152.0,141268.83497748,0.0,141268.83497748,141268.83497748,206.0,0.0,206.0,28.0,0.0,28.0,0.3206,-0.18084999999999998,0.42925,26516.48035176,0.0,26516.48035176,26516.48035176,19201.58922024,122067.24575724002,609.4859501785581,0.2902290854419893,0.3,0.13592233009708737,0.07865168539325842,0.03892054672483801,False
创业板ETF易方达,8月,2.95,3.457,2026-08-26,202608,rule_fourth_wednesday,medium,2.0,2.0,15323.02006233,-788554.90121133,-773231.881149,803877.9212736599,541.0,27841.0,28382.0,136.0,40060.0,40196.0,0.29455,0.49870000000000003,0.0237,5906.093420596119,-473132.940726798,-467226.84730620193,479039.0341473941,-784702.90356165,11471.02241265,227.2274267490525,0.4927196269590359,0.9817671809256663,0.8451357095723332,0.11779891501956165,0.5634237990997573,False
创业板ETF易方达,8月,3.0,3.457,2026-08-26,202608,rule_fourth_wednesday,medium,2.0,2.0,174719.50024416,-3032720.3424189,-2858000.84217474,3207439.8426630604,2512.0,34526.0,37038.0,1156.0,28810.0,29966.0,0.30665,0.49574999999999997,0.06584999999999999,104170.63878050557,-1185551.9467696801,-1081381.3079891745,1289722.5855501858,-2450229.74771742,-407771.09445732017,2617.412494461675,0.49356837110578317,0.6473161328588376,0.647317345259236,0.11087331691339955,0.6982589294238739,False
创业板ETF易方达,8月,3.1,3.457,2026-08-26,202608,rule_fourth_wednesday,medium,2.0,2.0,902358.0558987301,-11421644.13376878,-10519286.07787005,12324002.18966751,3007.0,43422.0,46429.0,2555.0,46818.0,49373.0,0.28325,0.4827,0.23559999999999998,549696.1980114878,-5482389.184209015,-4932692.9861975275,6032085.382220503,-10654924.86778233,135638.78991228,599.5422413967714,0.5445887352687298,0.6731428571428572,0.9639466366052332,0.14678936203957021,0.8410386273165671,False
创业板ETF易方达,8月,3.2,3.457,2026-08-26,202608,rule_fourth_wednesday,medium,2.0,2.0,1772660.46903325,-25392402.92513568,-23619742.45610243,27165063.39416893,2053.0,37996.0,40049.0,2358.0,63314.0,65672.0,0.24869999999999998,0.445,0.64085,1253290.4898325086,-15830064.972039782,-14576774.482207272,17083355.46187229,-23619742.45610243,0.0,295.86320930250355,0.6652141944627591,0.46875,1.407448188331871,0.07399807865096761,0.8853374434736545,False
创业板ETF易方达,8月,3.3,3.457,2026-08-26,202608,rule_fourth_wednesday,medium,2.0,2.0,15621397.14832998,-68950106.24947602,-53328709.101146035,84571503.39780599,10801.0,40169.0,50970.0,19525.0,136787.0,156312.0,0.40605,0.40235000000000004,1.3232499999999998,12227498.978383677,-38036439.99408032,-25808941.015696645,50263938.972463995,-53328709.101146035,0.0,186.83828801040377,0.6671960362583438,0.40476190476190477,2.606495325050938,0.2456814469335392,0.9384458720841836,True
创业板ETF易方达,8月,3.4,3.457,2026-08-26,202608,rule_fourth_wednesday,medium,2.0,2.0,101925353.69830213,-170561517.83702362,-68636164.13872148,272486871.53532577,26941.0,51460.0,78401.0,133844.0,291869.0,425713.0,0.37665,0.19785,2.96955,80035003.34141415,-147857614.73369646,-67822611.3922823,227892618.0751106,-68636164.13872148,0.0,31.475444366253853,0.8260594274591228,0.14184852374839524,5.319902876321714,0.36153977203035786,0.9781350787507516,True
创业板ETF易方达,8月,3.5,3.457,2026-08-26,202608,rule_fourth_wednesday,medium,2.0,2.0,214428116.3090773,-173658723.28752765,40769393.02154964,388086839.59660494,51818.0,47419.0,99237.0,234633.0,252519.0,487152.0,0.36915,-0.13429999999999997,3.2635,167614292.05667916,-137670230.00999415,29944062.04668501,305284522.0666733,40769393.02154964,0.0,26.462998005900683,0.7872218410297809,0.17939972714870406,4.9266458060794704,0.26034421585398726,0.9908330230505042,True
创业板ETF易方达,8月,3.6,3.457,2026-08-26,202608,rule_fourth_wednesday,medium,2.0,2.0,147564833.7300956,-64536165.458305724,83028668.27178988,212100999.1884013,72293.0,30413.0,102706.0,190902.0,105252.0,296154.0,0.4129,-0.3553,1.7418,114505735.32079522,-51106740.40609629,63398994.914698936,165612475.72689152,83028668.27178988,0.0,87.2061735162554,0.7839387648906995,0.42501616031027795,3.0507137587541684,-0.02142740675668673,0.980889953958879,True
创业板ETF易方达,8月,3.7,3.457,2026-08-26,202608,rule_fourth_wednesday,medium,2.0,2.0,47491099.043118775,-24302120.27839024,23188978.764728535,71793219.32150902,68069.0,20801.0,88870.0,82454.0,31221.0,113675.0,0.4836,-0.43434999999999996,0.7807,20165451.2860012,-21482217.005357545,-1316765.7193563432,41647668.29135875,23188978.764728535,0.0,313.0523515370173,0.6542900535023205,0.4947937525030036,1.3561335675537591,-0.00808063088473002,0.9542583363677373,False
创业板ETF易方达,8月,3.8,3.457,2026-08-26,202608,rule_fourth_wednesday,medium,2.0,2.0,17114227.6514688,-8454561.2002956,8659666.4511732,25568788.851764396,59520.0,10504.0,70024.0,36874.0,6149.0,43023.0,0.6045,-0.45025,0.45705,6871340.277047444,-4835199.221924356,2036141.055123088,11706539.498971801,5653388.43774321,3006278.0134299896,747.2422062350122,0.4867014632069351,0.483166904422254,0.602459444533163,-0.07011206130060472,0.8968527074933474,False
创业板ETF易方达,8月,3.9,3.457,2026-08-26,202608,rule_fourth_wednesday,medium,2.0,2.0,7710361.5166223,-3946643.5934204003,3763717.9232019,11657005.1100427,46990.0,7274.0,54264.0,23670.0,2052.0,25722.0,0.6910499999999999,-0.46595,0.29565,1583993.9018639748,-1534947.210228281,49046.691635693656,3118941.1120922556,2770545.0072267004,993172.9159751991,2119.113881776689,0.2971808779278907,0.4875,0.39291241451345715,-0.004873718473889727,0.8313699997695699,False
创业板ETF易方达,8月,4.0,3.457,2026-08-26,202608,rule_fourth_wednesday,medium,2.0,2.0,3736600.251736,-3435361.8934684396,301238.3582675606,7171962.14520444,41800.0,5699.0,47499.0,9918.0,1543.0,11461.0,1.00245,-0.4289,0.28959999999999997,398170.5397992858,-1895165.0412636476,-1496994.5014643618,2293335.5810629334,-43528.33829571982,344766.6965632797,1484.802155943096,0.3291117237933518,0.6166842043727346,0.25401099076392986,-0.0025506361183769057,0.769294649547708,False
创业板ETF易方达,8月,4.1,3.457,2026-08-26,202608,rule_fourth_wednesday,medium,2.0,2.0,1424742.9311311203,-1733267.00498304,-308524.07385191973,3158009.9361141603,20484.0,3376.0,23860.0,4248.0,256.0,4504.0,1.1341999999999999,-0.43345,0.2439,320579.44520065445,-546364.5751907659,-225785.12999011145,866944.0203914203,164032.57303440003,-472556.64688631985,2113.610016230002,0.27011550867496203,0.7558933094918789,0.14160537735613324,0.003994752791587398,0.6211819322994284,False
创业板ETF易方达,8月,4.2,3.457,2026-08-26,202608,rule_fourth_wednesday,medium,2.0,2.0,796065.4122653801,-892184.41765352,-96119.00538813986,1688249.8299189,18401.0,2312.0,20713.0,4050.0,385.0,4435.0,1.10595,-0.4594,0.17955000000000002,75040.60813483974,-384108.7984786602,-309068.19034382043,459149.4066134999,26642.62521815003,-122761.63060628995,2045.27899853509,0.26239530486519974,0.7799127791727236,0.19330961261132001,0.017614941037957556,0.5463193159800546,False
创业板ETF易方达,8月,4.3,3.457,2026-08-26,202608,rule_fourth_wednesday,medium,2.0,2.0,410438.04592015996,-601465.55520123,-191027.50928107003,1011903.60112139,18268.0,1431.0,19699.0,2719.0,544.0,3263.0,1.4708999999999999,-0.4227,0.18525,83538.83615261504,-279440.99047762994,-195902.1543250149,362979.82663024496,-167559.98562524,-23467.52365583001,3429.663337470204,0.33406797790597076,0.7446502750645559,0.26449661970533606,-0.10123223075914353,0.48818696535391803,False
创业板ETF易方达,8月,4.4,3.457,2026-08-26,202608,rule_fourth_wednesday,medium,2.0,2.0,471796.9314153901,-420328.09051859996,51468.84089679015,892125.0219339901,24829.0,1095.0,25924.0,2849.0,355.0,3204.0,1.61895,-0.4219,0.16855,54544.921229539716,-244822.90164608255,-190277.98041654285,299367.82287562225,-82134.48041380997,133603.32131060015,3425.348140313767,0.3490338436258555,0.7451807228915663,0.2194728840244441,-0.0665157002752596,0.49754097458513274,False
创业板ETF易方达,8月,4.5,3.457,2026-08-26,202608,rule_fourth_wednesday,medium,2.0,2.0,336098.0287326401,-220907.38047633998,115190.6482563001,557005.40920898,20528.0,1019.0,21547.0,2501.0,303.0,2804.0,1.28735,-0.47755000000000003,0.09755,83598.81794178003,-129407.12377820753,-45808.305836427506,213005.94171998755,-24738.85497244999,139929.5032287501,166.42754662840824,0.4172657686716507,0.7917142857142856,0.20959196830753488,-0.06565502827835877,0.4393866252223262,False
创业板ETF易方达,8月,4.6,3.457,2026-08-26,202608,rule_fourth_wednesday,medium,2.0,2.0,269740.2226092,-180327.31662891994,89412.90598028005,450067.53923811996,18809.0,932.0,19741.0,12578.0,150.0,12728.0,1.3736000000000002,-0.479,0.08695,126100.5783084,-97892.25178914667,28208.32651925333,223992.83009754668,151358.69766990002,-61945.791689619946,151.89873417721398,0.5051738315544368,0.7926074099843452,0.4148333130633062,0.16276220637139038,0.4643312700260393,False
创业板ETF易方达,8月,4.7,3.457,2026-08-26,202608,rule_fourth_wednesday,medium,2.0,2.0,252382.57050462,-310604.23862886004,-58221.66812424004,562986.8091334801,19923.0,1749.0,21672.0,5527.0,138.0,5665.0,1.46435,-0.47955000000000003,0.0796,78482.70728827601,-161250.72551914406,-82768.01823086805,239733.4328074201,45508.11594105999,-103729.78406529999,140.5114617206638,0.4150594731866972,0.79304,0.1781601446874067,0.025295427211269268,0.4684338560020148,False
创业板ETF易方达,8月,4.8,3.457,2026-08-26,202608,rule_fourth_wednesday,medium,2.0,2.0,630937.30490315,-1113013.6395774,-482076.33467425,1743950.94448055,55573.0,4521.0,60094.0,16971.0,48.0,17019.0,1.80885,-0.4557,0.10775,203258.24716465,-585710.8892873001,-382452.64212265005,788969.1364519501,180859.96596884998,-662936.3006430999,97.51014179910017,0.42419578930508506,0.7791210395678201,0.15799961506181287,0.020272523471867282,0.6451338706262023,False
创业板ETF易方达,9月,2.85,3.457,2026-09-23,202609,rule_fourth_wednesday,medium,30.0,22.0,461039.37468804,-29559068.819155484,-29098029.444467444,30020108.193843525,1212.0,92153.0,93365.0,117.0,15898.0,16015.0,0.2329,0.4083,0.29335,242568.26173065868,-7235012.27501398,-6992444.013283322,7477580.536744639,-5054948.71800029,-24043080.726467155,252.1184051247742,0.3854490286898357,0.411769574573746,0.1345260486408043,0.05010253587867271,0.8961103858512637,False
创业板ETF易方达,9月,2.9,3.457,2026-09-23,202609,rule_fourth_wednesday,medium,30.0,22.0,785720.5183539998,-31826873.876244478,-31041153.35789048,32612594.394598477,1852.0,84064.0,85916.0,119.0,10033.0,10152.0,0.22695,0.39175,0.3359,257654.56104005582,-19130897.95316508,-18873243.392125025,19388552.514205135,-3748036.4971780595,-27293116.86071242,131.93403454611206,0.4645069862597253,0.3905096344318387,0.09180220140820405,0.027495390798196843,0.8866076753976146,False
创业板ETF易方达,9月,2.95,3.457,2026-09-23,202609,rule_fourth_wednesday,medium,30.0,22.0,851533.8437970001,-7953469.033218019,-7101935.189421019,8805002.877015019,1820.0,17714.0,19534.0,127.0,6140.0,6267.0,0.22465000000000002,0.37145,0.3836,259427.05474851755,-4493031.403010621,-4233604.348262103,4752458.457759138,-2697399.2383797495,-4404535.951041269,164.78308552202643,0.4347866076410911,0.37896477913991067,0.20819935681344737,0.07165448447552511,0.7157496886791581,False
创业板ETF易方达,9月,3.0,3.457,2026-09-23,202609,rule_fourth_wednesday,medium,30.0,22.0,1630407.48174192,-13090795.55091776,-11460388.06917584,14721203.03265968,3192.0,24986.0,28178.0,531.0,21886.0,22417.0,0.22025,0.3498,0.4329,980736.6025927258,-12045187.391691228,-11064450.789098503,13025923.994283954,-11195403.5674177,-264984.50175813935,59.53661135735507,0.7608274918242077,0.3457903780068729,0.5211419522752291,0.15532901322375006,0.8158917967008386,False
创业板ETF易方达,9月,3.1,3.457,2026-09-23,202609,rule_fourth_wednesday,medium,30.0,22.0,2903726.4635675997,-16396985.617393287,-13493259.153825687,19300712.080960885,4660.0,23611.0,28271.0,840.0,22598.0,23438.0,0.35355,0.37770000000000004,0.55125,1792954.710217377,-12008039.89970178,-10215085.189484403,13800994.609919157,-15170075.247980818,1676816.094155129,72.65853422500889,0.6748994840591358,0.27719252041085063,0.5686768897089685,0.23401433959132417,0.8272888237892326,False
创业板ETF易方达,9月,3.2,3.457,2026-09-23,202609,rule_fourth_wednesday,medium,30.0,22.0,4809301.16795811,-31378557.8534358,-26569256.68547769,36187859.02139391,4919.0,35655.0,40574.0,3645.0,40744.0,44389.0,0.36055,0.29795,0.77725,2658520.237725948,-24495249.279144857,-21836729.04141891,27153769.516870804,-27814845.15630075,1245588.47082306,148.57837817631673,0.6667118886647636,0.17533333333333334,0.941866599592119,0.33261532510059144,0.8897488346028506,False
创业板ETF易方达,9月,3.3,3.457,2026-09-23,202609,rule_fourth_wednesday,medium,30.0,22.0,11178569.00397385,-37848563.4589612,-26669994.454987355,49027132.46293505,8945.0,35948.0,44893.0,8648.0,41737.0,50385.0,0.3584,0.2051,0.96335,9186543.870397676,-31066315.862749767,-21879771.99235209,40252859.73314744,-27041155.438126564,371160.9831392097,72.52709506316293,0.8213026548998192,0.019120879120879286,1.063917629794182,0.5842521349947549,0.90256016177765,True
创业板ETF易方达,9月,3.4,3.457,2026-09-23,202609,rule_fourth_wednesday,medium,30.0,22.0,29373838.069181863,-41861112.63837888,-12487274.569197018,71234950.70756075,20782.0,35728.0,56510.0,30110.0,58662.0,88772.0,0.35805,0.09869999999999998,1.08155,28941270.54318806,-38422408.503614105,-9481137.960426044,67363679.04680216,-12487274.569197018,0.0,10.042471893814003,0.9515640820830085,0.0,1.5453777373009119,0.7748070638111487,0.9370303207047102,True
创业板ETF易方达,9月,3.5,3.457,2026-09-23,202609,rule_fourth_wednesday,medium,30.0,22.0,59456376.54213346,-44676839.38386045,14779537.158273011,104133215.9259939,40141.0,36915.0,77056.0,64570.0,54767.0,119337.0,0.3551,-0.012649999999999995,1.12605,50177114.37178672,-35944746.275814295,14232368.095972426,86121860.64760101,14779537.158273011,0.0,18.86030450095139,0.8242407405558093,0.0,1.5460886049842393,0.6798873431667305,0.9590220156302184,True
创业板ETF易方达,9月,3.6,3.457,2026-09-23,202609,rule_fourth_wednesday,medium,30.0,22.0,67617553.4821243,-35047044.2412963,32570509.240828,102664597.72342059,49157.0,30837.0,79994.0,57434.0,31806.0,89240.0,0.3639,-0.11669999999999997,1.051,56106562.67564723,-32373786.212080285,23732776.463566944,88480348.88772751,32570509.240828,0.0,40.1817364389347,0.8767434997377412,0.13930976430976444,1.0999010789564554,0.2874326279866649,0.9569633266922064,True
创业板ETF易方达,9月,3.7,3.457,2026-09-23,202609,rule_fourth_wednesday,medium,30.0,22.0,53970783.64124928,-18231793.3694303,35738990.27181898,72202577.01067957,45233.0,17735.0,62968.0,46489.0,10952.0,57441.0,0.36839999999999995,-0.20879999999999999,0.9293,45199238.639548235,-11090871.26699331,34108367.37255493,56290109.90654154,42711995.877956316,-6973005.606137339,59.09113064387757,0.7229009513255145,0.2455487212690191,0.8226516419375938,0.19886838294328654,0.935807468021011,False
创业板ETF易方达,9月,3.8,3.457,2026-09-23,202609,rule_fourth_wednesday,medium,30.0,22.0,43388596.54032904,-7422589.7335334085,35966006.80679563,50811186.27386245,45337.0,8493.0,53830.0,30194.0,6006.0,36200.0,0.38915,-0.2742,0.7660499999999999,24477817.04362697,-4723033.526666908,19754783.516960062,29200850.57029388,23647344.973512255,12318661.833283372,152.09451241658232,0.6002292897154666,0.33980705762883967,0.6865804309400132,0.12295947270511423,0.909789189306569,False
创业板ETF易方达,9月,3.9,3.457,2026-09-23,202609,rule_fourth_wednesday,medium,30.0,22.0,29076374.745096415,-6510130.103008941,22566244.642087474,35586504.848105356,39606.0,8677.0,48283.0,25577.0,1544.0,27121.0,0.39125,-0.3353,0.62105,15239371.785256395,-2815246.151883152,12424125.633373244,18054617.93713955,17618691.989608705,4947552.652478769,190.87656081875758,0.47827805296587045,0.382909396678579,0.41186383846777586,0.026430977103434117,0.8851437869818246,False
创业板ETF易方达,9月,4.0,3.457,2026-09-23,202609,rule_fourth_wednesday,medium,30.0,22.0,21672855.22032929,-2695859.84952006,18976995.370809227,24368715.06984935,39761.0,4278.0,44039.0,25344.0,772.0,26116.0,0.41085000000000005,-0.37155,0.4917,11668375.601741683,-1179803.327257459,10488572.274484225,12848178.92899914,13327972.57820572,5649022.7926035095,158.1665758260012,0.4880109479056393,0.42644729896181605,0.4089333369500813,0.10151060547603054,0.8640061019775986,False
创业板ETF易方达,9月,4.1,3.457,2026-09-23,202609,rule_fourth_wednesday,medium,30.0,22.0,8959965.95074332,-1744066.98722434,7215898.963518979,10704032.93796766,22678.0,3238.0,25916.0,14947.0,67.0,15014.0,0.49115,-0.36735,0.39065,3908176.9565331307,-836493.9816869138,3071682.974846217,4744670.938220045,5869398.12128237,1346500.8422366094,253.81921201888122,0.4579023718208297,0.4971206449755255,0.33989435358983666,0.05333882596753395,0.7769499124811124,False
创业板ETF易方达,9月,4.2,3.457,2026-09-23,202609,rule_fourth_wednesday,medium,30.0,22.0,5489729.08972308,-932644.25596,4557084.833763081,6422373.34568308,19212.0,2000.0,21212.0,9061.0,158.0,9219.0,0.4606,-0.41135,0.31465,2133599.2695786124,-515789.82354374725,1617809.4460348652,2649389.09312236,2515454.7328641503,2041630.1008989299,309.9694015512698,0.4708465935604216,0.4800786369593709,0.27531615656881114,0.020691438636704942,0.7096488191191361,False
创业板ETF易方达,9月,4.3,3.457,2026-09-23,202609,rule_fourth_wednesday,medium,30.0,22.0,3318416.74107045,-1160014.29705007,2158402.44402038,4478431.038120519,14715.0,2849.0,17564.0,4575.0,495.0,5070.0,0.4871,-0.423,0.2647,1341844.6002526232,-603450.483826964,738394.1164256592,1945295.0840795874,830172.8962943999,1328229.5477259802,293.305341730814,0.46228620886693195,0.4915047131386011,0.2423262056289579,-0.013124901871916344,0.645222825989447,False
创业板ETF易方达,9月,4.4,3.457,2026-09-23,202609,rule_fourth_wednesday,medium,30.0,22.0,2656118.61576395,-447236.1440930399,2208882.4716709103,3103354.75985699,15445.0,1266.0,16711.0,3357.0,26.0,3383.0,0.5031,-0.43595,0.21975,241239.98828584762,-212128.40989756014,29111.578388287482,453368.3981834077,568127.4668308301,1640755.0048400804,610.006552105759,0.2825669411910153,0.4966457023060796,0.11894450930964841,0.005674953399412036,0.5828987112808215,False
创业板ETF易方达,9月,4.5,3.457,2026-09-23,202609,rule_fourth_wednesday,medium,30.0,22.0,2218427.61476721,-227813.53709645997,1990614.0776707502,2446241.15186367,16269.0,738.0,17007.0,3633.0,4.0,3637.0,0.5217,-0.44525,0.18619999999999998,489836.5348083532,-109365.38611677136,380471.1486915818,599201.9209251245,494158.16497929004,1496455.91269146,245.80569331489863,0.3504344159275712,0.4997142857142857,0.11436409311539178,0.015617971534879998,0.5584067174862568,False
创业板ETF易方达,9月,4.6,3.457,2026-09-23,202609,rule_fourth_wednesday,medium,30.0,22.0,654499.2402660799,-480735.09089098,173764.14937509992,1135234.3311570599,6512.0,1486.0,7998.0,814.0,1.0,815.0,0.609,-0.4263,0.1774,163624.81006651997,-235252.64216427648,-71627.8320977565,398877.45223079645,81488.89555082998,92275.25382426992,735.9847500216619,0.3696801228180226,0.47444198330209575,0.06283647375504711,0.023893805309734513,0.37704360266744763,False
创业板ETF易方达,9月,4.7,3.457,2026-09-23,202609,rule_fourth_wednesday,medium,30.0,22.0,905525.6284261801,-347948.96863500006,557576.65979118,1253474.59706118,10323.0,1294.0,11617.0,1544.0,0.0,1544.0,0.58885,-0.44785,0.1492,235280.52315845204,-173238.8921620291,62041.63099642293,408519.4153204812,135438.49368304003,422138.16610814,590.1370898326794,0.37885674446529854,0.3,0.07478446188123608,-0.025466580858692654,0.4361838862383216,False
创业板ETF易方达,9月,4.8,3.457,2026-09-23,202609,rule_fourth_wednesday,medium,30.0,22.0,1703326.7820003203,-1034225.2773751,669101.5046252203,2737552.05937542,22768.0,3554.0,26322.0,2083.0,31.0,2114.0,0.7075,-0.42050000000000004,0.15305,402998.9770414321,-526308.3862731821,-123309.40923175,929307.3633146142,146812.95323577002,522288.5513894503,585.4392836721917,0.37274332854738845,0.46140830873353006,0.05010530976548551,0.012057265404045538,0.5743456588917968,False
创业板ETF易方达,12月,2.95,3.457,2026-12-23,202612,rule_fourth_wednesday,medium,121.0,87.0,32731.46327516,-6991137.9122741,-6958406.44899894,7023869.37554926,92.0,17095.0,17187.0,2.0,10368.0,10370.0,0.20095,0.28740000000000004,0.31995,10042.30292445436,-3841896.3470691065,-3831854.0441446523,3851938.6499935607,-4239365.5376735795,-2719040.9113253597,340.5912410923427,0.42817345854212596,0.15698113207547176,0.31411612854000026,0.18473004268458815,0.709707387496262,False
创业板ETF易方达,12月,3.0,3.457,2026-12-23,202612,rule_fourth_wednesday,medium,121.0,87.0,104036.68186762002,-4718748.390000211,-4614711.708132591,4822785.071867831,281.0,10797.0,11078.0,25.0,5504.0,5529.0,0.19855,0.26935,0.33775,33433.88622973858,-1976949.3111379049,-1943515.4249081663,2010383.1973676435,-2396226.2512562205,-2218485.4568763706,353.64983371483027,0.3701613072174865,0.12802907915993528,0.29936960214004354,0.16011945572490904,0.6136192349172278,False
创业板ETF易方达,12月,3.1,3.457,2026-12-23,202612,rule_fourth_wednesday,medium,121.0,87.0,275136.15044119,-3455497.04238911,-3180360.8919479204,3730633.1928303,503.0,7127.0,7630.0,33.0,2164.0,2197.0,0.27485,0.33505,0.4317,79624.52285133878,-1270866.7602733858,-1191242.237422047,1350491.2831247246,-1031155.9408264301,-2149204.95112149,309.31885146455596,0.32859080691799036,0.0073724921440656566,0.18462021472958237,0.04034067727458181,0.5135973519197072,False
创业板ETF易方达,12月,3.2,3.457,2026-12-23,202612,rule_fourth_wednesday,medium,121.0,87.0,1465757.8863736498,-4530787.46857254,-3065029.5821988904,5996545.3549461905,1933.0,8589.0,10522.0,323.0,2465.0,2788.0,0.31789999999999996,0.23309999999999997,0.5379499999999999,498681.30844158825,-1169918.9371500942,-671237.628708506,1668600.2455916824,-1055388.43832675,-2009641.14387214,400.2148804727369,0.2992180780082373,0.02528989922720415,0.22704638453749568,0.05819604877284221,0.6057225654497028,False
创业板ETF易方达,12月,3.3,3.457,2026-12-23,202612,rule_fourth_wednesday,medium,121.0,87.0,1553232.24513764,-5065627.39912424,-3512395.1539865993,6618859.64426188,1843.0,9032.0,10875.0,821.0,2874.0,3695.0,0.32255,0.16999999999999998,0.58725,715482.5644739743,-1859204.1708184432,-1143721.606344469,2574686.7352924175,-919975.1609350999,-2592419.993051499,298.62748198093504,0.41383227283302215,0.09069548872180444,0.38183564604442544,0.21831888903749275,0.6268564253842281,True
创业板ETF易方达,12月,3.4,3.457,2026-12-23,202612,rule_fourth_wednesday,medium,121.0,87.0,1970924.09787533,-3359197.69868956,-1388273.60081423,5330121.79656489,2249.0,5828.0,8077.0,694.0,1652.0,2346.0,0.33115000000000006,0.10594999999999999,0.6078,804272.5434616454,-1936844.7342280678,-1132572.1907664225,2741117.277689713,-344004.4714140601,-1044269.1294001697,193.31927666724874,0.49232415813394803,0.17376425855513317,0.2960203772407961,0.10446949130760731,0.5697222965330648,True
创业板ETF易方达,12月,3.5,3.457,2026-12-23,202612,rule_fourth_wednesday,medium,121.0,87.0,7195283.509976999,-2795958.4876252,4399325.0223517995,9991241.997602198,8100.0,4804.0,12904.0,4566.0,2246.0,6812.0,0.3369,0.044499999999999984,0.61515,3066073.304913938,-1521855.3999885484,1544217.9049253897,4587928.704902487,2748821.7099824194,1650503.3123693794,299.0174084717447,0.48521404430169945,0.23829720389569597,0.5156153822431924,0.05128813794823677,0.6954382030072368,True
创业板ETF易方达,12月,3.6,3.457,2026-12-23,202612,rule_fourth_wednesday,medium,121.0,87.0,4439040.800799539,-2086055.58942908,2352985.2113704593,6525096.39022862,5174.0,3602.0,8776.0,1607.0,664.0,2271.0,0.34455,-0.013349999999999973,0.60125,2719071.9638026836,-883649.8480832393,1835422.1157194444,3602721.811885923,994180.2530374099,1358804.9583330497,184.48273139650337,0.5180671717166541,0.28937632135306557,0.2474667254179753,0.030746927456205293,0.5888012925992788,True
创业板ETF易方达,12月,3.7,3.457,2026-12-23,202612,rule_fourth_wednesday,medium,121.0,87.0,2777413.1601470006,-1203833.8775359201,1573579.2826110804,3981247.0376829207,3356.0,2118.0,5474.0,1699.0,680.0,2379.0,0.3486,-0.06825,0.58405,1769015.5678418102,-501792.6759641557,1267222.8918776545,2270808.243805966,1019586.0848925503,553993.1977185302,235.72998336897047,0.5268790234758871,0.3305505415162455,0.41365752542765855,0.036386183424454176,0.4984603264626673,False
创业板ETF易方达,12月,3.8,3.457,2026-12-23,202612,rule_fourth_wednesday,medium,121.0,87.0,4288876.70999568,-785256.8254128001,3503619.8845828795,5074133.53540848,5511.0,1440.0,6951.0,1483.0,311.0,1794.0,0.35565,-0.11779999999999999,0.55375,1330261.9439279193,-309974.26564488304,1020287.6782830362,1640236.2095728023,984535.2008434699,2519084.68373941,430.7000271905023,0.35245405615239467,0.3735721200387221,0.24253519476199117,0.020539147455672157,0.5424757210273856,False
创业板ETF易方达,12月,3.9,3.457,2026-12-23,202612,rule_fourth_wednesday,medium,121.0,87.0,4838653.05064456,-489256.76327891997,4349396.28736564,5327909.81392348,6757.0,978.0,7735.0,1494.0,258.0,1752.0,0.37285,-0.15765,0.5089,1423071.8699980073,-191192.87433600004,1231878.9956620072,1614264.7443340074,940778.0037893999,3408618.2835762403,401.5057364785234,0.3424436217310772,0.43445046821094147,0.24245386061807295,0.006817662190944061,0.5508861775432962,False
创业板ETF易方达,12月,4.0,3.457,2026-12-23,202612,rule_fourth_wednesday,medium,121.0,87.0,5415165.830676241,-376615.47013130004,5038550.36054494,5791781.300807541,8388.0,755.0,9143.0,2404.0,8.0,2412.0,0.36735,-0.20265,0.4788,2059827.897293272,-131274.36150322336,1928553.5357900485,2191102.2587964954,1547995.3831058403,3490554.9774391004,285.37521488398806,0.36447234764928726,0.42421746293245455,0.14859796555786098,0.039641459831320336,0.5882787478096694,False
创业板ETF易方达,12月,4.1,3.457,2026-12-23,202612,rule_fourth_wednesday,medium,121.0,87.0,4209075.63284912,-242116.55219663997,3966959.0806524795,4451192.185045759,7304.0,528.0,7832.0,1683.0,4.0,1687.0,0.38185,-0.2339,0.43295,2063043.2658597587,-107142.24937739574,1955901.016482363,2170185.5152371544,968028.0906622199,2998930.98999026,117.20868175461611,0.4663325434608563,0.4637006945354476,0.11899872216137276,0.05628332063975628,0.5305714524854453,False
创业板ETF易方达,12月,4.2,3.457,2026-12-23,202612,rule_fourth_wednesday,medium,121.0,87.0,4095879.34227394,-267555.00986955,3828324.33240439,4363434.35214349,8087.0,645.0,8732.0,2865.0,1.0,2866.0,0.40859999999999996,-0.25205,0.38545,1036835.792648675,-100383.33805907473,936452.4545896003,1137219.1307077499,1450641.7355075101,2377682.59689688,334.1811690480631,0.3141644276388687,0.4930045871559633,0.17791133822778066,0.1687922574197077,0.5566571285087327,False
创业板ETF易方达,12月,4.3,3.457,2026-12-23,202612,rule_fourth_wednesday,medium,121.0,87.0,3542684.10274314,-183139.23189013,3359544.87085301,3725823.33463327,8014.0,449.0,8463.0,1677.0,157.0,1834.0,0.40090000000000003,-0.28565,0.3556,1005071.9460939361,-96302.92610376544,908769.0199901706,1101374.8721977016,677300.26507318,2682244.60577983,383.7630942788078,0.40477446885320106,0.49177086673078974,0.2794623606906177,0.05794742069650506,0.5174008482797415,False
创业板ETF易方达,12月,4.4,3.457,2026-12-23,202612,rule_fourth_wednesday,medium,121.0,87.0,1867914.1134453,-165762.21941016996,1702151.89403513,2033676.3328554698,4845.0,443.0,5288.0,793.0,5.0,798.0,0.4263,-0.2969,0.31784999999999997,516313.5125858452,-66879.81270675048,449433.6998790947,583193.3252925957,303857.86485987,1398294.0291752599,368.81503252248524,0.339940088446902,0.4790430622009569,0.08748028616222538,0.035727492533067846,0.3852593025144815,False
创业板ETF易方达,12月,4.5,3.457,2026-12-23,202612,rule_fourth_wednesday,medium,121.0,87.0,2444432.3908675197,-1192999.9548834602,1251432.4359840595,3637432.34575098,7347.0,3342.0,10689.0,1408.0,4.0,1412.0,0.43105000000000004,-0.31735,0.28855,1014729.5411635495,-488023.2714933631,526706.2696701864,1502752.8126569125,467030.09627475997,784402.3397092996,229.5191255270109,0.41209550382358434,0.4778702310347881,0.09641986775583972,0.0521569216894634,0.5234831751177705,False
创业板ETF易方达,12月,4.6,3.457,2026-12-23,202612,rule_fourth_wednesday,medium,121.0,87.0,1554758.24904645,-144870.10371384,1409888.14533261,1699628.35276029,5387.0,424.0,5811.0,982.0,0.0,982.0,0.43289999999999995,-0.3366,0.2637,439487.21068659873,-60594.010667406365,378893.20001919236,500081.2213540051,283417.96928970004,1126470.17604291,357.48717323611163,0.3504684013776969,0.3,0.09114534991646557,0.06586134453781513,0.3920673963654623,False
创业板ETF易方达,12月,4.7,3.457,2026-12-23,202612,rule_fourth_wednesday,medium,121.0,87.0,3844842.1983497404,-80807.69715783,3764034.5011919104,3925649.8955075704,15386.0,257.0,15643.0,4859.0,3.0,4862.0,0.4711,-0.3337,0.2361,1254659.0218038722,-34853.076686750705,1219805.9451171216,1289512.0984906228,1213283.1748232401,2550751.326368671,372.90050766830143,0.3788157513373719,0.45100455597878863,0.163739864579503,0.12235635080645162,0.6129649112790849,False
创业板ETF易方达,12月,4.8,3.457,2026-12-23,202612,rule_fourth_wednesday,medium,121.0,87.0,7315294.17465198,-703163.45591955,6612130.718732431,8018457.63057153,33231.0,2385.0,35616.0,56986.0,4.0,56990.0,0.5004500000000001,-0.33455,0.21545,5984162.630814602,-305639.69974315143,5678522.93107145,6289802.330557753,7314114.8648726605,-701984.14614023,134.14954901471862,0.6263491238909505,0.43496046751461,0.8582608608427874,0.15986957148870481,0.793885533928805,False
创业板ETF易方达,3月,2.95,3.457,2027-03-24,202703,rule_fourth_wednesday,medium,212.0,152.0,91950.31023996002,-897668.78176811,-805718.47152815,989619.09200807,291.0,2657.0,2948.0,3.0,720.0,723.0,0.20084999999999997,0.26915,0.27355,23333.195589675153,-459506.37539975,-436173.17981007486,482839.5709894252,-242304.41954292002,-563414.0519852298,300.12666648441245,0.3828236513246256,0.3871606240024805,0.14064579461372217,0.08839533947907521,0.29026200583161094,False
创业板ETF易方达,3月,3.0,3.457,2027-03-24,202703,rule_fourth_wednesday,medium,212.0,152.0,116118.63168115,-844811.6107429899,-728692.9790618399,960930.24242414,355.0,2389.0,2744.0,9.0,281.0,290.0,0.1992,0.25345,0.2848,44223.34239044705,-193733.2003501525,-149509.85795970546,237956.54274059954,-96424.94712253999,-632268.0319393,393.0253698390645,0.3050837048062025,0.33450160176327826,0.07148727442090803,0.01957914760721097,0.25223255010452594,False
创业板ETF易方达,3月,3.1,3.457,2027-03-24,202703,rule_fourth_wednesday,medium,212.0,152.0,201229.5905469,-538695.2744391001,-337465.68389220006,739924.8649860001,353.0,1455.0,1808.0,12.0,145.0,157.0,0.28469999999999995,0.30065,0.39339999999999997,39449.56153965541,-239972.5944578795,-200523.03291822408,279422.1559975349,-46843.74282530001,-290621.9410669001,371.1036821941875,0.32075628348692825,0.3899106830071324,0.06682534583296829,0.0227756869262038,0.19416193168343404,False
创业板ETF易方达,3月,3.2,3.457,2027-03-24,202703,rule_fourth_wednesday,medium,212.0,152.0,510551.38356956997,-685455.88295625,-174904.49938668002,1196007.26652582,747.0,1725.0,2472.0,77.0,282.0,359.0,0.30035,0.23229999999999998,0.4522,132956.79687011003,-322348.89467583335,-189392.09780572332,455305.6915459434,-59430.01846663,-115474.48092005006,257.68695524793026,0.36534370267679805,0.35613207547169823,0.13327862173331007,0.05927154965616504,0.275583216125243,False
创业板ETF易方达,3月,3.3,3.457,2027-03-24,202703,rule_fourth_wednesday,medium,212.0,152.0,407603.66306283005,-320595.62642682,87008.03663601005,728199.28948965,533.0,786.0,1319.0,44.0,305.0,349.0,0.3069,0.17935,0.49060000000000004,94980.06557674201,-207853.640359143,-112873.57478240099,302833.705935885,-90755.82288241,177763.85951842,316.8682204492337,0.44067824768212693,0.39878807730101545,0.23529615360745504,0.014271327972243866,0.198227365392443,True
创业板ETF易方达,3月,3.4,3.457,2027-03-24,202703,rule_fourth_wednesday,medium,212.0,152.0,376856.8772811,-306707.78382089996,70149.09346020006,683564.6611019999,514.0,726.0,1240.0,192.0,481.0,673.0,0.32125,0.12229999999999999,0.48350000000000004,131679.95167254,-232361.9849215418,-100682.0332490018,364041.9365940818,-62433.02780334995,132582.12126355,317.21141609788333,0.5535084449176162,0.4061967026719728,0.5180376456464182,0.08798078116852481,0.21255762084473087,True
创业板ETF易方达,3月,3.5,3.457,2027-03-24,202703,rule_fourth_wednesday,medium,212.0,152.0,997988.39107126,-371897.15543761,626091.23563365,1369885.54650887,1343.0,869.0,2212.0,316.0,134.0,450.0,0.32645,0.07325000000000001,0.48995,394919.79509689315,-164665.7092313679,230254.08586552527,559585.504328261,177474.17093865998,448617.06469499,292.06859502225143,0.41924399354153014,0.4273084479371316,0.19474717389832802,0.034495275266485236,0.28502139960095235,True
创业板ETF易方达,3月,3.6,3.457,2027-03-24,202703,rule_fourth_wednesday,medium,212.0,152.0,1347135.0737930397,-232420.111352,1114714.9624410397,1579555.1851450396,1832.0,550.0,2382.0,935.0,108.0,1043.0,0.3349,0.026999999999999996,0.48445,910935.8941383631,-86016.58167935538,824919.3124590077,996952.4758177184,641900.0577078298,472814.90473320987,272.75039027866194,0.523146650857658,0.4607180570221753,0.3533674077014688,0.09936971892222535,0.32389162119661286,True
创业板ETF易方达,3月,3.7,3.457,2027-03-24,202703,rule_fourth_wednesday,medium,212.0,152.0,401756.82969807,-217792.272176,183964.55752207,619549.10187407,567.0,536.0,1103.0,349.0,133.0,482.0,0.34840000000000004,-0.014399999999999996,0.46645000000000003,238152.63657390836,-88383.26593139414,149769.3706425142,326535.9025053025,193247.73800829003,-9283.180486220022,279.2932876121153,0.49929629201933934,0.49637943519188993,0.4318273052725789,0.04412337504260187,0.19170232407880766,False
创业板ETF易方达,3月,3.8,3.457,2027-03-24,202703,rule_fourth_wednesday,medium,212.0,152.0,360303.7563312,-91837.25520841999,268466.50112278,452141.01153962,528.0,223.0,751.0,96.0,5.0,101.0,0.34725000000000006,-0.056900000000000034,0.4578,131249.89525242496,-30237.692679791955,101012.202572633,161487.5879322169,63450.6425957,205015.85852707998,292.60449658545497,0.3467643440280079,0.4932532499588613,0.10211985324092948,0.03736430425088637,0.11999270686128058,False
创业板ETF易方达,3月,3.9,3.457,2027-03-24,202703,rule_fourth_wednesday,medium,212.0,152.0,522018.82072752,-90775.90030873001,431242.92041878996,612794.72103625,808.0,221.0,1029.0,245.0,0.0,245.0,0.34855,-0.09605,0.44215,283251.0274553696,-30200.860389109726,253050.16706625986,313451.8878444793,158285.4097503,272957.51066849,278.7395660443645,0.43765191152094407,0.3,0.1516089108910891,0.043010752688172046,0.16597629283119397,False
创业板ETF易方达,3月,4.0,3.457,2027-03-24,202703,rule_fourth_wednesday,medium,212.0,152.0,1602370.7899879199,-257651.9388457,1344718.8511422197,1860022.72883362,2654.0,665.0,3319.0,392.0,57.0,449.0,0.36245000000000005,-0.1266,0.41469999999999996,542505.1973574536,-92842.92550765237,449662.2718498013,635348.122865106,214588.24955909996,1130130.6015831197,357.6485080168734,0.34945325612163847,0.4760872421495204,0.11670793411562062,0.02313397092315371,0.3348768339785405,False
创业板ETF易方达,3月,4.1,3.457,2027-03-24,202703,rule_fourth_wednesday,medium,212.0,152.0,156403.74857525,-1115.0142117,155288.73436355,157518.76278695,275.0,3.0,278.0,215.0,1.0,216.0,0.368,-0.15955,0.39344999999999997,92371.86172232653,-528.6442666860568,91843.21745564048,92900.50598901258,121907.62293675,33381.111426799995,349.4532731825625,0.5323565733731419,0.46061502069781196,0.5575757575757576,0.7048611111111112,0.06462347469121973,False
创业板ETF易方达,3月,4.2,3.457,2027-03-24,202703,rule_fourth_wednesday,medium,212.0,152.0,427801.5539407501,-27388.71672122,400412.8372195301,455190.2706619701,825.0,74.0,899.0,516.0,0.0,516.0,0.36855,-0.18889999999999996,0.3718,229200.0661231617,-9662.477826287553,219537.58829687414,238862.54394944926,267570.42646476004,132842.41075477,337.129098063167,0.4442765195292644,0.3,0.31272727272727274,0.3025291828793774,0.16068065285335786,False
科创50ETF华夏,8月,1.45,1.691,2026-08-26,202608,rule_fourth_wednesday,medium,2.0,2.0,74926.26577274999,-2237315.8102954403,-2162389.54452269,2312242.0760681904,525.0,49147.0,49672.0,214.0,7338.0,7552.0,0.4701,0.481,0.32915,26050.409579460644,-338257.44014819944,-312207.0305687388,364307.84972766007,-303505.94242582005,-1858883.6020968703,3490.6649884623453,0.24943478127777405,0.9930156121610517,0.278463114059183,-0.011054359597089858,0.6398165223514485,False
科创50ETF华夏,8月,1.5,1.691,2026-08-26,202608,rule_fourth_wednesday,medium,2.0,2.0,64147.881065400004,-3941669.3132322,-3877521.4321668004,4005817.1942976,412.0,25316.0,25728.0,177.0,12636.0,12813.0,0.0001,0.4757,0.5445,23853.047036940003,-1279672.3778845053,-1255819.3308475653,1303525.4249214453,-1939850.6072665502,-1937670.82490025,3625.7615317667533,0.34824852696863107,0.47715736040609136,0.46437131742157767,0.06392492418495811,0.6797436808477144,False
科创50ETF华夏,8月,1.55,1.691,2026-08-26,202608,rule_fourth_wednesday,medium,2.0,2.0,245777.79636909,-14272805.11371548,-14027027.317346388,14518582.91008457,639.0,37108.0,37747.0,787.0,41242.0,42029.0,0.0001,0.4255,1.3451,177229.31100681107,-6380783.462602215,-6203554.151595403,6558012.773609026,-14027027.317346388,0.0,574.315190323728,0.5840772595057236,0.473851590106007,1.171508221234031,-0.10058621175264604,0.8433132649800918,False
科创50ETF华夏,8月,1.6,1.691,2026-08-26,202608,rule_fourth_wednesday,medium,2.0,2.0,4264163.696428141,-47739125.540220365,-43474961.84379222,52003289.23664851,6033.0,67542.0,73575.0,15621.0,95997.0,111618.0,0.0001,0.32389999999999997,2.4718,3394785.8631889713,-23101992.516326208,-19707206.653137237,26496778.37951518,-43474961.84379222,0.0,205.2659294365462,0.6400207680372159,0.42729188619599573,2.005276246258088,0.13650059526536207,0.9359871436603414,False
科创50ETF华夏,8月,1.65,1.691,2026-08-26,202608,rule_fourth_wednesday,medium,2.0,2.0,12320631.25853652,-50551983.18862713,-38231351.93009061,62872614.44716365,12422.0,38787.0,51209.0,92108.0,185213.0,277321.0,0.23895,0.19615,4.01325,9509124.889658354,-35707353.204665236,-26198228.315006882,45216478.09432359,-38231351.93009061,0.0,108.35058661145587,0.7390771064684112,0.23255813953488375,6.0950199375850485,0.27016133514237917,0.9332285901310197,True
科创50ETF华夏,8月,1.7,1.691,2026-08-26,202608,rule_fourth_wednesday,medium,2.0,2.0,42036219.3544665,-38271132.1433235,3765087.2111429945,80307351.49779001,38630.0,35170.0,73800.0,192244.0,226918.0,419162.0,0.0001,-0.01949999999999999,3.8055,36545842.18230375,-26919019.699771434,9626822.482532315,63464861.88207518,3765087.2111429945,0.0,89.87272079541408,0.7863829957432018,0.004854368932038944,5.714289853999335,0.5581143849371094,0.9557793239285827,True
科创50ETF华夏,8月,1.75,1.691,2026-08-26,202608,rule_fourth_wednesday,medium,2.0,2.0,71800128.10412689,-41859949.67927136,29940178.424855523,113660077.78339824,59739.0,35217.0,94956.0,194813.0,185116.0,379929.0,0.44310000000000005,-0.29525,4.18,42999525.97934048,-33198668.894791447,9800857.084549032,76198194.87413192,29940178.424855523,0.0,142.65958961218553,0.695983600685675,0.3268072289156627,4.258753817599331,-0.03869616458571773,0.9726099494404226,True
科创50ETF华夏,8月,1.8,1.691,2026-08-26,202608,rule_fourth_wednesday,medium,2.0,2.0,40090829.360606745,-12970788.822784003,27120040.537822742,53061618.18339075,71807.0,21808.0,93615.0,133952.0,76896.0,210848.0,0.48,-0.42005,2.01625,25836312.254613265,-12207679.26454508,13628632.990068186,38043991.51915835,27120040.537822742,0.0,231.21502797761713,0.7928057553956841,0.4460916442048517,2.6957451804784327,-0.2392715456983082,0.9480784444840005,False
科创50ETF华夏,8月,1.85,1.691,2026-08-26,202608,rule_fourth_wednesday,medium,2.0,2.0,16294169.144376002,-3589260.8698821007,12704908.274493901,19883430.0142581,63825.0,11410.0,75235.0,68347.0,23903.0,92250.0,0.5531999999999999,-0.46055,0.9964500000000001,8122430.396041078,-3050309.159326136,5072121.236714941,11172739.555367213,12704908.274493901,0.0,507.53843857292156,0.6741650963939063,0.4881250000000001,1.5828833600586067,-0.3608116586230321,0.8926326170183508,False
科创50ETF华夏,8月,1.9,1.691,2026-08-26,202608,rule_fourth_wednesday,medium,2.0,2.0,8246782.664837801,-3440227.32228981,4806555.34254799,11687009.987127611,65740.0,13053.0,78793.0,32293.0,18015.0,50308.0,0.68565,-0.4648,0.6801999999999999,2560451.492288075,-3036356.8484778004,-475905.35618972545,5596808.340765875,610781.9961709003,4195773.346377091,982.4636901559973,0.5965411937399332,0.4933649289099527,0.9356827478368537,-0.2809817593453502,0.8576703732253017,False
科创50ETF华夏,8月,1.95,1.691,2026-08-26,202608,rule_fourth_wednesday,medium,2.0,2.0,3805536.714498751,-449095.90283424006,3356440.811664511,4254632.617332991,45375.0,4742.0,50117.0,21077.0,3329.0,24406.0,0.6932499999999999,-0.4871,0.31225,1264722.2088348123,-252287.1335131566,1012435.0753216557,1517009.3423479688,1452421.7031283304,1904019.10853618,1552.9733424470276,0.4470520654931059,0.999613601236476,0.583265674652278,-0.21674689614643636,0.7278583538692436,False
科创50ETF华夏,8月,2.0,1.691,2026-08-26,202608,rule_fourth_wednesday,medium,2.0,2.0,3567081.9345914205,-801739.5670914002,2765342.36750002,4368821.501682821,66038.0,5061.0,71099.0,14543.0,4245.0,18788.0,0.89475,-0.47555,0.37145000000000006,710561.9627515726,-549591.4425408809,160970.52021069173,1260153.4052924535,113076.08872387,2652266.27877615,2072.921730675741,0.4423492508739665,0.49227799227799224,0.5294943663141767,-0.15118702639917864,0.7466178775634235,False
科创50ETF华夏,8月,2.05,1.691,2026-08-26,202608,rule_fourth_wednesday,medium,2.0,2.0,1103257.68411045,-560167.52397192,543090.1601385301,1663425.20808237,32395.0,3768.0,36163.0,4988.0,3099.0,8087.0,1.0181499999999999,-0.47415,0.3195,85990.05830004842,-387353.81090906897,-301363.75260902056,473343.8692091174,-290837.61234633,833927.77248486,5042.6585936424935,0.3847191627118551,0.7905999447055571,0.4882133040307588,-0.1682488956613125,0.5980848878789874,False
科创50ETF华夏,8月,2.1,1.691,2026-08-26,202608,rule_fourth_wednesday,medium,2.0,2.0,703130.3362115902,-738976.4468898699,-35846.110678279656,1442106.78310146,38969.0,7763.0,46732.0,5861.0,2038.0,7899.0,1.0208,-0.4855,0.19799999999999998,101599.2509738073,-373624.61428069934,-272025.36330689205,475223.86525450664,-88249.61716490996,52403.5064866303,3457.966764418377,0.32504653775887615,0.795609756097561,0.2064644873554552,-0.08932716204617189,0.597544683915684,False
科创50ETF华夏,8月,2.15,1.691,2026-08-26,202608,rule_fourth_wednesday,medium,2.0,2.0,322601.44216458,-1689.6101332800001,320911.8320313,324291.05229786,21127.0,2462.0,23589.0,1356.0,580.0,1936.0,0.4628,-0.49875,0.0279,72802.534953012,-867.1169622723353,71935.41799073966,73669.65191528434,20307.57654504,300604.25548626,226.2837249782412,0.3694393302455467,0.7975935243929119,0.1498820505921079,-0.1471217042399553,0.39778499944453943,False
科创50ETF华夏,8月,2.2,1.691,2026-08-26,202608,rule_fourth_wednesday,medium,2.0,2.0,380192.0185904,-219844.04798250002,160347.97060789997,600036.0665729,28904.0,3015.0,31919.0,3144.0,623.0,3767.0,1.2082000000000002,-0.48715,0.1505,92580.38692384,-98547.00785886988,-5966.620935029889,191127.3947827099,-4072.186892100006,164420.15749999994,209.6600372293532,0.3458841260347729,0.796470588235294,0.15770368564961887,-0.13025934470524342,0.4814099201675896,False
科创50ETF华夏,8月,2.25,1.691,2026-08-26,202608,rule_fourth_wednesday,medium,2.0,2.0,300378.81400422,-119606.60002648002,180772.21397773997,419985.41403070005,26131.0,1322.0,27453.0,1514.0,688.0,2202.0,1.3894,-0.48005000000000003,0.17830000000000001,67037.20360911601,-65019.94549812884,2017.258110987168,132057.14910724486,-44842.495421240004,225614.70939898002,110.10477712662019,0.3833952844688716,0.7934151984338851,0.28918122359291665,-0.15465016625624328,0.4235234636973108,False
科创50ETF华夏,8月,2.3,1.691,2026-08-26,202608,rule_fourth_wednesday,medium,2.0,2.0,248599.73238356,-61236.471890439985,187363.26049312003,309836.204274,24421.0,818.0,25239.0,1161.0,105.0,1266.0,1.44885,-0.4835,0.1487,54447.423472696,-30981.118823336226,23466.304649359772,85428.54229603222,3958.2651690600014,183404.99532406003,181.7735200196512,0.36247117377728594,0.7949280104712042,0.08795145446286609,-0.1315150275084154,0.3811600201269071,False
科创50ETF华夏,8月,2.35,1.691,2026-08-26,202608,rule_fourth_wednesday,medium,2.0,2.0,250054.37896307002,-24490.310972600004,225564.06799047,274544.68993567,27413.0,1145.0,28558.0,1048.0,83.0,1131.0,1.31155,-0.49624999999999997,0.05335,53834.711040902,-12053.675710640951,41781.03533026105,65888.38675154296,7784.307936680001,217779.76005379003,171.01778282254978,0.35373671083363323,0.7993925588458619,0.055359559906632765,-0.049781988480533376,0.38131055832618094,False
科创50ETF华夏,8月,2.4,1.691,2026-08-26,202608,rule_fourth_wednesday,medium,2.0,2.0,270472.13131104,0.0,270472.13131104,270472.13131104,32843.0,765.0,33608.0,161.0,158.0,319.0,0.64925,-0.4991,0.0144,54624.779922240006,0.0,54624.779922240006,54624.779922240006,1325.8841500800002,269146.24716096005,160.4278074866321,0.3781164885555646,0.7974515078578509,0.10571902887554355,-0.03355327176255667,0.3455898785074356,False
科创50ETF华夏,8月,2.45,1.691,2026-08-26,202608,rule_fourth_wednesday,medium,2.0,2.0,177557.47105830003,-33477.430997120005,144080.04006118,211034.90205542004,23610.0,352.0,23962.0,248.0,27.0,275.0,1.9454500000000001,-0.46599999999999997,0.17945,36257.52136663601,-16995.744454759988,19261.77691187602,53253.265821395995,-702.8032401800003,144782.84330136003,153.75517445298698,0.35593964405346695,0.7865955231650182,0.04360428458665434,-0.0014990920991512183,0.3060604080268847,False
科创50ETF华夏,8月,2.5,1.691,2026-08-26,202608,rule_fourth_wednesday,medium,2.0,2.0,220688.56710104,-15282.925126650001,205405.64197439002,235971.49222769,32024.0,185.0,32209.0,54.0,1.0,55.0,1.9762,-0.47159999999999996,0.1565,44286.566563144006,-7408.024092484987,36878.54247065902,51694.59065562899,289.52245124999996,205116.11952314,146.7957811632643,0.3427000156804768,0.7898334149926507,0.0035458203644563877,-0.005710934123603136,0.3085345109772862,False
科创50ETF华夏,8月,2.55,1.691,2026-08-26,202608,rule_fourth_wednesday,medium,2.0,2.0,725213.6790524401,-58839.654916240004,666374.0241362001,784053.3339686801,114242.0,1474.0,115716.0,1123.0,23.0,1146.0,1.7824,-0.49019999999999997,0.0809,147894.27889123204,-31943.022680711092,115951.25621052095,179837.30157194313,6210.735542380002,660163.2885938201,79.19869555089713,0.3734072836125823,0.7977906976744186,0.012716904582352818,-0.0065145695260791945,0.5075805710008844,False
科创50ETF华夏,9月,1.1,1.691,2026-09-23,202609,rule_fourth_wednesday,medium,30.0,22.0,83136.77935248002,-2816110.250854651,-2732973.471502171,2899247.030207131,2036.0,103995.0,106031.0,31.0,9450.0,9481.0,0.34815,0.48175,0.11875000000000001,37359.77225872828,-155493.8532411029,-118134.08098237461,192853.62549983116,-254633.4088624201,-2478340.062639751,400.9760428240095,0.2522965077403622,0.46688513280441535,0.05304784327794208,0.011731862456499906,0.6935076076085396,False
科创50ETF华夏,9月,1.15,1.691,2026-09-23,202609,rule_fourth_wednesday,medium,30.0,22.0,107766.17548092,-2698984.9082763004,-2591218.7327953805,2806751.0837572203,1842.0,74970.0,76812.0,26.0,7982.0,8008.0,0.32705,0.47345,0.16525,47124.94658516099,-455089.6075291335,-407964.6609439725,502214.5541142945,-285837.78122302005,-2305380.9515723605,1014.3141530002839,0.3029519728345172,0.4239321240491517,0.06029217332970105,0.023079241988671433,0.6766721992309435,False
科创50ETF华夏,9月,1.2,1.691,2026-09-23,202609,rule_fourth_wednesday,medium,30.0,22.0,96887.05125794001,-2552823.7665381297,-2455936.7152801896,2649710.8177960697,1214.0,47161.0,48375.0,4.0,4467.0,4471.0,0.321,0.46004999999999996,0.23420000000000002,40605.444854813766,-388470.7275240016,-347865.2826691879,429076.17237881536,-241479.36734026996,-2214457.3479399197,759.0469866970451,0.2856368972944491,0.4570868578502168,0.04900649312790806,-0.007135438316388187,0.6283557762754031,False
科创50ETF华夏,9月,1.25,1.691,2026-09-23,202609,rule_fourth_wednesday,medium,30.0,22.0,173396.9262033,-2325398.2336062803,-2152001.3074029805,2498795.15980958,1665.0,31717.0,33382.0,97.0,5151.0,5248.0,0.30419999999999997,0.44445,0.3103,56519.82345021154,-283942.43715075206,-227422.6137005405,340462.2606009636,-367554.5423109,-1784446.7650920802,567.7863108628761,0.22403059096638156,0.4017644253695756,0.1103316388242453,0.007551280527197115,0.614950020690666,False
科创50ETF华夏,9月,1.3,1.691,2026-09-23,202609,rule_fourth_wednesday,medium,30.0,22.0,364904.57548377,-2715018.0182433003,-2350113.44275953,3079922.5937270704,2793.0,27402.0,30195.0,594.0,4755.0,5349.0,0.28800000000000003,0.42469999999999997,0.40169999999999995,172628.97892867608,-490120.7623620001,-317491.7834333241,662749.7412906762,-393524.32015809003,-1956589.1226014404,471.476819704863,0.3268009451191544,0.37189189189189187,0.19310101162380755,-0.014384089319413897,0.6370564965327958,False
科创50ETF华夏,9月,1.35,1.691,2026-09-23,202609,rule_fourth_wednesday,medium,30.0,22.0,448458.6960882001,-3191895.6662500002,-2743436.9701618003,3640354.3623382,2835.0,23750.0,26585.0,67.0,8083.0,8150.0,0.2743,0.39954999999999996,0.5116,167794.9223587522,-1072907.0098024001,-905112.0874436479,1240701.9321611524,-1075721.19662336,-1667715.7735384402,522.0588235294122,0.35514694099082095,0.37801968386519536,0.18198499953587674,0.010095753720083355,0.6612525645393381,False
科创50ETF华夏,9月,1.4,1.691,2026-09-23,202609,rule_fourth_wednesday,medium,30.0,22.0,1023289.8673866001,-4069676.38216124,-3046386.51477464,5092966.24954784,5514.0,22598.0,28112.0,438.0,11944.0,12382.0,0.2611,0.36885,0.6394,353848.58159758564,-2183343.473513693,-1829494.8919161074,2537192.055111279,-2069712.1354085202,-976674.3793661195,183.89887097145606,0.4411428731802781,0.331947331947332,0.30398825822694064,0.023188313919379918,0.7180973887553292,False
科创50ETF华夏,9月,1.45,1.691,2026-09-23,202609,rule_fourth_wednesday,medium,30.0,22.0,873137.26190496,-5178189.2490483,-4305051.98714334,6051326.510953261,4128.0,21810.0,25938.0,324.0,18216.0,18540.0,0.24765,0.332,0.785,296659.912781934,-3276900.144536152,-2980240.231754218,3573560.057318086,-4256360.9162442,-48691.070899140206,308.05625465705856,0.4862953116833292,0.26174773289365216,0.4568507885224401,-0.02063826981405776,0.7378645532074882,False
科创50ETF华夏,9月,1.5,1.691,2026-09-23,202609,rule_fourth_wednesday,medium,30.0,22.0,1357792.09774065,-11972697.2738656,-10614905.176124949,13330489.37160625,6435.0,39058.0,45493.0,1818.0,25753.0,27571.0,0.36445,0.39425,0.90495,902897.6162046689,-7809639.078670492,-6906741.462465824,8712536.694875162,-7510630.95625378,-3104274.219871169,137.1786706296553,0.6586311114873037,0.16231155778894485,0.4709351199775697,0.07585464205059525,0.8338354235940187,False
科创50ETF华夏,9月,1.55,1.691,2026-09-23,202609,rule_fourth_wednesday,medium,30.0,22.0,1926564.1145844802,-11604344.250080261,-9677780.135495782,13530908.36466474,4523.0,30658.0,35181.0,3953.0,36285.0,40238.0,0.40475000000000005,0.30019999999999997,1.40665,1172362.7143411704,-10708446.548098385,-9536083.833757214,11880809.262439556,-9920570.660658982,242790.5251632001,243.56128097874233,0.7656607506505049,0.05985267034990782,1.0287592246568293,0.23225448838795443,0.8322143727688439,False
科创50ETF华夏,9月,1.6,1.691,2026-09-23,202609,rule_fourth_wednesday,medium,30.0,22.0,6561867.08448955,-18286643.95287276,-11724776.86838321,24848511.03736231,11615.0,41089.0,52704.0,12447.0,59750.0,72197.0,0.3923,0.22135,1.76605,5407287.146144047,-14553678.3512801,-9146391.205136053,19960965.497424148,-11724776.86838321,0.0,26.870227425252004,0.8099554309630244,0.0,1.2628959959422417,0.3244029405411534,0.893093651909433,False
科创50ETF华夏,9月,1.65,1.691,2026-09-23,202609,rule_fourth_wednesday,medium,30.0,22.0,11192023.96081816,-18833486.15241063,-7641462.19159247,30025510.11322879,17467.0,37859.0,55326.0,25461.0,64838.0,90299.0,0.39435,0.12125,1.99025,8913018.6941668,-15734888.124888651,-6821869.430721851,24647906.819055453,-7641462.19159247,0.0,99.14363132839112,0.8159231901753825,0.0,1.5851404466370853,0.4071814240324302,0.9085623648046629,True
科创50ETF华夏,9月,1.7,1.691,2026-09-23,202609,rule_fourth_wednesday,medium,30.0,22.0,28426603.889656007,-26338941.133511502,2087662.756144505,54765545.023167506,42520.0,51545.0,94065.0,67192.0,96188.0,163380.0,0.39915,0.017999999999999988,2.0625,24780490.58383776,-21887850.625206105,2892639.9586316533,46668341.20904386,2087662.756144505,0.0,53.901495017855645,0.8513715576089039,0.0,1.723171087707797,0.6425213576371199,0.9491367781159263,True
科创50ETF华夏,9月,1.75,1.691,2026-09-23,202609,rule_fourth_wednesday,medium,30.0,22.0,30280395.127824407,-20752778.864165403,9527616.263659004,51033173.99198981,47359.0,41782.0,89141.0,60667.0,62645.0,123312.0,0.40564999999999996,-0.08049999999999999,1.9865000000000002,29179329.41964752,-17018197.950071417,12161131.469576102,46197527.36971894,9527616.263659004,0.0,29.62760946100018,0.8918409835922485,0.0,1.3901662049570314,0.2542192878135832,0.9430228112517041,True
科创50ETF华夏,9月,1.8,1.691,2026-09-23,202609,rule_fourth_wednesday,medium,30.0,22.0,32289175.3832586,-23142391.433175523,9146783.950083077,55431566.81643412,57789.0,49676.0,107465.0,44353.0,48815.0,93168.0,0.41559999999999997,-0.16624999999999998,1.7915999999999999,22073144.825931445,-16133694.314819245,5939450.5111122,38206839.14075069,2040629.7267083973,7106154.223374681,189.2743295752397,0.6903785805441971,0.08517555266579974,0.8750833458050897,-0.002654909481277841,0.9506090565281711,False
科创50ETF华夏,9月,1.85,1.691,2026-09-23,202609,rule_fourth_wednesday,medium,30.0,22.0,25085360.01852447,-12930604.536291001,12154755.48223347,38015964.55481547,53081.0,32071.0,85152.0,51895.0,19376.0,71271.0,0.4385,-0.23255000000000003,1.53135,16574823.037509687,-7454055.493811542,9120767.543698145,24028878.531321228,16712724.674932651,-4557969.192699181,208.5117098967513,0.6186015130790363,0.22417302798982203,0.7909081548720457,0.03375688604886935,0.9264366818541471,False
科创50ETF华夏,9月,1.9,1.691,2026-09-23,202609,rule_fourth_wednesday,medium,30.0,22.0,20023790.67019296,-7913236.902283441,12110553.76790952,27937027.572476402,52227.0,22477.0,74704.0,32932.0,7002.0,39934.0,0.46229999999999993,-0.2827,1.286,14927879.982296549,-4230425.3307317365,10697454.651564812,19158305.313028283,10160983.64174992,1949570.1261596,34.90720382187362,0.6400541579236139,0.3072590738423029,0.47103675897452113,0.06035552165856784,0.9018772907507369,False
科创50ETF华夏,9月,1.95,1.691,2026-09-23,202609,rule_fourth_wednesday,medium,30.0,22.0,9965901.269486923,-3657780.8402068806,6308120.429280043,13623682.109693803,32566.0,11864.0,44430.0,21195.0,3236.0,24431.0,0.4796,-0.32484999999999997,1.0742,6177193.111204907,-2062446.2105456707,4114746.9006592366,8239639.321750578,5488440.306825782,819680.1224542605,170.78212290502785,0.5918423175490496,0.3606701940035272,0.4617950396826794,-0.018899609583715372,0.8328777432777086,False
科创50ETF华夏,9月,2.0,1.691,2026-09-23,202609,rule_fourth_wednesday,medium,30.0,22.0,9594860.047613481,-2838450.8897958803,6756409.1578176,12433310.937409362,39766.0,10522.0,50288.0,19970.0,2496.0,22466.0,0.49495,-0.3585,0.8936,5052551.645095604,-1588225.3110568742,3464326.3340387293,6640776.956152478,4145092.1052967603,2611317.0525208404,256.02071644367703,0.5430644383846903,0.39661482159194883,0.3697025288490798,0.013570949602872792,0.8317407550668372,False
科创50ETF华夏,9月,2.05,1.691,2026-09-23,202609,rule_fourth_wednesday,medium,30.0,22.0,5345294.7451554,-1431754.0321409605,3913540.713014439,6777048.777296361,29090.0,6053.0,35143.0,11301.0,535.0,11836.0,0.51515,-0.38254999999999995,0.7349,2231877.0336203715,-530660.4609686101,1701216.5726517614,2762537.4945889814,1950014.6610758598,1963526.051938579,293.27345852881245,0.39408855440238605,0.42999733830183645,0.23843496973025657,-0.019575288055676314,0.7524506332346549,False
科创50ETF华夏,9月,2.1,1.691,2026-09-23,202609,rule_fourth_wednesday,medium,30.0,22.0,3660768.7690934,-1199846.09117275,2460922.6779206498,4860614.86026615,24265.0,5705.0,29970.0,14864.0,189.0,15053.0,0.5512,-0.3937,0.6315500000000001,1433902.9359250984,-543249.9304210717,890653.0055040267,1977152.8663461702,2202725.95540489,258196.72251576022,300.30324236062563,0.4222304152383146,0.456,0.32284918948370434,-0.03384319857881475,0.7210381205101181,False
科创50ETF华夏,9月,2.15,1.691,2026-09-23,202609,rule_fourth_wednesday,medium,30.0,22.0,2403645.8437501504,-531533.71065108,1872112.1330990703,2935179.5544012305,19905.0,2802.0,22707.0,8886.0,68.0,8954.0,0.5837,-0.40335000000000004,0.54285,658133.3610058007,-228623.62674645914,429509.7342593415,886756.9877522598,1060137.3111214603,811974.8219776102,955.6151807481677,0.3519634736194833,0.4757894736842105,0.23534443854561846,-0.04071553153076227,0.6266651976675304,False
科创50ETF华夏,9月,2.2,1.691,2026-09-23,202609,rule_fourth_wednesday,medium,30.0,22.0,2438890.2910312205,-456441.4520062801,1982448.8390249405,2895331.7430375004,24362.0,2652.0,27014.0,7218.0,189.0,7407.0,0.61325,-0.4118,0.476,1155698.4602629961,-210484.67579208544,945213.7844709107,1366183.1360550816,690067.8838658702,1292380.9551590702,249.53004669213556,0.4675025962893018,0.4877862595419848,0.18377403091603606,-0.03142792114707101,0.6301358308543172,False
科创50ETF华夏,9月,2.25,1.691,2026-09-23,202609,rule_fourth_wednesday,medium,30.0,22.0,1139869.64958496,-371072.5617852,768797.0877997599,1510942.2113701599,14056.0,2260.0,16316.0,1662.0,23.0,1685.0,0.6883,-0.4019,0.42890000000000006,75623.67984440533,-165779.50543295525,-90155.82558854992,241403.18527736058,131003.29031046,637793.7974892999,1007.4116260490583,0.25655089827388977,0.48425735797399044,0.06420915579149898,0.004685336608659931,0.4838487816388688,False
科创50ETF华夏,9月,2.3,1.691,2026-09-23,202609,rule_fourth_wednesday,medium,30.0,22.0,857118.59231701,-213033.19316265002,644085.39915436,1070151.7854796601,13141.0,1407.0,14548.0,2381.0,31.0,2412.0,0.7015499999999999,-0.41285,0.37879999999999997,134654.1461968061,-98286.13698735979,36368.00920944632,232940.2831841659,150606.46230596,493478.93684840004,1647.71037565332,0.30923315828736864,0.48414711477488903,0.10161066994811672,-0.007332108748894975,0.46293455180831106,False
科创50ETF华夏,9月,2.35,1.691,2026-09-23,202609,rule_fourth_wednesday,medium,30.0,22.0,712880.7660942501,-215005.83472531007,497874.93136894004,927886.6008195602,12623.0,1523.0,14146.0,2684.0,220.0,2904.0,0.73055,-0.4175,0.3456,94178.6215007412,-111566.09538317486,-17387.473882433667,205744.71688391606,120520.26139560003,377354.66997334,856.0324607509109,0.3255039551477246,0.48102941176470587,0.17853974149783075,-0.02416902834778581,0.452547592506022,False
科创50ETF华夏,9月,2.4,1.691,2026-09-23,202609,rule_fourth_wednesday,medium,30.0,22.0,516910.66795480007,-83212.38403012,433698.2839246801,600123.05198492,11228.0,673.0,11901.0,1302.0,6.0,1308.0,0.70715,-0.43725,0.2967,85239.89161970075,-39176.756658348015,46063.134961352735,124416.64827804876,59199.148867560005,374499.1350571201,671.2113693492882,0.31785347994531876,0.4915277777777778,0.06243770217843207,-0.0013424125283917313,0.3692921757871708,False
科创50ETF华夏,9月,2.45,1.691,2026-09-23,202609,rule_fourth_wednesday,medium,30.0,22.0,293927.93924746005,-77562.22114298,216365.71810448007,371490.16039044,7454.0,619.0,8073.0,848.0,13.0,861.0,0.78535,-0.4244,0.28805,52565.80872186935,-37393.26262850911,15172.546093360237,89959.07135037845,31809.610109060002,184556.10799542005,1617.3952858735465,0.3304728761962292,0.4758974358974358,0.06738301864792266,-0.0022282139775668675,0.28711989057732556,False
科创50ETF华夏,9月,2.5,1.691,2026-09-23,202609,rule_fourth_wednesday,medium,30.0,22.0,402302.3835267,-58740.0305982,343562.35292850004,461042.4141249,12618.0,670.0,13288.0,2972.0,0.0,2972.0,0.28385,-0.46349999999999997,0.20904999999999999,91543.08159628001,-28103.675491576687,63439.406104703325,119646.7570878567,94756.9094818,248805.4434467,1614.435524968558,0.35299478448276594,0.4493506493506493,0.11776826755428753,0.004921968787515006,0.388348586122689,False
科创50ETF华夏,9月,2.55,1.691,2026-09-23,202609,rule_fourth_wednesday,medium,30.0,22.0,1314189.7878239201,-123167.22576768002,1191022.5620562402,1437357.0135916,44362.0,1152.0,45514.0,6026.0,4.0,6030.0,0.80145,-0.43994999999999995,0.23875000000000002,228186.7635961387,-59616.01547188272,168570.748124256,287802.77906802145,178087.9047838,1012934.6572724401,549.5429117205625,0.32882901434608025,0.48246217331499314,0.06965459990782902,-0.006167067414729718,0.5849626962676107,False
科创50ETF华夏,12月,1.3,1.691,2026-12-23,202612,rule_fourth_wednesday,medium,121.0,87.0,415844.91413751,-6232362.197510339,-5816517.28337283,6648207.111647849,3597.0,49122.0,52719.0,260.0,231417.0,231677.0,0.23834999999999998,0.34735,0.424,217350.19487372797,-5008416.368360722,-4791066.173486995,5225766.56323445,-6202303.905134539,385786.62176171,126.64202627242007,0.6631428705027758,0.2155672823218997,2.391674391132303,0.06547826249515538,0.8088369993934569,False
科创50ETF华夏,12月,1.35,1.691,2026-12-23,202612,rule_fourth_wednesday,medium,121.0,87.0,87754.35505571002,-3672032.8366486,-3584278.4815928903,3759787.19170431,697.0,24940.0,25637.0,24.0,35518.0,35542.0,0.23725,0.319,0.4776,47043.34055102121,-2203219.7019891604,-2156176.3614381393,2250263.0425401814,-3669011.16588628,84732.68429339002,493.52329304566865,0.5680399196208337,0.13224637681159412,0.7292856082719043,0.07147972376963431,0.692818121106546,False
科创50ETF华夏,12月,1.4,1.691,2026-12-23,202612,rule_fourth_wednesday,medium,121.0,87.0,352179.3989220001,-2439003.52647882,-2086824.12755682,2791182.92540082,2600.0,14558.0,17158.0,604.0,8948.0,9552.0,0.2354,0.28864999999999996,0.5298,138254.3366559673,-867531.534164204,-729277.1975082367,1005785.8708201713,-1417307.01909504,-669517.10846178,391.8036011969476,0.3741294494459305,0.040727902946273764,0.42347628055417585,0.02071002151194613,0.6058482363284069,False
科创50ETF华夏,12月,1.45,1.691,2026-12-23,202612,rule_fourth_wednesday,medium,121.0,87.0,136506.67603787003,-1997387.7971821001,-1860881.12114423,2133894.4732199702,947.0,10697.0,11644.0,32.0,8706.0,8738.0,0.23445000000000002,0.2561,0.57855,40411.95767063605,-688293.5200774076,-647881.5624067716,728705.4777480436,-1621007.40957508,-239873.71156915,485.39606034046824,0.32032032864464544,0.0,0.423831983604439,-0.07468407817672523,0.5433821201654687,False
科创50ETF华夏,12月,1.5,1.691,2026-12-23,202612,rule_fourth_wednesday,medium,121.0,87.0,654391.51197975,-2316371.33820105,-1661979.8262213003,2970762.8501808,2325.0,11505.0,13830.0,256.0,7240.0,7496.0,0.34655,0.3036,0.8442,200058.6226699452,-1656768.9122840138,-1456710.2896140686,1856827.534953959,-1385619.6232039202,-276360.2030173802,217.20417577573753,0.5104801235878824,0.0,0.3696995696120901,0.05025862470182864,0.584225530913822,False
科创50ETF华夏,12月,1.55,1.691,2026-12-23,202612,rule_fourth_wednesday,medium,121.0,87.0,847783.61642884,-1729556.9398759503,-881773.3234471104,2577340.55630479,2444.0,8055.0,10499.0,184.0,4073.0,4257.0,0.36225,0.23925,0.982,227248.3852774938,-695730.6513452581,-468482.2660677643,922979.036622752,-810721.5686449301,-71051.75480218022,505.4048967951393,0.3351547253553222,0.0,0.29046754056857466,0.03591632731523982,0.5232885669444063,False
科创50ETF华夏,12月,1.6,1.691,2026-12-23,202612,rule_fourth_wednesday,medium,121.0,87.0,1633739.93500302,-3351832.7294382,-1718092.79443518,4985572.66444122,4329.0,14763.0,19092.0,1190.0,4552.0,5742.0,0.37215,0.17760000000000004,1.0569000000000002,362020.4649676909,-1147610.493410439,-785590.0284427481,1509630.9583781299,-584399.5666206,-1133693.2278145798,423.2260050655586,0.2819865022733734,0.0,0.2916143442459232,0.05175660329449444,0.6649723312679121,False
科创50ETF华夏,12月,1.65,1.691,2026-12-23,202612,rule_fourth_wednesday,medium,121.0,87.0,946346.5809060701,-1285888.8752811004,-339542.2943750303,2232235.4561871705,2347.0,5515.0,7862.0,1316.0,4089.0,5405.0,0.37755000000000005,0.11985000000000001,1.11275,401521.911063598,-899788.3374452182,-498266.42638162023,1301310.2485088161,-422768.2609399003,83225.96656486992,444.7359761753536,0.5620133387360159,0.05314960629921267,0.6510741321746749,0.08666890078900995,0.49864853753670435,True
科创50ETF华夏,12月,1.7,1.691,2026-12-23,202612,rule_fourth_wednesday,medium,121.0,87.0,1716376.47674936,-1734656.3953173,-18279.918567939894,3451032.87206666,4274.0,7371.0,11645.0,2777.0,4064.0,6841.0,0.38795,0.063,1.1137000000000001,968811.8474061888,-898811.7551685254,70000.09223766346,1867623.6025747142,158800.36230108002,-177080.28086902003,373.64714769957243,0.5413007847479729,0.1299778761061946,0.6005462572690774,0.1279727312459766,0.5838276262693594,True
科创50ETF华夏,12月,1.75,1.691,2026-12-23,202612,rule_fourth_wednesday,medium,121.0,87.0,2074902.3793716202,-1645993.0398465001,428909.3395251201,3720895.41921812,5437.0,6990.0,12427.0,2712.0,1385.0,4097.0,0.39990000000000003,0.010950000000000015,1.07905,1158612.9126712317,-611951.852587574,546661.0600836576,1770564.7652588058,708833.2279283702,-279923.88840325037,342.87572856853706,0.46508835475619303,0.18927893738140417,0.34847234402755667,0.044257406332364344,0.5805566051179555,True
科创50ETF华夏,12月,1.8,1.691,2026-12-23,202612,rule_fourth_wednesday,medium,121.0,87.0,2992788.9176172204,-1410025.6366766402,1582763.2809405802,4402814.554293861,8194.0,6096.0,14290.0,4060.0,2538.0,6598.0,0.40964999999999996,-0.03700000000000003,1.0431,1025788.3302793873,-576140.2241444248,449648.1061349625,1601928.554423812,895832.4478953802,686930.8330451999,353.59638088418444,0.37567798818941844,0.2472392638036809,0.45591154176572446,0.00543559206369266,0.634048886329952,False
科创50ETF华夏,12月,1.85,1.691,2026-12-23,202612,rule_fourth_wednesday,medium,121.0,87.0,2297543.82902161,-777675.8906840001,1519867.9383376096,3075219.71970561,6653.0,3532.0,10185.0,1858.0,838.0,2696.0,0.42495000000000005,-0.07905000000000001,0.98885,679537.5870255723,-318469.24879732437,361068.33822824794,998006.8358228967,457129.95784145995,1062737.9804961497,313.3322863140152,0.35264054130700295,0.3150877192982455,0.2582659258955377,-0.047097184961736746,0.5276062936556061,False
科创50ETF华夏,12月,1.9,1.691,2026-12-23,202612,rule_fourth_wednesday,medium,121.0,87.0,2484684.47891888,-600345.80555482,1884338.6733640602,3085030.2844737004,7768.0,2743.0,10511.0,5565.0,474.0,6039.0,0.42825,-0.11995,0.942,811399.1775699153,-246216.26615582983,565182.9114140854,1057615.4437257452,1676287.63973214,208051.03363192006,432.57396713283674,0.3683421593953485,0.330438901168298,0.44460205886869414,-0.019886828406264614,0.5616201293668447,False
科创50ETF华夏,12月,1.95,1.691,2026-12-23,202612,rule_fourth_wednesday,medium,121.0,87.0,1619477.61583489,-285102.72303716,1334374.89279773,1904580.33887205,5441.0,1358.0,6799.0,2656.0,280.0,2936.0,0.43645,-0.15659999999999996,0.88755,640111.847199874,-107396.65889901633,532715.1883008577,747508.5060988903,731756.74347664,602618.14932109,436.91102935914705,0.3859764170054548,0.36591865357643755,0.34716556424398937,-0.025837988826815643,0.45056498568057773,False
科创50ETF华夏,12月,2.0,1.691,2026-12-23,202612,rule_fourth_wednesday,medium,121.0,87.0,2563514.1364203,-433091.61643572006,2130422.51998458,2996605.7528560204,9415.0,2178.0,11593.0,7531.0,59.0,7590.0,0.44994999999999996,-0.18645,0.8238000000000001,1737116.2972761327,-164674.5509150196,1572441.7463611132,1901790.8481911523,2038806.9791397601,91615.54084482015,199.99425867203104,0.528930576637982,0.40202449387653083,0.41349142952725243,0.12357448318514827,0.5714380438200474,False
科创50ETF华夏,12月,2.05,1.691,2026-12-23,202612,rule_fourth_wednesday,medium,121.0,87.0,1603966.53271925,-270803.08764198003,1333163.44507727,1874769.62036123,6475.0,1431.0,7906.0,4207.0,37.0,4244.0,0.4603,-0.21440000000000003,0.76405,564916.3458937687,-105912.95779046942,459003.3881032993,670829.3036842381,1035142.8450537501,298020.60002351995,410.88435730204776,0.37165324518761933,0.427830401443392,0.3377928872268495,0.0605558133261136,0.47517727874705845,False
科创50ETF华夏,12月,2.1,1.691,2026-12-23,202612,rule_fourth_wednesday,medium,121.0,87.0,2309414.50687615,-340518.54978324,1968895.95709291,2649933.05665939,10345.0,1917.0,12262.0,6162.0,169.0,6331.0,0.4811,-0.23249999999999998,0.70095,607976.5300521197,-146231.8056793534,461744.72437276633,754208.3357314732,1345583.28625786,623312.67083505,462.9870314708684,0.3463493091937456,0.4581215694246799,0.3419043268075596,-0.024090880851548504,0.5537990248981028,False
科创50ETF华夏,12月,2.15,1.691,2026-12-23,202612,rule_fourth_wednesday,medium,121.0,87.0,2435264.18317512,-484689.7500987,1950574.43307642,2919953.93327382,12111.0,2818.0,14929.0,11431.0,37.0,11468.0,0.48515,-0.25670000000000004,0.65235,1406465.1024388322,-198393.82942368952,1208071.2730151427,1604858.9318625217,2292166.74656997,-341592.31349354994,512.5275911644142,0.49343117970579076,0.4642588412340105,0.47849128762167364,0.01796253528355145,0.6056183823084054,False
科创50ETF华夏,12月,2.2,1.691,2026-12-23,202612,rule_fourth_wednesday,medium,121.0,87.0,4191182.2208731105,-961639.6000006503,3229542.6208724603,5152821.820873761,23269.0,6015.0,29284.0,5783.0,531.0,6314.0,0.5093,-0.269,0.5945,1663711.130276477,-430711.70844726556,1232999.4218292115,2094422.8387237424,956733.6170437601,2272809.0038287,264.50508048863975,0.4224240795400912,0.4950562563927719,0.16840369316084064,-0.034930593117081965,0.7024863022935026,False
科创50ETF华夏,12月,2.25,1.691,2026-12-23,202612,rule_fourth_wednesday,medium,121.0,87.0,1133334.9920349,-197653.41741453,935681.57462037,1330988.40944943,7005.0,1301.0,8306.0,6671.0,14.0,6685.0,0.52645,-0.2816,0.54855,658385.926707612,-84115.2362756404,574270.6904319716,742501.1629832524,1077170.3815941599,-141488.80697379005,380.65805009719645,0.5032486290685638,0.49024390243902444,0.4815403623523551,0.06863244489872565,0.468116816335876,False
科创50ETF华夏,12月,2.3,1.691,2026-12-23,202612,rule_fourth_wednesday,medium,121.0,87.0,1912009.1275360005,-181615.24616616,1730393.8813698404,2093624.3737021605,13225.0,1224.0,14449.0,12426.0,12.0,12438.0,0.52515,-0.30124999999999996,0.5122500000000001,973531.9165010776,-78823.61388097839,894708.3026200992,1052355.530382056,1794712.8737782803,-64318.992408439895,470.3377013383873,0.4715906407169238,0.49465399465399457,0.47469402127580707,-0.11908346754636889,0.574326609101304,False
科创50ETF华夏,12月,2.35,1.691,2026-12-23,202612,rule_fourth_wednesday,medium,121.0,87.0,656921.03746716,-96164.60338329,560756.43408387,753085.64085045,5058.0,689.0,5747.0,6240.0,101.0,6341.0,0.5521,-0.30565000000000003,0.47114999999999996,394152.62248029606,-47771.83181915943,346380.7906611366,441924.4542994555,642824.33943855,-82067.90535468,421.6779638882473,0.5483857372590198,0.47424304699273867,0.6901392325081307,0.11928359826524772,0.3903653412382328,False
科创50ETF华夏,12月,2.4,1.691,2026-12-23,202612,rule_fourth_wednesday,medium,121.0,87.0,647798.4924224801,-79688.15948205,568110.3329404301,727486.6519045301,5558.0,567.0,6125.0,11513.0,4.0,11517.0,0.51605,-0.33925,0.44955,388679.0954534881,-35521.300434957426,353157.7950185307,424200.39588844555,647236.3184578802,-79125.98551745,394.4638355633116,0.5228769033306555,0.49142665773610184,1.0392416225749561,-0.029851721853118678,0.40981766943560716,False
科创50ETF华夏,12月,2.45,1.691,2026-12-23,202612,rule_fourth_wednesday,medium,121.0,87.0,562461.48541455,-127915.50834742001,434545.97706713004,690376.9937619701,5367.0,953.0,6320.0,15196.0,2.0,15198.0,0.5294,-0.34715,0.41795,337476.89124873007,-57578.40039764875,279898.4908510813,395055.2916463788,562193.0373382701,-127647.06027114,348.4317103482385,0.5250641894072186,0.4997484909456741,1.4167377844982092,-0.007433920704845815,0.4187486114577705,False
科创50ETF华夏,12月,2.5,1.691,2026-12-23,202612,rule_fourth_wednesday,medium,121.0,87.0,957383.8344283499,-180596.47027548,776787.3641528699,1137980.3047038298,10155.0,1401.0,11556.0,23792.0,0.0,23792.0,0.20134999999999997,-0.359,0.39025,587380.4201565236,-82328.98425843677,505051.4358980868,669709.4044149604,957383.8344283499,-180596.47027548,331.6255124796138,0.534699590016309,0.29473911168607153,1.1714426390940424,0.002872140239675151,0.515938580648795,False
科创50ETF华夏,12月,2.55,1.691,2026-12-23,202612,rule_fourth_wednesday,medium,121.0,87.0,3509019.6581798405,-1001414.8949262201,2507604.7632536204,4510434.55310606,41152.0,8287.0,49439.0,53616.0,56.0,53672.0,0.59585,-0.3408,0.3604,2636310.1058864086,-464458.1609366953,2171851.9449497135,3100768.2668231037,3502252.5248244805,-994647.76157086,242.25360132095904,0.607548633363409,0.46152169173751906,0.6548173552572834,-0.018025639788541565,0.7577531926666208,False
科创50ETF华夏,3月,1.45,1.691,2027-03-24,202703,rule_fourth_wednesday,medium,212.0,152.0,58918.06188526001,-891706.41697605,-832788.35509079,950624.47886131,398.0,5865.0,6263.0,18.0,2295.0,2313.0,0.30135,0.3543,0.5246999999999999,12849.466762916003,-410761.81179547374,-397912.3450325577,423611.27855838975,-346263.96198249003,-486524.3931083,441.60436255916625,0.3393686846005648,0.03905496624879462,0.21826523923967667,0.03546083660245956,0.37831229722610205,False
科创50ETF华夏,3月,1.5,1.691,2027-03-24,202703,rule_fourth_wednesday,medium,212.0,152.0,56069.04658572,-318269.0996911,-262200.05310538004,374338.14627682,217.0,1930.0,2147.0,50.0,350.0,400.0,0.32625000000000004,0.28475000000000006,0.74015,16381.463380344001,-86740.69763602,-70359.23425567601,103122.161016364,-44798.0590865,-217401.99401888,659.6125291777471,0.28235237936056923,0.03598645215918711,0.20588094840142307,0.13100643208475216,0.17531043685685174,False
科创50ETF华夏,3月,1.55,1.691,2027-03-24,202703,rule_fourth_wednesday,medium,212.0,152.0,82669.74032074999,-222033.43820496,-139363.69788421,304703.17852571,275.0,1328.0,1603.0,13.0,231.0,244.0,0.3438,0.23274999999999998,0.818,19616.177662796796,-59855.399757060004,-40239.22209426321,79471.5774198568,-34713.75620228,-104649.94168192998,534.0485471081806,0.25343098123299485,0.16983695652173908,0.1106092552026287,0.060366642990458796,0.13562505525998444,False
科创50ETF华夏,3月,1.6,1.691,2027-03-24,202703,rule_fourth_wednesday,medium,212.0,152.0,249833.9987624,-822824.60792553,-572990.60916313,1072658.60668793,806.0,4627.0,5433.0,64.0,424.0,488.0,0.35255,0.17935,0.8529500000000001,57901.973906720006,-194725.08011205003,-136823.10620533003,252627.05401877002,-55562.460931760004,-517428.14823137,654.4365261648516,0.2342081031554459,0.16585809581564576,0.08552025788861473,0.013306640766948789,0.32143539099139223,False
科创50ETF华夏,3月,1.65,1.691,2027-03-24,202703,rule_fourth_wednesday,medium,212.0,152.0,268839.42484966,-243456.66985696004,25382.754992699978,512296.0947066201,854.0,1393.0,2247.0,433.0,396.0,829.0,0.3717,0.1321,0.85605,119812.98020817393,-108934.24303173731,10878.737176436625,228747.22323991125,67099.00843145001,-41716.25343875002,389.62880916360496,0.44655781200090383,0.27272727272727265,0.3956521483294694,0.15082214347880143,0.21979849438478197,True
科创50ETF华夏,3月,1.7,1.691,2027-03-24,202703,rule_fourth_wednesday,medium,212.0,152.0,251526.29680782,-296389.7808196,-44863.484011779976,547916.07762742,783.0,1612.0,2395.0,585.0,523.0,1108.0,0.3681,0.08739999999999998,0.8832,125474.03771792402,-77983.11768297333,47490.92003495069,203457.15540089735,91760.74529000002,-136624.22930177997,669.488491460969,0.38098029149197116,0.25932666060054593,0.5357840620632611,0.04668367346938776,0.2380378291269825,True
科创50ETF华夏,3月,1.75,1.691,2027-03-24,202703,rule_fourth_wednesday,medium,212.0,152.0,397938.1864348801,-268807.6560157501,129130.53041913,666745.8424506302,1296.0,1515.0,2811.0,891.0,253.0,1144.0,0.38885000000000003,0.04755000000000001,0.8471500000000001,135962.21369858403,-118570.57234818403,17391.64135040001,254532.78604676807,228692.51177333004,-99561.98135420005,452.20607255465416,0.3913824317214326,0.33962991518889757,0.4272483498349835,0.30044740454522345,0.2670616600711657,True
科创50ETF华夏,3月,1.8,1.691,2027-03-24,202703,rule_fourth_wednesday,medium,212.0,152.0,531747.7428039301,-188631.95502320002,343115.78778073005,720379.6978271301,1791.0,1040.0,2831.0,392.0,272.0,664.0,0.3911,0.00824999999999998,0.8363,117453.60527818803,-65235.93004080298,52217.67523738505,182689.535318991,67050.25428040003,276065.53350033006,570.4831894801384,0.28335964899471383,0.3423817863397547,0.240205300004295,0.0734993484155071,0.25500589553389613,False
科创50ETF华夏,3月,1.85,1.691,2027-03-24,202703,rule_fourth_wednesday,medium,212.0,152.0,367792.165182,-119497.71099000002,248294.454192,487289.8761720001,1261.0,700.0,1961.0,514.0,24.0,538.0,0.40785000000000005,-0.02545,0.8085,133525.18098360003,-34631.34784231853,98893.8331412815,168156.52882591856,145819.8054912,102474.6487008,587.9502554646789,0.32642641372475195,0.41335740072202154,0.2209493599184321,0.0005710526763486653,0.19717594815738645,False
科创50ETF华夏,3月,1.9,1.691,2027-03-24,202703,rule_fourth_wednesday,medium,212.0,152.0,297251.05649680004,-154293.8774347,142957.17906210004,451544.93393150007,1064.0,865.0,1929.0,109.0,58.0,167.0,0.3996,-0.0635,0.8004,71630.79970468002,-34997.062141836,36633.73756284401,106627.86184651603,20105.754376060006,122851.42468604003,734.3189873871204,0.23389912642878874,0.3851389676687465,0.08474781607197183,0.026211671612265085,0.15589107116923462,False
科创50ETF华夏,3月,1.95,1.691,2027-03-24,202703,rule_fourth_wednesday,medium,212.0,152.0,235545.4581535,-60237.2548498,175308.2033037,295782.7130033,881.0,367.0,1248.0,75.0,1.0,76.0,0.42195000000000005,-0.0892,0.7545,55129.9358357,-18261.124423996545,36868.81141170346,73391.06025969655,19887.9763031,155420.2270006,595.8489216048894,0.2686027719145832,0.4535740604274135,0.04392766456250174,0.0026458810068649887,0.10627535004017329,False
科创50ETF华夏,3月,2.0,1.691,2027-03-24,202703,rule_fourth_wednesday,medium,212.0,152.0,258396.77180652,-44004.553109,214392.21869752,302401.32491552003,1019.0,275.0,1294.0,175.0,4.0,179.0,0.429,-0.11759999999999998,0.7232000000000001,69429.868616904,-14238.68746726116,55191.18114964284,83668.55608416516,43736.21941196,170655.99928555998,608.2058118546884,0.29613392445544473,0.4704499664204164,0.09314122580069588,-0.012906309751434034,0.120866656235876,False
科创50ETF华夏,3月,2.05,1.691,2027-03-24,202703,rule_fourth_wednesday,medium,212.0,152.0,310390.20012294,-24101.65031508,286288.54980786,334491.85043802,1302.0,156.0,1458.0,194.0,1.0,195.0,0.43895,-0.14209999999999998,0.687,80577.48666786001,-7971.669575904969,72605.81709195505,88549.15624376497,46094.118849750004,240194.43095810997,585.5688248453741,0.295176318233257,0.48999591670069426,0.07770589625428335,-0.006444275966641395,0.13360727552540463,False
科创50ETF华夏,3月,2.1,1.691,2027-03-24,202703,rule_fourth_wednesday,medium,212.0,152.0,586295.71706651,-154326.36113886,431969.35592765,740622.07820537,2629.0,1021.0,3650.0,1685.0,590.0,2275.0,0.44425000000000003,-0.16635,0.65425,267568.505643362,-87999.61231835272,179568.89332500927,355568.11796171474,286593.62783575006,145375.72809189995,563.08018913442,0.5132944382806819,0.4975434618291762,0.609396473970544,0.7397140921146048,0.31750255023572616,False
科创50ETF华夏,3月,2.15,1.691,2027-03-24,202703,rule_fourth_wednesday,medium,212.0,152.0,2229514.68861048,-466470.10939024005,1763044.57922024,2695984.7980007203,10744.0,3112.0,13856.0,2918.0,80.0,2998.0,0.44455,-0.19065,0.62495,305909.05189220916,-168258.64435884883,137650.40753336033,474167.696251058,593530.06102246,1169514.51819778,439.38619165794796,0.2489574864085591,0.4946817940081546,0.14865019418981024,0.015559825157695011,0.5397132655600979,False
科创50ETF易方达,8月,1.4,1.641,2026-08-26,202608,rule_fourth_wednesday,medium,2.0,2.0,5893.235424449999,-390861.1749141,-384967.93948964996,396754.41033855,173.0,11474.0,11647.0,31.0,1431.0,1462.0,0.0001,0.49570000000000003,0.1265,1818.0542578109632,-36249.96752826429,-34431.91327045333,38068.02178607525,-47690.92251,-337277.01697965,6226.986128625474,0.20062116900023338,0.9491304347826087,0.15195375118009957,-0.010800061077124647,0.33846673483018325,False
科创50ETF易方达,8月,1.45,1.641,2026-08-26,202608,rule_fourth_wednesday,medium,2.0,2.0,28272.234473279997,-1128165.9068030398,-1099893.67232976,1156438.1412763197,218.0,8699.0,8917.0,35.0,1735.0,1770.0,0.0001,0.48,0.4816,5978.136703728271,-95251.55266569601,-89273.41596196774,101229.68936942429,-220471.55323199998,-879422.1190977598,8241.31530098117,0.14793974150783942,0.4716577540106952,0.1799993355769038,-0.019489136936443725,0.41897831261474444,False
科创50ETF易方达,8月,1.5,1.641,2026-08-26,202608,rule_fourth_wednesday,medium,2.0,2.0,274405.92034049996,-4459355.731939499,-4184949.8115989994,4733761.652279999,793.0,12887.0,13680.0,232.0,7027.0,7259.0,0.0001,0.4333,1.285,92670.61528601387,-1032093.8404776598,-939423.225191646,1124764.4557636736,-2351309.2417574995,-1833640.5698415,637.0689655172414,0.2845791115404401,0.42888888888888893,0.4189190432189158,-0.02656748514692489,0.6387381793859683,False
科创50ETF易方达,8月,1.55,1.641,2026-08-26,202608,rule_fourth_wednesday,medium,2.0,2.0,576485.7708537,-8219938.06213785,-7643452.2912841495,8796423.83299155,862.0,12291.0,13153.0,2197.0,16099.0,18296.0,0.0001,0.33299999999999996,2.4835,415371.8436282114,-3586882.063478335,-3171510.2198501234,4002253.907106546,-7643452.2912841495,0.0,1060.7484384500585,0.5784438269154424,0.39956331877729256,1.9292720457747268,-0.16503992683760796,0.7156104108072447,False
科创50ETF易方达,8月,1.6,1.641,2026-08-26,202608,rule_fourth_wednesday,medium,2.0,2.0,2546913.1699645193,-9247387.499731079,-6700474.329766559,11794300.669695597,2641.0,9589.0,12230.0,10488.0,32284.0,42772.0,0.0001,0.1733,3.5812,2319906.825194293,-3904452.499886456,-1584545.6746921628,6224359.325080749,-6700474.329766559,0.0,362.4597981052354,0.6665461162288183,0.19591836734693885,3.6689987253080005,-0.14493466932725255,0.7479346938399013,True
科创50ETF易方达,8月,1.65,1.641,2026-08-26,202608,rule_fourth_wednesday,medium,2.0,2.0,8765276.35561695,-8558633.55418425,206642.80143269897,17323909.9098012,8229.0,8035.0,16264.0,24931.0,40969.0,65900.0,0.0001,-0.020900000000000002,3.9555,7790598.309890282,-6432089.526341202,1358508.7835490806,14222687.836231485,206642.80143269897,0.0,95.50512573381334,0.820167327984378,0.02805280528052806,4.06423445306236,0.1338642086265086,0.8038411871416093,True
科创50ETF易方达,8月,1.7,1.641,2026-08-26,202608,rule_fourth_wednesday,medium,2.0,2.0,13023391.15155213,-6802049.100937501,6221342.050614629,19825440.25248963,11273.0,6250.0,17523.0,25661.0,33868.0,59529.0,0.44905000000000006,-0.3012,4.1658,6411515.643841049,-6642470.236399373,-230954.59255832434,13053985.880240422,6221342.050614629,0.0,295.03658837394175,0.7344236408752535,0.37665198237885456,3.8476019799520977,-0.2639136232254313,0.8137056016542888,True
科创50ETF易方达,8月,1.75,1.641,2026-08-26,202608,rule_fourth_wednesday,medium,2.0,2.0,7757425.32893838,-3094862.5077900295,4662562.821148351,10852287.836728409,15809.0,4951.0,20760.0,17188.0,10511.0,27699.0,0.53025,-0.4046,2.0717499999999998,4220039.378942479,-2249456.8080652766,1970582.5708772028,6469496.187007756,4662562.821148351,0.0,399.33124045273587,0.6354178905206943,0.4798245614035088,1.605117123584421,-0.21112213531621707,0.7756367090131029,False
科创50ETF易方达,8月,1.8,1.641,2026-08-26,202608,rule_fourth_wednesday,medium,2.0,2.0,2639569.9540565694,-901144.8899757,1738425.0640808693,3540714.8440322694,13831.0,2245.0,16076.0,13881.0,6933.0,20814.0,0.6233500000000001,-0.4427,1.09965,1458048.1650979146,-714400.5152197536,743647.649878161,2172448.6803176682,1738425.0640808693,0.0,1198.9632771214115,0.6725754100489026,0.4901840490797545,2.0459055293465394,-0.4548594977565751,0.6449046079677416,False
科创50ETF易方达,8月,1.85,1.641,2026-08-26,202608,rule_fourth_wednesday,medium,2.0,2.0,1489709.74012776,-1260449.59274892,229260.14737884002,2750159.33287668,11444.0,5901.0,17345.0,8202.0,2734.0,10936.0,0.68225,-0.47045,0.6383,495710.2660552021,-421363.38608164334,74346.87997355877,917073.6521368455,483705.5181677999,-254445.3707889599,1149.317004239284,0.33352618938628076,0.4966682532127558,0.5900093740591363,-0.22427656983003363,0.6075904699737968,False
科创50ETF易方达,8月,1.9,1.641,2026-08-26,202608,rule_fourth_wednesday,medium,2.0,2.0,887722.33234644,-142687.36240128003,745034.96994516,1030409.6947477199,10137.0,1048.0,11185.0,7314.0,533.0,7847.0,0.76885,-0.47990000000000005,0.4154,345220.2167929699,-64526.51438321901,280693.7024097509,409746.7311761889,567936.1429668,177098.82697835995,2719.507539606796,0.42055307796072083,0.5965317919075144,0.6150515137275809,-0.22024082896702574,0.47483161351362974,False
科创50ETF易方达,8月,1.95,1.641,2026-08-26,202608,rule_fourth_wednesday,medium,2.0,2.0,227207.12183325,-248157.8706573,-20950.74882404998,475364.99249055004,9985.0,2494.0,12479.0,3785.0,1495.0,5280.0,0.7956500000000001,-0.48815,0.227,37755.6653603291,-134609.48110437096,-96853.81574404187,172365.14646470005,-62628.333417000016,41677.584592950036,3519.1712058101034,0.3543038804255104,0.997090203685742,0.48925362783549825,-0.12455278767202878,0.40810699589088456,False
科创50ETF易方达,8月,2.0,1.641,2026-08-26,202608,rule_fourth_wednesday,medium,2.0,2.0,189873.98908641,-2926.6230708,186947.36601561,192800.61215721,9169.0,440.0,9609.0,1052.0,232.0,1284.0,0.3901,-0.4982,0.0508,19165.812873477687,-1603.0399978253142,17562.772875652372,20768.852871303003,20241.95561604,166705.41039957,3497.8115641557247,0.3243417828235859,0.7955144379029997,0.32100357925420636,-0.10954066125651758,0.27677472271651327,False
科创50ETF易方达,8月,2.05,1.641,2026-08-26,202608,rule_fourth_wednesday,medium,2.0,2.0,163730.53090125,-106343.40563216998,57387.12526908002,270073.93653342,9575.0,581.0,10156.0,661.0,69.0,730.0,1.3746,-0.4427,0.3716,35399.64316493087,-43456.20789374176,-8056.5647288108885,78855.85105867263,-1326.4593229799975,58713.58459206,3482.623295707408,0.3124235480222523,0.7663825757575757,0.09389734993686046,-0.04061432179468132,0.28326694826889787,False
科创50ETF易方达,8月,2.1,1.641,2026-08-26,202608,rule_fourth_wednesday,medium,2.0,2.0,73836.69657282,-95329.19919645,-21492.502623630004,169165.89576927002,5106.0,713.0,5819.0,447.0,37.0,484.0,1.3255000000000001,-0.4667,0.2751,3538.3174181175496,-38531.1048905542,-34992.78747243665,42069.42230867175,1517.00758254,-23009.51020617,3468.6879624616495,0.22605540438848834,0.7855882985588298,0.06971873696978886,-0.017970069741949493,0.2057888857293314,False
科创50ETF易方达,8月,2.15,1.641,2026-08-26,202608,rule_fourth_wednesday,medium,2.0,2.0,41643.2503602,-36023.12692676999,5620.12343343001,77666.37728696999,3340.0,349.0,3689.0,58.0,32.0,90.0,1.3599,-0.4759,0.2148,8617.908577536,-15844.399986234428,-7226.491408698428,24462.308563770428,-2579.8338556199988,8199.957289050006,246.04569420035043,0.3233928850945969,0.7912229373902866,0.054527906936842646,-0.07445483002878486,0.11534248035408737,False
科创50ETF易方达,8月,2.2,1.641,2026-08-26,202608,rule_fourth_wednesday,medium,2.0,2.0,38564.2102248,-38118.96928026,445.2409445400044,76683.17950505999,3536.0,407.0,3943.0,835.0,27.0,862.0,1.4598,-0.4768,0.19415,11355.502173660001,-16937.3719195857,-5581.8697459257,28292.8740932457,6577.87348989,-6132.632545349999,227.7580071174383,0.36939311720816825,0.7918265813788203,0.15124080013785896,-0.015925331826787594,0.17076491409875266,False
科创50ETF易方达,8月,2.25,1.641,2026-08-26,202608,rule_fourth_wednesday,medium,2.0,2.0,55152.76111695,-42216.941728440004,12935.819388509997,97369.70284539001,5705.0,337.0,6042.0,656.0,50.0,706.0,1.8181,-0.4513,0.25055,13567.289211486,-20663.844420872425,-7096.555209386424,34231.133632358426,78.20126423999955,12857.618124270004,212.34890558640984,0.3677313989973192,0.7760873054084416,0.13167740307970777,-0.05828627294595881,0.20059279452254908,False
科创50ETF易方达,8月,2.3,1.641,2026-08-26,202608,rule_fourth_wednesday,medium,2.0,2.0,78091.71784092,0.0,78091.71784092,78091.71784092,9006.0,519.0,9525.0,12.0,22.0,34.0,0.63,-0.49905,0.0161,15659.964736920001,0.0,15659.964736920001,15659.964736920001,104.05292184,77987.66491908,200.8911713616793,0.3283878624665103,0.7771526266708113,0.02186082752795503,-0.021108770405465774,0.18131991660072738,False
科创50ETF易方达,8月,2.35,1.641,2026-08-26,202608,rule_fourth_wednesday,medium,2.0,2.0,29597.64357267,0.0,29597.64357267,29597.64357267,3777.0,160.0,3937.0,131.0,0.0,131.0,0.6658999999999999,-0.4991,0.01455,6330.149980938,0.0,6330.149980938,6330.149980938,1026.55316601,28571.090406659998,189.59342742784855,0.3310993512952095,0.4672313194052325,0.017341805665872387,-0.005628272251308901,0.11216924524465395,False
科创50ETF易方达,8月,2.4,1.641,2026-08-26,202608,rule_fourth_wednesday,medium,2.0,2.0,36658.32369704999,0.0,36658.32369704999,36658.32369704999,5137.0,326.0,5463.0,60.0,0.0,60.0,0.70085,-0.49915,0.01325,7502.931971009999,0.0,7502.931971009999,7502.931971009999,428.1680789999999,36230.15561804999,179.68391369925808,0.33046242829098005,0.7345045678144765,0.005839984426708195,-0.0044375844105730275,0.128100683259299,False
科创50ETF易方达,8月,2.45,1.641,2026-08-26,202608,rule_fourth_wednesday,medium,2.0,2.0,237542.88382982998,0.0,237542.88382982998,237542.88382982998,36301.0,320.0,36621.0,89.0,5.0,94.0,0.7349,-0.4992,0.01215,47741.532515513994,0.0,47741.532515513994,47741.532515513994,582.38937387,236960.49445595997,171.0874515354794,0.33518036400441376,0.7721444924955482,0.00903836154651387,-0.0008662413375866241,0.32033562361747403,False
科创50ETF易方达,9月,1.1,1.641,2026-09-23,202609,rule_fourth_wednesday,medium,30.0,22.0,96987.34067219999,-1017246.569274,-920259.2286018,1114233.9099462,1926.0,29058.0,30984.0,17.0,2719.0,2736.0,0.34429999999999994,0.47550000000000003,0.1585,39657.23433540237,-241523.41973760002,-201866.18540219765,281180.6540730024,-94329.1978371,-825930.0307647,556.432485144995,0.3231597111059503,0.4520091411159779,0.05119903066356277,0.01603942049412402,0.5232418402108971,False
科创50ETF易方达,9月,1.15,1.641,2026-09-23,202609,rule_fourth_wednesday,medium,30.0,22.0,66327.11318573999,-857791.01388906,-791463.90070332,924118.1270748,737.0,17483.0,18220.0,0.0,400.0,400.0,0.8827499999999999,0.43720000000000003,0.2582,25889.755030483717,-164307.4066848173,-138417.6516543336,190197.16171530102,-19625.716728,-771838.18397532,289.7711483517129,0.2909407732063336,0.4599771297884505,0.011439684264714294,-0.020540807371654233,0.4043402054377764,False
科创50ETF易方达,9月,1.2,1.641,2026-09-23,202609,rule_fourth_wednesday,medium,30.0,22.0,40775.63103081,-640297.73318544,-599522.10215463,681073.3642162499,433.0,9713.0,10146.0,4.0,962.0,966.0,0.30935,0.44925,0.29725,15240.371076074864,-48650.23443744,-33409.86336136513,63890.60551351486,-63040.02106428,-536482.08109035,793.0590264975126,0.2248711955887795,0.4214117647058824,0.05414019781112858,0.022136698322100558,0.35678038153109254,False
科创50ETF易方达,9月,1.25,1.641,2026-09-23,202609,rule_fourth_wednesday,medium,30.0,22.0,38501.7353856,-709309.11015198,-670807.37476638,747810.84553758,320.0,7891.0,8211.0,30.0,1293.0,1323.0,0.2925,0.43,0.3903,14970.136022754536,-93777.53782594799,-78807.40180319345,108747.67384870253,-112616.12184713999,-558191.25291924,882.6994922885333,0.26051343316962994,0.3764562449200758,0.12880377962235456,0.004670013183003918,0.3556452346645758,False
科创50ETF易方达,9月,1.3,1.641,2026-09-23,202609,rule_fourth_wednesday,medium,30.0,22.0,53990.78296545001,-570221.6449291201,-516230.86196367006,624212.42789457,365.0,4944.0,5309.0,40.0,2167.0,2207.0,0.264,0.40954999999999997,0.4888,19916.57219067775,-180337.38281184094,-160420.8106211632,200253.9550025187,-244016.51589621004,-272214.3460674601,341.33355135077124,0.34257338549690175,0.36587591240875905,0.27394905129228175,0.058500176712405205,0.32565011466386723,False
科创50ETF易方达,9月,1.35,1.641,2026-09-23,202609,rule_fourth_wednesday,medium,30.0,22.0,98177.00164038,-894506.9383107001,-796329.9366703201,992683.9399510801,559.0,5655.0,6214.0,119.0,2774.0,2893.0,0.2475,0.38084999999999997,0.6198,38324.7177686358,-247076.89436628003,-208752.17659764423,285401.61213491583,-417890.9140939801,-378439.02257634,1597.855415067767,0.3332896180666994,0.30201221703197995,0.35170974441223035,0.042681444710715506,0.3915222658451568,False
科创50ETF易方达,9月,1.4,1.641,2026-09-23,202609,rule_fourth_wednesday,medium,30.0,22.0,130557.0645063,-1300782.1640687997,-1170225.0995624997,1431339.2285750997,646.0,5848.0,6494.0,333.0,4498.0,4831.0,0.25465,0.33605,0.7882499999999999,70084.24454564131,-813114.555123309,-743030.3105776677,883198.7996689504,-933199.4643151497,-237025.63524734988,232.46672955673176,0.580952960943858,0.268911055694098,0.6423158614731082,-0.0002893953277732751,0.4429320935961275,False
科创50ETF易方达,9月,1.45,1.641,2026-09-23,202609,rule_fourth_wednesday,medium,30.0,22.0,153566.87092937998,-1000553.9385312,-846987.0676018201,1154120.80946058,893.0,3466.0,4359.0,550.0,3596.0,4146.0,0.3633,0.4011,0.8553,94668.43753358317,-703327.984759671,-608659.5472260879,797996.4222932542,-905971.8791682001,58984.81156638,212.96946925297672,0.659701267475172,0.17945482079757696,0.82670433434632,-0.132614079339601,0.3935413724308158,False
科创50ETF易方达,9月,1.5,1.641,2026-09-23,202609,rule_fourth_wednesday,medium,30.0,22.0,471666.93979967997,-1724221.75946328,-1252554.8196636,2195888.69926296,1168.0,4774.0,5942.0,708.0,3030.0,3738.0,0.39015,0.31670000000000004,1.4203999999999999,250156.02871257399,-829480.2538106978,-579324.2250981238,1079636.2825232719,-808434.97534152,-444119.8443220799,289.9672131147537,0.5057204942948172,0.0462025316455697,0.6204261381570264,0.08387914159841796,0.4644486273398023,False
科创50ETF易方达,9月,1.55,1.641,2026-09-23,202609,rule_fourth_wednesday,medium,30.0,22.0,890264.0350071001,-1895830.2329435998,-1005566.1979364997,2786094.2679506997,1646.0,4430.0,6076.0,773.0,4344.0,5117.0,0.39335,0.22610000000000002,1.79885,684001.7094485662,-1812325.7055372368,-1128323.9960886706,2496327.414985803,-1440937.5451098299,435371.3471733301,34.8857491714639,0.862133448009293,0.0,0.7251051183661603,0.2841310398965831,0.49874992765211285,False
科创50ETF易方达,9月,1.6,1.641,2026-09-23,202609,rule_fourth_wednesday,medium,30.0,22.0,1715356.3643503198,-2747326.2066341997,-1031969.8422838799,4462682.57098452,2787.0,5777.0,8564.0,3015.0,6955.0,9970.0,0.39890000000000003,0.12295,2.0258000000000003,1357578.4145944729,-1920544.6522866038,-562966.237692131,3278123.0668810764,-1031969.8422838799,0.0,276.77957030354025,0.7452430104238346,0.0,1.142860230605275,0.5879321970620229,0.6039777610849411,True
科创50ETF易方达,9月,1.65,1.641,2026-09-23,202609,rule_fourth_wednesday,medium,30.0,22.0,3549175.0413411595,-2224515.8285232293,1324659.2128179302,5773690.869864389,5412.0,4587.0,9999.0,4612.0,5790.0,10402.0,0.4024,0.01765,2.1181,2055232.7250442158,-1916786.9871455862,138445.73789862962,3972019.712189802,800021.3648739303,524637.8479439999,160.62294897681218,0.7203690813646135,0.0,1.057221628462197,0.21622822102996242,0.6443772816226304,True
科创50ETF易方达,9月,1.7,1.641,2026-09-23,202609,rule_fourth_wednesday,medium,30.0,22.0,7499915.75578833,-3795062.3824544996,3704853.3733338304,11294978.13824283,12171.0,8158.0,20329.0,8433.0,5960.0,14393.0,0.41495000000000004,-0.08150000000000002,2.0079000000000002,4823830.089886472,-2489717.3728796653,2334112.7170068063,7313547.462766137,2423952.1033965903,1280901.2699372396,191.57308317999994,0.6496128972722481,0.0,0.7117238640860748,0.3034695506094046,0.7656773787893588,True
科创50ETF易方达,9月,1.75,1.641,2026-09-23,202609,rule_fourth_wednesday,medium,30.0,22.0,6471666.8018261995,-4050868.573728,2420798.2280981997,10522535.3755542,12090.0,9280.0,21370.0,5243.0,3279.0,8522.0,0.42545,-0.16769999999999996,1.8044,4415109.8090152275,-1896731.3722236238,2518378.4367916035,6311841.1812388515,1375194.11388084,1045604.1142173596,186.05341466491473,0.5752248754384284,0.12419146183699858,0.39350235125923394,-0.03494272193398472,0.7469143947129867,False
科创50ETF易方达,9月,1.8,1.641,2026-09-23,202609,rule_fourth_wednesday,medium,30.0,22.0,5373142.37869851,-2458139.76263376,2915002.61606475,7831282.141332271,11999.0,6288.0,18287.0,4085.0,960.0,5045.0,0.4383,-0.23870000000000002,1.5573000000000001,3201464.04364064,-791178.1633718762,2410285.8802687638,3992642.2070125164,1453971.1430074503,1461031.4730573006,299.724406802447,0.45884383312036536,0.22604867944070428,0.24655839640580735,0.014101974003942867,0.6960185038161687,False
科创50ETF易方达,9月,1.85,1.641,2026-09-23,202609,rule_fourth_wednesday,medium,30.0,22.0,2118949.21134432,-1950223.1976863998,168726.01365792006,4069172.4090307197,5856.0,5803.0,11659.0,3040.0,813.0,3853.0,0.46285,-0.2898,1.29585,1604419.791567371,-627992.8379938665,976426.9535735045,2232412.6295612375,826774.7875344001,-658048.77387648,240.3140085483032,0.5395939194338998,0.31715006305170246,0.3296128156813557,0.01965748938283444,0.5821618381137912,False
科创50ETF易方达,9月,1.9,1.641,2026-09-23,202609,rule_fourth_wednesday,medium,30.0,22.0,3152173.397598,-1131858.2775150002,2020315.1200829996,4284031.675113,11043.0,4003.0,15046.0,1333.0,289.0,1622.0,0.5139,-0.31605000000000005,1.0550000000000002,738393.1291930754,-375023.67561937915,363369.4535736962,1113416.8048124546,298783.22559299995,1721531.8944899996,361.4035087719294,0.2827916873389824,0.405971173644475,0.09645290255798145,0.008933705921889842,0.5768547880028274,False
科创50ETF易方达,9月,1.95,1.641,2026-09-23,202609,rule_fourth_wednesday,medium,30.0,22.0,1855560.8904696,-401730.61206726,1453830.27840234,2257291.50253686,8280.0,1594.0,9874.0,1764.0,109.0,1873.0,0.53285,-0.34755,0.88405,556065.6229543453,-143575.20268687667,412490.42026746867,699640.825641222,367844.23235637,1085986.04604597,409.68937515654795,0.32853348159970847,0.433849821215733,0.140712454312367,0.0451397797277931,0.4776204784710595,False
科创50ETF易方达,9月,2.0,1.641,2026-09-23,202609,rule_fourth_wednesday,medium,30.0,22.0,1502136.5511496502,-157500.90078228,1344635.6503673703,1659637.4519319301,8515.0,708.0,9223.0,2203.0,11.0,2214.0,0.58275,-0.3592,0.7405999999999999,167007.94750127703,-57352.57927689776,109655.36822437926,224360.5267781748,386185.57949142,958450.0708759502,796.457172443354,0.2376607739919339,0.4755784061696658,0.13712831460599606,0.011659080688426889,0.4500571541757454,False
科创50ETF易方达,9月,2.05,1.641,2026-09-23,202609,rule_fourth_wednesday,medium,30.0,22.0,463734.08937702,-128137.7802159,335596.30916112004,591871.8695929201,3338.0,637.0,3975.0,869.0,39.0,908.0,0.61,-0.3756,0.6314500000000001,141037.401898008,-61987.97718525557,79049.42471275244,203025.37908326357,112881.28983921,222715.01932191002,809.6053893091564,0.39394728019225245,0.4917582417582418,0.16078001002677883,-0.043618552652913416,0.2676925825635486,False
科创50ETF易方达,9月,2.1,1.641,2026-09-23,202609,rule_fourth_wednesday,medium,30.0,22.0,657743.1318829801,-107323.80281783998,550419.3290651401,765066.9347008201,5863.0,588.0,6451.0,760.0,12.0,772.0,0.6234999999999999,-0.39355,0.5472,121803.45267890405,-42974.0148075434,78829.43787136066,164777.46748644745,83070.63937944002,467348.6896857001,1269.083438266287,0.29279924798796664,0.49501246882793026,0.07501731717759592,0.004338716528605515,0.3243764904909501,False
科创50ETF易方达,9月,2.15,1.641,2026-09-23,202609,rule_fourth_wednesday,medium,30.0,22.0,554213.84075343,-96363.58864617,457850.25210726005,650577.4293996,6149.0,571.0,6720.0,690.0,8.0,698.0,0.68755,-0.3902,0.4807,135718.84882200602,-39916.10254444392,95802.74627756211,175634.95136644994,60840.09886014,397010.1532471201,1504.228067356984,0.3295546289883671,0.47940248654666917,0.0631119379541161,0.0028016438983876047,0.30752997159176026,False
科创50ETF易方达,9月,2.2,1.641,2026-09-23,202609,rule_fourth_wednesday,medium,30.0,22.0,193475.42120699998,-46574.02318643999,146901.39802055998,240049.44439343998,2700.0,303.0,3003.0,881.0,5.0,886.0,0.6785,-0.41065,0.41845,51048.848173284,-19905.147103080635,31143.701070203366,70953.99527636464,62361.765126809994,84539.63289374998,1540.5797640754663,0.3456195875556991,0.48861087144089727,0.1713989732306564,-0.08346189447701327,0.19591719013227404,False
科创50ETF易方达,9月,2.25,1.641,2026-09-23,202609,rule_fourth_wednesday,medium,30.0,22.0,112964.41907568001,-40991.68087344,71972.73820224001,153956.09994912002,1912.0,279.0,2191.0,241.0,6.0,247.0,0.7709,-0.3957,0.3825,18605.705724030857,-18077.98708217845,527.718641852407,36683.69280620931,13357.17447858,58615.563723660016,1386.7926268981685,0.30286006155508627,0.4607203850333799,0.07377570072434426,-0.0044064282011404875,0.11535528547152923,False
科创50ETF易方达,9月,2.3,1.641,2026-09-23,202609,rule_fourth_wednesday,medium,30.0,22.0,233651.58999840004,-25765.78162491,207885.80837349006,259417.37162331003,4880.0,219.0,5099.0,133.0,0.0,133.0,0.26435,-0.4444,0.30735,7220.217166344001,-11368.087268250185,-4147.870101906184,18588.304434594185,6367.963415940001,201517.84495755006,1210.3556674731312,0.23605517458251501,0.4075533661740558,0.01362704918032787,-0.004669102720259845,0.1808769854963734,False
科创50ETF易方达,9月,2.35,1.641,2026-09-23,202609,rule_fourth_wednesday,medium,30.0,22.0,237900.06756566998,-13988.978218799997,223911.08934686997,251889.04578446998,5839.0,135.0,5974.0,201.0,0.0,201.0,0.27344999999999997,-0.45285,0.26805,16870.05005339314,-6293.206401122076,10576.843652271065,23163.256454515216,8189.401195529999,215721.68815133997,2593.831930453982,0.2603906247460068,0.4176542084472804,0.01721185134440829,-0.011135298057602144,0.20255399091560358,False
科创50ETF易方达,9月,2.4,1.641,2026-09-23,202609,rule_fourth_wednesday,medium,30.0,22.0,90651.20710968,-22778.272514700002,67872.93459498,113429.47962438001,2632.0,251.0,2883.0,263.0,0.0,263.0,0.2813,-0.46030000000000004,0.23245000000000002,15710.120543172003,-10418.808916178714,5291.311626993289,26128.929459350715,9058.23232137,58814.702273610004,1393.4720833848123,0.31535206325999277,0.4257845631891434,0.04996200607902736,0.018518518518518517,0.12648272507154734,False
科创50ETF易方达,9月,2.45,1.641,2026-09-23,202609,rule_fourth_wednesday,medium,30.0,22.0,360405.39095316,-33364.58015952,327040.81079364,393769.97111268004,11886.0,422.0,12308.0,653.0,0.0,653.0,0.29105000000000003,-0.46635,0.2031,40684.19107395928,-15418.971025176237,25265.22004878304,56103.162099135516,19800.16155918,307240.64923445997,995.255957634598,0.28751022326102094,0.4326198969480778,0.02746929160356722,0.01401141670991178,0.31770796975590154,False
科创50ETF易方达,12月,1.25,1.641,2026-12-23,202612,rule_fourth_wednesday,medium,121.0,87.0,134315.11458584995,-1246527.02097558,-1112211.90638973,1380842.13556143,1221.0,10518.0,11739.0,66.0,26943.0,27009.0,0.24255,0.3527,0.4243,43481.33732344838,-581712.609788604,-538231.2724651556,625193.9471120524,-1239266.74451148,127054.83812174996,453.06054673104217,0.3951964916886668,0.1826923076923077,1.3078313624520128,-0.010692482603060698,0.5327161574490582,False
科创50ETF易方达,12月,1.3,1.641,2026-12-23,202612,rule_fourth_wednesday,medium,121.0,87.0,42214.9489965,-607792.82835636,-565577.87935986,650007.77735286,350.0,4386.0,4736.0,28.0,6898.0,6926.0,0.23904999999999998,0.32485,0.48124999999999996,20603.933067641072,-364675.69701381604,-344071.763946175,385279.6300814571,-604415.63243664,38837.753076780005,493.87179115460697,0.5440359820089955,0.15254237288135608,0.8263657090743275,-0.009359532867018449,0.3614762306639844,False
科创50ETF易方达,12月,1.35,1.641,2026-12-23,202612,rule_fourth_wednesday,medium,121.0,87.0,30132.36895284,-274889.72334096,-244757.35438812,305022.0922938,231.0,1729.0,1960.0,16.0,2364.0,2380.0,0.23615,0.2944,0.5374,8656.429839173645,-123700.37550343199,-115043.94566425835,132356.80534260563,-272802.63285071997,28045.2784626,539.6890343698849,0.36864004789536753,0.04954321855235427,0.7182641919484025,-0.023622103607978066,0.22338854766270072,False
科创50ETF易方达,12月,1.4,1.641,2026-12-23,202612,rule_fourth_wednesday,medium,121.0,87.0,51432.51908663999,-334991.703519,-283559.18443236,386424.22260563995,369.0,1892.0,2261.0,28.0,342.0,370.0,0.23779999999999998,0.2602,0.58755,18880.290179168438,-91219.72814640001,-72339.43796723157,110100.01832556845,-56650.73003081999,-226908.45440154002,411.2141711168048,0.31969650775222413,0.01033138401559458,0.1283209290866693,-0.01103815650396545,0.17513429279020917,False
科创50ETF易方达,12月,1.45,1.641,2026-12-23,202612,rule_fourth_wednesday,medium,121.0,87.0,57163.9392918,-253748.45318615998,-196584.51389436,310912.39247796,220.0,1319.0,1539.0,6.0,336.0,342.0,0.34325,0.31389999999999996,0.83965,12644.278012276993,-76605.484502448,-63961.20649017101,89249.762514725,-63080.468136899995,-133504.04575745994,576.0847103994882,0.26154431699385683,0.0,0.14100558274174652,0.005334211048765452,0.14540949271015438,False
科创50ETF易方达,12月,1.5,1.641,2026-12-23,202612,rule_fourth_wednesday,medium,121.0,87.0,234613.32551874002,-362411.29108125,-127797.96556250998,597024.61659999,667.0,1765.0,2432.0,3.0,326.0,329.0,0.34635,0.2597,1.0343499999999999,47344.758043212,-75499.70272254248,-28154.94467933048,122844.46076575448,-65883.05710883999,-61914.90845366998,474.52502046621623,0.2050625613955522,0.0,0.0946001503497543,-0.04528834389945501,0.20663885089490472,False
科创50ETF易方达,12月,1.55,1.641,2026-12-23,202612,rule_fourth_wednesday,medium,121.0,87.0,145420.4211858,-319741.99920242996,-174321.57801662997,465162.42038822995,380.0,1477.0,1857.0,44.0,79.0,123.0,0.36755000000000004,0.1848,1.1125,35819.345849975994,-70789.19007392999,-34969.844223953995,106608.53592390599,-263.82155156999943,-174057.75646505997,536.9257608063583,0.23385525424936748,0.005212510024057704,0.08463813562341874,0.0016983695652173913,0.15414883752384467,False
科创50ETF易方达,12月,1.6,1.641,2026-12-23,202612,rule_fourth_wednesday,medium,121.0,87.0,642116.45115522,-381105.1363392,261011.31481602002,1023221.5874944201,1634.0,1701.0,3335.0,115.0,127.0,242.0,0.3789,0.12145,1.14565,146500.007950224,-87602.65038720002,58897.357563023994,234102.65833742404,16737.736499550003,244273.57831647003,503.6766437986302,0.22900828010307137,0.07689724647414375,0.07252070025767837,0.00899838690536365,0.265964473461904,True
科创50ETF易方达,12月,1.65,1.641,2026-12-23,202612,rule_fourth_wednesday,medium,121.0,87.0,167253.54632711998,-253104.9623424,-85851.41601528,420358.50866952,433.0,1120.0,1553.0,274.0,186.0,460.0,0.3918,0.06295000000000003,1.1368,75785.556095568,-73645.73386387556,2139.8222316924366,149431.28995944356,63803.61440063999,-149655.03041592,554.5274629244093,0.3720434627219793,0.15352112676056334,0.39943294292312764,0.04895932418353943,0.17109122993015452,True
科创50ETF易方达,12月,1.7,1.641,2026-12-23,202612,rule_fourth_wednesday,medium,121.0,87.0,240528.99264192,-212465.26794447,28063.72469745,452994.26058639,648.0,953.0,1601.0,122.0,86.0,208.0,0.40564999999999996,0.010000000000000009,1.10315,66219.71031993601,-61708.67426441555,4511.036055520461,127928.38458435156,26111.628331740005,1952.096365710022,568.7419674182139,0.2828749371886603,0.22692673644148426,0.13925647403261954,-0.017603994124449168,0.15380368809394598,True
科创50ETF易方达,12月,1.75,1.641,2026-12-23,202612,rule_fourth_wednesday,medium,121.0,87.0,315100.68415488,-281726.19419327995,33374.48996160005,596826.87834816,879.0,1312.0,2191.0,87.0,157.0,244.0,0.4189,-0.038500000000000006,1.0643,54488.40044544001,-104675.38553506718,-50186.98508962717,159163.7859805072,-2525.2222289399906,35899.71219054001,560.4764518523109,0.272236920602096,0.299112545381202,0.10932037168067926,-0.03040781411763174,0.19236208745697364,False
科创50ETF易方达,12月,1.8,1.641,2026-12-23,202612,rule_fourth_wednesday,medium,121.0,87.0,369876.87279278995,-178796.526876,191080.34591678996,548673.3996687899,1133.0,825.0,1958.0,88.0,19.0,107.0,0.425,-0.08220000000000002,1.00855,85466.69487833399,-53999.539662646144,31467.155215687846,139466.23454098013,24610.56260471999,166469.78331206995,579.808763363923,0.2665423379766705,0.30940325497287535,0.05035010297146219,0.008223283571701987,0.1687488984035108,False
科创50ETF易方达,12月,1.85,1.641,2026-12-23,202612,rule_fourth_wednesday,medium,121.0,87.0,431875.98763532995,-59944.608212399995,371931.37942292995,491820.59584772994,1403.0,290.0,1693.0,221.0,24.0,245.0,0.4358,-0.1225,0.9553499999999999,113586.77080359,-20705.244571847976,92881.52623174203,134292.01537543797,63068.00009786999,308863.37932506,590.3197567507361,0.30420706386735313,0.35804416403785494,0.12013911077248261,0.07168341928399849,0.16608099221277306,False
科创50ETF易方达,12月,1.9,1.641,2026-12-23,202612,rule_fourth_wednesday,medium,121.0,87.0,518139.3875148,-137304.616428,380834.7710868,655444.0039428,1829.0,700.0,2529.0,381.0,17.0,398.0,0.44984999999999997,-0.1564,0.8902000000000001,146801.43827784003,-46168.44781917638,100632.99045866365,192969.8860970164,104599.36125252,276235.40983428,598.1006890510789,0.3097862748746787,0.3981919332406119,0.11629813325001953,0.05395184720718475,0.2246112474833723,False
科创50ETF易方达,12月,1.95,1.641,2026-12-23,202612,rule_fourth_wednesday,medium,121.0,87.0,389528.7373953,-94602.36368574,294926.37370956,484131.10108104,1506.0,537.0,2043.0,514.0,53.0,567.0,0.48339999999999994,-0.1783,0.80735,131084.43832134,-36199.014732864234,94885.42358847578,167283.45305420423,123609.80852964,171316.56517992006,572.4210090115533,0.3595822281213379,0.46719348659003834,0.2199989613241633,0.16358398427807166,0.20084038458450965,False
科创50ETF易方达,12月,2.0,1.641,2026-12-23,202612,rule_fourth_wednesday,medium,121.0,87.0,1128759.22927377,-155122.0635645,973637.16570927,1283881.29283827,4813.0,918.0,5731.0,696.0,22.0,718.0,0.49429999999999996,-0.20535,0.7492,291043.05080589,-57214.42156414907,233828.62924174094,348257.4723700391,159510.49015734,814126.67555193,621.5327671915279,0.31333909069777116,0.4839235281338257,0.08428674699558703,0.006084805843136384,0.35694188481370803,False
科创50ETF易方达,12月,2.05,1.641,2026-12-23,202612,rule_fourth_wednesday,medium,121.0,87.0,675042.71107437,-93480.05167136999,581562.659403,768522.7627457399,3197.0,481.0,3678.0,597.0,0.0,597.0,0.42384999999999995,-0.26915,0.7529,185430.875466222,-34549.73479382507,150881.14067239693,219980.61026004708,126055.83312837,455506.82627463,587.0412661873497,0.32214488009066855,0.37078023697742,0.09336878323428215,0.0034645669291338585,0.27718602078269816,False
科创50ETF易方达,12月,2.1,1.641,2026-12-23,202612,rule_fourth_wednesday,medium,121.0,87.0,655739.1437004,-301252.59747,354486.54623040004,956991.7411704,3455.0,1650.0,5105.0,1219.0,0.0,1219.0,0.43299999999999994,-0.2914,0.6914,223691.50644436802,-115395.06275969507,108296.44368467295,339086.5692040631,231359.19426072002,123127.35196968005,562.309361340838,0.36208982314994265,0.3935043779271024,0.176410998552822,-0.016377379619260918,0.33246195933679246,False
科创50ETF易方达,12月,2.15,1.641,2026-12-23,202612,rule_fourth_wednesday,medium,121.0,87.0,895023.9176050801,-789712.28932806,105311.62827702006,1684736.20693314,5249.0,4627.0,9876.0,271.0,0.0,271.0,0.44689999999999996,-0.30785,0.6335,197488.417102344,-309646.024464183,-112157.60736183901,507134.441566527,46209.083953320005,59102.544323700015,542.0851353606233,0.30637567238824615,0.4175027870680045,0.025814440845875405,0.017448738170347002,0.3860623186400285,False
科创50ETF易方达,12月,2.2,1.641,2026-12-23,202612,rule_fourth_wednesday,medium,121.0,87.0,234357.15174921,-38331.06058782,196026.09116139,272688.21233703,1533.0,237.0,1770.0,310.0,0.0,310.0,0.41315,-0.35245,0.58415,121308.3808690859,-15417.344549161018,105891.03631992488,136725.72541824693,47391.204854699994,148634.88630669,225.65616389435942,0.4599186435746625,0.38942393436775447,0.10110893672537508,0.004940711462450593,0.13824756593580728,False
科创50ETF易方达,12月,2.25,1.641,2026-12-23,202612,rule_fourth_wednesday,medium,121.0,87.0,157216.37097582003,-14860.28679516,142356.08418066002,172076.65777098003,1157.0,106.0,1263.0,143.0,36.0,179.0,0.5394000000000001,-0.30060000000000003,0.5126,28734.67754164801,-8148.554918427483,20586.122623220526,36883.232460075495,14384.347007220002,127971.73717344002,546.9898426988208,0.3655579634803706,0.48238081137103933,0.23160907356370575,0.008852893657566595,0.09043875217858202,False
科创50ETF易方达,12月,2.3,1.641,2026-12-23,202612,rule_fourth_wednesday,medium,121.0,87.0,206568.58563234,-18322.577754479997,188246.00787786,224891.16338682,1702.0,136.0,1838.0,546.0,12.0,558.0,0.5494,-0.31315,0.4755,67820.520359196,-8371.073438539674,59449.44692065633,76191.59379773568,64650.31004465999,123595.69783319999,616.5643048832344,0.39259583094324485,0.4778116766051865,0.2045171770235709,-0.009241203899957608,0.14719778616950183,False
科创50ETF易方达,12月,2.35,1.641,2026-12-23,202612,rule_fourth_wednesday,medium,121.0,87.0,115291.3914054,-14798.9968236,100492.3945818,130090.388229,1060.0,110.0,1170.0,446.0,0.0,446.0,0.4735,-0.3695,0.45175,42462.036985536004,-6326.012589009754,36136.02439652625,48788.04957454576,48509.39676114001,51982.997820660006,609.7665910750017,0.3978820720806263,0.4593371396741401,0.21037735849056605,0.007177033492822967,0.10177382912292943,False
科创50ETF易方达,12月,2.4,1.641,2026-12-23,202612,rule_fourth_wednesday,medium,121.0,87.0,257432.17975011,-42834.25776888,214597.92198123,300266.43751899,2643.0,347.0,2990.0,947.0,21.0,968.0,0.58185,-0.32794999999999996,0.41005,88382.12633569799,-19615.54169328586,68766.58464241213,107997.66802898386,89646.95099834999,124950.97098287998,634.8903178342289,0.4006312444900264,0.4622457678723663,0.20941184423865553,0.027339632802036204,0.21224609385611698,False
科创50ETF易方达,12月,2.45,1.641,2026-12-23,202612,rule_fourth_wednesday,medium,121.0,87.0,551573.04007197,-106256.02164372001,445317.01842825,657829.06171569,6239.0,898.0,7137.0,5459.0,40.0,5499.0,0.60195,-0.33185,0.38385,342702.72514851706,-48777.06178130147,293925.6633672156,391479.7869298185,477882.35150697,-32565.333078720054,196.31560355808597,0.540185529403272,0.4545298362157829,0.4597616972910184,0.05386596366337896,0.38983551099673036,False
科创50ETF易方达,3月,1.4,1.641,2027-03-24,202703,rule_fourth_wednesday,medium,212.0,152.0,14451.72288984,-221473.89739782,-207022.17450798,235925.62028766,118.0,1527.0,1645.0,22.0,830.0,852.0,0.2312,0.2491,0.4967,3968.1001833120004,-64079.846577909935,-60111.74639459793,68047.94676122193,-117687.62463444,-89334.54987353999,513.5871030211413,0.2819549503529011,0.07214428857715444,0.3649950606595407,-0.06774666146187247,0.15710899729593167,False
科创50ETF易方达,3月,1.45,1.641,2027-03-24,202703,rule_fourth_wednesday,medium,212.0,152.0,5530.96214352,-70791.5328804,-65260.57073688,76322.49502392,24.0,456.0,480.0,18.0,139.0,157.0,0.30829999999999996,0.31635,0.7161500000000001,2765.48107176,-22789.90576062,-20024.42468886,25555.38683238,-17430.77635371,-47829.794383169996,652.6907784042696,0.41096491228070176,0.11002548853016147,0.5274122807017544,1.4935064935064934,0.04382107988836702,False
科创50ETF易方达,3月,1.5,1.641,2027-03-24,202703,rule_fourth_wednesday,medium,212.0,152.0,6266.36101581,-243807.84454751998,-237541.48353171,250074.20556332998,21.0,1513.0,1534.0,10.0,96.0,106.0,0.337,0.24295,0.8532500000000001,2446.8647776020002,-54949.42167264,-52502.556895038,57396.286450242,-12485.650471739998,-225055.83305997,638.1638456682875,0.30792811506625123,0.18595624558927304,0.26982028766562804,0.37466974900924704,0.10692996586507449,False
科创50ETF易方达,3月,1.55,1.641,2027-03-24,202703,rule_fourth_wednesday,medium,212.0,152.0,49956.06629196001,-55439.60680107,-5483.540509109989,105395.67309303,178.0,339.0,517.0,90.0,61.0,151.0,0.375,0.1769,0.82475,20094.687339912005,-15078.264740586,5016.422599326004,35172.952080498006,15282.826752870003,-20766.367261979995,630.4459267672703,0.3371117960955885,0.26439482961222094,0.3427794902389712,0.22882478475237325,0.05238457718968818,False
科创50ETF易方达,3月,1.6,1.641,2027-03-24,202703,rule_fourth_wednesday,medium,212.0,152.0,54699.09145488001,-65670.40029627,-10971.308841389997,120369.49175115001,158.0,391.0,549.0,31.0,95.0,126.0,0.35714999999999997,0.13784999999999997,0.95465,15232.658379840004,-12333.363568430004,2899.29481141,27566.02194827001,-5223.623634989999,-5747.685206399998,566.3986562718218,0.23314402688623262,0.2945835462442515,0.2195846417818641,0.1311823961687722,0.05481277013189913,True
科创50ETF易方达,3月,1.65,1.641,2027-03-24,202703,rule_fourth_wednesday,medium,212.0,152.0,38207.34963468,-75062.22671592,-36854.877081239996,113269.5763506,113.0,438.0,551.0,39.0,132.0,171.0,0.36695,0.08819999999999997,0.946,10368.956243040002,-26256.33825581172,-15887.382012771717,36625.29449885172,-9434.885586839997,-27419.991494399994,603.8296503584052,0.3105903600454598,0.31842696629213474,0.3232513031882652,0.2732311548101022,0.05811932756969257,True
科创50ETF易方达,3月,1.7,1.641,2027-03-24,202703,rule_fourth_wednesday,medium,212.0,152.0,68124.15346347,-85384.95516846002,-17260.801704990023,153509.10863193002,221.0,498.0,719.0,20.0,149.0,169.0,0.38530000000000003,0.04519999999999999,0.8907,16090.863397254,-27944.24606697739,-11853.38266972339,44035.10946423139,-19381.822495830005,2121.0207908399825,622.9715926378477,0.2817363732954616,0.3526398739164697,0.19484726235257774,0.06987003819963461,0.07044968040009653,True
科创50ETF易方达,3月,1.75,1.641,2027-03-24,202703,rule_fourth_wednesday,medium,212.0,152.0,105936.29588258998,-57460.533205140004,48475.76267744998,163396.82908772997,347.0,338.0,685.0,95.0,90.0,185.0,0.391,0.004250000000000004,0.8825,32788.352097377996,-19215.713195972323,13572.638901405673,52004.065293350315,13702.590324449991,34773.172352999994,623.5225183359266,0.3219629694695808,0.384133611691023,0.27002370274372045,0.16320165121534985,0.07433484841848872,False
科创50ETF易方达,3月,1.8,1.641,2027-03-24,202703,rule_fourth_wednesday,medium,212.0,152.0,68228.9873208,-29869.81305534,38359.17426546001,98098.80037614,240.0,162.0,402.0,82.0,11.0,93.0,0.38075000000000003,-0.03730000000000003,0.8702000000000001,22970.425731336003,-8245.026900421408,14725.398830914595,31215.452631757413,21283.373485170003,17075.800780290003,630.5498542060543,0.3063493779122832,0.32598530394121583,0.20478395061728394,0.00154012012937009,0.04194537716611059,False
科创50ETF易方达,3月,1.85,1.641,2027-03-24,202703,rule_fourth_wednesday,medium,212.0,152.0,195413.2183746,-76928.47403535001,118484.74433924998,272341.69240995,716.0,315.0,1031.0,389.0,0.0,389.0,0.3214,-0.10254999999999997,0.9602,45723.78191577,-20378.204543404994,25345.577372365005,66101.986459175,106167.23735715,12317.506982099978,627.9907404716441,0.24944158779238915,0.08367196158108597,0.27164804469273746,0.2019607843137255,0.1263597808325032,False
科创50ETF易方达,3月,1.9,1.641,2027-03-24,202703,rule_fourth_wednesday,medium,212.0,152.0,208399.9062852,-29813.747272919998,178586.15901228,238213.65355812002,777.0,188.0,965.0,255.0,20.0,275.0,0.4149,-0.10029999999999997,0.79245,69037.49791224001,-9586.423436836847,59451.07447540316,78623.92134907686,65222.116396200014,113364.04261608001,646.0795913920251,0.32640892952054756,0.46186440677966106,0.21728415345436622,0.1791958041958042,0.10513689259723141,False
科创50ETF易方达,3月,1.95,1.641,2027-03-24,202703,rule_fourth_wednesday,medium,212.0,152.0,28888.365646079998,-10207.096142399998,18681.26950368,39095.461788479995,116.0,40.0,156.0,39.0,0.0,39.0,0.29400000000000004,-0.20515,0.9361999999999999,6773.823668736,-2956.5785887971033,3817.245079938897,9730.402257533104,9712.46776032,8968.80174336,665.2443397513271,0.2620709443281346,0.07899716177861871,0.16810344827586207,0.15168539325842698,0.02022922832979218,False
科创50ETF易方达,3月,2.0,1.641,2027-03-24,202703,rule_fourth_wednesday,medium,212.0,152.0,129827.69768745,-27100.8850959,102726.81259155,156928.58278335,565.0,154.0,719.0,179.0,0.0,179.0,0.3877,-0.1736,0.7534,42418.040695758,-8209.581032197635,34208.45966356037,50627.62172795563,41131.25289567,61595.55969588,640.9828006698664,0.31482616973735394,0.38367816091954027,0.1584070796460177,-0.08879184861717612,0.07385689115350563,False
科创50ETF易方达,3月,2.05,1.641,2027-03-24,202703,rule_fourth_wednesday,medium,212.0,152.0,133443.45593496,-21093.336873,112350.11906196,154536.79280795998,626.0,175.0,801.0,133.0,0.0,133.0,0.5125,-0.14580000000000004,0.6195999999999999,29133.022861200003,-6672.30740862252,22460.715452577482,35805.33026982252,28351.40517468,83998.71388728,648.9054453867108,0.26732017491740867,0.3837682141646899,0.1062300319488818,-0.0023847376788553257,0.07058506201181336,False
科创50ETF易方达,3月,2.1,1.641,2027-03-24,202703,rule_fourth_wednesday,medium,212.0,152.0,346802.78730023996,-47846.43638774999,298956.35091249,394649.2236879899,1756.0,355.0,2111.0,556.0,10.0,566.0,0.47045,-0.18565,0.61695,78603.36523092,-16287.85627574592,62315.508955174075,94891.22150666591,108459.92931174,190496.42160074995,609.8087484025733,0.2835354519027359,0.45814033281866534,0.17239885783952005,0.04461784503831086,0.18841975216029086,False
