underlying,contract_month,strike,underlying_price,expiry,expiry_month,expiry_source,expiry_confidence,days_to_expiry,business_days_to_expiry_estimate,call_gex,put_gex,net_gex,total_abs_gex,call_oi,put_oi,total_oi,call_volume,put_volume,total_volume,avg_iv,avg_delta,avg_gamma,liquidity_adjusted_call_gex,liquidity_adjusted_put_gex,liquidity_adjusted_net_gex,liquidity_adjusted_abs_gex,active_gex,stable_gex,avg_spread_bps,avg_liquidity_score,avg_pricing_quality_score,avg_volume_oi_ratio,avg_oi_change_rate,price_wall_score,in_price_range
上证50ETF华夏,9月,2.65,2.958,2026-09-23,202609,rule_fourth_wednesday,medium,6.0,4.0,316593.23579784005,-2889519.4384308006,-2572926.2026329604,3206112.6742286407,1123.0,23355.0,24478.0,204.0,291.0,495.0,0.36595,0.48535,0.2318,182832.89809056598,-242060.30883884954,-59227.41074828355,424893.2069294155,21508.144878960004,-2594434.3475119206,5059.475968493812,0.33063639190486627,0.7955085017645174,0.09705806826494086,-0.049419197482205454,0.5456803412024229,False
上证50ETF华夏,9月,2.7,2.958,2026-09-23,202609,rule_fourth_wednesday,medium,6.0,4.0,347861.21743296005,-2338314.9306048,-1990453.7131718402,2686176.14803776,922.0,17840.0,18762.0,120.0,852.0,972.0,0.3066,0.48385,0.2905,190671.4065582175,-114818.60309472002,75852.80346349749,305490.00965293753,-66398.10909984002,-1924055.604072,3398.2932110559163,0.29861403609221726,0.794270435446906,0.08895484567570985,0.002482370223773704,0.5301117930976513,False
上证50ETF华夏,9月,2.75,2.958,2026-09-23,202609,rule_fourth_wednesday,medium,6.0,4.0,381431.9619576,-3511193.2330482,-3129761.2710906,3892625.1950058,685.0,12655.0,13340.0,1235.0,1490.0,2725.0,0.2675,0.4765,0.47675,346854.5603070529,-867601.8364078801,-520747.27610082715,1214456.396714933,-31976.01253800001,-3097785.2585526,2556.657223796034,0.5782222257043821,0.791984912776992,0.960329865867621,-0.2522655538587039,0.5728565607423293,False
上证50ETF华夏,9月,2.8,2.958,2026-09-23,202609,rule_fourth_wednesday,medium,6.0,4.0,1425190.8720294002,-8512677.069745682,-7087486.197716282,9937867.941775082,1743.0,16234.0,17977.0,1659.0,4141.0,5800.0,0.2166,0.46885,0.7669,1017254.9761231537,-2416331.494966216,-1399076.5188430622,3433586.4710893696,-814923.0947671204,-6272563.102949161,992.6046733965075,0.49880924394512854,0.7895126465144972,0.6034445778679582,-0.1820194464231542,0.7171325764016501,False
上证50ETF华夏,9月,2.85,2.958,2026-09-23,202609,rule_fourth_wednesday,medium,6.0,4.0,5640425.5530618,-36690922.441714324,-31050496.888652526,42331347.99477612,3463.0,26611.0,30074.0,5878.0,10845.0,16723.0,0.18714999999999998,0.43075,1.71865,5145390.401957917,-13319366.012981426,-8173975.611023509,18464756.414939344,-9312528.258534601,-21737968.630117923,568.7423687423687,0.6376248633307746,0.4744718309859155,1.0524552283428763,0.026879009495363503,0.874238669504304,True
上证50ETF华夏,9月,2.9,2.958,2026-09-23,202609,rule_fourth_wednesday,medium,6.0,4.0,56283763.93053624,-189123053.54348737,-132839289.61295113,245406817.4740236,16442.0,55176.0,71618.0,27130.0,35659.0,62789.0,0.1518,0.3398,3.9148500000000004,43429493.434939295,-49610848.40645506,-6181354.971515767,93040341.84139436,-65942185.147092015,-66897104.465859115,313.90364535629186,0.5169685963792727,0.4746142208774583,1.1481599704336334,0.05171497966328644,0.9667851567231612,True
上证50ETF华夏,9月,2.95,2.958,2026-09-23,202609,rule_fourth_wednesday,medium,6.0,4.0,289426341.34755653,-320622497.91995335,-31196156.572396815,610048839.2675099,47206.0,51244.0,98450.0,76806.0,77027.0,153833.0,0.13485,0.07944999999999999,7.079000000000001,248424463.91655096,-245029630.1844892,3394833.7320617735,493454094.1010401,-31196156.572396815,0.0,47.38761273027656,0.8112824563996297,0.8110538482746921,1.565090383483644,0.06273304212308392,0.9842561362199572,True
上证50ETF华夏,9月,3.0,2.958,2026-09-23,202609,rule_fourth_wednesday,medium,6.0,4.0,489928761.165001,-255506459.88989234,234422301.27510864,745435221.0548933,100969.0,50991.0,151960.0,109330.0,75645.0,184975.0,0.13575,-0.25655000000000006,5.6362000000000005,415097496.6709684,-251134156.83295286,163963339.83801556,666231653.5039213,234422301.27510864,0.0,69.86678479891248,0.9150743140963539,0.7037707390648567,1.283152341065764,0.02815711223881715,0.9942385896094695,True
上证50ETF华夏,9月,3.1,2.958,2026-09-23,202609,rule_fourth_wednesday,medium,6.0,4.0,115907850.71536322,-14686814.164956482,101221036.55040674,130594664.8803197,124268.0,16552.0,140820.0,32776.0,9925.0,42701.0,0.1825,-0.4647,1.04005,14457392.902942564,-9151264.269068133,5306128.633874431,23608657.172010697,21764402.279645406,79456634.27076133,492.1302789465482,0.37391283996540026,0.49358517462580176,0.43168897887683244,-0.05657094613471964,0.960914196808957,True
上证50ETF华夏,9月,3.2,2.958,2026-09-23,202609,rule_fourth_wednesday,medium,6.0,4.0,25404516.285422403,-1159.34373,25403356.941692404,25405675.629152402,77240.0,6625.0,83865.0,8732.0,2163.0,10895.0,0.12985,-0.492,0.18805,3181155.8973667207,-730.8357470743715,3180425.0616196464,3181886.733113795,2871607.9715416804,22531748.970150724,971.7213892579233,0.3778037756819106,0.7983249581239531,0.21977039953880578,-0.06854078181612522,0.8762679982962678,False
上证50ETF华夏,9月,3.3,2.958,2026-09-23,202609,rule_fourth_wednesday,medium,6.0,4.0,5716719.470250361,-955180.2367296001,4761539.23352076,6671899.706979961,42731.0,3591.0,46322.0,7677.0,973.0,8650.0,0.34525,-0.48685,0.22845,997946.114390323,-593291.8422971786,404654.2720931445,1591237.9566875016,768247.9161973201,3993291.31732344,2554.5320560058963,0.3978484988294513,0.7970605526161081,0.22530698070704153,-0.05099078846957418,0.7487037907207298,False
上证50ETF华夏,9月,3.4,2.958,2026-09-23,202609,rule_fourth_wednesday,medium,6.0,4.0,1674292.54072032,-377870.1955261201,1296422.3451942,2052162.73624644,18364.0,937.0,19301.0,851.0,262.0,1113.0,0.50725,-0.4676,0.28254999999999997,68943.64327148377,-240044.45752981966,-171100.8142583359,308988.1008013034,-28070.642874240017,1324492.98806844,2047.868702986095,0.33821708465053857,0.78607680215585,0.16297823080608503,-0.03403102236749407,0.5206637258347585,False
上证50ETF华夏,9月,3.5,2.958,2026-09-23,202609,rule_fourth_wednesday,medium,6.0,4.0,1674358.3389456002,-159865.27558884,1514493.0633567602,1834223.6145344402,24852.0,2281.0,27133.0,1145.0,770.0,1915.0,0.46595,-0.4948,0.07855000000000001,223070.25170001152,-106592.82278729281,116477.42891271871,329663.0744873043,23176.374883200006,1491316.6884735601,3375.9970320905204,0.3999969424068556,0.7994437233450771,0.1918219956839801,-0.02931552413753061,0.5505539160678691,False
上证50ETF华夏,9月,3.6,2.958,2026-09-23,202609,rule_fourth_wednesday,medium,6.0,4.0,4517459.929365841,-190363.3654896,4327096.5638762405,4707823.294855441,85906.0,1996.0,87902.0,1418.0,113.0,1531.0,0.5646,-0.49275,0.08455,255699.82197450005,-106610.65828097009,149089.16369352996,362310.48025547015,63789.97944672001,4263306.58442952,2039.1297542651425,0.3083201246759429,0.7987494137877129,0.03655982022014369,-0.024931273650811978,0.6769115929727914,False
上证50ETF华夏,10月,2.75,2.958,2026-10-28,202610,rule_fourth_wednesday,medium,41.0,29.0,280621.9935198001,-3940935.7044672007,-3660313.7109474004,4221557.697987,405.0,4930.0,5335.0,205.0,4979.0,5184.0,0.0868,0.4259,0.85275,186128.55816121845,-2101832.3757158406,-1915703.8175546222,2287960.9338770593,-3798892.4731794004,138578.76223200004,372.712835738452,0.5983023945485685,0.457497303128371,0.7580559937895975,0.28515408152475613,0.5319136004558619,False
上证50ETF华夏,10月,2.8,2.958,2026-10-28,202610,rule_fourth_wednesday,medium,41.0,29.0,4709951.762446081,-28320719.879124004,-23610768.116677925,33030671.641570084,4192.0,24614.0,28806.0,2080.0,11165.0,13245.0,0.08294999999999998,0.374,1.29955,3423536.3549033226,-8324470.425556757,-4900934.070653434,11748006.780460078,-10509382.6642908,-13101385.452387122,210.5524442687289,0.5104043027362322,0.6201488014378567,0.47489342315581584,0.20150045554927476,0.8541744557862239,False
上证50ETF华夏,10月,2.85,2.958,2026-10-28,202610,rule_fourth_wednesday,medium,41.0,29.0,12240029.897503562,-38246992.896139205,-26006962.998635642,50487022.79364277,7643.0,24516.0,32159.0,3755.0,12435.0,16190.0,0.0812,0.29525,1.8066499999999999,6562237.1331476085,-27839663.287712436,-21277426.154564828,34401900.420860045,-13386113.885147398,-12620849.113488244,83.3913016393781,0.6320103671101813,0.6803206505189174,0.49925950144636616,0.1543835661860078,0.8820081295835378,True
上证50ETF华夏,10月,2.9,2.958,2026-10-28,202610,rule_fourth_wednesday,medium,41.0,29.0,35541747.68743512,-44515154.43030816,-8973406.742873043,80056902.11774328,13218.0,23138.0,36356.0,9383.0,12192.0,21575.0,0.12735000000000002,0.23715000000000003,2.6359500000000002,27013962.75966577,-28234154.158457544,-1220191.398791775,55248116.91812331,1773688.897286281,-10747095.640159322,122.2700892320584,0.69716112408264,0.6786911806142577,0.6183953696230977,0.2296197194645074,0.9054617646472344,True
上证50ETF华夏,10月,2.95,2.958,2026-10-28,202610,rule_fourth_wednesday,medium,41.0,29.0,77346648.36913034,-63594894.708576,13751753.660554342,140941543.07770634,24298.0,30590.0,54888.0,22123.0,21330.0,43453.0,0.13565,0.08035,3.00705,58787373.14657172,-40708151.44293473,18079221.70363699,99495524.58950645,26079202.10019134,-12327448.439637003,45.51247946883328,0.7000836717730363,0.5814532183145322,0.8038865773946474,0.40298002562026847,0.9453960743790153,True
上证50ETF华夏,10月,3.0,2.958,2026-10-28,202610,rule_fourth_wednesday,medium,41.0,29.0,160540715.1082799,-62240686.38449424,98300028.72378567,222781401.49277416,53009.0,30786.0,83795.0,32838.0,14503.0,47341.0,0.14145,-0.06749999999999998,2.8859500000000002,100887166.22404997,-34550830.092766166,66336336.131283805,135437996.31681615,70130703.82371266,28169324.900073007,63.685629406450076,0.5917687643841555,0.4434475427143571,0.5452852332653524,0.236319226243898,0.9639170475001033,True
上证50ETF华夏,10月,3.1,2.958,2026-10-28,202610,rule_fourth_wednesday,medium,41.0,29.0,92290856.17912525,-19072606.945669204,73218249.23345605,111363463.12479445,52689.0,13002.0,65691.0,27174.0,5491.0,32665.0,0.16235,-0.27625,1.8392,62335251.91958372,-9946279.668078946,52388972.25150478,72281531.58766267,39543656.384829246,33674592.84862681,111.44242643293907,0.5984586522867099,0.4011882426516574,0.4690314835826527,0.1839589697819427,0.9376866156546507,True
上证50ETF华夏,10月,3.2,2.958,2026-10-28,202610,rule_fourth_wednesday,medium,41.0,29.0,22079165.064814445,-2480134.4304271205,19599030.634387325,24559299.495241564,27049.0,2502.0,29551.0,11761.0,1454.0,13215.0,0.19745000000000001,-0.36210000000000003,1.0329,4179718.8033952718,-1766707.4138584344,2413011.389536837,5946426.217253706,8158805.201932922,11440225.432454402,419.89672883826796,0.4508247129226298,0.7337546076882571,0.5079692983385483,0.01988754076836695,0.8433127681021177,False
上证50ETF华夏,10月,3.3,2.958,2026-10-28,202610,rule_fourth_wednesday,medium,41.0,29.0,5089389.128202241,-738004.61942424,4351384.508778001,5827393.747626481,11432.0,1022.0,12454.0,2448.0,189.0,2637.0,0.23754999999999998,-0.39630000000000004,0.66705,1527743.7643042407,-331902.94922549673,1195840.815078744,1859646.7135297374,953339.8988674802,3398044.6099105207,226.30970724191113,0.37495616362125406,0.43120182700542387,0.1995336330607667,0.08688606755833647,0.6115682237785447,False
上证50ETF华夏,10月,3.4,2.958,2026-10-28,202610,rule_fourth_wednesday,medium,41.0,29.0,2700779.1541632004,-193991.71762512,2506787.43653808,2894770.8717883206,9480.0,348.0,9828.0,1591.0,73.0,1664.0,0.2744,-0.4167,0.48135,204790.50592373425,-117175.54361426506,87614.96230946919,321966.0495379993,412570.00959732,2094217.4269407603,688.2257542887223,0.3399249443607066,0.4496869409660108,0.188798559580969,0.12403053393640574,0.5040392087075207,False
上证50ETF华夏,10月,3.5,2.958,2026-10-28,202610,rule_fourth_wednesday,medium,41.0,29.0,1501874.5912041601,-108275.44207788003,1393599.14912628,1610150.0332820402,7622.0,231.0,7853.0,535.0,52.0,587.0,0.3326,-0.41465,0.38044999999999995,64837.36780017147,-66834.43354301943,-1997.0657428479608,131671.8013431909,81045.21403583999,1312553.93509044,601.0431829209124,0.33021702309549544,0.7441441441441441,0.14764988794115008,0.09025397972927945,0.4011507229588286,False
上证50ETF华夏,12月,2.7,2.958,2026-12-23,202612,rule_fourth_wednesday,medium,97.0,69.0,3460064.3371047606,-15315805.6497,-11855741.31259524,18775869.98680476,5313.0,23339.0,28652.0,343.0,13506.0,13849.0,0.1026,0.34035000000000004,0.74715,1830949.0363949316,-9429567.810179312,-7598618.77378438,11260516.846574243,-8639696.43125964,-3216044.881335599,195.28555254730227,0.5724208904986212,0.5013246973552319,0.32162333134115767,0.02116032284109955,0.8276199735013238,False
上证50ETF华夏,12月,2.75,2.958,2026-12-23,202612,rule_fourth_wednesday,medium,97.0,69.0,883990.05688224,-8910143.674214402,-8026153.617332162,9794133.731096642,1176.0,11530.0,12706.0,186.0,3210.0,3396.0,0.10225000000000001,0.29684999999999995,0.87115,350987.15951213567,-1586258.0152012804,-1235270.8556891447,1937245.174713416,-2340806.3384061605,-5685347.278926002,460.091632505425,0.28753854796583356,0.4539271453656275,0.21828371417951395,0.00042001564949384167,0.6697257295580918,False
上证50ETF华夏,12月,2.8,2.958,2026-12-23,202612,rule_fourth_wednesday,medium,97.0,69.0,5924355.219866521,-11403500.922993602,-5479145.7031270815,17327856.142860122,7023.0,12981.0,20004.0,1104.0,2609.0,3713.0,0.10275,0.24689999999999998,0.98405,2321464.9562998903,-4407645.502011992,-2086180.5457121017,6729110.458311882,-1360649.2003574404,-4118496.5027696416,353.06599275224136,0.3891839728524509,0.4224262445121341,0.17909191763560983,0.05324619904227314,0.7515251397369844,False
上证50ETF华夏,12月,2.85,2.958,2026-12-23,202612,rule_fourth_wednesday,medium,97.0,69.0,2907594.1759161605,-7641599.389588801,-4734005.213672641,10549193.56550496,3154.0,7954.0,11108.0,553.0,1365.0,1918.0,0.10405,0.1918,1.0758,1568617.2894829712,-2708529.074436273,-1139911.7849533018,4277146.363919244,-801591.4293508801,-3932413.7843217608,236.36008218928353,0.44696753656599897,0.41019786910197864,0.17347233912689786,0.06518616751911682,0.6455225221615818,True
上证50ETF华夏,12月,2.9,2.958,2026-12-23,202612,rule_fourth_wednesday,medium,97.0,69.0,7999568.334394561,-5859970.343965441,2139597.99042912,13859538.678360002,3864.0,5792.0,9656.0,1167.0,1821.0,2988.0,0.1467,0.20840000000000003,1.7612,4222062.837771384,-2075410.7991588293,2146652.038612555,6297473.636930213,573648.8774529598,1565949.1129761594,167.2772713072621,0.44097689543156005,0.453757225433526,0.30820890240554544,0.06771525660072458,0.6762042345298487,True
上证50ETF华夏,12月,2.95,2.958,2026-12-23,202612,rule_fourth_wednesday,medium,97.0,69.0,11143846.601430481,-5185930.08678444,5957916.514646041,16329776.68821492,5131.0,5061.0,10192.0,1770.0,1674.0,3444.0,0.15915,0.09829999999999997,1.82665,3916173.6110607833,-2863705.930463572,1052467.6805972112,6779879.541524355,2128881.1044866405,3829035.4101594,354.1647375708972,0.45181354328847634,0.4964253798033959,0.33786333336298524,0.15489462655340266,0.6935912709645173,True
上证50ETF华夏,12月,3.0,2.958,2026-12-23,202612,rule_fourth_wednesday,medium,97.0,69.0,39717544.11970212,-10989498.402034203,28728045.717667922,50707042.521736324,19421.0,11061.0,30482.0,3965.0,1994.0,5959.0,0.1702,0.0072500000000000064,1.7364,14073130.412314886,-3568738.409220218,10504392.003094668,17641868.821535103,6127641.286803001,22600404.43086492,338.3555864058901,0.33953555945876923,0.4573724668064291,0.1922167381253699,0.004535270930431809,0.8574253063946004,True
上证50ETF华夏,12月,3.1,2.958,2026-12-23,202612,rule_fourth_wednesday,medium,97.0,69.0,24733242.09113472,-7495197.638359679,17238044.45277504,32228439.7294944,15576.0,8478.0,24054.0,4191.0,381.0,4572.0,0.18964999999999999,-0.13495000000000001,1.4125999999999999,8273597.542412953,-2726530.5201540855,5547067.022258868,11000128.062567038,6318085.93760016,10919958.51517488,392.07466379498226,0.3491417971466284,0.40693345742205667,0.15700382045653555,-0.006880009933229905,0.808058918395433,True
上证50ETF华夏,12月,3.2,2.958,2026-12-23,202612,rule_fourth_wednesday,medium,97.0,69.0,22449142.79821728,-5486600.764548,16962542.03366928,27935743.56276528,20311.0,7334.0,27645.0,5094.0,151.0,5245.0,0.2108,-0.231,1.0591,8021636.685153902,-2186729.700636894,5834906.984517008,10208366.385790795,5517282.51199512,11445259.521674164,275.9759233286577,0.3779415250698235,0.3811914323962516,0.135694548220763,0.020419201127868283,0.8154723918302083,False
上证50ETF华夏,12月,3.3,2.958,2026-12-23,202612,rule_fourth_wednesday,medium,97.0,69.0,12488247.840030482,-3282229.14620328,9206018.693827203,15770476.986233762,16963.0,5218.0,22181.0,6217.0,76.0,6293.0,0.2359,-0.28795000000000004,0.78015,4328444.517519025,-1401579.4330185836,2926865.0845004413,5730023.950537609,4529181.813201361,4676836.880625841,446.32586257529823,0.3868110093061305,0.37333333333333335,0.19053426700328338,0.0010456123368839942,0.7736072913830965,False
上证50ETF华夏,12月,3.4,2.958,2026-12-23,202612,rule_fourth_wednesday,medium,97.0,69.0,5754343.542948002,-1480355.0716320002,4273988.471316002,7234698.614580002,11550.0,2760.0,14310.0,6324.0,19.0,6343.0,0.2615,-0.3235,0.5912,2564174.577371688,-664613.0681386612,1899561.5092330268,3228787.6455103494,3140499.068969041,1133489.4023469607,260.05845723725986,0.447280983755333,0.37603135313531355,0.27720826275174104,0.028991481176147294,0.6692902542392358,False
上证50ETF华夏,12月,3.5,2.958,2026-12-23,202612,rule_fourth_wednesday,medium,97.0,69.0,10904953.632388923,-1412814.7683396,9492138.864049323,12317768.400728524,30243.0,3085.0,33328.0,189402.0,93.0,189495.0,0.29664999999999997,-0.33925,0.46775,8376224.524346857,-671985.5492327608,7704238.975114097,9048210.073579619,10862363.106147243,-1370224.24209792,155.19404374800095,0.6218739384213724,0.3726655348047539,3.1464091105160037,0.03149903355822979,0.8403045019452136,False
上证50ETF华夏,3月,2.75,2.958,2027-03-24,202703,rule_fourth_wednesday,medium,188.0,134.0,55627.4996064,-671433.7024854,-615806.202879,727061.2020918,90.0,1135.0,1225.0,71.0,814.0,885.0,0.10919999999999999,0.2615,0.69125,27406.954932536002,-474505.5852491995,-447098.6303166635,501912.5401817355,-437655.32049240003,-178150.88238659996,229.46134904814,0.5996961039385655,0.36183310533515733,0.7530347528144885,1.7941352842408251,0.22100526956575606,False
上证50ETF华夏,3月,2.8,2.958,2027-03-24,202703,rule_fourth_wednesday,medium,188.0,134.0,873451.57862772,-3918780.25204752,-3045328.6734198,4792231.830675241,1301.0,6217.0,7518.0,220.0,370.0,590.0,0.11055,0.22230000000000003,0.74385,192562.21530158955,-1438296.2081476285,-1245733.992846039,1630858.423449218,-85521.94328880002,-2959806.7301310003,325.8434601860808,0.2937438694124906,0.35745856353591166,0.11430746346860539,0.018731607816812573,0.5021895530350351,False
上证50ETF华夏,3月,2.85,2.958,2027-03-24,202703,rule_fourth_wednesday,medium,188.0,134.0,542415.3698880001,-1640131.6246138802,-1097716.25472588,2182546.9945018804,756.0,2493.0,3249.0,58.0,223.0,281.0,0.11245,0.18114999999999998,0.7859499999999999,179978.0995254036,-386710.5370830481,-206732.43755764447,566688.6366084517,-105096.65281668003,-992619.6019092002,498.7261073725824,0.2837944061078425,0.3513513513513513,0.08308501900559662,0.001667074806754541,0.32949194958422007,True
上证50ETF华夏,3月,2.9,2.958,2027-03-24,202703,rule_fourth_wednesday,medium,188.0,134.0,1265585.9894172002,-980209.8116280001,285376.1777892001,2245795.8010452003,795.0,1450.0,2245.0,105.0,163.0,268.0,0.14045,0.25634999999999997,1.2959999999999998,333470.1070696389,-556267.2112832837,-222797.10421364475,889737.3183529226,56963.76356448002,228412.4142247201,291.7543280445199,0.4154943905246964,0.3476474981329351,0.12224463240078073,0.027160836910655912,0.31234120964356055,True
上证50ETF华夏,3月,2.95,2.958,2027-03-24,202703,rule_fourth_wednesday,medium,188.0,134.0,2784931.584390721,-1000156.2986282399,1784775.285762481,3785087.8830189607,1444.0,1482.0,2926.0,89.0,86.0,175.0,0.1554,0.14475000000000002,1.4877500000000001,1155396.7412828864,-271820.55328549194,883576.1879973945,1427217.2945683782,113608.68572880008,1671166.600033681,309.0915639690422,0.34332622321925454,0.33096853793954345,0.059832019319553946,0.023760863336835067,0.3532671162272108,True
上证50ETF华夏,3月,3.0,2.958,2027-03-24,202703,rule_fourth_wednesday,medium,188.0,134.0,4374339.514632001,-1011089.6537320799,3363249.8608999206,5385429.168364081,2425.0,1534.0,3959.0,268.0,78.0,346.0,0.16795,0.0627,1.4074499999999999,1068240.7672433283,-496924.62316536106,571316.1440779672,1565165.3904086894,432020.82246696006,2931229.0384329604,364.3831948637495,0.36784026422579,0.3125321006676939,0.08068146077232222,-0.04635317716014794,0.440238316262164,True
上证50ETF华夏,3月,3.1,2.958,2027-03-24,202703,rule_fourth_wednesday,medium,188.0,134.0,4235485.222331641,-544421.253285,3691063.969046641,4779906.475616641,2853.0,875.0,3728.0,384.0,156.0,540.0,0.185,-0.059000000000000025,1.2039,1482768.6684731194,-220573.20435603854,1262195.464117081,1703341.8728291579,473013.29181168013,3218050.6772349607,338.3417787954649,0.3776170381323227,0.30501710376282776,0.15644043863602225,0.06180879540072934,0.4360648441184089,True
上证50ETF华夏,3月,3.2,2.958,2027-03-24,202703,rule_fourth_wednesday,medium,188.0,134.0,1658593.36416096,-204116.06954952003,1454477.29461144,1862709.43371048,1451.0,369.0,1820.0,452.0,56.0,508.0,0.2064,-0.1437,0.9693,1003874.7198398457,-67854.73384072709,936019.9859991185,1071729.4536805728,485690.29988544,968786.9947260001,175.5955480630898,0.4688443925248952,0.2865555874748634,0.2316354107717507,0.07282909256412679,0.3128817149121987,False
上证50ETF华夏,3月,3.3,2.958,2027-03-24,202703,rule_fourth_wednesday,medium,188.0,134.0,1130058.7948778402,-82909.08876312002,1047149.7061147202,1212967.8836409603,1314.0,167.0,1481.0,232.0,55.0,287.0,0.2253,-0.20450000000000002,0.77515,305821.0863459361,-50338.89940707331,255482.1869388628,356159.98575300945,172217.92991112004,874931.7762036002,368.45999890741246,0.4388909211788762,0.28865150470939577,0.25295071956543536,0.09793862487250074,0.23781797078520023,False
上证50ETF华夏,3月,3.4,2.958,2027-03-24,202703,rule_fourth_wednesday,medium,188.0,134.0,1588614.1516512001,-31575.273346800008,1557038.8783044,1620189.4249980003,2480.0,69.0,2549.0,133.0,14.0,147.0,0.23854999999999998,-0.25135,0.62755,207381.69783212076,-17552.21119440532,189829.48663771542,224933.9090265261,78789.26238372,1478249.6159206803,477.80650721827095,0.343213608504633,0.3094226684688164,0.12826379149135111,0.04210943695479778,0.2677557552736984,False
上证50ETF华夏,3月,3.5,2.958,2027-03-24,202703,rule_fourth_wednesday,medium,188.0,134.0,1951415.2411236006,-70398.50120064,1881016.7399229605,2021813.7423242407,4033.0,174.0,4207.0,486.0,18.0,504.0,0.26325,-0.2768,0.5077,483108.9590804951,-39958.04983417732,443150.9092463178,523067.0089146724,227874.30373872007,1653142.4361842405,174.31843518800022,0.4075832634188186,0.3080710250201776,0.11197705139495712,0.020720455466815016,0.3689751493469291,False
沪深300ETF华泰柏瑞,9月,4.0,4.532,2026-09-23,202609,rule_fourth_wednesday,medium,6.0,4.0,0.0,-2376607.23189296,-2376607.23189296,2376607.23189296,1109.0,25771.0,26880.0,308.0,1126.0,1434.0,0.16735,0.49845,0.02245,0.0,-120756.22714220265,-120756.22714220265,120756.22714220265,-103839.96519776,-2272767.2666952,3373.7582651750186,0.34861076223329035,0.7941773102930128,0.16071010259993,-0.044591464554823254,0.5646897709490315,False
沪深300ETF华泰柏瑞,9月,4.1,4.532,2026-09-23,202609,rule_fourth_wednesday,medium,6.0,4.0,82.77226672,-3682918.1183168,-3682835.34605008,3683000.89058352,403.0,21604.0,22007.0,146.0,878.0,1024.0,0.1435,0.4974,0.041550000000000004,52.773965047287575,-151943.38635696,-151890.6123919127,151996.1603220073,-149646.09652256,-3533189.2495275196,5067.083044182281,0.33941826475796116,0.7925977330557483,0.20146175025946395,0.003572277202103364,0.573023076285744,False
沪深300ETF华泰柏瑞,9月,4.2,4.532,2026-09-23,202609,rule_fourth_wednesday,medium,6.0,4.0,16892.936459520002,-7486523.541657601,-7469630.605198081,7503416.47811712,1192.0,28256.0,29448.0,431.0,7938.0,8369.0,0.11255,0.49665000000000004,0.06795,10351.250765685905,-1174014.445791147,-1163663.195025461,1184365.6965568329,-2097092.0650574404,-5372538.540140641,6749.088366052249,0.38478659567110846,0.7979098238280082,0.3212543323933813,-0.08908183243728424,0.7413650573991735,False
沪深300ETF华泰柏瑞,9月,4.3,4.532,2026-09-23,202609,rule_fourth_wednesday,medium,6.0,4.0,747753.977256,-44713218.63844353,-43965464.66118753,45460972.61569953,1950.0,36368.0,38318.0,2354.0,13409.0,15763.0,0.1095,0.47785,0.39265,529576.460984976,-12556126.19743211,-12026549.736447133,13085702.658417087,-15738155.303509763,-28227309.35767777,1350.281559236784,0.4945187482140441,0.49360068259385664,0.787941371394407,0.0655529200435211,0.8849582463411467,False
沪深300ETF华泰柏瑞,9月,4.4,4.532,2026-09-23,202609,rule_fourth_wednesday,medium,6.0,4.0,15950719.003032,-118709532.57035841,-102758813.56732641,134660251.57339042,5410.0,34828.0,40238.0,14200.0,28944.0,43144.0,0.16625,0.40895000000000004,1.5474999999999999,12970134.051433947,-40020315.77179403,-27050181.72036008,52990449.82322797,-82703487.6903312,-20055325.876995206,371.74913396411716,0.5751329824950797,0.5609138235567538,1.727912209501905,-0.02075757435136797,0.9307338278689864,True
沪深300ETF华泰柏瑞,9月,4.5,4.532,2026-09-23,202609,rule_fourth_wednesday,medium,6.0,4.0,260401633.87338674,-378497016.35292625,-118095382.47953951,638898650.226313,32433.0,50127.0,82560.0,85209.0,93978.0,179187.0,0.15615,0.1476,3.7927,222859871.9158242,-323163634.90413654,-100303762.98831233,546023506.8199607,-118095382.47953951,0.0,68.70393146808637,0.8548194635211832,0.9271726079576037,2.2510147682476003,-0.05171053936346077,0.9806234635182888,True
沪深300ETF华泰柏瑞,9月,4.6,4.532,2026-09-23,202609,rule_fourth_wednesday,medium,6.0,4.0,359522611.45312506,-233363456.98396897,126159154.46915609,592886068.437094,51051.0,35031.0,86082.0,95075.0,77377.0,172452.0,0.15495,-0.2403,3.3361,309082236.4035645,-183424536.72331116,125657699.68025336,492506773.12687564,126159154.46915609,0.0,128.71106793758779,0.8228527418940613,0.8588909541511773,2.0355841912345647,-0.12304511424067237,0.9806209028721341,True
沪深300ETF华泰柏瑞,9月,4.7,4.532,2026-09-23,202609,rule_fourth_wednesday,medium,6.0,4.0,121304720.40885441,-53561295.0308656,67743425.37798882,174866015.43972,54065.0,18635.0,72700.0,25258.0,18553.0,43811.0,0.17675000000000002,-0.42485,1.2459,33451019.715438113,-46087464.04920424,-12636444.333766125,79538483.76464236,3345336.66595041,64398088.7120384,266.6666666666663,0.568111170435547,0.933896486993832,0.7313890371999777,-0.12247790335354061,0.9558427117416608,True
沪深300ETF华泰柏瑞,9月,4.8,4.532,2026-09-23,202609,rule_fourth_wednesday,medium,6.0,4.0,32781841.215921603,-16385003.520536643,16396837.69538496,49166844.73645824,55535.0,10698.0,66233.0,13068.0,5996.0,19064.0,0.2227,-0.4623,0.5165500000000001,5708119.286179202,-8907288.261339728,-3199168.975160526,14615407.54751893,-1469513.7657376006,17866351.461122558,1182.2988218642015,0.35887442990896,0.4839731643682446,0.39789482961191436,-0.09889132770801957,0.9104636308936208,False
沪深300ETF华泰柏瑞,9月,4.9,4.532,2026-09-23,202609,rule_fourth_wednesday,medium,6.0,4.0,8749018.73357248,-4468132.399885439,4280886.33368704,13217151.133457918,32173.0,5746.0,37919.0,5009.0,1858.0,6867.0,0.25985,-0.48109999999999997,0.2555,724319.3785050125,-3112040.5178800533,-2387721.139375041,3836359.8963850657,-82663.82067327993,4363550.1543603195,1449.0996891434836,0.38964278800000884,0.7939890710382513,0.23952246550310496,-0.027597416663073526,0.8000448129791464,False
沪深300ETF华泰柏瑞,9月,5.0,4.532,2026-09-23,202609,rule_fourth_wednesday,medium,6.0,4.0,7636092.822230401,-3791062.241384,3845030.5808464014,11427155.063614402,34140.0,5935.0,40075.0,6297.0,889.0,7186.0,0.33055,-0.48,0.20995,1581525.6334922884,-2112622.185970924,-531096.5524786355,3694147.819463212,840588.9280043201,3004441.652842081,3397.490732820074,0.3821879035157263,0.7935718877223055,0.16711789109613073,-0.07969791007098778,0.7922054215197137,False
沪深300ETF华泰柏瑞,9月,5.25,4.532,2026-09-23,202609,rule_fourth_wednesday,medium,6.0,4.0,2703523.79604736,-1288739.1352211202,1414784.66082624,3992262.9312684806,23012.0,3334.0,26346.0,1318.0,591.0,1909.0,0.47345000000000004,-0.4836,0.1227,422406.99162299745,-562117.0137733498,-139710.02215035236,984524.0053963473,-73604.87874784003,1488389.5395740801,2046.706169397002,0.29620953366643343,0.795118549511855,0.11726950629342234,-0.06223137703458213,0.6180381759915723,False
沪深300ETF华泰柏瑞,9月,5.5,4.532,2026-09-23,202609,rule_fourth_wednesday,medium,6.0,4.0,1095905.22215328,0.0,1095905.22215328,1095905.22215328,17437.0,2344.0,19781.0,1056.0,17.0,1073.0,0.25189999999999996,-0.4984,0.0153,89170.747788672,0.0,89170.747788672,89170.747788672,66368.98059264,1029536.2415606399,2042.390405293631,0.30822179154142143,0.7988567865308668,0.03390671801224535,-0.009391811304302734,0.4536139617660429,False
沪深300ETF华泰柏瑞,9月,5.75,4.532,2026-09-23,202609,rule_fourth_wednesday,medium,6.0,4.0,487623.54127168003,-251800.62941088004,235822.9118608,739424.1706825601,14302.0,933.0,15235.0,234.0,5.0,239.0,0.74415,-0.4823,0.074,93214.07901241108,-136066.16970316364,-42852.090690752564,229280.24871557474,6628.76460576,229194.14725503995,3371.9402004271396,0.36576627960648894,0.7940993279790199,0.010860202434605044,-0.023242807597112235,0.3425199389008433,False
沪深300ETF华泰柏瑞,9月,6.0,4.532,2026-09-23,202609,rule_fourth_wednesday,medium,6.0,4.0,552940.5130550399,-326006.06922048004,226934.44383455988,878946.58227552,21198.0,1516.0,22714.0,1306.0,37.0,1343.0,0.85605,-0.48414999999999997,0.0587,34859.49009606553,-180292.01068691356,-145432.52059084803,215151.5007829791,26109.823479519993,200824.62035503983,3368.789490431383,0.30803825797432177,0.7951020408163266,0.043007959131903965,-0.020347746038957216,0.4514283667010432,False
沪深300ETF华泰柏瑞,10月,4.1,4.532,2026-10-28,202610,rule_fourth_wednesday,medium,41.0,29.0,167418.92477024003,-2507372.2144328,-2339953.28966256,2674791.1392030404,214.0,3205.0,3419.0,140.0,2453.0,2593.0,0.0001,0.4394,0.3809,124584.24004495263,-1068766.7510985953,-944182.5110536427,1193350.991143548,-1809532.58408208,-530420.7055804802,279.64528265012007,0.5851982183081483,0.7595382395382395,0.709786111070611,0.8456508515815085,0.4276869196895955,False
沪深300ETF华泰柏瑞,10月,4.2,4.532,2026-10-28,202610,rule_fourth_wednesday,medium,41.0,29.0,1123087.5934660803,-17491679.612265762,-16368592.018799681,18614767.205731843,891.0,13877.0,14768.0,376.0,6779.0,7155.0,0.0001,0.38560000000000005,0.6137,713706.4062117562,-9798684.93785623,-9084978.531644475,10512391.344067987,-8070852.818140642,-8297739.200659039,167.82775123700804,0.5978385823314214,0.8435569285083847,0.45525195830256965,0.07282932231702724,0.7537596160662094,False
沪深300ETF华泰柏瑞,10月,4.3,4.532,2026-10-28,202610,rule_fourth_wednesday,medium,41.0,29.0,4412830.46159472,-40987270.854066245,-36574440.39247152,45400101.31566097,2467.0,22914.0,25381.0,1087.0,11295.0,12382.0,0.0001,0.3065,0.8709,2961317.207877374,-16921286.168750413,-13959968.96087304,19882603.376627788,-18259494.670433283,-18314945.722038243,243.44139233768271,0.541956130002866,0.6974353928899382,0.4667731096825305,0.11095260185450602,0.8512623342038026,False
沪深300ETF华泰柏瑞,10月,4.4,4.532,2026-10-28,202610,rule_fourth_wednesday,medium,41.0,29.0,17696808.39049024,-212368722.56740803,-194671914.1769178,230065530.95789826,5722.0,94212.0,99934.0,3238.0,14179.0,17417.0,0.048549999999999996,0.28075,1.30165,12243820.784564275,-101999392.87737098,-89755572.09280671,114243213.66193525,-21947327.57180304,-172724586.60511476,27.746825730413192,0.5860799497310872,0.5527826318017636,0.3581935257885445,0.006714187997534647,0.9513780446554961,True
沪深300ETF华泰柏瑞,10月,4.5,4.532,2026-10-28,202610,rule_fourth_wednesday,medium,41.0,29.0,80055333.81674401,-89730440.3004768,-9675106.48373279,169785774.11722082,18967.0,35289.0,54256.0,13973.0,17415.0,31388.0,0.060000000000000005,0.1049,1.6465,56796005.13822324,-61013956.24610784,-4217951.107884601,117809961.38433108,14695147.926888004,-24370254.410620794,34.989631729532086,0.6947143897285887,0.4327237305178482,0.6150985711138691,0.13698660540775942,0.9413943410288272,True
沪深300ETF华泰柏瑞,10月,4.6,4.532,2026-10-28,202610,rule_fourth_wednesday,medium,41.0,29.0,116794174.10284802,-66699626.83816256,50094547.26468547,183493800.9410106,28650.0,25796.0,54446.0,21476.0,11677.0,33153.0,0.06409999999999999,-0.06089999999999998,1.6218499999999998,101912517.5413398,-51733998.49246964,50178519.04887016,153646516.03380942,57356024.51498483,-7261477.250299357,20.435979140009515,0.8241043534893744,0.48163265306122444,0.6011328420034547,0.11251860602221826,0.9459873178817727,True
沪深300ETF华泰柏瑞,10月,4.7,4.532,2026-10-28,202610,rule_fourth_wednesday,medium,41.0,29.0,96986403.02822241,-22774120.026606083,74212283.00161633,119760523.0548285,30289.0,9544.0,39833.0,21395.0,5112.0,26507.0,0.06659999999999999,-0.20445,1.3603999999999998,70041414.85546187,-15609958.36561176,54431456.489850104,85651373.22107363,56309137.93290016,17903145.06871616,162.88762080610752,0.7038014934169539,0.47384121156493797,0.6209932608688854,0.13997540470674524,0.9194568190901319,True
沪深300ETF华泰柏瑞,10月,4.8,4.532,2026-10-28,202610,rule_fourth_wednesday,medium,41.0,29.0,51882735.078856,-8437192.8065216,43445542.2723344,60319927.8853776,24275.0,4196.0,28471.0,8441.0,1218.0,9659.0,0.071,-0.30955,1.0098,22977712.758195337,-4813719.925413165,18163992.83278217,27791432.683608502,15591753.551218238,27853788.721116155,186.83092990008436,0.5067067745805665,0.4472461844724618,0.31900022482301327,0.08052643686223701,0.8620199062158332,False
沪深300ETF华泰柏瑞,10月,4.9,4.532,2026-10-28,202610,rule_fourth_wednesday,medium,41.0,29.0,23265546.98434208,-2439221.0627276804,20826325.9216144,25704768.04706976,17443.0,1568.0,19011.0,6709.0,499.0,7208.0,0.07579999999999999,-0.3814,0.7034,6498713.076073187,-1476645.096168892,5022067.979904296,7975358.172242079,8172235.2891168,12654090.632497601,255.8408709631791,0.44235171622674996,0.42779601110830595,0.3514320002351683,0.024774965612367875,0.793759673563747,False
沪深300ETF华泰柏瑞,10月,5.0,4.532,2026-10-28,202610,rule_fourth_wednesday,medium,41.0,29.0,12566403.17194416,-1783084.0720968004,10783319.09984736,14349487.24404096,15029.0,1605.0,16634.0,3705.0,144.0,3849.0,0.0819,-0.42715000000000003,0.47400000000000003,5111530.422739383,-941744.2951826913,4169786.1275566914,6053274.717922074,2937934.65000816,7845384.449839199,164.42057594744819,0.4674581738449798,0.42438678289073584,0.16812150714226637,0.06309053734041296,0.7297086183577369,False
沪深300ETF华泰柏瑞,10月,5.25,4.532,2026-10-28,202610,rule_fourth_wednesday,medium,41.0,29.0,3878735.5300108804,-155873.11781888,3722862.4121920005,4034608.6478297603,11148.0,448.0,11596.0,1578.0,134.0,1712.0,0.0001,-0.4776,0.1694,374763.51041310723,-99489.19330095562,275274.3171121516,474252.70371406287,502412.4601126401,3220449.9520793604,616.8955374358196,0.3674451980662808,0.9013601194516085,0.22032859833922805,0.06607685512327285,0.5513924675116766,False
沪深300ETF华泰柏瑞,12月,4.1,4.532,2026-12-23,202612,rule_fourth_wednesday,medium,97.0,69.0,383206.84028000006,-3577799.3934848006,-3194592.5532048005,3961006.2337648007,425.0,3968.0,4393.0,310.0,7494.0,7804.0,0.0001,0.3217,0.439,280703.9910614035,-2703881.694882225,-2423177.7038208214,2984585.685943628,-3298283.8158688005,103691.26266400004,148.02892326137695,0.7441258809987417,0.502202686699047,1.3090103178368122,1.627166299779868,0.519805655314062,False
沪深300ETF华泰柏瑞,12月,4.2,4.532,2026-12-23,202612,rule_fourth_wednesday,medium,97.0,69.0,2988290.3805392003,-20865552.376600802,-17877261.9960616,23853842.757140003,2845.0,19035.0,21880.0,364.0,5571.0,5935.0,0.11645,0.2777,0.52255,1211727.8864542681,-11679809.83072352,-10468081.944269253,12891537.717177788,-5724417.20711344,-12152844.788948162,176.86803789616152,0.48262860083971826,0.4124914080705461,0.21030757789161858,0.0035558375981258675,0.7935042440955001,False
沪深300ETF华泰柏瑞,12月,4.3,4.532,2026-12-23,202612,rule_fourth_wednesday,medium,97.0,69.0,4140503.9531592005,-23395460.0081664,-19254956.055007197,27535963.9613256,3509.0,18704.0,22213.0,257.0,3366.0,3623.0,0.11694999999999998,0.21775,0.59175,1946232.5773819853,-15158490.601527294,-13212258.024145309,17104723.17890928,-3907030.7056440003,-15347925.3493632,114.56811041688718,0.5589858606554399,0.34754262788365087,0.12660087247237398,0.005591842691322198,0.7858710882808001,False
沪深300ETF华泰柏瑞,12月,4.4,4.532,2026-12-23,202612,rule_fourth_wednesday,medium,97.0,69.0,7346148.144397921,-10580474.671872161,-3234326.5274742404,17926622.816270083,2857.0,7699.0,10556.0,537.0,891.0,1428.0,0.15944999999999998,0.2453,0.9605,4815283.876457521,-5149574.880519705,-334291.00406218413,9964858.756977227,156306.49122527987,-3390633.0186995193,112.05364952119558,0.571094823076127,0.37750556792873036,0.15184435673270869,-0.002216835303433717,0.6727088037705815,True
沪深300ETF华泰柏瑞,12月,4.5,4.532,2026-12-23,202612,rule_fourth_wednesday,medium,97.0,69.0,23231472.3327456,-12960748.530329602,10270723.802415999,36192220.863075204,7806.0,9152.0,16958.0,1896.0,1779.0,3675.0,0.1752,0.11410000000000003,1.06925,15948817.788610414,-6791280.584268496,9157537.204341918,22740098.37287891,3123335.4902904,7147388.312125601,61.08551755290217,0.6052530177861624,0.43818380743982493,0.21863691290454357,0.08070150298669049,0.776157492708886,True
沪深300ETF华泰柏瑞,12月,4.6,4.532,2026-12-23,202612,rule_fourth_wednesday,medium,97.0,69.0,26635454.073923197,-12019555.765748963,14615898.308174234,38655009.83967216,9470.0,8671.0,18141.0,3130.0,1542.0,4672.0,0.18775,0.006400000000000017,1.02215,15260276.040279165,-6115324.126317134,9144951.91396203,21375600.1665963,6665994.051442878,7949904.256731357,201.0177950148478,0.5408560806452428,0.4942196531791907,0.2541757916428026,0.01380810926311759,0.7954443397175825,True
沪深300ETF华泰柏瑞,12月,4.7,4.532,2026-12-23,202612,rule_fourth_wednesday,medium,97.0,69.0,27124122.640736002,-10262484.77832864,16861637.862407364,37386607.41906464,10925.0,7839.0,18764.0,3562.0,1169.0,4731.0,0.19935,-0.0837,0.9231,13506361.454147812,-5130299.4163777875,8376062.0377700245,18636660.8705256,7313176.233000001,9548461.629407361,245.13271545598667,0.4989272984317882,0.4642857142857143,0.23758367699144367,-0.009419149938414617,0.7961811506056238,True
沪深300ETF华泰柏瑞,12月,4.8,4.532,2026-12-23,202612,rule_fourth_wednesday,medium,97.0,69.0,30813958.302335996,-8934369.458636161,21879588.843699835,39748327.76097216,14928.0,7413.0,22341.0,4431.0,1284.0,5715.0,0.21239999999999998,-0.15549999999999997,0.7958999999999999,19978824.74332549,-5611200.159825152,14367624.583500339,25590024.90315064,7598830.514109119,14280758.329590715,69.74856966696595,0.638207941441634,0.43369453044375644,0.2350169929380167,0.0529777932225948,0.8189471084329516,False
沪深300ETF华泰柏瑞,12月,4.9,4.532,2026-12-23,202612,rule_fourth_wednesday,medium,97.0,69.0,31411557.43144496,-6653232.7450512,24758324.68639376,38064790.17649616,18809.0,6105.0,24914.0,1885.0,198.0,2083.0,0.22675,-0.21139999999999998,0.6718500000000001,15261943.612685068,-3072817.977980346,12189125.634704722,18334761.590665415,2932222.3366532805,21826102.349740483,190.83529277888422,0.473861848414158,0.4102075391783143,0.06632520659316343,0.016276899429073344,0.7932481711228345,False
沪深300ETF华泰柏瑞,12月,5.0,4.532,2026-12-23,202612,rule_fourth_wednesday,medium,97.0,69.0,27628325.28218048,-5214199.9178808,22414125.36429968,32842525.20006128,20852.0,5229.0,26081.0,3275.0,7.0,3282.0,0.23864999999999997,-0.25589999999999996,0.5653,13964644.756698875,-2318152.349644232,11646492.407054642,16282797.106343107,4332304.5479296,18081820.81637008,195.8300288933878,0.4750155694803647,0.4048389998201116,0.07919898148768743,-0.00825393830770682,0.8030055684526656,False
沪深300ETF华泰柏瑞,12月,5.25,4.532,2026-12-23,202612,rule_fourth_wednesday,medium,97.0,69.0,9007311.74846976,-2021275.7495955203,6986035.998874241,11028587.498065282,12192.0,2609.0,14801.0,4189.0,163.0,4352.0,0.28054999999999997,-0.31925000000000003,0.36845,3558840.51914596,-998426.4217668839,2560414.0973790763,4557266.940912844,2968504.5225492804,4017531.4763249597,176.53214648956805,0.4445321378471459,0.3889029003783101,0.2030310012333644,0.0402759179354924,0.7008192045252435,False
沪深300ETF华泰柏瑞,12月,5.5,4.532,2026-12-23,202612,rule_fourth_wednesday,medium,97.0,69.0,5885656.5557328,-873073.2429724801,5012583.31276032,6758729.79870528,13422.0,1362.0,14784.0,4309.0,0.0,4309.0,0.31079999999999997,-0.35955,0.2628,2365359.5635456857,-426714.02053922974,1938645.543006456,2792073.5840849155,1889531.6717816,3123051.6409787196,273.6132598862823,0.44531740877999215,0.4082532836698686,0.16052004172254508,-0.002741553052756372,0.6510431582702126,False
沪深300ETF华泰柏瑞,12月,5.75,4.532,2026-12-23,202612,rule_fourth_wednesday,medium,97.0,69.0,4944561.35151616,-677225.43352288,4267335.91799328,5621786.78503904,17098.0,1279.0,18377.0,15906.0,3.0,15909.0,0.36655,-0.368,0.19929999999999998,2828851.2773734406,-341459.12611976796,2487392.151253673,3170310.4034932083,4598259.02955936,-330923.11156608,330.7297624105367,0.5381583715392908,0.40128155339805827,0.4663149131287594,0.16809940606439513,0.6886038743746328,False
沪深300ETF华泰柏瑞,12月,6.0,4.532,2026-12-23,202612,rule_fourth_wednesday,medium,97.0,69.0,6025624.66414656,-636302.2497638401,5389322.41438272,6661926.9139104,28101.0,1388.0,29489.0,46532.0,0.0,46532.0,0.41455,-0.37515,0.1638,4519218.498109923,-327847.55550291255,4191370.9426070102,4847066.053612836,6025624.66414656,-636302.2497638401,209.22580117723976,0.6326193590582082,0.7167897077235246,0.8279420661186435,0.005431850066549156,0.7602314804066526,False
沪深300ETF华泰柏瑞,3月,4.1,4.532,2027-03-24,202703,rule_fourth_wednesday,medium,188.0,134.0,98403.28554496002,-297563.01261455996,-199159.72706959996,395966.29815951997,128.0,399.0,527.0,56.0,282.0,338.0,0.12430000000000001,0.28775,0.3687,60556.328458537675,-218308.7168036176,-157752.38834507993,278865.0452621553,-167256.25570015996,-31903.47136943999,108.82287413446639,0.6745223568783463,0.37500000000000006,0.5721334586466165,0.46938861323690184,0.132586264817713,False
沪深300ETF华泰柏瑞,3月,4.2,4.532,2027-03-24,202703,rule_fourth_wednesday,medium,188.0,134.0,1743844.4721350402,-3087426.0876800003,-1343581.6155449601,4831270.559815041,2039.0,3758.0,5797.0,142.0,306.0,448.0,0.12419999999999999,0.24535,0.4082,817986.9341467941,-1670533.9855751614,-852547.0514283673,2488520.9197219554,-129952.86953088,-1213628.74601408,156.4248001345295,0.5050738142810782,0.3922413793103449,0.07553413597175462,0.011354843136163478,0.4722533731289838,False
沪深300ETF华泰柏瑞,3月,4.3,4.532,2027-03-24,202703,rule_fourth_wednesday,medium,188.0,134.0,594799.45474752,-2343937.2441478404,-1749137.7894003205,2938736.6988953603,639.0,2689.0,3328.0,33.0,195.0,228.0,0.1268,0.19875,0.43879999999999997,274303.6139550996,-1101771.5225001788,-827467.9085450792,1376075.1364552784,-139259.51208576,-1609878.2773145605,199.02674859922186,0.4656107725301383,0.37632904308897586,0.062080428523789324,0.029127236888089797,0.34809147370183807,False
沪深300ETF华泰柏瑞,3月,4.4,4.532,2027-03-24,202703,rule_fourth_wednesday,medium,188.0,134.0,1671578.737752,-1861842.80813696,-190264.07038495992,3533421.5458889604,1685.0,2056.0,3741.0,349.0,290.0,639.0,0.12925,0.15084999999999998,0.46194999999999997,871281.1695608522,-685598.6165734394,185682.55298741278,1556879.7861342917,83606.15109440003,-273870.22147936,197.79155498264248,0.4447345384229505,0.3680089485458613,0.17408612268932788,0.08377674956622325,0.41141529369984603,True
沪深300ETF华泰柏瑞,3月,4.5,4.532,2027-03-24,202703,rule_fourth_wednesday,medium,188.0,134.0,2604242.26183616,-2110830.8236012803,493411.43823487964,4715073.08543744,937.0,2322.0,3259.0,53.0,79.0,132.0,0.172,0.15969999999999998,0.8978999999999999,1198733.237669447,-1234262.0786872553,-35528.8410178083,2432995.3163567022,75489.53959007998,417921.8986447996,119.50379076220132,0.5225141463944647,0.3486370157819226,0.04529294751056435,-0.008712733828838127,0.38197040685307804,True
沪深300ETF华泰柏瑞,3月,4.6,4.532,2027-03-24,202703,rule_fourth_wednesday,medium,188.0,134.0,5257728.066053759,-1530355.6949718401,3727372.3710819194,6788083.761025599,2031.0,1718.0,3749.0,172.0,119.0,291.0,0.18755,0.059350000000000014,0.84705,2492953.4750523977,-713063.577714838,1779889.8973375596,3206017.052767236,339260.5175784,3388111.8535035197,200.9280911079004,0.4700483141520701,0.32978102189781017,0.076976967595976,0.023375610224466586,0.4509547491202751,True
沪深300ETF华泰柏瑞,3月,4.7,4.532,2027-03-24,202703,rule_fourth_wednesday,medium,188.0,134.0,8238665.06522048,-1874828.8114512004,6363836.253769279,10113493.87667168,3593.0,2189.0,5782.0,179.0,75.0,254.0,0.20089999999999997,-0.0169,0.7667,3788616.3822559486,-851099.6621450895,2937516.7201108593,4639716.044401038,346207.02088543994,6017629.232883839,199.88326051546676,0.4569096541620426,0.31435823060188534,0.04204065643603998,0.00904347038111019,0.5264024430837474,True
沪深300ETF华泰柏瑞,3月,4.8,4.532,2027-03-24,202703,rule_fourth_wednesday,medium,188.0,134.0,3954781.0609806404,-1347043.2626499203,2607737.79833072,5301824.32363056,1991.0,1613.0,3604.0,286.0,13.0,299.0,0.20959999999999998,-0.07970000000000002,0.68685,1978392.368921654,-597221.0987098352,1381171.2702118189,2575613.467631489,557233.57985152,2050504.2184791998,198.170011162459,0.4718051761237915,0.32064086558468574,0.07585296263439663,0.006563937744329782,0.4211050311365045,False
沪深300ETF华泰柏瑞,3月,4.9,4.532,2027-03-24,202703,rule_fourth_wednesday,medium,188.0,134.0,3316615.3055692804,-234853.469928,3081761.8356412803,3551468.7754972805,1976.0,297.0,2273.0,84.0,6.0,90.0,0.2222,-0.12865000000000001,0.6011,1505244.9668888564,-109271.37011242211,1395973.5967764342,1614516.3370012785,136245.20492352,2945516.63071776,191.22528590959203,0.4595621996042284,0.3147751605995717,0.03135607082975504,0.008760674498244397,0.32843179694731195,False
沪深300ETF华泰柏瑞,3月,5.0,4.532,2027-03-24,202703,rule_fourth_wednesday,medium,188.0,134.0,3281769.20823136,-349859.27013312007,2931909.93809824,3631628.47836448,2303.0,482.0,2785.0,302.0,5.0,307.0,0.23854999999999998,-0.1674,0.5236,1611705.6850233113,-160210.63839320827,1451495.0466301031,1771916.3234165194,426719.99496544,2505189.9431328,192.22819239219788,0.47451879576003897,0.2968012185833968,0.07075337418449325,0.02707878838532105,0.3609650821298004,False
沪深300ETF华泰柏瑞,3月,5.25,4.532,2027-03-24,202703,rule_fourth_wednesday,medium,188.0,134.0,2744407.7502705604,-268044.532712,2476363.2175585604,3012452.2829825603,2949.0,430.0,3379.0,1733.0,17.0,1750.0,0.26970000000000005,-0.23760000000000003,0.37829999999999997,1197030.4316696727,-127360.97131395704,1069669.4603557156,1324391.4029836298,1602172.85707072,874190.3604878404,337.2233557973807,0.45565965867121877,0.30093012704174216,0.3135958582728083,0.17824897400820794,0.4238179922799193,False
沪深300ETF华泰柏瑞,3月,5.5,4.532,2027-03-24,202703,rule_fourth_wednesday,medium,188.0,134.0,3093386.92322528,-334192.5134064001,2759194.40981888,3427579.43663168,5002.0,606.0,5608.0,382.0,7.0,389.0,0.2953,-0.28285,0.2848,713173.4905764483,-157808.934122312,555364.5564541363,870982.4246987603,232379.95526768,2526814.4545511995,332.75674942341595,0.3513787219281921,0.32320441988950277,0.043960303667311955,0.012817258883248733,0.4242153102939028,False
沪深300ETF嘉实,9月,4.2,4.733,2026-09-23,202609,rule_fourth_wednesday,medium,6.0,4.0,0.0,-1100295.3124575,-1100295.3124575,1100295.3124575,483.0,10915.0,11398.0,83.0,213.0,296.0,0.16015000000000001,0.49845,0.0225,0.0,-179745.7028071,-179745.7028071,179745.7028071,-21471.6355065,-1078823.676951,5060.935595762632,0.3673007171251604,0.777904761904762,0.09567853989372044,0.06121596995733738,0.36434999058728534,False
沪深300ETF嘉实,9月,4.3,4.733,2026-09-23,202609,rule_fourth_wednesday,medium,6.0,4.0,273.29572579999996,-666689.69021258,-666416.39448678,666962.98593838,305.0,4607.0,4912.0,159.0,101.0,260.0,0.1316,0.49815,0.0325,190.67724787909856,-28069.36768212866,-27878.69043424956,28260.04493000776,-14473.4728229,-651942.9216638801,6069.26806742092,0.36989913989351364,0.7907557198983128,0.2716173179089553,0.09417825334894225,0.24786885961606786,False
沪深300ETF嘉实,9月,4.4,4.733,2026-09-23,202609,rule_fourth_wednesday,medium,6.0,4.0,20709.31964183,-2606692.84057728,-2585983.52093545,2627402.16021911,479.0,6734.0,7213.0,250.0,1771.0,2021.0,0.11489999999999999,0.49484999999999996,0.09605000000000001,14215.866401142634,-361107.344997504,-346891.4785963614,375323.21139864664,-674735.33716982,-1911248.18376563,7219.307450157397,0.41248930703690656,0.7812462189957653,0.39245721552610907,0.12239265971816064,0.4835498040412044,False
沪深300ETF嘉实,9月,4.5,4.733,2026-09-23,202609,rule_fourth_wednesday,medium,6.0,4.0,1731440.4293879997,-6725171.615330401,-4993731.185942401,8456612.0447184,900.0,5360.0,6260.0,151.0,1822.0,1973.0,0.23775000000000002,0.4417,0.70945,1078810.8494312642,-1811112.1370041524,-732301.2875728882,2889922.9864354166,-1995559.2431362602,-2998171.942806141,2527.524878255347,0.44618739424481063,0.4737382027082479,0.2538515754560531,0.10236797658346862,0.5858078660609568,True
沪深300ETF嘉实,9月,4.6,4.733,2026-09-23,202609,rule_fourth_wednesday,medium,6.0,4.0,6457787.5896975,-18817926.84056952,-12360139.25087202,25275714.430267017,2023.0,5048.0,7071.0,1112.0,3001.0,4113.0,0.16265000000000002,0.40609999999999996,1.54455,3896995.776987399,-13535332.615996554,-9638336.839009155,17432328.392983954,-7637415.051032489,-4722724.1998395305,167.6665866730654,0.6613677100222488,0.7210084033613448,0.5720857817350862,0.20599260417442236,0.7018824576834419,True
沪深300ETF嘉实,9月,4.7,4.733,2026-09-23,202609,rule_fourth_wednesday,medium,6.0,4.0,66461516.50816414,-49218026.182768315,17243490.325395823,115679542.69093245,7726.0,6432.0,14158.0,7096.0,7627.0,14723.0,0.15700000000000003,0.14575,3.628,56203741.94783654,-35705440.81259011,20498301.135246433,91909182.76042664,11824029.362395123,5419460.9630007,185.1686774763696,0.7855564895488034,0.902630617464377,1.05212347932226,0.19699300758547555,0.830015777224052,True
沪深300ETF嘉实,9月,4.8,4.733,2026-09-23,202609,rule_fourth_wednesday,medium,6.0,4.0,84690626.36342023,-30797919.353292,53892707.01012823,115488545.71671224,11418.0,4550.0,15968.0,8018.0,5032.0,13050.0,0.1634,-0.21705,3.16635,56448915.06926389,-18422687.888981275,38026227.180282615,74871602.95824516,28673918.287442233,25218788.722686004,230.94542588213505,0.6323552375041361,0.8010011597011201,0.9040793118249766,0.46240321919845195,0.8380827436033195,True
沪深300ETF嘉实,9月,4.9,4.733,2026-09-23,202609,rule_fourth_wednesday,medium,6.0,4.0,26459444.463669468,-5217015.586024119,21242428.87764535,31676460.049693584,10043.0,1693.0,11736.0,3039.0,1269.0,4308.0,0.1689,-0.42414999999999997,1.27585,6730564.650986187,-3564394.435266882,3166170.215719305,10294959.08625307,4096146.2577103497,17146282.619935,1206.802320692844,0.4687988321475699,0.7311998939905919,0.5260779122308039,0.12117134637980634,0.7467056275999145,True
沪深300ETF嘉实,9月,5.0,4.733,2026-09-23,202609,rule_fourth_wednesday,medium,6.0,4.0,7688635.150305212,-1905224.25314064,5783410.897164572,9593859.403445851,10783.0,1002.0,11785.0,2450.0,671.0,3121.0,0.22945,-0.44989999999999997,0.58355,890988.2470502306,-1374228.3832484,-483240.1361981693,2265216.6302986303,471077.1544067804,5312333.742757792,7234.46305050343,0.41858930889742535,0.4747961452928096,0.4484350875361398,0.1324366884120268,0.6566912918257606,False
沪深300ETF嘉实,9月,5.25,4.733,2026-09-23,202609,rule_fourth_wednesday,medium,6.0,4.0,1131965.13478125,-1163707.9853071403,-31742.850525890244,2295673.12008839,13125.0,1679.0,14804.0,1405.0,380.0,1785.0,0.3353,-0.47965,0.17395,50815.71073941659,-608960.0871973624,-558144.3764579459,659775.797936779,-142202.26250755007,110459.41198165982,3396.1899236050663,0.2840922264023755,0.7920634920634921,0.1666864063076094,0.0469688782821158,0.5224965801918744,False
沪深300ETF嘉实,9月,5.5,4.733,2026-09-23,202609,rule_fourth_wednesday,medium,6.0,4.0,652990.8539632999,-414814.74899304996,238176.10497024993,1067805.60295635,6779.0,955.0,7734.0,360.0,207.0,567.0,0.4858,-0.48185,0.11845,16431.626595714908,-253694.14632342738,-237262.51972771247,270125.77291914227,-55235.530325969994,293411.63529621996,6046.948356807513,0.3183739197589965,0.7940018255313599,0.13492955222820088,0.016908900860747072,0.35890119798626907,False
沪深300ETF嘉实,9月,5.75,4.733,2026-09-23,202609,rule_fourth_wednesday,medium,6.0,4.0,211547.02069728004,0.0,211547.02069728004,211547.02069728004,4372.0,1134.0,5506.0,128.0,93.0,221.0,0.24259999999999998,-0.4989,0.0108,3686.243471358173,0.0,3686.243471358173,3686.243471358173,6193.5083827200015,205353.51231456004,6706.98528206641,0.2928598106723093,0.7941357717920683,0.055643900337404455,0.025491050202086737,0.18944474410578785,False
沪深300ETF嘉实,9月,6.0,4.733,2026-09-23,202609,rule_fourth_wednesday,medium,6.0,4.0,117870.20640864,-163144.10752919997,-45273.90112055997,281014.31393784,5481.0,765.0,6246.0,542.0,0.0,542.0,0.68285,-0.48885,0.0524,26093.28209674473,-88607.39370457879,-62514.11160783406,114700.67580132352,11655.83869248,-56929.73981303997,5035.547831582273,0.3822482385241336,0.6,0.04944353220215289,-0.039566532258064516,0.2474365282759435,False
沪深300ETF嘉实,9月,6.25,4.733,2026-09-23,202609,rule_fourth_wednesday,medium,6.0,4.0,451744.393974,-52442.98563923,399301.40833477,504187.37961323,16805.0,293.0,17098.0,5732.0,0.0,5732.0,0.8099,-0.48884999999999995,0.04595,70038.55736767256,-28726.296965026024,41312.26040264654,98764.85433269858,154085.0262576,245216.38207717,5032.6484846486155,0.35140133018621583,0.6,0.17054448080928294,0.029291338582677167,0.43410940467667924,False
沪深300ETF嘉实,10月,4.3,4.733,2026-10-28,202610,rule_fourth_wednesday,medium,41.0,29.0,24066.37681137,-1097261.7299011198,-1073195.3530897498,1121328.1067124899,27.0,1182.0,1209.0,22.0,461.0,483.0,0.10604999999999999,0.42905,0.40615,19330.40413436359,-679484.4081402513,-660154.0040058877,698814.8122746149,-408341.00048493996,-664854.3526048098,162.1662506618262,0.7112333465282566,0.7626820753581316,0.602415867644294,2.499729364005413,0.2407362115096398,False
沪深300ETF嘉实,10月,4.4,4.733,2026-10-28,202610,rule_fourth_wednesday,medium,41.0,29.0,354922.43870976,-3762997.19986992,-3408074.76116016,4117919.63857968,256.0,2712.0,2968.0,124.0,1245.0,1369.0,0.10235,0.37735,0.61915,236453.59638523764,-1617411.323899214,-1380957.7275139764,1853864.9202844515,-1555566.56537166,-1852508.1957885,300.8414559023672,0.5480159945701417,0.8471301679109984,0.4717228982300885,0.41464777857486523,0.4345772290462384,False
沪深300ETF嘉实,10月,4.5,4.733,2026-10-28,202610,rule_fourth_wednesday,medium,41.0,29.0,662095.8578773501,-3644161.0498795994,-2982065.1920022494,4306256.90775695,345.0,1880.0,2225.0,217.0,631.0,848.0,0.09905,0.30245,0.861,506019.04191527894,-853664.109769668,-347645.067854389,1359683.1516849468,-806671.3129415598,-2175393.8790606894,310.9887888541614,0.499261935068619,0.7280637434056263,0.48231190255935863,0.4008980406386067,0.4097262751161237,True
沪深300ETF嘉实,10月,4.6,4.733,2026-10-28,202610,rule_fourth_wednesday,medium,41.0,29.0,3115546.8567149895,-8238696.785584199,-5123149.92886921,11354243.642299188,937.0,3348.0,4285.0,461.0,1881.0,2342.0,0.15125,0.26685000000000003,1.2913999999999999,2047228.8614865472,-4691801.81316906,-2644572.951682513,6739030.674655607,-3095894.4298881795,-2027255.4989810302,246.84063342746185,0.6132922308671926,0.6374433400137194,0.5269118440229054,0.43450947997797185,0.5821516661691626,True
沪深300ETF嘉实,10月,4.7,4.733,2026-10-28,202610,rule_fourth_wednesday,medium,41.0,29.0,5574444.2809472,-5397259.0454728,177185.23547440022,10971703.32642,1280.0,1936.0,3216.0,791.0,858.0,1649.0,0.1583,0.1049,1.5943,2791386.1129443175,-3177104.6728675356,-385718.5599232181,5968490.785811853,1052865.2872706898,-875680.0517962901,221.9135903354479,0.5446992413680054,0.47552971498786223,0.530575284090909,0.28313143439193855,0.5436472784133902,True
沪深300ETF嘉实,10月,4.8,4.733,2026-10-28,202610,rule_fourth_wednesday,medium,41.0,29.0,11446649.85547575,-6672192.1188196195,4774457.73665613,18118841.97429537,2745.0,2434.0,5179.0,1687.0,828.0,2515.0,0.16675,-0.054050000000000015,1.5426,8976954.385503141,-4667244.093337282,4309710.29216586,13644198.478840422,4765038.442657409,9419.293998720124,61.34455872406961,0.7418748972986051,0.4921156373193166,0.47737636069465206,0.37461379851257964,0.6379760739708498,True
沪深300ETF嘉实,10月,4.9,4.733,2026-10-28,202610,rule_fourth_wednesday,medium,41.0,29.0,9500487.022674719,-2804417.36991,6696069.652764719,12304904.392584719,2841.0,1170.0,4011.0,988.0,276.0,1264.0,0.17809999999999998,-0.18425000000000002,1.2814,4516243.522112526,-1562897.7606863903,2953345.761426136,6079141.282798916,2642380.7821089597,4053688.870655759,250.49792407772557,0.5163341222221289,0.4641737572772055,0.29183115371077356,0.19708525876511096,0.565216364822144,True
沪深300ETF嘉实,10月,5.0,4.733,2026-10-28,202610,rule_fourth_wednesday,medium,41.0,29.0,11895200.9457028,-768115.33437921,11127085.611323591,12663316.28008201,5038.0,397.0,5435.0,2342.0,302.0,2644.0,0.19574999999999998,-0.27415,0.95885,4590914.79135064,-605915.8205118139,3984998.9708388266,5196830.611862455,4945377.10758434,6181708.503739251,411.58039232141346,0.5873906161949768,0.4262717321313587,0.6127861501955416,0.7030863280516415,0.6200788638901072,False
沪深300ETF嘉实,10月,5.25,4.733,2026-10-28,202610,rule_fourth_wednesday,medium,41.0,29.0,2708209.4339772495,-380695.79374293,2327513.6402343195,3088905.2277201796,3475.0,317.0,3792.0,1484.0,91.0,1575.0,0.2491,-0.37515,0.442,823711.3163793826,-230380.4390017694,593330.8773776132,1054091.755381152,1047256.9005566498,1280256.73967767,1036.285840633927,0.45465486370042507,0.4158759124087591,0.35705830288450624,0.1922268663647974,0.4330291379302247,False
沪深300ETF嘉实,10月,5.5,4.733,2026-10-28,202610,rule_fourth_wednesday,medium,41.0,29.0,638506.6285216799,-53247.63994011,585258.9885815699,691754.2684617899,2102.0,63.0,2165.0,744.0,29.0,773.0,0.30385,-0.40930000000000005,0.25645,103531.52342636803,-37206.80357580397,66324.71985056406,140738.327002172,201487.72187182997,383771.26670973987,297.2628760717788,0.4304483206837866,0.7854797979797981,0.40713304033951037,0.42411459508233706,0.23128298116843654,False
沪深300ETF嘉实,10月,5.75,4.733,2026-10-28,202610,rule_fourth_wednesday,medium,41.0,29.0,744691.42653636,-61055.83323395,683635.5933024101,805747.25977031,3986.0,95.0,4081.0,431.0,0.0,431.0,0.35969999999999996,-0.4256,0.18514999999999998,181147.21705209604,-32344.12511824068,148803.09193385535,213491.34217033672,80522.32936206,603113.26394035,329.62260899534687,0.3864990312898527,0.3,0.054064224786753635,0.033743974290305304,0.2624584034982973,False
沪深300ETF嘉实,12月,4.3,4.733,2026-12-23,202612,rule_fourth_wednesday,medium,97.0,69.0,15555.4550816,-342022.880452,-326467.4253704,357578.3355336,16.0,347.0,363.0,1.0,258.0,259.0,0.1195,0.31989999999999996,0.437,7759.607387031113,-259430.32352184446,-251670.71613481335,267189.9309088756,-253327.2167854,-73140.20858499999,165.65860215053766,0.6286762883083884,0.5750586029067042,0.40300792507204614,0.21640419947506562,0.1136639822838052,False
沪深300ETF嘉实,12月,4.4,4.733,2026-12-23,202612,rule_fourth_wednesday,medium,97.0,69.0,970945.7895136997,-3131040.2602260597,-2160094.47071236,4101986.0497397594,866.0,2691.0,3557.0,94.0,675.0,769.0,0.11729999999999999,0.2702,0.5099499999999999,501574.1050892616,-1776637.0945857093,-1275062.9894964476,2278211.199674971,-679986.6473372,-1480107.8233751599,162.33896581676007,0.542005058355266,0.42719216984857183,0.17969057752168505,0.19063561465635614,0.4272393314447064,False
沪深300ETF嘉实,12月,4.5,4.733,2026-12-23,202612,rule_fourth_wednesday,medium,97.0,69.0,564049.44815637,-2423050.4335486297,-1859000.98539226,2987099.8817049996,451.0,1843.0,2294.0,47.0,200.0,247.0,0.11754999999999999,0.2124,0.5726,290091.37929274107,-1250311.0320896455,-960219.6527969044,1540402.4113823865,-204165.12393310995,-1654835.86145915,159.24017887224437,0.5151541728601108,0.375925925925926,0.10636578989476572,0.08316361886293422,0.3300768633435129,True
沪深300ETF嘉实,12月,4.6,4.733,2026-12-23,202612,rule_fourth_wednesday,medium,97.0,69.0,2005034.0923316998,-1980890.43107328,24143.661258419743,3985924.52340498,730.0,1368.0,2098.0,45.0,57.0,102.0,0.15885000000000002,0.24069999999999997,0.93625,990514.756368082,-958344.280638626,32170.475729456055,1948859.0370067079,41060.89069832998,-16917.2294399105,164.69724014372642,0.4889043083416399,0.3818117480537863,0.051655251141552505,0.043294476522497,0.3385215517736327,True
沪深300ETF嘉实,12月,4.7,4.733,2026-12-23,202612,rule_fourth_wednesday,medium,97.0,69.0,5714840.327522679,-1017374.4770822099,4697465.85044047,6732214.804604889,1787.0,681.0,2468.0,605.0,62.0,667.0,0.17225,0.11570000000000003,1.04725,3475511.881927548,-516438.9391172316,2959072.9428103166,3991950.8210447794,1842170.4489407795,2855295.40149969,160.04041080685028,0.5578874361429617,0.4353813559322033,0.21479941197110472,0.1344982401597442,0.44726469588173384,True
沪深300ETF嘉实,12月,4.8,4.733,2026-12-23,202612,rule_fourth_wednesday,medium,97.0,69.0,5700669.944139949,-1014326.7817137599,4686343.1624261895,6714996.725853709,1895.0,716.0,2611.0,387.0,81.0,468.0,0.189,0.010300000000000004,0.9876499999999999,3102484.7799538076,-525384.9650211666,2577099.814932641,3627869.744974974,1049450.8828013097,3636892.2796248794,165.4651477499202,0.5310979073008673,0.47774306911362757,0.15867506375200838,0.15917580210862026,0.43555637701262484,True
沪深300ETF嘉实,12月,4.9,4.733,2026-12-23,202612,rule_fourth_wednesday,medium,97.0,69.0,5114295.37136618,-1573070.93259626,3541224.43876992,6687366.303962439,1957.0,1189.0,3146.0,789.0,283.0,1072.0,0.20400000000000001,-0.07485000000000003,0.8786,3224966.2264082916,-893010.5507599264,2331955.675648365,4117976.777168218,1687506.12534964,1853718.3134202792,161.38023316434888,0.5991324641151183,0.43065693430656937,0.3205916266164935,0.3082308820916062,0.4783118686166556,True
沪深300ETF嘉实,12月,5.0,4.733,2026-12-23,202612,rule_fourth_wednesday,medium,97.0,69.0,5297385.1385952,-1840279.78014918,3457105.35844602,7137664.91874438,2380.0,1523.0,3903.0,315.0,212.0,527.0,0.21805,-0.14475000000000002,0.7665,2649089.525846015,-972800.2641476126,1676289.2616984025,3621889.789993628,444959.49156168,3012145.8668843405,174.95650274873685,0.5143451759246829,0.39682926829268306,0.1357759453091808,0.13803300098019883,0.48059504569458017,False
沪深300ETF嘉实,12月,5.25,4.733,2026-12-23,202612,rule_fourth_wednesday,medium,97.0,69.0,4920964.406845029,-1940443.55970644,2980520.8471385892,6861407.96655147,3779.0,1966.0,5745.0,345.0,245.0,590.0,0.25044999999999995,-0.2586,0.51095,2239009.7538939295,-1012574.8799967496,1226434.87389718,3251584.633890679,207439.29633334992,2773081.550805239,193.46525136376502,0.4884103004831152,0.38436587739215045,0.10795625393531796,0.08660485450093458,0.5181965700077901,False
沪深300ETF嘉实,12月,5.5,4.733,2026-12-23,202612,rule_fourth_wednesday,medium,97.0,69.0,3208076.94901972,-1024348.2223607999,2183728.72665892,4232425.17138052,4196.0,1314.0,5510.0,173.0,26.0,199.0,0.29375,-0.31365000000000004,0.34465,841799.6502425282,-496866.18332944234,344933.46691308584,1338665.8335719705,111999.50060041001,2071729.2260585101,256.42748761189966,0.373728007139123,0.373878074367642,0.03050832640494027,0.019268295440413336,0.4264618443916392,False
沪深300ETF嘉实,12月,5.75,4.733,2026-12-23,202612,rule_fourth_wednesday,medium,97.0,69.0,888008.3771845499,-636030.8380614,251977.53912314994,1524039.21524595,1929.0,948.0,2877.0,60.0,28.0,88.0,0.30760000000000004,-0.3628,0.2525,188649.99117171,-322308.2259673822,-133658.2347956722,510958.21713909216,8835.068381599998,243142.47074154997,675.9942490041498,0.35959552440395737,0.4139097744360902,0.030320032022888493,0.022848970251716248,0.2578256213005913,False
沪深300ETF嘉实,12月,6.0,4.733,2026-12-23,202612,rule_fourth_wednesday,medium,97.0,69.0,934461.93018385,-228235.5329765,706226.39720735,1162697.46316035,3065.0,410.0,3475.0,235.0,0.0,235.0,0.36215,-0.36995,0.1923,215551.25110603002,-113538.68821434851,102012.5628916815,329089.93932037853,71647.16267315,634579.2345341999,327.24364221651075,0.36406582289717826,0.3,0.03833605220228385,0.01254180602006689,0.26647997851330385,False
沪深300ETF嘉实,12月,6.25,4.733,2026-12-23,202612,rule_fourth_wednesday,medium,97.0,69.0,2379316.6210468197,-150970.57504793,2228346.04599889,2530287.1960947495,10322.0,311.0,10633.0,3892.0,0.0,3892.0,0.4024,-0.38005,0.1598,834720.1461087719,-77146.6222762464,757573.5238325255,911866.7683850183,897142.0547485199,1331203.99125037,354.12973687909647,0.4309139225564592,0.5794117647058823,0.18852935477620617,-0.00607713656809264,0.5271295479194257,False
沪深300ETF嘉实,3月,4.3,4.733,2027-03-24,202703,rule_fourth_wednesday,medium,188.0,134.0,27914.246222899998,-33868.06081332,-5953.814590420003,61782.307036219994,34.0,43.0,77.0,13.0,21.0,34.0,0.12585,0.2799,0.35905,17459.4266261038,-22666.540999908924,-5207.114373805125,40125.96762601272,-5867.121601990002,-86.6929884300007,158.47713111140965,0.6473633019508176,0.3476499189627229,0.4353625170998632,0.7443064182194616,0.02108676731109205,False
沪深300ETF嘉实,3月,4.4,4.733,2027-03-24,202703,rule_fourth_wednesday,medium,188.0,134.0,547845.0277324399,-1329201.09200088,-781356.0642684401,1877046.11973332,604.0,1544.0,2148.0,72.0,316.0,388.0,0.12555,0.23905,0.39459999999999995,284119.38176321,-737660.1992540795,-453540.8174908695,1021779.5810172895,-206732.5356654,-574623.5286030399,159.98101920111117,0.5367888867288066,0.3696791093647675,0.1619342552242391,0.09391992090954028,0.308259987618975,False
沪深300ETF嘉实,3月,4.5,4.733,2027-03-24,202703,rule_fourth_wednesday,medium,188.0,134.0,564562.8857002499,-514392.28681718,50170.598883069935,1078955.17251743,575.0,566.0,1141.0,105.0,81.0,186.0,0.12789999999999999,0.1944,0.42200000000000004,307761.5546155264,-273173.6055616824,34587.94905384403,580935.1601772087,29479.648298219996,20690.950584849925,158.80873982603237,0.5380966553968174,0.3593668915412558,0.16285911814410814,0.10479824945951313,0.20364026271092966,True
沪深300ETF嘉实,3月,4.6,4.733,2027-03-24,202703,rule_fourth_wednesday,medium,188.0,134.0,436830.95983514,-782592.1673954601,-345761.2075603201,1219423.1272306,419.0,841.0,1260.0,0.0,81.0,81.0,0.1318,0.14820000000000003,0.4404,207181.62363469973,-399109.7488734485,-191928.1252387488,606291.3725081482,-75374.51314986001,-270386.6944104601,158.91121180843498,0.49213381295515457,0.640429929723026,0.048156956004756245,0.04258064516129032,0.20993991189739217,True
沪深300ETF嘉实,3月,4.7,4.733,2027-03-24,202703,rule_fourth_wednesday,medium,188.0,134.0,1170644.99247177,-437811.68826756004,732833.3042042099,1608456.68073933,409.0,466.0,875.0,65.0,178.0,243.0,0.17425000000000002,0.15739999999999998,0.84855,629707.7725860958,-272903.5258060896,356804.2467800063,902611.2983921855,18811.034411970002,714022.2697922399,159.44296582573145,0.5806253182006171,0.3329945799457994,0.2704492271530059,0.31038801833493235,0.23865125719285424,True
沪深300ETF嘉实,3月,4.8,4.733,2027-03-24,202703,rule_fourth_wednesday,medium,188.0,134.0,1825282.5651894603,-246865.78898624,1578416.7762032202,2072148.3541757003,689.0,268.0,957.0,154.0,76.0,230.0,0.18975,0.06230000000000002,0.7969,985745.5459672097,-144747.44402678325,840998.1019404265,1130492.989993993,337966.45503988,1240450.32116334,131.11221067678224,0.5631957833796655,0.3173210804789752,0.2535472131360613,0.21588651921022434,0.27140195828256125,True
沪深300ETF嘉实,3月,4.9,4.733,2027-03-24,202703,rule_fourth_wednesday,medium,188.0,134.0,1600554.1780188,-240659.28785589998,1359894.8901629,1841213.4658746999,669.0,265.0,934.0,198.0,0.0,198.0,0.19884999999999997,-0.01125000000000001,0.7367,961424.5664345346,-115608.98648371371,845815.5799508209,1077033.5529182483,473706.6177096,886188.2724533001,106.65762759596439,0.5405333897020028,0.3,0.14798206278026907,0.14825581395348839,0.2539204236418576,True
沪深300ETF嘉实,3月,5.0,4.733,2027-03-24,202703,rule_fourth_wednesday,medium,188.0,134.0,1204416.5037294999,-617024.2403964599,587392.2633330399,1821440.74412596,586.0,711.0,1297.0,57.0,0.0,57.0,0.2118,-0.06964999999999996,0.65245,575413.5909041726,-250561.66073322858,324851.9301709441,825975.2516374012,117153.14114775,470239.12218529,138.58798834078067,0.4419168675753846,0.3,0.04863481228668942,0.029837251356238697,0.24667383848162777,False
沪深300ETF嘉实,3月,5.25,4.733,2027-03-24,202703,rule_fourth_wednesday,medium,188.0,134.0,1026815.72434415,-122261.30707842,904554.4172657301,1149077.03142257,727.0,162.0,889.0,67.0,0.0,67.0,0.24095,-0.17570000000000002,0.48369999999999996,521020.6593164115,-60580.36482213123,460440.29449428024,581601.0241385427,94630.88518715001,809923.5320785801,146.21922568117162,0.5014565314220504,0.3,0.04607977991746905,0.04909365558912387,0.18790789175266184,False
沪深300ETF嘉实,3月,5.5,4.733,2027-03-24,202703,rule_fourth_wednesday,medium,188.0,134.0,1172502.50735565,-243568.09523254994,928934.4121231,1416070.6025882,1233.0,373.0,1606.0,83.0,0.0,83.0,0.2708,-0.2394,0.358,594019.6038369336,-123900.54866992695,470119.0551670067,717920.1525068606,78927.58159815,850006.8305249499,132.25699113725935,0.5076575052248236,0.3,0.033657745336577456,0.02557544757033248,0.23025281082312254,False
沪深300ETF嘉实,3月,5.75,4.733,2027-03-24,202703,rule_fourth_wednesday,medium,188.0,134.0,489706.51436495996,-215502.64030890004,274203.8740560599,705209.15467386,752.0,378.0,1130.0,32.0,0.0,32.0,0.29985,-0.2799,0.2726,245175.30788825225,-112416.84123330272,132758.46665494953,357592.149121555,20838.57507936,253365.29897669994,121.6963448922201,0.5111535623840963,0.3,0.02127659574468085,0.021497919556171984,0.14392388168417444,False
沪深300ETF嘉实,3月,6.0,4.733,2027-03-24,202703,rule_fourth_wednesday,medium,188.0,134.0,1072525.33053576,-358973.9358383001,713551.3946974599,1431499.26637406,2293.0,710.0,3003.0,472.0,0.0,472.0,0.32945,-0.30455,0.21725,239724.44780513618,-187975.52537629489,51748.922428841295,427699.97318143107,220772.76755904,492778.62713841983,292.81883693648365,0.37358037164866165,0.3,0.10292193632795464,0.040037682524729154,0.29928468215954535,False
中证500ETF南方,9月,6.25,7.681,2026-09-23,202609,rule_fourth_wednesday,medium,6.0,4.0,0.0,-1037001.28518656,-1037001.28518656,1037001.28518656,428.0,13732.0,14160.0,40.0,704.0,744.0,0.2677,0.49885,0.0064,0.0,-61229.79408704129,-61229.79408704129,61229.79408704129,-53164.06239232,-983837.2227942401,2562.5414905139587,0.29818092202630764,0.7789593403468866,0.07236252861860284,-0.0396810737497354,0.4060206791565693,False
中证500ETF南方,9月,6.385,7.681,2026-09-23,202609,rule_fourth_wednesday,medium,6.0,4.0,0.0,-4290155.52605486,-4290155.52605486,4290155.52605486,913.0,47219.0,48132.0,105.0,822.0,927.0,0.24235,0.4987,0.0077,0.0,-332708.1419993915,-332708.1419993915,332708.1419993915,-74684.08569467999,-4215471.44036018,8065.657345898346,0.3092509855547058,0.7935818125579954,0.06620686156581065,-0.023958114652016665,0.6348246038448905,False
中证500ETF南方,9月,6.5,7.681,2026-09-23,202609,rule_fourth_wednesday,medium,6.0,4.0,175.81332778,-1035764.6921160001,-1035588.8787882201,1035940.5054437801,298.0,8360.0,8658.0,31.0,918.0,949.0,0.2261,0.4983,0.01055,93.26062947448416,-73114.74525208,-73021.48462260551,73208.00588155449,-113717.59434989,-921871.2844383301,2569.473862577311,0.3005213348870398,0.79957845038361,0.10691772903888763,-0.04212158203574513,0.37728586684282306,False
中证500ETF南方,9月,6.631,7.681,2026-09-23,202609,rule_fourth_wednesday,medium,6.0,4.0,85352.06083870001,-10947954.9186216,-10862602.8577829,11033306.979460299,370.0,46860.0,47230.0,41.0,2081.0,2122.0,0.43494999999999995,0.49355000000000004,0.03935,44801.664606940074,-319594.0403595909,-274792.37575265084,364395.70496653096,-476728.45787245,-10385874.39991045,2574.6375089137155,0.27704821624696935,0.7990536576133246,0.07760984415913993,-0.02675773366977034,0.7595443915171809,False
中证500ETF南方,9月,6.75,7.681,2026-09-23,202609,rule_fourth_wednesday,medium,6.0,4.0,17593.1323302,-4951323.3743431205,-4933730.242012921,4968916.50667332,710.0,18324.0,19034.0,141.0,6457.0,6598.0,0.1919,0.4965,0.025,9658.00538713401,-1337281.2212275206,-1327623.2158403867,1346939.2266146545,-1741250.4785122403,-3192479.7635006807,4748.211731044349,0.4095250661199876,0.7980748663101604,0.275485471220688,-0.1006854121412034,0.6556229775470945,False
中证500ETF南方,9月,6.876,7.681,2026-09-23,202609,rule_fourth_wednesday,medium,6.0,4.0,126771.43894875,-8645909.4826104,-8519138.04366165,8772680.921559151,1125.0,16104.0,17229.0,186.0,3099.0,3285.0,0.18585,0.49205,0.05505,66414.16318069182,-2394697.8797960407,-2328283.716615349,2461112.0429767324,-1642830.4136120402,-6876307.630049611,543.4481589284202,0.40043183550008576,0.49876558449574127,0.17888499751614506,-0.013038378684916977,0.6828316196810661,False
中证500ETF南方,9月,7.0,7.681,2026-09-23,202609,rule_fourth_wednesday,medium,6.0,4.0,715909.51080972,-38077838.14347239,-37361928.63266267,38793747.65428211,1822.0,40414.0,42236.0,1005.0,18184.0,19189.0,0.17584999999999998,0.48360000000000003,0.11315,488019.2821564139,-7170459.364983584,-6682440.082827169,7658478.647139998,-16737970.404101983,-20623958.228560682,322.96069571976875,0.4349939482892935,0.49444363210995756,0.5007673732738821,0.012734237257797466,0.8911758462070571,False
中证500ETF南方,9月,7.122,7.681,2026-09-23,202609,rule_fourth_wednesday,medium,6.0,4.0,1235513.4115337,-14569114.18348111,-13333600.77194741,15804627.59501481,1157.0,10067.0,11224.0,634.0,8242.0,8876.0,0.15705,0.46995000000000003,0.21315,786184.7490748328,-5094936.759907792,-4308752.01083296,5881121.508982625,-11250923.760774462,-2082677.0111729498,629.7546945258625,0.49301518894033486,0.4912935323383084,0.6833417485732369,-0.06865621258322444,0.7292007947563717,False
中证500ETF南方,9月,7.25,7.681,2026-09-23,202609,rule_fourth_wednesday,medium,6.0,4.0,5676604.089510081,-91069571.61577706,-85392967.52626698,96746175.70528714,6152.0,36201.0,42353.0,15609.0,64860.0,80469.0,0.23754999999999998,0.46045,0.2914,5171501.648677495,-79376439.879033,-74204938.2303555,84547941.5277105,-85392967.52626698,0.0,110.86092158784524,0.8913112627297239,0.8629145335376789,2.164443440411754,-0.1809009823830553,0.9359633709930505,False
中证500ETF南方,9月,7.367,7.681,2026-09-23,202609,rule_fourth_wednesday,medium,6.0,4.0,19774225.276429884,-51918445.02423745,-32144219.747807562,71692670.30066733,4903.0,12384.0,17287.0,4755.0,15321.0,20076.0,0.25839999999999996,0.3867,0.6971,16140647.137895001,-43658031.362117894,-27517384.22422289,59798678.5000129,-32741116.61521764,596896.8674100799,135.31058486565226,0.8285715548340888,0.8852318921690521,1.1034876260302584,-0.00871560016083691,0.8472523957544152,True
中证500ETF南方,9月,7.5,7.681,2026-09-23,202609,rule_fourth_wednesday,medium,6.0,4.0,214346559.61101204,-476521081.3325127,-262174521.72150064,690867640.9435247,30693.0,71031.0,101724.0,123305.0,193231.0,316536.0,0.24445,0.2727,1.1604,182632150.91292927,-426013727.6275776,-243381576.71464834,608645878.5405068,-262174521.72150064,0.0,61.49678876690558,0.8730247912086978,0.7327455679149231,3.3688705668661556,-0.04148856562423293,0.9901417329346681,True
中证500ETF南方,9月,7.613,7.681,2026-09-23,202609,rule_fourth_wednesday,medium,6.0,4.0,60563008.767919436,-84293619.76716605,-23730610.999246612,144856628.5350855,6337.0,9467.0,15804.0,23811.0,33542.0,57353.0,0.2276,0.12765,1.56455,52573922.6671566,-61040693.07784421,-8466770.41068761,113614615.74500081,-23730610.999246612,0.0,82.63398630604732,0.7961150331773844,0.5691897654584221,3.6502502342839245,-0.05383513315571363,0.8717002067019765,True
中证500ETF南方,9月,7.75,7.681,2026-09-23,202609,rule_fourth_wednesday,medium,6.0,4.0,664560919.2592055,-488063209.19191897,176497710.0672865,1152624128.4511244,67297.0,52451.0,119748.0,216596.0,195719.0,412315.0,0.22415,-0.09680000000000002,1.6255,528505680.6733107,-378342228.2735297,150163452.399781,906847908.9468404,176497710.0672865,0.0,45.667430903495216,0.7852307611595568,0.46227479577753755,3.474986324609297,0.010154681889236097,0.9940250263715632,True
中证500ETF南方,9月,7.859,7.681,2026-09-23,202609,rule_fourth_wednesday,medium,6.0,4.0,83870063.63137245,-54912354.84358519,28957708.78778726,138782418.47495764,10635.0,7384.0,18019.0,31808.0,12822.0,44630.0,0.22945,-0.2516,1.2986,57090296.361911915,-34837708.30622741,22252588.055684507,91928004.66813932,28957708.78778726,0.0,246.50038330472574,0.6575615981181242,0.4403691433980123,2.363668188655276,-0.11046324267997903,0.8760080659685295,True
中证500ETF南方,9月,8.0,7.681,2026-09-23,202609,rule_fourth_wednesday,medium,6.0,4.0,337235803.701358,-104061860.3107201,233173943.39063793,441297664.0120781,75410.0,22472.0,97882.0,107117.0,38466.0,145583.0,0.23709999999999998,-0.38435,0.77145,214689532.12448394,-98456377.88148713,116233154.24299681,313145910.0059711,233173943.39063793,0.0,143.23466932625558,0.7913743241595919,0.47682926829268296,1.5660958151685227,-0.03385379133256644,0.979538973042831,True
中证500ETF南方,9月,8.104,7.681,2026-09-23,202609,rule_fourth_wednesday,medium,6.0,4.0,33322107.686262123,-13497231.652058521,19824876.034203604,46819339.33832064,13302.0,4507.0,17809.0,13149.0,2720.0,15869.0,0.2452,-0.4376,0.4661,19839955.8619152,-9185938.477368075,10654017.384547126,29025894.339283276,24793180.144117743,-4968304.109914142,464.1506226358963,0.6379893184194906,0.49341331451423187,0.7960018140477916,-0.03116403899106552,0.8315576656260448,False
中证500ETF南方,9月,8.25,7.681,2026-09-23,202609,rule_fourth_wednesday,medium,6.0,4.0,50481676.09047011,-11272531.100763101,39209144.98970701,61754207.19123322,43106.0,4990.0,48096.0,22179.0,4817.0,26996.0,0.30035,-0.45115,0.2907,19875439.184418317,-7337704.777686939,12537734.406731378,27213143.962105256,15092230.220917426,24116914.768789586,339.7826078069883,0.5223263322562477,0.48554510623476127,0.7399265008000504,-0.20301932223873415,0.9142301073855102,False
中证500ETF南方,9月,8.35,7.681,2026-09-23,202609,rule_fourth_wednesday,medium,6.0,4.0,6816365.314896,-7659393.761466759,-843028.4465707596,14475759.076362759,9628.0,5347.0,14975.0,1749.0,2025.0,3774.0,0.30225,-0.47305,0.1814,1858571.0661264001,-3764349.757431866,-1905778.691305466,5622920.823558266,-1662497.907219,819469.4606482405,673.3810941570525,0.3820657173951717,0.6861662902705443,0.2801873513672523,-0.09701595813528024,0.7221332759828825,False
中证500ETF南方,9月,8.5,7.681,2026-09-23,202609,rule_fourth_wednesday,medium,6.0,4.0,7420492.947894242,-2059953.4335461904,5360539.5143480515,9480446.381440433,26704.0,2257.0,28961.0,2983.0,1063.0,4046.0,0.32345,-0.4845,0.1009,1231019.4555365397,-1415091.184576105,-184071.72903956543,2646110.640112645,-141280.75831147993,5501820.272659531,2063.3991709339184,0.42642378132716285,0.9958307786633968,0.29134264367059354,-0.09837248003190527,0.7371673126030307,False
中证500ETF南方,9月,8.595,7.681,2026-09-23,202609,rule_fourth_wednesday,medium,6.0,4.0,2864020.34873016,-2459961.20301424,404059.1457159198,5323981.5517444,8472.0,2476.0,10948.0,922.0,2000.0,2922.0,0.38285,-0.47855,0.11284999999999999,625879.0455192421,-1652156.151517344,-1026277.1059981019,2278035.197036586,-1675355.87925134,2079415.0249672595,3377.4149659863942,0.4450752087395572,0.4931004271164166,0.4582917633454916,-0.14806660714012765,0.5915975705886322,False
中证500ETF南方,9月,8.75,7.681,2026-09-23,202609,rule_fourth_wednesday,medium,6.0,4.0,3440241.4507977897,-980250.15892544,2459991.2918723496,4420491.60972323,17201.0,832.0,18033.0,1284.0,94.0,1378.0,0.4782,-0.46485000000000004,0.11679999999999999,246064.6314513853,-540216.8592408017,-294152.2277894163,786281.490692187,146053.67717637998,2313937.6146959695,1169.9181679579324,0.31131320627385733,0.7834167129886975,0.09381379604495266,-0.038758317899210096,0.5893157941774684,False
中证500ETF南方,9月,8.841,7.681,2026-09-23,202609,rule_fourth_wednesday,medium,6.0,4.0,1082496.8186041,-1774078.6026654702,-691581.7840613702,2856575.4212695705,8534.0,2479.0,11013.0,470.0,638.0,1108.0,0.44265,-0.48369999999999996,0.0714,102861.26131766716,-1047536.4968855713,-944675.2355679041,1150397.7582032385,-396962.89502284,-294618.8890385302,3403.6313451502992,0.3427450732731945,0.7945628721843445,0.15621783090451,-0.057603745629609106,0.49719680616555456,False
中证500ETF南方,9月,9.0,7.681,2026-09-23,202609,rule_fourth_wednesday,medium,6.0,4.0,1141220.82999306,-557037.98007848,584182.8499145801,1698258.81007154,9039.0,856.0,9895.0,403.0,44.0,447.0,0.50405,-0.4829,0.06584999999999999,123062.2143160234,-286804.379445878,-163742.16512985458,409866.5937619014,22248.05567310001,561934.7942414801,6066.054210006834,0.31135392141431645,0.7943125805717752,0.047993223549458064,-0.03088695111767105,0.41061086637607347,False
中证500ETF南方,9月,9.086,7.681,2026-09-23,202609,rule_fourth_wednesday,medium,6.0,4.0,563269.3235953001,-633.0459755300001,562636.27761977,563902.3695708301,5930.0,1073.0,7003.0,816.0,463.0,1279.0,0.21084999999999998,-0.49885,0.0081,131140.32803570846,-425.2344056463326,130715.09363006213,131565.5624413548,77235.73885793002,485400.53876184014,2563.0454140694574,0.4522737300879784,0.7992120908244394,0.2845529311366376,-0.06847221799377186,0.324121709651174,False
中证500ETF南方,9月,9.25,7.681,2026-09-23,202609,rule_fourth_wednesday,medium,6.0,4.0,1785272.2478599998,-107045.5375584,1678226.7103015997,1892317.7854183998,22250.0,1890.0,24140.0,841.0,91.0,932.0,0.4518,-0.49825,0.0116,74598.97159147731,-56142.185301991805,18456.786289485506,130741.15689346912,62325.23472039998,1615901.4755811996,3392.5765490296,0.2831279409677473,0.7998718934153215,0.04297295047856846,-0.01747918112421929,0.5223141659107161,False
中证500ETF南方,9月,9.332,7.681,2026-09-23,202609,rule_fourth_wednesday,medium,6.0,4.0,198513.89627997,-322264.05988791,-123750.16360794002,520777.95616788004,5703.0,777.0,6480.0,229.0,113.0,342.0,0.55575,-0.48915,0.0381,22137.52873129932,-182421.57068833214,-160284.0419570328,204559.09941963147,-38896.04387208001,-84854.11973586,6724.2354462085395,0.33878933913038006,0.7967238973487836,0.0927927250915152,-0.03745341648671659,0.2666952917489412,False
中证500ETF南方,9月,9.578,7.681,2026-09-23,202609,rule_fourth_wednesday,medium,6.0,4.0,601645.0072153601,0.0,601645.0072153601,601645.0072153601,8224.0,668.0,8892.0,170.0,98.0,268.0,0.27704999999999996,-0.49885,0.0062,15913.691338708368,0.0,15913.691338708368,15913.691338708368,12436.7280188,589208.27919656,2053.834380112946,0.29949896361095746,0.7997351975426332,0.08368889652601412,-0.06244129746724311,0.2894031235771344,False
中证500ETF南方,9月,9.823,7.681,2026-09-23,202609,rule_fourth_wednesday,medium,6.0,4.0,764516.5861424,-535784.6266558401,228731.95948655996,1300301.2127982401,12460.0,1076.0,13536.0,277.0,73.0,350.0,0.795,-0.47845,0.0474,61943.888668118554,-292731.12016140565,-230787.23149328708,354675.0088295242,-19353.625518440003,248085.585005,2550.486163051608,0.31369164449278036,0.7923255813953489,0.04503750290893685,-0.009945022005819478,0.3989302583115324,False
中证500ETF南方,9月,10.314,7.681,2026-09-23,202609,rule_fourth_wednesday,medium,6.0,4.0,424189.18176912,-391778.17178616,32411.009982960008,815967.35355528,14979.0,1604.0,16583.0,3.0,33.0,36.0,0.8258,-0.49085,0.0231,4311.520677755701,-209355.85453796142,-205044.33386020572,213667.37521571713,-7975.317331979999,40386.32731493999,3379.49331661696,0.2722687994752886,0.7976428544272516,0.0103869232386688,-0.0049382716049382715,0.33060474088258285,False
中证500ETF南方,10月,6.5,7.681,2026-10-28,202610,rule_fourth_wednesday,medium,41.0,29.0,80485.92551142,-9584329.04903162,-9503843.123520201,9664814.97454304,99.0,11789.0,11888.0,36.0,9095.0,9131.0,0.0001,0.43689999999999996,0.1378,51222.048198964316,-4874520.325064365,-4823298.2768654,4925742.373263329,-7364868.678868221,-2138974.4446519795,356.61437669747943,0.5725013801179923,0.6607597522824491,0.5675591267668628,0.42969210816033265,0.6937546793008815,False
中证500ETF南方,10月,6.75,7.681,2026-10-28,202610,rule_fourth_wednesday,medium,41.0,29.0,464006.1806904101,-29671109.123821642,-29207102.94313123,30135115.304512054,367.0,23468.0,23835.0,100.0,8826.0,8926.0,0.0001,0.3862,0.2143,270214.971751535,-15657913.865610354,-15387698.893858818,15928128.837361889,-11032473.93107498,-18174629.01205625,135.01575297163555,0.5550339609604509,0.4181470392548236,0.324283075011065,0.05829057537401102,0.822411540665075,False
中证500ETF南方,10月,7.0,7.681,2026-10-28,202610,rule_fourth_wednesday,medium,41.0,29.0,4222551.76165779,-31967994.615655784,-27745442.853997994,36190546.37731358,2409.0,18238.0,20647.0,944.0,14639.0,15583.0,0.0001,0.31489999999999996,0.2971,2432598.7331054932,-24952716.84525664,-22520118.11215115,27385315.578362133,-24004917.549150452,-3740525.3048475403,96.55928117466536,0.6783249636853523,0.3334024688805771,0.5972643048960448,0.13108590142833942,0.8319739243986606,False
中证500ETF南方,10月,7.25,7.681,2026-10-28,202610,rule_fourth_wednesday,medium,41.0,29.0,12175264.691488251,-37374007.8342498,-25198743.14276155,49549272.52573805,5555.0,17052.0,22607.0,2904.0,17227.0,20131.0,0.0001,0.2245,0.3715,8146037.375192325,-32860340.336829167,-24714302.96163684,41006377.71202149,-31009116.9856302,5810373.84286865,64.79486483880858,0.7741471350030691,0.2845678772353472,0.766517501503845,0.07182507389220387,0.8592489160168066,False
中证500ETF南方,10月,7.5,7.681,2026-10-28,202610,rule_fourth_wednesday,medium,41.0,29.0,43439614.84086861,-57580595.842257746,-14140981.001389138,101020210.68312636,17390.0,23051.0,40441.0,16450.0,36520.0,52970.0,0.0001,0.12039999999999998,0.4234,34847783.861231,-47860686.82168668,-13012902.960455678,82708470.68291768,-16489068.290084742,2348087.2886956003,78.1072397833051,0.8167033973625452,0.20372259051504343,1.2651294954665742,0.20042707359504933,0.9310358303427511,True
中证500ETF南方,10月,7.75,7.681,2026-10-28,202610,rule_fourth_wednesday,medium,41.0,29.0,56008965.10657572,-38582732.13244623,17426232.97412949,94591697.23902196,21396.0,14739.0,36135.0,35520.0,19430.0,54950.0,0.0001,0.010499999999999982,0.4437,53187048.96877147,-24551293.324062258,28635755.644709215,77738342.29283373,17426232.97412949,0.0,115.3547384560433,0.7929726194915757,0.34272445820433434,1.489197320343504,0.518575536859812,0.9246586096236269,True
中证500ETF南方,10月,8.0,7.681,2026-10-28,202610,rule_fourth_wednesday,medium,41.0,29.0,56624391.990760684,-13802894.331978643,42821497.65878204,70427286.32273933,22284.0,5432.0,27716.0,23571.0,4539.0,28110.0,0.0001,-0.09670000000000001,0.4307,53998333.23176888,-12033087.99953016,41965245.23223872,66031421.231299035,45090640.63346115,-2269142.97467911,68.02392927226529,0.9127016224142939,0.425681255161024,0.9466791359049824,0.22047691170918476,0.8894765850387162,True
中证500ETF南方,10月,8.25,7.681,2026-10-28,202610,rule_fourth_wednesday,medium,41.0,29.0,39783774.92216046,-6819352.37153543,32964422.550625034,46603127.29369589,17286.0,2963.0,20249.0,10262.0,1256.0,11518.0,0.0001,-0.1942,0.3901,24136601.922265843,-4241162.984651369,19895438.937614474,28377764.90691721,20727332.92542966,12237089.62519537,147.21219027018682,0.6143125384049426,0.48577712609970686,0.5087771551241587,0.2580430286329084,0.8313996075692767,False
中证500ETF南方,10月,8.5,7.681,2026-10-28,202610,rule_fourth_wednesday,medium,41.0,29.0,21959000.27292377,-1677111.0626410902,20281889.21028268,23636111.335564863,11221.0,857.0,12078.0,6639.0,181.0,6820.0,0.0001,-0.2773,0.3317,12321236.811642667,-938057.298030708,11383179.51361196,13259294.109673375,12638020.119645461,7643869.090637219,131.69561193331643,0.5602155833409367,0.47744610281923716,0.40143018221897453,0.14215065802968158,0.7507878056882079,False
中证500ETF南方,10月,8.75,7.681,2026-10-28,202610,rule_fourth_wednesday,medium,41.0,29.0,16260992.3857005,-1121772.80805702,15139219.57764348,17382765.19375752,10350.0,714.0,11064.0,4979.0,20.0,4999.0,0.0001,-0.3439,0.2663,8136186.847048311,-565437.3634728093,7570749.4835755015,8701624.21052112,7791136.35175737,7348083.22588611,132.3266938265943,0.5022034462215565,0.44921875,0.25453700320707995,-0.009292622795372654,0.713555240065675,False
中证500ETF南方,10月,9.0,7.681,2026-10-28,202610,rule_fourth_wednesday,medium,41.0,29.0,18060783.9825426,-1518326.2586185203,16542457.72392408,19579110.24116112,15095.0,1269.0,16364.0,8033.0,8.0,8041.0,0.0001,-0.39459999999999995,0.2028,7509019.057493302,-786399.8555976428,6722619.201895659,8295418.913090945,9601708.609467,6940749.114457079,197.79192289711193,0.4668511949075562,0.4503069700252799,0.2692335721935491,0.1851397966594045,0.7701809144980025,False
中证500ETF南方,12月,6.25,7.681,2026-12-23,202612,rule_fourth_wednesday,medium,97.0,69.0,2588522.0440541203,-21590326.80430043,-19001804.76024631,24178848.848354552,3452.0,29441.0,32893.0,31.0,5478.0,5509.0,0.17605,0.39445,0.12569999999999998,1176274.0858425777,-11186562.309922913,-10010288.224080335,12362836.39576549,-3994002.695230331,-15007802.065015981,128.4195710952255,0.4862738132493329,0.5331725165203505,0.0975236753137833,0.01848675824986474,0.8240249232437122,False
中证500ETF南方,12月,6.5,7.681,2026-12-23,202612,rule_fourth_wednesday,medium,97.0,69.0,504678.6471462,-22328084.955941282,-21823406.308795083,22832763.60308748,538.0,23624.0,24162.0,1.0,5148.0,5149.0,0.1709,0.35445,0.15960000000000002,219307.5869487841,-6825878.637805723,-6606571.050856939,7045186.224754507,-4864663.923120661,-16958742.38567442,258.94911572878016,0.37012858511764035,0.5029910542182897,0.10988636091832765,0.019345761519521634,0.7949165541077151,False
中证500ETF南方,12月,6.75,7.681,2026-12-23,202612,rule_fourth_wednesday,medium,97.0,69.0,630434.73462814,-5473462.998834881,-4843028.264206741,6103897.733463021,563.0,4648.0,5211.0,12.0,1406.0,1418.0,0.1672,0.3054,0.19469999999999998,267271.37733239605,-2232568.986781014,-1965297.609448618,2499840.36411341,-1642261.6751960004,-3200766.589010741,227.72081346404374,0.4159186994191739,0.31114451313028674,0.161905042142689,0.017364203027604632,0.5260117255865162,False
中证500ETF南方,12月,6.876,7.681,2026-12-23,202612,rule_fourth_wednesday,medium,97.0,69.0,1943236.39302706,-7064282.756282151,-5121046.363255091,9007519.14930921,1613.0,5465.0,7078.0,25.0,794.0,819.0,0.16625,0.27705,0.21165,798166.0731639082,-1999239.6382264185,-1201073.5650625103,2797405.7113903267,-996238.5521564402,-4124807.81109865,356.6047318292025,0.34687366807204256,0.3338747643631149,0.08039363383851132,-0.0013056902637935597,0.5712084339393991,False
中证500ETF南方,12月,7.0,7.681,2026-12-23,202612,rule_fourth_wednesday,medium,97.0,69.0,2789679.6300045,-11465460.858964423,-8675781.228959922,14255140.488968924,2175.0,8162.0,10337.0,87.0,1352.0,1439.0,0.16485,0.24755,0.22775,1141026.6986196083,-6618470.608574743,-5477443.909955135,7759497.307194352,-1787616.8188821406,-6888164.410077782,153.74265860289935,0.493135008133608,0.2800731853605754,0.10282283753981868,-0.0005661562145519365,0.6594476870102817,False
中证500ETF南方,12月,7.122,7.681,2026-12-23,202612,rule_fourth_wednesday,medium,97.0,69.0,2267059.7637382,-7350354.049707002,-5083294.285968802,9617413.813445203,1678.0,4905.0,6583.0,132.0,293.0,425.0,0.165,0.21635000000000001,0.2415,932336.6782535235,-2280799.7709206794,-1348463.092667156,3213136.449174203,-260734.7049634001,-4822559.581005402,333.6302415048734,0.36077581515516177,0.23900534319769817,0.06920002089765132,0.01531824515577799,0.5455836116239228,False
中证500ETF南方,12月,7.25,7.681,2026-12-23,202612,rule_fourth_wednesday,medium,97.0,69.0,7715673.495617491,-12856507.707911981,-5140834.21229449,20572181.203529473,3021.0,8113.0,11134.0,952.0,2756.0,3708.0,0.2278,0.27774999999999994,0.35075,4570906.073633282,-8320430.902770857,-3749524.829137575,12891336.97640414,-1935957.2492748802,-3204876.9630196104,138.96048651324847,0.619797441698254,0.2706167706167707,0.32741457727213175,0.08590954842863952,0.7202861993423919,False
中证500ETF南方,12月,7.367,7.681,2026-12-23,202612,rule_fourth_wednesday,medium,97.0,69.0,4398583.9711311,-6087388.979980001,-1688805.008848901,10485972.9511111,1431.0,3685.0,5116.0,279.0,353.0,632.0,0.23754999999999998,0.21525,0.4005,1890950.210000111,-2221009.649598209,-330059.43959809816,4111959.85959832,274451.6843959,-1963256.693244801,325.9693287530314,0.3973769993854639,0.2946107784431138,0.14538115596972256,0.020909593749691337,0.5465257806506713,True
中证500ETF南方,12月,7.5,7.681,2026-12-23,202612,rule_fourth_wednesday,medium,97.0,69.0,13529440.889698863,-6865534.048913401,6663906.840785462,20394974.938612264,4123.0,4035.0,8158.0,1296.0,1180.0,2476.0,0.247,0.14865,0.4223,6984756.267057222,-3517855.689533735,3466900.577523487,10502611.956590958,2245001.68085552,4418905.159929942,258.7831658550696,0.5143285398515824,0.3289340101522844,0.30338768133909544,0.10120986505351326,0.6849557341667535,True
中证500ETF南方,12月,7.613,7.681,2026-12-23,202612,rule_fourth_wednesday,medium,97.0,69.0,12399647.9260115,-6130456.165554781,6269191.760456719,18530104.091566283,3710.0,3561.0,7271.0,503.0,889.0,1392.0,0.2531,0.09664999999999999,0.42915000000000003,5204547.58584492,-2687493.137016897,2517054.448828023,7892040.722861817,150676.15175073012,6118515.60870599,226.6504308306981,0.4290586866351386,0.3596413548815585,0.19261424491590917,0.045763042765642116,0.6518634542458078,True
中证500ETF南方,12月,7.75,7.681,2026-12-23,202612,rule_fourth_wednesday,medium,97.0,69.0,18764756.47636919,-10151931.168194761,8612825.30817443,28916687.64456395,5701.0,5901.0,11602.0,1274.0,1536.0,2810.0,0.26045,0.037150000000000016,0.42474999999999996,8186582.814242874,-4009062.641521108,4177520.1727217664,12195645.455763983,1550856.4440787002,7061968.864095731,254.23088460551168,0.4155904009417626,0.39493575207860926,0.2418822160098742,0.05462141206868538,0.7301585198756535,True
中证500ETF南方,12月,7.859,7.681,2026-12-23,202612,rule_fourth_wednesday,medium,97.0,69.0,8258159.6779453205,-4925839.88145678,3332319.7964885402,13183999.5594021,2574.0,2886.0,5460.0,418.0,105.0,523.0,0.26515,-0.007300000000000001,0.41655,2636971.1455359664,-2443779.3720852826,193191.7734506838,5080750.517621249,1161854.1169475901,2170465.679540951,290.04936358090583,0.4077156488904151,0.4183193277310925,0.09938784938784939,-0.004279041385821626,0.5660159900986566,True
中证500ETF南方,12月,8.0,7.681,2026-12-23,202612,rule_fourth_wednesday,medium,97.0,69.0,24074939.041793305,-5715703.0856800005,18359235.956113305,29790642.127473306,8017.0,3460.0,11477.0,1879.0,617.0,2496.0,0.27435,-0.05955000000000002,0.3945,14635695.595579255,-2675981.7188537894,11959713.876725465,17311677.314433046,4623365.440541101,13735870.515572205,138.94405196716747,0.5380515547740079,0.4548340548340547,0.20635032420268778,-0.04374591595898544,0.725293228667089,True
中证500ETF南方,12月,8.104,7.681,2026-12-23,202612,rule_fourth_wednesday,medium,97.0,69.0,6429262.715669092,-4274070.966473431,2155191.7491956605,10703333.682142522,2267.0,2643.0,4910.0,327.0,17.0,344.0,0.2791,-0.09539999999999998,0.3774,1656804.2692959346,-1750873.856311146,-94069.58701521135,3407678.1256070808,899888.1287121202,1255303.62048354,377.98049057593454,0.33367377884290234,0.47056129791966494,0.07533778917802866,0.0011377391150743281,0.521699706105682,False
中证500ETF南方,12月,8.25,7.681,2026-12-23,202612,rule_fourth_wednesday,medium,97.0,69.0,18893248.290028702,-2147388.7053258,16745859.584702902,21040636.995354503,7355.0,1385.0,8740.0,2802.0,754.0,3556.0,0.2873,-0.14035,0.34909999999999997,9082543.312446596,-1364791.3280725854,7717751.984374011,10447334.640519181,6028624.850113561,10717234.734589342,241.99564545053778,0.5581440826737656,0.493127147766323,0.46268483091882284,-0.02265974124852556,0.7009767210354356,False
中证500ETF南方,12月,8.35,7.681,2026-12-23,202612,rule_fourth_wednesday,medium,97.0,69.0,8703770.94673354,-3015596.8063137503,5688174.14041979,11719367.753047291,3658.0,1985.0,5643.0,580.0,17.0,597.0,0.2903,-0.16915000000000002,0.3304,2292770.2800088683,-1294193.4523838062,998576.8276250621,3586963.7323926743,1354213.95677765,4333960.18364214,429.1966254594681,0.3462946216470738,0.4971346704871061,0.08356041001882628,-0.002273905967651078,0.5660348105136053,False
中证500ETF南方,12月,8.5,7.681,2026-12-23,202612,rule_fourth_wednesday,medium,97.0,69.0,11640904.86076056,-1047658.6407336001,10593246.22002696,12688563.50149416,5544.0,735.0,6279.0,2215.0,0.0,2215.0,0.301,-0.20504999999999998,0.29875,5404356.956393741,-456795.2978921839,4947561.658501557,5861152.254285925,4650902.64548785,5942343.57453911,287.21329266129544,0.4501355707771686,0.47934579439252334,0.19976551226551226,0.013143280266567938,0.6275309576186486,False
中证500ETF南方,12月,8.595,7.681,2026-12-23,202612,rule_fourth_wednesday,medium,97.0,69.0,8649705.398553142,-3222052.39120193,5427653.007351212,11871757.789755072,4489.0,2353.0,6842.0,790.0,20.0,810.0,0.30805,-0.22475,0.27935,3835030.980694596,-1553567.0786416132,2281463.9020529827,5388598.05933621,1494838.0700092004,3932814.937342012,175.99333881272912,0.4627691017029769,0.4678119035224708,0.09224276521623381,-0.0007186661963792724,0.5913237586227295,False
中证500ETF南方,12月,8.75,7.681,2026-12-23,202612,rule_fourth_wednesday,medium,97.0,69.0,11114810.61634897,-1106328.37418244,10008482.24216653,12221138.990531411,6683.0,873.0,7556.0,2567.0,2.0,2569.0,0.3234,-0.25025,0.24835,7054184.105957209,-501662.49824236066,6552521.607714849,7555846.60419957,4266763.50379597,5741718.738370561,112.95769654490948,0.5440566766786156,0.445696484885778,0.193199941929215,0.009789864569681082,0.6451426957677082,False
中证500ETF南方,12月,8.841,7.681,2026-12-23,202612,rule_fourth_wednesday,medium,97.0,69.0,5688545.236336481,-899051.5404611401,4789493.695875341,6587596.776797621,3743.0,726.0,4469.0,668.0,19.0,687.0,0.32525000000000004,-0.26755,0.23375,1164558.5349799898,-421146.47822518094,743412.0567548089,1585705.0132051706,991685.6949400702,3797808.000935271,491.2969834390847,0.33657705475964006,0.44836023665181507,0.10231863482173151,0.006403021746195981,0.4880350214827682,False
中证500ETF南方,12月,9.0,7.681,2026-12-23,202612,rule_fourth_wednesday,medium,97.0,69.0,6377825.5177412415,-845491.0131149,5532334.504626341,7223316.530856142,4916.0,695.0,5611.0,2102.0,1.0,2103.0,0.31985,-0.2996,0.21305000000000002,1516009.2985485285,-394183.79341116064,1121825.5051373679,1910193.091959689,2725835.792915961,2806498.711710381,435.53547119989446,0.3519594063854179,0.4701909959072305,0.21451112503000042,0.02442927245572861,0.5627178577941816,False
中证500ETF南方,12月,9.086,7.681,2026-12-23,202612,rule_fourth_wednesday,medium,97.0,69.0,3110031.5724584004,-563263.4238192001,2546768.1486392003,3673294.9962776005,2620.0,510.0,3130.0,502.0,9.0,511.0,0.34954999999999997,-0.29575,0.19419999999999998,860362.9327167361,-268609.1753308492,591753.757385887,1128972.1080475852,585951.6027893601,1960816.5458498402,483.97317273145165,0.3767607116876775,0.42631709741550705,0.10462505612932195,0.012785083174047546,0.39121575518110063,False
中证500ETF南方,12月,9.25,7.681,2026-12-23,202612,rule_fourth_wednesday,medium,97.0,69.0,10381359.891238732,-540178.7798951201,9841181.111343613,10921538.671133852,10369.0,593.0,10962.0,2347.0,0.0,2347.0,0.4177,-0.28454999999999997,0.16205,2837794.125200707,-257816.36602391567,2579977.759176791,3095610.491224623,2349797.633786991,7491383.477556622,225.95391883263164,0.3753172292214149,0.34586153045288914,0.11317388369177356,-0.003923069562721271,0.6539362304503984,False
中证500ETF南方,12月,9.332,7.681,2026-12-23,202612,rule_fourth_wednesday,medium,97.0,69.0,2497060.76506387,-1131864.9650536801,1365195.80001019,3628925.73011755,2701.0,1118.0,3819.0,968.0,20.0,988.0,0.36619999999999997,-0.32065,0.16415000000000002,857376.584050438,-551617.5205964181,305759.06345401995,1408994.104646856,874663.0460189601,490532.7539912299,471.3525645646672,0.4153535392283238,0.42343349511915795,0.18813743534992342,0.03564004022253632,0.43215057054021055,False
中证500ETF南方,12月,9.578,7.681,2026-12-23,202612,rule_fourth_wednesday,medium,97.0,69.0,14906749.520019963,-2052945.0895169997,12853804.430502964,16959694.609536964,20492.0,2100.0,22592.0,3686.0,0.0,3686.0,0.34265,-0.36515,0.1445,4053890.9684348656,-1004382.7981550256,3049508.17027984,5058273.766589891,2681352.661077181,10172451.769425783,436.7298530770978,0.38059500065013524,0.46968616262482166,0.08993753659964865,0.013275222923554753,0.761070849184644,False
中证500ETF南方,12月,9.823,7.681,2026-12-23,202612,rule_fourth_wednesday,medium,97.0,69.0,15942165.535368456,-3440086.8766639703,12502078.658704486,19382252.412032425,27545.0,4069.0,31614.0,6221.0,1.0,6222.0,0.41464999999999996,-0.3463,0.1207,1730063.934502762,-1712033.982814144,18029.951688617934,3442097.917316906,3599670.5103704813,8902408.148334004,355.2787456372837,0.30309649571742037,0.41014131695373907,0.11304718599618552,0.01954053340374967,0.8163739030777714,False
中证500ETF南方,12月,10.314,7.681,2026-12-23,202612,rule_fourth_wednesday,medium,97.0,69.0,5917188.69918154,-1145259.81671112,4771928.88247042,7062448.51589266,15598.0,1548.0,17146.0,70238.0,62.0,70300.0,0.44635,-0.3688,0.09485,4826569.605606901,-602177.5581328187,4224392.047474083,5428747.16373972,5871319.11995926,-1099390.23748884,129.91736085444322,0.6707431139004247,0.42010900745840496,2.2715324432039754,0.015207213602406788,0.7290487304836183,False
中证500ETF南方,3月,6.25,7.681,2027-03-24,202703,rule_fourth_wednesday,medium,188.0,134.0,2873804.5374144,-2873662.942788,141.59462639968842,5747467.4802024,4128.0,4059.0,8187.0,66.0,368.0,434.0,0.17809999999999998,0.3412,0.119,1379336.109356001,-850143.1748604756,529192.9344955254,2229479.2842164766,-214586.6563092,214728.25093559967,291.7826387461934,0.3879041083834631,0.3746320552512504,0.053325548451044764,0.00048496605237633366,0.5145637953482788,False
中证500ETF南方,3月,6.5,7.681,2027-03-24,202703,rule_fourth_wednesday,medium,188.0,134.0,2289862.3983647,-2894556.99984615,-604694.6014814503,5184419.39821085,2890.0,3517.0,6407.0,6.0,43.0,49.0,0.17615,0.30365,0.13690000000000002,749234.3795743799,-593067.3227435701,156167.0568308098,1342301.7023179499,-30635.76735447,-574058.83412698,422.6074638677902,0.26604338862730553,0.3154246100519932,0.007151226912682148,0.000630755409148761,0.43913933941580396,False
中证500ETF南方,3月,6.75,7.681,2027-03-24,202703,rule_fourth_wednesday,medium,188.0,134.0,3514824.65032116,-2381090.04622139,1133734.60409977,5895914.69654255,3993.0,2569.0,6562.0,1.0,191.0,192.0,0.17629999999999998,0.26149999999999995,0.15315,1455585.5601999995,-547029.7178979621,908555.8423020374,2002615.2780979616,-176149.02504009003,1309883.6291398597,487.8321231467336,0.3219333511745842,0.3439669421487602,0.03729921679794448,0.030910374467944153,0.47436866408265377,False
中证500ETF南方,3月,7.0,7.681,2027-03-24,202703,rule_fourth_wednesday,medium,188.0,134.0,1843073.53426692,-3108495.27076196,-1265421.7364950401,4951568.80502888,1926.0,3074.0,5000.0,14.0,64.0,78.0,0.17779999999999999,0.21625,0.1668,381191.22210423904,-647586.3277150161,-266395.10561077704,1028777.5498192551,-51320.97233868,-1214100.7641563602,636.4981998554161,0.2075757879548491,0.3832228454869964,0.0140443649920176,0.002547321959086665,0.4146504494861651,False
中证500ETF南方,3月,7.25,7.681,2027-03-24,202703,rule_fourth_wednesday,medium,188.0,134.0,1094536.49169137,-1923119.3364812797,-828582.8447899097,3017655.8281726497,1073.0,1819.0,2892.0,125.0,331.0,456.0,0.1829,0.1687,0.17604999999999998,328195.7780698067,-891245.4737220348,-563049.6956522281,1219441.2517918416,-222437.4883654699,-606145.3564244396,272.56190406799044,0.38164326084551203,0.4439215686274511,0.14923196024976088,0.03899167033458006,0.3614391543422617,False
中证500ETF南方,3月,7.5,7.681,2027-03-24,202703,rule_fourth_wednesday,medium,188.0,134.0,7542673.181081971,-2311607.7931140806,5231065.38796789,9854280.974196052,2391.0,2102.0,4493.0,229.0,401.0,630.0,0.2397,0.17915000000000003,0.36055,4115758.512602903,-638716.3683352321,3477042.144267671,4754474.880938135,281418.72999239,4949646.657975501,330.92847142720115,0.4109856943727243,0.46305732484076434,0.14327326029540685,0.05503599943010566,0.5289328629165603,True
中证500ETF南方,3月,7.75,7.681,2027-03-24,202703,rule_fourth_wednesday,medium,188.0,134.0,9714130.612985332,-3528803.5798125006,6185327.033172831,13242934.192797832,3199.0,3190.0,6389.0,214.0,122.0,336.0,0.25785,0.07599999999999998,0.3511,3671164.9827072416,-874608.5506088021,2796556.4320984394,4545773.533316044,514878.1800678801,5670448.853104951,343.5130997617001,0.3128842706726839,0.49468636599274235,0.052570209538443144,-0.010217033848970644,0.5648736861833534,True
中证500ETF南方,3月,8.0,7.681,2027-03-24,202703,rule_fourth_wednesday,medium,188.0,134.0,10014599.72000462,-2809370.132738251,7205229.587266369,12823969.852742871,3607.0,2595.0,6202.0,336.0,396.0,732.0,0.2723,-0.004750000000000004,0.32705,4369059.375587163,-856963.8655718379,3512095.5100153247,5226023.241159,504168.90649115987,6701060.680775209,166.71920159998962,0.370653359523906,0.47175442336388823,0.12287668005852462,-0.004767076933495296,0.5863742117927484,True
中证500ETF南方,3月,8.25,7.681,2027-03-24,202703,rule_fourth_wednesday,medium,188.0,134.0,6078407.160845362,-2156591.1760865804,3921815.9847587813,8234998.336931942,2491.0,2102.0,4593.0,88.0,24.0,112.0,0.28964999999999996,-0.07045000000000001,0.29375,1301574.6204716645,-559256.2718635845,742318.34860808,1860830.892335249,190109.66522552006,3731706.3195332615,395.19616382761035,0.236727533341817,0.43186619718309865,0.023372437635621444,-0.0029928172386272946,0.4649248640062055,False
中证500ETF南方,3月,8.5,7.681,2027-03-24,202703,rule_fourth_wednesday,medium,188.0,134.0,6471014.251173572,-2592774.602667,3878239.6485065715,9063788.85384057,3101.0,2850.0,5951.0,89.0,0.0,89.0,0.32095,-0.1185,0.25395,677708.9593336242,-971862.5043386759,-294153.54500505165,1649571.4636723,185720.82178473004,3692518.8267218415,382.4470543808818,0.23978244033921592,0.3641597952800682,0.014350209609803289,-0.0025665704202759063,0.49826258319822664,False
中证500ETF南方,3月,8.75,7.681,2027-03-24,202703,rule_fourth_wednesday,medium,188.0,134.0,5632069.03964162,-2315751.79584672,3316317.2437948994,7947820.83548834,3197.0,2478.0,5675.0,45.0,1.0,46.0,0.31594999999999995,-0.17,0.22849999999999998,1232511.1316511538,-937279.1825019922,295231.9491491616,2169790.314153146,78340.76692146,3237976.4768734393,322.2163639757141,0.3117894249292906,0.40264446620959843,0.007239623607988018,0.0002679363257499502,0.4721537770308,False
中证500ETF南方,3月,9.0,7.681,2027-03-24,202703,rule_fourth_wednesday,medium,188.0,134.0,3933762.4413836705,-1377914.5373265701,2555847.9040571004,5311676.978710241,2681.0,1481.0,4162.0,273.0,50.0,323.0,0.31579999999999997,-0.2133,0.2032,1615799.2340362773,-606984.0445567586,1008815.1894795187,2222783.278593036,354046.15373861,2201801.750318491,251.8591530302807,0.4256304072870178,0.4229857819905214,0.06779432427810579,0.010861280487804877,0.43570502820479867,False
中证500ETF南方,3月,9.25,7.681,2027-03-24,202703,rule_fourth_wednesday,medium,188.0,134.0,4047877.0906650904,-1188685.70867278,2859191.3819923103,5236562.79933787,3329.0,1433.0,4762.0,700.0,12.0,712.0,0.34655,-0.23295,0.17335,1150039.6973118181,-533337.2342474442,616702.4630643739,1683376.9315592623,841206.59571108,2017984.7862812302,435.0904067954825,0.3663937164382792,0.3813379212630301,0.10932369791824977,0.02890410715909116,0.4738378548377384,False
中证500ETF嘉实,9月,2.75,3.117,2026-09-23,202609,rule_fourth_wednesday,medium,6.0,4.0,36200.94868467,-1505143.6583083197,-1468942.7096236497,1541344.6069929898,231.0,9049.0,9280.0,18.0,13504.0,13522.0,0.4023,0.48905000000000004,0.16625,17804.031392144836,-688065.6723695176,-670261.6409773728,705869.7037616625,-1502322.8051640599,33380.09554041,2087.098530212302,0.4744770199860025,0.7983783783783784,0.7851208356236536,0.09134923688598179,0.5064715484382741,False
中证500ETF嘉实,9月,2.8,3.117,2026-09-23,202609,rule_fourth_wednesday,medium,6.0,4.0,50435.113167899995,-2632549.9752598503,-2582114.86209195,2682985.0884277504,851.0,12435.0,13286.0,21.0,2577.0,2598.0,0.17715,0.4924,0.13945000000000002,22855.008452405422,-299226.9108002511,-276371.9023478457,322081.9192526565,-544318.85298897,-2037796.0091029804,2097.946287519747,0.2834104826627132,0.4921135646687697,0.11595724323473838,0.024709655599262675,0.535202885828159,False
中证500ETF嘉实,9月,2.85,3.117,2026-09-23,202609,rule_fourth_wednesday,medium,6.0,4.0,104346.01407554999,-2931381.7370307,-2827035.72295515,3035727.7511062496,533.0,8395.0,8928.0,43.0,1928.0,1971.0,0.1623,0.4851,0.28045,47594.08498479464,-855565.399889532,-807971.3149047374,903159.4848743266,-664804.4724744299,-2162231.25048072,1538.6665955801989,0.37399105326268145,0.4962797619047619,0.1551679671742427,0.005568366094365512,0.5091928032672107,False
中证500ETF嘉实,9月,2.9,3.117,2026-09-23,202609,rule_fourth_wednesday,medium,6.0,4.0,650726.6334272099,-4683022.82105625,-4032296.1876290394,5333749.45448346,1263.0,6875.0,8138.0,445.0,2969.0,3414.0,0.1581,0.46340000000000003,0.6156999999999999,392186.19184254465,-1745558.440907454,-1353372.2490649093,2137744.6327499985,-1793110.4622273599,-2239185.7254016795,2086.4029104138244,0.4877157224858986,0.48993595608417195,0.39209512704239546,0.12112429663829175,0.5785727503223413,False
中证500ETF嘉实,9月,2.95,3.117,2026-09-23,202609,rule_fourth_wednesday,medium,6.0,4.0,429764.95310867997,-6402852.796157999,-5973087.843049319,6832617.7492666785,1673.0,5538.0,7211.0,1633.0,4295.0,5928.0,0.22905,0.4558,0.7272,325125.01444144675,-3266865.4497696,-2941740.435328153,3591990.4642110467,-4546247.585922719,-1426840.2571266,695.6493798599049,0.6333692546907983,0.7704527597721469,0.8758207975457076,0.1975274525117836,0.6138771276616993,False
中证500ETF嘉实,9月,3.0,3.117,2026-09-23,202609,rule_fourth_wednesday,medium,6.0,4.0,6575812.074677339,-19483998.56025156,-12908186.485574221,26059810.634928897,3938.0,10334.0,14272.0,3427.0,9260.0,12687.0,0.23750000000000002,0.38725000000000004,1.82965,4442888.455859533,-7762980.095997422,-3320091.6401378894,12205868.551856954,-11736524.23365879,-1171662.2519154307,428.0185609488419,0.5370347602032604,0.845755341274343,0.8831549605295865,0.13544327614691679,0.7833245891947185,True
中证500ETF嘉实,9月,3.1,3.117,2026-09-23,202609,rule_fourth_wednesday,medium,6.0,4.0,48553704.77521662,-35551862.933957994,13001841.841258623,84105567.7091746,12222.0,9800.0,22022.0,20073.0,15010.0,35083.0,0.23145,0.08474999999999996,3.9114,36804171.581486665,-24321461.371642347,12482710.209844317,61125632.95312901,13001841.841258623,0.0,237.56283087743293,0.7210608464091648,0.6153846153846154,1.586999438950838,0.23892898674359986,0.8765462629784604,True
中证500ETF嘉实,9月,3.2,3.117,2026-09-23,202609,rule_fourth_wednesday,medium,6.0,4.0,48078750.112274244,-22094030.77458678,25984719.337687463,70172780.88686103,16405.0,7786.0,24191.0,15687.0,5440.0,21127.0,0.22745,-0.28590000000000004,2.9686000000000003,27234240.142802604,-13777724.43642676,13456515.706375843,41011964.57922936,30537603.127824746,-4552883.790137283,229.85322625311562,0.5950227735104181,0.4421841541755889,0.8274614060842564,0.17716565444450577,0.8742291539961065,True
中证500ETF嘉实,9月,3.3,3.117,2026-09-23,202609,rule_fourth_wednesday,medium,6.0,4.0,9845423.66394279,-3829181.15927772,6016242.504665069,13674604.82322051,12243.0,2956.0,15199.0,5721.0,2010.0,7731.0,0.2731,-0.42785,1.0805,3415524.872938899,-2558825.234400281,856699.6385386176,5974350.10733918,1996903.1598864296,4019339.3447786393,1224.5632991175949,0.5075792116741267,0.483440170940171,0.5736301829760608,0.07865816970852597,0.7385772658847771,False
中证500ETF嘉实,9月,3.4,3.117,2026-09-23,202609,rule_fourth_wednesday,medium,6.0,4.0,2508840.2043797397,-684026.67169026,1824813.5326894796,3192866.8760699998,10818.0,1069.0,11887.0,1323.0,443.0,1766.0,0.3218,-0.4686,0.44865,160597.90841460112,-407946.996615089,-247349.0882004879,568544.9050296901,23356.807826670003,1801456.7248628098,1216.9685564180977,0.33020164555544607,0.4894217207334276,0.2683510799742867,0.009359864121768884,0.531803263683925,False
中证500ETF嘉实,9月,3.5,3.117,2026-09-23,202609,rule_fourth_wednesday,medium,6.0,4.0,1639551.56866011,-377811.86069142,1261739.70796869,2017363.42935153,13153.0,751.0,13904.0,1100.0,89.0,1189.0,0.4235,-0.468,0.32305,341768.53205831925,-194116.62501989052,147651.90703842873,535885.1570782098,92343.54335562,1169396.16461307,6083.507306889354,0.36112210766845865,0.48624448481702576,0.10106988294985281,0.006679410555637458,0.4919892274351707,False
中证500ETF嘉实,9月,3.6,3.117,2026-09-23,202609,rule_fourth_wednesday,medium,6.0,4.0,443221.9596288,-440770.30266654,2451.6569622599636,883992.26229534,6480.0,979.0,7459.0,198.0,2.0,200.0,0.53525,-0.4621,0.26689999999999997,69885.80595763201,-214495.50112570077,-144609.69516806875,284381.3070833328,12642.44315436,-10190.78619210003,3404.6954183472953,0.3221572960110751,0.7813905930470348,0.016299228237430484,0.0021698698078115313,0.30379759369127657,False
中证500ETF嘉实,9月,3.7,3.117,2026-09-23,202609,rule_fourth_wednesday,medium,6.0,4.0,440128.28993742,-202294.82988594,237833.46005147998,642423.11982336,6594.0,682.0,7276.0,11.0,174.0,185.0,0.5848500000000001,-0.47585,0.187,12868.779845304005,-121225.470036796,-108356.690191492,134094.2498821,-50877.66280185,288711.12285333,2064.2508352608584,0.31424507567827314,0.7911111111111111,0.1284000740031149,0.0,0.27286881908364674,False
中证500ETF嘉实,9月,3.8,3.117,2026-09-23,202609,rule_fourth_wednesday,medium,6.0,4.0,221127.1385022,-210322.12645152,10805.012050680001,431449.26495372,5419.0,976.0,6395.0,41.0,203.0,244.0,0.6302000000000001,-0.48255,0.1319,3569.24470425049,-124231.08651298402,-120661.84180873353,127800.33121723452,-42072.23670426,52877.248754939996,3391.1621892004,0.303405847327559,0.7942949093036864,0.10777888743008056,0.0018521948508983144,0.24502877375686688,False
中证500ETF嘉实,9月,3.9,3.117,2026-09-23,202609,rule_fourth_wednesday,medium,6.0,4.0,429253.51923971996,-270174.36549645005,159079.1537432699,699427.8847361701,9884.0,1335.0,11219.0,125.0,220.0,345.0,0.72905,-0.4805,0.1265,14263.104920787888,-157006.91589248274,-142743.81097169485,171270.02081327062,-39094.47518265001,198173.6289259199,5052.991125582583,0.30717974842235174,0.7936273260260005,0.08872035461541142,0.0,0.32637994717213153,False
中证500ETF嘉实,9月,4.0,3.117,2026-09-23,202609,rule_fourth_wednesday,medium,6.0,4.0,233782.7949936,-97969.89885552,135812.89613808,331752.69384912,8355.0,589.0,8944.0,321.0,1.0,322.0,0.7771,-0.4837,0.09999999999999999,35838.68682442593,-51124.08270520142,-15285.39588077549,86962.76952962735,8815.62757104,126997.26856703998,3382.611158312093,0.3375668373762111,0.7949095022624433,0.02005895029459907,5.985156811108451e-05,0.2620712745828508,False
中证500ETF嘉实,9月,4.1,3.117,2026-09-23,202609,rule_fourth_wednesday,medium,6.0,4.0,528262.51103379,-127765.97388071999,400496.53715307,656028.4849145099,22013.0,1021.0,23034.0,56.0,0.0,56.0,0.81815,-0.48775,0.07675,45660.73302991836,-67298.4872292035,-21637.75419928514,112959.22025912185,1343.87410248,399152.66305058997,3379.125538482412,0.3065840793545827,0.6,0.0012719756507518286,0.0007506824385805277,0.3455807534614395,False
中证500ETF嘉实,10月,2.85,3.117,2026-10-28,202610,rule_fourth_wednesday,medium,41.0,29.0,222856.14251664,-2574239.810373,-2351383.66785636,2797095.95288964,306.0,3410.0,3716.0,113.0,1840.0,1953.0,0.1497,0.32205,0.7633000000000001,127995.09976274936,-1220701.3426252124,-1092706.242862463,1348696.4423879618,-1306736.07559128,-1044647.59226508,280.2144988456247,0.5242691653035436,0.3417714061272586,0.4544352442834416,0.3628193832599119,0.4293233480836246,False
中证500ETF嘉实,10月,2.9,3.117,2026-10-28,202610,rule_fourth_wednesday,medium,41.0,29.0,571616.92721538,-4720934.11963248,-4149317.1924170996,5292551.046847859,698.0,5342.0,6040.0,235.0,2157.0,2392.0,0.14834999999999998,0.27854999999999996,0.87625,301848.4493907548,-1992186.9688435,-1690338.519452745,2294035.4182342547,-1713775.3520307299,-2435541.84038637,341.33269240928746,0.4750253606851069,0.34781008213545345,0.37022878653134217,0.1921150982206554,0.5402519251270408,False
中证500ETF嘉实,10月,2.95,3.117,2026-10-28,202610,rule_fourth_wednesday,medium,41.0,29.0,1172859.32195712,-2298608.5309928097,-1125749.2090356897,3471467.8529499294,998.0,2283.0,3281.0,816.0,486.0,1302.0,0.22185,0.3153,1.12295,825502.3404824102,-834899.5043373562,-9397.163854946033,1660401.8448197665,469648.4393950201,-1595397.6484307097,340.71764093378397,0.5335284998368792,0.3266787903280124,0.5152565314597658,0.24348341828771441,0.4210281214941023,False
中证500ETF嘉实,10月,3.0,3.117,2026-10-28,202610,rule_fourth_wednesday,medium,41.0,29.0,2275050.60840384,-2529482.15722914,-254431.54882529983,4804532.76563298,1424.0,2274.0,3698.0,764.0,1512.0,2276.0,0.23020000000000002,0.23640000000000003,1.39465,1302985.9221379575,-1974671.163673505,-671685.2415355474,3277657.0858114623,-461269.04626008007,206837.49743478012,204.4870345460455,0.6766952734926884,0.27825356826517234,0.600712252823812,0.2073246898015106,0.48702210374163724,True
中证500ETF嘉实,10月,3.1,3.117,2026-10-28,202610,rule_fourth_wednesday,medium,41.0,29.0,7982980.8791287495,-3404911.9828087795,4578068.8963199705,11387892.861937528,4125.0,2742.0,6867.0,2624.0,1173.0,3797.0,0.2386,0.07095000000000001,1.635,6754207.772284415,-1709119.7284287647,5045088.04385565,8463327.500713179,3621556.3995632697,956512.4967567003,173.45716144113985,0.6740165001422278,0.2868544600938966,0.5319555732378489,0.3019636299016704,0.6438459524633425,True
中证500ETF嘉实,10月,3.2,3.117,2026-10-28,202610,rule_fourth_wednesday,medium,41.0,29.0,6260188.590450899,-1778089.42409202,4482099.166358879,8038278.014542919,3565.0,1482.0,5047.0,2507.0,1046.0,3553.0,0.25145,-0.08499999999999999,1.52115,3830490.8925735215,-1405688.9590379708,2424801.9335355507,5236179.851611492,3147345.37545696,1334753.7909019196,110.73061690547198,0.7012212615581177,0.3882138517618469,0.7045143877062383,0.4017816430956495,0.5780442125644522,True
中证500ETF嘉实,10月,3.3,3.117,2026-10-28,202610,rule_fourth_wednesday,medium,41.0,29.0,3594582.82934946,-629434.9924543799,2965147.8368950803,4224017.82180384,2626.0,609.0,3235.0,962.0,273.0,1235.0,0.26849999999999996,-0.20745000000000002,1.23635,1570319.5126107258,-366710.52444252407,1203608.9881682019,1937030.0370532498,1034666.8592691601,1930480.97762592,316.49066673836705,0.5097299657557728,0.46654119615223766,0.4073062478661659,0.30069930069930073,0.4408008878823254,False
中证500ETF嘉实,10月,3.4,3.117,2026-10-28,202610,rule_fourth_wednesday,medium,41.0,29.0,2530441.97014545,-236793.29838714,2293648.67175831,2767235.26853259,2659.0,278.0,2937.0,803.0,64.0,867.0,0.28755000000000003,-0.29355,0.9281,783210.3560567154,-123681.52787268758,659528.8281840278,906891.8839294029,709662.78015633,1583985.8916019802,321.4894900578431,0.4159168861955773,0.4894932014833127,0.2661045289379628,0.18689885525272848,0.37778864603812135,False
中证500ETF嘉实,10月,3.5,3.117,2026-10-28,202610,rule_fourth_wednesday,medium,41.0,29.0,2917257.0683625,-265669.39482092997,2651587.67354157,3182926.46318343,4710.0,381.0,5091.0,2012.0,27.0,2039.0,0.31185,-0.34635,0.6776,1081924.5535065,-128215.50245336758,953709.0510531325,1210140.0559598678,1227355.8845976898,1424231.7889438802,535.5278576755088,0.42674174192296416,0.46647370959961404,0.24902118126953876,0.13094429347826086,0.4677124816908368,False
中证500ETF嘉实,10月,3.6,3.117,2026-10-28,202610,rule_fourth_wednesday,medium,41.0,29.0,1113024.4739955,-853598.0894553,259426.3845402,1966622.5634508,2915.0,1498.0,4413.0,926.0,12.0,938.0,0.3557,-0.36850000000000005,0.48975,364033.45917918003,-403273.4820189852,-39240.02283980517,767306.9411981653,346733.509032,-87307.12449180009,576.7774675891408,0.3997532137550503,0.4347534062559969,0.16283895966491627,0.07710487589081343,0.3890246844785013,False
中证500ETF嘉实,12月,2.75,3.117,2026-12-23,202612,rule_fourth_wednesday,medium,97.0,69.0,57361.427856,-1170735.6666554997,-1113374.2387994998,1228097.0945114996,123.0,2398.0,2521.0,40.0,529.0,569.0,0.1666,0.3014,0.49124999999999996,28245.52076977938,-392208.66763566306,-363963.14686588367,420454.18840544246,-239610.75104024992,-873763.4877592498,369.31120269571636,0.4137117883333339,0.3628096022593551,0.27290187622476725,0.080278514064169,0.28248476578503384,False
中证500ETF嘉实,12月,2.8,3.117,2026-12-23,202612,rule_fourth_wednesday,medium,97.0,69.0,929605.8676401,-1796812.91699148,-867207.04935138,2726418.78463158,1855.0,3404.0,5259.0,157.0,246.0,403.0,0.1693,0.27125,0.52955,348620.6357979355,-803413.6091905476,-454792.9733926121,1152034.2449884831,-51173.69984568001,-816033.3495056998,233.7140810360985,0.4110762095762659,0.39868372775637484,0.07845201934619489,0.034555559999755944,0.4000136840796789,False
中证500ETF嘉实,12月,2.85,3.117,2026-12-23,202612,rule_fourth_wednesday,medium,97.0,69.0,257000.95993823998,-1423679.1605535597,-1166678.2006153197,1680680.1204917997,482.0,2487.0,2969.0,132.0,127.0,259.0,0.16715,0.24199999999999997,0.569,112336.7988475059,-313816.2106214159,-201479.41177391005,426153.0094689218,-2318.9406505199877,-1164359.2599647997,462.3292212722085,0.3287663751901274,0.3184103793960268,0.16246223098702467,0.1433423149117268,0.2923101405816467,False
中证500ETF嘉实,12月,2.9,3.117,2026-12-23,202612,rule_fourth_wednesday,medium,97.0,69.0,1779458.5589859001,-1950784.047243,-171325.48825709987,3730242.6062289,3166.0,3162.0,6328.0,129.0,54.0,183.0,0.16445,0.21134999999999998,0.60675,579434.3521901104,-403482.84848100005,175951.50370911031,982917.2006711104,39189.688934850004,-210515.17719194968,469.0846571410391,0.2662275424577275,0.27613412228796846,0.028911609474959875,0.023719665320581267,0.42175900545573075,False
中证500ETF嘉实,12月,2.95,3.117,2026-12-23,202612,rule_fourth_wednesday,medium,97.0,69.0,3499365.7738152,-1962823.24326735,1536542.5305478503,5462189.01708255,3239.0,3005.0,6244.0,68.0,199.0,267.0,0.22419999999999998,0.2746,0.89215,1017993.626657563,-444558.236062482,573435.390595081,1462551.862720045,-56517.81458012998,1593060.3451279802,466.4377107812559,0.2586986106534831,0.29120879120879134,0.043608547861211044,0.03827272364951188,0.471836429065948,False
中证500ETF嘉实,12月,3.0,3.117,2026-12-23,202612,rule_fourth_wednesday,medium,97.0,69.0,6017811.2969679,-2243794.07100816,3774017.2259597406,8261605.36797606,4551.0,3322.0,7873.0,122.0,60.0,182.0,0.23435,0.209,1.0281,1646270.629094575,-489989.39531010424,1156281.2337844707,2136260.0244046794,120795.16133700001,3653222.0646227403,453.7535956693523,0.24597086424249087,0.3305932809149392,0.02243435194493182,0.02020062942294085,0.5208883657058677,True
中证500ETF嘉实,12月,3.1,3.117,2026-12-23,202612,rule_fourth_wednesday,medium,97.0,69.0,8388932.77565532,-1954916.3240884799,6434016.45156684,10343849.0997438,6186.0,2872.0,9058.0,150.0,278.0,428.0,0.25915,0.08495000000000003,1.0482,2633876.3952139732,-613332.4108519672,2020543.9843620062,3247208.8060659403,14188.01496048001,6419828.436606361,346.2765578800861,0.3138544123626843,0.4235505387378143,0.060522480000216136,0.04635989524878414,0.5771019649800215,True
中证500ETF嘉实,12月,3.2,3.117,2026-12-23,202612,rule_fourth_wednesday,medium,97.0,69.0,6016270.19437872,-1571540.67693432,4444729.5174444,7587810.871313039,4694.0,2284.0,6978.0,505.0,688.0,1193.0,0.26749999999999996,-0.01730000000000001,1.0137,797178.649447797,-849642.3356878563,-52463.68624005932,1646820.9851356533,173866.52955816005,4270862.98788624,311.48582062346395,0.33657335738488403,0.4449799196787149,0.20440503470913793,0.09733014501556433,0.5678637102435657,True
中证500ETF嘉实,12月,3.3,3.117,2026-12-23,202612,rule_fourth_wednesday,medium,97.0,69.0,2604762.6189354,-876877.8518682,1727884.7670672,3481640.4708036003,2310.0,1365.0,3675.0,547.0,310.0,857.0,0.2837,-0.10320000000000001,0.9109,767672.030723472,-389264.6792932426,378407.35143022944,1156936.7100167146,417654.34677018004,1310230.42029702,482.897227480236,0.36931991365350725,0.5,0.23195138195138193,0.0072207377277932645,0.41732995341412443,False
中证500ETF嘉实,12月,3.4,3.117,2026-12-23,202612,rule_fourth_wednesday,medium,97.0,69.0,1921846.2561840601,-665426.08225665,1256420.17392741,2587272.33844071,2042.0,1133.0,3175.0,495.0,212.0,707.0,0.3011,-0.17179999999999998,0.7866,570718.6923359521,-305363.7159382282,265354.9763977239,876082.4082741803,341363.16193725,915057.0119901602,465.95923737220176,0.3779316451643453,0.46195922426653413,0.2147616297816463,-0.0650557879793191,0.3710321220858589,False
中证500ETF嘉实,12月,3.5,3.117,2026-12-23,202612,rule_fourth_wednesday,medium,97.0,69.0,3090669.486616799,-642928.33565136,2447741.150965439,3733597.822268159,4070.0,1208.0,5278.0,797.0,213.0,1010.0,0.31935,-0.22490000000000002,0.6647,860223.6841374718,-306985.6818381024,553238.0022993694,1167209.3659755741,491860.4475868198,1955880.7033786196,400.7679177683249,0.37790482146655285,0.43709016393442623,0.18607379956717707,-0.03033214864181541,0.4635396162798194,False
中证500ETF嘉实,12月,3.6,3.117,2026-12-23,202612,rule_fourth_wednesday,medium,97.0,69.0,4162540.7309305496,-896296.69662939,3266244.0343011594,5058837.427559939,6927.0,1841.0,8768.0,1254.0,210.0,1464.0,0.33545,-0.2664,0.5598000000000001,2418368.4329245505,-422782.4426134793,1995585.9903110713,2841150.8755380297,651308.7003552,2614935.3339459593,165.8479619345784,0.5263414685136844,0.4278619968635651,0.14754959515336746,-0.023622375732750306,0.5462156583211498,False
中证500ETF嘉实,12月,3.7,3.117,2026-12-23,202612,rule_fourth_wednesday,medium,97.0,69.0,1873691.3180675698,-719560.63832508,1154130.6797424897,2593251.9563926496,3943.0,1636.0,5579.0,775.0,0.0,775.0,0.3579,-0.29415,0.4709,397135.757262576,-318872.57262841123,78263.18463416479,716008.3298909873,368275.62046724994,785855.0592752397,559.5703406075337,0.3275513333327893,0.3,0.09827542480344915,0.01854287217254077,0.42563850639515527,False
中证500ETF嘉实,12月,3.8,3.117,2026-12-23,202612,rule_fourth_wednesday,medium,97.0,69.0,1375958.12510781,-328471.12273247994,1047487.00237533,1704429.24784029,3651.0,819.0,4470.0,1014.0,0.0,1014.0,0.37879999999999997,-0.31605,0.40035,428050.736372898,-149555.52822708187,278495.2081458161,577606.2645999799,382147.77837834,665339.2239969899,557.0991699432063,0.3832004230155797,0.3,0.1388660640920296,0.06851448146994706,0.3773907513773209,False
中证500ETF嘉实,12月,3.9,3.117,2026-12-23,202612,rule_fourth_wednesday,medium,97.0,69.0,1086681.3548408998,-298655.4220155,788025.9328253998,1385336.7768563998,3615.0,810.0,4425.0,2428.0,25.0,2453.0,0.39865,-0.33330000000000004,0.34445000000000003,509282.31019957195,-143379.53527193383,365902.7749276381,652661.8454715058,720647.3381397299,67378.59468566999,680.9544706855222,0.47437092554597393,0.4100547594081324,0.351255058654782,0.0825008056719304,0.3859324752594697,False
中证500ETF嘉实,12月,4.0,3.117,2026-12-23,202612,rule_fourth_wednesday,medium,97.0,69.0,1486596.1165366499,-243806.47133489992,1242789.6452017499,1730402.58787155,6055.0,718.0,6773.0,3998.0,10.0,4008.0,0.42269999999999996,-0.34415,0.3011,590841.140817396,-117250.78304275291,473590.3577746431,708091.9238601489,978175.1798924399,264614.46530931,799.5579812681088,0.43918153654192493,0.4079331941544886,0.3371041681521982,0.05098956334971609,0.4655210984289483,False
中证500ETF嘉实,12月,4.1,3.117,2026-12-23,202612,rule_fourth_wednesday,medium,97.0,69.0,6043823.88838272,-79669.42705512,5964154.461327599,6123493.31543784,29454.0,252.0,29706.0,17982.0,15.0,17997.0,0.44394999999999996,-0.3538,0.2683,1959435.0366345216,-40382.60827485313,1919052.4283596685,1999817.6449093746,3685080.5861088596,2279073.87521874,739.7494305239175,0.4155408119719457,0.41042654028436026,0.3350175576443655,0.06530986879404646,0.7413423843149124,False
中证500ETF嘉实,3月,2.75,3.117,2027-03-24,202703,rule_fourth_wednesday,medium,188.0,134.0,379739.6477028,-486914.57894448,-107174.93124168,866654.2266472799,990.0,1289.0,2279.0,121.0,383.0,504.0,0.17805,0.26215,0.3918,152880.67278407738,-155253.60119952002,-2372.9284154426423,308134.2739835974,-98264.08991844,-8910.84132324002,459.57731888558,0.3607226074784009,0.45723172628304826,0.20967589000948195,0.016269720323362505,0.23798743809174097,False
中证500ETF嘉实,3月,2.8,3.117,2027-03-24,202703,rule_fourth_wednesday,medium,188.0,134.0,420234.73661169,-827125.55732322,-406890.82071152993,1247360.29393491,1043.0,2082.0,3125.0,25.0,59.0,84.0,0.17735,0.23985,0.4118,143290.92120237355,-174800.79021240002,-31509.86901002648,318091.7114147736,-13366.456298639998,-393524.36441289,451.4217018012175,0.2761567714651534,0.46668979875086747,0.026153727839316684,0.006252094870172824,0.2488720512475553,False
中证500ETF嘉实,3月,2.85,3.117,2027-03-24,202703,rule_fourth_wednesday,medium,188.0,134.0,477482.3937495,-641927.81399814,-164445.42024864006,1119410.20774764,1135.0,1543.0,2678.0,143.0,225.0,368.0,0.17645,0.2169,0.4306,175301.06100163588,-165827.88506782803,9473.175933807855,341128.9460694639,-33447.23095140001,-130998.18929724017,437.2152191449461,0.31273205519276714,0.477570093457944,0.13590551046219818,-0.05386482154317379,0.2560072115283767,False
中证500ETF嘉实,3月,2.9,3.117,2027-03-24,202703,rule_fourth_wednesday,medium,188.0,134.0,407113.79577408003,-308454.47162712,98659.32414696005,715568.2674012,932.0,728.0,1660.0,323.0,2.0,325.0,0.1802,0.19219999999999998,0.44284999999999997,174729.64748491306,-120473.86043365771,54255.78705125535,295203.5079185708,140244.61051854,-41585.286371579976,324.9760952488668,0.4098818790713872,0.44768069039913694,0.17465688817620148,-0.004094388743281388,0.1945995220450323,False
中证500ETF嘉实,3月,2.95,3.117,2027-03-24,202703,rule_fourth_wednesday,medium,188.0,134.0,250811.28879012002,-270415.50889743003,-19604.220107310015,521226.7976875501,556.0,617.0,1173.0,102.0,8.0,110.0,0.17959999999999998,0.16835,0.4577,85069.58091976335,-69639.63266329709,15429.948256466261,154709.21358306042,42505.94506122,-62110.16516853002,426.163619699115,0.29835294459144207,0.4555880917520742,0.098209600876835,0.0008116883116883117,0.1375543011175131,False
中证500ETF嘉实,3月,3.0,3.117,2027-03-24,202703,rule_fourth_wednesday,medium,188.0,134.0,3018694.88524968,-794900.85151869,2223794.03373099,3813595.73676837,2548.0,1779.0,4327.0,467.0,480.0,947.0,0.22569999999999998,0.24035,0.83965,927335.5344586613,-310337.79929355794,616997.7351651033,1237673.3337522193,338793.65366742003,1885000.3800635696,427.2687481149601,0.34880410295584935,0.4505686789151356,0.22654775361954355,0.10913647731022386,0.4438307640876197,True
中证500ETF嘉实,3月,3.1,3.117,2027-03-24,202703,rule_fourth_wednesday,medium,188.0,134.0,3444371.86505472,-1044046.1911159797,2400325.6739387405,4488418.0561707,2676.0,2223.0,4899.0,485.0,100.0,585.0,0.24155,0.1184,0.9041,938578.4618826242,-351433.95266412455,587144.5092184996,1290012.4145467486,577294.5815532,1823031.0923855403,454.3316185179376,0.3045519650550985,0.46987509184423226,0.11311245660431406,0.026823730529706723,0.455771135664454,True
中证500ETF嘉实,3月,3.2,3.117,2027-03-24,202703,rule_fourth_wednesday,medium,188.0,134.0,1362402.6986581201,-450390.97222811996,912011.7264300002,1812793.67088624,1164.0,1038.0,2202.0,200.0,271.0,471.0,0.2712,0.03115000000000001,0.82565,275289.61746081605,-206340.9555346271,68948.66192618894,481630.57299544313,116502.18699546003,795509.5394345401,445.9622790257741,0.3300996350893755,0.3835712286593898,0.21645015195757106,0.019108444416952752,0.3092984884214919,True
中证500ETF嘉实,3月,3.3,3.117,2027-03-24,202703,rule_fourth_wednesday,medium,188.0,134.0,1811909.9318148002,-668870.29400715,1143039.6378076503,2480780.2258219505,1740.0,1565.0,3305.0,263.0,120.0,383.0,0.28285,-0.04005,0.75585,471929.6443094641,-279719.9545081562,192209.68980130786,751649.5988176203,222581.96577306,920457.6720345903,466.3001876277608,0.3393286871827501,0.3811834319526628,0.11391337079064301,-0.028326936267207992,0.34884585476767155,False
中证500ETF嘉实,3月,3.4,3.117,2027-03-24,202703,rule_fourth_wednesday,medium,188.0,134.0,1617216.94847313,-677949.1195931999,939267.82887993,2295166.0680663297,1759.0,1560.0,3319.0,194.0,100.0,294.0,0.28265,-0.10510000000000003,0.6968,394788.492140058,-295693.53544607694,99094.95669398108,690482.027586135,134904.47921658,804363.34966335,449.5521626198687,0.3401374324691675,0.40973971452560876,0.08719625078351628,-0.02925460722742716,0.33756628534266253,False
中证500ETF嘉实,3月,3.5,3.117,2027-03-24,202703,rule_fourth_wednesday,medium,188.0,134.0,1182884.74712244,-552377.7255438,630507.02157864,1735262.47266624,1516.0,1443.0,2959.0,86.0,44.0,130.0,0.31325,-0.1472,0.59855,263418.13365998404,-244538.9267276099,18879.20693237413,507957.0603875939,50259.84213834001,580247.1794403001,432.9564032919696,0.33269683007494205,0.3501534265257415,0.043610131341002056,0.016337383865850895,0.281656936629139,False
中证500ETF嘉实,3月,3.6,3.117,2027-03-24,202703,rule_fourth_wednesday,medium,188.0,134.0,535736.49911082,-260900.64318905998,274835.85592176,796637.14229988,818.0,714.0,1532.0,286.0,1.0,287.0,0.32535,-0.18720000000000003,0.5251,182071.81754622,-116505.73077731447,65566.08676890553,298577.5483235345,186945.88724685,87889.96867491002,429.5884092846048,0.3932027016505492,0.35029940119760467,0.17551690602891523,0.008706467661691543,0.19414364512894147,False
中证500ETF嘉实,3月,3.7,3.117,2027-03-24,202703,rule_fourth_wednesday,medium,188.0,134.0,605874.5437862701,-250636.21207434,355238.3317119301,856510.75586061,1111.0,722.0,1833.0,531.0,1.0,532.0,0.33885,-0.2186,0.45930000000000004,260899.11358382608,-115131.16981206175,145767.94377176435,376030.2833958878,289229.26054770005,66009.07116423003,313.60106762264195,0.44498571316803137,0.35056403450564044,0.23966641816536224,0.06010939265566315,0.23201215190401508,False
深证100ETF易方达,9月,3.0,3.44,2026-09-23,202609,rule_fourth_wednesday,medium,6.0,4.0,379.85855999999995,-331825.97760000004,-331446.11904,332205.83616000006,214.0,3595.0,3809.0,5.0,7555.0,7560.0,0.19524999999999998,0.4975,0.03975,109.81425570145883,-195438.8876274795,-195329.07337177804,195548.70188318097,-331817.10240000003,370.98335999999995,2200.1583173131285,0.43903627851574684,0.7894977168949772,1.0624471943119338,0.061445396067436236,0.30251250032405047,False
深证100ETF易方达,9月,3.1,3.44,2026-09-23,202609,rule_fourth_wednesday,medium,6.0,4.0,4372.041856,-545686.7018879999,-541314.6600319999,550058.7437439999,98.0,3209.0,3307.0,0.0,1183.0,1183.0,0.1585,0.49535,0.0907,1870.824216619299,-95018.75268607998,-93147.92846946069,96889.57690269928,-201167.76825599995,-340146.8917759999,1536.129996421732,0.3010166130512217,0.6,0.18432533499532563,0.008235666772252138,0.2534685214102027,False
深证100ETF易方达,9月,3.2,3.44,2026-09-23,202609,rule_fourth_wednesday,medium,6.0,4.0,105872.14246399999,-863860.1368319999,-757987.9943679998,969732.2792959999,242.0,1449.0,1691.0,42.0,397.0,439.0,0.1421,0.4758,0.43674999999999997,36757.27958580189,-209854.222336,-173096.94275019813,246611.5019218019,-218307.67283199995,-539680.3215359999,2772.8260231342847,0.2950558604218995,0.49338842975206604,0.22376788779950835,0.10391461657284441,0.22934359423693487,False
深证100ETF易方达,9月,3.3,3.44,2026-09-23,202609,rule_fourth_wednesday,medium,6.0,4.0,945961.180288,-7813143.393536,-6867182.213248,8759104.573824,547.0,4199.0,4746.0,182.0,1148.0,1330.0,0.24359999999999998,0.3988,1.5169000000000001,388530.4514404404,-1867297.5782010586,-1478767.1267606183,2255828.029641499,-1821357.1837439998,-5045825.029504,420.4556038687603,0.32485999230676976,0.9422073513723208,0.30306118850444497,-0.004359015290097678,0.5485421557822574,True
深证100ETF易方达,9月,3.4,3.44,2026-09-23,202609,rule_fourth_wednesday,medium,6.0,4.0,5385090.31808,-13105010.622528,-7719920.304448,18490100.940608,1310.0,3357.0,4667.0,871.0,1572.0,2443.0,0.22699999999999998,0.16115,3.38635,3323944.4961725734,-7467685.473854249,-4143740.977681676,10791629.970026823,-2556283.6217599995,-5163636.682688001,291.36274460485924,0.5935419527037815,0.765962984384037,0.5665803709691724,-0.008866615350395554,0.6282768026401532,True
深证100ETF易方达,9月,3.5,3.44,2026-09-23,202609,rule_fourth_wednesday,medium,6.0,4.0,15418725.916416002,-6644246.182783999,8774479.733632004,22062972.099200003,3862.0,1754.0,5616.0,2174.0,602.0,2776.0,0.22305,-0.19745000000000001,3.2874499999999998,9721531.975626742,-2830463.200668287,6891068.774958456,12551995.176295029,6399112.685440002,2375367.048192002,274.55252918288,0.5282518980911404,0.5873424583276866,0.4530681369269442,0.06694321794122193,0.6637723225206039,True
深证100ETF易方达,9月,3.6,3.44,2026-09-23,202609,rule_fourth_wednesday,medium,6.0,4.0,4843396.03616,-2621648.8780799997,2221747.15808,7465044.914239999,3245.0,1412.0,4657.0,1517.0,196.0,1713.0,0.24285,-0.4051,1.4151500000000001,2079849.2850090691,-702000.6437706841,1377848.6412383849,2781849.9287797534,1900320.0748160002,321427.0832639998,382.4974038002749,0.3485951387050962,0.4884778653729534,0.30314932102995673,0.011637677899813821,0.5406398897625115,True
深证100ETF易方达,9月,3.7,3.44,2026-09-23,202609,rule_fourth_wednesday,medium,6.0,4.0,2029396.13184,-544966.7456639999,1484429.3861759999,2574362.877504,5632.0,561.0,6193.0,699.0,249.0,948.0,0.2907,-0.45765,0.5627,506628.36672,-171614.6519072921,335013.71481270785,678243.0186272921,9989.215104000003,1474440.171072,2176.049526020506,0.2822766853651581,0.48396946564885485,0.28398124164438504,-0.14367990331349278,0.4395281949288208,False
深证100ETF易方达,9月,3.8,3.44,2026-09-23,202609,rule_fourth_wednesday,medium,6.0,4.0,295267.25376,-50199.551232,245067.702528,345466.804992,3585.0,318.0,3903.0,3159.0,60.0,3219.0,0.26955,-0.49545,0.10149999999999999,123756.92482560001,-17887.09375799316,105869.83106760685,141644.01858359316,250709.489664,-5641.787135999999,7699.469940019528,0.3877275399977455,0.9994397759103641,0.5349253967000869,-0.10420297506856269,0.2780838641367282,False
深证100ETF易方达,9月,3.9,3.44,2026-09-23,202609,rule_fourth_wednesday,medium,6.0,4.0,128164.278144,-116945.552,11218.726144,245109.830144,1446.0,250.0,1696.0,100.0,1.0,101.0,0.43279999999999996,-0.47405,0.23509999999999998,13798.488811520001,-33001.26678899244,-19202.77797747244,46799.75560051244,8395.584192,2823.1419520000054,5199.629104396204,0.19492797512757334,0.789382448537378,0.036578146611341636,0.02089337175792507,0.11098189430953054,False
深证100ETF易方达,9月,4.0,3.44,2026-09-23,202609,rule_fourth_wednesday,medium,6.0,4.0,43278.788608,-33656.88844799999,9621.900160000012,76935.67705599999,1039.0,207.0,1246.0,193.0,0.0,193.0,0.422,-0.4931,0.0863,11871.46752,-9422.962741195375,2448.504778804625,21294.430261195375,8039.274496000001,1582.6256640000138,400.0358776571888,0.27713675577061825,0.6,0.09287776708373437,0.024747474747474747,0.07332952980435845,False
深证100ETF易方达,9月,4.1,3.44,2026-09-23,202609,rule_fourth_wednesday,medium,6.0,4.0,35956.275263999996,-52116.831104000004,-16160.555840000008,88073.10636800001,1113.0,169.0,1282.0,32.0,29.0,61.0,0.5656,-0.4788,0.14395,1721.0142370909086,-18186.4335213456,-16465.41928425469,19907.44775843651,-7909.341568,-8251.214272000012,3533.135809972397,0.19840958811593512,0.7919915382290721,0.1001743781134202,0.01432532347504621,0.06344569806348126,False
深证100ETF易方达,9月,4.2,3.44,2026-09-23,202609,rule_fourth_wednesday,medium,6.0,4.0,23981.618752000002,-28423.360511999996,-4441.7417599999935,52404.979263999994,917.0,144.0,1061.0,383.0,3.0,386.0,0.5938,-0.48724999999999996,0.09445,4463.318357333334,-8194.801879919416,-3731.4835225860825,12658.12023725275,9424.160704,-13865.902463999992,3533.346535524897,0.23721317506972248,0.7961806927433162,0.21924981824790984,0.06572304363505228,0.08136430759116757,False
深证100ETF易方达,9月,4.3,3.44,2026-09-23,202609,rule_fourth_wednesday,medium,6.0,4.0,28087.167935999994,-18165.759359999996,9921.408575999998,46252.927295999994,1297.0,119.0,1416.0,168.0,0.0,168.0,0.6429,-0.4898,0.07365000000000001,3327.726656,-5077.612159761501,-1749.8855037615012,8405.3388157615,3638.121983999999,6283.286592,7978.080561054823,0.19899704348887415,0.6,0.06476484194294525,0.001934984520123839,0.0655552609921043,False
深证100ETF易方达,9月,4.4,3.44,2026-09-23,202609,rule_fourth_wednesday,medium,6.0,4.0,50729.223168,-5239.208064,45490.015104,55968.431231999995,2748.0,47.0,2795.0,1851.0,0.0,1851.0,0.6825000000000001,-0.49245,0.054900000000000004,20431.988428800003,-1467.765820904724,18964.22260789528,21899.754249704725,34170.230015999994,11319.785087999999,5199.906049376273,0.3414579843708891,0.6,0.33679039301310043,0.13996273870517,0.1715582696844784,False
深证100ETF易方达,9月,4.5,3.44,2026-09-23,202609,rule_fourth_wednesday,medium,6.0,4.0,30113.553599999996,-12213.221887999998,17900.331712,42326.77548799999,1885.0,152.0,2037.0,1063.0,0.0,1063.0,0.71875,-0.4945,0.0407,9302.185871999998,-3419.147690988679,5883.0381810113195,12721.333562988677,16981.807679999998,918.5240319999994,5200.02837281884,0.2944291143001892,0.6,0.2819628647214854,0.09538850284270373,0.13745367875513953,False
深证100ETF易方达,9月,4.6,3.44,2026-09-23,202609,rule_fourth_wednesday,medium,6.0,4.0,55575.319039999995,-1603.689472,53971.629568,57179.00851199999,3980.0,14.0,3994.0,2200.0,0.0,2200.0,0.82205,-0.49035,0.0543,12630.012203323075,-449.67510912104916,12180.337094202025,13079.687312444124,30720.025599999994,23251.603968000003,7342.606916359019,0.25382986809451713,0.6,0.27638190954773867,0.04356733133023764,0.21085946968316133,False
深证100ETF易方达,10月,3.0,3.44,2026-10-28,202610,rule_fourth_wednesday,medium,41.0,29.0,521.3884159999999,-269614.37567999994,-269092.98726399994,270135.76409599994,1.0,598.0,599.0,1.0,492.0,493.0,0.14315,0.4168,0.4108,354.31099159012575,-201638.85305957333,-201284.54206798322,201993.16405116345,-221301.81030399996,-47791.17695999999,251.04088103102242,0.7137157901584597,0.4064367816091954,0.9113712374581939,0.995,0.12538281451082073,False
深证100ETF易方达,10月,3.1,3.44,2026-10-28,202610,rule_fourth_wednesday,medium,41.0,29.0,52358.118208,-954981.9335679997,-902623.8153599998,1007340.0517759997,73.0,1352.0,1425.0,8.0,398.0,406.0,0.14075,0.36169999999999997,0.6014999999999999,17022.17487120317,-581670.0050944001,-564647.830223197,598692.1799656033,-275388.4624639999,-627235.3528959998,225.44990641110104,0.4671002894019344,0.3808571428571428,0.20198386966037124,0.09384436982098422,0.22482054876418822,False
深证100ETF易方达,10月,3.2,3.44,2026-10-28,202610,rule_fourth_wednesday,medium,41.0,29.0,68845.51808,-938264.1335039999,-869418.615424,1007109.6515839999,76.0,942.0,1018.0,42.0,275.0,317.0,0.13975,0.28575,0.8036,34460.615962746306,-358458.92413654196,-323998.30817379564,392919.5400992883,-235863.17343999998,-633555.4419839999,409.51923930227736,0.4412973362372485,0.26865963266901144,0.4222818191976757,0.4514032073310424,0.20230327614451066,False
深证100ETF易方达,10月,3.3,3.44,2026-10-28,202610,rule_fourth_wednesday,medium,41.0,29.0,404746.39584,-936412.766784,-531666.370944,1341159.162624,263.0,737.0,1000.0,115.0,133.0,248.0,0.2392,0.23459999999999998,1.1871,184907.83258861603,-338731.1943088562,-153823.36172024018,523639.0268974722,7994.070144000027,-539660.4410880001,351.15087917241,0.4092907007546407,0.2422525983097195,0.3088618435647549,0.20266439909297052,0.22892831492818766,True
深证100ETF易方达,10月,3.4,3.44,2026-10-28,202610,rule_fourth_wednesday,medium,41.0,29.0,953823.1874559999,-719224.9075199999,234598.279936,1673048.0949759998,488.0,499.0,987.0,479.0,193.0,672.0,0.23615,0.10105,1.43485,642829.8541267386,-508004.6067654191,134825.2473613195,1150834.4608921576,658055.017408,-423456.7374719999,229.41205996519886,0.6901365368565147,0.17738693467336697,0.6841654620716844,0.3041201555248965,0.28461997696120467,True
深证100ETF易方达,10月,3.5,3.44,2026-10-28,202610,rule_fourth_wednesday,medium,41.0,29.0,2373224.219904,-1097200.0317439998,1276024.1881600001,3470424.2516479995,1212.0,764.0,1976.0,904.0,137.0,1041.0,0.2427,-0.04364999999999997,1.43415,1323003.6951239733,-386593.9404486134,936409.7546753599,1709597.6355725867,1573378.415616,-297354.22745599994,412.6629186412117,0.4549084569243296,0.3084690553745928,0.4625969795932473,0.011495472083372005,0.38711639803198633,True
深证100ETF易方达,10月,3.6,3.44,2026-10-28,202610,rule_fourth_wednesday,medium,41.0,29.0,1113252.073472,-200096.235776,913155.837696,1313348.309248,664.0,158.0,822.0,437.0,61.0,498.0,0.2554,-0.16829999999999998,1.2435,880602.705929709,-86613.30631581685,793989.3996138922,967216.0122455258,655415.0595839999,257740.77811200003,246.12930837190427,0.6119382491999907,0.41544281263907434,0.5221042397437853,0.04507191892775416,0.24605710886100737,True
深证100ETF易方达,10月,3.7,3.44,2026-10-28,202610,rule_fourth_wednesday,medium,41.0,29.0,1085222.0618240002,-101697.011712,983525.0501120002,1186919.0735360002,859.0,96.0,955.0,495.0,16.0,511.0,0.27205,-0.261,0.9814,657700.6583825448,-41385.79817497683,616314.8602075679,699086.4565575216,608411.2903680002,375113.75974400004,302.60225320291363,0.5065018218070909,0.47847358121330724,0.3714590609235545,0.135853620474407,0.24185551139555234,False
深证100ETF易方达,10月,3.8,3.44,2026-10-28,202610,rule_fourth_wednesday,medium,41.0,29.0,538838.2425599999,-87372.43891199998,451465.80364799994,626210.681472,617.0,99.0,716.0,432.0,37.0,469.0,0.2863,-0.32794999999999996,0.7419,412188.04033381277,-37550.93077869967,374637.1095551131,449738.97111251246,344619.755904,106846.04774399998,271.7642609852554,0.5973684808701295,0.49489926039275695,0.5369497241458344,0.1453269428277987,0.17142688112512788,False
深证100ETF易方达,10月,3.9,3.44,2026-10-28,202610,rule_fourth_wednesday,medium,41.0,29.0,551788.461056,-18937.31008,532851.150976,570725.7711359999,952.0,26.0,978.0,401.0,4.0,405.0,0.3094,-0.36715,0.5526500000000001,166541.19517866668,-6452.241500462719,160088.95367820395,172993.4366791294,229510.068608,303341.08236799994,460.2543985577413,0.32126828386090434,0.47386831275720165,0.2875323206205559,0.14783673034963546,0.166796846774862,False
深证100ETF易方达,10月,4.0,3.44,2026-10-28,202610,rule_fourth_wednesday,medium,41.0,29.0,200258.82943999994,-16553.668031999998,183705.16140799996,216812.49747199993,530.0,27.0,557.0,57.0,0.0,57.0,0.33475,-0.39135000000000003,0.41869999999999996,48666.67402239999,-4617.766493028849,44048.907529371136,53284.44051542884,21537.270335999994,162167.89107199997,545.4792754540238,0.26098808256456235,0.3,0.05377358490566038,0.05555555555555555,0.06458610823720923,False
深证100ETF易方达,12月,3.0,3.44,2026-12-23,202612,rule_fourth_wednesday,medium,97.0,69.0,59765.833472,-195447.87935999996,-135682.04588799996,255213.71283199996,124.0,381.0,505.0,199.0,659.0,858.0,0.15749999999999997,0.32115,0.4204,35859.50008320001,-117268.72761599999,-81409.22753279998,153128.22769919998,-135682.04588799996,0.0,614.2156112714719,0.6000000000000001,0.24539739559946128,1.667248751164169,0.4172745358090186,0.13939799977766504,False
深证100ETF易方达,12月,3.1,3.44,2026-12-23,202612,rule_fourth_wednesday,medium,97.0,69.0,29541.635711999992,-341496.040512,-311954.40479999996,371037.676224,54.0,557.0,611.0,25.0,105.0,130.0,0.15794999999999998,0.26944999999999997,0.49019999999999997,11379.000422399997,-94049.3583744,-82670.357952,105428.3587968,-50698.69248,-261255.71232,664.47243680673,0.3302945674579427,0.184157282480706,0.3257364186448567,0.3578828292450584,0.10636282962030448,False
深证100ETF易方达,12月,3.2,3.44,2026-12-23,202612,rule_fourth_wednesday,medium,97.0,69.0,200686.73241599998,-547812.1347839999,-347125.4023679999,748498.8671999999,213.0,774.0,987.0,81.0,203.0,284.0,0.23345,0.29460000000000003,0.6971499999999999,70664.3424,-167033.15737599996,-96368.81497599997,237697.49977599995,-67359.33625599997,-279766.0661119999,668.0799222280345,0.32851111838992614,0.15763883946106522,0.3212777959748153,0.43608647450110866,0.17547647950399145,False
深证100ETF易方达,12月,3.3,3.44,2026-12-23,202612,rule_fourth_wednesday,medium,97.0,69.0,428963.26655999996,-439672.55622399994,-10709.289663999982,868635.8227839998,354.0,583.0,937.0,0.0,65.0,65.0,0.252,0.19475,0.83065,85792.653312,-107542.54977279999,-21749.896460799995,193335.20308479998,-49020.09632,38310.80665600003,665.6920963344979,0.22229845626072042,0.5303988995873454,0.05574614065180103,0.028079710144927536,0.1588546734525127,True
深证100ETF易方达,12月,3.4,3.44,2026-12-23,202612,rule_fourth_wednesday,medium,97.0,69.0,487574.377344,-548866.508544,-61292.1312,1036440.885888,369.0,684.0,1053.0,51.0,45.0,96.0,0.257,0.10145000000000001,0.8973500000000001,124470.2068992,-124217.1571968,253.04970239999238,248687.364096,31278.689856000005,-92570.82105600002,664.7489771457783,0.24080017115960634,0.2735748534896112,0.10200042789901584,0.06813343277510339,0.18746252819447756,True
深证100ETF易方达,12月,3.5,3.44,2026-12-23,202612,rule_fourth_wednesday,medium,97.0,69.0,243877.47904,-200991.32928,42886.14976,444868.80832,191.0,252.0,443.0,0.0,32.0,32.0,0.26944999999999997,0.012149999999999994,0.8765000000000001,48775.49580800001,-50407.349248,-1631.8534399999917,99182.845056,-25522.708479999998,68408.85824,663.3625986520009,0.2253968253968254,0.651141924959217,0.06349206349206349,0.06,0.09710186502790662,True
深证100ETF易方达,12月,3.6,3.44,2026-12-23,202612,rule_fourth_wednesday,medium,97.0,69.0,368712.49215999997,-251656.29599999997,117056.19615999999,620368.78816,310.0,321.0,631.0,0.0,142.0,142.0,0.27615,-0.06864999999999999,0.8338000000000001,73742.498432,-94861.096,-21118.597568000012,168603.594432,-111324.59199999999,228380.78816,667.2480734308278,0.28847352024922124,0.6909983633387888,0.22118380062305296,0.2328767123287671,0.13464155441651374,True
深证100ETF易方达,12月,3.7,3.44,2026-12-23,202612,rule_fourth_wednesday,medium,97.0,69.0,621379.022592,-386744.2951679999,234634.72742400004,1008123.3177599999,573.0,524.0,1097.0,65.0,1.0,66.0,0.2827,-0.14155,0.77005,152471.0132224,-77644.08368639999,74826.92953600003,230115.0969088,69749.96012799999,164884.76729599998,666.6813645267146,0.22306928846435664,0.43580901856763926,0.05767322116089152,0.02281021897810219,0.17707333154054672,False
深证100ETF易方达,12月,3.8,3.44,2026-12-23,202612,rule_fourth_wednesday,medium,97.0,69.0,644305.79424,-127872.10656,516433.68768,772177.9008,705.0,177.0,882.0,5.0,4.0,9.0,0.28415,-0.20425,0.6914,130688.976704,-26730.327360000003,103958.649344,157419.304064,1679.7795199999991,514753.90816,667.1584679451621,0.2059382137276115,0.42940370116518156,0.01484553431902873,0.015132122213047067,0.13989726894886093,False
深证100ETF易方达,12月,3.9,3.44,2026-12-23,202612,rule_fourth_wednesday,medium,97.0,69.0,704256.58688,-105567.663936,598688.922944,809824.2508159999,917.0,161.0,1078.0,12.0,6.0,18.0,0.296,-0.25185,0.60155,23808.019840000004,-22687.2122496,1120.8075904000034,46495.2320896,5281.809023999998,593407.1139199999,666.7418928686627,0.12435636053292874,0.46056934025774193,0.02517661561803613,0.01935483870967742,0.1521303982645505,False
深证100ETF易方达,12月,4.0,3.44,2026-12-23,202612,rule_fourth_wednesday,medium,97.0,69.0,230380.78489599997,-85414.688128,144966.096768,315795.47302399995,362.0,154.0,516.0,91.0,53.0,144.0,0.32845,-0.27745,0.50325,69241.5176704,-28841.323264,40400.194406400005,98082.84093440001,28517.437631999997,116448.65913599997,660.0862293160408,0.3191074119250915,0.4723931219435241,0.2977685298127287,-0.03382540001338957,0.09421333080745313,False
深证100ETF易方达,12月,4.1,3.44,2026-12-23,202612,rule_fourth_wednesday,medium,97.0,69.0,321063.55507199996,-33936.871424,287126.68364799995,355000.426496,624.0,64.0,688.0,156.0,7.0,163.0,0.3172,-0.32480000000000003,0.44145,96319.0665216,-8272.1124096,88046.954112,104591.1789312,76554.04345599998,210572.64019199996,597.2897472517197,0.27187500000000003,0.49699140401146136,0.1796875,0.024311520641366026,0.1072828905095283,False
深证100ETF易方达,12月,4.2,3.44,2026-12-23,202612,rule_fourth_wednesday,medium,97.0,69.0,181767.409408,-48369.484992,133397.92441600002,230136.8944,436.0,101.0,537.0,45.0,2.0,47.0,0.33089999999999997,-0.34775,0.3785,43857.6409856,-10057.021632,33800.61935360001,53914.6626176,17802.586176000004,115595.33824000001,583.3977748128483,0.22460259787446635,0.4850708502024291,0.06150649468616587,0.03413947163947164,0.06566835062580136,False
深证100ETF易方达,12月,4.3,3.44,2026-12-23,202612,rule_fourth_wednesday,medium,97.0,69.0,123865.84127999996,-36545.23353599999,87320.60774399998,160411.07481599995,370.0,86.0,456.0,33.0,0.0,33.0,0.3701,-0.34905,0.32099999999999995,29192.16583679999,-7309.046707199999,21883.119129599992,36501.212543999995,11047.493951999997,76273.11379199999,587.024000243389,0.21783783783783783,0.3,0.0445945945945946,0.01675977653631285,0.04790875521859102,False
深证100ETF易方达,12月,4.4,3.44,2026-12-23,202612,rule_fourth_wednesday,medium,97.0,69.0,144059.761344,-25490.757759999997,118569.003584,169550.519104,537.0,65.0,602.0,44.0,0.0,44.0,0.38555,-0.36274999999999996,0.27905,27771.073546240004,-5098.151551999999,22672.921994240005,32869.22509824,11803.779327999999,106765.224256,743.0286603125394,0.19638733705772815,0.3,0.040968342644320296,0.001869158878504673,0.056136965419359544,False
深证100ETF易方达,12月,4.5,3.44,2026-12-23,202612,rule_fourth_wednesday,medium,97.0,69.0,239860.090176,-141232.595968,98627.49420799999,381092.68614400004,1101.0,388.0,1489.0,680.0,0.0,680.0,0.40190000000000003,-0.373,0.24585,107229.00670720001,-28246.519193600005,78982.4875136,135475.5259008,148142.47168000002,-49514.97747200001,677.8681443083983,0.3235240690281562,0.3,0.30881017257039056,-0.030690537084398978,0.18254547750192385,False
深证100ETF易方达,12月,4.6,3.44,2026-12-23,202612,rule_fourth_wednesday,medium,97.0,69.0,977529.4383359998,-13594.43968,963934.9986559999,991123.8780159998,5326.0,40.0,5366.0,11380.0,0.0,11380.0,0.41955,-0.38045,0.22115,726957.049380571,-2868.2736577651804,724088.7757228059,729825.3230383361,977529.4383359998,-13594.43968,314.0540252154617,0.4773282083990592,0.3,1.068343972962824,0.05009295600082628,0.4102828312235498,False
深证100ETF易方达,3月,3.0,3.44,2027-03-24,202703,rule_fourth_wednesday,medium,188.0,134.0,8680.300608,-10184.469503999997,-1504.1688959999974,18864.770112,21.0,24.0,45.0,31.0,43.0,74.0,0.16334999999999997,0.28415,0.35395,5208.1803648000005,-4431.793550393607,776.3868144063936,9639.973915193608,-1504.1688959999974,0.0,569.0090106394323,0.5175760626831374,0.534337879037053,1.6339285714285716,0.2212121212121212,0.012631565523065713,False
深证100ETF易方达,3月,3.1,3.44,2027-03-24,202703,rule_fourth_wednesday,medium,188.0,134.0,7720.950655999999,-73568.30784,-65847.357184,81289.258496,17.0,159.0,176.0,1.0,1.0,2.0,0.1668,0.24075,0.38739999999999997,1725.8595584,-14898.739072,-13172.8795136,16624.5986304,-8.520192000000065,-65838.836992,667.7903493190115,0.2130225675175731,0.5134178615159775,0.032556418793932666,-0.003125,0.026883924789944696,False
深证100ETF易方达,3月,3.2,3.44,2027-03-24,202703,rule_fourth_wednesday,medium,188.0,134.0,37995.322879999985,-52552.544256,-14557.221376000016,90547.86713599999,46.0,108.0,154.0,0.0,0.0,0.0,0.24255,0.2673,0.5546,7599.064575999997,-10510.5088512,-2911.444275200003,18109.573427199997,0.0,-14557.221376000016,667.3162627234165,0.2,0.6,0.0,0.0,0.028921350037504606,False
深证100ETF易方达,3月,3.3,3.44,2027-03-24,202703,rule_fourth_wednesday,medium,188.0,134.0,49367.41247999999,-57695.54515199999,-8328.132672,107062.95763199998,51.0,109.0,160.0,0.0,30.0,30.0,0.24875000000000003,0.19035,0.6326499999999999,9873.482495999999,-17890.912166399998,-8017.429670399999,27764.394662399995,-15879.507839999998,7551.375167999999,666.5264344069865,0.25504587155963304,0.7666816749212066,0.13761467889908258,-0.05327868852459016,0.03832311506816743,True
深证100ETF易方达,3月,3.4,3.44,2027-03-24,202703,rule_fourth_wednesday,medium,188.0,134.0,34605.469824,-44100.277120000006,-9494.807296000006,78705.74694400001,34.0,83.0,117.0,0.0,0.0,0.0,0.26175,0.11849999999999997,0.65455,6921.0939648,-8820.055424000002,-1898.9614592000016,15741.149388800002,0.0,-9494.807296000006,665.6703023109383,0.2,0.6,0.0,0.0,0.022169322258973286,True
深证100ETF易方达,3月,3.5,3.44,2027-03-24,202703,rule_fourth_wednesday,medium,188.0,134.0,28554.950144000002,-31739.371904,-3184.4217599999974,60294.322048,28.0,59.0,87.0,0.0,0.0,0.0,0.26815,0.052049999999999985,0.6582,5710.990028800001,-6347.8743808,-636.8843519999991,12058.8644096,0.0,-3184.4217599999974,665.9272610713404,0.2,0.6,0.0,0.0,0.015940854689866054,True
深证100ETF易方达,3月,3.6,3.44,2027-03-24,202703,rule_fourth_wednesday,medium,188.0,134.0,59165.63328,-47017.25952,12148.373760000002,106182.8928,60.0,88.0,148.0,0.0,0.0,0.0,0.27465,-0.009700000000000014,0.6424000000000001,11833.126656,-9403.451904,2429.674752000001,21236.57856,0.0,12148.373760000002,665.9890520592714,0.2,0.6,0.0,0.0,0.032192018910539,True
深证100ETF易方达,3月,3.7,3.44,2027-03-24,202703,rule_fourth_wednesday,medium,188.0,134.0,50009.26694399999,-50030.567424,-21.300480000012612,100039.83436799998,54.0,96.0,150.0,0.0,0.0,0.0,0.2818,-0.06575000000000003,0.6114999999999999,10001.853388799998,-10006.1134848,-4.260096000001795,20007.9668736,0.0,-21.300480000012612,664.3592080169312,0.2,0.6,0.0,0.0,0.030988463403210056,False
深证100ETF易方达,3月,3.8,3.44,2027-03-24,202703,rule_fourth_wednesday,medium,188.0,134.0,59425.97248,-21585.196416,37840.776064,81011.16889599999,70.0,43.0,113.0,0.0,0.0,0.0,0.28955,-0.11565,0.5708,11885.194496,-4317.0392832,7568.1552128,16202.2337792,0.0,37840.776064,663.65264808135,0.2,0.6,0.0,0.0,0.022509319907925717,False
深证100ETF易方达,3月,3.9,3.44,2027-03-24,202703,rule_fourth_wednesday,medium,188.0,134.0,9908.628288,-11001.224575999999,-1092.5962879999988,20909.852864,13.0,23.0,36.0,0.0,0.0,0.0,0.29835,-0.15879999999999997,0.52415,1981.7256576,-2200.2449152,-218.51925759999995,4181.9705728,0.0,-1092.5962879999988,666.6198358118413,0.2,0.6,0.0,0.0,0.003483919551651584,False
深证100ETF易方达,3月,4.0,3.44,2027-03-24,202703,rule_fourth_wednesday,medium,188.0,134.0,23388.518719999996,-9999.628671999999,13388.890047999997,33388.147392,35.0,22.0,57.0,3.0,0.0,3.0,0.30965,-0.19285000000000002,0.4744,5479.5958144,-1999.9257343999998,3479.67008,7479.521548799999,2004.7301759999998,11384.159871999997,665.0868878357032,0.21714285714285714,0.3,0.04285714285714286,0.046875,0.006997527221448708,False
深证100ETF易方达,3月,4.1,3.44,2027-03-24,202703,rule_fourth_wednesday,medium,188.0,134.0,18202.680191999996,-2145.4316799999997,16057.248511999996,20348.111871999994,31.0,5.0,36.0,8.0,0.0,8.0,0.319,-0.22474999999999998,0.4294,5519.522380799999,-429.08633599999996,5090.436044799999,5948.6087167999995,4697.465855999999,11359.782655999998,658.1794718297335,0.25161290322580643,0.3,0.12903225806451613,0.034482758620689655,0.00409910476166694,False
深证100ETF易方达,3月,4.2,3.44,2027-03-24,202703,rule_fourth_wednesday,medium,188.0,134.0,175978.412288,-16762.886079999997,159215.526208,192741.298368,346.0,41.0,387.0,28.0,6.0,34.0,0.32455,-0.25489999999999996,0.38765,56074.544747419706,-4333.819328,51740.72541941971,60408.364075419704,11787.922304,147427.603904,529.0858507088342,0.2885905186831538,0.4144706426259825,0.1136331594529818,0.011834319526627219,0.05586689915060593,False
创业板ETF易方达,9月,2.85,3.319,2026-09-23,202609,rule_fourth_wednesday,medium,6.0,4.0,24374.5743647,-7240520.9067114005,-7216146.3323467,7264895.481076101,1015.0,94710.0,95725.0,244.0,9678.0,9922.0,0.2157,0.4971,0.0456,8578.866135717783,-968530.0382734719,-959951.172137754,977108.9044091897,-734017.6090174001,-6482128.7233293,1560.3618496578965,0.24286243568023955,0.4916595380667238,0.17128985396437035,0.024228132987493912,0.7816763203193842,False
创业板ETF易方达,9月,2.9,3.319,2026-09-23,202609,rule_fourth_wednesday,medium,6.0,4.0,125518.86839927999,-9530663.690067519,-9405144.82166824,9656182.558466798,1928.0,75628.0,77556.0,120.0,7773.0,7893.0,0.20555,0.4944,0.08675,50984.663491716216,-840324.1556267878,-789339.4921350715,891308.8191185041,-971743.4595931199,-8433401.362075118,1247.8017585931257,0.24718090533423404,0.49547403525488326,0.08251002888784961,0.0186094790430919,0.7983105986565064,False
创业板ETF易方达,9月,2.95,3.319,2026-09-23,202609,rule_fourth_wednesday,medium,6.0,4.0,258718.58631341998,-6613123.196048848,-6354404.609735428,6871841.782362268,1674.0,27729.0,29403.0,227.0,12233.0,12460.0,0.203,0.4876,0.1784,126356.58947251034,-1696035.1210344876,-1569678.5315619772,1822391.710506998,-2882380.057586039,-3472024.552149389,527.0735967521122,0.3724295058538774,0.4951377633711507,0.2883830134748877,-0.006044071039408964,0.741572249107614,False
创业板ETF易方达,9月,3.0,3.319,2026-09-23,202609,rule_fourth_wednesday,medium,6.0,4.0,537685.9038666001,-13700847.2358695,-13163161.3320029,14238533.139736101,3537.0,39235.0,42772.0,758.0,27266.0,28024.0,0.33725,0.4851,0.2275,225342.91404385713,-3894141.0711458647,-3668798.1571020074,4119483.985189722,-9406047.6734398,-3757113.6585631,457.9710733728773,0.3516619875601541,0.8635601118359738,0.4546233253235589,0.013594655648361011,0.8451506000076987,False
创业板ETF易方达,9月,3.1,3.319,2026-09-23,202609,rule_fourth_wednesday,medium,6.0,4.0,6843392.14753084,-59265817.5441969,-52422425.396666065,66109209.69172774,6908.0,63258.0,70166.0,5450.0,47277.0,52727.0,0.17204999999999998,0.4243,0.8749,5453786.784198423,-32922921.7478812,-27469134.96368278,38376708.53207962,-38894342.63670635,-13528082.75995971,123.68583797155254,0.6762274242950179,0.7036363636363636,0.7681541404239653,0.028277624501161804,0.9373973746256581,False
创业板ETF易方达,9月,3.2,3.319,2026-09-23,202609,rule_fourth_wednesday,medium,6.0,4.0,37017296.72920356,-136660012.44334614,-99642715.71414259,173677309.1725497,17556.0,65915.0,83471.0,41451.0,105659.0,147110.0,0.28995,0.3298,1.8981,29473626.525899187,-109057979.3929962,-79584352.86709702,138531605.9188954,-99642715.71414259,0.0,75.97069701686539,0.797118179228613,0.4223252937538652,1.9820157464233565,0.04060836150217287,0.9679481564091477,True
创业板ETF易方达,9月,3.3,3.319,2026-09-23,202609,rule_fourth_wednesday,medium,6.0,4.0,200112055.78608933,-242074311.21470898,-41962255.42861965,442186367.00079834,56643.0,74695.0,131338.0,168787.0,174490.0,343277.0,0.27769999999999995,0.07585,3.0745500000000003,191618364.62158632,-197549379.42403528,-5931014.802448958,389167744.04562163,-41962255.42861965,0.0,19.994661619470293,0.8868122417189166,0.39123482472754356,2.6579359200885264,0.05416215792645774,0.989704676433526,True
创业板ETF易方达,9月,3.4,3.319,2026-09-23,202609,rule_fourth_wednesday,medium,6.0,4.0,303541715.39895254,-142727436.32018894,160814279.0787636,446269151.7191415,103521.0,51495.0,155016.0,215613.0,104872.0,320485.0,0.2853,-0.2155,2.5889499999999996,249921770.7400809,-119495069.46234919,130426701.2777317,369416840.20243007,160814279.0787636,0.0,38.479110260670915,0.8302889728637244,0.39494163424124507,2.059671016427408,0.004013453092636154,0.9922927893625009,True
创业板ETF易方达,9月,3.5,3.319,2026-09-23,202609,rule_fourth_wednesday,medium,6.0,4.0,156971910.36998996,-50283864.6620776,106688045.70791236,207255775.03206757,105679.0,32239.0,137918.0,105778.0,19703.0,125481.0,0.3204,-0.37625,1.38215,134917010.94480252,-30619060.850959472,104297950.09384304,165536071.795762,126240715.685387,-19552669.977474634,128.84720961760428,0.7342109857893411,0.4867584745762712,0.8060454956512035,0.010658291642044787,0.9802409745204175,False
创业板ETF易方达,9月,3.6,3.319,2026-09-23,202609,rule_fourth_wednesday,medium,6.0,4.0,66455682.91458024,-17991469.621728,48464213.29285224,84447152.53630824,103496.0,19080.0,122576.0,56222.0,6648.0,62870.0,0.38395,-0.43065,0.7194499999999999,20589033.813344095,-12446983.258309959,8142050.555034136,33036017.07165405,29831909.926612385,18632303.366239853,225.79351614793723,0.5008214664359278,0.4829208783548274,0.445828198385694,0.012607628351814946,0.9582877761455052,False
创业板ETF易方达,9月,3.7,3.319,2026-09-23,202609,rule_fourth_wednesday,medium,6.0,4.0,13756006.896555241,-4615530.60418935,9140476.29236589,18371537.500744592,52293.0,7913.0,60206.0,21722.0,860.0,22582.0,0.42384999999999995,-0.4621,0.38415,3032999.424337176,-1621480.9346583937,1411518.4896787824,4654480.35899557,5212485.81869796,3927990.473667931,1099.26854754441,0.28589760541106285,0.8766333478197885,0.2620360605123448,-0.020735739090299528,0.8670073646489995,False
创业板ETF易方达,9月,3.8,3.319,2026-09-23,202609,rule_fourth_wednesday,medium,6.0,4.0,7241062.882152599,-1484638.28317161,5756424.598980989,8725701.16532421,53442.0,3843.0,57285.0,11230.0,1344.0,12574.0,0.47385,-0.4753,0.23685,1182704.6669805988,-591703.7363706423,591000.9306099565,1774408.4033512413,1002378.2909341198,4754046.30804687,1241.1152382262576,0.28094189672397446,0.4919053549190535,0.27993056360779667,-0.050000662430931694,0.7919866952034968,False
创业板ETF易方达,9月,3.9,3.319,2026-09-23,202609,rule_fourth_wednesday,medium,6.0,4.0,3525819.0295744,-810525.59420592,2715293.4353684797,4336344.6237803195,30776.0,3408.0,34184.0,4262.0,1081.0,5343.0,0.52695,-0.48360000000000003,0.15995,786302.9890834956,-479429.85182162037,306873.1372618752,1265732.840905116,231176.8705036099,2484116.56486487,853.8389223800732,0.40725887510676145,0.7960344827586208,0.22783968454170128,-0.04252050627941772,0.682706622708462,False
创业板ETF易方达,9月,4.0,3.319,2026-09-23,202609,rule_fourth_wednesday,medium,6.0,4.0,1123082.50067313,-712939.39097434,410143.1096987899,1836021.89164747,24449.0,2914.0,27363.0,6865.0,929.0,7794.0,0.59475,-0.4824,0.1319,350755.996508646,-389659.35045972833,-38903.35395108233,740415.3469683743,88059.55280355996,322083.5568952298,2071.43898527482,0.4294343475630376,0.7942773294203962,0.29979717279056906,-0.0962858378935908,0.5986753152323396,False
创业板ETF易方达,9月,4.1,3.319,2026-09-23,202609,rule_fourth_wednesday,medium,6.0,4.0,1194478.6219696,-595924.57990945,598554.04206015,1790403.2018790501,17776.0,2399.0,20175.0,2258.0,1132.0,3390.0,0.71865,-0.4767,0.14325,63640.88547550914,-383037.53894697723,-319396.6534714681,446678.4244224864,-129466.03588080002,728020.0779409499,1202.3508227170576,0.34802049439355826,0.792215416028586,0.29944423944270204,-0.03293200740895927,0.541745702798671,False
创业板ETF易方达,9月,4.2,3.319,2026-09-23,202609,rule_fourth_wednesday,medium,6.0,4.0,614147.4025437001,-233180.30695668003,380967.09558702004,847327.7095003801,19562.0,1676.0,21238.0,1332.0,784.0,2116.0,0.6947000000000001,-0.4893,0.0774,114027.42869569367,-152495.86533479876,-38468.436639105086,266523.2940304924,-67259.15225292,448226.24783994,2083.205977245712,0.4198252298406139,0.797272107297113,0.26793581340668515,-0.08394240048006357,0.455677222462436,False
创业板ETF易方达,9月,4.3,3.319,2026-09-23,202609,rule_fourth_wednesday,medium,6.0,4.0,227332.70038743998,0.0,227332.70038743998,227332.70038743998,13577.0,1993.0,15570.0,566.0,133.0,699.0,0.30505,-0.49935,0.0076,39514.54186229143,0.0,39514.54186229143,39514.54186229143,9477.079503519999,217855.62088391997,3408.597775969623,0.3400442177747656,0.7862033195020748,0.054210858280922175,0.02045804636502707,0.3134533106371832,False
创业板ETF易方达,9月,4.4,3.319,2026-09-23,202609,rule_fourth_wednesday,medium,6.0,4.0,230210.01716064004,0.0,230210.01716064004,230210.01716064004,15832.0,1325.0,17157.0,3344.0,187.0,3531.0,0.32955,-0.4994,0.0066,51504.339477433525,0.0,51504.339477433525,51504.339477433525,48624.45031488001,181585.56684576004,3374.5160643499444,0.4071440407978055,0.7998142989786443,0.17617493111634425,0.08354266716746105,0.37780925990824227,False
创业板ETF易方达,9月,4.5,3.319,2026-09-23,202609,rule_fourth_wednesday,medium,6.0,4.0,266248.18942975,0.0,266248.18942975,266248.18942975,12925.0,790.0,13715.0,2517.0,137.0,2654.0,0.37495,-0.499,0.00935,45544.131677086785,0.0,45544.131677086785,45544.131677086785,51848.87371719,214399.31571256003,3397.1514306242343,0.36915853387258857,0.7822756354833131,0.1840782998310604,0.0881024819115217,0.35742871947517985,False
创业板ETF易方达,9月,4.6,3.319,2026-09-23,202609,rule_fourth_wednesday,medium,6.0,4.0,114710.4240213,-240571.88258768,-125861.45856638001,355282.30660898,10110.0,2108.0,12218.0,11404.0,260.0,11664.0,0.9414499999999999,-0.4881,0.05695,60366.578225473204,-133258.3723895638,-72891.79416409059,193624.950615037,85038.3701917,-210899.82875808002,3392.9661820685715,0.5400876011072907,0.796721823290665,0.6256658727432775,0.1127939101687684,0.40911227662854294,False
创业板ETF易方达,9月,4.7,3.319,2026-09-23,202609,rule_fourth_wednesday,medium,6.0,4.0,231969.78498039,0.0,231969.78498039,231969.78498039,22643.0,1587.0,24230.0,25459.0,163.0,25622.0,0.3989,-0.4995,0.00465,100165.5462973427,0.0,100165.5462973427,100165.5462973427,231969.78498039,0.0,3389.744702393867,0.4913149483859184,0.7926104770266316,0.6135373303845189,0.6151337001712117,0.4590088253538869,False
创业板ETF易方达,9月,4.8,3.319,2026-09-23,202609,rule_fourth_wednesday,medium,6.0,4.0,448069.38340329996,0.0,448069.38340329996,448069.38340329996,29690.0,3431.0,33121.0,39945.0,112.0,40057.0,0.4457,-0.49915,0.00685,225023.41976979093,0.0,225023.41976979093,225023.41976979093,448069.38340329996,0.0,3386.9571571504052,0.4813996367164747,0.7868980655782685,0.6890230182889567,0.09223813837357756,0.5248450621039429,False
创业板ETF易方达,10月,2.95,3.319,2026-10-28,202610,rule_fourth_wednesday,medium,41.0,29.0,165482.28678552,-17345173.601966675,-17179691.315181155,17510655.888752196,636.0,28381.0,29017.0,497.0,12147.0,12644.0,0.2616,0.42355000000000004,0.39549999999999996,128344.43714030887,-9885842.462628791,-9757498.025488483,10014186.8997691,-7294377.182555619,-9885314.132625537,122.121674703313,0.6727629177910519,0.3164376458387347,0.6047220724556844,0.5644632141513504,0.8193247051258002,False
创业板ETF易方达,10月,3.0,3.319,2026-10-28,202610,rule_fourth_wednesday,medium,41.0,29.0,917758.62981803,-13866909.832944501,-12949151.203126471,14784668.46276253,1421.0,19550.0,20971.0,274.0,12712.0,12986.0,0.2897,0.37429999999999997,0.6151,379828.22560685594,-8014031.823240068,-7634203.597633212,8393860.048846923,-8839719.248766659,-4109431.954359811,203.9895797393665,0.4958949537640748,0.28086956521739126,0.4215260676984437,0.14927833091812726,0.7831859348854759,False
创业板ETF易方达,10月,3.1,3.319,2026-10-28,202610,rule_fourth_wednesday,medium,41.0,29.0,3268186.26682275,-28921103.894349493,-25652917.62752674,32189290.161172245,3185.0,32135.0,35320.0,1678.0,18472.0,20150.0,0.29900000000000004,0.28400000000000003,0.87425,1782860.6431299213,-20236543.960677,-18453683.31754708,22019404.603806924,-14902746.074448695,-10750171.553078046,90.89527611688682,0.6226176873463314,0.16992481203007526,0.550834770599602,0.3162891445575734,0.8748081776006675,False
创业板ETF易方达,10月,3.2,3.319,2026-10-28,202610,rule_fourth_wednesday,medium,41.0,29.0,9547295.72665576,-22281658.647548757,-12734362.920892997,31828954.374204516,7526.0,20926.0,28452.0,4561.0,15224.0,19785.0,0.30345,0.1775,1.0591,6689567.65486877,-17446982.166810244,-10757414.511941474,24136549.821679015,-10424292.625887878,-2310070.2950051185,156.07673186637516,0.7418483004536256,0.024335173105870744,0.666774214866814,0.280800547342178,0.8572826306006007,True
创业板ETF易方达,10月,3.3,3.319,2026-10-28,202610,rule_fourth_wednesday,medium,41.0,29.0,38883803.3073696,-29662261.038386222,9221542.268983375,68546064.34575582,27840.0,26077.0,53917.0,26404.0,25098.0,51502.0,0.3075,0.06274999999999997,1.15025,31592477.4719039,-28862908.803212397,2729568.6686915047,60455386.275116295,8329498.060540479,892044.2084428996,18.009355107184994,0.8927678915370209,0.0,0.955438439056922,0.1450991341072111,0.9316085242038475,True
创业板ETF易方达,10月,3.4,3.319,2026-10-28,202610,rule_fourth_wednesday,medium,41.0,29.0,41390815.47052731,-21313101.6069825,20077713.863544814,62703917.07750981,30081.0,18830.0,48911.0,26702.0,13310.0,40012.0,0.3117,-0.05089999999999997,1.1383,29718847.07372745,-17062596.882927436,12656250.190800015,46781443.95665489,21676201.138227526,-1598487.2746827118,82.85458157245033,0.7592871469743975,0.1279069767441861,0.7972603639142275,0.15516109089984387,0.9224254437034004,True
创业板ETF易方达,10月,3.5,3.319,2026-10-28,202610,rule_fourth_wednesday,medium,41.0,29.0,27222708.1838588,-5892437.19146648,21330270.99239232,33115145.37532528,22124.0,5633.0,27757.0,17734.0,2883.0,20617.0,0.31985,-0.15230000000000002,1.0333,22069560.79330821,-2763070.763366325,19306490.029941887,24832631.556674533,18805205.208689325,2525065.7837029984,137.95569608341305,0.6398111200780551,0.24941451990632302,0.6566891923619637,0.19702503748314376,0.8618781680997009,False
创业板ETF易方达,10月,3.6,3.319,2026-10-28,202610,rule_fourth_wednesday,medium,41.0,29.0,19268746.0081019,-3505477.7659422397,15763268.242159659,22774223.774044137,18710.0,3847.0,22557.0,12631.0,1418.0,14049.0,0.33155,-0.23469999999999996,0.88105,11090747.44208321,-1901488.9376927149,9189258.504390495,12992236.379775925,11716090.53920003,4047177.702959629,196.77861025575243,0.5590079077097678,0.3411606341609332,0.5218462205551551,0.20850937288298035,0.8163899522451192,False
创业板ETF易方达,10月,3.7,3.319,2026-10-28,202610,rule_fourth_wednesday,medium,41.0,29.0,22916587.7238494,-1759772.8870000597,21156814.83684934,24676360.610849462,28090.0,2257.0,30347.0,19577.0,397.0,19974.0,0.3413,-0.30060000000000003,0.7242,16691046.069454452,-689503.9735546875,16001542.095899764,17380550.04300914,15661911.123622559,5494903.71322678,143.1131262684171,0.5600766231713553,0.39635316698656425,0.43641781046522243,0.10675674976333424,0.8551430252085418,False
创业板ETF易方达,10月,3.8,3.319,2026-10-28,202610,rule_fourth_wednesday,medium,41.0,29.0,12638880.507697199,-1536654.5964559999,11102225.911241198,14175535.1041532,20343.0,2350.0,22693.0,11942.0,308.0,12250.0,0.35944999999999994,-0.34495000000000003,0.5788,6979096.755243867,-496153.6702769013,6482943.084966965,7475250.425520768,7218032.450945119,3884193.4602960795,176.1091154619598,0.43753587404359295,0.44153543307086623,0.3590481121113332,0.17198788361968564,0.7834240649492186,False
创业板ETF易方达,10月,3.9,3.319,2026-10-28,202610,rule_fourth_wednesday,medium,41.0,29.0,9259718.15983215,-660008.4390541201,8599709.72077803,9919726.59888627,19905.0,1194.0,21099.0,11800.0,529.0,12329.0,0.37670000000000003,-0.37775000000000003,0.46205,3172783.857935201,-394790.31469690666,2777993.5432382943,3567574.1726321075,5196892.12774158,3402817.5930364495,311.11564683816323,0.47040158497520046,0.4678494086290187,0.5179322258112972,0.40405402893491793,0.7471029405995779,False
创业板ETF易方达,12月,2.95,3.319,2026-12-23,202612,rule_fourth_wednesday,medium,97.0,69.0,285787.3955035,-17197843.5267874,-16912056.1312839,17483630.9222909,530.0,34732.0,35262.0,98.0,10173.0,10271.0,0.29435,0.33919999999999995,0.46950000000000003,122110.91400581248,-11363247.994735613,-11241137.080729801,11485358.908741426,-4984403.2754592495,-11927652.855824651,189.4416080445578,0.544007829516366,0.13203050524308868,0.23890278988003016,0.026647754628734966,0.8245880598106101,False
创业板ETF易方达,12月,3.0,3.319,2026-12-23,202612,rule_fourth_wednesday,medium,97.0,69.0,335831.55709606,-13857527.709300797,-13521696.152204737,14193359.266396858,502.0,26428.0,26930.0,134.0,5032.0,5166.0,0.30895,0.29625,0.54165,164782.13840694766,-5094307.854008093,-4929525.715601145,5259089.99241504,-2548886.0449741795,-10972810.107230559,244.56997229664734,0.4291446330484363,0.09783169850283946,0.22866819388105214,0.1601721660278258,0.773778675831373,False
创业板ETF易方达,12月,3.1,3.319,2026-12-23,202612,rule_fourth_wednesday,medium,97.0,69.0,876907.89188324,-4515832.12878602,-3638924.23690278,5392740.02066926,1081.0,7882.0,8963.0,647.0,1421.0,2068.0,0.32155,0.22205,0.62825,562884.7935702179,-1452472.6860589932,-889587.8924887753,2015357.4796292111,-289286.33166993,-3349637.90523285,191.4484905105702,0.4817686904224424,0.0,0.3894020404105797,0.310229748869641,0.5708102868911514,False
创业板ETF易方达,12月,3.2,3.319,2026-12-23,202612,rule_fourth_wednesday,medium,97.0,69.0,2228731.67830288,-5627425.30089376,-3398693.6225908804,7856156.97919664,2536.0,9268.0,11804.0,1230.0,1472.0,2702.0,0.33165,0.148,0.6745,1118338.826299074,-2990613.4886580203,-1872274.6623589462,4108952.3149570944,187188.18289035978,-3585881.80548124,265.1991437052869,0.5166090532482284,0.08929490478641272,0.3219209205311448,0.17130127499675707,0.6364923366395921,True
创业板ETF易方达,12月,3.3,3.319,2026-12-23,202612,rule_fourth_wednesday,medium,97.0,69.0,6749220.1692636,-8413339.89877236,-1664119.7295087604,15162560.06803596,7380.0,13513.0,20893.0,2575.0,2797.0,5372.0,0.3386,0.07659999999999997,0.6977,4022902.249389778,-4807852.117844704,-784949.8684549257,8830754.367234481,613468.3910356597,-2277588.1205444215,134.28158312671198,0.5837551044231863,0.1791683652670199,0.2779509273113896,0.13987639303612628,0.7610992870656331,True
创业板ETF易方达,12月,3.4,3.319,2026-12-23,202612,rule_fourth_wednesday,medium,97.0,69.0,6171036.47244465,-4490219.93367297,1680816.5387716796,10661256.40611762,6861.0,7203.0,14064.0,2610.0,1657.0,4267.0,0.34675,0.008250000000000007,0.6912,2986625.400558809,-1828853.3622695033,1157772.0382893055,4815478.762828312,1314586.4384080698,366230.1003636103,176.8186789073822,0.4456358681591215,0.2498347653668207,0.3052270282125682,0.16689832923933487,0.6899731932773545,True
创业板ETF易方达,12月,3.5,3.319,2026-12-23,202612,rule_fourth_wednesday,medium,97.0,69.0,9180884.196708478,-3770994.9494720297,5409889.247236448,12951879.146180507,10718.0,6223.0,16941.0,2305.0,980.0,3285.0,0.35650000000000004,-0.054399999999999976,0.66385,4869172.425412694,-1927071.526684862,2942100.898727832,6796243.952097556,1380572.2788469994,4029316.968389449,192.269431791074,0.5206922734838797,0.31465400271370414,0.18626954729184697,0.11103749904863566,0.7137090125501581,False
创业板ETF易方达,12月,3.6,3.319,2026-12-23,202612,rule_fourth_wednesday,medium,97.0,69.0,5834130.32786304,-1967661.6676464002,3866468.66021664,7801791.99550944,7296.0,3383.0,10679.0,1608.0,1063.0,2671.0,0.3646,-0.11149999999999999,0.62695,1797847.8520996184,-1003382.6055411975,794465.246558421,2801230.457640816,667536.61012152,3198932.05009512,283.05692149245067,0.4090484686601664,0.3623832308042834,0.2673064432067458,0.07834000798322018,0.6263585694539083,False
创业板ETF易方达,12月,3.7,3.319,2026-12-23,202612,rule_fourth_wednesday,medium,97.0,69.0,4431310.1774699995,-711314.34591162,3719995.8315583793,5142624.52338162,6095.0,1293.0,7388.0,1188.0,23.0,1211.0,0.3742,-0.1613,0.5797,1841248.8979915981,-287813.94761207287,1553434.9503795253,2129062.845603671,851070.8650881798,2868924.9664701996,279.2295762256254,0.41006582063592045,0.4013209013209014,0.10635097676832467,0.010080245305754474,0.532018220902832,False
创业板ETF易方达,12月,3.8,3.319,2026-12-23,202612,rule_fourth_wednesday,medium,97.0,69.0,5039273.88257635,-566139.0637415501,4473134.8188348,5605412.9463179,7747.0,1105.0,8852.0,1110.0,102.0,1212.0,0.3859,-0.20375,0.5278,2075550.384533507,-253877.2234494692,1821673.1610840377,2329427.6079829764,669774.57212628,3803360.2467085198,229.5361714223572,0.430155522024139,0.4365690376569039,0.11779448123839502,0.04619975985779654,0.5535618028078823,False
创业板ETF易方达,12月,3.9,3.319,2026-12-23,202612,rule_fourth_wednesday,medium,97.0,69.0,4646976.746328001,-425975.84266886994,4221000.903659131,5072952.58899687,8100.0,897.0,8997.0,902.0,19.0,921.0,0.39775000000000005,-0.2401,0.47595,769019.7359016896,-184363.59956649973,584656.1363351899,953383.3354681893,508455.2515802701,3712545.652078861,325.86964682714586,0.2991455641766664,0.4644788773571116,0.06626987076262439,0.03192803735017488,0.5311507919893026,False
创业板ETF易方达,12月,4.0,3.319,2026-12-23,202612,rule_fourth_wednesday,medium,97.0,69.0,7653760.87730012,-373077.3872436,7280683.49005652,8026838.26454372,15331.0,845.0,16176.0,2499.0,29.0,2528.0,0.41,-0.2701,0.427,2029786.7702646162,-167006.2377439682,1862780.532520648,2196793.0080085844,1234782.6476859602,6045900.842370559,354.07377349957966,0.3564231275189277,0.4832793259883344,0.09866129615556368,0.03317289671506539,0.6579289296671232,False
创业板ETF易方达,12月,4.1,3.319,2026-12-23,202612,rule_fourth_wednesday,medium,97.0,69.0,5471031.347406071,-182371.65155071995,5288659.695855351,5653402.99895679,12673.0,446.0,13119.0,2108.0,12.0,2120.0,0.42495000000000005,-0.2938,0.38155,1034658.4626337708,-82931.18446766537,951727.2781661054,1117589.647101436,905132.91534788,4383526.780507471,312.5694356024575,0.3219265275085967,0.49918953340280187,0.09662185664307331,0.011427522550870569,0.60278482972263,False
创业板ETF易方达,12月,4.2,3.319,2026-12-23,202612,rule_fourth_wednesday,medium,97.0,69.0,4389257.39969489,-216556.20171636,4172701.1979785296,4605813.6014112495,11813.0,562.0,12375.0,1311.0,1.0,1312.0,0.42935,-0.3194,0.34355,1661033.2918340198,-98129.86885836378,1562903.422975656,1759163.1606923835,486731.95057304995,3685969.2474054797,158.45868406202294,0.41578481052493066,0.49799154334038065,0.05637939443637249,0.015574081909451889,0.5608628535135399,False
创业板ETF易方达,12月,4.3,3.319,2026-12-23,202612,rule_fourth_wednesday,medium,97.0,69.0,2103909.0059988,-139312.58400826,1964596.42199054,2243221.59000706,6552.0,383.0,6935.0,304.0,7.0,311.0,0.42469999999999997,-0.34695,0.31084999999999996,559740.3688296478,-65256.68445334465,494483.6843763031,624997.0532829924,95071.08468006,1869525.33731048,223.7935130459098,0.3672334846566326,0.4927450980392156,0.03233740440006759,0.01424069312905003,0.4011922582440396,False
创业板ETF易方达,12月,4.4,3.319,2026-12-23,202612,rule_fourth_wednesday,medium,97.0,69.0,1280140.37407629,-179723.57276393002,1100416.80131236,1459863.9468402201,4617.0,533.0,5150.0,824.0,8.0,832.0,0.44255,-0.35835,0.2789,400303.60917594517,-85403.65352478797,314899.9556511572,485707.26270073315,225770.22484720004,874646.5764651599,222.60085234882354,0.39394870133275206,0.494547729710404,0.09674012469619374,0.06468951093951093,0.36695650272831665,False
创业板ETF易方达,12月,4.5,3.319,2026-12-23,202612,rule_fourth_wednesday,medium,97.0,69.0,2173349.8297177698,-1040736.27231222,1132613.5574055498,3214086.1020299895,9013.0,3329.0,12342.0,1039.0,0.0,1039.0,0.48334999999999995,-0.3549,0.25135,1309474.6610212608,-493515.70517943153,815958.9558418293,1802990.3662006923,250539.27361330998,882074.2837922398,105.87381826367874,0.5383565317642928,0.3,0.057638965938089426,0.039055023923444974,0.5176638920929002,False
创业板ETF易方达,12月,4.6,3.319,2026-12-23,202612,rule_fourth_wednesday,medium,97.0,69.0,1464886.2525953397,-127935.28573224,1336950.9668630997,1592821.5383275796,6966.0,434.0,7400.0,1673.0,0.0,1673.0,0.4988,-0.36395,0.22925,554629.7301397977,-61524.74167418774,493104.98846560996,616154.4718139854,351816.63804076996,985134.3288223296,231.1740741153305,0.4297607119968542,0.3,0.12008326155612978,0.08488664987405542,0.4327272624859037,False
创业板ETF易方达,12月,4.7,3.319,2026-12-23,202612,rule_fourth_wednesday,medium,97.0,69.0,4200425.995736159,-99853.02653015999,4100572.9692059993,4300279.022266319,23026.0,358.0,23384.0,6547.0,0.0,6547.0,0.51325,-0.3721,0.20939999999999998,2480840.417375601,-48491.685264345026,2432348.7321112556,2529332.102639946,1194310.3011415198,2906262.6680644793,108.65559569707005,0.5381234929313801,0.3,0.14216537826804482,0.030577445965251856,0.6586841648388216,False
创业板ETF易方达,12月,4.8,3.319,2026-12-23,202612,rule_fourth_wednesday,medium,97.0,69.0,6571182.338405499,-695765.92973295,5875416.408672549,7266948.26813845,39505.0,2635.0,42140.0,49516.0,4.0,49520.0,0.5181,-0.3838,0.19535,5614109.150395614,-341263.12903838,5272846.021357235,5955372.279433994,6570126.147240819,-694709.7385682701,107.43608160185138,0.6724192561606441,0.4674721801540792,0.6274644936016794,0.08023911638564127,0.7929288224442441,False
创业板ETF易方达,3月,2.95,3.319,2027-03-24,202703,rule_fourth_wednesday,medium,188.0,134.0,198060.73899736,-1725852.38462559,-1527791.64562823,1923913.12362295,379.0,4667.0,5046.0,12.0,1174.0,1186.0,0.3139,0.28484999999999994,0.40505,85768.04971158922,-806594.4483041525,-720826.3985925632,892362.4980157417,-427873.0871858999,-1099918.55844233,258.05444919915783,0.4501995865599532,0.4067810275014328,0.14160786479819854,0.06048720708364685,0.4092912811720017,False
创业板ETF易方达,3月,3.0,3.319,2027-03-24,202703,rule_fourth_wednesday,medium,188.0,134.0,251920.31956988,-1295452.17170868,-1043531.8521388,1547372.49127856,442.0,3391.0,3833.0,37.0,372.0,409.0,0.31745,0.25859999999999994,0.4321,93142.07533644716,-564667.8920648148,-471525.81672836764,657809.9674012619,-121025.53948738001,-922506.31265142,294.84495198329876,0.40280655041278457,0.38691015906013115,0.09670627999855887,0.061825330381730145,0.3227912617582256,False
创业板ETF易方达,3月,3.1,3.319,2027-03-24,202703,rule_fourth_wednesday,medium,188.0,134.0,236742.47359125,-706871.24886988,-470128.77527862997,943613.72246113,375.0,1748.0,2123.0,14.0,372.0,386.0,0.32555,0.20345000000000002,0.4701,79599.97356855655,-288386.139675154,-208786.16610659746,367986.11324371054,-141594.16842658,-328534.60685204994,305.7417642613873,0.3721028509860085,0.34653957725530354,0.12507398932112893,0.03534798534798535,0.2299568439193738,False
创业板ETF易方达,3月,3.2,3.319,2027-03-24,202703,rule_fourth_wednesday,medium,188.0,134.0,635748.42860382,-720376.90232871,-84628.47372488992,1356125.33093253,959.0,1749.0,2708.0,70.0,112.0,182.0,0.3373,0.14935,0.48785,296966.44725772145,-298763.77285077714,-1797.3255930556916,595730.2201084986,274.5127641200015,-84902.98648900993,233.1037444202458,0.44092286307748463,0.3747068676716918,0.06851464653420307,0.02074478756157444,0.2565537573813509,True
创业板ETF易方达,3月,3.3,3.319,2027-03-24,202703,rule_fourth_wednesday,medium,188.0,134.0,1387479.3813092199,-628884.0672942799,758595.3140149399,2016363.4486034997,2074.0,1484.0,3558.0,538.0,408.0,946.0,0.34395,0.09770000000000001,0.496,543507.8477575019,-295838.3435911065,247669.5041663954,839346.1913486084,187014.35418177999,571580.95983316,344.7454822828314,0.431070561385654,0.39175997703129484,0.2671673680297978,0.16326514500946904,0.37507724267683196,True
创业板ETF易方达,3月,3.4,3.319,2027-03-24,202703,rule_fourth_wednesday,medium,188.0,134.0,1259971.17663095,-552212.1675820799,707759.0090488702,1812183.3442130298,1889.0,1296.0,3185.0,157.0,53.0,210.0,0.35075,0.04884999999999998,0.49615,381967.28556431446,-257888.03582758844,124079.24973672602,639855.3213919029,82136.92890191003,625622.0801469602,299.6491145537667,0.3850822723172766,0.4188591099090239,0.062003909900724796,0.04718001618992356,0.2999263513371328,True
创业板ETF易方达,3月,3.5,3.319,2027-03-24,202703,rule_fourth_wednesday,medium,188.0,134.0,1572814.05225372,-276746.65029319,1296067.4019605299,1849560.70254691,2388.0,649.0,3037.0,276.0,100.0,376.0,0.3549,0.0022000000000000075,0.4925,451461.76545876864,-121241.02170780418,330220.74375096447,572702.7871665729,139140.51782144,1156926.88413909,280.87276265115565,0.3625673420879886,0.43641618497109824,0.13483054718894938,0.03726821798328839,0.3193415682844518,False
创业板ETF易方达,3月,3.6,3.319,2027-03-24,202703,rule_fourth_wednesday,medium,188.0,134.0,792055.46773722,-223716.22605114,568339.24168608,1015771.69378836,1247.0,542.0,1789.0,151.0,92.0,243.0,0.36534999999999995,-0.03975000000000001,0.47565,210513.9634706368,-101702.03272179484,108811.93074884197,312215.99619243166,57936.51371861999,510402.72796745994,372.46764786099584,0.3601923446909896,0.4711911357340719,0.14541615744946543,0.13130434782608696,0.21662646268345453,False
创业板ETF易方达,3月,3.7,3.319,2027-03-24,202703,rule_fourth_wednesday,medium,188.0,134.0,438854.14853874996,-207733.89904668,231120.24949206997,646588.04758543,725.0,513.0,1238.0,77.0,56.0,133.0,0.37115,-0.07964999999999997,0.45855,98435.3982327418,-91610.78776851643,6824.610464225378,190046.18600125823,23932.73219099,207187.51730108002,377.7366795541076,0.33265080307057654,0.48478154148257246,0.10768434496202191,0.07846439136661851,0.15583745673414756,False
创业板ETF易方达,3月,3.8,3.319,2027-03-24,202703,rule_fourth_wednesday,medium,188.0,134.0,353757.06434092,-103118.53872099999,250638.52561992002,456875.60306192003,619.0,253.0,872.0,36.0,14.0,50.0,0.36885,-0.11989999999999998,0.4444,138278.83382566986,-44226.14138247979,94052.69244319007,182504.97520814964,14867.752306480004,235770.77331344003,266.01554171888426,0.4098864242749338,0.4738493723849373,0.05674714412510297,0.028804054054054055,0.11121055065107686,False
创业板ETF易方达,3月,3.9,3.319,2027-03-24,202703,rule_fourth_wednesday,medium,188.0,134.0,589074.0984587701,-85521.41131155,503552.6871472201,674595.50977032,1101.0,219.0,1320.0,85.0,1.0,86.0,0.37685,-0.1528,0.42010000000000003,136006.02709193403,-35654.708989349194,100351.31810258483,171660.73608128322,45087.50977300001,458465.17737422,366.6189927833481,0.3238953764946553,0.49266862170087966,0.04088437659412987,0.038649706457925634,0.15667195159295674,False
创业板ETF易方达,3月,4.0,3.319,2027-03-24,202703,rule_fourth_wednesday,medium,188.0,134.0,1343952.80486992,-243205.971358,1100746.83351192,1587158.77622792,2716.0,664.0,3380.0,327.0,6.0,333.0,0.3916,-0.1784,0.39085000000000003,334303.4608885796,-104086.57758453755,230216.88330404204,438390.03847311717,159611.10648774,941135.7270241799,359.4062639095156,0.3383617465067542,0.4804456032235127,0.06471689408591656,0.04238105269493515,0.3048669659914935,False
创业板ETF易方达,3月,4.1,3.319,2027-03-24,202703,rule_fourth_wednesday,medium,188.0,134.0,321584.2124491,-18507.580056100003,303076.632393,340091.79250519996,706.0,53.0,759.0,92.0,0.0,92.0,0.40159999999999996,-0.20329999999999998,0.36524999999999996,81079.3056883,-7988.486020563804,73090.81966773618,89067.7917088638,41906.157996199996,261170.4743968,357.81248709413677,0.34187892339715786,0.3,0.06515580736543909,0.026865671641791045,0.09871530777838558,False
创业板ETF易方达,3月,4.2,3.319,2027-03-24,202703,rule_fourth_wednesday,medium,188.0,134.0,1111702.66877208,-78927.48693455999,1032775.18183752,1190630.1557066399,2667.0,236.0,2903.0,464.0,0.0,464.0,0.41070000000000007,-0.2254,0.34099999999999997,408431.25875360036,-34635.635340660505,373795.62341293984,443066.8940942609,193412.08785535998,839363.09398216,206.27304785188812,0.40311054559550497,0.3,0.0869891263592051,0.01666020922123208,0.27770373019788563,False
科创50ETF华夏,9月,1.1,1.696,2026-09-23,202609,rule_fourth_wednesday,medium,6.0,4.0,63508.532684800004,-506907.3399808,-443398.807296,570415.8726656,1585.0,100130.0,101715.0,85.0,1272.0,1357.0,1.3686,0.4878,0.07845,30585.43410849719,-103957.264007168,-73371.82989867081,134542.6981156652,-3033.6696627199995,-440365.13763328,174.8192973609004,0.34333853019989113,0.7938394938394937,0.033165622860628186,-0.025344986927957107,0.4809762092404927,False
科创50ETF华夏,9月,1.15,1.696,2026-09-23,202609,rule_fourth_wednesday,medium,6.0,4.0,0.0,-396230.21592576,-396230.21592576,396230.21592576,1633.0,64672.0,66305.0,37.0,3782.0,3819.0,0.48425,0.49925,0.01065,0.0,-88514.614910976,-88514.614910976,88514.614910976,-23171.42931456,-373058.78661119996,187.12162905888803,0.341378828027494,0.7963302752293577,0.04056869912762291,-0.011942255277047781,0.4918379153104393,False
科创50ETF华夏,9月,1.2,1.696,2026-09-23,202609,rule_fourth_wednesday,medium,6.0,4.0,36159.88576256,-280831.9727616,-244672.08699903998,316991.85852416,973.0,37551.0,38524.0,74.0,477.0,551.0,1.0281,0.49215,0.0776,14657.007195747678,-22823.654183497143,-8166.646987749466,37480.66137924482,-817.2473139200001,-243854.83968511998,5099.0099009901,0.24330521742080063,0.7969909729187563,0.04437808362743832,-0.015301335659302053,0.3889296530830907,False
科创50ETF华夏,9月,1.25,1.696,2026-09-23,202609,rule_fourth_wednesday,medium,6.0,4.0,0.0,-221019.40452352003,-221019.40452352003,221019.40452352003,1176.0,23789.0,24965.0,97.0,1218.0,1315.0,0.3876,0.4991,0.01615,0.0,-48730.37020160001,-48730.37020160001,48730.37020160001,-11316.223242240003,-209703.18128128003,220.47244094488258,0.3385476491646933,0.7916553901668922,0.06684156385661583,-0.014968132986260667,0.37286660776846225,False
科创50ETF华夏,9月,1.3,1.696,2026-09-23,202609,rule_fourth_wednesday,medium,6.0,4.0,282.7516928,-303921.42422016,-303638.67252736,304204.17591296,1966.0,25897.0,27863.0,37.0,3217.0,3254.0,0.3417,0.49895,0.02065,118.44777002444906,-38101.05733407827,-37982.609564053826,38219.50510410272,-37748.67414016,-265889.9983872,3451.2189969155365,0.2721378713564303,0.7926433282597666,0.07152141096088814,-0.04212444034297263,0.4272260317962386,False
科创50ETF华夏,9月,1.35,1.696,2026-09-23,202609,rule_fourth_wednesday,medium,6.0,4.0,224471.24754431998,-811887.5441664,-587416.29662208,1036358.7917107199,2562.0,26805.0,29367.0,184.0,2436.0,2620.0,0.7802,0.48319999999999996,0.20495,72297.97018524072,-34080.85189219808,38217.11829304264,106378.82207743879,-57661.90075904,-529754.3958630399,5129.153968945,0.18202925615029455,0.7934191702432046,0.081348729461236,-0.028309301194711246,0.5108675828531579,False
科创50ETF华夏,9月,1.4,1.696,2026-09-23,202609,rule_fourth_wednesday,medium,6.0,4.0,392900.0165376,-1461073.2060671998,-1068173.1895295999,1853973.2226047998,3980.0,36360.0,40340.0,231.0,10642.0,10873.0,0.6508499999999999,0.48405,0.24145,91113.92600737893,-197064.01780557403,-105950.09179819509,288177.94381295296,-404829.14650112,-663344.0430284799,1579.3933231655653,0.18338862994959054,0.7943124790899967,0.1753622347159339,-0.013284210592883079,0.6316344164816425,False
科创50ETF华夏,9月,1.45,1.696,2026-09-23,202609,rule_fourth_wednesday,medium,6.0,4.0,636631.9757311998,-2838314.9936639997,-2201683.0179327996,3474946.9693952,4195.0,38425.0,42620.0,445.0,10072.0,10517.0,0.5822499999999999,0.47555,0.3922,271757.44908664585,-741850.8017792223,-470093.3526925765,1013608.2508658682,-676448.93679616,-1525234.0811366397,2634.7275286547365,0.3441187826497666,0.4915865384615385,0.18409984002084462,-0.049980165402336345,0.6850160079663506,False
科创50ETF华夏,9月,1.5,1.696,2026-09-23,202609,rule_fourth_wednesday,medium,6.0,4.0,1215239.737344,-7210540.9499136,-5995301.2125696,8425780.687257601,5559.0,56459.0,62018.0,4033.0,24031.0,28064.0,0.4886999999999999,0.4676,0.602,703113.3061430302,-2501067.760856298,-1797954.4547132677,3204181.066999328,-2187423.4732544003,-3807877.7393152,1351.0101010101012,0.4627213124647699,0.5639210639210639,0.5755632492639983,-0.11687927679899786,0.807448687333722,False
科创50ETF华夏,9月,1.55,1.696,2026-09-23,202609,rule_fourth_wednesday,medium,6.0,4.0,3124665.9170406396,-16643934.50535936,-13519268.58831872,19768600.422399998,8561.0,56913.0,65474.0,11430.0,47161.0,58591.0,0.19575,0.44215,1.1427999999999998,2552054.158436849,-6532365.613975726,-3980311.4555388773,9084419.772412576,-10667342.854369279,-2851925.7339494396,289.13777082212624,0.6046109471275802,0.4671232876712329,1.0818875744936665,-0.1795516170620084,0.8917526818965944,False
科创50ETF华夏,9月,1.6,1.696,2026-09-23,202609,rule_fourth_wednesday,medium,6.0,4.0,16822269.967462398,-48745649.4357504,-31923379.468288004,65567919.4032128,28178.0,75045.0,103223.0,38158.0,77489.0,115647.0,0.3348,0.40315,2.16685,14737716.633676687,-35525400.77559302,-20787684.141916335,50263117.409269705,-31923379.468288004,0.0,124.8377929992287,0.8024374579083093,0.42914171656686617,1.1933720719611198,-0.10461366128339174,0.9521806216951347,False
科创50ETF华夏,9月,1.65,1.696,2026-09-23,202609,rule_fourth_wednesday,medium,6.0,4.0,61368403.185889274,-94747574.24271359,-33379171.05682431,156115977.42860287,50258.0,80730.0,130988.0,105665.0,148118.0,253783.0,0.3329,0.23850000000000002,4.162649999999999,48065536.57705619,-88878990.8699177,-40813454.292861514,136944527.4469739,-33379171.05682431,0.0,53.792260895581606,0.860645121049421,0.31618887015177066,1.9685922059243546,-0.13301624423744765,0.9777093646222899,True
科创50ETF华夏,9月,1.7,1.696,2026-09-23,202609,rule_fourth_wednesday,medium,6.0,4.0,154372851.52758783,-109526014.70275584,44846836.82483199,263898866.23034367,101267.0,77028.0,178295.0,227443.0,207445.0,434888.0,0.33204999999999996,-0.003799999999999998,5.121499999999999,121439976.53503579,-101048013.15940173,20391963.37563406,222487989.6944375,44846836.82483199,0.0,47.15320910973056,0.8546301925025332,0.23268034825870637,2.4695425556706168,-0.032980596914475774,0.9918582935075134,True
科创50ETF华夏,9月,1.75,1.696,2026-09-23,202609,rule_fourth_wednesday,medium,6.0,4.0,138881285.09415424,-57737377.79982336,81143907.29433088,196618662.89397758,117268.0,50524.0,167792.0,156100.0,78405.0,234505.0,0.34965,-0.22764999999999996,4.0451,83243041.86816289,-51109879.295482755,32133162.57268013,134352921.16364563,81143907.29433088,0.0,186.32518796992437,0.7422978743154186,0.37856071964017973,1.4414878402411762,0.03209210362381591,0.984798829403619,True
科创50ETF华夏,9月,1.8,1.696,2026-09-23,202609,rule_fourth_wednesday,medium,6.0,4.0,64733833.66508544,-23398569.818624,41335263.846461445,88132403.48370944,90834.0,32506.0,123340.0,72400.0,22027.0,94427.0,0.3984,-0.3499,2.49005,40383998.09448013,-17362052.010772076,23021946.08370805,57746050.10525221,35741100.446976,5594163.399485443,96.88897780699382,0.6829301168586317,0.4755434782608695,0.7373435578380864,-0.0735839332704428,0.9611536372816976,False
科创50ETF华夏,9月,1.85,1.696,2026-09-23,202609,rule_fourth_wednesday,medium,6.0,4.0,29234808.793149438,-5810452.365312,23424356.42783744,35045261.15846144,77038.0,14028.0,91066.0,47667.0,7185.0,54852.0,0.41280000000000006,-0.43010000000000004,1.3796499999999998,9870685.646709679,-4113973.6179850604,5756712.028724618,13984659.26469474,15112883.27556096,8311473.152276479,264.6104634909086,0.5228322622392365,0.49293966623876756,0.5654682492465751,-0.10355191663309367,0.9254508839068053,False
科创50ETF华夏,9月,1.9,1.696,2026-09-23,202609,rule_fourth_wednesday,medium,6.0,4.0,10959777.253765121,-4080858.36201984,6878918.8917452805,15040635.615784962,59414.0,14008.0,73422.0,30715.0,2020.0,32735.0,0.4682,-0.45495,0.82705,2301973.1126156445,-1364296.8656309918,937676.2469846527,3666269.978246636,5077355.6082176,1801563.2835276807,2732.195825509564,0.27217723206922056,0.492704280155642,0.3305845053565898,-0.06456430476750047,0.8674552470673372,False
科创50ETF华夏,9月,1.95,1.696,2026-09-23,202609,rule_fourth_wednesday,medium,6.0,4.0,5752394.3533056,-1496616.1581260802,4255778.195179519,7249010.51143168,38555.0,7628.0,46183.0,10846.0,421.0,11267.0,0.5400499999999999,-0.46504999999999996,0.6004,1394732.8408410596,-617839.3215881885,776893.519252871,2012572.162429248,1535619.5824537599,2720158.61272576,1039.8736535765613,0.3276427194670263,0.4933228593872742,0.16825190547326577,-0.019405585265729823,0.7650759555008504,False
科创50ETF华夏,9月,2.0,1.696,2026-09-23,202609,rule_fourth_wednesday,medium,6.0,4.0,3150810.9564518393,-675302.39737856,2475508.559073279,3826113.3538303995,42163.0,5144.0,47307.0,10396.0,1300.0,11696.0,0.5632999999999999,-0.47965,0.3581,860126.4366544737,-334962.275404359,525164.1612501147,1195088.7120588326,606222.1606092799,1869286.3984639996,1197.6134776852905,0.38450196309948714,0.4957208689927583,0.24964425628169193,-0.09898723396470147,0.7033882279374217,False
科创50ETF华夏,9月,2.05,1.696,2026-09-23,202609,rule_fourth_wednesday,medium,6.0,4.0,918119.1960576,-437334.25809408,480784.93796351994,1355453.45415168,26163.0,3226.0,29389.0,3590.0,891.0,4481.0,0.63535,-0.4784,0.29664999999999997,55528.83835395582,-221019.13962501488,-165490.30127105906,276547.9779789707,5192.419870719998,475592.51809279993,4413.901354315498,0.2829295696039605,0.7929537767756483,0.2067050542193169,-0.08082116988698061,0.5565244119084154,False
科创50ETF华夏,9月,2.1,1.696,2026-09-23,202609,rule_fourth_wednesday,medium,6.0,4.0,436438.02439679997,-369503.70902016,66934.31537663995,805941.73341696,23524.0,2964.0,26488.0,1140.0,357.0,1497.0,0.69735,-0.47855,0.24895,23968.064844670047,-198821.58609567003,-174853.521251,222789.65094034007,-23354.714542080004,90289.02991871996,5068.812976161219,0.2964974145715837,0.7923513446829509,0.08445324509657465,-0.02733936436828267,0.45770022151093537,False
科创50ETF华夏,9月,2.15,1.696,2026-09-23,202609,rule_fourth_wednesday,medium,6.0,4.0,351212.6947328,-117725.95404800001,233486.7406848,468938.64878080005,22445.0,1600.0,24045.0,1366.0,156.0,1522.0,0.7038500000000001,-0.4887,0.15510000000000002,11081.1676057969,-55961.93141733587,-44880.76381153897,67043.09902313277,9896.48183296,223590.25885184002,3435.6098097437584,0.25345439841645295,0.7969128996692392,0.07917993985297395,-0.023760364154409304,0.416014187450564,False
科创50ETF华夏,9月,2.2,1.696,2026-09-23,202609,rule_fourth_wednesday,medium,6.0,4.0,374199.25679104,-505.6739328,373693.58285824,374704.93072384,27857.0,1758.0,29615.0,619.0,320.0,939.0,0.32495,-0.49885,0.02385,48455.53541743662,-259.98861969618395,48195.54679774044,48715.524037132804,8222.89671168,365470.68614656007,3432.500330556657,0.32181704080180024,0.7955991198239648,0.10212282760692784,-0.055426039795204766,0.40585893724593375,False
科创50ETF华夏,9月,2.25,1.696,2026-09-23,202609,rule_fourth_wednesday,medium,6.0,4.0,163221.19041024,-89.7441792,163131.44623104,163310.93458944,13908.0,1560.0,15468.0,473.0,369.0,842.0,0.35005,-0.49895,0.0205,13101.821755392002,-49.1238206759264,13052.697934716076,13150.945576067928,5529.79470336,157601.65152768,3425.3578732106334,0.3138232344064271,0.799456324755346,0.13527383243733546,-0.020472368239684118,0.3067252245659099,False
科创50ETF华夏,9月,2.3,1.696,2026-09-23,202609,rule_fourth_wednesday,medium,6.0,4.0,176163.33656064,0.0,176163.33656064,176163.33656064,10707.0,741.0,11448.0,115.0,58.0,173.0,0.39970000000000006,-0.4982,0.0286,14307.8684672,0.0,14307.8684672,14307.8684672,1892.1064448,174271.23011583998,6085.993054407145,0.28746974324679636,0.7980026631158456,0.044506620777432296,-0.004342739635038192,0.23523292494871478,False
科创50ETF华夏,9月,2.35,1.696,2026-09-23,202609,rule_fourth_wednesday,medium,6.0,4.0,119916.66123776,0.0,119916.66123776,119916.66123776,12907.0,1225.0,14132.0,1238.0,227.0,1465.0,0.39815,-0.49905,0.01615,7992.398224373657,0.0,7992.398224373657,7992.398224373657,11502.03971584,108414.62152192,3414.3730886850144,0.3055542232086237,0.7947579401788467,0.14061153337138682,-0.04242470962208729,0.31377737946247125,False
科创50ETF华夏,9月,2.4,1.696,2026-09-23,202609,rule_fourth_wednesday,medium,6.0,4.0,95262.98599423999,0.0,95262.98599423999,95262.98599423999,11342.0,826.0,12168.0,477.0,51.0,528.0,0.4212,-0.4991,0.0146,2996.647382540487,0.0,2996.647382540487,2996.647382540487,4006.3872614399993,91256.5987328,3410.0378787878785,0.2667133200412379,0.7988589359577806,0.051899708085356745,-0.0056150687236020715,0.26325049225163016,False
科创50ETF华夏,9月,2.45,1.696,2026-09-23,202609,rule_fourth_wednesday,medium,6.0,4.0,65949.89076479999,-15551.31433984,50398.57642495999,81501.20510463999,8652.0,577.0,9229.0,911.0,141.0,1052.0,0.98455,-0.49474999999999997,0.0601,15967.618027519999,-9035.634156327085,6931.983871192913,25003.252183847086,3143.865159679999,47254.71126527999,145.90794535084243,0.4115690201432268,0.7990698910443794,0.17483049570890932,-0.04121452443658238,0.26238955521125007,False
科创50ETF华夏,9月,2.5,1.696,2026-09-23,202609,rule_fourth_wednesday,medium,6.0,4.0,100260.12598271998,-20705.449113600003,79554.67686911998,120965.57509631998,14344.0,555.0,14899.0,18.0,113.0,131.0,1.0845500000000001,-0.49174999999999996,0.077,20102.350970879997,-11802.365117050449,8299.985853829548,31904.716087930447,-4089.8896179200005,83644.56648703998,139.28615843800506,0.3852572333633659,0.7981327026017676,0.10242924184641976,-0.025745577115201427,0.24418289471988577,False
科创50ETF华夏,9月,2.55,1.696,2026-09-23,202609,rule_fourth_wednesday,medium,6.0,4.0,293087.00065791997,-75030.62102016,218056.37963775996,368117.62167807994,45488.0,1196.0,46684.0,230.0,0.0,230.0,1.2573999999999999,-0.48124999999999996,0.12025,21139.0770100414,-36937.81407085551,-15798.737060814106,58076.89108089691,1481.9295232,216574.45011456,3400.643839625402,0.28221439707389073,0.7943964510856876,0.0025281392894829407,-0.0006805708013172338,0.3764295830915386,False
科创50ETF华夏,10月,1.4,1.696,2026-10-28,202610,rule_fourth_wednesday,medium,41.0,29.0,92593.81576704,-2465193.9038822404,-2372600.0881152004,2557787.7196492804,497.0,13232.0,13729.0,323.0,7372.0,7695.0,0.0001,0.3466,0.6477,56270.714075343545,-936386.488634994,-880115.7745596505,992657.2027103376,-1313267.2179916804,-1059332.87012352,309.53426707660356,0.49377930962888145,0.37151025899764545,0.6035168082254105,0.22329449961118497,0.5659110587638374,False
科创50ETF华夏,10月,1.45,1.696,2026-10-28,202610,rule_fourth_wednesday,medium,41.0,29.0,401058.76917248004,-4034907.44383488,-3633848.6746624,4435966.21300736,1847.0,18582.0,20429.0,475.0,9895.0,10370.0,0.0001,0.30489999999999995,0.7549,139087.44088923282,-2550728.5869816765,-2411641.1460924437,2689816.0278709093,-2045464.8649728,-1588383.8096895996,140.66789856780287,0.48948298773142584,0.31372157957718383,0.39483918483151725,0.06560612074782678,0.6609712731437408,False
科创50ETF华夏,10月,1.5,1.696,2026-10-28,202610,rule_fourth_wednesday,medium,41.0,29.0,921231.8233395201,-9165421.83727104,-8244190.01393152,10086653.66061056,3752.0,37329.0,41081.0,1076.0,14003.0,15079.0,0.0001,0.25860000000000005,0.8536,448819.2527841275,-5254345.331109308,-4805526.07832518,5703164.583893435,-3173977.55338752,-5070212.460544,106.03489255456658,0.5302369250613164,0.2474892395982783,0.3309521410524672,0.06070175438596491,0.8008183270192177,False
科创50ETF华夏,10月,1.55,1.696,2026-10-28,202610,rule_fourth_wednesday,medium,41.0,29.0,1424601.8332159999,-7392535.7309235195,-5967933.89770752,8817137.564139519,5275.0,27373.0,32648.0,3172.0,22244.0,25416.0,0.0001,0.2087,0.9389,786478.5690714502,-6274330.620820169,-5487852.051748719,7060809.18989162,-5150712.068833279,-817221.8288742397,202.98335597968511,0.7004038340500631,0.17418981481481488,0.7069762970845281,0.17368248312935713,0.787191708106262,False
科创50ETF华夏,10月,1.6,1.696,2026-10-28,202610,rule_fourth_wednesday,medium,41.0,29.0,4121451.725291521,-8431216.653271042,-4309764.927979521,12552668.378562562,14226.0,29102.0,43328.0,8026.0,32047.0,40073.0,0.0001,0.1563,1.0072,2927353.4876701715,-7708847.418383368,-4781493.930713197,10636200.90605354,-6105983.169003522,1796218.2410240006,51.26825192255964,0.8122972419678067,0.024444444444444602,0.832687029625909,0.12885435875734427,0.8412561263083176,False
科创50ETF华夏,10月,1.65,1.696,2026-10-28,202610,rule_fourth_wednesday,medium,41.0,29.0,6318910.5249792,-9217621.51033856,-2898710.9853593595,15536532.03531776,20805.0,30349.0,51154.0,19553.0,31236.0,50789.0,0.0001,0.10229999999999997,1.0559,5129114.683512506,-6819497.959849551,-1690383.2763370452,11948612.643362056,-3278969.38369024,380258.39833088027,74.73412940640644,0.7757707109895882,0.0,0.984524410643531,0.1527647901007415,0.8676755545658402,True
科创50ETF华夏,10月,1.7,1.696,2026-10-28,202610,rule_fourth_wednesday,medium,41.0,29.0,11708677.64441088,-8652721.51052288,3055956.1338880006,20361399.154933758,37548.0,27748.0,65296.0,47088.0,35560.0,82648.0,0.0001,0.048100000000000004,1.0841,10584667.037089769,-7099501.565635375,3485165.471454394,17684168.602725144,3055956.1338880006,0.0,42.15374808508846,0.8622476975026252,0.0,1.267804294257135,0.3676112037041539,0.8943107941481346,True
科创50ETF华夏,10月,1.75,1.696,2026-10-28,202610,rule_fourth_wednesday,medium,41.0,29.0,9061402.724567039,-4248504.199342079,4812898.5252249595,13309906.923909118,28851.0,13527.0,42378.0,32056.0,12533.0,44589.0,0.0001,-0.005499999999999977,1.0919,8281652.305005975,-3436422.239168156,4845230.065837819,11718074.544174131,5125089.933086719,-312191.40786175994,117.78968879612654,0.8614013864325636,0.044680851063829574,1.0188026697904935,0.2901872279366651,0.8482884629402212,True
科创50ETF华夏,10月,1.8,1.696,2026-10-28,202610,rule_fourth_wednesday,medium,41.0,29.0,10082869.33266432,-2129351.798272,7953517.53439232,12212221.13093632,32436.0,6850.0,39286.0,25181.0,3537.0,28718.0,0.0001,-0.057499999999999996,1.0807,8370142.095498417,-1099164.2846811472,7270977.81081727,9469306.380179564,6728129.97398528,1225387.5604070402,192.91943291916579,0.6731657979991298,0.18062827225130884,0.6463395677327075,0.2872777357648547,0.8256661369706009,False
科创50ETF华夏,10月,1.85,1.696,2026-10-28,202610,rule_fourth_wednesday,medium,41.0,29.0,6732057.087221759,-1511148.38704128,5220908.700180479,8243205.474263039,22239.0,4992.0,27231.0,15913.0,2346.0,18259.0,0.0001,-0.10709999999999997,1.0524,4987520.757979665,-710205.070715319,4277315.687264346,5697725.828694984,4106921.10716928,1113987.5930112,91.15297609322953,0.6054191925063266,0.274934725848564,0.5927483433901635,0.23146580012895154,0.7588747173615771,False
科创50ETF华夏,10月,1.9,1.696,2026-10-28,202610,rule_fourth_wednesday,medium,41.0,29.0,8071025.57116416,-1693675.10366208,6377350.46750208,9764700.67482624,27787.0,5831.0,33618.0,19269.0,2454.0,21723.0,0.0001,-0.15380000000000002,1.0098,3378830.8579440294,-653195.1578324849,2725635.7001115447,4032026.015776514,4884093.100339199,1493257.3671628803,343.28863914597275,0.40215222316173804,0.33613626563173793,0.5571539146276631,0.2600391400714742,0.795948912368053,False
科创50ETF华夏,10月,1.95,1.696,2026-10-28,202610,rule_fourth_wednesday,medium,41.0,29.0,5502955.67106048,-446757.74208,5056197.92898048,5949713.41314048,20016.0,1625.0,21641.0,16596.0,185.0,16781.0,0.0001,-0.19710000000000003,0.9558,2134953.6740487227,-193575.92866291662,1941377.745385806,2328529.6027116394,4511840.80324608,544357.1257344002,352.0906521777513,0.41062775086022985,0.37385405207187394,0.4714914222468179,0.26556109942497785,0.7077997215013162,False
科创50ETF华夏,10月,2.0,1.696,2026-10-28,202610,rule_fourth_wednesday,medium,41.0,29.0,7497362.483712,-1262280.8747212798,6235081.60899072,8759643.35843328,29175.0,4912.0,34087.0,17986.0,562.0,18548.0,0.0001,-0.2369,0.8934,3430766.203320138,-633469.1900352484,2797297.01328489,4064235.3933553863,4477602.19078656,1757479.41820416,217.6099466765221,0.4797206464776783,0.4238420889027043,0.3654501994311537,0.08521864486331492,0.783430352906682,False
科创50ETF华夏,12月,1.3,1.696,2026-12-23,202612,rule_fourth_wednesday,medium,97.0,69.0,787971.7271552,-8395765.40135424,-7607793.67419904,9183737.12850944,6538.0,66823.0,73361.0,546.0,119845.0,120391.0,0.23879999999999998,0.3633,0.4279,323990.6168355183,-7285581.54662971,-6961590.929794192,7609572.163465228,-8329960.48195584,722166.8077568,104.60561505176435,0.6394694763221997,0.2705851890212325,0.938490545879762,0.02880736495449423,0.8374321673217123,False
科创50ETF华夏,12月,1.35,1.696,2026-12-23,202612,rule_fourth_wednesday,medium,97.0,69.0,179402.06592,-6308091.43271424,-6128689.36679424,6487493.49863424,1350.0,41964.0,43314.0,231.0,31295.0,31526.0,0.23515,0.33535,0.49229999999999996,98294.33357825046,-3593778.422320896,-3495484.0887426455,3692072.755899146,-4673613.660672001,-1455075.7061222398,280.71172904527083,0.5588044927844995,0.22947976878612708,0.45843469005179044,0.09647875178261955,0.7714053111912991,False
科创50ETF华夏,12月,1.4,1.696,2026-12-23,202612,rule_fourth_wednesday,medium,97.0,69.0,541159.9030579199,-3039111.38156544,-2497951.47850752,3580271.28462336,3747.0,17298.0,21045.0,145.0,5452.0,5597.0,0.23395,0.30345,0.55645,136565.06120275587,-778668.7155088112,-642103.6543060553,915233.7767115671,-936928.3966873599,-1561023.08182016,324.58933583229236,0.2542860636240959,0.17222222222222222,0.17693928527027888,0.015969449487084012,0.6229894059616823,False
科创50ETF华夏,12月,1.45,1.696,2026-12-23,202612,rule_fourth_wednesday,medium,97.0,69.0,253490.83328512,-1747240.4990464,-1493749.6657612799,2000731.33233152,1444.0,8759.0,10203.0,333.0,5622.0,5955.0,0.3416,0.36774999999999997,0.6518999999999999,105312.25449051354,-798037.48606976,-692725.2315792465,903349.7405602736,-1063016.09204736,-430733.5737139199,487.8121822461808,0.4360948082980136,0.10253542132736754,0.43623175560776584,-0.029589854762795062,0.5217528328276307,False
科创50ETF华夏,12月,1.5,1.696,2026-12-23,202612,rule_fourth_wednesday,medium,97.0,69.0,1224861.00369408,-3262168.81311744,-2037307.8094233598,4487029.81681152,4317.0,14628.0,18945.0,571.0,5203.0,5774.0,0.36334999999999995,0.30375,0.88085,668645.7979288797,-1590977.0411492172,-922331.2432203374,2259622.8390780967,-998303.7505023999,-1039004.0589209602,103.62010926986753,0.516800275887314,0.01378122308354851,0.24397775036328323,0.04939745452985497,0.6415040493393057,False
科创50ETF华夏,12月,1.55,1.696,2026-12-23,202612,rule_fourth_wednesday,medium,97.0,69.0,1437537.39237376,-2721211.81244416,-1283674.4200704002,4158749.20481792,4321.0,11221.0,15542.0,442.0,3257.0,3699.0,0.38185,0.23800000000000002,0.99985,477581.39196754934,-970196.066413119,-492614.67444556963,1447777.4583806684,-642809.7981952,-640864.6218752002,376.00046328495336,0.3443763903359355,0.0,0.1962752357430786,0.005078377858255043,0.6032674797654214,False
科创50ETF华夏,12月,1.6,1.696,2026-12-23,202612,rule_fourth_wednesday,medium,97.0,69.0,2473446.8016127995,-4023411.78976256,-1549964.9881497603,6496858.591375359,6695.0,15782.0,22477.0,1428.0,7656.0,9084.0,0.3898,0.17880000000000001,1.08535,1224373.4467727444,-2489878.4988466697,-1265505.0520739253,3714251.945619414,-1424225.6267673601,-125739.36138239992,215.94169981461204,0.556927264381645,0.0,0.3492015605833363,0.06082063521753753,0.7011488760175747,False
科创50ETF华夏,12月,1.65,1.696,2026-12-23,202612,rule_fourth_wednesday,medium,97.0,69.0,2918337.51959552,-2996558.143488,-78220.62389248004,5914895.66308352,7699.0,11448.0,19147.0,2373.0,4753.0,7126.0,0.40335,0.1182,1.1139000000000001,1084572.0856136263,-1052419.6543755308,32152.43123809551,2136991.739989157,-344620.69712895993,266400.0732364801,389.7839976419498,0.36142493808150944,0.0,0.3617017690591017,0.04326723963246133,0.6771174258004723,True
科创50ETF华夏,12月,1.7,1.696,2026-12-23,202612,rule_fourth_wednesday,medium,97.0,69.0,5326755.4013184,-3318505.1463270397,2008250.2549913605,8645260.54764544,13672.0,12388.0,26060.0,5876.0,5757.0,11633.0,0.4064,0.06084999999999999,1.1429,2781703.6866871454,-2115467.7985460847,666235.8881410607,4897171.4852332305,747162.8340326403,1261087.4209587201,165.48749565801856,0.5798448219074508,0.06936597614563716,0.4472537127513309,0.10454254596860878,0.7471740804309319,True
科创50ETF华夏,12月,1.75,1.696,2026-12-23,202612,rule_fourth_wednesday,medium,97.0,69.0,4485122.58041856,-2288040.87886848,2197081.7015500795,6773163.45928704,11659.0,8649.0,20308.0,5576.0,2354.0,7930.0,0.41615,0.006149999999999989,1.12855,2198251.970665274,-989744.5784985768,1208507.3921666974,3187996.549163851,1522305.3718937596,674776.3296563202,319.25656241765677,0.46134688343103303,0.1581151832460735,0.37521366674622936,0.03621099554487674,0.6974622609312138,True
科创50ETF华夏,12月,1.8,1.696,2026-12-23,202612,rule_fourth_wednesday,medium,97.0,69.0,4487160.6362112,-1592546.50139648,2894614.1348147197,6079707.13760768,12216.0,6209.0,18425.0,3718.0,787.0,4505.0,0.42945,-0.04344999999999999,1.08435,1519595.401673981,-571377.8670454643,948217.5346285166,2090973.2687194454,1163831.8840729601,1730782.2507417598,263.27655497629706,0.3487183224104965,0.23430592396109645,0.21555321705410413,0.03858834547460163,0.6620248068780561,False
科创50ETF华夏,12月,1.85,1.696,2026-12-23,202612,rule_fourth_wednesday,medium,97.0,69.0,4784906.6541568,-983794.6767359999,3801111.9774208004,5768701.3308928,13085.0,3954.0,17039.0,4658.0,621.0,5279.0,0.42815,-0.09530000000000002,1.0681500000000002,973293.0829766033,-463678.8278196886,509614.2551569147,1436971.910796292,1548820.6923366403,2252291.28508416,523.6599361333597,0.33736283394238,0.2856324035154756,0.25651813779751054,0.123927274590764,0.6542898436499879,False
科创50ETF华夏,12月,1.9,1.696,2026-12-23,202612,rule_fourth_wednesday,medium,97.0,69.0,4791493.733089279,-686594.4587264,4104899.2743628793,5478088.19181568,14836.0,2870.0,17706.0,5189.0,169.0,5358.0,0.44939999999999997,-0.13030000000000003,0.97725,1880826.6817958576,-322445.3256720336,1558381.3561238241,2203272.007467891,1635430.0095590397,2469469.264803839,271.64112813679685,0.43108223704030957,0.328600066822586,0.20432118220770082,0.047748223841670365,0.6548999075676939,False
科创50ETF华夏,12月,1.95,1.696,2026-12-23,202612,rule_fourth_wednesday,medium,97.0,69.0,3480616.529152,-435958.2382079999,3044658.290944,3916574.76736,11585.0,1900.0,13485.0,5599.0,134.0,5733.0,0.45559999999999995,-0.16945,0.9211,1136951.3259144535,-179877.52364835734,957073.8022660961,1316828.8495628107,1651426.27668992,1393232.01425408,397.91281847444054,0.36962746429153953,0.3608644168146833,0.2769118415373782,0.09230297526908535,0.5967945106031058,False
科创50ETF华夏,12月,2.0,1.696,2026-12-23,202612,rule_fourth_wednesday,medium,97.0,69.0,4893900.12563456,-485842.45392384,4408057.67171072,5379742.5795584,17932.0,2119.0,20051.0,5964.0,102.0,6066.0,0.44945,-0.2093,0.87295,1440158.447296578,-201449.71256792324,1238708.7347286548,1641608.159864501,1604274.7137024,2803782.95800832,360.44212107740145,0.35445810916347026,0.3541041723479684,0.19036284839681172,0.035886172855822074,0.6660453606431929,False
科创50ETF华夏,12月,2.05,1.696,2026-12-23,202612,rule_fourth_wednesday,medium,97.0,69.0,2108733.6483839997,-220012.16993279997,1888721.4784511998,2328745.8183167996,8490.0,1065.0,9555.0,5559.0,124.0,5683.0,0.47729999999999995,-0.23024999999999998,0.79085,974041.21030656,-100173.19798398494,873868.0123225751,1074214.408290545,1355119.76113152,533601.7173196799,382.0079656571513,0.45860782933588506,0.4154795821462489,0.3856011214519153,0.011751453182330063,0.5280837931005262,False
科创50ETF华夏,12月,2.1,1.696,2026-12-23,202612,rule_fourth_wednesday,medium,97.0,69.0,2800815.6184985596,-352643.30899456004,2448172.3095039995,3153458.9274931196,12506.0,1816.0,14322.0,9901.0,72.0,9973.0,0.49324999999999997,-0.25225,0.72685,2082611.8453014398,-152477.5328574149,1930134.312444025,2235089.378158855,2203424.2275942396,244748.08190975996,222.86317881082078,0.5879789691713808,0.4404328262266981,0.41567378055009363,0.007302553838799675,0.5951666600394069,False
科创50ETF华夏,12月,2.15,1.696,2026-12-23,202612,rule_fourth_wednesday,medium,97.0,69.0,2420038.9475328,-513819.0799872,1906219.8675456,2933858.02752,11990.0,2810.0,14800.0,15482.0,1.0,15483.0,0.5098,-0.2707,0.6687000000000001,1290687.4386841604,-220034.68319074222,1070652.755493418,1510722.1218749026,2419856.09376768,-513636.22622208,447.33552540764146,0.48078355309702625,0.4608187134502924,0.6457992870689988,0.02012840534443866,0.6014430110230301,False
科创50ETF华夏,12月,2.2,1.696,2026-12-23,202612,rule_fourth_wednesday,medium,97.0,69.0,3028888.16763904,-896383.5297894399,2132504.6378496,3925271.69742848,16733.0,5123.0,21856.0,23484.0,10.0,23494.0,0.5129,-0.29395,0.6188,2729843.631114622,-392050.56301987864,2337793.0680947434,3121894.194134501,3027138.4437862397,-894633.8059366399,122.17231452692187,0.6693192112973252,0.46643205197617765,0.7027031166688572,0.01117716943439942,0.6709361747413016,False
科创50ETF华夏,12月,2.25,1.696,2026-12-23,202612,rule_fourth_wednesday,medium,97.0,69.0,1397114.6580991999,-213127.92846336,1183986.7296358398,1610242.58656256,8615.0,1299.0,9914.0,27059.0,11.0,27070.0,0.53305,-0.306,0.5670999999999999,1080786.8109824,-95003.5384166312,985783.2725657689,1175790.3493990314,1395309.87964416,-211323.15000832,240.0275232080628,0.6096715919031417,0.4862787237559928,1.5746925287857036,0.009393991245994118,0.5305371829472533,False
科创50ETF华夏,12月,2.3,1.696,2026-12-23,202612,rule_fourth_wednesday,medium,97.0,69.0,1654267.3415372798,-202662.89424383998,1451604.4472934399,1856930.2357811197,11339.0,1289.0,12628.0,38522.0,4.0,38526.0,0.5366,-0.32384999999999997,0.5268999999999999,1157543.6357673733,-91460.75977592077,1066082.8759914525,1249004.395543294,1653638.44194304,-202033.99464959998,281.38395300876425,0.5755134737450445,0.48684210526315796,1.7002022650428084,0.03215367085339716,0.573035663900751,False
科创50ETF华夏,12月,2.35,1.696,2026-12-23,202612,rule_fourth_wednesday,medium,97.0,69.0,894413.27112192,-100333.99234560003,794079.2787763199,994747.26346752,6831.0,676.0,7507.0,28483.0,0.0,28483.0,0.5578000000000001,-0.3314,0.48560000000000003,586184.6976891357,-45835.159192083374,540349.5384970523,632019.8568812191,894413.27112192,-100333.99234560003,304.86847249679175,0.5561052220025666,0.4979936944683291,2.084833845703411,0.017735334242837655,0.46206140974368315,False
科创50ETF华夏,12月,2.4,1.696,2026-12-23,202612,rule_fourth_wednesday,medium,97.0,69.0,931610.9965414399,-79812.34621440001,851798.6503270399,1011423.3427558399,7913.0,565.0,8478.0,36994.0,0.0,36994.0,0.57335,-0.3403,0.4502,677015.5003747,-36763.73578238216,640251.7645923177,713779.2361570821,931610.9965414399,-79812.34621440001,195.4112630347552,0.5936709895721959,0.48982188295165385,2.3375458106912674,0.0687077763403766,0.47460197538473586,False
科创50ETF华夏,12月,2.45,1.696,2026-12-23,202612,rule_fourth_wednesday,medium,97.0,69.0,900678.1051699199,-141437.689344,759240.41582592,1042115.7945139199,8472.0,1050.0,9522.0,59092.0,27.0,59119.0,0.5911,-0.3468,0.41895,386004.90221568,-75600.39506674653,310404.5071489335,461605.2972824265,897041.1360153599,-137800.72018944,357.4349734431137,0.481542608177956,0.48192771084337355,3.500345339268852,0.08204625145280461,0.49949923154708037,False
科创50ETF华夏,12月,2.5,1.696,2026-12-23,202612,rule_fourth_wednesday,medium,97.0,69.0,2914508.5784371197,-276838.24173055997,2637670.3367065596,3191346.82016768,30219.0,2144.0,32363.0,126447.0,126.0,126573.0,0.6026,-0.3551,0.3921,1177121.9112911087,-109999.99996300858,1067121.9113281001,1287121.9112541173,2898239.1668428797,-260568.83013631994,465.11829101750584,0.4006137216385751,0.4793765556477421,2.1215614354762473,0.06198681213211987,0.7026345505478487,False
科创50ETF华夏,12月,2.55,1.696,2026-12-23,202612,rule_fourth_wednesday,medium,97.0,69.0,7228120.91416576,-1101836.7489024,6126284.16526336,8329957.66306816,79952.0,8898.0,88850.0,538750.0,163.0,538913.0,0.62375,-0.35805,0.3724,5272625.4107894385,-533952.2900205004,4738673.120768938,5806577.700809939,7207936.67163136,-1081652.506368,121.14787650311975,0.6070310217552755,0.47415240013427323,3.3783683870695533,0.01637312132815124,0.838929730805053,False
科创50ETF华夏,3月,1.4,1.696,2027-03-24,202703,rule_fourth_wednesday,medium,188.0,134.0,3835.01039616,-112301.57999104,-108466.56959488,116136.59038719999,27.0,781.0,808.0,8.0,572.0,580.0,0.3399,0.3627,0.49685,1375.9121714757787,-64102.87559636019,-62726.96342488441,65478.787767835965,-81112.74512384,-27353.824471039996,384.5142848576007,0.464793371279282,0.1384500745156484,0.5143453312467396,0.17229158538171413,0.10732885678230843,False
科创50ETF华夏,3月,1.45,1.696,2027-03-24,202703,rule_fourth_wednesday,medium,188.0,134.0,149153.79032064,-1284970.5043558402,-1135816.7140352002,1434124.29467648,722.0,8336.0,9058.0,56.0,1551.0,1607.0,0.37305,0.3028,0.62705,71816.38969263596,-193989.08102003683,-122172.69132740087,265805.4707126728,-227513.48892672002,-908303.2251084801,318.3455001471235,0.31622997556859883,0.1452227410009862,0.13181139376119863,0.012094990355859921,0.43517838585992474,False
科创50ETF华夏,3月,1.5,1.696,2027-03-24,202703,rule_fourth_wednesday,medium,188.0,134.0,125001.47438592,-681164.3030732799,-556162.8286873599,806165.7774591999,551.0,4112.0,4663.0,66.0,682.0,748.0,0.39135000000000003,0.25229999999999997,0.6822999999999999,37566.82072860436,-403240.1996958248,-365673.37896722043,440807.0204244292,-98002.25447935998,-458160.57420799986,263.58599323067716,0.4462588544723552,0.15547656492563483,0.14281912264224225,-0.002988122940416473,0.2940961946173981,False
科创50ETF华夏,3月,1.55,1.696,2027-03-24,202703,rule_fourth_wednesday,medium,188.0,134.0,132774.87356928,-498192.54736896,-365417.67379967996,630967.42093824,531.0,2907.0,3438.0,24.0,794.0,818.0,0.3974,0.21165,0.73255,34282.56219004643,-154067.80188672,-119785.23969667357,188350.36407676642,-130072.1068032,-235345.56699648,476.67226390630736,0.2837271012820508,0.16534012463411535,0.15916577752123745,0.04303192906343951,0.25394195011824516,False
科创50ETF华夏,3月,1.6,1.696,2027-03-24,202703,rule_fourth_wednesday,medium,188.0,134.0,508414.75454976,-1040528.18546688,-532113.43091712,1548942.94001664,1902.0,5907.0,7809.0,248.0,516.0,764.0,0.40285000000000004,0.17015000000000002,0.77085,163010.02011764265,-443100.2847690702,-280090.26465142757,606110.3048867129,-24602.56133119999,-507510.86958591995,296.2279787205601,0.3732328938778856,0.21284185493460162,0.10887152546916747,0.07698619636403028,0.4053060181920538,False
科创50ETF华夏,3月,1.65,1.696,2027-03-24,202703,rule_fourth_wednesday,medium,188.0,134.0,556453.6055808,-473120.09471999994,83333.51086080004,1029573.7003007999,2012.0,2625.0,4637.0,206.0,174.0,380.0,0.40850000000000003,0.12855,0.79405,143879.05773568043,-134440.86381332154,9438.193922358885,278319.92154900194,25611.78064896,57721.73021184001,452.96638406124856,0.2713611727850824,0.2541152263374485,0.08433570008520307,0.023546643100510568,0.289499388495301,True
科创50ETF华夏,3月,1.7,1.696,2027-03-24,202703,rule_fourth_wednesday,medium,188.0,134.0,887022.2626816,-356787.67793152004,530234.58475008,1243809.94061312,3170.0,1921.0,5091.0,331.0,134.0,465.0,0.41059999999999997,0.08764999999999998,0.80925,295950.43264293706,-115060.47700975426,180889.95563318278,411010.90965269133,67731.8304768,462502.7542732799,383.4586046755335,0.32806746416919574,0.2696526508226691,0.0870858697740563,0.027160830279309118,0.33108230473330597,True
科创50ETF华夏,3月,1.75,1.696,2027-03-24,202703,rule_fourth_wednesday,medium,188.0,134.0,1041347.27368704,-255539.81945855997,785807.45422848,1296887.0931456,3768.0,1378.0,5146.0,212.0,41.0,253.0,0.41985,0.04904999999999998,0.8027500000000001,269658.34391422884,-81262.78879505221,188395.55511917663,350921.13270928105,50986.458327039996,734820.99590144,335.9067486237549,0.28847790814927377,0.31190095846645377,0.04300826762069401,0.019008264462809916,0.3129383265866491,True
科创50ETF华夏,3月,1.8,1.696,2027-03-24,202703,rule_fourth_wednesday,medium,188.0,134.0,656429.2252569599,-222801.05659392,433628.1686630399,879230.2818508799,2427.0,1197.0,3624.0,253.0,3.0,256.0,0.42555,0.012249999999999983,0.7937000000000001,193385.16423089022,-73271.4772211994,120113.68700969082,266656.64145208965,67870.35867135998,365757.80999167997,387.0208392155324,0.3117333662680287,0.3354700854700854,0.053375094101136646,0.009018456375838927,0.24497466255672928,False
科创50ETF华夏,3月,1.85,1.696,2027-03-24,202703,rule_fourth_wednesday,medium,188.0,134.0,474358.27675136,-155742.3937536,318615.88299775997,630100.67050496,1784.0,852.0,2636.0,94.0,0.0,94.0,0.43255,-0.02234999999999998,0.7799499999999999,130976.7114686488,-51686.47335377897,79290.23811486983,182663.18482242778,24994.21413376,293621.668864,383.18199106281963,0.3039925237416725,0.3698673404927353,0.026345291479820628,0.00028042624789680314,0.1744650042156225,False
科创50ETF华夏,3月,1.9,1.696,2027-03-24,202703,rule_fourth_wednesday,medium,188.0,134.0,641753.63576832,-213448.10232832003,428305.5334399999,855201.73809664,2487.0,1171.0,3658.0,492.0,5.0,497.0,0.43505000000000005,-0.056249999999999994,0.7654000000000001,179133.64453171202,-43054.17742950401,136079.467102208,222187.82196121605,126045.90103551999,302259.63240448,593.8901895282561,0.24041971282264707,0.38274082568807344,0.10104928205661755,0.06046647762172847,0.26484032256854073,False
科创50ETF华夏,3月,1.95,1.696,2027-03-24,202703,rule_fourth_wednesday,medium,188.0,134.0,315847.90788096,-70404.3085824,245443.59929855997,386252.21646336,1274.0,390.0,1664.0,45.0,2.0,47.0,0.4386,-0.08765,0.74475,67632.110886912,-24990.355690614284,42641.75519629772,92622.4665775263,10795.27554048,234648.32375808,493.7565838329722,0.28454182399482797,0.3957680250783698,0.020225013082155942,0.0011801730920535012,0.12607580525510445,False
科创50ETF华夏,3月,2.0,1.696,2027-03-24,202703,rule_fourth_wednesday,medium,188.0,134.0,298005.64325376,-50807.631544319986,247198.01170944003,348813.27479808,1259.0,336.0,1595.0,242.0,0.0,242.0,0.49239999999999995,-0.09780000000000003,0.6742999999999999,61396.75886471944,-18393.70867295881,43003.05019176063,79790.46753767825,57281.46597888,189916.54573056003,380.52152125500027,0.284025991891949,0.4792024013722127,0.09610802223987291,0.007661290322580645,0.13952943513733695,False
科创50ETF华夏,3月,2.05,1.696,2027-03-24,202703,rule_fourth_wednesday,medium,188.0,134.0,293668.49691648,-32834.5762816,260833.92063488002,326503.07319808,1316.0,211.0,1527.0,15.0,0.0,15.0,0.48535,-0.12680000000000002,0.6584000000000001,60072.613502976004,-12214.853430832583,47857.76007214342,72287.46693380858,3347.2852992000003,257486.63533568004,575.637565775191,0.288285590171162,0.496325780771586,0.0056990881458966565,0.0038284839203675345,0.10594422080298019,False
科创50ETF华夏,3月,2.1,1.696,2027-03-24,202703,rule_fourth_wednesday,medium,188.0,134.0,621683.7595340799,-217875.48183552,403808.2776985599,839559.2413696,2914.0,1367.0,4281.0,258.0,5.0,263.0,0.4723,-0.1593,0.6479,63462.66152004267,-82963.54026595807,-19500.878745915405,146426.20178600075,54245.78282495999,349562.49487359996,408.5696735185652,0.24143304992719436,0.4737456242707119,0.0460978682233789,0.0023508228195144145,0.2524503854332395,False
科创50ETF华夏,3月,2.15,1.696,2027-03-24,202703,rule_fourth_wednesday,medium,188.0,134.0,2743572.2937958394,-577542.9124096001,2166029.381386239,3321115.2062054398,13624.0,3746.0,17370.0,1663.0,21.0,1684.0,0.4804,-0.18015,0.61805,316861.38812962134,-225145.765833845,91715.62229577632,542007.1539634664,331653.72750847996,1834375.6538777594,412.25845644348914,0.2526630495324482,0.4867145421903053,0.06383499220464248,0.014700314779097803,0.5627581261278355,False
科创50ETF易方达,9月,1.1,1.645,2026-09-23,202609,rule_fourth_wednesday,medium,6.0,4.0,107591.554,-139882.25266225,-32290.698662249983,247473.80666225,1600.0,24499.0,26099.0,24.0,378.0,402.0,1.5129000000000001,0.4707,0.1348,45733.700601263816,-28839.759100249998,16893.94150101382,74573.45970151381,-544.3981094999999,-31746.300552749977,226.16530293279564,0.3156197190652589,0.7774395702775292,0.015214600595942691,-0.004418833697455193,0.3404970668817877,False
科创50ETF易方达,9月,1.15,1.645,2026-09-23,202609,rule_fourth_wednesday,medium,6.0,4.0,31001.57541250001,-102503.036349,-71501.46093649999,133504.6117615,550.0,14682.0,15232.0,0.0,10.0,10.0,1.1833,0.48379999999999995,0.11705,12524.297480100997,-20528.533447800004,-8004.235967699007,33052.830927901,-69.815445,-71431.64549149999,245.01366811784956,0.30213075397612676,0.7914051569058566,0.0003405530581664623,0.0002385008517887564,0.23087451966364808,False
科创50ETF易方达,9月,1.2,1.645,2026-09-23,202609,rule_fourth_wednesday,medium,6.0,4.0,12860.762656,-53759.75980724999,-40898.99715124999,66620.52246324999,376.0,6189.0,6565.0,21.0,643.0,664.0,0.9182499999999999,0.4934,0.07925,5268.179906599375,-11450.0855364,-6181.905629800625,16718.265442999374,-4867.029504749999,-36031.96764649999,8132.942767012167,0.3113090859692328,0.7977628635346756,0.07987253466170247,-0.05341965834193813,0.21577889549202423,False
科创50ETF易方达,9月,1.25,1.645,2026-09-23,202609,rule_fourth_wednesday,medium,6.0,4.0,15721.11226175,-61895.992235,-46174.87997325,77617.10449674999,263.0,5620.0,5883.0,12.0,668.0,680.0,0.8612500000000001,0.4883,0.1308,6079.67018738084,-3811.528692091228,2268.1414952896116,9891.198879472067,-6639.719421999999,-39535.160551249995,3478.040111703478,0.22414983844158684,0.7952261306532663,0.08224429319513415,-0.029230823179867763,0.2111016630176623,False
科创50ETF易方达,9月,1.3,1.645,2026-09-23,202609,rule_fourth_wednesday,medium,6.0,4.0,213.09946874999997,-191488.69307575,-191275.593607,191701.7925445,315.0,6733.0,7048.0,32.0,590.0,622.0,0.34445,0.49705,0.0538,81.01398334302303,-42000.546750102505,-41919.53276675948,42081.56073344553,-16758.1422225,-174517.4513845,5162.790697674419,0.29975337940098407,0.7835535976505139,0.09460770099415577,-0.02121086328653987,0.2460902368027732,False
科创50ETF易方达,9月,1.35,1.645,2026-09-23,202609,rule_fourth_wednesday,medium,6.0,4.0,2969.2671120000005,-288060.14968499995,-285090.882573,291029.4167969999,508.0,7620.0,8128.0,13.0,1131.0,1144.0,0.29474999999999996,0.49634999999999996,0.08065,923.4963126079605,-67800.74011325999,-66877.24380065202,68724.23642586796,-42679.39923975,-242411.48333324995,6187.01122067324,0.27319417306770755,0.7959322033898304,0.08700787401574804,-0.0018174409988023575,0.29583018162419145,False
科创50ETF易方达,9月,1.4,1.645,2026-09-23,202609,rule_fourth_wednesday,medium,6.0,4.0,84224.45985974999,-515378.77858075,-431154.318721,599603.2384405,459.0,8357.0,8816.0,16.0,3361.0,3377.0,0.649,0.46425,0.453,16331.329565170541,-155298.6447781733,-138967.31521300276,171629.97434334384,-204337.98218574998,-226816.33653524998,2220.858895705521,0.24761579829682703,0.48049363057324845,0.2185181014024745,-0.0016731970716972744,0.3743686005679319,False
科创50ETF易方达,9月,1.45,1.645,2026-09-23,202609,rule_fourth_wednesday,medium,6.0,4.0,93450.3544345,-1714157.0270054997,-1620706.6725709997,1807607.3814399997,761.0,13959.0,14720.0,186.0,4871.0,5057.0,0.22455,0.481,0.4538,38141.32184186344,-251728.97577183993,-213587.65392997648,289870.29761370335,-575315.2569324998,-1045391.4156384998,6502.982702628004,0.277499107307289,0.9933571793561574,0.2966828704939254,-0.01963224234835237,0.52847700605775,False
科创50ETF易方达,9月,1.5,1.645,2026-09-23,202609,rule_fourth_wednesday,medium,6.0,4.0,468630.78957275,-2293071.51367,-1824440.7240972498,2761702.3032427495,1429.0,8890.0,10319.0,569.0,6847.0,7416.0,0.19349999999999998,0.44904999999999995,1.08255,173937.71842212428,-1105236.4701120523,-931298.751689928,1279174.1885341764,-1579503.89705325,-244936.82704399986,956.8548977500125,0.4265755293542897,0.4745704467353951,0.5841858859664936,-0.04678419604901225,0.5520012995780667,False
科创50ETF易方达,9月,1.55,1.645,2026-09-23,202609,rule_fourth_wednesday,medium,6.0,4.0,2873355.4113459997,-8709180.724615,-5835825.3132690005,11582536.135961,5266.0,14426.0,19692.0,4304.0,26327.0,30631.0,0.32755,0.41215,2.1237,1778764.351331178,-5655312.158840913,-3876547.807509735,7434076.510172091,-6360733.764791001,524908.4515219999,280.62389871435084,0.6342027058526382,0.4351570415400202,1.3211437271260182,-0.19013148717333345,0.7742304894767054,False
科创50ETF易方达,9月,1.6,1.645,2026-09-23,202609,rule_fourth_wednesday,medium,6.0,4.0,11793043.665725,-17858273.871984,-6065230.206259001,29651317.537709,9530.0,15704.0,25234.0,10814.0,29649.0,40463.0,0.31910000000000005,0.2492,4.387700000000001,9226529.36799638,-12638163.047865596,-3411633.679869216,21864692.415861975,-6065230.206259001,0.0,121.4466744297557,0.7450313995521511,0.2906976744186047,1.511361372430895,0.0938427931579148,0.8574971916882161,True
科创50ETF易方达,9月,1.65,1.645,2026-09-23,202609,rule_fourth_wednesday,medium,6.0,4.0,31497188.68091425,-23950052.240071997,7547136.440842252,55447240.92098625,21089.0,17048.0,38137.0,27677.0,22247.0,49924.0,0.3272,-0.010099999999999998,5.35545,29491340.97750175,-16508826.706877533,12982514.270624217,46000167.68437928,7547136.440842252,0.0,96.00366819985953,0.8128094685408875,0.24334941810956556,1.3086764023086532,0.04396030587187373,0.9115516798649422,True
科创50ETF易方达,9月,1.7,1.645,2026-09-23,202609,rule_fourth_wednesday,medium,6.0,4.0,29334963.082383,-7681056.4545015,21653906.627881497,37016019.5368845,26436.0,7193.0,33629.0,31067.0,7587.0,38654.0,0.35955000000000004,-0.232,4.02345,24889017.472366318,-4635354.399859421,20253663.072506897,29524371.87222574,21653906.627881497,0.0,175.88280229664147,0.7259604248293535,0.40962962962962973,1.1149766320112038,0.11694420094094166,0.8892342295745304,True
科创50ETF易方达,9月,1.75,1.645,2026-09-23,202609,rule_fourth_wednesday,medium,6.0,4.0,14870339.733606,-3768996.56707525,11101343.166530749,18639336.30068125,22674.0,5669.0,28343.0,15055.0,2508.0,17563.0,0.3884500000000001,-0.36595,2.44025,3982838.116601384,-2050328.2465079639,1932509.87009342,6033166.363109347,8206127.105161999,2895216.0613687495,368.8167787890783,0.40591808678155006,0.4744990892531875,0.5531912143394156,-0.052990607695861364,0.8303613357540465,False
科创50ETF易方达,9月,1.8,1.645,2026-09-23,202609,rule_fourth_wednesday,medium,6.0,4.0,6340334.287087499,-1879813.4912865,4460520.795800999,8220147.7783739995,18093.0,6237.0,24330.0,12118.0,664.0,12782.0,0.39164999999999994,-0.44694999999999996,1.2044,1752565.739015,-488362.3655131233,1264203.3735018766,2240928.104528123,4046385.967196999,414134.8286039997,632.3606839027901,0.2681041708740873,0.48645161290322586,0.38811161306048836,-0.0468841837008784,0.7416846718367316,False
科创50ETF易方达,9月,1.85,1.645,2026-09-23,202609,rule_fourth_wednesday,medium,6.0,4.0,2206183.3781015,-783172.8846550002,1423010.4934465,2989356.2627565004,11441.0,3701.0,15142.0,6211.0,372.0,6583.0,0.45794999999999997,-0.46455,0.7473000000000001,626149.0766960334,-145477.42066820545,480671.6560278279,771626.4973642388,1118956.1123965,304054.38104999997,1011.5962563853982,0.23478471054148517,0.9985365853658537,0.32169275066297043,0.0221550030888875,0.5863187684548918,False
科创50ETF易方达,9月,1.9,1.645,2026-09-23,202609,rule_fourth_wednesday,medium,6.0,4.0,962507.35820225,-135296.054432,827211.30377025,1097803.41263425,7871.0,1696.0,9567.0,905.0,306.0,1211.0,0.2517,-0.4834,0.37335,92392.6355596125,-45728.797245394555,46663.83831421795,138121.43280500706,86257.44232174999,740953.8614485,2382.7750384031096,0.21699111711473057,0.4932566441888138,0.14770178263652337,-0.06074877804314477,0.4028308695387723,False
科创50ETF易方达,9月,1.95,1.645,2026-09-23,202609,rule_fourth_wednesday,medium,6.0,4.0,602854.74396,-50875.001855999995,551979.742104,653729.745816,9720.0,612.0,10332.0,2256.0,263.0,2519.0,0.53765,-0.48715,0.2682,60606.08090750769,-24625.10376417356,35980.97714333413,85231.18467168126,118058.891664,433920.85044,4026.0687954505415,0.29228165991351795,0.4980263157894737,0.330918663761801,-0.15120741128904316,0.3855258590244951,False
科创50ETF易方达,9月,2.0,1.645,2026-09-23,202609,rule_fourth_wednesday,medium,6.0,4.0,370463.40059925,-4748.8032725,365714.59732675,375212.20387175,8759.0,545.0,9304.0,389.0,58.0,447.0,0.28295,-0.49585,0.09425,9040.636622470955,-1854.547417080311,7186.089205390644,10895.184039551266,15947.44419275,349767.15313399996,3490.857946554149,0.20746650766690486,0.767562828755114,0.07541674042217128,-0.005560336747829563,0.28743496280519387,False
科创50ETF易方达,9月,2.05,1.645,2026-09-23,202609,rule_fourth_wednesday,medium,6.0,4.0,168185.51524600002,-1261.873578,166923.64166800003,169447.38882400002,4792.0,536.0,5328.0,110.0,87.0,197.0,0.3141,-0.4966,0.06920000000000001,31544.933823313517,-552.7220786641137,30992.2117446494,32097.655901977632,3655.8668352500003,163267.77483275003,6141.8177333826625,0.31278867402518257,0.771690895179801,0.0926341788553061,-0.016103309597168543,0.17733067982196957,False
科创50ETF易方达,9月,2.1,1.645,2026-09-23,202609,rule_fourth_wednesday,medium,6.0,4.0,68821.467897,-225.60130425,68595.86659275,69047.06920125,4658.0,397.0,5055.0,19.0,61.0,80.0,0.30779999999999996,-0.49870000000000003,0.02835,1731.6178698000003,-102.04964154818772,1629.5682282518126,1833.667511348188,246.05885324999997,68349.80773949999,8130.6974190005485,0.238753050044198,0.797566909975669,0.07886569840571137,-0.02022772537204381,0.13679806976754566,False
科创50ETF易方达,9月,2.15,1.645,2026-09-23,202609,rule_fourth_wednesday,medium,6.0,4.0,134808.428727,-51.197993,134757.23073399998,134859.62672,5222.0,473.0,5695.0,110.0,222.0,332.0,0.3731,-0.49715,0.0479,24727.356081225003,-30.523600018620797,24696.832481206384,24757.879681243623,2815.673133,131941.557601,5119.719006629069,0.38980666170435574,0.7970095693779905,0.24520466751902625,-0.0977891156462585,0.19756440263259162,False
科创50ETF易方达,9月,2.2,1.645,2026-09-23,202609,rule_fourth_wednesday,medium,6.0,4.0,92565.43013899999,-7.0897855,92558.3403535,92572.51992449998,4082.0,262.0,4344.0,186.0,75.0,261.0,0.40115,-0.49735,0.04195,3287.0271421901243,-3.809244953624496,3283.2178972365,3290.8363871437487,4215.797528249999,88342.54282524998,5110.760918505178,0.2863983287152632,0.7976440739398332,0.16591272052690828,0.0,0.1540022289321626,False
科创50ETF易方达,9月,2.25,1.645,2026-09-23,202609,rule_fourth_wednesday,medium,6.0,4.0,32503.879311750003,-3190.5658365,29313.313475250005,35694.44514825,3309.0,258.0,3567.0,4.0,30.0,34.0,0.7821,-0.49765,0.040999999999999995,2616.0269381400008,-1535.5894888603443,1080.4374492796564,4151.616427000345,-331.70454449999994,29645.018019750005,6103.263114415532,0.280887087304714,0.7998342175066313,0.058743947092847554,-0.024287263410236036,0.09046165993151542,False
科创50ETF易方达,9月,2.3,1.645,2026-09-23,202609,rule_fourth_wednesday,medium,6.0,4.0,47886.494906249995,0.0,47886.494906249995,47886.494906249995,5445.0,241.0,5686.0,342.0,0.0,342.0,0.40914999999999996,-0.49905,0.01625,10584.942615,0.0,10584.942615,10584.942615,3007.7467874999998,44878.748118749994,3430.2429098308526,0.33299350594652816,0.7860248447204969,0.03140495867768595,-9.18105031215571e-05,0.17470965122411508,False
科创50ETF易方达,9月,2.35,1.645,2026-09-23,202609,rule_fourth_wednesday,medium,6.0,4.0,88236.8184285,0.0,88236.8184285,88236.8184285,11091.0,142.0,11233.0,620.0,0.0,620.0,0.43265,-0.4991,0.0147,5788.663150313513,0.0,5788.663150313513,5788.663150313513,4932.54237,83304.27605849999,3424.074861760953,0.2602086351070978,0.7874693936338759,0.027950590568929762,-0.0010796221322537112,0.2591830111356852,False
科创50ETF易方达,9月,2.4,1.645,2026-09-23,202609,rule_fourth_wednesday,medium,6.0,4.0,24001.738183499998,0.0,24001.738183499998,24001.738183499998,3322.0,226.0,3548.0,5.0,0.0,5.0,0.4556,-0.49915,0.01335,4814.7978102,0.0,4814.7978102,4814.7978102,36.12543375,23965.61274975,173.45249917245945,0.3309200238108477,0.7876294204652414,0.0007525586995785671,0.00015055706112616682,0.08346700591551047,False
科创50ETF易方达,9月,2.45,1.645,2026-09-23,202609,rule_fourth_wednesday,medium,6.0,4.0,106043.03119375,0.0,106043.03119375,106043.03119375,15995.0,466.0,16461.0,27.0,0.0,27.0,0.47785,-0.49915,0.01225,21280.20766025,0.0,21280.20766025,21280.20766025,179.00355374999998,105864.02764,165.24818289122166,0.33423833234523065,0.78828125,0.0008440137542982182,-0.0002499531337874149,0.23151427169949967,False
科创50ETF易方达,10月,1.35,1.645,2026-10-28,202610,rule_fourth_wednesday,medium,41.0,29.0,6689.023197499999,-295373.1822475,-288684.15905,302062.20544499997,38.0,1678.0,1716.0,18.0,2368.0,2386.0,0.0001,0.35629999999999995,0.6505,3360.8421336814426,-177223.90934850002,-173863.06721481858,180584.75148218145,-292204.697575,3520.538525,682.9923042601289,0.5512206965388868,0.38671611598111927,0.942444012295339,0.6714101461736888,0.21465640315561865,False
科创50ETF易方达,10月,1.4,1.645,2026-10-28,202610,rule_fourth_wednesday,medium,41.0,29.0,18324.118889999998,-1158584.0625449996,-1140259.9436549996,1176908.1814349997,88.0,5564.0,5652.0,33.0,4176.0,4209.0,0.0001,0.31389999999999996,0.7695,7936.254402035148,-661030.8325081363,-653094.5781061011,668967.0869101714,-862691.1881962498,-277568.75545874983,341.6004920068237,0.5018274424836856,0.3194331983805667,0.5627695902228613,0.014735300272023435,0.4136339264488489,False
科创50ETF易方达,10月,1.45,1.645,2026-10-28,202610,rule_fourth_wednesday,medium,41.0,29.0,122875.1832,-1023245.4694,-900370.2862,1146120.6526,516.0,4297.0,4813.0,21.0,1603.0,1624.0,0.0001,0.2662,0.88,33589.92918558206,-161042.10848000002,-127452.17929441796,194632.0376655821,-376721.9764,-523648.30979999993,504.5579735942126,0.2153749554342051,0.24199901526341705,0.2068743201043454,0.06851694102298453,0.3602159861574009,False
科创50ETF易方达,10月,1.5,1.645,2026-10-28,202610,rule_fourth_wednesday,medium,41.0,29.0,275992.9018,-1129854.1951199998,-853861.2933199998,1405847.09692,1045.0,4278.0,5323.0,132.0,1019.0,1151.0,0.0001,0.2144,0.976,81350.8632208463,-529462.6699487997,-448111.8067279534,610813.5331696459,-234263.83147999996,-619597.4618399999,289.02243589743574,0.3816842928607527,0.17204301075268813,0.18225560394675328,-0.025159468003516712,0.3785652020990813,False
科创50ETF易方达,10月,1.55,1.645,2026-10-28,202610,rule_fourth_wednesday,medium,41.0,29.0,649265.021048,-804245.3507760001,-154980.3297280001,1453510.371824,2279.0,2823.0,5102.0,219.0,587.0,806.0,0.0001,0.1596,1.0528,138275.47064143946,-320206.81195682,-181931.34131538056,458482.2825982595,-104839.634816,-50140.69491199998,371.1419902209003,0.3055589943947216,0.05203619909502255,0.15201479976193796,0.05308821785598284,0.36304352117327604,False
科创50ETF易方达,10月,1.6,1.645,2026-10-28,202610,rule_fourth_wednesday,medium,41.0,29.0,716734.450614,-778759.54730175,-62025.096687750076,1495493.99791575,2392.0,2599.0,4991.0,343.0,1008.0,1351.0,0.0001,0.1031,1.1073,283176.1700233902,-275955.6977099052,7220.472313484992,559131.8677332954,-199259.36858625006,137234.27189849992,278.9892006652815,0.37472253139859635,0.0,0.26561806316038716,0.08147746193124016,0.38230199047282515,True
科创50ETF易方达,10月,1.65,1.645,2026-10-28,202610,rule_fourth_wednesday,medium,41.0,29.0,1124716.3195729998,-1022469.38143,102246.93814299989,2147185.7010029997,3652.0,3320.0,6972.0,2752.0,1906.0,4658.0,0.0001,0.04620000000000002,1.1381,779834.9478524665,-738361.6983806007,41473.24947186583,1518196.6462330671,260544.90864149993,-158297.9704985001,197.22826142355555,0.7077486066333352,0.0,0.6638280394304491,0.2714306223396421,0.4945040727896095,True
科创50ETF易方达,10月,1.7,1.645,2026-10-28,202610,rule_fourth_wednesday,medium,41.0,29.0,1328747.5197044997,-383095.855926,945651.6637784997,1711843.3756304998,4287.0,1236.0,5523.0,2376.0,576.0,2952.0,0.0001,-0.010000000000000009,1.1454,997835.7432561554,-175443.35172307916,822392.3915330763,1173279.0949792345,557906.5862999998,387745.0774784999,249.48725727368674,0.6044608236524034,0.11195286195286208,0.510126573678382,0.24582561491678162,0.43687497773850786,True
科创50ETF易方达,10月,1.75,1.645,2026-10-28,202610,rule_fourth_wednesday,medium,41.0,29.0,797428.9820420002,-235311.92908299997,562117.0529590002,1032740.9111250001,2606.0,769.0,3375.0,1495.0,429.0,1924.0,0.0001,-0.06440000000000001,1.1308,423816.34721474873,-111662.3480214145,312153.99919333425,535478.6952361632,326193.12926200015,235923.92369700002,362.4644921148001,0.503003771417053,0.22175048987589813,0.5657717461055661,0.3703586750175638,0.32385821882757204,False
科创50ETF易方达,10月,1.8,1.645,2026-10-28,202610,rule_fourth_wednesday,medium,41.0,29.0,1077767.51644975,-89937.63632175,987829.8801279999,1167705.1527715,3631.0,303.0,3934.0,891.0,86.0,977.0,0.0001,-0.11599999999999999,1.0969,460588.3636249559,-33110.33737748666,427478.02624746924,493698.7010024425,238943.22521124998,748886.65491675,335.1151853222065,0.39775091745888635,0.2865466101694915,0.26460766429162885,0.00309808643035403,0.32972462239620354,False
科创50ETF易方达,10月,1.85,1.645,2026-10-28,202610,rule_fourth_wednesday,medium,41.0,29.0,1107501.0756075,-31731.93156,1075769.1440475,1139233.0071675,3909.0,112.0,4021.0,855.0,78.0,933.0,0.0001,-0.1644,1.047,244562.52966600005,-17996.053500532595,226566.47616546747,262558.5831665326,220140.2751975,855628.86885,552.6476331474234,0.3939756591955134,0.34913043478260875,0.4575772941563425,0.3005111289411905,0.32519133433883823,False
科创50ETF易方达,10月,1.9,1.645,2026-10-28,202610,rule_fourth_wednesday,medium,41.0,29.0,1015651.0643580001,-37567.3662315,978083.6981265,1053218.4305895,3812.0,141.0,3953.0,1777.0,96.0,1873.0,0.0001,-0.209,0.9846,206309.6731815,-22261.111804451077,184048.56137704893,228570.78498595106,447877.6073415,530206.0907850001,652.9000911023386,0.39784780491532945,0.3828961950498707,0.5735052800785871,0.6399292628443782,0.34132726279679154,False
科创50ETF易方达,10月,1.95,1.645,2026-10-28,202610,rule_fourth_wednesday,medium,41.0,29.0,1622660.0437774998,-40288.4367305,1582371.6070469997,1662948.480508,6565.0,163.0,6728.0,4372.0,150.0,4522.0,0.0001,-0.24960000000000002,0.9134,447701.8693156333,-28644.700583103495,419057.1687325298,476346.56989873684,1043544.661817,538826.9452299998,545.3075972235424,0.49344837970035305,0.41183959261616804,0.793100612562436,0.5940975636634905,0.4617859330234918,False
科创50ETF易方达,12月,1.25,1.645,2026-12-23,202612,rule_fourth_wednesday,medium,97.0,69.0,194315.3797305,-1815997.6825549998,-1621682.3028244998,2010313.0622854999,1698.0,15463.0,17161.0,84.0,14218.0,14302.0,0.245,0.36774999999999997,0.42845,70070.49384991906,-758713.09761975,-688642.6037698309,828783.591469669,-1660170.258761,38487.95593650002,502.4168396983775,0.38919799126405175,0.2641459545214172,0.48447759372709825,0.04075226875042887,0.5857891074892899,False
科创50ETF易方达,12月,1.3,1.645,2026-12-23,202612,rule_fourth_wednesday,medium,97.0,69.0,69412.463757,-1232999.8582860003,-1163587.3945290004,1302412.3220430003,546.0,8744.0,9290.0,98.0,1822.0,1920.0,0.24155,0.33930000000000005,0.49545,27383.398729171495,-201408.77831508007,-174025.37958590858,228792.17704425156,-244463.32678950008,-919124.0677395002,428.08472818841653,0.27892560034001873,0.22240307783367858,0.19392931709949093,0.041450899162037466,0.4340284601779994,False
科创50ETF易方达,12月,1.35,1.645,2026-12-23,202612,rule_fourth_wednesday,medium,97.0,69.0,88409.40870300001,-402797.125059,-314387.716356,491206.533762,636.0,2437.0,3073.0,23.0,913.0,936.0,0.23975,0.30715,0.56225,28173.1689537941,-140921.1443682,-112747.97541440591,169094.3133219941,-147707.10279325,-166680.61356274996,617.50682967872,0.33426173513668045,0.18026533996683253,0.20540223700136523,-0.02117443392998531,0.23273261945125984,False
科创50ETF易方达,12月,1.4,1.645,2026-12-23,202612,rule_fourth_wednesday,medium,97.0,69.0,113926.466766,-465801.721616,-351875.25485,579728.188382,552.0,2464.0,3016.0,9.0,100.0,109.0,0.38585,0.34115,0.73065,32628.38227674949,-38615.16436773334,-5986.782090983852,71243.54664448283,-17046.79390925,-334828.46094074997,529.9544267551616,0.18464952387614922,0.17642805495300085,0.028444381705251272,0.007123169989619501,0.18006229757920827,False
科创50ETF易方达,12月,1.45,1.645,2026-12-23,202612,rule_fourth_wednesday,medium,97.0,69.0,103230.4699895,-273757.72515,-170527.2551605,376988.1951395,386.0,1300.0,1686.0,98.0,63.0,161.0,0.36510000000000004,0.31035,0.88325,37248.321053013045,-75119.99655740298,-37871.67550438993,112368.31761041602,12942.051647000002,-183469.30680750002,428.568130015866,0.31761500575215373,0.023935002195871802,0.15117377441211638,0.10493930100081447,0.1396596804316942,False
科创50ETF易方达,12月,1.5,1.645,2026-12-23,202612,rule_fourth_wednesday,medium,97.0,69.0,281753.9749045,-430613.22196200007,-148859.24705750006,712367.1968665001,862.0,1896.0,2758.0,86.0,251.0,337.0,0.38375,0.244,1.0236,79083.09622208367,-108925.15888870001,-29842.062666616344,188008.25511078368,-28896.260902250007,-119962.98615525005,509.2343161327808,0.266817486310842,0.0,0.11607597384162041,0.0375775925134542,0.21301575437546655,False
科创50ETF易方达,12月,1.55,1.645,2026-12-23,202612,rule_fourth_wednesday,medium,97.0,69.0,505554.74423999997,-692115.251646,-186560.507406,1197669.9958859999,1440.0,2868.0,4308.0,55.0,268.0,323.0,0.39869999999999994,0.17900000000000002,1.0946,113290.54206966898,-168282.78782466598,-54992.245754997,281573.32989433495,-45365.264353499995,-141195.24305250007,490.8884221646049,0.2336171330261032,0.0,0.06581967689446769,0.01232583065380493,0.2987664538438767,False
科创50ETF易方达,12月,1.6,1.645,2026-12-23,202612,rule_fourth_wednesday,medium,97.0,69.0,1318989.431193,-864135.9349437499,454853.49624925,2183125.3661367497,3617.0,3515.0,7132.0,24.0,153.0,177.0,0.4125,0.11825,1.12805,468393.53244831064,-215624.10899624898,252769.42345206166,684017.6414445597,-28861.948505249995,483715.44475449994,384.64005666169857,0.30232056895336096,0.06249999999999983,0.025081535706799447,0.0008344253109378655,0.388836505400615,True
科创50ETF易方达,12月,1.65,1.645,2026-12-23,202612,rule_fourth_wednesday,medium,97.0,69.0,1242682.123977,-842162.7684014998,400519.35557550006,2084844.8923784997,3321.0,3354.0,6675.0,31.0,282.0,313.0,0.41645000000000004,0.06015000000000001,1.1553499999999999,253176.37009419999,-347880.68593375315,-94704.31583955316,601057.0560279532,-59208.09760249998,459727.45317800017,419.2389836413793,0.30840696073204493,0.13098942128189178,0.04670662488775554,0.0033019049517684657,0.39548991153051105,True
科创50ETF易方达,12月,1.7,1.645,2026-12-23,202612,rule_fourth_wednesday,medium,97.0,69.0,928977.624813,-742562.9721544998,186414.65265850013,1671540.5969674997,2598.0,2974.0,5572.0,249.0,193.0,442.0,0.43034999999999995,0.00605,1.12205,221409.90965520003,-232702.085169084,-11292.175513883965,454111.994824284,40846.77086875,145567.88178975007,498.09290441511587,0.2758570431770653,0.20167189132706365,0.08036935970093388,0.012615312588081858,0.364195009651647,True
科创50ETF易方达,12月,1.75,1.645,2026-12-23,202612,rule_fourth_wednesday,medium,97.0,69.0,827551.3699320001,-352631.69707849994,474919.6728535001,1180183.0670105,2351.0,1442.0,3793.0,224.0,44.0,268.0,0.4356,-0.04594999999999996,1.10225,170568.1542303635,-112209.10840546693,58359.04582489656,282777.26263583044,68088.02688100001,406831.64597250003,351.47728656461754,0.2621583451287731,0.2616718541574031,0.06289589049662227,0.054392628833701474,0.28299290194568827,False
科创50ETF易方达,12月,1.8,1.645,2026-12-23,202612,rule_fourth_wednesday,medium,97.0,69.0,648933.7224072501,-240637.278042,408296.44436525006,889571.0004492501,1961.0,1017.0,2978.0,360.0,91.0,451.0,0.4466,-0.09185000000000001,1.04865,177439.19528545003,-86891.04874637292,90548.1465390771,264330.24403182295,97599.17784400002,310697.26652125,462.95233050455045,0.3172595774565593,0.3114220007665774,0.13652933280583973,0.10898749630068068,0.2490176370186798,False
科创50ETF易方达,12月,1.85,1.645,2026-12-23,202612,rule_fourth_wednesday,medium,97.0,69.0,534029.920592,-86691.29931000002,447338.621282,620721.219902,1736.0,396.0,2132.0,96.0,5.0,101.0,0.4688,-0.12900000000000003,0.9729000000000001,54535.03705216001,-29834.98426160226,24700.05279055775,84370.02131376228,28437.0213995,418901.5998825,476.076391078023,0.22313590911143336,0.38026101141924956,0.033962900898384774,0.007259412960096103,0.16614741710112824,False
科创50ETF易方达,12月,1.9,1.645,2026-12-23,202612,rule_fourth_wednesday,medium,97.0,69.0,628241.263377,-136657.2391275,491584.0242495,764898.5025045,2236.0,598.0,2834.0,235.0,9.0,244.0,0.4526,-0.17584999999999998,0.9414,110176.35990410001,-49760.94082445935,60415.41907964066,159937.30072855938,63970.431,427613.5932494999,582.5541136754119,0.26975112638326115,0.34525993883792055,0.06007427860309559,0.010564044519901904,0.2081833370497803,False
科创50ETF易方达,12月,1.95,1.645,2026-12-23,202612,rule_fourth_wednesday,medium,97.0,69.0,752355.0754002499,-148208.36686424998,604146.708536,900563.4422644998,2911.0,683.0,3594.0,360.0,21.0,381.0,0.45849999999999996,-0.21175,0.8785,187688.16755605,-56650.17653430879,131037.99102174121,244338.3440903588,88485.96215024998,515660.74638574995,583.6056644880173,0.3158504298679035,0.37414873331517295,0.07720777401616427,0.024812583724576252,0.2590875317943415,False
科创50ETF易方达,12月,2.0,1.645,2026-12-23,202612,rule_fourth_wednesday,medium,97.0,69.0,1286986.680651,-185588.50322600003,1101398.177425,1472575.1838770001,5497.0,956.0,6453.0,601.0,50.0,651.0,0.49255000000000004,-0.2294,0.7913,313681.0541634,-75132.02534478494,238549.02881861507,388813.079508185,131002.783408,970395.3940170001,423.91410578144803,0.3242820965388583,0.43744098205854576,0.08081680916863744,0.024698716354370497,0.3813687536216972,False
科创50ETF易方达,12月,2.05,1.645,2026-12-23,202612,rule_fourth_wednesday,medium,97.0,69.0,839222.131034,-101080.20840399999,738141.9226299999,940302.339438,3974.0,527.0,4501.0,2002.0,21.0,2023.0,0.4823,-0.2646,0.7445999999999999,484622.32931530935,-41456.54042830768,443165.7888870017,526078.869743617,418750.87428999995,319391.04834,226.98827346918145,0.49380059425482853,0.42465300727032396,0.2718113659087675,0.14919483614400378,0.34029128085442817,False
科创50ETF易方达,12月,2.1,1.645,2026-12-23,202612,rule_fourth_wednesday,medium,97.0,69.0,638730.1409999998,-280731.476298,357998.6647019998,919461.6172979998,3372.0,1622.0,4994.0,1026.0,30.0,1056.0,0.5171,-0.2751,0.6698,205484.71439999997,-116073.56133822995,89411.15306177002,321558.2757382299,189154.39472999997,168844.2699719998,543.2245931695728,0.36758823375817884,0.4737149532710279,0.1613830734868863,-0.005504686686339177,0.32509998011153485,False
科创50ETF易方达,12月,2.15,1.645,2026-12-23,202612,rule_fourth_wednesday,medium,97.0,69.0,970703.3126017499,-736722.558397,233980.75420474994,1707425.87099875,5713.0,4627.0,10340.0,373.0,14.0,387.0,0.55095,-0.283,0.60815,154777.87576160004,-307725.0956964559,-152947.21993485588,462502.97145805595,61147.803382750004,172832.95082199993,560.557125212159,0.2885719463438037,0.49334267694463907,0.03415770439423001,-0.0006118881118881119,0.41082730281942353,False
科创50ETF易方达,12月,2.2,1.645,2026-12-23,202612,rule_fourth_wednesday,medium,97.0,69.0,464372.94041599997,-34074.07737825,430298.86303774995,498447.01779425,3047.0,249.0,3296.0,2237.0,0.0,2237.0,0.6363,-0.26880000000000004,0.5344500000000001,229245.08597759999,-14395.296501987414,214849.78947561258,243640.3824795874,340926.24473599996,89372.61830174999,547.8490681063927,0.45806825906474063,0.4209090909090909,0.3670823761076469,0.3666097838452787,0.27151800135082443,False
科创50ETF易方达,12月,2.25,1.645,2026-12-23,202612,rule_fourth_wednesday,medium,97.0,69.0,163093.10091899996,-16781.035194,146312.06572499996,179874.13611299996,1193.0,116.0,1309.0,483.0,0.0,483.0,0.5781999999999999,-0.31105,0.5199,59030.67977939999,-7241.478913717864,51789.20086568212,66272.15869311785,66030.14898899998,80281.916736,440.4908153287293,0.39673611096010086,0.4788965933072053,0.20243084660519697,0.011578044596912522,0.12920794016257997,False
科创50ETF易方达,12月,2.3,1.645,2026-12-23,202612,rule_fourth_wednesday,medium,97.0,69.0,206994.18926549997,-17449.01746525,189545.17180024995,224443.20673074998,1686.0,139.0,1825.0,634.0,0.0,634.0,0.67605,-0.28835,0.4588,72533.9068909,-7667.831701724621,64866.07518917538,80201.73859262462,77837.67259449999,111707.49920574998,482.51433472332525,0.394928608231343,0.4103829451243584,0.18801897983392646,0.10647482014388489,0.1562291252807664,False
科创50ETF易方达,12月,2.35,1.645,2026-12-23,202612,rule_fourth_wednesday,medium,97.0,69.0,212613.19605750003,-26749.544209499996,185863.65184800004,239362.74026700002,1930.0,201.0,2131.0,1067.0,0.0,1067.0,0.59535,-0.3368,0.44945,89539.89935520002,-11913.842316033899,77626.05703916612,101453.74167123392,117543.15035925002,68320.50148875001,458.9532957613164,0.43326238404124384,0.4762189451308622,0.27642487046632125,0.12419146183699871,0.1834354959277118,False
科创50ETF易方达,12月,2.4,1.645,2026-12-23,202612,rule_fourth_wednesday,medium,97.0,69.0,422416.1851525,-42335.35522125,380080.82993125,464751.54037375,4235.0,339.0,4574.0,3389.0,0.0,3389.0,0.5244500000000001,-0.38680000000000003,0.41505000000000003,219696.31391189998,-19123.81042993726,200572.50348196272,238820.12434183725,338032.69220349996,42048.13772775001,495.89956975781115,0.485908214856812,0.4768664563617246,0.4001180637544274,-0.015778641664761034,0.30872177474707807,False
科创50ETF易方达,12月,2.45,1.645,2026-12-23,202612,rule_fourth_wednesday,medium,97.0,69.0,1220129.7869039997,-111596.903964,1108532.8829399997,1331726.6908679998,13344.0,936.0,14280.0,53074.0,0.0,53074.0,0.6689999999999999,-0.3328,0.38925,594219.0520636358,-51043.01812498969,543176.0339386461,645262.0701886255,1220129.7869039997,-111596.903964,305.58308936208726,0.47220019517699685,0.443348623853211,1.9886840527577938,-0.023394528180584327,0.5511497944738816,False
科创50ETF易方达,3月,1.35,1.645,2027-03-24,202703,rule_fourth_wednesday,medium,188.0,134.0,4938.2250225,-41171.520929,-36233.295906499996,46109.7459515,42.0,302.0,344.0,0.0,615.0,615.0,0.24084999999999998,0.2794,0.46915,1189.4268056942292,-29482.774809740193,-28293.34800404596,30672.201615434424,-41171.520929,4938.2250225,401.9015470971387,0.4784787623222891,0.13157950316593353,1.0182119205298013,0.35795454545454547,0.07782425773979955,False
科创50ETF易方达,3月,1.4,1.645,2027-03-24,202703,rule_fourth_wednesday,medium,188.0,134.0,33238.105075,-664473.747476,-631235.642401,697711.852551,173.0,4528.0,4701.0,0.0,960.0,960.0,0.3547,0.32435,0.62615,7629.541036482127,-179478.25350750738,-171848.71247102527,187107.7945439895,-140877.82632,-490357.816081,428.2236220792047,0.24982392919175994,0.15849085618301822,0.10600706713780919,0.03408822835574428,0.2938985785889967,False
科创50ETF易方达,3月,1.45,1.645,2027-03-24,202703,rule_fourth_wednesday,medium,188.0,134.0,16964.74723125,-152705.103908,-135740.35667675,169669.85113924998,75.0,977.0,1052.0,0.0,108.0,108.0,0.38625,0.26154999999999995,0.70675,3608.152469862795,-41021.19288079244,-37413.04041092964,44629.34535065524,-16880.400432,-118859.95624474999,476.813467280193,0.2406577215699091,0.20195641083999782,0.05527123848515865,-0.017292490118577076,0.07960942089800489,False
科创50ETF易方达,3月,1.5,1.645,2027-03-24,202703,rule_fourth_wednesday,medium,188.0,134.0,52032.531109999996,-214929.79699975,-162897.26588974998,266962.32810975,212.0,1307.0,1519.0,71.0,144.0,215.0,0.39559999999999995,0.2159,0.75735,17376.901899,-52457.99942075,-35081.097521749994,69834.90131975,-6254.1108595000005,-156643.15503025,510.4399054995668,0.2890163271787617,0.19096510214931278,0.22254081794690417,0.03110255726209078,0.12155402840535477,False
科创50ETF易方达,3月,1.55,1.645,2027-03-24,202703,rule_fourth_wednesday,medium,188.0,134.0,137363.32223075,-107650.54534499999,29712.776885750005,245013.86757575,541.0,636.0,1177.0,0.0,193.0,193.0,0.4082,0.17075,0.7819,27472.66444615,-34597.1249505,-7124.460504350001,62069.78939665,-32667.539703749997,62380.3165895,513.9850318066668,0.26069182389937107,0.2384146341463415,0.15172955974842767,-0.020361990950226245,0.10611760095067498,False
科创50ETF易方达,3月,1.6,1.645,2027-03-24,202703,rule_fourth_wednesday,medium,188.0,134.0,320556.66860875,-112878.152681,207678.51592774998,433434.82128975,1195.0,653.0,1848.0,156.0,63.0,219.0,0.41115,0.12895,0.81505,80850.02503655,-30607.923346043834,50242.10169050616,111457.94838259384,30956.493036,176722.02289175,498.9261396973544,0.2616882704129548,0.28197064989517817,0.11351086392382759,0.05333375675713822,0.1570709711329099,True
科创50ETF易方达,3月,1.65,1.645,2027-03-24,202703,rule_fourth_wednesday,medium,188.0,134.0,175980.43674049995,-108916.72150274999,67063.71523774996,284897.1582432499,646.0,629.0,1275.0,190.0,69.0,259.0,0.4199,0.08764999999999998,0.8232999999999999,62020.72681033496,-33675.04442138569,28345.682388949273,95695.77123172066,39811.01273974999,27252.702497999955,354.1135298653535,0.3308056254982843,0.3304779080252479,0.20190779014308427,0.12014652014652014,0.12445438639271295,True
科创50ETF易方达,3月,1.7,1.645,2027-03-24,202703,rule_fourth_wednesday,medium,188.0,134.0,175819.9153375,-154478.09148799998,21341.82384950001,330298.00682549994,653.0,866.0,1519.0,62.0,18.0,80.0,0.4214,0.047199999999999964,0.8271,41841.370357499996,-44153.47911788434,-2312.1087603843407,85994.84947538434,13482.607201,7859.216648500034,509.1979913459328,0.26190106369787014,0.33238636363636365,0.05786581031232648,0.054078591317306565,0.11515667686228381,True
科创50ETF易方达,3月,1.75,1.645,2027-03-24,202703,rule_fourth_wednesday,medium,188.0,134.0,216306.866062,-98792.9137125,117513.95234949999,315099.7797745,817.0,570.0,1387.0,59.0,17.0,76.0,0.4343,0.010849999999999999,0.80945,60800.12674741625,-30018.92291657244,30781.203830843813,90819.0496639887,12674.236352749998,104839.71599674999,298.81151817650743,0.2924698933059313,0.38510189739985945,0.051019991840065275,0.0364599168946995,0.10834527284746143,False
科创50ETF易方达,3月,1.8,1.645,2027-03-24,202703,rule_fourth_wednesday,medium,188.0,134.0,122177.19111150001,-59736.800767,62440.39034450001,181913.9918785,471.0,343.0,814.0,20.0,35.0,55.0,0.43584999999999996,-0.02579999999999999,0.8010999999999999,28877.363610019853,-20661.396313040415,8215.967296979437,49538.759923060265,-907.6007849999996,63347.99112950001,422.2320059959149,0.29111512747069734,0.39460317460317457,0.07225183066857316,0.005271540551513073,0.06510454715432401,False
科创50ETF易方达,3月,1.85,1.645,2027-03-24,202703,rule_fourth_wednesday,medium,188.0,134.0,340291.43833125,-82806.12391625,257485.31441499997,423097.5622475,1409.0,395.0,1804.0,90.0,0.0,90.0,0.39930000000000004,-0.07370000000000002,0.8336,115502.22055424761,-26420.10172870209,89082.11882554552,141922.3222829497,21736.1458125,235749.16860249994,354.41800505061985,0.3292406137025843,0.24571240105540898,0.0319375443577005,-0.030020013342228154,0.1395712411958358,False
科创50ETF易方达,3月,1.9,1.645,2027-03-24,202703,rule_fourth_wednesday,medium,188.0,134.0,543739.463015,-43731.420579000005,500008.04243599996,587470.883594,2260.0,308.0,2568.0,105.0,0.0,105.0,0.49985,-0.07274999999999998,0.7069000000000001,211516.55248547174,-14394.692272656695,197121.86021281505,225911.24475812842,25262.231688750002,474745.8107472499,312.762031584484,0.3590824101306429,0.44794771841320796,0.023230088495575223,0.002445531347265451,0.16971527971490713,False
科创50ETF易方达,3月,1.95,1.645,2027-03-24,202703,rule_fourth_wednesday,medium,188.0,134.0,52666.28216499999,-7008.307087249999,45657.97507774999,59674.58925224999,230.0,43.0,273.0,2.0,0.0,2.0,0.45715,-0.11755000000000002,0.72425,25431.243945490485,-2386.8954897180197,23044.348455772466,27818.139435208504,457.96767099999994,45200.007406749995,237.51382598282362,0.4117280696485237,0.45348293595137923,0.004347826086956522,0.0,0.01963546427398018,False
科创50ETF易方达,3月,2.0,1.645,2027-03-24,202703,rule_fourth_wednesday,medium,188.0,134.0,210850.08546875,-33747.37898,177102.70648875,244597.46444875002,959.0,238.0,1197.0,137.0,0.0,137.0,0.49775,-0.1313,0.66825,54218.59340625001,-11781.884949497573,42436.708456752436,66000.47835574759,30121.44078125,146981.26570750002,596.3604395604402,0.30313142857142816,0.46080382013529636,0.07142857142857142,0.05178365937859609,0.10023231679525305,False
科创50ETF易方达,3月,2.05,1.645,2027-03-24,202703,rule_fourth_wednesday,medium,188.0,134.0,136206.1988805,-25639.153910999998,110567.04496949998,161845.3527915,659.0,186.0,845.0,69.0,0.0,69.0,0.5071,-0.15330000000000002,0.6366,32945.778606299995,-9231.904698444712,23713.873907855283,42177.68330474471,14261.347075499998,96305.69789399998,606.2590662452453,0.3009761031634445,0.4524770642201834,0.05235204855842185,0.00382262996941896,0.06269456293422238,False
科创50ETF易方达,3月,2.1,1.645,2027-03-24,202703,rule_fourth_wednesday,medium,188.0,134.0,469492.306752,-81907.696556,387584.610196,551400.003308,2432.0,556.0,2988.0,591.0,60.0,651.0,0.48119999999999996,-0.18805,0.6289,139534.9668258,-33683.67150069126,105851.29532510873,173218.63832649123,105252.3036285,282332.3065675,473.1057821606054,0.35422167071513516,0.49711503786512795,0.17546176874290043,0.06504818632043903,0.22435946698378567,False
