underlying,contract_month,strike,underlying_price,expiry,expiry_month,expiry_source,expiry_confidence,days_to_expiry,business_days_to_expiry_estimate,call_gex,put_gex,net_gex,total_abs_gex,call_oi,put_oi,total_oi,call_volume,put_volume,total_volume,avg_iv,avg_delta,avg_gamma,liquidity_adjusted_call_gex,liquidity_adjusted_put_gex,liquidity_adjusted_net_gex,liquidity_adjusted_abs_gex,active_gex,stable_gex,avg_spread_bps,avg_liquidity_score,avg_pricing_quality_score,avg_volume_oi_ratio,avg_oi_change_rate,price_wall_score,in_price_range
上证50ETF华夏,8月,2.75,3.066,2026-08-26,202608,rule_fourth_wednesday,medium,19.0,13.0,141970.94456831997,-4227935.135734799,-4085964.191166479,4369906.0803031195,368.0,16695.0,17063.0,159.0,2711.0,2870.0,0.11489999999999999,0.4729,0.3399,88901.93734047044,-878610.2521664159,-789708.3148259455,967512.1895068863,-625208.0891968799,-3460756.1019695993,526.1662943429831,0.4170044165094151,0.4452542921930676,0.297224582340456,-0.09808564562503586,0.615281649205912,False
上证50ETF华夏,8月,2.8,3.066,2026-08-26,202608,rule_fourth_wednesday,medium,19.0,13.0,1895951.1273872396,-12155544.69349248,-10259593.56610524,14051495.82087972,3061.0,32853.0,35914.0,674.0,6371.0,7045.0,0.1027,0.45494999999999997,0.52625,1240449.0637331703,-1068095.7396608396,172353.32407233072,2308544.80339401,-1939788.8415612,-8319804.72454404,988.8754609401626,0.3710655832742979,0.4321319018404906,0.20705696595288647,-0.06424181304299581,0.8036056387354215,False
上证50ETF华夏,8月,2.85,3.066,2026-08-26,202608,rule_fourth_wednesday,medium,19.0,13.0,2957974.6771814395,-23134595.35208976,-20176620.674908318,26092570.0292712,3248.0,35959.0,39207.0,2878.0,9193.0,12071.0,0.09645,0.4229,0.8266,2315461.3971377267,-2395809.6618828955,-80348.26474516885,4711271.059020622,-3293398.5559876794,-16883222.11892064,444.7796370492581,0.44317284390673,0.39493610979649774,0.5708680072419643,-0.17311191056332725,0.8609745615365134,False
上证50ETF华夏,8月,2.9,3.066,2026-08-26,202608,rule_fourth_wednesday,medium,19.0,13.0,16204616.999529839,-51738521.24868335,-35533904.24915351,67943138.24821319,13157.0,48802.0,61959.0,10079.0,30209.0,40288.0,0.0876,0.37749999999999995,1.2189999999999999,11485084.913613265,-25288810.136085086,-13803725.22247182,36773895.04969835,-19613094.901676632,-15920809.347476874,138.9171894829031,0.5987674704955812,0.33839611178614815,0.692533803867861,-0.10164647339081484,0.9393451577191707,False
上证50ETF华夏,8月,2.95,3.066,2026-08-26,202608,rule_fourth_wednesday,medium,19.0,13.0,34516764.8611632,-67459783.78714176,-32943018.925978556,101976548.64830495,22440.0,38184.0,60624.0,23279.0,28400.0,51679.0,0.0836,0.30505000000000004,1.75785,28652124.339528546,-47380340.29596821,-18728215.956439666,76032464.63549677,-15657597.687412798,-17285421.238565758,73.40334589356709,0.7662212040429806,0.21223628691983104,0.8905778073185734,-0.07993468440157823,0.9530003448030097,True
上证50ETF华夏,8月,3.0,3.066,2026-08-26,202608,rule_fourth_wednesday,medium,19.0,13.0,192188536.7220403,-192956268.77874893,-767732.0567086339,385144805.5007892,63954.0,74775.0,138729.0,75128.0,67104.0,142232.0,0.1297,0.30269999999999997,2.97095,184730054.61874273,-131089384.66115582,53640669.957586914,315819439.2798985,19027219.970062137,-19794952.026770756,59.87388848402814,0.820282696895955,0.0,1.0360657831141107,-0.050966496210664354,0.9902354016652363,True
上证50ETF华夏,8月,3.1,3.066,2026-08-26,202608,rule_fourth_wednesday,medium,19.0,13.0,527743798.2878644,-125572216.7036358,402171581.5842286,653316014.9915001,130554.0,42395.0,172949.0,102080.0,38519.0,140599.0,0.14875,-0.09295,3.72555,364356708.3955262,-93326182.49334405,271030525.9021821,457682890.88887024,298550511.34440076,103621070.2398278,75.09568409490757,0.7168058919617141,0.077223088923557,0.8452364011244031,-0.01078652641508853,0.9943859649122808,True
上证50ETF华夏,8月,3.2,3.066,2026-08-26,202608,rule_fourth_wednesday,medium,19.0,13.0,227187993.78919473,-17316852.26888736,209871141.52030736,244504846.0580821,125633.0,9736.0,135369.0,29276.0,3917.0,33193.0,0.1825,-0.3277,1.9079,116014941.97625275,-12988018.45116587,103026923.52508688,129002960.42741862,45974213.45512379,163896928.0651836,90.85024602888232,0.6303390159294262,0.4262295081967213,0.3176746141598109,0.011608149117079239,0.9764619046793501,True
上证50ETF华夏,8月,3.3,3.066,2026-08-26,202608,rule_fourth_wednesday,medium,19.0,13.0,36642392.91262367,-1645500.7326038396,34996892.18001983,38287893.645227514,53222.0,1524.0,54746.0,9968.0,456.0,10424.0,0.23475000000000001,-0.3987,0.9405000000000001,9564672.181958286,-1070221.1734984329,8494451.008459853,10634893.35545672,6370434.758136958,28626457.421882875,265.53012075800217,0.4557099503919041,0.4827160493827161,0.2432517841624312,-0.02525738151022528,0.8892309984785188,False
上证50ETF华夏,8月,3.4,3.066,2026-08-26,202608,rule_fourth_wednesday,medium,19.0,13.0,12059826.038540278,-931093.7933656798,11128732.245174598,12990919.831905957,32669.0,1206.0,33875.0,2277.0,155.0,2432.0,0.32535000000000003,-0.40135,0.607,369264.2427769681,-483359.43490057735,-114095.19212360925,852623.6776775455,720891.1167998399,10407841.128374757,344.0379187303606,0.27487506703227504,0.4370212765957447,0.09911157477989058,0.007799557701776301,0.7547536236191255,False
上证50ETF华夏,8月,3.5,3.066,2026-08-26,202608,rule_fourth_wednesday,medium,19.0,13.0,5402534.998895999,-1762817.7395051997,3639717.2593907993,7165352.738401199,28200.0,3030.0,31230.0,1401.0,520.0,1921.0,0.35309999999999997,-0.4318,0.41135,169104.271789152,-1037869.1808829472,-868764.9090937951,1206973.4526720992,-34127.240429520025,3673844.4998203195,1049.9319110304136,0.31002835944595536,0.46105357946870784,0.11064900639000069,-0.008430110584169294,0.6886517055732697,False
上证50ETF华夏,9月,2.65,3.066,2026-09-23,202609,rule_fourth_wednesday,medium,47.0,33.0,769404.47404464,-6907152.2201136,-6137747.74606896,7676556.694158239,2146.0,29640.0,31786.0,269.0,2147.0,2416.0,0.1101,0.4576,0.31465,438296.56567080744,-1271443.713484752,-833147.1478139446,1709740.2791555594,-403881.31335132,-5733866.43271764,466.96847753185807,0.37686664868688047,0.39522613065326645,0.09889269242717519,-0.05429555085601926,0.7042942559340929,False
上证50ETF华夏,9月,2.7,3.066,2026-09-23,202609,rule_fourth_wednesday,medium,47.0,33.0,709072.9892366399,-8970144.571503356,-8261071.582266716,9679217.560739996,1502.0,26536.0,28038.0,192.0,3478.0,3670.0,0.1069,0.43825000000000003,0.43089999999999995,326376.30612419214,-613799.1117525655,-287422.80562837335,940175.4178767577,-1085051.5078838395,-7176020.074382877,299.10325778500845,0.26435640089681267,0.36561151079136683,0.12944839500503197,-0.05877370745232509,0.7350889273470982,False
上证50ETF华夏,9月,2.75,3.066,2026-09-23,202609,rule_fourth_wednesday,medium,47.0,33.0,1603813.2558613198,-5227469.160994079,-3623655.9051327594,6831282.416855399,2683.0,11198.0,13881.0,132.0,2108.0,2240.0,0.10169999999999998,0.41425,0.56625,831209.6685765315,-2748427.904745001,-1917218.2361684693,3579637.5733215325,-905154.6390263998,-2718501.2661063587,115.17165697016402,0.5220186530164111,0.33199999999999996,0.11872327981468925,-0.017107449709317282,0.6309176071239843,False
上证50ETF华夏,9月,2.8,3.066,2026-09-23,202609,rule_fourth_wednesday,medium,47.0,33.0,3063764.02752,-11552446.053600479,-8488682.026080478,14616210.08112048,4200.0,17647.0,21847.0,1015.0,4253.0,5268.0,0.09895,0.381,0.7362,1785512.0088692151,-5821463.624782456,-4035951.615913241,7606975.633651671,-2043777.6477115196,-6444904.378368959,87.31360002001425,0.5433499473200798,0.2762792542641809,0.24133540167356113,-0.05391600488298628,0.7687903101456749,False
上证50ETF华夏,9月,2.85,3.066,2026-09-23,202609,rule_fourth_wednesday,medium,47.0,33.0,4437467.096900039,-16334298.388681555,-11896831.291781515,20771765.485581595,5163.0,18409.0,23572.0,1380.0,6493.0,7873.0,0.09614999999999999,0.3389,0.9291,2899226.6535876123,-8098547.541839699,-5199320.888252087,10997774.195427312,-4575161.443509718,-7321669.848271798,71.21265441289204,0.5745759214743392,0.21216475095785464,0.30999718798333015,0.054802031305141954,0.8060597354015276,False
上证50ETF华夏,9月,2.9,3.066,2026-09-23,202609,rule_fourth_wednesday,medium,47.0,33.0,6414241.82715036,-21687031.147521596,-15272789.320371237,28101272.974671956,6549.0,18787.0,25336.0,1081.0,5472.0,6553.0,0.09485,0.28545,1.13495,3806263.0606263694,-12408658.311652372,-8602395.251026003,16214921.37227874,-5257921.896266759,-10014867.424104478,93.9294684429297,0.5827888129229181,0.10156720916214573,0.2281643025264877,-0.014450754592082504,0.8248803027221826,False
上证50ETF华夏,9月,2.95,3.066,2026-09-23,202609,rule_fourth_wednesday,medium,47.0,33.0,9574865.71284096,-19728024.6881718,-10153158.97533084,29302890.40101276,8854.0,13977.0,22831.0,1630.0,6288.0,7918.0,0.09475,0.22095,1.3259500000000002,5312777.346401793,-9791120.749977773,-4478343.40357598,15103898.096379567,-7112572.559568,-3040586.4157628426,89.01225172708295,0.5255861050042143,0.0,0.31698976596470185,-0.044399706658901375,0.8286070783957662,True
上证50ETF华夏,9月,3.0,3.066,2026-09-23,202609,rule_fourth_wednesday,medium,47.0,33.0,59636613.40659035,-32903728.540016036,26732884.866574313,92540341.94660638,23347.0,20591.0,43938.0,13014.0,12537.0,25551.0,0.1426,0.23305000000000003,2.2085999999999997,43467392.74007773,-20222658.197224416,23244734.54285331,63690050.93730214,13208718.372134037,13524166.494440278,46.054671213692295,0.6717358602433392,0.0,0.5831373047240442,-0.05727605362953396,0.9352319990401653,True
上证50ETF华夏,9月,3.1,3.066,2026-09-23,202609,rule_fourth_wednesday,medium,47.0,33.0,100475286.3201402,-31701227.198200554,68774059.12193964,132176513.51834075,36067.0,19318.0,55385.0,16339.0,5131.0,21470.0,0.16295,-0.025199999999999972,2.3546,54975889.90631868,-16473104.781198524,38502785.125120156,71448994.6875172,37097038.31045687,31677020.811482772,107.60669719547215,0.5333972580018551,0.18511066398390336,0.3593126000016425,0.025022865904414885,0.9453350409291905,True
上证50ETF华夏,9月,3.2,3.066,2026-09-23,202609,rule_fourth_wednesday,medium,47.0,33.0,75847556.56369752,-15252516.04260384,60595040.52109368,91100072.60630135,39902.0,11583.0,51485.0,12819.0,1143.0,13962.0,0.1877,-0.206,1.7114500000000001,38487853.43362431,-8845819.440729331,29642033.99289498,47333672.87435365,22861840.1686038,37733200.352489874,61.29237981970775,0.5436975037041023,0.40898683457355467,0.20997059540240334,0.0030640359288205323,0.9245162929282728,True
上证50ETF华夏,9月,3.3,3.066,2026-09-23,202609,rule_fourth_wednesday,medium,47.0,33.0,37278455.968908,-6370253.895287518,30908202.07362048,43648709.86419552,33825.0,6449.0,40274.0,7105.0,262.0,7367.0,0.2217,-0.3005,1.1116000000000001,3546366.8361256802,-3557015.29345812,-10648.45733243972,7103382.1295838,7571603.59948944,23336598.474131037,420.7851923443018,0.3267553474913738,0.48791996979992436,0.12533909529737963,0.01494614506887874,0.8728078146543021,False
上证50ETF华夏,9月,3.4,3.066,2026-09-23,202609,rule_fourth_wednesday,medium,47.0,33.0,16859342.018559597,-2143602.6601751996,14715739.358384397,19002944.678734798,25865.0,2892.0,28757.0,2376.0,9.0,2385.0,0.27165,-0.3385,0.74095,5544918.652532147,-1116959.8346864355,4427958.8178457115,6661878.487218583,1542054.9850196398,13173684.373364758,126.44723643720576,0.42497979243607886,0.4248445525817789,0.047486811107465915,0.005190913672666499,0.7738355679485285,False
上证50ETF华夏,9月,3.5,3.066,2026-09-23,202609,rule_fourth_wednesday,medium,47.0,33.0,13892207.634491758,-1423005.6805146,12469201.953977158,15315213.315006359,32739.0,2315.0,35054.0,2151.0,4.0,2155.0,0.30125,-0.37055000000000005,0.5526500000000001,3701115.2414451474,-765030.9681001069,2936084.2733450406,4466146.209545255,910279.52511048,11558922.428866679,243.50344605647825,0.4020164402379457,0.4304442036836403,0.03371465937448728,-0.0015149029606424751,0.7697662099838405,False
上证50ETF华夏,9月,3.6,3.066,2026-09-23,202609,rule_fourth_wednesday,medium,47.0,33.0,27370838.710464478,-1514523.3163704,25856315.394094076,28885362.02683488,91476.0,2932.0,94408.0,2721.0,21.0,2742.0,0.326,-0.395,0.4339,3062747.6610292797,-766481.8230491995,2296265.8379800804,3829229.484078479,803311.9341508799,25053003.459943198,310.48569107159074,0.3089930178506039,0.4437205935577271,0.018453926769690134,-0.002289362764976379,0.8467381635290876,False
上证50ETF华夏,12月,2.7,3.066,2026-12-23,202612,rule_fourth_wednesday,medium,138.0,98.0,797986.820484,-6212771.987304959,-5414785.166820959,7010758.80778896,1675.0,13176.0,14851.0,237.0,8502.0,8739.0,0.10495,0.37395,0.5042,460987.26553527155,-4338045.43380118,-3877058.168265908,4799032.6993364515,-3895969.6479009595,-1518815.5189199997,69.68484652967146,0.6379670899177042,0.48597821251786444,0.3933783269445124,0.0367796324545049,0.6879235254626336,False
上证50ETF华夏,12月,2.75,3.066,2026-12-23,202612,rule_fourth_wednesday,medium,138.0,98.0,366809.41140479996,-3614231.8602356394,-3247422.4488308392,3981041.2716404395,670.0,6551.0,7221.0,23.0,1333.0,1356.0,0.10475,0.34355,0.58465,196039.42693088079,-1339132.634565681,-1143093.2076348,1535172.0614965619,-722833.3243529999,-2524589.1244778396,141.57855375242397,0.4524807237564892,0.46865861411315946,0.1189043714415254,-0.026015689155897477,0.5162187648970906,False
上证50ETF华夏,12月,2.8,3.066,2026-12-23,202612,rule_fourth_wednesday,medium,138.0,98.0,1324794.80317968,-5580074.634482878,-4255279.831303198,6904869.437662559,2148.0,8836.0,10984.0,186.0,3239.0,3425.0,0.10479999999999999,0.30895,0.66395,732103.7935156331,-3325943.2095467276,-2593839.4160310943,4058047.003062361,-1930763.1837513593,-2324516.6475518392,145.3802253766514,0.5743279720667214,0.42503628447024683,0.2265803809201059,-0.028614843200886725,0.6346445790940405,False
上证50ETF华夏,12月,2.85,3.066,2026-12-23,202612,rule_fourth_wednesday,medium,138.0,98.0,797935.118526,-2670654.6761126397,-1872719.5575866397,3468589.79463864,1170.0,3786.0,4956.0,56.0,528.0,584.0,0.10544999999999999,0.27030000000000004,0.73795,431980.0751127722,-1364322.4565799064,-932342.3814671342,1796302.5316926786,-334260.86676192,-1538458.6908247196,139.1877525664915,0.5261146820677924,0.42319081710194767,0.09366221030246387,-0.0016581909687387719,0.4408367779236548,False
上证50ETF华夏,12月,2.9,3.066,2026-12-23,202612,rule_fourth_wednesday,medium,138.0,98.0,1566338.83067088,-1714819.5217691998,-148480.69109831983,3281158.3524400797,2114.0,2235.0,4349.0,189.0,506.0,695.0,0.10669999999999999,0.22815000000000002,0.8022,865696.4586615865,-800310.7511785106,65385.70748307591,1666007.209840097,-248195.15537543996,99714.46427712007,108.49816623851942,0.5096952371026702,0.4052333804809053,0.15790109190038076,0.012248438584316446,0.4304229996357508,False
上证50ETF华夏,12月,2.95,3.066,2026-12-23,202612,rule_fourth_wednesday,medium,138.0,98.0,1347149.9777904,-1685892.55827888,-338742.58048848016,3033042.53606928,1702.0,2082.0,3784.0,213.0,454.0,667.0,0.10905,0.18325,0.8517,769153.5851662429,-1008227.2188235484,-239073.6336573055,1777380.8039897913,-199033.36157376005,-139709.21891472023,105.18511781477306,0.5844931945749109,0.45464601769911495,0.17160322206682313,-0.03484502117931823,0.4020459265867703,True
上证50ETF华夏,12月,3.0,3.066,2026-12-23,202612,rule_fourth_wednesday,medium,138.0,98.0,15658090.360070758,-2711467.26172224,12946623.098348517,18369557.621793,8747.0,3216.0,11963.0,2206.0,772.0,2978.0,0.14984999999999998,0.21649999999999997,1.4006,9671545.076410228,-1674476.2623985033,7997068.814011725,11346021.338808732,3298095.1618523994,9648527.93649612,101.04740586364446,0.6176121764667237,0.48026905829596417,0.24612525289409815,-0.1037458904109589,0.7195511846262803,True
上证50ETF华夏,12月,3.1,3.066,2026-12-23,202612,rule_fourth_wednesday,medium,138.0,98.0,15579387.101507038,-2484231.7981093195,13095155.303397719,18063618.899616357,8542.0,2963.0,11505.0,2091.0,294.0,2385.0,0.1713,0.047699999999999965,1.41605,8358013.817123438,-1163215.8714387603,7194797.945684678,9521229.6885622,3567190.3167297593,9527964.986667959,83.05439231466762,0.5023593275292788,0.4516129032258065,0.17200710345253206,8.332112554395796e-05,0.7051529823717513,True
上证50ETF华夏,12月,3.2,3.066,2026-12-23,202612,rule_fourth_wednesday,medium,138.0,98.0,13330273.153523758,-2487078.0378989996,10843195.11562476,15817351.191422757,8754.0,3205.0,11959.0,2799.0,55.0,2854.0,0.18955,-0.07490000000000002,1.2227,8470192.46260383,-1316188.4615295287,7154004.001074301,9786380.924133359,4219535.54163456,6623659.573990198,106.33691408275001,0.5823105155463648,0.4032939189189189,0.1684501170314119,-0.037153720014141384,0.7113393445917615,True
上证50ETF华夏,12月,3.3,3.066,2026-12-23,202612,rule_fourth_wednesday,medium,138.0,98.0,9750501.024309358,-2143804.0158007196,7606697.008508638,11894305.040110078,8186.0,3081.0,11267.0,1613.0,140.0,1753.0,0.2066,-0.16565,1.00365,6033048.399268654,-1151572.751103601,4881475.648165053,7184621.150372256,1823861.1132730797,5782835.895235559,88.17984505948795,0.5779528290480627,0.37968253968253973,0.12124176273913244,0.03526335888102275,0.656758327029373,False
上证50ETF华夏,12月,3.4,3.066,2026-12-23,202612,rule_fourth_wednesday,medium,138.0,98.0,5325176.085243839,-1184903.4993692397,4140272.5858745994,6510079.584613078,5958.0,2003.0,7961.0,1795.0,26.0,1821.0,0.23204999999999998,-0.2249,0.7900499999999999,1932690.0174495692,-646088.9162678535,1286601.1011817157,2578778.9337174227,1588964.9235415198,2551307.6623330796,219.27136533878127,0.4541007994043857,0.34729663906478314,0.15712806252186004,0.02660420717694891,0.5794695821646126,False
上证50ETF华夏,12月,3.5,3.066,2026-12-23,202612,rule_fourth_wednesday,medium,138.0,98.0,9097149.773305438,-650818.98310464,8446330.790200798,9747968.75641008,13661.0,1247.0,14908.0,41605.0,50.0,41655.0,0.2538,-0.26639999999999997,0.6318,7243727.27904941,-349007.078211481,6894720.200837929,7592734.35726089,9071054.385049438,-624723.59484864,74.92528002615677,0.6662608403517508,0.3458631662688942,1.542813652407092,0.03599385868318161,0.7525824002600652,False
上证50ETF华夏,3月,2.8,3.066,2027-03-24,202703,rule_fourth_wednesday,medium,229.0,163.0,86241.6860508,-881790.5242061998,-795548.8381553998,968032.2102569998,159.0,1685.0,1844.0,52.0,393.0,445.0,0.10915,0.28725,0.56685,47344.399085514655,-513499.0407316851,-466154.64164617046,560843.4398171997,-177459.07453595995,-618089.7636194398,99.66737140294435,0.5656551255154214,0.38904503277702135,0.2801392232611089,-0.01963842609003899,0.2573057492760192,False
上证50ETF华夏,3月,2.85,3.066,2027-03-24,202703,rule_fourth_wednesday,medium,229.0,163.0,261355.08975408,-1046788.3928249999,-785433.3030709198,1308143.48257908,443.0,1875.0,2318.0,11.0,401.0,412.0,0.11065,0.2541,0.61075,138250.83332465187,-491798.2805723787,-353547.44724772684,630049.1138970306,-217383.51451068,-568049.78856024,185.4285058067216,0.4993966686428094,0.3443449048152295,0.11934868322046652,-0.023289106465798192,0.2853792608373769,False
上证50ETF华夏,3月,2.9,3.066,2027-03-24,202703,rule_fourth_wednesday,medium,229.0,163.0,117794.16897191998,-277599.56294699997,-159805.39397508,395393.73191891995,186.0,475.0,661.0,16.0,97.0,113.0,0.11284999999999999,0.21910000000000002,0.6476999999999999,65591.13470824539,-178901.1462921258,-113310.01158388042,244492.2810003712,-46555.92111492,-113249.47286015998,71.75428283912889,0.6006429800671236,0.33027522935779813,0.1451160158460668,0.01728823088455772,0.11821063290293957,False
上证50ETF华夏,3月,2.95,3.066,2027-03-24,202703,rule_fourth_wednesday,medium,229.0,163.0,161755.68583439995,-366484.1590871999,-204728.47325279994,528239.8449215998,241.0,605.0,846.0,5.0,81.0,86.0,0.11449999999999999,0.18344999999999997,0.6792,85376.52671296097,-192268.67343869578,-106892.14672573481,277645.20015165675,-45710.54709983999,-159017.92615295996,89.21498028719769,0.5262209195344018,0.3267898383371825,0.07731559274373308,0.025049002651908223,0.1403791952523405,True
上证50ETF华夏,3月,3.0,3.066,2027-03-24,202703,rule_fourth_wednesday,medium,229.0,163.0,884096.9955543599,-512390.56269491994,371706.4328594399,1396487.5582492799,617.0,827.0,1444.0,86.0,115.0,201.0,0.15085,0.23470000000000002,1.0917,309949.027344087,-256185.39703772357,53763.630306363455,566134.4243818106,51977.67044147999,319728.76241796,204.67483261053263,0.4252816569681654,0.3238747553816047,0.13922047430814546,-0.02010029471911464,0.250213765024133,True
上证50ETF华夏,3月,3.1,3.066,2027-03-24,202703,rule_fourth_wednesday,medium,229.0,163.0,1635010.31132208,-150716.94178716,1484293.36953492,1785727.25310924,1043.0,249.0,1292.0,105.0,51.0,156.0,0.1725,0.08980000000000002,1.15575,918294.3489202008,-90654.31180580071,827640.0371144002,1008948.6607260015,133728.61842396,1350564.75111096,99.41536635336017,0.581565790526918,0.2906976744186047,0.1527452090240155,0.038690179461615154,0.25918852872766773,True
上证50ETF华夏,3月,3.2,3.066,2027-03-24,202703,rule_fourth_wednesday,medium,229.0,163.0,797406.6305116799,-18291.870729719998,779114.7597819599,815698.5012413999,578.0,31.0,609.0,74.0,23.0,97.0,0.18595,-0.01705000000000001,1.04765,448478.10662701033,-16032.47096844356,432445.6356585668,464510.5775954539,88518.73428467999,690596.0254972801,68.17735281950986,0.7194507508507657,0.29726323370543756,0.4349815827659337,-0.01906142611683849,0.16271984815091933,True
上证50ETF华夏,3月,3.3,3.066,2027-03-24,202703,rule_fourth_wednesday,medium,229.0,163.0,931701.2443704,-32484.24620783999,899216.9981625599,964185.49057824,820.0,58.0,878.0,22.0,5.0,27.0,0.19935,-0.09869999999999998,0.90225,456597.0187582374,-18004.881529077487,438592.13722915994,474601.9002873149,22196.496601439998,877020.50156112,125.5508649527711,0.5221665410066646,0.3049411088767595,0.05651808242220353,0.025450127029713904,0.17555912711178084,False
上证50ETF华夏,3月,3.4,3.066,2027-03-24,202703,rule_fourth_wednesday,medium,229.0,163.0,273659.40372959996,-22082.282276039998,251577.12145355996,295741.68600563996,296.0,43.0,339.0,114.0,2.0,116.0,0.2146,-0.16080000000000003,0.7649,161307.16738357922,-11892.18085475939,149414.98652881983,173199.3482383386,104368.76853983999,147208.35291371998,152.92138926363208,0.5639922411975168,0.3036253776435045,0.21582338152105596,0.16102756892230574,0.09145022366331963,False
上证50ETF华夏,3月,3.5,3.066,2027-03-24,202703,rule_fourth_wednesday,medium,229.0,163.0,1011484.5098349599,-22475.123153279997,989009.3866816799,1033959.6329882399,1361.0,48.0,1409.0,292.0,7.0,299.0,0.23005,-0.20809999999999998,0.64435,468921.21296014375,-13015.050537751638,455906.1624223921,481936.2634978954,213734.48431859998,775274.90236308,188.41787791481886,0.5213419896103444,0.3066074188562597,0.18019072985549842,0.08152755961730687,0.23078508223859068,False
沪深300ETF华泰柏瑞,8月,4.2,4.751,2026-08-26,202608,rule_fourth_wednesday,medium,19.0,13.0,442006.95506209007,-7220976.110508552,-6778969.155446461,7662983.065570642,737.0,18785.0,19522.0,156.0,2177.0,2333.0,0.1345,0.46645,0.218,237543.05680100073,-912414.6337984084,-674871.5769974077,1149957.6905994092,-743282.2240093902,-6035686.931437072,758.696852567642,0.33188770450372057,0.4562982005141387,0.16377963306125265,0.032661757311677635,0.6684117322182226,False
沪深300ETF华泰柏瑞,8月,4.3,4.751,2026-08-26,202608,rule_fourth_wednesday,medium,19.0,13.0,1742768.8482493202,-12271439.890857602,-10528671.042608282,14014208.739106921,1812.0,18877.0,20689.0,471.0,9313.0,9784.0,0.12329999999999999,0.43994999999999995,0.35705,947863.3459488213,-6659304.953310725,-5711441.607361904,7607168.299259546,-5601131.21962509,-4927539.822983191,223.51300147815036,0.5432752647796071,0.4252652969067511,0.3766427363338896,-0.08867944693008672,0.7778231207341635,False
沪深300ETF华泰柏瑞,8月,4.4,4.751,2026-08-26,202608,rule_fourth_wednesday,medium,19.0,13.0,4926935.119076401,-24633009.781708203,-19706074.662631802,29559944.900784604,3540.0,22060.0,25600.0,2327.0,15530.0,17857.0,0.1126,0.39799999999999996,0.55565,3472475.890195878,-10220949.661615403,-6748473.771419525,13693425.551811282,-14102676.536946282,-5603398.12568552,463.8032114278901,0.5598616511137824,0.3727167294868078,0.6806668766742987,-0.09883564333484725,0.8587684671180935,False
沪深300ETF华泰柏瑞,8月,4.5,4.751,2026-08-26,202608,rule_fourth_wednesday,medium,19.0,13.0,18670593.371277213,-60897546.61172416,-42226953.24044695,79568139.98300138,10203.0,31947.0,42150.0,6833.0,22686.0,29519.0,0.10235,0.3347,0.8276,11558757.483190574,-39390498.137602985,-27831740.65441241,50949255.62079356,-30740388.096961398,-11486565.14348555,92.43863127746668,0.632960593490925,0.28473042109405733,0.6899093072106792,-0.019048806078102443,0.9287860723433221,False
沪深300ETF华泰柏瑞,8月,4.6,4.751,2026-08-26,202608,rule_fourth_wednesday,medium,19.0,13.0,87784494.38784787,-144795797.46684104,-57011303.07899317,232580291.8546889,32811.0,47342.0,80153.0,38175.0,46364.0,84539.0,0.1476,0.35764999999999997,1.2701500000000001,76826659.16079156,-114234828.80392897,-37408169.64313741,191061487.96472055,-54020084.078474164,-2991219.000519006,21.43279751339589,0.8320554574534941,0.0657418576598311,1.0714117849102602,-0.0242198705762197,0.9733681117480963,True
沪深300ETF华泰柏瑞,8月,4.7,4.751,2026-08-26,202608,rule_fourth_wednesday,medium,19.0,13.0,244889326.99325204,-216872901.5677295,28016425.425522536,461762228.5609815,45130.0,53488.0,98618.0,89263.0,90634.0,179897.0,0.1628,0.1466,2.10015,214101124.32534233,-173819184.90534446,40281939.41999787,387920309.2306868,28016425.425522536,0.0,28.220322337968867,0.8378782875841704,0.0,1.8361908958922735,-0.030966813100704933,0.9880826090773176,True
沪深300ETF华泰柏瑞,8月,4.8,4.751,2026-08-26,202608,rule_fourth_wednesday,medium,19.0,13.0,371790040.035813,-127573181.25643307,244216858.7793799,499363221.29224604,67497.0,31131.0,98628.0,84235.0,45923.0,130158.0,0.16955,-0.07185,2.1279,300162695.2806991,-114292516.5909295,185870178.68976957,414455211.8716286,244216858.7793799,0.0,34.02427847593941,0.8516211569293934,0.0,1.361567387926081,0.03093051318439552,0.9873693273185893,True
沪深300ETF华泰柏瑞,8月,4.9,4.751,2026-08-26,202608,rule_fourth_wednesday,medium,19.0,13.0,211452833.68560597,-31318880.944750175,180133952.7408558,242771714.63035613,53626.0,9663.0,63289.0,45233.0,5950.0,51183.0,0.1834,-0.24455,1.5914,119430432.56515981,-21653568.111586254,97776864.45357355,141084000.67674607,159073745.36583233,21060207.37502349,315.7969127015381,0.6280995387506794,0.25442477876106184,0.7296204500575523,-0.032473930507255444,0.9632574849266782,True
沪深300ETF华泰柏瑞,8月,5.0,4.751,2026-08-26,202608,rule_fourth_wednesday,medium,19.0,13.0,113877532.74747922,-14133453.911749804,99744078.8357294,128010986.65922903,50330.0,6012.0,56342.0,18174.0,2030.0,20204.0,0.20634999999999998,-0.342,1.02195,54463426.013395794,-8582588.442212475,45880837.57118332,63046014.45560827,36348534.24305726,63395544.592672154,135.12972597383012,0.5427582860667793,0.40070658237262924,0.34937738933683066,-0.017270647675062596,0.943867626648145,False
沪深300ETF华泰柏瑞,8月,5.25,4.751,2026-08-26,202608,rule_fourth_wednesday,medium,19.0,13.0,17236990.286364764,-3068721.094552551,14168269.191812214,20305711.380917314,31634.0,2495.0,34129.0,3865.0,1056.0,4921.0,0.29610000000000003,-0.4131,0.39315,1142170.7531111322,-1883319.1426424375,-741148.3895313053,3025489.89575357,807167.0812796599,13361102.110532552,794.9143753868926,0.3399887190495564,0.4733642154024319,0.27271258075359167,0.09351820235744192,0.8112415091456269,False
沪深300ETF华泰柏瑞,8月,5.5,4.751,2026-08-26,202608,rule_fourth_wednesday,medium,19.0,13.0,4914293.895636361,-665252.8480324801,4249041.047603881,5579546.743668841,19284.0,844.0,20128.0,1631.0,252.0,1883.0,0.37295,-0.44020000000000004,0.23105,220859.50578466675,-398594.39777420135,-177734.8919895346,619453.9035588681,217010.60341415004,4032030.4441897315,419.995725465765,0.3220522616398665,0.47227332457293036,0.19157804372851395,0.08707229986780046,0.6337527592725547,False
沪深300ETF华泰柏瑞,8月,5.75,4.751,2026-08-26,202608,rule_fourth_wednesday,medium,19.0,13.0,1589498.86701905,-1241840.6189368602,347658.2480821898,2831339.4859559103,10751.0,1942.0,12693.0,425.0,188.0,613.0,0.49774999999999997,-0.432,0.1744,237067.10538270674,-669008.0615508467,-431940.95616813994,906075.1669335534,-57384.57242229001,405042.8205044798,1062.5000000000002,0.34393439095375694,0.776661009158092,0.06816931071772502,-0.0063781069685651635,0.4859761195251056,False
沪深300ETF华泰柏瑞,8月,6.0,4.751,2026-08-26,202608,rule_fourth_wednesday,medium,19.0,13.0,882208.8272042102,-1962102.7877264002,-1079893.96052219,2844311.61493061,10767.0,3872.0,14639.0,684.0,202.0,886.0,0.5636000000000001,-0.44295,0.13040000000000002,24211.352143204516,-1047270.0371868976,-1023058.685043693,1071481.3893301021,-46317.29461197999,-1033576.6659102101,823.6801154411738,0.2805964147477425,0.4683087543144023,0.05784843322917363,-0.0062813991802996814,0.5076294953612116,False
沪深300ETF华泰柏瑞,9月,4.0,4.751,2026-09-23,202609,rule_fourth_wednesday,medium,47.0,33.0,652247.3124963001,-10177309.632042032,-9525062.319545731,10829556.944538333,1455.0,34871.0,36326.0,157.0,3369.0,3526.0,0.12719999999999998,0.46165,0.16394999999999998,389846.5984370757,-587158.6259212687,-197312.02748419304,977005.2243583445,-912882.8222431502,-8612179.49730258,381.35617404491757,0.3276952138031182,0.4122443338861249,0.10225850584693058,0.01960483431264882,0.7557427597100939,False
沪深300ETF华泰柏瑞,9月,4.1,4.751,2026-09-23,202609,rule_fourth_wednesday,medium,47.0,33.0,259409.17293252007,-12875112.257201903,-12615703.084269382,13134521.430134423,417.0,29786.0,30203.0,49.0,1590.0,1639.0,0.12069999999999999,0.4417,0.23355,126369.38200045931,-4830722.381527771,-4704352.999527312,4957091.763528231,-656801.4394180602,-11958901.644851321,253.75823121806684,0.43117077064994386,0.38081068039247234,0.0854433890609932,0.04009806437345617,0.7361718922347043,False
沪深300ETF华泰柏瑞,9月,4.2,4.751,2026-09-23,202609,rule_fourth_wednesday,medium,47.0,33.0,2010958.0781308205,-12445971.1169898,-10435013.03885898,14456929.195120621,2457.0,19020.0,21477.0,237.0,3982.0,4219.0,0.11674999999999999,0.41245,0.32625,916352.5546251131,-4605232.5663093,-3688880.011684187,5521585.120934414,-2411695.51516456,-8023317.523694421,268.72679442566726,0.4128487644032308,0.34416571645762073,0.15290883319274487,0.0031132332127814925,0.7592912449846939,False
沪深300ETF华泰柏瑞,9月,4.3,4.751,2026-09-23,202609,rule_fourth_wednesday,medium,47.0,33.0,1938264.7231903104,-19612413.950242385,-17674149.227052074,21550678.673432697,1891.0,20742.0,22633.0,593.0,3381.0,3974.0,0.11145,0.3744,0.4365,1175315.3282160526,-1713167.5087127774,-537852.1804967248,2888482.83692883,-2589052.755821961,-15085096.471230114,315.37713533010185,0.34686310481577637,0.28991015894955074,0.2382966480842601,-0.009211547384142482,0.781887733644399,False
沪深300ETF华泰柏瑞,9月,4.4,4.751,2026-09-23,202609,rule_fourth_wednesday,medium,47.0,33.0,3393826.7535556,-18340808.085026845,-14946981.331471246,21734634.838582445,2770.0,13786.0,16556.0,679.0,7122.0,7801.0,0.10895,0.32225000000000004,0.5661,1458795.4523022068,-12496870.840340171,-11038075.388037965,13955666.292642377,-8643147.831234561,-6303833.500236684,162.59625478062435,0.55560381120559,0.2081049899048168,0.38086870424189034,-0.09040179925374815,0.7835119649579608,False
沪深300ETF华泰柏瑞,9月,4.5,4.751,2026-09-23,202609,rule_fourth_wednesday,medium,47.0,33.0,6006907.855882081,-30569571.545033764,-24562663.689151682,36576479.400915846,4284.0,17448.0,21732.0,1605.0,5824.0,7429.0,0.10719999999999999,0.25645,0.6987,3274318.4788194597,-20239751.498942554,-16965433.020123094,23514069.977762014,-7953386.304516281,-16609277.3846354,72.62271164761347,0.6035901703919335,0.09072203516647959,0.3542208492750608,-0.023978529827669955,0.8328501605732663,False
沪深300ETF华泰柏瑞,9月,4.6,4.751,2026-09-23,202609,rule_fourth_wednesday,medium,47.0,33.0,21217850.681447525,-29983752.277160406,-8765901.595712882,51201602.95860793,7191.0,14030.0,21221.0,2637.0,7456.0,10093.0,0.15865,0.27490000000000003,1.127,11375679.073785454,-19342286.167230055,-7966607.093444601,30717965.24101551,-8153580.992905443,-612320.602807438,120.19542315871993,0.5906147245789659,0.0,0.44907051490771166,-0.021605873388278997,0.8513553390851869,True
沪深300ETF华泰柏瑞,9月,4.7,4.751,2026-09-23,202609,rule_fourth_wednesday,medium,47.0,33.0,48226658.82224994,-27402634.93401,20824023.888239942,75629293.75625995,12777.0,11750.0,24527.0,5498.0,10341.0,15839.0,0.17295,0.12389999999999998,1.3527,27790208.562158283,-20130933.054535285,7659275.507622998,47921141.61669357,-3364504.8213765584,24188528.7096165,95.79953309484162,0.6554382854636324,0.0,0.6551947798487642,0.04437417203230536,0.8848202295806492,True
沪深300ETF华泰柏瑞,9月,4.8,4.751,2026-09-23,202609,rule_fourth_wednesday,medium,47.0,33.0,64761066.68532843,-18227631.84629283,46533434.8390356,82988698.53162126,17534.0,7893.0,25427.0,9657.0,3314.0,12971.0,0.18380000000000002,-0.014150000000000024,1.3296999999999999,42168155.45491057,-10335448.476574825,31832706.978335746,52503603.93148539,28014552.175159577,18518882.663876027,47.975680148298224,0.6090776352306833,0.13762019230769218,0.4853121150399714,0.017583422438291703,0.8857997544826456,True
沪深300ETF华泰柏瑞,9月,4.9,4.751,2026-09-23,202609,rule_fourth_wednesday,medium,47.0,33.0,72522795.70939378,-14191638.66160754,58331157.04778624,86714434.37100132,22971.0,6733.0,29704.0,11092.0,1194.0,12286.0,0.1959,-0.13075,1.16625,46481289.78329254,-6307076.127201096,40174213.656091444,52788365.910493635,32502379.486982323,25828777.56080392,195.04607739901815,0.542670848135365,0.2896757679180887,0.3301026084697821,-0.011816773111341612,0.8937050142833203,True
沪深300ETF华泰柏瑞,9月,5.0,4.751,2026-09-23,202609,rule_fourth_wednesday,medium,47.0,33.0,98292940.69184011,-17353496.12096628,80939444.57087383,115646436.8128064,39714.0,9522.0,49236.0,9770.0,447.0,10217.0,0.21015,-0.22055000000000002,0.9519500000000001,37705611.13797702,-7001475.623149621,30704135.514827397,44707086.76112664,23366303.395029724,57573141.1758441,221.027583895283,0.393533215453715,0.39334606813116835,0.14647644171897117,0.0021399520755499115,0.9196194820396524,False
沪深300ETF华泰柏瑞,9月,5.25,4.751,2026-09-23,202609,rule_fourth_wednesday,medium,47.0,33.0,37961181.59998186,-9103422.306705952,28857759.293275908,47064603.90668781,34569.0,7495.0,42064.0,6973.0,116.0,7089.0,0.25755,-0.3404,0.5123,21604529.911264423,-4123224.3389606015,17481305.57230382,25727754.250225026,7516351.961274492,21341407.332001418,138.34041365991828,0.5110264389675694,0.4826760044231479,0.10859475082571657,0.0019992119502760496,0.878561898102501,False
沪深300ETF华泰柏瑞,9月,5.5,4.751,2026-09-23,202609,rule_fourth_wednesday,medium,47.0,33.0,10566254.778593343,-4254543.198567641,6311711.580025702,14820797.977160983,20186.0,4873.0,25059.0,2065.0,207.0,2272.0,0.3125,-0.38445,0.30935,3857289.2875514072,-2246521.5346751753,1610767.752876232,6103810.822226582,900184.7173605902,5411526.862665112,228.01550589184149,0.44654311299401017,0.45061728395061734,0.07238879426870835,-0.006972971104623167,0.7476867203693456,False
沪深300ETF华泰柏瑞,9月,5.75,4.751,2026-09-23,202609,rule_fourth_wednesday,medium,47.0,33.0,7753086.882042481,-784348.3683087302,6968738.51373375,8537435.250351211,25182.0,1161.0,26343.0,917.0,98.0,1015.0,0.36505,-0.4065,0.21785,3305378.6916116993,-422025.0061731631,2883353.685438536,3727403.6977848625,216121.04085474001,6752617.472879011,177.46323350621208,0.4821943913786597,0.45016514474451125,0.060412445459073455,0.020321987383771625,0.6755089687766611,False
沪深300ETF华泰柏瑞,9月,6.0,4.751,2026-09-23,202609,rule_fourth_wednesday,medium,47.0,33.0,7655127.106342602,-683218.3550684003,6971908.751274201,8338345.461411002,36079.0,1240.0,37319.0,2896.0,62.0,2958.0,0.4206,-0.41714999999999997,0.16905,1011298.3266432203,-367505.6981000536,643792.6285431667,1378804.0247432739,580303.1222689801,6391605.629005222,451.31017194782766,0.33500552246557447,0.5090839548670876,0.06513415005959144,0.01168614968077127,0.7321566387145992,False
沪深300ETF华泰柏瑞,12月,4.2,4.751,2026-12-23,202612,rule_fourth_wednesday,medium,138.0,98.0,561388.2368710001,-3795871.109447241,-3234482.8725762405,4357259.346318241,748.0,5002.0,5750.0,79.0,9066.0,9145.0,0.1202,0.33945000000000003,0.33435000000000004,233335.87690210954,-2857824.9274434648,-2624489.0505413553,3091160.804345574,-3736580.105820491,502097.2332442501,141.31804621814638,0.5842590338683655,0.4548334217963431,0.9590449916290169,-0.07233242134062927,0.5723812468256614,False
沪深300ETF华泰柏瑞,12月,4.3,4.751,2026-12-23,202612,rule_fourth_wednesday,medium,138.0,98.0,1510198.9131058503,-5155036.475181901,-3644837.562076051,6665235.388287751,1763.0,5835.0,7598.0,132.0,2017.0,2149.0,0.11944999999999999,0.29989999999999994,0.38545,709826.1772373122,-3754478.1493170974,-3044651.972079785,4464304.326554409,-1668883.0144959805,-1975954.5475800699,106.17734146412478,0.599167135145423,0.40569485377465414,0.21027252079180683,-0.014462306661795153,0.5845982503746832,False
沪深300ETF华泰柏瑞,12月,4.4,4.751,2026-12-23,202612,rule_fourth_wednesday,medium,138.0,98.0,2835923.1821989804,-5175180.406034331,-2339257.2238353505,8011103.588233311,2973.0,5179.0,8152.0,296.0,1299.0,1595.0,0.1194,0.2552,0.43265,1400028.602239098,-2542008.2543690093,-1141979.6521299114,3942036.856608107,-1015689.7094377703,-1323567.5143975802,110.21080114725179,0.49243434546958165,0.3412098298676749,0.17519167649477335,-0.0008208513356535029,0.599997715989641,False
沪深300ETF华泰柏瑞,12月,4.5,4.751,2026-12-23,202612,rule_fourth_wednesday,medium,138.0,98.0,2321636.3912547003,-6393395.588684521,-4071759.1974298204,8715031.97993922,2235.0,5857.0,8092.0,493.0,1098.0,1591.0,0.12069999999999999,0.206,0.4719,1227105.612358886,-3278443.0560566797,-2051337.4436977936,4505548.668415566,-686446.60265142,-3385312.5947784,201.17621382867964,0.520668957438068,0.38649425287356315,0.20402482125252905,-0.025794973871574266,0.6095916262860056,False
沪深300ETF华泰柏瑞,12月,4.6,4.751,2026-12-23,202612,rule_fourth_wednesday,medium,138.0,98.0,7582668.274492481,-3948896.8616266907,3633771.41286579,11531565.136119172,3511.0,3431.0,6942.0,530.0,1039.0,1569.0,0.1557,0.27505,0.73335,3807230.552576684,-2213381.2302344586,1593849.3223422254,6020611.7828111425,-51198.038388210116,3684969.451254,199.31868413804952,0.5313013143316776,0.4353233830845772,0.22689065410529308,-0.017113802915529445,0.617089970837132,True
沪深300ETF华泰柏瑞,12月,4.7,4.751,2026-12-23,202612,rule_fourth_wednesday,medium,138.0,98.0,11815738.502788814,-4345378.7993119005,7470359.703476913,16161117.302100714,4351.0,3710.0,8061.0,1032.0,634.0,1666.0,0.17729999999999999,0.14285,0.861,6848973.965106976,-1917184.104552635,4931789.860554341,8766158.069659611,2059958.2807816607,5410401.422695253,172.32173783513585,0.5104245446920569,0.4840241796200345,0.2040381707337471,0.0132456830881848,0.6637900069868702,True
沪深300ETF华泰柏瑞,12月,4.8,4.751,2026-12-23,202612,rule_fourth_wednesday,medium,138.0,98.0,16130958.174404584,-3058615.383984841,13072342.790419742,19189573.558389425,6254.0,2658.0,8912.0,2308.0,267.0,2575.0,0.1915,0.05065000000000003,0.82625,9539324.80799412,-1465972.731806893,8073352.076187227,11005297.539801013,5645787.892123501,7426554.898296241,198.21103502080408,0.5353302278291504,0.4688782489740082,0.2347476396144842,0.1416341050324219,0.6978788927814907,True
沪深300ETF华泰柏瑞,12月,4.9,4.751,2026-12-23,202612,rule_fourth_wednesday,medium,138.0,98.0,20379652.96751312,-3779928.9565809607,16599724.01093216,24159581.92409408,8537.0,3412.0,11949.0,907.0,215.0,1122.0,0.20235,-0.025850000000000012,0.7742,9740577.890661247,-2075639.2839937855,7664938.606667462,11816217.174655033,1927019.57801212,14672704.432920039,150.39078568490362,0.5135386327914151,0.4344444444444444,0.08462815334834466,0.004551309784615522,0.6931694633869012,True
沪深300ETF华泰柏瑞,12月,5.0,4.751,2026-12-23,202612,rule_fourth_wednesday,medium,138.0,98.0,26439058.783321008,-3808605.329531401,22630453.453789607,30247664.11285241,12700.0,3610.0,16310.0,2251.0,71.0,2322.0,0.21415,-0.08920000000000003,0.69485,10406120.874482054,-1704897.2988767843,8701223.57560527,12111018.173358839,4611260.944971192,18019192.508818414,210.95767180811856,0.42061619945668316,0.412118408880666,0.0984558422579449,0.03629417852080312,0.7620988449970587,False
沪深300ETF华泰柏瑞,12月,5.25,4.751,2026-12-23,202612,rule_fourth_wednesday,medium,138.0,98.0,12107048.45901462,-1920128.7975468403,10186919.66146778,14027177.256561462,8622.0,2164.0,10786.0,3038.0,53.0,3091.0,0.24569999999999997,-0.20129999999999998,0.5076,8275060.455999368,-905418.6561767063,7369641.799822662,9180479.112176074,4218945.12151055,5967974.53995723,122.3166977171215,0.5775158666653103,0.37453125,0.18842306209751866,0.03243137984949422,0.6937008361037278,False
沪深300ETF华泰柏瑞,12月,5.5,4.751,2026-12-23,202612,rule_fourth_wednesday,medium,138.0,98.0,10258360.947512824,-979656.8956414202,9278704.051871404,11238017.843154244,11082.0,1314.0,12396.0,3155.0,10.0,3165.0,0.27705,-0.26835,0.3702,4695424.545310143,-465597.96904723474,4229826.576262909,5161022.514357378,2913057.804056251,6365646.247815153,123.02657873701082,0.46649160058214956,0.3674768518518519,0.14615312667133093,0.004139750705122373,0.6847736018302171,False
沪深300ETF华泰柏瑞,12月,5.75,4.751,2026-12-23,202612,rule_fourth_wednesday,medium,138.0,98.0,5019020.982956051,-788474.3043715202,4230546.678584531,5807495.287327571,8071.0,1244.0,9315.0,6273.0,10.0,6283.0,0.309,-0.30874999999999997,0.27815,3537818.853807969,-388473.4642020854,3149345.3896058835,3926292.3180100545,3894580.9527403507,335965.7258441801,197.83371419788617,0.5987861675642996,0.37115839243498805,0.3926328473065212,0.025113858165256995,0.6229278059181919,False
沪深300ETF华泰柏瑞,12月,6.0,4.751,2026-12-23,202612,rule_fourth_wednesday,medium,138.0,98.0,6132261.914875601,-616107.2816952001,5516154.633180401,6748369.196570802,13861.0,1115.0,14976.0,25819.0,14.0,25833.0,0.3394,-0.3345,0.22039999999999998,4892237.1212236965,-313255.4005337301,4578981.720689966,5205492.521757427,6124526.038692881,-608371.4055124802,88.53118712273621,0.6531148324927144,0.38352421588442237,0.937632186057406,0.013404224836984894,0.7115160251762151,False
沪深300ETF华泰柏瑞,3月,4.2,4.751,2027-03-24,202703,rule_fourth_wednesday,medium,229.0,163.0,301041.8744569601,-833390.7806014401,-532348.90614448,1134432.6550584002,448.0,1264.0,1712.0,70.0,267.0,337.0,0.12444999999999999,0.3114,0.29490000000000005,150940.70193496573,-358989.5406947633,-208048.83875979757,509930.24262972904,-129002.82295516998,-403346.0831893099,159.27596495669107,0.46607606347768515,0.39120580235720764,0.18374208860759494,0.06781677932213423,0.25302858122504956,False
沪深300ETF华泰柏瑞,3月,4.3,4.751,2027-03-24,202703,rule_fourth_wednesday,medium,229.0,163.0,291776.06804646004,-823426.5964800002,-531650.5284335401,1115202.6645264602,391.0,1140.0,1531.0,17.0,131.0,148.0,0.12544999999999998,0.276,0.32530000000000003,133653.53741974826,-325787.390282633,-192133.85286288476,459440.9277023813,-81935.91218998001,-449714.6162435601,142.9291148335331,0.426858625971247,0.3877697841726618,0.0791952707856598,0.012216986553269738,0.22791719536002836,False
沪深300ETF华泰柏瑞,3月,4.4,4.751,2027-03-24,202703,rule_fourth_wednesday,medium,229.0,163.0,528397.6773694301,-776896.2221785801,-248498.54480915004,1305293.8995480102,649.0,1018.0,1667.0,96.0,39.0,135.0,0.1296,0.23665,0.34940000000000004,264506.55777984665,-352773.2569403747,-88266.69916052802,617279.8147202213,48397.304504130014,-296895.84931328014,199.89341835593873,0.477331323176671,0.34816462736373754,0.09311514465355497,-0.0004997066774722254,0.24682310669988297,False
沪深300ETF华泰柏瑞,3月,4.5,4.751,2027-03-24,202703,rule_fourth_wednesday,medium,229.0,163.0,434371.97572384006,-1265196.5455315902,-830824.5698077502,1699568.5212554303,497.0,1567.0,2064.0,45.0,167.0,212.0,0.13035,0.19779999999999998,0.37245,206042.46280276368,-614959.9961094231,-408917.53330665943,821002.4589121868,-95506.42491119003,-735318.1448965601,199.02625269638298,0.48020226366629604,0.35668202764976964,0.0985581645585061,0.0170378653126571,0.2879127502539242,False
沪深300ETF华泰柏瑞,3月,4.6,4.751,2027-03-24,202703,rule_fourth_wednesday,medium,229.0,163.0,732630.4967374902,-901978.9657200802,-169348.46898259,1634609.4624575702,793.0,1093.0,1886.0,51.0,14.0,65.0,0.13405,0.15689999999999998,0.38744999999999996,341710.9037629525,-402975.3156727308,-61264.41190977831,744686.2194356832,35564.21905559,-204912.68803818,198.5401244793774,0.45659220433839476,0.33864915572232646,0.03856075980474162,0.0006313131313131314,0.2601542174801642,True
沪深300ETF华泰柏瑞,3月,4.7,4.751,2027-03-24,202703,rule_fourth_wednesday,medium,229.0,163.0,6259260.118421962,-1404280.9270134002,4854979.191408562,7663541.045435362,2413.0,1686.0,4099.0,269.0,85.0,354.0,0.17285,0.18960000000000002,0.7591,3245744.536689548,-554317.7743186428,2691426.762370905,3800062.3110081907,626982.0203369802,4227997.171071581,178.00382698798177,0.4566425390730829,0.32916926920674583,0.08094733499200407,0.03808789583688654,0.4878153633544022,True
沪深300ETF华泰柏瑞,3月,4.8,4.751,2027-03-24,202703,rule_fourth_wednesday,medium,229.0,163.0,2288555.0923091103,-710813.52917094,1577741.5631381702,2999368.6214800505,933.0,859.0,1792.0,34.0,17.0,51.0,0.1884,0.09350000000000003,0.72665,1042194.3917043112,-361809.67046042276,680384.7212438885,1404004.0621647341,69331.25539156001,1508410.3077466101,161.30681351387628,0.4822009572483215,0.32035770647027884,0.028116020148556298,-0.005301275910765251,0.3166011421702887,True
沪深300ETF华泰柏瑞,3月,4.9,4.751,2027-03-24,202703,rule_fourth_wednesday,medium,229.0,163.0,951342.1261470002,-138025.52891490003,813316.5972321002,1089367.6550619002,420.0,170.0,590.0,115.0,2.0,117.0,0.19895,0.023300000000000015,0.6816,522932.31149304815,-61427.8099880479,461504.5015050003,584360.121481096,258862.70478831007,554453.8924437901,199.69029100194524,0.4973626131368192,0.31332735023558445,0.1427871148459384,0.0629585798816568,0.19003022231859706,True
沪深300ETF华泰柏瑞,3月,5.0,4.751,2027-03-24,202703,rule_fourth_wednesday,medium,229.0,163.0,3858355.599775471,-27704.87402740001,3830650.725748071,3886060.4738028706,1923.0,38.0,1961.0,380.0,0.0,380.0,0.22194999999999998,-0.031,0.60595,2001225.1707691734,-12178.177946945794,1989046.9928222275,2013403.3487161193,762441.5641782001,3068209.1615698705,200.50126058503545,0.4791205723952062,0.25479204339963824,0.09880395215808632,0.07574850299401198,0.38986955365576037,False
沪深300ETF华泰柏瑞,3月,5.25,4.751,2027-03-24,202703,rule_fourth_wednesday,medium,229.0,163.0,1217043.47007828,-27646.18682480001,1189397.28325348,1244689.65690308,843.0,40.0,883.0,59.0,1.0,60.0,0.24054999999999999,-0.13735,0.4729,624206.1897031537,-12430.315238059124,611775.8744650945,636636.5049412128,84487.45118301999,1104909.8320704598,172.1791159582437,0.4812543347541643,0.2859205279802008,0.04749406880189798,0.035578144853875476,0.20358116680274416,False
沪深300ETF华泰柏瑞,3月,5.5,4.751,2027-03-24,202703,rule_fourth_wednesday,medium,229.0,163.0,1555929.1099718204,-64415.07357376001,1491514.0363980604,1620344.1835455804,1511.0,104.0,1615.0,504.0,20.0,524.0,0.26405,-0.20745000000000002,0.36529999999999996,415051.72728390153,-36280.478902191295,378771.24838171026,451332.2061860928,506598.76740368013,984915.2689943803,329.83843307906477,0.4149922757977237,0.2964639471722229,0.2629308150486178,0.10115352882665453,0.294491942992936,False
沪深300ETF嘉实,8月,4.4,4.956,2026-08-26,202608,rule_fourth_wednesday,medium,19.0,13.0,175618.33363871998,-3032885.7515376,-2857267.4178988803,3208504.08517632,269.0,7470.0,7739.0,40.0,2923.0,2963.0,0.1289,0.46645000000000003,0.21555,94316.33227917957,-1081282.6416994561,-986966.3094202765,1175598.9739786356,-1160649.4781246402,-1696617.93977424,1981.2785744649484,0.44678614667785954,0.40710070435941353,0.26999870610073506,0.02421267259725932,0.5234034643759051,False
沪深300ETF嘉实,8月,4.5,4.956,2026-08-26,202608,rule_fourth_wednesday,medium,19.0,13.0,440210.80672128015,-3189121.77024,-2748910.9635187197,3629332.5769612803,424.0,4328.0,4752.0,77.0,722.0,799.0,0.12235,0.43805,0.36135,239869.54727028366,-328772.67787636357,-88903.13060607991,568642.2251466472,-452067.59008656,-2296843.37343216,777.5147379659289,0.3239944578903685,0.42164763823595247,0.17421223799393157,0.03889617531333259,0.4516941486314696,False
沪深300ETF嘉实,8月,4.6,4.956,2026-08-26,202608,rule_fourth_wednesday,medium,19.0,13.0,1639838.8491811205,-5199241.1381568005,-3559402.2889756802,6839079.987337921,1097.0,4210.0,5307.0,371.0,1268.0,1639.0,0.11215,0.39590000000000003,0.5557000000000001,994772.1775273453,-1666227.1124943362,-671454.934966991,2660999.290021681,-1011361.78549728,-2548040.5034784004,402.9869083860047,0.4635515346082496,0.38021572523417535,0.3196913629700522,0.10953858301445885,0.5518750413346252,False
沪深300ETF嘉实,8月,4.7,4.956,2026-08-26,202608,rule_fourth_wednesday,medium,19.0,13.0,3170183.0438678404,-9509899.222776962,-6339716.178909122,12680082.266644802,1617.0,4606.0,6223.0,1080.0,1369.0,2449.0,0.10454999999999999,0.33065,0.8194,2332743.1747868415,-5835514.274087594,-3502771.0993007524,8168257.448874435,-709165.4796374408,-5630550.699271681,147.8662058850123,0.6747319435144669,0.28648648648648645,0.4825622705561915,0.14876331311046842,0.6354698608322218,False
沪深300ETF嘉实,8月,4.8,4.956,2026-08-26,202608,rule_fourth_wednesday,medium,19.0,13.0,11151496.706575682,-16795377.16851456,-5643880.4619388785,27946873.87509024,3394.0,5286.0,8680.0,2056.0,4328.0,6384.0,0.16015,0.3335,1.31565,7875806.294655937,-14240878.084168766,-6365071.789512829,22116684.378824703,-6996196.305826559,1352315.8438876807,134.78525738653707,0.7770800840979963,0.11538461538461536,0.7122707250180651,0.311657358767951,0.748131680443652,True
沪深300ETF嘉实,8月,4.9,4.956,2026-08-26,202608,rule_fourth_wednesday,medium,19.0,13.0,40733050.44180961,-19067338.563920643,21665711.877888966,59800389.00573026,7305.0,4663.0,11968.0,8914.0,6906.0,15820.0,0.16655,0.14989999999999998,1.9675,32527919.924125653,-14184043.767432123,18343876.15669353,46711963.69155778,21665711.877888966,0.0,164.9335768473139,0.7712277416967521,0.0,1.350640448941769,0.23109655007137747,0.8283510114817844,True
沪深300ETF嘉实,8月,5.0,4.956,2026-08-26,202608,rule_fourth_wednesday,medium,19.0,13.0,84398604.45891841,-15958546.35974928,68440058.09916914,100357150.81866768,14945.0,3691.0,18636.0,7992.0,4684.0,12676.0,0.17074999999999999,-0.056599999999999984,2.02975,58689590.85319328,-12385737.473238245,46303853.37995504,71075328.32643153,29174517.998609766,39265540.10055936,213.9994472084021,0.7357526001456236,0.0,0.9018967860027542,0.13889627814316768,0.8672632088951288,True
沪深300ETF嘉实,8月,5.25,4.956,2026-08-26,202608,rule_fourth_wednesday,medium,19.0,13.0,34721666.4336192,-5457143.43111168,29264523.002507523,40178809.86473088,17208.0,2464.0,19672.0,4451.0,1313.0,5764.0,0.21790000000000004,-0.3579,0.8615999999999999,11799364.659544429,-3750400.1386146187,8048964.52092981,15549764.798159048,6073096.85486784,23191426.14763968,305.9623049184635,0.5135365840630799,0.43838254172015406,0.3957660699946265,0.14041939522084967,0.8213261138425979,False
沪深300ETF嘉实,8月,5.5,4.956,2026-08-26,202608,rule_fourth_wednesday,medium,19.0,13.0,5616435.445891201,-840419.55323424,4776015.8926569605,6456854.999125441,10254.0,709.0,10963.0,1213.0,253.0,1466.0,0.28635,-0.4284,0.3528,383999.9112718484,-516150.7030423421,-132150.79177049367,900150.6143141906,364502.07767232007,4411513.814984641,1080.361173814899,0.34126456073510314,0.48465426972377695,0.23756795999387076,0.06850160692398788,0.590703228444056,False
沪深300ETF嘉实,8月,5.75,4.956,2026-08-26,202608,rule_fourth_wednesday,medium,19.0,13.0,1184518.0306713602,-260757.37239552004,923760.6582758401,1445275.4030668803,4664.0,319.0,4983.0,929.0,33.0,962.0,0.3806,-0.43884999999999996,0.2181,173343.27612940804,-139965.45063840837,33377.825490999676,313308.7267678164,208963.61795232003,714797.0403235201,1603.8454353417928,0.3415529207442537,0.4693145261073991,0.15131676228780977,0.043638040042149634,0.3697357289941906,False
沪深300ETF嘉实,8月,6.0,4.956,2026-08-26,202608,rule_fourth_wednesday,medium,19.0,13.0,988681.5394142403,-436681.7477568001,551999.7916574401,1425363.2871710404,7413.0,676.0,8089.0,434.0,33.0,467.0,0.47625,-0.44,0.15865,25073.02982597313,-232359.77346922838,-207286.74364325526,257432.8032952015,36565.845361920015,515433.9462955203,2554.6396160973063,0.27873165410254386,0.743369377252745,0.05368118298495287,0.007461664841182913,0.38556496830775105,False
沪深300ETF嘉实,8月,6.25,4.956,2026-08-26,202608,rule_fourth_wednesday,medium,19.0,13.0,401584.70616768004,-173397.44338560005,228187.26278207998,574982.1495532801,3838.0,360.0,4198.0,125.0,1.0,126.0,0.5297499999999999,-0.45535,0.11935,18617.849240256,-91229.984835884,-72612.135595628,109847.83407613999,12597.571355040001,215589.69142703997,1296.8617961127757,0.2862465946076662,0.4790964777947932,0.01767341207804991,0.004813850561652434,0.23133156703198907,False
沪深300ETF嘉实,9月,4.2,4.956,2026-09-23,202609,rule_fourth_wednesday,medium,47.0,33.0,217063.65320640002,-2615684.0752224005,-2398620.4220160004,2832747.7284288006,429.0,7585.0,8014.0,8.0,3241.0,3249.0,0.12655,0.45735,0.1732,125163.72191480665,-527545.5843087361,-402381.8623939295,652709.3062235428,-1113609.6863942402,-1285010.7356217601,328.551478268768,0.389153857979473,0.41852557127312284,0.22296936199375222,0.09977208491633287,0.5146688528956986,False
沪深300ETF嘉实,9月,4.3,4.956,2026-09-23,202609,rule_fourth_wednesday,medium,47.0,33.0,251800.61681376008,-2731377.1798857604,-2479576.563072,2983177.7966995207,366.0,5393.0,5759.0,26.0,401.0,427.0,0.1212,0.4361,0.24315,126025.29168114514,-180560.13264062835,-54534.840959483205,306585.42432177346,-185205.83973696,-2294370.7233350403,459.6961744757305,0.283301126470498,0.3760172331258976,0.07269694878708384,0.01677879367097608,0.42365159412457143,False
沪深300ETF嘉实,9月,4.4,4.956,2026-09-23,202609,rule_fourth_wednesday,medium,47.0,33.0,434500.64784000005,-1664913.1471660803,-1230412.4993260803,2099413.7950060805,488.0,2246.0,2734.0,23.0,395.0,418.0,0.1172,0.4063,0.33215,213203.1867381815,-450104.74753305607,-236901.56079487456,663307.9342712376,-272326.7811096001,-958085.7182164802,444.47679154322856,0.3805164140123919,0.34186831738885776,0.11149967884618192,0.0880076707074858,0.3364347203697125,False
沪深300ETF嘉实,9月,4.5,4.956,2026-09-23,202609,rule_fourth_wednesday,medium,47.0,33.0,920323.9521907201,-2336384.6517211203,-1416060.6995304003,3256708.6039118404,836.0,2223.0,3059.0,83.0,308.0,391.0,0.1135,0.36675,0.43805,451217.49891678843,-1247399.5398600693,-796182.0409432808,1698617.0387768578,-232337.73872736003,-1183722.9608030403,169.3442134934694,0.51209138992988,0.2854710556186152,0.11891690181163866,0.08645165784341043,0.3862177146192349,False
沪深300ETF嘉实,9月,4.6,4.956,2026-09-23,202609,rule_fourth_wednesday,medium,47.0,33.0,1684124.5110278402,-2214394.1122867204,-530269.6012588802,3898518.6233145604,1292.0,1548.0,2840.0,224.0,364.0,588.0,0.11065,0.31545,0.55655,912243.7636824036,-1277167.901768692,-364924.13808628847,2189411.6654510954,-228712.88821248,-301556.7130464001,111.44397365217209,0.559214834118158,0.21284068558583868,0.20425836593307253,0.10092417825663244,0.4205940683425432,False
沪深300ETF嘉实,9月,4.7,4.956,2026-09-23,202609,rule_fourth_wednesday,medium,47.0,33.0,4646338.204112641,-2642927.1921561603,2003411.0119564803,7289265.396268801,3134.0,1437.0,4571.0,632.0,244.0,876.0,0.10885,0.2515,0.6762,2635732.89003521,-1470139.5393320331,1165593.350703177,4105872.4293672433,488212.68948480004,1515198.3224716806,140.6610624242129,0.5617626324840824,0.09200000000000014,0.18572870605863184,0.09186190636933268,0.5228604193571438,False
沪深300ETF嘉实,9月,4.8,4.956,2026-09-23,202609,rule_fourth_wednesday,medium,47.0,33.0,7260667.934184001,-3299269.526612641,3961398.40757136,10559937.460796641,2350.0,1501.0,3851.0,534.0,387.0,921.0,0.1643,0.26444999999999996,1.0764,4701678.469522811,-1401266.3877776773,3300412.0817451333,6102944.857300488,799226.48474928,3162171.9228220806,117.76049953238977,0.5361373651361144,0.0,0.24253107857173234,0.1491658781413321,0.541646387131317,True
沪深300ETF嘉实,9月,4.9,4.956,2026-09-23,202609,rule_fourth_wednesday,medium,47.0,33.0,14686376.604268322,-7037996.790988801,7648379.813279521,21724373.395257123,3843.0,2912.0,6755.0,759.0,309.0,1068.0,0.1754,0.12555,1.2699500000000001,7734137.125089306,-2968313.15018205,4765823.974907257,10702450.275271356,2153767.64003856,5494612.173240961,233.16912972085393,0.4741876140159068,0.0,0.1518072944814748,0.05042160028704701,0.6490160428337248,True
沪深300ETF嘉实,9月,5.0,4.956,2026-09-23,202609,rule_fourth_wednesday,medium,47.0,33.0,20273423.202496804,-8262314.245896482,12011108.956600323,28535737.448393285,5259.0,3421.0,8680.0,1205.0,442.0,1647.0,0.18359999999999999,-0.00520000000000001,1.2764,11293457.223473571,-4639288.126133775,6654169.097339796,15932745.349607347,3577762.5817550407,8433346.374845281,140.48507387031339,0.55927854114846,0.13931523022432102,0.1791665006117768,0.09804297932364617,0.7001138831414078,True
沪深300ETF嘉实,9月,5.25,4.956,2026-09-23,202609,rule_fourth_wednesday,medium,47.0,33.0,18194669.188718405,-7374257.063409601,10820412.125308804,25568926.252128005,7773.0,4082.0,11855.0,1164.0,229.0,1393.0,0.21575,-0.24320000000000003,0.84425,11082482.204525735,-3656001.5584674343,7426480.6460583005,14738483.76299317,2310940.4509800007,8509471.6743288,110.90916434427967,0.5524424850473415,0.42283950617283944,0.1029245413069134,0.04714423676604479,0.7063690170050533,False
沪深300ETF嘉实,9月,5.5,4.956,2026-09-23,202609,rule_fourth_wednesday,medium,47.0,33.0,9305043.834240003,-2692878.3101606406,6612165.524079362,11997922.144400643,8610.0,2198.0,10808.0,1389.0,12.0,1401.0,0.26380000000000003,-0.34459999999999996,0.46940000000000004,1879415.7849201872,-1267415.1114867693,612000.6734334179,3146830.8964069565,1486425.4881638405,5125740.035915522,287.96717403975106,0.3363163041927463,0.4745158002038736,0.08339177522803436,0.038419511342278945,0.6477125691291509,False
沪深300ETF嘉实,9月,5.75,4.956,2026-09-23,202609,rule_fourth_wednesday,medium,47.0,33.0,2975464.36631808,-1602372.3176260802,1373092.0486919999,4577836.68394416,5447.0,1781.0,7228.0,874.0,0.0,874.0,0.31225,-0.38775,0.29435,587700.1890170882,-817381.2224715202,-229681.03345443204,1405081.4114886085,477429.01710336,895663.0315886398,532.3736454045163,0.35381119059413096,0.3,0.08022764824674132,0.034229109454688114,0.5134081048612088,False
沪深300ETF嘉实,9月,6.0,4.956,2026-09-23,202609,rule_fourth_wednesday,medium,47.0,33.0,3776712.5440195203,-734461.3262851201,3042251.2177344,4511173.87030464,11086.0,1039.0,12125.0,4381.0,15.0,4396.0,0.38975,-0.39280000000000004,0.21325,1352339.7180894723,-380918.16936832224,971421.54872115,1733257.8874577945,1481889.6354427203,1560361.58229168,679.4616673648941,0.43835468059835014,0.43245093564582393,0.2048100362256621,0.19045839561534628,0.6061410287421147,False
沪深300ETF嘉实,9月,6.25,4.956,2026-09-23,202609,rule_fourth_wednesday,medium,47.0,33.0,4308826.746672001,-203251.24849680002,4105575.4981752005,4512077.9951688005,18466.0,355.0,18821.0,1688.0,5.0,1693.0,0.4128,-0.42035,0.16405,1019315.4316128003,-107475.89777161964,911839.5338411807,1126791.32938442,391012.51205520006,3714562.9861200005,697.3821156340731,0.3826739768383351,0.6893768664586966,0.05274787466268421,0.026877425245377767,0.6019358822338575,False
沪深300ETF嘉实,12月,4.4,4.956,2026-12-23,202612,rule_fourth_wednesday,medium,138.0,98.0,376690.69279296004,-1031004.7025745602,-654314.0097816002,1407695.3953675202,468.0,1267.0,1735.0,15.0,468.0,483.0,0.1214,0.33240000000000003,0.3295,182536.44339080201,-649639.7057617073,-467103.26237090526,832176.1491525093,-368755.4681294401,-285558.54165216006,153.68028399478564,0.5573413251891713,0.5006665070646377,0.20071388096249976,0.1274531091342193,0.28844442291909916,False
沪深300ETF嘉实,12月,4.5,4.956,2026-12-23,202612,rule_fourth_wednesday,medium,138.0,98.0,295403.45683968003,-938124.4784486401,-642721.0216089601,1233527.93528832,324.0,1003.0,1327.0,5.0,206.0,211.0,0.12055,0.29375,0.376,140911.04182785386,-538297.1343352299,-397386.092507376,679208.1761630838,-188116.92039168,-454604.10121728,148.44551327255365,0.5254067788259708,0.45115664243225356,0.1104079736100341,0.007092342454808749,0.2343787881664781,False
沪深300ETF嘉实,12月,4.6,4.956,2026-12-23,202612,rule_fourth_wednesday,medium,138.0,98.0,547279.7244163201,-1220982.6808569601,-673702.95644064,1768262.40527328,542.0,1162.0,1704.0,17.0,38.0,55.0,0.11989999999999999,0.25095,0.41945,264998.0443559787,-595406.5327807661,-330408.4884247874,860404.5771367449,-22763.265426720005,-650939.69101392,158.60760044624936,0.4859274298779308,0.40029055986717244,0.03203377558732558,0.016455376418170964,0.25913343179344256,False
沪深300ETF嘉实,12月,4.7,4.956,2026-12-23,202612,rule_fourth_wednesday,medium,138.0,98.0,1076356.59806304,-841803.8639472,234552.73411584005,1918160.4620102402,983.0,770.0,1753.0,12.0,1.0,13.0,0.12775,0.19999999999999998,0.44545,514302.7810068785,-396460.00917277276,117842.77183410572,910762.7901796512,12046.401511200002,222506.33260464005,160.3871618250009,0.47439151639485655,0.49691548426896975,0.006753114637143121,-0.0005081300813008131,0.2624353173311348,False
沪深300ETF嘉实,12月,4.8,4.956,2026-12-23,202612,rule_fourth_wednesday,medium,138.0,98.0,2130585.8392224004,-906379.6498848001,1224206.1893376005,3036965.4891072004,895.0,747.0,1642.0,49.0,93.0,142.0,0.1624,0.24935000000000002,0.7316,1272199.3399999244,-474051.34218651685,798147.9978134076,1746250.6821864413,3804.152647680021,1220402.0366899204,94.7311694640826,0.5600643834926993,0.4307568438003221,0.08962329765991339,0.029905085100214356,0.3280956517854678,True
沪深300ETF嘉实,12月,4.9,4.956,2026-12-23,202612,rule_fourth_wednesday,medium,138.0,98.0,2252315.039657761,-1213255.250172,1039059.789485761,3465570.289829761,807.0,983.0,1790.0,43.0,366.0,409.0,0.17645,0.14445,0.8194,1198751.7962670678,-499854.9807651901,698896.8155018777,1698606.777032258,-331719.01607375994,1370778.805559521,224.59551054322242,0.4721129322908397,0.47931616715913894,0.21280668514687734,0.2815444711538462,0.37351898026367386,True
沪深300ETF嘉实,12月,5.0,4.956,2026-12-23,202612,rule_fourth_wednesday,medium,138.0,98.0,4271005.049522401,-802631.01469824,3468374.034824161,5073636.064220641,1565.0,676.0,2241.0,79.0,13.0,92.0,0.1918,0.05655000000000002,0.79725,2400347.014471635,-420448.3852988162,1979898.629172819,2820795.3997704512,200161.84818672005,3268212.1866374407,88.77276569584268,0.5429237879348472,0.45042678923177937,0.03485500122880315,0.028359256227341832,0.39020000225649215,True
沪深300ETF嘉实,12月,5.25,4.956,2026-12-23,202612,rule_fourth_wednesday,medium,138.0,98.0,7034129.759784961,-1106626.9736088002,5927502.786176161,8140756.733393761,3424.0,1049.0,4473.0,136.0,6.0,142.0,0.22225,-0.1051,0.63295,3383479.937269467,-524530.9869678837,2858948.9503015834,3908010.9242373505,273063.39357024,5654439.39260592,164.48495556566968,0.4774999073969337,0.38497942386831274,0.022719679623673637,0.007643378000504301,0.48694272463356536,False
沪深300ETF嘉实,12月,5.5,4.956,2026-12-23,202612,rule_fourth_wednesday,medium,138.0,98.0,2493599.2179537597,-775145.2258368001,1718453.9921169598,3268744.4437905597,1769.0,840.0,2609.0,73.0,0.0,73.0,0.24624999999999997,-0.20995,0.4748,1218705.8538566674,-365999.45142530947,852706.4024313579,1584705.305281977,102901.49401391998,1615552.4981030398,159.75248153559116,0.48045126519549547,0.3,0.020633126059920858,0.013348810214741729,0.34677112574284225,False
沪深300ETF嘉实,12月,5.75,4.956,2026-12-23,202612,rule_fourth_wednesday,medium,138.0,98.0,1852063.3097568003,-555897.52528128,1296165.7844755203,2407960.8350380803,1956.0,744.0,2700.0,115.0,30.0,145.0,0.2873,-0.26525,0.34485,903666.4385212788,-221812.08854632144,681854.3499749573,1125478.5270676003,86473.97997840002,1209691.8044971204,118.16858885837736,0.44347015443069254,0.3474739890593157,0.049558018338940565,0.03804501463042091,0.3261818226347628,False
沪深300ETF嘉实,12月,6.0,4.956,2026-12-23,202612,rule_fourth_wednesday,medium,138.0,98.0,1236754.3912012803,-265003.63989120006,971750.7513100803,1501758.0310924803,1916.0,405.0,2321.0,461.0,10.0,471.0,0.3125,-0.307,0.2646,614756.0365103326,-90687.5850917369,524068.45141859574,705443.6216020695,291026.51984448003,680724.2314656002,189.49856391375872,0.4196423242507391,0.3644067796610169,0.13264839299981956,0.029867256637168143,0.30316954135512625,False
沪深300ETF嘉实,12月,6.25,4.956,2026-12-23,202612,rule_fourth_wednesday,medium,138.0,98.0,2918131.8953068806,-176122.59018480004,2742009.3051220807,3094254.4854916804,6333.0,305.0,6638.0,2945.0,0.0,2945.0,0.33875,-0.33375,0.21134999999999998,1769072.2570114466,-88820.203500892,1680252.0535105546,1857892.4605123387,1357002.7525152003,1385006.5526068802,172.16643916245982,0.5552717436645056,0.3,0.2325122374861835,0.02269725982172334,0.5066485156638623,False
沪深300ETF嘉实,3月,4.4,4.956,2027-03-24,202703,rule_fourth_wednesday,medium,229.0,163.0,174900.63386880004,-391206.79696896,-216306.16310016,566107.4308377601,240.0,564.0,804.0,38.0,41.0,79.0,0.12719999999999998,0.30835,0.28955,95943.52065042013,-195783.60822425236,-99840.08757383222,291727.12887467246,-746.1916156799925,-215559.97148448,152.11908202411536,0.524510408139573,0.24960254372019075,0.11551418439716311,0.020031337368275524,0.14406815633674824,False
沪深300ETF嘉实,3月,4.5,4.956,2027-03-24,202703,rule_fourth_wednesday,medium,229.0,163.0,36507.6335736,-246224.32048368003,-209716.68691008002,282731.95405728003,45.0,329.0,374.0,2.0,75.0,77.0,0.12925,0.2732,0.3175,17906.80678700612,-139368.4901045836,-121461.68331757747,157275.2968915897,-54507.60275184001,-155209.08415824,157.77867861616562,0.5282586511631296,0.2493686868686868,0.13620398514015536,0.05734672304439746,0.08408018637524528,False
沪深300ETF嘉实,3月,4.6,4.956,2027-03-24,202703,rule_fourth_wednesday,medium,229.0,163.0,169450.83150912006,-584809.8713856001,-415359.03987648,754260.7028947201,191.0,736.0,927.0,32.0,172.0,204.0,0.1311,0.2362,0.34235000000000004,103513.337010614,-331015.2962586504,-227501.95924803644,434528.6332692644,-108277.85618496,-307081.18369152,114.74783613308344,0.5884487149314572,0.25513347022587274,0.20061745959480992,0.005984554595115912,0.1837766358949014,False
沪深300ETF嘉实,3月,4.7,4.956,2027-03-24,202703,rule_fourth_wednesday,medium,229.0,163.0,125958.52019520004,-108401.40272304001,17557.117472160025,234359.92291824004,132.0,131.0,263.0,4.0,33.0,37.0,0.1335,0.19754999999999998,0.3627,32330.166855750154,-62354.48783214084,-30024.320976390685,94684.65468789099,-23490.29873232,41047.41620448003,300.62061749747886,0.41594579145193594,0.2572692793931731,0.14110571362479757,0.11029827537461126,0.06100621571863267,False
沪深300ETF嘉实,3月,4.8,4.956,2027-03-24,202703,rule_fourth_wednesday,medium,229.0,163.0,177844.13627904,-104923.6782048,72920.45807423998,282767.81448384,176.0,124.0,300.0,87.0,51.0,138.0,0.13665,0.15795,0.37795,92644.41912329067,-66892.20262816013,25752.216495130546,159536.62175145082,44757.49663727999,28162.961436959988,252.3631175316559,0.5792312068544407,0.25646401118099227,0.4528042521994135,0.18263151616366455,0.09087395409065797,True
沪深300ETF嘉实,3月,4.9,4.956,2027-03-24,202703,rule_fourth_wednesday,medium,229.0,163.0,1029626.5323456003,-117466.47644256,912160.0559030403,1147093.0087881603,386.0,134.0,520.0,20.0,1.0,21.0,0.17204999999999998,0.1904,0.72145,507834.06574949797,-48276.968586900395,459557.0971625976,556111.0343363984,52471.90949616001,859688.1464068803,199.68985569674842,0.45210334705655225,0.28406326034063256,0.029638079034877425,0.021185671954685643,0.1690931644156323,True
沪深300ETF嘉实,3月,5.0,4.956,2027-03-24,202703,rule_fourth_wednesday,medium,229.0,163.0,433934.00397648016,-141952.27044096004,291981.73353552015,575886.2744174402,167.0,164.0,331.0,2.0,0.0,2.0,0.18680000000000002,0.09935000000000002,0.70515,205442.15277222966,-73562.6920521796,131879.46072005006,279004.8448244092,5196.814418880002,286784.9191166401,133.20506023979507,0.49583116138900235,0.3,0.005988023952095809,0.0,0.11215813662179458,True
沪深300ETF嘉实,3月,5.25,4.956,2027-03-24,202703,rule_fourth_wednesday,medium,229.0,163.0,569914.7765371201,-42646.39823808001,527268.3782990401,612561.1747752001,283.0,53.0,336.0,11.0,0.0,11.0,0.2145,-0.05074999999999999,0.57375,278439.601351968,-20130.059577932432,258309.54177403558,298569.6609299004,22152.164459040003,505116.21384000004,159.35101590370996,0.48029303886713803,0.3,0.019434628975265017,0.02022058823529412,0.12001909946333093,False
沪深300ETF嘉实,3月,5.5,4.956,2027-03-24,202703,rule_fourth_wednesday,medium,229.0,163.0,531481.7328004801,-28201.03243776,503280.7003627201,559682.7652382401,363.0,39.0,402.0,25.0,0.0,25.0,0.24025000000000002,-0.14634999999999998,0.44525,267055.2441120291,-13321.188122263526,253734.05598976556,280376.4322342926,36603.42512400001,466677.2752387201,157.94368858001604,0.48741915381918277,0.3,0.03443526170798898,0.03698224852071006,0.11696637102032979,False
沪深300ETF嘉实,3月,5.75,4.956,2027-03-24,202703,rule_fourth_wednesday,medium,229.0,163.0,382331.095776,-19933.976018880003,362397.11975712,402265.07179488003,362.0,31.0,393.0,77.0,0.0,77.0,0.26539999999999997,-0.2097,0.3459,213421.280401142,-9415.794045193445,204005.48635594855,222837.07444633543,81324.57009600001,281072.54966111993,159.07701643507252,0.5152798233160304,0.3,0.106353591160221,0.08766233766233766,0.10222528652634771,False
沪深300ETF嘉实,3月,6.0,4.956,2027-03-24,202703,rule_fourth_wednesday,medium,229.0,163.0,399383.71108272,-97540.36024320003,301843.35083952,496924.07132592006,519.0,170.0,689.0,44.0,0.0,44.0,0.29095,-0.25095,0.27345,151099.60527103316,-47203.602228099306,103896.00304293385,198303.20749913246,33859.12001472,267984.2308248,132.2751672486152,0.431135550208815,0.3,0.04238921001926782,0.04631578947368421,0.12473826112696006,False
中证500ETF南方,8月,6.25,7.987,2026-08-26,202608,rule_fourth_wednesday,medium,19.0,13.0,111279.0596036,-1550809.95564915,-1439530.89604555,1662089.0152527501,392.0,5463.0,5855.0,33.0,2574.0,2607.0,0.0001,0.48260000000000003,0.0445,54238.62290670827,-333632.788701324,-279394.16579461575,387871.4116080323,-721326.76135905,-718204.1346865002,1000.5050356597925,0.3512727041691386,0.46547058823529414,0.27767668022728037,0.07905814102058736,0.4274448216577751,False
中证500ETF南方,8月,6.5,7.987,2026-08-26,202608,rule_fourth_wednesday,medium,19.0,13.0,358594.91959969996,-4171089.2453664,-3812494.3257667003,4529684.1649661,670.0,16680.0,17350.0,169.0,5356.0,5525.0,0.1987,0.47595,0.06155,216922.29415392023,-1185019.5058637136,-968097.2117097933,1401941.8000176337,-1248898.20573609,-2563596.12003061,235.42145853064528,0.44451303605253084,0.45605226960110035,0.2866709617380722,-0.08496930132390706,0.6413612288966386,False
中证500ETF南方,8月,6.75,7.987,2026-08-26,202608,rule_fourth_wednesday,medium,19.0,13.0,811280.73678764,-14170914.90262448,-13359634.16583684,14982195.63941212,911.0,27664.0,28575.0,159.0,14147.0,14306.0,0.1889,0.45285,0.10994999999999999,389441.01479868154,-7334684.694804026,-6945243.680005345,7724125.709602707,-7105220.903190129,-6254413.2626467105,193.80110861094346,0.49880980365166366,0.42908333333333337,0.34296005968437937,-0.0280184534237713,0.817146354705708,False
中证500ETF南方,8月,7.0,7.987,2026-08-26,202608,rule_fourth_wednesday,medium,19.0,13.0,2709506.67234093,-36220101.43626672,-33510594.76392579,38929608.10860765,2043.0,40789.0,42832.0,1740.0,29079.0,30819.0,0.16890000000000002,0.4193,0.17354999999999998,2205837.668615063,-22227082.29288357,-20021244.62426851,24432919.961498633,-23514117.55761852,-9996477.206307268,125.18609771883459,0.7138887379036295,0.3876815379793125,0.7823007441073575,-0.17263512572218342,0.9063510705541806,False
中证500ETF南方,8月,7.122,7.987,2026-08-26,202608,rule_fourth_wednesday,medium,19.0,13.0,2276877.11308659,-7021523.66369706,-4744646.55061047,9298400.77678365,1467.0,5787.0,7254.0,1139.0,7072.0,8211.0,0.16315,0.39525,0.21675,1515908.344626098,-3976109.870736689,-2460201.526110591,5492018.215362787,-5253723.36935103,509076.8187405601,349.06704617330763,0.6160292533135694,0.36448873687934896,0.9992319361886861,0.19997618534201878,0.6624658799581027,False
中证500ETF南方,8月,7.25,7.987,2026-08-26,202608,rule_fourth_wednesday,medium,19.0,13.0,15139757.1934686,-74214238.85139921,-59074481.65793061,89353996.04486781,8470.0,44866.0,53336.0,6014.0,67387.0,73401.0,0.15685,0.3644,0.26975,11270006.667990692,-67327799.24114904,-56057792.573158346,78597805.90913972,-63464475.007063895,4389993.349133281,109.33509009165302,0.8258033795680353,0.3102542841348812,1.1059984076418874,-0.02636596887777681,0.9491768940339357,False
中证500ETF南方,8月,7.367,7.987,2026-08-26,202608,rule_fourth_wednesday,medium,19.0,13.0,7560081.395419279,-19643315.913542442,-12083234.518123163,27203397.30896172,3796.0,9062.0,12858.0,1660.0,8307.0,9967.0,0.1526,0.32925,0.32599999999999996,4279593.9795642365,-16729602.987951666,-12450009.00838743,21009196.9675159,-14700692.280205544,2617457.7620823802,160.7384831362365,0.7088733765756332,0.25567724271219205,0.6769937410448894,-0.04251944266832018,0.784941547221639,False
中证500ETF南方,8月,7.5,7.987,2026-08-26,202608,rule_fourth_wednesday,medium,19.0,13.0,83037162.14485462,-202142135.95676565,-119104973.81191103,285179298.10162026,37719.0,70953.0,108672.0,51524.0,138644.0,190168.0,0.1486,0.28074999999999994,0.39585000000000004,74211122.02782345,-171965250.78834447,-97754128.76052102,246176372.81616792,-119104973.81191103,0.0,34.73482474814375,0.8722121402014851,0.152899126290707,1.660010910824497,-0.04050047898304514,0.9884687783580753,False
中证500ETF南方,8月,7.613,7.987,2026-08-26,202608,rule_fourth_wednesday,medium,19.0,13.0,18857415.52911314,-38925205.811024964,-20067790.281911824,57782621.34013811,5362.0,11192.0,16554.0,5878.0,18450.0,24328.0,0.23020000000000002,0.34055,0.54825,15867213.79184019,-27955748.78171234,-12088534.989872148,43822962.57355253,-20067790.281911824,0.0,156.99275221633067,0.7798112036323409,0.021792360430949953,1.3723658383899195,0.1188742380690526,0.8584450659276379,True
中证500ETF南方,8月,7.75,7.987,2026-08-26,202608,rule_fourth_wednesday,medium,19.0,13.0,239050993.7866651,-249361081.58875835,-10310087.802093238,488412075.37542343,45974.0,59935.0,105909.0,120464.0,202504.0,322968.0,0.24485,0.22935,0.73365,221884422.85367066,-193651786.19896638,28232636.654704273,415536209.05263704,-10310087.802093238,0.0,25.324137428807283,0.8523902627065268,0.0,2.999495290733985,0.026563492912433186,0.9924562384991135,True
中证500ETF南方,8月,7.859,7.987,2026-08-26,202608,rule_fourth_wednesday,medium,19.0,13.0,37181565.524844304,-43288758.58195113,-6107193.057106823,80470324.10679543,6158.0,9563.0,15721.0,20639.0,14228.0,34867.0,0.247,0.14024999999999999,0.82805,30226945.822959863,-27912621.54318008,2314324.2797797844,58139567.36613994,-6107193.057106823,0.0,151.4025871411918,0.7288779302870466,0.0,2.41969640859982,0.06145934569792935,0.8704058301153096,True
中证500ETF南方,8月,8.0,7.987,2026-08-26,202608,rule_fourth_wednesday,medium,19.0,13.0,300824418.7716719,-144110919.08572128,156713499.6859506,444935337.85739315,48842.0,30744.0,79586.0,233666.0,91003.0,324669.0,0.25545,0.017650000000000027,0.85015,233462422.69203308,-129158438.42265953,104303984.26937355,362620861.1146926,156713499.6859506,0.0,29.20562343832219,0.8361593107731518,0.0,3.872072472333829,0.08726568381979884,0.98436158837602,True
中证500ETF南方,8月,8.104,7.987,2026-08-26,202608,rule_fourth_wednesday,medium,19.0,13.0,62310296.0517807,-53402588.500272475,8907707.551508226,115712884.55205318,10410.0,11656.0,22066.0,19608.0,5006.0,24614.0,0.2584,-0.06875000000000003,0.8282499999999999,56253402.146382816,-30537072.8097925,25716329.336590316,86790474.95617531,39375038.84241522,-30467331.290907,185.7307006078419,0.7373111155603977,0.0,1.1565259336325282,-0.09830151068208635,0.9005700587155772,True
中证500ETF南方,8月,8.25,7.987,2026-08-26,202608,rule_fourth_wednesday,medium,19.0,13.0,229074624.50994825,-39978027.94067082,189096596.56927744,269052652.4506191,44289.0,9603.0,53892.0,155249.0,7935.0,163184.0,0.26589999999999997,-0.1767,0.7317,181602981.67234272,-31960837.798275713,149642143.874067,213563819.47061843,196040608.92010936,-6944012.350831921,53.10031776730997,0.7961139351019908,0.08917025862068939,2.1658333926375164,0.06193896590111682,0.9690240020135983,True
中证500ETF南方,8月,8.35,7.987,2026-08-26,202608,rule_fourth_wednesday,medium,19.0,13.0,60580545.8724781,-26863286.808251463,33717259.064226635,87443832.68072957,13670.0,7302.0,20972.0,14977.0,2355.0,17332.0,0.27865,-0.23384999999999997,0.6356999999999999,52894555.911564596,-16845881.045395322,36048674.866169274,69740436.95695992,51916749.592906445,-18199490.528679814,101.32158590308353,0.7501122738686041,0.2080035180299032,0.7090626031248366,-0.08094493216194636,0.8830854521657142,True
中证500ETF南方,8月,8.5,7.987,2026-08-26,202608,rule_fourth_wednesday,medium,19.0,13.0,130515371.27217542,-7373047.8592848005,123142323.41289061,137888419.13146022,39330.0,2388.0,41718.0,70062.0,2316.0,72378.0,0.29335,-0.30310000000000004,0.5021,119833326.07368265,-6332275.693633314,113501050.38004933,126165601.76731597,123364626.36342181,-222302.95053120016,95.07518448760311,0.8884979369502664,0.3119834710743802,1.375618749736478,-0.046312813005151304,0.9498366776656901,False
中证500ETF南方,8月,8.595,7.987,2026-08-26,202608,rule_fourth_wednesday,medium,19.0,13.0,32646242.132138602,-12531290.29968508,20114951.832453523,45177532.431823686,12127.0,4543.0,16670.0,12096.0,1023.0,13119.0,0.3011,-0.33785,0.4272,19236174.61862355,-6990470.447728191,12245704.17089536,26226645.06635174,29740973.241178922,-9626021.4087254,297.06957936623024,0.5735360669109537,0.35362537764350455,0.6113126593431781,-0.07851288674916128,0.8352038534281757,False
中证500ETF南方,8月,8.75,7.987,2026-08-26,202608,rule_fourth_wednesday,medium,19.0,13.0,49304369.68747647,-1895852.2289447999,47408517.45853167,51200221.91642127,26679.0,840.0,27519.0,21104.0,504.0,21608.0,0.33435000000000004,-0.36745,0.32175,28091821.949649762,-1124467.5197321898,26967354.429917574,29216289.46938195,37863928.66729984,9544588.791231833,285.01907104925107,0.5814415725020288,0.4303658536585365,0.6955170733535739,0.07974223479210082,0.8873028708726031,False
中证500ETF南方,8月,8.841,7.987,2026-08-26,202608,rule_fourth_wednesday,medium,19.0,13.0,15687051.90065706,-6095739.81108456,9591312.0895725,21782791.71174162,10302.0,2988.0,13290.0,4326.0,575.0,4901.0,0.33365,-0.392,0.27925,7998872.767861675,-3522697.9666535775,4476174.8012080975,11521570.734515252,5414240.414597279,4177071.67497522,223.21500877311348,0.5438989679315911,0.4339919173776381,0.30617743737520453,-0.035705036799118524,0.7518372487600071,False
中证500ETF南方,8月,9.0,7.987,2026-08-26,202608,rule_fourth_wednesday,medium,19.0,13.0,19220266.66222852,-839515.15078704,18380751.51144148,20059781.81301556,19142.0,481.0,19623.0,4886.0,401.0,5287.0,0.3758,-0.40115,0.21550000000000002,3884417.6997961164,-608078.9628456951,3276338.7369504212,4492496.662641811,4206090.73265332,14174660.778788159,470.85500867013366,0.46321085035430515,0.4825915121859415,0.5444650343824934,0.009687348281403708,0.7786308376071387,False
中证500ETF南方,8月,9.086,7.987,2026-08-26,202608,rule_fourth_wednesday,medium,19.0,13.0,7218393.3143696515,-2144161.9709339202,5074231.343435731,9362555.285303572,8413.0,1328.0,9741.0,2001.0,362.0,2363.0,0.3929,-0.4075,0.1938,1649199.382225174,-1097381.900665332,551817.4815598419,2746581.282890506,1132389.4641178704,3941841.879317861,729.3332535710254,0.37013585903140583,0.4932874204515735,0.2552182759326859,-0.05209433015425481,0.6407694482335474,False
中证500ETF南方,8月,9.25,7.987,2026-08-26,202608,rule_fourth_wednesday,medium,19.0,13.0,9587088.410063012,-1385265.44956401,8201822.960499002,10972353.859627021,16643.0,969.0,17612.0,2986.0,258.0,3244.0,0.43775,-0.4102,0.1572,797592.8255684426,-729330.5737870497,68262.25178139284,1526923.3993554923,1351232.9653242,6850589.995174802,588.6967158710042,0.30484302175805955,0.48030188679245284,0.2228343194704902,-0.001916714252124552,0.708374003852731,False
中证500ETF南方,8月,9.332,7.987,2026-08-26,202608,rule_fourth_wednesday,medium,19.0,13.0,3847995.9436585796,-1480886.72128656,2367109.2223720197,5328882.66494514,7559.0,1128.0,8687.0,850.0,461.0,1311.0,0.42945,-0.42565,0.1428,686147.038751944,-876138.8685439426,-189991.8297919986,1562285.9072958864,-172518.2660002201,2539627.48837224,876.6332210443156,0.3849720411893858,0.4909760323419001,0.2605683399338912,0.01112397752145526,0.5576000325448545,False
中证500ETF南方,8月,9.578,7.987,2026-08-26,202608,rule_fourth_wednesday,medium,19.0,13.0,2699671.8336462,-1445520.3427929601,1254151.49085324,4145192.1764391605,8298.0,1344.0,9642.0,724.0,476.0,1200.0,0.4587,-0.4406,0.1098,454174.7264124001,-851052.8226368154,-396878.0962244153,1305227.5490492154,-276408.9165902401,1530560.40744348,1860.2776226190674,0.37849259573600247,0.48734567901234555,0.2207083032055917,0.0452304233795429,0.5388860514570106,False
中证500ETF南方,8月,9.823,7.987,2026-08-26,202608,rule_fourth_wednesday,medium,19.0,13.0,2967052.24455787,-2387723.0238626804,579329.2206951897,5354775.268420551,13327.0,2378.0,15705.0,530.0,384.0,914.0,0.5439,-0.42955,0.09615000000000001,245002.03297024473,-1254319.8365544756,-1009317.8035842308,1499321.8695247204,-267573.7011837401,846902.9218789295,1306.5569457360707,0.3039473579850111,0.4661374545070944,0.10062456285743299,0.006453673978441834,0.5877905657897259,False
中证500ETF南方,8月,10.314,7.987,2026-08-26,202608,rule_fourth_wednesday,medium,19.0,13.0,1480537.77812213,-3773746.9623161,-2293209.1841939697,5254284.74043823,13733.0,4889.0,18622.0,1343.0,933.0,2276.0,0.6032500000000001,-0.4455,0.06895,107266.12815642968,-2140196.3944215816,-2032930.266265152,2247462.5225780113,-575381.7612774699,-1717827.4229165001,2068.254337214462,0.3197892384278876,0.4737241670181358,0.14431510383197585,-0.08104694253912925,0.6276487048973309,False
中证500ETF南方,9月,6.25,7.987,2026-09-23,202609,rule_fourth_wednesday,medium,47.0,33.0,6522.111358560001,-2058813.15218544,-2052291.0408268801,2065335.263544,12.0,3788.0,3800.0,70.0,809.0,879.0,0.0001,0.4433,0.0852,5736.929710626458,-1277803.079563967,-1272066.1498533406,1283540.0092745933,-433176.89606436004,-1619114.14476252,115.72811010157108,0.750131345076082,0.3965832824893228,3.023451249560014,0.10358947088540282,0.37257002624410457,False
中证500ETF南方,9月,6.385,7.987,2026-09-23,202609,rule_fourth_wednesday,medium,47.0,33.0,881240.33268656,-35403967.39126156,-34522727.058575004,36285207.72394812,1336.0,73606.0,74942.0,78.0,3585.0,3663.0,0.18375,0.44530000000000003,0.08940000000000001,436031.6038615841,-13108705.66667697,-12672674.062815387,13544737.270538554,-1672910.08088022,-32849816.97769478,236.11338359109251,0.43252699355215973,0.3979738562091504,0.05354425106258423,0.00613374280980288,0.8614452722223889,False
中证500ETF南方,9月,6.5,7.987,2026-09-23,202609,rule_fourth_wednesday,medium,47.0,33.0,144035.06254172002,-4955419.06659492,-4811384.0040532,5099454.129136641,188.0,6468.0,6656.0,83.0,3515.0,3598.0,0.0001,0.4113,0.1201,92222.32569003293,-3051876.721564684,-2959654.395874651,3144099.047254717,-2629406.03533608,-2181977.96871712,211.14385209164504,0.628071720784611,0.38765622805785693,0.49246700614481764,-0.0032144601856375216,0.5691809887416635,False
中证500ETF南方,9月,6.631,7.987,2026-09-23,202609,rule_fourth_wednesday,medium,47.0,33.0,352770.69457000005,-54546736.77490213,-54193966.08033213,54899507.469472125,395.0,75204.0,75599.0,91.0,1711.0,1802.0,0.17504999999999998,0.41655,0.12685000000000002,193438.7705339072,-16364548.535715355,-16171109.765181448,16557987.30624926,-1159746.0978718302,-53034219.9824603,241.39672386403169,0.4241755268207279,0.3603191819026959,0.12656559811321644,-0.03966267664571912,0.8498142466659641,False
中证500ETF南方,9月,6.75,7.987,2026-09-23,202609,rule_fourth_wednesday,medium,47.0,33.0,436061.57794654,-6489324.735380759,-6053263.1574342195,6925386.313327299,431.0,6414.0,6845.0,76.0,2731.0,2807.0,0.0001,0.36939999999999995,0.1586,239549.1921137345,-4527586.87416877,-4288037.682055036,4767136.066282505,-2686179.7899026996,-3367083.36753152,121.12732695819548,0.6235224278178166,0.34131812420785806,0.3010607234609327,0.021633051398828887,0.5949916927149335,False
中证500ETF南方,9月,6.876,7.987,2026-09-23,202609,rule_fourth_wednesday,medium,47.0,33.0,1443859.1947122002,-14792852.826759841,-13348993.632047642,16236712.02147204,1268.0,13836.0,15104.0,116.0,1022.0,1138.0,0.16855,0.3768,0.17304999999999998,680364.61910165,-6104192.363325201,-5423827.744223551,6784556.982426851,-960590.1358622801,-12388403.496185362,197.25951236157363,0.4419286425423351,0.30273584905660395,0.08267396441231807,-0.03532092235848739,0.6974007356714811,False
中证500ETF南方,9月,7.0,7.987,2026-09-23,202609,rule_fourth_wednesday,medium,47.0,33.0,1599165.05767284,-13405606.630348383,-11806441.572675543,15004771.688021222,1268.0,10502.0,11770.0,390.0,7402.0,7792.0,0.16445,0.35275,0.1989,874011.5525092334,-7290514.753170956,-6416503.200661723,8164526.305680189,-8956657.834468683,-2849783.7382068597,238.27447686796543,0.5451915733985617,0.26947302120512295,0.506194553899002,-0.09923329870962624,0.7368871479654375,False
中证500ETF南方,9月,7.122,7.987,2026-09-23,202609,rule_fourth_wednesday,medium,47.0,33.0,1415836.57071388,-12641643.0969948,-11225806.526280921,14057479.66770868,1028.0,8397.0,9425.0,127.0,2356.0,2483.0,0.1616,0.32535000000000003,0.22594999999999998,648975.2489997095,-3925809.6912819077,-3276834.442282198,4574784.940281617,-3372033.0019242303,-7853773.524356691,328.7910224860418,0.3844572991504636,0.21026252983293553,0.20205862618157588,-0.031905385998005485,0.6788541752947681,False
中证500ETF南方,9月,7.25,7.987,2026-09-23,202609,rule_fourth_wednesday,medium,47.0,33.0,4035893.225761321,-17677541.08815674,-13641647.86239542,21713434.31391806,2706.0,10033.0,12739.0,871.0,7646.0,8517.0,0.159,0.29285,0.255,2804881.861852139,-12387179.424307773,-9582297.562455634,15192061.286159912,-12172728.55201326,-1468919.31038216,148.66939681585347,0.6978569683051443,0.16089075402734543,0.5419812143945675,-0.039037667235341654,0.7668488252068887,False
中证500ETF南方,9月,7.367,7.987,2026-09-23,202609,rule_fourth_wednesday,medium,47.0,33.0,5318536.8509767195,-23191447.19799117,-17872910.34701445,28509984.04896789,3351.0,11589.0,14940.0,398.0,1892.0,2290.0,0.15715,0.2598,0.28125,2256707.0306014726,-11927177.360309552,-9670470.32970808,14183884.390911024,-3154509.9986162004,-14718400.34839825,233.88105908077293,0.4693009084171696,0.10597701149425287,0.14101438920446974,-0.0657478740354545,0.750266798093576,False
中证500ETF南方,9月,7.5,7.987,2026-09-23,202609,rule_fourth_wednesday,medium,47.0,33.0,21081477.19171956,-24277577.132837,-3196099.9411174394,45359054.32455656,8439.0,10775.0,19214.0,2911.0,9435.0,12346.0,0.22955,0.32694999999999996,0.3724,12587472.89274819,-18360700.369255353,-5773227.476507163,30948173.26200354,-13986397.32963536,10790297.38851792,209.29035116331042,0.6766845460100086,0.0017275868339700073,0.6102920673516424,-0.027670783545205344,0.8414301601458171,False
中证500ETF南方,9月,7.613,7.987,2026-09-23,202609,rule_fourth_wednesday,medium,47.0,33.0,17075316.22008576,-22358089.9052777,-5282773.6851919405,39433406.125363454,4979.0,9151.0,14130.0,1645.0,2599.0,4244.0,0.2414,0.25960000000000005,0.4603,8154149.175651147,-11706747.495120283,-3552598.319469136,19860896.67077143,-708507.7249985002,-4574265.960193442,277.8860353996272,0.5005712325299,0.0,0.3072001521240044,0.008442890242293565,0.7829111106280139,True
中证500ETF南方,9月,7.75,7.987,2026-09-23,202609,rule_fourth_wednesday,medium,47.0,33.0,38396821.65441486,-26311469.2362809,12085352.418133963,64708290.890695766,9586.0,10055.0,19641.0,7157.0,12428.0,19585.0,0.24995,0.17999999999999997,0.51905,25179661.508159332,-23601274.980183322,1578386.52797601,48780936.48834266,2355967.9200561717,9729384.49807779,109.92094850623064,0.7763851690064072,0.0,0.9913058140585636,0.09851087948385234,0.870887058256115,True
中证500ETF南方,9月,7.859,7.987,2026-09-23,202609,rule_fourth_wednesday,medium,47.0,33.0,19153908.13426965,-16687588.69274714,2466319.4415225107,35841496.82701679,4539.0,6122.0,10661.0,2989.0,2477.0,5466.0,0.2542,0.11729999999999999,0.5444,12241175.589787701,-5999173.519291377,6242002.070496324,18240349.109079078,5861233.418623661,-3394913.977101149,274.7232629104242,0.49929728842047355,0.0,0.5315607146139678,-0.015358554187677231,0.7664841806598992,True
中证500ETF南方,9月,8.0,7.987,2026-09-23,202609,rule_fourth_wednesday,medium,47.0,33.0,72785134.78537673,-14387675.589512961,58397459.19586377,87172810.37488969,16999.0,5216.0,22215.0,23206.0,8431.0,31637.0,0.2607,0.03779999999999997,0.5518000000000001,61775914.01965443,-11736207.595718693,50039706.42393574,73512121.61537312,58397459.19586377,0.0,65.77553842675654,0.8322280541070797,0.022375215146299587,1.490755912608717,0.4060475999913723,0.8973443160292489,True
中证500ETF南方,9月,8.104,7.987,2026-09-23,202609,rule_fourth_wednesday,medium,47.0,33.0,29092505.429799844,-20093155.3241496,8999350.105650242,49185660.75394945,6969.0,7380.0,14349.0,4130.0,953.0,5083.0,0.2663,-0.01805000000000001,0.5406,15122135.658977889,-9651182.389362406,5470953.269615483,24773318.048340295,14646245.66396404,-5646895.558313798,201.19966214765338,0.5000583911819843,0.10746523542327396,0.3608786355836008,-0.012846407092130266,0.7956728267985412,True
中证500ETF南方,9月,8.25,7.987,2026-09-23,202609,rule_fourth_wednesday,medium,47.0,33.0,48606853.991118364,-4837735.2732237205,43769118.71789464,53444589.264342085,12586.0,1838.0,14424.0,10959.0,1463.0,12422.0,0.27365,-0.09030000000000002,0.509,34861624.04085439,-3826530.839927124,31035093.200927265,38688154.88078151,38472704.991127126,5296413.726767519,104.26422692069619,0.7540959384321275,0.19733174034249296,0.8333516332550444,0.10441952582712254,0.8277173187699696,True
中证500ETF南方,9月,8.35,7.987,2026-09-23,202609,rule_fourth_wednesday,medium,47.0,33.0,37298978.20149725,-18322436.538071822,18976541.663425427,55621414.73956907,10303.0,7314.0,17617.0,4256.0,399.0,4655.0,0.27995000000000003,-0.13509999999999997,0.48009999999999997,17977893.23967364,-7106881.145522046,10871012.094151594,25084774.385195687,14408052.72205663,4568488.9413688,323.23858132593784,0.4349364309624459,0.25988896599583633,0.23381824005799023,-0.04953444082950173,0.8158987328512328,True
中证500ETF南方,9月,8.5,7.987,2026-09-23,202609,rule_fourth_wednesday,medium,47.0,33.0,52454367.6659793,-2653209.4452767405,49801158.220702566,55107577.11125604,16662.0,1137.0,17799.0,12421.0,581.0,13002.0,0.2886,-0.194,0.42965,39955006.986974396,-1749070.0941707673,38205936.89280363,41704077.08114516,37747317.220289536,12053841.00041303,176.02947326603493,0.7104689363256557,0.32148568105829334,0.6282312873462089,0.0997445647019471,0.8474137747105384,False
中证500ETF南方,9月,8.595,7.987,2026-09-23,202609,rule_fourth_wednesday,medium,47.0,33.0,25864973.173251033,-11508849.19052547,14356123.982725563,37373822.363776505,9093.0,5243.0,14336.0,3389.0,395.0,3784.0,0.29635,-0.22535000000000002,0.395,14343309.438396899,-4967854.54424683,9375454.894150069,19311163.98264373,8772926.18100164,5583197.801723922,136.26015184760436,0.4931004434518491,0.3599921783339851,0.22402141232483153,0.05222970055874824,0.7774832333918278,False
中证500ETF南方,9月,8.75,7.987,2026-09-23,202609,rule_fourth_wednesday,medium,47.0,33.0,29894325.787924778,-1101295.2471822,28793030.540742576,30995621.03510698,12662.0,556.0,13218.0,12562.0,253.0,12815.0,0.31095,-0.2667,0.3403,23347234.9173328,-724242.3435601146,22622992.573772684,24071477.260892913,29157102.018050928,-364071.4773083495,150.14710376121428,0.7193099819353643,0.40875790875790885,0.7235691623608395,0.07353842023497903,0.8038582759647719,False
中证500ETF南方,9月,8.841,7.987,2026-09-23,202609,rule_fourth_wednesday,medium,47.0,33.0,21328506.624876853,-5610497.02252578,15718009.602351073,26939003.647402633,10147.0,3099.0,13246.0,3853.0,601.0,4454.0,0.3288,-0.28195000000000003,0.30665,12835355.55712901,-2590738.7601138973,10244616.797015114,15426094.317242907,7010757.459334932,8707252.14301614,166.18804022342374,0.531779901868813,0.4523857057296865,0.28682583511887993,-0.017484739641457782,0.7608302185027405,False
中证500ETF南方,9月,9.0,7.987,2026-09-23,202609,rule_fourth_wednesday,medium,47.0,33.0,10117591.1046056,-231897.29274880004,9885693.8118568,10349488.3973544,5918.0,142.0,6060.0,5008.0,126.0,5134.0,0.34745000000000004,-0.30905,0.262,7186050.701843472,-192809.97541394623,6993240.726429526,7378860.677257419,8356059.666707199,1529634.1451496005,126.07726377024126,0.7708493447320851,0.48286956521739127,0.8667778893706952,-0.0694492101323161,0.6394800757704384,False
中证500ETF南方,9月,9.086,7.987,2026-09-23,202609,rule_fourth_wednesday,medium,47.0,33.0,12162859.265547272,-2946193.4811382503,9216665.784409022,15109052.746685522,8001.0,1995.0,9996.0,4131.0,55.0,4186.0,0.37905,-0.30979999999999996,0.2349,9256782.910710257,-1360489.589776976,7896293.3209332805,10617272.500487233,6198588.09763312,3018077.6867759014,121.68959280772025,0.6114242024534469,0.470648249882279,0.27193969174905763,0.04334370018122113,0.7080554513686038,False
中证500ETF南方,9月,9.25,7.987,2026-09-23,202609,rule_fourth_wednesday,medium,47.0,33.0,5723185.889064278,-257037.7865517,5466148.1025125785,5980223.675615978,4663.0,185.0,4848.0,3945.0,152.0,4097.0,0.38345,-0.33694999999999997,0.2051,4152112.9738486195,-203359.67921886107,3948753.294629758,4355472.653067481,4630752.649999558,835395.4525130199,177.334037526848,0.7583281358354788,0.47638581722194484,0.8338217479757262,0.11720014450867053,0.5639971887409847,False
中证500ETF南方,9月,9.332,7.987,2026-09-23,202609,rule_fourth_wednesday,medium,47.0,33.0,8729784.81295032,-1911485.77580163,6818299.037148691,10641270.588751951,7892.0,1471.0,9363.0,5591.0,52.0,5643.0,0.40845,-0.33685000000000004,0.18855,4906928.496136013,-920147.8122581958,3986780.6838778174,5827076.3083942095,6116948.1555903,701350.8815583901,283.7792880830467,0.5217343750266865,0.45219783862626795,0.37189451373280963,-0.004551822042966893,0.6779949865513984,False
中证500ETF南方,9月,9.578,7.987,2026-09-23,202609,rule_fourth_wednesday,medium,47.0,33.0,14749999.799312402,-1812035.6980957002,12937964.101216702,16562035.497408101,17924.0,1519.0,19443.0,6661.0,35.0,6696.0,0.39955,-0.376,0.158,4159251.970486761,-889009.5955134912,3270242.37497327,5048261.566000252,5439711.351835601,7498252.749381101,372.2297674853643,0.3862984599046456,0.47905011308177603,0.19733305600605527,-0.023674317217211666,0.7798673008326915,False
中证500ETF南方,9月,9.823,7.987,2026-09-23,202609,rule_fourth_wednesday,medium,47.0,33.0,12249882.628732001,-981521.6223545601,11268361.006377442,13231404.251086561,19675.0,928.0,20603.0,5895.0,50.0,5945.0,0.4349,-0.38565,0.1317,3918094.6064859205,-503672.31531757093,3414422.29116835,4421766.921803491,3617411.4937478006,7650949.512629642,379.16690056562373,0.41650105083152256,0.4634480973336785,0.17674905796783946,-0.009791708192146701,0.7599883469608032,False
中证500ETF南方,9月,10.314,7.987,2026-09-23,202609,rule_fourth_wednesday,medium,47.0,33.0,7010167.381771682,-1090792.5044780402,5919374.877293642,8100959.886249722,18224.0,1261.0,19485.0,5930.0,40.0,5970.0,0.4892,-0.4039,0.09795,1167344.7774730104,-567642.6338468133,599702.143626197,1734987.4113198237,2246473.1274195006,3672901.749874141,583.9993185436934,0.3434581828997354,0.457775659884805,0.1785579699348107,0.008854939959021247,0.7111373481832532,False
中证500ETF南方,12月,6.25,7.987,2026-12-23,202612,rule_fourth_wednesday,medium,138.0,98.0,1595109.78948951,-2344357.10737648,-749247.31788697,3939466.89686599,2493.0,3664.0,6157.0,36.0,1234.0,1270.0,0.0001,0.37770000000000004,0.1003,706769.1023075293,-628403.7282727493,78365.37403477996,1335172.8305802788,-766522.87517386,17275.55728688999,517.7894123897348,0.3555672080403665,0.2142857142857143,0.1756154131130484,0.04577875815399097,0.5002933815892437,False
中证500ETF南方,12月,6.5,7.987,2026-12-23,202612,rule_fourth_wednesday,medium,138.0,98.0,401322.9143959,-2848635.47916486,-2447312.5647689602,3249958.39356076,530.0,3762.0,4292.0,30.0,877.0,907.0,0.0001,0.34340000000000004,0.1187,177684.64863190698,-835357.4323802962,-657672.7837483892,1013042.0810122031,-641359.44998741,-1805953.1147815501,372.7272841092058,0.36799780086771094,0.18293223091687583,0.1448622270370036,0.04741237099796764,0.4351082717223832,False
中证500ETF南方,12月,6.75,7.987,2026-12-23,202612,rule_fourth_wednesday,medium,138.0,98.0,323923.87574820005,-2414626.0952950506,-2090702.2195468505,2738549.9710432505,372.0,2773.0,3145.0,43.0,454.0,497.0,0.0001,0.30489999999999995,0.1365,161589.69728427188,-641055.7992629701,-479466.1019786982,802645.4965472419,-357883.6369153501,-1732818.5826315007,355.18406260449376,0.3821697398776687,0.10375381929288524,0.1396564995017236,0.013404448072634597,0.3692320285763635,False
中证500ETF南方,12月,6.876,7.987,2026-12-23,202612,rule_fourth_wednesday,medium,138.0,98.0,1405009.7637912,-5345815.6582845,-3940805.8944933005,6750825.4220757,1520.0,5205.0,6725.0,101.0,267.0,368.0,0.1633,0.30385,0.15295,640286.8484578442,-1860895.4211698615,-1220608.5727120172,2501182.2696277057,-180864.19547049003,-3759941.6990228104,174.7757047001957,0.4019100941001085,0.04028985507246374,0.05887209919611709,-0.010730216298993837,0.5196515838511111,False
中证500ETF南方,12月,7.0,7.987,2026-12-23,202612,rule_fourth_wednesday,medium,138.0,98.0,1118031.7606410398,-5462548.948337601,-4344517.187696561,6580580.70897864,1147.0,4910.0,6057.0,142.0,1097.0,1239.0,0.16285,0.28155,0.1636,469420.62528255885,-3186896.780929444,-2717476.155646885,3656317.406212003,-1082037.6672044802,-3262479.5204920806,209.7608407025346,0.5016358892719961,0.012098456403837998,0.17361140458505941,0.047925994844061945,0.5470824904738881,False
中证500ETF南方,12月,7.122,7.987,2026-12-23,202612,rule_fourth_wednesday,medium,138.0,98.0,1680059.2692600498,-5372394.02757666,-3692334.75831661,7052453.29683671,1645.0,4506.0,6151.0,158.0,423.0,581.0,0.16265000000000002,0.25834999999999997,0.1735,662741.2386951616,-3013885.7012915025,-2351144.462596341,3676626.939986664,-342965.20027301,-3349369.5580436,200.3122256635621,0.4777349126239713,0.0,0.09496173288705231,-0.004410210190533436,0.5318748450381526,False
中证500ETF南方,12月,7.25,7.987,2026-12-23,202612,rule_fourth_wednesday,medium,138.0,98.0,1592441.3630602402,-3167313.086934501,-1574871.7238742607,4759754.449994741,1493.0,2495.0,3988.0,221.0,757.0,978.0,0.1627,0.23295,0.18309999999999998,633987.6348490263,-834931.3320757583,-200943.69722673192,1468918.9669247847,-725264.6519514204,-849607.0719228401,347.002642485292,0.330865889424059,0.0,0.22571546307618587,0.05923165173882701,0.4719435882463176,False
中证500ETF南方,12月,7.367,7.987,2026-12-23,202612,rule_fourth_wednesday,medium,138.0,98.0,1252591.1343995,-4607776.62449083,-3355185.4900913304,5860367.75889033,1135.0,3461.0,4596.0,68.0,172.0,240.0,0.16325,0.2088,0.19085,386963.1261120739,-1766738.8064807432,-1379775.6803686693,2153701.932592817,-153945.81391756,-3201239.67617377,261.3465681374619,0.3461777815728174,0.04177461139896388,0.054804256873634084,-0.0023374076438930948,0.4635833123048444,False
中证500ETF南方,12月,7.5,7.987,2026-12-23,202612,rule_fourth_wednesday,medium,138.0,98.0,4735098.13875455,-3843318.7018275,891779.4369270504,8578416.84058205,2987.0,2770.0,5757.0,256.0,366.0,622.0,0.20339999999999997,0.32230000000000003,0.23299999999999998,1572550.6748016318,-1603687.9968952273,-31137.322093595518,3176238.6716968594,-101997.29901409987,993776.7359411507,336.10138758920647,0.3746858267994795,0.10542335362479244,0.10891734217711165,-0.0017886988602776235,0.5506626427724327,False
中证500ETF南方,12月,7.613,7.987,2026-12-23,202612,rule_fourth_wednesday,medium,138.0,98.0,8251732.67768122,-5003711.65229299,3248021.0253882296,13255444.32997421,2899.0,3497.0,6396.0,276.0,821.0,1097.0,0.22335000000000002,0.24509999999999998,0.33525,1407329.9529122587,-1858611.8030074108,-451281.85009515216,3265941.7559196698,-389126.48960479,3637147.51499302,380.1104538554147,0.2709981271004297,0.14516920058852378,0.16498895273463096,-0.04023892754053429,0.6140202425692383,True
中证500ETF南方,12月,7.75,7.987,2026-12-23,202612,rule_fourth_wednesday,medium,138.0,98.0,6391600.23584628,-3119084.93132712,3272515.30451916,9510685.1671734,2054.0,2124.0,4178.0,443.0,1280.0,1723.0,0.23590000000000003,0.17695000000000002,0.359,2124454.140404647,-1801855.7721336486,322598.3682709986,3926309.9125382956,-501155.1071941396,3773670.4117132993,344.1182084166837,0.45503475256829595,0.19323979591836726,0.4091566315874404,0.38371379169027353,0.5615137274067576,True
中证500ETF南方,12月,7.859,7.987,2026-12-23,202612,rule_fourth_wednesday,medium,138.0,98.0,8259436.85793135,-3986701.80840204,4272735.04952931,12246138.66633339,2613.0,2716.0,5329.0,501.0,255.0,756.0,0.24514999999999998,0.1306,0.3628,2461272.793962023,-1301804.1114950886,1159468.6824669347,3763076.905457112,1209308.147733,3063426.90179631,368.5730241496053,0.31226592271772136,0.24971878515185592,0.14281085509351396,0.02675047112530626,0.5775499393361345,True
中证500ETF南方,12月,8.0,7.987,2026-12-23,202612,rule_fourth_wednesday,medium,138.0,98.0,11894055.01342352,-1052495.51374058,10841559.499682939,12946550.5271641,3802.0,713.0,4515.0,1858.0,199.0,2057.0,0.2529,0.07625000000000001,0.3609,7785643.107337523,-438655.40643306676,7346987.700904457,8224298.51377059,5518753.676756739,5322805.8229262,247.34860661830206,0.5356796241781169,0.2915165411071078,0.3838962736818962,0.12143235211236271,0.6049642561551557,True
中证500ETF南方,12月,8.104,7.987,2026-12-23,202612,rule_fourth_wednesday,medium,138.0,98.0,8273589.1506240005,-4240567.21038937,4033021.9402346304,12514156.361013371,2688.0,2869.0,5557.0,495.0,69.0,564.0,0.2571,0.03899999999999998,0.3571,3555359.1313781827,-1414370.2956388395,2140988.8357393434,4969729.427017022,1421609.7620083801,2611412.1782262507,204.91670675125098,0.3816285987101927,0.3161589008363202,0.10410098870935618,-0.03041824076306835,0.572412976224186,True
中证500ETF南方,12月,8.25,7.987,2026-12-23,202612,rule_fourth_wednesday,medium,138.0,98.0,12729088.76433831,-1157590.5604813201,11571498.20385699,13886679.324819632,4373.0,804.0,5177.0,1447.0,89.0,1536.0,0.26745,-0.008699999999999986,0.34099999999999997,5018070.543693717,-451285.29359321797,4566785.250100499,5469355.837286934,4083839.4199817204,7487658.78387527,307.8542083551744,0.3920347614039815,0.36830848995463383,0.22079532022030257,0.11655948100562198,0.6101402574987775,True
中证500ETF南方,12月,8.35,7.987,2026-12-23,202612,rule_fourth_wednesday,medium,138.0,98.0,8812719.73602384,-3113459.7378647,5699259.998159139,11926179.473888539,3144.0,2174.0,5318.0,391.0,13.0,404.0,0.27075000000000005,-0.039750000000000035,0.33195,4767312.586369987,-1305039.129305772,3462273.4570642146,6072351.715675758,1077366.16666861,4621893.83149053,164.65464887745875,0.480059292311128,0.3833553342133686,0.065171814247023,0.010159725332139125,0.556859712322933,True
中证500ETF南方,12月,8.5,7.987,2026-12-23,202612,rule_fourth_wednesday,medium,138.0,98.0,7706148.876465341,-394166.70887748006,7311982.167587861,8100315.585342821,2971.0,302.0,3273.0,1343.0,63.0,1406.0,0.29159999999999997,-0.07719999999999999,0.3056,4084155.2044865857,-188416.91858328768,3895738.285903298,4272572.123069873,3401232.5914406003,3910749.576147261,285.1615206550987,0.5039999080599241,0.46969390847560355,0.3303228114600074,0.03903303701993381,0.5248041782162833,False
中证500ETF南方,12月,8.595,7.987,2026-12-23,202612,rule_fourth_wednesday,medium,138.0,98.0,8629017.42695454,-3253224.55261356,5375792.874340979,11882241.9795681,3498.0,2401.0,5899.0,299.0,23.0,322.0,0.2851,-0.10519999999999999,0.29955,2020837.9291484226,-1428675.8236688012,592162.1054796213,3449513.752817224,706422.35899389,4669370.51534709,352.921808692259,0.3366739045675834,0.4387975991341139,0.04752837880347645,-0.0012451353087809683,0.5552905779435964,False
中证500ETF南方,12月,8.75,7.987,2026-12-23,202612,rule_fourth_wednesday,medium,138.0,98.0,3561608.6559933606,-242773.85756330003,3318834.7984300605,3804382.5135566606,1592.0,190.0,1782.0,577.0,6.0,583.0,0.29855000000000004,-0.13835000000000003,0.2755,1228665.4986630362,-100930.45842180826,1127735.040241228,1329595.9570848444,1283192.87579049,2035641.9226395702,514.81070264687,0.38035672639778806,0.47928224687933424,0.19700806664903464,0.04822736744280601,0.3994064334059172,False
中证500ETF南方,12月,8.841,7.987,2026-12-23,202612,rule_fourth_wednesday,medium,138.0,98.0,6991241.52107276,-1068544.9855392901,5922696.53553347,8059786.50661205,3308.0,843.0,4151.0,382.0,1.0,383.0,0.2999,-0.15905,0.265,882232.1222964369,-440496.1318518612,441735.9904445757,1322728.2541482982,806064.4511285101,5116632.08440496,374.0573152337853,0.26921512686283894,0.48022086698533045,0.05833193480415571,0.004422079902409271,0.497806970304288,False
中证500ETF南方,12月,9.0,7.987,2026-12-23,202612,rule_fourth_wednesday,medium,138.0,98.0,4010386.56490836,-106059.58433601998,3904326.98057234,4116446.14924438,2121.0,97.0,2218.0,913.0,0.0,913.0,0.3357,-0.17564999999999997,0.2339,1091558.7760120681,-44970.015398816184,1046588.760613252,1136528.7914108844,1726300.29880308,2178026.6817692597,406.9489065525204,0.34809500977095653,0.43222453222453217,0.21522866572371524,0.033719174635128336,0.42739268476428416,False
中证500ETF南方,12月,9.086,7.987,2026-12-23,202612,rule_fourth_wednesday,medium,138.0,98.0,3087203.51902599,-599666.8020940801,2487536.71693191,3686870.32112007,1729.0,512.0,2241.0,200.0,2.0,202.0,0.3163,-0.20185,0.23175,760284.1286299981,-258998.31499860113,501285.813631397,1019282.4436285992,354766.11361631996,2132770.60331559,465.5685179820748,0.33908661365140597,0.4849982474588152,0.0597900249421631,0.013426606361296294,0.37433843823407653,False
中证500ETF南方,12月,9.25,7.987,2026-12-23,202612,rule_fourth_wednesday,medium,138.0,98.0,4013785.4116726806,-314527.2892545,3699258.1224181806,4328312.70092718,2533.0,285.0,2818.0,2073.0,2.0,2075.0,0.32995,-0.22375,0.2107,2659196.798026666,-139516.5041721833,2519680.293854483,2798713.302198849,3282663.3627636805,416594.7596545002,153.20461233560462,0.5530455661970651,0.46323715515059477,0.41270735069018777,-0.07619012352645216,0.471490673578504,False
中证500ETF南方,12月,9.332,7.987,2026-12-23,202612,rule_fourth_wednesday,medium,138.0,98.0,3673547.3266244205,-1262268.4064368003,2411278.9201876204,4935815.7330612205,2462.0,1192.0,3654.0,626.0,5.0,631.0,0.3406,-0.2313,0.19995000000000002,1115331.9502882217,-564971.1098322463,550360.8404559754,1680303.060120468,928759.1193746601,1482519.80081296,345.11756745139854,0.37559783728242735,0.44652150505473476,0.1292297281088655,-0.009532414018086818,0.45236089344981606,False
中证500ETF南方,12月,9.578,7.987,2026-12-23,202612,rule_fourth_wednesday,medium,138.0,98.0,11102026.75324008,-1924139.59044447,9177887.16279561,13026166.34368455,8934.0,2099.0,11033.0,4172.0,0.0,4172.0,0.3813,-0.2465,0.16925,5911689.301543767,-882024.641649534,5029664.659894233,6793713.943193301,5184425.29824464,3993461.8645509705,247.4407048294033,0.49544345135922196,0.3895767275655544,0.23349003805686142,-0.005534646889528448,0.698282061887141,False
中证500ETF南方,12月,9.823,7.987,2026-12-23,202612,rule_fourth_wednesday,medium,138.0,98.0,11367976.94372277,-3744878.4541568398,7623098.489565929,15112855.39787961,11007.0,4043.0,15050.0,4868.0,5.0,4873.0,0.37,-0.28245,0.15355,4284654.233553946,-1760503.4128189469,2524150.820734999,6045157.646372893,5023015.800554079,2600082.6890118495,367.20494526441865,0.42350761620512645,0.4262043209001088,0.22175035961308187,-0.0038763183989903543,0.741682752428779,False
中证500ETF南方,12月,10.314,7.987,2026-12-23,202612,rule_fourth_wednesday,medium,138.0,98.0,4209351.15041091,-1156717.8836094001,3052633.26680151,5366069.03402031,5773.0,1410.0,7183.0,105965.0,7.0,105972.0,0.40005,-0.31484999999999996,0.12145,3322743.854962044,-564265.4501097123,2758478.4048523316,3887009.3050717562,4203608.57935753,-1150975.3125560202,119.66533564952132,0.6385939726151347,0.41903038792264896,9.180119546482585,-0.01846788114847685,0.6483445483745598,False
中证500ETF南方,3月,6.25,7.987,2027-03-24,202703,rule_fourth_wednesday,medium,229.0,163.0,1272162.5718487,-1488651.50409724,-216488.93224854,2760814.07594594,2170.0,2441.0,4611.0,38.0,204.0,242.0,0.16675,0.35785,0.09375,513354.5040912438,-347494.31668767205,165860.18740357173,860848.8207789159,-102132.53841238002,-114356.39383615996,401.3825921159355,0.31847896664562186,0.04836992681304053,0.05054191358455872,0.023800587099473886,0.38067863359676507,False
中证500ETF南方,3月,6.5,7.987,2027-03-24,202703,rule_fourth_wednesday,medium,229.0,163.0,1264003.5534336,-1909434.8575682798,-645431.3041346797,3173438.4110018797,1935.0,2663.0,4598.0,15.0,282.0,297.0,0.1667,0.3264,0.1074,464246.838333974,-759933.2708087626,-295686.4324747886,1224180.1091427365,-192402.28507752,-453029.0190571598,300.11723595000217,0.3826357201286737,0.0,0.056823772221688544,0.002819047039151675,0.4036252894799675,False
中证500ETF南方,3月,6.75,7.987,2027-03-24,202703,rule_fourth_wednesday,medium,229.0,163.0,1646936.4613501797,-981271.5570520799,665664.9042980998,2628208.01840226,2301.0,1198.0,3499.0,44.0,129.0,173.0,0.16745,0.29165,0.12029999999999999,811519.7804276728,-173101.32642488,638418.4540027927,984621.1068525529,-74169.87905291999,739834.78335102,489.22338363470357,0.3345750822209919,0.0,0.06340079329666495,-0.01093497388991323,0.347600604923354,False
中证500ETF南方,3月,7.0,7.987,2027-03-24,202703,rule_fourth_wednesday,medium,229.0,163.0,563476.228777,-786151.7255751601,-222675.49679816014,1349627.95435216,730.0,863.0,1593.0,84.0,168.0,252.0,0.1684,0.25455,0.13190000000000002,179522.91595165452,-218446.33116213605,-38923.41521048153,397969.2471137906,-88201.60454616003,-134473.8922520001,621.4362291448399,0.2982334095735065,0.0,0.15486912490674454,0.04362005003882322,0.2590685163664936,False
中证500ETF南方,3月,7.25,7.987,2027-03-24,202703,rule_fourth_wednesday,medium,229.0,163.0,539819.5408250401,-946165.450608,-406345.90978295996,1485984.9914330402,657.0,960.0,1617.0,148.0,159.0,307.0,0.17029999999999998,0.2155,0.14165,161339.30407191848,-251916.55122438,-90577.24715246152,413255.8552962985,-35105.46852238999,-371240.44126056996,633.9436547451375,0.2825631843100136,0.0849101229895931,0.19544568112633182,0.0636970867535812,0.2743756593474683,False
中证500ETF南方,3月,7.5,7.987,2027-03-24,202703,rule_fourth_wednesday,medium,229.0,163.0,965667.9925146799,-765027.5867325001,200640.4057821798,1730695.57924718,1118.0,738.0,1856.0,108.0,133.0,241.0,0.1735,0.17525000000000002,0.14895,330679.0542860838,-208153.84744700007,122525.20683908372,538832.9017330839,-44586.26067917005,245226.66646134993,522.4819858361573,0.3072611375833719,0.17866516685414324,0.13840893775664054,0.021903879595106653,0.2875012000227117,False
中证500ETF南方,3月,7.75,7.987,2027-03-24,202703,rule_fourth_wednesday,medium,229.0,163.0,4590836.61401288,-1295695.5029928002,3295141.11102008,5886532.117005681,1543.0,1209.0,2752.0,420.0,351.0,771.0,0.22600000000000003,0.20925000000000002,0.3172,1734908.6532046315,-513262.6057016631,1221646.0475029685,2248171.2589062946,873442.3779479999,2421698.73307208,406.8574667044496,0.3870179465243838,0.24671755725190853,0.2812597997198587,0.19147284049440133,0.4644190252742716,True
中证500ETF南方,3月,8.0,7.987,2027-03-24,202703,rule_fourth_wednesday,medium,229.0,163.0,5444022.42661662,-902902.87743558,4541119.54918104,6346925.3040522,1782.0,838.0,2620.0,301.0,231.0,532.0,0.24359999999999998,0.1094,0.32389999999999997,1640256.5793959452,-553952.9854535435,1086303.5939424017,2194209.5648494884,670666.2103477002,3870453.33883334,247.71311425485806,0.45740970729484853,0.31655620857821676,0.22228383008017058,0.10769356186438951,0.456929968114665,True
中证500ETF南方,3月,8.25,7.987,2027-03-24,202703,rule_fourth_wednesday,medium,229.0,163.0,1864325.5011033097,-506392.4442690401,1357933.0568342695,2370717.9453723496,647.0,536.0,1183.0,41.0,0.0,41.0,0.27954999999999997,0.03444999999999998,0.2999,420121.57350983395,-192094.21661864265,228027.3568911913,612215.7901284766,118141.18322292999,1239791.8736113396,554.2839680267668,0.30234319500369844,0.49488514833069835,0.03168469860896445,-0.012066365007541479,0.2663028339064915,True
中证500ETF南方,3月,8.5,7.987,2027-03-24,202703,rule_fourth_wednesday,medium,229.0,163.0,4720232.64961248,-1734341.9396272197,2985890.70998526,6454574.5892397,1911.0,1791.0,3702.0,76.0,40.0,116.0,0.28645,-0.028499999999999998,0.26949999999999996,389771.173264704,-571048.7514502745,-181277.57818557048,960819.9247149786,148987.88654288,2836902.823442381,460.1003613659001,0.20591708937563072,0.48279587765957455,0.031051822868046846,0.020750402754928954,0.43695192029776153,False
中证500ETF南方,3月,8.75,7.987,2027-03-24,202703,rule_fourth_wednesday,medium,229.0,163.0,4998716.087538599,-1634060.64995922,3364655.437579379,6632776.73749782,2268.0,1718.0,3986.0,921.0,44.0,965.0,0.08389999999999999,-0.08279999999999998,0.2473,1253020.027554093,-603247.3222108714,649772.7053432215,1856267.3497649643,1988051.6887221895,1376603.7488571892,370.52453434727397,0.30991953889627155,0.4667142535126606,0.21584791593522676,-0.013206677008403162,0.5036585314620592,False
中证500ETF嘉实,8月,2.75,3.238,2026-08-26,202608,rule_fourth_wednesday,medium,19.0,13.0,50493.62611824,-518790.35522468004,-468296.72910644003,569283.98134292,134.0,2513.0,2647.0,45.0,2511.0,2556.0,0.181,0.4523,0.27815,28674.792733622136,-276523.0353408747,-247848.24260725256,305197.8280744968,-501420.65520276007,33123.926096320014,1467.6607410662264,0.5504521715232351,0.4309473684210525,0.6675125170011463,0.16621915820029026,0.2932289164517266,False
中证500ETF嘉实,8月,2.8,3.238,2026-08-26,202608,rule_fourth_wednesday,medium,19.0,13.0,242562.65832575999,-1090330.4222635198,-847767.7639377599,1332893.0805892798,522.0,3876.0,4398.0,67.0,2780.0,2847.0,0.1734,0.43635,0.35575,135594.45137819322,-317601.59555100265,-182007.14417280944,453196.0469291959,-750888.8146062399,-96878.94933151995,663.768767643459,0.4251486234409919,0.41647168928404305,0.42279337627367947,0.015033176192295574,0.3898443240553897,False
中证500ETF嘉实,8月,2.85,3.238,2026-08-26,202608,rule_fourth_wednesday,medium,19.0,13.0,307627.31844299997,-1252012.2301515997,-944384.9117085998,1559639.5485945996,551.0,3170.0,3721.0,46.0,1143.0,1189.0,0.16890000000000002,0.41505,0.4546,134436.22561292115,-430976.57588057587,-296540.35026765475,565412.801493497,-425753.1891476399,-518631.7225609599,530.9031359673346,0.3906185828403446,0.39091389329107235,0.22202619842328544,0.10221444642975315,0.3539669664223876,False
中证500ETF嘉实,8月,2.9,3.238,2026-08-26,202608,rule_fourth_wednesday,medium,19.0,13.0,932948.7862655999,-1904785.1171272,-971836.3308616,2837733.9033927997,1426.0,3619.0,5045.0,461.0,1713.0,2174.0,0.16035,0.39080000000000004,0.563,543203.9135832629,-436832.12373884796,106371.78984441498,980036.037322111,-599996.3344727999,-371839.9963888002,340.10632874517563,0.4057890782207838,0.36263901412684096,0.39830854144810757,0.06999942371315584,0.4623975311774294,False
中证500ETF嘉实,8月,2.95,3.238,2026-08-26,202608,rule_fourth_wednesday,medium,19.0,13.0,1591005.4095849998,-2946709.1962,-1355703.7866150003,4537714.605785,2125.0,4088.0,6213.0,1065.0,1974.0,3039.0,0.15785,0.3575,0.7008,811289.3772113468,-1198359.6071343953,-387070.2299230485,2009648.984345742,-625522.7729874002,-730181.0136276002,329.3884798055414,0.45829985273896745,0.3199233716475097,0.49202659145850125,0.07259960635434005,0.5485984505237034,False
中证500ETF嘉实,8月,3.0,3.238,2026-08-26,202608,rule_fourth_wednesday,medium,19.0,13.0,3936115.48378392,-6460285.3487615995,-2524169.8649776797,10396400.832545519,4698.0,6816.0,11514.0,3982.0,4719.0,8701.0,0.15465,0.3175,0.85155,3630216.1823354303,-4238548.4037963925,-608332.2214609622,7868764.586131822,-1136493.2613311196,-1387676.60364656,42.016945513402625,0.7891885124948355,0.23891213389121335,0.769968135226857,0.158813676679086,0.7048074739790222,False
中证500ETF嘉实,8月,3.1,3.238,2026-08-26,202608,rule_fourth_wednesday,medium,19.0,13.0,12658516.037537038,-11593707.96477696,1064808.072760079,24252224.002313998,7638.0,7872.0,15510.0,7906.0,11120.0,19026.0,0.2384,0.3106,1.4927000000000001,10840632.809538782,-8439074.340780865,2401558.4687579162,19279707.150319647,1064808.072760079,0.0,68.15100264040515,0.7921458645543427,0.0,1.223844672657253,0.19330712275461837,0.8091546134670203,True
中证500ETF嘉实,8月,3.2,3.238,2026-08-26,202608,rule_fourth_wednesday,medium,19.0,13.0,31751205.627646558,-13130921.38408776,18620284.243558798,44882127.01173432,13116.0,7107.0,20223.0,16914.0,10726.0,27640.0,0.25375000000000003,0.10829999999999998,2.0355499999999997,25494008.328132335,-10536763.744792359,14957244.583339976,36030772.072924696,18620284.243558798,0.0,82.95363173412011,0.802684713660323,0.0,1.3993931282522252,0.2520030728501388,0.8663145373957164,True
中证500ETF嘉实,8月,3.3,3.238,2026-08-26,202608,rule_fourth_wednesday,medium,19.0,13.0,40813065.82264464,-4564498.04826876,36248567.774375886,45377563.8709134,17388.0,2499.0,19887.0,17641.0,2188.0,19829.0,0.26080000000000003,-0.09659999999999999,1.9904000000000002,33601679.74807874,-3972016.2907733275,29629663.457305413,37573696.038852066,36816618.55189152,-568050.7775156401,19.421442529723564,0.8467523771733154,0.0,0.9450502423191499,0.1411235751184733,0.8619932861102726,True
中证500ETF嘉实,8月,3.4,3.238,2026-08-26,202608,rule_fourth_wednesday,medium,19.0,13.0,29045861.428888198,-1539272.6033924,27506588.8254958,30585134.032280598,17407.0,1090.0,18497.0,9170.0,940.0,10110.0,0.2891,-0.24695,1.4691999999999998,14201331.275557065,-1334526.902260442,12866804.373296624,15535858.177817507,13973901.020803599,13532687.804692198,208.18374666478877,0.6779566462338266,0.26197680282400404,0.6945924422474772,0.24776684821640402,0.8205435641954133,False
中证500ETF嘉实,8月,3.5,3.238,2026-08-26,202608,rule_fourth_wednesday,medium,19.0,13.0,11686572.553613761,-1107655.14316268,10578917.41045108,12794227.696776442,11484.0,1043.0,12527.0,5789.0,99.0,5888.0,0.312,-0.3435,0.9917499999999999,3024250.280120371,-504584.8410852862,2519665.4390350846,3528835.1212056573,5785978.366013721,4792939.044437361,455.4784997069403,0.35716159150496357,0.38258110014104374,0.29950557747942613,0.006899834237454213,0.7171999106208958,False
中证500ETF嘉实,8月,3.6,3.238,2026-08-26,202608,rule_fourth_wednesday,medium,19.0,13.0,3157174.58476992,-425856.88227679994,2731317.70249312,3583031.46704672,5412.0,535.0,5947.0,5176.0,67.0,5243.0,0.3573,-0.38625,0.6577999999999999,1460374.0887896577,-193435.55286106202,1266938.5359285956,1653809.6416507198,2966168.695464,-234850.99297088003,637.8806609771365,0.4583919742700003,0.4633315872184389,0.5408134225777262,0.04037889684674949,0.5362373635292345,False
中证500ETF嘉实,8月,3.7,3.238,2026-08-26,202608,rule_fourth_wednesday,medium,19.0,13.0,2440766.19950072,-351506.39235452,2089259.8071462,2792272.59185524,6914.0,557.0,7471.0,3141.0,48.0,3189.0,0.40445,-0.40854999999999997,0.4693,931685.009216416,-165367.46198370957,766317.5472327064,1097052.4712001255,1078538.0286174,1010721.7785288001,1288.9511382171477,0.42608594671921995,0.4997919700436863,0.2702357873001414,0.001237155938361512,0.5041918790681642,False
中证500ETF嘉实,8月,3.8,3.238,2026-08-26,202608,rule_fourth_wednesday,medium,19.0,13.0,1015204.59291744,-181124.11233592,834080.48058152,1196328.70525336,4458.0,338.0,4796.0,1919.0,21.0,1940.0,0.5104,-0.3958,0.36415,206039.90098862772,-87285.19320584272,118754.707782785,293325.09419447044,425753.81822628,408326.6623552399,2660.7684968340704,0.34243112868789444,0.44783186575843165,0.24629613406919545,0.05943111381808864,0.3731180061928786,False
中证500ETF嘉实,8月,3.9,3.238,2026-08-26,202608,rule_fourth_wednesday,medium,19.0,13.0,337634.05503168004,-293986.90144543996,43647.15358624008,631620.95647712,2736.0,644.0,3380.0,1842.0,35.0,1877.0,0.5106499999999999,-0.42305000000000004,0.27655,95280.8271316057,-144852.17310569962,-49571.345974093914,240133.00023730533,211333.09770736005,-167685.94412111997,2807.911922360395,0.38745894485750065,0.46509090909090905,0.36379672006102215,-0.0058110706505033645,0.298672067204574,False
中证500ETF嘉实,8月,4.0,3.238,2026-08-26,202608,rule_fourth_wednesday,medium,19.0,13.0,294707.93041331996,-223708.85694564,70999.07346767996,518416.78735895996,3303.0,627.0,3930.0,1817.0,132.0,1949.0,0.50055,-0.45039999999999997,0.2127,123789.82217845599,-126745.26569985159,-2955.443521395602,250535.08787830756,115023.98877724,-44024.91530956002,982.6203208556151,0.49330292660110997,0.484178446375308,0.38031614003218767,0.0896129927180013,0.29114995793843573,False
中证500ETF嘉实,8月,4.1,3.238,2026-08-26,202608,rule_fourth_wednesday,medium,19.0,13.0,478362.30188576,-385557.5803662,92804.72151955997,863919.88225196,6892.0,1035.0,7927.0,1471.0,54.0,1525.0,0.7326999999999999,-0.39225,0.21075,136512.32956310402,-198130.2505684784,-61617.92100537437,334642.58013158245,81983.6252936,10821.096225959947,2066.8686060467503,0.3996270713058276,0.4138372837924408,0.1328048903580711,0.02267556499317458,0.37683854807754663,False
中证500ETF嘉实,9月,2.75,3.238,2026-09-23,202609,rule_fourth_wednesday,medium,47.0,33.0,27484.970013799997,-580068.3813148799,-552583.4113010799,607553.3513286798,65.0,1548.0,1613.0,16.0,493.0,509.0,0.1702,0.3976,0.38034999999999997,15655.697176737858,-325592.5074255419,-309936.810248804,341248.20460227976,-177972.00896375993,-374611.4023373199,184.33881722799214,0.5654548058876521,0.31539136154352115,0.2823146491751143,0.22211007146540926,0.22302646324114644,False
中证500ETF嘉实,9月,2.8,3.238,2026-09-23,202609,rule_fourth_wednesday,medium,47.0,33.0,780284.40129616,-5737048.105162321,-4956763.7038661605,6517332.506458481,1636.0,12746.0,14382.0,216.0,1269.0,1485.0,0.1655,0.37639999999999996,0.44210000000000005,424813.2323655196,-1870844.3213154548,-1446031.088949935,2295657.5536809745,-468163.78382052004,-4488599.92004564,263.81461675579277,0.43526630386149123,0.30335329341317363,0.11579499316531347,0.01308076867044502,0.6138083524516008,False
中证500ETF嘉实,9月,2.85,3.238,2026-09-23,202609,rule_fourth_wednesday,medium,47.0,33.0,338339.88126576,-2714927.37306724,-2376587.4918014803,3053267.254333,638.0,5029.0,5667.0,27.0,283.0,310.0,0.16404999999999997,0.35005,0.5103500000000001,186471.51910652246,-1130769.589865062,-944298.0707585395,1317241.1089715844,-138460.31351044003,-2238127.17829104,169.87487667846779,0.48381877110935456,0.2572894168466523,0.04929668113032187,0.04073911200450356,0.4158854764184186,False
中证500ETF嘉实,9月,2.9,3.238,2026-09-23,202609,rule_fourth_wednesday,medium,47.0,33.0,910341.7968728,-2178322.24468284,-1267980.44781004,3088664.0415556403,1565.0,3429.0,4994.0,235.0,724.0,959.0,0.1616,0.32089999999999996,0.5803499999999999,585645.6317025875,-1042318.1426122366,-456672.5109096491,1627963.774314824,-323234.86434784,-944745.5834622001,76.6869799404358,0.5609104197559205,0.2314731473147314,0.1806500092706729,0.0761463965373428,0.4413020225783138,False
中证500ETF嘉实,9月,2.95,3.238,2026-09-23,202609,rule_fourth_wednesday,medium,47.0,33.0,1576420.8503952401,-1658860.03347064,-82439.18307539984,3235280.88386588,2503.0,2258.0,4761.0,315.0,539.0,854.0,0.15999999999999998,0.28790000000000004,0.6507000000000001,593016.7480238612,-536458.2565652997,56558.491458561504,1129475.004589161,-197590.24573792002,115151.06266252021,403.9083794252201,0.34978445674330305,0.18266939053455905,0.18227790070869784,0.04793016829356535,0.4396286281710938,False
中证500ETF嘉实,9月,3.0,3.238,2026-09-23,202609,rule_fourth_wednesday,medium,47.0,33.0,1624562.87571072,-1729027.67466912,-104464.79895840003,3353590.5503798397,2412.0,2072.0,4484.0,848.0,1127.0,1975.0,0.15815,0.2518,0.71915,785869.5780962324,-1159794.7227618725,-373925.1446656401,1945664.3008581048,-369294.42967204005,264829.63071364025,252.29812422145636,0.5772603756172323,0.11375245579567783,0.4477471874859935,-0.029995742408985542,0.47002207051134404,False
中证500ETF嘉实,9月,3.1,3.238,2026-09-23,202609,rule_fourth_wednesday,medium,47.0,33.0,6399735.90058296,-3311819.0996052,3087916.80097776,9711555.00018816,4446.0,3310.0,7756.0,1532.0,1701.0,3233.0,0.24914999999999998,0.23504999999999998,1.1636,4267431.695304742,-2194748.3776701745,2072683.3176345676,6462180.072974917,503282.30859140004,2584634.4923863607,92.00532266210844,0.6647577441725286,0.0,0.42923833908887177,0.025807016486652228,0.6410146454596763,True
中证500ETF嘉实,9月,3.2,3.238,2026-09-23,202609,rule_fourth_wednesday,medium,47.0,33.0,8707535.215797039,-5438624.941147599,3268910.2746494394,14146160.156944638,5131.0,4889.0,10020.0,2811.0,2106.0,4917.0,0.25745,0.097,1.3397999999999999,6965426.363587509,-2890642.7489595218,4074783.614627987,9856069.11254703,2427633.973197839,841276.3014515997,162.50647416157045,0.665716692851755,0.0,0.4893046804525283,0.16795712085733955,0.7071365995048375,True
中证500ETF嘉实,9月,3.3,3.238,2026-09-23,202609,rule_fourth_wednesday,medium,47.0,33.0,10716650.2993608,-5739853.5862038415,4976796.713156959,16456503.885564642,6420.0,5266.0,11686.0,5370.0,765.0,6135.0,0.269,-0.03639999999999999,1.3158500000000002,8048487.237400391,-3001354.25107438,5047132.986326011,11049841.488474771,8130089.6730252,-3153292.959868241,115.89436177643398,0.6369618742105914,0.1869318181818181,0.4908600757460131,0.1055474752113872,0.7388101957121697,True
中证500ETF嘉实,9月,3.4,3.238,2026-09-23,202609,rule_fourth_wednesday,medium,47.0,33.0,6815911.786822361,-2016358.3998711598,4799553.386951201,8832270.186693521,4867.0,2031.0,6898.0,2497.0,227.0,2724.0,0.2858,-0.14760000000000004,1.1413,4854262.1447436,-765739.4919134104,4088522.6528301896,5620001.636657011,3271519.902541041,1528033.4844101602,223.72919562685507,0.5459795742461622,0.3159609120521173,0.3124073268691153,0.014361524514500238,0.6193072752517754,False
中证500ETF嘉实,9月,3.5,3.238,2026-09-23,202609,rule_fourth_wednesday,medium,47.0,33.0,10637699.67188352,-1918979.2281744,8718720.44370912,12556678.90005792,9752.0,2430.0,12182.0,2449.0,24.0,2473.0,0.32885,-0.21864999999999996,0.8968,3854633.78535911,-1065159.744556775,2789474.0408023354,4919793.529915885,2652471.0826843195,6066249.3610248,179.36253328095694,0.4587108767670046,0.4649478563151796,0.13050225847942554,-0.009900492511810232,0.6829378142864756,False
中证500ETF嘉实,9月,3.6,3.238,2026-09-23,202609,rule_fourth_wednesday,medium,47.0,33.0,4867992.9491256,-1208968.46782756,3659024.48129804,6076961.4169531595,5964.0,1837.0,7801.0,1374.0,2.0,1376.0,0.36725,-0.26895,0.7031000000000001,1468790.263653024,-580015.0580572904,888775.2055957337,2048805.3217103146,1120183.13943184,2538841.3418662,213.67085199666144,0.3907421388653321,0.46606741573033705,0.11573551269511462,0.029380436712231492,0.5613069859437967,False
中证500ETF嘉实,9月,3.7,3.238,2026-09-23,202609,rule_fourth_wednesday,medium,47.0,33.0,4072597.2401251197,-721166.94579504,3351430.2943300796,4793764.185920159,6792.0,1234.0,8026.0,4720.0,10.0,4730.0,0.38935,-0.3104,0.56465,2206361.6100272806,-336821.9555351114,1869539.6544921692,2543183.565562392,2824347.1099336003,527083.1843964796,220.25400804385157,0.5044045826885517,0.4528992306248827,0.3515194728090823,0.15304349971085957,0.5852754438524669,False
中证500ETF嘉实,9月,3.8,3.238,2026-09-23,202609,rule_fourth_wednesday,medium,47.0,33.0,2371651.6359456005,-608791.69263152,1762859.9433140806,2980443.3285771203,5295.0,1259.0,6554.0,3722.0,1.0,3723.0,0.45835,-0.31795,0.44420000000000004,1141169.7900023044,-289984.28907643614,851185.5009258683,1431154.0790787404,1666615.1052516804,96244.83806240011,540.4567799456498,0.4787492606281831,0.3971124620060791,0.3518607855358323,0.14073088092933203,0.5065183784407034,False
中证500ETF嘉实,9月,3.9,3.238,2026-09-23,202609,rule_fourth_wednesday,medium,47.0,33.0,4506068.280567599,-599702.2402086,3906366.0403589997,5105770.520776199,13095.0,1305.0,14400.0,6530.0,5.0,6535.0,0.45175,-0.3532,0.38325,1499614.01807664,-293249.9592089336,1206364.0588677065,1792863.9772855737,2244714.5752697997,1661651.4650891994,658.5727719151599,0.41089569036669493,0.4328553701916449,0.2512475148450975,0.008499479244160096,0.6465618837930386,False
中证500ETF嘉实,9月,4.0,3.238,2026-09-23,202609,rule_fourth_wednesday,medium,47.0,33.0,2513335.2435609596,-287084.96514667996,2226250.2784142797,2800420.2087076395,9604.0,683.0,10287.0,1302.0,12.0,1314.0,0.43879999999999997,-0.3882,0.32525,638958.6974883839,-116898.4145535415,522060.28293484234,755857.1120419253,335685.1694049599,1890565.1090093195,822.5724290232793,0.33070920351301586,0.46231155778894467,0.07656902961979604,0.01026266484816745,0.4935726517552895,False
中证500ETF嘉实,9月,4.1,3.238,2026-09-23,202609,rule_fourth_wednesday,medium,47.0,33.0,3615990.88907868,-112189.8846576,3503801.00442108,3728180.77373628,16931.0,296.0,17227.0,5728.0,2.0,5730.0,0.4768,-0.3933,0.28259999999999996,523774.6291665521,-56655.99442872935,467118.63473782275,580430.6235952815,1222583.5119866398,2281217.49243444,488.41404453706036,0.3249252292944325,0.45428253615127917,0.17253554570458474,0.054525843223936235,0.6233653782738514,False
中证500ETF嘉实,12月,2.75,3.238,2026-12-23,202612,rule_fourth_wednesday,medium,138.0,98.0,12024.628510719998,-155035.80174935996,-143011.17323863995,167060.43026007997,32.0,399.0,431.0,0.0,242.0,242.0,0.16645,0.32705,0.3645,4491.216036983357,-63084.901099857045,-58593.68506287369,67576.1171368404,-94031.73940687998,-48979.43383175999,311.6020872455757,0.39020340653072105,0.49778481012658243,0.3032581453634085,0.2125,0.08964386958319195,False
中证500ETF嘉实,12月,2.8,3.238,2026-12-23,202612,rule_fourth_wednesday,medium,138.0,98.0,1008153.25044168,-1330009.3841035198,-321856.1336618399,2338162.6345451996,2506.0,3126.0,5632.0,46.0,67.0,113.0,0.16265000000000002,0.30705,0.39475,368218.8386258717,-277404.38849504,90814.45013083168,645623.2271209117,-10000.672832959997,-311855.46082887973,434.1988317150151,0.2869070971732146,0.24794184032478161,0.019894543562500543,0.004195949111615671,0.3658026668251715,False
中证500ETF嘉实,12月,2.85,3.238,2026-12-23,202612,rule_fourth_wednesday,medium,138.0,98.0,234790.07718923996,-1564944.98815148,-1330154.91096224,1799735.06534072,549.0,3407.0,3956.0,1.0,107.0,108.0,0.1626,0.2836,0.423,81495.31931076376,-822132.1200130564,-740636.8007022927,903627.4393238202,-48720.88251072,-1281434.02845152,213.03113258233304,0.43622057845304174,0.18313253012048208,0.01661371129727022,0.008206270716730968,0.30783440227769954,False
中证500ETF嘉实,12月,2.9,3.238,2026-12-23,202612,rule_fourth_wednesday,medium,138.0,98.0,1342356.3105708,-1824765.2656548,-482408.955084,3167121.5762256,2974.0,3759.0,6733.0,49.0,23.0,72.0,0.16584999999999997,0.25744999999999996,0.44675,525110.1957845764,-369419.09208920004,155691.1036953763,894529.2878737764,10951.7348902,-493360.6899742,378.37923517829734,0.29681643176078804,0.261904761904762,0.011297387502900458,0.00033180775164489643,0.40644921420412283,False
中证500ETF嘉实,12月,2.95,3.238,2026-12-23,202612,rule_fourth_wednesday,medium,138.0,98.0,1403103.2894424,-1557582.0420560397,-154478.7526136397,2960685.3314984394,2964.0,3003.0,5967.0,220.0,76.0,296.0,0.16375,0.233,0.47309999999999997,412079.31794324296,-587224.9828117967,-175145.66486855375,999304.3007550397,64724.64311232002,-219203.39572595968,272.36093423347614,0.33535099532664603,0.25352112676056343,0.04976602345023398,-0.003596722826052416,0.41304822921777595,False
中证500ETF嘉实,12月,3.0,3.238,2026-12-23,202612,rule_fourth_wednesday,medium,138.0,98.0,1952491.2957915994,-1516582.7853119997,435908.5104795997,3469074.081103599,3958.0,2800.0,6758.0,82.0,70.0,152.0,0.1652,0.20604999999999998,0.49354999999999993,748800.9384862186,-318482.38491552,430318.5535706986,1067283.3234017384,2536.2353835999966,433372.27509599994,414.9344818206363,0.2967552565023426,0.2939622641509435,0.02285876705406771,0.007809839918165003,0.43279826950900285,False
中证500ETF嘉实,12月,3.1,3.238,2026-12-23,202612,rule_fourth_wednesday,medium,138.0,98.0,3211001.0695228805,-709245.06679552,2501756.0027273605,3920246.1363184005,2571.0,1216.0,3787.0,100.0,62.0,162.0,0.21735,0.24630000000000002,0.87375,1624827.952547853,-124888.75363115284,1499939.1989167002,1749716.706179006,88730.91309336002,2413025.0896340003,233.05905963189355,0.3410530045295068,0.3341094295692666,0.04494110677803026,0.02571277818606667,0.4023081172168792,True
中证500ETF嘉实,12月,3.2,3.238,2026-12-23,202612,rule_fourth_wednesday,medium,138.0,98.0,3062064.81426696,-909939.3962360801,2152125.41803088,3972004.2105030403,2206.0,1501.0,3707.0,193.0,108.0,301.0,0.2378,0.12155000000000002,0.9510500000000001,1018850.0837106716,-208176.67466187204,810673.4090487997,1227026.7583725436,202423.98116124002,1949701.43686964,419.7049876012987,0.28075691813049486,0.3773369813041495,0.07972034962487988,0.0421878587500574,0.412698327086244,True
中证500ETF嘉实,12月,3.3,3.238,2026-12-23,202612,rule_fourth_wednesday,medium,138.0,98.0,2029528.3708924397,-589970.9178799998,1439557.45301244,2619499.2887724396,1567.0,1000.0,2567.0,94.0,7.0,101.0,0.25725,0.026299999999999962,0.899,526211.4395263308,-238808.5449653906,287402.8945609402,765019.9844917214,117616.00246691998,1321941.45054552,289.21062556428785,0.332028946900197,0.4524815205913412,0.033493618379068286,0.008436080467229072,0.32118743038469433,True
中证500ETF嘉实,12月,3.4,3.238,2026-12-23,202612,rule_fourth_wednesday,medium,138.0,98.0,1659553.0684390399,-477769.500114,1181783.56832504,2137322.56855304,1472.0,850.0,2322.0,124.0,0.0,124.0,0.27659999999999996,-0.049699999999999994,0.8057,809434.6675445344,-203956.62431450776,605478.0432300267,1013391.2918590421,139799.30739568,1041984.26092936,157.74566766183239,0.4573179586241573,0.3,0.042119565217391304,0.002389078498293515,0.30373023104186553,False
中证500ETF嘉实,12月,3.5,3.238,2026-12-23,202612,rule_fourth_wednesday,medium,138.0,98.0,2029361.87474572,-505769.37099464,1523592.50375108,2535131.24574036,2077.0,1013.0,3090.0,447.0,22.0,469.0,0.3053,-0.10769999999999999,0.70405,712320.5614539641,-195122.84089561264,517197.7205583515,907443.4023495767,425763.46409876004,1097829.03965232,348.73218685762896,0.36840063483595753,0.4182139699381078,0.1184659608051517,-0.017697041398411564,0.36332707936440667,False
中证500ETF嘉实,12月,3.6,3.238,2026-12-23,202612,rule_fourth_wednesday,medium,138.0,98.0,1535822.107052,-726205.2366228,809616.8704292,2262027.3436748,1850.0,1510.0,3360.0,181.0,1.0,182.0,0.31605,-0.1595,0.62525,367269.027113408,-289725.36417893023,77543.66293447779,656994.3912923383,149780.58363724,659836.28679196,456.3953464940315,0.3190465506208234,0.41728606822946435,0.04925004474673349,0.01791713325867861,0.3304343197047627,False
中证500ETF嘉实,12月,3.7,3.238,2026-12-23,202612,rule_fourth_wednesday,medium,138.0,98.0,1220538.3773279998,-681995.47703952,538542.9002884798,1902533.8543675197,1744.0,1477.0,3221.0,145.0,0.0,145.0,0.32515000000000005,-0.20329999999999998,0.5539499999999999,284698.97471159993,-283479.63608986133,1219.3386217385996,568178.6108014613,101478.24811499998,437064.65217347967,396.75449481505075,0.3244594639101347,0.3,0.04157110091743119,0.008751458576429404,0.3053856331345511,False
中证500ETF嘉实,12月,3.8,3.238,2026-12-23,202612,rule_fourth_wednesday,medium,138.0,98.0,1053329.2748160001,-346397.7495655199,706931.5252504803,1399727.02438152,1794.0,807.0,2601.0,382.0,0.0,382.0,0.34145000000000003,-0.23609999999999998,0.4847,300380.85674240004,-149803.4246812145,150577.43206118554,450184.28142361454,224287.50444800002,482644.0208024802,448.6273858001611,0.358816765600285,0.3,0.1064659977703456,0.02982870643827525,0.2929015838281793,False
中证500ETF嘉实,12月,3.9,3.238,2026-12-23,202612,rule_fourth_wednesday,medium,138.0,98.0,606535.81662848,-319719.46806107997,286816.3485674,926255.28468956,1234.0,801.0,2035.0,40.0,0.0,40.0,0.35795,-0.26244999999999996,0.42474999999999996,129171.485097216,-141937.06159097605,-12765.576493760047,271108.54668819206,19660.8044288,267155.5441386,459.37803955473976,0.32845423473853363,0.3,0.01620745542949757,0.01033912324234905,0.2118008229225114,False
中证500ETF嘉实,12月,4.0,3.238,2026-12-23,202612,rule_fourth_wednesday,medium,138.0,98.0,810289.56518824,-252956.71500159998,557332.85018664,1063246.2801898401,1966.0,680.0,2646.0,552.0,0.0,552.0,0.37495,-0.2831,0.37395,253060.93236296004,-115144.71433009012,137916.21803286992,368205.64669305016,227507.54831328001,329825.30187336006,432.5552351801267,0.3837522916502293,0.3,0.14038657171922686,0.06494252873563218,0.2828464813903147,False
中证500ETF嘉实,12月,4.1,3.238,2026-12-23,202612,rule_fourth_wednesday,medium,138.0,98.0,2893349.0684121596,-28882.78275188,2864466.2856602794,2922231.8511640397,8416.0,83.0,8499.0,23925.0,0.0,23925.0,0.39065000000000005,-0.30090000000000006,0.32989999999999997,1736009.441047296,-13390.90491818916,1722618.5361291068,1749400.345965485,2893349.0684121596,-28882.78275188,426.69508982397997,0.5318146598481328,0.3,1.4213997148288973,0.6783814057686922,0.5770133620109638,False
中证500ETF嘉实,3月,2.75,3.238,2027-03-24,202703,rule_fourth_wednesday,medium,229.0,163.0,153562.2898816,-294819.90641124005,-141257.61652964004,448382.19629284006,460.0,879.0,1339.0,4.0,404.0,408.0,0.16949999999999998,0.3008,0.31915000000000004,54129.29251714394,-129364.12510700562,-75234.83258986167,183493.41762414956,-134167.7954104,-7089.82111923999,330.85984474089673,0.3956405606716443,0.4800181653042689,0.2341544244942375,0.3221460926807013,0.1794668257585368,False
中证500ETF嘉实,3月,2.8,3.238,2027-03-24,202703,rule_fourth_wednesday,medium,229.0,163.0,348408.91397760005,-498226.19386884,-149817.27989123994,846635.10784644,989.0,1403.0,2392.0,1.0,483.0,484.0,0.1688,0.28200000000000003,0.33735000000000004,113755.10923720681,-305444.37971064984,-191689.27047344303,419199.48894785665,-171168.20893284,21350.92904160003,249.09177925234877,0.4697812600836752,0.4724249797242498,0.17263670871388553,0.20665220755946562,0.25589183312194774,False
中证500ETF嘉实,3月,2.85,3.238,2027-03-24,202703,rule_fourth_wednesday,medium,229.0,163.0,176711.12567631996,-231426.39370116,-54715.26802484004,408137.51937747997,478.0,623.0,1101.0,0.0,167.0,167.0,0.1699,0.26175,0.35345000000000004,60563.188454382616,-71099.53732648802,-10536.348872105402,131662.72578087065,-62035.646465640006,7320.378440799948,493.6482828583935,0.3249736832281907,0.7871794871794873,0.13402889245585875,0.13701431492842536,0.14684373800951891,False
中证500ETF嘉实,3月,2.9,3.238,2027-03-24,202703,rule_fourth_wednesday,medium,229.0,163.0,69893.04837212,-53204.11628512,16688.932087,123097.16465724,181.0,137.0,318.0,57.0,0.0,57.0,0.16974999999999998,0.2414,0.36935,35066.866004286254,-10640.823257024,24426.042747262254,45707.689261310254,22010.51799564,-5321.585908639994,471.99744550749426,0.3508608997677819,0.3,0.1574585635359116,0.13732394366197184,0.05101734499481145,False
中证500ETF嘉实,3月,2.95,3.238,2027-03-24,202703,rule_fourth_wednesday,medium,229.0,163.0,96725.87352911998,-112203.20015548001,-15477.326626360024,208929.0736846,241.0,289.0,530.0,82.0,70.0,152.0,0.17809999999999998,0.21814999999999998,0.37655,52183.82461904163,-33311.538316056,18872.28630298563,85495.36293509763,5733.6324178399955,-21210.959044200026,454.97666696893737,0.4181940223569329,0.43538135593220345,0.291231747763787,0.25931983916036255,0.09049952590732771,False
中证500ETF嘉实,3月,3.0,3.238,2027-03-24,202703,rule_fourth_wednesday,medium,229.0,163.0,539055.17999432,-343977.0549588,195078.12503552,883032.2349531201,1298.0,838.0,2136.0,203.0,30.0,233.0,0.1734,0.19839999999999997,0.39380000000000004,260779.5142664385,-73721.09674296001,187058.41752347848,334500.6110093985,71991.02563651999,123087.099399,407.1214020384486,0.34904563715031567,0.4789684526790186,0.09609698783882675,0.0211659381949237,0.23627132373627036,False
中证500ETF嘉实,3月,3.1,3.238,2027-03-24,202703,rule_fourth_wednesday,medium,229.0,163.0,1406438.978931,-537430.06017432,869008.91875668,1943869.03910532,1575.0,1277.0,2852.0,162.0,163.0,325.0,0.21055,0.29025,0.6265499999999999,771491.7070518625,-134925.667417296,636566.0396345665,906417.3744691585,76063.15651967998,792945.762237,309.1925445646908,0.39979988716874443,0.4411764705882354,0.11525002796733416,0.10540651828530616,0.32393530490208244,True
中证500ETF嘉实,3月,3.2,3.238,2027-03-24,202703,rule_fourth_wednesday,medium,229.0,163.0,984300.89503456,-386754.29763236,597546.5974022,1371055.19266692,796.0,907.0,1703.0,42.0,226.0,268.0,0.242,0.14755,0.79305,315138.7834318991,-217604.03031153456,97534.75312036453,532742.8137434337,-44433.292193359994,641979.88959556,273.7300916750237,0.4414033101042144,0.42114695340501795,0.15096845861058322,0.14924895524552864,0.26629992523305845,True
中证500ETF嘉实,3月,3.3,3.238,2027-03-24,202703,rule_fourth_wednesday,medium,229.0,163.0,958262.9107392,-288017.36453759996,670245.5462016,1246280.2752768,792.0,708.0,1500.0,14.0,10.0,24.0,0.2632,0.06505,0.7709999999999999,296894.14317734673,-90789.02794888876,206105.11522845796,387683.1711262355,12870.9489744,657374.5972272002,367.2964990285061,0.3125230130696108,0.36586950870808427,0.015900530731039204,0.016160753088147555,0.21460489051564238,True
中证500ETF嘉实,3月,3.4,3.238,2027-03-24,202703,rule_fourth_wednesday,medium,229.0,163.0,908367.22386828,-282069.42599639995,626297.79787188,1190436.64986468,837.0,690.0,1527.0,52.0,11.0,63.0,0.2727,-0.004250000000000004,0.7124999999999999,349986.5785142359,-120050.63587719956,229935.94263703635,470037.2143914355,51937.047057719996,574360.7508141601,262.7055157728872,0.4054493217331525,0.37457703586735835,0.03903433587865565,0.040473960284750844,0.21656687284217205,False
中证500ETF嘉实,3月,3.5,3.238,2027-03-24,202703,rule_fourth_wednesday,medium,229.0,163.0,758631.51450736,-250043.032434,508588.48207336006,1008674.54694136,802.0,650.0,1452.0,335.0,10.0,345.0,0.2933,-0.05785000000000001,0.63455,528460.9778384448,-93732.81078752078,434728.167050924,622193.7886259656,313037.91897920007,195550.56309416,188.60731888166785,0.5357322151037585,0.34321873819418214,0.21654517552273164,0.04534601206434316,0.23384054690765635,False
中证500ETF嘉实,3月,3.6,3.238,2027-03-24,202703,rule_fourth_wednesday,medium,229.0,163.0,39895.32857728,0.0,39895.32857728,39895.32857728,47.0,0.0,47.0,43.0,0.0,43.0,0.2912,-0.11274999999999999,0.5915,38151.49471261776,0.0,38151.49471261776,38151.49471261776,36499.98146432,3395.3471129600007,133.81864458464239,0.7159238077365415,0.3,0.9148936170212766,1.6363636363636365,0.01949067211086678,False
深证100ETF易方达,8月,3.1,3.712,2026-08-26,202608,rule_fourth_wednesday,medium,19.0,13.0,8459.169300480002,-138474.2535168,-130015.08421632,146933.42281728,24.0,695.0,719.0,2.0,420.0,422.0,0.1948,0.4616,0.20020000000000002,2646.228948133557,-61167.763783680006,-58521.53483554645,63813.99273181356,-82977.35192576,-47037.73229056,2018.5003162121598,0.3772751775949116,0.45787908820614476,0.34382494004796166,0.19256813949551382,0.11240660759610478,False
深证100ETF易方达,8月,3.2,3.712,2026-08-26,202608,rule_fourth_wednesday,medium,19.0,13.0,42978.45538816001,-482177.19717888004,-439198.74179072,525155.6525670401,83.0,1491.0,1574.0,4.0,344.0,348.0,0.17895,0.4369,0.30525,12894.185634691643,-158467.86953439447,-145573.68389970282,171362.05516908612,-109175.53373184,-330023.20805888,426.8114819102485,0.31433289652233737,0.4407959223681631,0.13945520512634038,0.10120823825405184,0.1936802901005029,False
深证100ETF易方达,8月,3.3,3.712,2026-08-26,202608,rule_fourth_wednesday,medium,19.0,13.0,37954.65240576,-303603.46083328,-265648.80842752,341558.11323904,54.0,527.0,581.0,10.0,226.0,236.0,0.1739,0.3956,0.4641,13443.282990299602,-206796.92329672768,-193353.64030642807,220240.20628702728,-123169.42925824001,-142479.37916928,256.4226687461104,0.5176674029889153,0.32389449185415053,0.3070138449645091,0.20486656200941916,0.11902007608414589,False
深证100ETF易方达,8月,3.4,3.712,2026-08-26,202608,rule_fourth_wednesday,medium,19.0,13.0,228158.78201343998,-1131836.3563622402,-903677.5743488001,1359995.1383756802,257.0,1233.0,1490.0,54.0,515.0,569.0,0.16175,0.34130000000000005,0.65525,83036.89050713269,-452575.02935731673,-369538.13885018404,535611.9198644494,-424805.9458355201,-478871.6285132801,429.5727336687131,0.38190125020389243,0.2535655058043117,0.31389859284715715,0.006306038587140602,0.27712887881600573,False
深证100ETF易方达,8月,3.5,3.712,2026-08-26,202608,rule_fourth_wednesday,medium,19.0,13.0,1703630.56521216,-2380072.2712166402,-676441.7060044801,4083702.8364288006,1623.0,1716.0,3339.0,52.0,2635.0,2687.0,0.15419999999999998,0.26405,0.8842,501895.4978421028,-1751608.743392115,-1249713.2455500122,2253504.241234218,-2325488.9136128,1649047.20760832,268.32712600869024,0.5152755975874518,0.0835272219637041,0.7837936093481379,0.11166338991498907,0.4825761728920625,False
深证100ETF易方达,8月,3.6,3.712,2026-08-26,202608,rule_fourth_wednesday,medium,19.0,13.0,4195311.042723841,-3198465.20946688,996845.8332569608,7393776.252190721,1803.0,1714.0,3517.0,2204.0,886.0,3090.0,0.25665,0.2235,1.5215,2293664.5546003855,-2026990.080168633,266674.47443175246,4320654.634769019,2541962.048798721,-1545116.21554176,249.77612214543598,0.5902296662665373,0.0,0.8696632929300382,0.2637018818810473,0.5495715618512298,True
深证100ETF易方达,8月,3.7,3.712,2026-08-26,202608,rule_fourth_wednesday,medium,19.0,13.0,5632800.891207681,-3440336.79654912,2192464.094658561,9073137.687756801,2092.0,1651.0,3743.0,2408.0,781.0,3189.0,0.2672,0.049350000000000005,1.7332,4907643.148949091,-1533685.7401588853,3373957.408790206,6441328.889107976,4005361.134632961,-1812897.0399744,178.43446942300088,0.6585284188084598,0.0,0.8120491318199874,0.1768894527637309,0.5754366702174314,True
深证100ETF易方达,8月,3.8,3.712,2026-08-26,202608,rule_fourth_wednesday,medium,19.0,13.0,10831053.985382402,-1833382.1960192001,8997671.789363202,12664436.181401603,4235.0,944.0,5179.0,1749.0,169.0,1918.0,0.27395,-0.11875000000000002,1.6328,5380583.332533303,-719058.4561676148,4661524.876365688,6099641.788700918,4144862.608424961,4852809.180938241,279.89248244168914,0.44448850138981405,0.06670984455958562,0.2960062183579133,0.09282426982274981,0.611024227295905,True
深证100ETF易方达,8月,3.9,3.712,2026-08-26,202608,rule_fourth_wednesday,medium,19.0,13.0,6885497.05023488,-979626.0113612801,5905871.0388736,7865123.061596161,3619.0,629.0,4248.0,1259.0,101.0,1360.0,0.29695,-0.24525000000000002,1.25555,3943767.73172215,-338382.50378381234,3605385.2279383377,4282150.235505963,2238068.2656153603,3667802.77325824,240.74930472712833,0.4590922549062414,0.2858361774744026,0.25422924671986,0.10732959639566333,0.5369757886646491,False
深证100ETF易方达,8月,4.0,3.712,2026-08-26,202608,rule_fourth_wednesday,medium,19.0,13.0,2902114.84696576,-258580.34794496003,2643534.4990208,3160695.19491072,2362.0,211.0,2573.0,608.0,100.0,708.0,0.32215,-0.3273,0.89055,310420.62313979905,-121710.41634488135,188710.2067949177,432131.0394846804,624480.4814438398,2019054.0175769601,497.17635814144427,0.2888253107739975,0.394589552238806,0.36567131236681905,0.2654089154089154,0.39036291548693863,False
深证100ETF易方达,8月,4.1,3.712,2026-08-26,202608,rule_fourth_wednesday,medium,19.0,13.0,851325.9923046401,-90980.71375872,760345.2785459202,942306.7060633601,1132.0,96.0,1228.0,301.0,38.0,339.0,0.3125,-0.4017,0.6168,109465.74891235559,-39886.97873314959,69578.770179206,149352.72764550516,190355.28462336003,569989.9939225601,931.6585484801448,0.2834970046663327,0.4107142857142858,0.3308671967020024,0.166,0.2209943929838871,False
深证100ETF易方达,8月,4.2,3.712,2026-08-26,202608,rule_fourth_wednesday,medium,19.0,13.0,728372.20352,-72339.04263168001,656033.16088832,800711.24615168,1625.0,99.0,1724.0,147.0,12.0,159.0,0.34285,-0.42775,0.42779999999999996,33826.35217988268,-23746.30396244912,10080.048217433556,57572.6561423318,57121.3012992,598911.8595891199,969.3687954557518,0.18735251608295103,0.4573823470006059,0.10583682983682985,-0.015247136829415312,0.2115299273693879,False
深证100ETF易方达,8月,4.3,3.712,2026-08-26,202608,rule_fourth_wednesday,medium,19.0,13.0,241416.74414080003,-35942.09984512001,205474.64429568002,277358.84398592,727.0,56.0,783.0,27.0,44.0,71.0,0.41759999999999997,-0.4217,0.3534,35775.28276309334,-21371.27159690585,14404.011166187487,57146.554359999194,-19274.262446080003,224748.90674176,2394.9238006250603,0.3713958297046176,0.4993380771140163,0.41142660640597367,0.1898921832884097,0.09848648723517978,False
深证100ETF易方达,8月,4.4,3.712,2026-08-26,202608,rule_fourth_wednesday,medium,19.0,13.0,81430.25209344001,-41458.637864959994,39971.614228480015,122888.8899584,513.0,76.0,589.0,214.0,50.0,264.0,0.4395,-0.4361,0.25555,24444.948971520007,-22495.966232715673,1948.982738804334,46940.91520423568,6693.535416320006,33278.078812160005,2792.933598560196,0.4214036084812771,0.4879175550817341,0.5375243664717348,0.04187437686939183,0.08895870500098285,False
深证100ETF易方达,8月,4.5,3.712,2026-08-26,202608,rule_fourth_wednesday,medium,19.0,13.0,75819.46609664001,-16284.507176960002,59534.95891968001,92103.97327360002,578.0,34.0,612.0,75.0,10.0,85.0,0.4879,-0.43884999999999996,0.2214,14044.52855261867,-6470.3025561049935,7574.225996513677,20514.831108723665,5048.605081600001,54486.35383808001,3200.1989554837105,0.29128258878488855,0.48023862788963456,0.21193771626297578,0.04495067065735506,0.06287589283937069,False
深证100ETF易方达,8月,4.6,3.712,2026-08-26,202608,rule_fourth_wednesday,medium,19.0,13.0,568487.2622899201,-4518.25352704,563969.0087628801,573005.5158169601,6676.0,11.0,6687.0,19023.0,2.0,19025.0,0.5078499999999999,-0.4489,0.17995,336431.9049530139,-1591.7915612392264,334840.11339177465,338023.6965142531,567665.7616486402,-3696.75288576,969.496314705432,0.4720522053976728,0.4820099944475292,1.5156394683806307,1.241262389149713,0.41930378594438367,False
深证100ETF易方达,9月,3.0,3.712,2026-09-23,202609,rule_fourth_wednesday,medium,47.0,33.0,63456.99753984,-975173.3456076802,-911716.3480678401,1038630.3431475202,186.0,3838.0,4024.0,0.0,2155.0,2155.0,0.18215,0.4357,0.216,17717.805880003587,-536648.062696536,-518930.25681653235,554365.8685765396,-547550.4324608,-364165.9156070401,371.92254208090293,0.41476003824773205,0.3,0.280745179781136,0.16678248783877692,0.34905550576290667,False
深证100ETF易方达,9月,3.1,3.712,2026-09-23,202609,rule_fourth_wednesday,medium,47.0,33.0,30450.088345600005,-323760.40243200003,-293310.31408640003,354210.49077760003,70.0,885.0,955.0,0.0,190.0,190.0,0.17665,0.40750000000000003,0.29059999999999997,8543.262087764731,-184521.95669926982,-175978.69461150508,193065.21878703457,-69507.883008,-223802.43107840003,272.1099647295382,0.4252498813237141,0.3,0.10734463276836158,0.02491103202846975,0.13519623272212666,False
深证100ETF易方达,9月,3.2,3.712,2026-09-23,202609,rule_fourth_wednesday,medium,47.0,33.0,163687.79198464,-305273.88221440004,-141586.09022976004,468961.67419904005,308.0,605.0,913.0,0.0,9.0,9.0,0.16865,0.37265,0.37595,45722.90163184483,-127786.66510413698,-82063.76347229215,173509.5667359818,-4541.264363520001,-137044.82586624002,317.5148042573488,0.3489633632056912,0.3,0.00743801652892562,0.005008347245409015,0.12176400174025077,False
深证100ETF易方达,9月,3.3,3.712,2026-09-23,202609,rule_fourth_wednesday,medium,47.0,33.0,84512.60186624,-522081.43237119995,-437568.8305049599,606594.03423744,146.0,767.0,913.0,17.0,34.0,51.0,0.28195,0.39759999999999995,0.45704999999999996,27642.27969137415,-296882.4765770446,-269240.1968856704,324524.75626841874,-13302.60590592,-424266.22459903994,230.360190931709,0.44786522904813536,0.3377093707559984,0.08038345448375632,-0.0007801285651875428,0.15210445962653954,False
深证100ETF易方达,9月,3.4,3.712,2026-09-23,202609,rule_fourth_wednesday,medium,47.0,33.0,192496.11915264002,-349440.0825753601,-156943.96342272006,541936.2017280001,211.0,399.0,610.0,7.0,83.0,90.0,0.28509999999999996,0.3333,0.64885,56071.22637807346,-159675.0361375342,-103603.80975946074,215746.26251560764,-66304.41631744002,-90639.54710528001,342.65487374883685,0.37411518211604056,0.25777964676198495,0.12059770278777512,0.04881918435289222,0.1369253239602685,False
深证100ETF易方达,9月,3.5,3.712,2026-09-23,202609,rule_fourth_wednesday,medium,47.0,33.0,416261.07150336006,-577408.99074048,-161147.91923711996,993670.0622438401,314.0,549.0,863.0,22.0,19.0,41.0,0.26115,0.27645,0.8627,127202.59235773356,-304500.595215388,-177298.0028576544,431703.18757312157,9181.599334400005,-170329.51857152005,255.58017418709963,0.41647027527795827,0.039707016191210476,0.05233603656909494,0.021821539952160355,0.17885636023961746,False
深证100ETF易方达,9月,3.6,3.712,2026-09-23,202609,rule_fourth_wednesday,medium,47.0,33.0,1599584.10559488,-922222.6550784,677361.4505164799,2521806.76067328,922.0,765.0,1687.0,95.0,60.0,155.0,0.26005,0.17434999999999998,1.0670000000000002,409049.9722740179,-310475.39176243264,98574.58051158529,719525.3640364506,92484.96107519999,584876.4894412798,341.794598243615,0.296191304519395,0.0,0.09073412445238399,-0.03735224586288416,0.31156559920828314,True
深证100ETF易方达,9月,3.7,3.712,2026-09-23,202609,rule_fourth_wednesday,medium,47.0,33.0,1158880.7031193601,-870349.7535487999,288530.94957056025,2029230.45666816,593.0,680.0,1273.0,45.0,258.0,303.0,0.2612,0.05904999999999999,1.1736,428516.78232805466,-399316.2235243162,29200.558803738444,827833.0058523709,-242278.89266687992,530809.8422374402,345.9695654767079,0.4142837663270952,0.0,0.22764854677115365,0.2154370361917532,0.28567692242354226,True
深证100ETF易方达,9月,3.8,3.712,2026-09-23,202609,rule_fourth_wednesday,medium,47.0,33.0,870823.0602752,-389577.31971072,481245.7405644801,1260400.3799859202,535.0,318.0,853.0,62.0,21.0,83.0,0.2901,-0.04670000000000002,1.0352000000000001,397928.9559622002,-119198.1773073118,278730.7786548884,517127.133269512,75191.00846080002,406054.73210368,318.65310870762204,0.38146263029717165,0.15034965034965042,0.09096279315817316,0.08729166666666666,0.20740552383777583,True
深证100ETF易方达,9月,3.9,3.712,2026-09-23,202609,rule_fourth_wednesday,medium,47.0,33.0,1331912.6859776,-283912.3853312,1048000.3006464001,1615825.0713088,890.0,235.0,1125.0,153.0,8.0,161.0,0.28475000000000006,-0.14654999999999999,0.98145,732174.2813414155,-102796.54290029846,629377.738441117,834970.824241714,219304.15702016,828696.14362624,231.6208014737421,0.4558938919312143,0.21043895241608257,0.10297633277551996,0.05584823329076202,0.24705242409174125,False
深证100ETF易方达,9月,4.0,3.712,2026-09-23,202609,rule_fourth_wednesday,medium,47.0,33.0,468098.2855680001,-299172.5658112,168925.7197568001,767270.8513792001,380.0,290.0,670.0,57.0,34.0,91.0,0.30985,-0.2144,0.82135,260625.0454485056,-97890.82498014362,162734.22046836198,358515.87042864924,35139.33856768001,133786.38118912006,264.3232118488487,0.44198970638299,0.33567021873247327,0.1336206896551724,0.07231907191219888,0.15866686626532292,False
深证100ETF易方达,9月,4.1,3.712,2026-09-23,202609,rule_fourth_wednesday,medium,47.0,33.0,398507.03994880005,-265805.4750208,132701.56492800004,664312.5149696001,397.0,286.0,683.0,80.0,34.0,114.0,0.30974999999999997,-0.2839,0.7015,261340.25226986146,-66162.21484999284,195178.03741986863,327502.4671198543,48704.43335680001,83997.13157120007,162.38132859821124,0.45235524608199185,0.37055542644666517,0.16019622694685667,0.025704916817962876,0.15935315083815382,False
深证100ETF易方达,9月,4.2,3.712,2026-09-23,202609,rule_fourth_wednesday,medium,47.0,33.0,312095.56180992007,-100853.6027136,211241.95909632006,412949.16452352004,398.0,132.0,530.0,186.0,0.0,186.0,0.34665,-0.31434999999999996,0.5618000000000001,126451.61472421241,-28137.087229292956,98314.52749491946,154588.70195350537,145853.70476544005,65388.25433088001,397.5681607264308,0.3420794747689392,0.3,0.23366834170854273,-0.041474654377880185,0.12671196712272575,False
深证100ETF易方达,9月,4.3,3.712,2026-09-23,202609,rule_fourth_wednesday,medium,47.0,33.0,251579.26649856003,-90567.06985984002,161012.19663872,342146.33635840006,416.0,133.0,549.0,4.0,15.0,19.0,0.34130000000000005,-0.3616,0.46655,65747.35029794769,-29396.320515367734,36351.02978257996,95143.67081331543,-7795.299778560001,168807.49641728,414.3998461867409,0.29295959095112784,0.4532908704883226,0.061198669751301324,0.03992228383972507,0.08642702169543832,False
深证100ETF易方达,9月,4.4,3.712,2026-09-23,202609,rule_fourth_wednesday,medium,47.0,33.0,85853.84427520001,-25960.63281152001,59893.21146368,111814.47708672003,185.0,44.0,229.0,47.0,0.0,47.0,0.38745,-0.36725,0.3825,25895.375732736007,-7259.259589861348,18636.11614287466,33154.63532259736,21811.517194240005,38081.69426943999,579.9807857629995,0.29062365055484163,0.3,0.12702702702702703,0.011049723756906077,0.04085272380159857,False
深证100ETF易方达,9月,4.5,3.712,2026-09-23,202609,rule_fourth_wednesday,medium,47.0,33.0,154562.5485312,-65517.22524672001,89045.32328448,220079.77377792003,417.0,144.0,561.0,84.0,1.0,85.0,0.3396,-0.42675,0.2996,91219.73406424958,-18545.91543317268,72673.81863107691,109765.64949742226,30679.92113152,58365.40215296,256.3149704646561,0.43662468230133666,0.46274007682458385,0.10419164668265388,0.10436105681062455,0.08273017573028937,False
深证100ETF易方达,9月,4.6,3.712,2026-09-23,202609,rule_fourth_wednesday,medium,47.0,33.0,390975.33136896,-13338.293370879997,377637.03799807996,404313.62473984,1404.0,29.0,1433.0,707.0,2.0,709.0,0.40059999999999996,-0.41245,0.26795,222676.26360725125,-3035.6115947519997,219640.65201249925,225711.87520200326,195960.14567424,181676.89232384,394.98213330548106,0.3985633251750191,0.4965628118416676,0.28626338540131646,0.2521667662881052,0.19111403109758074,False
深证100ETF易方达,12月,3.1,3.712,2026-12-23,202612,rule_fourth_wednesday,medium,138.0,98.0,401.3806387200001,-19696.173711360003,-19294.793072640005,20097.55435008,1.0,48.0,49.0,1.0,18.0,19.0,0.1624,0.348,0.29455,214.0696739840001,-14254.661023451434,-14040.591349467433,14468.730697435434,-6984.684503040001,-12310.108569600001,316.47952784417737,0.6285303776683089,0.30804342075955016,0.6875,0.8,0.01150584069146992,False
深证100ETF易方达,12月,3.2,3.712,2026-12-23,202612,rule_fourth_wednesday,medium,138.0,98.0,47758.50885120001,-111375.20435200003,-63616.69550080002,159133.71320320002,105.0,236.0,341.0,0.0,65.0,65.0,0.17134999999999997,0.30565,0.33630000000000004,9551.701770240003,-34545.19050240001,-24993.488732160004,44096.89227264001,-30675.374080000005,-32941.32142080003,662.8100879657777,0.2550847457627119,0.5926008968609866,0.13771186440677965,0.15921787709497207,0.058839783277686956,False
深证100ETF易方达,12月,3.3,3.712,2026-12-23,202612,rule_fourth_wednesday,medium,138.0,98.0,56467.21482752,-137752.23685120002,-81285.02202368002,194219.45167872,112.0,257.0,369.0,10.0,0.0,10.0,0.16890000000000002,0.2661,0.37745,13310.129209344002,-27550.447370240006,-14240.318160896004,40860.57657958401,5041.7156096,-86326.73763328002,665.7699154750189,0.21785714285714286,0.3779449800141077,0.044642857142857144,0.0,0.05661459398230231,False
深证100ETF易方达,12月,3.4,3.712,2026-12-23,202612,rule_fourth_wednesday,medium,138.0,98.0,173625.02860800002,-244586.17683968,-70961.14823167998,418211.20544768,317.0,416.0,733.0,15.0,0.0,15.0,0.17,0.22190000000000001,0.4121,38011.2838656,-48917.235367936,-10905.951502336,86928.519233536,8215.69536,-79176.84359168,665.4368531381699,0.20946372239747635,0.3013873473917868,0.02365930599369085,0.004777070063694267,0.10816371529416448,False
深证100ETF易方达,12月,3.5,3.712,2026-12-23,202612,rule_fourth_wednesday,medium,138.0,98.0,223033.70379264,-198418.44707328003,24615.256719359983,421452.15086592,208.0,316.0,524.0,0.0,0.0,0.0,0.25165000000000004,0.23605,0.61695,44606.740758528,-39683.68941465601,4923.051343871994,84290.43017318401,0.0,24615.256719359983,666.1935770886132,0.2,0.6,0.0,0.0,0.0959994934817188,False
深证100ETF易方达,12月,3.6,3.712,2026-12-23,202612,rule_fourth_wednesday,medium,138.0,98.0,313960.95524864004,-129345.42753792003,184615.52771072002,443306.38278656005,266.0,198.0,464.0,0.0,0.0,0.0,0.26435,0.15755,0.66535,62792.19104972801,-25869.085507584008,36923.105542144,88661.27655731203,0.0,184615.52771072002,632.5822873230156,0.2,0.6,0.0,0.0,0.09676676961224201,True
深证100ETF易方达,12月,3.7,3.712,2026-12-23,202612,rule_fourth_wednesday,medium,138.0,98.0,322662.90954240004,-126251.22787328002,196411.68166912004,448914.13741568004,270.0,194.0,464.0,0.0,85.0,85.0,0.2784,0.08550000000000002,0.6698,64532.58190848001,-47376.74942873601,17155.832479744,111909.33133721602,-55316.25963520001,251727.94130432003,665.6131145747671,0.2876288659793814,0.7665517241379309,0.2190721649484536,0.0,0.11636745672327801,True
深证100ETF易方达,12月,3.8,3.712,2026-12-23,202612,rule_fourth_wednesday,medium,138.0,98.0,435467.54154496006,-109174.70699520002,326292.83454976004,544642.24854016,368.0,165.0,533.0,14.0,68.0,82.0,0.2821,0.01905000000000001,0.6695,93720.18828902401,-39832.22643097601,53887.961858048,133552.41472,-28426.512629760004,354719.34717952006,665.3526676064469,0.29003293807641634,0.47197080291970805,0.22508234519104084,0.005494505494505495,0.13157611207684694,True
深证100ETF易方达,12月,3.9,3.712,2026-12-23,202612,rule_fourth_wednesday,medium,138.0,98.0,361611.16160000005,-77426.36654592001,284184.79505408,439037.5281459201,325.0,119.0,444.0,10.0,0.0,10.0,0.29045,-0.04149999999999998,0.63985,76772.83123200001,-15485.273309184004,61287.557922816006,92258.10454118402,11126.497280000001,273058.29777408,663.731483699407,0.20615384615384616,0.3,0.015384615384615385,0.015873015873015872,0.09677829698500544,False
深证100ETF易方达,12月,4.0,3.712,2026-12-23,202612,rule_fourth_wednesday,medium,138.0,98.0,193805.25662208002,-69774.09220608001,124031.16441600001,263579.34882816003,186.0,111.0,297.0,2.0,0.0,2.0,0.2969,-0.09739999999999999,0.6062,39594.62232064001,-13954.818441216003,25639.803879424006,53549.440761856014,2083.9274905600005,121947.23692544003,665.5424547580786,0.2021505376344086,0.3,0.005376344086021506,0.0,0.05995591034461314,False
深证100ETF易方达,12月,4.1,3.712,2026-12-23,202612,rule_fourth_wednesday,medium,138.0,98.0,140961.62848768002,-25237.789409279998,115723.83907840002,166199.41789696002,154.0,42.0,196.0,46.0,0.0,46.0,0.31005,-0.14095,0.5502,45034.494296064004,-5047.557881856,39986.936414208,50082.052177920006,42105.42149632001,73618.41758208002,664.70806901524,0.2597402597402597,0.3,0.14935064935064934,-0.00641025641025641,0.05156317118602604,False
深证100ETF易方达,12月,4.2,3.712,2026-12-23,202612,rule_fourth_wednesday,medium,138.0,98.0,145434.54928896,-59910.98630144,85523.56298752,205345.5355904,174.0,109.0,283.0,0.0,22.0,22.0,0.3226,-0.18359999999999999,0.50275,29086.909857792,-16819.047530496002,12267.862327296,45905.95738828801,-12092.125675520001,97615.68866304,663.6873169254796,0.24036697247706423,0.7357187112763321,0.10091743119266056,0.061855670103092786,0.05565215512888286,False
深证100ETF易方达,12月,4.3,3.712,2026-12-23,202612,rule_fourth_wednesday,medium,138.0,98.0,134575.08794368003,-46190.878392319995,88384.20955136004,180765.966336,184.0,86.0,270.0,0.0,0.0,0.0,0.32225,-0.2249,0.46030000000000004,26915.01758873601,-9238.175678464,17676.841910272007,36153.19326720001,0.0,88384.20955136004,668.1861716707153,0.2,0.6,0.0,0.0,0.04494726642026873,False
深证100ETF易方达,12月,4.4,3.712,2026-12-23,202612,rule_fourth_wednesday,medium,138.0,98.0,130233.34268928,-32815.9330304,97417.40965888,163049.27571968,207.0,65.0,272.0,0.0,0.0,0.0,0.33089999999999997,-0.25639999999999996,0.4115,26046.668537856003,-6563.186606080001,19483.481931776,32609.855143936005,0.0,97417.40965888,662.0963691835796,0.2,0.6,0.0,0.0,0.042225592895608705,False
深证100ETF易方达,12月,4.5,3.712,2026-12-23,202612,rule_fourth_wednesday,medium,138.0,98.0,256317.01860352,-183963.78365952004,72353.23494399997,440280.80226304004,476.0,388.0,864.0,24.0,0.0,24.0,0.34275,-0.27949999999999997,0.36745,44606.25884735069,-36792.75673190401,7813.502115446681,81399.0155792547,12923.547156480001,59429.68778751994,509.67326821024244,0.18701384537471777,0.3,0.025210084033613446,0.025386313465783666,0.11930553518444575,False
深证100ETF易方达,12月,4.6,3.712,2026-12-23,202612,rule_fourth_wednesday,medium,138.0,98.0,1152348.2435584,-17813.418803200002,1134534.8247552002,1170161.6623616,2590.0,40.0,2630.0,4343.0,0.0,4343.0,0.34965,-0.3043,0.32305,661606.8363878406,-3562.6837606400004,658044.1526272006,665169.5201484805,1152348.2435584,-17813.418803200002,505.5940574026465,0.38706896551724157,0.3,0.8384169884169884,0.5376602564102564,0.3594539931059578,False
深证100ETF易方达,3月,3.1,3.712,2027-03-24,202703,rule_fourth_wednesday,medium,229.0,163.0,0.0,-13143.183523839998,-13143.183523839998,13143.183523839998,0.0,37.0,37.0,0.0,0.0,0.0,0.17895,0.31925,0.26405,0.0,-6729.557753997563,-6729.557753997563,6729.557753997563,0.0,-13143.183523839998,156.9116098733181,0.4811373787680122,0.6,0.0,0.0,0.005515547460313485,False
深证100ETF易方达,3月,3.2,3.712,2027-03-24,202703,rule_fourth_wednesday,medium,229.0,163.0,416.26189824,-45139.82054400001,-44723.55864576001,45556.08244224001,1.0,117.0,118.0,0.0,0.0,0.0,0.18145,0.28545,0.29105000000000003,83.252379648,-9027.964108800003,-8944.711729152003,9111.216488448003,0.0,-44723.55864576001,619.8427549907674,0.2,0.6,0.0,0.0,0.013751152209844231,False
深证100ETF易方达,3月,3.3,3.712,2027-03-24,202703,rule_fourth_wednesday,medium,229.0,163.0,20097.9677184,-30226.180505600005,-10128.212787200006,50324.148224000004,44.0,73.0,117.0,39.0,0.0,39.0,0.18259999999999998,0.25035,0.316,11145.23664384,-6045.236101120001,5100.000542719999,17190.472744960003,17814.1077504,-27942.320537600004,645.0864340631388,0.3772727272727273,0.37949383517196633,0.4431818181818182,0.023809523809523808,0.023288741929486087,False
深证100ETF易方达,3月,3.4,3.712,2027-03-24,202703,rule_fourth_wednesday,medium,229.0,163.0,12811.11097344,-22363.226112,-9552.11513856,35174.33708544,26.0,50.0,76.0,27.0,4.0,31.0,0.17930000000000001,0.2149,0.34109999999999996,7686.666584064001,-5188.268457984001,2498.39812608,12874.935042048,11022.05288448,-20574.16802304,638.3609121797076,0.41600000000000004,0.35468229168381615,0.5592307692307693,-0.01488095238095238,0.017209162238759436,False
深证100ETF易方达,3月,3.5,3.712,2027-03-24,202703,rule_fourth_wednesday,medium,229.0,163.0,41012.47565824,-35018.35943936,5994.116218880001,76030.83509760001,43.0,76.0,119.0,25.0,300.0,325.0,0.24985000000000002,0.24100000000000002,0.5133,17740.280168448,-21011.015663616003,-3270.7354951680027,38751.295832064,-11173.89684736,17168.01306624,644.7210592444671,0.516279069767442,0.3162968352128047,2.26438188494492,0.3269230769230769,0.06416906923459144,False
深证100ETF易方达,3月,3.6,3.712,2027-03-24,202703,rule_fourth_wednesday,medium,229.0,163.0,39091.96644352,-20221.840424960003,18870.12601856,59313.80686848001,38.0,43.0,81.0,23.0,80.0,103.0,0.2653,0.16979999999999998,0.54395,17282.764111872002,-12133.104254976004,5149.659856895998,29415.868366848008,3439.0866329599994,15431.039385600001,653.5816680488226,0.5210526315789474,0.31584582441113485,1.2328641370869033,0.11290322580645161,0.03584650423041831,True
深证100ETF易方达,3月,3.7,3.712,2027-03-24,202703,rule_fourth_wednesday,medium,229.0,163.0,59989.388492800004,-25774.2036992,34215.184793600005,85763.59219200001,65.0,55.0,120.0,44.0,0.0,44.0,0.2898,0.10605,0.50495,28241.158275072004,-5154.84073984,23086.317535232003,33395.999014912006,40608.201441280005,-6393.0166476800005,639.1257712122074,0.3353846153846154,0.3062717770034841,0.3384615384615385,0.3783783783783784,0.03338116271170551,True
深证100ETF易方达,3月,3.8,3.712,2027-03-24,202703,rule_fourth_wednesday,medium,229.0,163.0,62567.4289152,-16010.168401920004,46557.260513279994,78577.59731712,66.0,33.0,99.0,249.0,4.0,253.0,0.2874,0.054900000000000004,0.52005,37540.457349120006,-3978.284269568001,33562.173079552005,41518.74161868801,60626.80244224,-14069.541928960003,629.7850308972179,0.4242424242424243,0.3389029730352615,1.946969696969697,1.0714285714285714,0.05939612692383156,True
深证100ETF易方达,3月,3.9,3.712,2027-03-24,202703,rule_fourth_wednesday,medium,229.0,163.0,4468.5115392,0.0,4468.5115392,4468.5115392,5.0,0.0,5.0,1.0,0.0,1.0,0.30510000000000004,0.009750000000000009,0.49205,1251.183230976,0.0,1251.183230976,1251.183230976,893.70230784,3574.80923136,614.3614588007727,0.28,0.3,0.2,0.0,0.0019929219527976697,False
深证100ETF易方达,3月,4.0,3.712,2027-03-24,202703,rule_fourth_wednesday,medium,229.0,163.0,5349.81279744,0.0,5349.81279744,5349.81279744,6.0,0.0,6.0,0.0,4.0,4.0,0.3077,-0.036250000000000004,0.48845,1069.9625594880001,0.0,1069.9625594880001,1069.9625594880001,0.0,5349.81279744,585.5718209319549,0.24000000000000002,0.6161764705882353,0.0,0.0,0.004788412123893894,False
深证100ETF易方达,3月,4.1,3.712,2027-03-24,202703,rule_fourth_wednesday,medium,229.0,163.0,4148.1510912,-883.5058892800001,3264.64520192,5031.65698048,5.0,2.0,7.0,0.0,0.0,0.0,0.31715,-0.07490000000000002,0.46135,1110.9581123144624,-176.70117785600004,934.2569344584623,1287.6592901704623,0.0,3264.64520192,540.9963027846829,0.23391003460207596,0.6,0.0,0.0,0.0034218116751821726,False
深证100ETF易方达,3月,4.2,3.712,2027-03-24,202703,rule_fourth_wednesday,medium,229.0,163.0,91068.62342144002,0.0,91068.62342144002,91068.62342144002,119.0,0.0,119.0,0.0,12.0,12.0,0.32334999999999997,-0.1106,0.43515000000000004,32386.46221997193,0.0,32386.46221997193,32386.46221997193,0.0,91068.62342144002,486.33767552110186,0.3178135048231512,0.6285870755750274,0.0,0.0,0.026677587721820748,False
创业板ETF易方达,8月,2.95,3.586,2026-08-26,202608,rule_fourth_wednesday,medium,19.0,13.0,118277.12377711998,-7867753.19559944,-7749476.071822319,7986030.31937656,307.0,29107.0,29414.0,95.0,36568.0,36663.0,0.25255,0.42685,0.2549,59845.86985829111,-4986454.390183972,-4926608.520325681,5046300.260042263,-7831152.78270424,81676.71088191998,271.2591417446241,0.569881937418633,0.4367526746381374,0.7828881732446464,0.2080528948176007,0.7782956678010585,False
创业板ETF易方达,8月,3.0,3.586,2026-08-26,202608,rule_fourth_wednesday,medium,19.0,13.0,1267116.78769896,-12726072.354151199,-11458955.566452239,13993189.141850159,2917.0,39085.0,42002.0,342.0,37805.0,38147.0,0.2439,0.41295,0.2955,465572.58220522915,-5984227.818932439,-5518655.23672721,6449800.401137669,-12160742.957816638,701787.3913643996,361.60616442306554,0.41883020609272115,0.4264406779661017,0.5422473035373928,0.09816665105888381,0.846346228268765,False
创业板ETF易方达,8月,3.1,3.586,2026-08-26,202608,rule_fourth_wednesday,medium,19.0,13.0,1429969.9789583997,-21648598.73193248,-20218628.75297408,23078568.710890878,7268.0,44869.0,52137.0,678.0,45239.0,45917.0,0.38055,0.4533,0.2641,578089.6395876243,-17669231.72129716,-17091142.081709534,18247321.360884786,-21515203.07346608,1296574.3204919999,234.85844334703592,0.6102252990797454,0.3842424242424242,0.5507659317855453,0.08087671153709569,0.8857525662782657,False
创业板ETF易方达,8月,3.2,3.586,2026-08-26,202608,rule_fourth_wednesday,medium,19.0,13.0,3091273.0335071194,-27942522.599581916,-24851249.566074796,31033795.633089036,5201.0,40329.0,45530.0,4084.0,66417.0,70501.0,0.39495,0.40475,0.5005,2592698.030313202,-22360315.577481203,-19767617.547168,24953013.607794404,-25515151.119319838,663901.5532450398,68.70960365323036,0.8194703432095141,0.31746031746031744,1.2160565128591037,0.07164151666748941,0.9089393743847962,False
创业板ETF易方达,8月,3.3,3.586,2026-08-26,202608,rule_fourth_wednesday,medium,19.0,13.0,13853520.670014959,-50213655.622361004,-36360134.95234604,64067176.29237597,14286.0,52775.0,67061.0,17820.0,98821.0,116641.0,0.38895,0.33885,0.747,11663506.235134665,-45206066.09733273,-33542559.862198066,56869572.33246739,-36360134.95234604,0.0,15.297449565339729,0.8710953736810616,0.21279620853080577,1.5599357498401902,0.1073870904004742,0.9467488708595776,False
创业板ETF易方达,8月,3.4,3.586,2026-08-26,202608,rule_fourth_wednesday,medium,19.0,13.0,36469077.3119728,-74946890.78211895,-38477813.47014615,111415968.09409174,27256.0,61259.0,88515.0,42627.0,131150.0,173777.0,0.38195,0.2488,0.99595,30456297.58823203,-71498165.52187608,-41041867.93364406,101954463.1101081,-38477813.47014615,0.0,82.79815547977736,0.8945555202811906,0.05008417508417523,1.8524295646526494,0.1136503515629852,0.9696906780364518,False
创业板ETF易方达,8月,3.5,3.586,2026-08-26,202608,rule_fourth_wednesday,medium,19.0,13.0,70755397.40346263,-95866708.83594948,-25111311.432486847,166622106.23941213,43551.0,66807.0,110358.0,110899.0,204292.0,315191.0,0.37755,0.13615000000000002,1.1896499999999999,56285797.53660957,-90151655.16501415,-33865857.62840458,146437452.7016237,-25111311.432486847,0.0,17.285827497534093,0.86794185379273,0.0,2.802179937270483,0.028651169475500296,0.9855454771687482,True
创业板ETF易方达,8月,3.6,3.586,2026-08-26,202608,rule_fourth_wednesday,medium,19.0,13.0,117446621.54743321,-91363803.96514975,26082817.582283467,208810425.51258296,67965.0,60328.0,128293.0,213247.0,160551.0,373798.0,0.37844999999999995,0.011200000000000015,1.26075,99274621.07904638,-84254038.8565891,15020582.22245729,183528659.93563548,26082817.582283467,0.0,18.857658081460976,0.8837281027838431,0.0,2.8994508934668266,0.17155018496628147,0.9892173522045791,True
创业板ETF易方达,8月,3.7,3.586,2026-08-26,202608,rule_fourth_wednesday,medium,19.0,13.0,99853166.2180536,-46573511.033301994,53279655.1847516,146426677.2513556,60381.0,31631.0,92012.0,157356.0,38590.0,195946.0,0.37685,-0.11180000000000001,1.2155,80019905.5050479,-34863554.53051983,45156350.974528074,114883460.03556773,53279655.1847516,0.0,80.52604652665384,0.7749731021726164,0.0,1.9130286315672471,0.099707864393342,0.9773384858405576,True
创业板ETF易方达,8月,3.8,3.586,2026-08-26,202608,rule_fourth_wednesday,medium,19.0,13.0,107395350.88385928,-21820684.583738036,85574666.30012125,129216035.4675973,75909.0,16799.0,92708.0,131508.0,16204.0,147712.0,0.38165,-0.21869999999999998,1.05515,85185083.52994587,-17755407.075235818,67429676.45471005,102940490.60518168,86347528.21614744,-772861.9160262003,64.8480190136898,0.8034438448412264,0.13256863482512243,1.3485120092087919,0.08925850661478682,0.9738027167248355,False
创业板ETF易方达,8月,3.9,3.586,2026-08-26,202608,rule_fourth_wednesday,medium,19.0,13.0,68583149.39576672,-13260432.981474798,55322716.41429192,81843582.37724152,61972.0,12469.0,74441.0,89944.0,3528.0,93472.0,0.39705,-0.29790000000000005,0.8438,54387449.02171906,-5453294.604379695,48934154.41733937,59840743.62609875,64831220.00618912,-9508503.591897199,147.19551792194483,0.6021301703573999,0.2630223239839726,0.8671534140225754,0.08134539361922447,0.9557132271809708,False
创业板ETF易方达,8月,4.0,3.586,2026-08-26,202608,rule_fourth_wednesday,medium,19.0,13.0,48105172.34426464,-8754695.957300039,39350476.386964604,56859868.30156468,59032.0,10233.0,69265.0,78034.0,1563.0,79597.0,0.4084,-0.35825,0.6495,39541332.94204732,-3490125.546258607,36051207.395788714,43031458.48830593,46767970.1766442,-7417493.789679599,138.8305224959492,0.6103171416631644,0.33838383838383834,0.7373171710475372,0.05929499715069958,0.9430753795883039,False
创业板ETF易方达,8月,4.1,3.586,2026-08-26,202608,rule_fourth_wednesday,medium,19.0,13.0,22289437.21563944,-3621932.469474,18667504.74616544,25911369.685113437,39242.0,5245.0,44487.0,46208.0,866.0,47074.0,0.4344,-0.39339999999999997,0.48935,12802138.298213422,-1620586.6913099634,11181551.60690346,14422724.989523385,21691421.29217624,-3023916.5460107997,344.5580686011512,0.5108980000132336,0.40148524158676446,0.6713117581991902,0.08350427838351683,0.8915114984327929,False
创业板ETF易方达,8月,4.2,3.586,2026-08-26,202608,rule_fourth_wednesday,medium,19.0,13.0,13307334.027753921,-1415252.0144545198,11892082.013299402,14722586.04220844,33796.0,2547.0,36343.0,24347.0,543.0,24890.0,0.45115000000000005,-0.42164999999999997,0.36915,4094353.624220692,-660588.5467776974,3433765.077442995,4754942.17099839,9285025.421165561,2607056.5921338396,464.43941391576925,0.3872201864092162,0.43361062230043196,0.4668013450341068,0.06987429079927626,0.8406632252409378,False
创业板ETF易方达,8月,4.3,3.586,2026-08-26,202608,rule_fourth_wednesday,medium,19.0,13.0,10940160.852204759,-924333.3844799999,10015827.46772476,11864494.236684758,42989.0,2000.0,44989.0,18112.0,167.0,18279.0,0.47214999999999996,-0.43925000000000003,0.27865,1929515.8380209792,-394306.2843330627,1535209.5536879166,2323822.122354042,4532094.799562,5483732.668162758,407.03747225486404,0.30147722926853676,0.45875432525951565,0.25240854055688666,0.0686406241027833,0.8220352981417788,False
创业板ETF易方达,8月,4.4,3.586,2026-08-26,202608,rule_fourth_wednesday,medium,19.0,13.0,6602577.019350839,-478709.6622241999,6123867.357126639,7081286.6815750385,37781.0,1285.0,39066.0,16507.0,30.0,16537.0,0.4865499999999999,-0.45435,0.2128,1182606.847166465,-204086.19492895508,978520.6522375098,1386693.04209542,2873573.8753378796,3250293.481788759,531.0497282388258,0.3027192712689147,0.47175003057355996,0.23012951870790876,0.035890748364198144,0.769888682471835,False
创业板ETF易方达,8月,4.5,3.586,2026-08-26,202608,rule_fourth_wednesday,medium,19.0,13.0,3362305.5078346794,-382265.73535171995,2980039.7724829596,3744571.2431863993,26331.0,1129.0,27460.0,8198.0,73.0,8271.0,0.5277000000000001,-0.45644999999999997,0.1813,562832.3239152051,-176808.36396600504,386023.95994920004,739640.6878812101,1022116.8746337998,1957922.8978491598,657.6406989091615,0.3149610634256724,0.48640121845082684,0.1880015166999639,0.02677002893841691,0.668833927405345,False
创业板ETF易方达,8月,4.6,3.586,2026-08-26,202608,rule_fourth_wednesday,medium,19.0,13.0,1871620.79082,-346033.87274587987,1525586.91807412,2217654.6635658797,18780.0,997.0,19777.0,12614.0,29.0,12643.0,0.60565,-0.4456,0.1737,670097.3251515916,-160628.36276736154,509468.96238423,830725.6879189531,1247050.08602284,278536.83205128013,806.4335429299659,0.4111144388015596,0.4946601941747572,0.3503796266328271,0.008081365284093351,0.5947729514834923,False
创业板ETF易方达,8月,4.7,3.586,2026-08-26,202608,rule_fourth_wednesday,medium,19.0,13.0,1909861.4196749998,-437120.18946287996,1472741.2302121199,2346981.6091378797,23763.0,1974.0,25737.0,14185.0,50.0,14235.0,0.55875,-0.4734,0.11735,794639.5985707566,-207980.92137215292,586658.6771986037,1002620.5199429095,1128993.8866689997,343747.3435431199,853.189325858136,0.44593494222693575,0.4934328895286073,0.3111328472004509,0.026730811885587416,0.6249110891638201,False
创业板ETF易方达,8月,4.8,3.586,2026-08-26,202608,rule_fourth_wednesday,medium,19.0,13.0,5175123.36700172,-1327398.292704,3847725.0742977196,6502521.65970572,69029.0,4600.0,73629.0,54972.0,84.0,55056.0,0.6823,-0.451,0.14135,1800237.8295728657,-642414.3155330848,1157823.514039781,2442652.1451059505,4097026.7125127995,-249301.63821507967,910.4204253457975,0.4159143761160978,0.4879606279996745,0.4073109096554882,-0.0037115787005817737,0.7937107307301303,False
创业板ETF易方达,9月,2.85,3.586,2026-09-23,202609,rule_fourth_wednesday,medium,47.0,33.0,441141.06540416,-27929090.960459918,-27487949.895055756,28370232.02586408,1357.0,99218.0,100575.0,252.0,8943.0,9195.0,0.23115,0.4014,0.23585,163777.8087091358,-15031299.892216943,-14867522.083507808,15195077.700926078,-2435462.9980071597,-25052486.8970486,157.6018142636962,0.4547272968006739,0.3746363762293946,0.13791930642651326,0.010197350450525807,0.8861086095541163,False
创业板ETF易方达,9月,2.9,3.586,2026-09-23,202609,rule_fourth_wednesday,medium,47.0,33.0,700077.86326016,-29337718.585658997,-28637640.722398836,30037796.44891916,1984.0,90425.0,92409.0,27.0,3396.0,3423.0,0.22895,0.38675000000000004,0.26335,209454.73282144702,-7935400.464080601,-7725945.731259154,8144855.196902048,-1092279.6681192,-27545361.054279637,234.1269500351625,0.2848361731948693,0.3349924585218704,0.02558242829559339,0.006183971581711832,0.8562388449255114,False
创业板ETF易方达,9月,2.95,3.586,2026-09-23,202609,rule_fourth_wednesday,medium,47.0,33.0,667948.9195420799,-7200883.179381759,-6532934.259839679,7868832.098923839,1756.0,19336.0,21092.0,89.0,3230.0,3319.0,0.22845,0.3699,0.2927,280762.8628215095,-2712324.756620771,-2431561.893799261,2993087.6194422804,-1169024.2862592798,-5363909.9735803995,243.80645055211417,0.39850069875799804,0.3454030226700251,0.10886464799922342,0.0229344835315912,0.6940387146176755,False
创业板ETF易方达,9月,3.0,3.586,2026-09-23,202609,rule_fourth_wednesday,medium,47.0,33.0,1154981.0542635196,-7302181.528244238,-6147200.473980719,8457162.582507757,2836.0,17323.0,20159.0,150.0,5527.0,5677.0,0.22615,0.3524,0.32225,529252.440153463,-3639377.154381045,-3110124.7142275823,4168629.594534508,-2268713.28116576,-3878487.192814959,245.09261382529343,0.4783153063729373,0.3094830537487163,0.18597349358292992,0.02866870883089274,0.7176808562415444,False
创业板ETF易方达,9月,3.1,3.586,2026-09-23,202609,rule_fourth_wednesday,medium,47.0,33.0,524264.45833607996,-7357675.094336599,-6833410.63600052,7881939.552672679,1698.0,13945.0,15643.0,232.0,5191.0,5423.0,0.33599999999999997,0.40795,0.3252,229091.04400336236,-4982937.273581294,-4753846.229577932,5212028.317584657,-2667249.7530883597,-4166160.88291216,166.9437470535118,0.5571097809625789,0.2739079102715466,0.2544397242912485,0.07157888843951574,0.6880797536057321,False
创业板ETF易方达,9月,3.2,3.586,2026-09-23,202609,rule_fourth_wednesday,medium,47.0,33.0,1922118.6101603198,-10573893.49141664,-8651774.881256321,12496012.10157696,2846.0,16568.0,19414.0,1964.0,7980.0,9944.0,0.36855,0.33680000000000004,0.51075,1264425.924949126,-7118838.170122748,-5854412.245173622,8383264.095071875,-3766492.91273552,-4885281.968520801,143.70553873992574,0.6655379616491692,0.20993961913608916,0.585871366218159,-0.022130760566799967,0.7583547933993384,False
创业板ETF易方达,9月,3.3,3.586,2026-09-23,202609,rule_fourth_wednesday,medium,47.0,33.0,3941439.722963159,-12610916.462971201,-8669476.740008041,16552356.185934361,4483.0,16955.0,21438.0,1986.0,11332.0,13318.0,0.37385,0.2693,0.63105,2131813.0844068173,-9073481.318231804,-6941668.233824987,11205294.402638622,-6682514.496923761,-1986962.2430842817,136.26625715694166,0.6301829375382256,0.11339335959482266,0.555682165851755,0.13541227810286735,0.8074332108131472,False
创业板ETF易方达,9月,3.4,3.586,2026-09-23,202609,rule_fourth_wednesday,medium,47.0,33.0,8043803.856379718,-11261755.185664719,-3217951.3292850014,19305559.04204444,7891.0,13519.0,21410.0,3405.0,7120.0,10525.0,0.37925,0.19330000000000003,0.7202500000000001,4455900.5814595455,-6826377.985823934,-2370477.4043643884,11282278.56728348,-2460249.9981730003,-757701.3311120002,210.90231106346758,0.5800550920673513,0.000689179875947743,0.47908520943817046,0.05311928914910853,0.8070493677373172,False
创业板ETF易方达,9月,3.5,3.586,2026-09-23,202609,rule_fourth_wednesday,medium,47.0,33.0,13562822.964354396,-11385603.7713528,2177219.1930015963,24948426.735707194,12179.0,12916.0,25095.0,7399.0,9685.0,17084.0,0.38465,0.11385,0.7757499999999999,9640595.968994452,-8778547.0887977,862048.880196752,18419143.05779215,-297738.0963766007,2474957.2893781974,49.72134471696023,0.7409160416323034,0.0,0.6786831481246081,0.12520443371172382,0.8416291790853998,True
创业板ETF易方达,9月,3.6,3.586,2026-09-23,202609,rule_fourth_wednesday,medium,47.0,33.0,18521051.65700064,-13892138.593548601,4628913.063452037,32413190.250549242,16152.0,15141.0,31293.0,15659.0,8808.0,24467.0,0.3856,0.03370000000000001,0.8026,15101477.309016418,-9977900.940948484,5123576.368067933,25079378.2499649,9874244.489013078,-5245331.42556104,63.13502058896516,0.7668045277807497,0.0,0.7756045929530369,0.1938369898693879,0.880297974376339,True
创业板ETF易方达,9月,3.7,3.586,2026-09-23,202609,rule_fourth_wednesday,medium,47.0,33.0,17194991.38445044,-7696585.118886399,9498406.26556404,24891576.50333684,15287.0,8480.0,23767.0,11313.0,2101.0,13414.0,0.39025000000000004,-0.0441,0.79025,11014385.243653687,-4090145.370318468,6924239.873335218,15104530.613972155,10818089.435043879,-1319683.1694798395,78.85571437004516,0.5859905782788281,0.11215629522431247,0.4938999956492815,0.19516342301413697,0.8308151816425741,True
创业板ETF易方达,9月,3.8,3.586,2026-09-23,202609,rule_fourth_wednesday,medium,47.0,33.0,22739462.837739993,-5873768.307765599,16865694.529974394,28613231.145505592,21305.0,6780.0,28085.0,11957.0,2384.0,14341.0,0.3948,-0.11665,0.7518499999999999,12921865.232803995,-3220580.84347809,9701284.389325906,16142446.076282084,10696714.611364316,6168979.918610077,151.79399003264214,0.5582781005470958,0.20512820512820512,0.45642608857588096,0.1251978962910369,0.8563344752467854,False
创业板ETF易方达,9月,3.9,3.586,2026-09-23,202609,rule_fourth_wednesday,medium,47.0,33.0,24785733.515333995,-8081756.177576399,16703977.337757595,32867489.692910396,25665.0,9990.0,35655.0,17201.0,2659.0,19860.0,0.40125,-0.18099999999999997,0.69005,15455647.430624029,-3953050.8344292426,11502596.596194785,19408698.265053272,14460614.684084356,2243362.65367324,205.3219471793434,0.5563514791133706,0.27489177489177496,0.46818925880877954,0.11049220304239354,0.8840189950776366,False
创业板ETF易方达,9月,4.0,3.586,2026-09-23,202609,rule_fourth_wednesday,medium,47.0,33.0,15820311.921721559,-2682109.9425119995,13138201.979209559,18502421.864233557,18751.0,3640.0,22391.0,9442.0,851.0,10293.0,0.41185000000000005,-0.2344,0.6145499999999999,10404661.318312798,-1276256.207541836,9128405.110770961,11680917.525854634,7339208.615898719,5798993.363310841,211.9969333488117,0.5667588794723211,0.3334005647438483,0.36866884315620385,0.07899955488020138,0.8065575359178975,False
创业板ETF易方达,9月,4.1,3.586,2026-09-23,202609,rule_fourth_wednesday,medium,47.0,33.0,16180530.737007117,-2596745.67123312,13583785.065773997,18777276.408240236,22461.0,3918.0,26379.0,10798.0,175.0,10973.0,0.42414999999999997,-0.2782,0.5378000000000001,10482204.662301147,-729117.9348619464,9753086.7274392,11211322.597163094,7662714.241386158,5921070.824387839,217.6381448276851,0.4643048269000861,0.37990364762560225,0.2627050235722521,0.09049554761517596,0.81965052073143,False
创业板ETF易方达,9月,4.2,3.586,2026-09-23,202609,rule_fourth_wednesday,medium,47.0,33.0,10673953.351850359,-1153942.52944256,9520010.822407799,11827895.881292919,17687.0,1961.0,19648.0,6867.0,287.0,7154.0,0.44504999999999995,-0.3094,0.46345000000000003,6327791.234252236,-547636.4207967601,5780154.8134554755,6875427.655048996,3975291.82574524,5544718.996662559,174.85709482930451,0.5337020226146179,0.42423794021899963,0.26730257952848685,0.0986982767845205,0.7475982365238573,False
创业板ETF易方达,9月,4.3,3.586,2026-09-23,202609,rule_fourth_wednesday,medium,47.0,33.0,7073770.621800958,-1378791.5117878,5694979.110013158,8452562.133588757,14112.0,2593.0,16705.0,7994.0,16.0,8010.0,0.45735,-0.3384,0.40164999999999995,3802936.3575653285,-603128.9553076074,3199807.402257721,4406065.312872936,3998558.7167099193,1696420.3933032393,221.25720422520303,0.4875219791990649,0.44516424551760236,0.2863193564480684,0.10080577151035952,0.7145010093216059,False
创业板ETF易方达,9月,4.4,3.586,2026-09-23,202609,rule_fourth_wednesday,medium,47.0,33.0,5878488.992037199,-583767.7126951999,5294721.279341999,6462256.704732399,14210.0,1220.0,15430.0,5140.0,40.0,5180.0,0.45205,-0.37175,0.3469,3123555.7413096405,-178868.02588611585,2944687.7154235244,3302423.7671957565,2107210.0692983996,3187511.2100436,166.69500967571673,0.4188781227686117,0.44671887979114755,0.1972519929396292,0.04757633143958271,0.6644813952679892,False
创业板ETF易方达,9月,4.5,3.586,2026-09-23,202609,rule_fourth_wednesday,medium,47.0,33.0,4858431.5496728,-247116.4410528,4611315.10862,5105547.9907256,14284.0,680.0,14964.0,6978.0,3.0,6981.0,0.4078,-0.42235,0.27355,2675244.212465198,-115399.74581961811,2559844.46664558,2790643.958284816,2372344.0672747204,2238971.0413452797,147.93139502987614,0.5088123899356378,0.42867379561239116,0.24646519347027526,0.05510648220115032,0.6515602184834777,False
创业板ETF易方达,9月,4.6,3.586,2026-09-23,202609,rule_fourth_wednesday,medium,47.0,33.0,1334575.8931753598,-76166.97407175999,1258408.9191035999,1410742.8672471198,4787.0,209.0,4996.0,984.0,1.0,985.0,0.4554,-0.4172,0.2501,365402.8302100731,-36467.52897775275,328935.3012323204,401870.3591878258,273966.60271288,984442.31639072,320.85860746758124,0.37629048595529313,0.4615233608166469,0.10517070255066803,0.04111642774286258,0.3697087318082932,False
创业板ETF易方达,9月,4.7,3.586,2026-09-23,202609,rule_fourth_wednesday,medium,47.0,33.0,3399146.77721696,-127074.36517468,3272072.41204228,3526221.14239164,14476.0,343.0,14819.0,2507.0,3.0,2510.0,0.5568500000000001,-0.38725000000000004,0.23535,1379012.232884811,-62371.58207622576,1316640.6508085853,1441383.8149610367,587563.67780044,2684508.7342418404,119.68053875849543,0.4482605277050664,0.4847079037800689,0.09096477773203782,0.016812565519151113,0.5739010915276332,False
创业板ETF易方达,9月,4.8,3.586,2026-09-23,202609,rule_fourth_wednesday,medium,47.0,33.0,5731544.931133119,-497941.2747240799,5233603.656409039,6229486.2058572,28498.0,1474.0,29972.0,8229.0,276.0,8505.0,0.55185,-0.4065,0.20955000000000001,1441363.5475757257,-284381.8054019246,1156981.7421738012,1725745.3529776502,1561787.01797184,3671816.638437199,230.61028566747856,0.41129710598614916,0.4930901494456051,0.23800134799623635,0.15069422355151607,0.7235529670716336,False
创业板ETF易方达,12月,2.95,3.586,2026-12-23,202612,rule_fourth_wednesday,medium,138.0,98.0,23944.195352,-1251500.08000864,-1227555.88465664,1275444.27536064,70.0,3626.0,3696.0,2.0,4066.0,4068.0,0.3563,0.3661,0.2672,7174.6612024597125,-874263.0299238148,-867088.3687213551,881437.6911262745,-1250815.96014144,23260.0754848,329.6882831342822,0.49910651634971714,0.5018812695051986,0.5749586321014892,0.11683142204075254,0.3815637123772356,False
创业板ETF易方达,12月,3.0,3.586,2026-12-23,202612,rule_fourth_wednesday,medium,138.0,98.0,116007.18319519999,-2182802.8713387595,-2066795.6881435595,2298810.0545339594,380.0,5979.0,6359.0,81.0,2809.0,2890.0,0.32175000000000004,0.37584999999999996,0.26065,42710.7041983199,-1071549.7862726757,-1028839.0820743558,1114260.4904709957,-1000776.9641597198,-1066018.72398384,328.2626950774055,0.42953917947796233,0.4490347557058877,0.34148444996082783,0.031020090631685163,0.47014677655966947,False
创业板ETF易方达,12月,3.1,3.586,2026-12-23,202612,rule_fourth_wednesday,medium,138.0,98.0,687178.6031325599,-2211055.86450848,-1523877.26137592,2898234.4676410398,1407.0,5518.0,6925.0,18.0,742.0,760.0,0.3461,0.31975,0.3457,183686.5311766599,-709413.3609167725,-525726.8297401126,893099.8920934324,-288527.29680368,-1235349.9645722401,335.8862130631657,0.29407680037946804,0.46150693578769986,0.07363109374166808,0.021895147303326437,0.4508887753916138,False
创业板ETF易方达,12月,3.2,3.586,2026-12-23,202612,rule_fourth_wednesday,medium,138.0,98.0,1651269.8966015999,-3360359.752625919,-1709089.856024319,5011629.649227519,2816.0,7768.0,10584.0,27.0,685.0,712.0,0.35775,0.2686,0.3962,408587.9407826996,-1556619.1248361894,-1148031.18405349,1965207.065618889,-280491.7174311999,-1428598.1385931196,330.27476265873054,0.35533426076993535,0.45398027196660395,0.048885177242299405,0.01095629849831558,0.5403235360296214,False
创业板ETF易方达,12月,3.3,3.586,2026-12-23,202612,rule_fourth_wednesday,medium,138.0,98.0,1422952.86374912,-2332368.3201174396,-909415.4563683197,3755321.1838665595,2168.0,5048.0,7216.0,400.0,2295.0,2695.0,0.36305,0.219,0.43484999999999996,234138.89586504156,-895432.5675622696,-661293.6716972281,1129571.4634273113,-797840.0068165999,-111575.44955171994,483.6635197524486,0.2742299863765859,0.4198058291186458,0.3195686721130286,-0.02093698389873453,0.5359762864688347,False
创业板ETF易方达,12月,3.4,3.586,2026-12-23,202612,rule_fourth_wednesday,medium,138.0,98.0,1206304.18963912,-2344676.56240488,-1138372.37276576,3550980.7520439997,1714.0,4857.0,6571.0,134.0,420.0,554.0,0.36905,0.16855000000000003,0.46135000000000004,163971.8259674483,-553023.331195628,-389051.50522817974,716995.1571630763,-108443.02928008001,-1029929.3434856802,475.4595845293737,0.1858962313455935,0.39236830620246926,0.08232641408939786,0.019974310291939294,0.46371560328556266,False
创业板ETF易方达,12月,3.5,3.586,2026-12-23,202612,rule_fourth_wednesday,medium,138.0,98.0,3293111.7984318393,-1799298.64755828,1493813.1508735593,5092410.445990119,4564.0,3609.0,8173.0,470.0,618.0,1088.0,0.376,0.11829999999999999,0.47440000000000004,1077949.4310675978,-723009.9469905838,354939.484077014,1800959.3780581816,31014.805648639915,1462798.3452249195,204.22535211267643,0.36458168037669336,0.36699464356010847,0.13710920624235495,0.032960227153155164,0.5414065935618243,True
创业板ETF易方达,12月,3.6,3.586,2026-12-23,202612,rule_fourth_wednesday,medium,138.0,98.0,2297229.24898368,-1362939.6057446399,934289.6432390399,3660168.8547283197,3144.0,2688.0,5832.0,850.0,872.0,1722.0,0.38115,0.06975,0.48125,1362386.0262328498,-774167.7834738056,588218.2427590442,2136553.8097066553,178926.15031984006,755363.4929191999,131.35516920781552,0.5805347305007051,0.3766567487151744,0.297380498000727,0.1997586458461022,0.496089730236362,True
创业板ETF易方达,12月,3.7,3.586,2026-12-23,202612,rule_fourth_wednesday,medium,138.0,98.0,2210348.08335264,-996829.9011514799,1213518.18220116,3207177.9845041195,3039.0,1959.0,4998.0,928.0,529.0,1457.0,0.38615,0.023049999999999987,0.48065,597754.5524663817,-360418.7367073553,237335.8157590264,958173.2891737369,405780.16968939995,807738.0125117598,396.17156838825326,0.31599975593975627,0.40098085007006073,0.28769966948304004,0.15389529982967193,0.46193228652277035,True
创业板ETF易方达,12月,3.8,3.586,2026-12-23,202612,rule_fourth_wednesday,medium,138.0,98.0,3801815.6160441595,-589253.5310288,3212562.0850153593,4391069.14707296,5304.0,1181.0,6485.0,978.0,192.0,1170.0,0.3931,-0.02099999999999999,0.4727,1166629.8887770653,-198876.79566036953,967753.0931166958,1365506.684437435,605216.15647152,2607345.9285438396,374.8005453544531,0.32218378866899366,0.4334945586457073,0.1734816150129693,0.043573852160097896,0.5121794228645214,False
创业板ETF易方达,12月,3.9,3.586,2026-12-23,202612,rule_fourth_wednesday,medium,138.0,98.0,2648188.1418035994,-444103.48446068,2204084.6573429196,3092291.6262642792,3855.0,901.0,4756.0,589.0,20.0,609.0,0.39870000000000005,-0.06225,0.45875,698406.1649775007,-131971.11656238593,566435.0484151148,830377.2815398866,394754.90934087994,1809329.7480020395,443.18853775831076,0.28044639869739374,0.44764957264957267,0.08749307226010587,0.06477292024930266,0.4253510620235396,False
创业板ETF易方达,12月,4.0,3.586,2026-12-23,202612,rule_fourth_wednesday,medium,138.0,98.0,2808811.25660872,-437612.57573571993,2371198.680873,3246423.83234444,4282.0,919.0,5201.0,457.0,41.0,498.0,0.40669999999999995,-0.09985,0.44020000000000004,684404.9715859034,-142369.2405079708,542035.7310779326,826774.2120938742,280249.18922263995,2090949.4916503602,432.21284648524943,0.2844976307331597,0.470491288651703,0.07566976980339798,0.02941285767372724,0.43421369824664136,False
创业板ETF易方达,12月,4.1,3.586,2026-12-23,202612,rule_fourth_wednesday,medium,138.0,98.0,2159820.17302568,-345432.18160704005,1814387.9914186397,2505252.35463272,3494.0,764.0,4258.0,437.0,4.0,441.0,0.41905000000000003,-0.13225,0.41615,839511.9223658867,-111578.52848075709,727933.3938851296,951090.4508466439,268323.5139662,1546064.4774524397,254.42678295118878,0.3558533376373667,0.4975062344139651,0.06515357666246101,0.03557849780032754,0.38306944849955654,False
创业板ETF易方达,12月,4.2,3.586,2026-12-23,202612,rule_fourth_wednesday,medium,138.0,98.0,2831496.5170923197,-313509.5026008,2517987.01449152,3145006.0196931195,4892.0,716.0,5608.0,2135.0,6.0,2141.0,0.42455,-0.16430000000000003,0.3953,1377575.0264380365,-106321.03309973722,1271253.9933382992,1483896.0595377737,1233113.8442017997,1284873.1702897202,345.17034790312175,0.4128250631904961,0.49461287897769984,0.22240335378248377,0.15506694752102101,0.48022381375243917,False
创业板ETF易方达,12月,4.3,3.586,2026-12-23,202612,rule_fourth_wednesday,medium,138.0,98.0,1929401.1433030397,-300537.97266768,1628863.1706353598,2229939.1159707196,3586.0,708.0,4294.0,1105.0,34.0,1139.0,0.4283,-0.19445,0.37424999999999997,628852.4515550628,-110328.50689493933,518523.94466012344,739180.9584500021,580098.41264056,1048764.7579947999,405.8945922767829,0.34651740144617116,0.4913083257090577,0.17808268816899367,0.10622780757775785,0.40103011710735686,False
创业板ETF易方达,12月,4.4,3.586,2026-12-23,202612,rule_fourth_wednesday,medium,138.0,98.0,1756248.8617871997,-292372.12761371996,1463876.7341734797,2048620.9894009198,3540.0,717.0,4257.0,563.0,6.0,569.0,0.43509999999999993,-0.22010000000000002,0.35145,468012.21027904446,-106049.40772580143,361962.802553243,574061.6180048459,276866.39651088,1187010.3376625997,398.5990359731492,0.3146023209933644,0.4851495503032837,0.08370387442970947,0.058007566204287514,0.37023594193917253,False
创业板ETF易方达,12月,4.5,3.586,2026-12-23,202612,rule_fourth_wednesday,medium,138.0,98.0,3315462.32883756,-1413312.4317558398,1902149.8970817202,4728774.760593399,7277.0,3703.0,10980.0,1817.0,12.0,1829.0,0.45195,-0.23779999999999998,0.32555,1285238.3432747012,-526111.5712378608,759126.7720368403,1811349.914512562,823260.4608294,1078889.4362523202,284.72138396971894,0.37995203444069775,0.4651581139935619,0.12646571118403935,0.0663035019455253,0.5703695473724387,False
创业板ETF易方达,12月,4.6,3.586,2026-12-23,202612,rule_fourth_wednesday,medium,138.0,98.0,1450786.8977971599,-156974.13259616,1293812.7652009998,1607761.03039332,3481.0,424.0,3905.0,1877.0,2.0,1879.0,0.45365,-0.26115,0.306,603070.5662489199,-59896.18943223287,543174.376816687,662966.7556811528,781542.5227020398,512270.24249896,387.69970871215514,0.3986262032296872,0.4693868548742832,0.2719649254985284,0.13991545579223305,0.37443089478995223,False
创业板ETF易方达,12月,4.7,3.586,2026-12-23,202612,rule_fourth_wednesday,medium,138.0,98.0,1979774.7408779997,-89707.14649599999,1890067.5943819997,2069481.8873739997,5210.0,256.0,5466.0,1899.0,5.0,1904.0,0.46715000000000007,-0.27605,0.28400000000000003,541997.3705147547,-35633.23408901007,506364.1364257446,577630.6046037647,719858.7005631999,1170208.8938187999,343.306987848256,0.33549226560751166,0.458722678150646,0.19201130638195776,0.06873321813560858,0.4332017275557227,False
创业板ETF易方达,12月,4.8,3.586,2026-12-23,202612,rule_fourth_wednesday,medium,138.0,98.0,7842876.951225358,-748119.7951523998,7094757.156072958,8590996.746377759,22639.0,2229.0,24868.0,56442.0,486.0,56928.0,0.4758,-0.2913,0.2652,6747147.475720828,-362105.0038162458,6385042.471904582,7109252.479537074,7679760.656723758,-585003.5006507998,155.98170496500853,0.6721549680154315,0.45666666666666655,1.3555831576626929,0.5791001176908166,0.7815640737828908,False
创业板ETF易方达,3月,2.95,3.586,2027-03-24,202703,rule_fourth_wednesday,medium,229.0,163.0,70637.17660384,-376023.52734539995,-305386.35074156,446660.7039492399,238.0,1291.0,1529.0,36.0,742.0,778.0,0.2233,0.29255,0.22865000000000002,9638.193299015942,-183420.20729795124,-173782.0139989353,193058.4005969672,-205434.25204631995,-99952.09869524,404.450149340047,0.31211782327748666,0.7029391229268072,0.3630043806833345,0.30743594683105374,0.20578009273082057,False
创业板ETF易方达,3月,3.0,3.586,2027-03-24,202703,rule_fourth_wednesday,medium,229.0,163.0,110435.20690839998,-666303.9456057597,-555868.7386973598,776739.1525141597,314.0,2203.0,2517.0,25.0,366.0,391.0,0.32515,0.34455,0.25435,29226.659303826265,-182074.69066486106,-152848.03136103478,211301.34996868734,-101905.18375971995,-453963.55493763986,308.5779713317731,0.26895527363864946,0.7132289893276217,0.12287746009350306,0.0602474902285149,0.24098632923486477,False
创业板ETF易方达,3月,3.1,3.586,2027-03-24,202703,rule_fourth_wednesday,medium,229.0,163.0,148385.59919568,-382137.0127977599,-233751.4136020799,530522.61199344,342.0,1192.0,1534.0,2.0,357.0,359.0,0.3634,0.28195,0.29335,30024.220655967998,-122206.90375713598,-92182.68310116799,152231.12441310397,-113581.00095187998,-120170.41265019996,500.2651367435287,0.26106891950233524,0.7320581879919741,0.15267229875583815,0.005942275042444821,0.1951862289402091,False
创业板ETF易方达,3月,3.2,3.586,2027-03-24,202703,rule_fourth_wednesday,medium,229.0,163.0,456772.175618,-398940.89992679993,57831.27569120005,855713.0755447999,950.0,1185.0,2135.0,13.0,94.0,107.0,0.36915,0.2443,0.31784999999999997,93854.66176908801,-92446.55790708799,1408.1038620000181,186301.219676176,-25395.378190599993,83226.65388180007,500.32481593763566,0.21860182100821676,0.699260661437783,0.04650455252054186,0.03623312743079387,0.2186381776275773,False
创业板ETF易方达,3月,3.3,3.586,2027-03-24,202703,rule_fourth_wednesday,medium,229.0,163.0,322433.02326707996,-176942.97426871996,145490.04899836,499375.9975357999,589.0,502.0,1091.0,1.0,246.0,247.0,0.3621,0.21115000000000003,0.3499,64705.574448504,-70184.04992478281,-5478.475476278814,134889.62437328682,-86161.68242484,231651.7314232,499.93947149711346,0.2986634824675363,0.6283683618706566,0.2458688167533601,0.15194805194805194,0.16596371065276191,False
创业板ETF易方达,3月,3.4,3.586,2027-03-24,202703,rule_fourth_wednesday,medium,229.0,163.0,331753.89926975995,-142882.0348956,188871.86437415995,474635.93416535994,568.0,390.0,958.0,91.0,15.0,106.0,0.36369999999999997,0.17174999999999999,0.36955,67181.12115989925,-30033.995656707404,37147.12550319185,97215.11681660666,47655.24985451999,141216.61451963996,375.0613932545319,0.20635211327647562,0.5874630996563763,0.09933640303358614,0.038111684015954855,0.1434683357737388,False
创业板ETF易方达,3月,3.5,3.586,2027-03-24,202703,rule_fourth_wednesday,medium,229.0,163.0,296644.14755888,-395681.42882267997,-99037.28126379999,692325.57638156,508.0,1071.0,1579.0,159.0,185.0,344.0,0.37665000000000004,0.13119999999999998,0.37070000000000003,61465.56527236626,-106475.61884845601,-45010.053576089755,167941.18412082226,24498.94969544001,-123536.23095924,490.5624173911053,0.23814866562060713,0.5625176291171159,0.24286394347765353,0.09622200154474236,0.21353134052053607,True
创业板ETF易方达,3月,3.6,3.586,2027-03-24,202703,rule_fourth_wednesday,medium,229.0,163.0,694631.1374904,-121160.07176636,573471.06572404,815791.20925676,1182.0,323.0,1505.0,184.0,64.0,248.0,0.3824,0.09340000000000001,0.37435,182684.6433724402,-20377.104219981007,162307.53915245918,203061.7475924212,84125.13988032,489345.92584372003,485.6327897913046,0.21558925621523467,0.5355589623682004,0.17690538678736256,0.1661169975959398,0.21241206720640857,True
创业板ETF易方达,3月,3.7,3.586,2027-03-24,202703,rule_fourth_wednesday,medium,229.0,163.0,253835.34686884,-132641.06910911997,121194.27775972002,386476.41597796,437.0,342.0,779.0,211.0,42.0,253.0,0.38305,0.05640000000000003,0.37665,102357.0504381768,-18045.46852731441,84311.58191086238,120402.51896549121,106271.9774534,14922.300306320016,397.68866940213815,0.26964464037455194,0.5401878088486777,0.30282227307398935,0.19060169163892846,0.1370055193247915,True
创业板ETF易方达,3月,3.8,3.586,2027-03-24,202703,rule_fourth_wednesday,medium,229.0,163.0,287058.36799859995,-62944.68591664,224113.68208195994,350003.0539152399,489.0,158.0,647.0,79.0,32.0,111.0,0.37865000000000004,0.01915,0.38315,43540.86816960625,-11282.802854259206,32258.06531534704,54823.671023865456,33627.19194603999,190486.49013591994,467.52417737333445,0.16546449232773094,0.492084945217196,0.18204291889932955,0.09670513775130306,0.11046201126650025,False
创业板ETF易方达,3月,3.9,3.586,2027-03-24,202703,rule_fourth_wednesday,medium,229.0,163.0,530574.56395328,-89829.56794591999,440744.99600736,620404.1318991999,952.0,232.0,1184.0,243.0,15.0,258.0,0.39365000000000006,-0.011050000000000004,0.36724999999999997,189326.8118552594,-11496.607052063546,177830.20480319587,200823.41890732295,129622.32589811998,311122.67010924,384.10967551552255,0.24240799995269352,0.4967052043532063,0.1599536366270646,0.15607061366638647,0.18907185340652807,False
创业板ETF易方达,3月,4.0,3.586,2027-03-24,202703,rule_fourth_wednesday,medium,229.0,163.0,1576403.52184128,-255189.69845556,1321213.82338572,1831593.22029684,2896.0,699.0,3595.0,1060.0,76.0,1136.0,0.40959999999999996,-0.03855,0.3536,951664.212418031,-60043.89100459639,891620.3214134346,1011708.1034226273,549252.57945536,771961.2439303598,302.6552448979722,0.419492241138507,0.4263612517575122,0.23737442597554517,0.1661560866477652,0.3626745807166968,False
科创50ETF华夏,8月,1.45,1.84,2026-08-26,202608,rule_fourth_wednesday,medium,19.0,13.0,122734.77120000002,-5194246.023167999,-5071511.251967999,5316980.794368,760.0,51553.0,52313.0,152.0,14551.0,14703.0,0.29195,0.42650000000000005,0.3873,52143.42119266285,-1180065.1730358854,-1127921.7518432226,1232208.5942285482,-1441545.6860159996,-3629965.5659519997,437.24880072604674,0.32601668181180593,0.41428571428571437,0.24112660756890966,-0.031951367866824745,0.7468077506286304,False
科创50ETF华夏,8月,1.5,1.84,2026-08-26,202608,rule_fourth_wednesday,medium,19.0,13.0,104667.58451200003,-3591410.0823040004,-3486742.4977920004,3696077.6668160004,544.0,24476.0,25020.0,303.0,12056.0,12359.0,0.282,0.4014,0.50085,41749.777824518475,-894977.8511872002,-853228.0733626817,936727.6290117187,-1710701.5292800004,-1776040.968512,621.389361488513,0.3240396502941069,0.38497930218805443,0.5247747192928487,-0.042020948656430177,0.6687086388885143,False
科创50ETF华夏,8月,1.55,1.84,2026-08-26,202608,rule_fourth_wednesday,medium,19.0,13.0,328689.2832,-5181946.883200001,-4853257.600000001,5510636.166400001,1475.0,25030.0,26505.0,614.0,22993.0,23607.0,0.27149999999999996,0.37055000000000005,0.63485,148753.92097936504,-3786714.624337883,-3637960.703358518,3935468.5453172484,-4623404.0360320015,-229853.563968,256.8194857351484,0.5916591667632725,0.3245918721778396,0.6674444226250533,-0.07488306791947479,0.7296871474517646,False
科创50ETF华夏,8月,1.6,1.84,2026-08-26,202608,rule_fourth_wednesday,medium,19.0,13.0,1224440.531136,-23879977.599168006,-22655537.068032008,25104418.130304005,7437.0,83999.0,91436.0,6654.0,49716.0,56370.0,0.42865,0.42879999999999996,0.663,1148944.3080931224,-12700579.713194514,-11551635.40510139,13849524.021287637,-13038177.513600003,-9617359.554432003,89.13806063643251,0.7350964205803456,0.2688544639217285,0.7432898999964563,0.003011946266684898,0.9058285128331571,False
科创50ETF华夏,8月,1.65,1.84,2026-08-26,202608,rule_fourth_wednesday,medium,19.0,13.0,4925276.0832,-19610814.172672,-14685538.089472,24536090.255872,13596.0,52264.0,65860.0,14267.0,56171.0,70438.0,0.45295,0.36705,1.08915,4010601.333479081,-14344947.404084139,-10334346.070605058,18355548.73756322,-14685538.089472,0.0,79.03193227932995,0.7728855652876473,0.1714568880079287,1.0620539201772232,-0.015063865239583637,0.8976330488777299,False
科创50ETF华夏,8月,1.7,1.84,2026-08-26,202608,rule_fourth_wednesday,medium,19.0,13.0,11045106.347392002,-23758444.208128005,-12713337.860736003,34803550.555520006,21578.0,50624.0,72202.0,55319.0,99971.0,155290.0,0.45575,0.29519999999999996,1.4490500000000002,10990646.655078212,-22947751.538247503,-11957104.883169292,33938398.19332571,-12713337.860736003,0.0,19.72059920676589,0.9804735206345874,0.041589648798521284,2.269225388314279,-0.06055666948855917,0.9278480219507155,False
科创50ETF华夏,8月,1.75,1.84,2026-08-26,202608,rule_fourth_wednesday,medium,19.0,13.0,22334423.335680004,-33124745.508672003,-10790322.172991998,55459168.84435201,35580.0,60213.0,95793.0,94567.0,126870.0,221437.0,0.4614,0.20695,1.7395,19566508.27742136,-30028468.602332763,-10461960.324911404,49594976.879754126,-10790322.172991998,0.0,22.902033538114583,0.8912981624503147,0.0,2.3824448341888265,-0.017453420799313564,0.9547641456604216,True
科创50ETF华夏,8月,1.8,1.84,2026-08-26,202608,rule_fourth_wednesday,medium,19.0,13.0,38620157.342848,-38027508.80768,592648.5351679996,76647666.15052801,55046.0,62290.0,117336.0,160106.0,167494.0,327600.0,0.46175,0.11075000000000002,1.9377499999999999,30404921.183603164,-32709686.35911904,-2304765.175515875,63114607.5427222,592648.5351679996,0.0,28.516616569176833,0.8237198346337187,0.0,2.7987621905587954,-0.04105479503951129,0.9707213748604941,True
科创50ETF华夏,8月,1.85,1.84,2026-08-26,202608,rule_fourth_wednesday,medium,19.0,13.0,33988042.59814401,-31956359.442624003,2031683.155520007,65944402.04076801,47074.0,50837.0,97911.0,128908.0,95181.0,224089.0,0.46640000000000004,0.010950000000000015,1.99465,26651988.89757988,-26554307.589756716,97681.30782316253,53206296.48733659,2031683.155520007,0.0,19.52253676940412,0.8075565737590799,0.0,2.305344963681595,0.010657884965033632,0.9612215997300282,True
科创50ETF华夏,8月,1.9,1.84,2026-08-26,202608,rule_fourth_wednesday,medium,19.0,13.0,48895678.89152001,-25974283.58848,22921395.30304001,74869962.48,70726.0,42634.0,113360.0,102910.0,42891.0,145801.0,0.47329999999999994,-0.0844,1.92075,41707184.44693198,-21469956.468222708,20237227.978709273,63177140.91515469,22921395.30304001,0.0,42.53180593732432,0.8397840790596645,0.0,1.230539971560892,0.03773259702433932,0.964066235566591,True
科创50ETF华夏,8月,1.95,1.84,2026-08-26,202608,rule_fourth_wednesday,medium,19.0,13.0,31658733.411840007,-8709524.253696,22949209.158144005,40368257.66553601,50535.0,15868.0,66403.0,63216.0,15018.0,78234.0,0.48815,-0.16735,1.7358,27435143.929474033,-7848403.94282328,19586739.986650754,35283547.87229732,23415751.609344006,-466542.45119999966,102.02201350085228,0.8838594799599986,0.0672025723472669,1.0986840341993307,0.015446158155831238,0.9289062122054762,False
科创50ETF华夏,8月,2.0,1.84,2026-08-26,202608,rule_fourth_wednesday,medium,19.0,13.0,43618183.26656,-8334700.88896,35283482.3776,51952884.15552001,81340.0,16915.0,98255.0,75275.0,9099.0,84374.0,0.49729999999999996,-0.23904999999999998,1.51965,34368078.32779516,-5683228.456029582,28684849.87176558,40051306.78382474,35882412.927424006,-598930.5498240022,24.01642489156002,0.7349027937280427,0.17409326424870464,0.7316806791736492,-0.07687953024800984,0.9469170363965764,False
科创50ETF华夏,8月,2.05,1.84,2026-08-26,202608,rule_fourth_wednesday,medium,19.0,13.0,20117809.600896,-5029006.973760001,15088802.627136,25146816.574656002,45367.0,11835.0,57202.0,36410.0,1623.0,38033.0,0.5137,-0.29475,1.28245,15093107.134448197,-2481863.763480848,12611243.370967349,17574970.897929046,15456208.819392,-367406.19225600036,182.5842053442625,0.6218729069886924,0.26485568760611217,0.4698506781602558,-0.058684848239528256,0.8934880443064988,False
科创50ETF华夏,8月,2.1,1.84,2026-08-26,202608,rule_fourth_wednesday,medium,19.0,13.0,18931956.9536,-4805953.9968,14126002.9568,23737910.950400002,53155.0,13200.0,66355.0,27425.0,762.0,28187.0,0.532,-0.33755,1.0636999999999999,11833890.96750883,-1029926.0973300824,10803964.870178748,12863817.064838912,9490393.798912,4635609.157888002,189.64050702676727,0.419688503098938,0.32892857142857146,0.28683560513421297,-0.017017393828397853,0.8879946453257545,False
科创50ETF华夏,8月,2.15,1.84,2026-08-26,202608,rule_fourth_wednesday,medium,19.0,13.0,9332752.06976,-1672994.781696,7659757.288064,11005746.851456,32954.0,5352.0,38306.0,11977.0,449.0,12426.0,0.56435,-0.3642,0.8799,4032804.42970971,-588166.7641235123,3444637.6655861977,4620971.193833223,3251597.545728,4408159.742335999,278.2860270545004,0.3918391557780228,0.38265772630295647,0.22366994355405773,-0.02673265133654135,0.7991514277770699,False
科创50ETF华夏,8月,2.2,1.84,2026-08-26,202608,rule_fourth_wednesday,medium,19.0,13.0,9005417.839104,-2058672.31232,6946745.526784001,11064090.151424,40412.0,7520.0,47932.0,12276.0,840.0,13116.0,0.6051500000000001,-0.3808,0.7334,3874630.6248653145,-932237.4937022923,2942393.131163022,4806868.118567606,2505628.119552,4441117.4072320005,190.82606255421223,0.4415449180160672,0.42608236536430844,0.20773664237081463,-0.03322220784585334,0.8102277259227929,False
科创50ETF华夏,8月,2.25,1.84,2026-08-26,202608,rule_fourth_wednesday,medium,19.0,13.0,5020417.672704001,-789888.2419200001,4230529.430784001,5810305.914624001,28473.0,3235.0,31708.0,10835.0,513.0,11348.0,0.6472,-0.39230000000000004,0.621,1529195.7823488007,-339875.86921315704,1189319.9131356436,1869071.6515619578,1785190.4509440004,2445338.97984,431.43161778394597,0.36743941031181915,0.45671398650221096,0.2695569994426782,-0.0482592248778565,0.7238343800796871,False
科创50ETF华夏,8月,2.3,1.84,2026-08-26,202608,rule_fourth_wednesday,medium,19.0,13.0,4482748.166784001,-497556.713984,3985191.4528000006,4980304.880768,31074.0,2332.0,33406.0,8950.0,131.0,9081.0,0.6556500000000001,-0.41259999999999997,0.52815,858771.2401980537,-202305.72202218662,656465.518175867,1061076.9622202404,1263180.496128,2722010.9566720007,362.19251905005603,0.2990854043229063,0.46304898648648657,0.17209854890737775,-0.014644937890508029,0.7063933605194774,False
科创50ETF华夏,8月,2.35,1.84,2026-08-26,202608,rule_fourth_wednesday,medium,19.0,13.0,3625143.252736,-427073.9728000001,3198069.279936,4052217.225536,33587.0,2215.0,35802.0,16082.0,172.0,16254.0,0.6798500000000001,-0.4234,0.44415,1217678.6153984296,-194665.07450928236,1023013.5408891472,1412343.689907712,1702614.0418559997,1495455.23808,273.46555612958446,0.39585460420072927,0.477637614678899,0.27823428942765865,-0.0607209889296854,0.7082974060338417,False
科创50ETF华夏,8月,2.4,1.84,2026-08-26,202608,rule_fourth_wednesday,medium,19.0,13.0,3346829.12448,-215356.22163200003,3131472.902848,3562185.3461120003,43074.0,1247.0,44321.0,4750.0,41.0,4791.0,0.69145,-0.4352,0.3698,584857.9433192727,-79075.92989478154,505782.01342449116,663933.8732140543,361992.042304,2769480.8605440003,347.6383265856958,0.2709682590784905,0.4852941176470589,0.0715771247474414,-0.009166279685568598,0.6652382126490695,False
科创50ETF华夏,8月,2.45,1.84,2026-08-26,202608,rule_fourth_wednesday,medium,19.0,13.0,1592518.1555840003,-117426.15040000003,1475092.0051840004,1709944.3059840002,24901.0,667.0,25568.0,4177.0,0.0,4177.0,0.9673,-0.37355,0.35445000000000004,259248.39834126705,-49628.91447522933,209619.4838660377,308877.31281649636,267135.791168,1207956.2140160003,735.8503924265717,0.29271542947059587,0.4281365998515219,0.08387213364925103,-0.002378097521982414,0.5531338566744057,False
科创50ETF华夏,8月,2.5,1.84,2026-08-26,202608,rule_fourth_wednesday,medium,19.0,13.0,1577977.612992,-92837.350144,1485140.262848,1670814.963136,37257.0,638.0,37895.0,6323.0,9.0,6332.0,0.73705,-0.44635,0.27745,131397.95125661537,-40649.053883158034,90748.89737345734,172047.00513977342,266493.81369599997,1218646.4491520002,1354.868913857678,0.26056110803122495,0.49820948970456586,0.09190982856264918,-0.006713495635963244,0.5896560417990406,False
科创50ETF华夏,8月,2.55,1.84,2026-08-26,202608,rule_fourth_wednesday,medium,19.0,13.0,4736635.868160001,-293475.048192,4443160.819968001,5030110.916352001,131490.0,2166.0,133656.0,16994.0,135.0,17129.0,0.76985,-0.44875,0.25329999999999997,1029131.1366563676,-136605.9224139147,892525.2142424529,1165737.0590702822,593879.8101760001,3849281.009792001,687.8938069059941,0.3413738024633997,0.49736147757255933,0.09578431862044004,-0.026309676871724842,0.7652566259920196,False
科创50ETF华夏,9月,1.1,1.84,2026-09-23,202609,rule_fourth_wednesday,medium,47.0,33.0,81567.22944000001,-2526388.314048,-2444821.0846080002,2607955.543488,2040.0,104953.0,106993.0,317.0,5383.0,5700.0,0.33804999999999996,0.47985,0.09459999999999999,36752.63170270795,-192028.33423047714,-155275.7025277692,228780.96593318507,-116902.60121600001,-2327918.483392,302.2931465083851,0.2632949425900584,0.4573525339241207,0.10334089087122658,-0.020661838495747757,0.6569098064489262,False
科创50ETF华夏,9月,1.15,1.84,2026-09-23,202609,rule_fourth_wednesday,medium,47.0,33.0,102013.95123200002,-2233132.348032,-2131118.3968,2335146.299264,1934.0,68494.0,70428.0,6.0,862.0,868.0,0.32789999999999997,0.47195,0.12605,52517.43269499532,-254856.06546152727,-202338.63276653195,307373.4981565226,-27787.582848,-2103330.813952,398.8491948503548,0.3144656521178142,0.4498959262563187,0.007843711217815439,-0.002183743511817207,0.5658387670306682,False
科创50ETF华夏,9月,1.2,1.84,2026-09-23,202609,rule_fourth_wednesday,medium,47.0,33.0,86262.007104,-2099870.9677440003,-2013608.9606400002,2186132.9748480003,1281.0,50303.0,51584.0,2.0,1823.0,1825.0,0.31285,0.46280000000000004,0.1611,35918.695524257244,-808581.3712906166,-772662.6757663593,844500.0668148738,-75965.44953600001,-1937643.5111040003,255.99121745530715,0.40072654241465255,0.41260697827518117,0.018900831763572084,0.006158056790968184,0.5776409768703132,False
科创50ETF华夏,9月,1.25,1.84,2026-09-23,202609,rule_fourth_wednesday,medium,47.0,33.0,145653.38726400002,-1822479.3139200003,-1676825.9266560003,1968132.7011840004,1746.0,31890.0,33636.0,23.0,267.0,290.0,0.3076,0.44985,0.2076,59659.892692206275,-370599.3682944001,-310939.47560219385,430259.26098660636,-13340.076544000001,-1663485.8501120005,492.6624737945495,0.30647541673166917,0.4062832800851971,0.010772748677530902,-2.271807284653319e-05,0.4946834861556409,False
科创50ETF华夏,9月,1.3,1.84,2026-09-23,202609,rule_fourth_wednesday,medium,47.0,33.0,261700.10880000005,-2556050.402048,-2294350.293248,2817750.510848,2600.0,34364.0,36964.0,111.0,3130.0,3241.0,0.298,0.43505000000000005,0.2585,90450.71297991821,-531305.8721865144,-440855.1592065962,621756.5851664327,-221641.92659200003,-2072708.3666560003,372.0369406154945,0.276744695112326,0.4016864699118436,0.06688799996418435,-0.0036849683063306525,0.6159450239623874,False
科创50ETF华夏,9月,1.35,1.84,2026-09-23,202609,rule_fourth_wednesday,medium,47.0,33.0,433236.91590400005,-2271677.404032,-1838440.488128,2704914.319936,3653.0,23718.0,27371.0,874.0,3139.0,4013.0,0.2891,0.41735,0.3166,229159.69942553405,-289521.8782418837,-60362.17881634965,518681.57766741776,-196994.82630399993,-1641445.6618239998,312.5548303330173,0.3281981338384581,0.38455079764903444,0.1858010736935523,-0.0809958558512033,0.5989409181556534,False
科创50ETF华夏,9月,1.4,1.84,2026-09-23,202609,rule_fourth_wednesday,medium,47.0,33.0,857326.00832,-2174215.392,-1316889.38368,3031541.40032,6268.0,17750.0,24018.0,671.0,2431.0,3102.0,0.28259999999999996,0.3958,0.3829,364162.87906635314,-865218.8147418778,-501055.9356755247,1229381.693808231,-205997.44140799998,-1110891.942272,174.89425526699804,0.41135561911055474,0.36197313571097733,0.12200471880421007,-8.624815028809418e-05,0.5979625994679632,False
科创50ETF华夏,9月,1.45,1.84,2026-09-23,202609,rule_fourth_wednesday,medium,47.0,33.0,654473.7216,-2995187.50464,-2340713.78304,3649661.2262399998,4230.0,19590.0,23820.0,446.0,4703.0,5149.0,0.27375,0.37170000000000003,0.45430000000000004,251434.10545751936,-954182.6898668767,-702748.5844093573,1205616.795324396,-650053.075968,-1690660.707072,334.65877913663064,0.35137474014650416,0.3054310572106513,0.17275440863952155,0.0018975408599091114,0.6374044258617116,False
科创50ETF华夏,9月,1.5,1.84,2026-09-23,202609,rule_fourth_wednesday,medium,47.0,33.0,1126130.8325760004,-3733711.725568,-2607580.892992,4859842.558144,6549.0,19778.0,26327.0,1251.0,4444.0,5695.0,0.2705,0.3421,0.5327500000000001,445544.58830591437,-1796751.025001845,-1351206.4366959308,2242295.6133077596,-623827.77824,-1983753.1147519997,94.43786467221767,0.4384328812051861,0.27764740393077136,0.2078578172826019,0.052704377833030516,0.6778363982642621,False
科创50ETF华夏,9月,1.55,1.84,2026-09-23,202609,rule_fourth_wednesday,medium,47.0,33.0,544176.832256,-4591814.864512,-4047638.032256,5135991.696768001,2894.0,20249.0,23143.0,439.0,9625.0,10064.0,0.268,0.30845,0.6126,198045.2178340893,-3399268.240241806,-3201223.0224077166,3597313.4580758954,-2100089.169664,-1947548.8625919996,216.61630712294732,0.5521120089865715,0.21821536397182145,0.31351263671232343,-0.026623331170742528,0.6942602746297725,False
科创50ETF华夏,9月,1.6,1.84,2026-09-23,202609,rule_fourth_wednesday,medium,47.0,33.0,1342146.569088,-8322644.428800002,-6980497.859712002,9664790.997888003,4979.0,31200.0,36179.0,826.0,17739.0,18565.0,0.4242,0.35395,0.79205,424500.69691326143,-6398574.028957267,-5974073.332044005,6823074.725870529,-4509245.734464001,-2471252.125248001,153.15343682105785,0.5425499604703024,0.15538461538461534,0.36722722936332597,0.04037443076549816,0.7950970259525034,False
科创50ETF华夏,9月,1.65,1.84,2026-09-23,202609,rule_fourth_wednesday,medium,47.0,33.0,3391946.747328,-4876721.365376,-1484774.6180480001,8268668.112704,9417.0,16114.0,25531.0,2590.0,8919.0,11509.0,0.44045,0.29365,0.9789000000000001,1743496.641033421,-3792342.6008689874,-2048845.9598355663,5535839.241902408,-1766332.8959360002,281558.277888,47.576575851137974,0.6458262311662515,0.06886496186630764,0.4142641841633591,0.023700605949030496,0.7516100851257081,False
科创50ETF华夏,9月,1.7,1.84,2026-09-23,202609,rule_fourth_wednesday,medium,47.0,33.0,4565875.68384,-6107383.376640001,-1541507.6928000012,10673259.060480002,10776.0,18355.0,29131.0,5340.0,9831.0,15171.0,0.4507,0.23074999999999998,1.11715,2132698.9269002946,-3921245.193424401,-1788546.2665241063,6053944.1203246955,-1008535.3006080003,-532972.3921920015,120.82149717786547,0.5545726092260668,0.0,0.5155745174208978,-0.012486287206153537,0.7879129327912981,False
科创50ETF华夏,9月,1.75,1.84,2026-09-23,202609,rule_fourth_wednesday,medium,47.0,33.0,6236321.41344,-6606947.209728001,-370625.7962880004,12843268.623168001,13415.0,18552.0,31967.0,5125.0,11084.0,16209.0,0.45875,0.16549999999999998,1.2125,3997432.9238653528,-5022936.721198163,-1025503.7973328102,9020369.645063516,-1564865.6581760007,1194239.8618880003,77.42923022877412,0.7006214495480236,0.0,0.4897454176609406,0.08767977567042558,0.8123844435228906,True
科创50ETF华夏,9月,1.8,1.84,2026-09-23,202609,rule_fourth_wednesday,medium,47.0,33.0,15215751.353088,-10616696.856959999,4599054.496128002,25832448.210047998,31356.0,28830.0,60186.0,20358.0,16078.0,36436.0,0.46845000000000003,0.09964999999999999,1.2605,9994836.546832647,-7114913.965897824,2879922.5809348235,17109750.51273047,3958132.3156480007,640922.1804800006,133.05032974390278,0.663518504870839,0.0,0.6034683502363314,0.13778023882206866,0.8948800257056652,True
科创50ETF华夏,9月,1.85,1.84,2026-09-23,202609,rule_fourth_wednesday,medium,47.0,33.0,10664033.842176002,-4559701.500544,6104332.341632001,15223735.342720002,21892.0,12197.0,34089.0,10882.0,4733.0,15615.0,0.47655000000000003,0.03559999999999999,1.2715,7662334.2353368,-2850858.034966545,4811476.200370255,10513192.270303346,3531466.20608,2572866.1355520003,99.29391841486765,0.671875139258927,0.0,0.4425613992627668,0.08212301116698649,0.8325478465772453,True
科创50ETF华夏,9月,1.9,1.84,2026-09-23,202609,rule_fourth_wednesday,medium,47.0,33.0,9217561.431040002,-4736796.142464,4480765.288576002,13954357.573504,19055.0,12557.0,31612.0,9788.0,5075.0,14863.0,0.4763,-0.026900000000000007,1.2715,4398673.675711041,-2585811.7478857115,1812861.9278253298,6984485.423596753,2820384.033664001,1660381.254912001,223.3499091445148,0.5115523386282173,0.06731334509112286,0.4589139981929058,0.16495015345289787,0.8152339280657818,True
科创50ETF华夏,9月,1.95,1.84,2026-09-23,202609,rule_fourth_wednesday,medium,47.0,33.0,7250371.958016,-2937569.197056,4312802.76096,10187941.155072,15807.0,8229.0,24036.0,6627.0,1259.0,7886.0,0.49350000000000005,-0.08199999999999999,1.2046000000000001,2467484.4897538824,-1089426.3258038154,1378058.163950067,3556910.815557698,2590244.6912,1722558.069759999,346.29666557082,0.3555925141567069,0.1764847899565427,0.2861200710788616,0.09580313715392018,0.7534764022745808,False
科创50ETF华夏,9月,2.0,1.84,2026-09-23,202609,rule_fourth_wednesday,medium,47.0,33.0,12226921.666688005,-2981070.9745920002,9245850.692096004,15207992.641280005,28354.0,8577.0,36931.0,11577.0,858.0,12435.0,0.49505,-0.13624999999999998,1.15015,6544004.537096163,-1026442.9869822772,5517561.550113886,7570447.524078441,4694067.398976002,4551783.293120003,172.8307254623047,0.4397664873640791,0.22458333333333336,0.25416857842571616,0.06458967366283198,0.8299646051776222,False
科创50ETF华夏,9月,2.05,1.84,2026-09-23,202609,rule_fourth_wednesday,medium,47.0,33.0,6532410.754240001,-1405830.314496,5126580.439744,7938241.068736001,16535.0,4442.0,20977.0,5687.0,507.0,6194.0,0.5177499999999999,-0.17779999999999999,1.05085,2684829.079877876,-723638.2839044103,1961190.7959734658,3408467.3637822866,2086280.0859520002,3040300.3537919996,166.03194218202862,0.4628710546856949,0.3075842696629213,0.22903743944564128,0.003597242552137019,0.7162078832846857,False
科创50ETF华夏,9月,2.1,1.84,2026-09-23,202609,rule_fourth_wednesday,medium,47.0,33.0,8585674.06272,-1617908.970624,6967765.092096001,10203583.033344,24221.0,5361.0,29582.0,5708.0,353.0,6061.0,0.5244500000000001,-0.2188,0.9692,4242954.476747186,-771954.5795536331,3470999.897193553,5014909.056300819,1916795.2910080003,5050969.801088001,105.80163646000716,0.48566052916808156,0.3355610817531862,0.15075459584021816,-0.010154586410425858,0.7601027318506712,False
科创50ETF华夏,9月,2.15,1.84,2026-09-23,202609,rule_fourth_wednesday,medium,47.0,33.0,5055729.616128,-794356.319808,4261373.296320001,5850085.935936,15978.0,2817.0,18795.0,5081.0,123.0,5204.0,0.53395,-0.25425000000000003,0.88375,2318039.9447188475,-292309.49787931313,2025730.4468395344,2610349.442598161,1573036.3975040002,2688336.8988159997,323.86552161094323,0.41324022699809826,0.36742006615215,0.18083161071713222,0.043462153894006365,0.6661252699879112,False
科创50ETF华夏,9月,2.2,1.84,2026-09-23,202609,rule_fourth_wednesday,medium,47.0,33.0,7324982.388864,-787141.33536,6537841.053504,8112123.724224,26187.0,3005.0,29192.0,5762.0,22.0,5784.0,0.54525,-0.28415,0.79995,3326086.979600521,-291614.9206902801,3034472.058910241,3617701.9002908007,1605973.9180800002,4931867.135424001,202.21040891116294,0.412273895876515,0.3945033275819571,0.11367698608504163,0.013226298834544967,0.7397146463861224,False
科创50ETF华夏,9月,2.25,1.84,2026-09-23,202609,rule_fourth_wednesday,medium,47.0,33.0,3157114.9632640006,-550551.3753600001,2606563.5879040007,3707666.3386240005,12811.0,2268.0,15079.0,2848.0,6.0,2854.0,0.5599000000000001,-0.308,0.72245,631767.9504748944,-211848.9073315029,419919.0431433915,843616.8578063973,700398.4376320002,1906165.150272,336.50736054083893,0.2924516694117574,0.41685193419297456,0.1124772279444046,0.02576126001717913,0.5907478492006468,False
科创50ETF华夏,9月,2.3,1.84,2026-09-23,202609,rule_fourth_wednesday,medium,47.0,33.0,2130233.2316799997,-320791.152384,1809442.0792959998,2451024.3840639996,9839.0,1487.0,11326.0,1749.0,35.0,1784.0,0.6225499999999999,-0.30815000000000003,0.63835,487160.6176846891,-129440.19396317442,357720.4237215147,616600.8116478636,371123.88576,1438318.1935359999,288.2694208299287,0.31609593446922607,0.47670355270821196,0.10064964557485812,3.448466310842363e-05,0.49949186456607425,False
科创50ETF华夏,9月,2.35,1.84,2026-09-23,202609,rule_fourth_wednesday,medium,47.0,33.0,2067755.8771200005,-332912.8192,1734843.0579200005,2400668.6963200006,10916.0,1612.0,12528.0,2712.0,3.0,2715.0,0.6098,-0.33705,0.58475,557673.0194712761,-150733.80918734916,406939.2102839269,708406.8286586253,513099.1910400001,1221743.8668800006,286.03076050580313,0.36123613062937043,0.46707893779556203,0.12515184758503237,0.0012654787847711834,0.5221316402670843,False
科创50ETF华夏,9月,2.4,1.84,2026-09-23,202609,rule_fourth_wednesday,medium,47.0,33.0,2236832.0640000002,-107400.03456,2129432.02944,2344232.0985600003,13500.0,588.0,14088.0,5081.0,0.0,5081.0,0.7107000000000001,-0.31945,0.51445,784117.3377536001,-44688.290242206815,739429.0475113933,828805.6279958069,841877.312384,1287554.7170560001,457.14785192954895,0.383320051085568,0.46470960595030864,0.18818518518518518,0.0775648156070848,0.545060003887404,False
科创50ETF华夏,9月,2.45,1.84,2026-09-23,202609,rule_fourth_wednesday,medium,47.0,33.0,1144213.085184,-107641.800256,1036571.284928,1251854.8854399999,7926.0,617.0,8543.0,2234.0,0.0,2234.0,0.72265,-0.33355,0.47085,357844.4859392,-45599.86387828642,312244.62206091353,403444.3498174864,322504.672256,714066.612672,382.96103083844463,0.3681844292920365,0.463367799113737,0.14092858945243503,0.04043365607527615,0.4278607417786864,False
科创50ETF华夏,9月,2.5,1.84,2026-09-23,202609,rule_fourth_wednesday,medium,47.0,33.0,1817584.4811520001,-86066.69184,1731517.7893120002,1903651.1729920001,14366.0,522.0,14888.0,2661.0,3.0,2664.0,0.7533,-0.33945000000000003,0.43035,148923.31631485492,-37323.460534867714,111599.8557799872,186246.77684972264,336174.74323200004,1395343.0460800002,475.77125719162507,0.25779608704725054,0.4527397260273973,0.09548806969200907,0.011313163217879143,0.5092169458525353,False
科创50ETF华夏,9月,2.55,1.84,2026-09-23,202609,rule_fourth_wednesday,medium,47.0,33.0,4103794.60704,-115202.48832,3988592.11872,4218997.09536,36899.0,720.0,37619.0,6572.0,2.0,6574.0,0.6689499999999999,-0.3851,0.40055,370534.66077257146,-50726.98812903244,319807.67264353903,421261.6489016039,730597.854208,3257994.264512,350.48886474742073,0.2653098348413629,0.4987814784727863,0.09044279278872357,0.0013996086531144689,0.6932996831646513,False
科创50ETF华夏,12月,1.3,1.84,2026-12-23,202612,rule_fourth_wednesday,medium,138.0,98.0,327534.8613120001,-3802498.89056,-3474964.029248,4130033.7518720003,3312.0,38215.0,41527.0,181.0,41212.0,41393.0,0.2699,0.38139999999999996,0.29300000000000004,178606.35806609763,-2280950.6331973956,-2102344.2751312978,2459556.9912634934,-3784599.1895040004,309635.16025600006,235.4370775423401,0.5725802896569492,0.30088666152659993,0.5665372303980594,-0.003804545331820738,0.7332595423705477,False
科创50ETF华夏,12月,1.35,1.84,2026-12-23,202612,rule_fourth_wednesday,medium,138.0,98.0,71473.807872,-2193437.102144,-2121963.294272,2264910.9100160003,654.0,19219.0,19873.0,23.0,4291.0,4314.0,0.2668,0.36069999999999997,0.32994999999999997,27468.954542668165,-910289.9610101089,-882821.0064674407,937758.9155527771,-487212.114752,-1634751.1795200002,201.93387574867265,0.3996640761501883,0.22523405181798378,0.12921841806329204,0.002541060994819682,0.5650376765395537,False
科创50ETF华夏,12月,1.4,1.84,2026-12-23,202612,rule_fourth_wednesday,medium,138.0,98.0,130321.90079999999,-1089082.51648,-958760.61568,1219404.41728,1092.0,8432.0,9524.0,36.0,1639.0,1675.0,0.2647,0.33805,0.367,51542.277668571405,-706387.1157020913,-654844.8380335198,757929.3933706627,-207397.96255999999,-751362.6531200001,154.26935801643063,0.5220536317552147,0.24389408810773788,0.11367279542089788,-0.01437095804276958,0.4185568393406016,False
科创50ETF华夏,12月,1.45,1.84,2026-12-23,202612,rule_fourth_wednesday,medium,138.0,98.0,71036.93004800001,-675256.56576,-604219.6357120001,746293.495808,551.0,4704.0,5255.0,16.0,900.0,916.0,0.26585,0.31284999999999996,0.4024,22519.74382814435,-239747.71053284666,-217227.9667047023,262267.454360991,-127131.717632,-477087.91808,385.05276136189275,0.336030719537472,0.21563509818543358,0.11018232156746546,0.012451386796191146,0.31490617808291177,False
科创50ETF华夏,12月,1.5,1.84,2026-12-23,202612,rule_fourth_wednesday,medium,138.0,98.0,249253.83065600003,-1506169.951104,-1256916.120448,1755423.78176,1808.0,9667.0,11475.0,69.0,2202.0,2271.0,0.2705,0.2855,0.4337,76611.45686822677,-881533.0577255769,-804921.6008573502,958144.5145938037,-333570.84441599995,-923345.276032,258.5844446700437,0.4463222373837018,0.22797522038823448,0.132974482799342,-0.010689945256215189,0.4734763004572516,False
科创50ETF华夏,12月,1.55,1.84,2026-12-23,202612,rule_fourth_wednesday,medium,138.0,98.0,469340.175616,-1270939.34336,-801599.167744,1740279.5189760001,2249.0,7478.0,9727.0,99.0,1306.0,1405.0,0.39790000000000003,0.33155,0.5591999999999999,138777.27400652465,-415739.79955618404,-276962.5255496594,554517.0735627087,-201303.848704,-600295.31904,300.83413250691734,0.3113990656125633,0.2055007317641837,0.10933259571190952,0.028706514052161746,0.4455710406565769,False
科创50ETF华夏,12月,1.6,1.84,2026-12-23,202612,rule_fourth_wednesday,medium,138.0,98.0,829354.1811200001,-1939749.4897280005,-1110395.3086080004,2769103.670848001,3236.0,10103.0,13339.0,173.0,2321.0,2494.0,0.3954,0.2886,0.66205,245638.42041428387,-224804.35163187204,20834.068782411836,470442.7720461559,-401287.7535360001,-709107.5550720003,768.4953041686442,0.20603692878153101,0.08427714856762175,0.14159740274676397,0.039260743433276596,0.5350956940717639,False
科创50ETF华夏,12月,1.65,1.84,2026-12-23,202612,rule_fourth_wednesday,medium,138.0,98.0,549135.34816,-801272.3896320002,-252137.0414720002,1350407.7377920002,1939.0,4224.0,6163.0,318.0,1012.0,1330.0,0.4303,0.23834999999999998,0.6984,237464.52764240967,-385978.47034023545,-148513.94269782578,623442.9979826452,-101912.18009600005,-150224.86137600004,279.5585664725297,0.45707022607244896,0.22185123193569756,0.2017926981261819,-0.008919593079014514,0.39017681634089246,False
科创50ETF华夏,12月,1.7,1.84,2026-12-23,202612,rule_fourth_wednesday,medium,138.0,98.0,832362.4898560001,-1121664.379776,-289301.88992,1954026.869632,2768.0,5622.0,8390.0,156.0,1363.0,1519.0,0.43705,0.1953,0.73875,294285.16087448347,-623648.8203485095,-329363.659474026,917933.981222993,-225026.172352,-64275.717567999964,193.7264850820724,0.4547785707678266,0.2044145873320536,0.1493993970837112,0.010872686626300209,0.45248826692871325,False
科创50ETF华夏,12月,1.75,1.84,2026-12-23,202612,rule_fourth_wednesday,medium,138.0,98.0,1174800.6269440001,-1247002.3388160004,-72201.71187200025,2421802.9657600005,3794.0,6084.0,9878.0,500.0,1421.0,1921.0,0.44715000000000005,0.15295,0.76,633092.1937722756,-491146.0408215959,141946.1529506797,1124238.2345938715,-136430.67430400004,64228.962431999855,114.42655723977599,0.4663773345082526,0.2486218302094818,0.18267523862897123,-0.014145560040363268,0.49490598637280536,True
科创50ETF华夏,12月,1.8,1.84,2026-12-23,202612,rule_fourth_wednesday,medium,138.0,98.0,2023925.2224,-1402613.4528,621311.7696,3426538.6752000004,6428.0,6720.0,13148.0,2445.0,1604.0,4049.0,0.45489999999999997,0.11245,0.77325,1219771.8824162171,-649278.4858362144,570493.3965800027,1869050.3682524315,435044.1830399999,186267.5865600002,72.108629457257,0.5327912870881786,0.285885741718675,0.30952880996829346,-0.010231847089730607,0.5762180897839886,True
科创50ETF华夏,12月,1.85,1.84,2026-12-23,202612,rule_fourth_wednesday,medium,138.0,98.0,1675761.494016,-510502.77440000005,1165258.719616,2186264.268416,5336.0,2425.0,7761.0,1814.0,822.0,2636.0,0.46345000000000003,0.07359999999999997,0.7746999999999999,1090991.2513988337,-266332.69558015367,824658.55581868,1357323.9469789874,396638.88460800005,768619.835008,111.76306230790753,0.5863743690844149,0.31971356360572867,0.33946204732685203,0.010338979708544497,0.47577882139011474,True
科创50ETF华夏,12月,1.9,1.84,2026-12-23,202612,rule_fourth_wednesday,medium,138.0,98.0,1979451.506816,-462247.47904,1517204.027776,2441698.985856,6454.0,2180.0,8634.0,924.0,261.0,1185.0,0.4718,0.03685000000000002,0.7661,509247.1772416,-184180.9831291151,325066.1941124849,693428.1603707151,228049.716288,1289154.311488,439.27731931580456,0.3278567562048789,0.3429535232383808,0.131445899420884,0.020742902891155116,0.4687435851642795,True
科创50ETF华夏,12月,1.95,1.84,2026-12-23,202612,rule_fourth_wednesday,medium,138.0,98.0,1051018.3849600002,-189549.993472,861468.3914880002,1240568.378432,3505.0,952.0,4457.0,816.0,50.0,866.0,0.49605,0.005449999999999983,0.7369,162553.20448787624,-98504.40613137053,64048.79835650571,261057.61061924679,234732.51827200004,626735.8732160002,310.58608058608144,0.3371688199915096,0.4219993632601082,0.1426656397223654,-0.00467250878692885,0.33749577435151756,False
科创50ETF华夏,12月,2.0,1.84,2026-12-23,202612,rule_fourth_wednesday,medium,138.0,98.0,1918548.964096,-417534.63852800004,1501014.3255679999,2336083.602624,6452.0,2051.0,8503.0,1391.0,143.0,1534.0,0.48995,-0.030349999999999988,0.7398,418210.78551730973,-192072.3349240794,226138.45059323034,610283.1204413892,384512.54566400003,1116501.779904,335.0796700139091,0.33899909424148567,0.41230135373749266,0.14265707563153232,0.045245691616707225,0.4686134479411206,False
科创50ETF华夏,12月,2.05,1.84,2026-12-23,202612,rule_fourth_wednesday,medium,138.0,98.0,924266.159232,-256566.320384,667699.838848,1180832.479616,3211.0,1276.0,4487.0,1067.0,215.0,1282.0,0.49575,-0.06155000000000002,0.72205,430940.41602560016,-128505.06248877004,302435.3535368301,559445.4785143702,263899.022144,403800.816704,270.74993327995685,0.4835581599630117,0.4279423538831064,0.2503952664674429,0.10456865304100559,0.34843131416727596,False
科创50ETF华夏,12月,2.1,1.84,2026-12-23,202612,rule_fourth_wednesday,medium,138.0,98.0,1480889.5404800002,-398708.434176,1082181.1063040001,1879597.9746560003,5251.0,2028.0,7279.0,3016.0,34.0,3050.0,0.49870000000000003,-0.09269999999999998,0.70685,587044.4304853324,-141602.17112429967,445442.25936103275,728646.601609632,843889.306752,238291.79955200013,365.55453991468687,0.37578278272318427,0.4457101308773631,0.2955660366373344,0.09036102893345839,0.4637395881461513,False
科创50ETF华夏,12月,2.15,1.84,2026-12-23,202612,rule_fourth_wednesday,medium,138.0,98.0,1849011.584,-533218.5930240001,1315792.990976,2382230.1770240003,6640.0,2847.0,9487.0,1724.0,2.0,1726.0,0.50465,-0.12295,0.6878500000000001,1025580.6456119942,-191923.41009948764,833657.2355125066,1217504.0557114817,479700.111616,836092.8793599998,175.27963672394515,0.4572990456893986,0.47710922171353826,0.13017052403502313,-0.0029195987423266956,0.4840280834208641,False
科创50ETF华夏,12月,2.2,1.84,2026-12-23,202612,rule_fourth_wednesday,medium,138.0,98.0,2879525.92896,-1264425.7198080001,1615100.209152,4143951.6487680003,11556.0,6756.0,18312.0,850.0,81.0,931.0,0.52135,-0.13929999999999998,0.6444,660626.4401920001,-473494.73967507016,187131.70051692997,1134121.1798670702,196643.50259200003,1418456.70656,558.0801062462579,0.30194804489152133,0.47166734610680805,0.04277210304044188,0.0071090047393364926,0.5730723397447981,False
科创50ETF华夏,12月,2.25,1.84,2026-12-23,202612,rule_fourth_wednesday,medium,138.0,98.0,785577.2897279998,-239320.4464,546256.8433279998,1024897.7361279998,3311.0,1303.0,4614.0,1140.0,2.0,1142.0,0.5241,-0.16400000000000003,0.62165,265307.3166336,-90296.08546438353,175011.23116921645,355603.4020979835,270112.30911999993,276144.53420799994,529.1803632052586,0.35751237619440346,0.47614088240863484,0.17292088767574676,0.1574662430500397,0.34000308662444095,False
科创50ETF华夏,12月,2.3,1.84,2026-12-23,202612,rule_fourth_wednesday,medium,138.0,98.0,1429520.33952,-218507.30112,1211013.0384,1648027.6406399999,6383.0,1227.0,7610.0,677.0,3.0,680.0,0.533,-0.18395000000000003,0.59375,360987.06047373667,-84548.30855035137,276438.7519233853,445535.369024088,151084.9392,1059928.0992,363.57619169131874,0.3197295290488596,0.4863133883137392,0.05425398378256424,0.0030543442431523416,0.39776517474926565,False
科创50ETF华夏,12月,2.35,1.84,2026-12-23,202612,rule_fourth_wednesday,medium,138.0,98.0,767493.5136000002,-90540.25440000002,676953.2592000002,858033.7680000002,3630.0,591.0,4221.0,431.0,0.0,431.0,0.5949,-0.18084999999999996,0.5385,138783.12460800004,-35712.52773162462,103070.59687637542,174495.65233962465,91126.64032000002,585826.6188800002,383.20090793767986,0.28763228315025335,0.4340009103322713,0.059366391184573,0.01011804384485666,0.2860611241532077,False
科创50ETF华夏,12月,2.4,1.84,2026-12-23,202612,rule_fourth_wednesday,medium,138.0,98.0,723019.222464,-91681.98028800002,631337.242176,814701.202752,3619.0,573.0,4192.0,7648.0,5.0,7653.0,0.56585,-0.2136,0.53135,385610.25198080007,-36949.63490860445,348660.61707219563,422559.8868894045,722219.205184,-90881.96300800002,528.2933144444828,0.4681764660434624,0.4714879714879715,1.061008483922598,0.0012465373961218836,0.37536776281735706,False
科创50ETF华夏,12月,2.45,1.84,2026-12-23,202612,rule_fourth_wednesday,medium,138.0,98.0,690605.1156480002,-142935.42758400002,547669.6880640001,833540.5432320002,3684.0,921.0,4605.0,8353.0,133.0,8486.0,0.57465,-0.22885,0.50605,323703.72089445393,-66358.00569012087,257345.71520433307,390061.7265845748,669964.0604160002,-122294.372352,342.6976961666081,0.4664881993290882,0.4664205099623798,1.2058903365906624,0.08724307673094735,0.3915448257212955,False
科创50ETF华夏,12月,2.5,1.84,2026-12-23,202612,rule_fourth_wednesday,medium,138.0,98.0,1231911.6700800003,-182281.008704,1049630.6613760004,1414192.6787840002,7015.0,1193.0,8208.0,17852.0,342.0,18194.0,0.5743,-0.2469,0.485,668648.6491303788,-96344.21934015804,572304.4297902208,764992.8684705369,1179656.7623040003,-130026.10092800001,339.5924569994579,0.5356604853643901,0.47127349748477637,1.415752378300839,0.11547375293077869,0.505664165904642,False
科创50ETF华夏,12月,2.55,1.84,2026-12-23,202612,rule_fourth_wednesday,medium,138.0,98.0,4984423.734016,-945503.11392,4038920.6200960004,5929926.847936001,30343.0,6297.0,36640.0,64869.0,400.0,65269.0,0.5733,-0.26425000000000004,0.46435000000000004,3414598.4511864088,-419763.0209261934,2994835.4302602154,3834361.472112602,4924363.1900160005,-885442.56992,242.94093682099304,0.5645055591394846,0.4760524325686917,1.1006897393048432,0.022075650735519058,0.7647507094420529,False
科创50ETF华夏,3月,1.45,1.84,2027-03-24,202703,rule_fourth_wednesday,medium,229.0,163.0,11205.65888,-422400.795264,-411195.136384,433606.454144,95.0,3486.0,3581.0,11.0,1713.0,1724.0,0.26849999999999996,0.29685,0.35314999999999996,2282.7667288977746,-236903.92079648116,-234621.15406758338,239186.68752537895,-206267.781568,-204927.354816,319.7751396967559,0.38228327925023486,0.610817294042326,0.3035918108524323,0.00932248222238626,0.2677735457848222,False
科创50ETF华夏,3月,1.5,1.84,2027-03-24,202703,rule_fourth_wednesday,medium,229.0,163.0,11913.316992000002,-106419.42937600001,-94506.11238400001,118332.74636800002,113.0,832.0,945.0,1.0,496.0,497.0,0.35534999999999994,0.37024999999999997,0.3446,5869.959874693464,-70677.66292798759,-64807.70305329413,76547.62280268106,-63336.92454400001,-31169.187840000006,178.2102147305247,0.5784325089507742,0.6028069174603594,0.302501701837985,0.15101721439749607,0.12004400801806882,False
科创50ETF华夏,3月,1.55,1.84,2027-03-24,202703,rule_fourth_wednesday,medium,229.0,163.0,40265.516352000006,-89651.22969600001,-49385.713344,129916.74604800002,201.0,666.0,867.0,12.0,136.0,148.0,0.4026,0.30485,0.49465000000000003,23810.894182280277,-25253.109145600007,-1442.2149633197296,49064.00332788029,-15903.246592000001,-33482.466752,350.45726531345133,0.43651436423646944,0.6131040249593476,0.13195284837075882,0.029273504273504274,0.09133759993806571,False
科创50ETF华夏,3月,1.6,1.84,2027-03-24,202703,rule_fourth_wednesday,medium,229.0,163.0,206353.978944,-330614.30150400003,-124260.32256000003,536968.2804480001,939.0,2319.0,3258.0,104.0,108.0,212.0,0.41915,0.262,0.5351,50412.782502400005,-110680.74572086192,-60267.96321846191,161093.52822326194,7457.664255999998,-131717.98681600005,440.29099438419934,0.28953773100369185,0.5912199062285988,0.07866396086227538,0.03217468648724813,0.21687056183077466,False
科创50ETF华夏,3月,1.65,1.84,2027-03-24,202703,rule_fourth_wednesday,medium,229.0,163.0,204175.71775999997,-72800.285952,131375.43180799996,276976.003712,853.0,501.0,1354.0,58.0,71.0,129.0,0.42855,0.22864999999999996,0.5681,42852.114706346576,-18686.8598272,24165.254879146574,61538.97453354658,3565.9847679999984,127809.44703999994,467.1815234452345,0.23328261559898988,0.5795934858382388,0.10485593876724862,0.027184980646433765,0.1265015657395511,False
科创50ETF华夏,3月,1.7,1.84,2027-03-24,202703,rule_fourth_wednesday,medium,229.0,163.0,190253.62272000004,-167122.01856,23131.604160000046,357375.64128000004,763.0,1095.0,1858.0,97.0,254.0,351.0,0.43115000000000003,0.1942,0.59365,47725.48281600002,-25056.3109888,22669.171827200018,72781.79380480002,-14579.307711999994,37710.911872000026,504.5575540475518,0.20039007283194793,0.5272428145703518,0.17954661065129834,0.040468632582726545,0.1819944739791139,False
科创50ETF华夏,3月,1.75,1.84,2027-03-24,202703,rule_fourth_wednesday,medium,229.0,163.0,79964.418688,-182252.60352000003,-102288.18483200003,262217.02220800007,313.0,1170.0,1483.0,66.0,94.0,160.0,0.43915000000000004,0.16069999999999998,0.6073500000000001,22737.486464000005,-37632.75749646671,-14895.271032466702,60370.243960466716,2218.989951999998,-104507.17478400003,440.2350856302613,0.24541592561857367,0.5070128444413068,0.14560225007509353,-0.05744826617862089,0.13144752229363804,True
科创50ETF华夏,3月,1.8,1.84,2027-03-24,202703,rule_fourth_wednesday,medium,229.0,163.0,233245.630464,-94017.94272,139227.687744,327263.573184,924.0,611.0,1535.0,88.0,121.0,209.0,0.4579,0.12880000000000003,0.60005,55534.67392,-20635.4484435607,34899.2254764393,76170.1223635607,3594.9316479999943,135632.756096,546.9199700099159,0.22878969511610026,0.507496093088061,0.14663705089237006,0.010869054418473505,0.14958544753348435,True
科创50ETF华夏,3月,1.85,1.84,2027-03-24,202703,rule_fourth_wednesday,medium,229.0,163.0,194680.46400000007,-68465.160576,126215.30342400007,263145.62457600003,750.0,438.0,1188.0,550.0,16.0,566.0,0.45855,0.09825,0.6142000000000001,102877.03229611619,-30103.024214651297,72774.00808146488,132980.0565107675,140264.66316800003,-14049.359743999972,330.80912836932623,0.4840621421495282,0.48097112860892377,0.38493150684931504,0.6750752191165569,0.15433249522077713,True
科创50ETF华夏,3月,1.9,1.84,2027-03-24,202703,rule_fourth_wednesday,medium,229.0,163.0,178735.84537600004,-94358.90649600001,84376.93888000003,273094.75187200005,704.0,603.0,1307.0,121.0,36.0,157.0,0.46895,0.06959999999999997,0.60605,46435.4893530335,-28318.17815376342,18117.311199270083,74753.66750679692,25086.855872000007,59290.08300800003,364.19982494779697,0.2799554385492251,0.47004744958481615,0.11578824626865672,0.011149226065814496,0.12760424924992272,True
科创50ETF华夏,3月,1.95,1.84,2027-03-24,202703,rule_fourth_wednesday,medium,229.0,163.0,168224.70848,-55874.14803200001,112350.56044799999,224098.85651200003,655.0,383.0,1038.0,22.0,0.0,22.0,0.49134999999999995,0.04484999999999997,0.59475,24690.07935146667,-32317.70376451318,-7627.624413046509,57007.78311597985,5650.2955520000005,106700.264896,300.7766218647792,0.3625850878494606,0.4066395319257186,0.016793893129770993,0.00696594427244582,0.09030741678703585,False
科创50ETF华夏,3月,2.0,1.84,2027-03-24,202703,rule_fourth_wednesday,medium,229.0,163.0,105006.41536,-38988.163328,66018.25203199999,143994.578688,418.0,251.0,669.0,57.0,16.0,73.0,0.4795,0.014850000000000002,0.6004,46422.643586606064,-21137.198878483767,25285.444708122297,67559.84246508984,11833.755392,54184.49664,184.8787857515291,0.4921187026555678,0.4541193882585101,0.10005432814197754,-0.015940586761020198,0.07200496850221297,False
科创50ETF华夏,3月,2.05,1.84,2027-03-24,202703,rule_fourth_wednesday,medium,229.0,163.0,210902.39712000007,-14349.256192,196553.14092800007,225251.65331200007,867.0,124.0,991.0,17.0,0.0,17.0,0.5817,0.013399999999999995,0.53015,43834.61587200002,-6586.172276657713,37248.4435953423,50420.78814865773,4135.341120000001,192417.79980800007,476.73197366212713,0.33341681871329293,0.26115055525213915,0.00980392156862745,0.006425233644859813,0.08859155538078442,False
科创50ETF华夏,3月,2.1,1.84,2027-03-24,202703,rule_fourth_wednesday,medium,229.0,163.0,355077.6652800001,-45471.9936,309605.6716800001,400549.65888000006,1494.0,407.0,1901.0,166.0,0.0,166.0,0.5992500000000001,-0.005250000000000005,0.516,86796.76262400002,-18491.494196209485,68305.26842779054,105288.25682020951,39453.07392,270152.59776000003,523.9512563873369,0.3255506089086758,0.25095849308218043,0.05555555555555555,0.006440677966101695,0.17340111707369288,False
科创50ETF华夏,3月,2.15,1.84,2027-03-24,202703,rule_fourth_wednesday,medium,229.0,163.0,1495199.151296,-411531.59731200006,1083667.5539839999,1906730.748608,6319.0,2706.0,9025.0,1964.0,33.0,1997.0,0.49195,-0.059100000000000014,0.57405,470336.5440639771,-149043.26807106598,321293.2759929111,619379.8121350431,459702.1849599999,623965.369024,345.29361527772693,0.3383658666197161,0.44436853406207305,0.1615018971047441,0.021152243038137664,0.465917565388052,False
科创50ETF易方达,8月,1.4,1.783,2026-08-26,202608,rule_fourth_wednesday,medium,19.0,13.0,19762.83855939,-753577.0107110902,-733814.1721517001,773339.8492704802,129.0,7883.0,8012.0,30.0,3684.0,3714.0,0.29575,0.42865,0.3913,7512.385566550371,-156460.34439799885,-148947.9588314485,163972.72996454922,-347576.7307840201,-386237.44136768015,618.0954649673945,0.2938752067386048,0.41396707381837494,0.3499464552805714,-0.06449922987533607,0.39981231121943495,False
科创50ETF易方达,8月,1.45,1.783,2026-08-26,202608,rule_fourth_wednesday,medium,19.0,13.0,27837.661037609996,-1216590.9456006,-1188753.28456299,1244428.60663821,151.0,8660.0,8811.0,19.0,2236.0,2255.0,0.28550000000000003,0.40305,0.5109,6538.805382508966,-511471.1384207631,-504932.3330382541,518009.94380327204,-310619.34429567005,-878133.9402673199,311.4415951513922,0.32765200965653485,0.3627511591962906,0.19201321444412156,-0.05145551230743929,0.42859778825242667,False
科创50ETF易方达,8月,1.5,1.783,2026-08-26,202608,rule_fourth_wednesday,medium,19.0,13.0,180654.911514,-2011597.11296922,-1830942.2014552199,2192252.0244832197,840.0,9982.0,10822.0,185.0,4982.0,5167.0,0.27775,0.37035,0.6552,78215.81543206538,-1095464.322552913,-1017248.5071208477,1173680.1379849785,-964197.7608119699,-866744.44064325,216.60423205426827,0.488765727001771,0.31484149855907784,0.3596682361584185,0.007340628279496173,0.5215130999918638,False
科创50ETF易方达,8月,1.55,1.783,2026-08-26,202608,rule_fourth_wednesday,medium,19.0,13.0,297673.998515,-4284361.15592194,-3986687.1574069397,4582035.154436939,1220.0,15478.0,16698.0,963.0,6950.0,7913.0,0.2693,0.33045,0.8190999999999999,178710.46962113737,-1399566.2274243918,-1220855.7578032543,1578276.6970455293,-1688815.52788625,-2297871.6295206896,334.3682605785674,0.4635124616814793,0.25213310580204784,0.6191843420274996,-0.09179519564186979,0.6531180392147151,False
科创50ETF易方达,8月,1.6,1.783,2026-08-26,202608,rule_fourth_wednesday,medium,19.0,13.0,1031105.7898417797,-5083310.02946836,-4052204.239626581,6114415.81931014,2994.0,13943.0,16937.0,2036.0,13150.0,15186.0,0.44730000000000003,0.3694,1.11505,647901.3712122807,-3438540.1299540275,-2790638.7587417467,4086441.5011663083,-4093020.2453886806,40816.00576209993,298.62572737402513,0.6523965453347598,0.16821226172076242,0.8115761514182829,0.06801317892388332,0.6976721577394425,False
科创50ETF易方达,8月,1.65,1.783,2026-08-26,202608,rule_fourth_wednesday,medium,19.0,13.0,1581232.29494615,-4547601.42416946,-2966369.1292233104,6128833.71911561,3151.0,9918.0,13069.0,4919.0,14852.0,19771.0,0.45905,0.2893,1.5104,1294627.2394371543,-3535387.6945127305,-2240760.455075576,4830014.933949885,-2966369.1292233104,0.0,32.70061194721499,0.7980819346846524,0.042655548428479795,1.529285523712724,0.013322373370688465,0.6852465414900571,False
科创50ETF易方达,8月,1.7,1.783,2026-08-26,202608,rule_fourth_wednesday,medium,19.0,13.0,3404176.86220407,-6273493.459008889,-2869316.596804819,9677670.321212959,5463.0,11621.0,17084.0,9203.0,16073.0,25276.0,0.45804999999999996,0.20010000000000003,1.8291,2879041.886787145,-4314402.519178045,-1435360.6323909,7193444.40596519,-2869316.596804819,0.0,182.61480103585316,0.7667286719918304,0.0,1.5338525446187155,-0.016470979354484355,0.7541194924507036,True
科创50ETF易方达,8月,1.75,1.783,2026-08-26,202608,rule_fourth_wednesday,medium,19.0,13.0,9055135.2637092,-6531323.39464176,2523811.8690674407,15586458.65835096,13085.0,10884.0,23969.0,20941.0,19339.0,40280.0,0.45805,0.09945000000000001,2.0322,5528463.5982543295,-4930120.074878455,598343.5233758744,10458583.673132785,2523811.8690674407,0.0,168.37915723401335,0.6826879785606155,0.0,1.6886052444249335,0.03153867907139343,0.829070406866634,True
科创50ETF易方达,8月,1.8,1.783,2026-08-26,202608,rule_fourth_wednesday,medium,19.0,13.0,6792667.240928112,-2211675.8132007597,4580991.427727352,9004343.05412887,9773.0,3642.0,13415.0,18944.0,7443.0,26387.0,0.46875,-0.0038000000000000256,2.04825,5330332.579355054,-1857709.22228449,3472623.3570705634,7188041.801639544,4580991.427727352,0.0,39.06585547127321,0.812337059212725,0.0,1.9910295250792664,0.15295116060287572,0.7327671381726285,True
科创50ETF易方达,8月,1.85,1.783,2026-08-26,202608,rule_fourth_wednesday,medium,19.0,13.0,6269503.38440499,-4914543.1941063,1354960.1902986895,11184046.57851129,9459.0,8595.0,18054.0,9942.0,3566.0,13508.0,0.47950000000000004,-0.09964999999999996,1.94175,4712833.039513284,-2438107.2984482567,2274725.7410650277,7150940.3379615415,4230496.86547735,-2875536.6751786605,109.72823472823471,0.6239040220467611,0.0,0.7329774297339469,0.027372905500054067,0.7557562784830539,True
科创50ETF易方达,8月,1.9,1.783,2026-08-26,202608,rule_fourth_wednesday,medium,19.0,13.0,5657814.36126075,-1543509.76531728,4114304.5959434705,7201324.12657803,9607.0,2922.0,12529.0,8321.0,1466.0,9787.0,0.48555,-0.18555,1.75705,4291679.26835785,-1165191.6619256646,3126487.606432185,5456870.930283515,4126059.15035741,-11754.554413939826,43.7913589747928,0.7567188170396646,0.0848214285714286,0.6839252150942015,0.020562993342501282,0.6816503992844535,False
科创50ETF易方达,8月,1.95,1.783,2026-08-26,202608,rule_fourth_wednesday,medium,19.0,13.0,5593467.50170201,-1779061.2810559499,3814406.22064606,7372528.782757959,11249.0,3985.0,15234.0,5569.0,517.0,6086.0,0.51735,-0.247,1.4842,1974122.9185774927,-673117.50775474,1301005.4108227529,2647240.4263322325,2538327.65302322,1276078.5676228397,343.3757732004118,0.36564454483005876,0.23138033763654414,0.3124013700144321,0.004903365767898358,0.6866100131197592,False
科创50ETF易方达,8月,2.0,1.783,2026-08-26,202608,rule_fourth_wednesday,medium,19.0,13.0,5037529.49474208,-788312.08682488,4249217.4079172,5825841.58156696,12432.0,2008.0,14440.0,5457.0,292.0,5749.0,0.524,-0.3053,1.25475,919226.7324265912,-367506.21505536744,551720.5173712238,1286732.9474819587,2096577.84968246,2152639.5582347396,415.8414387242234,0.32433475604345474,0.29320348114380423,0.2921831015705518,-0.04196860039920935,0.6514550521896367,False
科创50ETF易方达,8月,2.05,1.783,2026-08-26,202608,rule_fourth_wednesday,medium,19.0,13.0,3386707.3548674993,-501808.3897473999,2884898.9651200995,3888515.744614899,10475.0,1546.0,12021.0,5924.0,67.0,5991.0,0.5993499999999999,-0.3222,1.019,819248.1384933034,-127244.30837133813,692003.8301219653,946492.4468646416,1893561.0989788997,991337.8661411998,483.76247746657,0.24773628808524406,0.3999330655957163,0.30443731918848244,-0.02349191888023071,0.6039385942439086,False
科创50ETF易方达,8月,2.1,1.783,2026-08-26,202608,rule_fourth_wednesday,medium,19.0,13.0,1519743.8814708698,-433140.92570142995,1086602.9557694397,1952884.8071722998,5951.0,1511.0,7462.0,1904.0,86.0,1990.0,0.62855,-0.35014999999999996,0.8525,397127.04620164126,-123889.3715251947,273237.6746764466,521016.41772683593,461583.69453929993,625019.2612301399,724.7487329267245,0.2736686871992523,0.4348581354950781,0.18843108861348487,-0.05958270973432076,0.4526531825666351,False
科创50ETF易方达,8月,2.15,1.783,2026-08-26,202608,rule_fourth_wednesday,medium,19.0,13.0,1028380.6111691999,-196649.95737237,831730.65379683,1225030.5685415699,5151.0,771.0,5922.0,1036.0,21.0,1057.0,0.64545,-0.3761,0.71515,219851.04426704004,-60173.48130274616,159677.56296429387,280024.5255697862,201477.84909132996,630252.8047054999,888.238224623839,0.25988829165892424,0.4531129900076863,0.11418167451901975,-0.03596260259962333,0.3682530586246754,False
科创50ETF易方达,8月,2.2,1.783,2026-08-26,202608,rule_fourth_wednesday,medium,19.0,13.0,791081.9634888,-127485.02947968002,663596.93400912,918566.99296848,5168.0,576.0,5744.0,862.0,171.0,1033.0,0.6325500000000001,-0.40765,0.58885,116066.17414778401,-56170.255758779305,59895.918389004706,172236.4299065633,94101.92454492001,569495.0094642,510.9206771199986,0.29366051277925076,0.45404966349501047,0.23183533281733748,-0.10338380683653908,0.3420100758795939,False
科创50ETF易方达,8月,2.25,1.783,2026-08-26,202608,rule_fourth_wednesday,medium,19.0,13.0,841410.59831115,-99736.92337919999,741673.6749319499,941147.52169035,6645.0,480.0,7125.0,396.0,61.0,457.0,0.73135,-0.3959,0.5259499999999999,104198.16122652299,-39518.45876556326,64679.702460959736,143716.61999208626,37467.85280908,704205.82212287,559.128978224456,0.26003221997874965,0.4955257270693513,0.09333850639578631,-0.043740506416116244,0.33555384545248496,False
科创50ETF易方达,8月,2.3,1.783,2026-08-26,202608,rule_fourth_wednesday,medium,19.0,13.0,1033880.1172303,-160703.83909492,873176.27813538,1194583.95632522,10457.0,877.0,11334.0,1403.0,82.0,1485.0,0.7179,-0.4195,0.4437,64475.91951443912,-63836.87181684779,639.0476975913261,128312.79133128692,123688.24348697999,749488.0346484,1093.500729550189,0.22979803751789976,0.48967523934672413,0.11383453484754692,-0.04673964200962105,0.4238412394489499,False
科创50ETF易方达,8月,2.35,1.783,2026-08-26,202608,rule_fourth_wednesday,medium,19.0,13.0,319273.11067167995,-30040.61076016,289232.49991151993,349313.72143184,4532.0,176.0,4708.0,807.0,29.0,836.0,0.7537499999999999,-0.42384999999999995,0.37925000000000003,57970.94838105047,-13282.817207178607,44688.131173871865,71253.76558822907,51902.15671378999,237330.34319772993,996.9847749748728,0.31186684069253917,0.4976060191518469,0.17141990291262135,-0.07037924341934254,0.25126524909426146,False
科创50ETF易方达,8月,2.4,1.783,2026-08-26,202608,rule_fourth_wednesday,medium,19.0,13.0,433849.79896665,-49306.43054529,384543.36842136,483156.22951194,7519.0,327.0,7846.0,340.0,8.0,348.0,0.7562500000000001,-0.4375,0.32789999999999997,32638.68037140857,-19720.927650413378,12917.752720995191,52359.60802182194,18411.88468884,366131.48373252,2702.5656256425486,0.23759850737969607,0.49984111852557994,0.03484180544862292,-0.021015775133213538,0.2888531167614531,False
科创50ETF易方达,8月,2.45,1.783,2026-08-26,202608,rule_fourth_wednesday,medium,19.0,13.0,1796757.01236576,-43413.702965779994,1753343.3093999801,1840170.71533154,40602.0,322.0,40924.0,5090.0,5.0,5095.0,0.7651,-0.44680000000000003,0.28164999999999996,118283.36656306448,-17721.99109143692,100561.37547162756,136005.3576545014,224573.23127674998,1528770.07812323,1428.0973629524624,0.23702175434399217,0.49896541531185334,0.0704456164537377,-0.018639260006022715,0.5915544185648031,False
科创50ETF易方达,9月,1.1,1.783,2026-09-23,202609,rule_fourth_wednesday,medium,47.0,33.0,90619.2961272,-804998.55274986,-714379.25662266,895617.84887706,1926.0,27111.0,29037.0,74.0,2389.0,2463.0,0.3337,0.47435,0.1207,37555.40246691647,-91511.47716020189,-53956.074693285416,129066.87962711835,-67454.10114734,-646925.15547532,470.41390788945125,0.26405479148298566,0.44607250755287015,0.06327040638629858,0.005084072394054331,0.4895616993293907,False
科创50ETF易方达,9月,1.15,1.783,2026-09-23,202609,rule_fourth_wednesday,medium,47.0,33.0,43244.13035851999,-754852.87449946,-711608.74414094,798097.00485798,707.0,18293.0,19000.0,26.0,921.0,947.0,0.32730000000000004,0.4641,0.1611,17310.449053647477,-166172.44441094,-148861.99535729253,183482.89346458745,-36414.36629626001,-675194.37784468,783.3594743220501,0.3102173867025791,0.40928870292887043,0.04356111669924831,0.002794904018164974,0.4126308964960804,False
科创50ETF易方达,9月,1.2,1.783,2026-09-23,202609,rule_fourth_wednesday,medium,47.0,33.0,42698.344359,-496210.90416332,-453512.55980432004,538909.2485223201,555.0,9313.0,9868.0,24.0,106.0,130.0,0.31345,0.45249999999999996,0.20479999999999998,16591.885359877517,-101501.31777420001,-84909.4324143225,118093.20313407753,-3801.42746264,-449711.13234168,850.0166362192466,0.296568293174765,0.4115853658536585,0.027312591233991428,-0.0009645268459972136,0.29384205398758395,False
科创50ETF易方达,9月,1.25,1.783,2026-09-23,202609,rule_fourth_wednesday,medium,47.0,33.0,32525.958958580002,-569886.0374112,-537360.07845262,602411.99636978,346.0,8416.0,8762.0,22.0,550.0,572.0,0.29814999999999997,0.43885,0.25435,12409.510419854358,-128874.41853624,-116464.90811638565,141283.92895609437,-35174.90307694,-502185.17537568003,839.4648854220636,0.3038335174841394,0.4102514506769826,0.06446776302775885,0.0021568843777581646,0.3311307878450656,False
科创50ETF易方达,9月,1.3,1.783,2026-09-23,202609,rule_fourth_wednesday,medium,47.0,33.0,41975.896383750005,-345147.84320624004,-303171.94682249,387123.73958999006,375.0,3736.0,4111.0,24.0,566.0,590.0,0.29935,0.41850000000000004,0.32135,15341.898317216213,-159112.32104177517,-143770.42272455894,174454.2193589914,-49603.07133988001,-253568.87548261002,212.31808870088082,0.41324531490653305,0.37556609877075703,0.10774946466809422,0.028143862119598247,0.23663659202906068,False
科创50ETF易方达,9月,1.35,1.783,2026-09-23,202609,rule_fourth_wednesday,medium,47.0,33.0,66784.23530415,-517008.2500742,-450224.01477004995,583792.48537835,513.0,4490.0,5003.0,23.0,390.0,413.0,0.28415,0.39899999999999997,0.38585,22606.413252026694,-121364.52017332001,-98758.1069212933,143970.9334253467,-41912.95042155,-408311.0643485,666.4498273400643,0.2866215603164075,0.325152625152625,0.06584699809409691,-0.025571919400416122,0.276002592947985,False
科创50ETF易方达,9月,1.4,1.783,2026-09-23,202609,rule_fourth_wednesday,medium,47.0,33.0,77381.76027654,-507580.97955359996,-430199.21927705995,584962.7398301399,522.0,3480.0,4002.0,22.0,1292.0,1314.0,0.27835,0.3734,0.46255,24161.55289511579,-176894.88850649598,-152733.33561138017,201056.44140161178,-185185.43124789998,-245013.78802916,549.6688688924903,0.3303720469237713,0.3355695869508024,0.2067049808429119,0.07070429014778139,0.29249977228691904,False
科创50ETF易方达,9月,1.45,1.783,2026-09-23,202609,rule_fourth_wednesday,medium,47.0,33.0,144098.56710299998,-460378.1839905,-316279.61688750004,604476.7510935,870.0,2550.0,3420.0,23.0,485.0,508.0,0.27285,0.3438,0.54445,53404.524250643364,-96408.60794154002,-43004.08369089665,149813.13219218337,-83752.62284165,-232526.99404585,481.1031039848474,0.29001141773855826,0.2807149294082306,0.10831643002028397,0.004550850811238623,0.2523408079177558,False
科创50ETF易方达,9月,1.5,1.783,2026-09-23,202609,rule_fourth_wednesday,medium,47.0,33.0,63181.81881291,-772592.1593285699,-709410.3405156599,835773.9781414799,969.0,3539.0,4508.0,121.0,706.0,827.0,0.3769,0.41745,0.44589999999999996,14965.803477339765,-243347.76067462744,-228381.95719728767,258313.5641519672,-146235.90042858996,-563174.4400870699,383.9150337703036,0.27592226772122486,0.2301641586867304,0.16218119138912387,-0.006630636458227824,0.3063956252670985,False
科创50ETF易方达,9月,1.55,1.783,2026-09-23,202609,rule_fourth_wednesday,medium,47.0,33.0,288936.71747096,-727751.8401740401,-438815.12270308007,1016688.557645,1244.0,2843.0,4087.0,47.0,1021.0,1068.0,0.4071,0.36685,0.7679,94108.66966816099,-250092.70061556,-155984.030947399,344201.370283721,-250439.41206190002,-188375.71064118005,451.8145135627093,0.33467896412440784,0.13412666397741024,0.198454516254172,0.010835887848741135,0.3222241197547908,False
科创50ETF易方达,9月,1.6,1.783,2026-09-23,202609,rule_fourth_wednesday,medium,47.0,33.0,298054.47188652,-706051.8237325,-407997.35184598,1004106.29561902,841.0,2401.0,3242.0,51.0,1107.0,1158.0,0.43069999999999997,0.29825,1.0199,116241.74068022237,-289651.88562978955,-173410.14494956718,405893.62631001195,-307456.11894978,-100541.23289619997,380.2729055174372,0.4001216726443509,0.047169811320754707,0.26084999264575154,0.1047552816206892,0.3081416989019414,False
科创50ETF易方达,9月,1.65,1.783,2026-09-23,202609,rule_fourth_wednesday,medium,47.0,33.0,1073669.84948142,-845333.2444373601,228336.6050440598,1919003.0939187799,2523.0,2611.0,5134.0,94.0,703.0,797.0,0.4425,0.23135000000000003,1.1785,480568.33581390214,-541171.9044068595,-60603.568592957396,1021740.2402207616,-187600.20367052002,415936.8087145799,146.76206200697212,0.5438908970465707,0.0,0.15325136663037095,0.08266555449260977,0.38867419619575605,False
科创50ETF易方达,9月,1.7,1.783,2026-09-23,202609,rule_fourth_wednesday,medium,47.0,33.0,2152723.58155701,-1452116.04310968,700607.5384473298,3604839.62466669,4653.0,4168.0,8821.0,360.0,542.0,902.0,0.45325,0.16134999999999997,1.2756,1143196.0275602269,-742548.2722901172,400647.7552701096,1885744.2998503442,-22275.81304122001,722883.35148855,150.3504710865874,0.5212011884882297,0.0,0.10370391339374882,0.003254611843577969,0.504450640930915,True
科创50ETF易方达,9月,1.75,1.783,2026-09-23,202609,rule_fourth_wednesday,medium,47.0,33.0,3693979.4999368503,-2163172.73844577,1530806.7614910803,5857152.238382621,7647.0,5963.0,13610.0,1663.0,772.0,2435.0,0.46075,0.09244999999999998,1.3303,1251125.027951657,-442374.4643963394,808750.5635553177,1693499.4923479964,523277.8268637701,1007528.9346273101,336.0048411323352,0.27159780744795586,0.0,0.17346796900050201,0.06496992768323825,0.6177856015069698,True
科创50ETF易方达,9月,1.8,1.783,2026-09-23,202609,rule_fourth_wednesday,medium,47.0,33.0,2796150.9443600792,-721127.47705207,2075023.4673080093,3517278.4214121494,5641.0,1991.0,7632.0,2345.0,370.0,2715.0,0.4676,0.025149999999999978,1.34925,1353167.6720423247,-328649.2491050159,1024518.4229373088,1681816.9211473404,1028366.3052686998,1046657.1620393097,188.08377132347604,0.4698415225839352,0.012280701754385892,0.3007713491067898,-0.040677935327026946,0.5294886027424451,True
科创50ETF易方达,9月,1.85,1.783,2026-09-23,202609,rule_fourth_wednesday,medium,47.0,33.0,1359568.0890588502,-452283.26966979995,907284.8193890502,1811851.35872865,2915.0,1291.0,4206.0,932.0,244.0,1176.0,0.48815000000000003,-0.03594999999999998,1.28455,553351.9646402107,-193344.561292904,360007.40334730677,746696.5259331147,349206.7768778801,558078.0425111701,211.68515789044915,0.41724562494707457,0.13124999999999992,0.2543631660273725,-0.04068874943638126,0.3781466567637848,True
科创50ETF易方达,9月,1.9,1.783,2026-09-23,202609,rule_fourth_wednesday,medium,47.0,33.0,2445975.181155,-1015189.68076328,1430785.5003917199,3461164.86191828,5500.0,2999.0,8499.0,605.0,77.0,682.0,0.49615,-0.0938,1.2318500000000001,796526.7792174704,-451683.49307878583,344843.2861386846,1248210.2722962564,242992.04637961,1187793.45401211,260.64391392518576,0.3852865805415231,0.20666666666666655,0.0678376125375125,0.0024879554552811114,0.48524855673935785,False
科创50ETF易方达,9月,1.95,1.783,2026-09-23,202609,rule_fourth_wednesday,medium,47.0,33.0,905421.8414441599,-487219.2006266099,418202.64081754995,1392641.0420707697,2224.0,1467.0,3691.0,839.0,13.0,852.0,0.4993,-0.14730000000000001,1.16265,309465.62049835414,-114614.41454413322,194851.2059542209,424080.0350424874,337251.20866646996,80951.43215108,360.8814338632994,0.2885168176688413,0.24213576158940403,0.1930549118987019,-0.015935341861969952,0.3296009219329845,False
科创50ETF易方达,9月,2.0,1.783,2026-09-23,202609,rule_fourth_wednesday,medium,47.0,33.0,1653725.12499493,-222983.75035853,1430741.3746364,1876708.8753534602,4451.0,733.0,5184.0,1280.0,28.0,1308.0,0.5183,-0.1902,1.0628,589199.0034568557,-65202.744462346214,523996.25899450947,654401.7479192019,467053.57149092,963687.8031454802,384.3419402844927,0.324348115859726,0.31438596491228066,0.16288750355163378,-0.017085087236322516,0.4037079211222067,False
科创50ETF易方达,9月,2.05,1.783,2026-09-23,202609,rule_fourth_wednesday,medium,47.0,33.0,676363.39245176,-133566.75390024,542796.63855152,809930.1463520001,2041.0,477.0,2518.0,448.0,16.0,464.0,0.53935,-0.22519999999999998,0.9616,421152.0032129098,-66605.49330609907,354546.5099068107,487757.4965190089,143981.70379136,398814.93476016,112.42367971351595,0.5606697006126183,0.3650045606567346,0.12652161095857767,-0.04209922628958014,0.2502992365443125,False
科创50ETF易方达,9月,2.1,1.783,2026-09-23,202609,rule_fourth_wednesday,medium,47.0,33.0,1715379.16900711,-123317.81603669998,1592061.35297041,1838696.98504381,5839.0,485.0,6324.0,1028.0,2.0,1030.0,0.5678000000000001,-0.2519,0.86195,787705.3659569588,-39061.010550064646,748644.3554068942,826766.3765070235,301496.91661928,1290564.43635113,310.0749112562476,0.3879763220830466,0.4144823934339423,0.09009062772011166,0.06418012626186194,0.40904146689602167,False
科创50ETF易方达,9月,2.15,1.783,2026-09-23,202609,rule_fourth_wednesday,medium,47.0,33.0,1479823.80657075,-125028.22950047998,1354795.57707027,1604852.03607123,5715.0,577.0,6292.0,380.0,0.0,380.0,0.6426000000000001,-0.25695,0.74805,405310.8137578672,-42031.79858861916,363279.01516924804,447342.61234648636,98395.98363899998,1256399.59343127,385.32933957147986,0.3050348660506026,0.49977678571428574,0.033245844269466314,-0.002524373259052925,0.3618259378637275,False
科创50ETF易方达,9月,2.2,1.783,2026-09-23,202609,rule_fourth_wednesday,medium,47.0,33.0,1006384.3354237501,-69780.24056864,936604.0948551102,1076164.57599239,4443.0,328.0,4771.0,159.0,5.0,164.0,0.62895,-0.29069999999999996,0.69085,315503.1437839392,-24741.922448080808,290761.2213358584,340245.06623202,34951.38132935,901652.7135257601,303.5467035893069,0.33403541041401863,0.4847916666666666,0.025515266546993626,0.01539533113351181,0.2938273455112363,False
科创50ETF易方达,9月,2.25,1.783,2026-09-23,202609,rule_fourth_wednesday,medium,47.0,33.0,283328.93163852,-54966.19448288,228362.73715563997,338295.1261214,1431.0,284.0,1715.0,603.0,0.0,603.0,0.67625,-0.29875,0.6158,204536.92054875623,-20077.263424912362,184459.65712384388,224614.18397366858,119390.17874075999,108972.55841487998,175.86348009238833,0.5435859454858377,0.4795766802822131,0.21069182389937108,0.04,0.18809407224095448,False
科创50ETF易方达,9月,2.3,1.783,2026-09-23,202609,rule_fourth_wednesday,medium,47.0,33.0,697191.1940352598,-42425.00628677999,654766.1877484798,739616.2003220398,4021.0,234.0,4255.0,860.0,0.0,860.0,0.70585,-0.3104,0.55785,242289.75848531307,-16104.123285440402,226185.63519987266,258393.88177075348,149113.26209159996,505652.9256568799,349.0236324599769,0.36355652302978025,0.464885496183206,0.10693857249440437,0.006295643414756988,0.2911885861489723,False
科创50ETF易方达,9月,2.35,1.783,2026-09-23,202609,rule_fourth_wednesday,medium,47.0,33.0,758942.1366801601,-25416.68939144,733525.44728872,784358.8260716001,5028.0,148.0,5176.0,954.0,0.0,954.0,0.7265999999999999,-0.3232,0.5075000000000001,308879.90596304066,-9957.167254000156,298922.7387090405,318837.0732170408,143999.76101688002,589525.68627184,298.21907070854303,0.39937223746657846,0.45813078249960787,0.09486873508353222,0.016327788046826865,0.3178795312036634,False
科创50ETF易方达,9月,2.4,1.783,2026-09-23,202609,rule_fourth_wednesday,medium,47.0,33.0,488354.8030083,-41740.83454309,446613.96846521,530095.63755139,3690.0,251.0,3941.0,972.0,0.0,972.0,0.71925,-0.34345,0.4697,149126.88130887604,-16740.81783273485,132386.0634761412,165867.69914161088,128639.80176804001,317974.16669717,404.70775717534565,0.3532157865095525,0.4700385642242658,0.13170731707317074,0.07620237351655215,0.2702874266513922,False
科创50ETF易方达,9月,2.45,1.783,2026-09-23,202609,rule_fourth_wednesday,medium,47.0,33.0,979677.5081343299,-76115.0204736,903562.4876607299,1055792.5286079298,8487.0,480.0,8967.0,1833.0,0.0,1833.0,0.72855,-0.3564,0.43095,280570.773096654,-31232.367837697984,249338.405258956,311803.14093435195,211588.17867447,691974.3089862599,518.5429987786489,0.3483610764100965,0.4706455203116305,0.107988688582538,0.04209248850281042,0.4102049509456032,False
科创50ETF易方达,12月,1.25,1.783,2026-12-23,202612,rule_fourth_wednesday,medium,138.0,98.0,106118.6266378,-818740.41927948,-712621.79264168,924859.04591728,1130.0,8742.0,9872.0,39.0,18110.0,18149.0,0.2703,0.386,0.295,33986.668898540236,-562653.1903920632,-528666.521493523,596639.8592906034,-815077.91800614,102456.12536446001,378.94795853560214,0.503744288038775,0.3061164477553421,1.0530608009750506,0.04310782921418409,0.4785163985981497,False
科创50ETF易方达,12月,1.3,1.783,2026-12-23,202612,rule_fourth_wednesday,medium,138.0,98.0,36782.82271136,-318833.88773544,-282051.06502408,355616.7104468,352.0,2948.0,3300.0,76.0,1164.0,1240.0,0.26849999999999996,0.36455,0.33445,13947.913985941233,-92867.03921376,-78919.12522781876,106814.95319970124,-117947.88964323998,-164103.17538084,620.3760950117174,0.3352336595026727,0.2903976311336718,0.305376526458616,0.07317605508045794,0.24063506586984978,False
科创50ETF易方达,12月,1.35,1.783,2026-12-23,202612,rule_fourth_wednesday,medium,138.0,98.0,26855.0364186,-134319.0535212,-107464.01710259999,161174.0899398,234.0,1096.0,1330.0,1.0,557.0,558.0,0.27075,0.33999999999999997,0.37324999999999997,7508.312185080043,-54168.81537990001,-46660.50319481996,61677.12756498005,-68147.74657625,-39316.27052634999,647.0630953444179,0.34143570763241216,0.2663293468261271,0.25624259155281054,-0.07254290171606864,0.1409995719085805,False
科创50ETF易方达,12月,1.4,1.783,2026-12-23,202612,rule_fourth_wednesday,medium,138.0,98.0,43719.404164019994,-143599.25938466,-99879.85522063999,187318.66354868,351.0,1049.0,1400.0,13.0,116.0,129.0,0.26935,0.31495,0.4112,12185.610195665475,-19380.622152654152,-7195.011956988677,31566.232348319627,-14260.18520018,-85619.67002045999,439.06492193915517,0.20684319966678738,0.2574110142442444,0.07380927161670728,-0.010357815442561206,0.1146376729438426,False
科创50ETF易方达,12月,1.45,1.783,2026-12-23,202612,rule_fourth_wednesday,medium,138.0,98.0,31370.487270640002,-133877.57343177,-102507.08616112999,165248.06070241,268.0,889.0,1157.0,1.0,383.0,384.0,0.3772,0.37939999999999996,0.42095000000000005,7786.862473133227,-74453.21201240766,-66666.34953927444,82240.07448554088,-57560.23573421,-44946.850426920006,314.25168344451873,0.40217581803908425,0.26176802828709544,0.21727624532008127,0.04207317073170732,0.12613976749141456,False
科创50ETF易方达,12月,1.5,1.783,2026-12-23,202612,rule_fourth_wednesday,medium,138.0,98.0,57062.32681502999,-315609.78283519996,-258547.45602016998,372672.10965023,669.0,1939.0,2608.0,0.0,277.0,277.0,0.345,0.3757,0.39015,15093.451724308581,-81156.80130048,-66063.34957617141,96250.25302478859,-45087.11183359999,-213460.34418657,555.2321310660252,0.2608255142945245,0.2014026732886242,0.07142857142857142,0.03622787610619469,0.1869549940803772,False
科创50ETF易方达,12月,1.55,1.783,2026-12-23,202612,rule_fourth_wednesday,medium,138.0,98.0,81735.3319167,-121468.92145607999,-39733.58953937999,203204.25337278,330.0,706.0,1036.0,7.0,36.0,43.0,0.42174999999999996,0.28335,0.66015,18401.676426083213,-26771.337363408,-8369.660937324788,45173.01378949122,-4460.102912549999,-35273.48662682998,549.771301035984,0.22276697771177661,0.28791514184952605,0.0361018113142759,0.00046807834514980655,0.09116994807407937,False
科创50ETF易方达,12月,1.6,1.783,2026-12-23,202612,rule_fourth_wednesday,medium,138.0,98.0,442225.52221871994,-206142.43100835997,236083.09121035997,648367.9532270799,1619.0,1138.0,2757.0,3.0,97.0,100.0,0.43705000000000005,0.23584999999999998,0.7144999999999999,90168.8580817864,-48256.892461008,41911.9656207784,138425.7505427944,-16751.573667699995,252834.66487805996,539.2176214485264,0.21899640480711943,0.2849719663596315,0.043545127012161164,-0.013459368899630703,0.21193249015742888,False
科创50ETF易方达,12月,1.65,1.783,2026-12-23,202612,rule_fourth_wednesday,medium,138.0,98.0,157669.14431729997,-178747.99855912998,-21078.854241830006,336417.14287642995,462.0,959.0,1421.0,0.0,38.0,38.0,0.4171,0.20625,0.8299,61576.192848242776,-38582.727530489996,22993.46531775278,100158.92037873277,-7082.819546659999,-13996.034695170005,398.1237308512541,0.3031951920638051,0.2894736842105263,0.01981230448383733,-0.0031088082901554403,0.11768352642393598,False
科创50ETF易方达,12月,1.7,1.783,2026-12-23,202612,rule_fourth_wednesday,medium,138.0,98.0,184134.10651560003,-143531.67195252,40602.43456308002,327665.77846812,620.0,747.0,1367.0,291.0,133.0,424.0,0.45995,0.14880000000000002,0.7693000000000001,71396.514848952,-19217.171474803297,52179.34337414871,90613.6863237553,60869.063356300016,-20266.628793219992,515.4376311862344,0.26081497812439763,0.3166666666666667,0.3237001770522952,0.09342958990040764,0.15927480928284182,True
科创50ETF易方达,12月,1.75,1.783,2026-12-23,202612,rule_fourth_wednesday,medium,138.0,98.0,168718.06813680002,-187937.5685952,-19219.50045839997,356655.63673200004,560.0,960.0,1520.0,40.0,509.0,549.0,0.4677,0.10805000000000001,0.78175,38564.12985984001,-89653.59253698906,-51089.46267714905,128217.72239682908,-87594.77443437999,68375.27397598,374.3135783945986,0.352805328025356,0.34460093896713606,0.30081845238095234,0.19311572944652028,0.1793786592895884,True
科创50ETF易方达,12月,1.8,1.783,2026-12-23,202612,rule_fourth_wednesday,medium,138.0,98.0,307316.42977911996,-168061.04581317,139255.38396594996,475377.47559228993,982.0,843.0,1825.0,137.0,17.0,154.0,0.46575,0.06810000000000002,0.80575,78612.919715392,-40462.32086095795,38150.59885443404,119075.24057634996,39484.95298868999,99770.43097726002,439.8548838390801,0.2482820721458433,0.3604166666666665,0.07983863758809218,0.005982896580049433,0.18144388530525524,True
科创50ETF易方达,12月,1.85,1.783,2026-12-23,202612,rule_fourth_wednesday,medium,138.0,98.0,201471.49091333002,-66840.72771568,134630.76319765003,268312.21862901,677.0,331.0,1008.0,106.0,36.0,142.0,0.47695,0.03090000000000001,0.78565,52912.30588536201,-10684.355726398442,42227.95015896357,63596.66161176045,24275.33285866,110355.43033899003,507.306538573681,0.21123861647494474,0.3732289336316181,0.13266722299821052,0.07035399361022364,0.11750514980126815,True
科创50ETF易方达,12月,1.9,1.783,2026-12-23,202612,rule_fourth_wednesday,medium,138.0,98.0,366240.20857632,-155351.65201808,210888.55655823997,521591.8605944,1248.0,784.0,2032.0,21.0,55.0,76.0,0.48639999999999994,-0.004200000000000009,0.7732,75713.12004222,-48816.64302726165,26896.477014958356,124529.76306948165,-4735.698137959999,215624.2546962,531.2776653737756,0.2604819726693704,0.4079552925706773,0.04348999215070643,0.00912639890762136,0.17589446569613654,False
科创50ETF易方达,12月,1.95,1.783,2026-12-23,202612,rule_fourth_wednesday,medium,138.0,98.0,285522.8845392,-109932.89762,175589.9869192,395455.7821592,1008.0,560.0,1568.0,356.0,70.0,426.0,0.49415,-0.03719999999999998,0.7542500000000001,59225.48667863443,-38405.50642338174,20819.98025525269,97630.99310201616,87097.8192419,88492.16767729996,398.8070021793891,0.27839112069321115,0.4248742975451051,0.2390873015873016,0.13228302622056448,0.18094759737245247,False
科创50ETF易方达,12月,2.0,1.783,2026-12-23,202612,rule_fourth_wednesday,medium,138.0,98.0,772696.0201662,-178543.67850910002,594152.3416571,951239.6986753,2820.0,926.0,3746.0,1114.0,13.0,1127.0,0.501,-0.06844999999999998,0.7342,276636.135446736,-56947.09686320418,219689.03858353183,333583.23230994015,302735.77581169,291416.5658454099,559.2543995291953,0.33848374614323995,0.4423076923076923,0.2045371689413783,0.1965610580048382,0.3124604276859847,False
科创50ETF易方达,12月,2.05,1.783,2026-12-23,202612,rule_fourth_wednesday,medium,138.0,98.0,322230.68075016,-97954.59892224,224276.08182792002,420185.2796724,1224.0,544.0,1768.0,453.0,5.0,458.0,0.5234000000000001,-0.09255000000000002,0.6972499999999999,90666.868014996,-31908.833971809072,58758.034043186926,122575.70198680507,118356.62511597,105919.45671195,568.8400350515694,0.3035619042550673,0.490599294947121,0.18964460784313728,0.2846153846153846,0.19697702698351852,False
科创50ETF易方达,12月,2.1,1.783,2026-12-23,202612,rule_fourth_wednesday,medium,138.0,98.0,599346.30547441,-286004.77084982,313341.53462458996,885351.07632423,2413.0,1711.0,4124.0,49.0,0.0,49.0,0.5530499999999999,-0.11055000000000001,0.6535500000000001,124737.552676854,-95393.8047870327,29343.7478898213,220131.3574638867,12170.728954929999,301170.80566966,557.472839119292,0.27083093849713263,0.4654670272519243,0.010153336096145877,0.0035475792988313858,0.24343196955900348,False
科创50ETF易方达,12月,2.15,1.783,2026-12-23,202612,rule_fourth_wednesday,medium,138.0,98.0,1245106.5155765698,-801528.54531547,443577.97026109986,2046635.06089204,5169.0,4627.0,9796.0,32.0,37.0,69.0,0.5315,-0.1467,0.6513,169097.46061806,-276907.2477012585,-107809.78708319852,446004.7083193185,1298.6896473899997,442279.2806137098,561.5864873009307,0.24064180160718046,0.4966094934184284,0.00709364729961743,-0.001735106998264893,0.386560066674757,False
科创50ETF易方达,12月,2.2,1.783,2026-12-23,202612,rule_fourth_wednesday,medium,138.0,98.0,299546.67268133996,-27604.82455925,271941.84812209,327151.49724058993,1323.0,235.0,1558.0,34.0,0.0,34.0,0.702,-0.11759999999999998,0.54085,62988.574708955995,-9784.39392669057,53204.18078226542,72772.96863564657,7698.1004317199995,264243.74769037,564.8193500344462,0.28236236786810326,0.28636363636363626,0.012849584278155708,0.006508422664624809,0.12190305761108844,False
科创50ETF易方达,12月,2.25,1.783,2026-12-23,202612,rule_fourth_wednesday,medium,138.0,98.0,123493.81040374,-16430.61284226,107063.19756148,139924.42324600002,581.0,102.0,683.0,105.0,10.0,115.0,0.55785,-0.18405000000000002,0.58765,25393.10478984534,-6625.274704640599,18767.83008520474,32018.37949448594,20707.314110400002,86355.88345108001,584.3472719136084,0.3044249878221893,0.4723775631248941,0.1393810536262698,-0.00920519394591018,0.08024977441957931,False
科创50ETF易方达,12月,2.3,1.783,2026-12-23,202612,rule_fourth_wednesday,medium,138.0,98.0,125078.39552489998,-19715.4383424,105362.95718249999,144793.83386729998,626.0,152.0,778.0,196.0,0.0,196.0,0.6562,-0.16985000000000003,0.51825,40680.44940714,-7294.489269439733,33385.96013770026,47974.93867657973,39161.9257554,66201.03142709998,459.54654039395075,0.3476141549389171,0.36257928118393234,0.15654952076677317,0.0165016501650165,0.0943356240397869,False
科创50ETF易方达,12月,2.35,1.783,2026-12-23,202612,rule_fourth_wednesday,medium,138.0,98.0,92048.20126003001,-16362.230637870001,75685.97062216,108410.43189790001,491.0,117.0,608.0,52.0,0.0,52.0,0.6154999999999999,-0.20305,0.5148,22309.034521270005,-6222.9799323993,16086.054588870706,28532.014453669304,9748.485673160001,65937.484949,526.9067082585498,0.31134420781059613,0.41575246132208166,0.05295315682281059,0.021231422505307854,0.058203764360944446,False
科创50ETF易方达,12月,2.4,1.783,2026-12-23,202612,rule_fourth_wednesday,medium,138.0,98.0,196683.84646111002,-49236.39521462,147447.45124649,245920.24167573004,1121.0,334.0,1455.0,609.0,90.0,699.0,0.5805,-0.23610000000000003,0.5078,82077.34466949802,-24429.67946929497,57647.66520020305,106507.024138793,93584.14631949003,53863.304927,534.0440069513918,0.4567385698395322,0.4593168564287698,0.40636300993018426,0.09652959862847922,0.16619589177166466,False
科创50ETF易方达,12月,2.45,1.783,2026-12-23,202612,rule_fourth_wednesday,medium,138.0,98.0,720613.3865698798,-126729.10569726,593884.2808726198,847342.4922671398,4398.0,891.0,5289.0,2430.0,348.0,2778.0,0.59205,-0.2487,0.4814,462081.99809415743,-69804.19122754043,392277.806866617,531886.1893216979,348659.21058851987,245225.07028409996,240.7437719414289,0.5960242354590158,0.45283387622149834,0.4715481325303972,0.273693769054637,0.36883680947785413,False
科创50ETF易方达,3月,1.4,1.783,2027-03-24,202703,rule_fourth_wednesday,medium,229.0,163.0,3883.63870418,-95282.00238172,-91398.36367754,99165.6410859,34.0,814.0,848.0,6.0,880.0,886.0,0.26685,0.30005000000000004,0.36375,1050.866943484,-57169.20142903201,-56118.33448554801,58220.068372516005,-94596.6543751,3198.29069756,582.1676926094675,0.4352941176470589,0.6085184481874181,0.6287758346581876,0.08929713140957334,0.12798727870439192,False
科创50ETF易方达,3月,1.45,1.783,2027-03-24,202703,rule_fourth_wednesday,medium,229.0,163.0,486.7821076799999,-25237.515935400002,-24750.733827720003,25724.29804308,4.0,202.0,206.0,0.0,385.0,385.0,0.2675,0.27640000000000003,0.3879,97.35642153599998,-15142.509561240004,-15045.153139704003,15239.865982776004,-25237.515935400002,486.7821076799999,639.645835857013,0.4,0.503414999170517,0.9529702970297029,-0.06086956521739131,0.06255837412218097,False
科创50ETF易方达,3月,1.5,1.783,2027-03-24,202703,rule_fourth_wednesday,medium,229.0,163.0,1543.1298006,-62378.04974103999,-60834.91994043999,63921.17954163999,12.0,484.0,496.0,0.0,30.0,30.0,0.2763,0.251,0.40495000000000003,308.62596012,-14022.173164928,-13713.547204808,14330.799125047999,-3866.4080417999994,-56968.51189863999,634.2735508973121,0.21239669421487606,0.49524779361846566,0.030991735537190084,0.010548523206751054,0.038600041075495535,False
科创50ETF易方达,3月,1.55,1.783,2027-03-24,202703,rule_fourth_wednesday,medium,229.0,163.0,24078.547249560004,-28543.89565896,-4465.348409399994,52622.44290852,108.0,209.0,317.0,75.0,45.0,120.0,0.40790000000000004,0.27095,0.56545,11504.194797012002,-8167.105073712,3337.0897233000014,19671.299870724004,10575.398512950003,-15040.746922349997,618.6707167380825,0.3819510898458267,0.5851080488568745,0.4548777246145667,1.0329161451814768,0.047209774060008196,False
科创50ETF易方达,3月,1.6,1.783,2027-03-24,202703,rule_fourth_wednesday,medium,229.0,163.0,18652.033071899998,-31233.40495296,-12581.371881060004,49885.43802486,82.0,224.0,306.0,50.0,69.0,119.0,0.43635,0.22565,0.5770500000000001,8279.682973379999,-9811.593445017215,-1531.9104716372167,18091.276418397214,1752.186693239997,-14333.558574300001,491.9307695102382,0.3790201247403356,0.61175983436853,0.45889590592334495,0.5989304812834224,0.044765161081894426,False
科创50ETF易方达,3月,1.65,1.783,2027-03-24,202703,rule_fourth_wednesday,medium,229.0,163.0,15157.133370639998,-63151.808212749995,-47994.67484211,78308.94158339,61.0,439.0,500.0,33.0,329.0,362.0,0.4348,0.19380000000000003,0.61705,6311.330944496,-31561.51872865,-25250.187784154,37872.849673146,-39128.13203933,-8866.542802779997,592.8643325300554,0.45808282609507456,0.5316973135622742,0.6452070652376862,0.6412127742946708,0.08229891329722396,False
科创50ETF易方达,3月,1.7,1.783,2027-03-24,202703,rule_fourth_wednesday,medium,229.0,163.0,54820.59220667999,-64840.95357112,-10020.36136444001,119661.5457778,214.0,436.0,650.0,61.0,105.0,166.0,0.43855000000000005,0.15905,0.6368,17214.690636863997,-30177.13801545541,-12962.447378591412,47391.82865231941,11.063229719997253,-10031.424594160002,459.99398267255253,0.3897105658832981,0.4949265502301653,0.2629362085226785,0.1320790886186877,0.08350615678382722,True
科创50ETF易方达,3月,1.75,1.783,2027-03-24,202703,rule_fourth_wednesday,medium,229.0,163.0,43219.39704609999,-27176.855598069997,16042.541448029995,70396.25264416999,170.0,181.0,351.0,36.0,1.0,37.0,0.4507,0.12530000000000002,0.636,14158.427472530311,-5673.639358169635,8484.788114360676,19832.066830699947,9002.194530409999,7040.346917619994,469.09638770312563,0.2681808033896607,0.47740740740740745,0.108644783880403,0.012048192771084338,0.036860414954232194,True
科创50ETF易方达,3月,1.8,1.783,2027-03-24,202703,rule_fourth_wednesday,medium,229.0,163.0,49421.73610332,-15166.289146959998,34255.44695636,64588.02525028,199.0,98.0,297.0,68.0,33.0,101.0,0.45609999999999995,0.09325000000000003,0.634,16639.47898956,-5533.3391723130935,11106.139817246907,22172.818161873096,11780.813689080001,22474.633267280005,580.7070306658461,0.3507640242026462,0.4904697072838665,0.3392216182955594,0.24514866979655714,0.043941154353511785,True
科创50ETF易方达,3月,1.85,1.783,2027-03-24,202703,rule_fourth_wednesday,medium,229.0,163.0,134409.18069434998,-49147.76221329999,85261.41848105,183556.94290764997,541.0,310.0,851.0,7.0,0.0,7.0,0.17925000000000002,0.062049999999999994,0.6401,27577.484393849998,-11616.743795870892,15960.740597979106,39194.22818972089,1739.1206374499998,83522.29784359998,585.6125055661018,0.22076961855150382,0.24117920148560806,0.006469500924214418,0.0,0.07385167710110838,True
科创50ETF易方达,3月,1.9,1.783,2027-03-24,202703,rule_fourth_wednesday,medium,229.0,163.0,73827.983847,-29950.38821434,43877.59563266,103778.37206134,300.0,187.0,487.0,95.0,0.0,95.0,0.18205,0.032299999999999995,0.63895,24117.14139002,-7470.8822854620585,16646.25910455794,31588.023675482058,23378.86155155,20498.734081109997,599.2733998620934,0.2880542924073306,0.4033929033929034,0.15833333333333333,-0.06647398843930635,0.058417825664332845,False
科创50ETF易方达,3月,1.95,1.783,2027-03-24,202703,rule_fourth_wednesday,medium,229.0,163.0,17249.64154133,-3063.0204606099996,14186.621080719999,20312.66200194,107.0,19.0,126.0,0.0,0.0,0.0,0.0001,0.032200000000000006,0.5071,3449.928308266,-800.8602614894671,2649.068046776533,4250.788569755467,0.0,14186.621080719999,602.2359328305874,0.23073047858942086,0.2433385579937305,0.0,0.0,0.012006677382252615,False
科创50ETF易方达,3月,2.0,1.783,2027-03-24,202703,rule_fourth_wednesday,medium,229.0,163.0,159900.07002305,-22050.161303999997,137849.90871905,181950.23132705002,655.0,150.0,805.0,24.0,5.0,29.0,0.48550000000000004,-0.01865,0.61515,23663.582881782673,-6265.793409103362,17397.78947267931,29929.376290886037,5123.92848664,132725.98023241002,462.143034958569,0.21607535476949263,0.4304958116368576,0.03498727735368957,-0.00043166929053882475,0.07649559153896159,False
科创50ETF易方达,3月,2.05,1.783,2027-03-24,202703,rule_fourth_wednesday,medium,229.0,163.0,88474.49194246,-28289.918238749997,60184.57370371,116764.41018121,377.0,175.0,552.0,63.0,0.0,63.0,0.18599999999999997,-0.05185000000000001,0.62335,23608.843207987997,-8057.09885223732,15551.744355750678,31665.942060225316,14784.862048739998,45399.71165496999,614.2738452582175,0.2758240507376693,0.25177905794645883,0.08355437665782493,-0.06060606060606061,0.05876941282680038,False
科创50ETF易方达,3月,2.1,1.783,2027-03-24,202703,rule_fourth_wednesday,medium,229.0,163.0,211537.34504135998,-49176.37401429999,162360.97102706,260713.71905565995,936.0,326.0,1262.0,75.0,9.0,84.0,0.48624999999999996,-0.06904999999999997,0.5927,49087.512118572,-15068.444019442186,34019.068099129814,64155.95613801418,15592.4778183,146768.49320876,529.6485005186618,0.26923380573355987,0.4557468962755306,0.053867783545697656,-0.022935779816513763,0.10984490835844139,False
