underlying,contract_month,strike,underlying_price,expiry,expiry_month,expiry_source,expiry_confidence,days_to_expiry,business_days_to_expiry_estimate,call_gex,put_gex,net_gex,total_abs_gex,call_oi,put_oi,total_oi,call_volume,put_volume,total_volume,avg_iv,avg_delta,avg_gamma,liquidity_adjusted_call_gex,liquidity_adjusted_put_gex,liquidity_adjusted_net_gex,liquidity_adjusted_abs_gex,active_gex,stable_gex,avg_spread_bps,avg_liquidity_score,avg_pricing_quality_score,avg_volume_oi_ratio,avg_oi_change_rate,price_wall_score,in_price_range
上证50ETF华夏,8月,2.75,2.993,2026-08-26,202608,rule_fourth_wednesday,medium,5.0,3.0,61847.89316433,-1324010.3918588,-1262162.4986944702,1385858.28502313,351.0,13660.0,14011.0,62.0,165.0,227.0,0.26195,0.4945,0.15245,31540.360100019614,-230460.41903567695,-198920.05893565735,262000.77913569656,-5068.105802240001,-1257094.39289223,3433.7637494022,0.3420144996794345,0.7987770077456176,0.09435861979785845,-0.04217272851812938,0.4114488520744562,False
上证50ETF华夏,8月,2.8,2.993,2026-08-26,202608,rule_fourth_wednesday,medium,5.0,3.0,21622.938676199996,-5270917.823209799,-5249294.884533599,5292540.761885999,1341.0,24214.0,25555.0,187.0,1676.0,1863.0,0.10825,0.49620000000000003,0.1305,10256.537596264314,-197107.02745391877,-186850.48985765447,207363.56505018307,-361817.3907197999,-4887477.493813799,3446.7353951890036,0.25586558523711506,0.7943298969072166,0.10433216447403149,-0.04598630228145189,0.6562096593340225,False
上证50ETF华夏,8月,2.85,2.993,2026-08-26,202608,rule_fourth_wednesday,medium,5.0,3.0,455633.24628699996,-15912274.706604699,-15456641.4603177,16367907.952891698,1900.0,25394.0,27294.0,811.0,4946.0,5757.0,0.09655,0.4864,0.48360000000000003,214704.38342411348,-2300514.473478567,-2085810.0900544534,2515218.8569026804,-2904756.9451892697,-12551884.515128428,812.1968121968129,0.30789838827032007,0.49862068965517237,0.3108062617360918,-0.0651750940208205,0.796762003549179,True
上证50ETF华夏,8月,2.9,2.993,2026-08-26,202608,rule_fourth_wednesday,medium,5.0,3.0,6909543.316514659,-52938216.01648117,-46028672.69996651,59847759.332995825,8791.0,29293.0,38084.0,7206.0,14001.0,21207.0,0.1442,0.4578,1.4474,5035687.338558537,-18840260.567363236,-13804573.2288047,23875947.905921772,-19638796.2164577,-26389876.483508807,261.6486010933368,0.5423466255465599,0.590566037735849,0.6488329933146396,-0.030770751954868378,0.8961908143155954,True
上证50ETF华夏,8月,2.95,2.993,2026-08-26,202608,rule_fourth_wednesday,medium,5.0,3.0,106185247.15600286,-141179112.5609039,-34993865.40490104,247364359.7169068,22508.0,30689.0,53197.0,31265.0,38688.0,69953.0,0.13224999999999998,0.31805,5.2009,99154643.40560283,-93481310.69004476,5673332.715558067,192635954.09564757,-34993865.40490104,0.0,179.6232376831014,0.7979680765201856,0.7205802968960864,1.324854402186828,-0.01886057389272142,0.9575749025553867,True
上证50ETF华夏,8月,3.0,2.993,2026-08-26,202608,rule_fourth_wednesday,medium,5.0,3.0,585112009.00252,-375332860.76478446,209779148.2377355,960444869.7673044,75764.0,52852.0,128616.0,95452.0,77748.0,173200.0,0.1253,-0.03644999999999998,8.27435,458137778.82552844,-337585706.71743095,120552072.1080975,795723485.5429595,209779148.2377355,0.0,53.42436289712656,0.8412108876625275,0.5383298826777086,1.3654554006633375,-0.07856799552179429,0.9956332513094346,True
上证50ETF华夏,8月,3.1,2.993,2026-08-26,202608,rule_fourth_wednesday,medium,5.0,3.0,163142219.71080542,-48244782.04695401,114897437.66385141,211387001.75775942,125564.0,25674.0,151238.0,42153.0,16437.0,58590.0,0.17265,-0.43784999999999996,1.77405,49329120.18470397,-30906894.526991773,18422225.657712195,80236014.71169575,23881098.269739863,91016339.39411153,639.5652054568908,0.4714977488983474,0.8712308963238331,0.4879644786123003,-0.08222591873461328,0.9754872666091269,True
上证50ETF华夏,8月,3.2,2.993,2026-08-26,202608,rule_fourth_wednesday,medium,5.0,3.0,30890174.737435,-3729498.1799552096,27160676.557479788,34619672.917390205,106102.0,7839.0,113941.0,6367.0,1036.0,7403.0,0.23745,-0.48405000000000004,0.42805000000000004,5202141.726116184,-1769260.4299141862,3432881.296201998,6971402.15603037,1360777.2706914598,25799899.28678833,1540.1136206179858,0.32140201405876284,0.7961051606621228,0.09608400407756532,-0.026831848051285995,0.8907628085350244,False
上证50ETF华夏,8月,3.3,2.993,2026-08-26,202608,rule_fourth_wednesday,medium,5.0,3.0,6145108.742582599,-682731.6130616799,5462377.129520919,6827840.355644278,48790.0,1624.0,50414.0,2570.0,505.0,3075.0,0.3499,-0.48095,0.30495,139991.21828690614,-403544.0083856241,-263552.79009871796,543535.2266725302,111389.30819294997,5350987.821327969,2083.3197190001624,0.30692680202004646,0.7938009787928222,0.18181765978048076,-0.05923552529201699,0.7347245636321731,False
上证50ETF华夏,8月,3.4,2.993,2026-08-26,202608,rule_fourth_wednesday,medium,5.0,3.0,2163086.6549564996,-325678.38154155,1837408.2734149497,2488765.0364980497,26390.0,1557.0,27947.0,1259.0,78.0,1337.0,0.4161,-0.48955000000000004,0.1625,172576.62210580223,-166616.20583890274,5960.416266899498,339192.827944705,86880.08612894997,1750528.1872859995,5067.7757239679595,0.29568997587682005,0.7975339087546239,0.048901902031262205,-0.029587444384391034,0.5611251318618221,False
上证50ETF华夏,8月,3.5,2.993,2026-08-26,202608,rule_fourth_wednesday,medium,5.0,3.0,1664990.4647996996,0.0,1664990.4647996996,1664990.4647996996,28290.0,2149.0,30439.0,963.0,9.0,972.0,0.22524999999999998,-0.4981,0.03285,283602.0494178964,0.0,283602.0494178964,283602.0494178964,56676.76979858999,1608313.6950011097,2059.3002569677797,0.33856366164914287,0.7871485943775101,0.01911414567035791,-0.009046056244377721,0.516748950502079,False
上证50ETF华夏,9月,2.65,2.993,2026-09-23,202609,rule_fourth_wednesday,medium,33.0,23.0,733183.7033516398,-7391673.9342607185,-6658490.230909078,8124857.637612359,1818.0,25818.0,27636.0,44.0,676.0,720.0,0.10985,0.45975,0.3849,283004.18857780535,-357520.85469067487,-74516.66611286951,640525.0432684802,-175793.47021991998,-6482696.760689159,735.2063207214503,0.21718080555400945,0.4217156568686262,0.025192851611445133,0.002694572363524045,0.6609250821650826,False
上证50ETF华夏,9月,2.7,2.993,2026-09-23,202609,rule_fourth_wednesday,medium,33.0,23.0,898079.3486410998,-9257346.733460959,-8359267.38481986,10155426.082102058,1565.0,22072.0,23637.0,118.0,2225.0,2343.0,0.10294999999999999,0.438,0.5544,403281.12882084,-2650881.2906748746,-2247600.1618540348,3054162.4194957144,-865485.6665155798,-7493781.718304278,188.59139182343122,0.3677013824016419,0.3973277074542897,0.08810290631763372,0.013246135853307318,0.7148143138538054,False
上证50ETF华夏,9月,2.75,2.993,2026-09-23,202609,rule_fourth_wednesday,medium,33.0,23.0,1687864.8429211997,-7125724.15065108,-5437859.307729879,8813588.99357228,2195.0,11722.0,13917.0,15.0,1321.0,1336.0,0.09499999999999999,0.40845,0.7685,746409.636497141,-665853.6370130919,80555.99948404904,1412263.273510233,-791492.54009754,-4646366.767632339,322.54239297995946,0.26783242842829214,0.35087345547507454,0.05976389624633548,-0.005354642398521752,0.6409706998769246,False
上证50ETF华夏,9月,2.8,2.993,2026-09-23,202609,rule_fourth_wednesday,medium,33.0,23.0,5014862.02555968,-20480932.549093798,-15466070.52353412,25495794.574653476,5152.0,22371.0,27523.0,715.0,6185.0,6900.0,0.09044999999999999,0.3644,1.0543,2001278.5357183164,-4388150.738986039,-2386872.2032677224,6389429.274704355,-4966477.632139899,-10499592.891394218,273.02191770844746,0.3066624638258739,0.28044871794871795,0.20762753121346375,0.06059140080174536,0.8214863360091775,False
上证50ETF华夏,9月,2.85,2.993,2026-09-23,202609,rule_fourth_wednesday,medium,33.0,23.0,8113519.972476,-36239074.795863025,-28125554.823387027,44352594.76833902,6950.0,27321.0,34271.0,1422.0,10628.0,12050.0,0.0876,0.30335,1.39195,2460548.8508568937,-16376669.311082004,-13916120.460225109,18837218.1619389,-12437112.64763308,-15688442.175753947,231.9046849472455,0.37758582942288793,0.14864864864864868,0.29680455569660885,0.04316680935018195,0.8745557931667722,True
上证50ETF华夏,9月,2.9,2.993,2026-09-23,202609,rule_fourth_wednesday,medium,33.0,23.0,24335655.833502945,-161437974.89612678,-137102319.06262383,185773630.72962973,18295.0,90597.0,108892.0,7382.0,11675.0,19057.0,0.08505,0.2251,1.73705,17205404.84589867,-85516164.25608645,-68310759.41018778,102721569.10198513,-10984698.477213185,-126117620.58541065,56.570449395211625,0.618359622696427,0.0,0.2661828126743478,0.0765965487755466,0.9541396576551214,True
上证50ETF华夏,9月,2.95,2.993,2026-09-23,202609,rule_fourth_wednesday,medium,33.0,23.0,82384240.56285976,-119383741.83279078,-36999501.26993102,201767982.39565054,24514.0,56619.0,81133.0,12718.0,9645.0,22363.0,0.13269999999999998,0.19890000000000002,3.0526999999999997,57174946.56169764,-58483742.84676227,-1308796.2850646302,115658689.4084599,22404481.690434217,-59403982.960365236,94.64205399094818,0.5919418695220018,0.0,0.34457737827812884,0.021343758257543127,0.949920826169239,True
上证50ETF华夏,9月,3.0,2.993,2026-09-23,202609,rule_fourth_wednesday,medium,33.0,23.0,240447195.60894683,-117371535.77630225,123075659.83264458,357818731.3852491,67468.0,53538.0,121006.0,23488.0,15981.0,39469.0,0.14379999999999998,0.026600000000000013,3.21285,156903073.14635786,-64665955.76408734,92237117.38227051,221569028.9104452,48672984.04517368,74402675.78747089,43.31066167593555,0.6017489127818965,0.013687600644122555,0.3233168376298446,0.07615757023960132,0.9798485130852688,True
上证50ETF华夏,9月,3.1,2.993,2026-09-23,202609,rule_fourth_wednesday,medium,33.0,23.0,179618711.5796847,-49495405.145248644,130123306.43443605,229114116.72493336,79122.0,29435.0,108557.0,24177.0,5083.0,29260.0,0.169,-0.22709999999999997,2.20565,76521989.34860463,-22981326.718768507,53540662.62983613,99503316.06737314,46338244.33024508,83785062.10419098,114.57292707292689,0.44516846217125894,0.3721017202692597,0.23912583310341273,0.03513769440070156,0.9641554678790222,True
上证50ETF华夏,9月,3.2,2.993,2026-09-23,202609,rule_fourth_wednesday,medium,33.0,23.0,63698512.85799064,-12622271.220599562,51076241.637391075,76320784.0785902,60322.0,11206.0,71528.0,13750.0,1396.0,15146.0,0.20795,-0.33935,1.2181000000000002,14426158.526569223,-6136056.887188776,8290101.639380447,20562215.413758,12947220.14821104,38129021.489180036,277.7517637510141,0.3563024871019182,0.4946690359840071,0.17625974525682367,-0.036550393945105855,0.9226452884128853,False
上证50ETF华夏,9月,3.3,2.993,2026-09-23,202609,rule_fourth_wednesday,medium,33.0,23.0,18413490.26666638,-4561845.604546559,13851644.66211982,22975335.871212937,33758.0,5632.0,39390.0,7702.0,1189.0,8891.0,0.2497,-0.3856,0.7565500000000001,2908005.6413794467,-1877476.5772824544,1030529.0640969924,4785482.218661901,3238024.7650045995,10613619.89711522,371.3108741041699,0.2847443713434691,0.46159850140493297,0.21963419171852866,-0.031002334682107672,0.8441261749866746,False
上证50ETF华夏,9月,3.4,2.993,2026-09-23,202609,rule_fourth_wednesday,medium,33.0,23.0,8896604.666943118,-1836868.1926407395,7059736.4743023785,10733472.859583858,26583.0,2947.0,29530.0,2630.0,81.0,2711.0,0.30585,-0.39935,0.5347,1340587.3212536264,-930407.5222600134,410179.798993613,2270994.8435136396,829701.8439801799,6230034.630322199,465.29739997625575,0.3286018332551235,0.4430932703659976,0.06321049420143075,-0.015866708715560184,0.743986833055742,False
上证50ETF华夏,9月,3.5,2.993,2026-09-23,202609,rule_fourth_wednesday,medium,33.0,23.0,6962927.286661829,-1418209.38318173,5544717.903480099,8381136.669843559,29079.0,2777.0,31856.0,1594.0,0.0,1594.0,0.36485,-0.4042,0.4187,1545257.9164257178,-722183.4760746736,823074.4403510442,2267441.392500391,381681.1477333799,5163036.7557467185,511.28167918243935,0.36557425836599966,0.7202980895915678,0.027408095188967984,-0.002685045833903407,0.698267195660381,False
上证50ETF华夏,9月,3.6,2.993,2026-09-23,202609,rule_fourth_wednesday,medium,33.0,23.0,14682363.42382248,-1186872.5155226998,13495490.90829978,15869235.93934518,93551.0,2813.0,96364.0,3041.0,45.0,3086.0,0.38475000000000004,-0.42575,0.3231,536375.295157248,-623088.8325663056,-86713.53740905761,1159464.1277235537,458283.2163421799,13037207.6919576,353.9147227056112,0.28075786804309294,0.6445690768237571,0.02425174475246735,-0.01184926624005354,0.8207871774072795,False
上证50ETF华夏,12月,2.7,2.993,2026-12-23,202612,rule_fourth_wednesday,medium,124.0,88.0,1679261.98056405,-9249446.809208838,-7570184.828644788,10928708.789772889,2935.0,16078.0,19013.0,154.0,10048.0,10202.0,0.1002,0.34840000000000004,0.64045,801181.2358015012,-3052144.861266883,-2250963.625465382,3853326.0970683843,-5692361.6005224185,-1877823.2281223696,531.1045281421927,0.403542261916943,0.39978480826550133,0.3387117699002711,0.008670552509600606,0.7546285313858714,False
上证50ETF华夏,12月,2.75,2.993,2026-12-23,202612,rule_fourth_wednesday,medium,124.0,88.0,573449.32757402,-5583411.83781364,-5009962.51023962,6156861.16538766,878.0,8326.0,9204.0,36.0,801.0,837.0,0.10085,0.30989999999999995,0.73885,203889.76920502554,-773201.2790054199,-569311.5098003944,977091.0482104454,-513637.5093669001,-4496325.00087272,569.5360362453922,0.24701581063724942,0.3659795256861692,0.0686034690026084,0.006248259065458031,0.5624484606123518,False
上证50ETF华夏,12月,2.8,2.993,2026-12-23,202612,rule_fourth_wednesday,medium,124.0,88.0,2381370.03277371,-8008863.44433096,-5627493.41155725,10390233.47710467,3267.0,10533.0,13800.0,238.0,967.0,1205.0,0.1011,0.26725,0.83125,1166564.226696041,-1518170.0369327494,-351605.8102367085,2684734.26362879,-561785.2311320999,-5065708.18042515,277.23321431354253,0.33971613951201524,0.3709474856940296,0.08232820597855164,0.012421517081913351,0.6501591551807611,False
上证50ETF华夏,12月,2.85,2.993,2026-12-23,202612,rule_fourth_wednesday,medium,124.0,88.0,1173850.1996914,-5504982.685530799,-4331132.4858393995,6678832.885222199,1474.0,6605.0,8079.0,68.0,599.0,667.0,0.10249999999999998,0.21989999999999998,0.9097,584756.3373237493,-1300692.805304976,-715936.4679812266,1885449.1426287252,-445087.47268223995,-3886045.013157159,358.71287413937216,0.36721399277469474,0.38117283950617287,0.06841092178636102,0.008844941207954905,0.5479141527352445,True
上证50ETF华夏,12月,2.9,2.993,2026-12-23,202612,rule_fourth_wednesday,medium,124.0,88.0,2145836.9462216096,-3548677.363056,-1402840.4168343903,5694514.309277609,2517.0,4032.0,6549.0,468.0,1524.0,1992.0,0.1051,0.16920000000000002,0.9671000000000001,734015.8484498167,-2023973.0198963957,-1289957.171446579,2757988.8683462124,-942327.9899985599,-460512.4268358301,237.387871764421,0.4562054015498117,0.4411764705882354,0.281955914070038,0.03735870735781699,0.5624879366917583,True
上证50ETF华夏,12月,2.95,2.993,2026-12-23,202612,rule_fourth_wednesday,medium,124.0,88.0,5290388.68019424,-2517091.19366046,2773297.48653378,7807479.8738547005,2576.0,2822.0,5398.0,585.0,653.0,1238.0,0.1493,0.18180000000000002,1.6441500000000002,1689871.5199101774,-859720.0099822541,830151.5099279233,2549591.5298924316,618982.2844166101,2154315.20211717,451.5131569640831,0.33048796367251904,0.4945750452079566,0.2292462231094638,0.10990915076421195,0.5500382450084096,True
上证50ETF华夏,12月,3.0,2.993,2026-12-23,202612,rule_fourth_wednesday,medium,124.0,88.0,29330562.81952974,-6479445.974287549,22851116.845242187,35810008.79381729,14514.0,7205.0,21719.0,2482.0,1152.0,3634.0,0.16075,0.08360000000000001,1.6299000000000001,10494659.326099982,-3504886.0843271874,6989773.241772795,13999545.41042717,3979748.5347899,18871368.31045229,229.35114970203182,0.4493650007628829,0.4707174231332357,0.16544813464460406,0.0563113034548522,0.8015866697468511,True
上证50ETF华夏,12月,3.1,2.993,2026-12-23,202612,rule_fourth_wednesday,medium,124.0,88.0,17871514.6859319,-4371061.91429102,13500452.771640878,22242576.60022292,10455.0,5294.0,15749.0,1371.0,390.0,1761.0,0.18105000000000002,-0.06374999999999997,1.41495,4308517.208525918,-1721946.170679692,2586571.0378462262,6030463.379205611,2021544.2850880797,11478908.4865528,362.6429967070896,0.31751261584528134,0.4030686799805163,0.10240086636071588,0.031054170815228627,0.7264767455306845,True
上证50ETF华夏,12月,3.2,2.993,2026-12-23,202612,rule_fourth_wednesday,medium,124.0,88.0,16273407.075317467,-2831802.325391799,13441604.749925667,19105209.400709264,12701.0,3895.0,16596.0,1704.0,320.0,2024.0,0.20115,-0.1674,1.12095,7227966.501021482,-1158507.9659446909,6069458.535076791,8386474.466966173,1950632.3692040795,11490972.380721588,227.31131751691532,0.426632192370202,0.3716144917340837,0.10815963769846591,0.03297725513390108,0.7296168223569037,False
上证50ETF华夏,12月,3.3,2.993,2026-12-23,202612,rule_fourth_wednesday,medium,124.0,88.0,9548141.6659721,-2202247.48280392,7345894.18316818,11750389.14877602,10414.0,3464.0,13878.0,3174.0,15.0,3189.0,0.2196,-0.23989999999999997,0.8666,4500402.923065609,-758643.6843264969,3741759.2387391124,5259046.607392106,2900565.65322315,4445328.529945031,234.05460236855095,0.40791210708644565,0.3644251626898046,0.15455613911988259,0.011242022582228768,0.7047303236721838,False
上证50ETF华夏,12月,3.4,2.993,2026-12-23,202612,rule_fourth_wednesday,medium,124.0,88.0,6102191.267306539,-1159069.5980023798,4943121.6693041595,7261260.865308919,9401.0,2118.0,11519.0,3271.0,43.0,3314.0,0.24395,-0.2832,0.6677500000000001,2069720.9950998437,-577736.3437644307,1491984.651335413,2647457.3388642743,2099675.22391971,2843446.4453844503,526.06165593935,0.4188125231817743,0.3582234709314891,0.18412194009457336,-0.0020412297345658585,0.6489652907647191,False
上证50ETF华夏,12月,3.5,2.993,2026-12-23,202612,rule_fourth_wednesday,medium,124.0,88.0,10498928.831221849,-857601.0605272499,9641327.770694599,11356529.891749099,22051.0,1755.0,23806.0,11558.0,3.0,11561.0,0.26244999999999996,-0.31534999999999996,0.5385,7471974.911915192,-389237.9864129157,7082736.925502277,7861212.898328108,5501532.49295845,4139795.2777361493,134.31281725402488,0.5827788107412171,0.3737969856546215,0.2629289832001727,0.015032028126495131,0.7743912413296581,False
上证50ETF华夏,3月,2.8,2.993,2027-03-24,202703,rule_fourth_wednesday,medium,215.0,153.0,191103.49260484,-2306258.4043575297,-2115154.9117526896,2497361.89696237,316.0,3899.0,4215.0,89.0,687.0,776.0,0.106,0.24605000000000002,0.6677,67782.90410731023,-946831.135313142,-879048.2312058317,1014614.0394204522,-352537.0311167799,-1762617.8806359097,302.85236803284624,0.3826203579093322,0.4378048780487804,0.22892229750568954,0.15144241604687853,0.3980329068840065,False
上证50ETF华夏,3月,2.85,2.993,2027-03-24,202703,rule_fourth_wednesday,medium,215.0,153.0,346645.59103094996,-1202040.7319919497,-855395.1409609998,1548686.3230228997,535.0,1945.0,2480.0,13.0,185.0,198.0,0.10885,0.20765,0.7066,72698.383763874,-334565.8783268044,-261867.49456293037,407264.2620906784,-105909.75920013998,-749485.3817608599,510.7905410775014,0.24402559566636373,0.40262901655306726,0.05970737332724695,-0.005012387070258093,0.29386795355677126,True
上证50ETF华夏,3月,2.9,2.993,2027-03-24,202703,rule_fourth_wednesday,medium,215.0,153.0,482192.4282841599,-861040.8617627599,-378848.43347859994,1343233.2900469198,704.0,1358.0,2062.0,74.0,95.0,169.0,0.1119,0.16860000000000003,0.7362,116712.48548241598,-204702.49791625573,-87990.01243383974,321414.9833986717,-9549.817716939993,-369298.61576166,651.3098464317975,0.23989193952891452,0.37628865979381454,0.08753472687106709,-0.0074230774362874785,0.26645046130724065,True
上证50ETF华夏,3月,2.95,2.993,2027-03-24,202703,rule_fourth_wednesday,medium,215.0,153.0,851572.0248087799,-596193.8139850199,255378.21082376002,1447765.8387937997,506.0,919.0,1425.0,118.0,55.0,173.0,0.1451,0.21719999999999998,1.30145,249749.581979492,-133511.084785764,116238.49719372802,383260.66676525597,162907.13757244003,92471.07325132005,567.5487101827553,0.25860984830564243,0.3715719063545151,0.14652462076410602,0.11190268065268065,0.254808496020751,True
上证50ETF华夏,3月,3.0,2.993,2027-03-24,202703,rule_fourth_wednesday,medium,215.0,153.0,2067312.5698779,-697201.10170893,1370111.46816897,2764513.67158683,1215.0,1071.0,2286.0,58.0,8.0,66.0,0.1582,0.12384999999999999,1.31305,903511.9499600227,-141523.360888442,761988.5890715807,1045035.3108484647,93478.67460284001,1276632.79356613,376.1873270528472,0.3200172357810165,0.3607809847198643,0.027603140021440677,-0.0046930665935872844,0.31972538856849375,True
上证50ETF华夏,3月,3.1,2.993,2027-03-24,202703,rule_fourth_wednesday,medium,215.0,153.0,3105613.8719648193,-248193.94510624997,2857419.9268585695,3353807.817071069,2038.0,403.0,2441.0,202.0,39.0,241.0,0.17665000000000003,-0.0032999999999999974,1.1943000000000001,921496.4576381904,-108464.50482420622,813031.9528139841,1029960.9624623966,283799.6816275299,2573620.2452310394,340.388558111294,0.3668673484522419,0.3247549019607843,0.09794548735319256,0.050051013558866965,0.37482374177287003,True
上证50ETF华夏,3月,3.2,2.993,2027-03-24,202703,rule_fourth_wednesday,medium,215.0,153.0,1033230.68803096,-83124.15534423,950106.53268673,1116354.8433751902,844.0,143.0,987.0,130.0,3.0,133.0,0.19135,-0.09699999999999998,1.0077500000000001,201422.85450714137,-36021.68697259777,165401.1675345436,237444.54147973913,157403.04352537,792703.4891613601,567.8063261695102,0.31414635689296333,0.32412698412698415,0.08750372849898917,-0.00861760156313604,0.21565259271468806,False
上证50ETF华夏,3月,3.3,2.993,2027-03-24,202703,rule_fourth_wednesday,medium,215.0,153.0,876770.65832382,-53112.27252099999,823658.38580282,929882.93084482,906.0,98.0,1004.0,39.0,1.0,40.0,0.20365,-0.16874999999999998,0.84265,190450.844986896,-17992.047850617095,172458.7971362789,208442.8928375131,37199.82134083,786458.56446199,503.99339693637216,0.27798677126679494,0.3323076923076923,0.026625219624273548,-0.012378902045209902,0.18059081854847414,False
上证50ETF华夏,3月,3.4,2.993,2027-03-24,202703,rule_fourth_wednesday,medium,215.0,153.0,715618.2233894999,-22423.967417779997,693194.25597172,738042.1908072799,950.0,47.0,997.0,27.0,2.0,29.0,0.22319999999999998,-0.21935,0.68675,151259.093954328,-10509.889365706473,140749.20458862153,161768.9833200345,19384.41181159,673809.84416013,526.0403790688096,0.3400292122358074,0.3166632295318623,0.035487122060470326,0.003711558854718982,0.1579119679470808,False
上证50ETF华夏,3月,3.5,2.993,2027-03-24,202703,rule_fourth_wednesday,medium,215.0,153.0,1073888.76418824,-28953.13101192,1044935.63317632,1102841.89520016,1848.0,67.0,1915.0,521.0,4.0,525.0,0.24059999999999998,-0.25495,0.56555,264288.208848924,-8064.80948931497,256223.39935960906,272353.018338239,301029.05559119,743906.5775851301,347.4516692457675,0.26232547750191826,0.3213231463795798,0.17081394973186018,0.0019969054042011988,0.27228411883579795,False
沪深300ETF华泰柏瑞,8月,4.2,4.68,2026-08-26,202608,rule_fourth_wednesday,medium,5.0,3.0,3079.0393919999997,-1627131.924288,-1624052.884896,1630210.96368,426.0,13732.0,14158.0,152.0,1340.0,1492.0,0.1583,0.49825,0.0287,1869.594809689679,-269044.1570182737,-267174.56220858404,270913.7518279634,-157680.634176,-1466372.25072,5084.70145351877,0.3862746921777786,0.783161439696906,0.22719490063988163,-0.04023111764494691,0.4810715563909421,False
沪深300ETF华泰柏瑞,8月,4.3,4.68,2026-08-26,202608,rule_fourth_wednesday,medium,5.0,3.0,95690.70950399998,-3729419.7707519997,-3633729.061248,3825110.4802559996,984.0,13866.0,14850.0,310.0,5371.0,5681.0,0.13749999999999998,0.4954,0.08360000000000001,46698.79894695313,-876190.40810496,-829491.6091580068,922889.2070519131,-1414445.602752,-2219283.458496,2531.8133616118776,0.36147912437149976,0.48436671966083744,0.35119550189443915,-0.08078901696802646,0.6252060585899014,False
沪深300ETF华泰柏瑞,8月,4.4,4.68,2026-08-26,202608,rule_fourth_wednesday,medium,5.0,3.0,976012.1205119999,-18449738.955647998,-17473726.835135996,19425751.07616,1452.0,20636.0,22088.0,401.0,6116.0,6517.0,0.12755,0.4778,0.35755000000000003,536479.0184844545,-3663197.6365670394,-3126718.618082585,4199676.655051494,-5198500.253231999,-12275226.581903998,688.7378066804606,0.37410720303426725,0.5324057287889774,0.2862730327112959,0.029297488192758,0.7908400770426133,False
沪深300ETF华泰柏瑞,8月,4.5,4.68,2026-08-26,202608,rule_fourth_wednesday,medium,5.0,3.0,12622819.203071997,-54490661.18495999,-41867841.981887996,67113480.38803199,5059.0,24596.0,29655.0,4953.0,20520.0,25473.0,0.1034,0.42434999999999995,1.07535,9295005.084962929,-18486956.949552,-9191951.86458907,27781962.034514926,-33102241.301376,-8765600.680511996,637.5740864235455,0.5378167889935227,0.447075208913649,0.9066646198053729,0.031095208946963798,0.891978068252476,True
沪深300ETF华泰柏瑞,8月,4.6,4.68,2026-08-26,202608,rule_fourth_wednesday,medium,5.0,3.0,147713803.81430396,-216424519.788672,-68710715.97436804,364138323.60297596,23758.0,36108.0,59866.0,55751.0,68830.0,124581.0,0.153,0.3255,2.78765,118071739.65392098,-141210319.39297923,-23138579.739058256,259282059.0469002,-68710715.97436804,0.0,173.87695819068352,0.7258984334474532,0.3060538116591929,2.1264229265044143,-0.03189393915285159,0.9703033783807677,True
沪深300ETF华泰柏瑞,8月,4.7,4.68,2026-08-26,202608,rule_fourth_wednesday,medium,5.0,3.0,589289988.7143359,-292175953.67001593,297114035.04432,881465942.3843518,52857.0,32194.0,85051.0,101528.0,81787.0,183315.0,0.1431,-0.07339999999999997,4.6169,564123087.8514123,-245022300.05000144,319100787.80141085,809145387.9014137,297114035.04432,0.0,43.01393559010006,0.8979524878915564,0.12606837606837618,2.230623754904906,-0.07161140958836262,0.985861343563177,True
沪深300ETF华泰柏瑞,8月,4.8,4.68,2026-08-26,202608,rule_fourth_wednesday,medium,5.0,3.0,240156777.6990719,-74426469.21964799,165730308.47942394,314583246.9187199,56984.0,15958.0,72942.0,37988.0,38737.0,76725.0,0.16720000000000002,-0.3735,2.0267999999999997,132884502.6149223,-57807698.11794431,75076804.49697798,190692200.73286662,85672429.96665595,80057878.51276797,172.8902953586496,0.6650164173702473,0.44761904761904764,1.5470388919446467,-0.16478238960750152,0.97241679477458,True
沪深300ETF华泰柏瑞,8月,4.9,4.68,2026-08-26,202608,rule_fourth_wednesday,medium,5.0,3.0,33107171.531616,-12137815.742831998,20969355.788784,45244987.27444799,39221.0,5127.0,44348.0,6613.0,4575.0,11188.0,0.21685,-0.44215,0.73315,3704292.0914688003,-10263716.375566257,-6559424.284097457,13968008.467035057,-5248838.539151997,26218194.327935997,1180.6958473625139,0.4787431036574262,0.48348951360999565,0.5304716760908154,-0.12246289513589603,0.8839546811230555,True
沪深300ETF华泰柏瑞,8月,5.0,4.68,2026-08-26,202608,rule_fourth_wednesday,medium,5.0,3.0,6004348.904736,-2978551.6188479997,3025797.2858880004,8982900.523584,33189.0,2146.0,35335.0,4224.0,1369.0,5593.0,0.2581,-0.46625,0.35815,682804.655509686,-2264588.689383463,-1581784.033873777,2947393.344893149,-1135930.522896,4161727.808784,5028.046120286694,0.4370084861034478,0.48508390304536986,0.3826010591377908,-0.11766287839006459,0.7610025789419989,False
沪深300ETF华泰柏瑞,8月,5.25,4.68,2026-08-26,202608,rule_fourth_wednesday,medium,5.0,3.0,2243774.503152,-1008621.9467999998,1235152.556352,3252396.449952,19663.0,1455.0,21118.0,698.0,549.0,1247.0,0.42515000000000003,-0.47440000000000004,0.1843,215441.4821746909,-722224.9665569998,-506783.4843823089,937666.4487316908,-300922.98724799993,1536075.5436,3355.131223297584,0.40603432520780547,0.7893393918210416,0.2064088656752884,-0.09713503838089557,0.5660402415337545,False
沪深300ETF华泰柏瑞,8月,5.5,4.68,2026-08-26,202608,rule_fourth_wednesday,medium,5.0,3.0,634062.8717279999,0.0,634062.8717279999,634062.8717279999,15481.0,800.0,16281.0,2478.0,13.0,2491.0,0.20829999999999999,-0.4993,0.00935,156539.98722157712,0.0,156539.98722157712,156539.98722157712,101492.65526399999,532570.2164639999,3394.2272561198383,0.37797686902392635,0.7929647000740558,0.08815858956139785,0.014030710070782304,0.4317445946483009,False
沪深300ETF华泰柏瑞,8月,5.75,4.68,2026-08-26,202608,rule_fourth_wednesday,medium,5.0,3.0,332741.2608,-976227.6401279998,-643486.3793279999,1308968.9009279998,7596.0,2076.0,9672.0,62.0,44.0,106.0,0.79315,-0.4643,0.11735,16354.287216359107,-512333.9293650155,-495979.64214865636,528688.2165813745,-17974.861631999996,-625511.5176959998,3385.6257976157126,0.28698003109287334,0.783299501753091,0.014678397818139757,-0.006437303986929332,0.35866422489738037,False
沪深300ETF华泰柏瑞,8月,6.0,4.68,2026-08-26,202608,rule_fourth_wednesday,medium,5.0,3.0,231361.183872,-649125.371232,-417764.18736,880486.5551039999,11608.0,2061.0,13669.0,296.0,14.0,310.0,0.8548,-0.47715,0.07645,35634.26964134832,-343674.2875329147,-308040.0178915664,379308.55717426306,1490.2392959999997,-419254.426656,3379.1302373112294,0.3417310840632245,0.7914091936699323,0.01614623721497764,-0.07410695364797186,0.37677468846250817,False
沪深300ETF华泰柏瑞,9月,4.0,4.68,2026-09-23,202609,rule_fourth_wednesday,medium,33.0,23.0,564374.4724799999,-9596310.965279998,-9031936.4928,10160685.437759997,1405.0,31981.0,33386.0,43.0,603.0,646.0,0.1338,0.47109999999999996,0.1602,286946.6757710776,-421331.92902981804,-134385.25325874047,708278.6048008956,-163665.245952,-8868271.246847998,377.38054346996387,0.2761693688718618,0.4411144578313254,0.024729963665036436,0.004018183691999544,0.6881670669692594,False
沪深300ETF华泰柏瑞,9月,4.1,4.68,2026-09-23,202609,rule_fourth_wednesday,medium,33.0,23.0,238950.80352000002,-16003391.564159997,-15764440.760639997,16242342.367679996,380.0,33890.0,34270.0,18.0,1417.0,1435.0,0.12645,0.45095,0.25135,121123.81023852699,-2401437.4255872,-2280313.615348673,2522561.235825727,-657810.9869759998,-15106629.773663996,712.2323609891571,0.328478278751225,0.3995846126061044,0.044590082464940756,-0.0029126993072206846,0.7534646560176519,False
沪深300ETF华泰柏瑞,9月,4.2,4.68,2026-09-23,202609,rule_fourth_wednesday,medium,33.0,23.0,2036317.5986399997,-19961063.473103993,-17924745.874463994,21997381.07174399,2243.0,27459.0,29702.0,49.0,4233.0,4282.0,0.11829999999999999,0.4212,0.3732,988061.5329727504,-4225015.439704799,-3236953.906732049,5213076.972677549,-3032654.927327999,-14892090.947135994,391.66449546372473,0.34844130052682043,0.3606845107503291,0.08800142463443694,0.020571851036759396,0.8071747543412999,False
沪深300ETF华泰柏瑞,9月,4.3,4.68,2026-09-23,202609,rule_fourth_wednesday,medium,33.0,23.0,2316937.71816,-26318477.532671995,-24001539.814511996,28635415.250831995,1905.0,23328.0,25233.0,136.0,4603.0,4739.0,0.11305,0.37585,0.5352,1177215.1924551819,-11957340.240166007,-10780125.047710825,13134555.432621188,-5027661.971279999,-18973877.843231995,109.89297277070072,0.481211758289643,0.30297602645356847,0.1343538028039705,0.014862042172513657,0.809581545641436,False
沪深300ETF华泰柏瑞,9月,4.4,4.68,2026-09-23,202609,rule_fourth_wednesday,medium,33.0,23.0,5003360.163359999,-48319653.85228799,-43316293.68892799,53323014.01564799,3294.0,29074.0,32368.0,826.0,11325.0,12151.0,0.10669999999999999,0.3146,0.7261500000000001,2777430.3687161366,-31650702.493989073,-28873272.125272937,34428132.86270521,-17566992.94896,-25749300.739967994,112.06606325386286,0.6050702642809029,0.20650199782055922,0.32014112054331645,0.024388781725832722,0.8769204470046498,False
沪深300ETF华泰柏瑞,9月,4.5,4.68,2026-09-23,202609,rule_fourth_wednesday,medium,33.0,23.0,14370133.100543998,-84944025.35423997,-70573892.25369596,99314158.45478398,8088.0,37120.0,45208.0,3329.0,14984.0,18313.0,0.10305,0.23135,0.9279999999999999,9615467.432523472,-52484855.382835224,-42869387.95031175,62100322.8153587,-28374117.647615988,-42199774.60607997,66.1042215574792,0.6435022003658043,0.026315789473684126,0.4076306106961356,0.015649344135849525,0.9144308121474327,True
沪深300ETF华泰柏瑞,9月,4.6,4.68,2026-09-23,202609,rule_fourth_wednesday,medium,33.0,23.0,73014648.83856,-104382172.75075199,-31367523.912191987,177396821.589312,16434.0,37591.0,54025.0,13900.0,21859.0,35759.0,0.15865,0.19305000000000003,1.6481500000000002,63175074.42868816,-61770626.519753814,1404447.9089343473,124945700.94844198,1058564.4563520104,-32426088.368543997,52.25382276438865,0.7285060352493367,0.0,0.7136515215309069,-0.008587573854451296,0.943688272609206,True
沪深300ETF华泰柏瑞,9月,4.7,4.68,2026-09-23,202609,rule_fourth_wednesday,medium,33.0,23.0,178158448.200096,-89776788.16204798,88381660.03804803,267935236.362144,36843.0,31008.0,67851.0,22845.0,17604.0,40449.0,0.16885,0.00965000000000002,1.76485,135902302.90010494,-53904058.9479475,81998243.95215744,189806361.84805244,59501074.79721602,28880585.24083201,62.514477646513456,0.6816200861463826,0.07593360995850618,0.5938939854737981,0.04011970381585484,0.9593024619783788,True
沪深300ETF华泰柏瑞,9月,4.8,4.68,2026-09-23,202609,rule_fourth_wednesday,medium,33.0,23.0,179899472.60438398,-43417027.86407999,136482444.740304,223316500.46846396,44771.0,16515.0,61286.0,24097.0,6262.0,30359.0,0.17945,-0.14855,1.51745,140337657.2419544,-24570373.166628603,115767284.07532579,164908030.408583,80364456.042624,56117988.69768,40.08986395793004,0.6730024575840264,0.2693138843868178,0.4586991609124708,0.023057229795570414,0.9491325264157752,True
沪深300ETF华泰柏瑞,9月,4.9,4.68,2026-09-23,202609,rule_fourth_wednesday,medium,33.0,23.0,107254703.61216,-19219300.805951998,88035402.806208,126474004.418112,38760.0,8934.0,47694.0,17493.0,1417.0,18910.0,0.19515,-0.262,1.1228,66064400.30659872,-10148335.098804824,55916065.2077939,76212735.40540355,45357414.702911995,42677988.103296,112.48934541699683,0.571993194881041,0.4012392039053697,0.30496167803659585,0.03185416701179321,0.9186116757148406,True
沪深300ETF华泰柏瑞,9月,5.0,4.68,2026-09-23,202609,rule_fourth_wednesday,medium,33.0,23.0,72833673.24979198,-18813137.443775997,54020535.80601598,91646810.69356798,43663.0,10844.0,54507.0,9176.0,376.0,9552.0,0.2136,-0.33209999999999995,0.77685,31283458.099843614,-7389512.856000859,23893945.243842755,38672970.95584448,14654046.026879996,39366489.77913598,113.3241391107253,0.4111519378431576,0.4712676056338027,0.12241430169113318,-0.000712957174450502,0.9104934301448621,False
沪深300ETF华泰柏瑞,9月,5.25,4.68,2026-09-23,202609,rule_fourth_wednesday,medium,33.0,23.0,15103824.952320002,-8195910.933599999,6907914.018720003,23299735.885920003,29724.0,7598.0,37322.0,2876.0,393.0,3269.0,0.27765,-0.3977,0.36225,2456220.1263768896,-4298337.7330791,-1842117.6067022104,6754557.85945599,1037471.7880800002,5870442.230640002,248.82962122286884,0.3435357223139732,0.46093880972338647,0.0742404837145416,-0.02012669430790856,0.8133473746678681,False
沪深300ETF华泰柏瑞,9月,5.5,4.68,2026-09-23,202609,rule_fourth_wednesday,medium,33.0,23.0,5219694.548639999,-3855641.5497599994,1364052.9988799994,9075336.098399999,18546.0,4970.0,23516.0,1413.0,487.0,1900.0,0.3691,-0.40695,0.24135,1108108.5612479998,-2125890.0587612884,-1017781.4975132886,3233998.620009288,19876.64702399989,1344176.3518559989,509.4353795882452,0.3818325235118452,0.4403316207379729,0.08708843159246649,0.004388760775518287,0.6937522843426188,False
沪深300ETF华泰柏瑞,9月,5.75,4.68,2026-09-23,202609,rule_fourth_wednesday,medium,33.0,23.0,4468960.877471999,-857116.2562559998,3611844.6212159996,5326077.133727999,23534.0,1422.0,24956.0,591.0,200.0,791.0,0.43184999999999996,-0.42255000000000004,0.18095,527122.953687244,-499309.8618334533,27813.091853790684,1026432.8155206973,-8323.569071999984,3620168.190288,278.6284766237864,0.3502491345274551,0.8103161613799912,0.0828797895662104,-0.04327149429564467,0.6211112063772698,False
沪深300ETF华泰柏瑞,9月,6.0,4.68,2026-09-23,202609,rule_fourth_wednesday,medium,33.0,23.0,4124347.6397759994,-636423.5123999999,3487924.1273759995,4760771.152175999,31542.0,1325.0,32867.0,1132.0,148.0,1280.0,0.47909999999999997,-0.4374,0.1395,554128.6348915199,-368275.5680321865,185853.06685933343,922404.2029237064,76929.98975999998,3410994.137615999,326.9736248214491,0.3565098826347086,0.4667189015745094,0.07379338480109779,-0.0327187306716529,0.6419171229810106,False
沪深300ETF华泰柏瑞,12月,4.2,4.68,2026-12-23,202612,rule_fourth_wednesday,medium,124.0,88.0,674155.8719999999,-6406972.181999999,-5732816.31,7081128.053999999,810.0,7549.0,8359.0,95.0,6824.0,6919.0,0.1184,0.3243,0.38375000000000004,276696.5786129613,-4650812.882042685,-4374116.303429724,4927509.4606556455,-5712583.967999999,-20232.341999999946,125.46029915607915,0.5681664229860166,0.4149337045115372,0.5106223700629141,-0.002880540755136234,0.6423192504089188,False
沪深300ETF华泰柏瑞,12月,4.3,4.68,2026-12-23,202612,rule_fourth_wednesday,medium,124.0,88.0,3202335.2293919995,-8180053.595999999,-4977718.366607999,11382388.825391999,3379.0,8250.0,11629.0,56.0,2686.0,2742.0,0.1168,0.2802,0.4427,1546288.6916327218,-3545578.642391059,-1999289.9507583373,5091867.334023781,-2610155.0030399994,-2367563.3635679996,150.34666178620859,0.4581524122016034,0.3597319894767076,0.17107435407642568,0.011672925593575531,0.6795717055181063,False
沪深300ETF华泰柏瑞,12月,4.4,4.68,2026-12-23,202612,rule_fourth_wednesday,medium,124.0,88.0,2911817.196288,-6654773.526335999,-3742956.3300479995,9566590.722624,2772.0,5974.0,8746.0,111.0,712.0,823.0,0.1175,0.22915,0.49410000000000004,1347680.5637171618,-3251131.333900108,-1903450.7701829462,4598811.897617269,-676537.977024,-3066418.3530239994,195.19867322333792,0.47568634480661975,0.33618361836183625,0.0796132084632252,-0.0018908504815214723,0.594694871730319,False
沪深300ETF华泰柏瑞,12月,4.5,4.68,2026-12-23,202612,rule_fourth_wednesday,medium,124.0,88.0,3063364.2823679997,-6793228.2337919995,-3729863.951424,9856592.51616,2698.0,5628.0,8326.0,444.0,910.0,1354.0,0.11879999999999999,0.17425000000000002,0.5347500000000001,1550753.2401114972,-3455176.966951475,-1904423.7268399778,5005930.207062973,-594280.8855360001,-3135583.065888,143.71409993784545,0.5074231547385057,0.38247282608695643,0.16312894386481236,-0.022395232058380246,0.6112604520302696,True
沪深300ETF华泰柏瑞,12月,4.6,4.68,2026-12-23,202612,rule_fourth_wednesday,medium,124.0,88.0,9735714.046656001,-5365798.888319999,4369915.158336002,15101512.934976,3298.0,4295.0,7593.0,745.0,1017.0,1762.0,0.1652,0.18364999999999998,0.9591000000000001,5180483.793046723,-2882516.989007453,2297966.80403927,8063000.782054177,928692.8614080003,3441222.2969280025,197.34963220883853,0.5346565828503649,0.4417225373904074,0.23134072154358903,-0.0010323844402407422,0.6444534181999108,True
沪深300ETF华泰柏瑞,12月,4.7,4.68,2026-12-23,202612,rule_fourth_wednesday,medium,124.0,88.0,15960324.875039997,-6480982.581839999,9479342.293199997,22441307.456879996,5405.0,5165.0,10570.0,1235.0,665.0,1900.0,0.17855000000000001,0.07150000000000001,0.96055,10495794.145160047,-3181241.5891460227,7314552.556014025,13677035.734306071,2812374.386639999,6666967.906559998,121.51349945877783,0.5742378698285842,0.48466505246166264,0.17862167348901603,0.04850489832398151,0.6986793590218398,True
沪深300ETF华泰柏瑞,12月,4.8,4.68,2026-12-23,202612,rule_fourth_wednesday,medium,124.0,88.0,19710786.281471994,-5730921.752399998,13979864.529071996,25441708.033871993,7424.0,4685.0,12109.0,1154.0,460.0,1614.0,0.19014999999999999,-0.018949999999999995,0.88535,10297045.02587904,-2755472.0284132925,7541572.997465748,13052517.054292332,2501185.744511999,11478678.784559995,186.39785538540602,0.5016072175685383,0.4796774193548388,0.12681375469215767,0.010472774089853601,0.7063672733669547,True
沪深300ETF华泰柏瑞,12月,4.9,4.68,2026-12-23,202612,rule_fourth_wednesday,medium,124.0,88.0,22020144.674111996,-5182234.435872,16837910.238239996,27202379.109983996,9517.0,4558.0,14075.0,1428.0,328.0,1756.0,0.20400000000000001,-0.09255000000000002,0.78775,10471918.405956147,-2463926.535578186,8007991.870377962,12935844.941534333,2931142.121856,13906768.116384,169.44972773193624,0.47550861855731397,0.43259297520661155,0.11100433519049052,0.000985611433522245,0.7281283691167275,True
沪深300ETF华泰柏瑞,12月,5.0,4.68,2026-12-23,202612,rule_fourth_wednesday,medium,124.0,88.0,32602551.186815996,-5122119.794687999,27480431.392128,37724670.98150399,16712.0,4808.0,21520.0,2110.0,314.0,2424.0,0.2151,-0.15300000000000002,0.68855,17465549.324729476,-2431933.142345121,15033616.182384355,19897482.467074595,3781772.2013759995,23698659.190751996,118.91387530779787,0.5052507457502426,0.41314655172413794,0.09578220119809891,-0.00027086281798332086,0.7863394543291661,False
沪深300ETF华泰柏瑞,12月,5.25,4.68,2026-12-23,202612,rule_fourth_wednesday,medium,124.0,88.0,12757978.475424,-2479537.4123519994,10278441.063072,15237515.887775999,10759.0,2772.0,13531.0,1574.0,1.0,1575.0,0.24095,-0.2583,0.4749,6158136.711592077,-1144871.5474721054,5013265.164119972,7303008.259064183,1865548.3092479997,8412892.753824,133.9036288585284,0.4722084718203492,0.3983989226395332,0.07332843726792979,0.005649497106814977,0.686730721151098,False
沪深300ETF华泰柏瑞,12月,5.5,4.68,2026-12-23,202612,rule_fourth_wednesday,medium,124.0,88.0,8168739.91128,-1002166.2143999998,7166573.69688,9170906.12568,11423.0,1395.0,12818.0,3002.0,50.0,3052.0,0.2806,-0.3087,0.32725000000000004,3617331.7648579674,-490513.16461157374,3126818.6002463936,4107844.929469541,2110850.3707199995,5055723.326159999,241.98693428037865,0.46613953466091973,0.37857847976308007,0.1493227052130566,0.010365472254490216,0.6733558208968773,False
沪深300ETF华泰柏瑞,12月,5.75,4.68,2026-12-23,202612,rule_fourth_wednesday,medium,124.0,88.0,4086228.9218399995,-732115.7550719997,3354113.1667679995,4818344.6769119995,9123.0,1244.0,10367.0,7456.0,0.0,7456.0,0.3278,-0.33135000000000003,0.23659999999999998,1727854.1852969576,-360816.0514712962,1367038.1338256614,2088670.2367682538,3339572.8204799993,14540.346288000233,279.7408526635052,0.4578441398874713,0.3658847526772054,0.40863750959114326,-0.008512013791617283,0.6293285762533292,False
沪深300ETF华泰柏瑞,12月,6.0,4.68,2026-12-23,202612,rule_fourth_wednesday,medium,124.0,88.0,5422637.8065599995,-601343.7524639999,4821294.054095999,6023981.559024,17559.0,1157.0,18716.0,10859.0,10.0,10869.0,0.35475,-0.35424999999999995,0.18914999999999998,1514931.64123392,-305928.91152631154,1209002.7297076085,1820860.5527602313,3348320.63904,1472973.415056,385.2838754290929,0.394056932447892,0.38782985987623586,0.31353616893443775,-0.009113782499301091,0.7025968618007881,False
沪深300ETF华泰柏瑞,3月,4.2,4.68,2027-03-24,202703,rule_fourth_wednesday,medium,215.0,153.0,751726.5069599999,-1884484.2481920002,-1132757.7412320003,2636210.755152,1023.0,2632.0,3655.0,124.0,509.0,633.0,0.12175,0.2973,0.33120000000000005,366885.4146268234,-969204.0600501723,-602318.6454233489,1336089.4746769955,-273320.268624,-859437.4726080003,202.1725635515419,0.5011821849513427,0.37943262411347517,0.15730058948144054,0.06770259638080252,0.38943878178175373,False
沪深300ETF华泰柏瑞,3月,4.3,4.68,2027-03-24,202703,rule_fourth_wednesday,medium,215.0,153.0,358068.32006399997,-1559230.979904,-1201162.6598399999,1917299.299968,439.0,1993.0,2432.0,7.0,57.0,64.0,0.12284999999999999,0.2582,0.3648,159909.15162762263,-831849.5516539179,-671940.4000262952,991758.7032815405,-38884.644863999994,-1162278.014976,148.58118964077812,0.4900441344168489,0.37779329608938556,0.022272715323678433,0.012497803086224472,0.2866198231617313,False
沪深300ETF华泰柏瑞,3月,4.4,4.68,2027-03-24,202703,rule_fourth_wednesday,medium,215.0,153.0,745855.56864,-1419919.0125119996,-674063.4438719996,2165774.5811519995,840.0,1694.0,2534.0,19.0,53.0,72.0,0.1239,0.2167,0.39405,334475.4694181417,-560732.6846689801,-226257.21525083837,895208.1540871218,-27554.314319999994,-646509.1295519997,194.71603418479742,0.42167502782728994,0.37878787878787873,0.026952971271153092,-0.006188434928426266,0.30673404807758436,False
沪深300ETF华泰柏瑞,3月,4.5,4.68,2027-03-24,202703,rule_fourth_wednesday,medium,215.0,153.0,579857.9361119999,-1449011.3133599998,-869153.3772479999,2028869.2494719997,611.0,1677.0,2288.0,0.0,39.0,39.0,0.12789999999999999,0.1725,0.41390000000000005,254838.9468227984,-654878.8184988686,-400039.8716760702,909717.7653216671,-33697.93751999999,-835455.4397279997,198.66778596946915,0.44571693401512236,0.3518847006651884,0.011627906976744186,-0.005309734513274336,0.2832155489993438,True
沪深300ETF华泰柏瑞,3月,4.6,4.68,2027-03-24,202703,rule_fourth_wednesday,medium,215.0,153.0,2763096.176879999,-1091790.8351999999,1671305.3416799994,3854887.012079999,1095.0,1240.0,2335.0,71.0,32.0,103.0,0.1589,0.23820000000000002,0.77705,1291197.8052367484,-491371.7472182522,799826.0580184963,1782569.5524550006,150984.41342399994,1520320.9282559992,199.3107802916606,0.45868070261893257,0.3419144307469181,0.045323317130652525,-0.002246952135887454,0.36887380411282744,True
沪深300ETF华泰柏瑞,3月,4.7,4.68,2027-03-24,202703,rule_fourth_wednesday,medium,215.0,153.0,7480002.516479998,-1626626.63592,5853375.880559998,9106629.152399998,2704.0,1859.0,4563.0,18.0,63.0,81.0,0.1763,0.1175,0.8312499999999999,3320953.1310902243,-739800.2479355288,2581152.8831546954,4060753.379025753,-5332.13928000001,5858708.019839998,198.39651767751337,0.44939198435180316,0.3271641791044776,0.020272996234534695,-0.00045366008785005865,0.48219924117469876,True
沪深300ETF华泰柏瑞,3月,4.8,4.68,2027-03-24,202703,rule_fourth_wednesday,medium,215.0,153.0,4309086.717935999,-1245386.8908,3063699.8271359988,5554473.608735999,1771.0,1445.0,3216.0,66.0,4.0,70.0,0.1897,0.03370000000000001,0.7522,2310531.760233819,-550627.330188804,1759904.4300450152,2861159.090422623,157139.64489599995,2906560.182239999,148.55041945691045,0.48916671380153304,0.3212220266532562,0.020017623417653507,0.013285309021125562,0.4160013249121216,True
沪深300ETF华泰柏瑞,3月,4.9,4.68,2027-03-24,202703,rule_fourth_wednesday,medium,215.0,153.0,3512624.1209279997,-190694.99779199998,3321929.123136,3703319.1187199997,1602.0,229.0,1831.0,197.0,1.0,198.0,0.2,-0.03235000000000002,0.69065,1722458.9563979327,-84206.39743732134,1638252.5589606115,1806665.353835254,431119.17575999995,2890809.9473759998,199.37278889239803,0.4659693885100233,0.3120733788395904,0.06366904905985422,0.005362776025236593,0.35874225738150434,True
沪深300ETF华泰柏瑞,3月,5.0,4.68,2027-03-24,202703,rule_fourth_wednesday,medium,215.0,153.0,3401887.3387199994,-70555.953312,3331331.3854079996,3472443.292031999,1763.0,94.0,1857.0,188.0,0.0,188.0,0.2197,-0.08410000000000001,0.61185,1635266.8007416944,-31031.13949191875,1604235.6612497757,1666297.9402336131,362765.07071999996,2968566.3146879994,201.3447680852243,0.46025146857209287,0.2671615720524017,0.05331820760068066,-0.022222222222222223,0.3523398213017981,False
沪深300ETF华泰柏瑞,3月,5.25,4.68,2027-03-24,202703,rule_fourth_wednesday,medium,215.0,153.0,1223759.5849439998,-28783.696031999993,1194975.8889119998,1252543.2809759998,937.0,42.0,979.0,156.0,0.0,156.0,0.2414,-0.18244999999999997,0.4546,606711.8707619177,-12681.346191220717,594030.524570697,619393.2169531384,203742.25747199997,991233.6314399998,206.40285718743553,0.46817547305474744,0.2889848246991104,0.0832443970117396,0.0010695187165775401,0.22531251258450122,False
沪深300ETF华泰柏瑞,3月,5.5,4.68,2027-03-24,202703,rule_fourth_wednesday,medium,215.0,153.0,2021711.1071039997,-91809.60422399998,1929901.5028799998,2113520.711328,2314.0,151.0,2465.0,390.0,1.0,391.0,0.265,-0.245,0.33825,318336.6504167057,-43457.11617130063,274879.53424540506,361793.76658800634,340129.81641599996,1589771.6864639998,297.2686307724675,0.3153992820436418,0.30428134556574926,0.08758092119949401,-0.003065984072810011,0.3368114057817428,False
沪深300ETF嘉实,8月,4.4,4.888,2026-08-26,202608,rule_fourth_wednesday,medium,5.0,3.0,6812.719996159999,-510575.3028896,-503762.58289344,517388.02288576,538.0,6379.0,6917.0,857.0,299.0,1156.0,0.1436,0.49895,0.0194,6060.499971489887,-38748.51827273143,-32688.018301241544,44809.01824422132,-17119.246701440003,-486643.336192,6069.008782936011,0.4827389123339233,0.7882619439868204,0.8199046767652456,0.4778721399792373,0.3157081980672634,False
沪深300ETF嘉实,8月,4.5,4.888,2026-08-26,202608,rule_fourth_wednesday,medium,5.0,3.0,78545.78269824,-896501.5312531199,-817955.7485548799,975047.31395136,586.0,3741.0,4327.0,1045.0,1457.0,2502.0,0.12955,0.49579999999999996,0.07819999999999999,69239.11497837449,-159585.73992136534,-90346.62494299085,228824.85489973985,-270612.92647999997,-547342.8220748799,7574.05448294102,0.5297611360921625,0.4590425531914893,1.0863722535906426,0.5586427637381017,0.3659863488608727,False
沪深300ETF嘉实,8月,4.6,4.888,2026-08-26,202608,rule_fourth_wednesday,medium,5.0,3.0,887362.8720985599,-3114776.8246566397,-2227413.9525580797,4002139.6967551997,1133.0,3977.0,5110.0,1369.0,3175.0,4544.0,0.11754999999999999,0.48009999999999997,0.3278,780382.6334817264,-1098486.836401621,-318104.2029198947,1878869.4698833474,-1599289.4835174396,-628124.46904064,2575.34983853606,0.6160548873640947,0.9910313901345291,1.0033185077212505,0.35419356657021533,0.5332669927249906,False
沪深300ETF嘉实,8月,4.7,4.888,2026-08-26,202608,rule_fourth_wednesday,medium,5.0,3.0,3838156.565967359,-12245536.865244798,-8407380.29927744,16083693.431212157,1458.0,5315.0,6773.0,2706.0,3003.0,5709.0,0.10305,0.4233,1.03305,3109700.9197920375,-5216621.744174464,-2106920.824382426,8326322.663966501,-3080629.3618464,-5326750.937431039,690.049261083744,0.6181043890096345,0.4034941763727121,1.210485890929081,0.3237287925109396,0.6874071689341332,True
沪深300ETF嘉实,8月,4.8,4.888,2026-08-26,202608,rule_fourth_wednesday,medium,5.0,3.0,14720162.908838399,-45792680.154524155,-31072517.245685756,60512843.06336255,2796.0,7737.0,10533.0,4840.0,8687.0,13527.0,0.0929,0.26485000000000003,2.34035,13826581.203803215,-34209902.45109727,-20383321.247294057,48036483.65490049,-31072517.245685756,0.0,73.5275680158938,0.843177945587285,0.22958057395143494,1.4269154794335894,0.2512431870052003,0.7998648276128513,True
沪深300ETF嘉实,8月,4.9,4.888,2026-08-26,202608,rule_fourth_wednesday,medium,5.0,3.0,92011465.195104,-39958230.576501116,52053234.61860289,131969695.77160512,7413.0,4817.0,12230.0,13080.0,10924.0,24004.0,0.15245,-0.03244999999999998,4.33345,66615154.24094137,-34747210.33398797,31867943.906953394,101362364.57492934,52053234.61860289,0.0,170.6817589455259,0.7967879261769126,0.24051896207584822,2.01613468150832,0.35008291252702484,0.8373311394143965,True
沪深300ETF嘉实,8月,5.0,4.888,2026-08-26,202608,rule_fourth_wednesday,medium,5.0,3.0,67012185.1074624,-19392088.742532477,47620096.36492992,86404273.84999487,13105.0,3747.0,16852.0,3906.0,3996.0,7902.0,0.1772,-0.33675,2.15315,10426111.424953762,-15091269.06102032,-4665157.636066558,25517380.48597408,581172.9919008017,47038923.37302913,500.0596445186688,0.46690156463185417,0.4761146496815286,0.6822536701623794,0.2408259006624978,0.8358423483883948,True
沪深300ETF嘉实,8月,5.25,4.888,2026-08-26,202608,rule_fourth_wednesday,medium,5.0,3.0,2608444.598655999,-1568721.1237984,1039723.4748575992,4177165.722454399,16150.0,1133.0,17283.0,3951.0,1161.0,5112.0,0.28190000000000004,-0.46404999999999996,0.32355,335515.9231989759,-1407049.3815711888,-1071533.458372213,1742565.3047701647,-930580.9003129601,1970304.3751705592,5064.4122383252825,0.5127836172940492,0.4824657534246575,0.6346785568875202,0.04528146127882797,0.639199174198103,False
沪深300ETF嘉实,8月,5.5,4.888,2026-08-26,202608,rule_fourth_wednesday,medium,5.0,3.0,602324.34432768,-291177.00017535995,311147.34415232,893501.34450304,8604.0,514.0,9118.0,379.0,283.0,662.0,0.39905,-0.48295,0.1332,131077.650199808,-209961.48426301853,-78883.83406321052,341039.13446282654,-133785.34442624,444932.6885785599,123.94366197183165,0.4693491226097627,0.7937878044793198,0.29731646849623833,0.050722260902494404,0.36344851117466764,False
沪深300ETF嘉实,8月,5.75,4.888,2026-08-26,202608,rule_fourth_wednesday,medium,5.0,3.0,132531.94156799998,-210432.62557823994,-77900.68401023996,342964.5671462399,3225.0,362.0,3587.0,320.0,212.0,532.0,0.6028,-0.46895000000000003,0.13025,12833.436290925712,-157379.79410397852,-144546.3578130528,170213.23039490424,-110086.33003263995,32185.64602239999,6053.979556678535,0.4223598162921156,0.7856354860951507,0.3424300826587862,0.12988977352285125,0.21030598935964095,False
沪深300ETF嘉实,8月,6.0,4.888,2026-08-26,202608,rule_fourth_wednesday,medium,5.0,3.0,230148.27503615993,-347852.26487231994,-117703.98983616,578000.5399084799,8304.0,747.0,9051.0,1035.0,251.0,1286.0,0.75315,-0.46885,0.10325,22981.569082367994,-226652.4385611705,-203670.86947880252,249634.0076435385,-88196.69799616,-29507.29184000002,5051.767225990718,0.37571610677310274,0.786111111111111,0.23032471891419243,0.11340737602066447,0.3501219565167251,False
沪深300ETF嘉实,8月,6.25,4.888,2026-08-26,202608,rule_fourth_wednesday,medium,5.0,3.0,63019.45190527999,-114068.97819199998,-51049.52628671999,177088.43009727995,3067.0,325.0,3392.0,201.0,40.0,241.0,0.8596,-0.4748,0.07775,14255.916443391998,-65930.71653612831,-51674.80009273632,80186.6329795203,-9909.19369856,-41140.33258815999,89.05109489051249,0.4021022176079895,0.7900802334062728,0.09430663891048632,-0.03413556221357302,0.15967712187687316,False
沪深300ETF嘉实,9月,4.2,4.888,2026-09-23,202609,rule_fourth_wednesday,medium,33.0,23.0,178794.59666431998,-3562066.7516262396,-3383272.1549619194,3740861.34829056,392.0,9757.0,10149.0,35.0,201.0,236.0,0.13499999999999998,0.4671,0.17185,99321.77390946596,-741765.6273397759,-642443.8534303099,841087.4012492419,-57416.88926271998,-3325855.2656991994,394.95670666869154,0.3818739653767096,0.4188533292886395,0.05494315436536406,0.006177192271958454,0.4806262623095884,False
沪深300ETF嘉实,9月,4.3,4.888,2026-09-23,202609,rule_fourth_wednesday,medium,33.0,23.0,258641.56730879997,-2642465.66990848,-2383824.10259968,2901107.2372172796,372.0,4964.0,5336.0,7.0,432.0,439.0,0.1252,0.4475,0.2569,130914.44597303259,-444314.6681070934,-313400.2221340608,575229.114080126,-225097.86908543998,-2158726.23351424,682.8222879031832,0.3371528167349736,0.42820069204152233,0.05292189787978824,0.020862746336248697,0.41021727044035716,False
沪深300ETF嘉实,9月,4.4,4.888,2026-09-23,202609,rule_fourth_wednesday,medium,33.0,23.0,437939.57987519994,-2434097.121206399,-1996157.541331199,2872036.701081599,445.0,3015.0,3460.0,45.0,287.0,332.0,0.11789999999999999,0.4171,0.3749,235933.9316932912,-579500.8005313278,-343566.86883803667,815434.732224619,-187417.41579391994,-1808740.1255372793,330.95041505646293,0.38840627299169295,0.3682187099530114,0.09815715430338942,0.02865498920018289,0.37522681130655716,False
沪深300ETF嘉实,9月,4.5,4.888,2026-09-23,202609,rule_fourth_wednesday,medium,33.0,23.0,952369.7058137597,-3816486.2674847995,-2864116.56167104,4768855.973298559,733.0,3129.0,3862.0,39.0,610.0,649.0,0.11249999999999999,0.37245,0.52715,472354.9870557458,-1675564.3315252112,-1203209.3444694653,2147919.318580957,-693353.9812659199,-2170762.5804051193,110.46922066317946,0.4675059166965269,0.2962162162162162,0.1240782330676761,0.027610619957930096,0.46175772422500194,False
沪深300ETF嘉实,9月,4.6,4.888,2026-09-23,202609,rule_fourth_wednesday,medium,33.0,23.0,2091034.11677888,-6382204.30755648,-4291170.1907776,8473238.42433536,1301.0,3621.0,4922.0,29.0,500.0,529.0,0.10754999999999999,0.31135,0.7052,866495.1369659607,-2741692.834604939,-1875197.6976389783,3608187.9715708997,-834666.1938284801,-3456503.9969491204,173.72338798589837,0.42198496812198727,0.13049962714392238,0.08018697405454263,0.01725829136459606,0.5186124330939963,False
沪深300ETF嘉实,9月,4.7,4.888,2026-09-23,202609,rule_fourth_wednesday,medium,33.0,23.0,3781280.364975359,-4854948.932795519,-1073668.5678201602,8636229.297770878,2022.0,2049.0,4071.0,762.0,691.0,1453.0,0.10475,0.2305,0.8872,2385917.4299585987,-3053446.3645349797,-667528.934576381,5439363.794493578,-212278.80245312,-861389.7653670404,141.07546496411194,0.6299580832931299,0.017982017982017817,0.35704613816104835,0.2058906521116558,0.5436020105540126,True
沪深300ETF嘉实,9月,4.8,4.888,2026-09-23,202609,rule_fourth_wednesday,medium,33.0,23.0,10448059.446023678,-7222798.00262592,3225261.4433977585,17670857.4486496,2227.0,2547.0,4774.0,602.0,1489.0,2091.0,0.1578,0.2044,1.57525,6570042.905725118,-4633588.304169603,1936454.601555515,11203631.20989472,-1398208.1607353603,4623469.604133118,128.0956021341609,0.6351758167344137,0.0,0.4274640794376895,0.18188967483352342,0.6255558252564256,True
沪深300ETF嘉实,9月,4.9,4.888,2026-09-23,202609,rule_fourth_wednesday,medium,33.0,23.0,21389282.02564608,-10049755.446315518,11339526.579330562,31439037.471961595,4218.0,3358.0,7576.0,1431.0,1230.0,2661.0,0.1694,0.024649999999999977,1.6875,10970975.886031894,-3882754.9907675646,7088220.895264329,14853730.876799459,3575415.038108161,7764111.5412224,301.8421323453747,0.449636248314749,0.08857142857142858,0.35277488547762204,0.11232726772833847,0.6979801700719964,True
沪深300ETF嘉实,9月,5.0,4.888,2026-09-23,202609,rule_fourth_wednesday,medium,33.0,23.0,37286299.187779196,-5328953.829987838,31957345.357791357,42615253.017767034,8655.0,1971.0,10626.0,1663.0,604.0,2267.0,0.18285,-0.12744999999999998,1.46735,17668428.36132774,-3057540.2243911764,14610888.136936564,20725968.58571892,5531288.55562816,26426056.8021632,219.88517468546615,0.5238092001550975,0.2900318133616119,0.24929334975867584,0.06826650649471058,0.7361981859634472,True
沪深300ETF嘉实,9月,5.25,4.888,2026-09-23,202609,rule_fourth_wednesday,medium,33.0,23.0,17335703.115211517,-3753112.728077439,13582590.387134077,21088815.843288954,11369.0,2219.0,13588.0,1899.0,767.0,2666.0,0.22404999999999997,-0.3403,0.6730499999999999,3139478.1244445983,-2337256.173152673,802221.9512919253,5476734.297597271,1598369.3816479999,11984221.005486079,386.65858779432756,0.4019251848674108,0.4972520609542843,0.2563421772899757,0.041594019202796886,0.7283203000783717,False
沪深300ETF嘉实,9月,5.5,4.888,2026-09-23,202609,rule_fourth_wednesday,medium,33.0,23.0,2786482.2795264,-2075799.5139481598,710682.7655782402,4862281.79347456,5785.0,1892.0,7677.0,1529.0,400.0,1929.0,0.2857,-0.397,0.3304,480357.1122954241,-1230559.0720819447,-750201.9597865206,1710916.1843773688,297620.8192921601,413061.94628607994,695.6444315468735,0.38260023108357677,0.4525808457711443,0.23786036278850495,-0.10809680833829159,0.5596579868376474,False
沪深300ETF嘉实,9月,5.75,4.888,2026-09-23,202609,rule_fourth_wednesday,medium,33.0,23.0,1908941.63226624,-1123296.7266643199,785644.9056019201,3032238.35893056,6864.0,1403.0,8267.0,1347.0,400.0,1747.0,0.3578,-0.41435,0.22575,584906.3597027167,-698401.0500886159,-113494.69038589916,1283307.4097913327,54357.44900352007,731287.4565984,290.2450619655765,0.464072872168663,0.4486374341146125,0.24067230435281042,-0.03871172222248464,0.5028915073623851,False
沪深300ETF嘉实,9月,6.0,4.888,2026-09-23,202609,rule_fourth_wednesday,medium,33.0,23.0,1504110.1895372795,-656242.1705215999,847868.0190156796,2160352.3600588795,8144.0,1040.0,9184.0,640.0,0.0,640.0,0.42565,-0.4241,0.1707,66081.85483993599,-341790.7616857743,-275708.9068458383,407872.6165257103,118201.19367679996,729666.8253388796,1628.4284736450306,0.28238220815873505,0.5894736842105264,0.03929273084479371,0.010467594333709414,0.4372271066580383,False
沪深300ETF嘉实,9月,6.25,4.888,2026-09-23,202609,rule_fourth_wednesday,medium,33.0,23.0,2731971.4403903997,-181946.02321791998,2550025.4171724794,2913917.46360832,19546.0,349.0,19895.0,113.0,0.0,113.0,0.48934999999999995,-0.43085,0.13835,105662.08249867632,-96510.04445466974,9152.038044006578,202172.12695334607,15794.1662112,2534231.2509612795,1154.5909343171193,0.2845542064194265,0.3,0.002890617006037041,0.0018743901812766394,0.4820410637255655,False
沪深300ETF嘉实,12月,4.4,4.888,2026-12-23,202612,rule_fourth_wednesday,medium,124.0,88.0,450904.86887679994,-1659770.59154816,-1208865.72267136,2110675.4604249597,508.0,1831.0,2339.0,1.0,784.0,785.0,0.1177,0.32025,0.37545,221446.09772241086,-1065499.4405044436,-844053.3427820327,1286945.5382268545,-709795.15756864,-499070.5651027201,149.3682403904208,0.5665353728114931,0.4040943995763274,0.2150749128095744,0.049518248416713644,0.35028521526747597,False
沪深300ETF嘉实,12月,4.5,4.888,2026-12-23,202612,rule_fourth_wednesday,medium,124.0,88.0,349379.71521024,-997171.5707699198,-647791.8555596798,1346551.2859801599,348.0,959.0,1307.0,3.0,53.0,56.0,0.11854999999999999,0.27535,0.42769999999999997,165680.85702423716,-487611.7925155216,-321930.9354912844,653292.6495397587,-52097.692191999995,-595694.1633676798,163.96591055900464,0.48160458988007687,0.39214455412223376,0.031943295818201434,0.01068362334144438,0.22533034793998408,False
沪深300ETF嘉实,12月,4.6,4.888,2026-12-23,202612,rule_fourth_wednesday,medium,124.0,88.0,567243.3998233599,-1330916.2441119999,-763672.84428864,1898159.6439353598,512.0,1145.0,1657.0,1.0,128.0,129.0,0.1184,0.2269,0.47509999999999997,268413.64539363864,-705509.8063822864,-437096.1609886477,973923.451775925,-147675.75273152,-615997.0915571199,151.38409176601982,0.5016414301898042,0.36985726280436604,0.05687175900655022,0.03806390977443609,0.27008821672676353,False
沪深300ETF嘉实,12月,4.7,4.888,2026-12-23,202612,rule_fourth_wednesday,medium,124.0,88.0,1215400.8113062398,-821958.94430208,393441.86700415984,2037359.7556083198,1018.0,648.0,1666.0,0.0,67.0,67.0,0.11794999999999999,0.17505,0.5153,574288.9889279682,-421349.6952712772,152939.29365669098,995638.6841992454,-84986.49578432,478428.3627884799,160.14474448520707,0.49256321675751347,0.6835526315789474,0.05169753086419753,0.028548123980424143,0.270176906617578,True
沪深300ETF嘉实,12月,4.8,4.888,2026-12-23,202612,rule_fourth_wednesday,medium,124.0,88.0,2893289.1189695997,-883641.847296,2009647.2716735997,3776930.9662655997,985.0,690.0,1675.0,2.0,2.0,4.0,0.17010000000000003,0.18115,0.8827,1362342.632871167,-418385.5244509651,943957.1084202019,1780728.157322132,3313.4180019199994,2006333.8536716795,161.01877286479277,0.47217078322365175,0.4761324890404287,0.00246450378871478,0.0,0.32643836857468683,True
沪深300ETF嘉实,12月,4.9,4.888,2026-12-23,202612,rule_fourth_wednesday,medium,124.0,88.0,2401133.2950259196,-730168.8076883199,1670964.4873375995,3131302.1027142396,777.0,559.0,1336.0,135.0,0.0,135.0,0.17825000000000002,0.07995,0.92005,1304452.4668075535,-346436.3107172436,958016.15609031,1650888.7775247972,417185.32152959995,1253779.1658079997,157.35760552732478,0.5088629503271749,0.3,0.08687258687258688,-0.0019230769230769232,0.319010319726423,True
沪深300ETF嘉实,12月,5.0,4.888,2026-12-23,202612,rule_fourth_wednesday,medium,124.0,88.0,4643269.8331968,-1004937.60327168,3638332.2299251202,5648207.43646848,1629.0,793.0,2422.0,187.0,4.0,191.0,0.1897,-0.00839999999999999,0.8617,2391004.0410118653,-476034.51216036576,1914969.5288514995,2867038.553172231,527952.11121536,3110380.11870976,162.06255620631975,0.4943176527459623,0.4648682559598495,0.05991924427754516,0.03125020563945645,0.42486740322977085,True
沪深300ETF嘉实,12月,5.25,4.888,2026-12-23,202612,rule_fourth_wednesday,medium,124.0,88.0,5988026.31127168,-1357843.3801254397,4630182.93114624,7345869.691397119,3074.0,1259.0,4333.0,60.0,115.0,175.0,0.21960000000000002,-0.16685,0.6333500000000001,2742636.9069192726,-689077.3957679201,2053559.5111513524,3431714.302687193,-7151.0384191999765,4637333.96956544,174.2780482291824,0.48274973697708223,0.3969293956581264,0.0554304389010704,0.008639425526109511,0.47701914512002136,False
沪深300ETF嘉实,12月,5.5,4.888,2026-12-23,202612,rule_fourth_wednesday,medium,124.0,88.0,2447898.649248,-775960.5407423999,1671938.1085056,3223859.1899903994,2045.0,870.0,2915.0,319.0,10.0,329.0,0.2503,-0.25830000000000003,0.43715000000000004,1246081.8911624935,-279353.2498763943,966728.6412860992,1525435.1410388877,372929.1622784,1299008.9462271999,146.44147649007067,0.4345255315742543,0.3752744237102086,0.0837422364612315,0.03179131974351612,0.3832478616441926,False
沪深300ETF嘉实,12月,5.75,4.888,2026-12-23,202612,rule_fourth_wednesday,medium,124.0,88.0,2140847.2039135997,-581808.29464576,1559038.9092678397,2722655.4985593595,2933.0,784.0,3717.0,716.0,28.0,744.0,0.28255,-0.3094,0.30805,928937.5711366402,-283010.0752233155,645927.4959133246,1211947.6463599557,501841.86128127994,1057197.0479865598,244.7438406342519,0.46017151460477035,0.3728690228690229,0.1399164677804296,0.046555720404754516,0.4001076890240243,False
沪深300ETF嘉实,12月,6.0,4.888,2026-12-23,202612,rule_fourth_wednesday,medium,124.0,88.0,1157409.7842112,-255555.8452512,901853.9389599999,1412965.6294624,2459.0,405.0,2864.0,168.0,0.0,168.0,0.31645,-0.3377,0.23055,263111.8622912001,-121736.73957832373,141375.12271287636,384848.6018695238,79074.76362239999,822779.1753376,327.2746157041968,0.35184439853058325,0.3,0.03416022773485156,0.015297569153394803,0.2884457877764493,False
沪深300ETF嘉实,12月,6.25,4.888,2026-12-23,202612,rule_fourth_wednesday,medium,124.0,88.0,2209213.0903897597,-159773.74238592002,2049439.3480038396,2368986.83277568,6769.0,291.0,7060.0,1549.0,0.0,1549.0,0.3503,-0.35474999999999995,0.1832,644062.8028623359,-77777.69236767548,566285.1104946604,721840.4952300114,505550.46196095995,1543888.88604288,520.1888493567681,0.3891669516578836,0.3,0.11441867336386467,0.013347489761868649,0.456976028078869,False
沪深300ETF嘉实,3月,4.4,4.888,2027-03-24,202703,rule_fourth_wednesday,medium,215.0,153.0,240001.56018175997,-759444.58077696,-519443.0205952,999446.14095872,307.0,1011.0,1318.0,1.0,294.0,295.0,0.1238,0.2919,0.3208,97372.57002387312,-446796.79632986104,-349424.2263059879,544169.3663537342,-220065.62146815998,-299377.39912703994,160.57491289198572,0.49701843953984776,0.3330683624801273,0.1470292579669241,0.04518237402487877,0.23281571218156494,False
沪深300ETF嘉实,3月,4.5,4.888,2027-03-24,202703,rule_fourth_wednesday,medium,215.0,153.0,146791.01182719998,-346137.49698943994,-199346.48516223996,492928.5088166399,170.0,422.0,592.0,1.0,13.0,14.0,0.12344999999999999,0.25515,0.35235,69822.72009647315,-167499.86689914612,-97677.14680267297,237322.58699561926,-9799.526921599998,-189546.95824063994,159.43945273662422,0.47978604583969425,0.35556278464541313,0.01834402007248397,0.007211538461538462,0.10694913584093918,False
沪深300ETF嘉实,3月,4.6,4.888,2027-03-24,202703,rule_fourth_wednesday,medium,215.0,153.0,224781.053952,-624455.529984,-399674.47603200004,849236.583936,240.0,720.0,960.0,10.0,0.0,10.0,0.1258,0.21459999999999999,0.3775,109747.14535561959,-294244.8726847487,-184497.72732912912,403992.01804036833,9365.877247999999,-409040.35328000004,160.76511730914876,0.4797212394860143,0.3,0.020833333333333332,0.021739130434782608,0.16085390567763608,False
沪深300ETF嘉实,3月,4.7,4.888,2027-03-24,202703,rule_fourth_wednesday,medium,215.0,153.0,174773.95935999998,-171521.70627072,3252.253089279984,346295.66563072,175.0,192.0,367.0,43.0,10.0,53.0,0.1294,0.17250000000000001,0.39595,99719.79559061727,-84410.77930424946,15309.016286367812,184130.57489486673,34011.036384,-30758.783294720022,160.2661393692342,0.5313466123141365,0.32595993322203665,0.14889880952380952,0.15298507462686567,0.08439373804191996,True
沪深300ETF嘉实,3月,4.8,4.888,2027-03-24,202703,rule_fourth_wednesday,medium,215.0,153.0,646179.825616,-82658.64522240001,563521.1803936,728838.4708384,251.0,90.0,341.0,30.0,0.0,30.0,0.1587,0.24255000000000002,0.73095,334802.8262260747,-43585.75050070349,291217.07572537125,378388.5767267782,77232.64848,486288.5319136,126.49013645379398,0.5227122733070844,0.3,0.05976095617529881,0.03632478632478633,0.13637280935996077,True
沪深300ETF嘉实,3月,4.9,4.888,2027-03-24,202703,rule_fourth_wednesday,medium,215.0,153.0,1224856.0466687996,-210593.90025023997,1014262.1464185596,1435449.9469190396,420.0,229.0,649.0,2.0,33.0,35.0,0.17425000000000002,0.12615,0.80275,580465.1131641853,-111633.13162038436,468831.98154380097,692098.2447845697,-24514.944771199996,1038777.0911897596,159.72169879692723,0.5019959826135292,0.3244742990654206,0.07443335412767728,0.021647862876979822,0.20743027744302672,True
沪深300ETF嘉实,3月,5.0,4.888,2027-03-24,202703,rule_fourth_wednesday,medium,215.0,153.0,457735.26935551985,-252865.78372223995,204869.4856332799,710601.0530777598,184.0,282.0,466.0,1.0,31.0,32.0,0.19095,0.04300000000000004,0.7082499999999999,216170.79244554846,-130732.37057862665,85438.42186692181,346903.1630241751,-25309.610784639997,230179.09641791985,160.5505833068235,0.4946323054791172,0.30923302393746943,0.057681930311440026,0.01567965023847377,0.13870512020504444,True
沪深300ETF嘉实,3月,5.25,4.888,2027-03-24,202703,rule_fourth_wednesday,medium,215.0,153.0,1016731.4408409599,-61520.43369471999,955211.0071462399,1078251.8745356798,531.0,76.0,607.0,119.0,20.0,139.0,0.21639999999999998,-0.09784999999999999,0.5701,563172.8066806687,-35533.32346388776,527639.4832167809,598706.1301445565,211665.48084863997,743545.5262976,164.63403499692447,0.5657454432285483,0.28967591045773466,0.24363167806521954,0.021611001964636542,0.20244586098097123,False
沪深300ETF嘉实,3月,5.5,4.888,2027-03-24,202703,rule_fourth_wednesday,medium,215.0,153.0,1163275.64268864,-57153.83235328,1106121.81033536,1220429.4750419199,879.0,79.0,958.0,59.0,10.0,69.0,0.24065,-0.18675000000000003,0.42835,433268.2788195354,-29864.116673370772,403404.1621461646,463132.39549290616,70846.41039424,1035275.3999411201,239.06533362039352,0.4474885346474418,0.29675810473815456,0.09685200385939144,0.07705619061881229,0.2062702905702284,False
沪深300ETF嘉实,3月,5.75,4.888,2027-03-24,202703,rule_fourth_wednesday,medium,215.0,153.0,597971.8395872,-38709.744087039995,559262.09550016,636681.5836742399,655.0,61.0,716.0,78.0,10.0,88.0,0.2672,-0.2427,0.32384999999999997,118166.75233861116,-20814.14312941004,97352.60920920112,138980.8954680212,64863.000600319996,494399.09489984,319.51896849919206,0.3676551710063445,0.3032675289312457,0.1415091978475785,0.09957060925442152,0.1501366132548108,False
沪深300ETF嘉实,3月,6.0,4.888,2027-03-24,202703,rule_fourth_wednesday,medium,215.0,153.0,785086.5368486398,-134739.6126336,650346.9242150398,919826.1494822399,1227.0,241.0,1468.0,178.0,0.0,178.0,0.2948,-0.27775,0.2509,285700.8909300862,-66467.57247455856,219233.31845552765,352168.46340464475,113891.93444095997,536454.9897740799,250.50861010465826,0.4286069668469987,0.3,0.07253463732681337,0.0012254901960784314,0.21505951205676366,False
中证500ETF南方,8月,6.25,7.866,2026-08-26,202608,rule_fourth_wednesday,medium,5.0,3.0,0.0,0.0,0.0,0.0,523.0,4963.0,5486.0,23.0,3541.0,3564.0,0.0001,0.5,0.0,0.0,0.0,0.0,0.0,0.0,0.0,7223.414512767876,0.4076998619195191,0.7657945118059987,0.3787284028002246,0.017365050779322513,,False
中证500ETF南方,8月,6.5,7.866,2026-08-26,202608,rule_fourth_wednesday,medium,5.0,3.0,269912.75825879996,-1019398.1746824,-749485.4164235999,1289310.9329412,786.0,10170.0,10956.0,107.0,2330.0,2437.0,0.62995,0.4906,0.03585,161141.37715273566,-115661.18844738328,45480.18870535238,276802.56560011895,-196805.585547,-552679.8308766,2035.9000659388953,0.35523654354351913,0.7969454545454546,0.1826187634638624,-0.0218572858576966,0.4628986644634586,False
中证500ETF南方,8月,6.75,7.866,2026-08-26,202608,rule_fourth_wednesday,medium,5.0,3.0,53223.97695119999,-5817966.627129479,-5764742.65017828,5871190.604080679,1012.0,22549.0,23561.0,64.0,8048.0,8112.0,0.2506,0.49565,0.0251,24366.875958114262,-910847.7608237976,-886480.8848656833,935214.6367819118,-2073133.91998656,-3691608.7301917197,475.0446168962678,0.307187698788444,0.4937169015348713,0.21007636071255975,-0.06679199138224448,0.7103184518093365,False
中证500ETF南方,8月,7.0,7.866,2026-08-26,202608,rule_fourth_wednesday,medium,5.0,3.0,565840.4213178,-13785731.48068776,-13219891.059369959,14351571.90200556,1487.0,25006.0,26493.0,798.0,15116.0,15914.0,0.21455,0.48785,0.0753,346220.60452373617,-3464654.546913799,-3118433.942390063,3810875.151437535,-8029745.851502161,-5190145.207867799,1035.8350951374205,0.4315957351920141,0.48992705800625225,0.5705729481682971,-0.10414063598995105,0.8048123977109309,False
中证500ETF南方,8月,7.122,7.866,2026-08-26,202608,rule_fourth_wednesday,medium,5.0,3.0,1166379.7571604,-2856359.2046169597,-1689979.4474565596,4022738.9617773597,1439.0,3899.0,5338.0,161.0,2521.0,2682.0,0.1893,0.48000000000000004,0.1247,487792.12584829575,-741219.7779885146,-253427.65214021888,1229011.9038368105,-1716355.0774202396,26375.62996368017,511.9596935869549,0.3388542403857835,0.7538482297624113,0.3792296486991461,0.04031257683324113,0.5200261644150339,False
中证500ETF南方,8月,7.25,7.866,2026-08-26,202608,rule_fourth_wednesday,medium,5.0,3.0,6570585.340684921,-26404768.88451864,-19834183.543833718,32975354.22520356,4209.0,21434.0,25643.0,3352.0,22203.0,25555.0,0.17404999999999998,0.4606,0.2257,4300185.518137489,-10612685.955508454,-6312500.437370964,14912871.473645944,-21172029.02660088,1337845.4827671603,609.5040947140965,0.5281915564259072,0.4747474747474748,0.9161331342903862,-0.04022998447453435,0.8539968652947602,False
中证500ETF南方,8月,7.367,7.866,2026-08-26,202608,rule_fourth_wednesday,medium,5.0,3.0,5277469.159449719,-10690791.25165128,-5413322.092201561,15968260.411100999,2089.0,5522.0,7611.0,907.0,10374.0,11281.0,0.15664999999999998,0.4318,0.36060000000000003,2452987.3324580463,-6038317.281025264,-3585329.948567218,8491304.61348331,-8399424.79515492,2986102.702953359,349.29242911723276,0.5148092707196528,0.45444511338551075,1.1564230913068212,0.010429560221335343,0.7103239197173873,False
中证500ETF南方,8月,7.5,7.866,2026-08-26,202608,rule_fourth_wednesday,medium,5.0,3.0,73258370.38563983,-172581322.31453338,-99322951.92889355,245839692.7001732,19109.0,48977.0,68086.0,23367.0,97359.0,120726.0,0.1446,0.37315,0.59455,67579596.396616,-132253112.65435952,-64673516.25774352,199832709.0509755,-99322951.92889355,0.0,85.52165754813016,0.8444031867820088,0.39997289238275957,1.6053391903286558,-0.061500005609262116,0.9674556327554503,True
中证500ETF南方,8月,7.613,7.866,2026-08-26,202608,rule_fourth_wednesday,medium,5.0,3.0,15889324.711733999,-70996095.82577555,-55106771.11404155,86885420.53750955,5745.0,12683.0,18428.0,8217.0,26603.0,34820.0,0.19885,0.4087,0.67585,12064969.799902806,-58570443.53903706,-46505473.73913426,70635413.33893988,-55106771.11404155,0.0,98.58428782431811,0.7921470624941688,0.28000000000000014,1.7639096679443238,0.09751640079664248,0.8676044617179671,True
中证500ETF南方,8月,7.75,7.866,2026-08-26,202608,rule_fourth_wednesday,medium,5.0,3.0,377397413.3876778,-466635723.5123531,-89238310.12467533,844033136.9000309,37991.0,53370.0,91361.0,178217.0,244865.0,423082.0,0.22535,0.21159999999999998,1.5093,375471302.18697536,-370141952.23122025,5329349.955755115,745613254.4181956,-89238310.12467533,0.0,13.383472581926668,0.8940551266963634,0.06796426292278251,4.639548271116764,-0.07063146732383827,0.9880896678335583,True
中证500ETF南方,8月,7.859,7.866,2026-08-26,202608,rule_fourth_wednesday,medium,5.0,3.0,151322040.49139997,-120357734.0025139,30964306.488886073,271679774.4939139,11930.0,11792.0,23722.0,56652.0,48165.0,104817.0,0.2158,0.029299999999999993,1.8497999999999999,98707804.08634956,-98425285.56138133,282518.5249682367,197133089.6477309,30964306.488886073,0.0,181.20267179398422,0.7350378625648126,0.0,4.416624800538191,0.25003999736565746,0.9179503319722149,True
中证500ETF南方,8月,8.0,7.866,2026-08-26,202608,rule_fourth_wednesday,medium,5.0,3.0,658697512.0514969,-307282487.4626619,351415024.58883494,965979999.5141587,65853.0,34751.0,100604.0,227869.0,131104.0,358973.0,0.224,-0.2095,1.52285,513422536.5073506,-262124841.5617243,251297694.94562632,775547378.0690749,351415024.58883494,0.0,23.286518514544234,0.8162465349741401,0.18863636363636355,3.616467989029203,-0.11201628847154613,0.9913814104954384,True
中证500ETF南方,8月,8.104,7.866,2026-08-26,202608,rule_fourth_wednesday,medium,5.0,3.0,88378729.28464319,-51246485.317439996,37132243.96720319,139625214.60208318,13465.0,7888.0,21353.0,27932.0,11013.0,38945.0,0.23465000000000003,-0.33145,1.0554000000000001,63475849.92985762,-34897913.31433027,28577936.615527347,98373763.24418789,37132243.96720319,0.0,271.3289491106507,0.6996035073781461,0.3467125382262996,1.7352932749921102,-0.06597013981308276,0.8869403040610776,True
中证500ETF南方,8月,8.25,7.866,2026-08-26,202608,rule_fourth_wednesday,medium,5.0,3.0,136043339.95159703,-40687656.36418728,95355683.58740976,176730996.3157843,45778.0,10038.0,55816.0,57990.0,21755.0,79745.0,0.27054999999999996,-0.40940000000000004,0.5677,112362545.74461128,-38224847.40393382,74137698.34067746,150587393.1485451,95355683.58740976,0.0,136.8409224276781,0.8827011751013358,0.4547511312217194,1.7170150453050135,-0.14888402398456058,0.9537438439193036,True
中证500ETF南方,8月,8.35,7.866,2026-08-26,202608,rule_fourth_wednesday,medium,5.0,3.0,19458554.800571997,-18075241.24123824,1383313.5593337566,37533796.04181024,12630.0,6052.0,18682.0,10214.0,2462.0,12676.0,0.2877,-0.44084999999999996,0.36585,10186237.60249104,-8277758.482139207,1908479.1203518324,18463996.084630247,8383169.888174158,-6999856.328840399,1619.047619047619,0.49072246539866016,0.4815265935850588,0.6077585444490321,-0.1675177387749505,0.8238318218209326,False
中证500ETF南方,8月,8.5,7.866,2026-08-26,202608,rule_fourth_wednesday,medium,5.0,3.0,34503773.967408955,-4249342.425794399,30254431.541614555,38753116.393203355,39946.0,2014.0,41960.0,9750.0,2101.0,11851.0,0.34045000000000003,-0.4555,0.2403,3828715.980029452,-3164938.539028222,663777.4410012299,6993654.519057674,4172321.7253655987,26082109.816248957,482.07648270894526,0.4278858980955233,0.4968793883601186,0.6436385620090598,-0.10757644272587963,0.8742935117095831,False
中证500ETF南方,8月,8.595,7.866,2026-08-26,202608,rule_fourth_wednesday,medium,5.0,3.0,2353833.7837344,-6171288.571774081,-3817454.7880396815,8525122.35550848,7205.0,3468.0,10673.0,1018.0,582.0,1600.0,0.35655000000000003,-0.46385,0.17020000000000002,191875.839976656,-2711812.5738765704,-2519936.7338999147,2903688.413853226,-703091.0867356802,-3114363.7013040013,2450.007298204642,0.260470175490644,0.49116607773851584,0.15455541975127807,-0.035094386787637925,0.6227678809169851,False
中证500ETF南方,8月,8.75,7.866,2026-08-26,202608,rule_fourth_wednesday,medium,5.0,3.0,4056337.7573644794,-752659.5503663999,3303678.2069980795,4808997.30773088,16724.0,545.0,17269.0,1189.0,339.0,1528.0,0.4118,-0.46905,0.1312,123549.4553485614,-489672.7396782869,-366123.2843297255,613222.1950268482,-179780.96655360004,3483459.1735516796,2623.885868041931,0.3405241626443073,0.488876404494382,0.34655689016937696,-0.026634099430478744,0.6086576868943903,False
中证500ETF南方,8月,8.841,7.866,2026-08-26,202608,rule_fourth_wednesday,medium,5.0,3.0,1674494.871228,-1754433.5474217597,-79938.67619375978,3428928.4186497596,6975.0,1483.0,8458.0,1480.0,475.0,1955.0,0.4434,-0.4723,0.115,243606.5396239418,-956061.9605379725,-712455.4209140308,1199668.5001619144,-206634.2634575999,126695.58726384002,2114.486337963669,0.34521057509510106,0.4898958971218616,0.26624153790751576,-0.05543783593003651,0.5260461147847959,False
中证500ETF南方,8月,9.0,7.866,2026-08-26,202608,rule_fourth_wednesday,medium,5.0,3.0,1390113.5070981595,-516691.4631087599,873422.0439893997,1906804.9702069194,13294.0,519.0,13813.0,476.0,233.0,709.0,0.48529999999999995,-0.4752,0.08889999999999999,69335.81209601279,-318453.61162577115,-249117.79952975837,387789.4237217839,-182189.71966067998,1055611.7636500797,2102.027411656521,0.3331050277221571,0.48999297752808985,0.24237294817399188,-0.028116086540604445,0.46048590649338883,False
中证500ETF南方,8月,9.086,7.866,2026-08-26,202608,rule_fourth_wednesday,medium,5.0,3.0,528905.38202316,-808593.6065903999,-279688.2245672399,1337498.9886135599,5661.0,883.0,6544.0,2159.0,260.0,2419.0,0.5152,-0.476,0.08155,85974.91990664761,-455471.5158320147,-369496.5959253671,541446.4357386623,-36376.31747195995,-243311.9070952799,7239.414486511654,0.36292054857803446,0.49028888526195546,0.33791605875411085,-0.09502226474809554,0.42271214625577347,False
中证500ETF南方,8月,9.25,7.866,2026-08-26,202608,rule_fourth_wednesday,medium,5.0,3.0,972722.93723424,-34410.581889839996,938312.3553444,1007133.51912408,9586.0,897.0,10483.0,789.0,111.0,900.0,0.22015,-0.4985,0.011300000000000001,102768.45598661237,-17446.527598820016,85321.92838779236,120214.98358543239,75804.25845384,862508.09689056,5089.054869290434,0.30633041117433424,0.49803564932702804,0.10302667560761339,-0.0571725962888848,0.3946554682220859,False
中证500ETF南方,8月,9.332,7.866,2026-08-26,202608,rule_fourth_wednesday,medium,5.0,3.0,505726.7793659999,-705559.2388405199,-199832.45947452,1211286.0182065198,5449.0,989.0,6438.0,407.0,101.0,508.0,0.5993,-0.47905000000000003,0.06515,86506.34184804704,-355657.3491572026,-269151.00730915554,442163.6910052496,-34280.02784268001,-165552.43163183995,4371.195968210894,0.3375660815115793,0.7921800625594997,0.08840798053686905,-0.024617244833566483,0.351877440007786,False
中证500ETF南方,8月,9.578,7.866,2026-08-26,202608,rule_fourth_wednesday,medium,5.0,3.0,265269.11786099995,-1440220.2741460798,-1174951.15628508,1705489.3920070797,7795.0,1409.0,9204.0,798.0,153.0,951.0,0.86985,-0.43524999999999997,0.08535000000000001,53099.616306820186,-749136.5671198001,-696036.95081298,802236.1834266203,-129233.65693895998,-1045717.4993461198,5077.050562614486,0.3601633938027547,0.7571099758603267,0.1054804835222666,-0.02022166524976859,0.4306387458708981,False
中证500ETF南方,8月,9.823,7.866,2026-08-26,202608,rule_fourth_wednesday,medium,5.0,3.0,540939.8664651599,-724118.33194272,-183178.46547756006,1265058.19840788,9013.0,1364.0,10377.0,866.0,171.0,1037.0,0.7604500000000001,-0.48059999999999997,0.04775,72598.46944656473,-388550.92494979803,-315952.4555032333,461149.39439636277,-38804.87024496001,-144373.59523260006,5070.976112340685,0.33539643486176046,0.793174061433447,0.11072500197661703,-0.2664097972625296,0.41876950746129304,False
中证500ETF南方,8月,10.314,7.866,2026-08-26,202608,rule_fourth_wednesday,medium,5.0,3.0,367742.90756951994,0.0,367742.90756951994,367742.90756951994,11214.0,3614.0,14828.0,371.0,90.0,461.0,0.3387,-0.49945,0.00265,19430.585934619718,0.0,19430.585934619718,19430.585934619718,12166.275968279997,355576.63160123996,5062.058721793802,0.2817523627315287,0.7995080354214497,0.028993399921376638,-0.011496283768683675,0.32225058039785576,False
中证500ETF南方,9月,6.25,7.866,2026-09-23,202609,rule_fourth_wednesday,medium,33.0,23.0,69595.8257088,-1635031.6620911998,-1565435.8363823998,1704627.4877999998,148.0,3477.0,3625.0,13.0,1902.0,1915.0,0.0001,0.4625,0.076,35894.96129601,-1085243.8643578961,-1049348.903061886,1121138.8256539062,-888287.2619183997,-677148.5744640001,129.8561184601503,0.58975399865507,0.4309233842386752,0.3174305668913089,0.0521202382565711,0.3905290053257741,False
中证500ETF南方,9月,6.385,7.866,2026-09-23,202609,rule_fourth_wednesday,medium,33.0,23.0,736418.2556559598,-32063874.74835768,-31327456.49270172,32800293.00401364,1201.0,69746.0,70947.0,96.0,1476.0,1572.0,0.19154999999999997,0.4589,0.0867,304229.7913571476,-4546604.050095457,-4242374.258738309,4850833.841452604,-619687.46900592,-30707769.0236958,641.6847295358623,0.27745963022253,0.41689045936395763,0.05054794639275479,-0.009125310125567703,0.8161055054497784,False
中证500ETF南方,9月,6.5,7.866,2026-09-23,202609,rule_fourth_wednesday,medium,33.0,23.0,130807.73037959998,-4668482.791133999,-4537675.060754399,4799290.521513599,174.0,6210.0,6384.0,20.0,8496.0,8516.0,0.0001,0.4324,0.1215,66773.07028436803,-1991885.9908838395,-1925112.9205994715,2058659.0611682076,-4653447.419825999,115772.35907159999,418.0268966225231,0.4685669884491077,0.35893642542982795,0.7415292353823089,-0.028956043956043957,0.5923023070191313,False
中证500ETF南方,9月,6.631,7.866,2026-09-23,202609,rule_fourth_wednesday,medium,33.0,23.0,336705.6937608,-52510614.78776832,-52173909.09400752,52847320.48152912,364.0,69792.0,70156.0,4.0,3360.0,3364.0,0.1828,0.4295,0.13555,154162.9690140466,-14776703.03590263,-14622540.066888584,14930866.004916677,-2524321.2820968,-49649587.81191072,261.0783198859236,0.3696304236847534,0.350307287093942,0.029566032317063954,-0.0027752216114041504,0.8743891156540138,False
中证500ETF南方,9月,6.75,7.866,2026-09-23,202609,rule_fourth_wednesday,medium,33.0,23.0,489804.13552895986,-23022980.995466158,-22533176.8599372,23512785.130995117,448.0,21058.0,21506.0,45.0,12283.0,12328.0,0.0001,0.38839999999999997,0.1767,236378.89564620817,-9541803.27432779,-9305424.378681581,9778182.169974,-13379962.07723976,-9153214.78269744,247.18623219722207,0.4485228614985529,0.3687617260787993,0.34187009433130267,0.009119158463879416,0.8150085077165853,False
中证500ETF南方,9月,6.876,7.866,2026-09-23,202609,rule_fourth_wednesday,medium,33.0,23.0,1607841.7708665598,-13210470.130829401,-11602628.359962841,14818311.901695961,1259.0,11485.0,12744.0,20.0,5162.0,5182.0,0.16945000000000002,0.38935000000000003,0.19615,702435.0008658832,-2413863.355358396,-1711428.354492513,3116298.3562242794,-5911981.00957368,-5690647.35038916,515.6326673169783,0.3098020889657822,0.28008206720638773,0.23267071771966266,0.01208311039771714,0.725743341251772,False
中证500ETF南方,9月,7.0,7.866,2026-09-23,202609,rule_fourth_wednesday,medium,33.0,23.0,1564035.0100185596,-25955703.7990992,-24391668.78908064,27519738.80911776,1072.0,18004.0,19076.0,60.0,13893.0,13953.0,0.16959999999999997,0.35905,0.2344,682856.1176972855,-21009925.837183855,-20327069.71948657,21692781.95488114,-19941487.214547597,-4450181.574533041,160.26827414400188,0.6230260668341452,0.32558139534883723,0.41381600108765215,0.12029251266650291,0.8134912978190595,False
中证500ETF南方,9月,7.122,7.866,2026-09-23,202609,rule_fourth_wednesday,medium,33.0,23.0,1400457.5950622398,-19699242.014453758,-18298784.419391517,21099699.609516,858.0,11306.0,12164.0,19.0,2614.0,2633.0,0.1666,0.32655,0.2727,570923.8071453625,-10824904.387879351,-10253980.580733988,11395828.195024714,-4523544.286683119,-13775240.132708397,215.1009563971232,0.47858907332854184,0.18117629931576634,0.1266745961156009,0.027707246217082718,0.7189085749412424,False
中证500ETF南方,9月,7.25,7.866,2026-09-23,202609,rule_fourth_wednesday,medium,33.0,23.0,4250031.70166424,-37845477.4328064,-33595445.73114216,42095509.13447064,2358.0,18204.0,20562.0,346.0,15845.0,16191.0,0.16395,0.2872,0.31365,1929402.8668521265,-26002927.197125856,-24073524.33027373,27932330.063977983,-32317572.81770712,-1277872.9134350405,160.17498986058155,0.5705276267102649,0.18330632090761745,0.5085738084015872,0.021695358089469735,0.8393487763734859,False
中证500ETF南方,9月,7.367,7.866,2026-09-23,202609,rule_fourth_wednesday,medium,33.0,23.0,4995437.1494292,-27874675.04527439,-22879237.89584519,32870112.194703594,2818.0,11620.0,14438.0,192.0,2705.0,2897.0,0.2283,0.36624999999999996,0.33709999999999996,1904228.5486673296,-15743382.847767737,-13839154.299100406,17647611.396435067,-6148541.8493297985,-16730696.046515394,192.32301771391835,0.4729925972964125,0.1341918626353118,0.15046086200220124,0.04035041037253262,0.7593847590085501,False
中证500ETF南方,9月,7.5,7.866,2026-09-23,202609,rule_fourth_wednesday,medium,33.0,23.0,26115580.53274716,-74311169.35925014,-48195588.82650298,100426749.89199731,7329.0,27166.0,34495.0,3111.0,21885.0,24996.0,0.2384,0.29095000000000004,0.509,14292528.228178186,-56172720.091654286,-41880191.8634761,70465248.31983247,-48779778.58821215,584189.761709163,40.42103652998611,0.6515959758767784,0.0,0.6150403460852516,0.07486336594125816,0.9103678991679756,True
中证500ETF南方,9月,7.613,7.866,2026-09-23,202609,rule_fourth_wednesday,medium,33.0,23.0,14384365.717425115,-27632413.757952,-13248048.040526886,42016779.47537711,3246.0,9304.0,12550.0,1239.0,5217.0,6456.0,0.2493,0.21055,0.5981,7977384.4197570635,-16182140.184028344,-8204755.764271281,24159524.603785407,-10003708.194811922,-3244339.845714966,272.9762694682865,0.5701044091746091,0.0,0.4712135618730957,0.03425547189637138,0.7823606539786921,True
中证500ETF南方,9月,7.75,7.866,2026-09-23,202609,rule_fourth_wednesday,medium,33.0,23.0,111025517.86510846,-82639947.09018382,28385570.774924636,193665464.95529228,22296.0,26271.0,48567.0,24848.0,38362.0,63210.0,0.25565,0.11704999999999999,0.6566,105664782.8687062,-74858728.70437272,30806054.164333478,180523511.57307893,28385570.774924636,0.0,26.526178425717294,0.9287790572594262,0.0,1.2873506617843762,0.2294996210707867,0.9444892868322589,True
中证500ETF南方,9月,7.859,7.866,2026-09-23,202609,rule_fourth_wednesday,medium,33.0,23.0,33989649.65473464,-22946857.46739936,11042792.187335283,56936507.122134,6674.0,7143.0,13817.0,5921.0,3452.0,9373.0,0.25955,0.042700000000000016,0.67115,23025712.417536397,-13831250.550027652,9194461.867508745,36856962.96756405,19065201.643874522,-8022409.456539238,112.30101493087862,0.6400922325142488,0.06640899508081538,0.6852222215369896,0.0740603866373573,0.8154259582178991,True
中证500ETF南方,9月,8.0,7.866,2026-09-23,202609,rule_fourth_wednesday,medium,33.0,23.0,202652570.4407539,-98168857.24569696,104483713.19505695,300821427.68645084,41136.0,31128.0,72264.0,30230.0,16284.0,46514.0,0.26535,-0.049600000000000005,0.65295,138347444.5117285,-57564340.299229,80783104.2124995,195911784.8109575,97570100.49852672,6913612.696530238,50.1624061954897,0.6345318870143966,0.178688524590164,0.6290048625212057,0.036942351127175865,0.9659917270445635,True
中证500ETF南方,9月,8.104,7.866,2026-09-23,202609,rule_fourth_wednesday,medium,33.0,23.0,46332739.11463847,-20103130.44963936,26229608.66499911,66435869.56427783,10003.0,6628.0,16631.0,3637.0,428.0,4065.0,0.2696,-0.11289999999999997,0.6194000000000001,18154810.060038976,-5940725.598454447,12214084.461584529,24095535.658493422,15548013.120688556,10681595.544310551,288.5600239580234,0.34367396072456,0.24792817679558005,0.2140827275052246,0.026274622405846295,0.8089527071871376,True
中证500ETF南方,9月,8.25,7.866,2026-09-23,202609,rule_fourth_wednesday,medium,33.0,23.0,142139002.46191055,-33687464.0597658,108451538.40214474,175826466.52167636,36086.0,11995.0,48081.0,20267.0,1880.0,22147.0,0.2781,-0.18950000000000003,0.54525,86680637.11780535,-14404569.935236523,72276067.18256882,101085207.05304188,74549703.3594631,33901835.042681634,159.57873736872844,0.518712216987386,0.3214219417115276,0.35918126044916504,0.011909401396610328,0.9262732097786673,True
中证500ETF南方,9月,8.35,7.866,2026-09-23,202609,rule_fourth_wednesday,medium,33.0,23.0,46915778.639505595,-18473755.923345238,28442022.716160357,65389534.56285083,13640.0,7097.0,20737.0,5140.0,328.0,5468.0,0.28500000000000003,-0.23460000000000003,0.48829999999999996,27276662.889610454,-7279453.405109251,19997209.484501205,34556116.2947197,16825610.076279838,11616412.63988052,148.8905943208,0.4877196579378301,0.3683233822817492,0.21152477793061955,0.06571704358759461,0.8302594282225441,False
中证500ETF南方,9月,8.5,7.866,2026-09-23,202609,rule_fourth_wednesday,medium,33.0,23.0,69962645.45694599,-6775402.366054801,63187243.09089118,76738047.82300079,26235.0,2910.0,29145.0,16602.0,350.0,16952.0,0.29485,-0.28955,0.40365,48626631.141855724,-3641969.862319239,44984661.279536486,52268601.00417496,43458763.15726919,19728479.933622,82.39381377173025,0.6162826298836004,0.41337734069783105,0.3765468338314088,0.09522652122961442,0.8867124041869187,False
中证500ETF南方,9月,8.595,7.866,2026-09-23,202609,rule_fourth_wednesday,medium,33.0,23.0,24082712.94584628,-9389277.537107758,14693435.40873852,33471990.482954036,11023.0,4419.0,15442.0,5286.0,172.0,5458.0,0.3047,-0.317,0.34825,4663664.854640403,-4044719.27387379,618945.5807666127,8708384.128514193,11183233.69266408,3510201.7160744388,668.9983242361294,0.3122163213319547,0.44753901560624243,0.2592328037097934,0.026320925911695114,0.7865642719076671,False
中证500ETF南方,9月,8.75,7.866,2026-09-23,202609,rule_fourth_wednesday,medium,33.0,23.0,34049957.580908276,-1683928.17455976,32366029.406348515,35733885.75546803,21109.0,909.0,22018.0,14411.0,90.0,14501.0,0.3294,-0.34305,0.28005,11269918.372899568,-797896.4781683851,10472021.894731183,12067814.851067953,23078996.10657252,9287033.299775997,318.66219502356785,0.4024061661043871,0.4865703530369315,0.39085224311904876,0.011129467423954601,0.8351257753438197,False
中证500ETF南方,9月,8.841,7.866,2026-09-23,202609,rule_fourth_wednesday,medium,33.0,23.0,12485733.678066239,-5538087.83077776,6947645.847288479,18023821.508844,9377.0,3183.0,12560.0,5007.0,205.0,5212.0,0.3343,-0.36095,0.2482,2764710.6662979615,-2601366.4001331087,163344.26616485277,5366077.06643107,6310279.75157424,637366.0957142394,371.49698383499907,0.3455762111384847,0.49160377358490576,0.2991853684681314,0.0023122145384546567,0.7390282624872426,False
中证500ETF南方,9月,9.0,7.866,2026-09-23,202609,rule_fourth_wednesday,medium,33.0,23.0,8165320.3514519995,-1001211.5627953197,7164108.78865668,9166531.91424732,8514.0,647.0,9161.0,5767.0,24.0,5791.0,0.3488,-0.38280000000000003,0.20255,3845392.1166528,-475257.2733120496,3370134.8433407503,4320649.38996485,5493680.892556559,1670427.8961001202,341.40432313602906,0.4728120719893858,0.49634824466760713,0.35722461304755254,-0.017620396600566572,0.6691141954651514,False
中证500ETF南方,9月,9.086,7.866,2026-09-23,202609,rule_fourth_wednesday,medium,33.0,23.0,5027154.358014359,-2719938.2689490397,2307216.0890653194,7747092.626963399,5841.0,1877.0,7718.0,2775.0,93.0,2868.0,0.371,-0.384,0.18664999999999998,2786382.3422677643,-1318873.3795476714,1467508.9627200929,4105255.7218154357,2253584.981483639,53631.107581680175,136.6859810773352,0.5195786214534363,0.4812788906009245,0.26231851578826104,-0.03030561593892816,0.6148241914502502,False
中证500ETF南方,9月,9.25,7.866,2026-09-23,202609,rule_fourth_wednesday,medium,33.0,23.0,13896448.737554157,-986678.6080100399,12909770.129544117,14883127.345564198,20362.0,759.0,21121.0,3724.0,137.0,3861.0,0.3899,-0.39765,0.1602,7039597.921112198,-542217.8854922061,6497380.035619993,7581815.806604404,2363421.1532165995,10546348.976327518,138.01329337419608,0.528056910035853,0.47710344827586215,0.18169517762749826,0.02091884003527891,0.755364272456569,False
中证500ETF南方,9月,9.332,7.866,2026-09-23,202609,rule_fourth_wednesday,medium,33.0,23.0,4286305.9271088,-1737143.4891571198,2549162.4379516803,6023449.41626592,8247.0,1408.0,9655.0,2755.0,16.0,2771.0,0.39305,-0.40614999999999996,0.1417,1430016.02132256,-845416.1588890838,584599.8624334763,2275432.1802116437,1412146.8228297601,1137015.61512192,1047.123293311875,0.4101473286940534,0.4747464834805365,0.1727122534916278,0.011948210722508111,0.6125911144277457,False
中证500ETF南方,9月,9.578,7.866,2026-09-23,202609,rule_fourth_wednesday,medium,33.0,23.0,6342773.4783072,-1653413.1769396798,4689360.301367519,7996186.65524688,16944.0,1534.0,18478.0,1657.0,24.0,1681.0,0.44085,-0.4098,0.11735,882388.1989533601,-827394.7156639446,54993.48328941548,1709782.9146173047,594408.8642821199,4094951.4370853994,627.9489795374338,0.31976663873068195,0.46050198890694155,0.056719050283593905,0.004493642356114703,0.6607719213632486,False
中证500ETF南方,9月,9.823,7.866,2026-09-23,202609,rule_fourth_wednesday,medium,33.0,23.0,5809657.573578239,-910102.7813248798,4899554.792253359,6719760.35490312,20236.0,962.0,21198.0,1045.0,31.0,1076.0,0.46649999999999997,-0.4215,0.09965,200138.98305254403,-470134.4786137483,-269995.49556120427,670273.4616662923,270686.80144835997,4628867.990805,1171.3091503749754,0.27551115484650796,0.4644309951384065,0.04193258633365374,0.0045480368313128355,0.6387468736998214,False
中证500ETF南方,9月,10.314,7.866,2026-09-23,202609,rule_fourth_wednesday,medium,33.0,23.0,3522286.3184207994,-1032839.0541442798,2489447.2642765194,4555125.3725650795,18072.0,1291.0,19363.0,791.0,11.0,802.0,0.5789000000000001,-0.41409999999999997,0.0804,202558.74972379193,-537423.1352680498,-334864.3855442578,739981.8849918417,145367.90970551997,2344079.3545709997,657.9808628875261,0.28892177327846597,0.44787417634138693,0.026144946850004236,0.008258213246639574,0.5841915059320733,False
中证500ETF南方,12月,6.25,7.866,2026-12-23,202612,rule_fourth_wednesday,medium,124.0,88.0,2361030.9622963197,-5405732.01401904,-3044701.0517227207,7766762.9763153605,3488.0,7986.0,11474.0,253.0,2789.0,3042.0,0.0001,0.3843,0.1094,1077911.6463391148,-2018033.2677149142,-940121.6213757994,3095944.9140540287,-1716621.13543104,-1328079.9162916802,246.26516224816135,0.41492819048911767,0.3921266230435698,0.21088528347773744,0.06528829742376902,0.6469442733084227,False
中证500ETF南方,12月,6.5,7.866,2026-12-23,202612,rule_fourth_wednesday,medium,124.0,88.0,502114.57781472,-6402781.315794239,-5900666.737979519,6904895.893608958,612.0,7804.0,8416.0,37.0,1784.0,1821.0,0.0001,0.347,0.1326,216122.60644910156,-2234836.454434901,-2018713.8479857994,2450959.0608840026,-1433323.8030103198,-4467342.934969199,281.52663713552613,0.3897331942185557,0.2899332969885141,0.14452911696029855,0.016733654059539832,0.5938986142178171,False
中证500ETF南方,12月,6.75,7.866,2026-12-23,202612,rule_fourth_wednesday,medium,124.0,88.0,382906.35796644,-3839619.895297559,-3456713.537331119,4222526.253263999,399.0,4001.0,4400.0,53.0,957.0,1010.0,0.0001,0.3042,0.1551,166164.03280201214,-1428017.1859203468,-1261853.1531183347,1594181.2187223588,-867537.2120342398,-2589176.3252968793,339.3361708215597,0.40293551987273013,0.15362346799448623,0.18601114132494445,-0.03956172681275388,0.472918934515837,False
中证500ETF南方,12月,6.876,7.866,2026-12-23,202612,rule_fourth_wednesday,medium,124.0,88.0,1590098.795244,-5681545.072721999,-4091446.277477999,7271643.867965999,1550.0,5150.0,6700.0,15.0,633.0,648.0,0.16745,0.29345,0.17204999999999998,706208.3783404807,-2033624.0800700982,-1327415.7017296175,2739832.458410579,-682945.5454016399,-3408500.732076359,281.85772285151126,0.4010318298616034,0.18943995576474554,0.06629502035703101,0.012353013592820775,0.5413202066067002,False
中证500ETF南方,12月,7.0,7.866,2026-12-23,202612,rule_fourth_wednesday,medium,124.0,88.0,1262152.59743412,-7828787.904767999,-6566635.307333879,9090940.50220212,1161.0,6590.0,7751.0,11.0,717.0,728.0,0.1677,0.2683,0.18385,442948.09524064115,-3965131.3461871035,-3522183.250946462,4408079.441427745,-839823.24840228,-5726812.058931598,160.3434795896974,0.4287137106276726,0.1631090487238978,0.059137902415243,0.017917388911863865,0.5742039179777904,False
中证500ETF南方,12月,7.122,7.866,2026-12-23,202612,rule_fourth_wednesday,medium,124.0,88.0,1782608.47202592,-6187071.999210119,-4404463.5271842,7969680.471236039,1559.0,4833.0,6392.0,2.0,262.0,264.0,0.165,0.24380000000000002,0.19585,587189.5789275983,-678664.0856572062,-91474.50672960794,1265853.6645848046,-333118.24179192,-4071345.2853922797,406.1089529669058,0.21954487273044243,0.15201314708299096,0.027746754426584287,0.004804679339878839,0.5195940756482967,False
中证500ETF南方,12月,7.25,7.866,2026-12-23,202612,rule_fourth_wednesday,medium,124.0,88.0,1950526.9637351995,-9441916.186435198,-7491389.222699999,11392443.150170397,1630.0,6968.0,8598.0,73.0,1158.0,1231.0,0.1656,0.21534999999999999,0.2062,626801.6742571816,-2989585.016125703,-2362783.3418685216,3616386.690382885,-1481781.0103912796,-6009608.212308719,404.00653391662394,0.31898948594594834,0.19518156424581007,0.10548678269811865,0.0159953917804336,0.6214389721029547,False
中证500ETF南方,12月,7.367,7.866,2026-12-23,202612,rule_fourth_wednesday,medium,124.0,88.0,1336096.9247706,-5210287.036764479,-3874190.111993879,6546383.961535079,1077.0,3674.0,4751.0,34.0,555.0,589.0,0.16565,0.18885000000000002,0.21484999999999999,391340.953826796,-1356886.945230336,-965545.9914035399,1748227.899057132,-744894.3688883998,-3129295.74310548,475.9410961675094,0.2766616158016125,0.2233912778286063,0.0913153434837087,0.01906907970695048,0.49810072398586014,False
中证500ETF南方,12月,7.5,7.866,2026-12-23,202612,rule_fourth_wednesday,medium,124.0,88.0,7892066.399569199,-4693263.310512,3198803.0890571997,12585329.7100812,2715.0,3225.0,5940.0,455.0,1685.0,2140.0,0.2188,0.26385000000000003,0.3525,3078005.2594920974,-2117311.006260264,960694.2532318332,5195316.265752362,-1129527.6289668,4328330.718023999,396.79769454038575,0.4205754637946476,0.28558604770453977,0.34503404856739045,0.035755395368583215,0.6238987825829395,True
中证500ETF南方,12月,7.613,7.866,2026-12-23,202612,rule_fourth_wednesday,medium,124.0,88.0,10725194.408666397,-4656049.83841536,6069144.570251036,15381244.247081757,3130.0,3054.0,6184.0,130.0,266.0,396.0,0.22644999999999998,0.19845000000000002,0.4001,4021787.598717773,-1228873.3932045337,2792914.205513239,5250660.991922307,39918.60145295982,6029225.968798078,382.8359099862706,0.31945775861735115,0.27418599203560556,0.064316216515919,-0.00722725428057192,0.5802680932206543,True
中证500ETF南方,12月,7.75,7.866,2026-12-23,202612,rule_fourth_wednesday,medium,124.0,88.0,10949997.34056384,-7365658.250410199,3584339.09015364,18315655.59097404,3081.0,4849.0,7930.0,924.0,1091.0,2015.0,0.24025000000000002,0.1299,0.40995000000000004,4419573.976625819,-2587119.926720404,1832454.0499054147,7006693.903346223,1626697.8589575598,1957641.2311960803,367.77333223201947,0.3774274955439204,0.3419392983839179,0.2624487366571732,0.05432762881651886,0.6676349495276725,True
中证500ETF南方,12月,7.859,7.866,2026-12-23,202612,rule_fourth_wednesday,medium,124.0,88.0,10877955.018634798,-4071975.7810039194,6805979.237630879,14949930.799638718,3110.0,2778.0,5888.0,323.0,43.0,366.0,0.25454999999999994,0.08179999999999998,0.4011,1902301.329946896,-1177248.01801458,725053.311932316,3079549.347961476,1066739.1758971198,5739240.061733758,454.2826662817288,0.23199326033140483,0.41696202531645565,0.059668641299692814,-0.006682655246252677,0.5709573119468461,True
中证500ETF南方,12月,8.0,7.866,2026-12-23,202612,rule_fourth_wednesday,medium,124.0,88.0,17755815.705909118,-3790683.1647576,13965132.541151518,21546498.87066672,5229.0,2516.0,7745.0,2681.0,620.0,3301.0,0.25605,0.0252,0.39615,10249980.86236198,-1547496.1336583616,8702484.728703618,11797476.996020343,8169606.979123681,5795525.562027837,273.84053996829414,0.49275565408449257,0.40879975598596907,0.3795702151478197,0.10324259074259073,0.696212932689788,True
中证500ETF南方,12月,8.104,7.866,2026-12-23,202612,rule_fourth_wednesday,medium,124.0,88.0,7127768.358079199,-3764527.806077279,3363240.5520019196,10892296.164156478,2188.0,2609.0,4797.0,126.0,17.0,143.0,0.26755,-0.011899999999999994,0.37984999999999997,1589739.9262991997,-1345839.837351477,243900.0889477227,2935579.7636506767,385936.32559175993,2977304.2264101603,514.6337489067507,0.2902701761350059,0.4614299153339604,0.03205137188595517,0.00900173166812607,0.5109399341855987,True
中证500ETF南方,12月,8.25,7.866,2026-12-23,202612,rule_fourth_wednesday,medium,124.0,88.0,17338407.81133752,-1504577.8507399198,15833829.960597599,18842985.662077438,5773.0,1033.0,6806.0,1234.0,39.0,1273.0,0.27,-0.06155000000000002,0.3604,3216300.177578616,-549141.5205052386,2667158.6570733776,3765441.6980838543,3649344.4870668,12184485.4735308,453.98871584450245,0.27524096765998307,0.45716719396446825,0.12575389757942848,0.008991672155170854,0.6366139171876881,True
中证500ETF南方,12月,8.35,7.866,2026-12-23,202612,rule_fourth_wednesday,medium,124.0,88.0,10036179.028181158,-3076452.29098368,6959726.737197477,13112631.319164839,3489.0,2114.0,5603.0,147.0,76.0,223.0,0.26985000000000003,-0.09505,0.35005,2176375.194245304,-1161162.803103121,1015212.391142183,3337537.997348425,312247.5376935599,6647479.199503918,563.3728051208877,0.29714431359011506,0.4577272727272727,0.03904161016390749,-0.014193298480089381,0.5505416276959465,False
中证500ETF南方,12月,8.5,7.866,2026-12-23,202612,rule_fourth_wednesday,medium,124.0,88.0,11937758.124064319,-1102634.7327309598,10835123.391333358,13040392.85679528,4629.0,858.0,5487.0,1228.0,8.0,1236.0,0.2968,-0.12909999999999996,0.31225,5884432.165609113,-424758.59851601673,5459673.567093097,6309190.764125129,3156616.1883772803,7678507.202956079,269.809796436791,0.43907378044230794,0.4544982535636743,0.13730404397935184,-0.006531146221193518,0.5944511843272444,False
中证500ETF南方,12月,8.595,7.866,2026-12-23,202612,rule_fourth_wednesday,medium,124.0,88.0,8646619.2929892,-3298282.79803488,5348336.49495432,11944902.09102408,3611.0,2452.0,6063.0,162.0,1.0,163.0,0.2872,-0.158,0.3022,1884488.8904964,-1294653.1234018202,589835.7670945798,3179142.01389822,386567.43994296,4961769.05501136,514.3902275557251,0.3052342754880517,0.494715371778231,0.022635374600809652,0.00013850415512465375,0.5384412408625636,False
中证500ETF南方,12月,8.75,7.866,2026-12-23,202612,rule_fourth_wednesday,medium,124.0,88.0,6340065.2552530775,-1014018.8529477599,5326046.402305318,7354084.108200837,2997.0,801.0,3798.0,2315.0,6.0,2321.0,0.29869999999999997,-0.19145,0.27325,3226938.7855732553,-416648.9155592338,2810289.8700140216,3643587.701132489,4889718.689468038,436327.7128372793,463.25118959924043,0.45993218461382224,0.4674529464946167,0.3899648712382795,0.17866847826086957,0.5513123942539042,False
中证500ETF南方,12月,8.841,7.866,2026-12-23,202612,rule_fourth_wednesday,medium,124.0,88.0,6832431.591299999,-1027190.5807010399,5805241.0105989585,7859622.172001039,3500.0,841.0,4341.0,715.0,2.0,717.0,0.3065,-0.20749999999999996,0.25645,1104901.7944788001,-428630.2643689621,676271.5301098381,1533532.0588477622,1393325.3841541198,4411915.626444839,495.48903861168134,0.2894991769753049,0.45392662102915154,0.10333191778494989,0.0005339438658352107,0.5176137838150661,False
中证500ETF南方,12月,9.0,7.866,2026-12-23,202612,rule_fourth_wednesday,medium,124.0,88.0,5855857.619044318,-673012.91924496,5182844.699799358,6528870.538289278,3468.0,563.0,4031.0,1671.0,0.0,1671.0,0.308,-0.23929999999999998,0.23304999999999998,1597088.9187995612,-288889.9825988327,1308198.9362007286,1885978.9013983938,2821550.7731900387,2361293.926609319,435.66687340940746,0.3509911780162368,0.46000850882790895,0.24091695501730104,0.03551575046324892,0.5258616507371621,False
中证500ETF南方,12月,9.086,7.866,2026-12-23,202612,rule_fourth_wednesday,medium,124.0,88.0,2924340.12007416,-541926.7560633599,2382413.3640108,3466266.8761375197,1877.0,514.0,2391.0,643.0,0.0,643.0,0.342,-0.23720000000000002,0.2111,634661.2633529088,-235884.06425482288,398777.19909808587,870545.3276077317,1001785.1343674399,1380628.2296433602,448.7992366584218,0.3261482212004488,0.39507927484050287,0.17128396377197655,-0.015487867836861126,0.3986705013802509,False
中证500ETF南方,12月,9.25,7.866,2026-12-23,202612,rule_fourth_wednesday,medium,124.0,88.0,5402454.55056972,-554044.1516063999,4848410.39896332,5956498.702176119,4063.0,560.0,4623.0,1598.0,0.0,1598.0,0.3581,-0.25555,0.1874,2415290.851529642,-247524.17764234394,2167766.673887298,2662815.029171986,2124814.76047512,2723595.6384881996,289.68147994810624,0.4469159039076238,0.3809401269514497,0.19665271966527198,0.005725665919840677,0.5264426436765411,False
中证500ETF南方,12月,9.332,7.866,2026-12-23,202612,rule_fourth_wednesday,medium,124.0,88.0,3603915.391092479,-1376982.61615584,2226932.7749366392,4980898.00724832,2924.0,1192.0,4116.0,638.0,0.0,638.0,0.30405000000000004,-0.2978,0.19295,1035324.5309567999,-620534.0105123451,414790.52044445474,1655858.541469145,786353.6318457598,1440579.1430908795,357.0368884986069,0.36896268694629103,0.48792583009918067,0.10909712722298222,0.021026372059871703,0.4713858843103604,False
中证500ETF南方,12月,9.578,7.866,2026-12-23,202612,rule_fourth_wednesday,medium,124.0,88.0,10106744.418780478,-2346812.94594708,7759931.472833398,12453557.364727557,10424.0,2099.0,12523.0,4937.0,0.0,4937.0,0.2888,-0.3445,0.16870000000000002,4885969.148697203,-1087351.3114167089,3798617.837280494,5973320.460113912,4786741.864497239,2973189.608336159,276.674923014851,0.4733837760931077,0.4792849035187287,0.23680928626247122,0.010830147995687543,0.7124614627276828,False
中证500ETF南方,12月,9.823,7.866,2026-12-23,202612,rule_fourth_wednesday,medium,124.0,88.0,8931710.970133917,-3638673.7046150398,5293037.265518878,12570384.674748957,11698.0,4039.0,15737.0,4635.0,11.0,4646.0,0.37029999999999996,-0.3188,0.1345,4006765.3778126286,-1730726.132093292,2276039.245719337,5737491.50990592,3529026.8671874385,1764010.3983314387,169.80883840086904,0.46212375200821476,0.4125216756411427,0.19947251136772934,0.0028370013755158185,0.7305229935297652,False
中证500ETF南方,12月,10.314,7.866,2026-12-23,202612,rule_fourth_wednesday,medium,124.0,88.0,3397059.6188723994,-1179263.15227872,2217796.4665936795,4576322.77115112,6994.0,1542.0,8536.0,78322.0,12.0,78334.0,0.4223,-0.3335,0.10105,2362998.655708306,-582548.2996143145,1780450.3560939915,2945546.9553226205,3387882.4737184793,-1170086.0071248,156.17614455348007,0.5947973227724972,0.3897791172038664,5.603118960220489,0.022434823138615508,0.6439066524648838,False
中证500ETF南方,3月,6.25,7.866,2027-03-24,202703,rule_fourth_wednesday,medium,215.0,153.0,1699811.8378045198,-2049616.8667900797,-349805.02898555994,3749428.7045945995,2739.0,3176.0,5915.0,100.0,349.0,449.0,0.17504999999999998,0.34795000000000004,0.1023,675369.1024057212,-1180056.9895572553,-504687.8871515341,1855426.0919629764,-163165.95314891997,-186639.07583663985,178.43340701643493,0.4865325393744416,0.014963503649635168,0.07319816246897368,0.04026258937902129,0.4535216111940534,False
中证500ETF南方,3月,6.5,7.866,2027-03-24,202703,rule_fourth_wednesday,medium,215.0,153.0,1585635.20805816,-2246737.39077312,-661102.1827149598,3832372.59883128,2282.0,2996.0,5278.0,140.0,77.0,217.0,0.17375000000000002,0.31484999999999996,0.11674999999999999,588546.2465075627,-619646.5941580419,-31100.347650479176,1208192.8406656045,39534.98292576,-700637.1656407197,367.40502698816135,0.3234861039756656,0.03950953678474123,0.043525313915486495,0.03371983694378934,0.4287856079698877,False
中证500ETF南方,3月,6.75,7.866,2027-03-24,202703,rule_fourth_wednesday,medium,215.0,153.0,2617362.38721312,-1359525.4982099999,1257836.88900312,3976887.8854231196,3428.0,1598.0,5026.0,523.0,154.0,677.0,0.17305,0.27845,0.13045,682860.3580009438,-324312.34037399996,358548.0176269438,1007172.6983749438,268305.27288192,989531.6161211999,546.0376503689924,0.24972227994683904,0.09387108136667832,0.12446877879730059,0.08417939451866259,0.4566089670419731,False
中证500ETF南方,3月,7.0,7.866,2027-03-24,202703,rule_fourth_wednesday,medium,215.0,153.0,930351.6521654399,-1743332.12223624,-812980.4700708,2673683.7744016796,1128.0,1861.0,2989.0,23.0,79.0,102.0,0.1741,0.23895,0.14235,383097.7542106691,-378268.409972592,4829.3442380770575,761366.1641832611,-55035.02764331999,-757945.4424274802,535.7801412818925,0.31437874287558504,0.16666666666666663,0.03142018323100903,0.014960133790293137,0.3398598687585954,False
中证500ETF南方,3月,7.25,7.866,2027-03-24,202703,rule_fourth_wednesday,medium,215.0,153.0,696247.2084625199,-1289963.0844374401,-593715.8759749202,1986210.2928999602,793.0,1262.0,2055.0,166.0,94.0,260.0,0.17250000000000001,0.1986,0.15355000000000002,140360.37423289835,-63003.85693516802,77356.51729773033,203364.23116806638,49663.74952295997,-643379.6254978802,529.076437311187,0.12521859878547667,0.1935771632471009,0.14190829824354545,-0.03830238545529765,0.30617068861387847,False
中证500ETF南方,3月,7.5,7.866,2027-03-24,202703,rule_fourth_wednesday,medium,215.0,153.0,1119552.3097804799,-1376101.5310224004,-256549.2212419205,2495653.84080288,1216.0,1316.0,2532.0,30.0,93.0,123.0,0.17955,0.15545,0.15889999999999999,316541.1616321972,-314119.2248625601,2421.9367696371046,630660.3864947574,-69626.76268680004,-186922.45855512074,506.34264649152095,0.255503265897187,0.3045423262216106,0.04766987282034875,0.01904705716840104,0.326083854433943,True
中证500ETF南方,3月,7.75,7.866,2027-03-24,202703,rule_fourth_wednesday,medium,215.0,153.0,7374379.384508399,-1996966.461411,5377412.923097399,9371345.845919399,2234.0,1871.0,4105.0,91.0,121.0,212.0,0.23645,0.16080000000000003,0.353,1595031.38701632,-735903.9681299849,859127.418886335,2330935.3551463047,171242.3606256,5206170.5624718,548.8675539477982,0.29240228690847514,0.359324646209892,0.052702703995919434,0.030251017487478833,0.4966924157106932,True
中证500ETF南方,3月,8.0,7.866,2027-03-24,202703,rule_fourth_wednesday,medium,215.0,153.0,8883431.95974624,-1848519.08491536,7034912.874830879,10731951.0446616,2808.0,1741.0,4549.0,338.0,39.0,377.0,0.25275,0.06500000000000003,0.34145,2204407.190011104,-482490.9289871594,1721916.2610239447,2686898.1189982635,1027893.4688412,6007019.40598968,551.8654841590267,0.2545814983480441,0.4124870287097889,0.0713856446912162,0.047417710050087776,0.5282943578630761,True
中证500ETF南方,3月,8.25,7.866,2027-03-24,202703,rule_fourth_wednesday,medium,215.0,153.0,3884615.2548403204,-908091.8777548798,2976523.377085441,4792707.1325952,1372.0,882.0,2254.0,216.0,190.0,406.0,0.26880000000000004,-0.01075000000000001,0.312,1021551.8833428482,-356150.4639321181,665401.41941073,1377702.3472749663,415951.3816473601,2560571.9954380807,600.2451425618634,0.32758513476021534,0.465283091048202,0.1864269517330742,0.1595738081205993,0.4220146594298165,True
中证500ETF南方,3月,8.5,7.866,2027-03-24,202703,rule_fourth_wednesday,medium,215.0,153.0,6457918.43546496,-2387762.98624656,4070155.4492184,8845681.42171152,2608.0,2444.0,5052.0,53.0,9.0,62.0,0.2857,-0.07189999999999999,0.27905,1380285.8289199697,-837780.8547949141,542504.9741250556,2218066.683714884,122445.4652262,3947709.9839922003,403.1263088752119,0.2822998676227528,0.48517865726646375,0.012002286807305735,0.0015384615384615385,0.4788696533056011,False
中证500ETF南方,3月,8.75,7.866,2027-03-24,202703,rule_fourth_wednesday,medium,215.0,153.0,6440217.53413248,-2349176.53106628,4091041.0030662,8789394.06519876,3024.0,2467.0,5491.0,81.0,12.0,93.0,0.29445,-0.125,0.24905,927698.0019405121,-907034.1658954899,20663.83604502224,1834732.167836002,161078.94461303996,3929962.05845316,552.3330090835005,0.26507745064029714,0.4714746285393889,0.015824960912617987,0.004027033907511995,0.49186782868157386,False
中证500ETF南方,3月,9.0,7.866,2027-03-24,202703,rule_fourth_wednesday,medium,215.0,153.0,3268564.73696808,-950346.8397864,2318217.89718168,4218911.57675448,1826.0,1060.0,2886.0,354.0,271.0,625.0,0.3112,-0.16440000000000002,0.21710000000000002,1217679.534874904,-487894.5430227725,729784.9918521314,1705574.0778976765,390698.76398508006,1927519.1331966002,308.67647093384744,0.4429641736424734,0.4413550267119961,0.22476337597387835,0.22827313333642446,0.4316416530984962,False
中证500ETF南方,3月,9.25,7.866,2027-03-24,202703,rule_fourth_wednesday,medium,215.0,153.0,2479210.21825632,-847363.82742,1631846.39083632,3326574.04567632,1653.0,996.0,2649.0,788.0,290.0,1078.0,0.3249,-0.1981,0.18995,503734.871100492,-465762.0118177926,37972.85928269941,969496.8829182846,935139.45888072,696706.9319556,382.0314347374502,0.37642180894198896,0.4234975607140942,0.38393683627431685,0.34459357315157446,0.41883853452252945,False
中证500ETF嘉实,8月,2.75,3.194,2026-08-26,202608,rule_fourth_wednesday,medium,5.0,3.0,24428.837565600003,-54854.196771999996,-30425.359206399993,79283.0343376,130.0,1900.0,2030.0,44.0,1676.0,1720.0,0.4801,0.4907,0.10625,14024.5454806372,-23011.816723018666,-8987.271242381466,37036.362203655866,-40118.95373359999,9693.5945272,7243.661310939598,0.4968033591912554,0.9968715083798882,0.6102834008097167,0.18487489774618487,0.17281376173231772,False
中证500ETF嘉实,8月,2.8,3.194,2026-08-26,202608,rule_fourth_wednesday,medium,5.0,3.0,32984.745646079995,-137931.42357071998,-104946.67792463998,170916.1692168,421.0,2889.0,3310.0,24.0,1661.0,1685.0,0.18314999999999998,0.4968,0.061799999999999994,14676.79123801625,-37851.170857344,-23174.379619327745,52527.96209536025,-77421.84786575999,-27524.83005887999,7611.1536987351465,0.3596885734935946,0.491346398574701,0.31597327564872574,0.06907534400744286,0.21877521023605054,False
中证500ETF嘉实,8月,2.85,3.194,2026-08-26,202608,rule_fourth_wednesday,medium,5.0,3.0,301166.06692859996,-426383.19155252,-125217.12462392001,727549.25848112,681.0,2627.0,3308.0,25.0,1178.0,1203.0,0.46275,0.47245000000000004,0.2963,125197.27232981783,-133330.63535871467,-8133.363028896842,258527.9076885325,-180142.83486427995,54925.71024036,3970.513758370378,0.36420493104689233,0.7894406392694067,0.2425654853836277,0.09507918552036199,0.2903242714896571,False
中证500ETF嘉实,8月,2.9,3.194,2026-08-26,202608,rule_fourth_wednesday,medium,5.0,3.0,333312.95220999996,-723436.06086228,-390123.10865228,1056749.01307228,875.0,2677.0,3552.0,65.0,1987.0,2052.0,0.17735,0.4793,0.31915000000000004,134084.49474904995,-225122.61602573315,-91038.1212766832,359207.11077478307,-512209.1471550799,122086.03850279999,3988.301474172342,0.3567316547760886,0.48327074086719013,0.4082672501200704,-0.016212692879858992,0.3551198461470011,False
中证500ETF嘉实,8月,2.95,3.194,2026-08-26,202608,rule_fourth_wednesday,medium,5.0,3.0,833263.0994329599,-2486652.75363804,-1653389.65420508,3319915.8530709995,1204.0,5109.0,6313.0,216.0,3014.0,3230.0,0.16599999999999998,0.45875,0.57775,336954.0252582205,-835454.97193574,-498500.9466775195,1172408.9971939605,-1317485.180402,-335904.4738030799,1682.2651937155754,0.3701773203725983,0.4583333333333333,0.384670658059616,0.020232266456078417,0.5164513849403574,False
中证500ETF嘉实,8月,3.0,3.194,2026-08-26,202608,rule_fourth_wednesday,medium,5.0,3.0,1876866.3863719997,-5180039.824521599,-3303173.4381495994,7056906.210893599,1684.0,6540.0,8224.0,833.0,6912.0,7745.0,0.1467,0.4273,0.93445,1069483.2881653144,-3108023.89471296,-2038540.6065476455,4177507.1828782745,-4251637.3899326,948463.951783,1162.9321332057052,0.5849119404372294,0.44633642930856554,0.7757681579463488,0.13723536488547775,0.6429111646501644,False
中证500ETF嘉实,8月,3.1,3.194,2026-08-26,202608,rule_fourth_wednesday,medium,5.0,3.0,13212136.94730552,-33299197.915669557,-20087060.968364038,46511334.862975076,6807.0,13473.0,20280.0,8406.0,15312.0,23718.0,0.20704999999999998,0.3826,2.16265,7363057.554365584,-25468640.263195373,-18105582.70882979,32831697.817560956,-20087060.968364038,0.0,215.33077213031638,0.6610687156290802,0.2438775510204082,1.1857002286243317,0.31089137139242684,0.8514100684559921,True
中证500ETF嘉实,8月,3.2,3.194,2026-08-26,202608,rule_fourth_wednesday,medium,5.0,3.0,69564719.00201207,-43243313.30400702,26321405.69800505,112808032.3060191,13189.0,10106.0,23295.0,26384.0,24382.0,50766.0,0.21025,-0.011649999999999994,4.6823,31194735.659072656,-36919241.65201766,-5724505.992945004,68113977.31109032,26321405.69800505,0.0,273.52125712781447,0.6510918088874141,0.0,2.206540543616991,0.4958823119176481,0.8934363490376824,True
中证500ETF嘉实,8月,3.3,3.194,2026-08-26,202608,rule_fourth_wednesday,medium,5.0,3.0,37165534.00020527,-11666955.74010336,25498578.26010191,48832489.74030863,15429.0,4806.0,20235.0,13784.0,3922.0,17706.0,0.24869999999999998,-0.33965,2.3704,20404610.44444156,-9066056.42361641,11338554.020825151,29470666.86805797,23682067.200698555,1816511.0594033585,321.94985683357737,0.6630454998473181,0.3745674740484429,0.8547229227449096,0.14963693773020234,0.8487457484507902,True
中证500ETF嘉实,8月,3.4,3.194,2026-08-26,202608,rule_fourth_wednesday,medium,5.0,3.0,8225838.43238712,-2578323.3285213597,5647515.10386576,10804161.76090848,14006.0,2237.0,16243.0,3854.0,1069.0,4923.0,0.29924999999999996,-0.44195,0.8527499999999999,1352046.1578381383,-1460466.6453244477,-108420.48748630937,2812512.803162586,1031376.8302257601,4616138.273640001,1251.5538628368904,0.36540310697355727,0.4856870229007633,0.37651996771803076,0.11320920208401768,0.7238203080743955,False
中证500ETF嘉实,8月,3.5,3.194,2026-08-26,202608,rule_fourth_wednesday,medium,5.0,3.0,1609837.8499574799,-457108.7849063999,1152729.06505108,2066946.6348638798,8801.0,657.0,9458.0,2798.0,410.0,3208.0,0.3761,-0.4629,0.43065000000000003,212177.5494159472,-313602.7119367243,-101425.16252077711,525780.2613526715,226538.95724504,926190.1078060401,5012.940795858945,0.40892881912128176,0.4906088082901554,0.47098356230101845,-0.17346035329394732,0.5010447913504873,False
中证500ETF嘉实,8月,3.6,3.194,2026-08-26,202608,rule_fourth_wednesday,medium,5.0,3.0,255625.86180823998,-208677.01478899998,46948.84701924,464302.87659724,4298.0,425.0,4723.0,335.0,14.0,349.0,0.44885,-0.47095000000000004,0.2698,59094.89443756799,-104339.70496703836,-45244.810529470364,163434.59940460636,13050.238820279998,33898.60819896002,6070.731707317073,0.3655915153222649,0.48825544409102023,0.055442202939807846,0.021421179795899616,0.23548786195664445,False
中证500ETF嘉实,8月,3.7,3.194,2026-08-26,202608,rule_fourth_wednesday,medium,5.0,3.0,332883.56535075995,-278933.131512,53950.43383875996,611816.69686276,4997.0,504.0,5501.0,961.0,48.0,1009.0,0.7035,-0.42995,0.3039,31341.332570510545,-136759.93698661146,-105418.60441610092,168101.269557122,37453.57229587999,16496.861542879953,5092.374213836478,0.29222376601653255,0.4505287009063444,0.14377674223581768,-0.007722824885144211,0.30443070764494295,False
中证500ETF嘉实,8月,3.8,3.194,2026-08-26,202608,rule_fourth_wednesday,medium,5.0,3.0,261303.68434039998,-120011.94388763998,141291.74045276002,381315.62822803995,3965.0,263.0,4228.0,538.0,13.0,551.0,0.79125,-0.43939999999999996,0.25595,53377.785405172,-58914.97609121313,-5537.190686041133,112292.76149638512,29523.43256764,111768.30788512,5080.539119000657,0.3475920890696331,0.7623484365028717,0.09255846067539641,0.005080985779052195,0.23137726971622874,False
中证500ETF嘉实,8月,3.9,3.194,2026-08-26,202608,rule_fourth_wednesday,medium,5.0,3.0,67636.84668,-69672.78717652,-2035.9404965199938,137309.63385652,2652.0,517.0,3169.0,440.0,303.0,743.0,0.6115499999999999,-0.49165,0.07855,7494.801914666667,-50113.737474903806,-42618.935560237136,57608.53938957048,-29611.574702679995,27575.634206160004,3405.3062376517073,0.4150411027316856,0.7978711325574793,0.37599300991040663,0.004476899579992363,0.17593082557969725,False
中证500ETF嘉实,8月,4.0,3.194,2026-08-26,202608,rule_fourth_wednesday,medium,5.0,3.0,153817.717199,-115257.26739711998,38560.44980188002,269074.98459611996,7355.0,556.0,7911.0,71638.0,0.0,71638.0,0.7595000000000001,-0.48155000000000003,0.11184999999999999,88872.4588260889,-57061.046561414994,31811.412264673905,145933.5053875039,153817.717199,-115257.26739711998,5065.577827270478,0.5364266270725065,0.6,4.8700203942895985,0.8300180831826401,0.3883627043386531,False
中证500ETF嘉实,8月,4.1,3.194,2026-08-26,202608,rule_fourth_wednesday,medium,5.0,3.0,107018.01809807999,-407262.3672140799,-300244.3491159999,514280.3853121599,6099.0,1273.0,7372.0,371.0,10.0,381.0,1.05905,-0.44355,0.1654,20949.89314539886,-206171.09844550292,-185221.20530010408,227120.99159090177,3310.6349147200003,-303554.98403071985,8060.5660169584835,0.3509984928971681,0.7676382340334333,0.034342551874175606,-0.00812117181314331,0.2819128964358687,False
中证500ETF嘉实,9月,2.75,3.194,2026-09-23,202609,rule_fourth_wednesday,medium,33.0,23.0,54144.16290639999,-962826.1209928798,-908681.9580864798,1016970.2838992799,119.0,2346.0,2465.0,28.0,1368.0,1396.0,0.18405,0.405,0.42415,29612.152939783464,-312836.4069594301,-283224.2540196466,342448.55989921355,-548703.56163424,-359978.3964522399,326.3778308563343,0.43591393309839377,0.39158016147635527,0.40920716112531974,0.3035362395462847,0.31746823243063765,False
中证500ETF嘉实,9月,2.8,3.194,2026-09-23,202609,rule_fourth_wednesday,medium,33.0,23.0,827238.4212767999,-6577724.452223079,-5750486.030946279,7404962.87349988,1560.0,13297.0,14857.0,46.0,2003.0,2049.0,0.17445,0.38365,0.5023500000000001,365890.3219775098,-1273365.4034706454,-907475.0814931355,1639255.7254481553,-966445.76346204,-4784040.267484239,430.6075280651555,0.31794543618975785,0.34544497103738814,0.0900613305873891,0.03028970495222919,0.6558614417321826,False
中证500ETF嘉实,9月,2.85,3.194,2026-09-23,202609,rule_fourth_wednesday,medium,33.0,23.0,394897.57631663996,-3638825.0133962394,-3243927.4370795996,4033722.589712879,652.0,6014.0,6666.0,20.0,1042.0,1062.0,0.1705,0.35509999999999997,0.5933999999999999,169487.09868467136,-1001463.9025124315,-831976.8038277602,1170951.001197103,-618358.0878823199,-2625569.3491972797,360.728785175098,0.3522044187374528,0.2900334244910362,0.1019686171938279,0.06852269057680754,0.4983565030659078,False
中证500ETF嘉实,9月,2.9,3.194,2026-09-23,202609,rule_fourth_wednesday,medium,33.0,23.0,978706.8037213598,-2610208.54183936,-1631501.7381179999,3588915.3455607197,1442.0,3584.0,5026.0,155.0,641.0,796.0,0.16759999999999997,0.3213,0.6896,406159.25125530607,-799679.2785989091,-393520.0273436031,1205838.5298542152,-361636.16230224,-1269865.57581576,266.5671641791045,0.36068094416526936,0.26569468267581464,0.14317002210471566,0.034892877362048574,0.4509513209985561,False
中证500ETF嘉实,9月,2.95,3.194,2026-09-23,202609,rule_fourth_wednesday,medium,33.0,23.0,849065.8416623999,-2784934.0019385596,-1935868.1602761596,3633999.8436009595,1137.0,3236.0,4373.0,508.0,436.0,944.0,0.16355,0.28364999999999996,0.7878000000000001,474104.61181286996,-1048352.336018442,-574247.7242055719,1522456.947831312,4127.989991040085,-1939996.1502671998,311.1179785408433,0.4674104246704265,0.1842961757526443,0.29076201875775276,0.11917881295788871,0.44955397756796,False
中证500ETF嘉实,9月,3.0,3.194,2026-09-23,202609,rule_fourth_wednesday,medium,33.0,23.0,1154290.42544088,-2763586.4665103997,-1609296.0410695197,3917876.8919512797,2346.0,2787.0,5133.0,593.0,1341.0,1934.0,0.21614999999999998,0.37245,0.72715,537881.1038196083,-1269668.0365899282,-731786.9327703199,1807549.1404095367,-1037963.5165091599,-571332.5245603599,313.4342285706806,0.46270592658067644,0.10607521697203459,0.3669666069263855,0.2740308544303798,0.4991145511958489,False
中证500ETF嘉实,9月,3.1,3.194,2026-09-23,202609,rule_fourth_wednesday,medium,33.0,23.0,8760138.50818568,-4810539.119010599,3949599.3891750798,13570677.627196278,4774.0,3945.0,8719.0,2108.0,3331.0,5439.0,0.25155,0.195,1.4969999999999999,5745758.641175621,-4205218.498446133,1540540.1427294882,9950977.139621753,-193713.45913692052,4143312.8483120003,61.61693741214642,0.7650329853854114,0.0,0.6429591954306784,0.3402495955164753,0.6944622415351268,True
中证500ETF嘉实,9月,3.2,3.194,2026-09-23,202609,rule_fourth_wednesday,medium,33.0,23.0,12352701.55071456,-7726216.675826999,4626484.8748875605,20078918.22654156,6044.0,5837.0,11881.0,5163.0,2472.0,7635.0,0.2592,0.027950000000000003,1.6504500000000002,8254741.691136059,-3939927.2566842637,4314814.434451796,12194668.947820323,7280024.35555512,-2653539.4806675604,222.76822276822287,0.5890982938370136,0.08649789029535848,0.6388704154230974,0.13227337655202726,0.7492060766403316,True
中证500ETF嘉实,9月,3.3,3.194,2026-09-23,202609,rule_fourth_wednesday,medium,33.0,23.0,21898196.2756772,-4875458.14784384,17022738.12783336,26773654.423521042,12085.0,4012.0,16097.0,6942.0,855.0,7797.0,0.27344999999999997,-0.12405,1.4837,13257653.153457195,-2080284.7056320638,11177368.44782513,15337937.859089259,11539993.11555984,5482745.01227352,194.6756367363368,0.5160535610858349,0.27838427947598254,0.393770890472975,0.12672294880181242,0.7884379157833435,True
中证500ETF嘉实,9月,3.4,3.194,2026-09-23,202609,rule_fourth_wednesday,medium,33.0,23.0,13004319.216316799,-2209766.172324,10794553.043992799,15214085.388640799,9710.0,2060.0,11770.0,2778.0,476.0,3254.0,0.2813,-0.2457,1.18215,4972795.908572906,-1061402.485217745,3911393.4233551607,6034198.393790651,3209888.04630384,7584664.99768896,240.0917232189896,0.43135957514082524,0.36249014972419236,0.2585823842900423,0.075733486654011,0.7079595508862999,False
中证500ETF嘉实,9月,3.5,3.194,2026-09-23,202609,rule_fourth_wednesday,medium,33.0,23.0,10721701.1209896,-1201249.98417792,9520451.136811681,11922951.10516752,12215.0,1418.0,13633.0,3201.0,448.0,3649.0,0.3137,-0.3155,0.8454,1245086.7631850815,-660258.6452292287,584828.1179558529,1905345.4084143103,2430153.3390283203,7090297.79778336,358.39149439650186,0.3328853627538323,0.4581770983559273,0.28899639567758434,0.1410955116680938,0.707633710275925,False
中证500ETF嘉实,9月,3.6,3.194,2026-09-23,202609,rule_fourth_wednesday,medium,33.0,23.0,3774249.4869363196,-1000408.1318859999,2773841.35505032,4774657.618822319,6923.0,1450.0,8373.0,2188.0,12.0,2200.0,0.34565,-0.35819999999999996,0.60535,1231987.4318328318,-449943.04228924686,782044.389543585,1681930.4741220786,1184564.5964017597,1589276.7586485597,815.9692898272558,0.388089331769669,0.4961538461538462,0.16216190907868325,0.009211248251921364,0.5682093081423221,False
中证500ETF嘉实,9月,3.7,3.194,2026-09-23,202609,rule_fourth_wednesday,medium,33.0,23.0,2266294.35554724,-671365.8905546799,1594928.46499256,2937660.24610192,6441.0,1223.0,7664.0,2282.0,6.0,2288.0,0.43184999999999996,-0.35655,0.4415,774431.5908336401,-313635.3259902446,460796.2648433955,1088066.9168238847,799638.09911152,795290.3658810401,1253.0826270294842,0.40443858956216183,0.4227792436235707,0.1795993903020346,0.07766816143497758,0.5043871728577266,False
中证500ETF嘉实,9月,3.8,3.194,2026-09-23,202609,rule_fourth_wednesday,medium,33.0,23.0,1944600.9647248792,-627043.5567399999,1317557.4079848793,2571644.521464879,7281.0,1294.0,8575.0,524.0,13.0,537.0,0.4696,-0.3722,0.36839999999999995,250439.8193410959,-304103.7417036407,-53663.922362544836,554543.5610447366,133649.79694151995,1183907.6110433592,1217.2560777776532,0.30688375288292064,0.4254564659725366,0.041007252048322076,0.013542107490478206,0.44690473917207746,False
中证500ETF嘉实,9月,3.9,3.194,2026-09-23,202609,rule_fourth_wednesday,medium,33.0,23.0,2027602.0873190397,-561237.6996892799,1466364.38762976,2588839.7870083195,11712.0,1308.0,13020.0,727.0,6.0,733.0,0.5093,-0.38255,0.29514999999999997,455864.22612094396,-276279.422863798,179584.80325714598,732143.6489847419,123285.03678187999,1343079.35084788,1775.7962921008286,0.3585486735349218,0.4208567324017238,0.03333012169749837,-0.005201859351738481,0.4901266812959596,False
中证500ETF嘉实,9月,4.0,3.194,2026-09-23,202609,rule_fourth_wednesday,medium,33.0,23.0,1466586.3752291198,-284481.80133240006,1182104.5738967196,1751068.17656152,10858.0,735.0,11593.0,476.0,5.0,481.0,0.5497000000000001,-0.3896,0.2559,27881.966522725546,-143181.56321793995,-115299.59669521441,171063.52974066552,62357.90811543998,1119746.6657812796,2562.1340661966783,0.2611590275039292,0.4235212569316081,0.025320682702994625,0.005964585274930103,0.42872917266698324,False
中证500ETF嘉实,9月,4.1,3.194,2026-09-23,202609,rule_fourth_wednesday,medium,33.0,23.0,2188326.82217184,-387680.32691208,1800646.49525976,2576007.14908392,18916.0,1098.0,20014.0,1048.0,5.0,1053.0,0.59155,-0.39455,0.22975,97125.28763616002,-197245.2955018819,-100120.00786572187,294370.5831380419,119474.11363771999,1681172.3816220397,1220.9395373650025,0.2765833528870375,0.4272990886495443,0.029978283820984424,0.0032724950779545576,0.5309460016634896,False
中证500ETF嘉实,12月,2.75,3.194,2026-12-23,202612,rule_fourth_wednesday,medium,124.0,88.0,27825.676304519995,-471877.99939267995,-444052.32308815996,499703.67569719994,69.0,1129.0,1198.0,9.0,142.0,151.0,0.1673,0.3176,0.40249999999999997,9542.709408455683,-118115.786207592,-108573.07679913631,127658.49561604769,-55721.02978292,-388331.29330524,457.8701365781891,0.2966280946785398,0.3148943661971832,0.12810490237609273,-0.00473036297778566,0.14955636977773218,False
中证500ETF嘉实,12月,2.8,3.194,2026-12-23,202612,rule_fourth_wednesday,medium,124.0,88.0,1060292.85738596,-1458587.0684087998,-398294.2110228399,2518879.9257947598,2453.0,3190.0,5643.0,38.0,216.0,254.0,0.16445,0.29505000000000003,0.43595,348050.8208963845,-331222.71860668797,16828.102289696515,679273.5395030724,-82338.01625415999,-315956.19476868,508.8314901010378,0.27767188945813004,0.23731214521700372,0.04160141698412921,0.02786812222653416,0.39089563753300866,False
中证500ETF嘉实,12月,2.85,3.194,2026-12-23,202612,rule_fourth_wednesday,medium,124.0,88.0,253690.20339359998,-1758247.0678147196,-1504556.8644211197,2011937.2712083196,552.0,3633.0,4185.0,0.0,356.0,356.0,0.1698,0.26685,0.46245,76955.26534553588,-776556.881036632,-699601.615691096,853512.1463821679,-172291.75781503995,-1332265.1066060797,308.867124469961,0.37250442869267975,0.616304347826087,0.04899532067162125,0.04256272401433692,0.3532714517617827,False
中证500ETF嘉实,12月,2.9,3.194,2026-12-23,202612,rule_fourth_wednesday,medium,124.0,88.0,1412466.3902000398,-1788913.5936961598,-376447.20349611994,3201379.9838961996,2913.0,3401.0,6314.0,14.0,273.0,287.0,0.16454999999999997,0.24280000000000002,0.49544999999999995,497318.3117563322,-415221.52039510396,82096.79136122821,912539.8321514361,-136808.63151255998,-239638.57198355976,489.150779988205,0.29210017093926943,0.2609126984126985,0.04253827527757077,0.03645024856762231,0.4278763980440723,False
中证500ETF嘉实,12月,2.95,3.194,2026-12-23,202612,rule_fourth_wednesday,medium,124.0,88.0,1407500.23379524,-1623582.718173,-216082.48437775997,3031082.95196824,2771.0,2925.0,5696.0,47.0,53.0,100.0,0.1651,0.2148,0.521,353221.0980083761,-336484.049147512,16737.048860864074,689705.1471558881,-5545.609329600004,-210536.87504815985,554.744341865165,0.22910209835074508,0.2901444350042481,0.017540521950482252,0.006778167803187092,0.3923522874460262,False
中证500ETF嘉实,12月,3.0,3.194,2026-12-23,202612,rule_fourth_wednesday,medium,124.0,88.0,1890775.2968944,-1798662.6851231998,92112.61177120009,3689437.9820176,3578.0,3120.0,6698.0,14.0,240.0,254.0,0.16695000000000002,0.18555,0.54155,395718.7328027517,-415076.0042592,-19357.271456448303,810794.7370619518,-130960.44165919999,223073.05343039986,575.7209811628207,0.2200291845866565,0.33043478260869585,0.04041793868512706,0.037839096485153684,0.44789892994200586,False
中证500ETF嘉实,12月,3.1,3.194,2026-12-23,202612,rule_fourth_wednesday,medium,124.0,88.0,4237401.9250418395,-728389.0571566399,3509012.8678851994,4965790.98219848,3027.0,1234.0,4261.0,100.0,62.0,162.0,0.2379,0.18485000000000001,0.9754,1209357.7447022207,-160316.42457353597,1049041.3201286846,1369674.1692757567,103390.31633648,3405622.5515487194,477.8092893114216,0.25274900412087975,0.429584866001051,0.041639560540762524,0.027055943345079967,0.4397290070991497,True
中证500ETF嘉实,12月,3.2,3.194,2026-12-23,202612,rule_fourth_wednesday,medium,124.0,88.0,4020944.3265083595,-922347.4575739199,3098596.8689344395,4943291.78408228,2753.0,1554.0,4307.0,87.0,47.0,134.0,0.25385,0.07355,1.00675,855016.639570648,-226275.80588351112,628740.8336871369,1081292.445454159,99173.47009588001,2999423.3988385596,562.5657202944268,0.22898337424973708,0.4780844155844155,0.030923209546529565,0.028256837427819773,0.4349562292904962,True
中证500ETF嘉实,12月,3.3,3.194,2026-12-23,202612,rule_fourth_wednesday,medium,124.0,88.0,2520636.9535630397,-647732.37253164,1872904.5810313998,3168369.3260946795,1898.0,1063.0,2961.0,156.0,56.0,212.0,0.25989999999999996,-0.022200000000000025,0.9495500000000001,586997.6467201599,-199885.75701240607,387111.88970775384,786883.4037325659,173052.39179519995,1699852.1892361997,525.5369277800485,0.2707349186714877,0.47036039070394065,0.06743643603654687,0.06465433946322961,0.3719870401606763,True
中证500ETF嘉实,12月,3.4,3.194,2026-12-23,202612,rule_fourth_wednesday,medium,124.0,88.0,1735549.8559437597,-530187.1842288,1205362.6717149597,2265737.0401725597,1509.0,920.0,2429.0,108.0,50.0,158.0,0.27485,-0.1006,0.84615,281092.368981216,-188273.71834913926,92818.65063207672,469366.08733035525,95399.78292311997,1109962.8887918396,496.1573413898193,0.2585347892665996,0.48648283319816166,0.06295920131385599,0.056727234703152274,0.31897997573958864,False
中证500ETF嘉实,12月,3.5,3.194,2026-12-23,202612,rule_fourth_wednesday,medium,124.0,88.0,1911097.7719372797,-546593.6592767199,1364504.1126605598,2457691.4312139996,1998.0,1019.0,3017.0,118.0,52.0,170.0,0.29045,-0.1634,0.7317,631743.2004780329,-213119.70205827008,418623.4984197628,844862.902536303,84974.73109471999,1279529.3815658398,252.228123224874,0.36023539762837975,0.4548387096774194,0.05504474052069734,0.05103638666158809,0.33948805892800393,False
中证500ETF嘉实,12月,3.6,3.194,2026-12-23,202612,rule_fourth_wednesday,medium,124.0,88.0,1742413.92471,-784440.5179295999,957973.4067804001,2526854.4426395996,2250.0,1592.0,3842.0,617.0,50.0,667.0,0.3084,-0.2112,0.62105,556605.3925690401,-321291.97609517537,235313.4164738647,877897.3686642154,453171.66752491996,504801.73925548035,370.76603750573094,0.3645130214750356,0.42929104477611935,0.1528146286990508,0.1187836802349775,0.390304687828632,False
中证500ETF嘉实,12月,3.7,3.194,2026-12-23,202612,rule_fourth_wednesday,medium,124.0,88.0,1209794.2623933598,-705587.9926312,504206.2697621598,1915382.2550245598,1954.0,1556.0,3510.0,277.0,50.0,327.0,0.3259,-0.24839999999999998,0.5257000000000001,653700.9094155341,-304163.9005316846,349537.00888384954,957864.8099472187,148827.89299867998,355378.3767634798,186.33655214254185,0.48570959176445505,0.4137875879718491,0.08694708369622131,0.06826599118301872,0.33490179299355144,False
中证500ETF嘉实,12月,3.8,3.194,2026-12-23,202612,rule_fourth_wednesday,medium,124.0,88.0,839792.5545383999,-328722.01197727997,511070.54256111995,1168514.56651568,1710.0,817.0,2527.0,358.0,1.0,359.0,0.3563,-0.27055,0.43789999999999996,238284.99851580797,-143435.0656808478,94849.93283496017,381720.06419665576,175413.86649647998,335656.67606463993,528.6577041522428,0.36004211007487574,0.3821768707482993,0.10529035767713858,0.02421827099938688,0.28694937677723503,False
中证500ETF嘉实,12月,3.9,3.194,2026-12-23,202612,rule_fourth_wednesday,medium,124.0,88.0,968645.3382000001,-310701.02601599996,657944.3121840002,1279346.364216,2500.0,810.0,3310.0,4772.0,0.0,4772.0,0.36360000000000003,-0.29810000000000003,0.3779,581187.2029200002,-139470.57708982675,441716.62583017343,720657.7800098269,968645.3382000001,-310701.02601599996,596.1160038346875,0.52444498957439,0.3,0.9544,0.15963060686015831,0.3975703725307922,False
中证500ETF嘉实,12月,4.0,3.194,2026-12-23,202612,rule_fourth_wednesday,medium,124.0,88.0,856300.8419136,-256000.87394759993,600299.9679660001,1112301.7158612,2784.0,718.0,3502.0,4035.0,0.0,4035.0,0.38170000000000004,-0.31484999999999996,0.3255,411024.404118528,-118084.65293076311,292939.7511877649,529109.0570492911,856300.8419136,-256000.87394759993,782.3605484054158,0.4706333004061024,0.3,0.724676724137931,0.12281879194630872,0.3848327685712668,False
中证500ETF嘉实,12月,4.1,3.194,2026-12-23,202612,rule_fourth_wednesday,medium,124.0,88.0,2338814.01126592,-75966.27844128,2262847.73282464,2414780.2897072,9392.0,228.0,9620.0,20196.0,0.0,20196.0,0.4004,-0.32715,0.28535,1247367.4726751575,-35630.321458528044,1211737.1512166294,1282997.7941336855,2338814.01126592,-75966.27844128,792.2399329200198,0.5011807312596123,0.3,1.0751703577512777,0.2569310122501612,0.5629044741157625,False
中证500ETF嘉实,3月,2.75,3.194,2027-03-24,202703,rule_fourth_wednesday,medium,215.0,153.0,185057.47300727997,-368085.228516,-183027.75550872,553142.70152328,534.0,1055.0,1589.0,0.0,459.0,459.0,0.17305,0.28595000000000004,0.34085,68993.02949034073,-172372.82248388202,-103379.79299354128,241365.85197422275,-160143.2416008,-22884.513907920045,333.0706321623753,0.42055771227957844,0.7754028837998304,0.21753554502369668,0.07903402854006586,0.19964838078933897,False
中证500ETF嘉实,3月,2.8,3.194,2027-03-24,202703,rule_fourth_wednesday,medium,215.0,153.0,351017.78947164,-431685.89992896,-80668.11045732,782703.6894006,963.0,1194.0,2157.0,0.0,127.0,127.0,0.1772,0.26415,0.35585,109402.32850679719,-104703.71576166402,4698.61274513317,214106.0442684612,-45916.33943968,-34751.771017639956,513.5384899732006,0.277108906513902,0.7763101220387653,0.05318257956448911,0.0368705035971223,0.21209877443385644,False
中证500ETF嘉实,3月,2.85,3.194,2027-03-24,202703,rule_fourth_wednesday,medium,215.0,153.0,193389.65921028,-556157.89705944,-362768.23784916004,749547.55626972,507.0,1443.0,1950.0,0.0,248.0,248.0,0.17265,0.24519999999999997,0.37585,55325.61961589901,-149465.025973424,-94139.40635752497,204790.64558932302,-95583.61640384,-267184.6214453201,530.4047959575229,0.2774146594678911,0.7744279946164199,0.08593208593208593,0.09333881578947369,0.2218289656306617,False
中证500ETF嘉实,3月,2.9,3.194,2027-03-24,202703,rule_fourth_wednesday,medium,215.0,153.0,136619.49318112,-283590.58641144,-146971.09323032,420210.07959255995,344.0,726.0,1070.0,57.0,195.0,252.0,0.17864999999999998,0.22204999999999997,0.3861,44175.2818303342,-68280.488298512,-24105.206468177807,112455.7701288462,-53533.49297544,-93437.60025487999,536.9142017587446,0.2820583645368869,0.46590909090909105,0.21714635787045933,0.16923399181463697,0.14800127508871233,False
中证500ETF嘉实,3月,2.95,3.194,2027-03-24,202703,rule_fourth_wednesday,medium,215.0,153.0,85187.53722167999,-277492.04841064,-192304.51118896,362679.58563231997,207.0,679.0,886.0,0.0,88.0,88.0,0.17645,0.20115,0.402,19637.35616944631,-69883.85902536,-50246.502855913684,89521.21519480631,-35963.62335808,-156340.88783088,528.006407262327,0.24118003159905022,0.7874476987447698,0.06480117820324006,0.050243111831442464,0.1094153602931812,False
中证500ETF嘉实,3月,3.0,3.194,2027-03-24,202703,rule_fourth_wednesday,medium,215.0,153.0,545894.23511256,-498693.50970048,47200.725412080006,1044587.7448130399,1286.0,1227.0,2513.0,20.0,80.0,100.0,0.18359999999999999,0.1779,0.40725,112574.76761419201,-112744.56364377601,-169.7960295840021,225319.33125796804,-24024.852779999997,71225.57819207996,525.5116966780625,0.21615035470701344,0.4325290437890974,0.0403758867675335,0.0324079323172279,0.2494678910030587,False
中证500ETF嘉实,3月,3.1,3.194,2027-03-24,202703,rule_fourth_wednesday,medium,215.0,153.0,2145835.9880682398,-528191.7442271998,1617644.24384104,2674027.7322954396,1646.0,1269.0,2915.0,96.0,3.0,99.0,0.23030000000000003,0.22415000000000002,0.84295,479228.012888144,-123806.51851583873,355421.4943723053,603034.5314039828,123903.35793983997,1493740.8859012,513.6457864858033,0.22886310202817756,0.41443074691805654,0.030343636985140567,0.0010932173504173033,0.3385206653937419,True
中证500ETF嘉实,3月,3.2,3.194,2027-03-24,202703,rule_fourth_wednesday,medium,215.0,153.0,1363847.9434330398,-382992.26710464,980855.6763283998,1746840.21053768,962.0,899.0,1861.0,127.0,0.0,127.0,0.24455,0.11095000000000002,0.90365,344789.83351654396,-108210.51356289821,236579.31995364575,453000.3470794422,180050.61207484,800805.0642535597,521.1995312666455,0.26767316767316757,0.3,0.06600831600831601,0.06521739130434782,0.2728406434144405,True
中证500ETF嘉实,3月,3.3,3.194,2027-03-24,202703,rule_fourth_wednesday,medium,215.0,153.0,1246000.68468824,-357000.1308384,889000.5538498401,1603000.81552664,1019.0,840.0,1859.0,90.0,30.0,120.0,0.26105,0.024399999999999977,0.8076000000000001,304187.03140261746,-122093.0343323419,182093.99707027557,426280.0657349593,97299.1235136,791701.43033624,414.67911786679304,0.293063939689462,0.4083419155509783,0.06201808495724099,0.053146010648633946,0.2653020185289248,True
中证500ETF嘉实,3月,3.4,3.194,2027-03-24,202703,rule_fourth_wednesday,medium,215.0,153.0,1203286.2307235196,-337541.53033199994,865744.7003915196,1540827.7610555196,1114.0,820.0,1934.0,62.0,30.0,92.0,0.2752,-0.04304999999999998,0.73115,267444.9467927679,-128034.48760345994,139410.45918930796,395479.4343962278,54620.17124215998,811124.5291493597,476.29271783861213,0.3007884437425104,0.38929889298892995,0.04612033104173052,0.044459039885359444,0.25961994766747537,False
中证500ETF嘉实,3月,3.5,3.194,2027-03-24,202703,rule_fourth_wednesday,medium,215.0,153.0,801914.6962012799,-311814.02450359997,490100.6716976799,1113728.7207048798,856.0,790.0,1646.0,67.0,30.0,97.0,0.2887,-0.09875,0.6526000000000001,185489.61430823998,-127974.87257194577,57514.74173629421,313464.4868801858,50925.648764759986,439175.0229329199,462.40707841713674,0.32086446318918505,0.37425705794947994,0.05812285579084349,0.045535367903788954,0.22841115786805843,False
中证500ETF嘉实,3月,3.6,3.194,2027-03-24,202703,rule_fourth_wednesday,medium,215.0,153.0,337260.78130927996,-42995.61105287999,294265.17025639996,380256.39236215997,422.0,114.0,536.0,245.0,30.0,275.0,0.30145,-0.14485,0.57655,145773.38035737598,-22724.828462244284,123048.55189513169,168498.20881962025,184488.42575119997,109776.74450519998,444.90117798349286,0.48038290906449743,0.3648255813953488,0.4218633075579945,0.31030795551753637,0.12937046169569433,False
中证500ETF嘉实,3月,3.7,3.194,2027-03-24,202703,rule_fourth_wednesday,medium,215.0,153.0,246988.95273792,-32190.2422344,214798.71050351998,279179.19497232,368.0,90.0,458.0,259.0,30.0,289.0,0.3165,-0.18015,0.5042500000000001,154327.8973056741,-18528.280272006756,135799.61703366734,172856.17757768085,163101.81805715998,51696.892446360005,259.0193567824059,0.6002120508059593,0.3559886605244507,0.5185688405797101,0.325,0.11021812809967976,False
深证100ETF易方达,8月,3.1,3.669,2026-08-26,202608,rule_fourth_wednesday,medium,5.0,3.0,630.0010548,-75361.18386825,-74731.18281345,75991.18492305,60.0,2285.0,2345.0,16.0,517.0,533.0,0.22635,0.499,0.01615,243.25628725468994,-21892.671269910003,-21649.41498265531,22135.927557164694,-16883.085959369997,-57848.096854079995,400.6827778276882,0.33831186334011365,0.7794569489103249,0.24646243617797228,0.15806451612903225,0.1397168600041896,False
深证100ETF易方达,8月,3.2,3.669,2026-08-26,202608,rule_fourth_wednesday,medium,5.0,3.0,9152.38070829,-1399266.26584452,-1390113.88513623,1408418.64655281,131.0,20028.0,20159.0,20.0,161015.0,161035.0,0.19855,0.4968,0.0519,4959.4464111143025,-686566.5485721253,-681607.102161011,691525.9949832396,-1397868.9558127199,7755.07067649,3407.8293894244807,0.5162684219566167,0.9743366681165724,4.096083231567409,6.312633609071475,0.5924747268909237,False
深证100ETF易方达,8月,3.3,3.669,2026-08-26,202608,rule_fourth_wednesday,medium,5.0,3.0,39607.41246786,-164451.27533796,-124843.86287009998,204058.68780582,131.0,1146.0,1277.0,44.0,156.0,200.0,0.1667,0.4886,0.1656,28642.89852342835,-25399.542526020003,3243.3559974083473,54042.44104944835,-9082.784437920001,-115761.07843217997,8006.988120195667,0.43881020725260245,0.4592178770949721,0.23600175852284083,0.1925320940932027,0.11370083718633485,False
深证100ETF易方达,8月,3.4,3.669,2026-08-26,202608,rule_fourth_wednesday,medium,5.0,3.0,204208.78421096998,-675334.2076235999,-471125.4234126299,879542.99183457,231.0,1288.0,1519.0,47.0,233.0,280.0,0.15284999999999999,0.45694999999999997,0.5231,136619.86719590274,-168926.76573718,-32306.898541277245,305546.63293308276,-80619.40421046,-390506.01920216996,378.09834564084986,0.4595792735887486,0.4316602316602317,0.19218191229060794,0.10214594717668488,0.22575105094934445,False
深证100ETF易方达,8月,3.5,3.669,2026-08-26,202608,rule_fourth_wednesday,medium,5.0,3.0,1101493.84421232,-4353434.90426628,-3251941.0600539604,5454928.7484786,611.0,2622.0,3233.0,193.0,1200.0,1393.0,0.14305,0.3702,1.2863,447266.62906219275,-1076332.2948860843,-629065.6658238915,1523598.923948277,-1644483.67640784,-1607457.3836461199,533.518119289601,0.3266460362599351,0.3638554216867471,0.3867707588190572,0.18387917913189522,0.49207902399107994,True
深证100ETF易方达,8月,3.6,3.669,2026-08-26,202608,rule_fourth_wednesday,medium,5.0,3.0,3794349.75666111,-9285814.25861859,-5491464.50195748,13080164.0152797,873.0,2569.0,3442.0,671.0,1893.0,2564.0,0.1981,0.30245,2.9569,1975984.3360888087,-5792506.170253463,-3816521.8341646544,7768490.506342271,-3925978.91935326,-1565485.5826042197,336.01173237370966,0.5722859275506254,0.0,0.7527382836239827,0.33160069049393853,0.5977157180769832,True
深证100ETF易方达,8月,3.7,3.669,2026-08-26,202608,rule_fourth_wednesday,medium,5.0,3.0,13195604.304713251,-6400441.60076538,6795162.703947871,19596045.90547863,2219.0,1589.0,3808.0,2294.0,1426.0,3720.0,0.2303,-0.10115000000000002,3.7048500000000004,10823360.834203003,-3909907.414021561,6913453.420181442,14733268.248224564,7451721.533982331,-656558.8300344603,329.9139391589472,0.7155528008440191,0.17355982274741494,0.9656093847091498,0.02126963872485943,0.643831712832225,True
深证100ETF易方达,8月,3.8,3.669,2026-08-26,202608,rule_fourth_wednesday,medium,5.0,3.0,11423763.357381,-2236911.3606070797,9186851.99677392,13660674.71798808,4825.0,878.0,5703.0,719.0,313.0,1032.0,0.2617,-0.34895,1.8256999999999999,1032427.7356767065,-942632.4892707105,89795.24640599603,1975060.2249474172,904877.2457897402,8281974.75098418,1176.358310027469,0.255887286515949,0.4273474982864976,0.2527537856881513,0.1211454486841334,0.5964019304565487,True
深证100ETF易方达,8月,3.9,3.669,2026-08-26,202608,rule_fourth_wednesday,medium,5.0,3.0,1293067.0688062503,-701989.30994409,591077.7588621604,1995056.3787503403,3525.0,463.0,3988.0,775.0,109.0,884.0,0.3341,-0.4127,0.6994,160737.15723136367,-263630.72351502435,-102893.56628366068,424367.880746388,119028.19928688009,472049.5595752803,4045.2916002084553,0.2499274794051437,0.46881328473066014,0.22763966116753215,0.013309074391780647,0.37613185564701634,False
深证100ETF易方达,8月,4.0,3.669,2026-08-26,202608,rule_fourth_wednesday,medium,5.0,3.0,320011.45886664,-197101.88769663003,122909.57117000996,517113.34656327,1928.0,183.0,2111.0,512.0,64.0,576.0,0.4438000000000001,-0.4208,0.4617,87889.58520871075,-82917.39468462234,4972.190524088408,170806.9798933331,16050.488411519997,106859.08275848997,5199.504878403961,0.34766401197889846,0.44583808437856326,0.30764347096569394,0.014963988532270472,0.21477280973996982,False
深证100ETF易方达,8月,4.1,3.669,2026-08-26,202608,rule_fourth_wednesday,medium,5.0,3.0,79849.67215248,-71650.36996299,8199.302189490001,151500.04211547,1132.0,91.0,1223.0,1061.0,81.0,1142.0,0.48575,-0.44545,0.31865,32491.76270809536,-45611.58022585892,-13119.817517763557,78103.34293395428,11064.730063950003,-2865.4278744600033,3532.9949238578674,0.521748535991043,0.46730552423900784,0.9136945210266765,0.0056200284363832065,0.14811618692370904,False
深证100ETF易方达,8月,4.2,3.669,2026-08-26,202608,rule_fourth_wednesday,medium,5.0,3.0,243941.25458051998,-50025.314525760004,193915.94005475997,293966.56910628,4794.0,79.0,4873.0,33565.0,27.0,33592.0,0.5708,-0.45015,0.2541,125455.50235569601,-20789.988527002995,104665.51382869302,146245.490882699,226843.99518563997,-32928.05513088,3534.033020315473,0.4649375379368921,0.4707774306193714,3.671616155215116,0.8119637132528477,0.34682235241754633,False
深证100ETF易方达,8月,4.3,3.669,2026-08-26,202608,rule_fourth_wednesday,medium,5.0,3.0,104175.52057313999,-19395.14785758,84780.37271555999,123570.66843071999,1686.0,59.0,1745.0,10064.0,19.0,10083.0,0.5539499999999999,-0.48125,0.14505,41872.490793475685,-7909.694771957793,33962.79602151789,49782.18556543348,97929.62550036,-13149.252784799999,7978.399861759114,0.40487998626235444,0.4936698844753917,3.1455958340872994,0.2536609748189776,0.23317636716305878,False
深证100ETF易方达,8月,4.4,3.669,2026-08-26,202608,rule_fourth_wednesday,medium,5.0,3.0,25965.331934849997,-31616.89908948,-5651.567154630004,57582.23102433,835.0,71.0,906.0,360.0,29.0,389.0,0.72085,-0.45849999999999996,0.17695,9670.92003801,-14025.798453262256,-4354.878415252257,23696.718491272255,-1719.3105709200026,-3932.256583710003,399.703923019986,0.4080361165472557,0.7784888410863136,0.41979421438812514,0.0048367593712212815,0.0840244312570747,False
深证100ETF易方达,8月,4.5,3.669,2026-08-26,202608,rule_fourth_wednesday,medium,5.0,3.0,91949.19241049998,-13937.561796959999,78011.63061353998,105886.75420745998,3595.0,36.0,3631.0,7814.0,0.0,7814.0,0.79225,-0.46125000000000005,0.15330000000000002,55169.51544629999,-3896.174539780658,51273.340906519334,59065.68998608065,91949.19241049998,-13937.561796959999,400.56885517895296,0.4397724579284189,0.6,1.086787204450626,1.2570869990224829,0.26729800024985595,False
深证100ETF易方达,8月,4.6,3.669,2026-08-26,202608,rule_fourth_wednesday,medium,5.0,3.0,190528.33822910997,-4636.4308396199995,185891.90738948996,195164.76906872998,8791.0,17.0,8808.0,34971.0,2.0,34973.0,0.7897000000000001,-0.47665,0.10935,108873.33613092,-1516.9363717385806,107356.39975918141,110390.27250265858,189982.87577738997,-4090.9683878999995,5199.92575701331,0.4493030918683433,0.7910256410256409,2.0478463937047917,0.8671104536489151,0.37864476711435424,False
深证100ETF易方达,9月,3.0,3.669,2026-09-23,202609,rule_fourth_wednesday,medium,33.0,23.0,65413.494136079986,-635737.96825137,-570324.47411529,701151.46238745,204.0,3347.0,3551.0,0.0,597.0,597.0,0.17369999999999997,0.4573,0.18964999999999999,18261.460004868408,-172505.89266982203,-154244.43266495364,190767.35267469042,-113395.74754887,-456928.72656642005,486.23327604219315,0.27525854541320455,0.3,0.08918434418882581,0.026423403586033345,0.26815976842037154,False
深证100ETF易方达,9月,3.1,3.669,2026-09-23,202609,rule_fourth_wednesday,medium,33.0,23.0,34433.86534434,-369802.00376855995,-335368.13842422,404235.86911289993,77.0,1178.0,1255.0,0.0,144.0,144.0,0.1673,0.4315,0.2827,9669.088178996191,-146045.23255522485,-136376.14437622865,155714.32073422105,-45204.99876287999,-290163.13966134,358.2290916428432,0.3378649440032127,0.3,0.06112054329371817,0.01894273127753304,0.13740763734807093,False
深证100ETF易方达,9月,3.2,3.669,2026-09-23,202609,rule_fourth_wednesday,medium,33.0,23.0,136993.72936626,-379230.75032418,-242237.02095792,516224.47969044,234.0,778.0,1012.0,10.0,63.0,73.0,0.1586,0.39644999999999997,0.39849999999999997,40843.198116146705,-88129.716784848,-47286.5186687013,128972.91490099471,-24854.48392113,-217382.53703679002,614.0933170640816,0.2652649626694274,0.33604728976132037,0.06185595324412805,0.03349094236906326,0.13825882991940058,False
深证100ETF易方达,9月,3.3,3.669,2026-09-23,202609,rule_fourth_wednesday,medium,33.0,23.0,142620.66186425998,-615139.491456,-472518.82959174004,757760.15332026,197.0,816.0,1013.0,14.0,189.0,203.0,0.16385,0.3398,0.5488999999999999,44007.38915050518,-301301.5846604942,-257294.195509989,345308.97381099936,-132341.68311588,-340177.14647586,285.021312795822,0.39918634381131696,0.25813692480359146,0.15134181845326963,0.06903765690376569,0.19139238985424384,False
深证100ETF易方达,9月,3.4,3.669,2026-09-23,202609,rule_fourth_wednesday,medium,33.0,23.0,239537.7087462,-757932.9997635,-518395.2910173,997470.7085096999,282.0,725.0,1007.0,131.0,271.0,402.0,0.14909999999999998,0.28175,0.7038,112239.95982855192,-299392.6843040734,-187152.72447552148,411632.6441326253,-172035.51880536,-346359.77221193997,419.84481833488906,0.4317905674401836,0.11215303825956491,0.4191660552702372,0.0973678327273583,0.23032498374273766,False
深证100ETF易方达,9月,3.5,3.669,2026-09-23,202609,rule_fourth_wednesday,medium,33.0,23.0,663866.97688575,-1500994.6092434698,-837127.6323577198,2164861.5861292197,395.0,1103.0,1498.0,23.0,734.0,757.0,0.2333,0.28505,1.1297,202457.20959086387,-823547.766815715,-621090.5572248511,1026004.9764065789,-960193.0884041098,123065.45604639006,397.3998165958192,0.4268172847932805,0.0,0.3618428451748396,0.19076159983541316,0.32763308273319613,True
深证100ETF易方达,9月,3.6,3.669,2026-09-23,202609,rule_fourth_wednesday,medium,33.0,23.0,2641708.57681368,-1821527.56898325,820181.00783043,4463236.14579693,1076.0,1159.0,2235.0,569.0,182.0,751.0,0.23354999999999998,0.14834999999999998,1.49565,1301436.682120461,-623213.1876253884,678223.4944950726,1924649.8697458494,1110925.0138489201,-290744.00601849006,399.7185411627363,0.41739363366869286,0.0,0.34292116649720467,0.20420234958278435,0.4294431727335904,True
深证100ETF易方达,9月,3.7,3.669,2026-09-23,202609,rule_fourth_wednesday,medium,33.0,23.0,3229266.9451679997,-1373346.9724482903,1855919.9727197094,4602613.91761629,1363.0,867.0,2230.0,737.0,136.0,873.0,0.25255,-0.007400000000000018,1.46835,1602645.1448198373,-476096.5520878334,1126548.592732004,2078741.6969076707,1530699.02436168,325220.94835802936,397.54768392370624,0.4214782023208483,0.01324965132496514,0.3487908736495332,0.17124937658752712,0.4362614324008492,True
深证100ETF易方达,9月,3.8,3.669,2026-09-23,202609,rule_fourth_wednesday,medium,33.0,23.0,3488765.456565,-695927.43441018,2792838.02215482,4184692.89097518,1700.0,498.0,2198.0,1116.0,39.0,1155.0,0.27195,-0.1362,1.2812999999999999,1894137.0198207994,-215828.08413253704,1678308.9356882623,2109965.1039533364,2235771.57023721,557066.4519176101,400.5366605106815,0.42652743984092334,0.24210037174721194,0.36739192062367115,0.31052424896917336,0.43427034197700876,True
深证100ETF易方达,9月,3.9,3.669,2026-09-23,202609,rule_fourth_wednesday,medium,33.0,23.0,2405199.71929248,-511026.43252589996,1894173.28676658,2916226.1518183798,1544.0,410.0,1954.0,1024.0,40.0,1064.0,0.28215,-0.23869999999999997,1.04155,1588710.8393917135,-163503.72998650454,1425207.1094052088,1752214.5693782181,1545302.12573448,348871.16103210003,327.3912370152649,0.49024169255637146,0.3300767620376833,0.38038670542145836,0.18746326177943365,0.38256213662623845,False
深证100ETF易方达,9月,4.0,3.669,2026-09-23,202609,rule_fourth_wednesday,medium,33.0,23.0,721787.3623224,-287248.98093606,434538.38138633996,1009036.34325846,660.0,286.0,946.0,529.0,0.0,529.0,0.3111,-0.30335,0.77925,481170.74407749245,-80719.07355160223,400451.6705258902,561889.8176290947,578523.50707356,-143985.12568722002,358.10056796415665,0.473822575931705,0.3,0.40075757575757576,0.0641025641025641,0.23536679476666308,False
深证100ETF易方达,9月,4.1,3.669,2026-09-23,202609,rule_fourth_wednesday,medium,33.0,23.0,871994.6907350402,-224460.08734814997,647534.6033868903,1096454.7780831903,1184.0,267.0,1451.0,568.0,0.0,568.0,0.33799999999999997,-0.34555,0.5858000000000001,402857.1737831618,-62742.817585110046,340114.35619805177,465599.9913682718,418321.7773120801,229212.82607481017,406.48073884248373,0.370761354871959,0.3,0.23986486486486486,0.2580025608194622,0.2602227040420349,False
深证100ETF易方达,9月,4.2,3.669,2026-09-23,202609,rule_fourth_wednesday,medium,33.0,23.0,194560.61421105,-95802.42963114,98758.18457991001,290363.04384219,395.0,134.0,529.0,136.0,0.0,136.0,0.36575,-0.3729,0.4485,65707.306166466,-26824.680296719147,38882.62586974686,92531.98646318515,66987.95831064001,31770.226269270002,819.469026548673,0.30886075949367064,0.3,0.17215189873417722,0.1095679012345679,0.09615419754042306,False
深证100ETF易方达,9月,4.3,3.669,2026-09-23,202609,rule_fourth_wednesday,medium,33.0,23.0,351310.79973213,-82868.83105356,268441.96867857,434179.63078569004,1057.0,134.0,1191.0,214.0,0.0,214.0,0.39470000000000005,-0.39065,0.35314999999999996,28662.47677433696,-23209.23046312462,5453.2463112123405,51871.70723746158,71126.31139326,197315.65728530998,1033.2883996105745,0.18082956447614845,0.3,0.10122989593188268,0.004293893129770993,0.1477524140207085,False
深证100ETF易方达,9月,4.4,3.669,2026-09-23,202609,rule_fourth_wednesday,medium,33.0,23.0,328672.76182965,-23929.2708336,304743.49099604995,352602.03266325,1449.0,44.0,1493.0,10.0,0.0,10.0,0.42264999999999997,-0.40325,0.28625,66641.86157733,-6683.698275139211,59958.163302190784,73325.5598524692,2268.2730285,302475.21796755,1572.9799133859979,0.2410355472273032,0.3,0.003450655624568668,0.0017313019390581717,0.10863768364003494,False
深证100ETF易方达,9月,4.5,3.669,2026-09-23,202609,rule_fourth_wednesday,medium,33.0,23.0,66667.97700566999,-68369.65293168,-1701.675926010008,135037.62993735,449.0,144.0,593.0,37.0,1.0,38.0,0.42510000000000003,-0.42410000000000003,0.2315,6007.117749922285,-19338.475918034965,-13331.35816811268,25345.593667957248,5019.008403239999,-6720.684329250005,2199.9537679149325,0.1864783721706875,0.47537234666353934,0.044674894828012866,0.03422936401659806,0.04967993605503207,False
深证100ETF易方达,9月,4.6,3.669,2026-09-23,202609,rule_fourth_wednesday,medium,33.0,23.0,126521.98106435999,-12555.5979447,113966.38311966,139077.57900906,1169.0,30.0,1199.0,197.0,4.0,201.0,0.4433,-0.4343,0.19565,12745.998263483998,-4182.699652098902,8563.298611385097,16928.6979155829,19647.41751072,94318.96560894,2051.9762815490726,0.21693781010592444,0.4767834529337273,0.15092671799258625,0.06969884622905939,0.0949086861994487,False
深证100ETF易方达,12月,3.1,3.669,2026-12-23,202612,rule_fourth_wednesday,medium,124.0,88.0,2976.75498393,-192476.49533703,-189499.7403531,195453.25032096,7.0,439.0,446.0,1.0,51.0,52.0,0.15745,0.34504999999999997,0.3208,567.00094932,-47439.537119514,-46872.536170194006,48006.538068834,-21935.34441828,-167564.39593482,612.6789300298199,0.21847271938388113,0.12713528372275656,0.12951513179303611,0.12132352941176469,0.06161460991252561,False
深证100ETF易方达,12月,3.2,3.669,2026-12-23,202612,rule_fourth_wednesday,medium,124.0,88.0,41491.76177664,-147484.72770039,-105992.96592375002,188976.48947703,86.0,289.0,375.0,0.0,23.0,23.0,0.16685,0.29919999999999997,0.36875,5532.234903552001,-34191.96109317,-28659.726189618,39724.195996722,-11737.538882730001,-94255.42704102001,629.3000569361975,0.18258362168396772,0.48969696969696974,0.039792387543252594,0.0,0.0513988278409622,False
深证100ETF易方达,12月,3.3,3.669,2026-12-23,202612,rule_fourth_wednesday,medium,124.0,88.0,59321.060858699995,-136851.5752821,-77530.51442340002,196172.6361408,111.0,235.0,346.0,0.0,0.0,0.0,0.1652,0.2558,0.4148,11864.21217174,-27370.315056420004,-15506.102884680004,39234.527228160005,0.0,-77530.51442340002,664.4695869284053,0.2,0.6,0.0,0.0,0.04950071956297692,False
深证100ETF易方达,12月,3.4,3.669,2026-12-23,202612,rule_fourth_wednesday,medium,124.0,88.0,178409.29870764,-344021.36445063003,-165612.06574299003,522430.66315827006,308.0,537.0,845.0,67.0,8.0,75.0,0.1662,0.2078,0.4531,51205.78573297201,-70854.307091694,-19648.521358722,122060.092824666,33684.72947468999,-199296.79521768005,664.4349344483651,0.24648600933517137,0.27043354655294954,0.11621502333792837,0.018983050847457626,0.1359894950191633,False
深证100ETF易方达,12月,3.5,3.669,2026-12-23,202612,rule_fourth_wednesday,medium,124.0,88.0,274725.28689093,-225953.37830988,48771.90858104997,500678.66520080995,207.0,338.0,545.0,0.0,81.0,81.0,0.23715000000000003,0.2321,0.74125,54945.057378186,-66850.111926,-11905.054547813997,121795.169304186,-54148.59066006,102920.49924110997,666.6634147500151,0.24792899408284025,0.6639274279615794,0.11982248520710059,0.1079136690647482,0.1227797205740649,True
深证100ETF易方达,12月,3.6,3.669,2026-12-23,202612,rule_fourth_wednesday,medium,124.0,88.0,468599.09225976,-94318.96560894,374280.12665082,562918.0578687,308.0,146.0,454.0,117.0,20.0,137.0,0.26155,0.13705000000000003,0.80505,164922.537665448,-24031.955620908,140890.58204454,188954.493286356,165086.39178593998,209193.73486487998,665.5273823359455,0.3033712862479986,0.4925752246971475,0.2584282156199964,0.10392156862745099,0.13977704393807183,True
深证100ETF易方达,12月,3.7,3.669,2026-12-23,202612,rule_fourth_wednesday,medium,124.0,88.0,664958.4402516299,-185031.8482572,479926.59199442994,849990.2885088299,497.0,280.0,777.0,29.0,24.0,53.0,0.28015,0.05180000000000001,0.7424,148511.84480469,-43350.318734544,105161.52607014598,191862.163539234,22940.519178149993,456986.07281627983,665.8412931690762,0.22881287726358152,0.49641226353555123,0.07203219315895372,0.0700328947368421,0.16622164043891677,True
深证100ETF易方达,12月,3.8,3.669,2026-12-23,202612,rule_fourth_wednesday,medium,124.0,88.0,656080.54077213,-112503.6499014,543576.89087073,768584.19067353,499.0,180.0,679.0,0.0,3.0,3.0,0.2944,-0.017850000000000005,0.7205,131216.108154426,-23250.754312956,107965.35384147,154466.86246738202,-1875.06083169,545451.95170242,665.7757983579656,0.20333333333333334,0.7464612170279445,0.008333333333333333,0.00847457627118644,0.1480813765110176,True
深证100ETF易方达,12月,3.9,3.669,2026-12-23,202612,rule_fourth_wednesday,medium,124.0,88.0,566785.564344,-87485.3387829,479300.22556109994,654270.9031269,475.0,135.0,610.0,0.0,0.0,0.0,0.29125,-0.08375000000000002,0.6839,113357.1128688,-17497.06775658,95860.04511222,130854.18062538,0.0,479300.22556109994,664.6801060195809,0.2,0.6,0.0,0.0,0.13113169282369264,False
深证100ETF易方达,12月,4.0,3.669,2026-12-23,202612,rule_fourth_wednesday,medium,124.0,88.0,233130.67878825,-73807.0466508,159323.63213744998,306937.72543905,225.0,120.0,345.0,46.0,0.0,46.0,0.30575,-0.13449999999999998,0.6133,65691.044600778,-14761.40933016,50929.635270618,80452.453930938,47662.272107820005,111661.36002963,665.9407378076955,0.2408888888888889,0.3,0.10222222222222223,0.11141304347826086,0.07648209336643001,False
深证100ETF易方达,12月,4.1,3.669,2026-12-23,202612,rule_fourth_wednesday,medium,124.0,88.0,157446.417456,-24356.810010960005,133089.60744504,181803.22746696,170.0,42.0,212.0,5.0,0.0,5.0,0.3114,-0.18695,0.5594,33341.594284800005,-4871.3620021920015,28470.232282608005,38212.956286992005,4630.776984,128458.83046104,667.4968368801219,0.2058823529411765,0.3,0.014705882352941176,0.015151515151515152,0.043993489811561426,False
深证100ETF易方达,12月,4.2,3.669,2026-12-23,202612,rule_fourth_wednesday,medium,124.0,88.0,173749.44475188002,-44573.38232075999,129176.06243112002,218322.82707264,222.0,82.0,304.0,24.0,0.0,24.0,0.3255,-0.2224,0.49260000000000004,55820.67703615781,-8914.676464151999,46906.00057200581,64735.35350030981,18783.723756960004,110392.33867416001,450.685401052745,0.26063555516931747,0.3,0.05405405405405406,0.02358490566037736,0.05808438386044547,False
深证100ETF易方达,12月,4.3,3.669,2026-12-23,202612,rule_fourth_wednesday,medium,124.0,88.0,124866.7475238,-44513.3437587,80353.4037651,169380.0912825,190.0,86.0,276.0,0.0,10.0,10.0,0.33145,-0.2578,0.43635,24973.34950476,-10973.05683354,14000.29267122,35946.4063383,-5175.9702045,85529.37396960001,592.4574789668703,0.22325581395348837,0.733520224269123,0.05813953488372093,0.0,0.04232102774293042,False
深证100ETF易方达,12月,4.4,3.669,2026-12-23,202612,rule_fourth_wednesday,medium,124.0,88.0,130172.48717634,-30852.5516559,99319.93552044,161025.03883224,238.0,65.0,303.0,1.0,0.0,1.0,0.3508,-0.27935,0.37945,38574.94526652253,-6170.51033118,32404.43493534253,44745.45559770253,546.94322343,98772.99229701,524.0552839653319,0.24816858040926282,0.3,0.0021008403361344537,0.0,0.03994962214696987,False
深证100ETF易方达,12月,4.5,3.669,2026-12-23,202612,rule_fourth_wednesday,medium,124.0,88.0,327956.47216884,-172622.9813274,155333.49084144,500579.45349623996,751.0,388.0,1139.0,271.0,0.0,271.0,0.3596,-0.30425,0.32745,217609.87560700698,-34524.59626548,183085.27934152697,252134.471872487,118343.81352564001,36989.677315800014,384.05083338161774,0.43176639901007363,0.3,0.1804260985352863,0.1353637901861252,0.16296845286227835,False
深证100ETF易方达,12月,4.6,3.669,2026-12-23,202612,rule_fourth_wednesday,medium,124.0,88.0,792185.26864995,-16724.6433864,775460.6252635501,808909.91203635,2195.0,40.0,2235.0,4595.0,0.0,4595.0,0.37379999999999997,-0.31930000000000003,0.28935,677629.3306543927,-3344.92867728,674284.4019771127,680974.2593316727,792185.26864995,-16724.6433864,367.4952353972631,0.5276962457337886,0.3,1.0466970387243735,0.48873873873873874,0.3332577273653545,False
深证100ETF易方达,3月,3.1,3.669,2027-03-24,202703,rule_fourth_wednesday,medium,215.0,153.0,389.03911289999996,-28608.509437200002,-28219.470324300004,28997.5485501,1.0,77.0,78.0,6.0,17.0,23.0,0.179,0.3096,0.2825,207.48752688000002,-9633.78784184517,-9426.300314965169,9841.27536872517,-5927.1253083,-22292.345016000003,493.713673456487,0.43503943461867745,0.4634849955849259,3.1103896103896105,0.057971014492753624,0.01037295012164776,False
深证100ETF易方达,3月,3.2,3.669,2027-03-24,202703,rule_fourth_wednesday,medium,215.0,153.0,5198.31639576,-61976.89222839001,-56778.57583263001,67175.20862415001,12.0,151.0,163.0,0.0,20.0,20.0,0.1767,0.27595,0.31335,1039.663279152,-15678.922404798002,-14639.259125646002,16718.58568395,-8208.859897800003,-48569.71593483001,667.3337438423648,0.22649006622516557,0.6395061728395062,0.06622516556291391,0.07633587786259542,0.017985594965133377,False
深证100ETF易方达,3月,3.3,3.669,2027-03-24,202703,rule_fourth_wednesday,medium,215.0,153.0,21298.8818142,-31961.649666690002,-10662.767852490004,53260.53148089,45.0,69.0,114.0,0.0,0.0,0.0,0.1668,0.24244999999999997,0.34785,4259.77636284,-6392.329933338001,-2132.553570498001,10652.106296178,0.0,-10662.767852490004,587.2579574690558,0.2,0.6,0.0,0.0,0.009127938862032278,False
深证100ETF易方达,3月,3.4,3.669,2027-03-24,202703,rule_fourth_wednesday,medium,215.0,153.0,13332.06078318,-47453.61791232001,-34121.55712914001,60785.67869550001,23.0,96.0,119.0,0.0,0.0,0.0,0.20825000000000002,0.3268,0.39890000000000003,2666.4121566360004,-9490.723582464003,-6824.311425828002,12157.135739100004,0.0,-34121.55712914001,667.6356589147281,0.2,0.6,0.0,0.0,0.01120338733736998,False
深证100ETF易方达,3月,3.5,3.669,2027-03-24,202703,rule_fourth_wednesday,medium,215.0,153.0,36459.830274839995,-61411.10281956,-24951.272544720006,97870.9330944,34.0,124.0,158.0,0.0,84.0,84.0,0.24189999999999998,0.2212,0.5822499999999999,7291.966054967999,-28922.648424696,-21630.682369727998,36214.614479664,-41601.069651959995,16649.797107239992,667.1403948590245,0.3354838709677419,0.6850488354620586,0.3387096774193548,0.275,0.038280163205443925,True
深证100ETF易方达,3月,3.6,3.669,2027-03-24,202703,rule_fourth_wednesday,medium,215.0,153.0,71275.33087353,-38216.96783217,33058.36304136,109492.2987057,57.0,73.0,130.0,5.0,5.0,10.0,0.2409,0.15405,0.6589,16755.954977286,-8690.433781014,8065.521196272,25446.388758300003,3634.621469999999,29423.74157136,658.6182158240783,0.23124248978610912,0.4189100459619173,0.07810622446527277,0.08484162895927602,0.0277928884155665,True
深证100ETF易方达,3月,3.7,3.669,2027-03-24,202703,rule_fourth_wednesday,medium,215.0,153.0,70909.04179872,-33753.5180514,37155.52374732,104662.55985012001,62.0,63.0,125.0,0.0,0.0,0.0,0.25539999999999996,0.08120000000000002,0.6238,14181.808359744002,-6750.703610280001,7431.104749464001,20932.511970024003,0.0,37155.52374732,664.897997094886,0.2,0.6,0.0,0.0,0.02044444090824908,True
深证100ETF易方达,3月,3.8,3.669,2027-03-24,202703,rule_fourth_wednesday,medium,215.0,153.0,115668.19366127999,-22229.344910519998,93438.84875076,137897.5385718,104.0,44.0,148.0,0.0,40.0,40.0,0.27265,0.02310000000000001,0.60075,23133.638732256,-12529.267131384,10604.371600872,35662.90586364,-20208.495373199996,113647.34412395999,621.6123545543389,0.38181818181818183,0.6715134887974394,0.45454545454545453,0.14705882352941177,0.03843182904110468,True
深证100ETF易方达,3月,3.9,3.669,2027-03-24,202703,rule_fourth_wednesday,medium,215.0,153.0,24280.07911326,-1051.07868288,23229.000430379998,25331.15779614,23.0,2.0,25.0,0.0,0.0,0.0,0.2696,-0.03345000000000001,0.5873,4856.015822652,-210.21573657600004,4645.800086075999,5066.231559228,0.0,23229.000430379998,598.2044174336586,0.2,0.6,0.0,0.0,0.004493950123917258,False
深证100ETF易方达,3月,4.0,3.669,2027-03-24,202703,rule_fourth_wednesday,medium,215.0,153.0,9502.11206307,-10664.51785542,-1162.4057923499986,20166.629918489998,9.0,22.0,31.0,1.0,8.0,9.0,0.2791,-0.08775000000000002,0.5722,2322.7385043060003,-3684.1061682359996,-1361.3676639299993,6006.844672542,-2822.2162636499997,1659.8104713000012,626.8635573189977,0.29494949494949496,0.3671535385150409,0.23737373737373738,0.0625,0.006239182606858941,False
深证100ETF易方达,3月,4.1,3.669,2027-03-24,202703,rule_fourth_wednesday,medium,215.0,153.0,6251.279697180001,-952.0015939200002,5299.2781032600005,7203.281291100001,7.0,2.0,9.0,0.0,10.0,10.0,0.29155,-0.12345,0.5085,1250.2559394360003,-571.2009563520003,679.054983084,1821.4568957880006,-952.0015939200002,6251.279697180001,651.5565373514742,0.4,0.6746310393040235,2.5,0.0,0.004819873861272523,False
深证100ETF易方达,3月,4.2,3.669,2027-03-24,202703,rule_fourth_wednesday,medium,215.0,153.0,139959.58048578,0.0,139959.58048578,139959.58048578,178.0,0.0,178.0,14.0,0.0,14.0,0.29415,-0.16105000000000003,0.46885,32432.9402261892,0.0,32432.9402261892,32432.9402261892,11008.056892139999,128951.52359364,583.0934704173221,0.255865380967916,0.3,0.07865168539325842,-0.036458333333333336,0.035641557146210125,False
创业板ETF易方达,8月,2.95,3.56,2026-08-26,202608,rule_fourth_wednesday,medium,5.0,3.0,37622.342016,-2201264.9104000004,-2163642.5683840006,2238887.2524160002,532.0,28900.0,29432.0,52.0,20047.0,20099.0,0.2951,0.4946,0.05795,12204.472473335025,-882821.7690020832,-870617.2965287482,895026.2414754182,-1523269.2600160004,-640373.3083680001,2113.3563331690484,0.3627231558225747,0.7973813420621931,0.3957060904857299,0.0903568016087698,0.6372083331552041,False
创业板ETF易方达,8月,3.0,3.56,2026-08-26,202608,rule_fourth_wednesday,medium,5.0,3.0,282870.94992000004,-3348239.144416,-3065368.194496,3631110.0943360003,2301.0,33914.0,36215.0,210.0,8773.0,8983.0,0.2774,0.49165,0.08745,89315.14143298652,-1016101.824448,-926786.6830150136,1105416.9658809865,-840318.865712,-2225049.3287839997,1545.713519244773,0.30960934018848385,0.489048473967684,0.1749741984845632,0.003911365863812589,0.6885643967828644,False
创业板ETF易方达,8月,3.1,3.56,2026-08-26,202608,rule_fourth_wednesday,medium,5.0,3.0,1053820.9927679999,-7946003.491968,-6892182.4992,8999824.484736,3376.0,37724.0,41100.0,1193.0,13565.0,14758.0,0.255,0.47800000000000004,0.20625,428375.37844828144,-1393833.1948941478,-965457.8164458664,1822208.5733424292,-2484871.0558560006,-4407311.443344001,525.9500542888168,0.2909552010004643,0.4880382775119617,0.35648109353493396,0.007441735329594806,0.7898943149959436,False
创业板ETF易方达,8月,3.2,3.56,2026-08-26,202608,rule_fourth_wednesday,medium,5.0,3.0,1354439.67192,-17199488.686608,-15845049.014688002,18553928.358528003,2115.0,38369.0,40484.0,1164.0,33045.0,34209.0,0.23305,0.44805,0.4295,853627.4349840704,-7286412.791451928,-6432785.356467858,8140040.226435998,-14067502.474128,-1777546.5405599996,1718.6861716809274,0.5269426068763536,0.4691409507923269,0.7057983792693163,-0.02920182959895891,0.8571634055292479,False
创业板ETF易方达,8月,3.3,3.56,2026-08-26,202608,rule_fourth_wednesday,medium,5.0,3.0,3815673.449888,-39652908.74272,-35837235.292832,43468582.192608,8089.0,44317.0,52406.0,5821.0,61006.0,66827.0,0.35214999999999996,0.4555,0.5390999999999999,3007824.451618335,-19826454.37136,-16818629.919741664,22834278.822978336,-36907076.729888,1069841.4370559999,617.7844825779949,0.6441407055819495,0.427134724857685,1.048100792943905,0.14997786410216157,0.9165967872240111,False
创业板ETF易方达,8月,3.4,3.56,2026-08-26,202608,rule_fourth_wednesday,medium,5.0,3.0,32080071.798591997,-115145200.19305602,-83065128.39446402,147225271.99164802,18092.0,64009.0,82101.0,39434.0,116135.0,155569.0,0.33865,0.3641,1.4092500000000001,31144505.470872916,-88111025.05747385,-56966519.58660094,119255530.52834678,-83065128.39446402,0.0,51.808866216175105,0.8680265912375863,0.3109365910413031,1.9969958201178368,0.1632216079256065,0.9648677922112605,True
创业板ETF易方达,8月,3.5,3.56,2026-08-26,202608,rule_fourth_wednesday,medium,5.0,3.0,127915277.719584,-227076247.16928005,-99160969.44969605,354991524.88886404,39134.0,71928.0,111062.0,170973.0,195487.0,366460.0,0.30920000000000003,0.1799,2.53505,118269818.40200675,-188215161.12227416,-69945342.72026742,306484979.5242809,-99160969.44969605,0.0,21.512860815998476,0.8767291052865951,0.0,3.5433634904189777,0.06612093957698051,0.9900159495605538,True
创业板ETF易方达,8月,3.6,3.56,2026-08-26,202608,rule_fourth_wednesday,medium,5.0,3.0,254609815.783712,-158379960.29552,96229855.48819199,412989776.079232,68498.0,44210.0,112708.0,229193.0,142305.0,371498.0,0.29364999999999997,-0.10195000000000001,2.8798000000000004,236081777.0976361,-148781651.89987695,87300125.19775915,384863428.99751306,96229855.48819199,0.0,34.251214627520355,0.9333133140122695,0.0,3.282411397763425,-0.03583072600947436,0.9932306295530824,True
创业板ETF易方达,8月,3.7,3.56,2026-08-26,202608,rule_fourth_wednesday,medium,5.0,3.0,170763332.067328,-62556141.984336,108207190.082992,233319474.051664,73612.0,27027.0,100639.0,133136.0,40401.0,173537.0,0.30095000000000005,-0.3319,1.82835,145593125.9945079,-54634030.49694241,90959095.49756551,200227156.4914503,108207190.082992,0.0,61.89888542829772,0.8629808916573618,0.2353723404255319,1.651728327460545,-0.02696421862315384,0.979345792774624,True
创业板ETF易方达,8月,3.8,3.56,2026-08-26,202608,rule_fourth_wednesday,medium,5.0,3.0,70903313.963136,-14289835.05872,56613478.904416,85193149.02185601,72619.0,11642.0,84261.0,62551.0,7632.0,70183.0,0.33895000000000003,-0.42795,0.8694500000000001,40344450.60241421,-10852458.951224543,29491991.65118967,51196909.55363876,51705371.044224,4908107.860192002,166.92688004163477,0.6642298084273853,0.4082719082719083,0.7584580309826996,-0.06266849293313996,0.9520231589656512,False
创业板ETF易方达,8月,3.9,3.56,2026-08-26,202608,rule_fourth_wednesday,medium,5.0,3.0,23182764.571200006,-5239918.6769280005,17942845.894272007,28422683.248128004,52700.0,7332.0,60032.0,28925.0,930.0,29855.0,0.39339999999999997,-0.46045,0.4555,7131655.75940394,-2559676.0186982104,4571979.74070573,9691331.77810215,12059488.67208,5883357.222192003,396.77107438914385,0.3980614323498678,0.46897863623061165,0.3378513619692109,-0.008587645000414298,0.8910916126882278,False
创业板ETF易方达,8月,4.0,3.56,2026-08-26,202608,rule_fourth_wednesday,medium,5.0,3.0,9557757.799408002,-2490529.6915200003,7067228.107888002,12048287.490928002,44863.0,5746.0,50609.0,14388.0,280.0,14668.0,0.44045,-0.47705000000000003,0.25505,1332303.6256055115,-1215021.1539934576,117282.47161205392,2547324.779598969,2943903.398208,4123324.709680001,1332.2720613095905,0.3136257599557303,0.49,0.18471963361961802,-0.02681060332547619,0.8251738963653031,False
创业板ETF易方达,8月,4.1,3.56,2026-08-26,202608,rule_fourth_wednesday,medium,5.0,3.0,2440250.9856000002,-1142329.739824,1297921.2457760002,3582580.725424,21394.0,3367.0,24761.0,3013.0,100.0,3113.0,0.5059,-0.4812,0.17885,271793.74680660554,-315428.368778639,-43634.62197203346,587222.1155852445,309742.78400000004,988178.4617760002,1555.0835718902958,0.19375333612957613,0.49962969820403635,0.08526695417879862,-0.007151902511939577,0.6310535442256913,False
创业板ETF易方达,8月,4.2,3.56,2026-08-26,202608,rule_fourth_wednesday,medium,5.0,3.0,1020354.5776640001,-573588.1256,446766.45206400007,1593942.7032640001,17812.0,2345.0,20157.0,2741.0,20.0,2761.0,0.5497,-0.48655,0.1191,117579.19474025283,-165228.74870846773,-47649.553968214896,282807.94344872056,152125.27635200002,294641.175712,2113.7603241390057,0.20164766205837917,0.49827963715983736,0.0812069029910599,-0.027495232666334968,0.5281323961571162,False
创业板ETF易方达,8月,4.3,3.56,2026-08-26,202608,rule_fourth_wednesday,medium,5.0,3.0,908291.0578560003,-321592.6,586698.4578560003,1229883.6578560001,19689.0,1750.0,21439.0,1878.0,46.0,1924.0,0.607,-0.48924999999999996,0.0907,137593.93950848005,-98353.69567849157,39240.24382998848,235947.63518697163,78182.42451200003,508516.0333440002,2107.0923418872485,0.22865991112701728,0.49796995533901756,0.06083446159204197,0.0017072673529711549,0.4974484146945912,False
创业板ETF易方达,8月,4.4,3.56,2026-08-26,202608,rule_fourth_wednesday,medium,5.0,3.0,967637.5978400001,-49439.07992,918198.51792,1017076.6777600001,25033.0,1279.0,26312.0,1539.0,70.0,1609.0,0.29105000000000003,-0.49739999999999995,0.0305,164542.98484654547,-22628.60314355348,141914.381702992,187171.58799009895,56783.43112,861415.0867999999,2102.61581351207,0.31387644310457985,0.9985640780184277,0.05810455296740906,0.008366523451928152,0.48945374463824376,False
创业板ETF易方达,8月,4.5,3.56,2026-08-26,202608,rule_fourth_wednesday,medium,5.0,3.0,339112.07769600005,-18108.546624000002,321003.53107200004,357220.62432000006,21236.0,1134.0,22370.0,510.0,13.0,523.0,0.29105000000000003,-0.499,0.0126,22152.016493797928,-8290.31201301991,13861.704480778018,30442.328506817837,7936.461792000001,313067.06928000005,3425.0667232267524,0.26156784934107513,0.9994659260841701,0.01773983349295712,-0.008224328532057786,0.3493465242920524,False
创业板ETF易方达,8月,4.6,3.56,2026-08-26,202608,rule_fourth_wednesday,medium,5.0,3.0,389124.257808,-186925.46112,202198.79668800003,576049.718928,13893.0,964.0,14857.0,272.0,6.0,278.0,0.8663,-0.48260000000000003,0.08755,12785.59222889176,-87670.96846804247,-74885.3762391507,100456.56069693423,6454.917952,195743.87873600007,3416.754562597884,0.25093650524748484,0.7944359171143515,0.012901135620702744,-0.005314181816193984,0.3457886248723209,False
创业板ETF易方达,8月,4.7,3.56,2026-08-26,202608,rule_fourth_wednesday,medium,5.0,3.0,291680.36928,-532738.324608,-241057.955328,824418.693888,19179.0,1834.0,21013.0,1128.0,2.0,1130.0,1.07985,-0.45795,0.1206,14045.16725731343,-255360.36356553214,-241315.1963082187,269405.5308228456,16574.027135999997,-257631.98246399994,3409.021306383164,0.26374402253842244,0.7797413793103449,0.029952420356165865,-0.0012088201370929236,0.43325579829161653,False
创业板ETF易方达,8月,4.8,3.56,2026-08-26,202608,rule_fourth_wednesday,medium,5.0,3.0,861429.407968,-741339.950752,120089.45721600007,1602769.35872,64123.0,4538.0,68661.0,65375.0,48.0,65423.0,0.97315,-0.48375,0.06974999999999999,516857.6447808001,-365393.8115037839,151463.83327701618,882251.456284584,853587.9981760001,-733498.54096,139.18500341928552,0.5464414680020523,0.7949308014161571,0.5150511611433313,0.0638552266720954,0.6613843877608162,False
创业板ETF易方达,9月,2.85,3.56,2026-09-23,202609,rule_fourth_wednesday,medium,33.0,23.0,386469.13860800007,-22350090.294271998,-21963621.155663997,22736559.43288,1187.0,95017.0,96204.0,104.0,7786.0,7890.0,0.22459999999999997,0.4297,0.22125,130704.89662666174,-7983115.237721541,-7852410.341094879,8113820.1343482025,-1797577.79904,-20166043.356623996,158.05987590762612,0.3476937982231585,0.4363828289936664,0.08477953472947009,0.02956765001109329,0.8697111171173654,False
创业板ETF易方达,9月,2.9,3.56,2026-09-23,202609,rule_fourth_wednesday,medium,33.0,23.0,658322.9280480001,-24355697.886623997,-23697374.958575998,25014020.814671997,1803.0,88114.0,89917.0,169.0,3948.0,4117.0,0.21685,0.4176,0.2531,215547.04115423321,-9163516.970308185,-8947969.92915395,9379064.011462418,-1029565.1164639997,-22667809.842111997,159.24382011540308,0.35182774752898294,0.3691929602029492,0.06926913026538467,0.012381012203746855,0.8538579007339294,False
创业板ETF易方达,9月,2.95,3.56,2026-09-23,202609,rule_fourth_wednesday,medium,33.0,23.0,725490.0931200001,-5851904.515392,-5126414.4222719995,6577394.608512,1790.0,17411.0,19201.0,47.0,4121.0,4168.0,0.21515,0.4017,0.2925,217632.06638460862,-2294919.589465143,-2077287.5230805345,2512551.655849752,-1366034.875296,-3760379.5469759996,224.8122427175311,0.3460728256471097,0.4078048780487805,0.13147321621950292,0.024576619937675827,0.6858557740554836,False
创业板ETF易方达,9月,3.0,3.56,2026-09-23,202609,rule_fourth_wednesday,medium,33.0,23.0,1272644.3842560002,-8900074.25448,-7627429.870224001,10172718.638736,2856.0,22315.0,25171.0,536.0,7778.0,8314.0,0.21095,0.38475000000000004,0.33315,806723.0690094659,-1834203.6665824004,-1027480.5975729346,2640926.735591866,-2863319.83344,-4764110.036784,294.39103179638187,0.4199918517917044,0.3702809089282519,0.2681149269028696,0.1032406329721732,0.7646023268587707,False
创业板ETF易方达,9月,3.1,3.56,2026-09-23,202609,rule_fourth_wednesday,medium,33.0,23.0,2095182.5693760002,-10763185.211344002,-8668002.641968,12858367.780720003,3999.0,19627.0,23626.0,278.0,13121.0,13399.0,0.2017,0.34525,0.42305,620557.5010880001,-7058399.794942747,-6437842.293854747,7678957.296030747,-7049729.921840001,-1618272.7201280012,224.941724941725,0.47598700085945705,0.3272362021569042,0.3690176186987594,0.10787197064589661,0.7848974783074207,False
创业板ETF易方达,9月,3.2,3.56,2026-09-23,202609,rule_fourth_wednesday,medium,33.0,23.0,1814370.065568,-21680696.596416008,-19866326.530848008,23495066.661984008,3453.0,29679.0,33132.0,809.0,16189.0,16998.0,0.30684999999999996,0.39515,0.49550000000000005,1061432.3920793312,-17284243.498062618,-16222811.105983287,18345675.89014195,-11401079.563552005,-8465246.967296002,81.04449279298116,0.6911161827419026,0.2230443974630021,0.38987944244071865,0.15524352306861913,0.8501989386980477,False
创业板ETF易方达,9月,3.3,3.56,2026-09-23,202609,rule_fourth_wednesday,medium,33.0,23.0,5134322.114992,-31467053.3152,-26332731.200208,36601375.430192,4991.0,33896.0,38887.0,2185.0,28803.0,30988.0,0.32925,0.30479999999999996,0.7721,2746048.9322759593,-24637735.153696496,-21891686.221420538,27383784.085972454,-24491266.87888,-1841464.3213279983,69.68038000743633,0.6589054133729895,0.11446582614465817,0.6437671505902033,0.13579679152331156,0.8868451909616747,False
创业板ETF易方达,9月,3.4,3.56,2026-09-23,202609,rule_fourth_wednesday,medium,33.0,23.0,14013784.786848001,-30784536.864960004,-16770752.078112002,44798321.65180801,10549.0,27634.0,38183.0,7935.0,25321.0,33256.0,0.3295,0.21065,0.9636,9636672.40062384,-22178965.966368683,-12542293.565744843,31815638.366992522,-17666608.053120002,895855.9750079983,67.64843341916855,0.7040573302948567,0.0,0.8342513813866674,0.1853234471849475,0.8970554708188144,True
创业板ETF易方达,9月,3.5,3.56,2026-09-23,202609,rule_fourth_wednesday,medium,33.0,23.0,34307319.616768,-40007155.5068,-5699835.890032001,74314475.123568,22744.0,32675.0,55419.0,30031.0,32405.0,62436.0,0.3328,0.1033,1.07815,28426113.43234042,-33835300.47888717,-5409187.04654675,62261413.91122759,-5369248.836112,-330587.05392000143,68.12188477331941,0.837152033233956,0.0,1.1560644965917173,0.2678192447717167,0.9330805085597831,True
创业板ETF易方达,9月,3.6,3.56,2026-09-23,202609,rule_fourth_wednesday,medium,33.0,23.0,55003778.8608,-39014754.96192,15989023.898879997,94018533.82271999,35868.0,30880.0,66748.0,36861.0,22752.0,59613.0,0.3358,-0.0069999999999999785,1.10345,50969709.47251103,-32052445.781721015,18917263.690790016,83022155.25423205,26258192.562432,-10269168.663552001,18.652043696381398,0.8741025446629296,0.0,0.8822362045982073,0.13371908018376627,0.9442508865690391,True
创业板ETF易方达,9月,3.7,3.56,2026-09-23,202609,rule_fourth_wednesday,medium,33.0,23.0,56297968.87200001,-21075806.960064,35222161.91193601,77373775.832064,38212.0,17406.0,55618.0,29177.0,9172.0,38349.0,0.33594999999999997,-0.11324999999999999,1.05895,41716781.260517,-12826063.934322659,28890717.326194342,54542845.19483966,31880863.718032,3341298.193904005,87.26761879406968,0.6747839318024762,0.04848355403673649,0.645250341355933,0.06980819094230634,0.9319455692976328,True
创业板ETF易方达,9月,3.8,3.56,2026-09-23,202609,rule_fourth_wednesday,medium,33.0,23.0,51729762.147840016,-9187201.379488,42542560.76835202,60916963.527328014,40493.0,8438.0,48931.0,26375.0,3138.0,29513.0,0.3424,-0.20505,0.93355,42865956.972868435,-4890928.432303796,37975028.54056464,47756885.40517223,30277413.15331201,12265147.615040008,145.03955312241192,0.6805074933260571,0.1843994778067885,0.5116181098302366,0.15860715190080843,0.9139000410990348,False
创业板ETF易方达,9月,3.9,3.56,2026-09-23,202609,rule_fourth_wednesday,medium,33.0,23.0,40808482.014336,-8429272.700224001,32379209.314111996,49237754.71456,39684.0,8948.0,48632.0,15763.0,543.0,16306.0,0.35185,-0.2782,0.77735,25349755.72951582,-4127944.846816472,21221810.882699348,29477700.576332293,15698137.277167998,16681072.036944,99.50716898575665,0.5554519125376193,0.2809671580036204,0.22894846714164835,0.06801842143193113,0.8990343903971291,False
创业板ETF易方达,9月,4.0,3.56,2026-09-23,202609,rule_fourth_wednesday,medium,33.0,23.0,27611841.401712004,-3427894.4947200003,24183946.906992003,31039735.896432005,35271.0,4320.0,39591.0,13550.0,206.0,13756.0,0.36785,-0.33055,0.6219,16793050.277908094,-1026182.4383081568,15766867.839599937,17819232.71621625,10444134.301824002,13739812.605168004,165.74759859325,0.4537726175426644,0.35606219794074384,0.21592674104316104,0.06417987800524233,0.8631928614032562,False
创业板ETF易方达,9月,4.1,3.56,2026-09-23,202609,rule_fourth_wednesday,medium,33.0,23.0,12193291.724912,-2167431.9747840003,10025859.750128001,14360723.699696,21187.0,3228.0,24415.0,10603.0,96.0,10699.0,0.3859,-0.36755,0.49195,6113604.046211272,-812812.4883951278,5300791.557816144,6926416.534606399,6037654.2466400005,3988205.503488,178.78769941692207,0.4382012719389199,0.4058098591549294,0.2650940825571127,0.034190356131735954,0.7911580826052069,False
创业板ETF易方达,9月,4.2,3.56,2026-09-23,202609,rule_fourth_wednesday,medium,33.0,23.0,8299017.748447999,-1243627.4166400002,7055390.331807999,9542645.165088,19946.0,2170.0,22116.0,9450.0,375.0,9825.0,0.4046,-0.3938,0.39025,5223620.812605431,-459832.5861581717,4763788.22644726,5683453.398763603,3716989.4495999995,3338400.8822079995,160.9178609028211,0.49958873915376734,0.4391238670694864,0.32329513187911507,0.050346176240968876,0.7532808662221933,False
创业板ETF易方达,9月,4.3,3.56,2026-09-23,202609,rule_fourth_wednesday,medium,33.0,23.0,4813987.75,-1388019.64248,3425968.10752,6202007.39248,15625.0,2841.0,18466.0,3052.0,48.0,3100.0,0.41925,-0.4152,0.3143,2345280.15977057,-625134.9582956613,1720145.201474909,2970415.1180662317,916855.369792,2509112.737728,179.03777594679815,0.46877968850292606,0.45757656104998007,0.10611172967265048,0.03471529369834907,0.668171678009673,False
创业板ETF易方达,9月,4.4,3.56,2026-09-23,202609,rule_fourth_wednesday,medium,33.0,23.0,3693041.6685120007,-534738.47216,3158303.196352001,4227780.140672001,16002.0,1255.0,17257.0,3558.0,79.0,3637.0,0.4425,-0.4271,0.25915,890439.6012692838,-216075.01165127408,674364.5896180097,1106514.6129205578,787476.67072,2370826.5256320005,313.9141558421862,0.3225944247470157,0.4749911940824234,0.14264770688524492,0.02257497821626332,0.6329514466654391,False
创业板ETF易方达,9月,4.5,3.56,2026-09-23,202609,rule_fourth_wednesday,medium,33.0,23.0,2835545.7657760005,-286471.392944,2549074.3728320003,3122017.1587200006,15947.0,737.0,16684.0,2975.0,12.0,2987.0,0.47950000000000004,-0.42969999999999997,0.22349999999999998,712403.9832202293,-135524.5350295874,576879.4481906418,847928.5182498167,524322.1670560001,2024752.2057760002,224.2392119840903,0.3621613901306422,0.492565445026178,0.10141884510759394,0.01918161404461394,0.5845062669034756,False
创业板ETF易方达,9月,4.6,3.56,2026-09-23,202609,rule_fourth_wednesday,medium,33.0,23.0,895511.50656,-542201.194784,353310.31177599996,1437712.7013440002,6666.0,1486.0,8152.0,1516.0,7.0,1523.0,0.5236000000000001,-0.42769999999999997,0.19695,224745.71407360001,-260763.8361846082,-36018.12211100818,485509.5502582082,201105.57195200003,152204.73982399993,445.96330243122287,0.36595232932029553,0.49105966497270837,0.11606668742244346,0.03636948825233344,0.424690522210025,False
创业板ETF易方达,9月,4.7,3.56,2026-09-23,202609,rule_fourth_wednesday,medium,33.0,23.0,1275993.763264,-425734.61286399997,850259.1503999999,1701728.376128,11162.0,1294.0,12456.0,1824.0,2.0,1826.0,0.54525,-0.43495,0.1749,253537.36197973334,-208628.96401884613,44908.3979608872,462166.3259985795,207854.137216,642405.013184,523.6539548909974,0.34437130039836417,0.48920832254165575,0.08247858502032869,0.02433295753476137,0.4796019861700983,False
创业板ETF易方达,9月,4.8,3.56,2026-09-23,202609,rule_fourth_wednesday,medium,33.0,23.0,2274001.742464,-1077551.168144,1196450.57432,3351552.910608,23242.0,3553.0,26795.0,5193.0,3.0,5196.0,0.57405,-0.4382,0.15825,476602.0137161022,-537176.5948397552,-60574.581123652984,1013778.6085558574,507174.2793119999,689276.295008,296.19667266669484,0.3540517230849428,0.4857688026713309,0.11213803766113119,0.03007829141673024,0.6461515928950341,False
创业板ETF易方达,12月,2.95,3.56,2026-12-23,202612,rule_fourth_wednesday,medium,124.0,88.0,33062.380736,-5034580.122576,-5001517.74184,5067642.503312,98.0,13407.0,13505.0,9.0,7149.0,7158.0,0.195,0.3199,0.28125,11537.764177868801,-2549406.2606586665,-2537868.496480798,2560944.024836535,-2681547.3313439996,-2319970.410496,318.102061895136,0.4276743366196747,0.20694421857212553,0.3125328224823158,0.1469447321344506,0.6529933220797874,False
创业板ETF易方达,12月,3.0,3.56,2026-12-23,202612,rule_fourth_wednesday,medium,124.0,88.0,97451.87289600002,-4646149.490896,-4548697.618,4743601.363791999,276.0,11503.0,11779.0,8.0,4412.0,4420.0,0.19419999999999998,0.30295000000000005,0.29864999999999997,30612.046080956377,-1642046.0871328001,-1611434.0410518437,1672658.1332137566,-1779215.780416,-2769481.837584,436.94000201189465,0.33377280283396316,0.19131556319862425,0.20626881204273115,0.16865083901782196,0.6188688917041226,False
创业板ETF易方达,12月,3.1,3.56,2026-12-23,202612,rule_fourth_wednesday,medium,124.0,88.0,120630.36646399999,-3216936.8463360006,-3096306.4798720004,3337567.212800001,496.0,7008.0,7504.0,15.0,975.0,990.0,0.2597,0.38195,0.27705,44881.376177727856,-863544.2130490503,-818662.8368713225,908425.5892267781,-443913.75144,-2652392.7284320006,278.93828238000003,0.3202469131823371,0.135347194978423,0.08468432390631904,0.02681087229773608,0.4801123356902867,False
创业板ETF易方达,12月,3.2,3.56,2026-12-23,202612,rule_fourth_wednesday,medium,124.0,88.0,1199643.307632,-4206113.10064,-3006469.7930079997,5405756.408272,1827.0,8266.0,10093.0,36.0,1285.0,1321.0,0.2872,0.30989999999999995,0.4598,371556.4923409425,-1254916.3142868897,-883359.8219459472,1626472.8066278324,-630227.5846240001,-2376242.2083839998,297.67006627443516,0.3040389078564482,0.03948883260419078,0.08758025933284784,0.007794652259696663,0.5708040627401281,False
创业板ETF易方达,12月,3.3,3.56,2026-12-23,202612,rule_fourth_wednesday,medium,124.0,88.0,1429161.189744,-4282962.00896,-2853800.819216,5712123.198704001,1713.0,7751.0,9464.0,329.0,774.0,1103.0,0.2976,0.24300000000000002,0.54715,469121.8496332724,-803147.8060391555,-334025.9564058831,1272269.6556724277,-153202.65908800001,-2700598.160128,417.2892634431097,0.2578856815846135,0.0,0.14595939751441972,0.042846816873745044,0.5659945665566594,False
创业板ETF易方达,12月,3.4,3.56,2026-12-23,202612,rule_fourth_wednesday,medium,124.0,88.0,1832891.0111360003,-3277785.7148640007,-1444894.7037280004,5110676.726000001,2021.0,5609.0,7630.0,227.0,783.0,1010.0,0.30995,0.17350000000000002,0.58835,370395.2525955479,-1442123.1801580107,-1071727.9275624629,1812518.4327535585,-251697.82273600003,-1193196.8809920005,328.36406383697044,0.3210256241592528,0.055864626796476635,0.1259588547387394,0.06272448315846035,0.5365878166352869,True
创业板ETF易方达,12月,3.5,3.56,2026-12-23,202612,rule_fourth_wednesday,medium,124.0,88.0,7220493.628032,-3235904.6630400005,3984588.9649919993,10456398.291072,7464.0,5355.0,12819.0,2231.0,1152.0,3383.0,0.31420000000000003,0.10969999999999999,0.62005,2540245.086962005,-1500363.5656784822,1039881.521283523,4040608.652640487,1462088.2164319996,2522500.7485599997,327.1703907993709,0.4077358427821575,0.13277693474962066,0.25701372188746885,0.12137077263293751,0.6919565449619058,True
创业板ETF易方达,12月,3.6,3.56,2026-12-23,202612,rule_fourth_wednesday,medium,124.0,88.0,4940716.272576001,-2190883.204224,2749833.0683520003,7131599.4768,5271.0,3588.0,8859.0,1575.0,397.0,1972.0,0.3257,0.04720000000000002,0.6107,3016455.2271149056,-323948.2838033536,2692506.943311552,3340403.510918259,1233895.8661440003,1515937.2022080005,274.2012390204364,0.3791959515810233,0.20298273155416008,0.2047256903267643,0.08632562756578505,0.6066870232766629,True
创业板ETF易方达,12月,3.7,3.56,2026-12-23,202612,rule_fourth_wednesday,medium,124.0,88.0,3109190.8418400004,-1341143.4179520002,1768047.4238880002,4450334.259792,3331.0,2206.0,5537.0,848.0,293.0,1141.0,0.32915,-0.011800000000000005,0.6081000000000001,1437024.6310299898,-622427.1308031562,814597.5002268336,2059451.761833146,613402.113264,1154645.3106240004,217.9195149310856,0.46314394559491073,0.25885774722369115,0.193698893849448,0.04481147201237059,0.49695849329999175,True
创业板ETF易方达,12月,3.8,3.56,2026-12-23,202612,rule_fourth_wednesday,medium,124.0,88.0,4798460.182016,-950904.01008,3847556.171936,5749364.192096001,5372.0,1593.0,6965.0,721.0,1016.0,1737.0,0.33425000000000005,-0.06684999999999999,0.5879,1217301.1049984,-535634.6892227951,681666.4157756049,1752935.794221195,37545.28652799991,3810010.885408,432.47699906790547,0.40848787295642813,0.30487804878048785,0.3860023889886833,0.076588186604741,0.5619572052276368,False
创业板ETF易方达,12月,3.9,3.56,2026-12-23,202612,rule_fourth_wednesday,medium,124.0,88.0,5517233.774079999,-580176.369824,4937057.404255999,6097410.143903999,6580.0,1039.0,7619.0,575.0,33.0,608.0,0.34709999999999996,-0.11455000000000001,0.5510999999999999,1462366.5271460211,-187975.24305680787,1274391.2840892132,1650341.770202829,463701.93027199997,4473355.473983999,397.7410540193742,0.2945255111109888,0.3728829686013319,0.05957366359399821,0.016100180646298895,0.5324870980328884,False
创业板ETF易方达,12月,4.0,3.56,2026-12-23,202612,rule_fourth_wednesday,medium,124.0,88.0,6199187.896688,-411190.1360320001,5787997.760656,6610378.0327200005,8089.0,754.0,8843.0,1728.0,3.0,1731.0,0.34955,-0.1607,0.5175000000000001,2258255.8581176377,-141810.4806366297,2116445.377481008,2400066.3387542674,1322655.8039519999,4465341.956704001,277.8418151336963,0.35458032504224046,0.38954468802698144,0.10880110953966039,0.03157763624769322,0.5908050502358774,False
创业板ETF易方达,12月,4.1,3.56,2026-12-23,202612,rule_fourth_wednesday,medium,124.0,88.0,4659927.595136,-267336.9184,4392590.676736,4927264.513536,6754.0,530.0,7284.0,1319.0,9.0,1328.0,0.36465,-0.19579999999999997,0.4712,1303332.4034049958,-99637.55903420113,1203694.8443707947,1402969.9624391969,905505.400576,3487085.27616,395.3222738043743,0.3261967431726018,0.4362573099415205,0.10613640554025287,0.040810982556306316,0.5369583373379426,False
创业板ETF易方达,12月,4.2,3.56,2026-12-23,202612,rule_fourth_wednesday,medium,124.0,88.0,3826381.754736,-310556.42912,3515825.325616,4136938.183856,6247.0,644.0,6891.0,1003.0,1.0,1004.0,0.3705,-0.23020000000000002,0.4319,1011017.4042528,-120300.93949536448,890716.4647574356,1131318.3437481646,613870.4027839999,2901954.922832,385.518140495344,0.325797533318674,0.4509186351706037,0.08105493121170211,0.022055976138220582,0.5012721832264321,False
创业板ETF易方达,12月,4.3,3.56,2026-12-23,202612,rule_fourth_wednesday,medium,124.0,88.0,4043480.396,-203200.26456000004,3840280.13144,4246680.660560001,7507.0,445.0,7952.0,2831.0,0.0,2831.0,0.3772,-0.26034999999999997,0.39265,1699827.7544175223,-81924.27037216743,1617903.4840453549,1781752.0247896898,1524855.868,2315424.2634400004,246.2219747987541,0.41177869208497875,0.3,0.1885573464766218,0.12082368508104532,0.5635526481696204,False
创业板ETF易方达,12月,4.4,3.56,2026-12-23,202612,rule_fourth_wednesday,medium,124.0,88.0,2218359.06208,-190736.41264000002,2027622.64944,2409095.4747200003,4718.0,445.0,5163.0,926.0,0.0,926.0,0.3886,-0.28315,0.3546,371652.24733588466,-79210.15105359691,292442.09628228773,450862.3983894816,435396.45856,1592226.1908800001,351.4711301293693,0.29141035038286883,0.3,0.09813480288257737,0.037480063795853266,0.41141514606307716,False
创业板ETF易方达,12月,4.5,3.56,2026-12-23,202612,rule_fourth_wednesday,medium,124.0,88.0,2803591.0576799996,-1351977.064704,1451613.9929759996,4155568.1223839996,6885.0,3342.0,10227.0,776.0,21.0,797.0,0.3968,-0.30465,0.32025,547147.76093339,-578794.3225877678,-31646.561654377845,1125942.083521158,307493.98041599995,1144120.0125599995,306.8715350687156,0.31163459521759074,0.4946283816778982,0.05949622484807474,0.008643617021276596,0.5264682256749212,False
创业板ETF易方达,12月,4.6,3.56,2026-12-23,202612,rule_fourth_wednesday,medium,124.0,88.0,1758335.2640000002,-161100.71987200002,1597234.5441280003,1919435.9838720001,4955.0,424.0,5379.0,691.0,1.0,692.0,0.4109,-0.31905,0.28990000000000005,449750.5779200001,-70139.53808030247,379611.03983969765,519890.1160003026,244828.85827200004,1352405.685856,358.9534891292318,0.34557948802617056,0.4924025741866286,0.07090679321440131,0.03848413676207527,0.3844105574009745,False
创业板ETF易方达,12月,4.7,3.56,2026-12-23,202612,rule_fourth_wednesday,medium,124.0,88.0,3985673.444944,-90612.944864,3895060.5000799997,4076286.389808,13033.0,257.0,13290.0,3135.0,1.0,3136.0,0.4346,-0.32605,0.25975,1212581.806646542,-40435.317338802466,1172146.4893077395,1253017.1239853443,958374.210128,2936686.289952,342.06026920999574,0.3752386420287165,0.4699186991869919,0.12221714349178275,0.06949362317105034,0.600943352683711,False
创业板ETF易方达,12月,4.8,3.56,2026-12-23,202612,rule_fourth_wednesday,medium,124.0,88.0,7996226.434048002,-767509.160448,7228717.273600002,8763735.594496002,29888.0,2388.0,32276.0,45074.0,1.0,45075.0,0.47829999999999995,-0.3206,0.23235,7340125.803562016,-346846.6171977311,6993279.186364285,7686972.420759748,7995905.031552002,-767187.757952,143.94172716384313,0.6849303703627279,0.4344550109729335,0.7542578277719791,0.09911937497288467,0.7925010385594659,False
创业板ETF易方达,3月,2.95,3.56,2027-03-24,202703,rule_fourth_wednesday,medium,215.0,153.0,87940.71630400002,-773985.8769920002,-686045.1606880001,861926.5932960002,289.0,2368.0,2657.0,11.0,271.0,282.0,0.19355,0.29855,0.249,14149.331105514526,-221510.38519900397,-207361.05409348945,235659.7163045185,-85229.70652800002,-600815.4541600001,371.7898283708397,0.22354529804043707,0.35798706650718826,0.0762524256522959,0.0404525983434888,0.25703890242407246,False
创业板ETF易方达,3月,3.0,3.56,2027-03-24,202703,rule_fourth_wednesday,medium,215.0,153.0,109767.57043200001,-869283.4913600001,-759515.9209280001,979051.0617920001,347.0,2531.0,2878.0,4.0,433.0,437.0,0.19279999999999997,0.2836,0.2603,45161.779832845146,-218501.06867991417,-173339.28884706902,263662.8485127593,-147450.492256,-612065.4286720001,370.04495679004697,0.3313943259912536,0.35472309034598437,0.09130300128550072,0.08313697346649922,0.2793802020666476,False
创业板ETF易方达,3月,3.1,3.56,2027-03-24,202703,rule_fourth_wednesday,medium,215.0,153.0,117890.33414400001,-553500.976544,-435610.64239999995,671391.3106879999,348.0,1486.0,1834.0,1.0,131.0,132.0,0.1936,0.25170000000000003,0.28059999999999996,15745.241260416526,-137723.09354543744,-121977.85228502091,153468.33480585396,-48455.735296,-387154.907104,367.1031645311804,0.19119007244986888,0.31145750800996647,0.04551484352036633,0.019580419580419582,0.19152342304555406,False
创业板ETF易方达,3月,3.2,3.56,2027-03-24,202703,rule_fourth_wednesday,medium,215.0,153.0,380047.805696,-694001.26656,-313953.460864,1074049.072256,676.0,1722.0,2398.0,1.0,368.0,369.0,0.25905,0.31705,0.3808,46633.67296698149,-155188.62408295643,-108554.95111597495,201822.29704993792,-147749.335744,-166204.12511999992,420.6799798535159,0.17315953961057942,0.25,0.10759214206681374,0.1269225589225589,0.2766051437286604,False
创业板ETF易方达,3月,3.3,3.56,2027-03-24,202703,rule_fourth_wednesday,medium,215.0,153.0,376095.670272,-340432.159872,35663.51040000003,716527.830144,504.0,826.0,1330.0,5.0,26.0,31.0,0.28695,0.24105000000000001,0.45699999999999996,53787.65062144005,-39091.43885966698,14696.21176177307,92879.08948110703,-6984.674432,42648.184832,432.52977958860265,0.12892236949565,0.34559386973180073,0.020698816249663708,0.013130645733896098,0.16476211011005115,False
创业板ETF易方达,3月,3.4,3.56,2027-03-24,202703,rule_fourth_wednesday,medium,215.0,153.0,319495.3726720001,-349593.01816,-30097.645487999893,669088.3908320001,413.0,787.0,1200.0,3.0,33.0,36.0,0.29565,0.17855,0.48045000000000004,42831.63052568523,-119043.65311791777,-76212.02259223253,161875.283643603,-12338.129807999998,-17759.515679999895,351.1024088372484,0.23729046776843726,0.31091283459162666,0.024597653762256522,0.00830122109898909,0.15666637347912593,True
创业板ETF易方达,3月,3.5,3.56,2027-03-24,202703,rule_fourth_wednesday,medium,215.0,153.0,1023184.212336,-402635.7095040001,620548.5028319999,1425819.9218400002,1287.0,882.0,2169.0,41.0,104.0,145.0,0.30305,0.12525,0.49375,129004.46382110319,-178144.39852379274,-49139.934702689556,307148.86234489596,-14880.70744000001,635429.2102719999,348.7800278276965,0.2842634838824919,0.3409624413145539,0.07488543202828918,0.03241676117799926,0.2692462750008352,True
创业板ETF易方达,3月,3.6,3.56,2027-03-24,202703,rule_fourth_wednesday,medium,215.0,153.0,1346085.2348000002,-240855.304464,1105229.9303360002,1586940.5392640003,1675.0,531.0,2206.0,87.0,61.0,148.0,0.3124,0.07524999999999998,0.496,141302.15649749635,-81288.24204966878,60013.91444782757,222590.39854716515,42247.19212800002,1062982.738208,431.8268202523567,0.22123545472371264,0.3929898439435224,0.08340894398066166,0.0422302035440321,0.2777211168444977,True
创业板ETF易方达,3月,3.7,3.56,2027-03-24,202703,rule_fourth_wednesday,medium,215.0,153.0,522021.021504,-217416.11494400003,304604.90656,739437.1364480001,662.0,476.0,1138.0,101.0,67.0,168.0,0.31779999999999997,0.027799999999999964,0.49129999999999996,205282.03317160154,-73162.44453114223,132119.5886404593,278444.4777027438,49041.002144,255563.90441599995,367.2350676712826,0.36487680153333873,0.4119878603945371,0.14666213917591206,0.0731788849485495,0.18664957866232276,True
创业板ETF易方达,3月,3.8,3.56,2027-03-24,202703,rule_fourth_wednesday,medium,215.0,153.0,392724.4473600001,-98136.24729600002,294588.2000640001,490860.6946560001,510.0,218.0,728.0,46.0,23.0,69.0,0.32394999999999996,-0.016749999999999987,0.48140000000000005,148580.89238278702,-33866.38756468351,114714.50481810351,182447.27994747052,25068.380800000006,269519.81926400005,346.78185258757753,0.3617146510474052,0.439594773717099,0.09785033279366792,0.0574400723654455,0.12102535995697875,False
创业板ETF易方达,3月,3.9,3.56,2027-03-24,202703,rule_fourth_wednesday,medium,215.0,153.0,547366.7006720001,-88871.46548800002,458495.23518400005,636238.16616,748.0,221.0,969.0,76.0,9.0,85.0,0.35185,-0.05044999999999997,0.44735,131719.25952000002,-30356.461069862107,101362.79845013791,162075.72058986212,51995.598512000004,406499.63667200005,422.19916967637334,0.29110942595739114,0.4657800591071706,0.0711641299876594,0.01872399445214979,0.1552775749743349,False
创业板ETF易方达,3月,4.0,3.56,2027-03-24,202703,rule_fourth_wednesday,medium,215.0,153.0,1891724.397056,-285974.841296,1605749.5557600001,2177699.2383520002,2756.0,667.0,3423.0,520.0,1.0,521.0,0.3397,-0.09340000000000001,0.43994999999999995,407870.4456648268,-99030.77584326474,308839.669821562,506901.22150809155,356500.38363200007,1249249.1721280003,363.02399747777895,0.28094983448267646,0.48231272294887034,0.09508924782891574,0.058194116446543626,0.3595276410932713,False
创业板ETF易方达,3月,4.1,3.56,2027-03-24,202703,rule_fourth_wednesday,medium,215.0,153.0,134072.493568,-830.374272,133242.11929600002,134902.86784,208.0,2.0,210.0,162.0,0.0,162.0,0.3462,-0.12764999999999999,0.4181,68583.2370944,-223.2631651438023,68359.9739292562,68806.5002595438,104421.845952,28820.273343999997,416.3853104032086,0.3902044924772201,0.3,0.3894230769230769,0.7380952380952381,0.058901904726769,False
创业板ETF易方达,3月,4.2,3.56,2027-03-24,202703,rule_fourth_wednesday,medium,215.0,153.0,344435.3699040001,-29654.703167999996,314780.6667360001,374090.07307200006,573.0,74.0,647.0,464.0,0.0,464.0,0.35205000000000003,-0.1595,0.39525,173146.67135345467,-10506.390770089982,162640.28058336469,183653.06212354466,278914.5054720001,35866.16126400001,333.4924447729323,0.4284940022968375,0.3,0.4048865619546248,0.5380434782608695,0.14350966175658025,False
科创50ETF华夏,8月,1.45,1.745,2026-08-26,202608,rule_fourth_wednesday,medium,5.0,3.0,39201.16464600001,-3387320.8886880004,-3348119.7240420002,3426522.0533340005,553.0,47784.0,48337.0,269.0,5904.0,6173.0,0.0001,0.48640000000000005,0.2328,20687.50710188779,-174060.22758140403,-153372.72047951625,194747.7346832918,-399454.90557000006,-2948664.8184720003,3500.1134558656686,0.2895563295760805,0.49526066350710896,0.3049968075144661,-0.020336397543307592,0.6807060562940134,False
科创50ETF华夏,8月,1.5,1.745,2026-08-26,202608,rule_fourth_wednesday,medium,5.0,3.0,55011.33029925001,-4158762.5341612506,-4103751.2038620007,4213773.864460501,351.0,26535.0,26886.0,59.0,8894.0,8953.0,0.0001,0.46509999999999996,0.5147,19588.4270881069,-753280.0011776238,-733691.5740895169,772868.4282657306,-1384686.9036862503,-2719064.3001757506,1103.563785242393,0.26860533466337255,0.48693877551020404,0.2516355595496353,-0.015552968313857956,0.6901083247475038,False
科创50ETF华夏,8月,1.55,1.745,2026-08-26,202608,rule_fourth_wednesday,medium,5.0,3.0,206080.349343,-12051043.253529498,-11844962.904186498,12257123.602872498,708.0,41402.0,42110.0,193.0,24201.0,24394.0,0.0001,0.42379999999999995,0.9559,71732.7245818637,-3078275.263729511,-3006542.539147647,3150007.9883113746,-6988103.145517999,-4856859.758668499,877.3845929809233,0.30175887764392506,0.4656057494866529,0.42856792447320297,-0.04033649557752304,0.8253676600789459,False
科创50ETF华夏,8月,1.6,1.745,2026-08-26,202608,rule_fourth_wednesday,medium,5.0,3.0,2343360.132852,-28716888.763308007,-26373528.630456008,31060248.896160007,5079.0,62241.0,67320.0,3926.0,36847.0,40773.0,0.0001,0.3558,1.5152,1621630.6053041853,-13812302.171967573,-12190671.566663388,15433932.777271759,-15189163.011148004,-11184365.619308002,197.4016283714089,0.5864963412096467,0.44089993284083273,0.6824960391325325,-0.02281827961663008,0.9018375825998499,False
科创50ETF华夏,8月,1.65,1.745,2026-08-26,202608,rule_fourth_wednesday,medium,5.0,3.0,4788987.795732,-30981602.294962503,-26192614.499230504,35770590.0906945,7567.0,43158.0,50725.0,20629.0,69502.0,90131.0,0.20325,0.31325000000000003,2.21795,4099316.0565447444,-25466877.086459167,-21367561.029914424,29566193.14300391,-26192614.499230504,0.0,95.00750375187589,0.8389939969984994,0.3126252505010021,2.1682938653783346,0.10465942239908199,0.9099601204248691,False
科创50ETF华夏,8月,1.7,1.745,2026-08-26,202608,rule_fourth_wednesday,medium,5.0,3.0,12425143.484384751,-35622345.4845895,-23197202.00020475,48047488.968974255,16333.0,46826.0,63159.0,82756.0,141748.0,224504.0,0.0001,0.139,2.4983,9836115.605037995,-21233748.823688306,-11397633.218650311,31069864.4287263,-23197202.00020475,0.0,157.68161792145432,0.6938547056628366,0.0666104553119729,4.046959483055704,0.08316155147003154,0.9343451087583273,True
科创50ETF华夏,8月,1.75,1.745,2026-08-26,202608,rule_fourth_wednesday,medium,5.0,3.0,76418289.539009,-81148861.209738,-4730571.670728996,157567150.748747,47773.0,52396.0,100169.0,205513.0,223051.0,428564.0,0.3449,-0.010349999999999998,5.1697,53774793.69397219,-68655479.04704936,-14880685.353077166,122430272.74102154,-4730571.670728996,0.0,118.7070555837766,0.7748668762028961,0.0,4.279444253565766,0.021243631323862033,0.973162251146189,True
科创50ETF华夏,8月,1.8,1.745,2026-08-26,202608,rule_fourth_wednesday,medium,5.0,3.0,98009248.068423,-45661621.840085,52347626.228338,143670869.908508,77092.0,36962.0,114054.0,152491.0,114344.0,266835.0,0.3502,-0.243,4.1160499999999995,74511640.71985728,-37684825.38660072,36826815.33325656,112196466.106458,52347626.228338,0.0,112.35992854715983,0.7927787238289389,0.12084592145015088,2.535797384695603,-0.08780385563356191,0.9756517300413572,True
科创50ETF华夏,8月,1.85,1.745,2026-08-26,202608,rule_fourth_wednesday,medium,5.0,3.0,58887652.544394515,-16667271.464535752,42220381.079858765,75554924.00893027,83498.0,22199.0,105697.0,83016.0,35844.0,118860.0,0.391,-0.37055,2.3909000000000002,38365149.301100336,-12483136.857632307,25882012.443468027,50848286.158732645,41880446.60805827,339934.4718005009,171.83114725929357,0.7002291892564517,0.3585585585585585,1.3044473670007792,-0.07106070782766297,0.9568968806376256,False
科创50ETF华夏,8月,1.9,1.745,2026-08-26,202608,rule_fourth_wednesday,medium,5.0,3.0,28854020.489775006,-10446300.036106002,18407720.453669004,39300320.52588101,79575.0,21332.0,100907.0,62174.0,17790.0,79964.0,0.4597,-0.41925,1.3995000000000002,10556637.272147203,-7530290.703749364,3026346.5683978386,18086927.975896567,13832611.072703,4575109.380966002,300.07837868099926,0.5433604305565126,0.4530075187969924,0.8076420828375288,-0.1216006469569198,0.9349970789442948,False
科创50ETF华夏,8月,1.95,1.745,2026-08-26,202608,rule_fourth_wednesday,medium,5.0,3.0,10946380.198370751,-2054308.4551050002,8892071.743265752,13000688.65347575,52243.0,6794.0,59037.0,23644.0,3558.0,27202.0,0.49945,-0.45389999999999997,0.84055,3535313.3930477323,-1349189.835220296,2186123.5578274364,4884503.228268028,3878248.101656,5013823.641609751,1123.2264491290423,0.48986375662023296,0.4791969037252056,0.4881373794144008,-0.08465793908802975,0.8473519425350309,False
科创50ETF华夏,8月,2.0,1.745,2026-08-26,202608,rule_fourth_wednesday,medium,5.0,3.0,9092300.924820002,-1315263.5309625003,7777037.393857501,10407564.455782503,70640.0,6635.0,77275.0,27057.0,3233.0,30290.0,0.5486,-0.47014999999999996,0.53685,1493136.019791735,-654812.8274224697,838323.1923692654,2147948.8472142047,2841711.999827251,4935325.394030252,773.8909517295288,0.3310382851108497,0.49295774647887314,0.43514556011098016,-0.11782964862072227,0.8410730819689558,False
科创50ETF华夏,8月,2.05,1.745,2026-08-26,202608,rule_fourth_wednesday,medium,5.0,3.0,2353053.421835,-1115640.7052365001,1237412.7165985,3468694.1270715003,34042.0,5293.0,39335.0,6671.0,1039.0,7710.0,0.6585,-0.4641,0.4596,380533.1100699167,-601574.8746396967,-221041.76456977997,982107.9847096134,242116.393203,995296.3233955001,1156.5067012537834,0.3504690223080753,0.4915584415584416,0.19613040272219934,-0.029768551370094716,0.6815400798451802,False
科创50ETF华夏,8月,2.1,1.745,2026-08-26,202608,rule_fourth_wednesday,medium,5.0,3.0,1930307.8508460002,-1014776.1095767503,915531.7412692499,2945083.9604227506,41004.0,8913.0,49917.0,5654.0,1649.0,7303.0,0.65145,-0.48335,0.26425,143405.26696681112,-579804.8421574627,-436399.5751906516,723210.1091242739,78423.79671824997,837107.9445509999,2022.4845418774585,0.3228268634050525,0.4983098591549296,0.16144982251446288,-0.019214382612675756,0.6714845916620631,False
科创50ETF华夏,8月,2.15,1.745,2026-08-26,202608,rule_fourth_wednesday,medium,5.0,3.0,842819.28479175,-99481.33215300004,743337.95263875,942300.6169447501,21607.0,3382.0,24989.0,3470.0,905.0,4375.0,0.62785,-0.49445,0.11235,137126.68053264925,-50094.356504953816,87032.32402769543,187221.03703760306,108732.97070999998,634604.9819287499,5127.176194591925,0.3331276622109263,0.6661711265279153,0.21409462163424325,-0.05190926607111578,0.5194797140347425,False
科创50ETF华夏,8月,2.2,1.745,2026-08-26,202608,rule_fourth_wednesday,medium,5.0,3.0,480458.1734160001,-375175.06377975,105283.10963625007,855633.2371957501,29328.0,3999.0,33327.0,2678.0,433.0,3111.0,0.7698,-0.4852,0.18095,21107.599029111123,-170887.94832025905,-149780.34929114793,191995.54734937017,3248.7676227500124,102034.34201350005,2117.3889193636855,0.24971039341373596,0.4960474308300395,0.09979456300245274,-0.04792348189526986,0.5154800224226453,False
科创50ETF华夏,8月,2.25,1.745,2026-08-26,202608,rule_fourth_wednesday,medium,5.0,3.0,305628.48934450006,-196422.38265,109206.10669450005,502050.87199450005,25802.0,1950.0,27752.0,1092.0,400.0,1492.0,0.8624499999999999,-0.4814,0.18485,7357.020956975001,-94417.62727730323,-87060.60632032822,101774.64823427823,-27356.870002999996,136562.97669750007,5042.5195293187,0.2523792395948139,0.9938795656465943,0.12372525286252904,-0.06767105573471621,0.42712989664756534,False
科创50ETF华夏,8月,2.3,1.745,2026-08-26,202608,rule_fourth_wednesday,medium,5.0,3.0,305603.8246420001,-101956.87657749999,203646.9480645001,407560.70121950004,24842.0,1085.0,25927.0,745.0,96.0,841.0,0.94335,-0.4809,0.1745,6053.496378015627,-53667.29796640511,-47613.801588389484,59720.794344420734,143.84698100000242,203503.1010835001,3401.470324547248,0.2730904163342219,0.7937140804597702,0.05923439826338403,-0.03454690513554466,0.38610530805618665,False
科创50ETF华夏,8月,2.35,1.745,2026-08-26,202608,rule_fourth_wednesday,medium,5.0,3.0,297706.0651005,-144082.69638525,153623.36871525002,441788.76148575,27386.0,1273.0,28659.0,1223.0,107.0,1330.0,1.09205,-0.47005,0.2037,56054.83889131053,-69802.12392458192,-13747.285033271386,125856.96281589245,1184.2711230000023,152439.09759225,3426.5599647993836,0.3363739817092235,0.7882063882063881,0.06435563575152561,-0.03744682671517548,0.41331603711569537,False
科创50ETF华夏,8月,2.4,1.745,2026-08-26,202608,rule_fourth_wednesday,medium,5.0,3.0,321135.64456000004,-820.9691902500001,320314.67536975007,321956.61375025,32957.0,817.0,33774.0,574.0,95.0,669.0,0.4203,-0.499,0.01765,66464.36968000002,-416.6313865664638,66047.73829343355,66881.00106656649,5497.64038625,314817.0349835001,173.78048780487754,0.3572269455906477,0.798313142156111,0.06684785178149683,-0.0232819612236453,0.38065204882673,False
科创50ETF华夏,8月,2.45,1.745,2026-08-26,202608,rule_fourth_wednesday,medium,5.0,3.0,207674.60263200005,-139.34034400000002,207535.26228800006,207813.94297600005,23681.0,352.0,24033.0,1066.0,96.0,1162.0,0.44470000000000004,-0.4991,0.01505,18649.359611815387,-80.33805976863728,18569.02155204675,18729.697671584025,9310.468440000002,198224.79384800006,3416.1651917404124,0.3331804019014254,0.7984332716137301,0.1588711318241321,0.014647715912548355,0.3600949141224401,False
科创50ETF华夏,8月,2.5,1.745,2026-08-26,202608,rule_fourth_wednesday,medium,5.0,3.0,258438.21440700002,-12511.550971249999,245926.66343575003,270949.76537825004,32394.0,185.0,32579.0,313.0,70.0,383.0,1.18705,-0.48324999999999996,0.12415,52686.48416200001,-7824.937880404141,44861.54628159587,60511.42204240415,-2236.997166,248163.66060175002,157.41781863879916,0.4146410048479266,0.7951116395825075,0.19402033075861563,-0.08913572628475437,0.35324505696626,False
科创50ETF华夏,8月,2.55,1.745,2026-08-26,202608,rule_fourth_wednesday,medium,5.0,3.0,843021.2613000001,-66247.83795225,776773.4233477501,909269.0992522502,115355.0,1479.0,116834.0,1323.0,16.0,1339.0,1.1687,-0.49015,0.08555,172471.67761200003,-30837.446222286395,141634.23138971365,203309.1238342864,8951.886296,767821.5370517502,90.21813013656272,0.3350368274214691,0.797639751552795,0.011143532023568718,6.537395838684929e-05,0.5295872040818039,False
科创50ETF华夏,9月,1.1,1.745,2026-09-23,202609,rule_fourth_wednesday,medium,33.0,23.0,73003.95672075001,-2434367.282231,-2361363.32551025,2507371.2389517496,2013.0,102758.0,104771.0,15.0,3634.0,3649.0,0.34929999999999994,0.48395,0.09845,33108.6771642338,-75009.00012238335,-41900.322958149554,108117.67728661715,-85546.53649675,-2275816.7890134994,807.6992671672847,0.2421657326222281,0.47036569987389654,0.0214081039853769,-0.0008733560412225849,0.6571829271749066,False
科创50ETF华夏,9月,1.15,1.745,2026-09-23,202609,rule_fourth_wednesday,medium,33.0,23.0,94249.6138,-2274393.0571245,-2180143.4433245,2368642.6709245,1825.0,72306.0,74131.0,23.0,1444.0,1467.0,0.33054999999999995,0.47675,0.13645000000000002,42001.9350336479,-37945.80145671738,4056.133576930515,79947.73649036528,-44233.372961,-2135910.0703635,369.8923932520631,0.23116481167969882,0.4676154763933867,0.01628670994544116,-0.0025377505018558677,0.6019476176519906,False
科创50ETF华夏,9月,1.2,1.745,2026-09-23,202609,rule_fourth_wednesday,medium,33.0,23.0,85141.456821,-2213754.7337770006,-2128613.2769560004,2298896.190598001,1212.0,47924.0,49136.0,0.0,920.0,920.0,0.32355,0.46554999999999996,0.19119999999999998,36522.04426875294,-269999.5757670858,-233477.53149833283,306521.6200358387,-42497.58691000001,-2086115.6900460005,633.2175149050427,0.2754608892007417,0.43056618209640396,0.009598531007428428,-0.004712691194708557,0.566028399237723,False
科创50ETF华夏,9月,1.25,1.745,2026-09-23,202609,rule_fourth_wednesday,medium,33.0,23.0,147797.35283299998,-1965554.7764772503,-1817757.4236442503,2113352.1293102503,1612.0,32291.0,33903.0,100.0,2447.0,2547.0,0.30555,0.45285000000000003,0.2505,65232.101700988096,-321653.5748922667,-256421.4731912786,386885.6765932548,-139780.44146325,-1677976.9821810003,504.2679663070117,0.30250347899994623,0.455691056910569,0.06890718422644326,-0.0034346966990432305,0.5852392146437333,False
科创50ETF华夏,9月,1.3,1.745,2026-09-23,202609,rule_fourth_wednesday,medium,33.0,23.0,324120.9870700001,-2245479.6921425005,-1921358.7050725005,2569600.679212501,2810.0,28039.0,30849.0,381.0,2212.0,2593.0,0.28759999999999997,0.43705000000000005,0.3209,167185.0424519569,-335032.54398452956,-167847.50153257267,502217.58643648645,-133199.50298300004,-1788159.2020895004,389.5454720232667,0.33250685540712777,0.423728813559322,0.10723865297433328,0.03651813651868853,0.6008288564836168,False
科创50ETF华夏,9月,1.35,1.745,2026-09-23,202609,rule_fourth_wednesday,medium,33.0,23.0,396561.21831250004,-2504657.3299702504,-2108096.1116577503,2901218.5482827504,2825.0,23361.0,26186.0,29.0,2465.0,2494.0,0.27285,0.4169,0.40655,154265.46765784422,-606645.7816205501,-452380.3139627059,760911.2492783943,-260214.89514375004,-1847881.2165140004,677.0720601556798,0.3156075250018299,0.3973962361433359,0.0578916149864781,0.004099952526865479,0.5991789429383155,False
科创50ETF华夏,9月,1.4,1.745,2026-09-23,202609,rule_fourth_wednesday,medium,33.0,23.0,931473.4520025001,-3052576.783801,-2121103.3317985,3984050.2358035003,5618.0,21221.0,26839.0,354.0,6666.0,7020.0,0.26025,0.39185000000000003,0.50845,447457.5744347126,-587058.7090584667,-139601.13462375413,1034516.2834931794,-900190.2049635,-1220913.1268349998,610.7490948640778,0.33634593870772556,0.35726924211147154,0.18856727541847196,0.007507759080022932,0.6740863130925205,False
科创50ETF华夏,9月,1.45,1.745,2026-09-23,202609,rule_fourth_wednesday,medium,33.0,23.0,786999.134952,-4315600.3530675005,-3528601.2181155006,5102599.488019501,4128.0,22749.0,26877.0,115.0,8365.0,8480.0,0.24575,0.36255,0.6245499999999999,308651.22807043756,-1046661.0613763067,-738009.8333058691,1355312.2894467441,-1564958.1692337503,-1963643.0488817506,382.7490797902834,0.3173585801789761,0.3250924991590986,0.19778349891689592,0.06711700214995647,0.71248142375881,False
科创50ETF华夏,9月,1.5,1.745,2026-09-23,202609,rule_fourth_wednesday,medium,33.0,23.0,1267187.0928495,-9140445.053838752,-7873257.960989252,10407632.146688253,5923.0,36665.0,42588.0,1005.0,7234.0,8239.0,0.23744999999999997,0.3251,0.76065,581569.84579393,-5286732.668178259,-4705162.8223843295,5868302.513972189,-1588395.5135070004,-6284862.447482252,57.80422665077879,0.5186672513038759,0.22871046228710468,0.18348870277336826,0.005451472932293302,0.7951502241763132,False
科创50ETF华夏,9月,1.55,1.745,2026-09-23,202609,rule_fourth_wednesday,medium,33.0,23.0,830013.2190025001,-8894278.9905375,-8064265.771535,9724292.20954,3302.0,28005.0,31307.0,969.0,10177.0,11146.0,0.36060000000000003,0.38515,0.93425,457536.4539619009,-5639264.3557413565,-5181727.901779456,6096800.809703257,-2988601.1435037497,-5075664.62803125,124.54358600532055,0.5926363657668794,0.13414634146341442,0.3284289514797425,0.034793159415736755,0.779776894573402,False
科创50ETF华夏,9月,1.6,1.745,2026-09-23,202609,rule_fourth_wednesday,medium,33.0,23.0,3316581.69976125,-14674631.677887501,-11358049.97812625,17991213.377648752,7509.0,37286.0,44795.0,3998.0,17786.0,21784.0,0.37734999999999996,0.30569999999999997,1.3715,1978962.5608834561,-6842574.497326245,-4863611.936442789,8821537.0582097,-5234186.650265001,-6123863.32786125,182.15830807077367,0.5314866798999669,0.006002400960384069,0.5047216275797763,0.02743309910838234,0.8502662900249154,False
科创50ETF华夏,9月,1.65,1.745,2026-09-23,202609,rule_fourth_wednesday,medium,33.0,23.0,6084655.677312,-15117238.08948625,-9032582.41217425,21201893.76679825,10496.0,32915.0,43411.0,4280.0,25815.0,30095.0,0.37315,0.22499999999999998,1.7060499999999998,3122056.280673552,-10572911.792705137,-7450855.512031585,13694968.07337869,-9375175.37350125,342592.9613269996,90.7108634861349,0.6062488027816405,0.0,0.5960336329162699,0.11707901836405639,0.8646861505225362,False
科创50ETF华夏,9月,1.7,1.745,2026-09-23,202609,rule_fourth_wednesday,medium,33.0,23.0,12791355.882480001,-22842706.036152754,-10051350.153672753,35634061.91863275,19904.0,44869.0,64773.0,18646.0,48042.0,66688.0,0.38134999999999997,0.1265,1.8912,9026855.917113315,-19824490.108949788,-10797634.191836473,28851346.026063103,-10859807.031695252,808456.8780224997,53.24360159384629,0.7867846455039675,0.0,1.0037567999400756,0.18099596572541665,0.9117005170287071,True
科创50ETF华夏,9月,1.75,1.745,2026-09-23,202609,rule_fourth_wednesday,medium,33.0,23.0,21897939.192560002,-22090080.148259003,-192140.9556990005,43988019.340819,31424.0,41726.0,73150.0,29843.0,37892.0,67735.0,0.37815,0.027700000000000002,2.01355,17040702.35546905,-19468086.878219858,-2427384.522750806,36508789.233688906,735883.366035752,-928024.3217347516,101.02712076216244,0.8297459917723914,0.0,0.9289014904588493,0.18793539651567115,0.9293302216397529,True
科创50ETF华夏,9月,1.8,1.745,2026-09-23,202609,rule_fourth_wednesday,medium,33.0,23.0,35048760.85484475,-28281004.64025,6767756.214594748,63329765.49509475,53241.0,54633.0,107874.0,28299.0,26813.0,55112.0,0.38785,-0.06789999999999999,1.9309500000000002,21601364.96005578,-19529661.10615674,2071703.8538990393,41131026.06621252,4749480.2102202475,2018276.0043744985,41.45570066213951,0.6534403793309327,0.0,0.5111552067944679,0.042702088812844936,0.9472241235869667,True
科创50ETF华夏,9月,1.85,1.745,2026-09-23,202609,rule_fourth_wednesday,medium,33.0,23.0,27907464.115440004,-16233001.174277501,11674462.941162502,44140465.2897175,47320.0,33910.0,81230.0,28626.0,12309.0,40935.0,0.40025,-0.15159999999999998,1.75445,22629095.743530683,-6725850.378520502,15903245.365010181,29354946.122051187,10990060.960194748,684401.9809677508,136.9520667766285,0.6125968398106202,0.03359173126614978,0.48396766165123584,-0.015537865494917187,0.9272560227080743,False
科创50ETF华夏,9月,1.9,1.745,2026-09-23,202609,rule_fourth_wednesday,medium,33.0,23.0,23900850.670690004,-9385742.432408001,14515108.238282003,33286593.103098005,47513.0,22004.0,69517.0,22538.0,5414.0,27952.0,0.41715,-0.21960000000000002,1.5264,13838700.44618941,-5402615.94701743,8436084.49917198,19241316.39320684,9028147.363712002,5486960.87457,79.88873023654486,0.5773119850822921,0.1659815005138746,0.36020028032167684,0.0368755730091001,0.9015758843510002,False
科创50ETF华夏,9月,1.95,1.745,2026-09-23,202609,rule_fourth_wednesday,medium,33.0,23.0,14369121.822717002,-4355260.555232251,10013861.26748475,18724382.377949253,34662.0,11601.0,46263.0,15688.0,1442.0,17130.0,0.4363,-0.2726,1.29715,9422025.504024472,-1760060.8866797658,7661964.617344706,11182086.390704237,5962098.475803501,4051762.79168125,142.54131049036135,0.5299181837234401,0.25854791051076415,0.2884495088607515,-0.027635336218176987,0.8518128002038537,False
科创50ETF华夏,9月,2.0,1.745,2026-09-23,202609,rule_fourth_wednesday,medium,33.0,23.0,13141828.2113975,-3403006.9086720003,9738821.302725501,16544835.1200695,39185.0,10394.0,49579.0,11817.0,1091.0,12908.0,0.4589,-0.31235,1.0882999999999998,5470770.258454244,-1856332.253451314,3614438.00500293,7327102.5119055575,3605979.6882015006,6132841.614524001,130.23514265089273,0.48089224691625687,0.32925965285157627,0.20326694032827658,0.01049184504206326,0.8452085991087627,False
科创50ETF华夏,9月,2.05,1.745,2026-09-23,202609,rule_fourth_wednesday,medium,33.0,23.0,8046375.18390125,-1758937.4978760001,6287437.686025251,9805312.68177725,29855.0,6136.0,35991.0,7837.0,604.0,8441.0,0.4872,-0.3399,0.91325,3529021.002178646,-708289.9634811179,2820731.038697528,4237310.965659764,1939048.50375775,4348389.182267501,194.01645548536044,0.4206328834558626,0.3832979690815399,0.18046877814696283,0.027203102565220807,0.7834997970909989,False
科创50ETF华夏,9月,2.1,1.745,2026-09-23,202609,rule_fourth_wednesday,medium,33.0,23.0,5606357.035626001,-1460308.2420960004,4146048.7935300004,7066665.277722001,25848.0,5742.0,31590.0,8886.0,644.0,9530.0,0.5065,-0.365,0.77375,1682391.817329692,-778788.7507239939,903603.0666056981,2461180.568053686,1763565.5095725001,2382483.2839575,249.3645051008198,0.41669540771436675,0.41371504660452735,0.2279675294875564,0.0003384379097355599,0.7491961937659831,False
科创50ETF华夏,9月,2.15,1.745,2026-09-23,202609,rule_fourth_wednesday,medium,33.0,23.0,3732224.4149850006,-634075.4825314999,3098148.9324535006,4366299.8975165,21636.0,2806.0,24442.0,4801.0,101.0,4902.0,0.5217499999999999,-0.3867,0.6543,549272.7936130831,-263792.6421115595,285480.15150152356,813065.4357246426,805352.5968360002,2292796.335617501,360.2020523205057,0.28159877338659317,0.4354685646500593,0.12894649265294889,-0.05271702413777508,0.6686940308019506,False
科创50ETF华夏,9月,2.2,1.745,2026-09-23,202609,rule_fourth_wednesday,medium,33.0,23.0,3773713.7332170005,-545329.4469165,3228384.2863005004,4319043.1801335,25406.0,2711.0,28117.0,4109.0,84.0,4193.0,0.5471999999999999,-0.39949999999999997,0.5742,747296.1258258002,-257053.24680958217,490242.87901621807,1004349.3726353825,593438.7712995,2634945.5150010004,997.2293820653168,0.3346995533313377,0.4519436138402392,0.09635916261049293,-0.010472722144979345,0.6753754172776499,False
科创50ETF华夏,9月,2.25,1.745,2026-09-23,202609,rule_fourth_wednesday,medium,33.0,23.0,1584752.567398,-400662.28843275,1184090.2789652501,1985414.85583075,13871.0,2269.0,16140.0,1881.0,222.0,2103.0,0.54765,-0.4199,0.47755,438518.4977595516,-187120.13801652344,251398.35974302818,625638.6357760751,175702.0228335,1008388.2561317501,234.15046903037899,0.3718690487220076,0.46066212268743917,0.11672355986577701,0.013811073646609011,0.5201448552289536,False
科创50ETF华夏,9月,2.3,1.745,2026-09-23,202609,rule_fourth_wednesday,medium,33.0,23.0,1254955.4101260002,-237621.936303,1017333.4738230002,1492577.3464290001,13464.0,1394.0,14858.0,2121.0,136.0,2257.0,0.60885,-0.41275,0.43294999999999995,117691.86243736156,-113806.6823405334,3885.1800968281605,231498.54477789497,174511.99661325003,842821.4772097503,1144.8287786973513,0.28636092193025375,0.4882661996497372,0.12754608495282815,-0.035546301197152526,0.499057111771799,False
科创50ETF华夏,9月,2.35,1.745,2026-09-23,202609,rule_fourth_wednesday,medium,33.0,23.0,953646.4105450003,-277632.46859400003,676013.9419510004,1231278.8791390003,11845.0,1719.0,13564.0,1324.0,48.0,1372.0,0.66335,-0.40864999999999996,0.3974,45164.555802672854,-127716.12702558227,-82551.57122290942,172880.6828282551,98843.46031600004,577170.4816350003,586.2723945544925,0.25368927708197414,0.49361532322426194,0.06985016615872412,-0.00860122260263146,0.4491308137360817,False
科创50ETF华夏,9月,2.4,1.745,2026-09-23,202609,rule_fourth_wednesday,medium,33.0,23.0,729358.4560155001,-101743.1158225,627615.3401930002,831101.5718380001,11309.0,670.0,11979.0,1359.0,60.0,1419.0,0.69465,-0.41175,0.35524999999999995,44783.51640974001,-50200.2432427391,-5416.726832999091,94983.75965247912,78535.51868550002,549079.8215075,701.2567911449119,0.27740155513615306,0.4848149786230282,0.10486100754517272,0.013266937817734036,0.4021115717665307,False
科创50ETF华夏,9月,2.45,1.745,2026-09-23,202609,rule_fourth_wednesday,medium,33.0,23.0,417947.9514000001,-66813.0250425,351134.9263575001,484760.9764425001,7600.0,610.0,8210.0,1769.0,3.0,1772.0,0.60405,-0.45535,0.27015,89066.90816940002,-31212.216400463796,57854.69176893622,120279.12456986381,96954.29635575002,254180.63000175005,2391.948278724965,0.3401314613101981,0.4869503546099291,0.11884059534081104,-0.035890636027258886,0.33675622398092525,False
科创50ETF华夏,9月,2.5,1.745,2026-09-23,202609,rule_fourth_wednesday,medium,33.0,23.0,580986.6592162501,-86543.873535,494442.78568125004,667530.5327512501,12495.0,670.0,13165.0,2230.0,28.0,2258.0,0.71225,-0.43055000000000004,0.28845,45482.60286731896,-42280.98319036297,3201.61967695599,87763.58605768193,100072.73690850001,394370.0487727501,1330.1042005861282,0.28341740205947474,0.48818181818181816,0.11013121666577078,-0.04742121902466984,0.4145306304978272,False
科创50ETF华夏,9月,2.55,1.745,2026-09-23,202609,rule_fourth_wednesday,medium,33.0,23.0,1738351.0582590003,-133860.27340800004,1604490.7848510002,1872211.3316670004,44916.0,1152.0,46068.0,5712.0,0.0,5712.0,0.7086,-0.44185,0.25434999999999997,179123.51830784354,-63676.77604913999,115446.74225870354,242800.29435698353,221067.35338800005,1383423.4314630001,1112.1728546627771,0.2893690234230416,0.4918978639823227,0.06358535933742987,-0.01266193607187032,0.6124579054207078,False
科创50ETF华夏,12月,1.3,1.745,2026-12-23,202612,rule_fourth_wednesday,medium,124.0,88.0,375291.26193375007,-5167461.809146501,-4792170.547212751,5542753.071080252,3415.0,45582.0,48997.0,154.0,159733.0,159887.0,0.2312,0.37010000000000004,0.36660000000000004,146367.1813598476,-2254892.4258093825,-2108525.244449535,2401259.60716923,-5150537.9865000015,358367.43928725005,470.07080123936504,0.41318660007530883,0.23095238095238085,1.7746975556673787,-0.02684198685939298,0.7841198887396825,False
科创50ETF华夏,12月,1.35,1.745,2026-12-23,202612,rule_fourth_wednesday,medium,124.0,88.0,81755.26722000001,-3002472.359038001,-2920717.091818001,3084227.6262580007,678.0,22369.0,23047.0,0.0,24588.0,24588.0,0.23245,0.3438,0.4184,27245.986646432397,-2433004.8875153787,-2405758.900868946,2460250.874161811,-3002472.359038001,81755.26722000001,210.25213434106695,0.5717982925271465,0.1907704443860111,0.5495998927086593,0.009289194481125631,0.6570001375421659,False
科创50ETF华夏,12月,1.4,1.745,2026-12-23,202612,rule_fourth_wednesday,medium,124.0,88.0,314634.15078200004,-2350875.0109500005,-2036240.8601680005,2665509.1617320003,2408.0,15138.0,17546.0,202.0,7193.0,7395.0,0.22985,0.31665,0.46955,110706.02110122656,-1231467.7924899983,-1120761.7713887717,1342173.8135912248,-1090652.3774795001,-945588.4826885002,222.35784386250435,0.437845071048356,0.15166908563134962,0.27952444377727126,0.02044035483797405,0.5991584857842571,False
科创50ETF华夏,12月,1.45,1.745,2026-12-23,202612,rule_fourth_wednesday,medium,124.0,88.0,130909.58328250003,-2245644.0625920002,-2114734.4793095,2376553.6458745003,935.0,12768.0,13703.0,11.0,4187.0,4198.0,0.2293,0.28659999999999997,0.5186999999999999,39365.28174941994,-574832.9764332494,-535467.6946838294,614198.2581826694,-734872.1436835001,-1379862.335626,364.47199265381107,0.27834138467222125,0.05284280936454855,0.16984695193867022,-0.03593191372707291,0.5542770414838467,False
科创50ETF华夏,12月,1.5,1.745,2026-12-23,202612,rule_fourth_wednesday,medium,124.0,88.0,314322.46202300006,-2240191.73217775,-1925869.2701547502,2554514.1942007504,2117.0,11479.0,13596.0,56.0,5518.0,5574.0,0.2291,0.25455,0.56425,91411.99334317681,-947842.9757144335,-856430.9823712567,1039254.9690576103,-1068554.2656515,-857315.0045032499,313.6471789722557,0.3569651539711222,0.0,0.25357821061425223,-0.03017838656237893,0.5686797725455809,False
科创50ETF华夏,12月,1.55,1.745,2026-12-23,202612,rule_fourth_wednesday,medium,124.0,88.0,677891.0171620001,-1646556.3436140001,-968665.3264520001,2324447.360776,2312.0,7938.0,10250.0,57.0,1952.0,2009.0,0.34395000000000003,0.30145,0.82205,262938.01748696587,-922193.5459147781,-659255.5284278123,1185131.563401744,-388184.99399275,-580480.33245925,171.5993692437351,0.4739753115386786,0.0,0.13527987447702391,0.0092349727261164,0.49905748914190096,False
科创50ETF华夏,12月,1.6,1.745,2026-12-23,202612,rule_fourth_wednesday,medium,124.0,88.0,1465098.5536250002,-3154723.0609335005,-1689624.5073085004,4619821.614558501,4130.0,13989.0,18119.0,372.0,3218.0,3590.0,0.3553,0.23855,0.9528000000000001,622498.9273819786,-1197348.580768931,-574849.6533869524,1819847.5081509096,-593740.5332770001,-1095883.9740315003,224.98806519811816,0.40221347125058887,0.0,0.16005526306816303,0.043550397916251773,0.6431256744830836,False
科创50ETF华夏,12月,1.65,1.745,2026-12-23,202612,rule_fourth_wednesday,medium,124.0,88.0,822030.685965,-1224078.8870762503,-402048.2011112503,2046109.5730412502,2115.0,5185.0,7300.0,567.0,2038.0,2605.0,0.36515,0.1798,1.02585,438651.1642164066,-705295.7854415171,-266644.62122511055,1143946.9496579238,-260758.4625565001,-141289.73855475034,221.65807710793595,0.5549019385680676,0.0,0.33057100063604095,0.05215202384445508,0.46890399372098374,False
科创50ETF华夏,12月,1.7,1.745,2026-12-23,202612,rule_fourth_wednesday,medium,124.0,88.0,1400722.7056920002,-1709128.075135,-308405.3694429998,3109850.7808270003,3519.0,7078.0,10597.0,863.0,2157.0,3020.0,0.37765,0.12210000000000001,1.0501,488915.3982297944,-907463.3731705339,-418547.9749407395,1396378.7714003283,-177338.41926849994,-131066.95017449977,195.8325362580687,0.43999808340763813,0.029107373868046515,0.27499361436856606,0.03230059795493853,0.5487874412496767,True
科创50ETF华夏,12月,1.75,1.745,2026-12-23,202612,rule_fourth_wednesday,medium,124.0,88.0,1956390.5605880003,-1731604.2268167501,224786.3337712502,3687994.7874047505,4918.0,7111.0,12029.0,2013.0,1894.0,3907.0,0.38775000000000004,0.06835000000000002,1.05305,964362.1767780435,-627381.0370804075,336981.139697636,1591743.213858451,339566.38917850016,-114780.05540725007,178.79724244045013,0.4276206499246426,0.11059530311305299,0.33783032021882253,0.07994504880767987,0.5887083067392971,True
科创50ETF华夏,12月,1.8,1.745,2026-12-23,202612,rule_fourth_wednesday,medium,124.0,88.0,3081545.7204892505,-1516232.1359375003,1565313.5845517502,4597777.856426751,7913.0,6250.0,14163.0,2350.0,2532.0,4882.0,0.39695,0.018000000000000016,1.0377999999999998,1995075.9279385766,-858429.6890703975,1136646.238868179,2853505.617008974,300900.4181265001,1264413.16642525,167.03315543636688,0.6067934063977787,0.1774193548387098,0.35104982686718056,0.011810402485240908,0.6370661688653622,True
科创50ETF华夏,12月,1.85,1.745,2026-12-23,202612,rule_fourth_wednesday,medium,124.0,88.0,2576852.7716530003,-898998.5648800001,1677854.2067730003,3475851.336533,6884.0,3760.0,10644.0,2344.0,936.0,3280.0,0.40605,-0.028600000000000014,1.00725,982018.1615779765,-365494.8468470174,616523.3147309591,1347513.008424994,653624.36033,1024229.846443,363.4111555269393,0.393824918181916,0.23400809716599197,0.2947179398420018,0.028282008298396694,0.5703698641314574,False
科创50ETF华夏,12月,1.9,1.745,2026-12-23,202612,rule_fourth_wednesday,medium,124.0,88.0,2876916.9650140004,-633887.7871905001,2243029.1778235002,3510804.7522045006,8168.0,2718.0,10886.0,3447.0,393.0,3840.0,0.4169,-0.07035,0.9613,1298371.603471562,-243821.96126420674,1054549.6422073552,1542193.5647357688,1122440.7332655,1120588.444558,369.18114765351186,0.4179759506960129,0.28265486725663713,0.283302172047056,-0.00661273289743464,0.5769349704756715,False
科创50ETF华夏,12月,1.95,1.745,2026-12-23,202612,rule_fourth_wednesday,medium,124.0,88.0,1813365.5231862504,-323721.7233920001,1489643.7997942502,2137087.2465782505,5441.0,1432.0,6873.0,1970.0,205.0,2175.0,0.42445,-0.10999999999999999,0.91845,625296.1578022501,-129047.30149392539,496248.8563083247,754343.4592961755,610214.7884325002,879429.0113617502,525.6669766277782,0.37173141970486867,0.3229590240850796,0.25261111065477404,0.05338607045210529,0.4619560731173309,False
科创50ETF华夏,12月,2.0,1.745,2026-12-23,202612,rule_fourth_wednesday,medium,124.0,88.0,2335706.6452160003,-478151.1711252501,1857555.47409075,2813857.81634125,7552.0,2177.0,9729.0,3447.0,123.0,3570.0,0.4316,-0.14555,0.8685,470929.3117229668,-182182.86462598818,288746.4470969786,653112.1763489549,1039083.7219950001,818471.75209575,415.0168445297228,0.2913184863486564,0.3508550602747408,0.2564675758410345,0.04250602197906743,0.5384547958382886,False
科创50ETF华夏,12月,2.05,1.745,2026-12-23,202612,rule_fourth_wednesday,medium,124.0,88.0,1671369.3997320002,-298431.84680925007,1372937.5529227501,1969801.2465412503,5812.0,1421.0,7233.0,3042.0,14.0,3056.0,0.43920000000000003,-0.17870000000000003,0.81705,684191.6854512002,-110758.21156390004,573433.4738873002,794949.8970151002,871854.2985225001,501083.25440025,592.1062322587031,0.3902469834115997,0.3829145728643217,0.2666260395512597,0.05440092938480916,0.4688825720300564,False
科创50ETF华夏,12月,2.1,1.745,2026-12-23,202612,rule_fourth_wednesday,medium,124.0,88.0,2606781.5306715,-408207.40362900007,2198574.1270425003,3014988.9343005,10166.0,2052.0,12218.0,2323.0,36.0,2359.0,0.46505,-0.19469999999999998,0.7477,785055.2302059825,-158942.5649880557,626112.6652179267,943997.7951940382,588505.7394487499,1610068.3875937501,379.9339173830182,0.34526299548947337,0.41482150926344324,0.12302532348971977,0.010388036228636044,0.5461421665593404,False
科创50ETF华夏,12月,2.15,1.745,2026-12-23,202612,rule_fourth_wednesday,medium,124.0,88.0,2781736.1216685004,-536047.6017115001,2245688.5199570004,3317783.7233800003,11691.0,2818.0,14509.0,1745.0,71.0,1816.0,0.46649999999999997,-0.22575,0.70305,535382.592910384,-214617.87269786504,320764.72021251894,750000.465608249,401696.43982325,1843992.08013375,318.7345273501815,0.29641719728779836,0.43469303667078696,0.08722764425013411,-0.004400286763438697,0.5609407113568925,False
科创50ETF华夏,12月,2.2,1.745,2026-12-23,202612,rule_fourth_wednesday,medium,124.0,88.0,4985065.725154,-1149364.20486025,3835701.5202937503,6134429.930014251,23071.0,6527.0,29598.0,2024.0,267.0,2291.0,0.48845000000000005,-0.24250000000000002,0.64395,2094628.8416919028,-482285.53241835965,1612343.3092735433,2576914.3741102624,390318.70391075,3445382.8163830005,138.86830657582934,0.4198957497359045,0.47259259259259273,0.06431809275457764,-0.02154120240757274,0.6891520543949181,False
科创50ETF华夏,12月,2.25,1.745,2026-12-23,202612,rule_fourth_wednesday,medium,124.0,88.0,1217839.14364725,-220284.02070675005,997555.1229405,1438123.164354,6219.0,1287.0,7506.0,1881.0,31.0,1912.0,0.49420000000000003,-0.26234999999999997,0.6026,390906.97838055005,-93093.26726583004,297813.71111472,484000.2456463801,363041.887615,634513.2353255,569.854909983609,0.37179485533059553,0.4756560773480663,0.16327361334597223,0.05015024414673845,0.4299041316326028,False
科创50ETF华夏,12月,2.3,1.745,2026-12-23,202612,rule_fourth_wednesday,medium,124.0,88.0,3044269.955601,-198617.54117250003,2845652.4144285,3242887.4967735005,17249.0,1230.0,18479.0,5183.0,0.0,5183.0,0.5118,-0.27565,0.55495,672781.7266082799,-83458.26814334586,589323.458464934,756239.9947516257,914745.8507670001,1930906.5636615,304.2752432822475,0.32059761146469434,0.49651070578905615,0.15024059365760334,0.017614932181010682,0.6134952377740399,False
科创50ETF华夏,12月,2.35,1.745,2026-12-23,202612,rule_fourth_wednesday,medium,124.0,88.0,756485.7615837501,-96603.05272200002,659882.7088617501,853088.8143057502,4715.0,591.0,5306.0,3875.0,0.0,3875.0,0.48729999999999996,-0.30715000000000003,0.53185,349550.4374486668,-41356.83062816513,308193.6068205016,390907.26807683194,621714.1730937501,38168.535768,431.5046918001262,0.4450912074805231,0.46540058434568665,0.41092258748674443,0.014737991266375546,0.38316355505225463,False
科创50ETF华夏,12月,2.4,1.745,2026-12-23,202612,rule_fourth_wednesday,medium,124.0,88.0,850723.1648335,-85255.82796000002,765467.3368735,935978.9927935001,5878.0,570.0,6448.0,6980.0,0.0,6980.0,0.53165,-0.3026,0.48325,364595.6420715001,-37167.18810878099,327428.45396271907,401762.8301802811,850723.1648335,-85255.82796000002,361.59926795446813,0.4322601859325027,0.49138769273510213,0.5937393671316774,0.005417024935511608,0.4263425706673017,False
科创50ETF华夏,12月,2.45,1.745,2026-12-23,202612,rule_fourth_wednesday,medium,124.0,88.0,714335.094372,-138246.93642300004,576088.1579489999,852582.030795,5448.0,953.0,6401.0,6374.0,6.0,6380.0,0.5347500000000001,-0.31725000000000003,0.4535,406140.3996601757,-61307.007866161046,344833.39179401466,467447.4075263368,713464.704426,-137376.54647700003,246.9040053556512,0.5060087045202105,0.49237844940867276,0.5881332695421985,0.033072407045009786,0.4113454262770033,False
科创50ETF华夏,12月,2.5,1.745,2026-12-23,202612,rule_fourth_wednesday,medium,124.0,88.0,1186165.9202565001,-198031.4347605,988134.4854960002,1384197.355017,10097.0,1401.0,11498.0,16193.0,0.0,16193.0,0.19774999999999998,-0.33640000000000003,0.425,729634.7069619027,-88594.35730494041,641040.3496569623,818229.064266843,1186165.9202565001,-198031.4347605,335.940313747037,0.5312477490023705,0.35396004024723293,0.8018718431217193,0.03265456847436168,0.5231243967026403,False
科创50ETF华夏,12月,2.55,1.745,2026-12-23,202612,rule_fourth_wednesday,medium,124.0,88.0,4616755.42663475,-1102393.9025287502,3514361.524106,5719149.329163501,42553.0,8313.0,50866.0,47335.0,60.0,47395.0,0.57145,-0.32805,0.39590000000000003,4096321.1785413804,-503926.52307983715,3592394.6554615432,4600247.701621218,4608798.77630975,-1094437.2522037502,127.46791304210214,0.6721964644877447,0.47154424522845567,0.5597975583347722,0.0009586825864878168,0.7840453251576496,False
科创50ETF华夏,3月,1.45,1.745,2027-03-24,202703,rule_fourth_wednesday,medium,215.0,153.0,48629.292852,-830174.0572230001,-781544.7643710001,878803.3500750001,392.0,5556.0,5948.0,111.0,1501.0,1612.0,0.22125,0.27240000000000003,0.44905,21233.334783445338,-140594.5607156838,-119361.22593223845,161827.89549912914,-210508.45514825004,-571036.3092227501,407.31253655111993,0.30299611946794947,0.04478072884496592,0.27666082631756805,0.19522657958781306,0.36065974744070495,False
科创50ETF华夏,3月,1.5,1.745,2027-03-24,202703,rule_fourth_wednesday,medium,215.0,153.0,36989.928391500005,-279855.82404800004,-242865.89565650004,316845.75243950007,186.0,1762.0,1948.0,37.0,261.0,298.0,0.31355,0.3346,0.58735,10341.270303000003,-45682.55166392596,-35341.281360925954,56023.82196692596,-34096.02798225001,-208769.86767425004,451.29993238707186,0.22140295761675222,0.009896324222431752,0.1735259297230664,0.09445210124477696,0.15995574372337198,False
科创50ETF华夏,3月,1.55,1.745,2027-03-24,202703,rule_fourth_wednesday,medium,215.0,153.0,71598.55588225,-204503.72674875002,-132905.1708665,276102.28263100004,269.0,1209.0,1478.0,19.0,96.0,115.0,0.33055,0.27864999999999995,0.7148,16342.57000435,-62527.62738133302,-46185.05737698302,78870.19738568302,-11181.36225025,-121723.80861625004,470.192142823283,0.2670028926259641,0.0551086082059532,0.07501821838073187,0.002697069811961588,0.11610900074138711,False
科创50ETF华夏,3月,1.6,1.745,2027-03-24,202703,rule_fourth_wednesday,medium,215.0,153.0,235174.10160600004,-794216.0269035003,-559041.9252975003,1029390.1285095003,804.0,4518.0,5322.0,1.0,244.0,245.0,0.3481,0.225,0.76895,47151.822361800005,-176000.24040190008,-128848.41804010008,223152.0627637001,-42600.08245150002,-516441.84284600033,576.2729234461112,0.21104999570540395,0.12779661016949145,0.02762498926350981,-0.025057502028907927,0.3076362555448995,False
科创50ETF华夏,3月,1.65,1.745,2027-03-24,202703,rule_fourth_wednesday,medium,215.0,153.0,246082.84276800003,-208244.631312,37838.21145600002,454327.4740800001,784.0,1149.0,1933.0,259.0,301.0,560.0,0.35514999999999997,0.17955,0.813,84592.54586040445,-64569.37722743964,20023.168632964815,149161.9230878441,26742.018555000002,11096.192901000002,489.44264171665947,0.3269107007507555,0.1819767441860463,0.2961620353102076,0.07630377497242309,0.19634692678497506,False
科创50ETF华夏,3月,1.7,1.745,2027-03-24,202703,rule_fourth_wednesday,medium,215.0,153.0,230993.61723375003,-294736.00861600006,-63742.39138225003,525729.6258497501,735.0,1568.0,2303.0,292.0,403.0,695.0,0.36329999999999996,0.13375,0.8247,82906.28057995002,-89247.86791510004,-6341.5873351500195,172154.14849505006,16017.227353249997,-79759.61873550003,683.3076827339594,0.330858843537415,0.20482546201232021,0.3271471088435374,0.136950338726835,0.23055271208503209,True
科创50ETF华夏,3月,1.75,1.745,2027-03-24,202703,rule_fourth_wednesday,medium,215.0,153.0,280512.69684100006,-248743.98146625003,31768.715374750027,529256.6783072501,884.0,1335.0,2219.0,587.0,398.0,985.0,0.3748,0.09190000000000001,0.827,130609.75794090003,-112809.54230519831,17800.215635701723,243419.30024609834,112110.66469125003,-80341.94931650002,467.2887353610247,0.45956376516191466,0.2754385964912281,0.4810772450726185,0.1832895270687435,0.23811880449996167,True
科创50ETF华夏,3月,1.8,1.745,2027-03-24,202703,rule_fourth_wednesday,medium,215.0,153.0,550761.2538622501,-176057.5599525,374703.6939097501,726818.8138147502,1741.0,930.0,2671.0,257.0,235.0,492.0,0.37805,0.051399999999999973,0.8303,145174.5768364451,-88856.05345385229,56318.523382592815,234030.63029029738,36813.68234450002,337890.0115652501,369.8962311921721,0.3841439119476847,0.2963978073610024,0.20015224225355593,0.06443027602699597,0.2539483415692379,True
科创50ETF华夏,3月,1.85,1.745,2027-03-24,202703,rule_fourth_wednesday,medium,215.0,153.0,389779.49088375,-130759.98120425001,259019.5096795,520539.47208800004,1265.0,697.0,1962.0,159.0,102.0,261.0,0.38684999999999997,0.014050000000000007,0.8140000000000001,101126.79410460468,-41581.03649520799,59545.757609396685,142707.83059981267,29856.43967475,229163.07000475004,457.10748485431975,0.2887206447204197,0.3345448251990308,0.1360165815096886,0.036927377843451376,0.19391258482844465,False
科创50ETF华夏,3月,1.9,1.745,2027-03-24,202703,rule_fourth_wednesday,medium,215.0,153.0,301972.05377475003,-161618.96491000004,140353.08886475,463591.0186847501,1011.0,865.0,1876.0,46.0,17.0,63.0,0.3921,-0.021550000000000014,0.79725,65890.24239635002,-33594.32357320001,32295.91882315001,99484.56596955002,10563.252625500001,129789.83623925,754.3221303714106,0.21303053692618196,0.357142857142857,0.03257634231545485,0.017672760858239,0.14849253047342742,False
科创50ETF华夏,3月,1.95,1.745,2027-03-24,202703,rule_fourth_wednesday,medium,215.0,153.0,254797.82611900003,-66528.193404,188269.632715,321326.01952300005,874.0,368.0,1242.0,42.0,5.0,47.0,0.40069999999999995,-0.05450000000000002,0.77555,55857.280874600016,-19664.88468427948,36192.396190320535,75522.1655588795,11340.373455750001,176929.25925925002,480.4616011237507,0.2574046010792015,0.39681881051175655,0.030820938215102973,0.01602485985864002,0.10578372988069773,False
科创50ETF华夏,3月,2.0,1.745,2027-03-24,202703,rule_fourth_wednesday,medium,215.0,153.0,287104.56696100003,-48090.84108125,239013.72587975004,335195.40804225,1046.0,275.0,1321.0,262.0,0.0,262.0,0.41359999999999997,-0.08180000000000001,0.73785,47905.65687086668,-14585.85932980785,33319.79754105883,62491.51620067453,71913.381017,167100.34486275003,497.6023224549756,0.23507797109760772,0.4281987577639752,0.12523900573613767,-0.0506872852233677,0.14149247605824208,False
科创50ETF华夏,3月,2.05,1.745,2027-03-24,202703,rule_fourth_wednesday,medium,215.0,153.0,345088.05481199996,-25907.803506,319180.25130599993,370995.858318,1319.0,156.0,1475.0,29.0,0.0,29.0,0.42810000000000004,-0.10674999999999998,0.7022999999999999,72052.5021192,-8206.293820466091,63846.20829873391,80258.79593966609,7587.227892,311593.02341399994,462.3986554736722,0.2627722139187826,0.4659848821698532,0.010993176648976498,0.0026676829268292685,0.11553604868802667,False
科创50ETF华夏,3月,2.1,1.745,2027-03-24,202703,rule_fourth_wednesday,medium,215.0,153.0,470413.9453017501,-80061.62431500002,390352.32098675007,550475.5696167501,1907.0,486.0,2393.0,57.0,8.0,65.0,0.43084999999999996,-0.13345,0.6755500000000001,41122.33226024708,-26712.485651245865,14409.846609001215,67834.81791149295,12742.729269250003,377609.59171750006,396.1484739516786,0.21053319596877706,0.4686209744013212,0.023175392370754486,0.009156015962870504,0.18232350281578794,False
科创50ETF华夏,3月,2.15,1.745,2027-03-24,202703,rule_fourth_wednesday,medium,215.0,153.0,2487613.3810875,-494683.67760900006,1992929.7034785,2982297.0586965,10679.0,3036.0,13715.0,1590.0,224.0,1814.0,0.4318,-0.15985,0.65005,772161.0472416017,-208696.61994654158,563464.4272950601,980857.6671881434,333883.215419,1659046.4880595,280.6844157182792,0.36614064092133625,0.47076360838622816,0.11133581835528363,0.07955285133248241,0.5436540599190887,False
科创50ETF易方达,8月,1.4,1.692,2026-08-26,202608,rule_fourth_wednesday,medium,5.0,3.0,10563.968159999999,-661949.9826479999,-651386.0144879998,672513.9508079999,180.0,11279.0,11459.0,2.0,1808.0,1810.0,0.0001,0.4888,0.205,2908.4441600442456,-74733.91957439999,-71825.47541435574,77642.36373444424,-105991.81387199997,-545394.2006159999,3539.0377412849325,0.1941085195133596,0.4701858996843213,0.08570450493050014,-0.017017383566272172,0.3940671838589888,False
科创50ETF易方达,8月,1.45,1.692,2026-08-26,202608,rule_fourth_wednesday,medium,5.0,3.0,30471.179270399996,-1241977.5659894398,-1211506.3867190399,1272448.7452598398,220.0,8967.0,9187.0,3.0,2680.0,2683.0,0.0001,0.46919999999999995,0.4838,7380.024878277912,-161215.97770908554,-153835.95283080763,168596.00258736344,-370778.84957663994,-840727.5371423998,1655.6074627309793,0.18600138009179462,0.4644670050761422,0.15625500572807363,-0.043829468372593126,0.45223942897939545,False
科创50ETF易方达,8月,1.5,1.692,2026-08-26,202608,rule_fourth_wednesday,medium,5.0,3.0,221549.77328544,-3545066.2261276795,-3323516.4528422393,3766615.9994131196,821.0,13137.0,13958.0,55.0,6421.0,6476.0,0.0001,0.4293,0.9426,53539.25709441564,-767724.8583294114,-714185.6012349958,821264.115423827,-1717887.7670342398,-1605628.6858079997,1853.6148950895497,0.2291097091667374,0.45121951219512185,0.27788182200935574,-0.0655421635530099,0.6215272094135421,False
科创50ETF易方达,8月,1.55,1.692,2026-08-26,202608,rule_fourth_wednesday,medium,5.0,3.0,492827.29385039996,-6057576.737416799,-5564749.4435664,6550404.031267199,1115.0,13705.0,14820.0,240.0,6314.0,6554.0,0.0001,0.3608,1.5439,147289.37361575366,-1380203.5023928643,-1232914.1287771107,1527492.876008618,-2684693.2581590395,-2880056.18540736,564.600988900329,0.2633567847581586,0.46358732299393113,0.3379772038289191,0.007156446170877054,0.6818105341359758,False
科创50ETF易方达,8月,1.6,1.692,2026-08-26,202608,rule_fourth_wednesday,medium,5.0,3.0,1366792.0522027197,-11495642.244577918,-10128850.192375198,12862434.296780638,2211.0,18596.0,20807.0,697.0,15239.0,15936.0,0.0001,0.2611,2.1593,864807.7225919645,-7357256.585309161,-6492448.862717196,8222064.307901125,-8989547.72642784,-1139302.46594736,141.00006576495574,0.6363660253914818,0.2953586497890295,0.5673596394530602,0.07357737824798252,0.7794623526349961,False
科创50ETF易方达,8月,1.65,1.692,2026-08-26,202608,rule_fourth_wednesday,medium,5.0,3.0,3811155.0633504,-9241115.086811518,-5429960.023461118,13052270.150161918,5090.0,12342.0,17432.0,9372.0,16931.0,26303.0,0.0001,0.1358,2.6154,1778539.02956352,-5544669.052086912,-3766130.022523392,7323208.081650432,-5429960.023461118,0.0,1074.7524080857415,0.5333333333333334,0.0,1.6065385848440594,-0.0459829963993237,0.7796591590600201,True
科创50ETF易方达,8月,1.7,1.692,2026-08-26,202608,rule_fourth_wednesday,medium,5.0,3.0,18623011.96888128,-20586725.049974397,-1963713.0810931176,39209737.018855676,11146.0,13564.0,24710.0,20688.0,21659.0,42347.0,0.3301,-0.029100000000000015,5.568849999999999,14953546.98006129,-14807794.978195932,145752.00186535902,29761341.95825722,-1963713.0810931176,0.0,80.93688678239883,0.7611246164482068,0.0,1.7264461127006643,0.021117361360674665,0.8679195472804362,True
科创50ETF易方达,8月,1.75,1.692,2026-08-26,202608,rule_fourth_wednesday,medium,5.0,3.0,20049743.146193277,-8841741.09274368,11208002.053449597,28891484.238936957,16666.0,7869.0,24535.0,13886.0,12772.0,26658.0,0.35175,-0.26155,4.0635,11181114.533730939,-6955395.26151821,4225719.272212729,18136509.79524915,7863571.119427197,3344430.9340224005,126.87333866049126,0.6721615995565005,0.18260869565217408,1.228135614177903,-0.09570449700638656,0.845558075490593,True
科创50ETF易方达,8月,1.8,1.692,2026-08-26,202608,rule_fourth_wednesday,medium,5.0,3.0,12383408.698502397,-3896762.9992559995,8486645.699246397,16280171.697758397,19960.0,5650.0,25610.0,12619.0,7896.0,20515.0,0.40985,-0.37355,2.2881,6837950.74624228,-2384124.5169687155,4453826.229273565,9222075.263210995,3932206.6583793587,4554439.040867039,396.457534525465,0.5820041308784438,0.3938207136640558,1.0148682763757604,-0.12326389477693192,0.8178930548436983,False
科创50ETF易方达,8月,1.85,1.692,2026-08-26,202608,rule_fourth_wednesday,medium,5.0,3.0,3533542.854984,-3554678.1202358394,-21135.265251839533,7088220.975219839,14269.0,7874.0,22143.0,10031.0,3719.0,13750.0,0.4531,-0.43085,1.22095,1134963.36612576,-1430928.1018298054,-295964.7357040455,2565891.467955565,805130.0849649601,-826265.3502168001,829.7213622291018,0.3618724346817007,0.4661746617466174,0.5876532229271622,-0.08538627572450852,0.734118154948375,False
科创50ETF易方达,8月,1.9,1.692,2026-08-26,202608,rule_fourth_wednesday,medium,5.0,3.0,1808757.9332582396,-457408.71341568,1351349.2198425597,2266166.6466739196,11248.0,1592.0,12840.0,4783.0,783.0,5566.0,0.50995,-0.45654999999999996,0.7826500000000001,669407.6746592639,-235583.66111001818,433824.0135492458,904991.3357692821,544170.9847147198,807178.2351278398,1351.058710298364,0.4425660963731303,0.4871428571428571,0.45853266152955385,-0.08798758615201493,0.5512500397821979,False
科创50ETF易方达,8月,1.95,1.692,2026-08-26,202608,rule_fourth_wednesday,medium,5.0,3.0,1136303.47276416,-604776.35553408,531527.1172300801,1741079.82829824,10172.0,3242.0,13414.0,3178.0,555.0,3733.0,0.5665,-0.4708,0.5208999999999999,293511.55111142405,-186768.286338451,106743.26477297305,480279.8374498751,251479.01240064006,280048.10482944007,3558.1171950048024,0.2835629555813627,0.4965210668728256,0.24180844562967907,-0.02416190502591326,0.5183193550697457,False
科创50ETF易方达,8月,2.0,1.692,2026-08-26,202608,rule_fourth_wednesday,medium,5.0,3.0,523122.20658431994,-33280.021026719995,489842.18555759994,556402.2276110399,9597.0,533.0,10130.0,2078.0,173.0,2251.0,0.5394000000000001,-0.49115,0.20425,123776.15406912,-14076.844176245946,109699.30989287407,137852.99824536595,102467.59965935998,387374.58589824,2191.780821917807,0.3297961142399227,0.496415770609319,0.270551929435422,-0.11784610843254945,0.3795365454443063,False
科创50ETF易方达,8月,2.05,1.692,2026-08-26,202608,rule_fourth_wednesday,medium,5.0,3.0,495746.4131279999,-100634.59372607998,395111.81940191996,596381.0068540799,9525.0,636.0,10161.0,924.0,45.0,969.0,0.75315,-0.46950000000000003,0.36724999999999997,20991.376795137134,-36195.66334228744,-15204.286547150303,57187.04013742457,40970.933390879996,354140.88601103995,6167.892326904399,0.20100856818028204,0.4905686546463245,0.08388129549844006,-0.009142885993228116,0.34971234106319254,False
科创50ETF易方达,8月,2.1,1.692,2026-08-26,202608,rule_fourth_wednesday,medium,5.0,3.0,144845.4589344,-52171.45936128,92673.99957312,197016.91829568,5090.0,742.0,5832.0,1594.0,60.0,1654.0,0.7030500000000001,-0.48945,0.17250000000000001,44479.63712688873,-20473.791159518412,24005.84596737032,64953.42828640714,41141.53145664,51532.468116479984,6149.945142021213,0.3497580969972674,0.49828178694158104,0.19701279926286414,-0.042173948277778026,0.2622797286756468,False
科创50ETF易方达,8月,2.15,1.692,2026-08-26,202608,rule_fourth_wednesday,medium,5.0,3.0,58076.230875839996,-46909.515329279995,11166.71554656,104985.74620512,3398.0,402.0,3800.0,215.0,208.0,423.0,0.85565,-0.4767,0.23365000000000002,13085.097810048,-27505.83417039588,-14420.736360347879,40590.93198044388,-20596.960933919996,31763.67648048,275.75724677016586,0.4058341910052271,0.9917445144470998,0.2903427242832336,-0.13402596144531628,0.16406591900940928,False
科创50ETF易方达,8月,2.2,1.692,2026-08-26,202608,rule_fourth_wednesday,medium,5.0,3.0,73258.39946880001,-3293.8968038399994,69964.50266496,76552.29627264001,3515.0,423.0,3938.0,1307.0,19.0,1326.0,0.37855,-0.4974,0.05,16477.606918656,-1369.5770967027952,15108.029821953207,17847.1840153588,27092.08363392,42872.41903104001,3459.692428249584,0.3203584122764056,0.7980213692125049,0.2083761252854198,-0.009811580730866347,0.19678867411516077,False
科创50ETF易方达,8月,2.25,1.692,2026-08-26,202608,rule_fourth_wednesday,medium,5.0,3.0,104074.38207935999,-1279.52843616,102794.85364319998,105353.91051552,5698.0,382.0,6080.0,76.0,86.0,162.0,0.4072,-0.49785,0.03775,18531.742375872,-641.9173471472795,17889.82502872472,19173.65972301928,1100.08412064,101694.76952255999,3451.064335830657,0.3398726150438509,0.7981994958588405,0.11923445169518468,-0.09170478008258907,0.17472777629204791,False
科创50ETF易方达,8月,2.3,1.692,2026-08-26,202608,rule_fourth_wednesday,medium,5.0,3.0,146416.59869759998,-46309.40177759999,100107.19691999999,192726.00047519998,9020.0,541.0,9561.0,60.0,192.0,252.0,1.08065,-0.4789,0.17785,6664.575620160001,-26228.050223422128,-19563.474603262126,32892.62584358213,-15461.183318399997,115568.38023839999,3443.0794430794426,0.3059417278546265,0.7932830930537351,0.18077511055735662,-0.11296257744466176,0.240389502418784,False
科创50ETF易方达,8月,2.35,1.692,2026-08-26,202608,rule_fourth_wednesday,medium,5.0,3.0,34995.649536,-87.03106559999999,34908.6184704,35082.6806016,3820.0,160.0,3980.0,161.0,0.0,161.0,0.4331,-0.499,0.01695,7589.10892032,-37.88038990924282,7551.228530410757,7626.989310229243,1474.9475327999999,33433.6709376,205.93579648697846,0.3260550007769364,0.5647280255975908,0.021073298429319372,-0.014735772357723578,0.13121108700692571,False
科创50ETF易方达,8月,2.4,1.692,2026-08-26,202608,rule_fourth_wednesday,medium,5.0,3.0,42882.46768367999,-26076.224972159995,16806.242711519997,68958.69265583999,5183.0,326.0,5509.0,7.0,1.0,8.0,1.2066999999999999,-0.47775,0.15414999999999998,8599.659832223999,-11627.624503123543,-3027.964670899544,20227.28433534754,-22.072681439999997,16828.31539296,194.14743950478382,0.3232246349642889,0.7925509486999298,0.002209026915505978,-0.000385579332947754,0.1309361306644242,False
科创50ETF易方达,8月,2.45,1.692,2026-08-26,202608,rule_fourth_wednesday,medium,5.0,3.0,273796.64048447995,-30836.480716799997,242960.15976767996,304633.1212012799,36364.0,320.0,36684.0,542.0,2.0,544.0,1.3781,-0.4653,0.18145,56391.68734387199,-14038.837867337224,42352.84947653477,70430.52521120921,3888.170112959999,239071.98965471995,184.04101485473922,0.3306145642484024,0.7861763171622326,0.010577425475745243,-0.000576827995385376,0.37436093428814826,False
科创50ETF易方达,9月,1.1,1.692,2026-09-23,202609,rule_fourth_wednesday,medium,33.0,23.0,85993.33465728,-876737.2131071999,-790743.8784499199,962730.5477644799,1912.0,28356.0,30268.0,50.0,1262.0,1312.0,0.3467,0.47815,0.13255,36672.44166008183,-47489.22967365817,-10816.78801357634,84161.67133374,-36770.9115024,-753972.9669475198,846.7094787679396,0.24031132875161149,0.46113989637305686,0.03532809981402031,-0.00024275567511444622,0.48220444782652505,False
科创50ETF易方达,9月,1.15,1.692,2026-09-23,202609,rule_fourth_wednesday,medium,33.0,23.0,46186.384511519995,-765189.49632768,-719003.1118161599,811375.8808392,737.0,18232.0,18969.0,3.0,161.0,164.0,0.3301,0.46845,0.18275000000000002,18636.199453519683,-155740.740619392,-137104.5411658723,174376.94007291168,-6569.0991057599995,-712434.0127104,1104.222386563095,0.3035160529952302,0.4430150562226035,0.00645059188877504,0.0001567797177965079,0.37320919941750946,False
科创50ETF易方达,9月,1.2,1.692,2026-09-23,202609,rule_fourth_wednesday,medium,33.0,23.0,35776.55294928,-499475.7229175999,-463699.1699683199,535252.2758668798,429.0,9385.0,9814.0,14.0,300.0,314.0,0.30555,0.45715,0.2386,14297.432288663793,-106281.62159471998,-91984.18930605619,120579.05388338378,-14798.659331519997,-448900.51063679985,1042.4798211375953,0.30620885749680954,0.42569136584336076,0.03229996783539671,0.01057326446655173,0.30962951122866056,False
科创50ETF易方达,9月,1.25,1.692,2026-09-23,202609,rule_fourth_wednesday,medium,33.0,23.0,33912.055512,-579269.7259833599,-545357.6704713599,613181.7814953598,318.0,7867.0,8185.0,14.0,1504.0,1518.0,0.29245,0.44065,0.31484999999999996,13078.937809848632,-102224.50242566397,-89145.56461581534,115303.44023551261,-109250.84099231997,-436106.8294790399,1033.850039300578,0.2810717790973594,0.43635531135531136,0.11760174856677802,0.006036277133511746,0.3515821531809107,False
科创50ETF易方达,9月,1.3,1.692,2026-09-23,202609,rule_fourth_wednesday,medium,33.0,23.0,47073.90098015998,-444308.61992399994,-397234.71894383995,491382.52090415993,358.0,4505.0,4863.0,18.0,764.0,782.0,0.27575,0.421,0.4019,17288.887808574673,-34474.721406040975,-17185.833597466302,51763.609214615644,-72983.16372384,-324251.55522,571.2484767894557,0.2224315147018117,0.3851030110935024,0.10993433739048482,0.04323605210377623,0.2640725968768428,False
科创50ETF易方达,9月,1.35,1.692,2026-09-23,202609,rule_fourth_wednesday,medium,33.0,23.0,11424.258791999999,-672920.7637823999,-661496.5049903999,684345.0225744,575.0,5080.0,5655.0,9.0,962.0,971.0,0.40164999999999995,0.4666,0.26605,3733.632575776361,-140695.191713664,-136961.55913788764,144428.82428944038,-127252.24353791999,-534244.26145248,609.4355419692745,0.2679487705784087,0.4031052328924669,0.10251112632660048,0.05388182523674988,0.3143419876700785,False
科创50ETF易方达,9月,1.4,1.692,2026-09-23,202609,rule_fourth_wednesday,medium,33.0,23.0,118696.28818751998,-1033612.5983414399,-914916.3101539199,1152308.8865289597,652.0,5798.0,6450.0,45.0,1791.0,1836.0,0.2484,0.3662,0.6293,37618.14758573922,-173651.35347705596,-136033.20589131676,211269.50106279517,-311090.31095327996,-603825.99920064,462.03190013869596,0.24246602149033744,0.30404463040446295,0.1889590127333944,0.1026044398950803,0.39927871114862645,False
科创50ETF易方达,9月,1.45,1.692,2026-09-23,202609,rule_fourth_wednesday,medium,33.0,23.0,195330.347856,-1030632.6145751999,-835302.2667192,1225962.9624311998,950.0,4361.0,5311.0,131.0,2518.0,2649.0,0.23985,0.3282,0.7718499999999999,61203.58783773119,-444157.51796207996,-382953.9301243488,505361.10579981114,-568142.4607027199,-267159.80601647997,465.21242564714703,0.37214496983882395,0.24581119738455248,0.3576426218033044,0.03200853872227968,0.4005095129724799,False
科创50ETF易方达,9月,1.5,1.692,2026-09-23,202609,rule_fourth_wednesday,medium,33.0,23.0,212900.40268271999,-1453923.11764224,-1241022.71495952,1666823.52032496,997.0,4792.0,5789.0,315.0,2121.0,2436.0,0.35485,0.3922,0.90285,84367.58043961963,-798252.9823920596,-713885.40195244,882620.5628316792,-576259.39585872,-664763.3191008001,227.72697247784544,0.47265552828644636,0.13876432486297952,0.3792802656718067,0.02864116393002866,0.4312523404203439,False
科创50ETF易方达,9月,1.55,1.692,2026-09-23,202609,rule_fourth_wednesday,medium,33.0,23.0,498935.32870896,-1424703.32485488,-925767.9961459201,1923638.65356384,1177.0,3787.0,4964.0,30.0,1499.0,1529.0,0.38245,0.3054,1.3974,165957.9448634043,-422570.9066492809,-256612.96178587663,588528.8515126852,-551220.1002273601,-374547.89591856016,420.39561246500557,0.31461344913835515,0.015337423312883514,0.21065818110923232,0.03513435954084818,0.40725991727308464,False
科创50ETF易方达,9月,1.6,1.692,2026-09-23,202609,rule_fourth_wednesday,medium,33.0,23.0,768808.0132804799,-2245283.4852259196,-1476475.4719454397,3014091.4985064,1373.0,5041.0,6414.0,380.0,2360.0,2740.0,0.37424999999999997,0.22410000000000002,1.7558500000000001,225536.07205555856,-1053682.871862039,-828146.7998064804,1279218.9439175976,-838374.2629343998,-638101.2090110399,240.11824996214895,0.381322675120223,0.0,0.3724636422703099,0.12263412198349646,0.5005162304241899,False
科创50ETF易方达,9月,1.65,1.692,2026-09-23,202609,rule_fourth_wednesday,medium,33.0,23.0,2639313.6573513597,-2030125.5711359999,609188.0862153599,4669439.228487359,4041.0,4196.0,8237.0,752.0,1161.0,1913.0,0.37865000000000004,0.12475,1.9857,1467573.9581245664,-536998.9529868473,930575.0051377191,2004572.9111114135,-70563.07027007989,679751.1564854395,311.1801634069925,0.4102794637513227,0.0,0.23139231952562497,0.10343097904681844,0.5572603236716559,True
科创50ETF易方达,9月,1.7,1.692,2026-09-23,202609,rule_fourth_wednesday,medium,33.0,23.0,6251284.8433872,-3204135.4821004793,3047149.3612867203,9455420.325487679,9278.0,6299.0,15577.0,4057.0,3636.0,7693.0,0.3809,0.021350000000000008,2.06515,4093267.9585462827,-1964506.777945805,2128761.1806004774,6057774.736492088,883967.8628260808,2163181.4984606393,97.29729729729722,0.6339521400977494,0.0,0.5072527226167455,0.20639883128291156,0.7214690350414266,True
科创50ETF易方达,9月,1.75,1.692,2026-09-23,202609,rule_fourth_wednesday,medium,33.0,23.0,7274864.9928988805,-5153214.976600319,2121650.0162985614,12428079.9694992,11478.0,10584.0,22062.0,2210.0,1223.0,3433.0,0.39449999999999996,-0.07520000000000002,1.9573,3009094.5774917617,-1772805.534988121,1236289.0425036408,4781900.112479882,805255.7646945602,1316394.251604001,249.32668595831154,0.3788241241028727,0.0,0.15404701550713798,0.04288312110782732,0.7430596215204828,True
科创50ETF易方达,9月,1.8,1.692,2026-09-23,202609,rule_fourth_wednesday,medium,33.0,23.0,6510095.364205438,-2925483.3097574394,3584612.0544479983,9435578.673962876,11529.0,6368.0,17897.0,3035.0,1190.0,4225.0,0.4001,-0.1623,1.7885499999999999,2911977.8361674068,-1085116.4151250941,1826861.4210423126,3997094.2512925006,1167086.8759823996,2417525.1784655987,234.20693445353052,0.40911027673478334,0.05145631067961165,0.2250605284859548,-0.0039082757242038975,0.7126218793273861,False
科创50ETF易方达,9月,1.85,1.692,2026-09-23,202609,rule_fourth_wednesday,medium,33.0,23.0,2658641.1671303995,-2379282.7548672,279358.4122631997,5037923.921997599,5615.0,5824.0,11439.0,1494.0,257.0,1751.0,0.41769999999999996,-0.23005000000000003,1.5404499999999999,1402159.241134899,-585156.1687511782,817003.0723837208,1987315.409886077,602400.2929286399,-323041.8806654401,312.96581485172175,0.3866675013091543,0.17748583204533752,0.1551003829763291,-0.0110455642472108,0.5869325204728558,False
科创50ETF易方达,9月,1.9,1.692,2026-09-23,202609,rule_fourth_wednesday,medium,33.0,23.0,4169262.47606208,-1452622.919328,2716639.55673408,5621885.39539008,10786.0,4027.0,14813.0,1080.0,44.0,1124.0,0.43165,-0.28554999999999997,1.3051,1927342.2312956143,-386929.2077565471,1540413.0235390672,2314271.4390521613,401595.6910464,2315043.86568768,322.3639870784822,0.36432001947987736,0.25862068965517226,0.05552802285665767,-0.020623630297870718,0.6006640605434647,False
科创50ETF易方达,9月,1.95,1.692,2026-09-23,202609,rule_fourth_wednesday,medium,33.0,23.0,2460628.4588495996,-461949.55926335993,1998678.8995862396,2922578.0181129593,7918.0,1526.0,9444.0,1880.0,16.0,1896.0,0.48035,-0.3114,1.07145,257700.57448024972,-139945.1387851388,117755.43569511091,397645.7132653885,579392.6001062399,1419286.2994799996,493.6243490361637,0.2038371033706105,0.36086051353226933,0.12395931164687059,0.04612090780264908,0.5119228777431177,False
科创50ETF易方达,9月,2.0,1.692,2026-09-23,202609,rule_fourth_wednesday,medium,33.0,23.0,2095528.32904608,-188247.42191951998,1907280.9071265599,2283775.7509656,8427.0,699.0,9126.0,3113.0,48.0,3161.0,0.49575,-0.34485,0.90465,385842.8807853382,-72097.15302298007,313745.7277623581,457940.03380831826,761177.7650044799,1146103.14212208,429.5565198824766,0.28355911417149793,0.3944511459589868,0.21903869179945312,0.15449191709082152,0.5070142744067544,False
科创50ETF易方达,9月,2.05,1.692,2026-09-23,202609,rule_fourth_wednesday,medium,33.0,23.0,702530.3927606399,-154704.160548,547826.2322126399,857234.5533086399,3539.0,657.0,4196.0,931.0,26.0,957.0,0.4859,-0.38395,0.75795,214431.571138752,-56697.50547244745,157734.06566630455,271129.0766111995,178691.49680256,369134.73541007994,759.8641409360528,0.335858660533224,0.4016216216216216,0.15132124192999682,-0.001631288853223869,0.3102288527996402,False
科创50ETF易方达,9月,2.1,1.692,2026-09-23,202609,rule_fourth_wednesday,medium,33.0,23.0,946272.3434294398,-120663.30478463999,825609.0386447998,1066935.64821408,5914.0,578.0,6492.0,404.0,99.0,503.0,0.5183,-0.39640000000000003,0.64405,215111.35246982396,-53301.15114830218,161810.20132152177,268412.50361812615,43974.96521471999,781634.0734300797,469.60482528319363,0.3345297728767228,0.4342857142857143,0.1197963778401611,0.052034902461352006,0.34422570041342343,False
科创50ETF易方达,9月,2.15,1.692,2026-09-23,202609,rule_fourth_wednesday,medium,33.0,23.0,825355.102608,-109619.20570319997,715735.8969048001,934974.3083112,6180.0,565.0,6745.0,284.0,0.0,284.0,0.2312,-0.37284999999999996,0.5721,180242.59651776002,-42912.105289152576,137330.49122860743,223154.7018069126,37928.9399904,677806.9569144001,1058.1692958179915,0.3049235430940469,0.3612595863351151,0.022977346278317153,0.001949317738791423,0.3225185751856094,False
科创50ETF易方达,9月,2.2,1.692,2026-09-23,202609,rule_fourth_wednesday,medium,33.0,23.0,354625.88380128,-54041.9974416,300583.88635968,408667.88124288,3241.0,303.0,3544.0,1070.0,0.0,1070.0,0.239,-0.3907,0.5025999999999999,103571.3287784448,-21797.024789927837,81774.30398851697,125368.35356837264,117077.9684256,183505.91793407997,966.2891681064416,0.3476964640895834,0.40942547536291146,0.1650725084850355,0.06033886583679115,0.24503325527841813,False
科创50ETF易方达,9月,2.25,1.692,2026-09-23,202609,rule_fourth_wednesday,medium,33.0,23.0,175559.15141423998,-45432.27750527999,130126.87390896,220991.42891951997,1929.0,279.0,2208.0,123.0,0.0,123.0,0.24744999999999998,-0.4058,0.44335,6818.502656275199,-18899.63744835433,-12081.13479207913,25718.14010462953,11194.28492688,118932.58898208,623.477189966952,0.22741729732747246,0.38302397525135345,0.03188180404354588,0.016604177825388325,0.13327407567151955,False
科创50ETF易方达,9月,2.3,1.692,2026-09-23,202609,rule_fourth_wednesday,medium,33.0,23.0,361869.33052223996,-26827.92717264,335041.4033496,388697.25769487995,4926.0,219.0,5145.0,483.0,0.0,483.0,0.57635,-0.44725,0.34225,86566.548738816,-11483.42009423687,75083.12864457912,98049.96883305287,35481.706585919994,299559.69676367997,1380.2024090763264,0.3336301223458487,0.477175697865353,0.04902557856272838,-0.02239674229203025,0.2396510128798263,False
科创50ETF易方达,9月,2.35,1.692,2026-09-23,202609,rule_fourth_wednesday,medium,33.0,23.0,385195.94639423996,-14964.762700799998,370231.18369343993,400160.70909504,5972.0,135.0,6107.0,97.0,0.0,97.0,0.6007500000000001,-0.45155,0.30625,79541.801924544,-6559.231848675819,72982.57007586818,86101.03377321981,6256.53161424,363974.6520792,1010.1460435834034,0.3224043853731844,0.48404740200546953,0.008121232417950435,0.002778245495874726,0.2197455066172507,False
科创50ETF易方达,9月,2.4,1.692,2026-09-23,202609,rule_fourth_wednesday,medium,33.0,23.0,131658.99283583998,-25265.23285824,106393.75997759998,156924.22569407997,2538.0,251.0,2789.0,94.0,0.0,94.0,0.61595,-0.4571,0.2664,28282.302164735996,-11297.473222420562,16984.828942315435,39579.77538715656,4876.258993919999,101517.50098367999,2200.791331783702,0.3309848682962352,0.4891150692677411,0.018518518518518517,-0.0011792452830188679,0.1285527692975063,False
科创50ETF易方达,9月,2.45,1.692,2026-09-23,202609,rule_fourth_wednesday,medium,33.0,23.0,537882.04548,-39131.285613119995,498750.75986687996,577013.3310931199,11562.0,422.0,11984.0,1223.0,0.0,1223.0,0.64055,-0.45975,0.24320000000000003,45646.935048,-17760.772770605417,27886.162277394582,63407.70781860541,56895.84342,441854.91644688,617.6429479684057,0.26937037837633865,0.49312987184568635,0.05288877356858675,0.02760792187642603,0.3678673580509167,False
科创50ETF易方达,12月,1.25,1.692,2026-12-23,202612,rule_fourth_wednesday,medium,124.0,88.0,121356.11787264,-1210188.26687616,-1088832.14900352,1331544.3847488,1162.0,11336.0,12498.0,46.0,16267.0,16313.0,0.2392,0.37270000000000003,0.36885,40157.453020100096,-706022.8782249843,-665865.4252048841,746180.3312450844,-1205384.15205504,116552.00305152,336.1833213579989,0.4571525449164173,0.2569427961072869,0.7372864023894752,-0.015855293262078025,0.5278721664849221,False
科创50ETF易方达,12月,1.3,1.692,2026-12-23,202612,rule_fourth_wednesday,medium,124.0,88.0,40130.02434816,-568402.63778304,-528272.6134348799,608532.6621312,348.0,4496.0,4844.0,3.0,8136.0,8139.0,0.23619999999999997,0.3476,0.4222,12182.187578974428,-238187.77202336912,-226005.58444439468,250369.95960234356,-568056.6892972799,39784.0758624,469.7432084944455,0.3613077640173855,0.21119324181626192,0.9091146152902196,-0.047779424830650744,0.371082594862267,False
科创50ETF易方达,12月,1.35,1.692,2026-12-23,202612,rule_fourth_wednesday,medium,124.0,88.0,32841.6306624,-255895.9534944,-223054.32283199998,288737.5841568,241.0,1739.0,1980.0,0.0,2418.0,2418.0,0.38780000000000003,0.3842,0.495,9144.02525901748,-153537.57209664,-144393.54683762253,162681.5973556575,-255895.9534944,32841.6306624,648.041405039015,0.4392139347923179,0.286648865153538,0.6952271420356527,-0.015328874024526198,0.228233119667965,False
科创50ETF易方达,12月,1.4,1.692,2026-12-23,202612,rule_fourth_wednesday,medium,124.0,88.0,51753.71024639998,-311170.98646079993,-259417.27621439996,362924.6967071999,383.0,1865.0,2248.0,0.0,131.0,131.0,0.23334999999999997,0.28915,0.5274,13250.479660667168,-90114.11045926649,-76863.63079859932,103364.59011993367,-21857.050523519993,-237560.22569087998,324.27114251153154,0.27281316154524715,0.0887069829602406,0.03512064343163539,-0.0002679528403001072,0.15614006093972968,False
科创50ETF易方达,12月,1.45,1.692,2026-12-23,202612,rule_fourth_wednesday,medium,124.0,88.0,38176.033782239996,-245647.90237679996,-207471.86859455996,283823.93615903996,219.0,1311.0,1530.0,0.0,77.0,77.0,0.3248,0.3605,0.6316999999999999,9047.246900157135,-39233.127228480254,-30185.880328323117,48280.37412863739,-14427.832557599997,-193044.03603695997,414.47293306206535,0.19835022993201334,0.042750929368029766,0.02936689549961861,0.005397070161912105,0.11476800420881139,False
科创50ETF易方达,12月,1.5,1.692,2026-12-23,202612,rule_fourth_wednesday,medium,124.0,88.0,182353.67243135997,-398149.26084864,-215795.58841728003,580502.93328,666.0,1944.0,2610.0,2.0,37.0,39.0,0.32895,0.31429999999999997,0.8359000000000001,39088.85478587855,-82661.02967001601,-43572.17488413746,121749.88445589456,-7030.3351248,-208765.25329248002,571.1891552526047,0.2109852725253631,0.0,0.011017962406851295,-0.004087651630349435,0.18968728659126974,False
科创50ETF易方达,12月,1.55,1.692,2026-12-23,202612,rule_fourth_wednesday,medium,124.0,88.0,127217.6601408,-321664.98622464,-194447.32608384,448882.64636544,380.0,1472.0,1852.0,8.0,174.0,182.0,0.36045000000000005,0.2362,0.96635,44066.45626723784,-79542.15691968,-35475.70065244216,123608.61318691784,-35344.6326576,-159102.69342624,469.1152236091913,0.29683446093656796,0.0,0.0696295766590389,0.03397354195051202,0.16441176551309114,False
科创50ETF易方达,12月,1.6,1.692,2026-12-23,202612,rule_fourth_wednesday,medium,124.0,88.0,611582.6429222401,-378512.64764352,233069.9952787201,990095.2905657601,1628.0,1677.0,3305.0,11.0,26.0,37.0,0.36920000000000003,0.179,1.0503,180369.2091415551,-78049.894785408,102319.3143561471,258419.10392696311,-1736.0979868799986,234806.09326560004,467.08818026647407,0.2505618021121901,0.0,0.011130316362874502,0.0042381990895269,0.2397242794170682,False
科创50ETF易方达,12月,1.65,1.692,2026-12-23,202612,rule_fourth_wednesday,medium,124.0,88.0,121996.82683584,-258048.82722239997,-136052.00038656,380045.65405823995,396.0,1115.0,1511.0,0.0,49.0,49.0,0.41835,0.11464999999999997,0.94225,24399.365367168,-56820.50784616664,-32421.14247899864,81219.87321333465,-11340.262362239999,-124711.73802431997,537.7334424124066,0.2100964272106452,0.06078431372549015,0.02197309417040359,-0.00837742504409171,0.124206570124311,True
科创50ETF易方达,12月,1.7,1.692,2026-12-23,202612,rule_fourth_wednesday,medium,124.0,88.0,248375.15250911997,-231406.44226559997,16968.710243520007,479781.5947747199,653.0,980.0,1633.0,13.0,30.0,43.0,0.3903,0.06500000000000003,1.0767,51652.903079232,-55999.6564956457,-4346.753416413703,107652.5595748777,-2139.189238079999,19107.899481600005,545.3767012208566,0.22498010531462553,0.12151616499442591,0.02526018064193518,0.009065626352366164,0.13926794000311501,True
科创50ETF易方达,12月,1.75,1.692,2026-12-23,202612,rule_fourth_wednesday,medium,124.0,88.0,324234.69295104,-328026.61357631994,-3791.9206252799486,652261.3065273599,872.0,1409.0,2281.0,67.0,67.0,134.0,0.402,0.01419999999999999,1.056,107705.32444279082,-89602.4115205301,18102.912922260715,197307.73596332094,9314.385281280001,-13106.305906559981,361.09294976571925,0.3026695703176708,0.20028275212064095,0.0621931586589487,0.0329497721809948,0.20272139129548095,True
科创50ETF易方达,12月,1.8,1.692,2026-12-23,202612,rule_fourth_wednesday,medium,124.0,88.0,400615.56092735997,-176948.58519936,223666.97572799996,577564.14612672,1116.0,824.0,1940.0,215.0,0.0,215.0,0.42725,-0.02940000000000001,1.002,110994.920644032,-48155.57561095995,62839.345033072044,159150.49625499194,77179.52114639999,146487.45458159994,497.30737881424955,0.27460269155339156,0.31884897643877946,0.09632616487455196,-0.01896551724137931,0.19627848820998162,False
科创50ETF易方达,12月,1.85,1.692,2026-12-23,202612,rule_fourth_wednesday,medium,124.0,88.0,446263.5838636799,-58189.54303296,388074.0408307199,504453.1268966399,1317.0,269.0,1586.0,147.0,11.0,158.0,0.4289,-0.07364999999999997,0.9696,109177.01345548798,-18230.457295049164,90946.5561604388,127407.47075053715,47431.243664639995,340642.7971660799,578.8612917659634,0.2789706566082414,0.3295138888888888,0.07625475269072156,0.04664852832055405,0.16502139239856278,False
科创50ETF易方达,12月,1.9,1.692,2026-12-23,202612,rule_fourth_wednesday,medium,124.0,88.0,520791.17682959995,-140980.44939119997,379810.7274384,661771.6262208,1653.0,699.0,2352.0,231.0,0.0,231.0,0.45135000000000003,-0.10734999999999997,0.9025000000000001,133269.61149359998,-44075.38085136716,89194.23064223281,177344.99234496715,72778.4403192,307032.2871192,606.7019854693482,0.2842665345446907,0.3947997609085475,0.06987295825771325,0.0030432136335970784,0.2210744642518886,False
科创50ETF易方达,12月,1.95,1.692,2026-12-23,202612,rule_fourth_wednesday,medium,124.0,88.0,342314.99602847995,-110391.80681087999,231923.18921759995,452706.80283935997,1167.0,518.0,1685.0,259.0,1.0,260.0,0.43210000000000004,-0.15305000000000002,0.8845,98851.88831327998,-36616.57083953493,62235.31747374505,135468.4591528149,75759.1111728,156164.07804479997,608.9675018003836,0.31023554477198917,0.3540601930721181,0.11193354573817299,0.048402255639097745,0.17005957750276735,False
科创50ETF易方达,12月,2.0,1.692,2026-12-23,202612,rule_fourth_wednesday,medium,124.0,88.0,1291812.3557539196,-182129.22389375998,1109683.1318601596,1473941.5796476796,4781.0,913.0,5694.0,202.0,8.0,210.0,0.4485,-0.18165000000000003,0.8203,305309.2599390674,-63049.56861360557,242259.69132546184,368358.828552673,52983.94016447998,1056699.1916956794,398.67684453438983,0.29126110381424986,0.39937264742785455,0.025506448604404115,-0.0023481452195060334,0.34088073273345737,False
科创50ETF易方达,12月,2.05,1.692,2026-12-23,202612,rule_fourth_wednesday,medium,124.0,88.0,779432.6168999998,-89548.75408751998,689883.8628124798,868981.3709875197,3175.0,481.0,3656.0,204.0,2.0,206.0,0.47055,-0.2027,0.7539,175918.55536079998,-32073.961836622293,143844.59352417768,207992.51719742228,49707.735860159984,640176.1269523199,611.5452223925735,0.29193698269606805,0.43896713615023464,0.034204986330970584,0.0,0.2640945582334055,False
科创50ETF易方达,12月,2.1,1.692,2026-12-23,202612,rule_fourth_wednesday,medium,124.0,88.0,800298.51527808,-293201.6479919999,507096.8672860801,1093500.16327008,3572.0,1650.0,5222.0,275.0,0.0,275.0,0.47855000000000003,-0.22895,0.70165,131351.71973414402,-107527.3394894686,23824.380244675413,238879.05922361262,61613.127576,445483.73971008003,612.8235214477513,0.2654317595290162,0.4580533496232945,0.038493840985442326,0.008686983765309029,0.31356843701801196,False
科创50ETF易方达,12月,2.15,1.692,2026-12-23,202612,rule_fourth_wednesday,medium,124.0,88.0,1027757.1826022399,-779025.00232368,248732.1802785599,1806782.1849259199,5072.0,4627.0,9699.0,188.0,40.0,228.0,0.4944,-0.24705,0.64795,152272.33126041602,-299074.78124311136,-146802.44998269534,451347.1125035274,31360.499343359992,217371.68093519995,599.7379813169287,0.2660344618496091,0.4786324786324787,0.02285557818291894,0.003374354902739182,0.4002953976628493,False
科创50ETF易方达,12月,2.2,1.692,2026-12-23,202612,rule_fourth_wednesday,medium,124.0,88.0,278350.2547055999,-40472.4515112,237877.80319439992,318822.7062167999,1518.0,237.0,1755.0,204.0,0.0,204.0,0.4748,-0.2801,0.6185,24241.04326223999,-15803.595540224534,8437.447722015455,40044.63880246453,37406.75359679999,200471.04959759992,536.8554075793123,0.23878305819142048,0.4502407704654895,0.06719367588932806,0.00499001996007984,0.14369704184591087,False
科创50ETF易方达,12月,2.25,1.692,2026-12-23,202612,rule_fourth_wednesday,medium,124.0,88.0,196475.06402639998,-16675.238054879996,179799.82597151998,213150.30208127998,1195.0,101.0,1296.0,76.0,0.0,76.0,0.47065,-0.305,0.5755,54544.079808413146,-6662.058962648454,47882.020845764695,61206.138771061596,12495.485243519997,167304.34072799998,342.69250916710297,0.3385656579382842,0.4500334224598932,0.031799163179916316,0.019113814074717638,0.09793752065309623,False
科创50ETF易方达,12月,2.3,1.692,2026-12-23,202612,rule_fourth_wednesday,medium,124.0,88.0,249252.24815280002,-20805.5778336,228446.67031920003,270057.8259864,1685.0,140.0,1825.0,372.0,0.0,372.0,0.5233,-0.29719999999999996,0.5179,161310.44681464878,-8528.374720134709,152782.07209451406,169838.8215347835,55027.796031360005,173418.87428784,144.51438315155227,0.5285427961493814,0.495090016366612,0.11038575667655787,0.023291925465838508,0.14997044374026658,False
科创50ETF易方达,12月,2.35,1.692,2026-12-23,202612,rule_fourth_wednesday,medium,124.0,88.0,139532.55592319998,-15689.067292799999,123843.48863039998,155221.62321599998,1045.0,110.0,1155.0,130.0,7.0,137.0,0.53445,-0.30915000000000004,0.48229999999999995,34849.75798656,-6956.0584187378145,27893.699567822183,41805.81640529781,16359.72181344,107483.76681696,482.07492891146217,0.34656527611259924,0.4885809775797243,0.09401913875598086,0.030003213810201552,0.08920702639907063,False
科创50ETF易方达,12月,2.4,1.692,2026-12-23,202612,rule_fourth_wednesday,medium,124.0,88.0,313014.21281855996,-46251.228381119996,266762.98443743994,359265.44119968,2602.0,334.0,2936.0,980.0,8.0,988.0,0.5346,-0.32520000000000004,0.45195,109759.48031347198,-20053.25872716882,89706.22158630316,129812.73904064081,116783.78052095998,149979.20391647998,371.4431468414149,0.3921129002768601,0.4920823436262866,0.20029272738151677,0.023362712893398814,0.2235229364756282,False
科创50ETF易方达,12月,2.45,1.692,2026-12-23,202612,rule_fourth_wednesday,medium,124.0,88.0,620793.79332768,-116530.87511519999,504262.91821247997,737324.6684428799,5726.0,882.0,6608.0,7229.0,32.0,7261.0,0.5527,-0.3311,0.42010000000000003,434788.162368076,-51850.40509199899,382937.757276077,486638.56746007496,616565.91577248,-112302.99755999999,293.2425041710802,0.5726622324908003,0.48097826086956524,0.6493840404947635,0.03795565576850808,0.40829037383760114,False
科创50ETF易方达,3月,1.4,1.692,2027-03-24,202703,rule_fourth_wednesday,medium,215.0,153.0,14778.991455839998,-238343.3048808,-223564.31342495998,253122.29633664,123.0,1687.0,1810.0,22.0,426.0,448.0,0.22654999999999997,0.27444999999999997,0.4566,4013.1570294719995,-75805.99952038347,-71792.84249091147,79819.15654985547,-57542.87931264,-166021.43411231998,510.21934392158016,0.29479926967794384,0.02570694087403591,0.21569052679264195,0.0852917824533545,0.15235468651707293,False
科创50ETF易方达,3月,1.45,1.692,2027-03-24,202703,rule_fourth_wednesday,medium,215.0,153.0,1163.7542159999996,-68975.8412112,-67812.08699519999,70139.5954272,6.0,462.0,468.0,0.0,78.0,78.0,0.38465,0.28325,0.5994999999999999,232.75084319999993,-18453.27699936,-18220.526156160002,18686.02784256,-11645.2718928,-56166.815102399996,672.5501612172839,0.2337662337662338,0.2848824573684909,0.08441558441558442,-0.01059322033898305,0.04199573075661861,False
科创50ETF易方达,3月,1.5,1.692,2027-03-24,202703,rule_fourth_wednesday,medium,215.0,153.0,2701.9710431999993,-241858.18615680002,-239156.21511360002,244560.15720000002,12.0,1514.0,1526.0,0.0,144.0,144.0,0.3751,0.25155000000000005,0.67225,540.3942086399999,-57573.11115648001,-57032.71694784001,58113.50536512001,-23003.684812800002,-216152.53030080002,645.6561452866367,0.21902245706737122,0.21479463572729163,0.047556142668428,-0.004581151832460733,0.1193463123842259,False
科创50ETF易方达,3月,1.55,1.692,2027-03-24,202703,rule_fourth_wednesday,medium,215.0,153.0,37521.84072959999,-52675.89599808,-15154.055268480006,90197.73672767999,127.0,321.0,448.0,11.0,31.0,42.0,0.34865,0.23145000000000002,0.8026,8804.33743104,-12570.011319168001,-3765.6738881280016,21374.348750208002,-1837.1570860800002,-13316.898182400007,629.5430644042945,0.2366374763902176,0.21485411140583544,0.09159369097554394,0.05979338842975207,0.03535785399809373,False
科创50ETF易方达,3月,1.6,1.692,2027-03-24,202703,rule_fourth_wednesday,medium,215.0,153.0,41092.633739519995,-62357.32907279999,-21264.695333279997,103449.96281231998,132.0,367.0,499.0,17.0,27.0,44.0,0.35985,0.18075,0.8404499999999999,10335.420001151999,-14306.504381279998,-3971.084380127999,24641.924382431996,704.6367163199993,-21969.332049599994,598.7130069698883,0.24047147221534143,0.25071633237822344,0.10117868053835356,0.04750905797101449,0.04133104610106225,False
科创50ETF易方达,3月,1.65,1.692,2027-03-24,202703,rule_fourth_wednesday,medium,215.0,153.0,22395.097183679994,-70021.93171679998,-47626.83453311999,92417.02890047999,78.0,399.0,477.0,4.0,21.0,25.0,0.3812,0.13095,0.80795,4938.406045631999,-15478.532274239999,-10540.126228607998,20416.938319872,-2536.898304959999,-45089.93622815999,612.0850607992204,0.22078272604588395,0.27329974811083135,0.05195681511470985,0.02329568374344494,0.03445285320033861,True
科创50ETF易方达,3月,1.7,1.692,2027-03-24,202703,rule_fourth_wednesday,medium,215.0,153.0,68943.03278976,-73877.80872384,-4934.775934080011,142820.8415136,216.0,446.0,662.0,69.0,0.0,69.0,0.39105,0.09134999999999999,0.84675,22597.994081087996,-14775.561744768002,7822.432336319995,37373.555825856,22023.468807839996,-26958.24474192001,613.1099925169513,0.2638888888888889,0.3909389093890938,0.1597222222222222,-0.02,0.0622512438303287,True
科创50ETF易方达,3月,1.75,1.692,2027-03-24,202703,rule_fourth_wednesday,medium,215.0,153.0,90926.96544575997,-52878.32911152,38048.63633423997,143805.29455727997,292.0,297.0,589.0,14.0,51.0,65.0,0.38345000000000007,0.048350000000000004,0.8548,19929.197905919995,-14763.466361184594,5165.731544735401,34692.664267104585,-4720.605078240001,42769.241412479976,628.3207434719818,0.24918749862325057,0.3413498836307213,0.10983118859831188,0.035890874928922845,0.0586366201424749,True
科创50ETF易方达,3月,1.8,1.692,2027-03-24,202703,rule_fourth_wednesday,medium,215.0,153.0,78921.4307472,-26931.820507199995,51989.610239999995,105853.25125439999,258.0,151.0,409.0,81.0,14.0,95.0,0.3881,0.009000000000000008,0.84575,25695.3495456,-7195.098042221085,18500.251503378913,32890.44758782108,22280.668509599996,29708.9417304,646.0247545960246,0.2963705654055573,0.3639196675900277,0.20333436008008626,0.10160702606745772,0.050599567201355236,False
科创50ETF易方达,3月,1.85,1.692,2027-03-24,202703,rule_fourth_wednesday,medium,215.0,153.0,150313.242888,-69655.1988384,80658.04404960001,219968.4417264,510.0,315.0,825.0,35.0,0.0,35.0,0.34500000000000003,-0.04319999999999999,0.90095,24168.011601600007,-17254.040079236653,6913.971522363354,41422.05168083666,10315.614708000001,70342.4293416,657.3419561838876,0.2042453678719191,0.17454746952345768,0.03431372549019608,0.015151515151515152,0.07674087161515512,False
科创50ETF易方达,3月,1.9,1.692,2027-03-24,202703,rule_fourth_wednesday,medium,215.0,153.0,158270.0008032,-43547.25333312,114722.74747008001,201817.25413632,572.0,188.0,760.0,22.0,0.0,22.0,0.34004999999999996,-0.08465,0.8878,34088.92324992,-11454.755832015484,22634.167417904515,45543.67908193549,6087.3077232000005,108635.43974688,522.3003452409883,0.23921329874530176,0.15807560137457033,0.019230769230769232,-0.01770657672849916,0.06822322597391438,False
科创50ETF易方达,3月,1.95,1.692,2027-03-24,202703,rule_fourth_wednesday,medium,215.0,153.0,23494.63736016,-9414.241977599999,14080.39538256,32908.879337759994,89.0,40.0,129.0,21.0,0.0,21.0,0.3349,-0.12574999999999997,0.8721000000000001,6916.3988633280005,-2625.849519814692,4290.5493435133085,9542.248383142693,5543.67847824,8536.716904320001,671.2613002324197,0.28665255928531314,0.1647745190791548,0.11797752808988764,0.06329113924050633,0.012415389268871552,False
科创50ETF易方达,3月,2.0,1.692,2027-03-24,202703,rule_fourth_wednesday,medium,215.0,153.0,172939.63085423995,-25562.283626879995,147377.34722735995,198501.91448111995,687.0,154.0,841.0,71.0,0.0,71.0,0.41795000000000004,-0.11875000000000002,0.7295499999999999,20812.056156358864,-7447.060205052912,13364.995951305951,28259.116361411776,17872.945837919993,129504.40138943997,412.77217820892895,0.20583645069229028,0.4487356321839081,0.05167394468704512,0.007385524372230428,0.08033711632346308,False
科创50ETF易方达,3月,2.05,1.692,2027-03-24,202703,rule_fourth_wednesday,medium,215.0,153.0,149533.57050623998,-20320.608672,129212.96183423998,169854.17917823998,629.0,175.0,804.0,27.0,0.0,27.0,0.5357,-0.10475000000000001,0.618,32474.222148096,-6180.200908803977,26294.021239292022,38654.42305689998,6418.770117119999,122794.19171711997,452.37499108562145,0.2606523733251588,0.33378515757370386,0.021462639109697933,0.02155887230514096,0.06180366045832153,False
科创50ETF易方达,3月,2.1,1.692,2027-03-24,202703,rule_fourth_wednesday,medium,215.0,153.0,366743.35648224,-56555.04808943999,310188.30839280004,423298.40457168,1647.0,347.0,1994.0,403.0,0.0,403.0,0.4189,-0.17500000000000002,0.6735500000000001,108741.26131838727,-18246.464418550666,90494.79689983661,126987.72573693794,89737.44545376001,220450.86293904006,361.71120700400036,0.30956849644901585,0.4523620484319174,0.12234365513054038,-0.02149912841371296,0.1879974932069423,False
