underlying,contract_month,strike,underlying_price,call_gex,put_gex,net_gex,total_abs_gex,call_oi,put_oi,total_oi,call_volume,put_volume,total_volume,avg_iv,avg_delta,avg_gamma,liquidity_adjusted_call_gex,liquidity_adjusted_put_gex,liquidity_adjusted_net_gex,liquidity_adjusted_abs_gex,active_gex,stable_gex,avg_spread_bps,avg_liquidity_score,avg_pricing_quality_score,avg_volume_oi_ratio,avg_oi_change_rate,price_wall_score,in_price_range
上证50ETF华夏,12月,2.7,3.084,449387.50450176,-5031748.278573119,-4582360.774071359,5481135.783074879,992.0,11119.0,12111.0,196.0,4113.0,4309.0,0.001108,0.3692,0.47605,121823.01490419032,-2292273.450101882,-2170450.435197692,2414096.4650060725,-1772490.4778793596,-2809870.2961919988,206.44607279908723,0.5150074106137157,0.7155077108719456,0.2837440054657967,0.20506509134667977,0.6245036959451705,False
上证50ETF华夏,12月,2.75,3.084,277378.15453056,-2285118.51549408,-2007740.3609635197,2562496.67002464,536.0,4406.0,4942.0,11.0,639.0,650.0,0.001103,0.3408,0.5447,62998.43081124328,-992814.2645398622,-929815.8337286189,1055812.6953511054,-325717.14554496,-1682023.2154185597,163.62143896818293,0.5022132274814248,0.6712987434506421,0.08277594663992792,0.06525746931509056,0.40651667646534423,False
上证50ETF华夏,12月,2.8,3.084,873735.0616512,-4903194.56302368,-4029459.50137248,5776929.62467488,1505.0,8414.0,9919.0,26.0,971.0,997.0,0.0011090000000000002,0.30810000000000004,0.61155,163277.85657377803,-1869615.676340572,-1706337.819766794,2032893.53291435,-550748.4451732801,-3478711.0561992,119.82568749876677,0.4640085128217192,0.6531703044643751,0.06633932371849796,0.022818549991342404,0.5534858260299004,False
上证50ETF华夏,12月,2.85,3.084,637817.88287808,-3268253.54767968,-2630435.6648016,3906071.43055776,996.0,5066.0,6062.0,126.0,1727.0,1853.0,0.0011055000000000001,0.27325,0.6758,97278.84641344831,-1874083.5889615426,-1776804.7425480944,1971362.4353749908,-1033460.2170244801,-1596975.4477771195,122.78081032714117,0.5952565802448915,0.6020546137703106,0.23370307126651096,0.09609541133116668,0.5025456950521718,False
上证50ETF华夏,12月,2.9,3.084,1333322.79327072,-1405190.0443968002,-71867.25112608029,2738512.83766752,1918.0,2020.0,3938.0,325.0,829.0,1154.0,0.0011190000000000002,0.23445000000000002,0.73115,109476.0006873195,-925453.6938516769,-815977.6931643574,1034929.6945389963,-350756.4271233601,278889.1759972797,113.36191090373428,0.6252791473938423,0.5671908735400295,0.28992169029207404,0.07413372086097843,0.41791363643080653,False
上证50ETF华夏,12月,2.95,3.084,1141594.9317792,-2141933.84738928,-1000338.9156100799,3283528.77916848,1255.0,2901.0,4156.0,175.0,1720.0,1895.0,0.0014525000000000002,0.31515,0.86635,36439.58717093431,-1575539.6442386324,-1539100.057067698,1611979.2314095667,-1110763.8926496,110424.97703952016,101.5358387229664,0.6652395753057081,0.5152058518902123,0.366170615710203,0.4018907090880377,0.45590178700533773,True
上证50ETF华夏,12月,3.0,3.084,12381473.203135202,-2327117.1512472,10054356.051888002,14708590.354382401,8369.0,3055.0,11424.0,1349.0,565.0,1914.0,0.001617,0.21985,1.1782,0.0,-1260684.3822614823,-1260684.3822614823,1260684.3822614823,1565387.6139216004,8488968.4379664,99.84117592102393,0.5893536239036719,0.45696202531645574,0.17306641160122727,0.1066840308837056,0.682096110456715,True
上证50ETF华夏,12月,3.1,3.084,8601903.763126561,-1772556.484608,6829347.278518561,10374460.247734562,5471.0,2275.0,7746.0,1643.0,490.0,2133.0,0.001787,0.0764,1.23615,0.0,-918025.1148893904,-918025.1148893904,918025.1148893904,2201462.5957876807,4627884.682730881,101.4753817121281,0.6219587635672097,0.4269298762522098,0.2578476723422803,0.156143866595844,0.6237368026866745,True
上证50ETF华夏,12月,3.2,3.084,10992100.0448664,-2057424.0250752,8934676.0197912,13049524.069941599,7801.0,2768.0,10569.0,2835.0,256.0,3091.0,0.0019364999999999999,-0.03789999999999999,1.1315,0.0,-902848.8970997668,-902848.8970997668,902848.8970997668,3804411.4622856,5130264.5575056,63.24042629775118,0.6072544248153938,0.39500640204865556,0.22795024796732005,0.12335938201919477,0.6914499114942562,True
上证50ETF华夏,12月,3.3,3.084,6579201.845301121,-1637265.7076515201,4941936.1376496,8216467.552952641,5634.0,2413.0,8047.0,2026.0,17.0,2043.0,0.0020989999999999997,-0.12669999999999998,0.9706,0.0,-638216.6772766829,-638216.6772766829,638216.6772766829,2354362.046712,2587574.0909376,137.89766747502114,0.5630113832001018,0.3728211749515815,0.18332379295029688,0.11252446183953033,0.6066808060410125,False
上证50ETF华夏,12月,3.4,3.084,3321909.02877696,-1051078.87760112,2270830.15117584,4372987.90637808,3552.0,1689.0,5241.0,990.0,9.0,999.0,0.0022205000000000003,-0.19704999999999998,0.8188,0.0,-425803.5449114046,-425803.5449114046,425803.5449114046,920269.13956848,1350561.01160736,102.11975714183617,0.5151131568903426,0.37606727037516174,0.14202240650952908,0.05974671592568139,0.4830631308287112,False
上证50ETF华夏,12月,3.5,3.084,6975567.01970352,-630798.3431078399,6344768.67659568,7606365.3628113605,9541.0,1138.0,10679.0,7409.0,3.0,7412.0,0.002386,-0.24714999999999998,0.6757500000000001,0.0,-213383.45695778102,-213383.45695778102,213383.45695778102,5415167.193769441,929601.4828262398,223.23009185949758,0.5439185018068777,0.3725200506542845,0.3895897715695227,0.10312554704853595,0.6750174981317603,False
上证50ETF华夏,3月,2.85,3.084,25474.4123904,-386336.2414032,-360861.8290128,411810.65379360004,45.0,746.0,791.0,46.0,861.0,907.0,0.001159,0.2601,0.56985,2288.758348400216,-177999.01410041592,-175710.2557520157,180287.77244881613,-360861.8290128,0.0,102.14455457021936,0.9182843563438245,0.29991769547325114,1.0881888591003872,395.5,0.20303842214084047,False
上证50ETF华夏,3月,2.9,3.084,101092.82400288,-84379.42573631999,16713.39826656002,185472.2497392,166.0,156.0,322.0,187.0,160.0,347.0,0.0011795,0.22740000000000002,0.6045,0.0,-38580.55643869231,-38580.55643869231,38580.55643869231,16713.39826656002,0.0,102.24210363944806,0.9182063170884416,0.24914383561643832,1.0760735248687054,161.0,0.11359563750997302,False
上证50ETF华夏,3月,2.95,3.084,37544.70333888,-70795.26000432,-33250.556665439995,108339.96334319998,58.0,127.0,185.0,58.0,153.0,211.0,0.0012025,0.19369999999999998,0.63335,0.0,-32343.51203226736,-32343.51203226736,32343.51203226736,-33250.556665439995,0.0,100.79381739867382,0.919364946081061,0.2485590778097983,1.1023622047244095,92.5,0.07277459188404332,True
上证50ETF华夏,3月,3.0,3.084,207916.82013024,-79626.27550032,128290.54462992,287543.09563056,166.0,139.0,305.0,187.0,154.0,341.0,0.0015765000000000002,0.24705000000000002,0.9596,0.0,-37681.7015205635,-37681.7015205635,37681.7015205635,128290.54462992,0.0,101.05145842217425,0.9191588332622607,0.25823492852703545,1.1172098465805669,152.5,0.12992039662063706,True
上证50ETF华夏,3月,3.1,3.084,265643.12830607995,-19609.514818560005,246033.61348751994,285252.64312463993,191.0,34.0,225.0,244.0,37.0,281.0,0.0017785000000000001,0.11125000000000002,1.0343499999999999,0.0,-9364.823378936904,-9364.823378936904,9364.823378936904,246033.61348751994,0.0,99.54667579405785,0.9203626593647538,0.2597222222222222,1.1828611025562057,112.5,0.1172700380194214,True
上证50ETF华夏,3月,3.2,3.084,349928.20436688,-20133.003340799998,329795.20102608,370061.20770768,279.0,36.0,315.0,335.0,44.0,379.0,0.001937,0.01185,0.9533499999999999,0.0,-9645.443408100056,-9645.443408100056,9645.443408100056,329795.20102608,0.0,97.19573355937021,0.9222434131525039,0.26095475596722484,1.2114695340501793,157.5,0.147371105957886,True
上证50ETF华夏,3月,3.3,3.084,190631.61717696,-5273.880552,185357.73662496,195905.49772895998,172.0,10.0,182.0,229.0,10.0,239.0,0.00207,-0.06785000000000002,0.8599,0.0,-2555.661930741221,-2555.661930741221,2555.661930741221,185357.73662496,0.0,86.90669078532045,0.9304746473717437,0.2636928289102202,1.1656976744186047,91.0,0.09264754605620146,False
上证50ETF华夏,3月,3.4,3.084,123967.103904,-491.2460424,123475.8578616,124458.3499464,133.0,1.0,134.0,141.0,1.0,142.0,0.0022120000000000004,-0.13029999999999997,0.74825,0.0,-244.83196707863706,-244.83196707863706,244.83196707863706,123475.8578616,0.0,128.52366732084857,0.8971810661433212,0.2707035755478662,1.0300751879699248,67.0,0.06705664229495939,False
上证50ETF华夏,3月,3.5,3.084,391067.04065760004,0.0,391067.04065760004,391067.04065760004,505.0,0.0,505.0,771.0,0.0,771.0,0.0023749999999999995,-0.1786,0.6427,0.0,0.0,0.0,0.0,391067.04065760004,0.0,295.8420813518692,0.516659668251838,0.27252726229194557,1.5267326732673268,252.5,0.1821346249910058,False
上证50ETF华夏,8月,2.75,3.084,229033.45688255999,-3916531.40461488,-3687497.94773232,4145564.8614974404,396.0,11031.0,11427.0,89.0,7408.0,7497.0,0.0010785,0.42490000000000006,0.4907,107533.63421748423,0.0,107533.63421748423,107533.63421748423,-2578718.8222488,-1108779.12548352,213.05938785063137,0.5165066847101327,0.3840269277845776,0.4481547182458251,0.33788789313533696,0.6224549747658157,False
上证50ETF华夏,8月,2.8,3.084,2554992.2566195205,-15946687.69409664,-13391695.43747712,18501679.95071616,3642.0,30069.0,33711.0,229.0,9063.0,9292.0,0.0010385000000000001,0.39635000000000004,0.6476,754009.7593340043,0.0,754009.7593340043,754009.7593340043,-4645787.91410304,-8745907.523374079,264.20441201797513,0.35149333123663457,0.34295446396557905,0.18214215212753665,0.0512506070202054,0.8367187936978551,False
上证50ETF华夏,8月,2.85,3.084,3818035.00378944,-22622225.503852803,-18804190.500063363,26440260.507642243,4636.0,29806.0,34442.0,782.0,13149.0,13931.0,0.00098,0.3615,0.83195,1240762.3109244637,0.0,1240762.3109244637,1240762.3109244637,-9335832.103321921,-9468358.396741442,194.78663009704803,0.4832800899635635,0.2764807609165587,0.3049163422458617,0.05837111621866801,0.8698557011799707,False
上证50ETF华夏,8月,2.9,3.084,10275462.61425792,-44950210.13132929,-34674747.51707137,55225672.745587215,10966.0,41508.0,52474.0,4311.0,22730.0,27041.0,0.0009555,0.3136,1.0619,2314241.570959419,0.0,2314241.570959419,2314241.570959419,-20575439.404692486,-14099308.112378884,169.17573667428812,0.5240174284704624,0.17991407089151457,0.470364741494429,0.1225852551996632,0.928289082533039,False
上证50ETF华夏,8月,2.95,3.084,22162273.974341277,-50282662.3341624,-28120388.359821122,72444936.30850367,21411.0,34665.0,56076.0,11163.0,19284.0,30447.0,0.000944,0.25255000000000005,1.3067,791494.4586359597,0.0,791494.4586359597,791494.4586359597,-16417352.857528802,-11703035.50229232,60.08075218711152,0.6002166356891242,0.02990264255910996,0.5388317485677936,0.1344786832652877,0.943849306558844,True
上证50ETF华夏,8月,3.0,3.084,136691162.0153856,-121929651.28942415,14761510.725961447,258620813.30480975,59486.0,68107.0,127593.0,42631.0,41578.0,84209.0,0.00147,0.27835,2.14915,0.0,0.0,0.0,0.0,23524861.430928946,-8763350.704967506,29.701698969466364,0.6979383597074,0.0,0.6635682936232035,0.11774141586437561,0.9881367120609912,True
上证50ETF华夏,8月,3.1,3.084,304675710.0493363,-98126613.15570287,206549096.89363343,402802323.2050392,101837.0,47873.0,149710.0,76121.0,52668.0,128789.0,0.001633,0.0030999999999999917,2.65035,0.0,0.0,0.0,0.0,129612025.30247568,76937071.59115778,23.467863491655763,0.8170706783925717,0.0,0.9238198282059229,0.21389263055543722,0.9962546816479401,True
上证50ETF华夏,8月,3.2,3.084,166258104.19236866,-20410855.811693277,145847248.38067538,186668960.00406194,78656.0,12479.0,91135.0,55132.0,18574.0,73706.0,0.0018435,-0.21255,1.97105,0.0,-8590750.171848495,-8590750.171848495,8590750.171848495,96123697.1827848,49723551.19789057,120.09274150865343,0.807879032580509,0.21761480466072664,1.0946730478725821,0.2879587880094454,0.9759228503641808,True
上证50ETF华夏,8月,3.3,3.084,57992994.28654704,-3077381.4910070403,54915612.795540005,61070375.77755408,50197.0,2658.0,52855.0,31409.0,1718.0,33127.0,0.0021255000000000002,-0.32975,1.216,0.0,-1907883.9745415647,-1907883.9745415647,1907883.9745415647,34298000.607659034,20617612.187880963,108.99800745723917,0.7523210417575523,0.39914163090128757,0.6360326618615506,0.26825678146984994,0.9350264122352683,False
上证50ETF华夏,8月,3.4,3.084,14653994.0396256,-1157796.6352329599,13496197.404392641,15811790.674858559,23620.0,1383.0,25003.0,9772.0,302.0,10074.0,0.0024879999999999998,-0.38215,0.76625,0.0,-638361.9589525177,-638361.9589525177,638361.9589525177,5809785.94806912,7686411.456323519,179.75645253895576,0.49927811665896593,0.47897623400365624,0.31604153005865954,0.15384796706444176,0.8077851494584902,False
上证50ETF华夏,8月,3.5,3.084,8477819.1025704,-1978869.64558608,6498949.45698432,10456688.74815648,24189.0,3081.0,27270.0,4618.0,19.0,4637.0,0.0028590000000000004,-0.4087,0.5219,0.0,-1007367.6275970895,-1007367.6275970895,1007367.6275970895,1606324.43538288,4892625.021601439,246.3414354637237,0.4265533887390657,0.4875645236977944,0.09854002698563806,0.04897584702982809,0.7476729211093899,False
上证50ETF华夏,9月,2.65,3.084,818599.4700192,-9547628.29297344,-8729028.82295424,10366227.762992641,2141.0,33174.0,35315.0,175.0,2707.0,2882.0,0.0011345,0.44089999999999996,0.3523,339273.0666067538,0.0,339273.0666067538,339273.0666067538,-712176.6502339201,-8016852.1727203205,219.63373218649906,0.3327181008221636,0.38294314381270905,0.08166877703446764,-0.012095363138194018,0.7409832486117159,False
上证50ETF华夏,9月,2.7,3.084,623950.0023456,-10963710.018259201,-10339760.015913602,11587660.0206048,1316.0,28533.0,29849.0,153.0,2152.0,2305.0,0.001103,0.42005000000000003,0.45125000000000004,224508.8287023487,0.0,224508.8287023487,224508.8287023487,-754357.5178200002,-9585402.498093601,313.890858906289,0.36579530944951066,0.35879816760980865,0.09584142000778281,0.020860596954821363,0.7318722876687338,False
上证50ETF华夏,9月,2.75,3.084,1423515.1862131204,-5895498.443414401,-4471983.25720128,7319013.629627522,2492.0,11762.0,14254.0,62.0,3823.0,3885.0,0.001064,0.3947,0.5638000000000001,515966.6031505585,0.0,515966.6031505585,515966.6031505585,-1880795.9160892805,-2591187.341112001,102.46581225470217,0.5409504009890924,0.3426488456865127,0.17495468580566467,0.13622541641031105,0.6652919860904354,False
上证50ETF华夏,9月,2.8,3.084,2160729.3109248,-11832986.296857601,-9672256.9859328,13993715.607782401,3227.0,18136.0,21363.0,134.0,4185.0,4319.0,0.001046,0.36155,0.6950000000000001,659167.1861157297,0.0,659167.1861157297,659167.1861157297,-2640815.0802144003,-7031441.9057184,191.79045753916225,0.4565794179803939,0.2842086459449803,0.13614057114042044,0.04405548934899104,0.7589311769613548,False
上证50ETF华夏,9月,2.85,3.084,3898868.8980700797,-12897967.199682241,-8999098.301612161,16796836.09775232,5098.0,15663.0,20761.0,846.0,5484.0,6330.0,0.001028,0.32165,0.8349500000000001,1063462.5676671986,0.0,1063462.5676671986,1063462.5676671986,-3868887.00602016,-5130211.295592002,293.37273111017356,0.4485162006293818,0.23299748110831225,0.2580359637938016,0.1727074409401677,0.7866158212665968,False
上证50ETF华夏,9月,2.9,3.084,4248170.228736001,-13964375.71201248,-9716205.483276479,18212545.94074848,4985.0,13934.0,18919.0,1416.0,5678.0,7094.0,0.001023,0.2736,0.97485,798826.8682195578,0.0,798826.8682195578,798826.8682195578,-4483675.95922656,-5232529.524049919,182.31055412464775,0.5174604808892402,0.14783715012722654,0.3457723104723961,0.1608059971067005,0.7895896957410486,False
上证50ETF华夏,9月,2.95,3.084,7270993.068767999,-13273375.808404801,-6002382.739636802,20544368.8771728,8100.0,11385.0,19485.0,706.0,4681.0,5387.0,0.0013889999999999998,0.3514,1.0848,284793.6130209038,0.0,284793.6130209038,284793.6130209038,-4823671.862923201,-1178710.8767136019,134.20091924231193,0.5923023690808491,0.035353535353535415,0.2491577611867467,0.11208481837389588,0.7975796472282725,True
上证50ETF华夏,9月,3.0,3.084,37928283.2762544,-16986476.3775624,20941806.898692,54914759.653816804,19486.0,13085.0,32571.0,5090.0,4147.0,9237.0,0.0015865,0.23000000000000004,1.7057,0.0,0.0,0.0,0.0,4523881.190260321,16417925.708431678,93.1470031288806,0.6411105892155045,0.0,0.2890704792965221,0.07625885055956116,0.8767750694573632,True
上证50ETF华夏,9月,3.1,3.084,59439255.0680736,-21979132.599095996,37460122.4689776,81418387.6671696,27101.0,16150.0,43251.0,11114.0,4741.0,15855.0,0.0017585,0.02949999999999997,1.8684500000000002,0.0,-5303207.166332392,-5303207.166332392,5303207.166332392,17923572.76273776,19536549.706239842,68.1069549185575,0.5973567351655127,0.1947565543071162,0.35182796997311855,0.09740869681145042,0.9285729817797077,True
上证50ETF华夏,9月,3.2,3.084,64560837.36299904,-14316009.1536096,50244828.20938943,78876846.51660864,35476.0,11670.0,47146.0,14306.0,1945.0,16251.0,0.0019060000000000001,-0.13570000000000002,1.6016,0.0,-6120029.20982255,-6120029.20982255,6120029.20982255,23648707.554200638,26596120.65518879,87.5752599890535,0.6208479104622585,0.36360998258850846,0.2849626038260608,0.06673182402493552,0.9297166027715549,True
上证50ETF华夏,9月,3.3,3.084,41087597.854284,-5899122.1557504,35188475.6985336,46986720.010034405,32425.0,5920.0,38345.0,11043.0,971.0,12014.0,0.0021235,-0.24705000000000002,1.19,0.0,-3222069.7021894176,-3222069.7021894176,3222069.7021894176,13025650.08294432,22162825.615589283,119.73043568175635,0.5551338149920723,0.46772924045651326,0.25229540884369334,0.10772698222652363,0.8916350781884752,False
上证50ETF华夏,9月,3.4,3.084,20125842.4667376,-2417092.88233392,17708749.58440368,22542935.349071518,24370.0,3033.0,27403.0,11734.0,672.0,12406.0,0.002369,-0.31515,0.8531,0.0,-1413046.7408913227,-1413046.7408913227,1413046.7408913227,9154927.252895039,8553822.33150864,289.3039443155446,0.47583480097840497,0.4793904208998549,0.35152822441043474,0.17148835104426044,0.8467865482041765,False
上证50ETF华夏,9月,3.5,3.084,19035868.50606672,-1319680.419876,17716188.086190723,20355548.92594272,33363.0,2033.0,35396.0,7035.0,114.0,7149.0,0.002694,-0.34855,0.6412,0.0,-652038.4729927668,-652038.4729927668,652038.4729927668,3939946.8636024003,13776241.22258832,251.81648993328469,0.35601586048227224,0.4551661356395084,0.13346854943959688,0.06810745967010977,0.8376367792499503,False
上证50ETF华夏,9月,3.6,3.084,37830331.85893776,-1477243.33177824,36353088.52715952,39307575.190716006,90873.0,2734.0,93607.0,14761.0,163.0,14924.0,0.0030765000000000002,-0.36569999999999997,0.5029,0.0,-704025.1562898131,-704025.1562898131,704025.1562898131,6056915.710760641,30296172.81639888,293.9673379674649,0.325903814665233,0.43823964497041423,0.11102754593134556,0.050679440182074376,0.9200500036391142,False
中证500ETF南方,12月,6.5,7.737,293726.78404920007,-2100146.50595178,-1806419.7219025798,2393873.29000098,360.0,2574.0,2934.0,165.0,4380.0,4545.0,1e-06,0.31089999999999995,0.1363,36594.24376985675,-223092.48598022547,-186498.2422103687,259686.72975008222,-1965521.72992923,159102.00802665006,234.82425047188391,0.7038072662891596,0.16554377199993703,1.0799825174825175,0.3536643212902206,0.43702161702901055,False
中证500ETF南方,12月,6.75,7.737,132317.1279576,-1275390.0944802002,-1143072.9665226003,1407707.2224378001,144.0,1388.0,1532.0,12.0,723.0,735.0,1e-06,0.26859999999999995,0.1535,5861.385608063134,-153256.49244116823,-147395.1068331051,159117.87804923137,-653315.8192906501,-489757.1472319502,349.2959807717808,0.44140855640082705,0.18444662723936273,0.3021133525456292,0.17081657062085465,0.2974335060635101,False
中证500ETF南方,12月,6.876,7.737,1482088.31659044,-6059244.50127378,-4577156.18468334,7541332.817864221,1534.0,5658.0,7192.0,70.0,1067.0,1137.0,0.0016995,0.25680000000000003,0.17015,0.0,-695657.962018507,-695657.962018507,695657.962018507,-1075036.5576722699,-3502119.62701107,336.6823225713929,0.37749711629632976,0.16435185185185175,0.11710743588361001,0.10604427145317336,0.5649251122773771,False
中证500ETF南方,12月,7.0,7.737,559129.65737436,-2734031.9883967205,-2174902.3310223604,3293161.6457710806,554.0,2414.0,2968.0,216.0,1164.0,1380.0,0.001699,0.2327,0.1789,0.0,-513580.41943260946,-513580.41943260946,513580.41943260946,-1100315.3307292801,-1074587.0002930802,329.2025187499893,0.5110537725689132,0.1929530201342281,0.43603946892226153,0.4182967528562838,0.4201578512404684,False
中证500ETF南方,12月,7.122,7.737,1731575.3023018802,-5258030.88895821,-3526455.58665633,6989606.19126009,1652.0,4461.0,6113.0,95.0,365.0,460.0,0.001716,0.20765000000000003,0.186,0.0,-896901.0834627429,-896901.0834627429,896901.0834627429,-330637.18085460004,-3195818.40580173,318.9531112686757,0.3727027655751497,0.24066570188133135,0.06966313647522543,0.05819477939960907,0.5133937391767426,False
中证500ETF南方,12月,7.25,7.737,997594.76194866,-2113354.8728916305,-1115760.1109429705,3110949.6348402905,487.0,1723.0,2210.0,183.0,1018.0,1201.0,0.002254,0.2903,0.27355,0.0,-858157.1683832665,-858157.1683832665,858157.1683832665,-873767.1449786401,-241992.96596433036,199.94107169655004,0.6333671363026412,0.26823708206686925,0.4832999841497031,0.5857205556148655,0.3949810641764353,False
中证500ETF南方,12月,7.367,7.737,3236623.37026227,-4169854.2060787505,-933230.8358164807,7406477.57634102,1223.0,3325.0,4548.0,80.0,482.0,562.0,0.0023015,0.2469,0.3258,0.0,-1199760.0462653094,-1199760.0462653094,1199760.0462653094,-392755.1159259002,-540475.7198905805,274.60946259804484,0.42238749493487415,0.30570409982174673,0.10518766253327513,0.06707783880094373,0.5026374877378423,True
中证500ETF南方,12月,7.5,7.737,3917638.1496725995,-2576225.97467892,1341412.1749936794,6493864.12435152,1348.0,2012.0,3360.0,530.0,860.0,1390.0,0.0024325,0.18044999999999997,0.3497,0.0,-933760.959290412,-933760.959290412,933760.959290412,439147.5219008997,902264.6530927797,311.1590241220283,0.5151948730739638,0.3368462138953942,0.41030523092896626,0.4417661079560695,0.5013412967096192,True
中证500ETF南方,12月,7.613,7.737,8202061.245712142,-6020468.231830651,2181593.0138814915,14222529.477542793,2798.0,4667.0,7465.0,836.0,733.0,1569.0,0.0025215,0.13259999999999997,0.3526,0.0,-1932092.3488322373,-1932092.3488322373,1932092.3488322373,1505075.6040981307,676517.4097833605,315.13595044058457,0.43906025090829237,0.36636427076064204,0.22792252815190012,0.1842044658103782,0.6381405203560448,True
中证500ETF南方,12月,7.75,7.737,3890263.6370889004,-1204519.2592777202,2685744.3778111804,5094782.89636662,1329.0,932.0,2261.0,658.0,406.0,1064.0,0.0025979999999999996,0.08134999999999998,0.35245,0.0,-579519.1401687711,-579519.1401687711,579519.1401687711,1401389.4746615402,1284354.9031496402,294.2804679886863,0.5507219100463477,0.3974831184775935,0.4653657110932419,0.4235394025618477,0.44696988843594465,True
中证500ETF南方,12月,7.859,7.737,7664236.1783848815,-3667469.3452462503,3996766.833138631,11331705.523631131,2712.0,2875.0,5587.0,142.0,74.0,216.0,0.002684,0.04355000000000003,0.3426,0.0,-1267121.5700670194,-1267121.5700670194,1267121.5700670194,306901.0301227201,3689865.8030159115,305.115016990021,0.30486112222945305,0.4294685990338165,0.03904950622034116,0.009618568399790691,0.5358468633114172,True
中证500ETF南方,12月,8.0,7.737,6271930.0375074,-724973.2302537902,5546956.807253609,6996903.26776119,2345.0,571.0,2916.0,1518.0,434.0,1952.0,0.002754,-0.0012000000000000066,0.32945,0.0,-456311.61249505164,-456311.61249505164,456311.61249505164,3509007.8517279,2037948.9555257095,289.40501578231084,0.5681387670233387,0.4470435748673004,0.703702403668423,0.9001690610237494,0.5093455560614868,True
中证500ETF南方,12月,8.104,7.737,8205080.643076501,-3893510.5068954607,4311570.13618104,12098591.149971962,3151.0,3162.0,6313.0,483.0,122.0,605.0,0.002828,-0.03175,0.32035,0.0,-1581686.957680127,-1581686.957680127,1581686.957680127,1107489.09322224,3204081.0429587993,350.05323119163614,0.3583309843943736,0.4795347796913442,0.0959339233692064,0.04988403919453116,0.5810709609319337,True
中证500ETF南方,12月,8.25,7.737,6028348.9547295,-1108685.11937886,4919663.83535064,7137034.07410836,2502.0,907.0,3409.0,520.0,330.0,850.0,0.0028805,-0.0713,0.30335,0.0,-605867.8285935315,-605867.8285935315,605867.8285935315,849513.7937466002,4070150.04160404,364.7885675140149,0.4226758200847922,0.4859983766233767,0.2858352788551959,0.14707105855797137,0.4908858142632009,False
中证500ETF南方,12月,8.35,7.737,8600032.6639047,-2832990.881317381,5767041.78258732,11433023.545222081,3755.0,2406.0,6161.0,520.0,77.0,597.0,0.002968,-0.09495,0.28965,0.0,-1203130.229749899,-1203130.229749899,1203130.229749899,1100284.80153309,4666756.98105423,376.11548914222215,0.3455940590149611,0.4872534425009304,0.08524267449441199,0.03868861779738944,0.5695686220241954,False
中证500ETF南方,12月,8.5,7.737,3047544.0860238005,-316630.26592029,2730913.8201035103,3364174.351944091,1460.0,287.0,1747.0,440.0,4.0,444.0,0.0031320000000000002,-0.12459999999999999,0.2665,0.0,-123952.00359502473,-123952.00359502473,123952.00359502473,914024.97835452,1816888.8417489906,401.1989621778143,0.37870940216362425,0.44804130470414694,0.15765357262183188,0.09435595518650022,0.36503178942358777,False
中证500ETF南方,12月,8.595,7.737,6875760.424220821,-2728673.2165478403,4147087.2076729806,9604433.640768662,3487.0,2456.0,5943.0,550.0,47.0,597.0,0.003118,-0.14645,0.2575,0.0,-1114036.0109378318,-1114036.0109378318,1114036.0109378318,1032286.70383092,3114800.5038420605,194.10174023425276,0.48009171070103684,0.4597009051554507,0.08843275722109763,0.03350673194614443,0.5519803997446129,False
中证500ETF南方,12月,8.75,7.737,1134490.07211138,-174435.44646600002,960054.62564538,1308925.51857738,633.0,155.0,788.0,313.0,0.0,313.0,0.00307,-0.18205000000000002,0.2437,0.0,-74449.2053650592,-74449.2053650592,74449.2053650592,560972.18415618,399082.4414892,453.97711614128536,0.42070706428025195,0.481037037037037,0.24723538704581358,0.22926267281105991,0.24620080618464354,False
中证500ETF南方,12月,8.841,7.737,5340782.96898381,-865903.7818188,4474879.187165011,6206686.75080261,3183.0,841.0,4024.0,220.0,61.0,281.0,0.0032945000000000006,-0.18785,0.22615,0.0,-357549.02773486427,-357549.02773486427,357549.02773486427,306333.5462406,4168545.6409244104,474.03894409650655,0.35265613381840155,0.43222729715206876,0.07082494210660603,0.022227489815985393,0.45685022165451117,False
中证500ETF南方,12月,9.0,7.737,1384367.9512563902,-100453.02769890001,1283914.92355749,1484820.9789552903,921.0,97.0,1018.0,437.0,1.0,438.0,0.0032585,-0.21785,0.21205,0.0,-41726.84668564552,-41726.84668564552,41726.84668564552,655825.1994951301,628089.7240623601,348.08094006524004,0.34276476602261113,0.4521242866201649,0.24239676729686468,0.2384885881104034,0.27433379695786625,False
中证500ETF南方,12月,9.086,7.737,1914448.77915012,-536176.4907330001,1378272.28841712,2450625.26988312,1354.0,530.0,1884.0,599.0,10.0,609.0,0.00331,-0.229,0.2026,0.0,-223728.03589286233,-223728.03589286233,223728.03589286233,836822.02869522,541450.2597218999,337.0334034800626,0.3559587774342642,0.4472632598692178,0.23063041721245228,0.08334419817470665,0.34680516154835955,False
中证500ETF南方,12月,9.25,7.737,1419152.6779506002,-71698.71516975002,1347453.9627808502,1490851.39312035,1130.0,75.0,1205.0,433.0,0.0,433.0,0.0034349999999999997,-0.24739999999999998,0.18475,0.0,-28872.5111077789,-28872.5111077789,28872.5111077789,543799.2119934601,803654.75078739,483.33492774256706,0.3762598644120908,0.43215469613259666,0.1915929203539823,0.09100418410041841,0.2796130502917299,False
中证500ETF南方,12月,9.332,7.737,3334977.0667643403,-1179490.1072954403,2155486.9594689,4514467.17405978,2818.0,1192.0,4010.0,634.0,0.0,634.0,0.003297,-0.26705,0.1815,0.0,-512407.37598149746,-512407.37598149746,512407.37598149746,750310.6672564201,1405176.29221248,490.0070197761155,0.379105485244596,0.46391979728985355,0.11249112845990064,0.03129713423831071,0.4565945238167251,False
中证500ETF南方,12月,9.578,7.737,5987493.706887001,-1702092.479346,4285401.2275410015,7689586.186233001,6062.0,2100.0,8162.0,4138.0,0.0,4138.0,0.003915,-0.264,0.1502,0.0,-613290.0165319651,-613290.0165319651,613290.0165319651,4087141.035813001,198260.19172800053,484.9550138194845,0.4752199178097085,0.37737681224876923,0.3413064995051138,0.48281452658884566,0.6315238373030061,False
中证500ETF南方,12月,9.823,7.737,7109700.267119581,-3247891.03810314,3861809.229016441,10357591.30522272,8619.0,4043.0,12662.0,5691.0,11.0,5702.0,0.00387,-0.2922,0.136,0.0,-1272562.3258811387,-1272562.3258811387,1272562.3258811387,4685594.692326841,-823785.4633103996,461.51642676535675,0.47507640384771,0.40306660480026996,0.33150308392920896,0.3332366589327146,0.7050282442219912,False
中证500ETF南方,12月,10.314,7.737,2422518.65520255,-875609.67176046,1546908.98344209,3298128.32696301,4185.0,1222.0,5407.0,7717.0,2.0,7719.0,0.004169,-0.319,0.10819999999999999,0.0,-349027.0778179876,-349027.0778179876,349027.0778179876,2421085.57881669,-874176.5953746,415.9996926583769,0.5490525048017414,0.40012682308180086,0.9228016042017415,0.20631528912373012,0.5347386425454851,False
中证500ETF南方,3月,6.75,7.737,94877.55841824,-253051.11971370006,-158173.56129546004,347928.6781319401,127.0,305.0,432.0,131.0,363.0,494.0,0.0017454999999999999,0.25725000000000003,0.13169999999999998,0.0,-75017.07660216704,-75017.07660216704,75017.07660216704,-158173.56129546004,0.0,165.53246320063664,0.7781003452289644,0.19458689458689454,1.1108299987091779,216.0,0.15641994646151733,False
中证500ETF南方,3月,7.0,7.737,310868.02979235,-137381.382855,173486.64693735001,448249.41264735,389.0,153.0,542.0,440.0,153.0,593.0,0.0017564999999999998,0.21845000000000003,0.14175,0.0,-41055.7183553538,-41055.7183553538,41055.7183553538,173486.64693735001,0.0,577.3584410450583,0.6000000000000001,0.24903737259343145,1.0655526992287918,271.0,0.18258046136786776,False
中证500ETF南方,3月,7.25,7.737,28677.09162114,-68432.09117741999,-39754.99955627999,97109.18279856,34.0,73.0,107.0,34.0,94.0,128.0,0.0017989999999999998,0.17795000000000002,0.14875,0.0,-30477.153294462576,-30477.153294462576,30477.153294462576,-39754.99955627999,0.0,508.6915412245605,0.6439092986465109,0.3237506716818916,1.143835616438356,53.5,0.05368164421119126,False
中证500ETF南方,3月,7.5,7.737,491729.57275050005,-85189.02821559,406540.54453491006,576918.6009660901,175.0,89.0,264.0,175.0,96.0,271.0,0.002327,0.21625,0.31465,0.0,-39426.550968631636,-39426.550968631636,39426.550968631636,406540.54453491006,0.0,632.9237532035384,0.6000000000000001,0.3856771209712385,1.0393258426966292,132.0,0.16266548820132878,True
中证500ETF南方,3月,7.75,7.737,1191701.7857714402,-400004.3034918001,791697.4822796402,1591706.0892632403,436.0,420.0,856.0,506.0,453.0,959.0,0.0025735,0.11159999999999998,0.30785,0.0,-190571.3447350861,-190571.3447350861,190571.3447350861,791697.4822796402,0.0,493.5300855179269,0.5681303900625052,0.444208539749941,1.1195609436435126,428.0,0.3015327092839397,True
中证500ETF南方,3月,8.0,7.737,1024024.66528554,-296215.21284453,727809.45244101,1320239.87813007,401.0,317.0,718.0,407.0,317.0,724.0,0.0027295,0.03719999999999998,0.29135,0.0,-192087.8440345101,-192087.8440345101,192087.8440345101,727809.45244101,0.0,627.2517061060198,0.6316704534228981,0.4887938661161901,1.0074812967581046,359.0,0.2686526908107739,True
中证500ETF南方,3月,8.25,7.737,425149.58614194015,-45374.76610200001,379774.8200399401,470524.3522439402,187.0,50.0,237.0,187.0,50.0,237.0,0.0028845,-0.02345,0.26570000000000005,0.0,-30866.47667910587,-30866.47667910587,30866.47667910587,379774.8200399401,0.0,596.2451437487903,0.656789502368675,0.47665110073382255,1.0,118.5,0.1452524751155712,False
中证500ETF南方,3月,8.5,7.737,87259.62605130002,-18233.712077400003,69025.91397390001,105493.33812870002,43.0,20.0,63.0,43.0,20.0,63.0,0.0029295000000000002,-0.07795000000000002,0.24565,0.0,-14935.169257215977,-14935.169257215977,14935.169257215977,69025.91397390001,0.0,500.7726715163999,0.6925791416984449,0.4807892004153686,1.0,31.5,0.049699151596107216,False
中证500ETF南方,3月,8.75,7.737,367524.83041577996,-6017.244707880001,361507.58570789994,373542.07512366,207.0,7.0,214.0,303.0,7.0,310.0,0.003099,-0.1195,0.2201,0.0,-4214.684078510736,-4214.684078510736,4214.684078510736,361507.58570789994,0.0,479.5815443378019,0.6929032664503734,0.4456785395123197,1.2318840579710146,107.0,0.13544978554085316,False
中证500ETF南方,8月,6.5,7.737,282429.78423552006,-13263534.9932004,-12981105.20896488,13545964.777435921,304.0,19101.0,19405.0,135.0,20414.0,20549.0,0.0017890000000000002,0.4233,0.1356,112954.07296577937,0.0,112954.07296577937,112954.07296577937,-13138113.8719116,157008.66294672005,253.40644642803892,0.6860906323312531,0.3929166666666666,0.756409401960217,0.25922865013774105,0.8023032105826271,False
中证500ETF南方,8月,6.75,7.737,222439.91372217005,-20277654.931777682,-20055215.018055514,20500094.84549985,181.0,18173.0,18354.0,59.0,19637.0,19696.0,0.0017005000000000002,0.37975,0.19585000000000002,73405.05391888713,0.0,73405.05391888713,73405.05391888713,-20205146.893603053,149931.87554754005,268.6988451876717,0.5724565162378308,0.38798491913880345,0.7032629609891183,0.2664916462034763,0.8284347472293359,False
中证500ETF南方,8月,7.0,7.737,2576682.1167867,-68180347.42563726,-65603665.30885056,70757029.54242396,1698.0,40133.0,41831.0,802.0,44563.0,45365.0,0.0016584999999999998,0.31725000000000003,0.26865,838833.3432338904,0.0,838833.3432338904,838833.3432338904,-66963327.95704896,1359662.6481984002,70.66237103775218,0.8279341785526017,0.23624133713819806,0.7913516767584061,0.23661621511613665,0.9373508843599987,False
中证500ETF南方,8月,7.122,7.737,965254.7653964101,-22124424.074644715,-21159169.309248306,23089678.840041123,587.0,10977.0,11564.0,231.0,12369.0,12600.0,0.0016270000000000002,0.28095000000000003,0.30569999999999997,115353.60150055808,0.0,115353.60150055808,115353.60150055808,-21744570.836473383,585401.5272250801,419.3463318738916,0.5432282155911764,0.14340836012861735,0.7601685047208047,0.2727984647374667,0.7919792886753942,False
中证500ETF南方,8月,7.25,7.737,17612293.282011002,-100538572.90107115,-82926279.61906014,118150866.18308215,7692.0,42867.0,50559.0,4723.0,90036.0,94759.0,0.0024205,0.34595000000000004,0.38715,1537530.9507480864,0.0,1537530.9507480864,1537530.9507480864,-89724368.3806684,6798088.76160825,182.86767856720408,0.7765087692627215,0.07585429966203527,1.3571857392456521,0.21097754853763556,0.9607166665768972,False
中证500ETF南方,8月,7.367,7.737,7528417.770652469,-28699078.628513705,-21170660.857861236,36227496.399166174,2239.0,11034.0,13273.0,511.0,14404.0,14915.0,0.002601,0.26865,0.4981,0.0,0.0,0.0,0.0,-26980891.276658677,5810230.418797439,219.45066911421844,0.5854694574938659,0.0,0.766823249555578,0.17815903342314937,0.8271822014030823,True
中证500ETF南方,8月,7.5,7.737,133099899.54097006,-119705097.983328,13394801.557642058,252804997.52429807,33211.0,41600.0,74811.0,41488.0,123020.0,164508.0,0.0026474999999999997,0.188,0.5751,0.0,0.0,0.0,0.0,13394801.557642058,0.0,53.8255415225339,0.8299554397978459,0.0,2.1032180964717435,0.15663574699362173,0.9829391385422522,True
中证500ETF南方,8月,7.613,7.737,25105231.337797165,-33177657.834534597,-8072426.496737432,58282889.172331765,5873.0,11010.0,16883.0,6387.0,19219.0,25606.0,0.0027029999999999997,0.11595000000000003,0.6087499999999999,0.0,0.0,0.0,0.0,-8072426.496737432,0.0,80.65864334570675,0.818806418656768,0.0,1.4165570345859908,0.12668538490697864,0.8693241211953475,True
中证500ETF南方,8月,7.75,7.737,230044312.6760225,-122969159.91762482,107075152.75839768,353013472.5936473,52271.0,39780.0,92051.0,114060.0,108324.0,222384.0,0.002737,0.029700000000000004,0.6257999999999999,0.0,0.0,0.0,0.0,107075152.75839768,0.0,61.939873017588766,0.9075909587287863,0.0,2.4525832091040334,0.2898051309227567,0.9907603235179449,True
中证500ETF南方,8月,7.859,7.737,42663648.96909648,-28813168.030510798,13850480.938585684,71476816.99960728,9896.0,9505.0,19401.0,9123.0,10023.0,19146.0,0.0027879999999999997,-0.036750000000000005,0.6133,0.0,-3646829.377293535,-3646829.377293535,3646829.377293535,10517922.26304894,3332558.675536741,27.81495754577349,0.8347922269032897,0.06972883231876031,0.9881926320955188,0.09517236599842563,0.8834620764937666,True
中证500ETF南方,8月,8.0,7.737,171308571.9643706,-60846462.29171915,110462109.67265145,232155034.25608975,43047.0,21084.0,64131.0,89885.0,36002.0,125887.0,0.0028545,-0.11615,0.57345,0.0,-18136517.424135115,-18136517.424135115,18136517.424135115,110462109.67265145,0.0,6.022355975634056,0.9104227569307227,0.17894969108561337,1.8978086406568173,0.1947223564545349,0.9754525897994593,True
中证500ETF南方,8月,8.104,7.737,62499226.773362406,-40585987.51544449,21913239.25791792,103085214.28880689,17144.0,14752.0,31896.0,12279.0,2019.0,14298.0,0.0028910000000000003,-0.1695,0.5343,0.0,-10398163.05826094,-10398163.05826094,10398163.05826094,39208937.59209834,-17295698.334180422,19.328290548092035,0.6718220441844346,0.23743335872048738,0.4265450248906038,0.04938974724109037,0.909834229715529,True
中证500ETF南方,8月,8.25,7.737,120757723.11793837,-28986499.63702044,91771223.48091793,149744222.7549588,39148.0,11702.0,50850.0,61494.0,2970.0,64464.0,0.0029955,-0.2318,0.46455,0.0,-8751943.658428598,-8751943.658428598,8751943.658428598,113400869.25347497,-21629645.77255704,147.11747036505463,0.7200230991985822,0.3162819713038053,0.9123054918682656,0.16220307518906754,0.9601029164980037,False
中证500ETF南方,8月,8.35,7.737,43936690.111305125,-22983905.351641502,20952784.759663623,66920595.46294662,16336.0,10038.0,26374.0,8236.0,2046.0,10282.0,0.003069,-0.26785,0.4159,0.0,-10067914.55611121,-10067914.55611121,10067914.55611121,17466530.13827262,3486254.621391002,90.82875547728025,0.5689346054061724,0.35749758587391356,0.3539940244699915,0.08265931969806353,0.8834920629330598,False
中证500ETF南方,8月,8.5,7.737,63988930.62787302,-10654983.98726148,53333946.64061154,74643914.61513449,30086.0,5326.0,35412.0,34354.0,1941.0,36295.0,0.0032479999999999996,-0.3077,0.34475,0.0,-3763876.083689085,-3763876.083689085,3763876.083689085,60105843.14772384,-6771896.5071123,252.89860164429783,0.615013283744853,0.4152483501215701,0.753149302204378,0.15586654981227274,0.9318522828985247,False
中证500ETF南方,8月,8.595,7.737,38107915.30096317,-12930090.323519703,25177824.977443468,51038005.62448287,21017.0,6901.0,27918.0,9574.0,525.0,10099.0,0.0032834999999999995,-0.3326,0.30795,0.0,-3560857.1513092206,-3560857.1513092206,3560857.1513092206,16375858.441869242,8801966.535574226,327.1440639472937,0.444607133981259,0.4279413327665002,0.26580596284773494,0.08021506725851726,0.8740000515138371,False
中证500ETF南方,8月,8.75,7.737,28292902.638498,-1982517.5130317102,26310385.12546629,30275420.15152971,21025.0,1203.0,22228.0,24065.0,440.0,24505.0,0.0034395,-0.36085,0.25005,0.0,-764533.2957967174,-764533.2957967174,764533.2957967174,27567792.3261672,-1257407.20070091,306.8999563471771,0.5191456436277673,0.46111774979317954,0.7551710300151326,0.29546282014788533,0.8672016371732686,False
中证500ETF南方,8月,8.841,7.737,14266150.311393091,-6354980.226154621,7911170.085238471,20621130.53754771,12419.0,4126.0,16545.0,7831.0,576.0,8407.0,0.0035025,-0.37534999999999996,0.22459999999999997,0.0,-1919501.202377599,-1919501.202377599,1919501.202377599,8108579.05114329,-197408.96590481885,289.67684030879803,0.39104224549746025,0.46900154135982186,0.3850842943612466,-0.023683780081375616,0.8006615143162202,False
中证500ETF南方,8月,9.0,7.737,11611351.76350815,-489760.73890209,11121591.02460606,12101112.50241024,13865.0,359.0,14224.0,10161.0,64.0,10225.0,0.0038385,-0.3832,0.1839,0.0,-207221.13454649993,-207221.13454649993,207221.13454649993,8422097.134887269,2699493.8897187905,336.4671159224374,0.5130514046244996,0.4959758551307847,0.4555627434061237,0.184194220655701,0.7555648927262324,False
中证500ETF南方,8月,9.086,7.737,9021812.66484363,-1885991.9766309003,7135820.68821273,10907804.64147453,12263.0,1462.0,13725.0,4488.0,206.0,4694.0,0.0039425,-0.3903,0.1692,0.0,-782018.3833709788,-782018.3833709788,782018.3833709788,3036051.9387991796,4099768.74941355,200.34049347736823,0.5411039719940097,0.49093400801180676,0.2534409169397606,-0.017612689790001707,0.709709529631712,False
中证500ETF南方,8月,9.25,7.737,8163827.318460152,-839052.45585216,7324774.862607991,9002879.774312312,15445.0,724.0,16169.0,3790.0,50.0,3840.0,0.0039900000000000005,-0.4093,0.14095,0.0,-339437.9189019486,-339437.9189019486,339437.9189019486,1945350.3118113005,5379424.550796691,288.80148553214474,0.41756262330228106,0.491320441636352,0.15722381503427776,0.031797126952282484,0.6936535090935734,False
中证500ETF南方,8月,9.332,7.737,4231196.9390115,-1313177.45741145,2918019.48160005,5544374.396422951,9325.0,1189.0,10514.0,3944.0,18.0,3962.0,0.004109,-0.41245,0.13015,0.0,-506831.79862376465,-506831.79862376465,506831.79862376465,1769700.88083798,1148318.6007620702,956.1451250048718,0.36325192545961354,0.4856969696969698,0.21904391686978716,-0.06144417325026397,0.6126022456442151,False
中证500ETF南方,8月,9.578,7.737,2153380.44493179,-1260103.9463643602,893276.4985674301,3413484.39129615,7209.0,1282.0,8491.0,1802.0,20.0,1822.0,0.0046285,-0.4118,0.10705,0.0,-489704.3079033746,-489704.3079033746,489704.3079033746,518612.02652502013,374664.47204240994,784.3693622685792,0.3446653182630219,0.4649525398977783,0.1327829725756654,-0.007587441159206785,0.5116508347934675,False
中证500ETF南方,8月,9.823,7.737,2954433.62931444,-2211894.1390175996,742539.4902968402,5166327.76833204,13559.0,2566.0,16125.0,5457.0,78.0,5535.0,0.0047735,-0.4266,0.0902,0.0,-917015.4962569074,-917015.4962569074,917015.4962569074,1121815.0681873201,-379275.5778904795,822.0779523133263,0.30986218197157045,0.47144859813084106,0.21643040717462558,0.11492063492063492,0.6545162546871722,False
中证500ETF南方,8月,10.314,7.737,1489264.4735301603,-4180921.3390034707,-2691656.8654733105,5670185.812533631,13521.0,5739.0,19260.0,3674.0,22.0,3696.0,0.005566,-0.42750000000000005,0.07005,0.0,-1749243.8821670453,-1749243.8821670453,1749243.8821670453,388643.8508389801,-3080300.71631229,1426.2454650030968,0.33152834023078914,0.4619245283018869,0.13777944227470904,0.11694652308815477,0.6539321803072683,False
中证500ETF南方,9月,6.385,7.737,1585510.45827174,-59255945.64388395,-57670435.18561221,60841456.10215569,1911.0,80153.0,82064.0,29.0,4843.0,4872.0,0.0017355000000000003,0.40865,0.13105,549581.4457753922,0.0,549581.4457753922,549581.4457753922,-3556298.77384959,-54114136.411762625,320.2561593204549,0.32558118799500957,0.35815712301281066,0.03779862196176709,0.014905444489870804,0.8908655747114294,False
中证500ETF南方,9月,6.5,7.737,188755.43531418,-4297456.66836591,-4108701.23305173,4486212.10368009,202.0,4599.0,4801.0,229.0,3064.0,3293.0,1e-06,0.36939999999999995,0.1561,99373.55868533808,0.0,99373.55868533808,99373.55868533808,-2674346.8112335796,-1434354.42181815,288.5389004104155,0.7024152375755597,0.31033445103602453,0.8999475779280471,-0.05652388218351394,0.5323814908988309,False
中证500ETF南方,9月,6.631,7.737,970373.4939575999,-80356474.35336816,-79386100.85941057,81326847.84732576,920.0,77104.0,78024.0,22.0,1287.0,1309.0,0.0017065,0.36565000000000003,0.17515,264720.4747848388,0.0,264720.4747848388,264720.4747848388,-1318084.87604607,-78068015.9833645,250.4745569501198,0.4077413113405781,0.3054958407327788,0.020302392251684905,0.002277502908798857,0.8468772809201448,False
中证500ETF南方,9月,6.75,7.737,651002.1851088001,-3422411.4874291206,-2771409.3023203206,4073413.6725379205,560.0,2944.0,3504.0,64.0,2552.0,2616.0,1e-06,0.31820000000000004,0.1942,163516.03458039698,0.0,163516.03458039698,163516.03458039698,-2892309.7081262404,120900.40580592002,273.24741935926863,0.5276287725871194,0.2656184922948772,0.49056677018633543,0.29942037528244425,0.48746235381222425,False
中证500ETF南方,9月,6.876,7.737,1822847.42251125,-23596822.663809124,-21773975.241297875,25419670.086320374,1433.0,17072.0,18505.0,31.0,1395.0,1426.0,0.0016700000000000003,0.31225,0.2217,350887.5653042616,0.0,350887.5653042616,350887.5653042616,-1888727.6320542004,-19885247.609243676,330.82741530778907,0.3560072045356493,0.22800372916909456,0.05167284195470144,0.017009060501339792,0.7404112792929706,False
中证500ETF南方,9月,7.0,7.737,2258939.0317347003,-9336028.729818152,-7077089.698083452,11594967.761552852,1645.0,5987.0,7632.0,915.0,5073.0,5988.0,0.0016565,0.28085000000000004,0.24495,512798.9676686423,0.0,512798.9676686423,512798.9676686423,-6654260.330851952,-422829.3672315002,265.79582929926994,0.6014100493894099,0.17599313712551135,0.7017834487387313,0.7107138638980814,0.6788819577688736,False
中证500ETF南方,9月,7.122,7.737,846585.3853591201,-17044224.556269873,-16197639.170910753,17890809.941628993,968.0,9883.0,10851.0,66.0,1593.0,1659.0,0.0021955000000000004,0.3728,0.21710000000000002,91750.24118299158,0.0,91750.24118299158,91750.24118299158,-2689566.5134518305,-13508072.657458922,207.72854134639624,0.39787252368794335,0.13204042205379712,0.11468384645810528,0.05403878614317741,0.6897511149707358,False
中证500ETF南方,9月,7.25,7.737,4022824.99861602,-12552944.606022244,-8530119.607406225,16575769.604638264,1626.0,6672.0,8298.0,316.0,4710.0,5026.0,0.002487,0.2928,0.3638,219051.49020308245,0.0,219051.49020308245,219051.49020308245,-8079762.482998384,-450357.1244078409,349.2509818365367,0.5006546535743698,0.06135232538184304,0.4501385976089977,0.2550954142889505,0.7095818464409808,False
中证500ETF南方,9月,7.367,7.737,14426472.29004396,-28768958.162757542,-14342485.872713583,43195430.4528015,4852.0,14329.0,19181.0,1123.0,4575.0,5698.0,0.0025685,0.2338,0.41605,0.0,-723989.5114649637,-723989.5114649637,723989.5114649637,-5846406.31905921,-8496079.553654373,345.51196303337565,0.4337371339461067,0.02915766738660902,0.2753667609320182,0.047222381007091876,0.8248968998199502,True
中证500ETF南方,9月,7.5,7.737,14538829.3098102,-12165121.45181025,2373707.8579999506,26703950.76162045,4428.0,5775.0,10203.0,1794.0,5526.0,7320.0,0.0026499999999999996,0.16659999999999997,0.4502,0.0,-1987778.1697017332,-1987778.1697017332,1987778.1697017332,-5750206.427417761,8123914.28541771,265.08604360647513,0.6603375987895462,0.11161651504548642,0.6810160841868159,0.21642937067864748,0.7696464693755763,True
中证500ETF南方,9月,7.613,7.737,13495280.325643621,-19045476.220751826,-5550195.895108204,32540756.546395447,3942.0,8806.0,12748.0,1013.0,1426.0,2439.0,0.002698,0.11099999999999999,0.4666,0.0,-2454300.2933395393,-2454300.2933395393,2454300.2933395393,383835.2031332096,-5934031.098241415,358.2668173502768,0.3971687858246613,0.16903914590747338,0.20945559926220686,0.07039794421380921,0.7526544541584166,True
中证500ETF南方,9月,7.75,7.737,16205367.84644034,-9399166.100597523,6806201.745842816,25604533.94703786,4678.0,4316.0,8994.0,3620.0,4998.0,8618.0,0.0027599999999999994,0.04510000000000003,0.47125,0.0,-3637055.1663883943,-3637055.1663883943,3637055.1663883943,3141114.276511075,3665087.469331741,220.78030860323045,0.7281427475594849,0.23896072212734804,0.965925827161707,0.5941165372158108,0.7620862613701603,True
中证500ETF南方,9月,7.859,7.737,11572910.716611424,-16191783.551359175,-4618872.83474775,27764694.2679706,3426.0,7499.0,10925.0,986.0,926.0,1912.0,0.002819,-0.004849999999999993,0.4625,0.0,-3977369.857382694,-3977369.857382694,3977369.857382694,1331262.115178041,-5950134.949925792,328.1009076175081,0.41977573666689716,0.28640776699029136,0.2056411569022591,0.05697837152283387,0.7215230093527307,True
中证500ETF南方,9月,8.0,7.737,24759409.174202338,-5220594.3124773,19538814.86172504,29980003.486679636,7678.0,2465.0,10143.0,8937.0,1031.0,9968.0,0.0028669999999999998,-0.06599999999999998,0.44625,0.0,-1847229.8159840235,-1847229.8159840235,1847229.8159840235,22575866.48204652,-3037051.62032148,192.61397408745825,0.662893269682028,0.33083511777301927,0.791115285790597,0.4004484975106192,0.7860418355885483,True
中证500ETF南方,9月,8.104,7.737,21970519.213310644,-17750901.22021881,4219617.993091833,39721420.43352945,7242.0,8663.0,15905.0,1083.0,753.0,1836.0,0.0029305,-0.10659999999999997,0.42455,0.0,-5875744.544964008,-5875744.544964008,5875744.544964008,1742633.4560512505,2476984.537040582,324.0917235419288,0.3880197640846434,0.3665719248381494,0.11823285729546594,0.06193931933394103,0.7604854447170213,True
中证500ETF南方,9月,8.25,7.737,15755334.57095679,-2483550.1100565004,13271784.46090029,18238884.68101329,5713.0,1275.0,6988.0,5173.0,385.0,5558.0,0.0029944999999999998,-0.15965000000000001,0.39305,0.0,-1047486.5639485683,-1047486.5639485683,1047486.5639485683,13516185.64169349,-244401.18079319946,141.84147674635378,0.6724591664530788,0.40280222011642075,0.6037197585142932,0.6171875188909611,0.7117487801371484,False
中证500ETF南方,9月,8.35,7.737,25690318.593885005,-20522092.029272284,5168226.56461272,46212410.62315729,10098.0,11084.0,21182.0,2454.0,904.0,3358.0,0.003065,-0.19085000000000002,0.36715,0.0,-7894535.000879858,-7894535.000879858,7894535.000879858,4569459.235573322,598767.3290394023,307.8647431771018,0.4186236901500574,0.4303658536585365,0.1622887117293469,0.09401571697014441,0.8131607495498063,False
中证500ETF南方,9月,8.5,7.737,13356886.091809144,-822341.01330243,12534545.078506714,14179227.105111575,6042.0,499.0,6541.0,2891.0,225.0,3116.0,0.0032860000000000003,-0.22494999999999998,0.32230000000000003,0.0,-489970.37921738205,-489970.37921738205,489970.37921738205,6020260.513574222,6514284.564932493,268.2924893027539,0.5379098250885745,0.48824742268041227,0.4646928746602772,0.2792165384250024,0.6612280691578096,False
中证500ETF南方,9月,8.595,7.737,15340824.110381221,-8821501.030854002,6519323.07952722,24162325.141235225,7634.0,5458.0,13092.0,1351.0,134.0,1485.0,0.0032760000000000003,-0.2514,0.30285,0.0,-3820523.1407929747,-3820523.1407929747,3820523.1407929747,2498310.07849683,4021013.001030389,289.09178675404814,0.409031082830272,0.4829556459422816,0.10076128058377629,0.012396830994401416,0.7167720490616126,False
中证500ETF南方,9月,8.75,7.737,11315635.792813081,-358058.38515012007,10957577.407662962,11673694.177963201,6642.0,229.0,6871.0,3140.0,89.0,3229.0,0.003215,-0.2936,0.27290000000000003,0.0,-202850.8309221814,-202850.8309221814,202850.8309221814,5210299.38863268,5747278.01903028,192.8714102200994,0.5579819638530747,0.46778761061946883,0.43069773007288537,0.397337163795897,0.6499452337478332,False
中证500ETF南方,9月,8.841,7.737,15733598.3818812,-4478818.052085211,11254780.32979599,20212416.43396641,10235.0,3169.0,13404.0,2026.0,22.0,2048.0,0.0034844999999999998,-0.29695,0.24645,0.0,-1999583.0024953887,-1999583.0024953887,1999583.0024953887,3083344.6567559396,8171435.67304005,262.25908664420984,0.43117082468052514,0.4851851851851852,0.10244523498973244,-0.008698981993705425,0.7232054540309439,False
中证500ETF南方,9月,9.0,7.737,7485986.976841891,-139079.04560784,7346907.9312340515,7625066.022449731,5841.0,104.0,5945.0,2531.0,40.0,2571.0,0.003475,-0.32839999999999997,0.21875,0.0,-85394.13518273635,-85394.13518273635,85394.13518273635,3190307.5865835906,4156600.3446504604,254.16006797441736,0.5602582651389891,0.4938051162451715,0.4089657987963073,0.4795854271356784,0.5866537799210112,False
中证500ETF南方,9月,9.086,7.737,11554789.543531742,-2690136.3917807103,8864653.151751032,14244925.935312452,10043.0,2141.0,12184.0,5333.0,57.0,5390.0,0.0036420000000000003,-0.33325,0.20105,0.0,-1229569.1504090186,-1229569.1504090186,1229569.1504090186,6064165.68797727,2800487.463773761,321.62598929170383,0.4542271489321731,0.47319125831410336,0.2788198509138402,0.08816895993104346,0.7335823364439128,False
中证500ETF南方,9月,9.25,7.737,3937289.37423192,-150425.13158010002,3786864.24265182,4087714.50581202,4116.0,130.0,4246.0,1567.0,30.0,1597.0,0.0038069999999999996,-0.34835,0.17654999999999998,0.0,-79982.5294251108,-79982.5294251108,79982.5294251108,1464249.6882284402,2322614.5544233806,163.4316693377654,0.5010742055330022,0.4636307881018092,0.3057393286985124,0.255116142311085,0.48380458826702616,False
中证500ETF南方,9月,9.332,7.737,7497762.26739588,-1916432.5782907798,5581329.6891051,9414194.84568666,8662.0,1702.0,10364.0,2966.0,40.0,3006.0,0.0037475,-0.3634,0.16635,0.0,-897957.2157099125,-897957.2157099125,897957.2157099125,2522307.8225372396,3059021.86656786,151.7622857855066,0.46995537140333427,0.4741793791179438,0.18295845462480337,0.04182751058487601,0.6566282840243713,False
中证500ETF南方,9月,9.578,7.737,11344786.9848927,-1662314.7325455002,9682472.2523472,13007101.7174382,17387.0,1683.0,19070.0,1628.0,91.0,1719.0,0.0042450000000000005,-0.3648,0.137,0.0,-756273.9307801885,-756273.9307801885,756273.9307801885,972366.8708853001,8710105.3814619,176.59346137394868,0.4382658883216929,0.4409528636594019,0.07385164355212973,0.00567743695732555,0.7041999832062129,False
中证500ETF南方,9月,9.823,7.737,11140614.904114261,-636408.0321066,10504206.87200766,11777022.936220862,21818.0,705.0,22523.0,1736.0,38.0,1774.0,0.004372,-0.38265,0.11804999999999999,0.0,-299195.4627280337,-299195.4627280337,299195.4627280337,852126.13516176,9652080.736845901,238.8656343044224,0.40226776701265,0.4485364628521849,0.06673401947380295,0.0338915114789963,0.7090095974559623,False
中证500ETF南方,9月,10.314,7.737,6237304.541522731,-166123.12453866002,6071181.416984071,6403427.666061391,19549.0,218.0,19767.0,10710.0,62.0,10772.0,0.004965499999999999,-0.39275,0.09029999999999999,0.0,-91984.67930861874,-91984.67930861874,91984.67930861874,3369886.90330176,2701294.513682311,107.71900048303074,0.6142763555954625,0.4402641733452063,0.4161288899547174,0.3914535971942067,0.7107686534296822,False
中证500ETF嘉实,12月,2.8,3.13,720689.7465759999,-1147227.374714,-426537.62813800003,1867917.1212899997,1688.0,2549.0,4237.0,564.0,1641.0,2205.0,0.0016555,0.2566,0.4476,0.0,-369380.6162404138,-369380.6162404138,369380.6162404138,-497765.00989799993,71227.3817599999,396.2914811401878,0.4785478346866517,0.33603431839847464,0.4889525489970047,0.3722539735550027,0.41490765557765724,False
中证500ETF嘉实,12月,2.85,3.13,106696.862272,-1395747.2963939998,-1289050.434122,1502444.1586659998,238.0,2957.0,3195.0,202.0,981.0,1183.0,0.0016730000000000002,0.23045,0.4697,0.0,-396952.61558392853,-396952.61558392853,396952.61558392853,-372488.52271399996,-916561.9114079999,382.1939475225115,0.5303437725924495,0.37164906580016255,0.5902473265261465,2.522615198886888,0.353056994052983,False
中证500ETF嘉实,12月,2.9,3.13,1471088.5924019997,-1766128.603887,-295040.01148500014,3237217.1962889996,3146.0,3579.0,6725.0,213.0,555.0,768.0,0.0016785,0.2041,0.49050000000000005,0.0,-462837.7036325775,-462837.7036325775,462837.7036325775,-174275.68253400002,-120764.32895100024,374.8953353493808,0.34463898596103504,0.3881811748053788,0.11138813560134905,0.07210149972377056,0.45749758347623937,False
中证500ETF嘉实,12月,2.95,3.13,3126784.0902639995,-1634070.2126779999,1492713.8775859997,4760854.302941999,3361.0,3266.0,6627.0,550.0,2052.0,2602.0,0.002322,0.26545,0.7301500000000001,0.0,-802119.5360457029,-802119.5360457029,802119.5360457029,-514999.9123160001,2007713.7899019998,365.17652580420116,0.46624543162474885,0.4456716417910448,0.3959666306702745,0.15526526270015065,0.54969153155333,False
中证500ETF嘉实,12月,3.0,3.13,4302840.214794,-1577492.91924,2725347.295554,5880333.134033999,3894.0,3045.0,6939.0,472.0,348.0,820.0,0.0023655,0.2158,0.8283499999999999,0.0,-513520.2044000447,-513520.2044000447,513520.2044000447,341271.484616,2384075.8109379997,357.12285134255416,0.3614012860255238,0.44500800854244527,0.11774891774891774,0.0654609372068213,0.5228656491509953,True
中证500ETF嘉实,12月,3.1,3.13,2471834.187851,-656410.3262959998,1815423.8615550003,3128244.514147,2129.0,1244.0,3373.0,203.0,223.0,426.0,0.0025534999999999998,0.11235,0.86185,0.0,-300137.76874695724,-300137.76874695724,300137.76874695724,118020.80507500005,1697403.0564800003,331.02929859342805,0.39009863706628933,0.48711018711018705,0.1373051898525794,0.06266738413112231,0.38181855721757885,True
中证500ETF嘉实,12月,3.2,3.13,2092298.8529359999,-887523.8998079998,1204774.953128,2979822.7527439995,1894.0,1632.0,3526.0,83.0,48.0,131.0,0.0026284999999999998,0.025749999999999967,0.84135,0.0,-320714.93246813945,-320714.93246813945,320714.93246813945,65586.32674,1139188.626388,376.0438770310129,0.313811770851741,0.4824137931034483,0.03661718119137834,0.024396726058949676,0.36110197419529655,True
中证500ETF嘉实,12月,3.3,3.13,1510544.333555,-600153.391488,910390.9420669999,2110697.7250429997,1489.0,1204.0,2693.0,363.0,215.0,578.0,0.0028525,-0.04600000000000001,0.7721500000000001,0.0,-239017.97018702087,-239017.97018702087,239017.97018702087,261081.996705,649308.9453619998,400.5294904336904,0.37497103596761977,0.44013896312132555,0.2111796028014967,0.16064547857164307,0.34038510805407096,False
中证500ETF嘉实,12月,3.4,3.13,1354797.6259599999,-477173.29766399995,877624.3282959999,1831970.9236239998,1523.0,1008.0,2531.0,470.0,233.0,703.0,0.003,-0.10654999999999998,0.6956,0.0,-195391.50567024536,-195391.50567024536,195391.50567024536,307793.5179359999,569830.81036,328.4892816561298,0.44515902230873494,0.41866666666666663,0.26987611908409675,0.2200054939952953,0.3313114566635358,False
中证500ETF嘉实,12月,3.5,3.13,1601132.4470639997,-360350.55549000006,1240781.8915739995,1961483.002554,2091.0,810.0,2901.0,636.0,227.0,863.0,0.0031515000000000002,-0.15634999999999996,0.61785,0.0,-151787.8540500954,-151787.8540500954,151787.8540500954,386014.4167609998,854767.4748129998,357.19406585433114,0.3493080859475447,0.40269151138716364,0.2922038011229785,0.24801196248975488,0.34733040243079016,False
中证500ETF嘉实,12月,3.6,3.13,1082294.3052659999,-510873.75194299995,571420.553323,1593168.0572089998,1662.0,1229.0,2891.0,443.0,219.0,662.0,0.003304,-0.19715000000000002,0.5445,0.0,-197473.98407469047,-197473.98407469047,197473.98407469047,197447.11447599996,373973.43884699995,418.05626803359024,0.40029089101373305,0.3912655971479502,0.22236999154997703,0.1944269855636006,0.3271761350618228,False
中证500ETF嘉实,12月,3.7,3.13,749704.4415539998,-402837.16359599994,346867.27795799985,1152541.6051499997,1367.0,1036.0,2403.0,341.0,210.0,551.0,0.0034625000000000003,-0.2291,0.47834999999999994,0.0,-160857.0722441194,-160857.0722441194,160857.0722441194,105358.60573199995,241508.67222599988,403.395674489297,0.40892030176554794,0.38539007092198585,0.2260770280155796,0.2575210253822746,0.2799591493891605,False
中证500ETF嘉实,12月,3.8,3.13,805109.2420000001,-295292.77150499995,509816.47049500013,1100402.0135050002,1750.0,807.0,2557.0,1138.0,0.0,1138.0,0.0035915,-0.25734999999999997,0.42155,0.0,-79307.20148991428,-79307.20148991428,79307.20148991428,523551.038512,-13734.568016999867,219.84868713840706,0.5541781931464173,0.3,0.3251428571428571,0.07527942143326759,0.30525226035949476,False
中证500ETF嘉实,12月,3.9,3.13,843342.232064,-274078.0744,569264.157664,1117420.306464,2176.0,800.0,2976.0,1363.0,0.0,1363.0,0.003757,-0.2776,0.37265000000000004,0.0,-75194.27147909215,-75194.27147909215,75194.27147909215,528251.591132,41012.566532000026,424.52085261449764,0.4539036291394032,0.3,0.3131893382352941,0.3767123287671233,0.3211538740407965,False
中证500ETF嘉实,12月,4.0,3.13,585703.3558639999,-218909.77112,366793.58474399993,804613.126984,1804.0,680.0,2484.0,418.0,0.0,418.0,0.0039054999999999997,-0.2955,0.32999999999999996,0.0,-61001.54520340259,-61001.54520340259,61001.54520340259,135711.753188,231081.831556,394.9909904290976,0.2952253616043717,0.3,0.11585365853658537,0.05782312925170068,0.25570930065063496,False
中证500ETF嘉实,12月,4.1,3.13,739725.1232759999,-25598.320009999996,714126.8032659999,765323.4432859999,2718.0,85.0,2803.0,2641.0,1.0,2642.0,0.004091,-0.308,0.29259999999999997,0.0,-9315.93422898362,-9315.93422898362,9315.93422898362,718467.809656,-4341.006390000031,289.7413948062758,0.48027850988457155,0.38111111111111107,0.4917175258624421,0.19195519348268839,0.3250776367385085,False
中证500ETF嘉实,3月,2.85,3.13,18035.309147999997,-48914.158257999996,-30878.84911,66949.467406,46.0,133.0,179.0,46.0,133.0,179.0,0.0017575,0.22119999999999998,0.38780000000000003,0.0,-25833.993739464426,-25833.993739464426,25833.993739464426,-30878.84911,0.0,292.6416294552063,0.6840685146176532,0.3776280323450135,1.0,89.5,0.05841555521765425,False
中证500ETF嘉实,3月,2.9,3.13,4881.207456,-9615.65735,-4734.449893999999,14496.864806,12.0,25.0,37.0,22.0,25.0,47.0,0.001734,0.20029999999999998,0.40390000000000004,0.0,-6589.164354624467,-6589.164354624467,6589.164354624467,-4734.449893999999,0.0,259.02220242300245,0.7927822380615981,0.4037886340977068,1.4166666666666665,18.5,0.01934763733098662,False
中证500ETF嘉实,3月,2.95,3.13,70575.30009599999,-2733.531038,67841.76905799999,73308.831134,168.0,7.0,175.0,230.0,7.0,237.0,0.0017605000000000003,0.17785,0.4137,0.0,-1587.743135698416,-1587.743135698416,1587.743135698416,67841.76905799999,0.0,329.5368970842626,0.73637048233259,0.3902169101372289,1.1845238095238095,87.5,0.06261299725871809,False
中证500ETF嘉实,3月,3.0,3.13,188747.0754,-49475.128752,139271.946648,238222.204152,195.0,126.0,321.0,255.0,127.0,382.0,0.0021655,0.272,0.6944,0.0,-28272.045658039504,-28272.045658039504,28272.045658039504,139271.946648,0.0,323.12185321692334,0.7415025174264613,0.3729846637829335,1.1578144078144077,160.5,0.12767760431103142,True
中证500ETF嘉实,3月,3.1,3.13,481034.94173699996,-31932.407735999997,449102.53400099993,512967.349473,427.0,81.0,508.0,508.0,84.0,592.0,0.0024695,0.14204999999999998,0.7761499999999999,0.0,-17601.084467124456,-17601.084467124456,17601.084467124456,449102.53400099993,0.0,334.41263906038625,0.732469888751691,0.35408684546615593,1.1133662936941624,254.0,0.18927569611697537,True
中证500ETF嘉实,3月,3.2,3.13,149591.21735599998,-42138.622218,107452.59513799998,191729.83957399998,161.0,114.0,275.0,181.0,114.0,295.0,0.0028380000000000002,0.06305,0.66285,0.0,-20045.091022105767,-20045.091022105767,20045.091022105767,107452.59513799998,0.0,343.8250299210537,0.7249399760631571,0.2978402812656956,1.062111801242236,137.5,0.1051007813668513,True
中证500ETF嘉实,3月,3.3,3.13,97178.88001499999,-18916.442333999996,78262.437681,116095.32234899998,105.0,51.0,156.0,169.0,51.0,220.0,0.0028634999999999997,-0.00045000000000000595,0.66165,0.0,-9635.194779092255,-9635.194779092255,9635.194779092255,78262.437681,0.0,359.80474640525836,0.7121562028757933,0.31310043668122267,1.3047619047619048,78.0,0.07239990467868554,False
中证500ETF嘉实,3月,3.4,3.13,369422.58285899996,-17727.49055,351695.09230899997,387150.07340899995,451.0,50.0,501.0,473.0,50.0,523.0,0.0030415,-0.0509,0.599,0.0,-8814.980779041902,-8814.980779041902,8814.980779041902,351695.09230899997,0.0,381.79407929819934,0.7128410466523891,0.3011142061281338,1.024390243902439,250.5,0.1671355254473521,False
中证500ETF嘉实,3月,3.5,3.13,197004.49053399995,0.0,197004.49053399995,197004.49053399995,274.0,0.0,274.0,278.0,0.0,278.0,0.003201,-0.09234999999999999,0.5406,0.0,0.0,0.0,0.0,197004.49053399995,0.0,314.8071819918697,0.5881542544065044,0.3,1.0145985401459854,137.0,0.10555290505585523,False
中证500ETF嘉实,8月,2.8,3.13,207739.34574,-2050277.9894559998,-1842538.6437159998,2258017.3351959996,354.0,3376.0,3730.0,109.0,2618.0,2727.0,0.0016584999999999998,0.34315,0.60945,65363.46789398831,0.0,65363.46789398831,65363.46789398831,-1525972.1977679997,-316566.445948,209.69981759358632,0.6489168535589436,0.2881018092609629,0.5416917690845315,0.28911714865127647,0.4292107037466856,False
中证500ETF嘉实,8月,2.85,3.13,336127.72024,-1234560.6641359997,-898432.9438959998,1570688.3843759997,520.0,1682.0,2202.0,185.0,1945.0,2130.0,0.0016355000000000002,0.30825,0.7045,98258.47859451646,0.0,98258.47859451646,98258.47859451646,-1114976.7636659998,216543.81976999997,142.08275622440846,0.7574876411743194,0.26856946354883093,0.7560653526022135,0.3651424577217197,0.35860508953947323,False
中证500ETF嘉实,8月,2.9,3.13,898386.9964349999,-2487910.5088749994,-1589523.5124399995,3386297.505309999,1335.0,2875.0,4210.0,634.0,4609.0,5243.0,0.0024374999999999996,0.37505,0.7850999999999999,193923.9025907818,0.0,193923.9025907818,193923.9025907818,-2061260.8042009994,471737.29176099994,301.3864114901939,0.6538721442160846,0.1876523151909017,1.0390184009119037,0.22879626999075214,0.5073657881554912,False
中证500ETF嘉实,8月,2.95,3.13,2771852.396102,-3655193.215548,-883340.8194459998,6427045.611649999,2402.0,3686.0,6088.0,1793.0,10810.0,12603.0,0.0026184999999999997,0.30295,1.09505,395125.8280963937,0.0,395125.8280963937,395125.8280963937,-1586112.7217049997,702771.902259,312.2931979490294,0.6994576980937324,0.10681709073451756,1.8395898380938656,0.3395330657212105,0.6276344355775274,False
中证500ETF嘉实,8月,3.0,3.13,6102766.360239,-5534720.251151999,568046.1090870006,11637486.611391,4281.0,5028.0,9309.0,5400.0,14113.0,19513.0,0.0026825,0.23315,1.28935,0.0,0.0,0.0,0.0,568046.1090870006,0.0,165.30859948859666,0.7731585258145282,0.0,2.0341344950408056,0.33580453237109964,0.7300652672028249,True
中证500ETF嘉实,8月,3.1,3.13,9616142.982332999,-5787530.921125001,3828612.0612079976,15403673.903458,5711.0,4625.0,10336.0,10866.0,14367.0,25233.0,0.0027485,0.08325000000000002,1.498,0.0,0.0,0.0,0.0,3828612.0612079976,0.0,174.74696187152773,0.7005660668664142,0.0,2.504511199345029,0.5003028591155886,0.7684773400574773,True
中证500ETF嘉实,8月,3.2,3.13,12749696.240651999,-4803233.928900001,7946462.311751998,17552930.169552,7812.0,3938.0,11750.0,12548.0,9804.0,22352.0,0.0028515,-0.06434999999999999,1.45545,0.0,-1365604.4337694305,-1365604.4337694305,1365604.4337694305,7946462.311751998,0.0,74.10291445998591,0.8498085775229204,0.14430379746835442,2.0479177117310114,0.3607894219601537,0.7859860818727503,True
中证500ETF嘉实,8月,3.3,3.13,15328512.870409999,-3362555.1100359997,11965957.760373998,18691067.980446,11342.0,3148.0,14490.0,10591.0,2128.0,12719.0,0.0030029999999999996,-0.18719999999999998,1.2349,0.0,-1330792.2911694425,-1330792.2911694425,1330792.2911694425,12040513.638908999,-74555.87853500014,194.76866769133886,0.7461392019731934,0.30078294910830794,0.8048853403156612,0.19935755270388622,0.7989387873366559,False
中证500ETF嘉实,8月,3.4,3.13,14652640.904295,-1099046.220514,13553594.683781,15751687.124808999,14613.0,1217.0,15830.0,4215.0,437.0,4652.0,0.0031235,-0.28145,0.97265,0.0,-465845.5465884333,-465845.5465884333,465845.5465884333,3831788.901971,9721805.78181,335.34654179128165,0.46122706708483846,0.3808828302499188,0.3237607512946594,0.12705185825669604,0.7486669448137651,False
中证500ETF嘉实,8月,3.5,3.13,6712172.042055999,-911409.5257599999,5800762.516295999,7623581.567815999,9796.0,1264.0,11060.0,2853.0,161.0,3014.0,0.003416,-0.3374,0.7177,0.0,-404457.1802293186,-404457.1802293186,404457.1802293186,1838772.5194179995,3961989.996877999,183.2723653104398,0.537105055893747,0.4568238213399505,0.20930737035524705,0.07433069972333371,0.6420566526529695,False
中证500ETF嘉实,8月,3.6,3.13,1984251.7819059999,-470510.13206699997,1513741.6498389998,2454761.913973,4366.0,789.0,5155.0,2496.0,51.0,2547.0,0.003608,-0.3789,0.5363,0.0,-218255.7417658137,-218255.7417658137,218255.7417658137,1103964.362283,409777.2875559999,294.8440368483007,0.40250170516690276,0.4825593185966334,0.3181645588360804,0.1354320572842495,0.454953169364652,False
中证500ETF嘉实,8月,3.7,3.13,1752287.24966,-358973.1113499999,1393314.13831,2111260.36101,5972.0,722.0,6694.0,2149.0,43.0,2192.0,0.0038335,-0.40515,0.40349999999999997,0.0,-176752.00039693285,-176752.00039693285,176752.00039693285,609174.18107,784139.95724,643.6335749637184,0.3365937073499942,0.49948962232051725,0.20970136722989835,0.0501764133240581,0.45942641414114216,False
中证500ETF嘉实,8月,3.8,3.13,588488.2226579998,-168606.21650399998,419882.0061539998,757094.4391619998,3043.0,396.0,3439.0,964.0,12.0,976.0,0.004141499999999999,-0.4185,0.316,0.0,-80914.04403099623,-80914.04403099623,80914.04403099623,181319.45769599997,238562.5484579999,788.113160724626,0.3285389948599446,0.48573092603378,0.17354783457313855,0.10355759654752685,0.297728947586121,False
中证500ETF嘉实,8月,3.9,3.13,347042.74043699994,-213076.109046,133966.63139099994,560118.8494829999,2727.0,582.0,3309.0,452.0,1.0,453.0,0.004350000000000001,-0.43195,0.25179999999999997,0.0,-101084.05184129399,-101084.05184129399,101084.05184129399,57156.19225899999,76810.43913199991,1121.0466302586565,0.3454282498941533,0.48287977513734515,0.0837340606912925,0.03767160881998184,0.24943555750194074,False
中证500ETF嘉实,8月,4.0,3.13,271965.079008,-198888.43440399997,73076.644604,470853.5134119999,2916.0,638.0,3554.0,477.0,1.0,478.0,0.004519,-0.44425,0.2067,0.0,-96410.6429262316,-96410.6429262316,96410.6429262316,44176.377418,28900.267185999983,1174.1315927676499,0.30079496186312804,0.48494697228874445,0.08257382251635126,0.05791141005945307,0.24807934180508076,False
中证500ETF嘉实,8月,4.1,3.13,333567.39839399996,-276930.9316799999,56636.46671400004,610498.3300739999,4558.0,1040.0,5598.0,1700.0,1.0,1701.0,0.0047045,-0.45344999999999996,0.17325,0.0,-136571.587764103,-136571.587764103,136571.587764103,124144.55335799998,-67508.08664399997,1363.0285221614197,0.3350044054961689,0.4868366927190456,0.18696606980119485,0.10643959552953698,0.34010167837052757,False
中证500ETF嘉实,9月,2.8,3.13,948839.9537759997,-7013851.510639999,-6065011.556863999,7962691.464415999,1768.0,11972.0,13740.0,336.0,1747.0,2083.0,0.0016595,0.30355,0.5729,226050.52285732632,0.0,226050.52285732632,226050.52285732632,-843165.4959880001,-5221846.060876,267.194862608187,0.420104590804257,0.2267546490701859,0.1679845355603497,0.06331043676185359,0.6461822204618209,False
中证500ETF嘉实,9月,2.85,3.13,299138.740538,-3148500.4866179996,-2849361.7460799995,3447639.2271559997,517.0,4806.0,5323.0,121.0,330.0,451.0,0.0016595,0.27025,0.62965,63841.14189127791,0.0,63841.14189127791,63841.14189127791,-146177.97739599997,-2703183.768684,252.0309072415679,0.4255832854692633,0.19789227166276352,0.15135336148962733,0.13889498987236742,0.4296880768116884,False
中证500ETF嘉实,9月,2.9,3.13,937792.8713669999,-2461156.0566959996,-1523363.1853289995,3398948.9280629996,1243.0,3417.0,4660.0,220.0,945.0,1165.0,0.0023855,0.33675,0.75265,121184.32511820439,0.0,121184.32511820439,121184.32511820439,-514672.30397999985,-1008690.8813489998,259.08079806009096,0.48344526854999265,0.12822984959506345,0.22677476749516343,0.11061885260145743,0.45293505265252754,False
中证500ETF嘉实,9月,2.95,3.13,2418443.9239519997,-2000014.7980679995,418429.1258840002,4418458.722019999,2254.0,2556.0,4810.0,806.0,2662.0,3468.0,0.0025700000000000002,0.26494999999999996,0.94695,211537.6228030246,-108739.95239769814,102797.67040532645,320277.5752007227,-1135211.8687399998,1553640.9946239998,262.9190589860159,0.6611820553843906,0.11268179618450869,0.6995287806896591,0.3312338465616647,0.5324434559680299,False
中证500ETF嘉实,9月,3.0,3.13,2382836.30715,-1734080.6907,648755.6164499999,4116916.99785,1950.0,2130.0,4080.0,1421.0,954.0,2375.0,0.0026815,0.2035,1.03915,0.0,-313976.0060914064,-313976.0060914064,313976.0060914064,959742.8258169999,-310987.2093669998,123.08543459332708,0.6590749290798827,0.15071770334928236,0.5883026363308054,0.27191825279713094,0.49711236977046513,True
中证500ETF嘉实,9月,3.1,3.13,4535942.265099,-2895536.49516,1640405.7699390003,7431478.760259001,3297.0,3306.0,6603.0,1749.0,1765.0,3514.0,0.002745,0.08620000000000003,1.1491500000000001,0.0,-876719.3770889891,-876719.3770889891,876719.3770889891,860374.2406830003,780031.529256,231.14569568834705,0.6279554543573304,0.23677069199457257,0.53218002727002,0.23044983539054686,0.6058528315968474,True
中证500ETF嘉实,9月,3.2,3.13,4954543.718454001,-2310022.611342,2644521.1071120007,7264566.329796,3762.0,2658.0,6420.0,1845.0,1514.0,3359.0,0.0028634999999999997,-0.026499999999999996,1.1157,0.0,-1008454.8986299314,-1008454.8986299314,1008454.8986299314,1114068.2971290003,1530452.8099830002,242.1741799086135,0.5849336879242331,0.3289215686274509,0.5300159129611428,0.28855259614845075,0.5973224785530495,True
中证500ETF嘉实,9月,3.3,3.13,5678767.794674,-2461140.6755629997,3217627.119111,8139908.470237,4849.0,3061.0,7910.0,2098.0,1041.0,3139.0,0.0030025,-0.1238,1.00805,0.0,-1179288.8175877212,-1179288.8175877212,1179288.8175877212,1620015.8738450003,1597611.2452659996,208.40792457333788,0.5878239540900315,0.41025173294418094,0.38637573437175454,0.2553665674083495,0.621980933527401,False
中证500ETF嘉实,9月,3.4,3.13,2833498.6056,-1153424.30584,1680074.2997599998,3986922.91144,2925.0,1604.0,4529.0,772.0,734.0,1506.0,0.0031694999999999996,-0.20129999999999998,0.8613999999999999,0.0,-690339.226487257,-690339.226487257,690339.226487257,220036.02274400007,1460038.277016,232.64828635054528,0.5581888927133699,0.46600566572237956,0.3607688044845152,0.20011303040695225,0.47728456271174363,False
中证500ETF嘉实,9月,3.5,3.13,3144874.262052,-1073298.9876239998,2071575.2744280002,4218173.249676,4106.0,1698.0,5804.0,1545.0,390.0,1935.0,0.0033634999999999997,-0.2593,0.7135,0.0,-600453.4531245932,-600453.4531245932,600453.4531245932,936831.5015700001,1134743.7728580001,112.08787020586743,0.5497036411085513,0.4961266803372066,0.3029802977285675,0.22975612623077774,0.5144422805410417,False
中证500ETF嘉实,9月,3.6,3.13,3597686.1962999995,-828866.528562,2768819.6677379995,4426552.724862,6090.0,1489.0,7579.0,1264.0,187.0,1451.0,0.0035595,-0.30255,0.5856,0.0,-421014.4403371301,-421014.4403371301,421014.4403371301,642616.487034,2126203.1807039995,215.6332519092012,0.41412160025009626,0.4748106060606061,0.1665705044436431,0.12132044152216806,0.5275545684141734,False
中证500ETF嘉实,9月,3.7,3.13,1710165.8699859998,-594804.5779949999,1115361.2919909998,2304970.447981,3794.0,1215.0,5009.0,846.0,125.0,971.0,0.0037974999999999997,-0.33215,0.4799,0.0,-290802.8162365492,-290802.8162365492,290802.8162365492,320145.15554899996,795216.1364419997,264.2230324098605,0.45379443744095693,0.45761759511960187,0.16293215842211334,0.09835669625767877,0.406567258081423,False
中证500ETF嘉实,9月,3.8,3.13,1623177.82332,-551606.323073,1071571.500247,2174784.146393,4761.0,1241.0,6002.0,774.0,20.0,794.0,0.0036665,-0.3762,0.40085,0.0,-270525.58141127904,-270525.58141127904,270525.58141127904,254991.75381999998,816579.746427,107.27605572620911,0.5499165402038502,0.4846975602714018,0.08934346196204354,0.041696197135874635,0.4103865464364095,False
中证500ETF嘉实,9月,3.9,3.13,3569248.1468559997,-512950.204898,3056297.941958,4082198.3517539995,13414.0,1307.0,14721.0,1941.0,15.0,1956.0,0.0042575,-0.37035,0.3361,0.0,-234374.9946348773,-234374.9946348773,234374.9946348773,510581.70635399997,2545716.2356039993,171.43983184445622,0.46075004753754584,0.44611513440530265,0.07808811586611027,0.023720011475429435,0.5831990141107862,False
中证500ETF嘉实,9月,4.0,3.13,1835950.81628,-234939.55686899996,1601011.259411,2070890.3731489999,8636.0,659.0,9295.0,1051.0,0.0,1051.0,0.0044885,-0.3825,0.29045,0.0,-72074.95300699762,-72074.95300699762,72074.95300699762,223434.95922999998,1377576.300181,722.1032987540478,0.37999066653945124,0.3,0.06084993052339046,0.04423997983362743,0.44749140734007264,False
中证500ETF嘉实,9月,4.1,3.13,1928683.569168,-71836.74893999999,1856846.820228,2000520.318108,10992.0,220.0,11212.0,8337.0,5.0,8342.0,0.004830999999999999,-0.3864,0.2562,0.0,-33306.5555505741,-33306.5555505741,33306.5555505741,1461198.034038,395648.78618999996,221.47944442160002,0.5190540387461657,0.44079984239558695,0.39059398570861453,0.5508604206500956,0.5452563766327159,False
创业板ETF易方达,12月,3.1,3.597,692496.77200704,-1653426.1980007202,-960929.4259936803,2345922.9700077605,1456.0,4264.0,5720.0,119.0,8371.0,8490.0,0.0034515000000000006,0.3159,0.33365,101911.12282135095,-953960.1930054562,-852049.0701841053,1055871.3158268072,-1596827.9041347601,635898.47814108,250.63780485248438,0.5253597194879759,0.6437222222222223,1.0224554409005628,0.5045580258587393,0.5089836817146457,False
创业板ETF易方达,12月,3.2,3.597,1472431.8295724401,-4346218.597644,-2873786.76807156,5818650.42721644,2603.0,10416.0,13019.0,1099.0,3901.0,5000.0,0.003522,0.27005,0.37985,162766.22370123334,-1982598.3212979601,-1819832.0975967268,2145364.5449991934,-1006077.35727873,-1867709.4107928304,344.92405542688266,0.41197720766678164,0.621147924835046,0.39836255859214786,0.1447291850906824,0.6425326584606367,False
创业板ETF易方达,12月,3.3,3.597,674382.7406388599,-1948077.2439849598,-1273694.5033461,2622459.9846238196,1126.0,4418.0,5544.0,339.0,2055.0,2394.0,0.0037054999999999996,0.21629999999999996,0.40185,59983.056225107284,-623674.7492152319,-563691.6929901246,683657.8054403391,-703100.1863348099,-570594.3170112901,497.0483260095972,0.28906462345363215,0.6461801992425236,0.38310415891070515,0.2423185037112795,0.4674795978274695,False
创业板ETF易方达,12月,3.4,3.597,675477.3300402599,-1978229.04170265,-1302751.7116623903,2653706.37174291,1074.0,4313.0,5387.0,539.0,2285.0,2824.0,0.0037905,0.16925,0.4203,111026.62393941774,-715155.7041695949,-604129.0802301771,826182.3281090127,-709056.6416861401,-593695.0699762501,499.58890083435654,0.406940815664753,0.6425999856134321,0.515827922253151,0.27084675931854474,0.47370912608363774,False
创业板ETF易方达,12月,3.5,3.597,2104984.82329839,-1567299.4789626899,537685.3443357002,3672284.3022610797,3221.0,3307.0,6528.0,845.0,2201.0,3046.0,0.0038274999999999997,0.12384999999999999,0.4357,211476.17813991185,-718756.8050777791,-507280.62693786726,930232.983217691,-490904.97398711985,1028590.3183228201,388.1735355619333,0.4083742639621888,0.6129021248574595,0.4639493976960052,0.14714554471959498,0.5266157045663494,True
创业板ETF易方达,12月,3.6,3.597,1193663.9744766,-1186107.29670015,7556.677776450058,2379771.27117675,1780.0,2465.0,4245.0,896.0,1455.0,2351.0,0.003864,0.07914999999999997,0.4451,108566.51994137277,-562724.446132812,-454157.92619143915,671290.9660741847,-99260.49801392993,106817.17579037993,399.20315952467945,0.4565072251631984,0.577824691775038,0.546817239100212,0.3264015223428892,0.43860147597500987,True
创业板ETF易方达,12月,3.7,3.597,2450756.94646662,-1184678.2494261,1266078.6970405201,3635435.19589272,3701.0,2470.0,6171.0,1464.0,1099.0,2563.0,0.0039515,0.036400000000000016,0.44125000000000003,139475.8039694747,-300520.79498139897,-161044.99101192426,439996.5989508737,442333.02214431006,823745.6748962101,443.95490714955304,0.29389006252346966,0.5732896374756526,0.42025401822682784,0.267287562094215,0.512879602081159,True
创业板ETF易方达,12月,3.8,3.597,1647426.9165156,-838315.22911884,809111.68739676,2485742.14563444,2504.0,1754.0,4258.0,1175.0,1219.0,2394.0,0.003986,-0.005099999999999993,0.43894999999999995,40298.12191334322,-429930.46292921633,-389632.3410158731,470228.58484255953,190439.01884600997,618672.6685507501,474.9114574407083,0.45291725355045886,0.5276758656895151,0.5821160487575637,0.25954485314336967,0.4468547591534771,False
创业板ETF易方达,12月,3.9,3.597,2643509.48222592,-746786.5949392201,1896722.8872866998,3390296.0771651403,4146.0,1574.0,5720.0,1137.0,792.0,1929.0,0.004033,-0.04409999999999997,0.42975,0.0,-370966.67596547,-370966.67596547,370966.67596547,349191.09774648,1547531.78954022,319.61933996917776,0.43312123168293504,0.4984199438202247,0.38870842581235965,0.12164744171288716,0.48493964663717537,False
创业板ETF易方达,12月,4.0,3.597,1901731.8629469601,-764914.2116368499,1136817.6513101102,2666646.07458381,3084.0,1663.0,4747.0,938.0,840.0,1778.0,0.0041065,-0.0799,0.41605000000000003,0.0,-388549.2953787032,-388549.2953787032,388549.2953787032,192045.8398597201,944771.8114503901,358.1557643695019,0.4253277282432637,0.48215671062839416,0.404630849347163,0.22171559888927767,0.4423121502358933,False
创业板ETF易方达,12月,4.1,3.597,1265940.38544831,-363492.17998236,902448.2054659501,1629432.56543067,2169.0,828.0,2997.0,222.0,31.0,253.0,0.0042369999999999994,-0.11005000000000001,0.3952,0.0,-103386.88049573298,-103386.88049573298,103386.88049573298,115961.65511931,786486.5503466399,387.0562823858847,0.2516464929238538,0.4618079406511883,0.06989546374807064,0.0406982068832546,0.3082084364473241,False
创业板ETF易方达,12月,4.2,3.597,1112460.96698352,-265918.46234976,846542.50463376,1378379.4293332798,1994.0,632.0,2626.0,440.0,1.0,441.0,0.004313,-0.14034999999999997,0.3782,0.0,-74231.11768357793,-74231.11768357793,74231.11768357793,245057.08921452,601485.41541924,328.8018996221705,0.338550190332898,0.44968553459119504,0.11112213221944314,0.06137387387387387,0.29543549424902565,False
创业板ETF易方达,12月,4.3,3.597,1077129.0184545,-190612.5229107,886516.4955438001,1267741.5413652,2050.0,454.0,2504.0,707.0,57.0,764.0,0.004275,-0.1731,0.3653,0.0,-66552.4733505119,-66552.4733505119,66552.4733505119,347546.62596258,538969.86958122,421.6003547599138,0.3568054581067569,0.4658413571756076,0.23521435478671965,0.1078623804428456,0.3005898092648395,False
创业板ETF易方达,12月,4.4,3.597,1267340.06253393,-168889.71050423998,1098450.35202969,1436229.7730381698,2577.0,411.0,2988.0,699.0,2.0,701.0,0.0042795,-0.20185,0.34885,0.0,-54003.85962584877,-54003.85962584877,54003.85962584877,342938.61159723,755511.7404324599,397.17794617193675,0.27081333929725093,0.4722398813307904,0.13805590725366734,0.10778301886792453,0.3216445467907916,False
创业板ETF易方达,12月,4.5,3.597,2607423.74198856,-1290997.1670858902,1316426.57490267,3898420.9090744504,5688.0,3363.0,9051.0,1226.0,7.0,1233.0,0.0044445000000000005,-0.21975,0.3255,0.0,-408128.12771266483,-408128.12771266483,408128.12771266483,559320.8224814101,757105.7524212601,298.37202322486627,0.3381603078997546,0.4520482388973967,0.10881148286578564,0.07165829145728643,0.5158555723263248,False
创业板ETF易方达,12月,4.6,3.597,598194.66047418,-150395.03114328,447799.62933090003,748589.69161746,1407.0,407.0,1814.0,621.0,0.0,621.0,0.004508,-0.24055000000000004,0.30710000000000004,0.0,-32388.715614148103,-32388.715614148103,32388.715614148103,264021.95035854,183777.67897236,200.25592513567184,0.46140151433353793,0.3,0.22068230277185502,0.10231164383561644,0.25357214623355817,False
创业板ETF易方达,12月,4.7,3.597,826925.0301397803,-84219.9857037,742705.0444360803,911145.0158434802,2101.0,238.0,2339.0,2222.0,0.0,2222.0,0.004597,-0.25785,0.28885000000000005,0.0,-18656.52835815316,-18656.52835815316,18656.52835815316,826925.0301397803,-84219.9857037,393.13176768696775,0.4854945858504258,0.3,0.5287958115183246,0.4214912280701754,0.3253258837143493,False
创业板ETF易方达,12月,4.8,3.597,3369231.4416245106,-425441.79981071997,2943789.6418137904,3794673.2414352307,9277.0,1256.0,10533.0,61347.0,0.0,61347.0,0.0046635,-0.27515,0.27125,0.0,-96739.53614890153,-96739.53614890153,96739.53614890153,3369231.4416245106,-425441.79981071997,152.6533051843714,0.6778773558525029,0.3,3.306402931982322,0.438587616349656,0.6430532175224939,False
创业板ETF易方达,3月,3.2,3.597,370129.45441527007,-289795.51985472004,80333.93456055003,659924.9742699901,757.0,886.0,1643.0,996.0,1003.0,1999.0,0.0035659999999999997,0.2532,0.31535,124855.6419863159,-157026.13878002434,-32170.496793708444,281881.7807663402,80333.93456055003,0.0,356.30801705790776,0.7149535863536738,0.6075145680859135,1.223887061616038,821.5,0.2887445304527569,False
创业板ETF易方达,3月,3.3,3.597,243735.0425829,-13956.791172390002,229778.25141051,257691.83375529,514.0,41.0,555.0,561.0,47.0,608.0,0.003829,0.20565000000000003,0.31479999999999997,99873.15452046972,-5940.296837305208,93932.8576831645,105813.45135777493,229778.25141051,0.0,395.17699664495933,0.6174266687001169,0.6766793324791053,1.1188905760652936,277.5,0.15481312906784955,False
创业板ETF易方达,3月,3.4,3.597,37755.5713029,-25482.71406186,12272.857241040005,63238.28536476,71.0,73.0,144.0,71.0,75.0,146.0,0.0037660000000000003,0.17325000000000002,0.3404,12224.697389866093,-10283.111558946193,1941.5858309198993,22507.808948812286,12272.857241040005,0.0,499.87354417966037,0.6004174535334463,0.6057234637965632,1.0136986301369864,72.0,0.05033732586286022,False
创业板ETF易方达,3月,3.5,3.597,25345.82569464,-87852.18526227,-62506.359567629996,113198.01095691,47.0,247.0,294.0,47.0,337.0,384.0,0.003848,0.13620000000000002,0.34585,8060.032991614164,-30541.543549171674,-22481.51055755751,38601.57654078584,-62506.359567629996,0.0,471.8027958340858,0.5558910966660647,0.6046844278830757,1.1821862348178138,147.0,0.09610707655108094,True
创业板ETF易方达,3月,3.6,3.597,144415.9335762,-80260.18562925,64155.74794695001,224676.11920545,265.0,225.0,490.0,325.0,413.0,738.0,0.0039275000000000004,0.1011,0.34845000000000004,43882.76900894736,-39359.77743751297,4522.991571434395,83242.54644646033,64155.74794695001,0.0,418.2705154029826,0.665383587677614,0.5888001987732572,1.530985324947589,245.0,0.1518430318144209,True
创业板ETF易方达,3月,3.7,3.597,130159.61823546,-89264.6713728,40894.94686266,219424.28960826,242.0,245.0,487.0,263.0,342.0,605.0,0.003969,0.067,0.34865,40308.03565576626,-38486.21013708711,1821.8255186791503,78794.24579285337,40894.94686266,0.0,493.1427742951705,0.6054857805638636,0.6110652938378198,1.2413476134255355,243.5,0.14407752459578557,True
创业板ETF易方达,3月,3.8,3.597,29706.587063999996,-71513.17422479998,-41806.58716079999,101219.76128879997,56.0,196.0,252.0,57.0,275.0,332.0,0.0040285,0.03489999999999999,0.346,7358.522171056572,-31355.62924753808,-23997.10707648151,38714.15141859465,-41806.58716079999,0.0,483.00616183743705,0.5469284038633837,0.6152586713989009,1.2104591836734695,126.0,0.08485738332081395,False
创业板ETF易方达,3月,3.9,3.597,36732.143151000004,-42144.020867520005,-5411.877716520001,78876.16401852001,68.0,117.0,185.0,93.0,131.0,224.0,0.004044,0.0025499999999999967,0.34795,7905.793988932098,-15080.405599296846,-7174.611610364748,22986.199588228945,-5411.877716520001,0.0,426.8435645249457,0.5251918150467101,0.5526132286338529,1.2436525892408246,92.5,0.06609922725101311,False
创业板ETF易方达,3月,4.0,3.597,424184.8333763699,-65955.09248657999,358229.7408897899,490139.9258629499,801.0,187.0,988.0,1022.0,263.0,1285.0,0.004118,-0.02645,0.34095,142775.34293222116,-24143.57143706489,118631.77149515627,166918.91436928604,358229.7408897899,0.0,252.52630481306375,0.7313122894828824,0.5311436791812691,1.3411611154506065,494.0,0.23393473666416553,False
创业板ETF易方达,8月,3.1,3.597,1291297.07940651,-19130223.97361493,-17838926.89420842,20421521.053021442,2641.0,37941.0,40582.0,797.0,100897.0,101694.0,0.002039,0.35075,0.38380000000000003,415051.1887581451,0.0,415051.1887581451,415051.1887581451,-18740536.820155263,901609.92594684,180.14333091089944,0.6750647904687324,0.319917339106475,1.4805463865102897,0.4549799070985512,0.894758808900652,False
创业板ETF易方达,8月,3.2,3.597,582575.80128165,-17066422.6236999,-16483846.82241825,17648998.42498155,957.0,25342.0,26299.0,1078.0,63672.0,64750.0,0.0034879999999999998,0.38255,0.49549999999999994,230104.81032694326,0.0,230104.81032694326,230104.81032694326,-16483846.82241825,0.0,163.65959208818717,0.8690723263294504,0.252891196601369,1.8194728300753735,0.5284088242329379,0.8547683513901071,False
创业板ETF易方达,8月,3.3,3.597,4691682.01037349,-27471310.003773898,-22779627.99340041,32162992.014147386,5153.0,32555.0,37708.0,3240.0,81830.0,85070.0,0.0036185,0.30810000000000004,0.67795,897934.4474556609,0.0,897934.4474556609,897934.4474556609,-24521368.2778647,1741740.28446429,156.83342130471289,0.7245276763311982,0.1587416642505073,1.5711761638926411,0.2134738499466845,0.913131436381171,False
创业板ETF易方达,8月,3.4,3.597,18732995.02154916,-46008899.5981824,-27275904.57663324,64741894.61973156,16564.0,46302.0,62866.0,21847.0,101910.0,123757.0,0.0036765,0.22355,0.8210500000000001,1109390.3918794137,0.0,1109390.3918794137,1109390.3918794137,-27275904.57663324,0.0,47.88493485447387,0.961692052116421,0.03175182481751837,1.7599647690079299,0.23967226558263932,0.9563485694137905,False
创业板ETF易方达,8月,3.5,3.597,41257791.604656,-57166375.02640713,-15908583.421751127,98424166.63106313,32145.0,52097.0,84242.0,68021.0,126706.0,194727.0,0.0037034999999999993,0.1313,0.92005,0.0,0.0,0.0,0.0,-15908583.421751127,0.0,19.109264048708457,0.8177284617769063,0.0,2.2740924150984814,0.2282859072795877,0.9762837993954514,True
创业板ETF易方达,8月,3.6,3.597,63194090.60606598,-71105975.3229111,-7911884.7168451175,134300065.92897707,47314.0,61854.0,109168.0,122503.0,152872.0,275375.0,0.0037359999999999997,0.03509999999999999,0.9603999999999999,0.0,0.0,0.0,0.0,-7911884.7168451175,0.0,51.98384321254948,0.8060631986540042,0.0,2.530323243080468,0.5508993257833579,0.9881231292570558,True
创业板ETF易方达,8月,3.7,3.597,63702548.60200704,-42211483.67280735,21491064.929199688,105914032.2748144,48232.0,38091.0,86323.0,112905.0,82176.0,195081.0,0.003805,-0.05795,0.93865,0.0,-2305633.1199393976,-2305633.1199393976,2305633.1199393976,21491064.929199688,0.0,97.27677634493924,0.8048452455907154,0.03450492927561094,2.249116642725736,0.2791670016173148,0.9789233483773072,True
创业板ETF易方达,8月,3.8,3.597,65993492.13188291,-27164189.048579544,38829303.08330337,93157681.18046245,54476.0,25955.0,80431.0,103251.0,38272.0,141523.0,0.0038595,-0.14300000000000002,0.8726,0.0,-6753529.904501255,-6753529.904501255,6753529.904501255,38829303.08330337,0.0,39.30037429589912,0.881893033896614,0.15284280936454847,1.6849502598646386,0.2449968877603187,0.9719887400143604,False
创业板ETF易方达,8月,3.9,3.597,42273676.14657264,-16303094.531622363,25970581.614950277,58576770.67819501,39816.0,17111.0,56927.0,75565.0,11171.0,86736.0,0.0039085000000000005,-0.2177,0.7785,0.0,-5502513.263515812,-5502513.263515812,5502513.263515812,31630121.18118468,-5659539.5662344005,45.762198997285665,0.7621430367176113,0.24059139784946226,1.2753550111413676,0.22853688416691376,0.9450014142136481,False
创业板ETF易方达,8月,4.0,3.597,50110809.9817248,-11019813.344146531,39090996.637578264,61130623.32587133,56294.0,13211.0,69505.0,78690.0,1524.0,80214.0,0.0040184999999999995,-0.27695,0.66635,0.0,-2898973.650319365,-2898973.650319365,2898973.650319365,48839581.79790228,-9748585.160324011,83.01733860706806,0.6630680682132706,0.3144806338028171,0.7565991626672428,0.20995375852994722,0.9508901742949268,False
创业板ETF易方达,8月,4.1,3.597,23005659.281564523,-4963079.50078248,18042579.780782044,27968738.782347,31854.0,6888.0,38742.0,38793.0,607.0,39400.0,0.004146,-0.3233,0.55755,0.0,-1440174.3755664984,-1440174.3755664984,1440174.3755664984,22568291.503258053,-4525711.72247601,294.25296231593126,0.5481315758763227,0.3690036900369005,0.6529809541529745,0.09967506322577867,0.900796154637081,False
创业板ETF易方达,8月,4.2,3.597,16702548.50188386,-2036402.0693279996,14666146.432555862,18738950.57121186,29134.0,3279.0,32413.0,26928.0,966.0,27894.0,0.004300999999999999,-0.35785,0.46155,0.0,-768685.8174812221,-768685.8174812221,768685.8174812221,14837918.56181712,-171772.1292612597,179.80811444416966,0.5590531479498173,0.4087032064444796,0.6094414608562349,0.2156488906165719,0.8629956325105068,False
创业板ETF易方达,8月,4.3,3.597,12976781.21587584,-2253391.6091306405,10723389.606745198,15230172.825006481,29021.0,4216.0,33237.0,35790.0,246.0,36036.0,0.0043965,-0.3877,0.37935,0.0,-1002450.5178404832,-1002450.5178404832,1002450.5178404832,12845297.7396315,-2121908.1328863003,102.88264719843515,0.6937704911242801,0.43266970828148765,0.6457970188701279,0.02781900930427624,0.8481690007406668,False
创业板ETF易方达,8月,4.4,3.597,9641505.076062752,-696497.1986857501,8945007.877377002,10338002.274748502,28025.0,1619.0,29644.0,33248.0,40.0,33288.0,0.004276,-0.42235,0.2992,0.0,-226041.81459075402,-226041.81459075402,226041.81459075402,9624296.992092753,-679289.1147157501,165.63618808882737,0.5152895141896634,0.43863129184230104,0.605537961065602,0.15817968710985994,0.8044844279747481,False
创业板ETF易方达,8月,4.5,3.597,7010173.87130808,-482207.25792096,6527966.61338712,7492381.12922904,26276.0,1156.0,27432.0,42109.0,61.0,42170.0,0.0048535,-0.4162,0.2643,0.0,-128561.97618567359,-128561.97618567359,128561.97618567359,6984728.67863232,-456762.0652452,262.9912108665644,0.5134939978580749,0.4755461362895338,0.827666622244252,0.3071257190099337,0.7754758573428555,False
创业板ETF易方达,8月,4.6,3.597,5036850.1686096005,-284651.59658859007,4752198.57202101,5321501.765198191,24090.0,761.0,24851.0,41145.0,59.0,41204.0,0.005072500000000001,-0.42575,0.22535,0.0,-79713.89119171476,-79713.89119171476,79713.89119171476,5014781.25376239,-262582.6817413801,681.0044658718828,0.3780039278760915,0.48713415831860135,0.8927498392198768,0.15360780065005417,0.7323231994705538,False
创业板ETF易方达,8月,4.7,3.597,3508288.4155770005,-494344.2618675001,3013944.1537095006,4002632.6774445004,20620.0,1450.0,22070.0,26287.0,90.0,26377.0,0.005339999999999999,-0.4314,0.1975,0.0,-216851.4245797716,-216851.4245797716,216851.4245797716,3477604.9786335006,-463660.8249240001,219.63857839260504,0.5912483849348188,0.49642154231526214,0.6684496136994548,0.12577181103704888,0.6956066879875946,False
创业板ETF易方达,8月,4.8,3.597,5961824.791065,-1435260.5568199803,4526564.23424502,7397085.34788498,41700.0,4582.0,46282.0,48849.0,233.0,49082.0,0.0056124999999999994,-0.4356,0.1763,0.0,-726648.070408112,-726648.070408112,726648.070408112,5888840.13158463,-1362275.8973396102,189.93785627045867,0.5602607626501899,0.49712502053556756,0.6111450028104971,0.0850539698950141,0.798467884575307,False
创业板ETF易方达,9月,2.85,3.597,726939.7224536701,-28137154.170777302,-27410214.448323634,28864093.89323097,2283.0,97302.0,99585.0,1623.0,27953.0,29576.0,0.002176,0.39425,0.2348,372487.88952923816,0.0,372487.88952923816,372487.88952923816,-7566478.88003568,-19843735.56828795,259.3480514130435,0.520730495179003,0.3846153846153846,0.49909376934502336,0.08233421260172304,0.9241983659755665,False
创业板ETF易方达,9月,2.9,3.597,661514.975352,-29855780.63448354,-29194265.659131538,30517295.60983554,1925.0,90598.0,92523.0,253.0,14610.0,14863.0,0.00217,0.379,0.26015,215953.04657784654,0.0,215953.04657784654,215953.04657784654,-4727656.092141179,-24466609.566990357,169.96114798117935,0.5225691635027047,0.3759711823703913,0.14634520471912027,0.027869467939844468,0.9109301693341305,False
创业板ETF易方达,9月,2.95,3.597,938086.4061360001,-6087719.650925879,-5149633.24478988,7025806.057061879,2544.0,16326.0,18870.0,622.0,8648.0,9270.0,0.0021855000000000004,0.36155000000000004,0.28659999999999997,324741.47534776584,0.0,324741.47534776584,324741.47534776584,-2995349.8485992397,-2154283.3961906396,271.23790995792393,0.4878504861997439,0.36101083032490966,0.3871020354152076,0.20755212172132134,0.7111165617262134,False
创业板ETF易方达,9月,3.0,3.597,1348669.9958193002,-5629559.4612041395,-4280889.465384839,6978229.45702344,3430.0,13542.0,16972.0,1178.0,7995.0,9173.0,0.0021725,0.344,0.3126,466052.49024816713,0.0,466052.49024816713,466052.49024816713,-2860422.55603137,-1420466.9093534693,272.2632753441901,0.5578434087476967,0.3326305546545573,0.4669128503353997,0.12677465143786987,0.7013848659528479,False
创业板ETF易方达,9月,3.1,3.597,822094.8632919,-4954606.39549656,-4132511.53220466,5776701.25878846,1818.0,9829.0,11647.0,1015.0,5960.0,6975.0,0.0035215,0.37825000000000003,0.36955,288335.21163994516,0.0,288335.21163994516,288335.21163994516,-2545338.91578615,-1587172.6164185102,257.7408456557756,0.5767422712584882,0.28958177744585506,0.5823373694577718,0.09657145204226161,0.6447859814138629,False
创业板ETF易方达,9月,3.2,3.597,1770733.57704012,-5761757.91392982,-3991024.3368897,7532491.49096994,2709.0,9753.0,12462.0,988.0,9869.0,10857.0,0.0035845,0.32465,0.4809,368385.67892805306,0.0,368385.67892805306,368385.67892805306,-5115953.27232198,1124928.93543228,214.36021097702246,0.5641989742926661,0.217343336275375,0.6883020007246543,0.043229260827878944,0.6959674781960435,False
创业板ETF易方达,9月,3.3,3.597,1690756.3544157,-6468954.27116994,-4778197.91675424,8159710.62558564,2106.0,9654.0,11760.0,824.0,8821.0,9645.0,0.0037175,0.2569,0.5692,283693.8746485066,0.0,283693.8746485066,283693.8746485066,-5249246.96136951,471049.04461527,211.42775194116126,0.6036180204109147,0.15578865578865575,0.6524887902037271,0.18123513248533168,0.698680220330067,False
创业板ETF易方达,9月,3.4,3.597,2760574.65424884,-6535499.87264328,-3774925.2183944397,9296074.52689212,3029.0,8904.0,11933.0,4433.0,10864.0,15297.0,0.0037640000000000004,0.18954999999999997,0.63585,276362.23033366917,0.0,276362.23033366917,276362.23033366917,-3774925.2183944397,0.0,231.43178035661788,0.7603091211692512,0.06409458618543873,1.3418225497341214,0.30784518646031545,0.7253809814228399,False
创业板ETF易方达,9月,3.5,3.597,4453106.02899525,-6650678.624633999,-2197572.5956387483,11103784.653629249,4575.0,8550.0,13125.0,5048.0,11359.0,16407.0,0.003816,0.11935000000000001,0.67675,0.0,-207098.84232317787,-207098.84232317787,207098.84232317787,-2197572.5956387483,0.0,128.36762028387372,0.7639725704395677,0.0192507804370447,1.2159629949189914,0.21727897747890335,0.7495691758324698,True
创业板ETF易方达,9月,3.6,3.597,8144660.0213163905,-10197417.4040772,-2052757.3827608097,18342077.42539359,8111.0,12745.0,20856.0,9012.0,11432.0,20444.0,0.0038485,0.04929999999999998,0.6972499999999999,0.0,-1861089.9426591035,-1861089.9426591035,1861089.9426591035,-1002211.3606695291,-1050546.0220912804,80.48297115134618,0.8054856550615868,0.11207609594706358,1.0040314605039464,0.26635262256503345,0.8320431741196692,True
创业板ETF易方达,9月,3.7,3.597,8457740.9252325,-7809743.9996037,647996.9256288,16267484.9248362,8545.0,9810.0,18355.0,7445.0,5229.0,12674.0,0.0039095,-0.01849999999999999,0.69015,0.0,-2172088.8901198274,-2172088.8901198274,2172088.8901198274,3206165.3090111697,-2558168.38338237,123.29465979338985,0.7377792819861742,0.19546364242828557,0.7021486356633259,0.1294773941855136,0.794825845942139,True
创业板ETF易方达,9月,3.8,3.597,9856883.13702444,-7427920.16421378,2428962.9728106596,17284803.30123822,10382.0,9618.0,20000.0,8175.0,3004.0,11179.0,0.0039695,-0.0819,0.66535,0.0,-2257368.4233891782,-2257368.4233891782,2257368.4233891782,5441542.124370661,-3012579.1515600006,176.4056446272068,0.6359686577406487,0.26330224904004373,0.5498757907488925,0.11370635829190436,0.8072527684544177,False
创业板ETF易方达,9月,3.9,3.597,27432283.880707204,-11207342.256040258,16224941.624666946,38639626.136747465,30880.0,15226.0,46106.0,19146.0,3377.0,22523.0,0.004023500000000001,-0.14020000000000002,0.62775,0.0,-3335475.091198689,-3335475.091198689,3335475.091198689,14522676.167293474,1702265.457373472,199.1732212303724,0.5756890147838961,0.315734989648033,0.4209023127538183,0.11911016968045682,0.9082742167169169,False
创业板ETF易方达,9月,4.0,3.597,7201149.96351168,-2960053.86884724,4241096.09466444,10161203.832358921,8928.0,4302.0,13230.0,4660.0,704.0,5364.0,0.004109,-0.19074999999999998,0.5776,0.0,-955443.3759061029,-955443.3759061029,955443.3759061029,3274267.2717031203,966828.8229613197,198.9640466380447,0.5579484069660449,0.36007827788649704,0.3427991106912014,0.06447028029344734,0.7036477597074235,False
创业板ETF易方达,9月,4.1,3.597,9801344.2400874,-3335861.3440521597,6465482.896035239,13137205.58413956,13615.0,5292.0,18907.0,4193.0,337.0,4530.0,0.0042325,-0.23275,0.5218,0.0,-1094682.2478449396,-1094682.2478449396,1094682.2478449396,2806080.5913109197,3659402.3047243194,274.6638813543763,0.44348781973292656,0.40208263352368173,0.1858250898188467,0.03848140843749984,0.7480579041768054,False
创业板ETF易方达,9月,4.2,3.597,7381670.2686342,-1385764.2850382102,5995905.98359599,8767434.55367241,11660.0,2387.0,14047.0,5861.0,130.0,5991.0,0.004314,-0.27085,0.469,0.0,-477831.8970108101,-477831.8970108101,477831.8970108101,3634989.4677026696,2360916.5158933206,267.17877941411393,0.48656993124910125,0.42754050073637717,0.2785601647287588,0.08395929694727106,0.7032599558085857,False
创业板ETF易方达,9月,4.3,3.597,7085021.014764001,-1568478.8149430403,5516542.19982096,8653499.829707041,12915.0,2896.0,15811.0,9665.0,103.0,9768.0,0.0042575,-0.3115,0.4213,0.0,-533363.5563327606,-533363.5563327606,533363.5563327606,5246323.26908778,270218.9307331799,196.2764638558647,0.5230188278179864,0.42986184909670566,0.39196046237297416,0.29064048804082937,0.7227337226287857,False
创业板ETF易方达,9月,4.4,3.597,5921299.753315649,-729558.58581936,5191741.167496289,6650858.339135009,12535.0,1487.0,14022.0,5898.0,125.0,6023.0,0.0043935,-0.33565,0.37215,0.0,-273640.78662636265,-273640.78662636265,273640.78662636265,2724776.9229958192,2466964.2445004694,284.0350750455124,0.3928631331767292,0.45097110374230226,0.27729220321633385,0.04206357804123021,0.6745063855751313,False
创业板ETF易方达,9月,4.5,3.597,5166538.3112211,-319196.76046632,4847341.55075478,5485735.071687421,12770.0,718.0,13488.0,11674.0,11.0,11685.0,0.0046925000000000005,-0.3465,0.32815,0.0,-119306.95494898582,-119306.95494898582,119306.95494898582,4718223.99198018,129117.55877459992,154.52779506961775,0.5706099331198268,0.48202270815811604,0.46474708960546895,0.009067926437133911,0.6716488350069807,False
创业板ETF易方达,9月,4.6,3.597,2658608.8642971,-156761.11652355,2501847.74777355,2815369.98082065,7813.0,385.0,8198.0,17110.0,300.0,17410.0,0.0046465,-0.37335,0.28885,0.0,-85249.81308529637,-85249.81308529637,85249.81308529637,2536457.3449281,-34609.59715454999,295.2348582995727,0.5800166295648581,0.48054211035818006,1.4845803115353866,0.46637160467853545,0.5768983125144235,False
创业板ETF易方达,9月,4.7,3.597,3803936.2365906,-53306.50384818,3750629.73274242,3857242.7404387803,13009.0,141.0,13150.0,9087.0,7.0,9094.0,0.005019000000000001,-0.3745,0.2591,0.0,-14713.652329076109,-14713.652329076109,14713.652329076109,2654465.46819894,1096164.26454348,157.83934431523457,0.5316942182383234,0.4954581186129792,0.37408090089294427,0.09678969601894022,0.6236651148986441,False
创业板ETF易方达,9月,4.8,3.597,5957530.791886079,-126090.61798905,5831440.173897029,6083621.409875129,24032.0,377.0,24409.0,17696.0,12.0,17708.0,0.0047515,-0.4068,0.22505,0.0,-50866.12824394209,-50866.12824394209,50866.12824394209,4382823.42685044,1448616.7470465896,158.85835976887898,0.5932163328552438,0.4873010637420631,0.38409088500920086,0.0163781229761655,0.7315235541840629,False
沪深300ETF华泰柏瑞,12月,4.2,4.787,138568.09057455,-1355233.71326258,-1216665.6226880301,1493801.80383713,195.0,1909.0,2104.0,126.0,2550.0,2676.0,0.0012590000000000001,0.34154999999999996,0.30995,30202.047028680852,-1174985.8395988082,-1144783.7925701274,1205187.886627489,-1265697.4085836401,49031.785895609995,163.99276053414292,0.798036560803455,0.6390072196277775,0.9909658701696418,1.1552867383512546,0.36460184223424763,False
沪深300ETF华泰柏瑞,12月,4.3,4.787,1111735.23142227,-5565877.3118196,-4454142.08039733,6677612.54324187,1367.0,6840.0,8207.0,118.0,3371.0,3489.0,0.001249,0.30489999999999995,0.355,102067.49589440534,-3089485.1651010355,-2987417.66920663,3191552.660995441,-2647100.70239791,-1807041.3779994203,166.11580067039364,0.5162720261902429,0.5935870062814731,0.28957833348306145,0.15552102825499778,0.6105052181583375,False
沪深300ETF华泰柏瑞,12月,4.4,4.787,2019514.97090432,-5210569.932400799,-3191054.9614964793,7230084.903305119,2221.0,5742.0,7963.0,212.0,1991.0,2203.0,0.001255,0.2631,0.3964,31712.56847350375,-3305657.02622873,-3273944.457755226,3337369.594702234,-1613962.4368013598,-1577092.5246951196,121.4009712679107,0.591318381764379,0.5077736166342786,0.22109789694676898,0.09129341549261619,0.592465569629099,False
沪深300ETF华泰柏瑞,12月,4.5,4.787,1090996.1350162,-4767786.56912985,-3676790.4341136497,5858782.70414605,1097.0,4833.0,5930.0,215.0,794.0,1009.0,0.001264,0.21795,0.43225,0.0,-2327431.7230381975,-2327431.7230381975,2327431.7230381975,-569462.9604083,-3107327.4737053504,173.68575337111537,0.5331066479622706,0.48143236074270557,0.18013812664790702,0.050946246342325044,0.5169409260585851,False
沪深300ETF华泰柏瑞,12月,4.6,4.787,2134785.00581657,-2754167.035208159,-619382.0293915891,4888952.04102473,2003.0,2652.0,4655.0,408.0,614.0,1022.0,0.001288,0.16985,0.45915,0.0,-1332431.6837461074,-1332431.6837461074,1332431.6837461074,-202810.1817975999,-416571.8475939892,171.15863068897795,0.5501166628277643,0.45627277459656435,0.21760891844736666,0.12229182312646503,0.485897448380166,True
沪深300ETF华泰柏瑞,12月,4.7,4.787,8892963.86169602,-3145161.8936928003,5747801.968003219,12038125.75538882,3494.0,2958.0,6452.0,1138.0,1016.0,2154.0,0.0017905,0.17935,0.78735,0.0,-1568332.8976214433,-1568332.8976214433,1568332.8976214433,1816163.5280909396,3931638.43991228,200.4755179336937,0.5734548902977697,0.43112033195020744,0.33458826161181165,0.2815373968612259,0.6304892930630472,True
沪深300ETF华泰柏瑞,12月,4.8,4.787,9600957.560627399,-2843928.3688106798,6757029.191816719,12444885.929438079,3828.0,2677.0,6505.0,1064.0,358.0,1422.0,0.0019284999999999999,0.08665,0.77905,0.0,-1144871.015842083,-1144871.015842083,1144871.015842083,2288281.08437248,4468748.10744424,125.35752499031994,0.4849919009664814,0.4085406859448554,0.20584186122037293,0.0812589469247213,0.6170417992664595,True
沪深300ETF华泰柏瑞,12月,4.9,4.787,14133776.12318088,-3514603.70186449,10619172.421316389,17648379.82504537,6054.0,3403.0,9457.0,826.0,383.0,1209.0,0.0020495,0.011249999999999982,0.73475,0.0,-1313396.39777009,-1313396.39777009,1313396.39777009,1532833.55185483,9086338.86946156,198.209691000004,0.4912295412372738,0.3840539796199395,0.12449323509319252,0.051729652500853526,0.6658688892746673,True
沪深300ETF华泰柏瑞,12月,5.0,4.787,18704479.519533608,-3274039.0747172497,15430440.444816358,21978518.594250858,8951.0,3325.0,12276.0,2596.0,110.0,2706.0,0.002177,-0.05165000000000003,0.6708000000000001,0.0,-1075750.4542376017,-1075750.4542376017,1075750.4542376017,5316423.813037259,10114016.631779099,121.13847336595995,0.567710454873776,0.3626059079459583,0.16155308391635997,0.15528561946957445,0.7367061154934702,True
沪深300ETF华泰柏瑞,12月,5.25,4.787,6729638.9095584005,-1589305.49975736,5140333.409801041,8318944.40931576,4532.0,1848.0,6380.0,1220.0,12.0,1232.0,0.0024635,-0.1675,0.51165,0.0,-507649.86101528216,-507649.86101528216,507649.86101528216,1801277.2460811601,3339056.1637198795,101.01588750312132,0.5743253558151805,0.3450015767896564,0.13784516454419368,0.05034667979536898,0.5717994888114846,False
沪深300ETF华泰柏瑞,12月,5.5,4.787,7766277.26861601,-917881.0632909399,6848396.205325071,8684158.33190695,7587.0,1283.0,8870.0,2543.0,1.0,2544.0,0.0028295,-0.23575000000000002,0.37944999999999995,0.0,-284820.09595532116,-284820.09595532116,284820.09595532116,2602374.48518371,4246021.720141361,187.3286608894884,0.5173286749267861,0.3277566977118546,0.16797900909594202,0.13842140693369237,0.6239230086345754,False
沪深300ETF华泰柏瑞,12月,5.75,4.787,3470597.7146979603,-602299.7675705401,2868297.9471274205,4072897.4822685,4884.0,1209.0,6093.0,1917.0,0.0,1917.0,0.003843,-0.24480000000000002,0.26375,0.0,-132891.37702499703,-132891.37702499703,132891.37702499703,1362230.9211867303,1506067.0259406904,169.22767637089834,0.54311908740451,0.22859960552268238,0.19625307125307126,0.1056547619047619,0.5124145930275676,False
沪深300ETF华泰柏瑞,12月,6.0,4.787,4213223.4107990395,-571115.1585132,3642108.2522858395,4784338.569312239,8327.0,1035.0,9362.0,4567.0,25.0,4592.0,0.0033759999999999997,-0.3135,0.2308,0.0,-206095.04663122102,-206095.04663122102,206095.04663122102,2296976.09198584,1345132.1602999996,177.2415792056837,0.5727290199475819,0.3594985317370679,0.28630570828032204,0.08989196335146743,0.599370737074619,False
沪深300ETF华泰柏瑞,3月,4.4,4.787,223512.84276696,-618415.4591271699,-394902.6163602099,841928.30189413,279.0,857.0,1136.0,341.0,920.0,1261.0,0.0013175,0.24994999999999998,0.33225000000000005,0.0,-254589.036185752,-254589.036185752,254589.036185752,-394902.6163602099,0.0,200.1522111976309,0.8398782310418953,0.24536532170119946,1.1478672371321146,568.0,0.2773422395647537,False
沪深300ETF华泰柏瑞,3月,4.5,4.787,15603.991366859998,-561955.8855238999,-546351.8941570399,577559.8768907599,18.0,742.0,760.0,18.0,760.0,778.0,0.0013380000000000002,0.21205000000000002,0.35440000000000005,0.0,-236790.733877567,-236790.733877567,236790.733877567,-546351.8941570399,0.0,200.0191655662979,0.8399846675469617,0.2507829977628635,1.0121293800539084,380.0,0.2182774373675297,False
沪深300ETF华泰柏瑞,3月,4.6,4.787,64628.21519069999,-41232.76921014999,23395.44598055,105860.98440085,70.0,53.0,123.0,77.0,64.0,141.0,0.0013695,0.1728,0.3712,0.0,-17297.199705780906,-17297.199705780906,17297.199705780906,23395.44598055,0.0,201.2439800612205,0.8390048159510237,0.2501845018450184,1.1537735849056605,61.5,0.05868587166038764,True
沪深300ETF华泰柏瑞,3月,4.7,4.787,1086380.9796995998,-286721.6800018,799659.2996977998,1373102.6597013997,468.0,365.0,833.0,534.0,402.0,936.0,0.0017199999999999997,0.23115,0.6779,0.0,-119312.36259784509,-119312.36259784509,119312.36259784509,799659.2996977998,0.0,201.1535375236872,0.8390771699810503,0.24823022468451827,1.1211977520196696,416.5,0.2839645124905863,True
沪深300ETF华泰柏瑞,3月,4.8,4.787,783427.1980666501,-160471.7460332,622955.4520334501,943898.94409985,327.0,205.0,532.0,374.0,233.0,607.0,0.0018955,0.12630000000000002,0.6935500000000001,0.0,-66655.4948448239,-66655.4948448239,66655.4948448239,622955.4520334501,0.0,200.1569767306455,0.8398744186154836,0.2477219474095288,1.1401581263519058,266.0,0.23463329467723956,True
沪深300ETF华泰柏瑞,3月,4.9,4.787,456776.6333508001,-2298.1823570099996,454478.45099379006,459074.8157078101,210.0,3.0,213.0,270.0,3.0,273.0,0.0020359999999999996,0.054399999999999976,0.64175,0.0,-938.9129981226887,-938.9129981226887,938.9129981226887,454478.45099379006,0.0,200.64773708816236,0.8394818103294701,0.24319238432588003,1.1428571428571428,106.5,0.14318678061030224,True
沪深300ETF华泰柏瑞,3月,5.0,4.787,386033.45194244996,-2198.50050186,383834.95144058997,388231.95244430995,195.0,3.0,198.0,263.0,3.0,266.0,0.002172,-0.0024000000000000132,0.59185,0.0,-855.9983226428989,-855.9983226428989,855.9983226428989,383834.95144058997,0.0,367.48792186869116,0.6324692189303573,0.23177622904501788,1.1743589743589744,99.0,0.1318418247609751,True
沪深300ETF华泰柏瑞,3月,5.25,4.787,118032.48264519998,-11359.606720679998,106672.87592451999,129392.08936587998,79.0,17.0,96.0,124.0,18.0,142.0,0.00243,-0.10935,0.4718,0.0,-4822.331840290428,-4822.331840290428,4822.331840290428,106672.87592451999,0.0,142.02468870553184,0.8863802490355746,0.24087842489329486,1.314221891288161,48.0,0.06579553384700777,False
沪深300ETF华泰柏瑞,3月,5.5,4.787,580525.1256393599,-7358.583293279999,573166.54234608,587883.7089326399,528.0,12.0,540.0,855.0,12.0,867.0,0.0026355,-0.1834,0.37370000000000003,0.0,-3512.584379215241,-3512.584379215241,3512.584379215241,573166.54234608,0.0,288.9290736456533,0.697428169654906,0.26673143350604495,1.3096590909090908,270.0,0.21471330478113315,False
沪深300ETF华泰柏瑞,8月,4.2,4.787,105242.04028415999,-6210165.8266236,-6104923.78633944,6315407.86690776,138.0,12420.0,12558.0,59.0,5030.0,5089.0,0.001248,0.4315,0.27549999999999997,47388.72114408504,0.0,47388.72114408504,47388.72114408504,-2470072.37310852,-3634851.4132309197,275.8205810341786,0.4500158379101773,0.36884070955025994,0.41626409017713367,0.4747204576693042,0.6489929182975354,False
沪深300ETF华泰柏瑞,8月,4.3,4.787,1943064.71684652,-13120951.87389545,-11177887.15704893,15064016.59074197,1983.0,17537.0,19520.0,352.0,9453.0,9805.0,0.001157,0.40085,0.37705,586770.0908568623,0.0,586770.0908568623,586770.0908568623,-6727698.665265169,-4450188.4917837605,132.36325038516958,0.5096397392003509,0.33011996572407876,0.35827029321566095,0.059868523020282255,0.7898974771063808,False
沪深300ETF华泰柏瑞,8月,4.4,4.787,2999830.7902652803,-19564813.904115923,-16564983.113850642,22564644.694381204,2504.0,16984.0,19488.0,830.0,11551.0,12381.0,0.001103,0.35664999999999997,0.51275,840980.723952177,0.0,840980.723952177,840980.723952177,-12311886.273530532,-4253096.840320111,239.30393775754587,0.5275395846563684,0.24508748317631224,0.5057901704893462,0.13944599471478672,0.8286615462188912,False
沪深300ETF华泰柏瑞,8月,4.5,4.787,9682820.424842998,-45944293.73615736,-36261473.31131436,55627114.161000356,6927.0,27138.0,34065.0,2145.0,13701.0,15846.0,0.0010525,0.29825,0.6744,1237120.324941409,0.0,1237120.324941409,1237120.324941409,-20197259.75622072,-16064213.555093639,211.00029704887703,0.46267556870142534,0.11489587010236485,0.4072609444227459,0.09977288546847927,0.901430316901248,False
沪深300ETF华泰柏瑞,8月,4.6,4.787,34611172.59896756,-98346443.23092243,-63735270.63195487,132957615.82988998,22166.0,42674.0,64840.0,25596.0,36130.0,61726.0,0.001029,0.22075,0.84355,0.0,0.0,0.0,0.0,-48653976.99875536,-15081293.633199519,106.72507173296658,0.7639502139732368,0.0,1.000696426391446,0.1478088716723454,0.9645356441915801,True
沪深300ETF华泰柏瑞,8月,4.7,4.787,168901309.34498203,-147089889.16317183,21811420.1818102,315991198.50815386,39504.0,53348.0,92852.0,42246.0,71296.0,113542.0,0.0016255,0.19444999999999998,1.5345,0.0,0.0,0.0,0.0,21811420.1818102,0.0,37.62397807328692,0.9199008175413705,0.0,1.2029215868278995,0.13154928345294067,0.9868377519913966,True
沪深300ETF华泰柏瑞,8月,4.8,4.787,267282886.1905016,-133563588.9311112,133719297.2593904,400846475.1216128,59007.0,47149.0,106156.0,68425.0,52500.0,120925.0,0.0017664999999999998,0.023249999999999965,1.60645,0.0,0.0,0.0,0.0,133719297.2593904,0.0,13.966846614946833,0.8478741417556617,0.0,1.1365497272147262,0.13073500852734155,0.9921368754413376,True
沪深300ETF华泰柏瑞,8月,4.9,4.787,204916323.05047393,-43395021.723018415,161521301.32745552,248311344.77349234,52935.0,16821.0,69756.0,41111.0,21174.0,62285.0,0.001902,-0.12154999999999999,1.40755,0.0,-10115391.143405525,-10115391.143405525,10115391.143405525,115749494.32360545,45771807.003850065,39.152904542466736,0.9060553020462876,0.12223393045310843,1.01770769071147,0.18339043220905382,0.9717052274667359,True
沪深300ETF华泰柏瑞,8月,5.0,4.787,179786948.32248744,-22564130.93180822,157222817.39067924,202351079.25429565,62036.0,10411.0,72447.0,34387.0,3781.0,38168.0,0.002064,-0.22965000000000002,1.1052499999999998,0.0,-9033780.170100749,-9033780.170100749,9033780.170100749,91462499.78858978,65760317.60208945,19.80551621535208,0.6706820386376827,0.29628252788104104,0.45874037144915325,0.15567203045410954,0.9656351262496421,True
沪深300ETF华泰柏瑞,8月,5.25,4.787,42922979.3291472,-4474160.25929466,38448819.06985254,47397139.588441856,39285.0,3333.0,42618.0,17581.0,649.0,18230.0,0.002607,-0.35965,0.5313,0.0,-2222299.4772961983,-2222299.4772961983,2222299.4772961983,18337878.75881054,20110940.311042,219.4089197300757,0.46061396638677865,0.48007647413966587,0.3211219861963287,0.0957054297160001,0.9093336478025205,False
沪深300ETF华泰柏瑞,8月,5.5,4.787,8800383.021091739,-600116.8495196,8200266.171572139,9400499.870611338,18993.0,658.0,19651.0,9744.0,48.0,9792.0,0.003501,-0.38539999999999996,0.30010000000000003,0.0,-255614.99479587047,-255614.99479587047,255614.99479587047,4471092.808000319,3729173.36357182,350.0192536491272,0.41373726263641336,0.4442403568617161,0.2929897224973462,0.06741178982591693,0.749326957218518,False
沪深300ETF华泰柏瑞,8月,5.75,4.787,3060260.4515477996,-827958.86379804,2232301.5877497597,3888219.3153458396,12196.0,1219.0,13415.0,4888.0,73.0,4961.0,0.003752,-0.42624999999999996,0.20295,0.0,-377750.4562604175,-377750.4562604175,377750.4562604175,1176930.60199572,1055370.9857540396,289.810326551196,0.40028619777692753,0.4686258531119486,0.23033614754471066,-0.03736438813443593,0.6067094770130206,False
沪深300ETF华泰柏瑞,8月,6.0,4.787,1675337.8153625098,-1624772.9912807997,50564.824081710074,3300110.8066433095,10611.0,2859.0,13470.0,1832.0,46.0,1878.0,0.0046535,-0.42155,0.15845,0.0,-717174.5113034046,-717174.5113034046,717174.5113034046,263106.9339399199,-212542.10985820997,885.7383003370759,0.3376192053554633,0.45359999999999995,0.09437028216081372,0.02798035937408193,0.5469566957837236,False
沪深300ETF华泰柏瑞,9月,4.0,4.787,543203.78076382,-11890815.90984815,-11347612.12908433,12434019.69061197,1166.0,32533.0,33699.0,40.0,1756.0,1796.0,0.0013160000000000001,0.4489,0.1814,203468.415591512,0.0,203468.415591512,203468.415591512,-623183.459955,-10724428.669129329,254.76816691275337,0.41384172250832874,0.3794906166219839,0.044140640096328634,0.0015197276675939274,0.7352106294452264,False
沪深300ETF华泰柏瑞,9月,4.1,4.787,215851.77660287998,-16189325.970145078,-15973474.1935422,16405177.746747958,352.0,32289.0,32641.0,18.0,4170.0,4188.0,0.0012595000000000002,0.42724999999999996,0.2432,75511.42471191532,0.0,75511.42471191532,75511.42471191532,-2079751.2264724798,-13893722.967069719,123.85819144025541,0.5193228905201909,0.35712098009188376,0.09014125623981148,0.025028693410218735,0.7903094462428251,False
沪深300ETF华泰柏瑞,9月,4.2,4.787,1779578.9123287501,-15046721.674296597,-13267142.761967847,16826300.58662535,2301.0,21990.0,24291.0,51.0,4198.0,4249.0,0.0012095,0.3986,0.31805,457806.35859634227,0.0,457806.35859634227,457806.35859634227,-2833050.6723000696,-10434092.089667777,123.01853921741693,0.4227704438375169,0.3183932724995526,0.10653461660005467,0.04797284923327933,0.777858099542687,False
沪深300ETF华泰柏瑞,9月,4.3,4.787,1646998.1493665199,-18176902.41635196,-16529904.266985439,19823900.56571848,1756.0,19722.0,21478.0,108.0,3984.0,4092.0,0.0011775000000000002,0.3607,0.40575,403310.07939808635,0.0,403310.07939808635,403310.07939808635,-3570582.05271876,-12959322.21426668,138.6423070837393,0.45607413397967755,0.26356258009397704,0.13175566340238656,0.04588481434316655,0.7849455368922628,False
沪深300ETF华泰柏瑞,9月,4.4,4.787,3197823.24488432,-14498445.11829725,-11300621.87341293,17696268.36318157,2917.0,12109.0,15026.0,252.0,4151.0,4403.0,0.0011635000000000003,0.31215,0.50045,490451.50952724676,0.0,490451.50952724676,490451.50952724676,-4693848.29782183,-6606773.5755911,199.44013361429165,0.4929531599228526,0.1616941928609485,0.21459650036904812,0.0891332122045308,0.7546109165416455,False
沪深300ETF华泰柏瑞,9月,4.5,4.787,5420712.57397102,-23890304.978180833,-18469592.404209815,29311017.55215185,4379.0,16121.0,20500.0,540.0,4489.0,5029.0,0.0011455,0.2549,0.59345,266291.7329758445,0.0,266291.7329758445,266291.7329758445,-5983955.1574642705,-12485637.24674554,192.0299190343464,0.5267305641631852,0.050218340611353884,0.20088624847665576,0.09542073204244957,0.8142393533121395,False
沪深300ETF华泰柏瑞,9月,4.6,4.787,12018330.31387817,-19471634.284919664,-7453303.971041495,31489964.598797835,5947.0,11313.0,17260.0,1185.0,5414.0,6599.0,0.0015525,0.3164,0.8165,0.0,0.0,0.0,0.0,-6923658.526653908,-529645.4443875868,145.81543899140087,0.6189125717061434,0.0,0.3389123072481602,0.1395298494721292,0.8137709813579296,True
沪深300ETF华泰柏瑞,9月,4.7,4.787,27864513.986545477,-22758563.7130068,5105950.273538679,50623077.699552275,8588.0,12231.0,20819.0,2478.0,5853.0,8331.0,0.0017879999999999999,0.16444999999999999,1.11395,0.0,-1629927.0386921745,-1629927.0386921745,1629927.0386921745,-2850753.9406210193,7956704.214159701,197.73865158334678,0.561891803925904,0.06288819875776408,0.3835401463147864,0.19090151412005177,0.8486215870874559,True
沪深300ETF华泰柏瑞,9月,4.8,4.787,46571977.31627658,-15662116.2003285,30909861.11594808,62234093.51660508,14142.0,8330.0,22472.0,6338.0,6338.0,12676.0,0.001909,0.04319999999999999,1.1288,0.0,-4964624.612875695,-4964624.612875695,4964624.612875695,8955350.953798521,21954510.162149563,169.38307178895272,0.706300126891154,0.21262458471760798,0.6045164608057902,0.17006315103658534,0.8787488124541398,True
沪深300ETF华泰柏瑞,9月,4.9,4.787,50543980.26206759,-11482431.265290482,39061548.99677711,62026411.52735808,16863.0,6434.0,23297.0,4703.0,1379.0,6082.0,0.002031,-0.061850000000000016,1.0434,0.0,-3903793.221610794,-3903793.221610794,3903793.221610794,11635413.352119718,27426135.644657396,111.74505488243616,0.5425822379456515,0.32999591336330203,0.24661237129566765,0.08703238038507984,0.856039883448908,True
沪深300ETF华泰柏瑞,9月,5.0,4.787,83050260.7249254,-14255113.460343258,68795147.26458214,97305374.18526866,32745.0,8726.0,41471.0,5184.0,634.0,5818.0,0.002157,-0.14825000000000002,0.90985,0.0,-5485121.357352249,-5485121.357352249,5485121.357352249,12112313.804218939,56682833.460363194,150.01064329755957,0.4419750941486451,0.4102927289896128,0.11548533775620565,0.050059437834840466,0.8950622399017343,True
沪深300ETF华泰柏瑞,9月,5.25,4.787,52240022.3424753,-9081181.53651442,43158840.80596088,61321203.87898973,36978.0,7646.0,44624.0,7690.0,127.0,7817.0,0.0025945,-0.28095,0.5674,0.0,-3879819.079229971,-3879819.079229971,3879819.079229971,10713074.56209721,32445766.243863672,267.62660741523507,0.36414634395490564,0.46746607176055016,0.11228574138440078,0.006088683845016013,0.8954853093723557,False
沪深300ETF华泰柏瑞,9月,5.5,4.787,16921367.05730506,-4517572.05094302,12403795.00636204,21438939.10824808,22069.0,4887.0,26956.0,5357.0,17.0,5374.0,0.0028765,-0.35585,0.369,0.0,-2017966.5997592092,-2017966.5997592092,2017966.5997592092,4091755.45603336,8312039.55032868,255.08538015832391,0.44517515586515943,0.46130319148936166,0.12310864997954636,0.03066326774645567,0.8164914091354611,False
沪深300ETF华泰柏瑞,9月,5.75,4.787,9873948.3515244,-745463.76455173,9128484.586972669,10619412.11607613,22165.0,1043.0,23208.0,4698.0,17.0,4715.0,0.0034505,-0.3787,0.25315,0.0,-331269.2632675434,-331269.2632675434,331269.2632675434,2080690.0691404098,7047794.51783226,298.73715497143934,0.32147607548843155,0.4361006538537744,0.11412746162692038,-0.0011702750146284377,0.7427680442405804,False
沪深300ETF华泰柏瑞,9月,6.0,4.787,12419005.999150548,-630590.6238305599,11788415.375319988,13049596.622981109,41213.0,1072.0,42285.0,9853.0,14.0,9867.0,0.004072,-0.3867,0.1941,0.0,-280943.04233937553,-280943.04233937553,280943.04233937553,2960839.14414333,8827576.23117666,285.296154523583,0.4221900265066374,0.4276947285601889,0.1260673753137595,0.08137350562379383,0.8223666658242151,False
沪深300ETF嘉实,12月,4.4,4.986,36860.70981312,-286369.5697632,-249508.85995008002,323230.27957632,48.0,374.0,422.0,11.0,310.0,321.0,0.0012575000000000002,0.3337,0.30845,5939.824761324864,-212391.76546092765,-206451.9406996028,218331.5902222525,-228917.90540916,-20590.954540920004,123.3427572002215,0.6462678619760083,0.6274664229761429,0.5290218360071302,0.5989010989010989,0.1405763652582397,False
沪深300ETF嘉实,12月,4.5,4.986,264890.3604192,-908651.1022862401,-643760.74186704,1173541.4627054401,304.0,1044.0,1348.0,1.0,136.0,137.0,0.001244,0.2979,0.3503,19368.479597812748,-470446.4793845096,-451077.99978669686,489814.95898232237,-117496.99295675999,-526263.7489102801,160.31709606759216,0.4984578577295117,0.5712510991287065,0.0667788364589635,0.033218393122407965,0.23774457851392386,False
沪深300ETF嘉实,12月,4.6,4.986,437224.22231472004,-1343856.4280837998,-906632.2057690797,1781080.6503985198,452.0,1385.0,1837.0,17.0,55.0,72.0,0.0012345,0.258,0.3897,12799.238381437635,-637896.7920701681,-625097.5536887305,650696.0304516057,-36921.86589527999,-869710.3398737997,162.05187492928735,0.48582286221752347,0.5203187957911889,0.038660905402383317,0.024277839214503535,0.2794170905509674,False
沪深300ETF嘉实,12月,4.7,4.986,967321.6620501599,-1000864.0329011999,-33542.37085104,1968185.6949513596,919.0,962.0,1881.0,6.0,74.0,80.0,0.0012595000000000002,0.21294999999999997,0.42095,0.0,-476476.6334254568,-476476.6334254568,476476.6334254568,-70674.05680055999,37131.685949519975,160.2934861315493,0.48845559361756963,0.47381546134663355,0.04172595630702269,0.016074681238615662,0.28989549527377806,False
沪深300ETF嘉实,12月,4.8,4.986,1010499.0990649201,-1044480.25237536,-33981.1533104399,2054979.3514402802,551.0,954.0,1505.0,15.0,17.0,32.0,0.0016005000000000001,0.29045,0.5890500000000001,0.0,-459100.2463326962,-459100.2463326962,459100.2463326962,8896.718342520006,-42877.871652959846,159.12100688293515,0.4817117818914458,0.4567164179104477,0.022521468494484963,0.02197975776071718,0.2805140625179107,True
沪深300ETF嘉实,12月,4.9,4.986,1177847.4972545996,-847189.23971544,330658.2575391596,2025036.7369700396,465.0,747.0,1212.0,102.0,157.0,259.0,0.001801,0.16895000000000002,0.7375499999999999,0.0,-424472.62822858244,-424472.62822858244,424472.62822858244,80309.37156623992,250348.88597291964,159.64556591885065,0.5581893208970825,0.4495319495319495,0.21476443408040766,0.14285714285714285,0.29193135870990566,True
沪深300ETF嘉实,12月,5.0,4.986,2783906.89857,-444850.33603967994,2339056.56253032,3228757.2346096803,1106.0,398.0,1504.0,531.0,114.0,645.0,0.0019375,0.08495000000000003,0.73105,0.0,-213738.4931534977,-213738.4931534977,213738.4931534977,1209157.9197087602,1129898.6428215601,160.8086610992333,0.6246612031005856,0.41060358890701476,0.3832703299499305,0.5811147533721677,0.3664983524549106,True
沪深300ETF嘉实,12月,5.25,4.986,6927134.01294168,-822169.93846104,6104964.07448064,7749303.95140272,3389.0,818.0,4207.0,998.0,52.0,1050.0,0.002235,-0.07304999999999998,0.6132500000000001,0.0,-287584.0300947352,-287584.0300947352,287584.0300947352,1987652.2228271996,4117311.85165344,101.5918001215766,0.4967885388615406,0.3518594616807068,0.1790259151389401,0.17087960399591362,0.5290474407911973,False
沪深300ETF嘉实,12月,5.5,4.986,1831592.8396411198,-428546.77090092,1403046.0687401998,2260139.61054204,1237.0,483.0,1720.0,71.0,1.0,72.0,0.0024795,-0.17955,0.47625,0.0,-140264.20754286155,-140264.20754286155,140264.20754286155,104240.54204172,1298805.5266984797,154.96806516282618,0.48791901215503497,0.3459736456808198,0.02973366071323964,0.0,0.29755474311927743,False
沪深300ETF嘉实,12月,5.75,4.986,965927.9994624,-474052.862475,491875.1369874,1439980.8619374,934.0,625.0,1559.0,79.0,12.0,91.0,0.00278,-0.24464999999999998,0.36055,0.0,-156515.90859782245,-156515.90859782245,156515.90859782245,72598.73317488,419276.4038125201,162.4929501561815,0.4907621280977529,0.34259259259259256,0.05189122055674518,0.03041223145485859,0.26053006357194186,False
沪深300ETF嘉实,12月,6.0,4.986,1025089.5480973199,-245929.48893,779160.0591673199,1271019.03702732,1403.0,375.0,1778.0,1095.0,5.0,1100.0,0.0030775000000000004,-0.28645000000000004,0.27885,0.0,-67726.5297069203,-67726.5297069203,67726.5297069203,796773.0108293999,-17612.951662080042,125.26029559382218,0.49288584763043053,0.349395479236026,0.39690187693038725,0.3223915592028136,0.30702054877290036,False
沪深300ETF嘉实,12月,6.25,4.986,2737425.7901088,-162535.96144800002,2574889.8286608,2899961.7515567997,5194.0,280.0,5474.0,24587.0,0.0,24587.0,0.003333,-0.31635,0.22275,0.0,-48803.020930660314,-48803.020930660314,48803.020930660314,2737425.7901088,-162535.96144800002,375.3817396028601,0.5168831956524373,0.3,2.3668656141701963,1.0204918032786885,0.5553884750978935,False
沪深300ETF嘉实,3月,4.6,4.986,73811.1649338,-767590.8697548001,-693779.7048210001,841402.0346886001,85.0,1015.0,1100.0,105.0,1596.0,1701.0,0.0013265,0.24685,0.32675,0.0,-244935.5449305539,-244935.5449305539,244935.5449305539,-693779.7048210001,0.0,153.69914004174737,0.8770406879666022,0.18291457286432156,1.4038539553752536,550.0,0.28477515453115293,False
沪深300ETF嘉实,3月,4.7,4.986,57307.47521724,-63068.32843632,-5760.853219080003,120375.80365356,61.0,81.0,142.0,61.0,93.0,154.0,0.001369,0.2089,0.34555,0.0,-19415.057467844013,-19415.057467844013,19415.057467844013,-5760.853219080003,0.0,160.54264446256892,0.871565884429945,0.17694805194805197,1.074074074074074,71.0,0.067018946043468,False
沪深300ETF嘉实,3月,4.8,4.986,11006.851779,-25193.07402444,-14186.22224544,36199.92580344,11.0,31.0,42.0,11.0,31.0,42.0,0.0013705,0.17159999999999997,0.3647,0.0,-9058.099976362157,-9058.099976362157,9058.099976362157,-14186.22224544,0.0,158.2642447647778,0.8733886041881778,0.2056973086333449,1.0,21.0,0.0277959998193563,True
沪深300ETF嘉实,3月,4.9,4.986,58274.28823968,-25570.70040168,32703.587838,83844.98864135999,24.0,31.0,55.0,24.0,31.0,55.0,0.0017324999999999999,0.2204,0.65425,0.0,-9591.737553200235,-9591.737553200235,9591.737553200235,32703.587838,0.0,159.63064390898995,0.8722954848728082,0.21496296296296286,1.0,27.5,0.04445994923470188,True
沪深300ETF嘉实,3月,5.0,4.986,28224.277722720002,-28904.9498892,-680.6721664799989,57129.22761192,12.0,35.0,47.0,12.0,35.0,47.0,0.0019085,0.12185000000000001,0.63915,0.0,-11216.171022045915,-11216.171022045915,11216.171022045915,-680.6721664799989,0.0,160.90393816386262,0.8712768494689099,0.22268694550063373,1.0,23.5,0.033941648909584655,True
沪深300ETF嘉实,3月,5.25,4.986,3740.46509016,-1577.1308342399998,2163.33425592,5317.5959244,2.0,2.0,4.0,2.0,2.0,4.0,0.00218,-0.02174999999999999,0.53475,0.0,-662.4585325055539,-662.4585325055539,662.4585325055539,2163.33425592,0.0,150.19532001620797,0.8798437439870337,0.23694528604526816,1.0,2.0,0.0070122002167448145,False
沪深300ETF嘉实,3月,5.5,4.986,6201.127290240001,-739.34222904,5461.7850612,6940.469519280001,4.0,1.0,5.0,4.0,1.0,5.0,0.002297,-0.13130000000000003,0.4605,0.0,-351.0455730805207,-351.0455730805207,351.0455730805207,5461.7850612,0.0,145.4696311661375,0.8836242950670901,0.26518218623481776,1.0,2.5,0.008785198072084293,False
沪深300ETF嘉实,3月,5.75,4.986,235575.46589796,-668.98787436,234906.4780236,236244.45377232,211.0,1.0,212.0,307.0,1.0,308.0,0.0025405000000000002,-0.19474999999999998,0.3591,0.0,-342.5036708366748,-342.5036708366748,342.5036708366748,234906.4780236,0.0,145.6007840879915,0.8501860393962735,0.2840177346141666,1.227488151658768,106.0,0.10974799237595212,False
沪深300ETF嘉实,3月,6.0,4.986,124163.75171807999,-11097.591494400001,113066.16022368,135261.34321248,149.0,20.0,169.0,233.0,20.0,253.0,0.0029759999999999995,-0.22699999999999998,0.2792,0.0,-5298.040250741547,-5298.040250741547,5298.040250741547,113066.16022368,0.0,311.69423418032363,0.7235727894513211,0.2612158647594278,1.2818791946308725,84.5,0.08091023223625433,False
沪深300ETF嘉实,8月,4.4,4.986,114480.20817216,-1584360.1792367997,-1469879.9710646397,1698840.3874089597,136.0,2810.0,2946.0,86.0,2817.0,2903.0,0.001214,0.4276,0.2827,65763.66001607005,0.0,65763.66001607005,65763.66001607005,-1511968.2828926397,42088.311828000005,547.524690193118,0.6694032170331806,0.3887719298245614,0.8174220221896588,0.8589178166642956,0.39204364644493067,False
沪深300ETF嘉实,8月,4.5,4.986,350465.12149824004,-2866313.97347472,-2515848.85197648,3216779.09497296,328.0,3316.0,3644.0,89.0,838.0,927.0,0.001157,0.3941,0.38875000000000004,132840.12594493883,0.0,132840.12594493883,132840.12594493883,-629262.27555984,-1886586.5764166403,368.3016233199511,0.44546393435195,0.32130584192439876,0.26202778840213015,0.10646641184600908,0.4162294585122334,False
沪深300ETF嘉实,8月,4.6,4.986,939424.5445067999,-3458194.46951328,-2518769.92500648,4397619.01402008,726.0,2671.0,3397.0,217.0,1947.0,2164.0,0.0011135000000000001,0.34835,0.5206500000000001,292060.0852546045,0.0,292060.0852546045,292060.0852546045,-2240025.7231623596,-278744.2018441203,257.66449474595987,0.5994361128749877,0.2621308016877637,0.5139192716793888,0.18640399266038,0.4856031220699779,False
沪深300ETF嘉实,8月,4.7,4.986,1975774.0211784,-7442748.6482934,-5466974.627115,9418522.6694718,1318.0,4043.0,5361.0,423.0,1902.0,2325.0,0.0010595000000000001,0.29015,0.6717500000000001,381581.1560306967,0.0,381581.1560306967,381581.1560306967,-2867280.5378952,-2599694.0892198,176.13232114506155,0.5373708550764653,0.15008517887563877,0.39569177998128613,0.1782494839531785,0.595037667249063,False
沪深300ETF嘉实,8月,4.8,4.986,6524690.1992387995,-9786769.04615904,-3262078.8469202407,16311459.24539784,2790.0,3991.0,6781.0,1738.0,5913.0,7651.0,0.0015,0.34254999999999997,0.96355,0.0,0.0,0.0,0.0,-5722284.6138016805,2460205.7668814403,106.6300184925067,0.8392837988260664,0.0,1.0522613155585732,0.2816388649317645,0.708251166691733,True
沪深300ETF嘉实,8月,4.9,4.986,26490853.322247602,-19643639.370202806,6847213.952044796,46134492.692450404,6315.0,6810.0,13125.0,6750.0,7401.0,14151.0,0.0016965,0.17720000000000002,1.42385,0.0,0.0,0.0,0.0,6847213.952044796,0.0,180.6963933170669,0.7649666948701561,0.0,1.0778338757102346,0.19311298739538743,0.8288732087029935,True
沪深300ETF嘉实,8月,5.0,4.986,52239925.13302367,-14602718.782135801,37637206.35088787,66842643.91515947,11804.0,4959.0,16763.0,7289.0,7242.0,14531.0,0.0018135,0.022399999999999975,1.48235,0.0,0.0,0.0,0.0,17655567.755869076,19981638.595018797,39.091565328446194,0.8588939227061803,0.0,1.0389388085657183,0.1471293518669258,0.8634825522081688,True
沪深300ETF嘉实,8月,5.25,4.986,33930349.51109832,-4583126.293776,29347223.21732232,38513475.804874316,13121.0,2160.0,15281.0,4194.0,991.0,5185.0,0.0021514999999999998,-0.2581,0.94685,0.0,-2067772.6234563843,-2067772.6234563843,2067772.6234563843,8742784.75469388,20604438.462628435,280.867153785398,0.45452300225980347,0.3439398784777742,0.3892182838085399,0.12526715279046047,0.8025746111637528,False
沪深300ETF嘉实,8月,5.5,4.986,11374197.470786162,-1337337.3388867201,10036860.131899443,12711534.80967288,10847.0,1004.0,11851.0,4075.0,1463.0,5538.0,0.0026704999999999997,-0.36769999999999997,0.4788,0.0,-1159195.3923737814,-1159195.3923737814,1159195.3923737814,2935720.1602792805,7101139.971620161,243.9388972661117,0.5864364773895898,0.4902770133920382,0.916425613118651,0.38481111171440907,0.7240701441683091,False
沪深300ETF嘉实,8月,5.75,4.986,1680485.6074982397,-388324.21678271994,1292161.39071552,2068809.8242809596,3488.0,419.0,3907.0,2169.0,30.0,2199.0,0.003235,-0.40745,0.2833,0.0,-192776.10132421958,-192776.10132421958,192776.10132421958,1017200.16489672,274961.22581879987,553.1311925030205,0.48642802356086656,0.47358730158730167,0.34672268781064575,0.108668167329478,0.4145107435352552,False
沪深300ETF嘉实,8月,6.0,4.986,1117894.648581,-180425.35848959998,937469.2900914,1298320.0070706,4183.0,256.0,4439.0,1774.0,0.0,1774.0,0.003836,-0.4239,0.19549999999999998,0.0,-55508.28859447346,-55508.28859447346,55508.28859447346,474096.367818,463372.9222734,229.96738093363513,0.4028258008033744,0.3,0.2120487688262013,0.14672232529375387,0.3734201583173509,False
沪深300ETF嘉实,8月,6.25,4.986,472764.10991436004,-96169.43080836,376594.67910600005,568933.5407227201,3033.0,169.0,3202.0,2150.0,2.0,2152.0,0.0043785,-0.434,0.14579999999999999,0.0,-47367.65125136098,-47367.65125136098,47367.65125136098,333989.77240512,42604.90670087999,635.7319849219758,0.45614333256090595,0.46577207312329827,0.3603517130109232,0.05918141592920354,0.30661924148153796,False
沪深300ETF嘉实,9月,4.2,4.986,172623.23457695998,-3878370.812421,-3705747.57784404,4050994.04699796,328.0,9325.0,9653.0,64.0,2635.0,2699.0,0.0012870000000000002,0.44435,0.1895,74925.77236862798,0.0,74925.77236862798,74925.77236862798,-1062243.11101932,-2643504.46682472,219.9655154926719,0.519566723158076,0.37412775093934514,0.23884783888053357,0.18781545757690765,0.5617353596087047,False
沪深300ETF嘉实,9月,4.3,4.986,194672.23961328,-2993940.7504956,-2799268.51088232,3188612.99010888,286.0,5259.0,5545.0,82.0,1080.0,1162.0,0.0012415,0.42145,0.2514,81482.29768766745,0.0,81482.29768766745,81482.29768766745,-559027.2498206401,-2240241.26106168,507.4722870936075,0.412045118038341,0.34386559802712713,0.24603776143992917,0.18061266922330546,0.4552625009788319,False
沪深300ETF嘉实,9月,4.4,4.986,420705.3678786001,-1881847.2286512,-1461141.8607726,2302552.5965298,497.0,2445.0,2942.0,128.0,783.0,911.0,0.001204,0.39135000000000003,0.32505,152202.69271976492,0.0,152202.69271976492,152202.69271976492,-494302.2379228799,-966839.62284972,172.3266438676955,0.5776968189864006,0.30842293906810037,0.28889533520139243,0.13569190500754666,0.3662194733904792,False
沪深300ETF嘉实,9月,4.5,4.986,699192.51529608,-2336937.9766272,-1637745.4613311198,3036130.49192328,689.0,2295.0,2984.0,174.0,405.0,579.0,0.0011810000000000002,0.35235,0.40890000000000004,215371.53718605902,0.0,215371.53718605902,215371.53718605902,-235826.80247952,-1401918.6588515998,163.24002477571983,0.5552100804099372,0.2690200210748156,0.21450525057628278,0.16360615473524526,0.38060347631392394,False
沪深300ETF嘉实,9月,4.6,4.986,1741120.8685520398,-2087504.69167296,-346383.8231209202,3828625.5602249997,1481.0,1608.0,3089.0,741.0,801.0,1542.0,0.0011465000000000002,0.30589999999999995,0.49755,394088.96317314036,0.0,394088.96317314036,394088.96317314036,-168709.49392068025,-177674.32920024008,146.99041449567528,0.6821020560197336,0.16832591040083839,0.49923596904068446,0.21404834990302532,0.44344164290193877,False
沪深300ETF嘉实,9月,4.7,4.986,2931979.69518912,-2531175.6600144,400804.03517472,5463155.35520352,2224.0,1610.0,3834.0,609.0,686.0,1295.0,0.001154,0.24730000000000002,0.58135,263185.801903996,0.0,263185.801903996,263185.801903996,-275634.1913245198,676438.2264992399,163.3093526068958,0.6093360962691909,0.07699805068226129,0.34995894588676885,0.2282623694437545,0.4884032616407115,False
沪深300ETF嘉实,9月,4.8,4.986,5526343.012580641,-3074292.3843950396,2452050.628185601,8600635.396975681,2162.0,1709.0,3871.0,823.0,1004.0,1827.0,0.0016675000000000001,0.28275,0.8759,0.0,0.0,0.0,0.0,297611.84759832034,2154438.7805872806,169.4261443208432,0.65808790600277,0.0,0.4840720536486111,0.21634126841358356,0.5490725265106363,True
沪深300ETF嘉实,9月,4.9,4.986,8046839.726801279,-3604629.9736238397,4442209.75317744,11651469.700425118,2472.0,1834.0,4306.0,1498.0,1103.0,2601.0,0.0018124999999999999,0.155,1.0499999999999998,0.0,-349296.5167365247,-349296.5167365247,349296.5167365247,2708392.561608239,1733817.1915691998,163.01470903662167,0.7110691770345714,0.06833457804331572,0.6037023606596719,0.35606264282833716,0.6059875996664996,True
沪深300ETF嘉实,9月,5.0,4.986,10517885.533546561,-5482675.5811027195,5035209.952443842,16000561.11464928,3172.0,2754.0,5926.0,1857.0,2126.0,3983.0,0.001914,0.042350000000000027,1.0673,0.0,-1788627.5088499845,-1788627.5088499845,1788627.5088499845,1925088.556369681,3110121.396074161,143.64350320608804,0.7565658180800061,0.20826580226904362,0.6787015516121913,0.33212378323004116,0.6682839421978841,True
沪深300ETF嘉实,9月,5.25,4.986,13355071.312572,-6589995.448111199,6765075.864460802,19945066.7606832,5575.0,3985.0,9560.0,1418.0,761.0,2179.0,0.002209,-0.17625,0.8144,0.0,-3150114.88642255,-3150114.88642255,3150114.88642255,2138393.5128849605,4626682.351575841,156.30820898651592,0.5640166125599588,0.43311129614210375,0.22265794937292877,0.08321170355006238,0.7000203914692533,False
沪深300ETF嘉实,9月,5.5,4.986,7980739.448860799,-2616029.9726133593,5364709.476247439,10596769.421474159,5840.0,2159.0,7999.0,1237.0,316.0,1553.0,0.0026125000000000002,-0.2933,0.51855,0.0,-1344874.503494741,-1344874.503494741,1344874.503494741,1307548.1118258,4057161.36442164,106.44328783690463,0.5864811949159059,0.4667295489624422,0.17908956296357395,0.029945553539019964,0.6160846949628168,False
沪深300ETF嘉实,9月,5.75,4.986,4585104.91677564,-1653266.1788978397,2931838.7378778,6238371.09567348,5963.0,1781.0,7744.0,1486.0,10.0,1496.0,0.0030175,-0.35140000000000005,0.34135000000000004,0.0,-748722.4980471786,-748722.4980471786,748722.4980471786,1133341.03416168,1798497.7037161202,274.4080415190607,0.43143721563071835,0.44310936733692985,0.12740912211491734,0.07182585347142309,0.5557385275025194,False
沪深300ETF嘉实,9月,6.0,4.986,4315021.01281008,-754403.0329807202,3560617.9798293603,5069424.045790801,9362.0,1019.0,10381.0,2096.0,5.0,2101.0,0.0033555,-0.38705,0.2416,0.0,-352560.9107617266,-352560.9107617266,352560.9107617266,962361.5557442401,2598256.4240851207,164.49654261075617,0.4323426954652875,0.44706219000381536,0.11439527843018538,0.0491553261379634,0.5774225659332228,False
沪深300ETF嘉实,9月,6.25,4.986,4650506.37460656,-207211.72247568,4443294.65213088,4857718.09708224,15641.0,338.0,15979.0,6485.0,2.0,6487.0,0.0039565,-0.3931,0.1831,0.0,-95929.5036526065,-95929.5036526065,95929.5036526065,1926945.61301088,2516349.0391200003,125.91809342295836,0.5200387106401214,0.4341854979837175,0.21026629677955336,0.16568777664283282,0.6548950298538567,False
深证100ETF易方达,12月,3.2,3.758,6564.8738754000005,-82155.75645976,-75590.88258435999,88720.63033516,15.0,181.0,196.0,2.0,51.0,53.0,0.0015630000000000002,0.32735000000000003,0.31565,260.95656886363685,-8491.903405861694,-8230.946836998057,8752.859974725332,-22273.54303824,-53317.33954611999,652.3045192195733,0.28302025782688767,0.24372676541210314,0.20755064456721917,0.2677627715795655,0.05665409618558681,False
深证100ETF易方达,12月,3.3,3.758,18126.73457092,-61740.03671572,-43613.3021448,79866.77128664,37.0,121.0,158.0,22.0,3.0,25.0,0.0016305000000000002,0.28469999999999995,0.35409999999999997,1952.6752404174088,-8549.340924732622,-6596.665684315213,10502.016165150031,9247.313681560001,-52860.61582636,665.6621096196263,0.32387759660486937,0.45284548980911526,0.30969399151217336,0.38095238095238093,0.047294888266763785,False
深证100ETF易方达,12月,3.4,3.758,82710.49077368001,-263501.6236248,-180791.13285112,346212.11439848004,154.0,484.0,638.0,16.0,148.0,164.0,0.0017230000000000001,0.23895000000000002,0.3829,1561.8427699395445,-78982.29650114426,-77420.45373120472,80544.1392710838,-71981.57890287999,-108809.55394824002,664.4053627302858,0.2819362455726092,0.5040694593994086,0.20484061393152303,0.22975352112676056,0.14415408064857166,False
深证100ETF易方达,12月,3.5,3.758,127074.83087199999,-155161.08002700002,-28086.249155000027,282235.910899,220.0,257.0,477.0,100.0,124.0,224.0,0.0016665,0.1974,0.41825,0.0,-50342.46203277626,-50342.46203277626,50342.46203277626,-17102.42500400001,-10983.824151000008,645.0192435012258,0.3874071453837991,0.41279403327596104,0.4685178634594977,0.3708583395848962,0.12824108351414967,False
深证100ETF易方达,12月,3.6,3.758,202212.5203776,-122540.35802288001,79672.16235472,324752.87840048,157.0,196.0,353.0,30.0,11.0,41.0,0.0023885,0.21220000000000003,0.67735,0.0,-25295.25116419518,-25295.25116419518,25295.25116419518,31762.070112920002,47910.0922418,614.4745477484767,0.24944105030547253,0.4639801891040072,0.12360262576368128,0.04394341290893015,0.117867280882856,True
深证100ETF易方达,12月,3.7,3.758,232367.30148168,-132665.10660576,99702.19487592002,365032.40808744,171.0,216.0,387.0,4.0,1.0,5.0,0.002602,0.1278,0.69855,0.0,-24685.005218469087,-24685.005218469087,24685.005218469087,4821.30212396,94880.89275196003,586.3537489844591,0.20560428849902534,0.46090750436300176,0.014010721247563352,0.005266757865937072,0.12148662511585435,True
深证100ETF易方达,12月,3.8,3.758,292615.00685952,-67827.28547664001,224787.72138287997,360442.29233615997,226.0,108.0,334.0,10.0,0.0,10.0,0.0027004999999999998,0.055150000000000005,0.68075,0.0,-8139.274257196802,-8139.274257196802,8139.274257196802,12947.5666752,211840.15470767996,556.4118354880717,0.22951658868669444,0.3,0.022123893805309734,0.023148148148148147,0.11908409502687074,True
深证100ETF易方达,12月,3.9,3.758,215785.99908928003,-80783.32569024,135002.67339904,296569.32477952004,178.0,136.0,314.0,5.0,7.0,12.0,0.0028884999999999996,-0.006199999999999983,0.6395,0.0,-14732.677794241386,-14732.677794241386,14732.677794241386,1903.4391759200007,133099.23422312003,535.531188354031,0.25405471540732133,0.4133782483156881,0.039780237937871776,0.016960013670539988,0.10500197285566058,True
深证100ETF易方达,12月,4.0,3.758,220908.25305208002,-89160.26575248002,131747.9872996,310068.51880456007,194.0,156.0,350.0,4.0,21.0,25.0,0.0029925000000000004,-0.061950000000000005,0.6055,0.0,-17906.60796075082,-17906.60796075082,17906.60796075082,-7447.534125400002,139195.52142499998,514.8995906882367,0.2857096869310266,0.3955864323661627,0.07761697065820777,0.03945490867579909,0.11237103414234917,False
深证100ETF易方达,12月,4.1,3.758,169162.8961048,-41633.88357456001,127529.01253023998,210796.77967935998,170.0,76.0,246.0,6.0,21.0,27.0,0.003152,-0.10529999999999998,0.54625,0.0,-9955.474363457042,-9955.474363457042,9955.474363457042,-5533.644252120003,133062.65678236,500.3386253947665,0.32833183364089735,0.38502296008477566,0.15580495356037152,0.1611247947454844,0.08424433068126844,False
深证100ETF易方达,12月,4.2,3.758,155925.25196504002,-58187.788192800006,97737.46377224001,214113.04015784003,173.0,108.0,281.0,4.0,0.0,4.0,0.0031744999999999994,-0.15114999999999998,0.50985,0.0,-6982.534583136001,-6982.534583136001,6982.534583136001,3605.2081379200004,94132.25563432,507.66556029713934,0.2652849381173081,0.3,0.011560693641618497,0.0029069767441860465,0.0871368360808991,False
深证100ETF易方达,12月,4.3,3.758,146038.60981120003,-42327.01901568,103711.59079552002,188365.62882688004,184.0,84.0,268.0,13.0,10.0,23.0,0.0033345,-0.18355,0.45940000000000003,0.0,-8016.569576598132,-8016.569576598132,8016.569576598132,5279.014423200001,98432.57637232004,494.5579555714937,0.30871822584617103,0.3824343015214385,0.09484989648033126,0.025714285714285714,0.08144755401115324,False
深证100ETF易方达,12月,4.4,3.758,137827.46865032002,-29428.03396064001,108399.43468968001,167255.50261096004,197.0,61.0,258.0,3.0,0.0,3.0,0.0033825,-0.21965,0.4185,0.0,-3531.364075276801,-3531.364075276801,3531.364075276801,2098.8954616800006,106300.539228,477.2182254196639,0.28793777161012324,0.3,0.007614213197969543,0.002551020408163265,0.070040633092627,False
深证100ETF易方达,12月,4.5,3.758,278909.90585136,-177537.57655680002,101372.32929455998,456447.48240816,461.0,388.0,849.0,5.0,0.0,5.0,0.003489,-0.24575,0.3762,0.0,-21304.509186816,-21304.509186816,21304.509186816,3025.0532088,98347.27608575995,486.3566224103995,0.2796309041803331,0.3,0.005422993492407809,0.00437636761487965,0.15170344727006357,False
深证100ETF易方达,12月,4.6,3.758,514869.1402608001,-10033.658045080001,504835.48221572005,524902.79830588,984.0,23.0,1007.0,2822.0,0.0,2822.0,0.003595,-0.2668,0.3397,0.0,-802.6926436064001,-802.6926436064001,802.6926436064001,514869.1402608001,-10033.658045080001,317.66696936832966,0.5342780026990559,0.3,1.4339430894308942,1.8768115942028984,0.2714235724555928,False
深证100ETF易方达,3月,3.3,3.758,13557.661440000002,-19169.40347104,-5611.742031039999,32727.064911040005,30.0,47.0,77.0,30.0,49.0,79.0,0.0017555000000000003,0.26949999999999996,0.3044,3537.836607021263,-4698.872174057401,-1161.0355670361382,8236.708781078663,-5611.742031039999,0.0,514.3185868665861,0.5623816488338077,0.45101247184344023,1.021276595744681,38.5,0.03439817130021891,False
深证100ETF易方达,3月,3.4,3.758,492.8774836,-9491.210361840001,-8998.332878240002,9984.08784544,1.0,23.0,24.0,1.0,23.0,24.0,0.0018770000000000002,0.2307,0.3206,4.189162765771847,-2044.1996742550507,-2040.0105114892788,2048.3888370208224,-8998.332878240002,0.0,563.187031006048,0.6000000000000001,0.18656465511403042,1.0,12.0,0.014086365502688731,False
深证100ETF易方达,3月,3.5,3.758,577.0479650400001,-24026.718133200007,-23449.670168160006,24603.76609824001,1.0,53.0,54.0,1.0,64.0,65.0,0.0021565,0.3225,0.3648,0.0,-9829.23859496539,-9829.23859496539,9829.23859496539,-23449.670168160006,0.0,462.54807807895327,0.6916237359282581,0.26115384615384607,1.1037735849056602,27.0,0.028212626607684012,False
深证100ETF易方达,3月,3.6,3.758,1081.7884024,-2238.426394,-1156.6379916,3320.2147964,1.0,5.0,6.0,1.0,5.0,6.0,0.0025305,0.2132,0.5415,0.0,-748.8134454613277,-748.8134454613277,748.8134454613277,-1156.6379916,0.0,479.7759107474576,0.6684756584197922,0.22696663605754513,1.0,3.0,0.005358889168324984,True
深证100ETF易方达,3月,3.7,3.758,1084.6129152,-19550.147796480003,-18465.534881280004,20634.760711680003,1.0,42.0,43.0,1.0,42.0,43.0,0.0026479999999999997,0.14184999999999998,0.5488,0.0,-6118.6678779253625,-6118.6678779253625,6118.6678779253625,-18465.534881280004,0.0,597.5796644876867,0.6000000000000001,0.26081081081081076,1.0,21.5,0.020903486409531137,True
深证100ETF易方达,3月,3.8,3.758,4239.5937128,-461.24294024000005,3778.3507725599993,4700.83665304,4.0,1.0,5.0,4.0,1.0,5.0,0.0027814999999999997,0.08429999999999999,0.53855,0.0,-143.02139582775524,-143.02139582775524,143.02139582775524,3778.3507725599993,0.0,665.8373478701816,0.6000000000000001,0.25839852738150026,1.0,2.5,0.007052095819051364,True
深证100ETF易方达,3月,3.9,3.758,3046.2370548,0.0,3046.2370548,3046.2370548,3.0,0.0,3.0,3.0,40.0,43.0,0.0028645000000000003,0.03315000000000001,0.5228999999999999,0.0,0.0,0.0,0.0,3046.2370548,0.0,524.8556550186969,0.4618097447795825,0.27171717171717175,1.0,1.5,0.008514570889047344,True
深证100ETF易方达,3月,4.0,3.758,3793.3206904000003,0.0,3793.3206904000003,3793.3206904000003,4.0,0.0,4.0,4.0,0.0,4.0,0.0029865,-0.011399999999999993,0.49495,0.0,0.0,0.0,0.0,3793.3206904000003,0.0,407.78996117068954,0.5805520169851381,0.3,1.0,2.0,0.004412546837195421,False
深证100ETF易方达,3月,4.1,3.758,4176.042174800001,-446.27302240000006,3729.7691524000006,4622.3151972000005,5.0,1.0,6.0,5.0,8.0,13.0,0.0031149999999999997,-0.047449999999999964,0.4537,0.0,-153.69042505201335,-153.69042505201335,153.69042505201335,3729.7691524000006,0.0,348.7629661386771,0.787718759594719,0.2869887888836255,4.5,3.0,0.008590118762181883,False
深证100ETF易方达,8月,3.2,3.758,28786.304652480005,-431143.5195868001,-402357.2149343201,459929.8242392801,57.0,1115.0,1172.0,42.0,1986.0,2028.0,0.0017115000000000001,0.40695000000000003,0.3157,11532.819815228639,0.0,11532.819815228639,11532.819815228639,-409932.5582639201,7575.343329600002,696.9188290213995,0.5876234130841307,0.34822934232714997,1.2590040122728345,1.6259114583333332,0.2526815092808461,False
深证100ETF易方达,8月,3.3,3.758,5532.79689828,-171455.27069328,-165922.473795,176988.06759156001,9.0,298.0,307.0,4.0,483.0,487.0,0.001641,0.3684,0.42135,1727.1726541237417,0.0,1727.1726541237417,1727.1726541237417,-168996.24984960002,3073.7760546000004,519.5699901582254,0.539899563428975,0.3253131179960449,1.0326249067859807,0.7816568047337278,0.1148031121815309,False
深证100ETF易方达,8月,3.4,3.758,60299.393962079994,-712493.6632717199,-652194.2693096399,772793.0572338,84.0,867.0,951.0,5.0,792.0,797.0,0.0015800000000000002,0.3183,0.5450999999999999,11685.045885004152,0.0,11685.045885004152,11685.045885004152,-647270.0136941199,-4924.255615519993,155.89437932094376,0.6698882203857233,0.23883255686489452,0.48650930960619543,0.010122390812306148,0.24427632588399056,False
深证100ETF易方达,8月,3.5,3.758,136376.79887624003,-995725.497384,-859348.69850776,1132102.29626024,169.0,900.0,1069.0,15.0,602.0,617.0,0.0015385000000000004,0.2546,0.6774,0.0,0.0,0.0,0.0,-653925.27197912,-205423.42652864003,355.2023323204099,0.47528858140037356,0.0,0.3788231426692965,0.006823755197782279,0.2615035991323026,False
深证100ETF易方达,8月,3.6,3.758,2379988.99837704,-1917433.3658132402,462555.63256379985,4297422.36419028,1289.0,1401.0,2690.0,1367.0,832.0,2199.0,0.0023965,0.2621,1.13825,0.0,0.0,0.0,0.0,1241299.09091336,-778743.4583495602,282.94663752886663,0.692414995472981,0.0,0.8271867761529086,0.7340788441541858,0.4681696173875358,True
深证100ETF易方达,8月,3.7,3.758,4198845.45521388,-2241339.03159936,1957506.42361452,6440184.48681324,1821.0,1463.0,3284.0,2375.0,804.0,3179.0,0.002514,0.12029999999999999,1.3587500000000001,0.0,0.0,0.0,0.0,2967104.798067,-1009598.3744524801,325.4360153979556,0.5628956625050577,0.0,0.9268920766796428,1.162654824606699,0.5332583378874052,True
深证100ETF易方达,8月,3.8,3.758,4349810.4390252,-2064754.4456612803,2285055.9933639197,6414564.88468648,1845.0,1346.0,3191.0,1637.0,1003.0,2640.0,0.0026014999999999996,-0.019199999999999995,1.3778000000000001,0.0,0.0,0.0,0.0,2320830.4251348795,-35774.43177095993,166.50429744272694,0.7599499785725543,0.0,0.816216874650173,0.4880211176064298,0.5207833438501663,True
深证100ETF易方达,8月,3.9,3.758,5546395.797606881,-1264136.54793212,4282259.249674761,6810532.345539001,2746.0,907.0,3653.0,3191.0,208.0,3399.0,0.0027575,-0.13995,1.20855,0.0,-185643.6370338584,-185643.6370338584,185643.6370338584,5256494.582645601,-974235.33297084,158.86170636415508,0.6587761255371214,0.14232619151727144,0.6956906748595331,1.1730043751188892,0.5506737056941297,True
深证100ETF易方达,8月,4.0,3.758,4301249.86148556,-177152.87791344005,4124096.9835721203,4478402.739399,2757.0,156.0,2913.0,2971.0,20.0,2991.0,0.003085,-0.22434999999999997,0.9544,0.0,-38660.312986169614,-38660.312986169614,38660.312986169614,4278537.95406076,-154440.97048864004,279.94173158528224,0.5683543070394665,0.3296875,0.6029128651544321,0.7418918918918919,0.48978651519665095,False
深证100ETF易方达,8月,4.1,3.758,1573081.89922176,-98577.75633024,1474504.14289152,1671659.655552,1392.0,96.0,1488.0,1050.0,0.0,1050.0,0.0031305,-0.2978,0.7636499999999999,0.0,-16534.50403536839,-16534.50403536839,16534.50403536839,1186591.949844,287912.19304752,409.70473181147514,0.35643161684967045,0.3,0.3771551724137931,0.36891385767790263,0.3242694253776496,False
深证100ETF易方达,8月,4.2,3.758,1161986.0653611603,-86401.84655200002,1075584.2188091604,1248387.9119131602,1469.0,100.0,1569.0,1120.0,0.0,1120.0,0.0033695,-0.34135000000000004,0.58595,0.0,-14578.873358746278,-14578.873358746278,14578.873358746278,885925.3867968003,189658.83201235998,544.0636758115213,0.3930958117744351,0.3,0.381211708645337,0.14885159010600707,0.3012693016339554,False
深证100ETF易方达,8月,4.3,3.758,565086.8594602001,-46047.74972712,519039.1097330801,611134.6091873201,1045.0,62.0,1107.0,852.0,8.0,860.0,0.003398,-0.38445,0.4544,0.0,-13539.7544849805,-13539.7544849805,13539.7544849805,454779.89005104004,64259.21968204002,812.3829241841663,0.3954248982565215,0.44363957597173137,0.47217163142460256,0.1151528484523855,0.23730857534133443,False
深证100ETF易方达,8月,4.4,3.758,217976.69121696,-32533.727009880004,185442.96420708,250510.41822684,582.0,51.0,633.0,593.0,0.0,593.0,0.0038915,-0.3892,0.35845,0.0,-5463.360314261573,-5463.360314261573,5463.360314261573,217976.69121696,-32533.727009880004,1263.9036152148476,0.4066076042820228,0.3,0.5094501718213058,0.23857868020304568,0.1551080250685942,False
深证100ETF易方达,8月,4.5,3.758,213252.41110768003,-24145.065219520005,189107.34588816002,237397.47632720004,796.0,43.0,839.0,392.0,0.0,392.0,0.00417,-0.4018,0.29365,0.0,-4058.762420651423,-4058.762420651423,4058.762420651423,105018.77531936002,84088.5705688,1762.3968274439,0.3385750003564378,0.3,0.24623115577889448,0.2184115523465704,0.1495857762700198,False
深证100ETF易方达,8月,4.6,3.758,626815.880576,-4002.8995401600005,622812.98103584,630818.7801161599,3650.0,8.0,3658.0,24507.0,0.0,24507.0,0.004373,-0.41359999999999997,0.23795,0.0,-673.0592602520204,-673.0592602520204,673.0592602520204,626815.880576,-4002.8995401600005,726.1669032571119,0.43485595107852126,0.3,3.3571232876712327,2.8424908424908426,0.4077703133353303,False
深证100ETF易方达,9月,3.0,3.758,60468.86473008001,-1318220.3190265202,-1257751.4542964404,1378689.1837566001,186.0,5481.0,5667.0,10.0,15965.0,15975.0,0.0016955,0.4346,0.20024999999999998,14587.002737090203,0.0,14587.002737090203,14587.002737090203,-1314969.3047937201,57217.85049728001,308.33519189386277,0.5307512013236195,0.39928155076589394,1.4832765388938915,0.30873369227583347,0.48448237846981257,False
深证100ETF易方达,9月,3.1,3.758,29670.659610160004,-301665.87567584,-271995.21606568,331336.535286,73.0,893.0,966.0,20.0,454.0,474.0,0.0016425000000000003,0.4087,0.2635,8679.756246390183,0.0,8679.756246390183,8679.756246390183,-145237.57798112,-126757.63808456,401.23079028088296,0.43548961956624,0.3752708139894769,0.3911856294773658,0.4230542452830189,0.17377601466031317,False
深证100ETF易方达,9月,3.2,3.758,153298.17260976,-496247.26859604,-342949.09598628,649545.4412058,313.0,1053.0,1366.0,0.0,313.0,313.0,0.0016505,0.3723,0.34025,25740.396744767604,0.0,25740.396744767604,25740.396744767604,-147507.49769284,-195441.59829344004,387.2032536527661,0.31635325652698,0.3,0.1486229819563153,0.0837028824833703,0.21969724779384742,False
深证100ETF易方达,9月,3.3,3.758,77024.46405600003,-324441.61708992004,-247417.15303392,401466.0811459201,135.0,528.0,663.0,0.0,316.0,316.0,0.001612,0.33089999999999997,0.41955,12969.628318890575,0.0,12969.628318890575,12969.628318890575,-194173.39204624004,-53243.76098767998,375.03939489442064,0.41966545378143316,0.3,0.29924242424242425,0.17692307692307693,0.16572888350456505,False
深证100ETF易方达,9月,3.4,3.758,103083.4191488,-357489.54665504,-254406.12750623998,460572.96580384,160.0,472.0,632.0,12.0,110.0,122.0,0.0016565,0.2766,0.49624999999999997,9347.479359642168,0.0,9347.479359642168,9347.479359642168,-75581.98536904,-178824.1421372,391.87270136522005,0.34811200839934936,0.1428960261295591,0.15402542372881356,0.1395253121141446,0.15702841740792037,False
深证100ETF易方达,9月,3.5,3.758,156477.16176616002,-538508.9001404,-382031.73837424,694986.0619065601,146.0,610.0,756.0,0.0,136.0,136.0,0.002467,0.3136,0.692,34473.65388273223,0.0,34473.65388273223,34473.65388273223,-120061.00068704001,-261970.7376872,334.1885277717296,0.3772393417170426,0.3,0.11147540983606558,0.14210526315789473,0.1914179466750304,False
深证100ETF易方达,9月,3.6,3.758,613423.17068352,-514737.37673868,98685.79394484003,1128160.5474222,408.0,523.0,931.0,45.0,46.0,91.0,0.0026190000000000002,0.21015,0.8807499999999999,0.0,0.0,0.0,0.0,22383.699037439997,76302.09490739997,232.98500784419682,0.4532616394337866,0.0,0.09912411427286019,0.05466388744137571,0.22011190656025262,True
深证100ETF易方达,9月,3.7,3.758,471510.60917056,-421861.88807472005,49648.72109583998,893372.4972452801,284.0,411.0,695.0,29.0,217.0,246.0,0.0027445000000000004,0.10819999999999999,0.9512,0.0,-53311.23589345396,-53311.23589345396,53311.23589345396,-174587.65538848002,224236.37648432003,232.83610904486358,0.5397497550313379,0.1280164802825191,0.3150466056680717,0.550101998413358,0.21490090560773,True
深证100ETF易方达,9月,3.8,3.758,390097.41712592,-255948.45272068,134148.96440524,646045.8698466,238.0,239.0,477.0,9.0,0.0,9.0,0.002784,0.010950000000000015,0.95945,0.0,-46681.58828715007,-46681.58828715007,46681.58828715007,14751.58300056,119397.38140468,238.65372278399872,0.41664004698288504,0.3,0.018907563025210083,0.01293103448275862,0.16335814905397533,True
深证100ETF易方达,9月,3.9,3.758,1122770.52964596,-193818.068336,928952.4613099601,1316588.59798196,741.0,188.0,929.0,15.0,0.0,15.0,0.0028865,-0.0771,0.90145,0.0,-32508.197899445884,-32508.197899445884,32508.197899445884,22728.148373400003,906224.3129365603,294.5269607292388,0.3684270144125604,0.3,0.010121457489878543,0.005457025920873124,0.22607166044288365,True
深证100ETF易方达,9月,4.0,3.758,475768.84466784,-260788.39662912002,214980.44803871997,736557.24129696,359.0,272.0,631.0,43.0,0.0,43.0,0.0030085000000000003,-0.152,0.80865,0.0,-43677.141848184685,-43677.141848184685,43677.141848184685,56986.24044768,157994.20759103997,394.08885075770394,0.3086843511487115,0.3,0.05988857938718663,0.014326647564469915,0.17984924399646282,False
深证100ETF易方达,9月,4.1,3.758,491979.2885296001,-308562.4885796,183416.79995000007,800541.7771092001,436.0,365.0,801.0,116.0,80.0,196.0,0.0031955,-0.21139999999999998,0.6988000000000001,0.0,-97500.56915667279,-97500.56915667279,97500.56915667279,63263.437694400025,120153.36225560008,401.9603265031667,0.37547836441013477,0.4303595812471553,0.24261656403167023,-0.05372862349313148,0.20782909504275304,False
深证100ETF易方达,9月,4.2,3.758,293054.78350247996,-108973.65814192,184081.12536055996,402028.44164439995,317.0,143.0,460.0,43.0,4.0,47.0,0.0033365,-0.26060000000000005,0.5971,0.0,-29602.486998616467,-29602.486998616467,29602.486998616467,36703.69648215999,147377.42887839995,401.51725028009685,0.3115099429097603,0.46739130434782605,0.08180935783459442,0.040955631399317405,0.13551526888082252,False
深证100ETF易方达,9月,4.3,3.758,326078.13980624004,-92200.5713304,233877.56847584003,418278.71113664005,443.0,135.0,578.0,78.0,3.0,81.0,0.0034865,-0.29945,0.5024,0.0,-26406.48876063834,-26406.48876063834,26406.48876063834,55364.40519792,178513.16327792004,241.2892616615515,0.3866274820677992,0.495606183889341,0.09914722849260095,0.05793450881612091,0.14910977046235258,False
深证100ETF易方达,9月,4.4,3.758,127332.28521372,-27496.632108,99835.65310571999,154828.91732172,219.0,44.0,263.0,134.0,0.0,134.0,0.0035694999999999998,-0.33275,0.42710000000000004,0.0,-4619.055718743267,-4619.055718743267,4619.055718743267,77911.07862392,21924.5744818,427.2870652180996,0.38054477704926465,0.3,0.3059360730593607,0.04207920792079208,0.08318914292714329,False
深证100ETF易方达,9月,4.5,3.758,268875.54167808,-81521.79456180001,187353.74711627996,350397.33623988,592.0,145.0,737.0,303.0,0.0,303.0,0.0037485,-0.354,0.35985,0.0,-13698.623484342916,-13698.623484342916,13698.623484342916,137617.04244672,49736.70466955997,514.9227821952771,0.3423951430456511,0.3,0.25591216216216217,0.1651685393258427,0.15731837263783854,False
深证100ETF易方达,9月,4.6,3.758,422151.683088,-12756.205933000001,409395.477155,434907.889021,1200.0,25.0,1225.0,980.0,0.0,980.0,0.0039115,-0.3713,0.3052,0.0,-2144.0080943378493,-2144.0080943378493,2144.0080943378493,344757.2078552,64638.2692998,582.4348190554263,0.40339640705074065,0.3,0.4083333333333333,0.37976539589442815,0.2223466299799759,False
科创50ETF华夏,12月,1.3,1.888,277046.91073024,-3272491.9987200005,-2995445.0879897606,3549538.9094502404,2953.0,34974.0,37927.0,212.0,23352.0,23564.0,0.0027865000000000003,0.38915,0.26285000000000003,44403.908325486496,-780893.1839136041,-736489.2755881177,825297.0922390906,-2165140.2413670397,-830304.8466227204,228.54723243032095,0.4936311228916946,0.4922958095546927,0.36974370066130685,0.19301091291793446,0.7080408300329261,False
科创50ETF华夏,12月,1.35,1.888,55249.36263679999,-1481140.53482496,-1425891.17218816,1536389.8974617599,529.0,13953.0,14482.0,17.0,10534.0,10551.0,0.0027925000000000003,0.36910000000000004,0.2954,12379.196494930571,-402223.18591415364,-389843.98941922304,414602.38240908424,-1116430.9360844798,-309460.23610368004,298.1106338941935,0.518931332131634,0.5113180830059234,0.3935495981174716,0.43161536792609634,0.5537382714525093,False
科创50ETF华夏,12月,1.4,1.888,107499.23278848,-1146647.04089088,-1039147.8081023999,1254146.2736793598,936.0,9663.0,10599.0,23.0,6385.0,6408.0,0.0027890000000000007,0.34775,0.32755,21818.31667429403,-391309.16774987255,-369490.85107557854,413127.48442416656,-755025.99044096,-284121.81766143994,189.76498121251691,0.551922787105336,0.5184308690363562,0.3426702635217072,0.14583451483014803,0.49321477140631254,False
科创50ETF华夏,12月,1.45,1.888,63431.915970559996,-453664.93298688,-390233.01701632,517096.84895744,508.0,3466.0,3974.0,40.0,784.0,824.0,0.0027875,0.32510000000000006,0.35875,12407.880873969585,-66070.57472528271,-53662.69385131313,78478.4555992523,-97623.16460032,-292609.852416,517.2603154765284,0.323041317209036,0.5257234523080818,0.15246875156185397,0.04132105703282506,0.2758462874060546,False
科创50ETF华夏,12月,1.5,1.888,99246.42229247998,-1176173.869824,-1076927.44753152,1275420.29211648,1021.0,8301.0,9322.0,117.0,3142.0,3259.0,0.003896,0.3869,0.3351,18251.562217256545,-438165.8068976553,-419914.2446803988,456417.3691149118,-433818.94216703996,-643108.50536448,232.80612538924592,0.4873755295224704,0.5578841070563345,0.24655107458466763,0.06820428555621694,0.45389474991136997,False
科创50ETF华夏,12月,1.55,1.888,282246.65364479995,-849882.03517952,-567635.3815347201,1132128.68882432,1542.0,5614.0,7156.0,83.0,902.0,985.0,0.004258,0.3388,0.46909999999999996,41188.611435896506,-305886.1838165638,-264697.5723806673,347074.7952524603,-121358.07292416,-446277.30861056014,274.20245559755614,0.4235372263072672,0.5692098336110506,0.10724797696328014,0.047820906872841344,0.37506638103417966,False
科创50ETF华夏,12月,1.6,1.888,493859.1945215999,-1294307.6701184,-800448.4755968,1788166.8646399998,2235.0,8078.0,10313.0,420.0,2399.0,2819.0,0.00449,0.2945,0.5347,75141.97127173042,-571950.1192791793,-496808.1480074488,647092.0905509096,-291577.025792,-508871.4498048,269.15482203493787,0.4816559250612994,0.5780845709424732,0.24244945672312404,0.05092068397947805,0.48483181284650134,False
科创50ETF华夏,12月,1.65,1.888,148309.982208,-444782.3032115199,-296472.32100351993,593092.2854195199,621.0,2647.0,3268.0,43.0,524.0,567.0,0.004684499999999999,0.25285,0.5707,17960.809608001597,-98095.74942883728,-80134.93982083569,116056.55903683888,-77779.63331583998,-218692.68768767995,461.5331125242743,0.29395195986900413,0.5911240479332978,0.1336015554326686,0.06609328913908329,0.2609221142549283,False
科创50ETF华夏,12月,1.7,1.888,492528.72847359994,-692712.0936959999,-200183.3652224,1185240.8221695998,1898.0,3966.0,5864.0,153.0,760.0,913.0,0.004721500000000001,0.21860000000000002,0.609,44295.00417558495,-174751.3163631357,-130456.31218755075,219046.32053872064,-93040.3016704,-107143.06355200004,396.534215851724,0.30388729695255356,0.5624647295767313,0.13612000741816505,0.03693491748164514,0.3588697159819815,False
科创50ETF华夏,12月,1.75,1.888,741095.64555264,-1055337.4322687997,-314241.7867161598,1796433.0778214396,2781.0,5865.0,8646.0,335.0,2976.0,3311.0,0.00484,0.1817,0.6262000000000001,72050.09061333071,-407929.8559151651,-335879.7653018344,479979.9465284958,-446223.4483507199,131981.66163456003,394.9657453013156,0.4096028329362936,0.5624944468918396,0.31393857294336525,0.12609409612966682,0.47829538365586105,False
科创50ETF华夏,12月,1.8,1.888,1206251.95548672,-1145189.1067494398,61062.84873728012,2351441.06223616,4434.0,6157.0,10591.0,547.0,4427.0,4974.0,0.0048920000000000005,0.14685,0.6425000000000001,74639.4049011786,-555472.3173253976,-480832.912424219,630111.7222265762,-674603.5685580799,735666.41729536,425.98234555052807,0.4276909056183349,0.5377421665647704,0.42119195514689345,-0.013699727083932165,0.5384043008943935,True
科创50ETF华夏,12月,1.85,1.888,1174004.1675366398,-701715.27634944,472288.89118719986,1875719.4438860798,4241.0,3754.0,7995.0,807.0,3856.0,4663.0,0.004983,0.11330000000000001,0.6505,73177.42693945566,-450104.6183639811,-376927.1914245254,523282.04530343675,-478319.52930816,950608.4204953598,329.0811370287242,0.5747921523906967,0.5293032412794544,0.6087281638248134,0.0066783417772792245,0.4915412000901008,True
科创50ETF华夏,12月,1.9,1.888,1652688.7061503998,-636007.1851622399,1016681.5209881598,2288695.8913126397,5948.0,3378.0,9326.0,2157.0,1275.0,3432.0,0.0050535,0.08079999999999998,0.65385,40367.080152541224,-267467.43636659975,-227100.35621405853,307834.516519141,359279.8358015999,657401.6851865598,261.8127111987054,0.3900820182987566,0.5107175416436652,0.37004258935642353,0.1569840843677136,0.5059497825715569,True
科创50ETF华夏,12月,1.95,1.888,905396.17214464,-345414.47255040007,559981.6995942399,1250810.64469504,3256.0,1815.0,5071.0,991.0,464.0,1455.0,0.005085,0.04905000000000001,0.657,0.0,-140324.70687260822,-140324.70687260822,140324.70687260822,187263.14081279997,372718.55878143996,312.7463052694503,0.37998648642251587,0.4788411458333333,0.2800042811406448,0.1524125881667781,0.37129076550252305,True
科创50ETF华夏,12月,2.0,1.888,1825434.7068416,-700654.46805504,1124780.23878656,2526089.17489664,6590.0,3672.0,10262.0,2171.0,1147.0,3318.0,0.005117,0.01830000000000001,0.6562,0.0,-239030.54647453304,-239030.54647453304,239030.54647453304,382509.434368,742270.8044185601,316.75789157607596,0.3236721109910885,0.4852245862884161,0.3209011888350012,0.18239979394313288,0.5245620944062188,False
科创50ETF华夏,12月,2.05,1.888,964970.2534348798,-356262.19978751993,608708.0536473598,1321232.4532223998,3598.0,1872.0,5470.0,1447.0,934.0,2381.0,0.0051985,-0.009749999999999981,0.64315,0.0,-190380.40205203413,-190380.40205203413,190380.40205203413,210329.55455488,398378.49909247993,352.564102564103,0.43150195027626903,0.49191810344827586,0.45054974748554516,0.19088581390281106,0.40538265734887696,False
科创50ETF华夏,12月,2.1,1.888,1364266.58696192,-493813.96045824,870452.6265036799,1858080.54742016,5191.0,2606.0,7797.0,1061.0,447.0,1508.0,0.005234,-0.03764999999999999,0.63445,0.0,-206935.78674194607,-206935.78674194607,206935.78674194607,194142.92460544,676309.70189824,314.83544677681186,0.4233155350023142,0.49604547701433516,0.1879597310594093,0.01899620075984803,0.43883391662740984,False
科创50ETF华夏,12月,2.15,1.888,1478761.772032,-617427.64118016,861334.1308518399,2096189.4132121599,5843.0,3324.0,9167.0,1467.0,137.0,1604.0,0.005339,-0.06165000000000001,0.61555,0.0,-231570.29963607434,-231570.29963607434,231570.29963607434,345824.68027392,515509.45057791995,342.687747120652,0.38430681412895673,0.4916459697448633,0.1461425295636957,0.11466442247001893,0.4629845701557002,False
科创50ETF华夏,12月,2.2,1.888,2658544.49313792,-1228691.0451302398,1429853.44800768,3887235.5382681596,10638.0,6823.0,17461.0,469.0,157.0,626.0,0.0053985,-0.08664999999999998,0.60315,0.0,-443250.89212100644,-443250.89212100644,443250.89212100644,88935.19457279998,1340918.2534348802,317.3530111836434,0.35953711913755304,0.47526793075020607,0.03354882021116934,0.0045024362102160966,0.5399352838433134,False
科创50ETF华夏,12月,2.25,1.888,515801.4580224,-249266.06673919997,266535.3912832,765067.5247616,2139.0,1415.0,3554.0,127.0,30.0,157.0,0.005471,-0.10900000000000001,0.58535,0.0,-102746.68377662632,-102746.68377662632,102746.68377662632,25340.165068799997,241195.22621440006,335.7269396699756,0.34753343875691856,0.4679999999999999,0.040287476232247495,0.023186867387201923,0.25743484846162146,False
科创50ETF华夏,12月,2.3,1.888,1173631.458816,-227883.97132799996,945747.4874880001,1401515.4301439999,5046.0,1245.0,6291.0,1423.0,10.0,1433.0,0.005303499999999999,-0.13935,0.583,0.0,-88956.9581999716,-88956.9581999716,88956.9581999716,329140.19046400004,616607.297024,290.8456867392273,0.41624007701045296,0.4994483265906582,0.14501883873185967,0.10736639383726529,0.3996946941990862,False
科创50ETF华夏,12月,2.35,1.888,445181.06874879997,-119692.7536128,325488.31513599993,564873.8223616,2005.0,570.0,2575.0,193.0,0.0,193.0,0.0047545,-0.18935000000000002,0.606,0.0,-37443.43267577164,-37443.43267577164,37443.43267577164,42852.84103168,282635.47410431993,516.3299643210871,0.3155801640606902,0.3983500853404135,0.04812967581047382,0.029023746701846966,0.2172336848565754,False
科创50ETF华夏,12月,2.4,1.888,797723.45299968,-100694.23312895998,697029.21987072,898417.68612864,3743.0,599.0,4342.0,1383.0,1.0,1384.0,0.0055650000000000005,-0.17255,0.5347500000000001,0.0,-37865.22800254021,-37865.22800254021,37865.22800254021,294582.50671104,402446.7131596799,294.05574476303525,0.4264872368325421,0.4680701205196432,0.1855795816074257,0.07009406141956477,0.3437338285567024,False
科创50ETF华夏,12月,2.45,1.888,686510.46439936,-95226.25827839998,591284.2061209601,781736.72267776,3383.0,723.0,4106.0,304.0,0.0,304.0,0.006655,-0.15130000000000002,0.46940000000000004,0.0,-26734.796476076146,-26734.796476076146,26734.796476076146,61690.564935680006,529593.64118528,416.8548451948558,0.3216851033540004,0.34454159701684467,0.044930535028081586,0.016173329264571254,0.28003609559366105,False
科创50ETF华夏,12月,2.5,1.888,741848.90499072,-60698.76621312,681150.1387776,802547.67120384,3837.0,392.0,4229.0,3869.0,7.0,3876.0,0.005843,-0.19915,0.4884,0.0,-22532.66004206326,-22532.66004206326,22532.66004206326,740764.9984512,-59614.859673599996,583.731352281938,0.5090918899831287,0.4438491794384918,0.5130984958486913,0.08418083714846306,0.3761890719402473,False
科创50ETF华夏,12月,2.55,1.888,4049915.73009408,-401261.64486144,3648654.0852326397,4451177.37495552,22023.0,2607.0,24630.0,12587.0,1112.0,13699.0,0.005797500000000001,-0.21905000000000002,0.47385,0.0,-213961.93066059164,-213961.93066059164,213961.93066059164,2143528.44674048,1505125.63849216,274.5919428559776,0.498124817090431,0.4533497473111312,0.4990413829834872,0.4050704664324558,0.7004188882872036,False
科创50ETF华夏,3月,1.75,1.888,4820.47543296,-136373.60758784,-131553.13215488,141194.0830208,22.0,973.0,995.0,22.0,1165.0,1187.0,0.0047985,0.18485,0.50395,1085.8964000009485,-75496.42954388916,-74410.53314388821,76582.3259438901,-131553.13215488,0.0,397.1490567727534,0.6257100149476829,0.5940803121962541,1.0986639260020556,497.5,0.1724274328169106,False
科创50ETF华夏,3月,1.8,1.888,4372.269670399999,-18805.03703552,-14432.76736512,23177.306705919997,20.0,134.0,154.0,20.0,135.0,155.0,0.0049555,0.15710000000000002,0.5035,1311.68090112,-8074.160931585048,-6762.480030465048,9385.841832705048,-14432.76736512,0.0,499.74401139827523,0.6168574401664935,0.5887656033287103,1.0037313432835822,77.0,0.0412595865109982,True
科创50ETF华夏,3月,1.85,1.888,20833.90418944,-31515.13157632,-10681.22738688,52349.035765759996,92.0,224.0,316.0,92.0,224.0,316.0,0.005001,0.13115000000000002,0.515,5404.350360252173,-18248.369188574197,-12844.018828322023,23652.71954882637,-10681.22738688,0.0,369.30378728690965,0.7350215002388917,0.5489304704891751,1.0,158.0,0.07818232942808731,True
科创50ETF华夏,3月,1.9,1.888,33066.99145216,-57275.342510079994,-24208.351057919994,90342.33396224,148.0,401.0,549.0,148.0,407.0,555.0,0.0050774999999999995,0.10565000000000002,0.51375,9720.766771641034,-31973.506198911564,-22252.739427270528,41694.2729705526,-24208.351057919994,0.0,248.84465276343732,0.7342576111225835,0.5672214740826138,1.0074812967581046,274.5,0.11425823596458554,True
科创50ETF华夏,3月,1.95,1.888,35143.5522048,-32219.556761599997,2923.9954432000013,67363.1089664,158.0,221.0,379.0,158.0,225.0,383.0,0.005098999999999999,0.08059999999999998,0.5165,8638.785885897989,-16021.254217474461,-7382.468331576472,24660.04010337245,2923.9954432000013,0.0,426.876295918301,0.6251656299320258,0.5787614439704916,1.009049773755656,189.5,0.09138227368818219,True
科创50ETF华夏,3月,2.0,1.888,29623.92711168,-7477.094430719998,22146.832680960004,37101.0215424,132.0,51.0,183.0,132.0,53.0,185.0,0.0051155,0.056150000000000005,0.5204500000000001,8265.623063104693,-3774.752653494347,4490.870409610346,12040.37571659904,22146.832680960004,0.0,283.7677390173571,0.7063191421194477,0.5567168261186667,1.0196078431372548,91.5,0.05378805895447902,False
科创50ETF华夏,3月,2.05,1.888,16592.95232,-9235.3770496,7357.575270400001,25828.3293696,76.0,65.0,141.0,76.0,65.0,141.0,0.005298,0.03639999999999999,0.50555,4271.980840532355,-4469.762130289678,-197.78128975732307,8741.742970822033,7357.575270400001,0.0,515.5772819816762,0.6535714285714289,0.5567579025301788,1.0,70.5,0.03948438930484356,False
科创50ETF华夏,3月,2.1,1.888,53542.15993344001,-13156.589322240001,40385.570611200004,66698.74925568001,246.0,91.0,337.0,246.0,91.0,337.0,0.005268999999999999,0.012699999999999989,0.5081,9071.799993498682,-7220.03812776109,1851.7618657375915,16291.838121259772,40385.570611200004,0.0,439.0466000167879,0.6020108018280017,0.5516746337078933,1.0,168.5,0.08580623574306225,False
科创50ETF华夏,3月,2.15,1.888,439213.30918400007,-202008.34045952003,237204.96872448004,641221.6496435201,2015.0,1438.0,3453.0,2259.0,1443.0,3702.0,0.005356,-0.00764999999999999,0.5028,112683.702908077,-108566.99955411856,4116.703353958437,221250.70246219556,237204.96872448004,0.0,199.40094908636132,0.8071459073975777,0.4996145267972636,1.062284431437377,1726.5,0.3436674924072333,False
科创50ETF华夏,8月,1.6,1.888,678915.81130752,-11095619.885056,-10416704.07374848,11774535.69636352,3417.0,45080.0,48497.0,2375.0,65306.0,67681.0,0.0046175,0.39885,0.62395,275012.75432503864,0.0,275012.75432503864,275012.75432503864,-10623736.638976,207032.56522751998,72.243839169909,0.7838473358233231,0.24559361489857018,1.0718615869449661,0.2761282166956416,0.85233581069314,False
科创50ETF华夏,8月,1.65,1.888,577401.5904768,-10438195.921469439,-9860794.330992639,11015597.511946239,1899.0,35564.0,37463.0,789.0,49938.0,50727.0,0.004862,0.34385,0.8382000000000001,64085.537778952654,0.0,64085.537778952654,64085.537778952654,-10198296.050544638,337501.719552,203.31461422943264,0.6299684846489522,0.18209640397857713,0.9098272957565943,0.6024900679791648,0.8298584936994987,False
科创50ETF华夏,8月,1.7,1.888,1324307.97743104,-10470963.847679999,-9146655.870248958,11795271.825111039,3479.0,31085.0,34564.0,1896.0,57514.0,59410.0,0.004958,0.2872,1.00645,178190.99092856725,0.0,178190.99092856725,178190.99092856725,-9749236.936151039,602581.06590208,143.61554591424317,0.7122862196223122,0.09597315436241605,1.1976006686965701,0.4167258464889292,0.8385238495945115,False
科创50ETF华夏,8月,1.75,1.888,4388838.16994816,-15874230.06954496,-11485391.8995968,20263068.23949312,9817.0,42409.0,52226.0,11082.0,69172.0,80254.0,0.004981,0.22709999999999997,1.15215,0.0,0.0,0.0,0.0,-11485391.8995968,0.0,152.06064086662974,0.727069436024645,0.0,1.3799634900897753,0.28006749084035676,0.8987572390406383,False
科创50ETF华夏,8月,1.8,1.888,9689624.14391296,-16176908.582461435,-6487284.4385484755,25866532.726374395,19916.0,40524.0,60440.0,23544.0,89715.0,113259.0,0.005098,0.16,1.2424,0.0,0.0,0.0,0.0,-6487284.4385484755,0.0,53.52220485366628,0.9147579936928245,0.0,1.698019176841223,0.18608297923543876,0.9186325479337635,True
科创50ETF华夏,8月,1.85,1.888,13245036.352512002,-14630172.702975998,-1385136.3504639957,27875209.055487998,27075.0,35095.0,62170.0,45829.0,107315.0,153144.0,0.0052580000000000005,0.09245,1.27095,0.0,0.0,0.0,0.0,-1385136.3504639957,0.0,93.46974092736764,0.8273075405914392,0.0,2.3752557554833684,0.5050268142971475,0.9261189413064047,True
科创50ETF华夏,8月,1.9,1.888,23777829.7110528,-27317546.519511037,-3539716.808458235,51095376.230563834,46560.0,64142.0,110702.0,115514.0,163211.0,278725.0,0.0052245,0.027250000000000024,1.3137500000000002,0.0,0.0,0.0,0.0,-3539716.808458235,0.0,60.487897343204125,0.7980612950286625,0.0,2.5127484989275835,0.6160647253893647,0.9638995933169014,True
科创50ETF华夏,8月,1.95,1.888,21184596.575354885,-13506428.712775681,7678167.862579204,34691025.28813057,42138.0,32073.0,74211.0,149667.0,129076.0,278743.0,0.005285000000000001,-0.03610000000000002,1.2959,0.0,-552063.9074292377,-552063.9074292377,552063.9074292377,7678167.862579204,0.0,17.763384344728998,0.8677207166927028,0.021871202916160404,3.7881369694958344,0.4526377605132932,0.9420360264021534,True
科创50ETF华夏,8月,2.0,1.888,31158991.925555196,-13643018.33172992,17515973.593825273,44802010.25728512,65690.0,33898.0,99588.0,117805.0,75117.0,192922.0,0.005433500000000001,-0.09294999999999998,1.2299,0.0,-2837229.8778007478,-2837229.8778007478,2837229.8778007478,17515973.593825273,0.0,9.286554975335326,0.8700071036931294,0.12688064192577736,2.004659492612858,0.33248768140741375,0.9538334166807881,False
科创50ETF华夏,8月,2.05,1.888,17451423.58733824,-7387578.964029439,10063844.6233088,24839002.551367678,39101.0,19382.0,58483.0,76127.0,25298.0,101425.0,0.0055135,-0.14629999999999999,1.1606999999999998,0.0,-2607642.4907738487,-2607642.4907738487,2607642.4907738487,10063844.6233088,0.0,131.78680042086472,0.8667927818855305,0.20284018651971175,1.6260819808806264,0.24641903637188653,0.914751915990185,False
科创50ETF华夏,8月,2.1,1.888,18584688.54585344,-8213760.6669619195,10370927.87889152,26798449.21281536,45791.0,22799.0,68590.0,60955.0,16650.0,77605.0,0.0056095,-0.19315,1.07465,0.0,-3056410.8055346743,-3056410.8055346743,3056410.8055346743,12586218.652221441,-2215290.77332992,48.85295905834872,0.7625907055181315,0.2547653958944281,1.0307259829590791,0.15718617543577446,0.920520989264544,False
科创50ETF华夏,8月,2.15,1.888,13455183.473704958,-3453797.9310182394,10001385.54268672,16908981.404723197,36712.0,10517.0,47229.0,53555.0,2309.0,55864.0,0.005809999999999999,-0.23045000000000002,0.97475,0.0,-1002707.6871733473,-1002707.6871733473,1002707.6871733473,12696904.551700478,-2695519.0090137594,93.26754621471139,0.6163133671141803,0.3166035353535354,0.8391683093149335,0.14812483901931603,0.8777783601281244,False
科创50ETF华夏,8月,2.2,1.888,15217384.667095039,-3391544.845393921,11825839.821701119,18608929.51248896,46667.0,11052.0,57719.0,50538.0,3544.0,54082.0,0.005900000000000001,-0.26615,0.88785,0.0,-1154056.3423599536,-1154056.3423599536,1154056.3423599536,14129831.7416448,-2303991.919943681,97.86623237035533,0.6425817757005796,0.3437324339516583,0.701807675160006,0.17122069116458694,0.8922550396207698,False
科创50ETF华夏,8月,2.25,1.888,7729231.987169279,-1667299.8789427201,6061932.108226558,9396531.866112,26681.0,5973.0,32654.0,29421.0,889.0,30310.0,0.006084,-0.2939,0.7979,0.0,-678662.6049237415,-678662.6049237415,678662.6049237415,7481077.024440318,-1419144.9162137602,263.3909053166824,0.5590545618675313,0.3831717623663933,0.6257656160742782,0.16962011924497453,0.802614123519685,False
科创50ETF华夏,8月,2.3,1.888,6779732.31808512,-1241294.8806144,5538437.43747072,8021027.19869952,26646.0,4867.0,31513.0,25163.0,1351.0,26514.0,0.006271,-0.3173,0.71465,0.0,-506332.2783743723,-506332.2783743723,506332.2783743723,6057838.76412416,-519401.32665343967,182.48970073045155,0.6383938582209012,0.4141649988881476,0.610964047013156,0.14071447175798504,0.7843943250257948,False
科创50ETF华夏,8月,2.35,1.888,5974424.1927168,-586244.0478412799,5388180.14487552,6560668.240558079,26770.0,2727.0,29497.0,19012.0,123.0,19135.0,0.005402500000000001,-0.38475,0.6146,0.0,-247792.89878904226,-247792.89878904226,247792.89878904226,4216581.75937536,1171598.38550016,109.3356432930139,0.6635919840191151,0.36779515748875086,0.37765124663381544,0.14398612638569525,0.7522456994577789,False
科创50ETF华夏,8月,2.4,1.888,6088585.130496,-273325.09904895996,5815260.03144704,6361910.22954496,31370.0,1267.0,32637.0,20910.0,113.0,21023.0,0.0063655,-0.36445,0.57485,0.0,-105650.297852051,-105650.297852051,105650.297852051,4034032.72800256,1781227.3034444805,186.7964881375757,0.5198941204859652,0.43650793650793646,0.3778737320355187,0.07826298667146636,0.7523477154994364,False
科创50ETF华夏,8月,2.45,1.888,3014769.5147315203,-110909.18251519997,2903860.3322163206,3125678.69724672,17953.0,565.0,18518.0,16969.0,24.0,16993.0,0.0063945,-0.38425,0.5109,0.0,-43025.3114634788,-43025.3114634788,43025.3114634788,2844819.47106304,59040.86115328007,274.68447382968554,0.48648169211238723,0.44532597447395644,0.49383404750555654,0.12606360719765658,0.6419668279892216,False
科创50ETF华夏,8月,2.5,1.888,3841117.75315968,-135266.0681216,3705851.68503808,3976383.82128128,26418.0,739.0,27157.0,15153.0,71.0,15224.0,0.00668,-0.39135,0.4607,0.0,-58053.89997615929,-58053.89997615929,58053.89997615929,2190216.30937088,1515635.3756672,158.85660530814175,0.5268471096158335,0.46340304182509506,0.33483098465586725,0.05542111267150217,0.6932759285507224,False
科创50ETF华夏,8月,2.55,1.888,12159619.76521728,-290042.95299072,11869576.81222656,12449662.718208,97437.0,1721.0,99158.0,41814.0,425.0,42239.0,0.0067765,-0.404,0.41145,0.0,-145422.9138468376,-145422.9138468376,145422.9138468376,5146539.02985216,6723037.782374399,165.39424190335146,0.5927573341733356,0.47095252138012395,0.33804413808062167,0.08310147024440052,0.8723270291721615,False
科创50ETF华夏,9月,1.1,1.888,76302.70015488,-2712814.4616652806,-2636511.7615104006,2789117.1618201607,1811.0,103124.0,104935.0,29.0,10876.0,10905.0,0.0032300000000000002,0.47635,0.096,30694.91092792906,0.0,30694.91092792906,30694.91092792906,-284885.84202240006,-2351625.919488,271.5256245613763,0.3083739051424987,0.4538841257469473,0.060739258732246046,0.01340782554536869,0.6923358493630445,False
科创50ETF华夏,9月,1.15,1.888,54523.44325119999,-2477147.3441587193,-2422623.9009075193,2531670.7874099193,1015.0,73306.0,74321.0,4.0,2784.0,2788.0,0.003115,0.46865,0.12275,20973.16032706645,0.0,20973.16032706645,20973.16032706645,-93861.71518975997,-2328762.185717759,662.552599058301,0.2348550663994205,0.4468867008736652,0.020959339210938316,0.0023687601776597816,0.6225080940943736,False
科创50ETF华夏,9月,1.2,1.888,75241.8205696,-2386739.1730687995,-2311497.3524991996,2461980.9936383995,1130.0,55337.0,56467.0,14.0,5012.0,5026.0,0.0030025000000000004,0.4592,0.15389999999999998,26615.16161122258,0.0,26615.16161122258,26615.16161122258,-215240.28424191996,-2096257.0682572797,443.04901447758584,0.3168459122941873,0.4175757575757576,0.05148084600215478,0.01921798219147664,0.6374377777068829,False
科创50ETF华夏,9月,1.25,1.888,128618.87082495999,-1952852.4689203198,-1824233.5980953597,2081471.3397452799,1598.0,34113.0,35711.0,5.0,4045.0,4050.0,0.00296,0.4467,0.19319999999999998,40285.50979638848,0.0,40285.50979638848,40285.50979638848,-231159.96549119998,-1593073.6326041596,588.5251161085312,0.2648846248574117,0.3823333333333333,0.06085270345150093,0.026163993438492586,0.5962820958480538,False
科创50ETF华夏,9月,1.3,1.888,264966.56417792,-2173887.27588864,-1908920.7117107199,2438853.84006656,2783.0,29562.0,32345.0,24.0,4564.0,4588.0,0.002901,0.43205,0.23670000000000002,83183.2358433726,0.0,83183.2358433726,83183.2358433726,-333335.76568832004,-1575584.9460224002,613.6500329365036,0.3308713981391459,0.39243519661435383,0.08150558824789951,0.03318737777659076,0.6051265935280667,False
科创50ETF华夏,9月,1.35,1.888,362416.59887615993,-2519568.3763302397,-2157151.7774540796,2881984.9752064,3284.0,26603.0,29887.0,277.0,3797.0,4074.0,0.002898,0.4135,0.28764999999999996,116650.68351977631,0.0,116650.68351977631,116650.68351977631,-329044.37552127993,-1828107.4019328,561.6051845771547,0.3385436275788398,0.38318112633181123,0.11353830969673959,0.015735995560910127,0.6156184256846611,False
科创50ETF华夏,9月,1.4,1.888,680830.7556352,-2042133.1390976,-1361302.3834624002,2722963.8947328,5420.0,17387.0,22807.0,149.0,4744.0,4893.0,0.0028660000000000005,0.39289999999999997,0.34095,188117.52352057552,0.0,188117.52352057552,188117.52352057552,-538474.41739776,-822827.9660646401,341.6702162882754,0.31530291647508135,0.3603247293921732,0.1501691523356828,0.052503647749855484,0.6052035639012575,False
科创50ETF华夏,9月,1.45,1.888,604402.72611328,-1942449.0620928,-1338046.3359795199,2546851.78820608,4297.0,13620.0,17917.0,84.0,3213.0,3297.0,0.0028415000000000003,0.36920000000000003,0.39735,144942.84014515902,0.0,144942.84014515902,144942.84014515902,-446414.54355455993,-891631.79242496,299.91082897183117,0.3278283246742515,0.3287356321839081,0.12772580296262426,0.030954557091221628,0.5654397500101164,False
科创50ETF华夏,9月,1.5,1.888,940047.88856832,-2983295.76751104,-2043247.8789427201,3923343.65607936,6057.0,17616.0,23673.0,483.0,7325.0,7808.0,0.0028064999999999995,0.34315,0.45525000000000004,310789.5465239582,0.0,310789.5465239582,310789.5465239582,-1165537.91214592,-877709.9667967999,277.0717873312102,0.3861497452659217,0.30505050505050507,0.2477788073924421,0.0663801578151478,0.6630225736948251,False
科创50ETF华夏,9月,1.55,1.888,447404.4530688,-3133644.8114687996,-2686240.3584,3581049.2645375994,2648.0,15926.0,18574.0,75.0,4497.0,4572.0,0.002805,0.31320000000000003,0.513,75338.01769429217,0.0,75338.01769429217,75338.01769429217,-872170.4871935999,-1814069.8712063995,139.11961392444016,0.42941408081989496,0.24506437768240336,0.15534585847004634,0.04157937365371681,0.6146289008093473,False
科创50ETF华夏,9月,1.6,1.888,909568.2570239998,-6810413.56023808,-5900845.303214081,7719981.81726208,4060.0,30511.0,34571.0,572.0,12084.0,12656.0,0.0044325,0.35829999999999995,0.62735,143425.18564641848,0.0,143425.18564641848,143425.18564641848,-2569144.66025472,-3331700.64295936,283.5305397738068,0.46627797023800166,0.19717405266538218,0.26847029085690327,0.10280601221769821,0.7716186137861247,False
科创50ETF华夏,9月,1.65,1.888,1222466.92356096,-3766052.3062271997,-2543585.3826662395,4988519.22978816,4158.0,15270.0,19428.0,979.0,6886.0,7865.0,0.00475,0.29995,0.75835,182923.8328745959,0.0,182923.8328745959,182923.8328745959,-1410470.1706444798,-1133115.21202176,337.97573789104786,0.4668992716428587,0.15843179377013966,0.3431996548892423,0.059949615713820084,0.67719949237464,False
科创50ETF华夏,9月,1.7,1.888,2088596.8632012797,-7282071.88359168,-5193475.020390401,9370668.746792959,6122.0,27098.0,33220.0,2792.0,19556.0,22348.0,0.004801000000000001,0.25175,0.8554999999999999,221095.8181160193,0.0,221095.8181160193,221095.8181160193,-4302777.174138879,-890697.8462515203,218.9049656952651,0.5804234249632009,0.0850061450225319,0.5888684937985323,0.25151427610717614,0.7964443609819007,False
科创50ETF华夏,9月,1.75,1.888,2567226.2939648,-5426194.50952704,-2858968.2155622398,7993420.80349184,6890.0,18819.0,25709.0,922.0,12625.0,13547.0,0.004872,0.19979999999999998,0.9270999999999999,41923.60599340336,0.0,41923.60599340336,41923.60599340336,-3296702.7023769594,437734.48681471986,139.46543645045762,0.582697319783513,0.01495327102803723,0.4023408390263646,0.24097389783429735,0.7581632030171365,False
科创50ETF华夏,9月,1.8,1.888,5256424.154521599,-8783314.6286592,-3526890.4741376005,14039738.7831808,13540.0,29457.0,42997.0,3720.0,19189.0,22909.0,0.005013,0.1465,0.9628,0.0,-75490.90649275917,-75490.90649275917,75490.90649275917,-4277505.0205696,750614.5464319997,242.55822578406185,0.5245198759793286,0.006677140612725896,0.46308280818311187,0.09072163500625023,0.8489940783946687,True
科创50ETF华夏,9月,1.85,1.888,6708157.058764801,-4762885.376860159,1945271.681904642,11471042.43562496,16945.0,15796.0,32741.0,5409.0,6693.0,12102.0,0.005145500000000001,0.09515000000000001,0.9782500000000001,0.0,-588711.3377922917,-588711.3377922917,588711.3377922917,123200.15797248087,1822071.5239321613,304.68782865611183,0.4548345512307499,0.10903225806451605,0.3714620353890983,0.10490306427495558,0.7992462337929942,True
科创50ETF华夏,9月,1.9,1.888,5051450.3986176,-3966915.6082176003,1084534.7903999998,9018366.0068352,12687.0,12945.0,25632.0,6398.0,7712.0,14110.0,0.005199,0.045649999999999996,0.9883500000000001,0.0,-994612.362148632,-994612.362148632,994612.362148632,184129.94228223944,900404.8481177601,174.65985094030054,0.5856869228738599,0.1642817831590534,0.5500234955517371,0.1306124842289717,0.7703945801090575,True
科创50ETF华夏,9月,1.95,1.888,5618517.23538432,-3218512.4335923195,2400004.8017920004,8837029.668976638,14328.0,10589.0,24917.0,6415.0,5901.0,12316.0,0.005292,-0.0013999999999999846,0.9764,0.0,-1129906.9232452211,-1129906.9232452211,1129906.9232452211,721948.0558387199,1678056.7459532805,33.977354762718946,0.773818346931892,0.224624060150376,0.502500576855168,0.15445979220362815,0.7618621830845961,True
科创50ETF华夏,9月,2.0,1.888,6758113.857761281,-3140357.2042751997,3617756.653486081,9898471.06203648,17429.0,10410.0,27839.0,10083.0,4797.0,14880.0,0.005303,-0.047750000000000015,0.9670500000000001,0.0,-902926.7691590989,-902926.7691590989,902926.7691590989,2462595.9844147204,1155160.6690713605,172.00458945845065,0.6702614239223403,0.2630176301763017,0.5196627387227521,0.20111476413860402,0.7854252439622122,False
科创50ETF华夏,9月,2.05,1.888,3820579.6704768,-1995752.2549964797,1824827.41548032,5816331.925473279,10395.0,6808.0,17203.0,3649.0,1686.0,5335.0,0.0054205,-0.08835000000000001,0.92675,0.0,-326414.83220107004,-326414.83220107004,326414.83220107004,846906.246912,977921.1685683201,232.8839102827898,0.45161148490977254,0.3062320916905445,0.29934198738546564,0.14953903953246706,0.6641260643028031,False
科创50ETF华夏,9月,2.1,1.888,8437304.5208064,-2814817.59535104,5622486.92545536,11252122.11615744,23994.0,9918.0,33912.0,7006.0,1143.0,8149.0,0.005471,-0.1282,0.8913500000000001,0.0,-793698.6704643369,-793698.6704643369,793698.6704643369,2139212.03347456,3483274.8919808003,171.62512883557508,0.47748016489629286,0.3386687797147385,0.20361733657854875,0.11815774609626731,0.7873211361549382,False
科创50ETF华夏,9月,2.15,1.888,5034224.88231936,-941251.8845952,4092972.99772416,5975476.7669145595,15288.0,3565.0,18853.0,6991.0,177.0,7168.0,0.005689,-0.1586,0.8322499999999999,0.0,-277828.84862666554,-277828.84862666554,277828.84862666554,2255351.8278553598,1837621.1698688,240.09894323815274,0.4299977265263205,0.39094934957099364,0.25346806486107226,0.16113755279581415,0.6842648602573234,False
科创50ETF华夏,9月,2.2,1.888,9622837.992038399,-1036306.1536255999,8586531.838412799,10659144.145663999,31530.0,4015.0,35545.0,6489.0,351.0,6840.0,0.0057115,-0.19204999999999997,0.7901499999999999,0.0,-335699.3292276383,-335699.3292276383,335699.3292276383,1889822.38399488,6696709.45441792,192.63502897628396,0.5045372094326374,0.39767559373420913,0.14661308153416125,0.047821140763251654,0.7813686777641006,False
科创50ETF华夏,9月,2.25,1.888,3655932.3137535998,-711145.91911936,2944786.39463424,4367078.23287296,12893.0,2896.0,15789.0,4640.0,63.0,4703.0,0.0057885,-0.2213,0.7422,0.0,-231880.27103322596,-231880.27103322596,231880.27103322596,1300245.5944499199,1644540.80018432,255.3136293376469,0.4179103003981286,0.4181152790484904,0.1908196763372818,0.05195206476130189,0.6308757573259098,False
科创50ETF华夏,9月,2.3,1.888,3149529.453250559,-451102.41795072,2698427.035299839,3600631.871201279,12069.0,1923.0,13992.0,6012.0,129.0,6141.0,0.005848000000000001,-0.24810000000000004,0.6951,0.0,-163370.414866283,-163370.414866283,163370.414866283,1538631.9599923193,1159795.0753075196,243.28781249301431,0.42019914487521526,0.4304857621440536,0.28260920145978097,0.11509896085161024,0.6131984043692573,False
科创50ETF华夏,9月,2.35,1.888,1969784.9797017595,-357801.797632,1611983.1820697596,2327586.7773337597,8238.0,1619.0,9857.0,5277.0,61.0,5338.0,0.0059755,-0.26954999999999996,0.6454,0.0,-134571.5215634825,-134571.5215634825,134571.5215634825,1248300.3145830396,363682.86748671986,270.8938955118417,0.4284578286754331,0.4493307839388146,0.33912283890274225,0.04787868805895371,0.5327525597059872,False
科创50ETF华夏,9月,2.4,1.888,2831164.41590784,-140614.8446208,2690549.5712870397,2971779.26052864,12959.0,645.0,13604.0,4316.0,19.0,4335.0,0.005618,-0.3108,0.61225,0.0,-49363.91819954512,-49363.91819954512,49363.91819954512,938778.2692863999,1751771.30200064,164.8845877139497,0.5405938806351698,0.4171260565968393,0.1812538770158239,0.08346047411085875,0.57247544219381,False
科创50ETF华夏,9月,2.45,1.888,1688163.9035289597,-138282.919936,1549880.9835929598,1826446.8234649596,8492.0,700.0,9192.0,3786.0,4.0,3790.0,0.006226000000000001,-0.30495,0.5559499999999999,0.0,-55139.477949657456,-55139.477949657456,55139.477949657456,751846.2389657599,798034.7446271997,219.79120237838146,0.4811428360471861,0.47443413124898215,0.22577282820806138,0.06733963530156227,0.48722233800175757,False
科创50ETF华夏,9月,2.5,1.888,2612625.11054848,-113865.793536,2498759.31701248,2726490.90408448,14488.0,605.0,15093.0,8595.0,4.0,8599.0,0.00624,-0.3246,0.51695,0.0,-46478.482573432004,-46478.482573432004,46478.482573432004,1549185.9331584,949573.38385408,272.81088169601304,0.501723525865609,0.47636114076559394,0.29993057805604867,0.17101007009733735,0.5997588551664303,False
科创50ETF华夏,9月,2.55,1.888,6324346.565836799,-157309.24386304,6167037.32197376,6481655.809699839,38705.0,886.0,39591.0,14883.0,135.0,15018.0,0.006451,-0.33375,0.47824999999999995,0.0,-76428.93657651295,-76428.93657651295,76428.93657651295,2407893.5654092794,3759143.75656448,267.7699846105205,0.4019863750178492,0.49094638562738707,0.2684470832362522,0.04773813716170615,0.7621729406515022,False
科创50ETF易方达,12月,1.25,1.834,86924.61315692002,-739667.86114956,-652743.2479926399,826592.47430648,983.0,8403.0,9386.0,13.0,4446.0,4459.0,0.002851,0.39265,0.2623,18945.6295951059,-268099.3792696019,-249153.749674496,287045.0088647078,-390206.2997378,-262536.94825484,177.19086383500115,0.5167116235587692,0.5805212873118508,0.2711607865669251,0.014861134489143241,0.44291734114575887,False
科创50ETF易方达,12月,1.3,1.834,29053.185847840003,-286472.75273316004,-257419.56688532003,315525.938581,293.0,2859.0,3152.0,9.0,1030.0,1039.0,0.0028355000000000003,0.373,0.29635,6797.362318951479,-43258.17098196974,-36460.808663018266,50055.53330092122,-102313.92455928001,-155105.64232604002,415.74288536961706,0.312268868523333,0.6094230895289281,0.19549127538090003,0.1465654283801874,0.23805629592310104,False
科创50ETF易方达,12月,1.35,1.834,26552.04560624,-188398.82596080005,-161846.78035456006,214950.87156704004,242.0,1677.0,1919.0,22.0,895.0,917.0,0.0028369999999999997,0.3513,0.3301,5981.765480456794,-34392.3563309899,-28410.590850533103,40374.12181144669,-98132.95718016004,-63713.823174400015,455.6307886472772,0.3318686974785212,0.6127667683320797,0.31230010299777744,0.19330369451337193,0.19802609818040146,False
科创50ETF易方达,12月,1.4,1.834,39810.37610480001,-148310.21650368,-108499.84039888001,188120.59260848002,332.0,1193.0,1525.0,2.0,384.0,386.0,0.002831,0.3283,0.36305,6954.818104378557,-31464.55262465089,-24509.73452027233,38419.37072902945,-47497.917885040006,-61001.92251384,362.23809835922236,0.3257898644790851,0.5925530586766543,0.16395085791615752,0.11924931129476585,0.154632720152945,False
科创50ETF易方达,12月,1.45,1.834,25952.8617404,-155284.68441192003,-129331.82267152003,181237.54615232002,262.0,1149.0,1411.0,1.0,142.0,143.0,0.003989,0.38580000000000003,0.34814999999999996,4048.621967365319,-11369.654618552007,-7321.032651186688,15418.276585917327,-19091.91384716,-110239.90882436003,450.41811495642594,0.19884564585689624,0.6114327948216893,0.06370126030600788,0.026573243058835877,0.13127847675931836,False
科创50ETF易方达,12月,1.5,1.834,120645.06931036004,-139848.5859456,-19203.51663523997,260493.65525596004,709.0,960.0,1669.0,112.0,125.0,237.0,0.0042155,0.34535000000000005,0.46950000000000003,18707.505014211423,-51578.69846329165,-32871.19344908022,70286.20347750308,848.7260854800043,-20052.242720719965,288.2804259137939,0.4270111200117952,0.5868095078674255,0.1440886518570757,0.12034798885728183,0.16305272586228015,False
科创50ETF易方达,12月,1.55,1.834,62856.58729224002,-121090.43776032001,-58233.85046807999,183947.02505256003,293.0,756.0,1049.0,34.0,475.0,509.0,0.004241,0.30735,0.557,7354.854861800854,-43775.41955454294,-36420.56469274208,51130.2744163438,-68788.01648487999,10554.166016800016,350.56619144602837,0.46841661363083287,0.4765852947909513,0.3721739169691388,-0.01943501238224106,0.14851087376996902,False
科创50ETF易方达,12月,1.6,1.834,395484.55999080004,-186633.05996748005,208851.50002332,582117.6199582801,1685.0,1141.0,2826.0,297.0,121.0,418.0,0.0046125,0.25755,0.59205,47767.434477810915,-35546.08178450572,12221.352693305198,83313.51626231664,49916.61736907999,158934.88265423998,490.34392999034185,0.28252104655836385,0.5800192955997162,0.1411542272513309,0.12260408852519701,0.2384981202973771,False
科创50ETF易方达,12月,1.65,1.834,106850.28526536003,-172221.46702320006,-65371.18175784004,279071.7522885601,417.0,1022.0,1439.0,15.0,145.0,160.0,0.0046935,0.22114999999999999,0.6314,7623.050080306342,-38095.19671795825,-30472.14663765191,45718.24679826459,-20591.017120800007,-44780.16463704004,472.8246415160678,0.2578539076507558,0.5685161610544553,0.08892494614875614,0.03560163992152523,0.1548548097005665,False
科创50ETF易方达,12月,1.7,1.834,101842.01765248,-102408.97865184002,-566.960999360017,204250.99630432003,392.0,588.0,980.0,6.0,331.0,337.0,0.0048425,0.18184999999999998,0.6451,6235.514301517301,-41295.02936469117,-35059.515063173865,47530.54366620847,-56089.78533144001,55522.82433208,465.67464449467025,0.3431065429076652,0.5757441072677688,0.2891156462585034,0.15250886283065176,0.14267134876345383,False
科创50ETF易方达,12月,1.75,1.834,158402.63355280002,-134186.37577520002,24216.257777599996,292589.009328,590.0,755.0,1345.0,60.0,368.0,428.0,0.0049125,0.14625,0.6633,2125.5107860710823,-55836.16189465342,-53710.65110858234,57961.67268072451,-49296.00765152001,73512.26542912002,454.9629083149653,0.2615444077997922,0.5544082671583418,0.29455606689864183,0.30087015222100233,0.17251537232281694,True
科创50ETF易方达,12月,1.8,1.834,145836.25379456003,-179276.25664871998,-33440.002854159946,325112.51044328,548.0,997.0,1545.0,68.0,783.0,851.0,0.005039500000000001,0.11149999999999999,0.6629,6234.540228864004,-104644.56690628154,-98410.02667741754,110879.10713514555,-122699.22659511998,89259.22374096003,444.36297593237555,0.42983477726003605,0.5640457500093934,0.45472182972274483,0.027524949066913523,0.20578060864496098,True
科创50ETF易方达,12月,1.85,1.834,118595.62100400003,-94546.33014624001,24049.290857760017,213141.95115024003,438.0,519.0,957.0,79.0,573.0,652.0,0.0050655,0.07805000000000001,0.6733,2291.739973036695,-64443.17074590606,-62151.43077286937,66734.91071894276,-73155.79576424,97205.08662200002,462.93814395135564,0.4873850127134997,0.5205449140705787,0.6422057697891097,0.008782304759214793,0.16330829595127483,True
科创50ETF易方达,12月,1.9,1.834,229596.50073780003,-180870.91854832,48725.58218948002,410467.41928612004,857.0,1001.0,1858.0,200.0,248.0,448.0,0.005174,0.046749999999999986,0.6668499999999999,1343.40675053571,-72641.7113089345,-71298.30455839878,73985.1180594702,8770.270456640006,39955.311732840026,462.82714016596674,0.34972391425805144,0.5044607241619208,0.24056223822851594,0.20489842571644043,0.20688738619481647,True
科创50ETF易方达,12月,1.95,1.834,249455.94442860005,-152725.08556704002,96730.85886156003,402181.02999564004,949.0,831.0,1780.0,201.0,232.0,433.0,0.005194000000000001,0.015600000000000003,0.66395,0.0,-65481.18769641928,-65481.18769641928,65481.18769641928,10197.191818520005,86533.66704304003,474.1405309564906,0.35776302881860267,0.49761691986893053,0.24549180275900023,0.2306941094227726,0.202926963046625,False
科创50ETF易方达,12月,2.0,1.834,347476.5924739201,-187361.5052904,160115.08718352008,534838.0977643201,1352.0,1052.0,2404.0,161.0,85.0,246.0,0.005341,-0.011300000000000004,0.6468,0.0,-64484.89746178414,-64484.89746178414,64484.89746178414,26239.97488056001,133875.1123029601,483.6881036209186,0.3050365048286833,0.47480106100795755,0.09994065966206943,0.07292556634304206,0.2136121412727619,False
科创50ETF易方达,12月,2.05,1.834,208329.44249656005,-115247.03282820001,93082.40966836004,323576.4753247601,814.0,585.0,1399.0,68.0,0.0,68.0,0.0050145,-0.05009999999999998,0.6733,0.0,-35340.690362560264,-35340.690362560264,35340.690362560264,17403.442370720004,75678.96729764003,496.59420319206583,0.2877698877698873,0.4481578947368421,0.04176904176904177,0.029258777633289986,0.15335023967744882,False
科创50ETF易方达,12月,2.1,1.834,431204.78472848004,-314155.59223104006,117049.19249743997,745360.3769595202,1786.0,1776.0,3562.0,15.0,32.0,47.0,0.005436,-0.06439999999999999,0.62185,0.0,-106998.99429313761,-106998.99429313761,106998.99429313761,-2038.9203760800006,119088.11287352,513.0706478707007,0.28077320160284686,0.4754393871113115,0.013208337116511808,0.003663877288533909,0.24492011419222784,False
科创50ETF易方达,12月,2.15,1.834,1195003.8393244,-798637.0185947999,396366.82072960015,1993640.8579191999,5011.0,4642.0,9653.0,242.0,2.0,244.0,0.0054805,-0.09015000000000004,0.61025,0.0,-265772.04545086756,-265772.04545086756,265772.04545086756,57367.129358,338999.69137160014,531.5415739094751,0.2559743836223134,0.4631003916718203,0.024362301256924554,0.010701182225845903,0.4055640226533825,False
科创50ETF易方达,12月,2.2,1.834,145912.67378688,-39134.3013488,106778.37243808001,185046.97513568,624.0,232.0,856.0,96.0,50.0,146.0,0.00549,-0.11605000000000001,0.5983499999999999,0.0,-16358.397765777992,-16358.397765777992,16358.397765777992,14013.986989520003,92764.38544856,465.34772844332565,0.3253051570253148,0.45860358641739785,0.1846816976127321,0.04414021363020912,0.11955632361351475,False
科创50ETF易方达,12月,2.25,1.834,123730.42559360001,-17979.41770016,105751.00789344001,141709.84329376,554.0,109.0,663.0,23.0,8.0,31.0,0.005570500000000001,-0.13655,0.5772,0.0,-6623.941339690778,-6623.941339690778,6623.941339690778,3817.232433280001,101933.77546016,560.1806894108735,0.3110444932030666,0.4542958370239149,0.057455370450104334,0.0055337887616368625,0.0969552318516269,False
科创50ETF易方达,12月,2.3,1.834,96750.93929088002,-24269.536504640004,72481.40278624001,121020.47579552003,456.0,152.0,608.0,67.0,24.0,91.0,0.005702500000000001,-0.1531,0.5527500000000001,0.0,-10663.696915391994,-10663.696915391994,10663.696915391994,10383.566456480004,62097.836329760015,314.3440299029758,0.4094896883583211,0.44548440065681444,0.1524122807017544,0.020318060999234132,0.09455694509412185,False
科创50ETF易方达,12月,2.35,1.834,57804.391638000016,-15949.915280879999,41854.47635712002,73754.30691888001,285.0,102.0,387.0,86.0,9.0,95.0,0.005748,-0.17239999999999997,0.5339499999999999,0.0,-6071.496086002452,-6071.496086002452,6071.496086002452,16035.383238840004,25819.093118280012,576.8504677179479,0.3742622151149988,0.4448806774441879,0.19499484004127968,0.07459677419354839,0.07342257173370854,False
科创50ETF易方达,12月,2.4,1.834,173375.16673120004,-37528.94334112001,135846.22339008003,210904.11007232004,898.0,248.0,1146.0,384.0,28.0,412.0,0.005855,-0.1877,0.51195,0.0,-14632.952932801556,-14632.952932801556,14632.952932801556,69901.01716528002,65945.20622480003,572.9873974319498,0.4079230677402793,0.43830001438228094,0.27026007615489617,0.0743491347655644,0.15400083319833394,False
科创50ETF易方达,12月,2.45,1.834,470877.52412176004,-86417.28800544002,384460.23611632,557294.8121272001,2572.0,574.0,3146.0,1519.0,65.0,1584.0,0.0058455,-0.20615,0.49595,0.0,-34803.64570402941,-34803.64570402941,34803.64570402941,268310.08850212,116150.14761419999,386.96809468352063,0.34757840626856223,0.44832076764907464,0.3519156989503687,0.1259645900657117,0.2879167631687943,False
科创50ETF易方达,3月,1.7,1.834,1095.0056558,-36164.14685856001,-35069.14120276001,37259.15251436001,5.0,274.0,279.0,5.0,294.0,299.0,0.0048325,0.18615,0.52175,398.2697548815615,-20708.318266279806,-20310.048511398243,21106.58802116137,-35069.14120276001,0.0,167.29863886342415,0.8661610889092608,0.5351452745227481,1.0364963503649633,139.5,0.07134518303501573,False
科创50ETF易方达,3月,1.75,1.834,10529.813871360002,-14030.872040640003,-3501.0581692800006,24560.685912000004,48.0,104.0,152.0,48.0,105.0,153.0,0.004925499999999999,0.157,0.5266500000000001,3922.2397695073896,-6528.888447548562,-2606.6486780411724,10451.128217055952,-3501.0581692800006,0.0,284.4563556324591,0.7724349154940326,0.5480108643553285,1.0048076923076923,76.0,0.04084515907348566,True
科创50ETF易方达,3月,1.8,1.834,10941.51312576,-10305.363779480002,636.149346279999,21246.876905240002,48.0,77.0,125.0,48.0,77.0,125.0,0.005001,0.1302,0.5378,3116.190579991752,-4100.189928897395,-983.9993489056424,7216.380508889147,636.149346279999,0.0,369.8376388537695,0.7041298889169845,0.4944778206000152,1.0,62.5,0.0327071640003077,True
科创50ETF易方达,3月,1.85,1.834,72589.84383168,-42974.13687840001,29615.706953279994,115563.98071008001,336.0,315.0,651.0,337.0,315.0,652.0,0.0051435,0.10414999999999999,0.52395,20029.957460821475,-18484.16117857131,1545.796282250165,38514.118639392786,29615.706953279994,0.0,429.77865949651743,0.6228437390694528,0.5606481529478111,1.0014880952380953,325.5,0.1320700497032568,True
科创50ETF易方达,3月,1.9,1.834,30019.737300000004,-24665.32613916001,5354.411160839994,54685.06343916002,140.0,177.0,317.0,140.0,177.0,317.0,0.0051675,0.07874999999999999,0.5259,11302.788862766583,-11455.573774103292,-152.78491133670832,22758.362636869875,5354.411160839994,0.0,329.81940478283434,0.7361444761737326,0.5776087923995277,1.0,158.5,0.07995532728342677,True
科创50ETF易方达,3月,1.95,1.834,8529.978016000001,-1566.5425714400003,6963.43544456,10096.520587440002,40.0,11.0,51.0,40.0,11.0,51.0,0.0051660000000000005,0.05375000000000002,0.5287,3392.979116095683,-760.7179931788226,2632.2611229168606,4153.697109274505,6963.43544456,0.0,291.720142522505,0.766623885981996,0.5895302110196046,1.0,25.5,0.020983277614144237,False
科创50ETF易方达,3月,2.0,1.834,8222.347184240001,-21119.936301800004,-12897.589117560003,29342.283486040003,38.0,155.0,193.0,38.0,155.0,193.0,0.0052995,0.031950000000000006,0.5242,2875.2203766631587,-9683.489102760881,-6808.268726097722,12558.70947942404,-12897.589117560003,0.0,239.7419881350808,0.8082064094919355,0.5191896965728007,1.0,96.5,0.05176021607085321,False
科创50ETF易方达,3月,2.05,1.834,18913.948099200003,-12313.843973760002,6600.104125440001,31227.792072960005,88.0,87.0,175.0,98.0,87.0,185.0,0.005212,0.00605,0.5299,4165.193087756616,-6278.280790041673,-2113.0877022850573,10443.47387779829,6600.104125440001,0.0,401.3451665883417,0.6789238667293267,0.5296055579186163,1.0568181818181817,87.5,0.04959266089407857,False
科创50ETF易方达,3月,2.1,1.834,87602.94149544001,-35449.12212408001,52153.819371360005,123052.06361952002,414.0,261.0,675.0,490.0,329.0,819.0,0.0053695,-0.012499999999999983,0.51645,17206.960557572846,-17348.325905163852,-141.36534759100687,34555.286462736694,52153.819371360005,0.0,410.2131750610532,0.6718294599511574,0.4978500280093789,1.222055638847243,337.5,0.1422180615246466,False
科创50ETF易方达,8月,1.55,1.834,119564.325132,-1456351.8041688001,-1336787.4790368,1575916.1293008002,615.0,7491.0,8106.0,373.0,6584.0,6957.0,1e-06,0.2731,0.578,28059.6518989508,0.0,28059.6518989508,28059.6518989508,-1207502.4770648002,-129285.001972,331.34071344070065,0.5411034258091673,0.2192800276912426,0.7427127186770466,0.6249648127588374,0.49523743873754916,False
科创50ETF易方达,8月,1.6,1.834,45791.78773960002,-1012460.6280040002,-966668.8402644001,1058252.4157436,218.0,4820.0,5038.0,64.0,5529.0,5593.0,1e-06,0.23809999999999998,0.6245,6910.2528363337515,0.0,6910.2528363337515,6910.2528363337515,-999017.1673832001,32348.32711880001,300.3170272483337,0.5327476888173226,0.19150174621653077,0.7203367086680117,0.23236519812681133,0.4174286329650163,False
科创50ETF易方达,8月,1.65,1.834,115899.25997216001,-710386.3907560003,-594487.1307838403,826285.6507281603,518.0,3175.0,3693.0,237.0,3449.0,3686.0,1e-06,0.2017,0.6652,15279.566020166385,0.0,15279.566020166385,15279.566020166385,-657359.1231625603,62871.99237872001,77.27547113643311,0.7582568431680736,0.09532538955087083,0.7719140850636914,0.4207791717495381,0.3661005150969378,False
科创50ETF易方达,8月,1.7,1.834,623978.9916052002,-2529277.7329624,-1905298.7413571998,3153256.7245676005,1507.0,7090.0,8597.0,520.0,7534.0,8054.0,0.005209,0.21975,1.1458,12957.70885638042,0.0,12957.70885638042,12957.70885638042,-2313969.7862904,408671.0449332001,245.89838220173533,0.5556259082620578,0.022340425531914954,0.7038399083543371,0.2637882853326459,0.5633469140656667,False
科创50ETF易方达,8月,1.75,1.834,1580120.20430964,-2483688.8685562806,-903568.6642466406,4063809.0728659206,3351.0,6479.0,9830.0,1114.0,7359.0,8473.0,0.0051515,0.15719999999999998,1.2708,0.0,0.0,0.0,0.0,-1958396.7445333207,1054828.08028668,64.01971003506034,0.7819385142757417,0.0,0.734130753863606,0.08078236195131186,0.6093586244175864,True
科创50ETF易方达,8月,1.8,1.834,2639738.9301360003,-1394416.2930516002,1245322.6370844,4034155.2231876003,5405.0,3510.0,8915.0,6274.0,7795.0,14069.0,0.0052595,0.08880000000000002,1.3165499999999999,0.0,0.0,0.0,0.0,1245322.6370844,0.0,119.67542725836579,0.7529776069112561,0.0,1.690787389538546,0.3243140348470298,0.6125004125940697,True
科创50ETF易方达,8月,1.85,1.834,3043585.08852944,-5961184.5208028415,-2917599.4322734014,9004769.609332282,6188.0,14847.0,21035.0,9893.0,15390.0,25283.0,0.0053355,0.022300000000000014,1.3279999999999998,0.0,0.0,0.0,0.0,-2917599.4322734014,0.0,172.9038530702406,0.7741769175438076,0.0,1.3176562704289636,0.5838070408086545,0.7741857706352623,True
科创50ETF易方达,8月,1.9,1.834,3731633.4648138005,-2192045.9266244005,1539587.5381894,5923679.391438201,7735.0,5537.0,13272.0,12162.0,11395.0,23557.0,0.0054035,-0.0413,1.30565,0.0,-227896.01696898032,-227896.01696898032,227896.01696898032,1539587.5381894,0.0,121.98487869156946,0.8078175024521499,0.06384248210023868,1.8151535903673928,0.49437689261588635,0.6947657487674314,True
科创50ETF易方达,8月,1.95,1.834,4348479.026854201,-2134445.9046489606,2214033.1222052407,6482924.931503162,9447.0,5674.0,15121.0,9255.0,5084.0,14339.0,0.005530500000000001,-0.09919999999999998,1.2434500000000002,0.0,-462232.8248631215,-462232.8248631215,462232.8248631215,2347601.2763876403,-133568.1541823999,205.16677737402227,0.7776718461530094,0.1656833824975419,0.9378465034639012,0.41774408886376985,0.7044093220433785,False
科创50ETF易方达,8月,2.0,1.834,4118107.5628140005,-1222679.7835324802,2895427.7792815203,5340787.346346481,9690.0,3419.0,13109.0,8491.0,2409.0,10900.0,0.005641,-0.15134999999999998,1.1633499999999999,0.0,-299531.6193137441,-299531.6193137441,299531.6193137441,2747059.81052132,148367.96876020002,283.44736771862955,0.5989371505183636,0.23152400835073056,0.790428087923644,0.2930758050988638,0.6631383520792601,False
科创50ETF易方达,8月,2.05,1.834,3538321.9971372,-677663.0271432002,2860658.969994,4215985.0242804,9165.0,2055.0,11220.0,7274.0,382.0,7656.0,0.0058345,-0.19465,1.0641,0.0,-169217.77370423413,-169217.77370423413,169217.77370423413,2682296.12061264,178362.84938135976,224.94658833605374,0.5220152662935992,0.29829242262540034,0.48977982725459046,0.3212797841853232,0.6230067597755101,False
科创50ETF易方达,8月,2.1,1.834,2519491.8031360004,-657356.0623266001,1862135.7408094003,3176847.8654626003,7315.0,2015.0,9330.0,6859.0,255.0,7114.0,0.005659999999999999,-0.24615,0.99695,0.0,-143124.38580104886,-143124.38580104886,143124.38580104886,2279243.5932574,-417107.85244800005,290.23749956822735,0.5092240701465847,0.28955901426718544,0.532106603074345,0.3919569998625395,0.5662594449515266,False
科创50ETF易方达,8月,2.15,1.834,2401590.79008156,-416484.38370784005,1985106.4063737202,2818075.1737894,7811.0,1454.0,9265.0,7306.0,1026.0,8332.0,0.006046,-0.27005,0.88285,0.0,-190952.22764477518,-190952.22764477518,190952.22764477518,1952434.2697188002,32672.136654920017,239.2169089707553,0.7368239131418407,0.36556016597510366,0.8204936007961121,0.39305351920709275,0.5609268685815727,False
科创50ETF易方达,8月,2.2,1.834,1884720.1693936002,-268456.97499264,1616263.19440096,2153177.1443862403,6940.0,1008.0,7948.0,3006.0,93.0,3099.0,0.0060765,-0.3035,0.7996,0.0,-80930.63255145792,-80930.63255145792,80930.63255145792,791581.6235292001,824681.5708717601,209.2333010079645,0.5376939822209372,0.38092860708936604,0.2627015575682723,0.26918452268367155,0.48484870676100467,False
科创50ETF易方达,8月,2.25,1.834,1401334.7577524404,-148613.47471264002,1252721.2830398004,1549948.2324650805,5887.0,614.0,6501.0,1961.0,3.0,1964.0,0.006290499999999999,-0.32530000000000003,0.71365,0.0,-46244.67178784974,-46244.67178784974,46244.67178784974,466068.07630404015,786653.2067357602,356.01514133386127,0.3494531214150426,0.4137892626420139,0.16899641953866218,0.07456568416943198,0.4254869645823726,False
科创50ETF易方达,8月,2.3,1.834,1749998.3155032003,-193662.58928744006,1556335.7262157602,1943660.9047906403,8412.0,923.0,9335.0,2583.0,17.0,2600.0,0.002827,-0.30995,0.6211500000000001,0.0,-45789.937921174926,-45789.937921174926,45789.937921174926,533789.91280804,1022545.8134077201,360.7564876541438,0.2918753337529614,0.29863481228668937,0.1627397712291526,0.08303299140560022,0.4784245653053894,False
科创50ETF易方达,8月,2.35,1.834,616135.04447096,-27710.757012680006,588424.28745828,643845.8014836401,3422.0,139.0,3561.0,2128.0,0.0,2128.0,0.0028520000000000004,-0.33209999999999995,0.5640000000000001,0.0,-6926.046848575775,-6926.046848575775,6926.046848575775,383148.85290304,205275.43455524,332.8070657148092,0.3914593932103463,0.31176961602671116,0.3109292811221508,0.18412634946021592,0.32296653616954984,False
科创50ETF易方达,8月,2.4,1.834,1126054.77577824,-62347.210371600006,1063707.56540664,1188401.98614984,7212.0,330.0,7542.0,4306.0,10.0,4316.0,0.0068735,-0.37315000000000004,0.51295,0.0,-24700.750072742936,-24700.750072742936,24700.750072742936,670433.4671479202,393274.09825872,160.82312059167816,0.5149960187285938,0.46777459085540746,0.31368174255029496,0.09632875806184885,0.44133440241808436,False
科创50ETF易方达,8月,2.45,1.834,3498750.1307883607,-38261.391295680005,3460488.739492681,3537011.5220840406,25741.0,244.0,25985.0,7194.0,14.0,7208.0,0.0062905,-0.41405000000000003,0.43515000000000004,0.0,-15137.73306490901,-15137.73306490901,15137.73306490901,975622.4917941602,2484866.2476985203,163.78659865240388,0.45480293373992475,0.44744455159112817,0.16842668550077347,0.07114586927059906,0.6521898179931894,False
科创50ETF易方达,9月,1.1,1.834,50949.12815440001,-801881.7737968799,-750932.6456424799,852830.90195128,1060.0,26667.0,27727.0,14.0,4880.0,4894.0,0.0031550000000000003,0.47155,0.11615,18616.273298370783,0.0,18616.273298370783,18616.273298370783,-146069.61730984,-604863.0283326398,606.1255111674004,0.31444993262324744,0.43254924188748767,0.09810262984920236,0.07275032236095254,0.5260950764510917,False
科创50ETF易方达,9月,1.15,1.834,21662.713333520005,-663766.6637070001,-642103.9503734801,685429.3770405201,358.0,17175.0,17533.0,12.0,374.0,386.0,0.003035,0.4625,0.1474,8085.704169722454,0.0,8085.704169722454,8085.704169722454,-13727.950187280001,-628376.0001862001,353.8303537061911,0.327994795044041,0.44501564595440335,0.02764769502248461,0.026441111603049038,0.38374607241519654,False
科创50ETF易方达,9月,1.2,1.834,37437.050991200005,-461737.8006740801,-424300.74968288006,499174.8516652801,505.0,9238.0,9743.0,21.0,1019.0,1040.0,0.0029355000000000006,0.4513,0.1845,13007.271720292409,0.0,13007.271720292409,13007.271720292409,-49375.32030200001,-374925.42938088014,303.0421199949732,0.2883104882292858,0.4211766617909963,0.07594470964740986,0.061557552603397875,0.35087228946412213,False
科创50ETF易方达,9月,1.25,1.834,29347.564268960003,-614462.8189700001,-585115.2547010401,643810.3832389602,331.0,9125.0,9456.0,14.0,486.0,500.0,0.0029265000000000003,0.43595,0.2319,9276.814996501424,0.0,9276.814996501424,9276.814996501424,-31485.171378080006,-553630.0833229602,424.63475717179745,0.3106173363909634,0.39519572953736665,0.047778173240077805,0.039404395868536,0.3414740387524923,False
科创50ETF易方达,9月,1.3,1.834,40649.785140160006,-317237.98858500004,-276588.20344484004,357887.77372516005,392.0,3593.0,3985.0,74.0,1305.0,1379.0,0.002939,0.41705000000000003,0.2854,14443.98892905389,0.0,14443.98892905389,14443.98892905389,-107549.13129548001,-169039.07214936003,362.24835254961425,0.42059766687003675,0.3630567000196194,0.27599087227432023,0.18637167046415143,0.2729489966057491,False
科创50ETF易方达,9月,1.35,1.834,63172.526107320016,-482535.7437600001,-419363.21765268006,545708.2698673201,531.0,4500.0,5031.0,15.0,3761.0,3776.0,0.002799,0.39954999999999996,0.33625,16457.803771746363,0.0,16457.803771746363,16457.803771746363,-401508.11698228004,-17855.100670400025,450.0873278194961,0.45083064890932134,0.35459562725535987,0.4320131826741996,-0.08905919661733615,0.3565756722383093,False
科创50ETF易方达,9月,1.4,1.834,64772.70423876001,-288954.35071440006,-224181.64647564007,353727.05495316006,483.0,2137.0,2620.0,19.0,1006.0,1025.0,0.0029175000000000004,0.37129999999999996,0.40035,15253.011102030192,0.0,15253.011102030192,15253.011102030192,-133478.24633052002,-90703.40014512002,436.97248788505703,0.32706221327484386,0.3218566392479436,0.25504543336327024,0.09499454233588024,0.23287214983814575,False
科创50ETF易方达,9月,1.45,1.834,133267.85590272,-327757.71178836003,-194489.85588564002,461025.56769108004,896.0,2039.0,2935.0,14.0,958.0,972.0,0.0028720000000000004,0.3451,0.46004999999999996,25451.489618640302,0.0,25451.489618640302,25451.489618640302,-151910.76865944001,-42579.087226199976,412.2744223266101,0.3339397599971393,0.28668407310704963,0.24273157797940167,0.03912252116155421,0.2539245326431308,False
科创50ETF易方达,9月,1.5,1.834,139831.09545440003,-885660.3521203201,-745829.25666592,1025491.4475747201,860.0,4729.0,5589.0,148.0,2549.0,2697.0,0.002857,0.3151,0.5201,26995.192184534077,0.0,26995.192184534077,26995.192184534077,-453319.896344,-292509.36032192,375.94006192020464,0.37480280661284926,0.2553561088592935,0.35555380703919903,0.26253861748436885,0.3924884504734508,False
科创50ETF易方达,9月,1.55,1.834,257188.96148596006,-498498.57509592007,-241309.61360996,755687.5365818802,1121.0,2338.0,3459.0,46.0,1735.0,1781.0,0.0048579999999999995,0.33899999999999997,0.658,39110.748567580675,0.0,39110.748567580675,39110.748567580675,-359375.7436284401,118066.13001848006,419.40655515642044,0.42109916476067305,0.2482649842271294,0.39156102221452344,0.042800532452763884,0.32002360452399214,False
科创50ETF易方达,9月,1.6,1.834,220800.93634004,-682848.4196150402,-462047.4832750002,903649.3559550801,791.0,2887.0,3678.0,301.0,1835.0,2136.0,0.0048865,0.29635,0.7665500000000001,34524.03532936856,0.0,34524.03532936856,34524.03532936856,-350002.2530387601,-112045.23023624002,430.53805340316376,0.45879733146201923,0.1825225225225227,0.5080694354613755,0.04371041327351868,0.34928003543268105,False
科创50ETF易方达,9月,1.65,1.834,696510.1750202401,-802523.4393750002,-106013.26435476006,1499033.6143952403,2153.0,3125.0,5278.0,341.0,2573.0,2914.0,0.004927,0.24874999999999997,0.8626499999999999,49805.15304031627,0.0,49805.15304031627,49805.15304031627,-550449.8747605201,444436.61040576,446.5438232085975,0.3891136715771072,0.10745341614906834,0.4908718253599628,0.028469320145844156,0.4233116478033492,False
科创50ETF易方达,9月,1.7,1.834,1251318.7138233602,-1214216.3366541602,37102.37716919999,2465535.0504775206,3536.0,4449.0,7985.0,38.0,1043.0,1081.0,0.005016,0.19655,0.9317500000000001,25611.3169310268,0.0,25611.3169310268,25611.3169310268,-271207.01837824,308309.39554744016,440.7362113189496,0.2964472930974009,0.03696682464454981,0.12259065538140147,0.06603544413226713,0.45633166168860695,False
科创50ETF易方达,9月,1.75,1.834,1861473.6920819203,-1720151.0613548805,141322.63072703988,3581624.753436801,4936.0,6094.0,11030.0,50.0,245.0,295.0,0.005099,0.14429999999999998,0.9802,0.0,-99186.64565788221,-99186.64565788221,99186.64565788221,-50299.96184640001,191622.59257343994,302.4930495565736,0.36807218804975583,0.06279069767441858,0.02516656923753683,0.011148285507704699,0.48076360079234637,True
科创50ETF易方达,9月,1.8,1.834,2435538.0171805206,-1115144.1064610002,1320393.9107195204,3550682.1236415207,6421.0,3889.0,10310.0,929.0,894.0,1823.0,0.005247999999999999,0.09209999999999999,0.9901,0.0,-113784.34752589052,-113784.34752589052,113784.34752589052,96028.95199548008,1224364.9587240405,365.8247089600936,0.38225236485052627,0.14743589743589747,0.18728033004650263,0.10448393670430398,0.5309171030496329,True
科创50ETF易方达,9月,1.85,1.834,750648.7951516402,-586512.5094990002,164136.28565264004,1337161.3046506403,1991.0,2025.0,4016.0,367.0,789.0,1156.0,0.0053430000000000005,0.04249999999999998,0.991,0.0,-85982.59589794785,-85982.59589794785,85982.59589794785,-90155.94777055999,254292.23342320003,412.97095475543153,0.35108172532265225,0.20473083197389896,0.2869795561508269,0.06689152691803828,0.35629104447826215,True
科创50ETF易方达,9月,1.9,1.834,1548391.91510388,-1019974.94665024,528416.96845364,2568366.86175412,4067.0,3496.0,7563.0,681.0,211.0,892.0,0.005327500000000001,-0.006450000000000011,0.9996499999999999,0.0,-115002.21663071837,-115002.21663071837,115002.21663071837,197710.66256900004,330706.30588463997,373.51212416251303,0.23159878200748935,0.24187470560527546,0.11389999122253738,0.04185901956462344,0.4477549703602088,True
科创50ETF易方达,9月,1.95,1.834,742229.6799414002,-480299.65173120005,261930.02821020014,1222529.3316726002,2031.0,1676.0,3707.0,904.0,131.0,1035.0,0.005436,-0.050949999999999995,0.96925,0.0,-91497.61157648267,-91497.61157648267,91497.61157648267,292825.8036704001,-30895.775460199977,322.6182974934484,0.4465580073390823,0.2876935615321924,0.26163161333460244,0.14769034874402093,0.3353697319333171,False
科创50ETF易方达,9月,2.0,1.834,1418978.3916571203,-262213.34053208004,1156765.0511250403,1681191.7321892004,4027.0,938.0,4965.0,1117.0,26.0,1143.0,0.005491,-0.09375,0.93935,0.0,-56247.95440712828,-56247.95440712828,56247.95440712828,386324.7897493601,770440.2613756801,377.6885104147283,0.35886844179383537,0.3235714285714286,0.1525481253140449,0.11589404620864663,0.3887705290581544,False
科创50ETF易方达,9月,2.05,1.834,462852.98766588,-175330.40183400002,287522.58583188,638183.38949988,1389.0,589.0,1978.0,563.0,1.0,564.0,0.0052295,-0.14440000000000003,0.9378500000000001,0.0,-32249.534177727903,-32249.534177727903,32249.534177727903,187309.40380796,100213.18202391997,377.7532608269894,0.37920246467108176,0.2775530839231547,0.2035126833316832,0.1270901958619336,0.24236265934590132,False
科创50ETF易方达,9月,2.1,1.834,1318297.3389936,-142211.14768000002,1176086.1913136002,1460508.4866736,4228.0,560.0,4788.0,524.0,3.0,527.0,0.0057485,-0.1643,0.841,0.0,-39572.0315233668,-39572.0315233668,39572.0315233668,162622.21455480004,1013463.9767588001,361.9776348334882,0.33627645410104295,0.3963888888888889,0.06464640491958373,0.00410797497316211,0.3459292467806959,False
科创50ETF易方达,9月,2.15,1.834,1297683.3824208803,-172790.076165,1124893.3062558803,1470473.4585858802,4483.0,721.0,5204.0,312.0,33.0,345.0,0.005908,-0.193,0.7865500000000001,0.0,-55771.8742463307,-55771.8742463307,55771.8742463307,82405.33931532003,1042487.9669405603,212.40581891269514,0.41981521488167983,0.4261279127416956,0.05768300836292321,0.012797726146208773,0.3420025872928208,False
科创50ETF易方达,9月,2.2,1.834,757027.9809189999,-72327.08283696002,684700.8980820399,829355.0637559599,2825.0,294.0,3119.0,687.0,3.0,690.0,0.005594,-0.23829999999999998,0.76405,0.0,-21118.772343914086,-21118.772343914086,21118.772343914086,183360.45452171995,501340.44356031995,348.3398283825933,0.37200612176204895,0.389728453364817,0.12669496117030882,0.00653135955228869,0.28786907834287856,False
科创50ETF易方达,9月,2.25,1.834,202415.57106624005,-56964.578975920005,145450.99209032004,259380.15004216006,828.0,253.0,1081.0,13.0,4.0,17.0,0.005963999999999999,-0.25049999999999994,0.6980999999999999,0.0,-19117.42922179339,-19117.42922179339,19117.42922179339,2277.3964964800007,143173.59559384006,326.3625400747077,0.3452121198945598,0.43146941349590084,0.015755379885814668,0.007478632478632479,0.13144268919906757,False
科创50ETF易方达,9月,2.3,1.834,882667.7963471201,-41760.162246880005,840907.6341002401,924427.9585940001,3922.0,203.0,4125.0,564.0,2.0,566.0,0.0062195,-0.26765,0.64035,0.0,-15695.53409704484,-15695.53409704484,15695.53409704484,126519.88985552001,714387.74424472,253.15272894500993,0.42820909650175193,0.4714393085306276,0.07682819914439953,0.04344076476613179,0.3084300633371603,False
科创50ETF易方达,9月,2.35,1.834,1080086.7377042403,-17734.483552240003,1062352.2541520002,1097821.2212564803,5259.0,91.0,5350.0,748.0,2.0,750.0,0.006371,-0.28490000000000004,0.595,0.0,-7020.681252165239,-7020.681252165239,7020.681252165239,153233.52069200005,909118.7334600003,252.58540131985393,0.4307737560531649,0.4830332409972299,0.08210519277262004,0.018728857663283895,0.3377489254255036,False
科创50ETF易方达,9月,2.4,1.834,522686.51173200004,-37809.12755592001,484877.38417608006,560495.6392879201,2805.0,197.0,3002.0,793.0,1.0,794.0,0.005731,-0.33645,0.5623,0.0,-13565.454150798421,-13565.454150798421,13565.454150798421,147576.49039784004,337300.89377824,378.68545464513267,0.3294538595217323,0.434904221054416,0.14389279477365474,0.09109487269519642,0.2614623604413507,False
科创50ETF易方达,9月,2.45,1.834,1159459.7976499998,-75977.0119948,1083482.7856551998,1235436.8096448,6875.0,427.0,7302.0,3087.0,1.0,3088.0,0.005747,-0.35595,0.5152,0.0,-28213.398618259987,-28213.398618259987,28213.398618259987,520440.5981196799,563042.18753552,435.85046738017894,0.39965616266346715,0.442383583267561,0.22568005109644454,0.10213524738172626,0.4285205288164675,False
