underlying,contract_month,strike,underlying_price,expiry,expiry_month,expiry_source,expiry_confidence,days_to_expiry,business_days_to_expiry_estimate,call_gex,put_gex,net_gex,total_abs_gex,call_oi,put_oi,total_oi,call_volume,put_volume,total_volume,avg_iv,avg_delta,avg_gamma,liquidity_adjusted_call_gex,liquidity_adjusted_put_gex,liquidity_adjusted_net_gex,liquidity_adjusted_abs_gex,active_gex,stable_gex,avg_spread_bps,avg_liquidity_score,avg_pricing_quality_score,avg_volume_oi_ratio,avg_oi_change_rate,price_wall_score,in_price_range
上证50ETF华夏,8月,2.75,2.99,2026-08-26,202608,rule_fourth_wednesday,medium,23.0,17.0,439883.495142,-9750528.468694003,-9310644.973552004,10190411.963836003,579.0,15058.0,15637.0,110.0,9699.0,9809.0,0.1135,0.41655,0.78705,262226.0777292863,-4462268.680001602,-4200042.602272315,4724494.757730888,-6196837.198877002,-3113807.774675001,352.9471083547634,0.526884990206037,0.42208333333333337,0.4170460861640115,0.023251080398353212,0.7508755056408629,False
上证50ETF华夏,8月,2.8,2.99,2026-08-26,202608,rule_fourth_wednesday,medium,23.0,17.0,4274512.132800001,-33841852.126173005,-29567339.993373003,38116364.258973,4200.0,34911.0,39111.0,490.0,8635.0,9125.0,0.10885,0.37,1.11135,2412372.8143711607,-9218173.34271916,-6805800.528347999,11630546.157090321,-7871860.414145001,-21695479.579228,224.85073384238441,0.418375940563904,0.38997429305912595,0.18200495545816503,0.05066019854508666,0.8807876606032197,False
上证50ETF华夏,8月,2.85,2.99,2026-08-26,202608,rule_fourth_wednesday,medium,23.0,17.0,6288905.120108001,-48387353.612312004,-42098448.492204,54676258.732420005,5276.0,35068.0,40344.0,2014.0,20149.0,22163.0,0.176,0.37835,1.43835,4199444.51827759,-23532922.69598283,-19333478.17770524,27732367.214260418,-25401238.284603998,-16697210.207600005,226.09598115369258,0.57704947979703,0.34034165571616304,0.4781489951332937,0.10165521001857228,0.9207418730540035,True
上证50ETF华夏,8月,2.9,2.99,2026-08-26,202608,rule_fourth_wednesday,medium,23.0,17.0,39803756.013190016,-85014551.110125,-45210795.09693499,124818307.12331502,19190.0,46925.0,66115.0,9790.0,32284.0,42074.0,0.1799,0.27685,2.1733000000000002,24347496.648337424,-68153851.59520595,-43806354.946868524,92501348.24354337,-38182940.915470004,-7027854.181464992,44.49438202247249,0.70668060067337,0.23291366906474814,0.5990765091146133,0.08878354911593771,0.9573920566272837,True
上证50ETF华夏,8月,2.95,2.99,2026-08-26,202608,rule_fourth_wednesday,medium,23.0,17.0,83854530.848452,-78519906.66410801,5334624.184343994,162374437.51256,31612.0,36347.0,67959.0,27167.0,30708.0,57875.0,0.18184999999999998,0.14809999999999998,2.69175,68896289.35398579,-47559071.798382506,21337217.55560328,116455361.15236829,5725592.726944998,-390968.5426010024,117.79864089558205,0.7136556141369659,0.07347204161248361,0.852122680769942,0.10488718445980937,0.966173347016775,True
上证50ETF华夏,8月,3.0,2.99,2026-08-26,202608,rule_fourth_wednesday,medium,23.0,17.0,251387390.68404004,-156390563.95560002,94996826.72844002,407777954.6396401,90212.0,68520.0,158732.0,61601.0,44013.0,105614.0,0.18535000000000001,0.0062500000000000056,2.835,186265305.43405616,-85258804.22001715,101006501.21403901,271524109.6540733,71203540.88328,23793285.84516,204.74700353785653,0.6430575939570338,0.15818759936406984,0.6625925374228427,0.056886527246363845,0.994550826734979,True
上证50ETF华夏,8月,3.1,2.99,2026-08-26,202608,rule_fourth_wednesday,medium,23.0,17.0,291227642.50985605,-77651273.227359,213576369.28249705,368878915.73721504,143656.0,44367.0,188023.0,71296.0,21592.0,92888.0,0.2056,-0.22920000000000001,2.11265,161386435.66386798,-58270114.92674903,103116320.73711896,219656550.590617,106744929.17431204,106831440.10818504,95.06948595551455,0.6522833885471229,0.4121621621621623,0.4914823639137569,0.030827132379012624,0.9920206015422701,True
上证50ETF华夏,8月,3.2,2.99,2026-08-26,202608,rule_fourth_wednesday,medium,23.0,17.0,136249784.57376,-11282305.445073,124967479.12868701,147532090.018833,126528.0,9837.0,136365.0,38989.0,2095.0,41084.0,0.23395,-0.35575,1.2437,81451492.49004519,-5479347.810288947,75972144.67975624,86930840.30033414,39581912.79575,85385566.332937,114.22241009868289,0.541734294221177,0.494550408719346,0.26055833352808594,0.016256700331584287,0.9770298241994737,False
上证50ETF华夏,8月,3.3,2.99,2026-08-26,202608,rule_fourth_wednesday,medium,23.0,17.0,28339910.662492003,-1394395.44309,26945515.219402004,29734306.105582003,52018.0,1830.0,53848.0,9194.0,511.0,9705.0,0.26705,-0.41345,0.73085,2327476.823940024,-942772.8521773596,1384703.9717626642,3270249.6761173834,4619616.353183,22325898.866219003,292.50661080394275,0.37912150998750227,0.48376313276026744,0.2279907417503861,-0.036677205485701886,0.8807220976476561,False
上证50ETF华夏,8月,3.4,2.99,2026-08-26,202608,rule_fourth_wednesday,medium,23.0,17.0,9754041.033984004,-696816.962686,9057224.071298003,10450857.996670004,29908.0,1219.0,31127.0,4095.0,28.0,4123.0,0.3225,-0.42860000000000004,0.5021,563992.2124254782,-369518.0586169178,194474.15380856034,933510.271042396,1319516.5627280006,7737707.508570003,449.3084786530368,0.2940578416162872,0.6518072289156627,0.07994476745366129,0.007121540965816604,0.7678733730008372,False
上证50ETF华夏,8月,3.5,2.99,2026-08-26,202608,rule_fourth_wednesday,medium,23.0,17.0,5879226.736227001,-1395268.622657,4483958.113570001,7274495.358884001,28983.0,3127.0,32110.0,5709.0,66.0,5775.0,0.36555,-0.44225,0.363,478804.3550079418,-740507.3202867573,-261702.96527881554,1219311.6752946991,1128626.3853150003,3355331.728255,351.602286710116,0.3060837224478683,0.6215674828016438,0.10904201520115213,0.006092466392074598,0.7458798207174597,False
上证50ETF华夏,9月,2.65,2.99,2026-09-23,202609,rule_fourth_wednesday,medium,51.0,37.0,1206902.77188,-14832507.036256,-13625604.264376,16039409.808136001,2356.0,32203.0,34559.0,162.0,3228.0,3390.0,0.11989999999999999,0.4113,0.5441,627916.3147938603,-4487519.176464307,-3859602.8616704466,5115435.491258168,-1403809.9047959999,-12221794.35958,134.04986544758927,0.4114085363630251,0.4020588235294118,0.084499859681529,0.015558856173962509,0.7926180552539475,False
上证50ETF华夏,9月,2.7,2.99,2026-09-23,202609,rule_fourth_wednesday,medium,51.0,37.0,1022258.7741340003,-17051651.021418,-16029392.247284,18073909.795552,1621.0,28459.0,30080.0,139.0,3441.0,3580.0,0.1162,0.38015000000000004,0.6878,566283.8202993926,-4235021.6012364,-3668737.7809370076,4801305.421535793,-1974070.2754760003,-14055321.971808,355.55996166683224,0.40115890407832433,0.3561051539259773,0.10333016062871186,0.05166381149008195,0.794705994455735,False
上证50ETF华夏,9月,2.75,2.99,2026-09-23,202609,rule_fourth_wednesday,medium,51.0,37.0,2064708.6747170002,-8660389.124478001,-6595680.449761001,10725097.799195,2753.0,11326.0,14079.0,39.0,3037.0,3076.0,0.11299999999999999,0.34115,0.8471,1081736.1969233046,-1794931.7879922003,-713195.5910688958,2876667.984915505,-2292982.7742900006,-4302697.675471001,321.3636690031543,0.36558737245436945,0.31943879625864174,0.14115522860169108,-0.013571551279848824,0.7044754598505055,False
上证50ETF华夏,9月,2.8,2.99,2026-09-23,202609,rule_fourth_wednesday,medium,51.0,37.0,3638137.755798001,-17678063.087386005,-14039925.331588004,21316200.843184005,4214.0,18674.0,22888.0,607.0,4118.0,4725.0,0.11155,0.29245,1.0123,2105470.3658784004,-11627428.028251119,-9521957.66237272,13732898.394129518,-3374324.791903001,-10665600.539685002,68.35728374189905,0.6182270077618688,0.25787401574803137,0.18228208688847017,0.057751768489184785,0.79630885539832,False
上证50ETF华夏,9月,2.85,2.99,2026-09-23,202609,rule_fourth_wednesday,medium,51.0,37.0,6516012.894235001,-18725922.106073,-12209909.211838,25241935.000308,5377.0,16583.0,21960.0,612.0,3008.0,3620.0,0.16645,0.32935,1.3093,4015899.511351273,-5911374.910278253,-1895475.3989269803,9927274.421629526,-2655065.5855880002,-9554843.626249997,166.3077340223085,0.46599555176320506,0.17741935483870974,0.14760434745262954,-0.00806874109364229,0.7955470515577708,True
上证50ETF华夏,9月,2.9,2.99,2026-09-23,202609,rule_fourth_wednesday,medium,51.0,37.0,11074223.187157,-24217600.156152006,-13143376.968995007,35291823.34330901,6319.0,18922.0,25241.0,2651.0,3930.0,6581.0,0.17815,0.2289,1.6959499999999998,7607679.873441632,-13205345.300462455,-5597665.427020823,20813025.173904087,-383917.1281270012,-12759459.840868002,136.64908127648698,0.6161253656285962,0.10453031282880793,0.31361157662446437,0.07019101714497143,0.8434079857185005,True
上证50ETF华夏,9月,2.95,2.99,2026-09-23,202609,rule_fourth_wednesday,medium,51.0,37.0,19177435.598503005,-21382744.153108004,-2205308.5546049997,40560179.75161101,9541.0,15527.0,25068.0,2046.0,6817.0,8863.0,0.1832,0.13085,1.89435,12840567.139898326,-14208952.305715557,-1368385.165817231,27049519.445613883,-5275450.198850001,3070141.6442450006,79.57615670381664,0.6670359946090653,0.14574616457461637,0.32674229993029646,0.05828600132903858,0.8598778121943877,True
上证50ETF华夏,9月,3.0,2.99,2026-09-23,202609,rule_fourth_wednesday,medium,51.0,37.0,52990168.12035701,-28395545.620000005,24594622.500357002,81385713.74035701,25873.0,20000.0,45873.0,6380.0,8867.0,15247.0,0.18785000000000002,0.03199999999999997,1.9395000000000002,36446789.9379543,-16172620.316406643,20274169.621547654,52619410.254360944,477633.1567930002,24116989.343564004,136.64061057425923,0.628675333207968,0.23109243697478998,0.34496955416843816,-0.013478454993732021,0.9314373847752866,True
上证50ETF华夏,9月,3.1,2.99,2026-09-23,202609,rule_fourth_wednesday,medium,51.0,37.0,56879500.96171201,-22787587.175860006,34091913.785852,79667088.13757202,32567.0,18230.0,50797.0,9458.0,1896.0,11354.0,0.2034,-0.14165000000000003,1.6759,20098782.916035555,-9230367.940453207,10868414.975582348,29329150.856488764,14148746.732016003,19943167.053836003,160.4360273349688,0.3792092268237973,0.4037037037037037,0.19721053391581062,0.051299343975781564,0.9237488486888907,True
上证50ETF华夏,9月,3.2,2.99,2026-09-23,202609,rule_fourth_wednesday,medium,51.0,37.0,45046111.392256014,-11624783.242878001,33421328.149378013,56670894.63513401,37376.0,11586.0,48962.0,9474.0,926.0,10400.0,0.2238,-0.26075,1.2352,18613306.076276895,-6426873.085168677,12186432.991108216,25040179.161445573,10489106.068896005,22932222.08048201,125.39312481419543,0.48303260962950045,0.4868041237113402,0.16670110703547503,0.04268815376918343,0.9150546479646318,False
上证50ETF华夏,9月,3.3,2.99,2026-09-23,202609,rule_fourth_wednesday,medium,51.0,37.0,24816710.944740005,-4863442.740117001,19953268.204623003,29680153.684857007,32353.0,6191.0,38544.0,7920.0,253.0,8173.0,0.24880000000000002,-0.33135,0.86835,9954747.887381831,-2600549.248787503,7354198.6385943275,12555297.136169335,5876371.447089002,14076896.757534003,142.76352742931917,0.4679222436177526,0.47381095725466593,0.14283266390301985,0.01006011944583704,0.8639677850047252,False
上证50ETF华夏,9月,3.4,2.99,2026-09-23,202609,rule_fourth_wednesday,medium,51.0,37.0,11819854.258056002,-1723681.6763400005,10096172.581716001,13543535.934396002,23643.0,2820.0,26463.0,2892.0,5.0,2897.0,0.29955,-0.35395,0.6214500000000001,3460112.51562021,-907097.7997804664,2553014.7158397436,4367210.315400677,1442742.5204790002,8653430.061237002,179.86660462230478,0.4094966553229013,0.4286363636363637,0.06204627612329141,0.0007836990595611285,0.7656577187640872,False
上证50ETF华夏,9月,3.5,2.99,2026-09-23,202609,rule_fourth_wednesday,medium,51.0,37.0,11607620.932908,-1013922.66729,10593698.265618,12621543.600198,32427.0,1970.0,34397.0,3767.0,15.0,3782.0,0.31565,-0.38815,0.48805,2251048.116301236,-552953.5510336164,1698094.5652676197,2804001.6673348527,1340721.1389130002,9252977.126705002,199.98755715929943,0.3696445706749101,0.4508571428571428,0.06189141905465443,0.0013760900488589275,0.7860409106702391,False
上证50ETF华夏,9月,3.6,2.99,2026-09-23,202609,rule_fourth_wednesday,medium,51.0,37.0,24240167.918785006,-1317428.8705760003,22922739.048209004,25557596.789361008,90895.0,3016.0,93911.0,2882.0,267.0,3149.0,0.35234999999999994,-0.39999999999999997,0.39344999999999997,6625190.424048081,-761219.007147292,5863971.416900789,7386409.431195373,651951.7860440001,22270787.262165003,135.01278122051727,0.4255605377535246,0.6892800000000001,0.06011738301532228,0.0011146982604002187,0.8466040000853654,False
上证50ETF华夏,12月,2.7,2.99,2026-12-23,202612,rule_fourth_wednesday,medium,142.0,102.0,859134.6699000001,-7234126.694938,-6374992.025038,8093261.364838,1545.0,13066.0,14611.0,240.0,6337.0,6577.0,0.11329999999999998,0.32144999999999996,0.6206499999999999,498370.82594000024,-4834554.100742955,-4336183.274802955,5332924.926682955,-3375088.097641,-2999903.927397,129.84546317879628,0.6241914375529773,0.7073320192872543,0.320169520240036,0.04948883236911589,0.713731148450616,False
上证50ETF华夏,12月,2.75,2.99,2026-12-23,202612,rule_fourth_wednesday,medium,142.0,102.0,446524.2014220001,-3898372.176465,-3451847.9750429997,4344896.377887,717.0,6295.0,7012.0,61.0,950.0,1011.0,0.11284999999999999,0.28575,0.69465,246583.1642551951,-1761497.9113016168,-1514914.7470464217,2008081.0755568119,-550327.881324,-2901520.093719,139.77916282242987,0.5020413627806303,0.6591723161263376,0.1179950659297687,0.028276018941181043,0.515451717381765,False
上证50ETF华夏,12月,2.8,2.99,2026-12-23,202612,rule_fourth_wednesday,medium,142.0,102.0,1399525.7194750002,-6404225.794434001,-5004700.074959001,7803751.513909001,2045.0,9453.0,11498.0,213.0,1311.0,1524.0,0.11329999999999998,0.24609999999999999,0.7616499999999999,785498.6193281863,-2585297.4698619395,-1799798.8505337532,3370796.089190126,-742407.628443,-4262292.446516001,207.61892437868838,0.48247338261794237,0.6411009290320662,0.12142130530223261,0.09512789730108709,0.6387119140668877,False
上证50ETF华夏,12月,2.85,2.99,2026-12-23,202612,rule_fourth_wednesday,medium,142.0,102.0,1020929.3812640001,-2915079.096384,-1894149.7151199998,3936008.4776480002,1093.0,4032.0,5125.0,127.0,682.0,809.0,0.15245,0.31105,0.92675,580974.975525372,-1680364.2931965652,-1099389.3176711933,2261339.268721937,-374450.545638,-1519699.169482,105.3955323188676,0.5727517315390012,0.5522866174920971,0.14267039348523797,-0.030851698454091463,0.48046600955195085,True
上证50ETF华夏,12月,2.9,2.99,2026-12-23,202612,rule_fourth_wednesday,medium,142.0,102.0,2731963.1405300004,-1690159.8773800002,1041803.2631500002,4422123.017910001,2042.0,2236.0,4278.0,210.0,262.0,472.0,0.16999999999999998,0.21505,1.171,1542539.814052335,-967883.417668217,574656.396384118,2510423.231720552,82914.06344,958889.1997100003,94.20047973544595,0.5686423915607959,0.4979384168098322,0.11000693837288147,0.04686641255633363,0.45989665344749353,True
上证50ETF华夏,12月,2.95,2.99,2026-12-23,202612,rule_fourth_wednesday,medium,142.0,102.0,2235787.9481340004,-1688327.1568800004,547460.791254,3924115.105014001,1557.0,2160.0,3717.0,162.0,246.0,408.0,0.17695,0.1434,1.24025,1256802.3565155657,-986805.0272074445,269997.3293081211,2243607.3837230103,40343.63166600003,507117.15958800004,87.84856348772118,0.5733081755425141,0.4392307692307692,0.10896756583172768,0.018402473274646714,0.43743142210697045,True
上证50ETF华夏,12月,3.0,2.99,2026-12-23,202612,rule_fourth_wednesday,medium,142.0,102.0,12853639.503120001,-2471093.7045600004,10382545.798560001,15324733.207680002,8908.0,3180.0,12088.0,953.0,455.0,1408.0,0.18535000000000001,0.07674999999999998,1.2416,7217395.062514237,-1056707.4310830138,6160687.631431224,8274102.49359725,1021545.89056,9360999.908,92.0349771047185,0.4945666862296111,0.4129886506935688,0.12503212432891925,0.040056546105238074,0.6890110368614248,True
上证50ETF华夏,12月,3.1,2.99,2026-12-23,202612,rule_fourth_wednesday,medium,142.0,102.0,10257075.071100002,-2171306.046468001,8085769.024632001,12428381.117568003,7726.0,2929.0,10655.0,1351.0,111.0,1462.0,0.19925,-0.03955000000000003,1.1571,5481797.546454846,-1170377.5503726583,4311419.996082188,6652175.096827504,1711308.3991380003,6374460.6254940005,90.61064622864413,0.5367303473638192,0.38634321653189585,0.10638049420016939,0.029974534003933524,0.6701519290732451,True
上证50ETF华夏,12月,3.2,2.99,2026-12-23,202612,rule_fourth_wednesday,medium,142.0,102.0,10996372.259951001,-2153056.4415360005,8843315.818415001,13149428.701487001,9917.0,3168.0,13085.0,2887.0,35.0,2922.0,0.21399999999999997,-0.13215,1.0002499999999999,5157641.415364554,-1125946.8877849597,4031694.5275795944,6283588.303149514,3177435.8967910004,5665879.921624,122.21774471684549,0.4959919865193521,0.3739438999662048,0.1510821223987378,0.03453991088042027,0.7130881945494872,False
上证50ETF华夏,12月,3.3,2.99,2026-12-23,202612,rule_fourth_wednesday,medium,142.0,102.0,6139110.3473700015,-1841214.667812,4297895.679558001,7980325.0151820015,6930.0,3062.0,9992.0,1947.0,42.0,1989.0,0.2314,-0.2015,0.83175,2961807.522690341,-970095.8543806946,1991711.6683096462,3931903.3770710356,1699542.6017310005,2598353.077827001,151.1710779119782,0.5046635855569529,0.3628947368421053,0.14733445304967185,0.022191061674258605,0.6398257485955877,False
上证50ETF华夏,12月,3.4,2.99,2026-12-23,202612,rule_fourth_wednesday,medium,142.0,102.0,3471539.1711000004,-1047351.4892100003,2424187.68189,4518890.66031,5043.0,1989.0,7032.0,1027.0,2.0,1029.0,0.25129999999999997,-0.25075000000000003,0.6795,1352125.0906667148,-545658.7915150655,806466.2991516493,1897783.8821817804,705921.0241200001,1718266.65777,232.11489813470106,0.45523891194611266,0.35687022900763354,0.10232707613468366,0.020648358455502787,0.521734342543323,False
上证50ETF华夏,12月,3.5,2.99,2026-12-23,202612,rule_fourth_wednesday,medium,142.0,102.0,5889888.073680001,-623968.0214300001,5265920.052250002,6513856.095110001,11080.0,1189.0,12269.0,94040.0,0.0,94040.0,0.23525000000000001,-0.31545,0.5908,3560317.0595578197,-323950.05810414074,3236367.001453679,3884267.1176619604,5889888.073680001,-623968.0214300001,195.4416982380183,0.5618284595914036,0.4347826086956521,4.243682310469314,0.023036253776435044,0.7232332316685064,False
上证50ETF华夏,3月,2.8,2.99,2027-03-24,202703,rule_fourth_wednesday,medium,233.0,167.0,28373.731776000004,-622651.2341010001,-594277.5023250001,651024.9658770001,48.0,1151.0,1199.0,4.0,230.0,234.0,0.1146,0.23755,0.63315,14610.445715644963,-221691.14604944197,-207080.70033379702,236301.59176508692,-122057.57608200003,-472219.9262430001,234.76544729150777,0.4354862231109004,0.3850408003577017,0.14157978569359977,0.12057823129251702,0.20799195804509996,False
上证50ETF华夏,3月,2.85,2.99,2027-03-24,202703,rule_fourth_wednesday,medium,233.0,167.0,205066.94098800005,-1122923.0485200004,-917856.1075320004,1327989.9895080004,329.0,1995.0,2324.0,28.0,134.0,162.0,0.14535,0.32365,0.6634,113518.29458776515,-615779.1818489009,-502260.88726113574,729297.476436666,-57971.89964800003,-859884.2078840004,99.35690007967233,0.5509693404919066,0.37284027417181115,0.07613715138911108,0.04341660031847134,0.2883518438575025,True
上证50ETF华夏,3月,2.9,2.99,2027-03-24,202703,rule_fourth_wednesday,medium,233.0,167.0,178154.915562,-226338.74672500003,-48183.831163000024,404493.66228700004,162.0,391.0,553.0,0.0,128.0,128.0,0.16815,0.2212,0.9388,92085.26804373506,-146729.34243822427,-54644.0743944892,238814.61048195933,-74095.54880000002,25911.717636999994,103.61873744581297,0.5825781558234008,0.3812622767053695,0.1636828644501279,0.10526315789473684,0.13906683239306472,True
上证50ETF华夏,3月,2.95,2.99,2027-03-24,202703,rule_fourth_wednesday,medium,233.0,167.0,301839.411042,-290955.5545000001,10883.856541999907,592794.965542,243.0,500.0,743.0,106.0,172.0,278.0,0.17325,0.167,1.0201500000000001,209458.6625705563,-191393.82409101576,18064.838479540544,400852.48666157207,31577.863615999973,-20694.00707400008,100.20853541979321,0.675875970018075,0.2794031597425396,0.39010699588477366,0.2958683473389356,0.18296448008662355,True
上证50ETF华夏,3月,3.0,2.99,2027-03-24,202703,rule_fourth_wednesday,medium,233.0,167.0,587501.5323320001,-425164.6933040001,162336.83902800002,1012666.2256360002,466.0,733.0,1199.0,300.0,58.0,358.0,0.1811,0.10955000000000001,1.0295,459208.8055652277,-211030.16011033734,248178.64545489036,670238.9656755651,344577.9166960001,-182241.07766800007,90.32226961179495,0.6389895909546297,0.27538769384692346,0.36145184994349755,0.08455479452054795,0.25336913130862326,True
上证50ETF华夏,3月,3.1,2.99,2027-03-24,202703,rule_fourth_wednesday,medium,233.0,167.0,1034416.5949260001,-125266.89318000001,909149.7017460001,1159683.4881060002,891.0,220.0,1111.0,152.0,6.0,158.0,0.19465,0.010000000000000009,0.96775,609924.5196723783,-66536.07272108471,543388.4469512936,676460.592393463,173049.76085800002,736099.9408880001,98.97570124699622,0.5603929519092492,0.28412576687116564,0.0989337822671156,0.026087657106026424,0.24672906710477643,True
上证50ETF华夏,3月,3.2,2.99,2027-03-24,202703,rule_fourth_wednesday,medium,233.0,167.0,602568.372263,-19561.654008,583006.718255,622130.026271,583.0,36.0,619.0,43.0,2.0,45.0,0.2057,-0.07235,0.88195,322270.44745499996,-10612.668911543564,311657.7785434564,332883.1163665435,43356.534767,539650.1834880001,108.98291838785266,0.5386760628502287,0.2939927184466019,0.06465599390127691,0.005854011081667068,0.1538268720131433,False
上证50ETF华夏,3月,3.3,2.99,2027-03-24,202703,rule_fourth_wednesday,medium,233.0,167.0,698578.788193,-22095.278348000003,676483.509845,720674.066541,803.0,44.0,847.0,122.0,3.0,125.0,0.22055,-0.13610000000000003,0.7674,373591.45003704086,-12085.000895965279,361506.4491410756,385676.4509330061,104628.76173099999,571854.748114,128.94219005041413,0.5408686638998929,0.29726094399608716,0.1100560398505604,0.11511562521965277,0.1904058839673095,False
上证50ETF华夏,3月,3.4,2.99,2027-03-24,202703,rule_fourth_wednesday,medium,233.0,167.0,133539.34651200002,-15311.709270000001,118227.63724200001,148851.055782,184.0,33.0,217.0,46.0,4.0,50.0,0.23324999999999999,-0.188,0.6654,77816.38359573616,-8706.097487840427,69110.28610789574,86522.48108357658,31528.871868000006,86698.76537400001,123.23219065637318,0.5756566717173257,0.30810755754736197,0.1856060606060606,0.11087441671738689,0.05717770028320382,False
上证50ETF华夏,3月,3.5,2.99,2027-03-24,202703,rule_fourth_wednesday,medium,233.0,167.0,609040.3788560001,-21183.566950000004,587856.8119060001,630223.9458060001,1018.0,50.0,1068.0,168.0,17.0,185.0,0.24695000000000003,-0.22935,0.57155,269148.4348575686,-13887.313445628144,255261.12141194043,283035.74830319674,93307.19789300003,494549.6140130001,190.32469982272715,0.548746134051445,0.31534482758620697,0.25251473477406683,0.1079981180898612,0.19260243954399844,False
沪深300ETF华泰柏瑞,8月,4.2,4.599,2026-08-26,202608,rule_fourth_wednesday,medium,23.0,17.0,757361.9599837199,-18598599.833829124,-17841237.873845402,19355961.793812845,676.0,18567.0,19243.0,144.0,5848.0,5992.0,0.1336,0.3969,0.5016499999999999,464144.9668450524,-9260277.44581823,-8796132.478973178,9724422.412663283,-5696621.376213601,-12144616.497631803,87.7799363860731,0.555373084248345,0.43746958637469585,0.26399258339300846,0.07676475372381387,0.7855969641704494,False
沪深300ETF华泰柏瑞,8月,4.3,4.599,2026-08-26,202608,rule_fourth_wednesday,medium,23.0,17.0,3365363.169352801,-36708944.42498976,-33343581.25563696,40074307.59434256,2460.0,24112.0,26572.0,610.0,20952.0,21562.0,0.22895000000000001,0.39054999999999995,0.6833,1808149.8282724833,-27685788.78350915,-25877638.955236666,29493938.611781634,-31063550.288798157,-2280030.9668388003,83.16447146234317,0.6457397923918635,0.39473684210526316,0.558456201682123,0.0782040934334004,0.8864920327399182,False
沪深300ETF华泰柏瑞,8月,4.4,4.599,2026-08-26,202608,rule_fourth_wednesday,medium,23.0,17.0,11393042.031325711,-43714322.163492754,-32321280.13216704,55107364.19481847,5001.0,20225.0,25226.0,1674.0,20601.0,22275.0,0.22335,0.30415000000000003,1.0495,5611877.074946142,-37865366.23765478,-32253489.16270864,43477243.312600926,-39900694.41695421,7579414.284787171,90.51197904902796,0.679385512287127,0.30780653372931677,0.6766619531470714,0.055984669795724244,0.8970892224924631,True
沪深300ETF华泰柏瑞,8月,4.5,4.599,2026-08-26,202608,rule_fourth_wednesday,medium,23.0,17.0,48125272.00766041,-79634515.35925873,-31509243.351598315,127759787.36691913,15705.0,28532.0,44237.0,19028.0,48658.0,67686.0,0.21949999999999997,0.18034999999999998,1.3842,43075747.46859868,-72236773.49528389,-29161026.026685208,115312520.96388257,-31509243.351598315,0.0,19.471312736832427,0.9010896164772008,0.16830769230769232,1.4584860475810646,0.09931326314884954,0.952221299405287,True
沪深300ETF华泰柏瑞,8月,4.6,4.599,2026-08-26,202608,rule_fourth_wednesday,medium,23.0,17.0,150159008.89673588,-133381636.00842153,16777372.88831435,283540644.9051574,43366.0,43090.0,86456.0,53048.0,59697.0,112745.0,0.21825,0.03075,1.5503,128190898.45146604,-120903306.42986365,7287592.021602392,249094204.8813297,16777372.88831435,0.0,19.41334713838007,0.8800737178936917,0.03770812928501477,1.30433255465333,0.07927181717177548,0.9803842355743526,True
沪深300ETF华泰柏瑞,8月,4.7,4.599,2026-08-26,202608,rule_fourth_wednesday,medium,23.0,17.0,198922098.960144,-126738486.46482848,72183612.49531554,325660585.4249725,60350.0,43557.0,103907.0,53935.0,38031.0,91966.0,0.22104999999999997,-0.1195,1.46705,144619481.94692352,-104336114.02812113,40283367.918802395,248955595.97504467,67117958.00738975,5065654.48792579,34.16889010524688,0.7751275261983971,0.23138957816377187,0.883417577618631,0.05630680689841769,0.9844482870362743,True
沪深300ETF华泰柏瑞,8月,4.8,4.599,2026-08-26,202608,rule_fourth_wednesday,medium,23.0,17.0,183836101.90476513,-71883290.79136045,111952811.11340468,255719392.69612557,69367.0,29466.0,98833.0,43086.0,20018.0,63104.0,0.2266,-0.24519999999999997,1.2031999999999998,126112097.13712275,-59962234.747070685,66149862.390052065,186074331.88419342,65351738.16154369,46601072.95186098,38.481720062453526,0.7600819241009034,0.3467465753424659,0.6502451734540884,0.004604517769482969,0.9778640286603456,True
沪深300ETF华泰柏瑞,8月,4.9,4.599,2026-08-26,202608,rule_fourth_wednesday,medium,23.0,17.0,111211912.09088731,-19860248.497607283,91351663.59328002,131072160.5884946,59279.0,10522.0,69801.0,25046.0,1956.0,27002.0,0.23304999999999998,-0.33775,0.8896999999999999,63977099.84230902,-12485893.894884517,51491205.9474245,76462993.73719354,43296255.64243476,48055407.950845264,57.034272067573006,0.6019798519995566,0.41415901171998726,0.30420335931922277,0.015131631882288114,0.9560177056672212,False
沪深300ETF华泰柏瑞,8月,5.0,4.599,2026-08-26,202608,rule_fourth_wednesday,medium,23.0,17.0,70495281.95470805,-10273532.883999841,60221749.070708215,80768814.8387079,56809.0,7254.0,64063.0,17641.0,1396.0,19037.0,0.2525,-0.38805,0.62815,26752805.805740796,-5588168.585863332,21164637.219877463,32340974.39160413,19913929.86506932,40307819.20563889,235.43417836389034,0.4617180878172422,0.46479217603911976,0.25148866461010894,-0.03975725858580859,0.9413601215035712,False
沪深300ETF华泰柏瑞,8月,5.25,4.599,2026-08-26,202608,rule_fourth_wednesday,medium,23.0,17.0,15394502.638764901,-1912990.9647013203,13481511.67406358,17307493.60346622,34742.0,2394.0,37136.0,5135.0,325.0,5460.0,0.31125,-0.44125,0.29365,954768.2098503287,-996159.8612347373,-41391.651384408586,1950928.071085066,2015666.04759975,11465845.62646383,395.98012560312503,0.29137714843141327,0.49141893962611105,0.14177993387898585,-0.04652287269260672,0.8148734287879446,False
沪深300ETF华泰柏瑞,8月,5.5,4.599,2026-08-26,202608,rule_fourth_wednesday,medium,23.0,17.0,4049411.7998943003,-361731.78561051,3687680.0142837903,4411143.58550481,18498.0,629.0,19127.0,3212.0,60.0,3272.0,0.39154999999999995,-0.4515,0.18769999999999998,468152.5126675707,-188482.7588470059,279669.75382056483,656635.2715145766,668636.0418528001,3019043.9724309905,628.74251497006,0.31833333568737426,0.4813177094848553,0.13451495035513658,-0.005485681114551083,0.6341189942745205,False
沪深300ETF华泰柏瑞,8月,5.75,4.599,2026-08-26,202608,rule_fourth_wednesday,medium,23.0,17.0,1511206.5417611403,-898253.7906850202,612952.7510761202,2409460.3324461607,11487.0,1958.0,13445.0,1193.0,84.0,1277.0,0.47130000000000005,-0.45505,0.13955,365020.7774676121,-464517.8625794351,-99497.08511182299,829538.6400470473,118412.75939850003,494539.9916776202,462.51628028132336,0.3793384663305485,0.4803870744772767,0.07337872638901746,-0.018415816189727388,0.5172773897848939,False
沪深300ETF华泰柏瑞,8月,6.0,4.599,2026-08-26,202608,rule_fourth_wednesday,medium,23.0,17.0,895663.2405785401,-1363000.76407404,-467337.5234955,2258664.0046525802,10886.0,3939.0,14825.0,429.0,12.0,441.0,0.5193,-0.46575,0.10124999999999999,39709.04558896801,-698115.6221332814,-658406.5765443135,737824.6677222494,31144.342964490002,-498481.86645999015,1166.7538561532,0.2782624928459058,0.4866628628485843,0.021227436484656675,0.00032172074639213164,0.48520002954095826,False
沪深300ETF华泰柏瑞,9月,4.0,4.599,2026-09-23,202609,rule_fourth_wednesday,medium,51.0,37.0,1121017.8339612002,-22414466.815669533,-21293448.981708333,23535484.649630733,1646.0,37067.0,38713.0,52.0,6061.0,6113.0,0.1362,0.41295,0.30395,510808.12436814,-7238129.530083083,-6727321.405714942,7748937.654451223,-3629680.2877815906,-17663768.693926744,187.15985730281488,0.3892934049857162,0.4090302119846436,0.09755322706992012,0.043462549829965565,0.8426312625708197,False
沪深300ETF华泰柏瑞,9月,4.1,4.599,2026-09-23,202609,rule_fourth_wednesday,medium,51.0,37.0,345704.76615276,-25484299.783525802,-25138595.01737304,25830004.549678564,401.0,31134.0,31535.0,36.0,1663.0,1699.0,0.12985,0.378,0.3973,170309.87677607904,-10349660.197575215,-10179350.320799137,10519970.074351294,-1330189.52648274,-23808405.4908903,224.0696379948542,0.4493822565804255,0.3815091373550795,0.07159491744077207,0.012842071325203559,0.7933242535759911,False
沪深300ETF华泰柏瑞,9月,4.2,4.599,2026-09-23,202609,rule_fourth_wednesday,medium,51.0,37.0,2427485.8910904,-21948618.943088464,-19521133.051998064,24376104.834178865,2328.0,20146.0,22474.0,176.0,2496.0,2672.0,0.12645,0.331,0.50405,1182992.4484043708,-11640081.049700389,-10457088.601296019,12823073.498104759,-2535815.2176201604,-16985317.8343779,163.83326171950762,0.5088327780173872,0.316050277979212,0.09974846848248337,0.016073022012344663,0.7789881688275122,False
沪深300ETF华泰柏瑞,9月,4.3,4.599,2026-09-23,202609,rule_fourth_wednesday,medium,51.0,37.0,2555502.3831909606,-32568773.268956404,-30013270.885765444,35124275.65214737,1916.0,23384.0,25300.0,201.0,7589.0,7790.0,0.1966,0.35519999999999996,0.64455,1270536.4502438575,-18547741.059410546,-17277204.60916669,19818277.509654403,-10301721.614032593,-19711549.271732852,190.69142587206753,0.5333356993064313,0.26658767772511854,0.21472210001021344,0.12097244175586894,0.849469229666161,False
沪深300ETF华泰柏瑞,9月,4.4,4.599,2026-09-23,202609,rule_fourth_wednesday,medium,51.0,37.0,6298432.94286297,-25780342.468930565,-19481909.526067596,32078775.411793534,3083.0,15328.0,18411.0,365.0,2766.0,3131.0,0.20529999999999998,0.26065000000000005,0.8805499999999999,3213381.6713866857,-13156933.54382834,-9943551.872441655,16370315.215215025,-3906488.8577729706,-15575420.668294627,186.87694037216275,0.5102674973834292,0.166539488744754,0.14942262420289865,0.012519158591939989,0.7842228135197996,True
沪深300ETF华泰柏瑞,9月,4.5,4.599,2026-09-23,202609,rule_fourth_wednesday,medium,51.0,37.0,11894568.55558965,-29038792.35788055,-17144223.8022909,40933360.9134702,4821.0,15179.0,20000.0,1000.0,3940.0,4940.0,0.20805,0.15740000000000004,1.0355,5654273.496776617,-15906473.206248362,-10252199.709471744,21560746.70302498,-5070333.468123,-12073890.334167901,110.35554497739177,0.5115661742888121,0.021450459652706977,0.2334974934187492,0.026156646973486585,0.8261311350841748,True
沪深300ETF华泰柏瑞,9月,4.6,4.599,2026-09-23,202609,rule_fourth_wednesday,medium,51.0,37.0,21704346.015751354,-28483446.774440076,-6779100.758688722,50187792.79019143,8299.0,14331.0,22630.0,2997.0,6088.0,9085.0,0.2137,0.04719999999999999,1.0880999999999998,11102758.9158114,-20726866.22983086,-9624107.31401946,31829625.145642262,-4262104.466258312,-2516996.292430412,71.96871106669091,0.6196132688337095,0.14652371669915532,0.39297059421765546,0.059340935730726366,0.8629702020092345,True
沪深300ETF华泰柏瑞,9月,4.7,4.599,2026-09-23,202609,rule_fourth_wednesday,medium,51.0,37.0,32207159.504815474,-24675787.360927712,7531372.143887762,56882946.86574319,12733.0,12603.0,25336.0,3984.0,2860.0,6844.0,0.21785,-0.059000000000000025,1.0608,19401731.889112964,-11698303.460694617,7703428.428418348,31100035.349807583,4477547.582784359,3053824.5611034,68.21221884935333,0.5382422833570201,0.25214489990467115,0.26990893397004456,-0.0016050564561162172,0.8698306187351827,True
沪深300ETF华泰柏瑞,9月,4.8,4.599,2026-09-23,202609,rule_fourth_wednesday,medium,51.0,37.0,37730219.9461192,-12727601.31329505,25002618.632824145,50457821.25941425,16639.0,7067.0,23706.0,6191.0,1458.0,7649.0,0.2241,-0.15375000000000003,0.9618,27804725.249427497,-6818626.81481021,20986098.43461729,34623352.06423771,11412727.081816413,13589891.551007735,99.17806350397434,0.6363352835892444,0.34142394822006483,0.28919433598105954,0.014756309519387894,0.8619933781826732,True
沪深300ETF华泰柏瑞,9月,4.9,4.599,2026-09-23,202609,rule_fourth_wednesday,medium,51.0,37.0,45297353.44132174,-10105785.035236802,35191568.40608494,55403138.47655854,23953.0,6422.0,30375.0,6386.0,455.0,6841.0,0.2346,-0.2298,0.8190500000000001,24955575.288042147,-4064898.602513551,20890676.685528595,29020473.8905557,11360523.732328264,23831044.673756674,121.97055137844669,0.4765813531787002,0.41280044717719394,0.16872781903697712,0.057591122526538474,0.8772439193924971,False
沪深300ETF华泰柏瑞,9月,5.0,4.599,2026-09-23,202609,rule_fourth_wednesday,medium,51.0,37.0,58787123.65714377,-12720277.848448802,46066845.80869497,71507401.50559257,39263.0,9281.0,48544.0,6166.0,363.0,6529.0,0.2439,-0.29009999999999997,0.67795,29577267.71785148,-6008429.026775896,23568838.691075582,35585696.74462737,8734619.63896074,37332226.16973423,106.03347149521699,0.48773769446158466,0.4506593906321055,0.09807784581106213,0.008897961363351498,0.9002693337896145,False
沪深300ETF华泰柏瑞,9月,5.25,4.599,2026-09-23,202609,rule_fourth_wednesday,medium,51.0,37.0,26370202.775474884,-6929911.046010961,19440291.729463924,33300113.821485844,34904.0,7386.0,42290.0,7519.0,22.0,7541.0,0.2737,-0.38025,0.4004,14635996.101451388,-3317915.8132688063,11318080.28818258,17953911.914720193,5660012.723810761,13780279.005653163,158.47319246556748,0.5169010548966276,0.4981949458483755,0.10919902217270393,-0.007373751197795686,0.8711601808850156,False
沪深300ETF华泰柏瑞,9月,5.5,4.599,2026-09-23,202609,rule_fourth_wednesday,medium,51.0,37.0,7840669.401755192,-3427118.4320805604,4413550.969674632,11267787.833835753,19941.0,4934.0,24875.0,2990.0,45.0,3035.0,0.33244999999999997,-0.40465,0.25715,2163843.8859247626,-1703613.5035181395,460230.3824066231,3867457.389442902,1144391.5841463003,3269159.3855283316,306.593886462882,0.38653743463164025,0.46434782608695646,0.07953135950486444,0.00945276173930816,0.7494051549908118,False
沪深300ETF华泰柏瑞,9月,5.75,4.599,2026-09-23,202609,rule_fourth_wednesday,medium,51.0,37.0,5822122.19204322,-589109.6646168301,5233012.52742639,6411231.856660049,23874.0,1097.0,24971.0,2510.0,40.0,2550.0,0.3712,-0.42695,0.18460000000000001,989534.258291596,-309762.6140486378,679771.6442429582,1299296.8723402338,590629.7726847001,4642382.754741689,288.03962420221103,0.34788797558927503,0.4694537923893346,0.07079918737760969,0.0035009279568078287,0.6869028158636069,False
沪深300ETF华泰柏瑞,9月,6.0,4.599,2026-09-23,202609,rule_fourth_wednesday,medium,51.0,37.0,6231911.77014588,-503459.28445932,5728452.48568656,6735371.0546052,36647.0,1172.0,37819.0,2894.0,139.0,3033.0,0.4105,-0.44035,0.14175,1443235.05861948,-286289.5438341059,1156945.5147853743,1729524.602453586,432421.14668067,5296031.339005889,484.02973004197554,0.4001163652746593,0.9178821178821179,0.09878515587929523,0.0015291564216980838,0.7183279115628327,False
沪深300ETF华泰柏瑞,12月,4.2,4.599,2026-12-23,202612,rule_fourth_wednesday,medium,142.0,102.0,690072.8016823201,-4318203.793290661,-3628130.9916083408,5008276.594972981,804.0,4953.0,5757.0,122.0,3000.0,3122.0,0.12485,0.27725,0.40900000000000003,299397.85789186234,-2934264.248493426,-2634866.3906015637,3233662.1063852883,-2510795.5121012405,-1117335.4795071,201.83295519868128,0.5566872650300585,0.6167344032854531,0.3787174063058421,0.04773819270432762,0.5555476262773001,False
沪深300ETF华泰柏瑞,12月,4.3,4.599,2026-12-23,202612,rule_fourth_wednesday,medium,142.0,102.0,1520897.4157633202,-6159032.878156201,-4638135.462392881,7679930.293919521,1604.0,6340.0,7944.0,34.0,886.0,920.0,0.12430000000000001,0.23095000000000002,0.4538,681119.6894359642,-3063242.024208807,-2382122.334772843,3744361.713644771,-828471.7989777601,-3809663.663415121,199.48723156668558,0.47259914305679107,0.5335073891625617,0.0804723207753487,0.016105502002527906,0.5874853512041778,False
沪深300ETF华泰柏瑞,12月,4.4,4.599,2026-12-23,202612,rule_fourth_wednesday,medium,142.0,102.0,4820517.97338384,-5592208.331997,-771690.3586131595,10412726.30538084,2774.0,5350.0,8124.0,435.0,627.0,1062.0,0.17219999999999996,0.27144999999999997,0.6578999999999999,2601583.0911167497,-3035571.0330080306,-433987.94189128093,5637154.12412478,100535.25636125996,-872225.6149744205,141.9329734843018,0.5412555267573705,0.4606153846153847,0.13700476386202992,0.03462874496643376,0.6230868017438524,True
沪深300ETF华泰柏瑞,12月,4.5,4.599,2026-12-23,202612,rule_fourth_wednesday,medium,142.0,102.0,4225130.5395222,-6395337.24121656,-2170206.70169436,10620467.78073876,2052.0,5844.0,7896.0,226.0,485.0,711.0,0.188,0.16915,0.74545,1715658.9451206552,-1885978.821684672,-170319.8765640168,3601637.7668053275,-65415.19733280002,-2104791.5043615596,163.21243005395723,0.3504798092264081,0.4834549878345498,0.09656377711332861,0.04462338478868812,0.6081955753710031,True
沪深300ETF华泰柏瑞,12月,4.6,4.599,2026-12-23,202612,rule_fourth_wednesday,medium,142.0,102.0,7780715.97576462,-3972616.414083449,3808099.561681171,11753332.389848068,3682.0,3581.0,7263.0,615.0,407.0,1022.0,0.19705,0.08650000000000002,0.7618,4332332.813837927,-1931161.4712592983,2401171.3425786286,6263494.285097225,848094.2430975002,2960005.318583671,168.34469848012634,0.5214610796599715,0.4887247278382583,0.14034209611018136,0.05385319730357599,0.6223680812754505,True
沪深300ETF华泰柏瑞,12月,4.7,4.599,2026-12-23,202612,rule_fourth_wednesday,medium,142.0,102.0,7111117.572466321,-3130252.9805169003,3980864.591949421,10241370.55298322,3496.0,2890.0,6386.0,794.0,230.0,1024.0,0.2071,0.01200000000000001,0.7369,3050560.951284463,-1502468.935899,1548092.0153854631,4553029.887183463,1365933.1111246801,2614931.4808247406,183.57038631244188,0.45448398692844594,0.45312499999999994,0.15335073994599857,0.01682095632298332,0.5956066464160715,True
沪深300ETF华泰柏瑞,12月,4.8,4.599,2026-12-23,202612,rule_fourth_wednesday,medium,142.0,102.0,8041042.572568741,-2353318.70381181,5687723.868756931,10394361.27638055,4306.0,2261.0,6567.0,917.0,100.0,1017.0,0.2173,-0.053300000000000014,0.6875,4004642.79926976,-1129705.7218501903,2874937.0774195697,5134348.52111995,1608326.5782849302,4079397.2904720004,161.33428557376345,0.48903661419454814,0.4287001287001287,0.12859343996723044,0.040022995470824496,0.599156487703623,True
沪深300ETF华泰柏瑞,12月,4.9,4.599,2026-12-23,202612,rule_fourth_wednesday,medium,142.0,102.0,11592292.09460616,-3237019.26285276,8355272.831753399,14829311.35745892,6888.0,3266.0,10154.0,1568.0,72.0,1640.0,0.22619999999999998,-0.11035,0.63215,6170887.197089998,-1563209.970133507,4607677.226956491,7734097.167223505,2567534.65086384,5787738.180889559,177.89487379651305,0.5076216193214391,0.4141184124918672,0.12484379589662399,0.04516662839692408,0.6803567388953703,False
沪深300ETF华泰柏瑞,12月,5.0,4.599,2026-12-23,202612,rule_fourth_wednesday,medium,142.0,102.0,17059454.141487032,-3310330.9002309,13749123.241256133,20369785.04171793,11557.0,3549.0,15106.0,1478.0,38.0,1516.0,0.23654999999999998,-0.15775,0.56945,6159811.745311125,-1561750.5702506094,4598061.175060516,7721562.315561734,2146252.5735298204,11602870.667726312,144.01331890861493,0.41642993383011845,0.40283701094010754,0.0692975508238985,0.011129480254180493,0.7245601233381807,False
沪深300ETF华泰柏瑞,12月,5.25,4.599,2026-12-23,202612,rule_fourth_wednesday,medium,142.0,102.0,9090439.56418374,-1634080.4281065601,7456359.13607718,10724519.9922903,8869.0,2096.0,10965.0,3382.0,16.0,3398.0,0.26495,-0.2437,0.4266,3905646.4487595772,-765380.0627613303,3140266.385998247,4671026.511520907,3453967.25886996,4002391.8772072196,165.13893409226694,0.44901454799607043,0.3856650768415474,0.19448090484137648,0.0625643038598356,0.6925590023542907,False
沪深300ETF华泰柏瑞,12月,5.5,4.599,2026-12-23,202612,rule_fourth_wednesday,medium,142.0,102.0,7413641.70932952,-865852.0326010799,6547789.67672844,8279493.7419306,10564.0,1318.0,11882.0,4145.0,30.0,4175.0,0.2939,-0.29674999999999996,0.3212,5054848.922621917,-422607.9454839066,4632240.977138011,5477456.868105823,2889184.6110393004,3658605.0656891405,122.5867140845296,0.5849570436359139,0.3864468864468864,0.20756603725884398,0.006132617861249521,0.6829873284640049,False
沪深300ETF华泰柏瑞,12月,5.75,4.599,2026-12-23,202612,rule_fourth_wednesday,medium,142.0,102.0,3525270.8392011602,-736503.6745615499,2788767.1646396103,4261774.513762711,7178.0,1237.0,8415.0,3695.0,0.0,3695.0,0.26899999999999996,-0.37374999999999997,0.25684999999999997,2585816.998990394,-363862.08028007706,2221954.918710317,2949679.0792704714,1814694.3091179002,974072.8555217101,111.47403434119492,0.6137742414598946,0.4666400496850323,0.25738367233212595,-0.021211312700106722,0.582807137979114,False
沪深300ETF华泰柏瑞,12月,6.0,4.599,2026-12-23,202612,rule_fourth_wednesday,medium,142.0,102.0,4566994.320213361,-524477.04692103,4042517.2732923306,5091471.36713439,12642.0,1073.0,13715.0,117216.0,18.0,117234.0,0.35755000000000003,-0.34785,0.20095000000000002,2740196.592128017,-268676.281109912,2471520.311018105,3008872.873237929,4558196.010013381,-515678.73672105005,312.54333685233775,0.556137311143729,0.6157060674919049,4.644363018403573,0.025337867545060434,0.7028762372382312,False
沪深300ETF华泰柏瑞,3月,4.2,4.599,2027-03-24,202703,rule_fourth_wednesday,medium,233.0,167.0,308782.44737109,-827891.63250633,-519109.18513524,1136674.07987742,407.0,1193.0,1600.0,101.0,221.0,322.0,0.13175,0.26049999999999995,0.34340000000000004,120710.99536543706,-428056.1492159781,-307345.15385054104,548767.1445814152,-76738.06714014002,-442371.1179951,170.87025675982778,0.4539846993786587,0.27303602514299435,0.2167022619663022,0.03476410934744268,0.274567890476055,False
沪深300ETF华泰柏瑞,3月,4.3,4.599,2027-03-24,202703,rule_fourth_wednesday,medium,233.0,167.0,277327.1876319,-873528.0813000001,-596200.8936681,1150855.2689319002,335.0,1180.0,1515.0,10.0,145.0,155.0,0.13244999999999998,0.22145,0.37070000000000003,125400.31609922655,-344432.31611582276,-219032.00001659623,469832.6322150493,-99061.89156360002,-497139.0021045,175.80291521801792,0.42323742159909106,0.2756345177664974,0.07636605110043006,0.0036720486004933437,0.25808973618314346,False
沪深300ETF华泰柏瑞,3月,4.4,4.599,2027-03-24,202703,rule_fourth_wednesday,medium,233.0,167.0,85969.12272858001,-848989.34499582,-763020.2222672399,934958.4677244,702.0,1107.0,1809.0,18.0,21.0,39.0,0.15135,0.33494999999999997,0.21025,38810.005817008336,-378625.4033780324,-339815.39756102406,417435.4091950407,-13901.152449239999,-749119.0698180001,200.2695936838055,0.44870656812154014,0.27406030565881867,0.02230560767146133,0.003332063975628332,0.22551923101403737,True
沪深300ETF华泰柏瑞,3月,4.5,4.599,2027-03-24,202703,rule_fourth_wednesday,medium,233.0,167.0,1067817.64722192,-1073706.6647443501,-5889.017522430047,2141524.31196627,538.0,1365.0,1903.0,121.0,86.0,207.0,0.18035,0.20650000000000002,0.65515,566769.6178267889,-499339.08565816074,67430.53216862818,1066108.7034849497,172512.27819630003,-178401.29571873008,199.5809444259407,0.49791738969938526,0.28103448275862075,0.1439553631003445,0.11887922480306191,0.3274052901528641,True
沪深300ETF华泰柏瑞,3月,4.6,4.599,2027-03-24,202703,rule_fourth_wednesday,medium,233.0,167.0,1574332.3763937003,-715052.74369536,859279.6326983402,2289385.12008906,785.0,852.0,1637.0,41.0,0.0,41.0,0.1858,0.12139999999999998,0.6725,722479.9678999798,-315755.9640476543,406724.0038523255,1038235.9319476341,82226.27698362002,777053.3557147203,200.24724632193238,0.4502480628150656,0.3394409937888198,0.026114649681528664,-0.012422360248447204,0.3049498009635819,True
沪深300ETF华泰柏瑞,3月,4.7,4.599,2027-03-24,202703,rule_fourth_wednesday,medium,233.0,167.0,4091785.73763372,-1159408.6528563001,2932377.08477742,5251194.39049002,2084.0,1470.0,3554.0,181.0,1.0,182.0,0.2016,0.053550000000000014,0.6506000000000001,1942006.7167865476,-510362.4935127135,1431644.223273834,2452369.210299261,354591.90971694,2577785.17506048,200.13117188835184,0.45740155836982044,0.2894476096110973,0.04376623970125478,0.0008206749937386749,0.4487866828311995,True
沪深300ETF华泰柏瑞,3月,4.8,4.599,2027-03-24,202703,rule_fourth_wednesday,medium,233.0,167.0,1064134.2352277702,-478442.96306856006,585691.2721592102,1542577.1982963302,587.0,628.0,1215.0,60.0,102.0,162.0,0.21305000000000002,-0.005099999999999993,0.60865,504152.1471282316,-241040.6518288504,263111.4952993812,745192.798957082,31061.220316560008,554630.0518426502,142.6776913366272,0.4887848535171413,0.2804621848739496,0.13231751646610748,0.006392822017461441,0.2758105932228773,True
沪深300ETF华泰柏瑞,3月,4.9,4.599,2027-03-24,202703,rule_fourth_wednesday,medium,233.0,167.0,598567.0337759701,-128432.10534021002,470134.9284357601,726999.1391161801,359.0,171.0,530.0,6.0,2.0,8.0,0.2187,-0.05760000000000001,0.5717,266403.6761395308,-57103.364693216754,209300.31144631404,323507.04083274753,8501.775969960001,461633.15246580006,201.04715176964152,0.44484407825523764,0.29359496482784153,0.014204499177377055,-0.0012024699382515436,0.15236787441386093,False
沪深300ETF华泰柏瑞,3月,5.0,4.599,2027-03-24,202703,rule_fourth_wednesday,medium,233.0,167.0,1936586.79829692,-21800.553606720005,1914786.2446902,1958387.35190364,1298.0,32.0,1330.0,15.0,0.0,15.0,0.23764999999999997,-0.09759999999999996,0.51375,869796.5102924358,-9576.419465090627,860220.0908273451,879372.9297575264,22379.6625381,1892406.5821521,197.63089446060076,0.44420653250547937,0.2596899224806201,0.005778120184899846,0.0,0.2751715575236215,False
沪深300ETF华泰柏瑞,3月,5.25,4.599,2027-03-24,202703,rule_fourth_wednesday,medium,233.0,167.0,801387.98678925,-19716.14216817,781671.8446210801,821104.12895742,735.0,31.0,766.0,250.0,1.0,251.0,0.2546,-0.18244999999999997,0.4081,328368.0389914193,-9167.237191069406,319200.8018003499,337535.2761824887,271944.94330143,509726.9013196501,183.30945327915606,0.43735507068806423,0.29592329031479925,0.18619705946894888,0.05870206489675517,0.20835475957628755,False
沪深300ETF华泰柏瑞,3月,5.5,4.599,2027-03-24,202703,rule_fourth_wednesday,medium,233.0,167.0,1221600.0451006803,-53584.28528544001,1168015.7598152403,1275184.3303861204,1541.0,96.0,1637.0,536.0,23.0,559.0,0.28164999999999996,-0.23545000000000002,0.31935,226301.61444764954,-29985.851092061752,196315.76335558778,256287.4655397113,412066.4618303101,755949.2979849302,329.0472803886105,0.37242587792890086,0.30395309249101576,0.29370471014492755,0.16311167439686478,0.30199843084720024,False
沪深300ETF嘉实,8月,4.4,4.801,2026-08-26,202608,rule_fourth_wednesday,medium,23.0,17.0,212994.90895272003,-9300539.81905312,-9087544.9101004,9513534.728005841,278.0,8228.0,8506.0,60.0,3410.0,3470.0,0.23515,0.436,0.4114,119092.41209091934,-2781872.6945403097,-2662780.2824493903,2900965.106631229,-3808531.6724320003,-5279013.237668401,365.2132016381596,0.4291207020882264,0.44662517951172814,0.3151329204016466,0.13454924222813963,0.6684868065363021,False
沪深300ETF嘉实,8月,4.5,4.801,2026-08-26,202608,rule_fourth_wednesday,medium,23.0,17.0,1001206.2101250301,-8372509.407718802,-7371303.197593772,9373715.617843833,637.0,5052.0,5689.0,53.0,1864.0,1917.0,0.23645,0.37515,0.70045,506165.91138666717,-4407789.610471717,-3901623.69908505,4913955.521858384,-3005841.5338955303,-4365461.66369824,99.78814247464504,0.5160079511834862,0.40531459987782537,0.22608264939449194,0.11761124775411237,0.6075716255913808,False
沪深300ETF嘉实,8月,4.6,4.801,2026-08-26,202608,rule_fourth_wednesday,medium,23.0,17.0,3297601.308889441,-10268786.713220222,-6971185.404330781,13566388.022109663,1368.0,4506.0,5874.0,427.0,2792.0,3219.0,0.23015,0.2902,1.01725,1976888.8237367661,-6488809.299420113,-4511920.475683346,8465698.12315688,-5333432.88463738,-1637752.5196933998,213.3198406172922,0.6156946854367229,0.3325810422650801,0.4658763948263913,0.19120533961523362,0.6568685404894589,True
沪深300ETF嘉实,8月,4.7,4.801,2026-08-26,202608,rule_fourth_wednesday,medium,23.0,17.0,9068782.534886401,-13273790.3941194,-4205007.859232999,22342572.9290058,2820.0,4630.0,7450.0,2009.0,6572.0,8581.0,0.2222,0.17565,1.3195000000000001,5870819.686388839,-9652771.220630942,-3781951.534242103,15523590.907019781,-6813086.80809572,2608078.9488627203,235.66254097295166,0.6872855700585182,0.19107142857142856,1.0659248962210683,0.3717049831981863,0.7384262456998998,True
沪深300ETF嘉实,8月,4.8,4.801,2026-08-26,202608,rule_fourth_wednesday,medium,23.0,17.0,18623145.482135564,-18397528.15068322,225617.3314523436,37020673.63281879,5141.0,5753.0,10894.0,4545.0,5804.0,10349.0,0.21910000000000002,0.033749999999999974,1.4795,13665717.079768967,-15123825.273082502,-1458108.1933135353,28789542.35285147,-1933377.9432710167,2158995.274723361,125.05811111400955,0.7779301512521,0.09512652296157448,0.9464670936297269,0.2630569472296761,0.8029673256035117,True
沪深300ETF嘉实,8月,4.9,4.801,2026-08-26,202608,rule_fourth_wednesday,medium,23.0,17.0,35268039.59678128,-14280749.093166001,20987290.503615282,49548788.689947285,10232.0,4650.0,14882.0,6824.0,3727.0,10551.0,0.2211,-0.11049999999999999,1.4139,21941880.588262923,-10993269.73411574,10948610.854147183,32935150.322378665,12075120.787683481,8912169.715931801,124.69497281885648,0.6959713707288475,0.24816625916870405,0.7342163316435051,0.20980231604597666,0.8413790778877878,True
沪深300ETF嘉实,8月,5.0,4.801,2026-08-26,202608,rule_fourth_wednesday,medium,23.0,17.0,48961452.58702589,-11775421.577625122,37186031.00940077,60736874.16465101,17204.0,4581.0,21785.0,8179.0,2514.0,10693.0,0.2287,-0.2313,1.17495,31757904.08304701,-8216782.729836836,23541121.353210174,39974686.81288385,16814680.472059853,20371350.537340917,89.53671858734423,0.6732108589010133,0.3665824915824917,0.5121005844272215,0.07086118429612281,0.8734558559239918,True
沪深300ETF嘉实,8月,5.25,4.801,2026-08-26,202608,rule_fourth_wednesday,medium,23.0,17.0,20407645.591555566,-2636387.5468268804,17771258.044728685,23044033.138382446,17508.0,1936.0,19444.0,3687.0,204.0,3891.0,0.25905,-0.398,0.54825,4556597.397559639,-1356233.4044927359,3200363.993066903,5912830.802052375,4019833.5881912718,13751424.456537412,283.9066736590757,0.3688538154489749,0.4791300527240773,0.15798067282583453,0.03390777412135176,0.7809653247558472,False
沪深300ETF嘉实,8月,5.5,4.801,2026-08-26,202608,rule_fourth_wednesday,medium,23.0,17.0,5005138.339578421,-613438.3930778401,4391699.946500581,5618576.732656261,11637.0,748.0,12385.0,2169.0,29.0,2198.0,0.31925000000000003,-0.44115,0.2712,408283.357044619,-362827.39288671844,45455.96415790054,771110.7499313374,909115.9087537201,3482584.0377468606,491.2173098219608,0.3365189645984009,0.48632088914220584,0.11257914893441029,0.02504006615789657,0.6240641478725268,False
沪深300ETF嘉实,8月,5.75,4.801,2026-08-26,202608,rule_fourth_wednesday,medium,23.0,17.0,946175.9792255603,-226888.05595547007,719287.9232700903,1173064.0351810304,4556.0,373.0,4929.0,734.0,33.0,767.0,0.39605,-0.4501,0.17700000000000002,68252.21607420957,-125241.83798119471,-56989.621906985136,193494.05405540427,132361.64225447006,586926.2810156202,1228.5895669138936,0.3120665875841027,0.5669720700682075,0.12478904170207157,0.09671852899575673,0.3596575223859809,False
沪深300ETF嘉实,8月,6.0,4.801,2026-08-26,202608,rule_fourth_wednesday,medium,23.0,17.0,1029813.0699261302,-281352.18865438004,748460.8812717502,1311165.2585805103,6863.0,586.0,7449.0,497.0,23.0,520.0,0.47409999999999997,-0.4544,0.13670000000000002,46994.06818442352,-148854.7458884181,-101860.67770399459,195848.81407284163,63533.459204380015,684927.4220673701,642.3794007398878,0.2873513394299146,0.48017749025462386,0.05583322848593561,0.018895176998940107,0.3880139218785803,False
沪深300ETF嘉实,8月,6.25,4.801,2026-08-26,202608,rule_fourth_wednesday,medium,23.0,17.0,353899.65532183007,-104446.96197140003,249452.69335043005,458346.6172932301,3947.0,326.0,4273.0,796.0,22.0,818.0,0.49524999999999997,-0.4724,0.08895,70418.50098427985,-56788.79159068338,13629.709393596466,127207.29257496323,64323.13853464001,185129.55481579003,1356.400637283481,0.37134404434916224,0.4905830217421411,0.1345784093222934,-0.01987751619793096,0.27340175272608,False
沪深300ETF嘉实,9月,4.2,4.801,2026-09-23,202609,rule_fourth_wednesday,medium,51.0,37.0,321445.58661782,-4927031.07865376,-4605585.49203594,5248476.66527158,427.0,7328.0,7755.0,3.0,1330.0,1333.0,0.1334,0.40715,0.30915000000000004,131093.9164164495,-2144290.8762892922,-2013196.9598728428,2275384.7927057417,-891976.22545012,-3713609.2665858204,228.56638162519076,0.42151784022889305,0.38976642581078813,0.09426069715594736,0.05667783246741409,0.5622000460150034,False
沪深300ETF嘉实,9月,4.3,4.801,2026-09-23,202609,rule_fourth_wednesday,medium,51.0,37.0,346677.52384050004,-4228725.43766998,-3882047.9138294803,4575402.96151048,370.0,4673.0,5043.0,12.0,469.0,481.0,0.1291,0.3705,0.39954999999999996,169371.44559723645,-1342530.8894752525,-1173159.443878016,1511902.335072489,-413167.32486914005,-3468880.5889603402,237.76049766718486,0.4030175134187205,0.3717497556207234,0.06639811221450426,0.044901729520037986,0.4772818593056639,False
沪深300ETF嘉实,9月,4.4,4.801,2026-09-23,202609,rule_fourth_wednesday,medium,51.0,37.0,551354.7537763601,-2252995.9270255505,-1701641.1732491904,2804350.6808019103,493.0,1905.0,2398.0,26.0,205.0,231.0,0.12499999999999999,0.32455,0.49915,272266.75113575446,-1352392.0559616794,-1080125.304825925,1624658.8070974338,-213370.84794503005,-1488270.3253041604,106.28874002487386,0.5470389850341862,0.337995337995338,0.08017494263521319,0.029013736913871012,0.368455161393225,False
沪深300ETF嘉实,9月,4.5,4.801,2026-09-23,202609,rule_fourth_wednesday,medium,51.0,37.0,1876908.7257811204,-2617073.82515696,-740165.0993758398,4493982.550938081,1266.0,1768.0,3034.0,149.0,372.0,521.0,0.19855,0.34565,0.6427,846145.3839604671,-1414623.4677353944,-568478.0837749273,2260768.8516958617,-329751.27984216006,-410413.81953367963,170.7616892636853,0.49567746780087796,0.25853018372703396,0.1640503813628988,0.08401581385409268,0.44239036990970726,False
沪深300ETF嘉实,9月,4.6,4.801,2026-09-23,202609,rule_fourth_wednesday,medium,51.0,37.0,4223643.461641501,-3188131.8388601406,1035511.62278136,7411775.300501641,1950.0,1809.0,3759.0,361.0,1010.0,1371.0,0.20694999999999997,0.25325000000000003,0.85215,2324247.2430603914,-2152270.0292282724,171977.213832119,4476517.272288663,-998080.6842294302,2033592.30701079,169.9978501155144,0.6126912636419084,0.16480862133036045,0.37172385933579966,0.27858933464178076,0.5393057725054177,True
沪深300ETF嘉实,9月,4.7,4.801,2026-09-23,202609,rule_fourth_wednesday,medium,51.0,37.0,7899953.863889123,-3812129.7151481,4087824.148741023,11712083.579037223,3088.0,1922.0,5010.0,222.0,848.0,1070.0,0.21025,0.1537,0.9852000000000001,3430269.0738531007,-2431508.423158864,998760.6506942366,5861777.497011965,-1114001.5070826197,5201825.655823643,166.57761204617296,0.5360242305642051,0.054650733548290364,0.25654913383619177,0.19693337667783256,0.5976762395221329,True
沪深300ETF嘉实,9月,4.8,4.801,2026-09-23,202609,rule_fourth_wednesday,medium,51.0,37.0,6430736.569267571,-4486667.76006073,1944068.8092068406,10917404.329328302,2371.0,2153.0,4524.0,291.0,902.0,1193.0,0.21365,0.04924999999999999,1.0404,2365272.7061472726,-2565407.9875872415,-200135.28143996885,4930680.693734514,-1090427.06666785,3034495.87587469,214.8424142166052,0.46979606714901095,0.14672544080604527,0.2708416629724044,0.18091254084110697,0.5872967889090738,True
沪深300ETF嘉实,9月,4.9,4.801,2026-09-23,202609,rule_fourth_wednesday,medium,51.0,37.0,10185165.065752322,-7007705.6531472,3177459.4126051217,17192870.718899522,3868.0,3440.0,7308.0,1116.0,1221.0,2337.0,0.21905000000000002,-0.05210000000000001,1.0131000000000001,5776241.676646062,-4317511.155205525,1458730.5214405367,10093752.831851587,451307.96063586045,2726151.4519692613,171.34568959638764,0.591616060333183,0.2594819611470861,0.3217315300257329,0.29472960035650875,0.6722426024049111,True
沪深300ETF嘉实,9月,5.0,4.801,2026-09-23,202609,rule_fourth_wednesday,medium,51.0,37.0,10484725.286716651,-6305395.604981691,4179329.6817349605,16790120.89169834,4365.0,3343.0,7708.0,1374.0,1012.0,2386.0,0.22455,-0.14395000000000002,0.9302,5826339.687221376,-3746206.4506241768,2080133.2365971995,9572546.137845553,1391563.8803405804,2787765.8013943806,185.73406318822566,0.5749124970884827,0.3447183098591548,0.30874936909765804,0.1761387683874322,0.6777137788164747,True
沪深300ETF嘉实,9月,5.25,4.801,2026-09-23,202609,rule_fourth_wednesday,medium,51.0,37.0,9149838.300770981,-5604120.9448931,3545717.355877881,14753959.245664082,6299.0,4130.0,10429.0,1945.0,554.0,2499.0,0.25085,-0.301,0.60945,4367746.886247596,-3019412.825726162,1348334.0605214336,7387159.711973758,2073540.2619919204,1472177.093885961,225.64102564102598,0.5080711009136557,0.46972176759410794,0.22145980356619116,0.12799346879535559,0.6944093661686014,False
沪深300ETF嘉实,9月,5.5,4.801,2026-09-23,202609,rule_fourth_wednesday,medium,51.0,37.0,6981617.884239391,-2057269.0876540004,4924348.796585391,9038886.971893393,9187.0,2200.0,11387.0,3871.0,8.0,3879.0,0.2626,-0.3961,0.3677,2261507.190385071,-1034039.8610084266,1227467.3293766445,3295547.0513934977,2934267.4518783106,1990081.3447070806,297.9874236519936,0.4132752533296429,0.48713550600343053,0.2124963139614277,0.07931150243217193,0.6844296704292387,False
沪深300ETF嘉实,9月,5.75,4.801,2026-09-23,202609,rule_fourth_wednesday,medium,51.0,37.0,2180740.26830676,-1264979.1595847402,915761.1087220199,3445719.4278915003,5262.0,1783.0,7045.0,1158.0,2.0,1160.0,0.32535000000000003,-0.41135,0.24380000000000002,482730.1909015041,-637768.5082694882,-155038.31736798416,1120498.6991709922,478493.12104728003,437267.9876747399,507.93341106481296,0.36276691704727637,0.47198792044152865,0.11059506002144924,0.07295296167247386,0.5021017071978099,False
沪深300ETF嘉实,9月,6.0,4.801,2026-09-23,202609,rule_fourth_wednesday,medium,51.0,37.0,2378386.9089456005,-590331.39857135,1788055.5103742504,2968718.3075169506,9213.0,1039.0,10252.0,1545.0,0.0,1545.0,0.37629999999999997,-0.42365,0.17925,635217.5000707202,-302333.71317113907,332883.78689958114,937551.2132418593,398850.2957040001,1389205.2146702502,489.6936363163116,0.3896107415635175,0.3,0.08384890915011398,0.02966540186271128,0.5292521260878486,False
沪深300ETF嘉实,9月,6.25,4.801,2026-09-23,202609,rule_fourth_wednesday,medium,51.0,37.0,3307333.7724156803,-167661.64519395,3139672.1272217305,3474995.41760963,18302.0,355.0,18657.0,1855.0,0.0,1855.0,0.4226,-0.4325,0.14165,175427.655060476,-87545.2754093648,87882.37965111122,262972.9304698408,335214.9572632,2804457.1699585305,604.2090195451398,0.28759823744126906,0.7459459459459461,0.05067752158234073,0.026040469073350194,0.5936417673954684,False
沪深300ETF嘉实,12月,4.4,4.801,2026-12-23,202612,rule_fourth_wednesday,medium,142.0,102.0,259225.03268640005,-741085.23944776,-481860.20676136,1000310.2721341602,284.0,799.0,1083.0,216.0,266.0,482.0,0.1245,0.2712,0.3992,200829.13718853742,-447941.21347711247,-247112.07628857504,648770.3506656499,-49562.174054239964,-432298.03270712,161.38958213457641,0.6895842393849723,0.6203989201640923,0.5467397627315835,1.6302280550774526,0.2546148143599759,False
沪深300ETF嘉实,12月,4.5,4.801,2026-12-23,202612,rule_fourth_wednesday,medium,142.0,102.0,328644.89899416,-1051902.65504448,-723257.75605032,1380547.55403864,328.0,1026.0,1354.0,18.0,39.0,57.0,0.12409999999999999,0.2261,0.43975,162356.97217718148,-509693.0683531792,-347336.09617599775,672050.0405303607,-21949.213048259997,-701308.54300206,161.62031079093907,0.4892817003046329,0.5543657589390025,0.04644487234346027,0.030575278487803337,0.25216840742410335,False
沪深300ETF嘉实,12月,4.6,4.801,2026-12-23,202612,rule_fourth_wednesday,medium,142.0,102.0,1018199.5284622802,-1374139.3039686203,-355939.7755063401,2392338.8324309005,548.0,1258.0,1806.0,3.0,30.0,33.0,0.1773,0.2561,0.64,482819.8114381282,-663761.8015673264,-180941.99012919824,1146581.6130054547,-27195.532731870007,-328744.2427744701,159.06295754026382,0.47861399983644853,0.49017878602853465,0.014660914671648893,0.007166797614108189,0.3104266010151007,True
沪深300ETF嘉实,12月,4.7,4.801,2026-12-23,202612,rule_fourth_wednesday,medium,142.0,102.0,2133136.38835348,-903451.9302999902,1229684.4580534897,3036588.3186534704,1009.0,807.0,1816.0,216.0,56.0,272.0,0.19255,0.1646,0.70145,1190560.813431323,-452744.7900926819,737816.0233386412,1643305.603524005,393954.5604516,835729.8976018897,158.83240766378333,0.5296273044345277,0.4815398469158037,0.14173307641388594,-0.012690382488972383,0.36958463784058215,True
沪深300ETF嘉实,12月,4.8,4.801,2026-12-23,202612,rule_fourth_wednesday,medium,142.0,102.0,2325393.5712865004,-868177.5124176202,1457216.0588688804,3193571.0837041205,1079.0,769.0,1848.0,66.0,62.0,128.0,0.2019,0.08715,0.7124,1150794.4499193996,-436776.89882104687,714017.5510983528,1587571.3487404464,72242.98143824,1384973.0774306403,161.7118040870302,0.49898894376455843,0.45641118779513257,0.07089596758545635,0.02327552047973227,0.3606895688967032,True
沪深300ETF嘉实,12月,4.9,4.801,2026-12-23,202612,rule_fourth_wednesday,medium,142.0,102.0,1505082.70427356,-658661.7102398401,846420.99403372,2163744.4145134003,724.0,592.0,1316.0,47.0,20.0,67.0,0.21080000000000002,0.017049999999999982,0.6923,751290.7511192635,-319944.52116564254,431346.22995362093,1071235.272284906,75453.56036152999,770967.43367219,159.10118566414343,0.4924592336398067,0.4344652963955912,0.049350455427803495,0.031687062937062936,0.2957705219801203,True
沪深300ETF嘉实,12月,5.0,4.801,2026-12-23,202612,rule_fourth_wednesday,medium,142.0,102.0,2618619.9923920403,-689988.88395096,1928631.1084410804,3308608.876343,1357.0,638.0,1995.0,57.0,10.0,67.0,0.21925,-0.04529999999999998,0.6532,1280715.8006285252,-329595.10611942725,951120.694509098,1610310.9067479526,99178.74516684,1829452.3632742404,160.19322834304592,0.4833810978674187,0.42021939665918717,0.02883920135463855,0.014588906723738184,0.3584223031613693,True
沪深300ETF嘉实,12月,5.25,4.801,2026-12-23,202612,rule_fourth_wednesday,medium,142.0,102.0,5706424.754963521,-1016464.3544990002,4689960.400464521,6722889.109462521,3878.0,1055.0,4933.0,322.0,0.0,322.0,0.239,-0.1697,0.5282,2568289.051584073,-479013.8301992726,2089275.2213848003,3047302.8817833457,473818.66196448007,4216141.738500041,86.59688153395857,0.46066232630111237,0.3,0.04151624548736462,-0.001414245307276935,0.5077222947745826,False
沪深300ETF嘉实,12月,5.5,4.801,2026-12-23,202612,rule_fourth_wednesday,medium,142.0,102.0,1857024.7569824602,-641145.3964559,1215879.36052656,2498170.1534383604,1786.0,790.0,2576.0,90.0,0.0,90.0,0.26649999999999996,-0.24764999999999998,0.4016,918608.0833532051,-302610.36751839024,615997.7158348148,1221218.4508715954,93579.0750999,1122300.2854266602,158.4413737991763,0.48332528841866573,0.3,0.025195968645016796,0.026222746022392458,0.34222722070128514,False
沪深300ETF嘉实,12月,5.75,4.801,2026-12-23,202612,rule_fourth_wednesday,medium,142.0,102.0,971139.6190926001,-475253.73012274003,495885.88896986004,1446393.34921534,1335.0,694.0,2029.0,285.0,0.0,285.0,0.29435,-0.29795,0.30635,344764.0601935915,-228366.9994439078,116397.06074968373,573131.0596374993,207321.9411546,288563.94781526003,281.1672043689049,0.41776286571835924,0.3,0.10674157303370786,0.07246998284734134,0.30398503782291003,False
沪深300ETF嘉实,12月,6.0,4.801,2026-12-23,202612,rule_fourth_wednesday,medium,142.0,102.0,888362.96999736,-220843.98958125003,667518.98041611,1109206.95957861,1716.0,375.0,2091.0,291.0,0.0,291.0,0.32315000000000005,-0.32935000000000003,0.24004999999999999,237932.18007621603,-107864.72563109896,130067.45444511707,345796.90570731496,150648.96519186,516870.01522425003,342.27389262689104,0.3781263199193934,0.3,0.08479020979020979,0.022851919561243144,0.2821969487073116,False
沪深300ETF嘉实,12月,6.25,4.801,2026-12-23,202612,rule_fourth_wednesday,medium,142.0,102.0,2245493.2819000506,-141858.76935450002,2103634.5125455507,2387352.0512545505,5915.0,275.0,6190.0,7482.0,0.0,7482.0,0.3519,-0.34985,0.19425,1197596.4170133607,-70922.34453981313,1126674.0724735474,1268518.761553174,2245493.2819000506,-141858.76935450002,418.69540093137033,0.5166418527708854,0.48539325842696623,0.6324598478444632,0.08344841191556521,0.520509153765742,False
沪深300ETF嘉实,3月,4.4,4.801,2027-03-24,202703,rule_fourth_wednesday,medium,233.0,167.0,158302.35470790003,-361993.98370499996,-203691.62899709994,520296.3384129,195.0,500.0,695.0,12.0,115.0,127.0,0.1339,0.25515,0.33315,78597.35745436972,-203621.46428759964,-125024.10683322992,282218.8217419693,-73516.93288550999,-130174.69611158996,161.0089360294711,0.5295005434841153,0.24731548860766445,0.14576923076923076,0.1440338290111828,0.15669178053726354,False
沪深300ETF嘉实,3月,4.5,4.801,2027-03-24,202703,rule_fourth_wednesday,medium,233.0,167.0,26483.991549000006,-192771.18903532,-166287.19748632002,219255.18058432,30.0,251.0,281.0,0.0,0.0,0.0,0.1345,0.21755,0.3581,12500.444011128015,-91286.25437070068,-78785.81035957267,103786.6983818287,0.0,-166287.19748632002,159.03300790330024,0.4727735936773598,0.6,0.0,0.0,0.06753487162225913,False
沪深300ETF嘉实,3月,4.6,4.801,2027-03-24,202703,rule_fourth_wednesday,medium,233.0,167.0,156684.2727177,-605813.5850670402,-449129.3123493402,762497.8577847402,166.0,757.0,923.0,0.0,0.0,0.0,0.13585,0.17820000000000003,0.37834999999999996,73948.92037762153,-286125.15477703983,-212176.2343994183,360074.0751546614,0.0,-449129.3123493402,159.8372787347935,0.4721301770121652,0.6,0.0,0.0,0.1727028357447841,True
沪深300ETF嘉实,3月,4.7,4.801,2027-03-24,202703,rule_fourth_wednesday,medium,233.0,167.0,221079.78699948,-65589.94460560003,155489.84239387998,286669.7316050801,107.0,80.0,187.0,7.0,0.0,7.0,0.1814,0.2031,0.62605,110084.52738858636,-30917.13057455116,79167.3968140352,141001.65796313752,14463.16363548,141026.67875839997,160.53624089348003,0.4846551194347487,0.3,0.03271028037383177,0.035,0.0780361674556736,True
沪深300ETF嘉实,3月,4.8,4.801,2027-03-24,202703,rule_fourth_wednesday,medium,233.0,167.0,214682.13974592005,-55672.85377535,159009.28597057005,270354.99352127005,99.0,67.0,166.0,42.0,2.0,44.0,0.1908,0.12484999999999999,0.65065,137726.12391017578,-26862.82701139386,110863.29689878192,164588.95092156963,89415.39517526003,69593.89079531001,160.9937885277089,0.5620236032800491,0.27223001402524544,0.22704658525554047,0.15,0.08272699362154926,True
沪深300ETF嘉实,3月,4.9,4.801,2027-03-24,202703,rule_fourth_wednesday,medium,233.0,167.0,746218.8465824801,-145101.84821520004,601116.9983672801,891320.6947976801,361.0,172.0,533.0,44.0,20.0,64.0,0.1975,0.05719999999999997,0.6314,388260.5679940452,-75250.29206055336,313010.2759334919,463510.86005459854,74079.57364592003,527037.4247213602,160.22371104018583,0.5194535764232788,0.29356897398134507,0.11908136313856857,0.1211740890688259,0.18198346193072815,True
沪深300ETF嘉实,3月,5.0,4.801,2027-03-24,202703,rule_fourth_wednesday,medium,233.0,167.0,312373.72465624,-151398.53821638002,160975.18643986,463772.26287262,166.0,182.0,348.0,10.0,10.0,20.0,0.20694999999999997,-0.0002500000000000002,0.58865,154705.1302560726,-74951.25488447037,79753.87537160222,229656.38514054296,10499.0932555,150476.09318436,159.84910210350324,0.4951579220772928,0.29838538347142557,0.057593009400238315,0.06112104949314251,0.11568762102807027,True
沪深300ETF嘉实,3月,5.25,4.801,2027-03-24,202703,rule_fourth_wednesday,medium,233.0,167.0,230528.27944140002,-39055.47443041001,191472.80501099,269583.75387181004,158.0,53.0,211.0,10.0,0.0,10.0,0.23545000000000002,-0.10799999999999998,0.47635,113725.92935154916,-18417.83728787229,95308.09206367687,132143.76663942146,14590.397433000002,176882.40757799,162.7547189141294,0.48245445271679777,0.3,0.03164556962025317,0.033783783783783786,0.07526180533818967,False
沪深300ETF嘉实,3月,5.5,4.801,2027-03-24,202703,rule_fourth_wednesday,medium,233.0,167.0,236716.17532586004,-25655.588889060004,211060.58643680002,262371.76421492005,214.0,39.0,253.0,121.0,0.0,121.0,0.25765000000000005,-0.1852,0.38265,164352.06240864156,-12950.656289875753,151401.40611876582,177302.7186985173,133844.19259079001,77216.39384601,141.92452489420486,0.5995444922341688,0.3,0.2827102803738318,0.17295597484276728,0.09873251598356789,False
沪深300ETF嘉实,3月,5.75,4.801,2027-03-24,202703,rule_fourth_wednesday,medium,233.0,167.0,321390.72856744,-18106.38356954,303284.3449979,339497.11213698,392.0,31.0,423.0,218.0,0.0,218.0,0.28135,-0.23709999999999998,0.30455,158145.28915126604,-9176.092450917411,148969.19670034864,167321.38160218345,178732.59905026,124551.74594764,264.7473641762974,0.49942659845488047,0.3,0.2780612244897959,0.09214501510574018,0.1297109310531258,False
沪深300ETF嘉实,3月,6.0,4.801,2027-03-24,202703,rule_fourth_wednesday,medium,233.0,167.0,194870.54669440002,-83568.63338560001,111301.91330880001,278439.18008,320.0,160.0,480.0,52.0,0.0,52.0,0.3049,-0.27265,0.2454,51640.69487401601,-43554.981295992126,8085.713578023882,95195.67617000814,31666.463837840005,79635.44947096,334.97169298348496,0.3930940741846404,0.3,0.08125,0.01948051948051948,0.10237553203677605,False
中证500ETF南方,8月,6.25,7.42,2026-08-26,202608,rule_fourth_wednesday,medium,23.0,17.0,80338.29888,-6470192.891903999,-6389854.593024,6550531.190783999,95.0,7651.0,7746.0,53.0,17045.0,17098.0,0.0001,0.4204,0.1536,47919.5049729353,-4936920.290629264,-4889000.785656328,4984839.7956022,-6425372.577791999,35517.984768,200.5025313149165,0.6797483508879165,0.4635363790186124,1.3928540472865605,0.19363010206052553,0.6727102387688197,False
中证500ETF南方,8月,6.5,7.42,2026-08-26,202608,rule_fourth_wednesday,medium,23.0,17.0,496498.6151999999,-38303822.64164399,-37807324.026443996,38800321.25684399,501.0,33921.0,34422.0,40.0,22134.0,22174.0,0.37570000000000003,0.4269,0.19255,212669.9859841918,-28165730.544443503,-27953060.55845931,28378400.530427694,-24954221.906375997,-12853102.120067999,143.29923480450293,0.5818319041174478,0.4465162436017968,0.3661782299026251,-0.013294963979351995,0.8956436849368821,False
中证500ETF南方,8月,6.75,7.42,2026-08-26,202608,rule_fourth_wednesday,medium,23.0,17.0,1093966.263488,-69646505.66356,-68552539.40007201,70740471.927048,628.0,39805.0,40433.0,139.0,32998.0,33137.0,0.36774999999999997,0.36045,0.31710000000000005,499031.94298139465,-54153579.40498915,-53654547.46200776,54652611.347970545,-57494213.706272,-11058325.6938,154.0092886802671,0.6168583515287817,0.40067842605156034,0.5251644561824884,-0.010666048954292807,0.932267932185342,False
中证500ETF南方,8月,7.0,7.42,2026-08-26,202608,rule_fourth_wednesday,medium,23.0,17.0,10166337.68766,-121472899.18178798,-111306561.49412799,131639236.86944798,3859.0,48587.0,52446.0,4514.0,75996.0,80510.0,0.34075,0.27215,0.4663,9325468.861110281,-104166795.44697674,-94841326.58586645,113492264.30808702,-111306561.49412799,0.0,61.714468569535214,0.8874100343397742,0.28151421983089925,1.3669275908727676,0.11816403946163215,0.9601791561769433,False
中证500ETF南方,8月,7.122,7.42,2026-08-26,202608,rule_fourth_wednesday,medium,23.0,17.0,4517758.610288,-16856440.155828,-12338681.54554,21374198.766116,1486.0,5967.0,7453.0,594.0,9616.0,10210.0,0.33885,0.20895,0.5326500000000001,1800274.4597859764,-14564910.79589276,-12764636.336106785,16365185.255678736,-15050552.797476,2711871.2519360003,310.8423528054543,0.6312722819548291,0.2098193608151922,1.00563045155714,0.03869042052881524,0.7428797726057597,True
中证500ETF南方,8月,7.25,7.42,2026-08-26,202608,rule_fourth_wednesday,medium,23.0,17.0,56019195.491616,-129064093.78240003,-73044898.29078403,185083289.27401602,16713.0,41861.0,58574.0,28208.0,102173.0,130381.0,0.33865,0.13495,0.5844,51643905.45536351,-111713573.86541283,-60069668.41004932,163357479.32077634,-73044898.29078403,0.0,9.918813481742886,0.8937316158812725,0.11881612810980852,2.06427810317522,0.014362401754878374,0.9708174477360919,True
中证500ETF南方,8月,7.367,7.42,2026-08-26,202608,rule_fourth_wednesday,medium,23.0,17.0,18722548.755064,-24825168.053083997,-6102619.298019998,43547716.808148,5269.0,7717.0,12986.0,3450.0,17528.0,20978.0,0.3375,0.06380000000000002,0.61485,11008597.512531897,-19970661.161865484,-8962063.649333587,30979258.67439738,-12566144.859883998,6463525.561863999,293.4193907081854,0.6962191277826641,0.008386407787238481,1.463061085776491,-0.02630137443725203,0.8362034495901707,True
中证500ETF南方,8月,7.5,7.42,2026-08-26,202608,rule_fourth_wednesday,medium,23.0,17.0,217576168.761868,-178074348.58668,39501820.175188005,395650517.348548,59669.0,54314.0,113983.0,83621.0,89443.0,173064.0,0.33394999999999997,-0.01915,0.6289,166410394.09548554,-157466072.66737083,8944321.428114712,323876466.76285636,39501820.175188005,0.0,25.20754567979214,0.8245544603505762,0.10456529036589451,1.5240953116515636,0.10289216439192994,0.9955276505615402,True
中证500ETF南方,8月,7.613,7.42,2026-08-26,202608,rule_fourth_wednesday,medium,23.0,17.0,23537430.239231996,-21904653.416015998,1632776.8232159987,45442083.655247994,6656.0,6671.0,13327.0,7231.0,8073.0,15304.0,0.33045,-0.08945,0.6193500000000001,20287556.617265437,-16790015.787258957,3497540.83000648,37077572.40452439,1632776.8232159987,0.0,169.73003676374918,0.8142159705890006,0.15753424657534248,1.14827580747394,-0.007700079009525584,0.8362014830010318,True
中证500ETF南方,8月,7.75,7.42,2026-08-26,202608,rule_fourth_wednesday,medium,23.0,17.0,193638420.134852,-93713253.63803197,99925166.49682002,287351673.77288395,59081.0,31186.0,90267.0,89350.0,29501.0,118851.0,0.33585,-0.16604999999999998,0.57055,164203591.79987702,-67939991.81519763,96263599.98467939,232143583.61507463,104988554.95254001,-5063388.455719996,99.97813734265945,0.7864840864424014,0.25824175824175843,1.2291499372461896,-0.0023230147079024684,0.9837303041558025,True
中证500ETF南方,8月,7.859,7.42,2026-08-26,202608,rule_fourth_wednesday,medium,23.0,17.0,26674139.797255997,-18283305.49248,8390834.304775998,44957445.289735995,8929.0,6486.0,15415.0,8745.0,1231.0,9976.0,0.333,-0.22475,0.5273,22907952.231604,-5970583.209027656,16937369.022576343,28878535.440631654,22654414.7746,-14263580.469823997,223.73963138121968,0.5926834107945174,0.2957679954657095,0.584593195154138,0.0018717794258941364,0.8374568932272205,False
中证500ETF南方,8月,8.0,7.42,2026-08-26,202608,rule_fourth_wednesday,medium,23.0,17.0,126354975.90102799,-33830057.948904,92524917.952124,160185033.849932,49859.0,13833.0,63692.0,54111.0,3320.0,57431.0,0.33985,-0.28465,0.45225,99547757.07488346,-18042394.827242002,81505362.24764146,117590151.90212546,118235566.34486799,-25710648.392744,116.84821244404557,0.6605831927597468,0.35492388940664815,0.6626431371282313,0.00203829117608419,0.9625484009318319,False
中证500ETF南方,8月,8.104,7.42,2026-08-26,202608,rule_fourth_wednesday,medium,23.0,17.0,36771398.7704,-27759007.440080006,9012391.330319997,64530406.210480005,16760.0,12745.0,29505.0,7425.0,2941.0,10366.0,0.34299999999999997,-0.323,0.39705,21912235.66583511,-11844065.099398807,10068170.566436302,33756300.76523392,9884842.022356,-872450.6920360066,237.66552830284056,0.5112894945742379,0.3858353841946952,0.33688812637460896,-0.019049787205262143,0.8944148728053951,False
中证500ETF南方,8月,8.25,7.42,2026-08-26,202608,rule_fourth_wednesday,medium,23.0,17.0,102037234.057416,-13730012.931068,88307221.126348,115767246.98848401,58761.0,7541.0,66302.0,35187.0,1352.0,36539.0,0.34834999999999994,-0.3667,0.32305,60101478.8869198,-8496624.431179352,51604854.455740444,68598103.31809914,58639874.62597601,29667346.500372,92.39640696124083,0.6039255181908958,0.4183934807916181,0.38905105384416555,0.021363646819637636,0.9556656899554751,False
中证500ETF南方,8月,8.35,7.42,2026-08-26,202608,rule_fourth_wednesday,medium,23.0,17.0,30853399.547935996,-13868933.992368,16984465.555567995,44722333.540304,21163.0,8574.0,29737.0,9113.0,1102.0,10215.0,0.36015,-0.3854,0.2793,21905518.799794935,-5914233.209875924,15991285.589919012,27819752.009670857,11503235.361072,5481230.194495998,179.51911024371122,0.5682123388386302,0.4418909014762852,0.279569067583998,-0.025114627009873637,0.8790229112782811,False
中证500ETF南方,8月,8.5,7.42,2026-08-26,202608,rule_fourth_wednesday,medium,23.0,17.0,48782734.23127999,-3708616.7220479995,45074117.50923199,52491350.95332799,42908.0,2736.0,45644.0,23132.0,401.0,23533.0,0.37649999999999995,-0.40805,0.22635,26680261.465021577,-1644081.1798769997,25036180.28514458,28324342.644898575,25755558.999351993,19318558.50988,212.8989035272027,0.4951170147572232,0.4630676636877622,0.3428356269663313,0.017221008547946386,0.9251618734059489,False
中证500ETF南方,8月,8.595,7.42,2026-08-26,202608,rule_fourth_wednesday,medium,23.0,17.0,15885727.003328,-6881130.558119999,9004596.445208,22766857.561448,16688.0,5707.0,22395.0,4346.0,430.0,4776.0,0.3821,-0.4221,0.19595,6068713.254531201,-2799597.126875676,3269116.1276555248,8868310.381406877,3618600.6091759996,5385995.836032,340.89671651559604,0.3944371708110189,0.4714068825910931,0.1678863600587393,-0.02999237214857445,0.7990188835614489,False
中证500ETF南方,8月,8.75,7.42,2026-08-26,202608,rule_fourth_wednesday,medium,23.0,17.0,20180081.05708,-584084.538576,19595996.518504,20764165.595656,28861.0,564.0,29425.0,12031.0,126.0,12157.0,0.3992,-0.43615,0.15755,9739080.19648621,-282019.8306741783,9457060.365812032,10021100.02716039,8281784.093296001,11314212.425208,227.11479578028343,0.48272467533461394,0.48512260765550236,0.32013218898801077,-3.385292669590145e-05,0.8435068599421611,False
中证500ETF南方,8月,8.841,7.42,2026-08-26,202608,rule_fourth_wednesday,medium,23.0,17.0,6829486.553792,-3216039.223656,3613447.3301359997,10045525.777448,11318.0,3414.0,14732.0,3430.0,289.0,3719.0,0.40945,-0.44275000000000003,0.14035,2591138.9492742945,-1406543.2728110775,1184595.676463217,3997682.222085372,1797481.897764,1815965.432372,236.45381701121931,0.4083786488887593,0.4898295574103949,0.19385425624433678,0.010094693449036324,0.7108762582051977,False
中证500ETF南方,8月,9.0,7.42,2026-08-26,202608,rule_fourth_wednesday,medium,23.0,17.0,11440930.235448001,-349436.364032,11091493.871416,11790366.599480001,24333.0,422.0,24755.0,9425.0,82.0,9507.0,0.43235,-0.4497,0.1179,6538247.267228751,-173185.75623542705,6365061.510993324,6711433.023464179,4363562.150808,6727931.720608001,186.81178828549682,0.5335466098938743,0.49741014465289624,0.29082343463901245,-0.04451959528436959,0.7942826217918669,False
中证500ETF南方,8月,9.086,7.42,2026-08-26,202608,rule_fourth_wednesday,medium,23.0,17.0,4146632.2269119998,-1013694.582852,3132937.64406,5160326.809764,10668.0,1373.0,12041.0,2393.0,60.0,2453.0,0.43235,-0.45755,0.10235,411553.6372192001,-447298.67469944106,-35745.03748024098,858852.3119186412,885856.374872,2247081.2691879994,385.36942723429627,0.270252976753594,0.49765624999999997,0.13400781885148552,-0.03742086549301882,0.6074172375796932,False
中证500ETF南方,8月,9.25,7.42,2026-08-26,202608,rule_fourth_wednesday,medium,23.0,17.0,6442405.376259999,-428564.52323999995,6013840.853019999,6870969.899499999,19535.0,930.0,20465.0,3365.0,52.0,3417.0,0.4193,-0.47515,0.0718,3178858.055246135,-196221.6937726557,2982636.3614734793,3375079.749018791,1085773.3206039998,4928067.532415999,205.9100306210904,0.47564259871811676,0.49387586206896544,0.11408445277431464,0.030640517194545552,0.694533394199938,False
中证500ETF南方,8月,9.332,7.42,2026-08-26,202608,rule_fourth_wednesday,medium,23.0,17.0,2510678.098852,-823273.7649920001,1687404.3338600001,3333951.8638440003,9641.0,1328.0,10969.0,854.0,50.0,904.0,0.46375,-0.46449999999999997,0.07995000000000001,114065.15030372003,-375289.36547274416,-261224.21516902413,489354.5157764642,191399.170088,1496005.1637720005,766.1730523126747,0.2506410165289632,0.4969603270268855,0.06311531261442409,0.0024054563751774293,0.5250696103289267,False
中证500ETF南方,8月,9.578,7.42,2026-08-26,202608,rule_fourth_wednesday,medium,23.0,17.0,1531602.98032,-453039.295296,1078563.685024,1984642.2756160002,8182.0,1302.0,9484.0,1378.0,50.0,1428.0,0.45035000000000003,-0.48245,0.048600000000000004,409500.694176,-212152.1843908548,197348.50978514523,621652.8785668549,240552.42288,838011.2621440002,1001.0124631903323,0.36782694418978934,0.4988307375707404,0.10341046867331946,0.009401070850454489,0.47787195773059543,False
中证500ETF南方,8月,9.823,7.42,2026-08-26,202608,rule_fourth_wednesday,medium,23.0,17.0,2143492.102024,-617586.3579759999,1525905.7440480003,2761078.46,14209.0,2402.0,16611.0,1558.0,94.0,1652.0,0.47224999999999995,-0.4867,0.03705,133891.46966355352,-295973.76957962866,-162082.29991607514,429865.2392431822,210862.70861600002,1315043.0354320002,1149.0865973816824,0.2708534512805022,0.4997899159663865,0.07439143454304653,0.002688742659024977,0.55855331300536,False
中证500ETF南方,8月,10.314,7.42,2026-08-26,202608,rule_fourth_wednesday,medium,23.0,17.0,1321973.535064,-1177686.67702,144286.85804399988,2499660.212084,15197.0,5585.0,20782.0,645.0,24.0,669.0,0.53145,-0.48895,0.02705,286837.8979088,-566754.2002309536,-279916.30232215364,853592.0981397536,51047.192952,93239.6650919998,1408.6303767154825,0.3491103277066425,0.4985017421602787,0.023369906030904535,-0.0028461135828317195,0.5288799380950313,False
中证500ETF南方,9月,6.25,7.42,2026-09-23,202609,rule_fourth_wednesday,medium,51.0,37.0,38570.311583999995,-2379420.888432,-2340850.576848,2417991.200016,42.0,2591.0,2633.0,19.0,3425.0,3444.0,0.0001,0.3691,0.1668,24280.454519185067,-2080569.1304374107,-2056288.6759182257,2104849.5849565957,-2361972.414144,21121.837295999998,131.48296605973925,0.7519564842950658,0.40140250084488,0.887132197533587,0.21186654955818163,0.4445193014031394,False
中证500ETF南方,9月,6.385,7.42,2026-09-23,202609,rule_fourth_wednesday,medium,51.0,37.0,444113.551728,-79788319.57896799,-79344206.02724,80232433.13069598,1358.0,76154.0,77512.0,19.0,1904.0,1923.0,0.28275,0.4332,0.12485,196779.4019749159,-38413272.17771598,-38216492.77574106,38610051.579690896,-1988651.4826639995,-77355554.54457599,181.92120304107266,0.4622616642008799,0.39489795918367354,0.019496566584345038,-0.009821886005678442,0.8707043141031305,False
中证500ETF南方,9月,6.5,7.42,2026-09-23,202609,rule_fourth_wednesday,medium,51.0,37.0,178784.097156,-8676498.840688,-8497714.743532,8855282.937843999,171.0,7508.0,7679.0,17.0,4505.0,4522.0,0.13149999999999998,0.37025,0.19990000000000002,83688.40698911941,-6873951.532254926,-6790263.125265807,6957639.939244045,-5188356.573568,-3309358.1699639997,137.14354676624623,0.6301735311731818,0.3831576813944061,0.34972092146544664,-0.02606994066405757,0.661733054572521,False
中证500ETF南方,9月,6.631,7.42,2026-09-23,202609,rule_fourth_wednesday,medium,51.0,37.0,861040.2531359999,-104017951.362276,-103156911.10914001,104878991.615412,636.0,74883.0,75519.0,63.0,2682.0,2745.0,0.31205000000000005,0.3609,0.24910000000000002,391389.54299493216,-32499322.60745517,-32107933.06446024,32890712.150450103,-3640201.9877160005,-99516709.121424,304.3469634743968,0.38349692452750117,0.3409457900807383,0.06743623826754644,-0.028201431130089723,0.8840022513280327,False
中证500ETF南方,9月,6.75,7.42,2026-09-23,202609,rule_fourth_wednesday,medium,51.0,37.0,1059692.55336,-7715486.075304,-6655793.521943999,8775178.628664,629.0,5619.0,6248.0,59.0,3314.0,3373.0,0.1388,0.29765,0.2777,466362.9851461902,-3839090.484976173,-3372727.499829983,4305453.470122363,-4451076.500864,-2204717.02108,334.8490982677366,0.46883758963121136,0.31756323019643085,0.3417921706135016,-0.007408973556324032,0.6274741338770766,False
中证500ETF南方,9月,6.876,7.42,2026-09-23,202609,rule_fourth_wednesday,medium,51.0,37.0,3361145.871496,-26640326.909195997,-23279181.037699997,30001472.780691996,1654.0,15327.0,16981.0,213.0,1632.0,1845.0,0.30874999999999997,0.28265,0.3424,1471489.3029172772,-13760470.596221969,-12288981.293304691,15231959.899139246,-2403784.9971239995,-20875396.040575996,212.36325424933864,0.477160892845745,0.24180451127819558,0.1176287406130396,-0.0097525225342135,0.7613661401461996,False
中证500ETF南方,9月,7.0,7.42,2026-09-23,202609,rule_fourth_wednesday,medium,51.0,37.0,5828163.694584,-19194412.934648,-13366249.240063999,25022576.629232,2541.0,10117.0,12658.0,231.0,4219.0,4450.0,0.313,0.2309,0.38060000000000005,2364373.75471382,-8431658.311415134,-6067284.556701314,10796032.066128954,-7474637.448992,-5891611.791072001,270.7590893244907,0.42247871791922087,0.19611550360948765,0.25396497344703334,0.009142236072637736,0.7643979438519612,False
中证500ETF南方,9月,7.122,7.42,2026-09-23,202609,rule_fourth_wednesday,medium,51.0,37.0,4069689.2562200003,-21280150.873072,-17210461.616851997,25349840.129292,1615.0,10469.0,12084.0,185.0,2517.0,2702.0,0.313,0.1796,0.41345,1604241.6586462485,-8376902.350304202,-6772660.691657954,9981144.008950451,-4650074.004716,-12560387.612135999,346.34298475475487,0.39392065076946287,0.1826085257556025,0.17748759643316683,0.03984578883797312,0.740465372118727,True
中证500ETF南方,9月,7.25,7.42,2026-09-23,202609,rule_fourth_wednesday,medium,51.0,37.0,8927420.03538,-18642515.46864,-9715095.43326,27569935.504019998,3333.0,8727.0,12060.0,1814.0,7284.0,9098.0,0.31445,0.12254999999999999,0.43725,4865792.519710799,-14758702.18081453,-9892909.661103733,19624494.70052533,-10701207.86084,986112.4275800004,184.2838267035436,0.6683540402949418,0.1668259567674062,0.6894527541444415,0.008417654422503792,0.7884971196629709,True
中证500ETF南方,9月,7.367,7.42,2026-09-23,202609,rule_fourth_wednesday,medium,51.0,37.0,11935617.495088,-27781952.745344,-15846335.250256002,39717570.240432,4292.0,12512.0,16804.0,855.0,2143.0,2998.0,0.31279999999999997,0.06965000000000002,0.4542,4553333.019060033,-10608224.941024033,-6054891.921964,15161557.960084066,-2380701.5002960004,-13465633.74996,365.5396596592135,0.38166495306577797,0.15158237207926645,0.18524170198287182,0.00994559663250811,0.7892661318342951,True
中证500ETF南方,9月,7.5,7.42,2026-09-23,202609,rule_fourth_wednesday,medium,51.0,37.0,25453218.981008,-24016817.325312,1436401.655696001,49470036.30632,9026.0,10819.0,19845.0,3492.0,6670.0,10162.0,0.3156,0.00909999999999997,0.4577,15913308.729739603,-13584090.113717675,2329218.6160219274,29497398.843457278,-4959158.982624,6395560.638320001,154.3212931708619,0.5954028506652439,0.22355944566010205,0.5016951675502882,0.005579704620272392,0.8559999399071763,True
中证500ETF南方,9月,7.613,7.42,2026-09-23,202609,rule_fourth_wednesday,medium,51.0,37.0,15120422.121896,-18570229.16826,-3449807.046364,33690651.290156,5473.0,8265.0,13738.0,1542.0,510.0,2052.0,0.3147,-0.04164999999999999,0.45495,6056624.8170581665,-7038909.969949182,-982285.1528910156,13095534.787007349,3114235.5355440006,-6564042.581908001,248.6119674105097,0.3898009752549617,0.24498506188647046,0.17172637295842352,0.041116854273371625,0.7544646216136478,True
中证500ETF南方,9月,7.75,7.42,2026-09-23,202609,rule_fourth_wednesday,medium,51.0,37.0,21007375.0404,-11849656.83664,9157718.203759998,32857031.87704,7908.0,5530.0,13438.0,4832.0,1011.0,5843.0,0.3205,-0.0988,0.43584999999999996,11521891.24788942,-5299869.50723183,6222021.74065759,16821760.75512125,10669703.487631997,-1511985.283871999,239.59336342883046,0.49786409698361833,0.3106571936056838,0.3969238923936298,0.004987897925705667,0.7883094503359956,True
中证500ETF南方,9月,7.859,7.42,2026-09-23,202609,rule_fourth_wednesday,medium,51.0,37.0,12097718.95248,-12519754.337244,-422035.3847640008,24617473.289724,4824.0,6027.0,10851.0,730.0,511.0,1241.0,0.32335,-0.14150000000000001,0.4164,4019495.636378283,-6585720.450648992,-2566224.814270709,10605216.087027276,769218.840908,-1191254.2256719992,272.60377776568544,0.4291393444674085,0.33876042158250763,0.11805591669989195,0.007161301342335826,0.7011760558739706,False
中证500ETF南方,9月,8.0,7.42,2026-09-23,202609,rule_fourth_wednesday,medium,51.0,37.0,20295418.158875998,-4168288.6618520003,16127129.497023998,24463706.820727997,8821.0,2059.0,10880.0,3980.0,202.0,4182.0,0.3187,-0.19725,0.39280000000000004,12471475.508514643,-1852310.5220098915,10619164.986504752,14323786.030524533,8748278.071624,7378851.425399998,125.52632632231939,0.5294393161745194,0.34746467165419787,0.2746509430809375,0.005559515760766245,0.7490072113260559,False
中证500ETF南方,9月,8.104,7.42,2026-09-23,202609,rule_fourth_wednesday,medium,51.0,37.0,14858306.859955998,-13720192.521,1138114.3389559984,28578499.380955998,6997.0,7450.0,14447.0,2312.0,432.0,2744.0,0.3328,-0.2244,0.3601,8236169.071017694,-6031667.6286095055,2204501.4424081882,14267836.699627198,4114003.602016,-2975889.2630600017,225.89481530170164,0.49696692839425155,0.40066869300911856,0.19420695158903192,0.05299989352007682,0.7595018398513143,False
中证500ETF南方,9月,8.25,7.42,2026-09-23,202609,rule_fourth_wednesday,medium,51.0,37.0,21482731.997999996,-2465271.43408,19017460.563919995,23948003.432079997,11500.0,1417.0,12917.0,2537.0,123.0,2660.0,0.32945,-0.2717,0.32765,10961472.227311345,-963139.315187049,9998332.912124297,11924611.542498393,4525284.269603999,14492176.294315998,61.49985020716562,0.4504642981768663,0.4052779885119757,0.15370590040195148,0.059894995286527655,0.7383566437952007,False
中证500ETF南方,9月,8.35,7.42,2026-09-23,202609,rule_fourth_wednesday,medium,51.0,37.0,21242820.98218,-15503916.374968002,5738904.607211998,36746737.357148,12515.0,9926.0,22441.0,1652.0,211.0,1863.0,0.35130000000000006,-0.2848,0.29600000000000004,5239339.456574911,-6954150.831203246,-1714811.3746283343,12193490.287778158,2474514.853076,3264389.754135998,312.1592872463999,0.34759101729600095,0.4561496297720936,0.07662945106613551,0.016310712537720807,0.7898375471943953,False
中证500ETF南方,9月,8.5,7.42,2026-09-23,202609,rule_fourth_wednesday,medium,51.0,37.0,14069773.1328,-1032158.8477199998,13037614.28508,15101931.980519999,9680.0,715.0,10395.0,2585.0,117.0,2702.0,0.35219999999999996,-0.3203,0.2631,5858821.790490446,-533040.8149252102,5325780.975565235,6391862.605415656,3588370.2410639995,9449244.044016,274.6424008618375,0.4664224429468936,0.45941151016875814,0.21534090909090908,0.05476436912771093,0.6998673436875203,False
中证500ETF南方,9月,8.595,7.42,2026-09-23,202609,rule_fourth_wednesday,medium,51.0,37.0,11215478.68196,-7191722.98026,4023755.7017,18407201.66222,8570.0,5265.0,13835.0,2348.0,54.0,2402.0,0.3438,-0.34695,0.2429,5577719.027749112,-3328105.0591282677,2249613.968620844,8905824.08687738,2999044.333208,1024711.3684919998,179.33460972174078,0.48004606024043944,0.45179932781375526,0.14211770337791343,0.01691564420488832,0.7248317017164458,False
中证500ETF南方,9月,8.75,7.42,2026-09-23,202609,rule_fourth_wednesday,medium,51.0,37.0,11145391.334196,-623445.460064,10521945.874132,11768836.794259999,10137.0,511.0,10648.0,3485.0,175.0,3660.0,0.3749,-0.35519999999999996,0.21065,7321535.69907295,-376484.20053353265,6945051.498539417,7698019.899606482,3618166.214179999,6903779.659951999,133.57132109559797,0.6303941090003244,0.4902368987796123,0.34312791469200715,0.014872518291916156,0.7018413040255078,False
中证500ETF南方,9月,8.841,7.42,2026-09-23,202609,rule_fourth_wednesday,medium,51.0,37.0,11187078.388584,-3665008.7498639994,7522069.63872,14852087.138447998,11251.0,3179.0,14430.0,2605.0,233.0,2838.0,0.3849,-0.3641,0.195,3262364.220962631,-1840711.2473334842,1421652.9736291468,5103075.468296115,2321578.634592,5200491.004127999,288.37906449444904,0.39692910770857154,0.49871760259179265,0.15241423159366016,0.023004496483321438,0.7255044493026237,False
中证500ETF南方,9月,9.0,7.42,2026-09-23,202609,rule_fourth_wednesday,medium,51.0,37.0,5390561.11272,-118214.89982400001,5272346.212896,5508776.012544,6620.0,116.0,6736.0,5527.0,61.0,5588.0,0.36865000000000003,-0.39840000000000003,0.16649999999999998,4406324.982792593,-81758.50552741514,4324566.477265177,4488083.488320008,4438383.798408,833962.414488,93.47762575939302,0.7545120222921924,0.48477920450986534,0.6803781643921242,-0.06193536410727861,0.6068732786494877,False
中证500ETF南方,9月,9.086,7.42,2026-09-23,202609,rule_fourth_wednesday,medium,51.0,37.0,5688536.259671998,-1930403.4631559998,3758132.7965159984,7618939.722827998,7614.0,2007.0,9621.0,2122.0,20.0,2142.0,0.3764,-0.40475,0.1552,2125383.611612796,-945075.5304586985,1180308.0811540973,3070459.1420714944,1566142.0622959994,2191990.734219999,240.99899591963054,0.43159992171614436,0.4893357164134645,0.14433112946295532,-0.005491100799356916,0.6315833906804829,False
中证500ETF南方,9月,9.25,7.42,2026-09-23,202609,rule_fourth_wednesday,medium,51.0,37.0,2639151.657688,-108174.81472,2530976.8429679996,2747326.472408,4303.0,128.0,4431.0,1491.0,33.0,1524.0,0.38039999999999996,-0.4214,0.13245,496436.07550383103,-64363.975185056195,432072.1003187748,560800.0506888872,886583.669916,1644393.1730519999,301.34458740854654,0.3915520239871216,0.49195974402450365,0.3021574700790146,0.043440235535861835,0.45573996449843274,False
中证500ETF南方,9月,9.332,7.42,2026-09-23,202609,rule_fourth_wednesday,medium,51.0,37.0,4984372.061004,-1331242.280004,3653129.7809999995,6315614.341008,8781.0,1547.0,10328.0,1688.0,40.0,1728.0,0.4138,-0.41059999999999997,0.12969999999999998,839814.6421883575,-672780.1582737756,167034.48391458194,1512594.8004621333,923740.683712,2729389.0972879995,296.8169360104179,0.33693362741770516,0.49029025927073655,0.10904486364202194,0.012190853943070462,0.6108097704566455,False
中证500ETF南方,9月,9.578,7.42,2026-09-23,202609,rule_fourth_wednesday,medium,51.0,37.0,7487049.363808,-1145613.5712000001,6341435.792608,8632662.935008,17192.0,1530.0,18722.0,1615.0,22.0,1637.0,0.4295,-0.42525,0.10755,2876064.0758828563,-582715.9885200195,2293348.087362837,3458780.0644028755,686853.36538,5654582.427228001,177.4202321363896,0.4463941062339414,0.488201133797299,0.054159063190965855,0.0002972687789043007,0.6824270246601479,False
中证500ETF南方,9月,9.823,7.42,2026-09-23,202609,rule_fourth_wednesday,medium,51.0,37.0,6768270.443759998,-595937.080368,6172333.363391998,7364207.524127998,19860.0,843.0,20703.0,866.0,23.0,889.0,0.475,-0.42185,0.09514999999999998,1020488.8729503999,-310352.63041099726,710136.2425394026,1330841.5033613972,278872.7784079999,5893460.584983998,482.8731192332875,0.3357781483533627,0.4745926199564914,0.03544437396293628,-0.013879087956598916,0.6454988865043124,False
中证500ETF南方,9月,10.314,7.42,2026-09-23,202609,rule_fourth_wednesday,medium,51.0,37.0,3926872.9546199995,-357723.45335999987,3569149.50126,4284596.40798,17611.0,637.0,18248.0,1847.0,10.0,1857.0,0.5027,-0.4413,0.07125,339264.143568,-188424.3344753899,150839.8090926101,527688.4780433899,406225.3889399999,3162924.11232,653.7440894912689,0.3065636712241805,0.4808348557443728,0.06028811021226475,0.004179788147724019,0.6093965154773654,False
中证500ETF南方,12月,6.25,7.42,2026-12-23,202612,rule_fourth_wednesday,medium,142.0,102.0,347664.64908,-1221632.6955,-873968.0464199999,1569297.3445799998,434.0,1525.0,1959.0,402.0,2283.0,2685.0,0.0001,0.3104,0.1455,268100.6265941758,-730914.4384909623,-462813.81189678644,999015.0650851381,-899602.30626,25634.259840000006,313.15637660927047,0.6847283549337818,0.30426667564033344,1.21165823071693,1.5048363095238095,0.38215248282580794,False
中证500ETF南方,12月,6.5,7.42,2026-12-23,202612,rule_fourth_wednesday,medium,142.0,102.0,486623.699296,-2786283.830483999,-2299660.131187999,3272907.529779999,536.0,3069.0,3605.0,11.0,1378.0,1389.0,0.0001,0.2652,0.1649,185011.52650293754,-1235194.2252705656,-1050182.698767628,1420205.7517735031,-1241072.0092119996,-1058588.1219759996,299.11905552964254,0.41175332851941837,0.2655940255267559,0.23476428950068814,0.001190355046928689,0.4544823115556441,False
中证500ETF南方,12月,6.75,7.42,2026-12-23,202612,rule_fourth_wednesday,medium,142.0,102.0,356329.425312,-2321145.8912879997,-1964816.4659759998,2677475.3165999996,356.0,2319.0,2675.0,5.0,532.0,537.0,0.0001,0.21660000000000001,0.1818,121614.32454409495,-677226.0931631998,-555611.7686191049,798840.4177072948,-527487.6605039999,-1437328.8054719998,475.41294677156236,0.316530571079354,0.21427853781582795,0.12172708596789589,-0.0019293652038563174,0.3907800160846586,False
中证500ETF南方,12月,6.876,7.42,2026-12-23,202612,rule_fourth_wednesday,medium,142.0,102.0,2796026.0604640003,-6004763.153787999,-3208737.093323999,8800789.214251999,1538.0,5047.0,6585.0,12.0,327.0,339.0,0.24175,0.28654999999999997,0.27315,994217.2610200795,-2070356.7789605334,-1076139.517940454,3064574.0399806127,-367238.850972,-2841498.2423519986,330.41831999389734,0.3501840051312565,0.2150211992731677,0.03629665281593593,0.012564176627391687,0.5579534115875439,False
中证500ETF南方,12月,7.0,7.42,2026-12-23,202612,rule_fourth_wednesday,medium,142.0,102.0,2520817.83604,-5028574.091744,-2507756.255704,7549391.927784,1171.0,4072.0,5243.0,95.0,805.0,900.0,0.2505,0.2361,0.30765,1130215.426229598,-2519276.74520785,-1389061.318978252,3649492.171437448,-789599.61906,-1718156.6366440002,122.19744007408477,0.4746724733547292,0.25098606363397336,0.13940939686832574,0.03334556782983904,0.5497512325581047,False
中证500ETF南方,12月,7.122,7.42,2026-12-23,202612,rule_fourth_wednesday,medium,142.0,102.0,3834267.539256,-6175454.510708,-2341186.9714519996,10009722.049964,1683.0,4841.0,6524.0,144.0,149.0,293.0,0.25955000000000006,0.18544999999999998,0.32275,1151108.3364625848,-1435255.5085168502,-284147.1720542654,2586363.844979435,137992.810396,-2479179.781848,446.1920017809797,0.2663144509840636,0.274994200881466,0.058170131022118335,0.022113874984903692,0.5618193139833194,True
中证500ETF南方,12月,7.25,7.42,2026-12-23,202612,rule_fourth_wednesday,medium,142.0,102.0,4546695.152999999,-3388968.072672,1157727.0803279988,7935663.225671999,1925.0,2616.0,4541.0,350.0,552.0,902.0,0.26665,0.13810000000000003,0.33215,1407646.2205898035,-1512465.737066639,-104819.51647683536,2920111.957656442,111568.4912159997,1046158.5891119991,334.10979359219453,0.3779443030189328,0.31500907807141404,0.19641367806505422,0.13734901169892855,0.5499266408897782,True
中证500ETF南方,12月,7.367,7.42,2026-12-23,202612,rule_fourth_wednesday,medium,142.0,102.0,3257087.0732400003,-4549887.3230719995,-1292800.2498319992,7806974.396312,1379.0,3484.0,4863.0,418.0,306.0,724.0,0.2733,0.09640000000000001,0.3331,1056520.134694606,-1798529.3413690864,-742009.2066744803,2855049.4760636925,587665.4068320001,-1880465.6566639994,397.9453609693252,0.35983336761709045,0.3456303724928368,0.1954741409813764,0.1198867478025693,0.5450036626669681,True
中证500ETF南方,12月,7.5,7.42,2026-12-23,202612,rule_fourth_wednesday,medium,142.0,102.0,7562704.565303999,-3411825.2876959997,4150879.2776079993,10974529.852999998,3193.0,2546.0,5739.0,727.0,536.0,1263.0,0.27390000000000003,0.051399999999999973,0.3368,2179419.078421866,-1315661.537270723,863757.5411511431,3495080.615692589,1003639.63252,3147239.645087999,325.3340204569516,0.33689896874959124,0.34744667097608284,0.21910593897835726,0.0857400541426995,0.606443102017771,True
中证500ETF南方,12月,7.613,7.42,2026-12-23,202612,rule_fourth_wednesday,medium,142.0,102.0,6950638.161991999,-4890124.313228,2060513.8487639986,11840762.475219999,2998.0,3721.0,6719.0,237.0,38.0,275.0,0.2814,0.015399999999999997,0.32989999999999997,1805360.7573341154,-1753077.4549896328,52283.302344482625,3558438.2123237485,499527.2677639999,1560986.5809999984,385.9201767391543,0.30911686067275984,0.3881550610193827,0.04463250516020803,0.006601150180730749,0.5809181640575274,True
中证500ETF南方,12月,7.75,7.42,2026-12-23,202612,rule_fourth_wednesday,medium,142.0,102.0,4620421.178239999,-1076281.0466800001,3544140.131559999,5696702.224919999,2065.0,839.0,2904.0,560.0,100.0,660.0,0.28909999999999997,-0.02554999999999999,0.3197,1480368.3292727736,-419559.4415310997,1060808.8877416737,1899927.7708038734,1124714.1617599998,2419425.9697999996,362.0397288809516,0.35511007396209937,0.42451401161322905,0.19518797600048485,0.008502367733124329,0.47700179773017604,True
中证500ETF南方,12月,7.859,7.42,2026-12-23,202612,rule_fourth_wednesday,medium,142.0,102.0,4505974.338432,-3215093.354704,1290880.983728,7721067.693136,2128.0,2516.0,4644.0,235.0,10.0,245.0,0.29365,-0.05564999999999998,0.30835,1508585.7544046366,-1159741.086349504,348844.6680551325,2668326.8407541406,484826.6584,806054.3253279999,343.9051645622267,0.3477572470752507,0.43218364017711486,0.05720344681257994,-0.008090614886731391,0.5136198541073539,False
中证500ETF南方,12月,8.0,7.42,2026-12-23,202612,rule_fourth_wednesday,medium,142.0,102.0,6073266.528924,-723165.2634359999,5350101.265488001,6796431.79236,2987.0,583.0,3570.0,317.0,75.0,392.0,0.29845,-0.0938,0.2973,1167064.2678378858,-309894.2157065456,857170.0521313401,1476958.4835444314,551503.2621840001,4798598.003304001,379.0956239581426,0.31034446516855096,0.4567297690867486,0.11738574417099598,0.006755829584940065,0.49101986975769674,False
中证500ETF南方,12月,8.104,7.42,2026-12-23,202612,rule_fourth_wednesday,medium,142.0,102.0,3973032.24038,-3515910.513024,457121.7273559999,7488942.753404,2053.0,2912.0,4965.0,472.0,11.0,483.0,0.30395,-0.11869999999999997,0.2854,1159978.3365240002,-1374243.4300016458,-214265.09347764566,2534221.7665256457,900148.465748,-443026.7383920001,519.214073065789,0.34141357344452017,0.4736033787675179,0.11684246251799832,0.03663874310774581,0.5285773810236972,False
中证500ETF南方,12月,8.25,7.42,2026-12-23,202612,rule_fourth_wednesday,medium,142.0,102.0,5872638.805067999,-933200.4743599999,4939438.330707999,6805839.279428,3279.0,811.0,4090.0,192.0,3.0,195.0,0.3136,-0.1497,0.26715,1312075.3853592,-379009.6815589244,933065.7038002756,1691085.0669181244,340417.024584,4599021.306124,523.2017308465585,0.31478069506456374,0.4991412623443539,0.03112678709825896,-0.00028412496838358075,0.48378926158087926,False
中证500ETF南方,12月,8.35,7.42,2026-12-23,202612,rule_fourth_wednesday,medium,142.0,102.0,5300565.921279999,-2488047.165632,2812518.7556479992,7788613.086912,3136.0,2198.0,5334.0,66.0,11.0,77.0,0.31635,-0.17080000000000004,0.2563,1104735.2953279999,-1035604.5065440859,69130.78878391394,2140339.801872086,99103.72225599998,2713415.033391999,398.5234718422426,0.3123251150852896,0.4977351775459032,0.013025233978941895,0.0013461513004819465,0.5051335446004819,False
中证500ETF南方,12月,8.5,7.42,2026-12-23,202612,rule_fourth_wednesday,medium,142.0,102.0,2785633.6144,-267218.99022,2518414.62418,3052852.60462,1807.0,247.0,2054.0,458.0,8.0,466.0,0.3247,-0.19770000000000001,0.23825000000000002,839544.03232,-117300.12258965457,722243.9097303455,956844.1549096545,697388.40752,1821026.2166599997,523.9186249660037,0.37017488775383356,0.48252954562137557,0.14292371770599716,-0.000552791597567717,0.3894068941258048,False
中证500ETF南方,12月,8.595,7.42,2026-12-23,202612,rule_fourth_wednesday,medium,142.0,102.0,5113727.623368,-2624842.499328,2488885.1240399997,7738570.122695999,3537.0,2403.0,5940.0,358.0,2.0,360.0,0.3209,-0.21754999999999997,0.23049999999999998,1689996.6387871415,-1138908.3518583109,551088.2869288307,2828904.9906454524,515404.98295999994,1973480.14108,297.7756182049579,0.38218910793672467,0.49964473497228934,0.05102400625172733,0.015690496391661507,0.538569322781957,False
中证500ETF南方,12月,8.75,7.42,2026-12-23,202612,rule_fourth_wednesday,medium,142.0,102.0,1640257.886848,-173661.64970000004,1466596.2371480002,1813919.536548,1256.0,185.0,1441.0,92.0,0.0,92.0,0.3602,-0.22305,0.20385,376110.08870400005,-76979.11307089934,299130.9756331007,453089.2017748994,120146.278336,1346449.9588120002,500.5175977619742,0.3362850086255791,0.4240675495079577,0.03662420382165605,0.01056910569105691,0.2920472389500342,False
中证500ETF南方,12月,8.841,7.42,2026-12-23,202612,rule_fourth_wednesday,medium,142.0,102.0,4198357.7147119995,-970727.467164,3227630.2475479995,5169085.181876,3418.0,853.0,4271.0,408.0,0.0,408.0,0.2931,-0.28235,0.21489999999999998,1040131.4548912,-436254.15324870526,603877.3016424947,1476385.6081399051,501149.7798719999,2726480.4676759997,494.1190576104543,0.34857836421005645,0.43509711989283323,0.05968402574605032,0.03826771653543307,0.47395462823321854,False
中证500ETF南方,12月,9.0,7.42,2026-12-23,202612,rule_fourth_wednesday,medium,142.0,102.0,2043772.2986519998,-101041.707536,1942730.5911159997,2144814.0061879996,1857.0,97.0,1954.0,314.0,0.0,314.0,0.31065,-0.2946,0.19455,301734.30985376,-46305.60149505834,255428.70835870167,348039.91134881834,345581.31490399997,1597149.2762119998,435.7959370755646,0.30295901411624865,0.47029643436955093,0.08454496499730749,0.022804054054054054,0.3396760210538297,False
中证500ETF南方,12月,9.086,7.42,2026-12-23,202612,rule_fourth_wednesday,medium,142.0,102.0,1843331.215992,-497051.381456,1346279.834536,2340382.5974479998,1779.0,532.0,2311.0,215.0,0.0,215.0,0.34645,-0.2822,0.17895,457776.12772640004,-229467.16966056454,228308.9580658355,687243.2973869646,222774.71132,1123505.123216,463.8229660942116,0.3549993020957299,0.4682349741637204,0.06042720629567173,-0.005558643690939411,0.3450649788757812,False
中证500ETF南方,12月,9.25,7.42,2026-12-23,202612,rule_fourth_wednesday,medium,142.0,102.0,2936500.2628079993,-61718.774964,2874781.487843999,2998219.0377719994,3171.0,79.0,3250.0,1481.0,0.0,1481.0,0.40955,-0.2671,0.15505,1135891.2716367997,-29008.700190831678,1106882.571445968,1164899.9718276314,1371478.0476879997,1503303.4401559995,385.14851015315753,0.42841611560055937,0.3839715131335554,0.2335225480920845,0.29314657328664334,0.4428491262016693,False
中证500ETF南方,12月,9.332,7.42,2026-12-23,202612,rule_fourth_wednesday,medium,142.0,102.0,2286650.3038679995,-989871.1280079999,1296779.1758599996,3276521.431875999,2627.0,1169.0,3796.0,414.0,1.0,415.0,0.3702,-0.2988,0.15594999999999998,951284.831449896,-468705.8160121447,482579.01543775125,1419990.6474620407,359516.0897439999,937263.0861159996,191.99661525723863,0.4447593036459555,0.44434101866437536,0.07922482296269932,0.002486610558530987,0.41952318684412704,False
中证500ETF南方,12月,9.578,7.42,2026-12-23,202612,rule_fourth_wednesday,medium,142.0,102.0,5821342.206624,-1597085.961352,4224256.245272,7418428.167976,7938.0,2099.0,10037.0,1482.0,0.0,1482.0,0.4044,-0.30535,0.1357,3101650.9410756375,-769691.8477856541,2331959.0932899835,3871342.7888612915,1086826.549536,3137429.6957360003,162.46048768734832,0.5073709900466444,0.41495158653644626,0.09334845049130763,0.01538761199844176,0.6177377167272962,False
中证500ETF南方,12月,9.823,7.42,2026-12-23,202612,rule_fourth_wednesday,medium,142.0,102.0,6243276.838176,-2958261.3049079995,3285015.5332680005,9201538.143083999,10053.0,4043.0,14096.0,4706.0,1.0,4707.0,0.40595000000000003,-0.32735,0.12284999999999999,2417693.895456,-1447558.092538752,970135.8029172483,3865251.987994752,2921864.6199959996,363150.91327200085,453.39989360382464,0.4382874566555506,0.42918463271568963,0.23418315527260306,0.003909774436090226,0.7099684540756038,False
中证500ETF南方,12月,10.314,7.42,2026-12-23,202612,rule_fourth_wednesday,medium,142.0,102.0,2458371.766032,-825515.6616,1632856.104432,3283887.4276320003,5452.0,1275.0,6727.0,35137.0,22.0,35159.0,0.43890000000000007,-0.34695000000000004,0.09975,1216321.8509818693,-419643.8529715906,796677.9980102787,1635965.7039534599,2444127.574224,-811271.469792,302.3707661382486,0.501554367481558,0.424960712414877,3.2310229021909573,0.004776019358488681,0.5948074249644685,False
中证500ETF南方,3月,6.25,7.42,2027-03-24,202703,rule_fourth_wednesday,medium,233.0,167.0,315885.544436,-509227.10431600007,-193341.55988000007,825112.6487520001,473.0,697.0,1170.0,413.0,535.0,948.0,0.17595,0.29190000000000005,0.127,256796.80213118048,-289787.74881772796,-32990.94668654748,546584.5509489084,-115054.66246400005,-78286.89741600002,254.75453438915997,0.6910081248593981,0.12384195912810414,0.8203627142601484,3.672473697088329,0.25963835726812406,False
中证500ETF南方,3月,6.5,7.42,2027-03-24,202703,rule_fourth_wednesday,medium,233.0,167.0,1382587.878644,-2236919.5094399997,-854331.6307959997,3619507.388084,1901.0,2736.0,4637.0,378.0,459.0,837.0,0.17504999999999998,0.25335,0.14029999999999998,532277.358268067,-597492.974232,-65215.61596393294,1129770.332500067,-100355.15422799997,-753976.4765679997,474.4024295508527,0.3260457694437565,0.16388059701492547,0.18330293612779977,-0.035970389656237584,0.4636329350608117,False
中证500ETF南方,3月,6.75,7.42,2027-03-24,202703,rule_fourth_wednesday,medium,233.0,167.0,1788694.3457599997,-866521.6683199999,922172.6774399998,2655216.0140799996,2296.0,980.0,3276.0,142.0,234.0,376.0,0.177,0.21185,0.15105,491902.37930119433,-344863.16991676186,147039.20938443247,836765.5492179561,-96279.32893600002,1018452.0063759997,404.5355375230474,0.3364960100014725,0.23474615742897065,0.15031110004977602,-0.05721830985915493,0.38774484643194645,False
中证500ETF南方,3月,7.0,7.42,2027-03-24,202703,rule_fourth_wednesday,medium,233.0,167.0,934263.0628799999,-513174.097632,421088.9652479999,1447437.1605119999,474.0,547.0,1021.0,88.0,112.0,200.0,0.23245,0.26265000000000005,0.2642,256232.48559999999,-144664.43483520002,111568.05076479996,400896.9204352,68375.64428799998,352713.32095999987,554.4199105166747,0.2780814415415115,0.28424401197604776,0.19520360385377858,0.03177521008403361,0.26288012829537066,False
中证500ETF南方,3月,7.25,7.42,2027-03-24,202703,rule_fourth_wednesday,medium,233.0,167.0,1065786.195712,-652653.430828,413132.76488399995,1718439.6265399999,448.0,677.0,1125.0,262.0,268.0,530.0,0.24925,0.16570000000000001,0.3036,384816.37400082615,-308914.8929959956,75901.48100483057,693731.2669968217,364932.53837599995,48200.226507999876,398.6808366755687,0.417192437644141,0.3435425467712734,0.49034276746148975,0.3641956782713085,0.3156381043540902,True
中证500ETF南方,3月,7.5,7.42,2027-03-24,202703,rule_fourth_wednesday,medium,233.0,167.0,1819466.4688479996,-430373.12598,1389093.3428679996,2249839.5948279994,782.0,435.0,1217.0,325.0,124.0,449.0,0.2606,0.08240000000000003,0.30115,666362.1440896,-160102.35193267203,506259.7921569279,826464.4960222719,633491.0508079998,755602.2920599998,551.658757138209,0.3691243278490829,0.37041719342604307,0.35032924714113534,0.011680726800778717,0.3303093638472587,True
中证500ETF南方,3月,7.75,7.42,2027-03-24,202703,rule_fourth_wednesday,medium,233.0,167.0,2270386.0927440003,-660387.7538999999,1609998.3388440004,2930773.846644,1059.0,675.0,1734.0,174.0,0.0,174.0,0.2741,0.012799999999999978,0.28355,603292.3951824001,-203491.61456590594,399800.7806164942,806784.0097483061,373037.9415840001,1236960.3972600002,590.2016628344422,0.28693098695054264,0.4154736842105263,0.0821529745042493,-0.03593339176161262,0.35264096540899814,True
中证500ETF南方,3月,8.0,7.42,2027-03-24,202703,rule_fourth_wednesday,medium,233.0,167.0,2059250.3043840001,-517392.519,1541857.7853840003,2576642.823384,1053.0,525.0,1578.0,70.0,0.0,70.0,0.27935,-0.04870000000000002,0.2671,260681.92362240006,-180428.86584576758,80253.05777663249,441110.78946816764,136892.23296000002,1404965.552424,488.5371868637099,0.2376589673034578,0.4244834521850432,0.03323836657169991,-0.0014204545454545455,0.3251460910834979,False
中证500ETF南方,3月,8.25,7.42,2027-03-24,202703,rule_fourth_wednesday,medium,233.0,167.0,763032.15324,-355457.331936,407574.82130400004,1118489.485176,435.0,366.0,801.0,68.0,0.0,68.0,0.2858,-0.10240000000000002,0.2475,200317.86643680002,-135631.12387394079,64686.74256285923,335948.9903107408,119278.589472,288296.23183200014,405.15088325761894,0.3220483405860799,0.4413963104325701,0.07816091954022988,-0.003424657534246575,0.21628125669258083,False
中证500ETF南方,3月,8.5,7.42,2027-03-24,202703,rule_fourth_wednesday,medium,233.0,167.0,1700969.129692,-822454.5257599998,878514.6039320003,2523423.655452,1103.0,1052.0,2155.0,9.0,0.0,9.0,0.3368,-0.12815000000000001,0.21105000000000002,345745.4930888,-335559.75307348644,10185.740015313553,681305.2461622865,13879.167876000001,864635.4360560003,401.5061540172967,0.3056308834629853,0.412894752916743,0.004079782411604714,-0.0009049773755656109,0.32151204964079094,False
中证500ETF南方,3月,8.75,7.42,2027-03-24,202703,rule_fourth_wednesday,medium,233.0,167.0,2145044.14194,-788737.9864,1356306.15554,2933782.1283400003,1587.0,988.0,2575.0,398.0,1.0,399.0,0.33285,-0.17024999999999998,0.19524999999999998,512867.11603113933,-338825.98761382437,174041.12841731496,851693.1036449637,537152.26096,819153.8945800001,282.52877936137804,0.334336935591382,0.44138262393307337,0.125899897701211,-0.0134886572654813,0.38728739495924175,False
中证500ETF嘉实,8月,2.75,3.01,2026-08-26,202608,rule_fourth_wednesday,medium,23.0,17.0,103743.58106,-2048003.2604429997,-1944259.6793829997,2151746.841503,140.0,2757.0,2897.0,128.0,4332.0,4460.0,0.38415,0.34045,0.8189,85466.65095251608,-1662496.7643596118,-1577030.1134070957,1747963.415312128,-1953151.9863309998,8892.306948000003,206.32728834883017,0.8177953121780788,0.42338983050847456,1.2427794186227266,1.1351793800069663,0.44582687538283433,False
中证500ETF嘉实,8月,2.8,3.01,2026-08-26,202608,rule_fourth_wednesday,medium,23.0,17.0,697411.3448119999,-4083443.605023999,-3386032.2602119995,4780854.949835999,772.0,4616.0,5388.0,290.0,3391.0,3681.0,0.36360000000000003,0.3036,0.98675,335891.99339647143,-1826158.2945756866,-1490266.301179215,2162050.287972158,-2737793.158533999,-648239.1016779998,330.3767040842365,0.4644185805789005,0.36491935483870974,0.5551331929490575,0.19366418731722032,0.5557137539182019,False
中证500ETF嘉实,8月,2.85,3.01,2026-08-26,202608,rule_fourth_wednesday,medium,23.0,17.0,773514.3727919998,-4165614.272575,-3392099.899783,4939128.645366999,712.0,4025.0,4737.0,440.0,5077.0,5517.0,0.34804999999999997,0.25515,1.1707,520038.65288472903,-2983355.6763674584,-2463317.023482729,3503394.3292521876,-3687599.772535,295499.872752,286.6864824719531,0.694246319640415,0.2959183673469389,0.9396719938586084,0.5748195666220423,0.5646567773098483,False
中证500ETF嘉实,8月,2.9,3.01,2026-08-26,202608,rule_fourth_wednesday,medium,23.0,17.0,3203097.78789,-4507661.768091999,-1304563.9802019992,7710759.555981999,2574.0,3844.0,6418.0,2445.0,5974.0,8419.0,0.3418,0.19249999999999998,1.3338999999999999,2363069.4080109424,-3523818.9670286826,-1160749.5590177402,5886888.375039625,-1465092.191016999,160528.21081500006,246.12614022210448,0.7597424444656731,0.2228773584905661,1.25199687582622,0.26846066038134697,0.6509223649390385,True
中证500ETF嘉实,8月,2.95,3.01,2026-08-26,202608,rule_fourth_wednesday,medium,23.0,17.0,5135010.091189999,-5289496.936724,-154486.84553400055,10424507.027913999,3781.0,4166.0,7947.0,4592.0,5655.0,10247.0,0.34024999999999994,0.1212,1.4502000000000002,3745096.6129553285,-4845234.726815425,-1100138.1138600963,8590331.339770753,-154486.84553400055,0.0,179.9979920542717,0.8226682730232493,0.13669325598259602,1.2859553534913113,0.34492787290850613,0.7070872718157544,True
中证500ETF嘉实,8月,3.0,3.01,2026-08-26,202608,rule_fourth_wednesday,medium,23.0,17.0,13299869.560256999,-10358279.508933999,2941590.0513230003,23658149.069190998,8991.0,7849.0,16840.0,8887.0,9402.0,18289.0,0.33345,0.046400000000000025,1.5446499999999999,7637423.593863692,-7424138.292933919,213285.3009297736,15061561.88679761,2787748.8285150006,153841.22280799996,297.9363387145902,0.6454913506465273,0.05353535353535366,1.093146238635402,0.30035615085518114,0.8237631951485436,True
中证500ETF嘉实,8月,3.1,3.01,2026-08-26,202608,rule_fourth_wednesday,medium,23.0,17.0,15504221.516783997,-7251243.062111999,8252978.4546719985,22755464.578895997,11184.0,5449.0,16633.0,8066.0,6344.0,14410.0,0.33270000000000005,-0.10570000000000002,1.49945,7522473.171223983,-5628142.29025222,1894330.8809717633,13150615.461476203,3930539.015353999,4322439.439317999,275.2911034784209,0.630675557846734,0.18758256274768836,0.9427295954869329,0.13880708635160807,0.8152172374299291,True
中证500ETF嘉实,8月,3.2,3.01,2026-08-26,202608,rule_fourth_wednesday,medium,23.0,17.0,17547186.727419995,-5760389.292153998,11786797.435265996,23307576.019573994,14995.0,5194.0,20189.0,9398.0,2929.0,12327.0,0.33655,-0.23664999999999997,1.25785,10462751.271456072,-3119989.860872351,7342761.4105837215,13582741.132328423,7749165.048078999,4037632.387186998,247.1972962370318,0.5689460225820994,0.3250222617987532,0.5953310775007405,0.20084859007983136,0.8267784986004549,False
中证500ETF嘉实,8月,3.3,3.01,2026-08-26,202608,rule_fourth_wednesday,medium,23.0,17.0,16125117.417863999,-2566829.61514,13558287.802723998,18691947.033003997,18936.0,3005.0,21941.0,6270.0,844.0,7114.0,0.34045000000000003,-0.3357,0.9413499999999999,9851271.979224384,-1189674.8165759447,8661597.16264844,11040946.795800328,4618340.493298,8939947.309426,231.49052068549713,0.5372036955503646,0.3923884514435696,0.3059902802469058,0.06790099483509776,0.7994778401628235,False
中证500ETF嘉实,8月,3.4,3.01,2026-08-26,202608,rule_fourth_wednesday,medium,23.0,17.0,10919879.048736,-536142.7426249998,10383736.306111,11456021.791361,18927.0,875.0,19802.0,4721.0,86.0,4807.0,0.35559999999999997,-0.3959,0.65655,2545490.905216,-229101.45310569994,2316389.4521103003,2774592.3583217,2671072.40771,7712663.898401001,458.08139534883765,0.330210215187676,0.44156336959271436,0.17385887130252323,0.06694402287989423,0.7543176534744509,False
中证500ETF嘉实,8月,3.5,3.01,2026-08-26,202608,rule_fourth_wednesday,medium,23.0,17.0,4713139.671835,-485318.1184529999,4227821.553382,5198457.790287999,12605.0,1119.0,13724.0,6035.0,57.0,6092.0,0.37129999999999996,-0.43375,0.4457,1059724.1851058332,-210906.17640453047,848818.0087013028,1270630.3615103636,2231827.525186,1995994.028196,771.8641312534863,0.32970884567746694,0.46916479477230955,0.2648583001979086,0.05172634171068112,0.6581191105288617,False
中证500ETF嘉实,8月,3.6,3.01,2026-08-26,202608,rule_fourth_wednesday,medium,23.0,17.0,1343146.23485,-209967.00209099997,1133179.2327589998,1553113.236941,5542.0,561.0,6103.0,8126.0,0.0,8126.0,0.41884999999999994,-0.4424,0.34030000000000005,805887.74091,-91937.24871155656,713950.4921984435,897824.9896215566,1343146.23485,-209967.00209099997,1244.1913769392238,0.5189326127343354,0.3,0.7331288343558282,-0.18064999423763975,0.48853976310323083,False
中证500ETF嘉实,8月,3.7,3.01,2026-08-26,202608,rule_fourth_wednesday,medium,23.0,17.0,1241573.997356,-170880.91528199997,1070693.082074,1412454.9126379997,7243.0,561.0,7804.0,1567.0,0.0,1567.0,0.45265,-0.45315,0.2627,131093.26178666667,-77386.99389782049,53706.26788884618,208480.25568448717,268610.58316399995,802082.4989099998,1396.3035135824305,0.2792286230508321,0.3,0.10817340880850476,0.013542257515598411,0.4385523863403209,False
中证500ETF嘉实,8月,3.8,3.01,2026-08-26,202608,rule_fourth_wednesday,medium,23.0,17.0,436311.58454799996,-88482.38621599998,347829.19833199994,524793.970764,4109.0,344.0,4453.0,1068.0,0.0,1068.0,0.47875,-0.46195,0.20055,132624.280628,-41257.41959282706,91366.86103517294,173881.70022082707,113404.909296,234424.289036,2226.433184391902,0.38512261773349654,0.3,0.12995862740326114,0.06303096738832557,0.2948493345608993,False
中证500ETF嘉实,8月,3.9,3.01,2026-08-26,202608,rule_fourth_wednesday,medium,23.0,17.0,210429.88259999998,-126892.13655999996,83537.74604000003,337322.0191599999,2765.0,574.0,3339.0,766.0,0.0,766.0,0.5104500000000001,-0.46685,0.164,24877.26284711111,-60603.87856359807,-35726.61571648696,85481.14141070918,58296.30743999999,25241.438600000023,909.832377095286,0.2979113403035443,0.3,0.13851717902350813,0.05723498589278517,0.23780349777675275,False
中证500ETF嘉实,8月,4.0,3.01,2026-08-26,202608,rule_fourth_wednesday,medium,23.0,17.0,193519.38715199995,-123599.87742199999,69919.50972999996,317119.2645739999,2934.0,631.0,3565.0,441.0,0.0,441.0,0.55105,-0.4688,0.14450000000000002,24536.200416,-60157.10805216418,-35620.90763616418,84693.30846816418,29087.269847999993,40832.239881999965,2070.8072021039848,0.3067489213433965,0.3,0.07515337423312883,0.02826791501620454,0.22557752573320736,False
中证500ETF嘉实,8月,4.1,3.01,2026-08-26,202608,rule_fourth_wednesday,medium,23.0,17.0,318952.032203,-63389.89565999998,255562.136543,382341.92786299996,6187.0,1035.0,7222.0,3322.0,2.0,3324.0,0.24004999999999999,-0.49129999999999996,0.06225,111029.19403426668,-31280.968580246856,79748.22545401982,142310.16261451354,171133.14846599998,84428.988077,976.1556771203077,0.4207877811442483,0.6630394345238095,0.26943232225275215,0.07650018635855385,0.35373192067148207,False
中证500ETF嘉实,9月,2.75,3.01,2026-09-23,202609,rule_fourth_wednesday,medium,51.0,37.0,43572.19532399999,-628406.72398,-584834.528656,671978.919304,61.0,964.0,1025.0,15.0,384.0,399.0,0.31535,0.31165,0.75395,21108.851214121914,-295354.4137475948,-274245.5625334729,316463.2649617167,-239605.21662,-345229.3120360001,314.5216659736394,0.47723104488247203,0.3114942528735632,0.32212094415345893,0.2857824963487249,0.2149940712157995,False
中证500ETF嘉实,9月,2.8,3.01,2026-09-23,202609,rule_fourth_wednesday,medium,51.0,37.0,1624861.5278559998,-9107235.170249999,-7482373.642393999,10732096.698105998,1928.0,12625.0,14553.0,147.0,962.0,1109.0,0.31189999999999996,0.26990000000000003,0.8632,556517.302765425,-2163504.3495929018,-1606987.046827477,2720021.6523583266,-570066.0220499998,-6912307.620343998,239.96700638901746,0.2900301130199353,0.2577333639739013,0.07622141653999426,0.05047883373845398,0.6720585451995381,False
中证500ETF嘉实,9月,2.85,3.01,2026-09-23,202609,rule_fourth_wednesday,medium,51.0,37.0,752368.0993919999,-4105377.7447199994,-3353009.6453279993,4857745.8441119995,832.0,5230.0,6062.0,113.0,983.0,1096.0,0.3228,0.21425000000000002,0.93225,304161.276045528,-1584778.5172006541,-1280617.2411551261,1888939.7932461821,-669438.0142589998,-2683571.631069,337.00728513879426,0.3951484556071585,0.293840220397011,0.16188570929548463,0.10359116949755864,0.5163023163256291,False
中证500ETF嘉实,9月,2.9,3.01,2026-09-23,202609,rule_fourth_wednesday,medium,51.0,37.0,2014041.7473959997,-2605474.5656799995,-591432.8182839998,4619516.313075999,1929.0,3115.0,5044.0,553.0,1647.0,2200.0,0.3119,0.16835000000000003,1.0378,910832.8391079197,-1492120.9090531843,-581288.0699452646,2402953.748161104,-800218.1115319998,208785.2932480001,313.272183419142,0.5124640486543085,0.23485685071574625,0.40770448847405527,0.09535191534248703,0.5309685194101692,True
中证500ETF嘉实,9月,2.95,3.01,2026-09-23,202609,rule_fourth_wednesday,medium,51.0,37.0,2645658.1024019998,-2285182.4540859996,360475.6483160001,4930840.556488,2523.0,2614.0,5137.0,322.0,1257.0,1579.0,0.32075,0.11095000000000002,1.06115,1032284.9200049196,-1162329.605624401,-130044.68561948137,2194614.5256293206,-761226.4309649998,1121702.079281,340.36306588973594,0.44940916103303663,0.2673283495601285,0.30424903436206335,0.13687932000765465,0.5258050613134007,True
中证500ETF嘉实,9月,3.0,3.01,2026-09-23,202609,rule_fourth_wednesday,medium,51.0,37.0,3466598.11225,-2466150.975309,1000447.1369409999,5932749.087559,3050.0,2719.0,5769.0,771.0,1116.0,1887.0,0.3121499999999999,0.05669999999999997,1.1278000000000001,2076196.2638910243,-1176070.8738160857,900125.3900749385,3252267.13770711,-135908.83868099994,1136355.9756219997,243.43309976512498,0.5378999005471208,0.1924157303370786,0.33161595089805196,0.11994400429798029,0.5662328435924201,True
中证500ETF嘉实,9月,3.1,3.01,2026-09-23,202609,rule_fourth_wednesday,medium,51.0,37.0,5838513.990848,-2439744.4984499994,3398769.492398001,8278258.489297999,5258.0,2745.0,8003.0,1555.0,999.0,2554.0,0.3194,-0.05309999999999998,1.1033,3455207.978954113,-1210732.8650137216,2244475.1139403917,4665940.8439678345,838774.0918900003,2559995.4005080005,233.34426235794672,0.5440248724640153,0.29960119641076777,0.3298371256290181,0.10656825550885782,0.6356406194540501,True
中证500ETF嘉实,9月,3.2,3.01,2026-09-23,202609,rule_fourth_wednesday,medium,51.0,37.0,4550929.725257999,-3046640.5518079996,1504289.1734499997,7597570.277065999,4586.0,3712.0,8298.0,2591.0,699.0,3290.0,0.32894999999999996,-0.14975000000000002,1.0006,2764595.3839980653,-1399099.8098264302,1365495.574171635,4163695.193824495,1997478.6161819994,-493189.4427319998,271.63069096646507,0.5333531601687651,0.37476774433296167,0.37664428235484304,0.08617369771672442,0.6373980696537606,False
中证500ETF嘉实,9月,3.3,3.01,2026-09-23,202609,rule_fourth_wednesday,medium,51.0,37.0,5573820.088913999,-2964556.0458079996,2609264.043105999,8538376.134721998,6666.0,4006.0,10672.0,822.0,94.0,916.0,0.33340000000000003,-0.23360000000000003,0.86985,2265144.442975455,-1241476.1231932964,1023668.3197821586,3506620.5661687516,617758.0260459997,1991506.0170599995,198.05075594738815,0.4125814887145421,0.4131324948815443,0.0733885670144648,0.05518637798911396,0.6189260888220609,False
中证500ETF嘉实,9月,3.4,3.01,2026-09-23,202609,rule_fourth_wednesday,medium,51.0,37.0,3940801.93423,-1271295.3836029998,2669506.5506269997,5212097.317833,5905.0,2021.0,7926.0,1250.0,11.0,1261.0,0.35114999999999996,-0.29205,0.71545,1184647.7484819684,-550051.3742116973,634596.3742702712,1734699.1226936658,827289.237327,1842217.3132999998,256.6957310736092,0.3666404162676056,0.459188432835821,0.10856393138766073,0.09598304400484457,0.5612459778993196,False
中证500ETF嘉实,9月,3.5,3.01,2026-09-23,202609,rule_fourth_wednesday,medium,51.0,37.0,4239852.369570999,-1313241.2909769998,2926611.0785939996,5553093.660548,8177.0,2453.0,10630.0,1740.0,24.0,1764.0,0.369,-0.33555,0.5816,1237254.0268858336,-593047.4890053035,644206.5378805301,1830301.515891137,889357.8986039999,2037253.1799899996,238.74249773155458,0.3717030031031583,0.48593177876276744,0.11128795776645949,0.08448892065761258,0.6020979612245907,False
中证500ETF嘉实,9月,3.6,3.01,2026-09-23,202609,rule_fourth_wednesday,medium,51.0,37.0,2702958.5236500003,-829997.2106159999,1872961.3130340003,3532955.7342660003,6765.0,1822.0,8587.0,1673.0,16.0,1689.0,0.37529999999999997,-0.3752,0.4719,536197.9602213455,-387005.77746378875,149192.1827575568,923203.7376851343,661159.166682,1211802.1463520005,315.28259387295344,0.33232402822125146,0.48940572752855477,0.1280419249657021,0.03544572481337609,0.5405333107064819,False
中证500ETF嘉实,9月,3.7,3.01,2026-09-23,202609,rule_fourth_wednesday,medium,51.0,37.0,1612471.2975,-489049.70183999994,1123421.59566,2101520.99934,5250.0,1224.0,6474.0,570.0,0.0,570.0,0.42145,-0.38175000000000003,0.39,600210.8598353228,-231471.874153771,368738.98568155186,831682.7339890938,175068.31230000002,948353.2833600002,217.4304049299809,0.422769961770301,0.3,0.054285714285714284,0.0024885145482388973,0.4214251930458563,False
中证500ETF嘉实,9月,3.8,3.01,2026-09-23,202609,rule_fourth_wednesday,medium,51.0,37.0,967947.6522309998,-444392.65014199994,523555.00208899984,1412340.3023729997,4027.0,1258.0,5285.0,888.0,0.0,888.0,0.44620000000000004,-0.39655,0.3276,278966.98415179993,-214889.36315365328,64077.62099814665,493856.3473054532,213443.63426399996,310111.36782499985,566.6037732975775,0.3858810191684725,0.3,0.1102557735286814,0.022851207478576992,0.3811762758399142,False
中证500ETF嘉实,9月,3.9,3.01,2026-09-23,202609,rule_fourth_wednesday,medium,51.0,37.0,2751616.1531039993,-388997.20551999996,2362618.9475839995,3140613.358623999,13906.0,1309.0,15215.0,2487.0,10.0,2497.0,0.44285,-0.4223,0.2732,747166.877184,-192456.88348217012,554709.9937018298,939623.7606661702,489137.4036079999,1873481.5439759996,398.816103528619,0.38314439623062657,0.48646229581561873,0.09324154200466585,0.0260421300997879,0.580446376421448,False
中证500ETF嘉实,9月,4.0,3.01,2026-09-23,202609,rule_fourth_wednesday,medium,51.0,37.0,1457722.9774799997,-184086.73583999995,1273636.2416399997,1641809.7133199996,9560.0,680.0,10240.0,1291.0,16.0,1307.0,0.46885,-0.42874999999999996,0.23355,370286.03331719997,-93465.176916598,276820.856400602,463751.21023379796,192522.14194499995,1081114.0996949999,640.4781911236734,0.3808701591933008,0.4813046537340436,0.07928562638444499,0.018028927395832936,0.4647968918718559,False
中证500ETF嘉实,9月,4.1,3.01,2026-09-23,202609,rule_fourth_wednesday,medium,51.0,37.0,1748454.3383999998,-67497.38259599998,1680956.9558039997,1815951.7209959999,13600.0,294.0,13894.0,1688.0,74.0,1762.0,0.4758,-0.4426,0.19765,96941.58256793043,-40850.65319613735,56090.92937179308,137792.23576406777,200024.90135599996,1480932.0544479997,554.7132185646706,0.33033124529948404,0.4867464335020709,0.18790916366546617,0.19963941880706243,0.5118456247182563,False
中证500ETF嘉实,12月,2.75,3.01,2026-12-23,202612,rule_fourth_wednesday,medium,142.0,102.0,17046.578149999998,-154233.07213299995,-137186.49398299996,171279.65028299994,50.0,331.0,381.0,42.0,270.0,312.0,0.2167,0.35065,0.44530000000000003,10072.167728953757,-88800.46234438238,-78728.29461542862,98872.63007333614,-111490.32896399996,-25696.165018999993,372.292143937212,0.5833082788079343,0.43461030526087885,0.8278549848942598,2.847707423580786,0.09979229598767142,False
中证500ETF嘉实,12月,2.8,3.01,2026-12-23,202612,rule_fourth_wednesday,medium,142.0,102.0,2112382.519023,-1625041.6426439998,487340.876379,3737424.1616669996,2733.0,3316.0,6049.0,314.0,302.0,616.0,0.24355,0.27445,0.6970000000000001,559069.8094495976,-384207.67425599997,174862.13519359764,943277.4837055976,94697.61481600002,392643.26156300004,571.8836012426395,0.25054629104307624,0.4070929102140261,0.10298282131849615,0.04073159352786822,0.47685547638445624,False
中证500ETF嘉实,12月,2.85,3.01,2026-12-23,202612,rule_fourth_wednesday,medium,142.0,102.0,489046.07779999997,-1525393.407986,-1036347.330186,2014439.4857859998,548.0,2999.0,3547.0,0.0,310.0,310.0,0.25045,0.22624999999999998,0.7732,97809.21556,-368149.29933320003,-270340.08377320005,465958.5148932,-157676.54434,-878670.785846,590.7899008060715,0.22067355785261755,0.6893861892583122,0.051683894631543846,0.03515346181299072,0.36110007963703183,False
中证500ETF嘉实,12月,2.9,3.01,2026-12-23,202612,rule_fourth_wednesday,medium,142.0,102.0,2817128.467789999,-1972911.7020269996,844216.7657629997,4790040.169816999,3055.0,3723.0,6778.0,59.0,12.0,71.0,0.2591,0.17469999999999997,0.80135,585188.1262387999,-397125.98160059995,188062.14463819994,982314.1078393998,48046.97871399998,796169.7870489997,591.5393830656221,0.20450716187647627,0.3864155251141552,0.011267904691190647,0.0024671052631578946,0.46497534415777936,True
中证500ETF嘉实,12月,2.95,3.01,2026-12-23,202612,rule_fourth_wednesday,medium,142.0,102.0,3006636.405065999,-1565881.54527,1440754.859795999,4572517.950335999,3109.0,2962.0,6071.0,176.0,2.0,178.0,0.26644999999999996,0.13055,0.82545,669409.3662227998,-313599.234522,355810.13170079974,983008.6007447997,169147.89935399994,1271606.960441999,582.4097955704868,0.2114570123678745,0.43554687500000006,0.028642530919686243,-0.0004736052025729494,0.4641849756333896,True
中证500ETF嘉实,12月,3.0,3.01,2026-12-23,202612,rule_fourth_wednesday,medium,142.0,102.0,3917243.318604,-1533436.6023619997,2383806.7162420005,5450679.920965999,3993.0,2846.0,6839.0,36.0,62.0,98.0,0.26944999999999997,0.08719999999999997,0.83875,1406776.6296185413,-320049.6633179999,1086726.9663005415,1726826.2929365411,1911.1374940000096,2381895.5787480003,415.6191092037053,0.28391906120457955,0.44099650349650354,0.015400369480040527,0.010229039097205572,0.48914859607438477,True
中证500ETF嘉实,12月,3.1,3.01,2026-12-23,202612,rule_fourth_wednesday,medium,142.0,102.0,2235794.2181679993,-635262.3204479999,1600531.8977199993,2871056.5386159993,2371.0,1184.0,3555.0,88.0,16.0,104.0,0.28015,0.005849999999999994,0.8165,480351.5709551999,-157487.4009885036,322864.1699666963,637838.9719437035,74397.19235199997,1526134.7053679996,554.0743373398706,0.23137764977371605,0.47357440890125174,0.0253143274020541,0.017620534370518137,0.37567198846966604,True
中证500ETF嘉实,12月,3.2,3.01,2026-12-23,202612,rule_fourth_wednesday,medium,142.0,102.0,1775163.7850029997,-783552.78239,991611.0026129998,2558716.567393,2051.0,1439.0,3490.0,158.0,1.0,159.0,0.28265,-0.06845000000000001,0.77815,409733.07451019995,-231387.5207135363,178345.55379666365,641120.5952237363,136206.28176399998,855404.7208489999,521.7335626211993,0.26305991604001955,0.4648506151142355,0.03886525971330787,0.0032903240768846166,0.3700697011233801,False
中证500ETF嘉实,12月,3.3,3.01,2026-12-23,202612,rule_fourth_wednesday,medium,142.0,102.0,1238350.7761799998,-479922.9195039998,758427.8566759999,1718273.6956839997,1605.0,1004.0,2609.0,89.0,0.0,89.0,0.3093,-0.12400000000000003,0.6896,275137.6241656,-162475.1047106104,112662.51945498958,437612.7288762104,68668.672324,689759.184352,492.27713109105594,0.28036242586962046,0.3,0.027725856697819316,0.001876172607879925,0.3126238941797198,False
中证500ETF嘉实,12月,3.4,3.01,2026-12-23,202612,rule_fourth_wednesday,medium,142.0,102.0,1071438.6377029996,-416606.9542599999,654831.6834429997,1488045.5919629997,1591.0,892.0,2483.0,262.0,19.0,281.0,0.31165,-0.18014999999999998,0.6294,284863.9495589999,-159069.44393934717,125794.50561965274,443933.3934983471,167566.64010099994,487265.0433419998,470.32524464053455,0.32384595293797447,0.46382428940568476,0.0929883763208406,0.002443160495925116,0.31451469803075255,False
中证500ETF嘉实,12月,3.5,3.01,2026-12-23,202612,rule_fourth_wednesday,medium,142.0,102.0,1232895.508768,-425736.45462599996,807159.0541419999,1658631.963394,2144.0,1006.0,3150.0,235.0,19.0,254.0,0.3317,-0.21785,0.5509000000000001,300633.2891716,-173003.7165710677,127629.57260053232,473637.0057426677,127094.72039600002,680064.333746,463.0461273412961,0.32510334574337324,0.43489932885906046,0.0642474444378505,0.018370533310772354,0.3352604003642261,False
中证500ETF嘉实,12月,3.6,3.01,2026-12-23,202612,rule_fourth_wednesday,medium,142.0,102.0,863903.18525,-587885.4267299998,276017.75852000015,1451788.6119799998,1774.0,1530.0,3304.0,56.0,0.0,56.0,0.35219999999999996,-0.24785000000000001,0.4808,183688.99745,-247532.04554009993,-63843.04809009994,431221.04299009993,27270.900999999998,248746.8575200002,388.22259069356426,0.31684087109235876,0.3,0.015783540022547914,0.013013302486986697,0.298029414969216,False
中证500ETF嘉实,12月,3.7,3.01,2026-12-23,202612,rule_fourth_wednesday,medium,142.0,102.0,712903.93461,-538992.4158779999,173911.51873200014,1251896.3504879999,1737.0,1497.0,3234.0,47.0,1.0,48.0,0.36445,-0.27575000000000005,0.4252,258339.31436478245,-236096.27609573328,22243.038269049168,494435.5904605157,18929.810536,154981.70819600008,256.6760977105263,0.4002043516118073,0.4146779574031306,0.013863074450570686,0.008787346221441126,0.27910840127628916,False
中证500ETF嘉实,12月,3.8,3.01,2026-12-23,202612,rule_fourth_wednesday,medium,142.0,102.0,717199.1468179999,-268112.730669,449086.4161489999,985311.8774869998,2062.0,807.0,2869.0,888.0,0.0,888.0,0.38484999999999997,-0.29345,0.3753,285960.9881364094,-120753.15526333098,165207.8328730784,406714.14339974034,308861.70823199995,140224.707917,326.9742677711941,0.42455055668508157,0.3,0.21532492725509214,0.1022196261682243,0.3109729842508129,False
中证500ETF嘉实,12月,3.9,3.01,2026-12-23,202612,rule_fourth_wednesday,medium,142.0,102.0,408194.19840499986,-248557.04842500002,159637.14997999984,656751.2468299998,1385.0,801.0,2186.0,155.0,0.0,155.0,0.40115,-0.31000000000000005,0.3339,99911.79296699997,-114545.25993651917,-14633.466969519199,214457.05290351913,45682.38321499998,113954.76676499986,345.79795172662267,0.35280313362825816,0.3,0.05595667870036101,0.04356357927786499,0.22842524134476133,False
中证500ETF嘉实,12月,4.0,3.01,2026-12-23,202612,rule_fourth_wednesday,medium,142.0,102.0,464030.41689199983,-197948.68883999996,266081.7280519999,661979.1057319997,1853.0,680.0,2533.0,200.0,0.0,200.0,0.41690000000000005,-0.32375,0.29884999999999995,112839.77649839997,-93239.41708656272,19600.359411837242,206079.1935849627,50084.23279999998,215997.49525199988,359.9369760769856,0.357100722587145,0.3,0.053966540744738264,0.024335031126202604,0.23693083484470218,False
中证500ETF嘉实,12月,4.1,3.01,2026-12-23,202612,rule_fourth_wednesday,medium,142.0,102.0,946888.3557909997,-23082.597971999996,923805.7578189997,969970.9537629997,4453.0,84.0,4537.0,19965.0,1.0,19966.0,0.4303,-0.3364,0.269,691834.2532210334,-11133.440363813972,680700.8128572194,702967.6935848474,946613.5629579998,-22807.805138999996,244.8698141243927,0.6064851010814383,0.4105866138340941,2.2476995177141146,0.39489549839228294,0.4466246946685497,False
中证500ETF嘉实,3月,2.75,3.01,2027-03-24,202703,rule_fourth_wednesday,medium,233.0,167.0,38905.519016,-14358.446479999999,24547.072536,53263.965496,104.0,40.0,144.0,66.0,11.0,77.0,0.17864999999999998,0.21459999999999999,0.40454999999999997,25225.125507948283,-4451.1184088,20774.007099148283,29676.243916748284,20741.468131999998,3805.6044040000015,457.8601022118379,0.4791844106690157,0.422271223814774,0.4548076923076923,0.9566563467492261,0.04254998562265151,False
中证500ETF嘉实,3月,2.8,3.01,2027-03-24,202703,rule_fourth_wednesday,medium,233.0,167.0,422029.2429079999,-346818.63477799995,75210.60812999995,768847.8776859998,938.0,938.0,1876.0,80.0,21.0,101.0,0.21639999999999998,0.32425000000000004,0.45235000000000003,98803.43469359998,-72469.565476,26333.869217599975,171273.00016959998,28229.36897899999,46981.23915099993,602.6019766008094,0.2215351812366738,0.421403855659911,0.05383795309168443,-0.008999516071121936,0.22626024573284792,False
中证500ETF嘉实,3月,2.85,3.01,2027-03-24,202703,rule_fourth_wednesday,medium,233.0,167.0,405399.42935799994,-200464.49740799997,204934.93194999997,605863.9267659999,506.0,536.0,1042.0,36.0,27.0,63.0,0.2477,0.23525,0.64855,92616.9447308,-44132.109504,48484.835226799994,136749.0542348,18744.622091999998,186190.30985799996,582.3158394579204,0.22430387587752937,0.403056768558952,0.06075968969382338,0.036622084178498986,0.1726103985670576,False
中证500ETF嘉实,3月,2.9,3.01,2027-03-24,202703,rule_fourth_wednesday,medium,233.0,167.0,141188.883759,-46806.741624999995,94382.142134,187995.62538399998,159.0,125.0,284.0,19.0,4.0,23.0,0.2548,0.1954,0.6967,34986.4277994,-9960.4746178,25025.9531816,44946.9024172,15373.811887,79008.330247,588.75701316432,0.2302993710691824,0.3821938972576283,0.07574842767295598,0.07612486920125566,0.06555753036091638,True
中证500ETF嘉实,3月,2.95,3.01,2027-03-24,202703,rule_fourth_wednesday,medium,233.0,167.0,187981.85403199997,-84233.56171999998,103748.29231199999,272215.41575199994,206.0,220.0,426.0,11.0,2.0,13.0,0.25985,0.15289999999999998,0.7149000000000001,57138.24202676283,-17153.0162048,39985.225821962835,74291.25823156282,9272.106339999997,94476.18597199998,487.51654942698656,0.2537962605561334,0.3930348258706469,0.031244483671668134,0.028205128205128206,0.08779989033527677,True
中证500ETF嘉实,3月,3.0,3.01,2027-03-24,202703,rule_fourth_wednesday,medium,233.0,167.0,1175589.1984549998,-302372.68340999994,873216.5150449999,1477961.881865,1279.0,795.0,2074.0,23.0,48.0,71.0,0.2682,0.1139,0.71715,496225.84872672515,-67777.1222436,428448.7264831251,564002.9709703252,2883.9204309999986,870332.5946139998,391.2307778568918,0.3231295751973978,0.377310388782664,0.03918007877616652,0.01701685159007007,0.28496392090511397,True
中证500ETF嘉实,3月,3.1,3.01,2027-03-24,202703,rule_fourth_wednesday,medium,233.0,167.0,1281430.1926649997,-415498.17922199995,865932.0134429998,1696928.3718869998,1471.0,1071.0,2542.0,86.0,17.0,103.0,0.277,0.04279999999999998,0.69485,286252.8628889999,-97208.93731111437,189043.92557788556,383461.80020011426,68321.851696,797610.1617469997,565.4619736947508,0.2286715025660478,0.3904930536638519,0.03716832302828224,-0.005379959650302623,0.3135256132088894,True
中证500ETF嘉实,3月,3.2,3.01,2027-03-24,202703,rule_fourth_wednesday,medium,233.0,167.0,623766.7749669998,-259155.46280399998,364611.31216299976,882922.2377709998,761.0,683.0,1444.0,46.0,21.0,67.0,0.2878,-0.0189,0.66175,77458.55484149996,-76069.97749003739,1388.5773514625762,153528.53233153734,29736.516613999986,334874.79554899986,488.24758781429114,0.20885449983333884,0.3794765840220386,0.04559674313100394,-0.01082533408620365,0.21629958781190237,False
中证500ETF嘉实,3月,3.3,3.01,2027-03-24,202703,rule_fourth_wednesday,medium,233.0,167.0,522385.0713759999,-235992.04873999994,286393.02263599995,758377.1201159998,712.0,652.0,1364.0,2.0,0.0,2.0,0.3039,-0.0695,0.60465,105063.96379359998,-76677.3582355806,28386.60555801938,181741.3220291806,1467.3737959999996,284925.64884,507.1771625924117,0.26301930139535445,0.3,0.0014044943820224719,0.0007032348804500703,0.18790299445723263,False
中证500ETF嘉实,3月,3.4,3.01,2027-03-24,202703,rule_fourth_wednesday,medium,233.0,167.0,595879.1529599999,-236830.8327979999,359048.32016199996,832709.9857579998,884.0,641.0,1525.0,180.0,1.0,181.0,0.2985,-0.12444999999999998,0.5759,277851.91794871347,-85956.98813472937,191894.92981398408,363808.90608344285,120963.38832199998,238084.93184,283.02260581877374,0.4146179097259327,0.3953119492421572,0.10258998595237927,0.018779342723004695,0.23216567142217434,False
中证500ETF嘉实,3月,3.5,3.01,2027-03-24,202703,rule_fourth_wednesday,medium,233.0,167.0,399509.4583479999,-199612.12319999997,199897.33514799993,599121.5815479999,676.0,600.0,1276.0,210.0,0.0,210.0,0.3237,-0.157,0.50975,147511.1846208005,-78787.79183013874,68723.39279066175,226298.97645093923,124107.96782999997,75789.367318,350.2032144795958,0.38196760593111634,0.3,0.15532544378698224,-0.038881309686221006,0.19758337551687316,False
深证100ETF易方达,8月,3.1,3.54,2026-08-26,202608,rule_fourth_wednesday,medium,23.0,17.0,8336.02032,-241560.50007600003,-233224.47975600002,249896.52039600004,20.0,441.0,461.0,0.0,301.0,301.0,0.36819999999999997,0.43110000000000004,0.38485,2334.0856896000005,-100514.60529681969,-98180.51960721968,102848.6909864197,-164874.62703600002,-68349.85272000001,443.9024390243898,0.3480526519550914,0.3,0.3412698412698413,0.18055555555555555,0.1238884765177463,False
深证100ETF易方达,8月,3.2,3.54,2026-08-26,202608,rule_fourth_wednesday,medium,23.0,17.0,55164.10320000001,-911634.676092,-856470.572892,966798.779292,71.0,1169.0,1240.0,1.0,158.0,159.0,0.382,0.3665,0.62115,15766.399888718513,-231642.3046058023,-215875.9047170838,247408.7044945208,-122437.99274399999,-734032.5801479999,335.2869893500507,0.2699522942454903,0.42004292997048553,0.07462138098049374,0.020312304026088048,0.2322312343777379,False
深证100ETF易方达,8月,3.3,3.54,2026-08-26,202608,rule_fourth_wednesday,medium,23.0,17.0,121471.30512,-765086.1355800001,-643614.8304600001,886557.4407000002,110.0,717.0,827.0,96.0,639.0,735.0,0.35009999999999997,0.30545,0.86635,76388.70905043263,-685831.0630804366,-609442.3540300039,762219.7721308692,-575843.6870280001,-67771.14343199997,237.68989292369486,0.7626362180307665,0.32752489331436707,0.8819703309243059,1.4290840738209158,0.2423331272829657,False
深证100ETF易方达,8月,3.4,3.54,2026-08-26,202608,rule_fourth_wednesday,medium,23.0,17.0,918841.9752000001,-1918542.84624,-999700.87104,2837384.82144,610.0,1388.0,1998.0,141.0,152.0,293.0,0.3266,0.21245,1.1524999999999999,375416.1630958469,-1063401.597127137,-687985.4340312901,1438817.760222984,2288.2701600000146,-1001989.1412000001,233.38253990203555,0.48142549356615916,0.17450000000000004,0.170328813719469,0.06449304440877475,0.3675214209388109,True
深证100ETF易方达,8月,3.5,3.54,2026-08-26,202608,rule_fourth_wednesday,medium,23.0,17.0,2401881.3949680002,-2851380.613584,-449499.2186159999,5253262.008552,1353.0,1796.0,3149.0,652.0,572.0,1224.0,0.32105000000000006,0.0854,1.34175,1291009.817641975,-1464532.8676171827,-173523.04997520777,2755542.685259158,249324.202224,-698823.42084,293.143295370955,0.525560886709934,0.0,0.4001888075167449,0.12352653955935786,0.49245471228828985,True
深证100ETF易方达,8月,3.6,3.54,2026-08-26,202608,rule_fourth_wednesday,medium,23.0,17.0,3364714.424124,-2541140.8050240004,823573.6190999998,5905855.2291480005,1847.0,1539.0,3386.0,733.0,527.0,1260.0,0.31520000000000004,-0.05225000000000002,1.38565,1782558.3095712038,-1343635.5234539842,438922.7861172196,3126193.833025188,465156.5756040001,358417.0434959999,273.23944766370533,0.5292664262794191,0.0632653061224489,0.3696449610259582,0.09417382295093014,0.5101024161433662,True
深证100ETF易方达,8月,3.7,3.54,2026-08-26,202608,rule_fourth_wednesday,medium,23.0,17.0,3510735.760224001,-1882240.8060960001,1628494.954128001,5392976.566320001,2156.0,1197.0,3353.0,741.0,136.0,877.0,0.30574999999999997,-0.18695000000000003,1.2771,2108071.9813140878,-702276.3267110802,1405795.6546030077,2810348.308025168,992756.6102160004,635738.3439120003,255.84549669008248,0.48678548245567854,0.1749512670565303,0.22865469951936118,-0.003950213960336815,0.48460201515013096,True
深证100ETF易方达,8月,3.8,3.54,2026-08-26,202608,rule_fourth_wednesday,medium,23.0,17.0,4565586.573756001,-1199161.3356,3366425.238156001,5764747.909356001,3561.0,955.0,4516.0,1206.0,50.0,1256.0,0.3145,-0.28884999999999994,1.01255,2505394.760707856,-475126.3249270541,2030268.435780802,2980521.0856349105,1483438.9271760003,1882986.3109800005,157.14879981750968,0.4724859469797983,0.3047067088162979,0.19551246708451506,0.057771777308439194,0.5273841378533122,False
深证100ETF易方达,8月,3.9,3.54,2026-08-26,202608,rule_fourth_wednesday,medium,23.0,17.0,3140124.2167680003,-508409.51832000003,2631714.6984480005,3648533.735088,3388.0,540.0,3928.0,460.0,33.0,493.0,0.3183,-0.36645,0.74545,1125471.7012369235,-154588.28555082902,970883.4156860944,1280059.9867877525,395275.611996,2236439.0864520003,343.50517077797076,0.3312394157848122,0.37391540130151846,0.09844221435130526,0.03149034045056967,0.4391749208497013,False
深证100ETF易方达,8月,4.0,3.54,2026-08-26,202608,rule_fourth_wednesday,medium,23.0,17.0,1389716.9705160002,-120945.47918400001,1268771.4913320001,1510662.4497000002,2163.0,171.0,2334.0,721.0,42.0,763.0,0.3427,-0.4054,0.5385500000000001,389389.2960866083,-45738.86070049087,343650.43538611743,435128.1567870992,433533.083004,835238.4083280002,441.58845596709347,0.32918537557720245,0.43198450279810596,0.2894736842105263,-0.04999878811382035,0.3391628245948508,False
深证100ETF易方达,8月,4.1,3.54,2026-08-26,202608,rule_fourth_wednesday,medium,23.0,17.0,591687.2635920001,-53368.074288,538319.1893040001,645055.3378800001,1383.0,92.0,1475.0,117.0,0.0,117.0,0.378,-0.42410000000000003,0.40215,79191.11532240003,-14964.192935412022,64226.92238698801,94155.30825781205,50055.97240800001,488263.2168960001,661.2909805414662,0.2071177244939086,0.3,0.04229934924078091,0.020316027088036117,0.2025224571188093,False
深证100ETF易方达,8月,4.2,3.54,2026-08-26,202608,rule_fourth_wednesday,medium,23.0,17.0,520294.613076,-48403.305,471891.308076,568697.9180760001,1643.0,103.0,1746.0,140.0,0.0,140.0,0.40915,-0.43834999999999996,0.31384999999999996,74610.64443881692,-13568.107315765685,61042.53712305123,88178.7517545826,44334.294480000004,427557.01359600003,417.19527026805565,0.21185720870512773,0.3,0.0426049908703591,0.02458492975734355,0.20445015347070689,False
深证100ETF易方达,8月,4.3,3.54,2026-08-26,202608,rule_fourth_wednesday,medium,23.0,17.0,153286.53120000003,-23519.30688,129767.22432000002,176805.83808000002,695.0,60.0,755.0,18.0,0.0,18.0,0.43485,-0.44994999999999996,0.2444,32245.31059200001,-6576.017351399625,25669.293240600382,38821.327943399636,3970.0108800000007,125797.21344,676.4399673598023,0.24498026317964694,0.3,0.012949640287769784,0.012536873156342183,0.0797316967742322,False
深证100ETF易方达,8月,4.4,3.54,2026-08-26,202608,rule_fourth_wednesday,medium,23.0,17.0,75030.198048,-21134.668715999996,53895.529332000006,96164.866764,494.0,63.0,557.0,115.0,0.0,115.0,0.45999999999999996,-0.45795,0.19445,21992.6572416,-5921.636987132601,16071.020254467401,27914.2942287326,17466.544080000003,36428.985252,838.1816608354862,0.2866516736573926,0.3,0.11639676113360324,0.11290322580645161,0.08050184340821036,False
深证100ETF易方达,8月,4.5,3.54,2026-08-26,202608,rule_fourth_wednesday,medium,23.0,17.0,86823.31086000001,-12803.285088,74020.02577200001,99626.59594800002,741.0,44.0,785.0,93.0,0.0,93.0,0.489,-0.46295000000000003,0.16285,15935.182560000003,-3582.7848318165725,12352.39772818343,19517.967391816575,10896.852780000001,63123.17299200001,1010.9150317592217,0.231684504482837,0.3,0.06275303643724696,0.017458100558659217,0.08735542246939947,False
深证100ETF易方达,8月,4.6,3.54,2026-08-26,202608,rule_fourth_wednesday,medium,23.0,17.0,408491.81330400007,-2055.1824,406436.6309040001,410546.99570400006,4441.0,8.0,4449.0,14627.0,0.0,14627.0,0.5176,-0.4666,0.1392,245095.0879824001,-576.2275281605666,244518.86045423953,245671.31551056064,408491.81330400007,-2055.1824,1310.8749836022569,0.4401889020070838,0.3,1.646813780680027,0.6119178768152228,0.377519274632816,False
深证100ETF易方达,9月,3.0,3.54,2026-09-23,202609,rule_fourth_wednesday,medium,51.0,37.0,85904.49394800002,-1423565.6993280002,-1337661.2053800002,1509470.1932760002,189.0,3349.0,3538.0,0.0,567.0,567.0,0.17845,0.38165,0.35095,24008.201859879933,-733621.4231259424,-709613.2212660625,757629.6249858222,-241015.75142400002,-1096645.4539560003,295.56590438032845,0.39740813048200185,0.3,0.08465213496566139,0.019708255741775295,0.35081238945541304,False
深证100ETF易方达,9月,3.1,3.54,2026-09-23,202609,rule_fourth_wednesday,medium,51.0,37.0,17443.235304,-367932.78864,-350489.55333599995,385376.023944,74.0,645.0,719.0,0.0,56.0,56.0,0.2623,0.4265,0.32165,4871.404775439328,-196972.74487918528,-192101.34010374596,201844.1496546246,-31944.552192,-318545.001144,262.5668884672873,0.40731083031144144,0.3,0.043410852713178294,0.01932367149758454,0.1303699125153321,False
深证100ETF易方达,9月,3.2,3.54,2026-09-23,202609,rule_fourth_wednesday,medium,51.0,37.0,236088.70225200002,-426736.69506,-190647.99280799998,662825.397312,313.0,585.0,898.0,7.0,61.0,68.0,0.3111,0.33644999999999997,0.592,67957.47001800289,-183175.7474638998,-115218.27744589692,251133.21748190268,-39217.391568,-151430.60124000002,333.4751190366047,0.3585474490758963,0.3095360824742269,0.06331886076295022,0.019630386646227217,0.17873841949508548,False
深证100ETF易方达,9月,3.3,3.54,2026-09-23,202609,rule_fourth_wednesday,medium,51.0,37.0,146930.628996,-501031.16287200013,-354100.5338760001,647961.7918680002,149.0,571.0,720.0,19.0,42.0,61.0,0.3125,0.26235,0.74355,48673.849909014716,-182855.96075151084,-134182.11084249613,231529.81066052555,-18117.310068000006,-335983.2238080001,365.1241034320382,0.34811510623402364,0.2257804956549726,0.10053597244913551,0.06703478446436192,0.16684517917021735,False
深证100ETF易方达,9月,3.4,3.54,2026-09-23,202609,rule_fourth_wednesday,medium,51.0,37.0,327534.920352,-652591.5914880001,-325056.67113600014,980126.51184,279.0,636.0,915.0,32.0,59.0,91.0,0.30694999999999995,0.17865,0.8777999999999999,85123.33706109562,-227189.01713951654,-142065.6800784209,312312.3542006122,-22972.42785600001,-302084.24328000005,380.183736568905,0.304012204631398,0.10918114143920593,0.1037313180496382,0.05435883014623172,0.21395114715515703,True
深证100ETF易方达,9月,3.5,3.54,2026-09-23,202609,rule_fourth_wednesday,medium,51.0,37.0,492972.59217600006,-579799.0359360001,-86826.44376,1072771.6281120002,382.0,526.0,908.0,45.0,36.0,81.0,0.30770000000000003,0.08399999999999999,0.9547000000000001,180170.39146024882,-178530.4905606826,1639.9008995662152,358700.88202093146,18390.624264,-105217.06802399998,375.6884136594882,0.3366976914242499,0.0,0.09312105587960107,0.032693614130434784,0.2181186827653033,True
深证100ETF易方达,9月,3.6,3.54,2026-09-23,202609,rule_fourth_wednesday,medium,51.0,37.0,895326.4278000001,-960585.7373280001,-65259.30952800007,1855912.165128,685.0,868.0,1553.0,50.0,1.0,51.0,0.312,-0.01200000000000001,0.96305,303665.0610812086,-267651.0454176467,36014.01566356188,571316.1064988553,64245.628404,-129504.93793200015,382.41117172079385,0.30890001751589413,0.13518240879560217,0.037072387231322945,0.011194029850746268,0.28995415254516504,True
深证100ETF易方达,9月,3.7,3.54,2026-09-23,202609,rule_fourth_wednesday,medium,51.0,37.0,677389.8734640001,-516672.85536000005,160717.01810400002,1194062.728824,549.0,492.0,1041.0,33.0,0.0,33.0,0.3192,-0.10094999999999998,0.9113,242646.32714373118,-146011.57321887248,96634.7539248587,388657.90036260366,40717.424088,119999.59401600005,364.5226684119515,0.3204037231939361,0.3,0.030054644808743168,-0.008944543828264758,0.22416887974246574,True
深证100ETF易方达,9月,3.8,3.54,2026-09-23,202609,rule_fourth_wednesday,medium,51.0,37.0,464062.69224000006,-262160.946684,201901.74555600004,726223.6389240001,420.0,273.0,693.0,38.0,0.0,38.0,0.32695,-0.17899999999999996,0.8240000000000001,181667.03238881493,-73293.06039469899,108373.97199411594,254960.09278351392,41986.624536,159915.12102000002,353.216767780688,0.33552182387068774,0.3,0.04523809523809524,0.02109181141439206,0.16689238105364995,False
深证100ETF易方达,9月,3.9,3.54,2026-09-23,202609,rule_fourth_wednesday,medium,51.0,37.0,804981.7373400001,-204726.24288000003,600255.4944600001,1009707.9802200001,855.0,240.0,1095.0,66.0,0.0,66.0,0.3384,-0.2419,0.716,415184.8505282937,-57574.95587090927,357609.89465738443,472759.80639920296,62138.94112800001,538116.553332,271.1743231435015,0.3984991379764269,0.3,0.03859649122807018,-0.00974770642201835,0.218883391092334,False
深证100ETF易方达,9月,4.0,3.54,2026-09-23,202609,rule_fourth_wednesday,medium,51.0,37.0,331039.13166,-199425.877344,131613.254316,530465.009004,423.0,268.0,691.0,30.0,0.0,30.0,0.34595,-0.29655,0.6091500000000001,139622.07042475196,-55820.19033211889,83801.88009263307,195442.26075687085,23477.952600000004,108135.30171599999,329.18453997917027,0.35083676517978435,0.3,0.03546099290780142,0.0035714285714285713,0.14086727517046893,False
深证100ETF易方达,9月,4.1,3.54,2026-09-23,202609,rule_fourth_wednesday,medium,51.0,37.0,333645.57914399996,-181703.18736,151942.39178399995,515348.76650399994,531.0,281.0,812.0,24.0,0.0,24.0,0.35945000000000005,-0.33545,0.5086999999999999,119399.75564190971,-50803.197885444744,68596.55775646496,170202.95352735446,15080.026175999998,136862.36560799993,321.22122736007236,0.3187292328012077,0.3,0.022598870056497175,0.010576923076923078,0.14104266852573769,False
深证100ETF易方达,9月,4.2,3.54,2026-09-23,202609,rule_fourth_wednesday,medium,51.0,37.0,285056.30520000006,-78298.06338,206758.24182000005,363354.36858000007,575.0,139.0,714.0,258.0,0.0,258.0,0.37424999999999997,-0.36469999999999997,0.42255,131752.39930935312,-21994.84059620504,109757.55871314809,153747.23990555815,127903.52476800003,78854.71705200002,397.730482716319,0.37155474426172747,0.3,0.22434782608695653,0.2526178010471204,0.1506359599201458,False
深证100ETF易方达,9月,4.3,3.54,2026-09-23,202609,rule_fourth_wednesday,medium,51.0,37.0,174431.851776,-65751.42546,108680.426316,240183.277236,448.0,133.0,581.0,54.0,0.0,54.0,0.39044999999999996,-0.38625,0.3526,52446.40326154233,-18452.26127760708,33994.141983935246,70898.66453914941,21025.267848,87655.15846800001,314.54460819137967,0.2906532744858573,0.3,0.060267857142857144,0.045012165450121655,0.10145938511375328,False
深证100ETF易方达,9月,4.4,3.54,2026-09-23,202609,rule_fourth_wednesday,medium,51.0,37.0,72482.77440000001,-19276.608384000003,53206.166016,91759.38278400002,240.0,44.0,284.0,150.0,0.0,150.0,0.4065,-0.40285,0.2953,32617.248480000006,-5398.155240067482,27219.093239932525,38015.40372006749,45301.734000000004,7904.4320160000025,625.5090603627061,0.365018283624729,0.3,0.3125,0.19767441860465115,0.06981954555597655,False
深证100ETF易方达,9月,4.5,3.54,2026-09-23,202609,rule_fourth_wednesday,medium,51.0,37.0,95784.78333600002,-56428.291008,39356.49232800002,152213.07434400002,407.0,144.0,551.0,126.0,0.0,126.0,0.42319999999999997,-0.4152,0.25025,31018.266446400008,-15789.703488292393,15228.562958107615,46807.9699346924,29653.274448000007,9703.217880000011,763.4934562361559,0.3018259222796496,0.3,0.1547911547911548,0.10746268656716418,0.08722235992194298,False
深证100ETF易方达,9月,4.6,3.54,2026-09-23,202609,rule_fourth_wednesday,medium,51.0,37.0,304483.54341600003,-9207.718416000003,295275.825,313691.26183200005,1654.0,26.0,1680.0,866.0,0.0,866.0,0.4404,-0.42445,0.21475,84067.40316000002,-2577.059260484073,81490.34389951594,86644.4624204841,159421.25066400002,135854.57433600002,940.8155350563721,0.27798933826776867,0.3,0.2617896009673519,0.22607550482879718,0.20835162482758413,False
深证100ETF易方达,12月,3.1,3.54,2026-12-23,202612,rule_fourth_wednesday,medium,142.0,102.0,0.0,-3332.528388,-3332.528388,3332.528388,0.0,7.0,7.0,0.0,0.0,0.0,0.1706,0.2846,0.37155000000000005,0.0,-1058.409671589712,-1058.409671589712,1058.409671589712,0.0,-3332.528388,509.1362354068158,0.298799798285426,0.6,0.0,0.0,0.005049679542380979,False
深证100ETF易方达,12月,3.2,3.54,2026-12-23,202612,rule_fourth_wednesday,medium,142.0,102.0,67674.274164,-113699.20680000001,-46024.93263600001,181373.48096400002,107.0,211.0,318.0,0.0,3.0,3.0,0.2411,0.32835,0.46735000000000004,13534.854832800002,-23386.471920000004,-9851.617087200002,36921.32675280001,-1616.5764000000001,-44408.35623600001,596.3150845940031,0.2028436018957346,0.5932148626817446,0.0071090047393364926,0.0,0.05869560850629832,False
深证100ETF易方达,12月,3.3,3.54,2026-12-23,202612,rule_fourth_wednesday,medium,142.0,102.0,88568.08552800001,-124988.29866,-36420.21313199999,213556.384188,102.0,215.0,317.0,0.0,26.0,26.0,0.26335,0.24420000000000003,0.5784,17713.617105600002,-33043.41812016003,-15329.801014560027,50757.03522576003,-15114.864024,-21305.349107999995,572.8095986287678,0.23218604651162802,0.6510506798516686,0.06046511627906977,-0.0091324200913242,0.07341631259949949,False
深证100ETF易方达,12月,3.4,3.54,2026-12-23,202612,rule_fourth_wednesday,medium,142.0,102.0,290444.391936,-230404.995072,60039.39686400004,520849.38700800005,304.0,378.0,682.0,0.0,85.0,85.0,0.276,0.1712,0.6244,58088.878387200006,-66805.2578304,-8716.3794432,124894.13621760001,-51810.647039999996,111850.04390400005,664.1341986196621,0.24497354497354498,0.6992736077481839,0.11243386243386243,0.03389830508474576,0.14893572988256998,True
深证100ETF易方达,12月,3.5,3.54,2026-12-23,202612,rule_fourth_wednesday,medium,142.0,102.0,207057.12048,-186405.67026,20651.45022,393462.79074,210.0,305.0,515.0,13.0,0.0,13.0,0.28935,0.10269999999999999,0.6372500000000001,46538.55279360001,-37281.134052,9257.418741600006,83819.68684560001,12817.821744,7833.6284759999835,654.8548584966313,0.2123809523809524,0.3,0.030952380952380953,-0.009345794392523364,0.11264758029973776,True
深证100ETF易方达,12月,3.6,3.54,2026-12-23,202612,rule_fourth_wednesday,medium,142.0,102.0,253382.184936,-127131.32757600001,126250.85736,380513.51251200004,258.0,209.0,467.0,0.0,20.0,20.0,0.29875,0.039100000000000024,0.63455,50676.4369872,-30292.536427200004,20383.90056,80968.97341440001,-12165.677280000002,138416.53464,667.6776054841896,0.21913875598086124,0.7956696566656356,0.04784688995215311,0.02512562814070352,0.10776009521998092,True
深证100ETF易方达,12月,3.7,3.54,2026-12-23,202612,rule_fourth_wednesday,medium,142.0,102.0,239152.553136,-119362.86342000001,119789.689716,358515.416556,252.0,197.0,449.0,0.0,0.0,0.0,0.3044,-0.02049999999999999,0.6204,47830.510627200005,-23872.572684000002,23957.937943200002,71703.08331120001,0.0,119789.689716,664.8429404943452,0.2,0.6,0.0,0.0,0.097261242412579,True
深证100ETF易方达,12月,3.8,3.54,2026-12-23,202612,rule_fourth_wednesday,medium,142.0,102.0,323217.5335200001,-102690.94809600001,220526.5854240001,425908.4816160001,356.0,176.0,532.0,2.0,50.0,52.0,0.31184999999999996,-0.07545000000000002,0.5950500000000001,65369.838240000034,-32207.615539200004,33162.22270080003,97577.45377920003,-27357.73596,247884.32138400007,664.8512086209482,0.2579417773237998,0.47135301895107984,0.1448544433094995,0.002824858757062147,0.1276611133534117,False
深证100ETF易方达,12月,3.9,3.54,2026-12-23,202612,rule_fourth_wednesday,medium,142.0,102.0,259243.08894000002,-77431.75387200002,181811.33506800001,336674.842812,319.0,132.0,451.0,13.0,10.0,23.0,0.3149,-0.12439999999999998,0.5583,56074.52394000001,-17832.767558400006,38241.756381600004,73907.29149840001,4698.723419999999,177112.61164800002,666.7550984712346,0.22330198537095092,0.49078431372549014,0.058254963427377224,0.021241830065359478,0.10010705227663816,False
深证100ETF易方达,12月,4.0,3.54,2026-12-23,202612,rule_fourth_wednesday,medium,142.0,102.0,141903.82828800002,-61797.83097600001,80105.997312,203701.65926400002,186.0,112.0,298.0,2.0,10.0,12.0,0.31885,-0.17254999999999998,0.5245500000000001,28991.104704000005,-14566.631587200005,14424.4731168,43557.73629120001,-3991.815864000001,84097.81317600003,665.7073228274686,0.22000768049155148,0.4712205857457254,0.05001920122887865,0.002702702702702703,0.06692794814270117,False
深证100ETF易方达,12月,4.1,3.54,2026-12-23,202612,rule_fourth_wednesday,medium,142.0,102.0,173974.69900800003,-21442.570127999996,152532.12888000003,195417.26913600002,256.0,42.0,298.0,100.0,0.0,100.0,0.33285,-0.20700000000000002,0.47485,48139.9284378824,-4288.5140255999995,43851.4144122824,52428.4424634824,67958.8668,84573.26208000003,532.6805146844874,0.2383532453637662,0.3,0.1953125,0.24853801169590642,0.08327743452690287,False
深证100ETF易方达,12月,4.2,3.54,2026-12-23,202612,rule_fourth_wednesday,medium,142.0,102.0,104511.288312,-54575.744580000006,49935.543732,159087.03289200002,174.0,115.0,289.0,12.0,13.0,25.0,0.34345,-0.2394,0.429,23785.327684800002,-13382.921714400001,10402.405970400001,37168.2493992,1038.2430599999998,48897.30067199999,662.8945522562548,0.23640179910044978,0.4351407445842521,0.09100449775112443,0.0421144035601867,0.058720330806314655,False
深证100ETF易方达,12月,4.3,3.54,2026-12-23,202612,rule_fourth_wednesday,medium,142.0,102.0,96226.14628800002,-40166.534952,56059.611336000016,136392.68124,183.0,86.0,269.0,1.0,20.0,21.0,0.34195,-0.2712,0.39615,25796.215211070146,-11769.728846400001,14026.486364670145,37565.944057470144,-8815.228704000001,64874.840040000025,542.0520858830029,0.28055115981269896,0.4598798798798799,0.11901131020460033,0.0027472527472527475,0.0513114247877469,False
深证100ETF易方达,12月,4.4,3.54,2026-12-23,202612,rule_fourth_wednesday,medium,142.0,102.0,92547.369792,-27597.08952,64950.280271999996,120144.45931199999,202.0,65.0,267.0,1.0,0.0,1.0,0.36260000000000003,-0.28759999999999997,0.35219999999999996,51343.66654029015,-5519.417904000001,45824.24863629015,56863.08444429015,458.155296,64492.124976,361.3781123516963,0.3773912789509033,0.3,0.0024752475247524753,0.0024875621890547263,0.043900552180040346,False
深证100ETF易方达,12月,4.5,3.54,2026-12-23,202612,rule_fourth_wednesday,medium,142.0,102.0,174575.21328000003,-154911.62908800002,19663.58419200001,329486.84236800007,456.0,388.0,844.0,2.0,0.0,2.0,0.36555,-0.31384999999999996,0.31205,35221.31496000001,-30982.325817600005,4238.989142400005,66203.64077760001,765.6807600000001,18897.90343200002,656.5375646568585,0.20087719298245615,0.3,0.0021929824561403508,0.001098901098901099,0.11288289799421011,False
深证100ETF易方达,12月,4.6,3.54,2026-12-23,202612,rule_fourth_wednesday,medium,142.0,102.0,665754.784128,-11289.71844,654465.0656880001,677044.502568,2072.0,30.0,2102.0,3213.0,0.0,3213.0,0.3733,-0.33175,0.27835,399452.8704768001,-2257.9436880000003,397194.92678880005,401710.8141648001,665754.784128,-11289.71844,654.014078232201,0.4,0.3,0.7753378378378378,0.5905263157894737,0.3202113554469933,False
深证100ETF易方达,3月,3.1,3.54,2027-03-24,202703,rule_fourth_wednesday,medium,233.0,167.0,0.0,-1973.727,-1973.727,1973.727,0.0,5.0,5.0,0.0,0.0,0.0,0.17185,0.27154999999999996,0.32335,0.0,-394.7454,-394.7454,394.7454,0.0,-1973.727,526.2771891224215,0.2840854611776968,0.6,0.0,0.0,0.002144682927048435,False
深证100ETF易方达,3月,3.2,3.54,2027-03-24,202703,rule_fourth_wednesday,medium,233.0,167.0,453.76923600000003,-9877.532436000001,-9423.763200000001,10331.301672000001,1.0,23.0,24.0,0.0,6.0,6.0,0.17024999999999998,0.23414999999999997,0.3524,157.26559850032174,-3006.2055240000004,-2848.939925499679,3163.471122500322,-2576.747592,-6847.015608000001,490.5897442103669,0.3254619921193389,0.6819707634001082,0.13043478260869565,0.0,0.008566746840353023,False
深证100ETF易方达,3月,3.3,3.54,2027-03-24,202703,rule_fourth_wednesday,medium,233.0,167.0,25660.706688000002,-31018.216320000007,-5357.509632000005,56678.92300800001,32.0,70.0,102.0,2.0,0.0,2.0,0.24925000000000003,0.25315,0.49675,11158.867276271558,-6203.643264000002,4955.224012271556,17362.51054027156,1603.7941680000001,-6961.303800000005,451.1753809293201,0.31743102035241105,0.38695652173913025,0.03125,0.03333333333333333,0.025288761930578378,False
深证100ETF易方达,3月,3.4,3.54,2027-03-24,202703,rule_fourth_wednesday,medium,233.0,167.0,916.0599600000002,-20498.5647,-19582.50474,21414.624659999998,1.0,45.0,46.0,0.0,0.0,0.0,0.26015,0.18810000000000002,0.54725,448.3948124458409,-4099.71294,-3651.318127554159,4548.1077524458415,0.0,-19582.50474,402.875610485287,0.3447409733124024,0.6,0.0,0.0,0.011846514878309223,True
深证100ETF易方达,3月,3.5,3.54,2027-03-24,202703,rule_fourth_wednesday,medium,233.0,167.0,15308.853192,-34405.88374800001,-19097.030556000005,49714.73694000001,17.0,73.0,90.0,111.0,0.0,111.0,0.272,0.12355,0.54735,9185.311915200002,-17402.885500309123,-8217.573585109121,26588.197415509123,15308.853192,-34405.88374800001,390.7098335514199,0.5529056603773583,0.3,3.264705882352941,1.625,0.04458875635186763,True
深证100ETF易方达,3月,3.6,3.54,2027-03-24,202703,rule_fourth_wednesday,medium,233.0,167.0,13038.879168,-13985.2656,-946.3864320000012,27024.144768,14.0,30.0,44.0,142.0,0.0,142.0,0.27935,0.06839999999999999,0.5576,7823.327500800001,-4570.725099724292,3252.602401075709,12394.052600524294,13038.879168,-13985.2656,503.06107594440977,0.46341216643480454,0.3,5.071428571428571,0.08333333333333333,0.03962813306385789,True
深证100ETF易方达,3月,3.7,3.54,2027-03-24,202703,rule_fourth_wednesday,medium,233.0,167.0,1779.9884640000005,-19614.460320000002,-17834.471856,21394.448784000004,2.0,43.0,45.0,100.0,0.0,100.0,0.29135,0.017199999999999993,0.5371,1067.9930784000005,-4267.538912000001,-3199.5458336,5335.531990400002,1779.9884640000005,-19614.460320000002,570.9372293576675,0.4087855297157623,0.3,25.0,0.0,0.03285012026052954,True
深证100ETF易方达,3月,3.8,3.54,2027-03-24,202703,rule_fourth_wednesday,medium,233.0,167.0,14034.890736000001,-14544.300276000002,-509.40954000000056,28579.191012000003,17.0,33.0,50.0,0.0,0.0,0.0,0.30545,-0.026900000000000007,0.50525,2806.9781472000004,-2908.8600552000007,-101.8819080000003,5715.838202400001,0.0,-509.40954000000056,599.5801126061642,0.2,0.6,0.0,0.0,0.014751511493641765,False
深证100ETF易方达,3月,3.9,3.54,2027-03-24,202703,rule_fourth_wednesday,medium,233.0,167.0,3076.758432,0.0,3076.758432,3076.758432,4.0,0.0,4.0,0.0,0.0,0.0,0.31584999999999996,-0.067,0.47735,615.3516864000001,0.0,615.3516864000001,615.3516864000001,0.0,3076.758432,664.9558143043613,0.24000000000000002,0.6,0.0,0.0,0.0032589789162174995,False
深证100ETF易方达,3月,4.0,3.54,2027-03-24,202703,rule_fourth_wednesday,medium,233.0,167.0,3539.5504199999996,0.0,3539.5504199999996,3539.5504199999996,5.0,0.0,5.0,0.0,0.0,0.0,0.3269,-0.10190000000000002,0.44689999999999996,707.910084,0.0,707.910084,707.910084,0.0,3539.5504199999996,667.4537863928726,0.24000000000000002,0.6,0.0,0.0,0.005360117010649721,False
深证100ETF易方达,3月,4.1,3.54,2027-03-24,202703,rule_fourth_wednesday,medium,233.0,167.0,2595.0437280000006,-396.37450800000005,2198.6692200000007,2991.4182360000004,4.0,1.0,5.0,0.0,0.0,0.0,0.3379,-0.13245,0.41700000000000004,519.0087456000001,-79.27490160000002,439.7338440000001,598.2836472000001,0.0,2198.6692200000007,663.3306582780458,0.2,0.6,0.0,0.0,0.002948541447948757,False
深证100ETF易方达,3月,4.2,3.54,2027-03-24,202703,rule_fourth_wednesday,medium,233.0,167.0,73406.85458400002,0.0,73406.85458400002,73406.85458400002,126.0,0.0,126.0,23.0,0.0,23.0,0.35305,-0.15470000000000003,0.3843,11232.413939520005,0.0,11232.413939520005,11232.413939520005,13399.663932000001,60007.19065200001,603.390437702396,0.21650793650793654,0.3,0.18253968253968253,0.0779816513761468,0.03484431746533337,False
创业板ETF易方达,8月,2.95,3.325,2026-08-26,202608,rule_fourth_wednesday,medium,23.0,17.0,206292.43468750003,-20068745.392500002,-19862452.957812503,20275037.8271875,335.0,32885.0,33220.0,308.0,62344.0,62652.0,0.5063500000000001,0.3438,0.5545,152470.52724325174,-16224066.066635575,-16071595.539392324,16376536.593878826,-19879079.512250002,16626.554437500014,71.55660081172151,0.7737617531471574,0.38084392232078645,1.4076108737141417,1.1557014883118983,0.8679012927632516,False
创业板ETF易方达,8月,3.0,3.325,2026-08-26,202608,rule_fourth_wednesday,medium,23.0,17.0,2971508.6656937506,-23163822.889375,-20192314.22368125,26135331.555068754,4199.0,33685.0,37884.0,2555.0,54708.0,57263.0,0.49595,0.3151,0.63105,2047282.1391456753,-18257115.03067108,-16209832.891525403,20304397.169816755,-21355724.61815625,1163410.3944750002,62.58785763925101,0.7385721344195646,0.34660609299839656,1.1162919470602057,0.15496833246408537,0.8923634404620521,False
创业板ETF易方达,8月,3.1,3.325,2026-08-26,202608,rule_fourth_wednesday,medium,23.0,17.0,8474536.886681251,-41156768.554125,-32682231.667443752,49631305.440806255,9559.0,48970.0,58529.0,8574.0,80138.0,88712.0,0.4855,0.24205000000000002,0.78105,7896965.608743751,-38624214.77445533,-30727249.16571158,46521180.38319908,-33555483.9776625,873252.31021875,30.293967036900554,0.9351559760723313,0.26941176470588235,1.2667135287369653,0.2571106332861005,0.9403527664040304,False
创业板ETF易方达,8月,3.2,3.325,2026-08-26,202608,rule_fourth_wednesday,medium,23.0,17.0,13751021.753000002,-32670018.850175004,-18918997.097175002,46421040.60317501,13432.0,33974.0,47406.0,24688.0,87531.0,112219.0,0.48235,0.15394999999999998,0.8979,13466149.485350449,-27708229.178183462,-14242079.692833014,41174378.66353391,-18918997.097175002,0.0,17.592459137524983,0.9137038104677578,0.17199654278305954,2.207205091108981,0.3431854707468379,0.9343705604320394,True
创业板ETF易方达,8月,3.3,3.325,2026-08-26,202608,rule_fourth_wednesday,medium,23.0,17.0,32415674.468100004,-47992215.1723,-15576540.7042,80407889.6404,29227.0,46063.0,75290.0,53896.0,96471.0,150367.0,0.47625,0.05849999999999997,0.9728000000000001,26183684.81108952,-37634136.80714502,-11450451.996055502,63817821.618234545,-15576540.7042,0.0,27.8023054393502,0.7959596724415859,0.055196664895950875,1.9691878228979087,0.35437888671487494,0.9656031307050741,True
创业板ETF易方达,8月,3.4,3.325,2026-08-26,202608,rule_fourth_wednesday,medium,23.0,17.0,56048751.81281251,-58883170.175725006,-2834418.3629124984,114931921.98853752,49630.0,55958.0,105588.0,74528.0,63920.0,138448.0,0.47250000000000003,-0.03955,0.98665,48221975.6936948,-48946089.45501687,-724113.7613220662,97168065.14871167,-2834418.3629124984,0.0,25.73416800299013,0.8457992202194566,0.14197530864197527,1.3219788304859512,0.17217853753480286,0.9795867382813378,True
创业板ETF易方达,8月,3.5,3.325,2026-08-26,202608,rule_fourth_wednesday,medium,23.0,17.0,68438350.0731,-46481158.8808,21957191.1923,114919508.95390001,64807.0,46756.0,111563.0,82924.0,30652.0,113576.0,0.4777,-0.13075000000000003,0.9272,64927368.96318553,-34733612.456641875,30193756.50654365,99660981.4198274,37966528.6595,-16009337.4672,25.792893114804237,0.8479804087522322,0.24232209737827726,0.9675633754563091,0.09269747599060366,0.9784932314139073,False
创业板ETF易方达,8月,3.6,3.325,2026-08-26,202608,rule_fourth_wednesday,medium,23.0,17.0,63514344.51250001,-36608061.66202501,26906282.850475,100122406.17452502,67588.0,40759.0,108347.0,74695.0,20112.0,94807.0,0.4821,-0.21149999999999997,0.8311999999999999,53862445.245392784,-18574382.916968204,35288062.32842458,72436828.162361,45450571.20730001,-18544288.35682501,113.34237203738905,0.6777104785294349,0.31402888299440024,0.7992944172034642,0.005779584722019287,0.9741287607624188,False
创业板ETF易方达,8月,3.7,3.325,2026-08-26,202608,rule_fourth_wednesday,medium,23.0,17.0,55839456.11759376,-19811171.10958125,36028285.0080125,75650627.22717501,69965.0,25603.0,95568.0,56830.0,7251.0,64081.0,0.4931,-0.27625,0.7109,48427591.194962494,-8017822.069944756,40409769.12501774,56445413.26490725,39745637.53418125,-3717352.5261687506,120.5491678479552,0.6359884537429346,0.373724187040114,0.5477361367199131,0.0713744002469789,0.9619578569588614,False
创业板ETF易方达,8月,3.8,3.325,2026-08-26,202608,rule_fourth_wednesday,medium,23.0,17.0,52254078.56707501,-12725493.133499999,39528585.433575004,64979571.70057501,79866.0,19440.0,99306.0,53563.0,2175.0,55738.0,0.5085,-0.32580000000000003,0.59195,31166793.702428263,-5438716.229130228,25728077.473298036,36605509.93155849,33621002.37531875,5907583.058256254,181.65504118891045,0.5119172823784224,0.41540428880582325,0.3912717864923747,0.02224327962535332,0.9585486684478604,False
创业板ETF易方达,8月,3.9,3.325,2026-08-26,202608,rule_fourth_wednesday,medium,23.0,17.0,33672779.957775004,-6430049.67395,27242730.283825003,40102829.631725006,63906.0,11783.0,75689.0,35990.0,658.0,36648.0,0.51785,-0.36719999999999997,0.4851,20617953.242115255,-2597995.887885784,18019957.354229473,23215949.13000104,18604455.721425004,8638274.562400002,178.63001816391014,0.508171526971643,0.43873783148707624,0.3095070355751096,0.023122112338960887,0.9305347128723696,False
创业板ETF易方达,8月,4.0,3.325,2026-08-26,202608,rule_fourth_wednesday,medium,23.0,17.0,30340182.3078375,-4490828.041875001,25849354.2659625,34831010.349712506,72162.0,9660.0,81822.0,34488.0,393.0,34881.0,0.5492999999999999,-0.38905,0.4004,16830699.67405591,-1985770.6710957328,14844929.002960179,18816470.345151644,14317620.21256875,11531734.053393748,137.13464700609757,0.4984583067010272,0.46699812653120043,0.25930394965365194,0.03453825386076807,0.9227434452020842,False
创业板ETF易方达,8月,4.1,3.325,2026-08-26,202608,rule_fourth_wednesday,medium,23.0,17.0,10809601.081300003,-1824240.1470562504,8985360.934243754,12633841.228356253,33302.0,4697.0,37999.0,17776.0,97.0,17873.0,0.55745,-0.41505000000000003,0.32245,4266521.127584393,-471224.0325241207,3795297.0950602726,4737745.160108514,5732294.576093752,3253066.358150001,379.2866632664291,0.32650493533796215,0.4776309100152517,0.2772166172587158,0.03094846575908865,0.8395665903369243,False
创业板ETF易方达,8月,4.2,3.325,2026-08-26,202608,rule_fourth_wednesday,medium,23.0,17.0,8645409.08888125,-1060541.34165,7584867.747231251,9705950.43053125,35209.0,2994.0,38203.0,11999.0,141.0,12140.0,0.59755,-0.42265,0.27125,1983808.2038552216,-290853.7858864976,1692954.417968724,2274661.9897417193,2896354.2958437507,4688513.4513875,372.9976288675988,0.2518570396305737,0.49562092971030763,0.19394386774059352,0.049322052339933774,0.8090475933292098,False
创业板ETF易方达,8月,4.3,3.325,2026-08-26,202608,rule_fourth_wednesday,medium,23.0,17.0,8029728.0765625015,-816818.5407375002,7212909.535825001,8846546.617300002,41503.0,2763.0,44266.0,13672.0,142.0,13814.0,0.6039000000000001,-0.43995,0.2212,1258810.7369140629,-343427.31812720373,915383.4187868591,1602238.0550412666,2603189.7449250007,4609719.7909,437.57019245494973,0.2886069225266627,0.49633774160732447,0.19040769122655596,0.035785578641362434,0.8125710218550674,False
创业板ETF易方达,8月,4.4,3.325,2026-08-26,202608,rule_fourth_wednesday,medium,23.0,17.0,6121019.748375001,-357118.79875,5763900.949625001,6478138.547125001,40740.0,1550.0,42290.0,8898.0,261.0,9159.0,0.5978,-0.45735,0.17215,582763.3610214707,-149565.25950160503,433198.1015198657,732328.6205230758,1276754.2097625001,4487146.739862501,568.2187250878396,0.2570089233402327,0.49488372093023253,0.19339826120005701,0.050514367194443244,0.7638338285531145,False
创业板ETF易方达,8月,4.5,3.325,2026-08-26,202608,rule_fourth_wednesday,medium,23.0,17.0,3176462.374750001,-245231.45150000002,2931230.923250001,3421693.826250001,26215.0,1165.0,27380.0,7338.0,35.0,7373.0,0.6282,-0.46094999999999997,0.15000000000000002,985273.9990366392,-109226.11035593542,876047.8886807038,1094500.1093925748,881775.4232000004,2049455.5000500004,241.12197527643963,0.37778987135994146,0.4994893617021277,0.15497949851795037,0.05088738319110514,0.6702535383628094,False
创业板ETF易方达,8月,4.6,3.325,2026-08-26,202608,rule_fourth_wednesday,medium,23.0,17.0,2219165.86661875,-184513.95900000006,2034651.9076187501,2403679.8256187504,22579.0,976.0,23555.0,7974.0,20.0,7994.0,0.6527499999999999,-0.46514999999999995,0.12995,895235.6973559591,-83747.21230437528,811488.4850515838,978982.9096603343,779939.6290875,1254712.2785312498,265.93942003676216,0.42864549448179845,0.49819480417549644,0.18682590961135367,0.11061581356733098,0.6244803430944547,False
创业板ETF易方达,8月,4.7,3.325,2026-08-26,202608,rule_fourth_wednesday,medium,23.0,17.0,2052970.5254625005,-405836.51587500004,1647134.0095875005,2458807.0413375003,25299.0,1930.0,27229.0,5646.0,6.0,5652.0,0.72485,-0.45609999999999995,0.1318,432110.2046672728,-186137.48709367606,245972.71757359675,618247.6917609489,456901.5633000001,1190232.4462875002,489.12007566112555,0.33456593699903586,0.4898047722342733,0.11313984230468878,0.02006331455823706,0.6264405373084705,False
创业板ETF易方达,8月,4.8,3.325,2026-08-26,202608,rule_fourth_wednesday,medium,23.0,17.0,5293527.77559375,-1000571.651625,4292956.12396875,6294099.42721875,76365.0,5330.0,81695.0,40260.0,136.0,40396.0,0.74285,-0.46135,0.11625,1342440.7355675974,-477512.1979637007,864928.5376038968,1819952.933531298,2765243.096175,1527713.0277937502,517.8869810032393,0.3654198892166507,0.49087899466252277,0.2763604094043751,0.07946818785161033,0.8058527330815302,False
创业板ETF易方达,9月,2.85,3.325,2026-09-23,202609,rule_fourth_wednesday,medium,51.0,37.0,669918.36078125,-47217864.49331876,-46547946.13253751,47887782.85410001,1487.0,104093.0,105580.0,615.0,11038.0,11653.0,0.4255,0.36214999999999997,0.4089,298423.1981468596,-22490907.063590843,-22192483.865443982,22789330.261737704,-4729904.716381251,-41818041.41615626,151.01325374526803,0.4608920126730534,0.3372496147919877,0.259812094728725,0.028967849940957822,0.9281045001100766,False
创业板ETF易方达,9月,2.9,3.325,2026-09-23,202609,rule_fourth_wednesday,medium,51.0,37.0,1937127.5861437502,-45328253.87286876,-43391126.286725014,47265381.45901251,3713.0,91457.0,95170.0,221.0,3412.0,3633.0,0.4279,0.33565,0.46009999999999995,785852.7641657951,-14541981.127765026,-13756128.363599231,15327833.89193082,-1575768.9552062505,-41815357.331518754,266.57654372807525,0.3632471727791688,0.31090681153363975,0.04841387654692965,0.02823572983604813,0.882570203768962,False
创业板ETF易方达,9月,2.95,3.325,2026-09-23,202609,rule_fourth_wednesday,medium,51.0,37.0,1085648.33435625,-9604651.05534375,-8519002.7209875,10690299.389700001,1863.0,17931.0,19794.0,82.0,5915.0,5997.0,0.43889999999999996,0.3022,0.5058,401063.4321469832,-4346282.86257513,-3945219.4304281464,4747346.294722113,-3120555.5163562503,-5398447.204631251,126.42587648655216,0.4109707649237908,0.29676622501684236,0.18694533194924795,0.02913035765777348,0.7528652932305153,False
创业板ETF易方达,9月,3.0,3.325,2026-09-23,202609,rule_fourth_wednesday,medium,51.0,37.0,2686230.3132,-9917356.865675,-7231126.552475,12603587.178875001,4128.0,17188.0,21316.0,1086.0,9647.0,10733.0,0.4309,0.27630000000000005,0.55525,1188878.6508727192,-6506623.290457499,-5317744.63958478,7695501.941330219,-4859554.91520625,-2371571.637268751,186.08608221508953,0.5493334810969357,0.2511155180961823,0.41217253383918473,0.1247347043723429,0.7948487195922824,False
创业板ETF易方达,9月,3.1,3.325,2026-09-23,202609,rule_fourth_wednesday,medium,51.0,37.0,1595845.7490937503,-7846027.590450001,-6250181.84135625,9441873.33954375,2169.0,12088.0,14257.0,805.0,7022.0,7827.0,0.43895,0.20784999999999998,0.6263,846921.7705600207,-6256831.24863738,-5409909.4780773595,7103753.019197401,-3965529.6383937504,-2284652.202962501,144.024888671995,0.6640780695399775,0.1992084432717679,0.47602272897171166,0.14297807739042429,0.7304015670186621,False
创业板ETF易方达,9月,3.2,3.325,2026-09-23,202609,rule_fourth_wednesday,medium,51.0,37.0,3434425.2628875007,-9775724.138250003,-6341298.875362502,13210149.401137503,4194.0,13903.0,18097.0,1018.0,7205.0,8223.0,0.4361,0.13905,0.68835,1344466.653374962,-5301334.220966276,-3956867.5675913137,6645800.874341238,-4232477.322412501,-2108821.552950001,171.45290026550242,0.4668817678467766,0.12464230684569694,0.3804805905183167,0.06158092469108589,0.775956561687062,True
创业板ETF易方达,9月,3.3,3.325,2026-09-23,202609,rule_fourth_wednesday,medium,51.0,37.0,4615415.317231251,-9148807.847025001,-4533392.5297937505,13764223.164256252,5393.0,12474.0,17867.0,3806.0,8826.0,12632.0,0.4387,0.06655,0.71875,3232724.477958571,-6118506.829451043,-2885782.351492472,9351231.307409614,-3216019.1798875006,-1317373.3499062494,38.49584365008892,0.6845976917375072,0.11987753179463023,0.7066406785487075,0.19652183394813594,0.7915405871798981,True
创业板ETF易方达,9月,3.4,3.325,2026-09-23,202609,rule_fourth_wednesday,medium,51.0,37.0,10376546.390568752,-10323886.348125,52660.04244375229,20700432.73869375,12153.0,13950.0,26103.0,6445.0,5546.0,11991.0,0.44314999999999993,-0.004750000000000004,0.72085,6718643.9116853755,-5493228.322049217,1225415.5896361582,12211872.233734593,1398515.6673687506,-1345855.6249249987,150.04113250897288,0.5897864092900676,0.19801423754215086,0.46394222763705406,0.1349100367349967,0.8370608262931751,True
创业板ETF易方达,9月,3.5,3.325,2026-09-23,202609,rule_fourth_wednesday,medium,51.0,37.0,9098057.4426875,-6598880.565550002,2499176.877137498,15696938.008237503,10871.0,9128.0,19999.0,5552.0,3815.0,9367.0,0.4454,-0.07320000000000002,0.70545,5319690.72738042,-4019998.902449309,1299691.8249311112,9339689.629829729,1888561.1099687484,610615.7671687496,36.482715948492114,0.5969501417826066,0.26472374013357636,0.46433068534339966,0.0753742931321699,0.7947217421452502,False
创业板ETF易方达,9月,3.6,3.325,2026-09-23,202609,rule_fourth_wednesday,medium,51.0,37.0,9902026.472712502,-8316533.874206251,1585492.5985062504,18218560.346918754,12638.0,12061.0,24699.0,4852.0,2794.0,7646.0,0.45130000000000003,-0.13534999999999997,0.6662,6445028.437734098,-4771658.187861255,1673370.2498728428,11216686.625595354,1875028.0299625003,-289535.4314562492,127.13356597577575,0.6123176894295326,0.31708542713567844,0.30778862825265546,0.043995142582035685,0.8079638585658295,False
创业板ETF易方达,9月,3.7,3.325,2026-09-23,202609,rule_fourth_wednesday,medium,51.0,37.0,9426664.447900001,-4926375.444375001,4500289.003525,14353039.892275002,13136.0,7716.0,20852.0,5500.0,1056.0,6556.0,0.46009999999999995,-0.1898,0.6133,5945647.524294273,-1989696.2766425756,3955951.247651697,7935343.800936849,3272697.168125,1227591.8354000002,158.9223415036638,0.5173064975747812,0.3661616161616163,0.27777759361094745,0.09543079177916633,0.7809631578572958,False
创业板ETF易方达,9月,3.8,3.325,2026-09-23,202609,rule_fourth_wednesday,medium,51.0,37.0,12696845.798000002,-3432850.2785500004,9263995.519450001,16129696.076550003,19760.0,5852.0,25612.0,5570.0,167.0,5737.0,0.46754999999999997,-0.23785,0.5559000000000001,5733966.848887506,-1416355.7286985454,4317611.120188961,7150322.577586051,3481055.678012501,5782939.841437502,162.48342414499197,0.4320972293469225,0.40023410768953716,0.15520992165729008,0.053157552243047905,0.7989357120980893,False
创业板ETF易方达,9月,3.9,3.325,2026-09-23,202609,rule_fourth_wednesday,medium,51.0,37.0,11895674.283325002,-5922730.038400001,5972944.244925001,17818404.321725003,21106.0,11014.0,32120.0,5382.0,2142.0,7524.0,0.47239999999999993,-0.2804,0.4981,5165248.288026378,-2941102.0491824225,2224146.238843955,8106350.3372088,1881528.9585750003,4091415.2863500006,155.62514833641723,0.46539554765983115,0.42022029897718316,0.2247391658224121,0.051747953125849094,0.8235507735687426,False
创业板ETF易方达,9月,4.0,3.325,2026-09-23,202609,rule_fourth_wednesday,medium,51.0,37.0,9012474.744,-1968822.8469000002,7043651.897100001,10981297.5909,18460.0,4077.0,22537.0,3137.0,804.0,3941.0,0.4877,-0.3112,0.43920000000000003,3977130.9590588566,-907390.8354704039,3069740.1235884526,4884521.79452926,1143275.448,5900376.449100001,194.5940893809858,0.45108582601370095,0.447136563876652,0.18356941046289055,0.020071044233019062,0.7544803093975442,False
创业板ETF易方达,9月,4.1,3.325,2026-09-23,202609,rule_fourth_wednesday,medium,51.0,37.0,8636345.798062501,-1824224.5586250005,6812121.239437501,10460570.356687501,20655.0,4205.0,24860.0,3103.0,201.0,3304.0,0.50955,-0.33325000000000005,0.3853,3124718.0045310073,-731587.9576287293,2393130.046902278,3856305.9621597365,1210239.5897375,5601881.649700001,239.39252068503416,0.38142535805385613,0.4734320029115614,0.09901510317137527,0.01601379034675727,0.7439630955180114,False
创业板ETF易方达,9月,4.2,3.325,2026-09-23,202609,rule_fourth_wednesday,medium,51.0,37.0,7284604.379500001,-770912.26905,6513692.1104500005,8055516.648550001,20368.0,2013.0,22381.0,3223.0,87.0,3310.0,0.48119999999999996,-0.3771,0.33494999999999997,2704952.533177462,-207289.62481375405,2497662.908363708,2912242.157991216,1119386.12183125,5394305.988618751,316.8977281237147,0.3201066486749883,0.4548314606741573,0.10072874460156664,0.027616330395237195,0.7147181609124824,False
创业板ETF易方达,9月,4.3,3.325,2026-09-23,202609,rule_fourth_wednesday,medium,51.0,37.0,3975311.9870625013,-970404.1676875001,3004907.819375001,4945716.154750002,12981.0,2690.0,15671.0,4517.0,57.0,4574.0,0.5536,-0.3648,0.30165,2032384.3599733326,-267221.4811183035,1765162.8788550291,2299605.841091636,1362727.2825687504,1642180.5368062505,213.74587540831413,0.3933114303973535,0.4973506034736533,0.18457985061953572,0.009498390768506162,0.652281199407833,False
创业板ETF易方达,9月,4.4,3.325,2026-09-23,202609,rule_fourth_wednesday,medium,51.0,37.0,3425077.73195,-318240.80898750003,3106836.9229625,3743318.5409375,13144.0,1227.0,14371.0,3356.0,12.0,3368.0,0.47030000000000005,-0.4269,0.23515,618763.4269133363,-128853.33286343499,489910.0940499013,747616.7597767713,871397.729125,2235439.1938375,366.9747447135402,0.2927746525543091,0.4625246548323471,0.13255278747951968,0.04566792659693624,0.6054350102663254,False
创业板ETF易方达,9月,4.5,3.325,2026-09-23,202609,rule_fourth_wednesday,medium,51.0,37.0,3210926.7379,-183562.62246875002,3027364.11543125,3394489.36036875,14293.0,695.0,14988.0,3438.0,1.0,3439.0,0.51445,-0.4232,0.22105,699532.3450924277,-76405.66297639477,623126.6821160329,775938.0080688224,772083.61251875,2255280.5029125,310.01641537624135,0.31704876934259796,0.4816693665274108,0.1209880874423109,0.057362345967867726,0.6015930776062314,False
创业板ETF易方达,9月,4.6,3.325,2026-09-23,202609,rule_fourth_wednesday,medium,51.0,37.0,1100367.2407000002,-58111.6816875,1042255.5590125002,1158478.9223875003,5707.0,210.0,5917.0,967.0,0.0,967.0,0.5821000000000001,-0.40885000000000005,0.21235,322161.57583750016,-24812.929536173433,297348.64630132675,346974.5053736736,186447.36670000004,855808.1923125002,342.50815826060096,0.35988168085603656,0.3,0.08472051866129315,0.021377672209026127,0.3775836273076767,False
创业板ETF易方达,9月,4.7,3.325,2026-09-23,202609,rule_fourth_wednesday,medium,51.0,37.0,2500954.2899687504,-39807.436156250005,2461146.8538125004,2540761.7261250005,14795.0,155.0,14950.0,1767.0,0.0,1767.0,0.6007,-0.4157,0.1926,528990.8129702791,-17410.73145938225,511580.0815108969,546401.5444296614,298694.5745437501,2162452.2792687505,277.07994261054034,0.3244447162581563,0.3,0.05971612031091585,0.01923211904260546,0.5480899533410113,False
创业板ETF易方达,9月,4.8,3.325,2026-09-23,202609,rule_fourth_wednesday,medium,51.0,37.0,4179732.0411,-100084.362,4079647.6791,4279816.4031,27984.0,492.0,28476.0,6521.0,77.0,6598.0,0.5681499999999999,-0.4417,0.15955,1203733.6309117614,-50894.18286490389,1152839.4480468575,1254627.8137766654,958322.69124375,3121324.98785625,241.23302933614207,0.3982529258456773,0.49741179675793484,0.19476503995314395,0.058462127837066856,0.6861893034399305,False
创业板ETF易方达,12月,2.95,3.325,2026-12-23,202612,rule_fourth_wednesday,medium,142.0,102.0,33892.89789375,-882886.734625,-848993.83673125,916779.63251875,69.0,2270.0,2339.0,44.0,1660.0,1704.0,0.38035,0.26155,0.39805,20142.38472807466,-461385.45122483606,-441243.0664967614,481527.8359529107,-624022.3708250001,-224971.46590625,310.854770647648,0.5584412553072025,0.5750510632144945,0.6844793462299688,1.2341972575785525,0.32238338903307834,False
创业板ETF易方达,12月,3.0,3.325,2026-12-23,202612,rule_fourth_wednesday,medium,142.0,102.0,217140.21393750003,-2558891.5138937505,-2341751.2999562505,2776031.7278312505,417.0,6343.0,6760.0,110.0,1403.0,1513.0,0.38175000000000003,0.23800000000000002,0.41795,41728.70198526965,-740305.4462971806,-698576.7443119109,782034.1482824503,-508718.72489375016,-1833032.5750625003,486.98541263596985,0.2407405393827348,0.5636178333201415,0.24248884039544338,0.11890518430983156,0.4872318222016213,False
创业板ETF易方达,12月,3.1,3.325,2026-12-23,202612,rule_fourth_wednesday,medium,142.0,102.0,831243.2569000002,-2659775.3081375,-1828532.0512375,3491018.5650375,1511.0,6223.0,7734.0,139.0,406.0,545.0,0.39180000000000004,0.18700000000000003,0.4421,210880.15212281028,-1057064.7069216475,-846184.5547988373,1267944.8590444578,-97060.86967500001,-1731471.1815625,263.4567965187517,0.3255593921672826,0.5713893120338412,0.07861695150449013,0.023903013535401103,0.4909980828329966,False
创业板ETF易方达,12月,3.2,3.325,2026-12-23,202612,rule_fourth_wednesday,medium,142.0,102.0,1799777.9184000003,-4117482.3495312515,-2317704.431131251,5917260.267931252,3102.0,9253.0,12355.0,463.0,1068.0,1531.0,0.39535,0.13835000000000003,0.46365,214884.55006561778,-670693.6509199811,-455809.1008543633,885578.2009855988,-206615.92227500014,-2111088.5088562514,454.13639650227196,0.14114214794626587,0.5511944537693597,0.13234028408232978,0.02021748690564873,0.6158650586625771,True
创业板ETF易方达,12月,3.3,3.325,2026-12-23,202612,rule_fourth_wednesday,medium,142.0,102.0,1617287.138775,-2145235.2439,-527948.105125,3762522.3826750005,2706.0,4712.0,7418.0,483.0,663.0,1146.0,0.39949999999999997,0.09,0.47619999999999996,405567.84523500054,-267507.37495821307,138060.47027678747,673075.2201932136,-13171.229400000011,-514776.87572499993,458.2264123850558,0.1877344252698651,0.5280148892811459,0.15959841175429812,0.0634792401096749,0.515834816621413,True
创业板ETF易方达,12月,3.4,3.325,2026-12-23,202612,rule_fourth_wednesday,medium,142.0,102.0,1377666.30640625,-2047650.89038125,-669984.5839750001,3425317.1967875,2297.0,4477.0,6774.0,581.0,349.0,930.0,0.40580000000000005,0.0431,0.47809999999999997,414919.26459375,-553881.9746821173,-138962.71008836734,968801.2392758674,188842.45730000004,-858827.0412750003,475.8692309037969,0.28583586948911865,0.510575795731889,0.16544630131522126,0.04802228962629898,0.49005629068901946,True
创业板ETF易方达,12月,3.5,3.325,2026-12-23,202612,rule_fourth_wednesday,medium,142.0,102.0,2838193.6377375,-1139568.2758250001,1698625.3619124999,3977761.9135625,4762.0,2476.0,7238.0,339.0,147.0,486.0,0.4078,-0.002600000000000019,0.4777,857747.6764115086,-249311.65397957934,608436.0224319292,1107059.330391088,134390.850825,1564234.5110874998,332.0187959405236,0.26049666880022293,0.46381957456504624,0.06527926388160443,0.025130676236488736,0.4925646980681935,False
创业板ETF易方达,12月,3.6,3.325,2026-12-23,202612,rule_fourth_wednesday,medium,142.0,102.0,1393227.09859375,-936263.2921250004,456963.80646874965,2329490.3907187507,2389.0,2060.0,4449.0,242.0,282.0,524.0,0.41190000000000004,-0.045749999999999985,0.4693,310421.84941207734,-299364.29893704236,11057.55047503498,609786.1483491197,12962.499199999962,444001.3072687496,387.1196840277533,0.2712757497007222,0.4517672329623119,0.11909540897397863,0.029289542389110475,0.4019924271809764,False
创业板ETF易方达,12月,3.7,3.325,2026-12-23,202612,rule_fourth_wednesday,medium,142.0,102.0,1376111.5538625002,-828317.38574375,547794.1681187502,2204428.9396062503,2457.0,1867.0,4324.0,436.0,149.0,585.0,0.41800000000000004,-0.08535000000000001,0.45395,406260.1875261368,-262059.7765229286,144200.41100320822,668319.9640490654,178088.31919375004,369705.8489250003,348.73191920916565,0.30579966891439025,0.4675369288904158,0.12862967737097358,0.024387132876340326,0.39847732647214307,False
创业板ETF易方达,12月,3.8,3.325,2026-12-23,202612,rule_fourth_wednesday,medium,142.0,102.0,3207158.870343751,-436053.75012499996,2771105.120218751,3643212.6204687506,5985.0,995.0,6980.0,430.0,41.0,471.0,0.41769999999999996,-0.125,0.44055,1042259.6495937526,-138697.59044801767,903562.0591457349,1180957.2400417703,212454.39783750003,2558650.722381251,293.0212187025555,0.32152682087595935,0.4674131274131274,0.05652615626167597,0.029303116578593157,0.4781879579971755,False
创业板ETF易方达,12月,3.9,3.325,2026-12-23,202612,rule_fourth_wednesday,medium,142.0,102.0,1651547.6362,-389192.16188125,1262355.4743187502,2040739.79808125,3256.0,937.0,4193.0,377.0,37.0,414.0,0.4272,-0.15735000000000002,0.41725,407285.5165485893,-129377.86535255688,277907.6511960324,536663.3819011461,175858.17851875,1086497.2958,426.9215568365788,0.2895175480455091,0.48974569319114036,0.07763698378693043,0.027355910619154686,0.3792703214835027,False
创业板ETF易方达,12月,4.0,3.325,2026-12-23,202612,rule_fourth_wednesday,medium,142.0,102.0,1918672.3207750001,-370941.20446250006,1547731.1163125,2289613.5252375,4052.0,938.0,4990.0,584.0,21.0,605.0,0.43679999999999997,-0.18600000000000003,0.393,494346.965175,-126375.73851402653,367971.2266609735,620722.7036890265,268226.59871875006,1279504.51759375,419.48005012156653,0.29916997434251974,0.49644084437898867,0.08325720852794272,0.018433033882472083,0.4133954270671557,False
创业板ETF易方达,12月,4.1,3.325,2026-12-23,202612,rule_fourth_wednesday,medium,142.0,102.0,1398268.7952625002,-328949.06625,1069319.7290125003,1727217.8615125,3173.0,855.0,4028.0,416.0,3.0,419.0,0.4365,-0.2172,0.37329999999999997,359067.8900405461,-113360.61216296739,245707.2778775787,472428.50220351346,182167.51315,887152.2158625002,407.7730624264867,0.3007045461718477,0.49932348630059764,0.06730749028259271,0.025568934759461065,0.3668780364660478,False
创业板ETF易方达,12月,4.2,3.325,2026-12-23,202612,rule_fourth_wednesday,medium,142.0,102.0,1355993.74360625,-295032.619875,1060961.12373125,1651026.3634812501,3323.0,790.0,4113.0,332.0,2.0,334.0,0.43365,-0.24774999999999997,0.35345,258073.85061542387,-105483.2688600687,152590.58175535518,363557.11947549257,134730.03740000003,926231.08633125,386.32803168693147,0.273925847790861,0.492905581637976,0.051220682851015366,0.041028980788016936,0.3579585213496137,False
创业板ETF易方达,12月,4.3,3.325,2026-12-23,202612,rule_fourth_wednesday,medium,142.0,102.0,1207403.821925,-294856.6143250001,912547.2076,1502260.4362500003,3214.0,862.0,4076.0,374.0,7.0,381.0,0.4608,-0.25744999999999996,0.3246,264723.01236702147,-135871.73446073497,128851.2779062865,400594.7468277564,138106.2041625,774441.0034375,272.7533671729318,0.3400279493635902,0.4761838049873913,0.06224327442150568,0.03003293764799945,0.34854951835882564,False
创业板ETF易方达,12月,4.4,3.325,2026-12-23,202612,rule_fourth_wednesday,medium,142.0,102.0,1270459.5791125002,-274743.11576250003,995716.4633500001,1545202.6948750003,3682.0,847.0,4529.0,974.0,0.0,974.0,0.46885,-0.27675,0.30274999999999996,438007.9253403842,-103384.72934285134,334623.19599753286,541392.6546832356,336074.8587875,659641.6045625,282.1371113597793,0.36052967357739474,0.3,0.1322650733297121,0.05737208598244021,0.388492483529699,False
创业板ETF易方达,12月,4.5,3.325,2026-12-23,202612,rule_fourth_wednesday,medium,142.0,102.0,2376923.9970000004,-1199006.74306875,1177917.2539312504,3575930.7400687505,7520.0,3883.0,11403.0,1376.0,0.0,1376.0,0.47775,-0.29305,0.28259999999999996,925341.5635489833,-462145.8940717093,463195.669477274,1387487.4576206927,434926.51860000007,742990.7353312506,228.1971361054574,0.3873713691298185,0.3,0.09148936170212765,0.07775046097111248,0.5489099451938471,False
创业板ETF易方达,12月,4.6,3.325,2026-12-23,202612,rule_fourth_wednesday,medium,142.0,102.0,681215.3300750001,-132524.21910000002,548691.1109750001,813739.549175,2359.0,452.0,2811.0,827.0,25.0,852.0,0.48919999999999997,-0.3061,0.2632,236211.22297142667,-55087.15310762379,181124.06986380287,291298.3760790505,231485.32960000003,317205.781375,339.2400692813444,0.3812129181838108,0.46084538375973305,0.20294100545078725,0.13726369540549024,0.28994202820955584,False
创业板ETF易方达,12月,4.7,3.325,2026-12-23,202612,rule_fourth_wednesday,medium,142.0,102.0,1049785.3240875,-71522.70759375,978262.6164937501,1121308.03168125,3978.0,255.0,4233.0,1731.0,0.0,1731.0,0.4957,-0.3202,0.24619999999999997,657895.6632045395,-28705.100027487766,629190.5631770517,686600.7632320272,456807.03770625003,521455.57878750004,202.3732476203116,0.5140189484095326,0.3,0.21757164404223228,0.09927689062970774,0.373147062116136,False
创业板ETF易方达,12月,4.8,3.325,2026-12-23,202612,rule_fourth_wednesday,medium,142.0,102.0,3308726.1233250005,-376100.422425,2932625.7009000005,3684826.5457500005,13779.0,1404.0,15183.0,28627.0,0.0,28627.0,0.5044,-0.33175,0.22975,2899713.337653308,-153570.7584173112,2746142.579235997,3053284.0960706193,3308726.1233250005,-376100.422425,183.16897325164035,0.6423537102875767,0.3,1.0387909137092677,0.13345899227657226,0.6723281083153492,False
创业板ETF易方达,3月,2.95,3.325,2027-03-24,202703,rule_fourth_wednesday,medium,233.0,167.0,64639.58602500001,-318666.45055000007,-254026.86452500004,383306.0365750001,149.0,1016.0,1165.0,95.0,588.0,683.0,0.3635,0.25120000000000003,0.33805,29458.621588760907,-190032.14562386216,-160573.52403510126,219490.76721262306,-143211.9129,-110814.95162500005,313.2025953249382,0.5260360670929357,0.7352554964751645,0.6081620250488823,0.6377440517295498,0.1954708048095226,False
创业板ETF易方达,3月,3.0,3.325,2027-03-24,202703,rule_fourth_wednesday,medium,233.0,167.0,166549.89505000002,-521635.34325000003,-355085.4482,688185.2383000001,374.0,1644.0,2018.0,137.0,107.0,244.0,0.37315,0.22855,0.3449,46651.13148155229,-64501.83293749968,-17850.70145594739,111152.96441905198,27058.19996250001,-382143.6481625,438.8345703056472,0.20187807413788073,0.7124155895203234,0.21569765928932955,0.22624112796312867,0.23734672305033422,False
创业板ETF易方达,3月,3.1,3.325,2027-03-24,202703,rule_fourth_wednesday,medium,233.0,167.0,166610.59043125002,-430674.1935562501,-264063.603125,597284.7839875001,347.0,1281.0,1628.0,9.0,8.0,17.0,0.3718,0.1893,0.3692,35057.49864132976,-87210.68369125003,-52153.18504992027,122268.18233257979,1631.6996937499998,-265695.30281875003,500.0140977384326,0.20645691809958924,0.6992483874061208,0.016090860211425244,0.0037980278816729003,0.18058191569182755,False
创业板ETF易方达,3月,3.2,3.325,2027-03-24,202703,rule_fourth_wednesday,medium,233.0,167.0,432103.5753125,-398328.6409375,33774.93437500001,830432.21625,910.0,1150.0,2060.0,6.0,21.0,27.0,0.38534999999999997,0.14715,0.3714,87876.88828333344,-82816.97006919798,5059.918214135454,170693.85835253142,-4424.792793750001,38199.727168750076,499.1628665087498,0.20564056202472497,0.7170339834046826,0.012427138079311994,0.007709251101321586,0.2219542092682978,True
创业板ETF易方达,3月,3.3,3.325,2027-03-24,202703,rule_fourth_wednesday,medium,233.0,167.0,297237.99595,-124404.96810000001,172833.02785,421642.96405,586.0,357.0,943.0,82.0,140.0,222.0,0.38589999999999997,0.10890000000000002,0.387,76373.72399705453,-54958.723209257034,21415.0007877975,131332.44720631157,-7193.231850000004,180026.2597,446.32376072120917,0.3493587120949192,0.6326037962933829,0.26604430167971627,0.2714610018642131,0.16910952544266508,True
创业板ETF易方达,3月,3.4,3.325,2027-03-24,202703,rule_fourth_wednesday,medium,233.0,167.0,376360.89295,-127009.45223750001,249351.4407125,503370.3451875,724.0,358.0,1082.0,283.0,72.0,355.0,0.38634999999999997,0.07005,0.39555,154213.40254625096,-21620.241961457643,132593.1605847933,175833.6445077086,121569.6425125,127781.79820000003,368.8497832777382,0.2899870993117375,0.5903902478811832,0.2960006481681533,0.32877042754628233,0.18890584540306746,True
创业板ETF易方达,3月,3.5,3.325,2027-03-24,202703,rule_fourth_wednesday,medium,233.0,167.0,191675.35065,-145639.0648125,46036.28583750001,337314.4154625,376.0,410.0,786.0,168.0,192.0,360.0,0.3937,0.033499999999999974,0.3912,72591.94131,-39991.85142064589,32600.0898893541,112583.79273064589,17440.469549999994,28595.816287500013,481.56646894770665,0.3266595194136075,0.579702055141132,0.4575505967825636,0.06681619643489553,0.15754778783526555,False
创业板ETF易方达,3月,3.6,3.325,2027-03-24,202703,rule_fourth_wednesday,medium,233.0,167.0,301849.076025,-85953.83601875,215895.24000625004,387802.91204375,596.0,239.0,835.0,46.0,2.0,48.0,0.39335000000000003,-0.0032000000000000084,0.3917,69688.64574,-21084.291014519946,48604.354725480065,90772.93675451995,22577.797375000002,193317.44263125,474.1862274961249,0.23808516567923832,0.5499945725915877,0.042774704445255676,0.028165776986951364,0.13461694756161668,False
创业板ETF易方达,3月,3.7,3.325,2027-03-24,202703,rule_fourth_wednesday,medium,233.0,167.0,124845.53475625001,-62561.570750000006,62283.964006250004,187407.10550625002,251.0,172.0,423.0,34.0,1.0,35.0,0.39195,-0.039100000000000024,0.38945,31925.75482817092,-16068.720423717918,15857.034404453003,47994.47525188884,16547.617275,45736.34673125,464.9626933063815,0.25628426951870475,0.5232850504593367,0.07063606040952469,0.03404255319148936,0.07216575847252654,False
创业板ETF易方达,3月,3.8,3.325,2027-03-24,202703,rule_fourth_wednesday,medium,233.0,167.0,204003.69920000003,-48898.918818750004,155104.78038125002,252902.61801875004,424.0,143.0,567.0,94.0,3.0,97.0,0.40805,-0.06655000000000003,0.37224999999999997,68929.68739825858,-13477.658182841215,55452.029215417366,82407.3455810998,44201.38375625001,110903.39662500002,343.89387313965256,0.3067536616589249,0.46458349321901976,0.12133856709328408,0.11470288970288971,0.1098678706697598,False
创业板ETF易方达,3月,3.9,3.325,2027-03-24,202703,rule_fourth_wednesday,medium,233.0,167.0,239141.12880000003,-70727.69760000001,168413.43120000002,309868.8264,516.0,204.0,720.0,208.0,12.0,220.0,0.40405,-0.09975,0.3664,86853.5536525672,-21387.114747011405,65466.4389055558,108240.66839957862,92237.52160000001,76175.90959999998,449.49593666630966,0.3327881115880649,0.45470683929807354,0.23096215230278158,0.30124223602484473,0.13959451758754082,False
创业板ETF易方达,3月,4.0,3.325,2027-03-24,202703,rule_fourth_wednesday,medium,233.0,167.0,1126104.2934750002,-194778.33291875,931325.9605562502,1320882.6263937503,2549.0,593.0,3142.0,902.0,52.0,954.0,0.41805000000000003,-0.12275,0.34835,444977.0960881968,-96063.35152063619,348913.7445675606,541040.447608833,381408.00687500014,549917.9536812501,236.99384177893438,0.4441702667946785,0.4225320440746571,0.2207769869082013,0.17993817798252745,0.3424364925559781,False
科创50ETF华夏,8月,1.45,1.636,2026-08-26,202608,rule_fourth_wednesday,medium,23.0,17.0,158426.6159328,-9015305.1774048,-8856878.561472,9173731.7933376,564.0,39660.0,40224.0,744.0,85926.0,86670.0,0.3191,0.2701,0.9494,142980.82534761177,-7357245.553868122,-7214264.728520511,7500226.379215734,-8856878.561472,0.0,74.9203403231829,0.8592944969722229,0.34477344100493484,1.74285737277497,1.2806452397160362,0.8320596235006747,False
科创50ETF华夏,8月,1.5,1.636,2026-08-26,202608,rule_fourth_wednesday,medium,23.0,17.0,167071.80507264,-4729417.25128704,-4562345.4462144,4896489.05635968,676.0,19136.0,19812.0,1330.0,50250.0,51580.0,0.0001,0.19210000000000002,0.9234,160585.3289522678,-4289564.993591,-4128979.6646387326,4450150.322543268,-4562345.4462144,0.0,34.31555187639455,0.9340860200373459,0.2861364857603439,2.29669812837664,2.464755203136761,0.7138865660901249,False
科创50ETF华夏,8月,1.55,1.636,2026-08-26,202608,rule_fourth_wednesday,medium,23.0,17.0,461944.68824768,-4254408.157823999,-3792463.469576319,4716352.846071679,1759.0,16200.0,17959.0,4310.0,65206.0,69516.0,0.0001,0.14100000000000001,0.9812,325356.4798098599,-4203722.729287011,-3878366.249477151,4529079.20909687,-3792463.469576319,0.0,99.85525730532751,0.8462027506774772,0.21428571428571425,3.2376587777847963,5.98175905183515,0.7071636215267846,False
科创50ETF华夏,8月,1.6,1.636,2026-08-26,202608,rule_fourth_wednesday,medium,23.0,17.0,3845665.4652863997,-28059573.621011198,-24213908.155724797,31905239.086297598,14070.0,73544.0,87614.0,24456.0,124485.0,148941.0,0.32455,0.09084999999999999,1.22335,3078621.221731952,-22442135.149588462,-19363513.92785651,25520756.371320415,-24213908.155724797,0.0,17.83911055806027,0.8001731559979963,0.13583916083916048,1.7154132437608387,0.2219214748053762,0.9332058669690901,True
科创50ETF华夏,8月,1.65,1.636,2026-08-26,202608,rule_fourth_wednesday,medium,23.0,17.0,6403003.62248176,-15772174.652577119,-9369171.03009536,22175178.27505888,22939.0,40409.0,63348.0,75644.0,140436.0,216080.0,0.3257,0.02845000000000003,1.2506,5786379.8580114255,-15408992.10475809,-9622612.246746663,21195371.962769516,-9369171.03009536,0.0,29.58066039875276,0.9403354716809978,0.13400259182333019,3.3864899069078915,0.6072292951128555,0.905504315451007,True
科创50ETF华夏,8月,1.7,1.636,2026-08-26,202608,rule_fourth_wednesday,medium,23.0,17.0,10464399.48306096,-11339584.447724639,-875184.9646636788,21803983.930785596,37353.0,40477.0,77830.0,94580.0,116625.0,211205.0,0.0001,-0.01419999999999999,1.0467,9024894.543941274,-9937941.862371266,-913047.3184299916,18962836.40631254,-875184.9646636788,0.0,42.01805677930055,0.8694158576068627,0.1742857142857145,2.706662454362586,0.3267068605538358,0.9107609483134321,True
科创50ETF华夏,8月,1.75,1.636,2026-08-26,202608,rule_fourth_wednesday,medium,23.0,17.0,18088249.124408957,-15211595.65344256,2876653.470966397,33299844.777851515,46327.0,40457.0,86784.0,84673.0,73406.0,158079.0,0.63195,-0.12425,1.4318,16320859.147065293,-12550764.00607544,3770095.140989853,28871623.15314073,2876653.470966397,0.0,44.56992480463741,0.8636847194969495,0.2550200803212852,1.8210724508345968,0.10057681285942077,0.9358319860809295,False
科创50ETF华夏,8月,1.8,1.636,2026-08-26,202608,rule_fourth_wednesday,medium,23.0,17.0,23216468.4282648,-16436442.471764639,6780025.956500161,39652910.900029436,64545.0,47177.0,111722.0,74534.0,57281.0,131815.0,0.6402,-0.1851,1.3228,17382269.699614976,-15764395.963544391,1617873.7360705845,33146665.663159367,6780025.956500161,0.0,55.68488283994815,0.8539083544484531,0.3124111795357652,1.184466202476624,0.00877485414900988,0.9506598163967669,False
科创50ETF华夏,8月,1.85,1.636,2026-08-26,202608,rule_fourth_wednesday,medium,23.0,17.0,18990242.94360704,-12272521.049823998,6717721.893783042,31262763.99343104,58387.0,38600.0,96987.0,64652.0,35226.0,99878.0,0.6423000000000001,-0.24100000000000002,1.2015500000000001,17006989.81659852,-7831029.071988157,9175960.744610362,24838018.888586678,7790454.692283202,-1072732.7985001593,99.0415637743275,0.7668295991427185,0.3521042084168337,1.0099459781974678,-0.012650250369419087,0.9313292907024983,False
科创50ETF华夏,8月,1.9,1.636,2026-08-26,202608,rule_fourth_wednesday,medium,23.0,17.0,23540334.641714558,-12899891.712224,10640442.929490559,36440226.35393856,82252.0,45880.0,128132.0,59974.0,19141.0,79115.0,0.6618999999999999,-0.2822,1.0598999999999998,19671341.63388453,-9503022.471321968,10168319.162562562,29174364.105206497,11782625.312373921,-1142182.3828833597,36.030297241121005,0.7861593437054003,0.39495225102319237,0.5731732394600284,-0.01978560890237787,0.9424570701360007,False
科创50ETF华夏,8月,1.95,1.636,2026-08-26,202608,rule_fourth_wednesday,medium,23.0,17.0,14682515.934257599,-4779590.14941408,9902925.78484352,19462106.083671678,59018.0,19239.0,78257.0,48939.0,7722.0,56661.0,0.6769999999999999,-0.31815000000000004,0.92885,10035019.427230733,-2466137.8228926193,7568881.604338113,12501157.250123352,10256664.58426896,-353738.79942544084,198.1499983884999,0.5997199746314417,0.4235555555555556,0.6152969030525735,0.0072858831588274095,0.8942999260914429,False
科创50ETF华夏,8月,2.0,1.636,2026-08-26,202608,rule_fourth_wednesday,medium,23.0,17.0,20056470.411519356,-4620091.27565376,15436379.135865595,24676561.687173117,93366.0,21123.0,114489.0,66682.0,5250.0,71932.0,0.69275,-0.3476,0.8099000000000001,12424123.139018845,-2043656.3400988465,10380466.798919998,14467779.479117692,13176034.690510716,2260344.445354878,138.58291438362588,0.5308991125277265,0.44242344935880656,0.4813721354321897,-0.03210102732438126,0.9239247793226771,False
科创50ETF华夏,8月,2.05,1.636,2026-08-26,202608,rule_fourth_wednesday,medium,23.0,17.0,8467652.12834752,-2535673.3673832,5931978.760964319,11003325.49573072,45758.0,13149.0,58907.0,27461.0,1109.0,28570.0,0.7147,-0.36939999999999995,0.7059500000000001,5017656.713186117,-1297102.4091201467,3720554.3040659702,6314759.122306263,4867877.34088464,1064101.4200796797,108.52609503645921,0.552054623982297,0.4596736596736597,0.34223825497915605,-0.004556630323471703,0.8522959867353984,False
科创50ETF华夏,8月,2.1,1.636,2026-08-26,202608,rule_fourth_wednesday,medium,23.0,17.0,8061049.428186719,-2653018.63356672,5408030.79462,10714068.061753439,51387.0,15556.0,66943.0,30995.0,1558.0,32553.0,0.7295,-0.38980000000000004,0.61165,4711549.319238943,-1259191.5333233927,3452357.7859155503,5970740.852562336,4596456.8256702395,811573.9689497594,187.43095465660468,0.5295546672822138,0.47186647071173626,0.35166119887796704,-0.0402864594583259,0.8506914503075406,False
科创50ETF华夏,8月,2.15,1.636,2026-08-26,202608,rule_fourth_wednesday,medium,23.0,17.0,5316165.823886399,-900377.0282593599,4415788.795627039,6216542.852145759,39606.0,7159.0,46765.0,21914.0,617.0,22531.0,0.6867000000000001,-0.426,0.48569999999999997,3285681.2516225073,-481167.54842168913,2804513.703200818,3766848.8000441967,2863835.38367792,1551953.4119491195,164.58291196782852,0.5762307157156126,0.46431342125678804,0.3197426132246884,-0.033302429838668414,0.7847655097518857,False
科创50ETF华夏,8月,2.2,1.636,2026-08-26,202608,rule_fourth_wednesday,medium,23.0,17.0,5655466.5600544,-1196823.4234328,4458643.1366216,6852289.9834872,47644.0,8945.0,56589.0,36110.0,367.0,36477.0,0.7726,-0.4163,0.4717,1805027.7846952707,-489806.553770986,1315221.2309242848,2294834.338466257,4237246.92047632,221396.21614527982,328.62498948701034,0.36421031455085595,0.48652904128761365,0.3994706806053975,-0.0505118832362889,0.8058659469505793,False
科创50ETF华夏,8月,2.25,1.636,2026-08-26,202608,rule_fourth_wednesday,medium,23.0,17.0,3387638.6586484797,-488773.21502768,2898865.4436207996,3876411.87367616,33779.0,4079.0,37858.0,20725.0,315.0,21040.0,0.78765,-0.42795,0.4112,1097529.0736106394,-255530.24824405296,841998.8253665864,1353059.3218546924,2040729.7049472,858135.7386735999,280.32265681949593,0.4233898830785612,0.4916142557651992,0.34538584412020507,-0.03812681761394649,0.7235983863672784,False
科创50ETF华夏,8月,2.3,1.636,2026-08-26,202608,rule_fourth_wednesday,medium,23.0,17.0,3017801.37814208,-271480.4419598399,2746320.93618224,3289281.8201019196,34843.0,2707.0,37550.0,13958.0,454.0,14412.0,0.78625,-0.4421,0.34914999999999996,929063.5275637269,-154861.6287106305,774201.8988530964,1083925.1562743573,1163391.178072,1582929.75811024,224.34161543079063,0.43914744520495175,0.4917466986794717,0.2841551496590845,-0.04771126799138473,0.7008706570298495,False
科创50ETF华夏,8月,2.35,1.636,2026-08-26,202608,rule_fourth_wednesday,medium,23.0,17.0,2679858.0804504002,-226688.58551088,2453169.49493952,2906546.6659612805,36609.0,2511.0,39120.0,9800.0,497.0,10297.0,0.8019,-0.44965,0.3054,1059780.2487162305,-120587.65223503688,939192.5964811937,1180367.9009512675,672512.9524702402,1780656.5424692803,193.02181159144791,0.46370712041093887,0.4949685534591196,0.23281142421024295,0.03274294358998442,0.6839225749831142,False
科创50ETF华夏,8月,2.4,1.636,2026-08-26,202608,rule_fourth_wednesday,medium,23.0,17.0,2770668.8597044796,-90735.08794719998,2679933.7717572795,2861403.9476516796,46193.0,1315.0,47508.0,9534.0,266.0,9800.0,0.7805000000000001,-0.46395,0.24095,505807.664083344,-48985.546598948706,456822.1174843953,554793.2106822927,553497.9274921599,2126435.8442651196,721.0602660583435,0.3612161565055224,0.49370078740157475,0.20433813857036756,-0.06825839844225616,0.6851895086166744,False
科创50ETF华夏,8月,2.45,1.636,2026-08-26,202608,rule_fourth_wednesday,medium,23.0,17.0,1297512.18588432,-40726.39284975999,1256785.79303456,1338238.5787340798,24521.0,659.0,25180.0,6548.0,220.0,6768.0,0.80055,-0.46775,0.2143,554462.492797203,-24358.136114840116,530104.3566823628,578820.6289120432,332886.94174336,923898.8512911999,238.49834376150093,0.5127097719225292,0.4958097116095638,0.3004377839959914,-0.10685947314722621,0.5698172111088979,False
科创50ETF华夏,8月,2.5,1.636,2026-08-26,202608,rule_fourth_wednesday,medium,23.0,17.0,1580405.5814975998,-50344.67564032,1530060.90585728,1630750.2571379198,36630.0,688.0,37318.0,9452.0,26.0,9478.0,0.86185,-0.46235,0.2173,450469.522121216,-24492.40542129668,425977.11669991934,474961.92754251265,405905.0714783999,1124155.83437888,989.4795505807016,0.38576428886011227,0.4980342275670675,0.14791527785713832,0.01810068339377791,0.6194976867070929,False
科创50ETF华夏,8月,2.55,1.636,2026-08-26,202608,rule_fourth_wednesday,medium,23.0,17.0,5756001.638105599,-121613.42082479999,5634388.2172807995,5877615.058930399,151984.0,2235.0,154219.0,30612.0,74.0,30686.0,0.84005,-0.4733,0.1724,503436.7518457378,-59361.208426537996,444075.5434191998,562797.9602722758,1155323.8979484797,4479064.319332319,512.9887886245548,0.28778844356027533,0.4992316979475359,0.11726277910332254,0.033700408042869084,0.8087425492386744,False
科创50ETF华夏,9月,1.1,1.636,2026-09-23,202609,rule_fourth_wednesday,medium,51.0,37.0,142684.21587967995,-5767623.5190368,-5624939.30315712,5910307.734916479,1984.0,108070.0,110054.0,260.0,9603.0,9863.0,0.31675000000000003,0.44755,0.23404999999999998,51597.27686262852,-2583464.441151081,-2531867.164288453,2635061.7180137094,-493807.14193951996,-5131132.161217599,203.28403933975608,0.4047719820311714,0.4276555023923444,0.10995372995997219,0.012505224907023358,0.7849494162571868,False
科创50ETF华夏,9月,1.15,1.636,2026-09-23,202609,rule_fourth_wednesday,medium,51.0,37.0,89295.93604799999,-5096878.09776,-5007582.161712,5186174.033808,1011.0,70530.0,71541.0,17.0,4268.0,4285.0,0.3129,0.42905000000000004,0.30000000000000004,35600.0052490196,-1910410.9711632833,-1874810.9659142636,1946010.976412303,-306927.1788,-4700654.982912,185.89816978521264,0.38674712244970144,0.4419222903885481,0.038664145694678825,-0.0023962841203877465,0.729300871476988,False
科创50ETF华夏,9月,1.2,1.636,2026-09-23,202609,rule_fourth_wednesday,medium,51.0,37.0,121241.25405599999,-4909174.06826704,-4787932.81421104,5030415.32232304,1150.0,52063.0,53213.0,175.0,6640.0,6815.0,0.30795,0.40690000000000004,0.3731,61006.162351413994,-1885746.13889886,-1824739.9765474459,1946752.301250274,-607655.4590392001,-4180277.3551718392,176.0754192673765,0.44365343391692513,0.40576878878418743,0.13985585189849423,0.049199697103724335,0.731087453591866,False
科创50ETF华夏,9月,1.25,1.636,2026-09-23,202609,rule_fourth_wednesday,medium,51.0,37.0,62871.37280928,-3828918.0945152,-3766046.7217059196,3891789.46732448,1442.0,31840.0,33282.0,36.0,5042.0,5078.0,0.47650000000000003,0.44530000000000003,0.3061,30037.095453012094,-675447.7450920431,-645410.6496390309,705484.8405450552,-604755.93062752,-3161290.7910784,270.31218842088924,0.32708083538855204,0.39468354430379754,0.09165979864649182,-0.005242360010301958,0.6799614554144944,False
科创50ETF华夏,9月,1.3,1.636,2026-09-23,202609,rule_fourth_wednesday,medium,51.0,37.0,302988.74170096,-5312160.15320784,-5009171.41150688,5615148.894908801,2653.0,35949.0,38602.0,285.0,5968.0,6253.0,0.50745,0.41045,0.48940000000000006,144963.69115526282,-1904243.0231251682,-1759279.3319699054,2049206.714280431,-849338.7119156801,-4159832.699591201,198.0658587342399,0.4184572389913887,0.360039988574693,0.13671925939139584,-0.008428034765444957,0.7355786405393302,False
科创50ETF华夏,9月,1.35,1.636,2026-09-23,202609,rule_fourth_wednesday,medium,51.0,37.0,758223.9094809598,-4404618.145156479,-3646394.23567552,5162842.05463744,4329.0,25052.0,29381.0,188.0,4338.0,4526.0,0.5302,0.36535,0.6556500000000001,327222.7238875039,-1280068.1365694054,-952845.4126819016,1607290.8604569093,-729774.7376079999,-2916619.4980675196,311.11510468146236,0.3610921571188411,0.3256377139166934,0.1082939354933607,-0.005898396043150781,0.6984526444212145,False
科创50ETF华夏,9月,1.4,1.636,2026-09-23,202609,rule_fourth_wednesday,medium,51.0,37.0,1263713.09998176,-3897175.0590457595,-2633461.9590639994,5160888.15902752,5679.0,19174.0,24853.0,1693.0,9236.0,10929.0,0.5379,0.3185,0.7954,719746.5866461085,-2429443.1514154444,-1709696.564769336,3149189.738061553,-1500512.7647267198,-1132949.19433728,134.71307790393007,0.5964673649539975,0.28081180811808115,0.38990491302044006,-0.02246364105577971,0.7179439652202954,False
科创50ETF华夏,9月,1.45,1.636,2026-09-23,202609,rule_fourth_wednesday,medium,51.0,37.0,1154949.1082136,-3875730.9195638397,-2720781.8113502394,5030680.02777744,4419.0,17022.0,21441.0,374.0,7164.0,7538.0,0.5468,0.26585000000000003,0.9136,402807.4729856842,-1619801.67001233,-1216994.1970266458,2022609.142998014,-1533419.1053884798,-1187362.7059617597,238.85399824586113,0.3833504639061238,0.23177966101694902,0.2527508229236985,0.041771710933714984,0.6895429772268791,False
科创50ETF华夏,9月,1.5,1.636,2026-09-23,202609,rule_fourth_wednesday,medium,51.0,37.0,1923162.0754759999,-4913593.7928768,-2990431.7174007995,6836755.8683528,6577.0,19804.0,26381.0,1290.0,11452.0,12742.0,0.5526,0.2107,1.00975,1289673.5157037047,-3699324.060081765,-2409650.5443780604,4988997.575785469,-2464163.9516783995,-526267.7657223998,53.92878801005008,0.7117379843177845,0.17239685658153253,0.387202536814561,0.08925152736212576,0.7604501298828695,False
科创50ETF华夏,9月,1.55,1.636,2026-09-23,202609,rule_fourth_wednesday,medium,51.0,37.0,880527.7859788799,-5390920.03598688,-4510392.250008,6271447.82196576,2808.0,20814.0,23622.0,1243.0,8807.0,10050.0,0.5645500000000001,0.1528,1.06965,394573.87335947104,-3520911.9185841517,-3126338.0452246806,3915485.7919436228,-1891274.9980209598,-2619117.25198704,224.608208671633,0.5506147864182412,0.20739636528544897,0.43289624053172626,0.036877414031607984,0.731635972837295,False
科创50ETF华夏,9月,1.6,1.636,2026-09-23,202609,rule_fourth_wednesday,medium,51.0,37.0,1762703.5440748802,-6909806.571044159,-5147103.026969279,8672510.11511904,5412.0,25214.0,30626.0,3099.0,13722.0,16821.0,0.5642,0.09565000000000001,1.1204,1181198.5134359663,-4299752.452645976,-3118553.9392100098,5480950.966081942,-2751112.0781419193,-2395990.94882736,111.18141198432338,0.6461871507445234,0.17358533660709186,0.5584189361240728,0.010628948712888333,0.7962149889099724,True
科创50ETF华夏,9月,1.65,1.636,2026-09-23,202609,rule_fourth_wednesday,medium,51.0,37.0,3103918.54695072,-3770406.1448608,-666487.5979100801,6874324.69181152,9369.0,13645.0,23014.0,9956.0,13423.0,23379.0,0.5710500000000001,0.039000000000000035,1.1351,2948601.277986807,-3623136.549553961,-674535.2715671542,6571737.827540768,-605144.2366672,-61343.36124288019,37.730211072138644,0.9554507808593202,0.21124031007751926,1.0231918678351115,0.3376719755419545,0.7622719290133395,True
科创50ETF华夏,9月,1.7,1.636,2026-09-23,202609,rule_fourth_wednesday,medium,51.0,37.0,3746461.1410463997,-3962354.4814156806,-215893.3403692809,7708815.622462081,11515.0,14213.0,25728.0,7150.0,11097.0,18247.0,0.5752999999999999,-0.015750000000000014,1.1286,2127406.3925607563,-2782672.7117457986,-655266.3191850423,4910079.104306554,-767376.8834419209,551483.5430726398,181.59718900410428,0.6350609111901228,0.2512301804264626,0.7008466559835154,-0.019707241361896534,0.7760270415834852,True
科创50ETF华夏,9月,1.75,1.636,2026-09-23,202609,rule_fourth_wednesday,medium,51.0,37.0,3616230.875174399,-3589109.1114926394,27121.763681759592,7205339.986667039,11489.0,13347.0,24836.0,5418.0,7266.0,12684.0,0.58805,-0.06569999999999998,1.09035,1983823.9061350017,-2178713.4683648846,-194889.56222988293,4162537.3744998863,-248534.65439712023,275656.4180788796,108.11760624405883,0.5778117283064982,0.31155433287482803,0.5079867554765852,0.03429562363600033,0.7559102658761121,False
科创50ETF华夏,9月,1.8,1.636,2026-09-23,202609,rule_fourth_wednesday,medium,51.0,37.0,5784229.1425798405,-6254235.16912992,-470006.0265500797,12038464.311709762,19076.0,23849.0,42925.0,7357.0,5806.0,13163.0,0.5891,-0.11494999999999997,1.0563500000000001,3467443.9022912164,-2690266.511628614,777177.3906626026,6157710.413919831,708207.9343144,-1178213.9608644801,77.47077176364522,0.5148081645528202,0.34068335319825177,0.31455810875549467,0.0012748712678418324,0.838517842326914,False
科创50ETF华夏,9月,1.85,1.636,2026-09-23,202609,rule_fourth_wednesday,medium,51.0,37.0,5604835.927581439,-2818167.37626336,2786668.551318079,8423003.303844798,19778.0,11022.0,30800.0,4855.0,2427.0,7282.0,0.5904499999999999,-0.16035,1.00705,3048777.5656986698,-1743335.7582383398,1305441.80746033,4792113.32393701,755296.7061006398,2031371.8452174389,56.48372110367466,0.5812805047782702,0.35689231848474223,0.2328353708196914,-0.013954008379577205,0.769872055638841,False
科创50ETF华夏,9月,1.9,1.636,2026-09-23,202609,rule_fourth_wednesday,medium,51.0,37.0,3952623.866088,-2537487.3625471997,1415136.5035408004,6490111.228635199,14970.0,10715.0,25685.0,3131.0,2031.0,5162.0,0.60635,-0.19669999999999999,0.9356500000000001,2249999.7123770867,-1229547.3760822662,1020452.3362948205,3479547.088459353,345723.7109739201,1069412.7925668804,124.38611256112235,0.526897576640898,0.3985992691839221,0.19934950005782293,0.002832255513968377,0.7218384322999115,False
科创50ETF华夏,9月,1.95,1.636,2026-09-23,202609,rule_fourth_wednesday,medium,51.0,37.0,3402055.9255319997,-1741425.61499456,1660630.3105374398,5143481.54052656,14025.0,7876.0,21901.0,6355.0,1698.0,8053.0,0.6194999999999999,-0.22949999999999998,0.8662,1765506.0736389002,-812422.8688708252,953083.204768075,2577928.942509725,1166100.7823275197,494529.52820992004,301.25268147991204,0.4927400749138606,0.424777568077649,0.33435555024447566,-0.04850038815178348,0.6957732533019229,False
科创50ETF华夏,9月,2.0,1.636,2026-09-23,202609,rule_fourth_wednesday,medium,51.0,37.0,4508411.58943808,-1822161.6885952,2686249.90084288,6330573.27803328,20378.0,8780.0,29158.0,5337.0,1873.0,7210.0,0.6267499999999999,-0.2607,0.8009999999999999,2249736.098251422,-864566.676266432,1385169.42198499,3114302.7745178537,792039.402304,1894210.4985388797,144.99579709596338,0.4867408357454288,0.43986420950533467,0.23761291432472958,0.06753039481966419,0.734980536290075,False
科创50ETF华夏,9月,2.05,1.636,2026-09-23,202609,rule_fourth_wednesday,medium,51.0,37.0,2778285.284076799,-880799.5038528,1897485.7802239992,3659084.787929599,13870.0,4536.0,18406.0,3364.0,786.0,4150.0,0.6327499999999999,-0.28900000000000003,0.73695,1032151.1346626496,-415582.7482294402,616568.3864332094,1447733.88289209,521214.0327401598,1376271.7474838393,326.87269926983373,0.42166549553581967,0.4511658600967884,0.20790913737921668,0.040151871051616744,0.6280164482108438,False
科创50ETF华夏,9月,2.1,1.636,2026-09-23,202609,rule_fourth_wednesday,medium,51.0,37.0,4025850.46809648,-959962.0654550397,3065888.40264144,4985812.53355152,22287.0,5323.0,27610.0,4732.0,334.0,5066.0,0.6476999999999999,-0.3099,0.67435,2520604.7216681573,-430345.47253371147,2090259.2491344458,2950950.194201869,794538.60720896,2271349.7954324796,147.26744356279193,0.5371995762542205,0.4650000000000001,0.1375338277611351,-0.01555331875290464,0.6929234952831813,False
科创50ETF华夏,9月,2.15,1.636,2026-09-23,202609,rule_fourth_wednesday,medium,51.0,37.0,2546950.3818048,-508555.65196799993,2038394.7298368001,3055506.0337728,15768.0,3045.0,18813.0,3058.0,367.0,3425.0,0.6709499999999999,-0.3248,0.61375,706969.3322604802,-238375.29912047554,468594.0331400046,945344.6313809557,432654.24015200004,1605740.4896848002,417.8519584943752,0.37315242578718455,0.4845650989649536,0.15723126966631926,-0.00048677562223192576,0.6048716166429791,False
科创50ETF华夏,9月,2.2,1.636,2026-09-23,202609,rule_fourth_wednesday,medium,51.0,37.0,3872807.11533344,-485198.5404999998,3387608.57483344,4358005.65583344,26687.0,3125.0,29812.0,7197.0,53.0,7250.0,0.6491,-0.35595,0.56115,1570041.34413568,-210851.46036255933,1359189.8837731206,1780892.8044982394,1036196.8883777601,2351411.68645568,183.58475222147072,0.4199843812618277,0.4709302325581395,0.14332093378798666,-0.003577495911433244,0.6951971222464008,False
科创50ETF华夏,9月,2.25,1.636,2026-09-23,202609,rule_fourth_wednesday,medium,51.0,37.0,1657937.3540870398,-333863.96984319994,1324073.38424384,1991801.3239302398,12809.0,2293.0,15102.0,1703.0,140.0,1843.0,0.6806000000000001,-0.3622,0.5138,451338.58801954857,-153925.41649614452,297413.1715234041,605264.004515693,200044.20165567996,1124029.18258816,340.207639685385,0.36663564387237374,0.48871473354231976,0.09700438905170423,-0.0230760121134894,0.5266123016936817,False
科创50ETF华夏,9月,2.3,1.636,2026-09-23,202609,rule_fourth_wednesday,medium,51.0,37.0,1140695.4020006398,-213229.63802016003,927465.7639804798,1353925.0400207997,9811.0,1602.0,11413.0,2629.0,134.0,2763.0,0.67195,-0.38325,0.46585,439784.0371046335,-102126.97182536457,337657.06527926895,541911.0089299981,287830.21925023996,639635.5447302399,200.37197294641697,0.432246638426214,0.4842322428529324,0.17580498640281342,0.033472704719697086,0.48038876874484254,False
科创50ETF华夏,9月,2.35,1.636,2026-09-23,202609,rule_fourth_wednesday,medium,51.0,37.0,1118598.1707297598,-212279.64252992,906318.5281998399,1330877.8132596798,10719.0,1652.0,12371.0,2404.0,126.0,2530.0,0.7193499999999999,-0.38015,0.43500000000000005,324068.920550816,-101799.72854208891,222269.19200872708,425868.6490929049,234682.39581919997,671636.1323806399,532.5930378803798,0.38463234704283267,0.49741847826086955,0.1502729194634587,0.03308034998607818,0.4801003344231164,False
科创50ETF华夏,9月,2.4,1.636,2026-09-23,202609,rule_fourth_wednesday,medium,51.0,37.0,1053528.5649907198,-68160.39655487999,985368.1684358398,1121688.9615455999,11256.0,588.0,11844.0,1494.0,8.0,1502.0,0.70045,-0.40175000000000005,0.39139999999999997,266639.31911385595,-31399.686769409032,235239.6323444469,298039.005883265,138906.66295519995,846461.5054806399,413.0610835453857,0.3568825799455816,0.4943225806451613,0.07316732663214538,-0.008094553999766909,0.4449069057325184,False
科创50ETF华夏,9月,2.45,1.636,2026-09-23,202609,rule_fourth_wednesday,medium,51.0,37.0,555079.9507478399,-65147.6523624,489932.2983854399,620227.6031102398,6762.0,617.0,7379.0,1481.0,11.0,1492.0,0.69615,-0.41590000000000005,0.3506,122639.66968608,-30482.62886355337,92157.04082252663,153122.29854963336,120411.05852671998,369521.2398587199,457.3895145820969,0.3444205998916563,0.49378200438917336,0.1184231214859279,0.012405784677204348,0.3585665044098023,False
科创50ETF华夏,9月,2.5,1.636,2026-09-23,202609,rule_fourth_wednesday,medium,51.0,37.0,901689.4213080001,-50563.29183359999,851126.1294744001,952252.7131416001,12363.0,519.0,12882.0,3897.0,1.0,3898.0,0.7020500000000001,-0.42485,0.31825000000000003,233915.57971520006,-23633.261162462808,210282.31855273724,257548.84087766288,284128.3843976,566997.7450768001,571.1618386385173,0.36340940538970967,0.49538958045182113,0.1585707679870806,-0.038585893312312644,0.471350403688988,False
科创50ETF华夏,9月,2.55,1.636,2026-09-23,202609,rule_fourth_wednesday,medium,51.0,37.0,2369848.56856192,-67693.02682335999,2302155.54173856,2437541.59538528,35164.0,722.0,35886.0,9497.0,63.0,9560.0,0.32585,-0.42610000000000003,0.30105000000000004,286595.6614681146,-34250.49436413157,252345.16710398303,320846.1558322462,634135.69339472,1668019.8483438399,347.25117295225834,0.3134510017878802,0.46762225969645865,0.178667484782819,-0.021631000217133992,0.6553924426441141,False
科创50ETF华夏,12月,1.3,1.636,2026-12-23,202612,rule_fourth_wednesday,medium,142.0,102.0,392487.79703039996,-5109311.57257328,-4716823.77554288,5501799.3696036795,3285.0,40367.0,43652.0,682.0,53969.0,54651.0,0.41705000000000003,0.3734,0.45965,161116.04097477108,-3432771.707894097,-3271655.666919326,3593887.748868868,-5027827.0436312,311003.26808832,180.32624122647957,0.541182645661488,0.4385673162236134,0.7722843783476858,-0.0014046015176595802,0.7781240312138227,False
科创50ETF华夏,12月,1.35,1.636,2026-12-23,202612,rule_fourth_wednesday,medium,142.0,102.0,100569.81896928,-2531836.71742704,-2431266.89845776,2632406.53639632,597.0,18393.0,18990.0,21.0,7842.0,7863.0,0.45740000000000003,0.3178,0.57185,47055.314223143934,-1193490.105154331,-1146434.790931187,1240545.419377475,-1075930.83651072,-1355336.0619470403,278.3334126501066,0.4696400164655587,0.48854592167541994,0.23076686646410982,0.06906197251024837,0.6200843274545953,False
科创50ETF华夏,12月,1.4,1.636,2026-12-23,202612,rule_fourth_wednesday,medium,142.0,102.0,216314.40672,-1210175.9534425598,-993861.5467225598,1426490.36016256,1125.0,8203.0,9328.0,125.0,3166.0,3291.0,0.47145000000000004,0.27535,0.6348,72053.31552629404,-491918.54532977846,-419865.2298034844,563971.8608560725,-443040.16876031994,-550821.3779622398,212.53413123963924,0.369790229120593,0.5031044139545429,0.24853373427065978,0.08398885032844215,0.4764705322389575,False
科创50ETF华夏,12月,1.45,1.636,2026-12-23,202612,rule_fourth_wednesday,medium,142.0,102.0,114154.10676768,-804933.1541344,-690779.0473667199,919087.26090208,534.0,5140.0,5674.0,52.0,1960.0,2012.0,0.4747,0.236,0.6919,56937.33924080047,-441148.7179398567,-384211.3786990562,498086.05718065717,-295823.36043455993,-394955.68693216,215.4050390464119,0.5234162156332709,0.4818638531579709,0.2393506171760008,0.07857723164415557,0.3801983138065977,False
科创50ETF华夏,12月,1.5,1.636,2026-12-23,202612,rule_fourth_wednesday,medium,142.0,102.0,412988.5252022399,-1545138.3572441598,-1132149.83204192,1958126.8824463997,1833.0,9352.0,11185.0,435.0,2425.0,2860.0,0.482,0.19395,0.7295499999999999,189668.1025726823,-439479.46531692427,-249811.36274424195,629147.5678896066,-302650.0043672,-829499.82767472,292.41617959074904,0.37184240893849163,0.4648027516765628,0.2483093492696627,0.07087017707452228,0.5137325103674162,False
科创50ETF华夏,12月,1.55,1.636,2026-12-23,202612,rule_fourth_wednesday,medium,142.0,102.0,512415.6944992,-1032031.67177264,-519615.97727344,1544447.36627184,2221.0,6139.0,8360.0,400.0,778.0,1178.0,0.49684999999999996,0.15245,0.74505,160635.2798153658,-368122.51257447834,-207487.23275911255,528757.7923898441,-38504.55322527999,-481111.42404816,345.34296406257465,0.33509158722697235,0.4923834662222843,0.15341489619258014,0.08830707043926589,0.4430484293870008,False
科创50ETF华夏,12月,1.6,1.636,2026-12-23,202612,rule_fourth_wednesday,medium,142.0,102.0,764611.9560140799,-1571865.0165864,-807253.0605723202,2336476.97260048,3232.0,9195.0,12427.0,962.0,4780.0,5742.0,0.504,0.11310000000000003,0.7613000000000001,428146.5339543445,-1031693.2244040612,-603546.6904497168,1459839.7583584057,-589544.8685603201,-217708.19201200013,94.18502396880321,0.6081512324630087,0.478402596073731,0.4087481290951281,0.17439912061579155,0.5650045996282856,True
科创50ETF华夏,12月,1.65,1.636,2026-12-23,202612,rule_fourth_wednesday,medium,142.0,102.0,512377.52766624,-707277.1828303998,-194899.65516415983,1219654.7104966398,2169.0,4090.0,6259.0,1670.0,2716.0,4386.0,0.5125,0.0751,0.7643500000000001,327015.1061756333,-407103.97967348824,-80088.87349785492,734119.0858491216,-75173.56549375987,-119726.08967039995,308.1929977571872,0.606912017311412,0.4709617269803996,0.7169993721262375,0.2621465975339215,0.44525464755278066,True
科创50ETF华夏,12月,1.7,1.636,2026-12-23,202612,rule_fourth_wednesday,medium,142.0,102.0,765461.9576137599,-904999.95244544,-139537.9948316801,1670461.9100592,3254.0,5248.0,8502.0,1076.0,1112.0,2188.0,0.5208999999999999,0.038949999999999985,0.7616,417128.42497713096,-457940.1319621183,-40811.706984987366,875068.5569392493,61354.60252607998,-200892.59735776007,145.46417118283696,0.5254740341042449,0.4568121901020812,0.27128009429295274,0.12208973567549358,0.4784603348050147,True
科创50ETF华夏,12月,1.75,1.636,2026-12-23,202612,rule_fourth_wednesday,medium,142.0,102.0,846062.3328671999,-965369.283264,-119306.95039680006,1811431.6161312,3646.0,5592.0,9238.0,712.0,384.0,1096.0,0.526,0.0040999999999999925,0.756,332490.82231659157,-346955.7946073155,-14464.972290723934,679446.6169239071,98929.71575039999,-218236.66614720004,345.74528857885815,0.37619417499058583,0.45016949152542374,0.1319760146341808,0.019905811436797934,0.4603162146163719,False
科创50ETF华夏,12月,1.8,1.636,2026-12-23,202612,rule_fourth_wednesday,medium,142.0,102.0,1334216.5278999999,-1217958.9896908798,116257.53820912004,2552175.5175908795,5875.0,7146.0,13021.0,2205.0,1973.0,4178.0,0.5335000000000001,-0.028450000000000003,0.74265,566794.362237645,-552307.5094711203,14486.852766524651,1119101.8717087652,164480.34135055996,-48222.80314144003,250.83162451583553,0.43914204302890975,0.46636363636363637,0.32570883279442153,0.023468200674652707,0.5685561313775147,False
科创50ETF华夏,12月,1.85,1.636,2026-12-23,202612,rule_fourth_wednesday,medium,142.0,102.0,1222030.2612864,-361274.28655871993,860755.9747276801,1583304.54784512,5541.0,2148.0,7689.0,1279.0,719.0,1998.0,0.53975,-0.05925,0.7262,357235.98939392,-176765.63696287162,180470.35243104838,534001.6263567916,161145.50762944005,699610.46709824,445.2778136988664,0.3908068261461808,0.476731453599781,0.2827773711257573,-0.04291994097306752,0.4590503096746077,False
科创50ETF华夏,12月,1.9,1.636,2026-12-23,202612,rule_fourth_wednesday,medium,142.0,102.0,1338167.1698208,-339926.63475759997,998240.5350631999,1678093.8045784,6270.0,2035.0,8305.0,839.0,125.0,964.0,0.5418000000000001,-0.08959999999999999,0.71075,383538.44244536676,-132196.5480065842,251341.89443878256,515734.99045195093,158182.54626255998,840057.9888006402,293.2808588184373,0.3377560190101668,0.47794486215538856,0.09761843182895814,0.009265179544284397,0.44627950538925926,False
科创50ETF华夏,12月,1.95,1.636,2026-12-23,202612,rule_fourth_wednesday,medium,142.0,102.0,755102.6869056,-162675.17862336,592427.50828224,917777.86552896,3685.0,1014.0,4699.0,930.0,48.0,978.0,0.55485,-0.11415,0.6825,227247.99993984003,-63943.35320008077,163304.64673975925,291191.3531399208,182868.05622528002,409559.4520569601,502.73343257533026,0.34701180614423754,0.49864314789687914,0.14985588464348512,0.022899740070165382,0.33986662575612125,False
科创50ETF华夏,12月,2.0,1.636,2026-12-23,202612,rule_fourth_wednesday,medium,142.0,102.0,1121778.5706316798,-329415.31231168,792363.2583199998,1451193.88294336,5707.0,2114.0,7821.0,2680.0,52.0,2732.0,0.56235,-0.13879999999999998,0.6583000000000001,662540.0228933698,-129916.2713869367,532623.7515064331,792456.2942803064,518682.8704729599,273680.38784703996,174.59075453946684,0.49250006110758043,0.49192212096106047,0.24709832851455144,-0.03286937046152125,0.4604102327408168,False
科创50ETF华夏,12月,2.05,1.636,2026-12-23,202612,rule_fourth_wednesday,medium,142.0,102.0,543223.1269977599,-173637.46388032002,369585.6631174399,716860.5908780799,2904.0,1132.0,4036.0,802.0,99.0,901.0,0.56515,-0.1632,0.636,168653.57138470397,-73928.25743044629,94725.31395425768,242581.82881515025,134836.75637263997,234748.90674479993,451.31573413901685,0.36811522754676823,0.4932614555256066,0.1818133146433821,-0.028888047630519324,0.303497286275473,False
科创50ETF华夏,12月,2.1,1.636,2026-12-23,202612,rule_fourth_wednesday,medium,142.0,102.0,786286.72915632,-301752.94996784005,484533.77918847994,1088039.67912416,4417.0,2023.0,6440.0,1881.0,14.0,1895.0,0.5706,-0.18510000000000001,0.6112,448670.346429729,-121723.16107323872,326947.1853564903,570393.5075029677,332755.60608463996,151778.17310383997,249.43997479809957,0.4870030337023148,0.4891071428571427,0.21638753385198584,-0.010454963839579223,0.4027662767310103,False
科创50ETF华夏,12月,2.15,1.636,2026-12-23,202612,rule_fourth_wednesday,medium,142.0,102.0,1081683.00112416,-405725.53212671995,675957.46899744,1487408.53325088,6418.0,2858.0,9276.0,1253.0,8.0,1261.0,0.5873999999999999,-0.19995000000000002,0.58005,540716.8435300359,-166011.62984975913,374705.21368027676,706728.4733797951,210043.61747664,465913.85152080003,189.6805327572789,0.45452850442148085,0.47355887666283464,0.09901565990159325,-0.0011068183918652792,0.4462058907441326,False
科创50ETF华夏,12月,2.2,1.636,2026-12-23,202612,rule_fourth_wednesday,medium,142.0,102.0,2061413.0236761603,-949064.76552096,1112348.2581552002,3010477.7891971203,12914.0,6758.0,19672.0,3895.0,100.0,3995.0,0.5826500000000001,-0.2233,0.5605500000000001,572056.5586782107,-398134.20497304265,173922.35370516806,970190.7636512534,607700.5579968002,504647.7001584001,351.8049255575297,0.348504312701436,0.48275058275058275,0.15820396620198282,0.07625797732661642,0.6116528100602501,False
科创50ETF华夏,12月,2.25,1.636,2026-12-23,202612,rule_fourth_wednesday,medium,142.0,102.0,345920.94196416,-182046.26489343998,163874.67707072003,527967.2068576,2294.0,1304.0,3598.0,719.0,0.0,719.0,0.43415000000000004,-0.33635,0.5425,131615.41561395847,-76349.75063839181,55265.66497556666,207965.16625235026,108420.73115616,55453.94591456,328.4341929867744,0.39993791152165287,0.3682926829268294,0.1567131647776809,-0.00856898029134533,0.2671846905200856,False
科创50ETF华夏,12月,2.3,1.636,2026-12-23,202612,rule_fourth_wednesday,medium,142.0,102.0,872104.31776768,-160194.44154079998,711909.8762268801,1032298.75930848,6134.0,1229.0,7363.0,5372.0,6.0,5378.0,0.6015999999999999,-0.2525,0.5091,616969.4314650848,-61117.628915179404,555851.8025499054,678087.0603802642,762984.5393862401,-51074.66315935999,116.76332228201954,0.5444853261070501,0.4715568862275449,0.44032819512578186,0.049798292375005576,0.4484216507517407,False
科创50ETF华夏,12月,2.35,1.636,2026-12-23,202612,rule_fourth_wednesday,medium,142.0,102.0,464032.67630719993,-78972.42332639998,385060.25298079994,543005.0996335999,3464.0,590.0,4054.0,3450.0,1.0,3451.0,0.5462,-0.29919999999999997,0.5003,384104.9044985601,-34239.71791767973,349865.18658088037,418344.6224162399,462023.40399504,-76963.15101424,127.75531690319582,0.6306597487738644,0.47546095444685466,0.4988266724077191,0.5090665127544854,0.33814943026012517,False
科创50ETF华夏,12月,2.4,1.636,2026-12-23,202612,rule_fourth_wednesday,medium,142.0,102.0,473189.93266175996,-68663.6313328,404526.30132896,541853.5639945599,3768.0,547.0,4315.0,4876.0,2.0,4878.0,0.58345,-0.29555,0.46909999999999996,283913.95959705603,-30057.173385046317,253856.78621200973,313971.13298210234,472938.87733695994,-68412.57600799999,358.0778174632851,0.5188725880179912,0.49179716629381065,0.6488557544141563,0.03798919307153953,0.355377127398284,False
科创50ETF华夏,12月,2.45,1.636,2026-12-23,202612,rule_fourth_wednesday,medium,142.0,102.0,439729.45026815997,-92553.33873984,347176.11152832,532282.7890079999,3728.0,759.0,4487.0,4659.0,0.0,4659.0,0.5687,-0.31875,0.44815,263837.670160896,-40838.3162541849,222999.35390671113,304675.98641508096,439729.45026815997,-92553.33873984,420.0054846328471,0.5206204379562046,0.4952204564464094,0.6248658798283262,0.009986320109439124,0.35545344622047964,False
科创50ETF华夏,12月,2.5,1.636,2026-12-23,202612,rule_fourth_wednesday,medium,142.0,102.0,829436.5553092798,-87020.3791488,742416.1761604798,916456.9344580799,7509.0,744.0,8253.0,11592.0,0.0,11592.0,0.25689999999999996,-0.32889999999999997,0.42485,497661.93318556796,-38865.8037822991,458796.12940326886,536527.736967867,829436.5553092798,-87020.3791488,510.6035705862759,0.523314378554021,0.4067869946841389,0.7718737514982021,0.15914676966292135,0.4751956227338828,False
科创50ETF华夏,12月,2.55,1.636,2026-12-23,202612,rule_fourth_wednesday,medium,142.0,102.0,3356957.2623465606,-630142.3881276799,2726814.8742188807,3987099.6504742405,32334.0,5702.0,38036.0,27374.0,35.0,27409.0,0.63925,-0.30989999999999995,0.4004,2420209.6363746827,-286104.9809740078,2134104.655400675,2706314.6173486905,2838135.7761457604,-111320.90192687971,228.81880024737097,0.5874928194285118,0.4618613327805991,0.42636964906602143,0.09273801298540502,0.7334416236594247,False
科创50ETF华夏,3月,1.45,1.636,2027-03-24,202703,rule_fourth_wednesday,medium,233.0,167.0,11296.39225264,-247228.52434911998,-235932.13209647997,258524.91660176,61.0,1943.0,2004.0,50.0,2793.0,2843.0,0.44934999999999997,0.23089999999999997,0.58365,8646.475691136431,-134984.6588076796,-126338.18311654316,143631.13449881604,-237969.18643712,2037.0543406399997,283.0136441003348,0.6557053291310586,0.7153586666417444,1.1285699821975481,2.3962806748466257,0.2514163728795283,False
科创50ETF华夏,3月,1.5,1.636,2027-03-24,202703,rule_fourth_wednesday,medium,233.0,167.0,8792.61053952,-35598.253278719996,-26805.642739199997,44390.863818239995,48.0,264.0,312.0,20.0,194.0,214.0,0.46245,0.19355000000000003,0.5941000000000001,5830.200811812946,-22215.44152220376,-16385.240710390815,28045.642334016706,-22495.73476032,-4309.90797888,233.41660605677362,0.6435697454576115,0.716554609093182,0.5757575757575758,0.569374271278663,0.06525963001541071,False
科创50ETF华夏,3月,1.55,1.636,2027-03-24,202703,rule_fourth_wednesday,medium,233.0,167.0,37878.627870719996,-43255.33362528,-5376.705754560004,81133.961496,182.0,322.0,504.0,166.0,254.0,420.0,0.45735000000000003,0.1631,0.63975,34702.408366421216,-22299.33348384,12403.074882581215,57001.74185026121,427.97171039999375,-5804.677464959997,284.68687744126834,0.7158377005930219,0.611738481018973,0.8504538939321549,4.41096256684492,0.09698271685459559,False
科创50ETF华夏,3月,1.6,1.636,2027-03-24,202703,rule_fourth_wednesday,medium,233.0,167.0,189238.973184,-292847.20394239994,-103608.23075839994,482086.17712639994,900.0,2137.0,3037.0,404.0,1061.0,1465.0,0.46495,0.12915000000000001,0.6488,143768.7925786574,-122880.27741486653,20888.515163790857,266649.06999352394,-60448.55510015998,-43159.675658239954,249.26590121796562,0.5896631382259603,0.5855550408374219,0.4726896480008319,0.27408094392711196,0.2779590548840302,True
科创50ETF华夏,3月,1.65,1.636,2027-03-24,202703,rule_fourth_wednesday,medium,233.0,167.0,120884.42360928,-64744.59882975999,56139.82477952001,185629.02243903998,606.0,466.0,1072.0,706.0,411.0,1117.0,0.48205,0.09760000000000002,0.6322,69280.01435503433,-53625.67302261383,15654.341332420503,122905.68737764817,63781.35468432001,-7641.529904800002,242.36187513959229,0.7006871678555522,0.6263126312631265,1.0234953752886018,2.326515418674817,0.1697899390759858,True
科创50ETF华夏,3月,1.7,1.636,2027-03-24,202703,rule_fourth_wednesday,medium,233.0,167.0,142980.45045696,-155672.87625824,-12692.425801279984,298653.3267152,716.0,1097.0,1813.0,576.0,212.0,788.0,0.48360000000000003,0.0668,0.63815,92201.76299075465,-85075.55105608015,7126.211934674502,177277.3140468348,84938.92173952002,-97631.3475408,159.5941718843736,0.5956789070488051,0.611997382185288,0.4988618018669505,1.0336368134586837,0.2067331369427467,True
科创50ETF华夏,3月,1.75,1.636,2027-03-24,202703,rule_fourth_wednesday,medium,233.0,167.0,56981.689831359996,-161803.65799584,-104821.96816448001,218785.34782720002,287.0,1134.0,1421.0,256.0,171.0,427.0,0.48785,0.03745000000000004,0.6374500000000001,27920.013630057456,-81744.71798012906,-53824.70435007161,109664.73161018651,26427.90885872,-131249.8770232,326.20022208545464,0.49759576503392045,0.5872585043222651,0.5213898567557104,0.32219521872830076,0.16399014945703044,False
科创50ETF华夏,3月,1.8,1.636,2027-03-24,202703,rule_fourth_wednesday,medium,233.0,167.0,135596.21211264,-87086.97036928,48509.241743360006,222683.18248192,696.0,599.0,1295.0,189.0,23.0,212.0,0.48865,0.008550000000000002,0.6355500000000001,41847.796496832,-44100.56275918256,-2252.7662623505603,85948.35925601456,33477.4781432,15031.76360015999,321.3404396153726,0.4075087427749505,0.5904555119161352,0.1549745265097001,-0.026063601056604803,0.14376839944916786,False
科创50ETF华夏,3月,1.85,1.636,2027-03-24,202703,rule_fourth_wednesday,medium,233.0,167.0,24916.304212799994,-61163.955716,-36247.6515032,86080.25992879999,130.0,425.0,555.0,51.0,2.0,53.0,0.49455000000000005,-0.01780000000000001,0.6269,8893.203965183999,-18793.189632800408,-9899.985667616409,27686.393597984406,9487.027426719998,-45734.678929919995,558.854345791137,0.33209115097435593,0.5626101736192795,0.19850678733031674,-0.028985507246376812,0.0653696607245285,False
科创50ETF华夏,3月,1.9,1.636,2027-03-24,202703,rule_fourth_wednesday,medium,233.0,167.0,98637.20150256001,-84270.27950879998,14366.921993760028,182907.48101136,527.0,609.0,1136.0,114.0,5.0,119.0,0.50875,-0.03985,0.60815,19234.207100747644,-26715.63719922059,-7481.430098472945,45949.84429996823,20645.20542592,-6278.28343215998,383.84528716520396,0.2560113816901993,0.525868041681828,0.11226448310136067,-0.012037037037037037,0.11726233381806964,False
科创50ETF华夏,3月,1.95,1.636,2027-03-24,202703,rule_fourth_wednesday,medium,233.0,167.0,101129.79546239998,-51385.083165439995,49744.71229695999,152514.87862783996,555.0,344.0,899.0,24.0,0.0,24.0,0.48765,-0.0733,0.6194500000000001,28311.07383749092,-16685.239276605556,11625.834560885363,44996.313114096476,4373.18034432,45371.53195263998,382.8997582369276,0.3023288420591066,0.5529310490181096,0.021621621621621623,0.006386861313868613,0.08420722682663463,False
科创50ETF华夏,3月,2.0,1.636,2027-03-24,202703,rule_fourth_wednesday,medium,233.0,167.0,56216.8543344,-34319.637609599995,21897.216724800004,90536.491944,318.0,258.0,576.0,35.0,5.0,40.0,0.524,-0.08329999999999999,0.57875,13718.32671808,-11855.954108264914,1862.3726098150855,25574.28082634491,5522.280372,16374.93635280001,600.8882339698332,0.2947410066249937,0.4928886149104218,0.06472136902150066,0.01680947580645161,0.06527180021625928,False
科创50ETF华夏,3月,2.05,1.636,2027-03-24,202703,rule_fourth_wednesday,medium,233.0,167.0,118009.385136,-16640.739170559995,101368.64596544,134650.12430656,690.0,124.0,814.0,200.0,27.0,227.0,0.52145,-0.10704999999999998,0.5702,39492.24370089743,-7191.779781102959,32300.46391979447,46684.02348200039,30582.232125120005,70786.41384032,397.6289264375648,0.38341626043947596,0.5012550122671438,0.25379850397381953,0.15301505217471606,0.10696192118067985,False
科创50ETF华夏,3月,2.1,1.636,2027-03-24,202703,rule_fourth_wednesday,medium,233.0,167.0,178516.07372927997,-52026.585726720004,126489.48800255997,230542.65945599996,1073.0,407.0,1480.0,745.0,175.0,920.0,0.53525,-0.12320000000000003,0.5496000000000001,95791.80741234025,-28819.67507472336,66972.13233761689,124611.48248706361,101576.23499519998,24913.253007359996,266.15066834445275,0.5452708855848236,0.44591765294215696,0.5621452173176311,0.5159055279997944,0.18971024120248547,False
科创50ETF华夏,3月,2.15,1.636,2027-03-24,202703,rule_fourth_wednesday,medium,233.0,167.0,861851.2504207998,-342637.2560816,519213.99433919985,1204488.5065023997,5365.0,2690.0,8055.0,3219.0,703.0,3922.0,0.5342,-0.1443,0.5380499999999999,528100.373771786,-160172.87700733732,367927.4967644487,688273.2507791233,427566.5156705599,91647.47866863999,290.19589696166076,0.5401109404232365,0.4427895981087471,0.4306691449814126,0.24876498753613832,0.46572145740635634,False
科创50ETF易方达,8月,1.4,1.586,2026-08-26,202608,rule_fourth_wednesday,medium,23.0,17.0,30851.835019200007,-1234201.3086546003,-1203349.4736354002,1265053.1436738004,120.0,5643.0,5763.0,125.0,14236.0,14361.0,0.3463,0.26905,0.9458,20907.61513470572,-1062212.2341477626,-1041304.619013057,1083119.8492824684,-1203349.4736354002,0.0,212.1575851521194,0.7691628207671934,0.384819064430715,1.7822191210349105,0.7839265468787577,0.4802333473612324,False
科创50ETF易方达,8月,1.45,1.586,2026-08-26,202608,rule_fourth_wednesday,medium,23.0,17.0,43776.191206799995,-1644597.3472500003,-1600821.1560432003,1688373.5384568004,183.0,6875.0,7058.0,235.0,12053.0,12288.0,0.0001,0.19699999999999998,0.951,25800.264035302684,-1042831.9977364867,-1017031.733701184,1068632.2617717895,-1600821.1560432003,0.0,368.40006211311993,0.6117315632127299,0.32553191489361705,1.5186583209140587,16.132530120481928,0.525174304757854,False
科创50ETF易方达,8月,1.5,1.586,2026-08-26,202608,rule_fourth_wednesday,medium,23.0,17.0,326958.89434572007,-2038579.7729424404,-1711620.8785967203,2365538.6672881604,1281.0,7987.0,9268.0,741.0,12120.0,12861.0,0.0001,0.1441,1.0147,191187.08528488086,-1697273.9277548722,-1506086.8424699914,1888461.013039753,-1849448.9839415203,137828.10534480005,216.357299412855,0.7086600728518142,0.24787720444154154,1.047960107305519,0.1412559109366914,0.5730809356733466,False
科创50ETF易方达,8月,1.55,1.586,2026-08-26,202608,rule_fourth_wednesday,medium,23.0,17.0,554075.9611946001,-3346288.6498288,-2792212.6886342,3900364.6110234,2081.0,12568.0,14649.0,2032.0,17512.0,19544.0,0.0001,0.09009999999999999,1.0585,447072.38933272724,-2055238.2771288964,-1608165.8877961691,2502310.6664616237,-2805259.1672976,13046.478663399996,182.33752396173676,0.710531817554408,0.20359366798457773,1.184916820397088,0.0396955837519915,0.6670467531529076,True
科创50ETF易方达,8月,1.6,1.586,2026-08-26,202608,rule_fourth_wednesday,medium,23.0,17.0,1172926.3878644004,-1444522.7997179204,-271596.41185351997,2617449.1875823205,4310.0,5308.0,9618.0,8793.0,16084.0,24877.0,0.0001,0.03610000000000002,1.0819,997148.989793261,-1138327.5687394612,-141178.5789462002,2135476.5585327223,-271596.41185351997,0.0,37.652982883981835,0.8190839628991637,0.15132269142231802,2.535141195621196,0.7252072812070725,0.5990292462974584,True
科创50ETF易方达,8月,1.65,1.586,2026-08-26,202608,rule_fourth_wednesday,medium,23.0,17.0,1418617.54124064,-1103824.23387912,314793.3073615199,2522441.77511976,5196.0,4043.0,9239.0,7975.0,10474.0,18449.0,0.0001,-0.016900000000000026,1.0854,1218674.1684123795,-875764.9218065253,342909.24660585413,2094439.090218905,314793.3073615199,0.0,100.552562086913,0.8262246169971363,0.20381020848310577,2.0627424975584825,0.49737961694172395,0.5862898166438776,True
科创50ETF易方达,8月,1.7,1.586,2026-08-26,202608,rule_fourth_wednesday,medium,23.0,17.0,3268118.51841748,-2283830.6314028404,984287.8870146396,5551949.14982032,8827.0,6389.0,15216.0,11272.0,9632.0,20904.0,0.6446,-0.12535000000000002,1.4465,2658106.010505704,-1802197.5813419526,855908.4291637517,4460303.591847656,984287.8870146396,0.0,140.13155226423146,0.8012280915219482,0.27713625866050806,1.392291111257182,0.296694570162933,0.71096369981594,False
科创50ETF易方达,8月,1.75,1.586,2026-08-26,202608,rule_fourth_wednesday,medium,23.0,17.0,3416892.5455340003,-1698777.0653890404,1718115.4801449599,5115669.610923041,9890.0,5102.0,14992.0,8134.0,6806.0,14940.0,0.6432500000000001,-0.19019999999999998,1.3486,3053268.6734620836,-1344249.6778295895,1709018.995632494,4397518.351291673,1111435.6712513599,606679.8088936001,152.55867641400494,0.8424424420841652,0.32552581261950286,1.0782167939851102,0.04053037663934412,0.6913870706077574,False
科创50ETF易方达,8月,1.8,1.586,2026-08-26,202608,rule_fourth_wednesday,medium,23.0,17.0,3440364.0074575203,-895375.4802917602,2544988.5271657603,4335739.48774928,11187.0,2974.0,14161.0,10291.0,3023.0,13314.0,0.6560999999999999,-0.24240000000000003,1.20975,2841165.4418113525,-602179.9178312302,2238985.523980122,3443345.359642583,2269439.5729616005,275548.95420415985,143.49090208051737,0.7491886853258427,0.367765273311897,0.9681915806901673,0.037571510003036684,0.6638665360848983,False
科创50ETF易方达,8月,1.85,1.586,2026-08-26,202608,rule_fourth_wednesday,medium,23.0,17.0,3411765.5647909604,-2188576.4334387206,1223189.1313522398,5600341.998229681,12602.0,8192.0,20794.0,10059.0,1448.0,11507.0,0.668,-0.2871,1.0692,3039071.644931674,-787412.7932504587,2251658.851681215,3826484.438182133,2336445.9241536404,-1113256.7928014002,212.1503334390892,0.6252726225222567,0.40247252747252754,0.48748222318382,0.17090430560617298,0.7193611234250439,False
科创50ETF易方达,8月,1.9,1.586,2026-08-26,202608,rule_fourth_wednesday,medium,23.0,17.0,2555224.9814956808,-775724.2804459201,1779500.7010497607,3330949.2619416006,10896.0,3299.0,14195.0,6198.0,603.0,6801.0,0.6738500000000001,-0.32695,0.93355,1782060.1443052453,-299653.7899666005,1482406.3543386448,2081713.9342718457,1311706.3190556003,467794.38199416036,202.25351919200244,0.5418535700860299,0.4236069502696225,0.375807630265746,-0.02700984920878743,0.6181351043930289,False
科创50ETF易方达,8月,1.95,1.586,2026-08-26,202608,rule_fourth_wednesday,medium,23.0,17.0,2368034.39289144,-877434.7201692802,1490599.67272216,3245469.1130607203,11683.0,4298.0,15981.0,5490.0,483.0,5973.0,0.6913,-0.3555,0.8087,1242154.3013426936,-329270.14136945945,912884.1599732342,1571424.442712153,1014167.2196323201,476432.4530898401,249.85493468313587,0.4499076655397951,0.44131641554321965,0.2911456998824261,0.05026318439271082,0.6195654465140172,False
科创50ETF易方达,8月,2.0,1.586,2026-08-26,202608,rule_fourth_wednesday,medium,23.0,17.0,2557127.0736429607,-408207.56861352007,2148919.505029441,2965334.6422564806,14714.0,2319.0,17033.0,5790.0,196.0,5986.0,0.70295,-0.38105,0.6953499999999999,1246313.6755700684,-156900.48518673377,1089413.1903833346,1403214.1607568022,971735.2560479203,1177184.2489815205,223.4695720219105,0.43587635658361235,0.4556812824139557,0.23901098788380415,0.05358090329287176,0.6161386494952202,False
科创50ETF易方达,8月,2.05,1.586,2026-08-26,202608,rule_fourth_wednesday,medium,23.0,17.0,1466074.5114142403,-292347.82515848003,1173726.6862557603,1758422.3365727204,9919.0,1729.0,11648.0,2620.0,76.0,2696.0,0.3524,-0.37095,0.6299,454147.4237949634,-139822.57098673686,314324.85280822654,593969.9947817002,374397.7788220802,799328.9074336803,292.82863477431727,0.3940228736773369,0.4303296703296703,0.15404778707531003,0.012553522166530676,0.5093484646189927,False
科创50ETF易方达,8月,2.1,1.586,2026-08-26,202608,rule_fourth_wednesday,medium,23.0,17.0,1013436.9498656002,-124318.01404464003,889118.9358209602,1137754.9639102402,8045.0,1668.0,9713.0,4366.0,96.0,4462.0,0.6347,-0.4463,0.39855,375527.35795022285,-50560.34833241143,324967.0096178114,426087.7062826343,542834.5307008001,346284.40512016,339.28155594388545,0.3886250121183239,0.45844766758134065,0.3001256421835807,-0.01231586752347998,0.47496216585769124,False
科创50ETF易方达,8月,2.15,1.586,2026-08-26,202608,rule_fourth_wednesday,medium,23.0,17.0,648798.0271349202,-93582.08847312003,555215.9386618002,742380.1156080402,5939.0,876.0,6815.0,2000.0,39.0,2039.0,0.73395,-0.43405,0.4295,293404.4798148649,-38759.306181074186,254645.17363379075,332163.7859959391,214320.9707033201,340894.9679584801,187.15137091742886,0.43320108548236413,0.47966041740360815,0.19063878887410132,-0.009176262128777328,0.37946074085278647,False
科创50ETF易方达,8月,2.2,1.586,2026-08-26,202608,rule_fourth_wednesday,medium,23.0,17.0,497428.71504144004,-36483.30358400001,460945.41145744,533912.0186254401,5558.0,700.0,6258.0,4226.0,62.0,4288.0,0.6673,-0.46349999999999997,0.2815,225901.37093128802,-16099.542974091743,209801.82795719628,242000.91390537977,374986.28087024007,85959.13058720001,515.040376464833,0.44771170406425476,0.4771869358279993,0.4244584382871536,0.07312861963109393,0.3752754114018364,False
科创50ETF易方达,8月,2.25,1.586,2026-08-26,202608,rule_fourth_wednesday,medium,23.0,17.0,586342.4297702401,-55647.55232088001,530694.8774493601,641989.9820911201,7488.0,529.0,8017.0,1398.0,40.0,1438.0,0.37870000000000004,-0.43545,0.36475,158196.03094637507,-24862.14443726137,133333.8865091137,183058.17538363644,105261.62548824001,425433.2519611201,573.3824628520473,0.35829009932801814,0.4601241272304111,0.1311565423391983,0.014286700174787755,0.3706843065625107,False
科创50ETF易方达,8月,2.3,1.586,2026-08-26,202608,rule_fourth_wednesday,medium,23.0,17.0,759438.7011993602,-86877.90413016001,672560.7970692002,846316.6053295202,11232.0,946.0,12178.0,4231.0,22.0,4253.0,0.38635,-0.44555,0.31694999999999995,115422.40072631721,-37789.82949825993,77632.57122805728,153212.23022457713,284053.75961976004,388507.0374494401,525.6204311589148,0.2934800650564603,0.47162510748065345,0.1999737046975419,-0.04083885209713024,0.4614359947777277,False
科创50ETF易方达,8月,2.35,1.586,2026-08-26,202608,rule_fourth_wednesday,medium,23.0,17.0,344003.39371944004,-16426.038959200007,327577.35476024,360429.43267864006,6282.0,206.0,6488.0,1365.0,36.0,1401.0,0.38455,-0.45585,0.26735,37543.57318275201,-8273.155196255635,29270.417986496373,45816.72837900764,71877.0633906,255700.29136964,1184.9822769250338,0.30639910835885426,0.46777238403452004,0.19602238480726253,-0.04640236495263775,0.30991593931261296,False
科创50ETF易方达,8月,2.4,1.586,2026-08-26,202608,rule_fourth_wednesday,medium,23.0,17.0,382278.5396440401,-22994.693765680004,359283.8458783601,405273.2334097201,7961.0,334.0,8295.0,1184.0,13.0,1197.0,0.39355,-0.4626,0.2323,35484.37359363867,-10518.355380111556,24966.018213527117,46002.72897375023,55959.385963000015,303324.4599153601,723.8397077782549,0.2751243384904668,0.4702606934953177,0.09382359511601092,-0.043173596611072444,0.33536294755113316,False
科创50ETF易方达,8月,2.45,1.586,2026-08-26,202608,rule_fourth_wednesday,medium,23.0,17.0,1608515.4002517601,-19101.238067080005,1589414.16218468,1627616.6383188402,37749.0,323.0,38072.0,9815.0,13.0,9828.0,0.40315,-0.4682,0.20224999999999999,381055.0002058459,-8867.696658890822,372187.3035469551,389922.69686473673,417456.30239612004,1171957.85978856,283.5866526904266,0.35057289531913427,0.4781938848068263,0.15012728280912369,0.07920336330438518,0.6242716693599234,False
科创50ETF易方达,9月,1.1,1.586,2026-09-23,202609,rule_fourth_wednesday,medium,51.0,37.0,85509.93116952,-1554923.25346436,-1469413.3222948401,1640433.18463388,1062.0,23567.0,24629.0,8.0,5690.0,5698.0,0.3206,0.43395,0.2912,34116.916501640444,-162363.3096918397,-128246.39319019926,196480.22619348014,-374775.44037752,-1094637.88191732,419.9172001029591,0.2517003886805754,0.4512244897959183,0.12448612870130174,-0.002565311772839857,0.5802590440635779,False
科创50ETF易方达,9月,1.15,1.586,2026-09-23,202609,rule_fourth_wednesday,medium,51.0,37.0,32938.506924960006,-1410820.8197990402,-1377882.3128740801,1443759.3267240003,357.0,16229.0,16586.0,7.0,5286.0,5293.0,0.6591,0.42545,0.3562,11619.913216332709,-577025.9286130874,-565406.0153967547,588645.8418294201,-458877.15225040005,-919005.1606236802,360.22020214769316,0.3808880527901271,0.47458179448185966,0.17266053627070396,-0.03166314533673,0.538190785729583,False
科创50ETF易方达,9月,1.2,1.586,2026-09-23,202609,rule_fourth_wednesday,medium,51.0,37.0,52620.62539032001,-1040058.1906603202,-987437.5652700003,1092678.8160506403,489.0,9342.0,9831.0,17.0,265.0,282.0,0.608,0.4128,0.43520000000000003,17889.332655068676,-115806.95032379203,-97917.61766872335,133696.28297886072,-27673.481249440007,-959764.0840205601,427.62141684145445,0.22565734025137957,0.4411764705882352,0.031565671490846145,0.008944283158394288,0.37708521443216214,False
科创50ETF易方达,9月,1.25,1.586,2026-09-23,202609,rule_fourth_wednesday,medium,51.0,37.0,43787.13317940001,-1060509.7687620802,-1016722.6355826802,1104296.9019414803,339.0,7702.0,8041.0,22.0,1410.0,1432.0,0.5650999999999999,0.3957,0.53045,14757.798900471955,-438003.98101272935,-423246.1821122574,452761.7799132013,-191305.17276520003,-825417.4628174802,301.5450204794905,0.3750238678436972,0.39635854341736687,0.12398304390155719,-0.029529282447739877,0.41503596396377507,False
科创50ETF易方达,9月,1.3,1.586,2026-09-23,202609,rule_fourth_wednesday,medium,51.0,37.0,59914.31793984001,-486512.7013281601,-426598.3833883201,546427.0192680001,357.0,2943.0,3300.0,14.0,485.0,499.0,0.5802,0.35285,0.6622,18085.73049822623,-140820.392017222,-122734.66151899578,158906.12251544825,-77826.65408752003,-348771.7293008001,431.4355967467367,0.2956542249271694,0.3774294670846396,0.10200675581139694,0.018629127655414704,0.2569583539882915,False
科创50ETF易方达,9月,1.35,1.586,2026-09-23,202609,rule_fourth_wednesday,medium,51.0,37.0,103413.36281536001,-855891.3595876801,-752477.99677232,959304.7224030402,526.0,4364.0,4890.0,7.0,300.0,307.0,0.5854,0.3075,0.78065,27703.845862633098,-414799.67266019736,-387095.8267975643,442503.51852283045,-57461.40437648001,-695016.59239584,300.17880066018563,0.3762674106921712,0.36533753060510654,0.04102612805079932,0.002581616925879221,0.31480505401240344,False
科创50ETF易方达,9月,1.4,1.586,2026-09-23,202609,rule_fourth_wednesday,medium,51.0,37.0,119736.11961480003,-623293.0184691602,-503556.89885436016,743029.1380839602,505.0,2861.0,3366.0,136.0,2400.0,2536.0,0.5702499999999999,0.264,0.90435,42382.2861691439,-351581.55235254276,-309199.26618339884,393963.8385216867,-490614.5072774401,-12942.39157692001,453.27164975291987,0.45901757210349226,0.2846473029045643,0.5540872297645703,0.17519212206712206,0.3353848252702867,False
科创50ETF易方达,9月,1.45,1.586,2026-09-23,202609,rule_fourth_wednesday,medium,51.0,37.0,233260.97188680005,-738242.0628024,-504981.09091559995,971503.0346892,855.0,3054.0,3909.0,24.0,1407.0,1431.0,0.5582,0.21355000000000002,1.0228,37860.318646367654,-420286.58403662714,-382426.2653902595,458146.9026829948,-333565.80832535995,-171415.2825902399,283.98190005472225,0.365808064113078,0.20735294117647057,0.24438872229690137,0.27167383094053105,0.3468119952015599,False
科创50ETF易方达,9月,1.5,1.586,2026-09-23,202609,rule_fourth_wednesday,medium,51.0,37.0,310827.8861833601,-850733.6910134403,-539905.8048300801,1161561.5771968004,1087.0,3321.0,4408.0,288.0,1883.0,2171.0,0.5735,0.15410000000000001,1.0776,93079.15307472902,-448197.19513098523,-355118.0420562562,541276.3482057143,-400010.54705248016,-139895.25777759997,241.97469346661893,0.413145838525499,0.2282451516684068,0.41597364711253165,0.14203621181967638,0.3897575413685738,False
科创50ETF易方达,9月,1.55,1.586,2026-09-23,202609,rule_fourth_wednesday,medium,51.0,37.0,455258.00048560015,-484776.9271644,-29518.92667879985,940034.9276500002,1510.0,1802.0,3312.0,360.0,869.0,1229.0,0.5722,0.09654999999999997,1.13405,215095.21813690165,-199549.3929108854,15545.825226016255,414644.611047787,-125241.44107019999,95722.51439140012,294.2671716049849,0.442050105931669,0.2168051174492025,0.36032627470580886,0.03306224095627941,0.32539475930671224,True
科创50ETF易方达,9月,1.6,1.586,2026-09-23,202609,rule_fourth_wednesday,medium,51.0,37.0,271949.0200648001,-506469.9538080001,-234520.93374319997,778418.9738728001,874.0,1880.0,2754.0,380.0,929.0,1309.0,0.57765,0.039049999999999974,1.154,114306.12426360478,-218455.48670973585,-104149.36244613107,332761.61097334063,-132032.88450040002,-102488.04924279999,449.9507040943508,0.4258257456976924,0.21128378270940135,0.46446577243293247,0.12156232154128219,0.3055400051593714,True
科创50ETF易方达,9月,1.65,1.586,2026-09-23,202609,rule_fourth_wednesday,medium,51.0,37.0,492668.27780352015,-560925.3090407202,-68257.03123720008,1053593.5868442403,1596.0,2069.0,3665.0,359.0,336.0,695.0,0.5801000000000001,-0.016949999999999993,1.1525,158674.92562991442,-268899.7819061577,-110224.85627624326,427574.7075360721,19726.741590400008,-87983.77282760013,345.9220226507465,0.40072930922677075,0.25337078651685396,0.19366731836841983,0.005380392329711715,0.32373366448660135,True
科创50ETF易方达,9月,1.7,1.586,2026-09-23,202609,rule_fourth_wednesday,medium,51.0,37.0,1119129.8651520002,-1019930.6458712801,99199.2192807201,2139060.51102328,3720.0,3839.0,7559.0,482.0,312.0,794.0,0.5849,-0.06989999999999999,1.1261,649452.9700660851,-305620.1227425666,343832.84732351854,955073.0928086517,62114.585128960025,37084.63415176002,252.730562489269,0.43998376137635253,0.29904988123515425,0.10542052841941926,0.007065300131109248,0.4437573468625181,False
科创50ETF易方达,9月,1.75,1.586,2026-09-23,202609,rule_fourth_wednesday,medium,51.0,37.0,1455531.6315436002,-1493953.62628668,-38421.99474307988,2949485.2578302803,5114.0,5671.0,10785.0,809.0,417.0,1226.0,0.58435,-0.12080000000000002,1.0894,452047.17663331825,-484736.4386037206,-32689.261970402382,936783.6152370388,120401.79401224003,-158823.78875531978,411.0329336694478,0.31751869308203534,0.3153526970954358,0.11586260004398394,-0.01608038539143616,0.519910361537897,False
科创50ETF易方达,9月,1.8,1.586,2026-09-23,202609,rule_fourth_wednesday,medium,51.0,37.0,1307586.2513313603,-677796.0404560801,629790.2108752802,1985382.2917874404,4851.0,2674.0,7525.0,1873.0,747.0,2620.0,0.5833,-0.16874999999999998,1.03965,554101.1261199686,-285725.44435299165,268375.68176697695,839826.5704729602,315519.9298040401,314270.28107124026,388.0472250007067,0.42265476528345336,0.3409420289855073,0.3327313632100468,-0.014050187389731116,0.4827844562142345,False
科创50ETF易方达,9月,1.85,1.586,2026-09-23,202609,rule_fourth_wednesday,medium,51.0,37.0,630523.47396324,-310131.22210720007,320392.25185604,940654.6960704401,2519.0,1304.0,3823.0,1034.0,528.0,1562.0,0.5900000000000001,-0.20959999999999998,0.9702999999999999,377249.0644218402,-151997.33797540367,225251.7264464365,529246.4023972439,133242.89059224,187149.36126379998,273.58618844259854,0.5442087142069414,0.3715509039010467,0.4076941624025504,-0.1345823333503543,0.34725503375681616,False
科创50ETF易方达,9月,1.9,1.586,2026-09-23,202609,rule_fourth_wednesday,medium,51.0,37.0,956411.4133080002,-693592.1739489601,262819.23935904005,1650003.5872569603,4150.0,3222.0,7372.0,668.0,348.0,1016.0,0.6129,-0.23909999999999998,0.886,584360.5673816447,-269632.0589058524,314728.50847579236,853992.6262874971,79034.54724672003,183784.69211232,192.40523471071828,0.49987007307367715,0.41769887145609697,0.13448565210562924,-0.016790517765758524,0.43101819333639846,False
科创50ETF易方达,9月,1.95,1.586,2026-09-23,202609,rule_fourth_wednesday,medium,51.0,37.0,473907.5488929601,-301856.6257335201,172050.92315944005,775764.1746264802,2268.0,1511.0,3779.0,389.0,33.0,422.0,0.62885,-0.2666,0.81245,225256.8410876791,-110816.18882677112,114440.65226090797,336073.0299144502,74690.58412452003,97360.33903491998,271.8182604718993,0.42121671082545653,0.43777668470241027,0.09667829800743986,0.02366436188283486,0.2874550567455973,False
科创50ETF易方达,9月,2.0,1.586,2026-09-23,202609,rule_fourth_wednesday,medium,51.0,37.0,898598.8596499201,-140226.88758624005,758371.9720636801,1038825.7472361602,4748.0,756.0,5504.0,691.0,73.0,764.0,0.6376499999999999,-0.2938,0.7449,280924.4439534527,-57713.64859969306,223210.79535375963,338638.0925531457,117237.12399672001,641134.8480669601,316.2333395412898,0.36209915676366433,0.45133333333333336,0.12104790432507365,-0.0018709549030758764,0.3531786997710108,False
科创50ETF易方达,9月,2.05,1.586,2026-09-23,202609,rule_fourth_wednesday,medium,51.0,37.0,434054.84721300006,-83456.31156720001,350598.53564580006,517511.15878020006,2547.0,484.0,3031.0,356.0,25.0,381.0,0.62045,-0.3295,0.6815,231686.11029336936,-33907.99006070529,197778.12023266408,265594.1003540747,56358.07622900001,294240.45941680006,210.31391755233048,0.4700339006935398,0.4442157266364759,0.09571258683851039,-0.0023686977161174634,0.23655192993438834,False
科创50ETF易方达,9月,2.1,1.586,2026-09-23,202609,rule_fourth_wednesday,medium,51.0,37.0,748670.8946184003,-62317.42666240002,686353.4679560002,810988.3212808003,4905.0,490.0,5395.0,939.0,18.0,957.0,0.53945,-0.3936,0.5562,207063.5954412481,-25435.862584713515,181627.73285653457,232499.45802596162,141034.32970224004,545319.1382537602,399.3501153744562,0.3423705244658618,0.4119607843137256,0.11408600137302627,-0.0002750686736076287,0.33786895683350887,False
科创50ETF易方达,9月,2.15,1.586,2026-09-23,202609,rule_fourth_wednesday,medium,51.0,37.0,806672.9582111201,-84544.27064512004,722128.687566,891217.2288562402,5866.0,572.0,6438.0,1381.0,0.0,1381.0,0.30605,-0.33865,0.56715,356176.93650402036,-34179.67149628404,321997.26500773634,390356.6080003044,189910.56176092004,532218.12580508,280.21889586351165,0.422909779320101,0.2441176470588235,0.11771224002727583,0.021051696571327057,0.3696248176622731,False
科创50ETF易方达,9月,2.2,1.586,2026-09-23,202609,rule_fourth_wednesday,medium,51.0,37.0,566138.2911730001,-35329.742978400005,530808.5481946002,601468.0341514001,4655.0,324.0,4979.0,888.0,5.0,893.0,0.5829,-0.4111,0.4585,286549.93846743554,-14878.635719351241,271671.3027480843,301428.5741867868,107452.81209780002,423355.7360968001,146.99582643720103,0.4636422827708874,0.44922194922194936,0.10309735980162046,0.05363939105613701,0.3059000426078713,False
科创50ETF易方达,9月,2.25,1.586,2026-09-23,202609,rule_fourth_wednesday,medium,51.0,37.0,109228.15344064002,-36625.87622928001,72602.27721136001,145854.02966992004,1016.0,284.0,1300.0,172.0,0.0,172.0,0.30715,-0.3755,0.47005,18319.367466816002,-15498.099709463144,2821.267757352858,33817.46717627915,18491.380306880004,54110.89690448,579.8477153201943,0.2954313589982864,0.40308651847113386,0.08464566929133858,-0.003421309872922776,0.1198216759495415,False
科创50ETF易方达,9月,2.3,1.586,2026-09-23,202609,rule_fourth_wednesday,medium,51.0,37.0,365886.15668332006,-25280.484418800002,340605.6722645201,391166.64110212005,3787.0,234.0,4021.0,421.0,5.0,426.0,0.6576500000000001,-0.41095,0.4068,89447.42642128802,-11069.532129022688,78377.89429226534,100516.95855031071,40135.30642056001,300470.36584396,394.7398042340906,0.34116829406167204,0.48089793641940876,0.06626865637956211,0.015511971176197119,0.24365235009742153,False
科创50ETF易方达,9月,2.35,1.586,2026-09-23,202609,rule_fourth_wednesday,medium,51.0,37.0,417924.87036300014,-15559.711422840002,402365.1589401601,433484.58178584016,4851.0,153.0,5004.0,261.0,10.0,271.0,0.6768000000000001,-0.41695000000000004,0.3734,25711.296291720006,-7187.2624965644145,18524.033795155592,32898.55878828442,21468.77909020001,380896.37984996015,388.35734447743687,0.26171811631784064,0.4876156954764699,0.059581408320904125,-0.025888166084663853,0.25679782003453555,False
科创50ETF易方达,9月,2.4,1.586,2026-09-23,202609,rule_fourth_wednesday,medium,51.0,37.0,349496.49035028,-23379.42358388,326117.0667664,372875.91393416,4557.0,251.0,4808.0,1204.0,14.0,1218.0,0.68465,-0.42605,0.3376,106835.33268772002,-10865.732884427718,95969.5998032923,117701.06557214774,91036.05494984,235081.01181656,384.1858618636233,0.38521989944062507,0.49042827340778006,0.1599929009002393,0.04193112666312119,0.28407430842707315,False
科创50ETF易方达,9月,2.45,1.586,2026-09-23,202609,rule_fourth_wednesday,medium,51.0,37.0,589841.6222998003,-44850.164682960014,544991.4576168403,634691.7869827603,8555.0,477.0,9032.0,3152.0,40.0,3192.0,0.32484999999999997,-0.4224,0.32395,282048.9872671482,-21618.407043548767,260430.58022359945,303667.394310697,213559.9376435201,331431.5199733202,221.28789235595627,0.4800957430633093,0.47221565381886976,0.2261484757035191,0.07168630415412647,0.4039055411948475,False
科创50ETF易方达,12月,1.25,1.586,2026-12-23,202612,rule_fourth_wednesday,medium,142.0,102.0,152323.95518340002,-993128.64872,-840804.6935366001,1145452.6039034,1177.0,8312.0,9489.0,198.0,3232.0,3430.0,0.46435000000000004,0.35375,0.49474999999999997,49664.79360050964,-402619.7936387781,-352955.00003826845,452284.58723928774,-360539.0033284,-480265.6902082,246.81291109541348,0.36572632055346627,0.5496757915405901,0.2785298588686102,0.06681345472728992,0.4633123098932632,False
科创50ETF易方达,12月,1.3,1.586,2026-12-23,202612,rule_fourth_wednesday,medium,142.0,102.0,46936.08196992001,-365610.67051340005,-318674.58854348003,412546.7524833201,304.0,2785.0,3089.0,10.0,789.0,799.0,0.4838,0.31115,0.56785,12915.084870523273,-114553.63414362402,-101638.54927310074,127468.7190141473,-102034.80003756001,-216639.78850592,554.000711711555,0.29424230736910495,0.5673881995378015,0.15809907398658224,0.04486881940039094,0.24795081130928226,False
科创50ETF易方达,12月,1.35,1.586,2026-12-23,202612,rule_fourth_wednesday,medium,142.0,102.0,40674.83370860001,-193624.56910888007,-152949.73540028004,234299.4028174801,235.0,1379.0,1614.0,10.0,636.0,646.0,0.49620000000000003,0.27125,0.6231500000000001,13276.176673665297,-76258.78930194955,-62982.61262828426,89534.96597561485,-87569.53741432002,-65380.19798596003,425.7851569580108,0.3601232669011519,0.6033441368947834,0.25187848116890127,0.19229024943310657,0.1839814378696364,False
科创50ETF易方达,12月,1.4,1.586,2026-12-23,202612,rule_fourth_wednesday,medium,142.0,102.0,68963.63112756003,-145707.65877668004,-76744.02764912,214671.28990424005,351.0,977.0,1328.0,12.0,158.0,170.0,0.4903,0.23575000000000002,0.687,17560.661187742327,-58631.70374661598,-41071.042558873654,76192.36493435831,-21206.045978000002,-55537.98167112001,286.0608630111171,0.32851464453888346,0.5692993209191913,0.09795379191489734,0.015660379060557676,0.13733556469282643,False
科创50ETF易方达,12月,1.45,1.586,2026-12-23,202612,rule_fourth_wednesday,medium,142.0,102.0,51229.862941920015,-129503.05012736002,-78273.18718544001,180732.91306928004,258.0,832.0,1090.0,16.0,263.0,279.0,0.51155,0.19185000000000002,0.7041,12563.22315666609,-50788.56696853872,-38225.343811872626,63351.79012520481,-37759.6155144,-40513.57167104001,446.147263822014,0.31870644356373645,0.612781437420116,0.1890606365533691,0.04379084967320261,0.1291167150529341,False
科创50ETF易方达,12月,1.5,1.586,2026-12-23,202612,rule_fourth_wednesday,medium,142.0,102.0,135036.01578480002,-138852.27398016,-3816.2581953599874,273888.28976496006,655.0,864.0,1519.0,52.0,79.0,131.0,0.5184500000000001,0.15249999999999997,0.72925,31319.4725791505,-36776.65184774584,-5457.179268595337,68096.12442689633,-1975.5668644399993,-1840.691330919988,398.8753318132813,0.24839796751516519,0.611679065738954,0.08541224908114221,0.00404277377567816,0.15552707209790972,False
科创50ETF易方达,12月,1.55,1.586,2026-12-23,202612,rule_fourth_wednesday,medium,142.0,102.0,73610.74977568001,-138016.76004480003,-64406.010269120015,211627.50982048005,344.0,840.0,1184.0,49.0,43.0,92.0,0.52135,0.11395,0.75195,33237.05343499549,-39994.43933828607,-6757.385903290582,73231.49277328156,3420.1084793200007,-67826.11874844001,293.4263950322405,0.37065201797199276,0.5896720757268427,0.09681616832779624,0.041345217586697625,0.12208351835433275,True
科创50ETF易方达,12月,1.6,1.586,2026-12-23,202612,rule_fourth_wednesday,medium,142.0,102.0,368450.7789830401,-199300.45956704003,169150.31941600004,567751.2385500801,1654.0,1192.0,2846.0,86.0,189.0,275.0,0.5193,0.07545000000000002,0.77515,110697.66792901258,-67835.85560357873,42861.81232543384,178533.5235325913,-12442.833931320001,181593.15334732004,360.46473118845677,0.32040532376000014,0.5339217116460004,0.10527610511024728,-0.03425163560783202,0.23527909653341159,True
科创50ETF易方达,12月,1.65,1.586,2026-12-23,202612,rule_fourth_wednesday,medium,142.0,102.0,97339.03363080001,-178161.67527808005,-80822.64164728003,275500.7089088801,438.0,1049.0,1487.0,26.0,112.0,138.0,0.5222,0.03790000000000002,0.77935,26443.711033166044,-59003.73693978266,-32560.025906616618,85447.4479729487,-13243.912095440006,-67578.72955184,414.75294959973655,0.30142345660099135,0.5044020868831607,0.0830645407019514,-0.0013164177808647334,0.15569807081443185,True
科创50ETF易方达,12月,1.7,1.586,2026-12-23,202612,rule_fourth_wednesday,medium,142.0,102.0,106754.18601276001,-131367.36102672003,-24613.17501396002,238121.54703948004,489.0,787.0,1276.0,296.0,72.0,368.0,0.53375,0.003699999999999981,0.7657499999999999,56340.978407525676,-62418.834195721334,-6077.8557881956585,118759.812603247,52601.75992032,-77214.93493428001,297.3816272609495,0.5014554245134031,0.5067346828226829,0.34840181580540636,-0.08295694035374067,0.15994173991376587,False
科创50ETF易方达,12月,1.75,1.586,2026-12-23,202612,rule_fourth_wednesday,medium,142.0,102.0,90556.31862472002,-111764.82969080002,-21208.51106608,202321.14831552003,422.0,682.0,1104.0,295.0,30.0,325.0,0.5419,-0.02914999999999998,0.7523,43432.69879062401,-37333.758242836775,6098.940547787235,80766.45703346079,58387.246182200004,-79595.75724828,505.2168905449215,0.4068296862936499,0.4863469321192736,0.37152020124807156,0.014345053405207545,0.14158607145691962,False
科创50ETF易方达,12月,1.8,1.586,2026-12-23,202612,rule_fourth_wednesday,medium,142.0,102.0,196924.96989256004,-146288.13671160003,50636.833180960006,343213.10660416004,943.0,895.0,1838.0,474.0,36.0,510.0,0.54425,-0.06155000000000002,0.74,90429.66901148928,-67884.8839640851,22544.78504740419,158314.5529755744,93100.33983120002,-42463.506650240015,308.6824641486645,0.46162894411202987,0.48126922001677386,0.2714372885774036,0.4141003837432409,0.205043201311334,False
科创50ETF易方达,12月,1.85,1.586,2026-12-23,202612,rule_fourth_wednesday,medium,142.0,102.0,124594.00329376003,-50208.91401344001,74385.08928032003,174802.91730720003,616.0,304.0,920.0,76.0,12.0,88.0,0.5398499999999999,-0.0947,0.73035,42034.64438438691,-17801.49913851623,24233.145245870684,59836.14352290314,13390.056603040004,60995.03267728003,358.2616313281961,0.3459607564548731,0.46975180972078584,0.08142515379357484,0.014090694430716175,0.10084242837908876,False
科创50ETF易方达,12月,1.9,1.586,2026-12-23,202612,rule_fourth_wednesday,medium,142.0,102.0,163679.76073332006,-128828.52153600001,34851.23919732004,292508.2822693201,843.0,776.0,1619.0,88.0,13.0,101.0,0.5358499999999999,-0.12645,0.7159500000000001,59144.5789129606,-46071.241281371425,13073.337631589173,105215.82019433202,14928.170949120005,19923.068248200027,330.93538763641857,0.3594800226738811,0.4592130518234165,0.060570831957539956,-0.0010692854244651283,0.15794866593931262,False
科创50ETF易方达,12月,1.95,1.586,2026-12-23,202612,rule_fourth_wednesday,medium,142.0,102.0,149494.21014528,-88440.31720160002,61053.89294367998,237934.52734688,804.0,580.0,1384.0,183.0,124.0,307.0,0.5631499999999999,-0.14355,0.6727,43509.50892288,-39706.595198437695,3802.9137244423036,83216.1041213177,15118.737350079991,45935.15559359998,563.2928645435197,0.3700048212690169,0.49534194367986456,0.22070252187339168,-0.046523864088113556,0.15982430430856187,False
科创50ETF易方达,12月,2.0,1.586,2026-12-23,202612,rule_fourth_wednesday,medium,142.0,102.0,332079.4356750001,-142343.41724252005,189736.01843248002,474422.8529175201,1875.0,949.0,2824.0,211.0,8.0,219.0,0.5649,-0.16895000000000002,0.6502,81363.88946618403,-67956.48506901873,13407.4043971653,149320.37453520275,36170.06132012,153565.95711236,387.6051606637668,0.3612127704875293,0.49764104580302715,0.06048162978573937,-0.026802212707108853,0.21812602775577078,False
科创50ETF易方达,12月,2.05,1.586,2026-12-23,202612,rule_fourth_wednesday,medium,142.0,102.0,136701.91224768,-82309.99530208,54391.91694560001,219011.90754976,808.0,568.0,1376.0,229.0,5.0,234.0,0.57,-0.19165000000000001,0.62435,42837.777451872,-31564.3879574192,11273.389494452804,74402.1654092912,38018.92768804,16372.989257560024,571.6779588250839,0.3484240853316912,0.49074242149210384,0.14610932924278341,0.007474039873339349,0.14929389153638445,False
科创50ETF易方达,12月,2.1,1.586,2026-12-23,202612,rule_fourth_wednesday,medium,142.0,102.0,390284.31564720004,-235071.15146424004,155213.16418296,625355.4671114401,2435.0,1701.0,4136.0,1360.0,10.0,1370.0,0.5837,-0.20834999999999998,0.5932999999999999,109494.84291140572,-91663.33459652966,17831.50831487606,201158.17750793538,216600.2464808,-61387.08229783998,532.7580484566881,0.3352450808746248,0.4774398395721924,0.28220022767136616,0.1471044274617648,0.31144343430674976,False
科创50ETF易方达,12月,2.15,1.586,2026-12-23,202612,rule_fourth_wednesday,medium,142.0,102.0,788298.7953578403,-617667.7880864401,170631.0072714002,1405966.5834442803,5211.0,4627.0,9838.0,1713.0,8.0,1721.0,0.5931500000000001,-0.22494999999999998,0.5660499999999999,208760.76330720008,-244130.75238500375,-35369.98907780368,452891.51569220383,258067.70662296005,-87436.69935155986,584.1675404135584,0.33003522908619987,0.4733644859813084,0.16522833674190152,0.023699111004257006,0.45556600138981035,False
科创50ETF易方达,12月,2.2,1.586,2026-12-23,202612,rule_fourth_wednesday,medium,142.0,102.0,184496.34794864003,-30578.537243800005,153917.81070484003,215074.88519244004,1292.0,235.0,1527.0,1082.0,5.0,1087.0,0.59425,-0.2444,0.5425,98702.69017190402,-12547.033604774895,86155.65656712912,111249.72377667892,153857.94428004004,59.86642479999864,404.9926617007695,0.4726530482438147,0.4759530791788855,0.4293689480271392,0.7507927897855295,0.19452973527707096,False
科创50ETF易方达,12月,2.25,1.586,2026-12-23,202612,rule_fourth_wednesday,medium,142.0,102.0,75319.0055072,-1065.8235931200004,74253.18191407999,76384.82910032,560.0,107.0,667.0,64.0,0.0,64.0,0.3471,-0.404,0.28714999999999996,13485.688605098667,-436.46632671790724,13049.22227838076,13922.154931816574,8607.886343679998,65645.29557039999,578.5743176384235,0.2942792350629615,0.36843790012804106,0.05714285714285714,0.0035971223021582736,0.06924389093732825,False
科创50ETF易方达,12月,2.3,1.586,2026-12-23,202612,rule_fourth_wednesday,medium,142.0,102.0,74731.33353972001,-19338.766911360006,55392.56662836001,94070.10045108001,591.0,152.0,743.0,471.0,1.0,472.0,0.5258,-0.31895,0.5042500000000001,38769.250191672014,-8104.889963959703,30664.36022771231,46874.140155631714,59430.22997964001,-4037.66335128,405.96896065799183,0.4689411926293172,0.46189024390243905,0.4017666310446166,0.029111970021917937,0.11647983165023505,False
科创50ETF易方达,12月,2.35,1.586,2026-12-23,202612,rule_fourth_wednesday,medium,142.0,102.0,50901.15099264,-14105.862842760003,36795.28814988,65007.01383540001,428.0,117.0,545.0,364.0,0.0,364.0,0.25994999999999996,-0.3063,0.47605,27938.75447413987,-5922.413116064362,22016.341358075508,33861.16759020423,43289.763928320004,-6494.475778440002,357.15601642278114,0.4843686448057003,0.3863572433192687,0.4252336448598131,0.014423076923076924,0.09269456502530263,False
科创50ETF易方达,12月,2.4,1.586,2026-12-23,202612,rule_fourth_wednesday,medium,142.0,102.0,152361.98797092002,-31003.060626720006,121358.92734420001,183365.04859764,1367.0,268.0,1635.0,1292.0,0.0,1292.0,0.26075,-0.32130000000000003,0.4515,115825.94791106616,-13226.384547856964,102599.56336320919,129052.33245892313,144002.69821392003,-22643.770869720007,244.5226833913623,0.5934089198560397,0.4119103466249674,0.4725676664228237,0.41011984021304926,0.19586690263240264,False
科创50ETF易方达,12月,2.45,1.586,2026-12-23,202612,rule_fourth_wednesday,medium,142.0,102.0,392058.3238301601,-63933.44282260001,328124.88100756006,455991.7666527601,3763.0,577.0,4340.0,4421.0,0.0,4421.0,0.2612,-0.3354,0.42735,214400.97708972995,-27557.15842511416,186843.8186646158,241958.1355148441,392058.3238301601,-63933.44282260001,347.1528616022238,0.48894437738488766,0.40176227971503564,0.5874302418283285,-0.007975941422594142,0.34005830407942284,False
科创50ETF易方达,3月,1.4,1.586,2027-03-24,202703,rule_fourth_wednesday,medium,233.0,167.0,3414.4991462400008,-52278.783073920014,-48864.283927680015,55693.282220160014,21.0,432.0,453.0,15.0,673.0,688.0,0.47545,0.22749999999999998,0.56375,1658.4710138880005,-30552.95858151835,-28894.48756763035,32211.42959540635,-49839.855112320016,975.5711846400002,504.1543615732698,0.5350689808633733,0.7710526315789474,1.1360780423280423,1.4515418502202644,0.10141742122785552,False
科创50ETF易方达,3月,1.45,1.586,2027-03-24,202703,rule_fourth_wednesday,medium,233.0,167.0,0.0,-13039.787710040002,-13039.787710040002,13039.787710040002,0.0,103.0,103.0,0.0,58.0,58.0,0.4923,0.19235000000000002,0.5708,0.0,-5545.074773784001,-5545.074773784001,5545.074773784001,-7342.793079440001,-5696.994630600001,565.4345553147695,0.35262135922330096,0.8103655210038188,0.5631067961165048,0.25735294117647056,0.02627588016330272,False
科创50ETF易方达,3月,1.5,1.586,2027-03-24,202703,rule_fourth_wednesday,medium,233.0,167.0,513.140784,-15421.591028480005,-14908.450244480005,15934.731812480004,3.0,119.0,122.0,1.0,58.0,59.0,0.49155000000000004,0.16125,0.5976,171.04692800000004,-7422.13933957193,-7251.09241157193,7593.186267571929,-7345.358783360002,-7563.091461120001,412.4891200158653,0.4073078341656947,0.760671235926605,0.4103641456582633,0.3046875,0.027927142037719573,False
科创50ETF易方达,3月,1.55,1.586,2027-03-24,202703,rule_fourth_wednesday,medium,233.0,167.0,1999.6643581200005,-28077.45384704,-26077.78948892,30077.11820516,11.0,214.0,225.0,1.0,26.0,27.0,0.49045000000000005,0.12994999999999998,0.62215,339.33698198400015,-9309.531599577589,-8970.194617593588,9648.86858156159,-3229.49177044,-22848.297718479997,515.807032918998,0.2506315300329581,0.6949228030016581,0.10620220900594732,0.035,0.029757454318221646,True
科创50ETF易方达,3月,1.6,1.586,2027-03-24,202703,rule_fourth_wednesday,medium,233.0,167.0,3125.8826092000004,-30644.91854424001,-27519.035935040007,33770.80115344001,17.0,231.0,248.0,8.0,41.0,49.0,0.49629999999999996,0.09885,0.6292,1213.5779541600002,-12669.427319395047,-11455.849365235046,13883.005273555047,-3968.1378058400014,-23550.89812920001,441.1477026316086,0.4008309933694859,0.6727218504069197,0.32403870639164756,0.43178621659634314,0.036106380023273335,True
科创50ETF易方达,3月,1.65,1.586,2027-03-24,202703,rule_fourth_wednesday,medium,233.0,167.0,7956.247855920002,-30902.243555040008,-22945.995699120005,38858.49141096001,42.0,227.0,269.0,11.0,11.0,22.0,0.491,0.06695000000000004,0.64715,3386.174252462101,-10248.203904248849,-6862.029651786748,13634.378156710949,586.3136536400002,-23532.309352760003,354.3204793491938,0.3786161988575445,0.6346863022070481,0.1551814558422488,0.15846238938053098,0.032372802587024144,True
科创50ETF易方达,3月,1.7,1.586,2027-03-24,202703,rule_fourth_wednesday,medium,233.0,167.0,33799.52697576,-50852.75477360002,-17053.227797840016,84652.28174936003,182.0,373.0,555.0,99.0,29.0,128.0,0.49944999999999995,0.038250000000000006,0.64015,14114.088187680001,-14353.979881982388,-239.8916943023869,28468.06806966239,14431.757548519998,-31484.98534636001,559.0246438957848,0.3499239748123152,0.6335778553601035,0.31085201661609163,0.3483502538071066,0.07766314733637154,False
科创50ETF易方达,3月,1.75,1.586,2027-03-24,202703,rule_fourth_wednesday,medium,233.0,167.0,30618.984811480004,-25456.461522960006,5162.5232885199985,56075.446334440014,167.0,186.0,353.0,30.0,9.0,39.0,0.5032,0.010050000000000003,0.6365000000000001,8323.963535576002,-6003.513164684526,2320.4503708914763,14327.476700260528,4268.65216596,893.8711225599982,556.2605929023555,0.2538454190430398,0.6231766171190889,0.11401390766853389,0.013938492063492063,0.04602396954847637,False
科创50ETF易方达,3月,1.8,1.586,2027-03-24,202703,rule_fourth_wednesday,medium,233.0,167.0,18547.473637680003,-12326.698098000003,6220.77553968,30874.171735680007,102.0,90.0,192.0,20.0,2.0,22.0,0.5044500000000001,-0.01795000000000002,0.6336999999999999,5164.198542256001,-3499.8402591027025,1664.3582831532985,8664.038801358703,3362.8329124000006,2857.942627280001,575.6914747939894,0.281177476499199,0.5960564370567967,0.10915032679738562,0.015151515151515152,0.027311138176802446,False
科创50ETF易方达,3月,1.85,1.586,2027-03-24,202703,rule_fourth_wednesday,medium,233.0,167.0,71207.13797392002,-41717.84266000002,29489.295313920004,112924.98063392003,412.0,310.0,722.0,11.0,0.0,11.0,0.5189,-0.039199999999999985,0.6110500000000001,33402.32074887983,-11985.13527650883,21417.185472371,45387.45602538866,1901.1614507600004,27588.13386316,283.9390816396494,0.37818854051352324,0.6394894329473486,0.013349514563106795,-0.011848341232227487,0.06813249943464073,False
科创50ETF易方达,3月,1.9,1.586,2027-03-24,202703,rule_fourth_wednesday,medium,233.0,167.0,40497.87560000001,-30729.86346716001,9768.012132839998,71227.73906716002,230.0,187.0,417.0,37.0,0.0,37.0,0.4517,-0.09465000000000001,0.67665,10705.525376000001,-9115.522345904055,1590.003030095946,19821.047721904055,6514.87564,3253.13649284,589.6037494674054,0.28049091346955424,0.4813641915531315,0.08043478260869565,0.0,0.048714422614670586,False
科创50ETF易方达,3月,1.95,1.586,2027-03-24,202703,rule_fourth_wednesday,medium,233.0,167.0,24710.445377280004,-2452.234406440001,22258.210970840002,27162.679783720007,144.0,19.0,163.0,29.0,8.0,37.0,0.5215000000000001,-0.09,0.59765,6932.652730848001,-1173.3599588497752,5759.292771998225,8106.012689697776,3943.889388400001,18314.321582440003,611.0339370190302,0.37952080360115026,0.48163024850042846,0.3112207602339181,0.32815249266862173,0.02660514016417135,False
科创50ETF易方达,3月,2.0,1.586,2027-03-24,202703,rule_fourth_wednesday,medium,233.0,167.0,22507.260328800003,-18371.571995400005,4135.688333399998,40878.832324200004,135.0,145.0,280.0,19.0,16.0,35.0,0.5258,-0.11184999999999998,0.58325,4268.043440128001,-6649.561153201106,-2381.5177130731054,10917.604593329106,1140.4805464,2995.2077869999976,637.4635555844653,0.27578901655612653,0.447148665284047,0.1255427841634738,0.06722689075630252,0.03650194056763569,False
科创50ETF易方达,3月,2.05,1.586,2027-03-24,202703,rule_fourth_wednesday,medium,233.0,167.0,66897.86216256,-21736.794534000004,45161.067628560006,88634.65669656,414.0,175.0,589.0,462.0,41.0,503.0,0.52955,-0.13275000000000003,0.5681,40138.71729753601,-9131.236591196599,31007.48070633941,49269.953888732605,61805.241728880006,-16644.174100320004,640.6771571486712,0.5100410108057518,0.43459844120637076,0.6751138716356108,0.14485981308411214,0.1111185006147814,False
科创50ETF易方达,3月,2.1,1.586,2027-03-24,202703,rule_fourth_wednesday,medium,233.0,167.0,159855.93119600002,-39615.12252776001,120240.80866824,199471.05372376004,1030.0,326.0,1356.0,447.0,66.0,513.0,0.5358,-0.15084999999999998,0.5500499999999999,74084.2722409071,-16434.15542240646,57650.11681850064,90518.42766331356,61354.13061024001,58886.67805799999,360.1777030819445,0.439144751585311,0.4334916864608077,0.3182172851271666,0.12262331322932662,0.16134520781259126,False
