underlying,contract_month,strike,underlying_price,call_gex,put_gex,net_gex,total_abs_gex,call_oi,put_oi,total_oi,call_volume,put_volume,total_volume,avg_iv,avg_delta,avg_gamma,liquidity_adjusted_call_gex,liquidity_adjusted_put_gex,liquidity_adjusted_net_gex,liquidity_adjusted_abs_gex,active_gex,stable_gex,avg_spread_bps,avg_liquidity_score,avg_pricing_quality_score,avg_volume_oi_ratio,avg_oi_change_rate,price_wall_score,in_price_range
上证50ETF华夏,12月,2.7,3.064,302835.94343424006,-2385159.9480473604,-2082324.0046131203,2687995.8914816007,648.0,5144.0,5792.0,107.0,495.0,602.0,0.0012280000000000001,0.35385,0.49585,97876.44756569994,-282332.5525673917,-184456.1050016918,380209.00013309164,-179515.32259264003,-1902808.6820204803,70.80447281452359,0.5956268362790341,0.36001510423346,0.1306760363266325,-0.048893552327243434,0.3822456460845207,False
上证50ETF华夏,12月,2.75,3.064,255561.05945472006,-1863557.2404064003,-1607996.1809516803,2119118.2998611205,474.0,3619.0,4093.0,0.0,765.0,765.0,0.0012230000000000001,0.32455,0.5614,42270.94305871274,-299267.7765591447,-256996.83350043197,341538.7196178575,-393926.8551840001,-1214069.3257676803,136.62282950714595,0.5329786084583894,0.30613007545813853,0.10569218016026527,-0.013182674199623353,0.3374165753257825,False
上证50ETF华夏,12月,2.8,3.064,862063.4172953601,-4798351.5302982405,-3936288.1130028805,5660414.9475936005,1414.0,8537.0,9951.0,69.0,343.0,412.0,0.0012280000000000001,0.2914,0.62405,191445.8434371972,-834525.150466802,-643079.3070296047,1025970.9939039992,-150721.65663680003,-3785566.456366081,119.07291125694462,0.5225368280767115,0.3777837563148297,0.044487892705668095,-0.006336434175481231,0.4847404701010839,False
上证50ETF华夏,12月,2.85,3.064,627121.24532352,-2842527.331356161,-2215406.0860326407,3469648.576679681,927.0,4748.0,5675.0,88.0,769.0,857.0,0.001251,0.25455000000000005,0.67915,84050.5927258055,-585732.6263140403,-501682.0335882348,669783.2190398457,-400851.51479360013,-1814554.5712390407,190.08702232311828,0.46597561142785,0.36670360654438994,0.12844640654919484,0.062159602178546054,0.4107360857386433,False
上证50ETF华夏,12月,2.9,3.064,813801.3750214401,-1532071.8321708802,-718270.4571494401,2345873.2071923204,1741.0,2431.0,4172.0,434.0,579.0,1013.0,0.0015565,0.33815,0.5846,161084.20858060074,-367154.36769929813,-206070.1591186974,528238.5762798989,-162032.99798336,-556237.4591660802,85.08333641057416,0.5960911201264681,0.3663383387587944,0.243727806470652,0.0758235050307429,0.36568511752527094,False
上证50ETF华夏,12月,2.95,3.064,1277558.3903488002,-1006077.56098304,271480.8293657602,2283635.9513318404,1048.0,1534.0,2582.0,38.0,101.0,139.0,0.0017815,0.23975,0.99855,192025.65433490317,-238097.64065841003,-46071.98632350686,430123.2949933132,-19917.408949759993,291398.2383155202,98.17237811017003,0.5418821936532695,0.3556685832227628,0.05105024035351374,-0.0013212448731977104,0.2821740348313238,True
上证50ETF华夏,12月,3.0,3.064,9788900.480432643,-1664626.9597619204,8124273.520670722,11453527.440194562,7434.0,2503.0,9937.0,1713.0,416.0,2129.0,0.0019065000000000002,0.16874999999999998,1.0555,1307299.446624612,-437224.9747956328,870074.4718289792,1744524.4214202447,1978972.5211302405,6145300.999540482,92.59686015106823,0.5719148432767871,0.3418043344476642,0.1983141618274374,0.09712458051850777,0.6121782974059189,True
上证50ETF华夏,12月,3.1,3.064,6697213.456760321,-1176969.8235187202,5520243.6332416,7874183.280279041,5044.0,1792.0,6836.0,413.0,120.0,533.0,0.0020685,0.054400000000000004,1.05695,371094.78537360206,-296750.22972338164,74344.55565022043,667845.0150969836,469549.2827974401,5050694.35044416,101.23556509947196,0.5487802972123677,0.2806413070660479,0.07442187322986292,0.023855301755408072,0.495751552795031,True
上证50ETF华夏,12月,3.2,3.064,7345598.364000001,-1708412.851744,5637185.512256001,9054011.215744002,6250.0,2710.0,8960.0,251.0,13.0,264.0,0.0022235,-0.040100000000000025,0.9617,379462.06255497196,-274599.3924006967,104862.67015427526,654061.4549556687,286803.89189504005,5350381.620360961,229.3804168484134,0.4254870761153652,0.29965409259526915,0.022478523985239852,0.001789706388608923,0.5122819388625015,True
上证50ETF华夏,12月,3.3,3.064,4873961.471744,-1219664.6309836803,3654296.8407603195,6093626.1027276805,4852.0,2086.0,6938.0,927.0,17.0,944.0,0.00238,-0.1157,0.8464,290816.36278024624,-340102.1557222618,-49285.79294201557,630918.518502508,921256.11362304,2733040.727137279,86.76167155886087,0.4784316234542936,0.3357761864303921,0.0996024017534555,0.02875655820479585,0.4906989404457435,False
上证50ETF华夏,12月,3.4,3.064,2456709.44409216,-734998.2604832001,1721711.18360896,3191707.7045753603,2934.0,1351.0,4285.0,589.0,5.0,594.0,0.0025050000000000003,-0.17725000000000002,0.7357,166579.3660832386,-225123.46232188525,-58544.096238646656,391702.82840512384,490463.80142336,1231247.3821856,328.31802405592816,0.4010983712066657,0.41439271591399984,0.10222539591718523,-0.01273948691472754,0.3753945317257338,False
上证50ETF华夏,12月,3.5,3.064,4914244.66510848,-438283.91892672004,4475960.74618176,5352528.584035199,7152.0,899.0,8051.0,573.0,9.0,582.0,0.0026899999999999997,-0.22249999999999998,0.6255999999999999,838354.992144255,-138810.64204482798,699544.3500994269,977165.634189083,389329.035168,4086631.7110137595,174.79427274942253,0.4781902964274525,0.49950428076755893,0.045064286567476165,0.0025089978825201943,0.47360412860796486,False
上证50ETF华夏,7月,2.7,3.064,62149.571043840006,-859855.7126400002,-797706.1415961601,922005.2836838402,497.0,15265.0,15762.0,321.0,791.0,1112.0,0.0033705,0.4946,0.0966,48226.37346866911,-60815.14707840001,-12588.773609730903,109041.52054706911,-4415.033786879998,-793291.1078092802,3384.0252089327305,0.42398512663198806,0.9991827839825662,0.3488465677787656,-0.05461611719889009,0.3698450249665084,False
上证50ETF华夏,7月,2.75,3.064,326105.8414656,-751372.22647872,-425266.38501311996,1077478.06794432,973.0,11549.0,12522.0,222.0,643.0,865.0,0.0032835,0.48495,0.21315,197041.26926799412,0.0,197041.26926799412,197041.26926799412,32571.15414336,-457837.5391564799,101.61956176563926,0.4161194042872896,0.4952919020715631,0.14191807248386318,-0.027621726312672054,0.3604653513579345,False
上证50ETF华夏,7月,2.8,3.064,585474.71265792,-3459849.000432,-2874374.28777408,4045323.71308992,1604.0,25575.0,27179.0,362.0,2444.0,2806.0,0.0012215000000000001,0.4855,0.26644999999999996,348118.4209679802,0.0,348118.4209679802,348118.4209679802,-198497.02001408004,-2675877.26776,6050.895381715363,0.3434535849272947,0.4882974707436769,0.16062392893621275,-0.07544003687379368,0.5844359395932286,False
上证50ETF华夏,7月,2.85,3.064,1459352.48548352,-15465413.290118402,-14006060.804634882,16924765.775601923,2012.0,40635.0,42647.0,973.0,10189.0,11162.0,0.001189,0.46414999999999995,0.589,936278.7653431989,0.0,936278.7653431989,936278.7653431989,-3172125.732295681,-10833935.072339203,785.4157403290349,0.45892059145789255,0.48054654932839286,0.36717142084126225,-0.11528897667895852,0.8014321032760929,False
上证50ETF华夏,7月,2.9,3.064,4657117.014074241,-22388191.525280003,-17731074.511205763,27045308.539354242,6547.0,25781.0,32328.0,5955.0,12130.0,18085.0,0.0021485000000000002,0.462,0.84135,3791105.7484613913,0.0,3791105.7484613913,3791105.7484613913,-6297672.332406402,-11433402.178799361,577.2597511158774,0.55987590281942,0.46130952380952395,0.6900392187944742,-0.14871596075987292,0.8307583729143833,False
上证50ETF华夏,7月,2.95,3.064,9212727.86881536,-52940746.3698176,-43728018.50100224,62153474.23863296,14372.0,30380.0,44752.0,32268.0,29588.0,61856.0,0.0016375,0.44329999999999997,1.2695,5465812.358559489,0.0,5465812.358559489,5465812.358559489,-42347864.7444224,-1380153.7565798387,116.62758299884372,0.7171728366418616,0.36945392491467566,1.6095646076499786,-0.2186163234253266,0.9172376080867128,True
上证50ETF华夏,7月,3.0,3.064,219466413.9387392,-201756163.91431874,17710250.02442047,421222577.853058,67799.0,64403.0,132202.0,133755.0,84608.0,218363.0,0.0018495000000000002,0.2944,3.39245,95505497.70660515,0.0,95505497.70660515,95505497.70660515,17710250.02442047,0.0,51.858254105445816,0.9066615448637916,0.23579920739762233,1.6432721647975663,-0.1292255661003728,0.9911552186091828,True
上证50ETF华夏,7月,3.1,3.064,593451229.5643137,-173878406.42485824,419572823.13945544,767329635.9891719,139976.0,42777.0,182753.0,176887.0,92622.0,269509.0,0.0018535000000000001,-0.14665,4.42285,0.0,-27891153.15091566,-27891153.15091566,27891153.15091566,419572823.13945544,0.0,35.58378732070267,0.847585386195854,0.10000000000000009,1.7144620915407405,-0.0560728977004222,0.9975652173913044,True
上证50ETF华夏,7月,3.2,3.064,169415143.82956418,-10479818.907648003,158935324.9219162,179894962.73721218,109461.0,6120.0,115581.0,38545.0,5782.0,44327.0,0.0022115,-0.3999,1.7363,0.0,-6543852.663969625,-6543852.663969625,6543852.663969625,49755893.946822405,109179430.97509377,191.49630052383685,0.512734505584862,0.4416846652267819,0.6484528960175806,-0.033301428973138966,0.9626807331628304,True
上证50ETF华夏,7月,3.3,3.064,37583716.95816192,-1235715.45871488,36348001.49944704,38819432.4168768,79716.0,1794.0,81510.0,12488.0,550.0,13038.0,0.0026880000000000003,-0.46499999999999997,0.61795,0.0,-789069.7593410877,-789069.7593410877,789069.7593410877,5508877.08989056,30839124.409556482,524.9709639953544,0.4402889983726429,0.4953231292517006,0.2316168048746965,-0.019409306842502444,0.8713087321885277,False
上证50ETF华夏,7月,3.4,3.064,10280774.373875199,-228194.10244800002,10052580.2714272,10508968.476323199,47060.0,975.0,48035.0,3572.0,275.0,3847.0,0.001539,-0.48675,0.241,1498699.3118365947,-147655.76921405148,1351043.5426225432,1646355.0810506463,715980.23113024,9336600.040296959,941.9365346507778,0.4394664232304748,0.8233333333333334,0.17897719223686076,-0.06593322176738814,0.7299687614176105,False
上证50ETF华夏,7月,3.5,3.064,5459925.1164416,-19477.85829504,5440447.25814656,5479402.97473664,54866.0,302.0,55168.0,2472.0,30.0,2502.0,0.0033870000000000003,-0.4953,0.08735,0.0,-10229.898074554441,-10229.898074554441,10229.898074554441,244063.2705216,5196383.987624959,1500.0000000000007,0.3025576554259143,0.49976889299745786,0.0721964869013802,-0.03381698589695889,0.6532849835586408,False
上证50ETF华夏,8月,2.8,3.064,2283076.32692928,-16306660.8576768,-14023584.53074752,18589737.18460608,3119.0,23690.0,26809.0,924.0,5376.0,6300.0,0.001085,0.39065,0.75645,925673.6696304873,0.0,925673.6696304873,925673.6696304873,-3024131.4114278406,-10999453.119319677,193.25234215711555,0.45468528752269405,0.3172730907636945,0.26158999614422207,0.014145044761066284,0.763669711362806,False
上证50ETF华夏,8月,2.85,3.064,2147015.3087680005,-20855080.43088192,-18708065.12211392,23002095.73964992,2365.0,22791.0,25156.0,1204.0,3528.0,4732.0,0.001081,0.34435,0.97085,918945.1072398736,0.0,918945.1072398736,918945.1072398736,-2135297.65062656,-16572767.471487364,246.34608108469916,0.5023675729286595,0.2869399428026691,0.3319444278243804,0.05898773407650172,0.758330593106808,False
上证50ETF华夏,8月,2.9,3.064,4039151.697136641,-30664510.142480645,-26625358.445344005,34703661.83961729,3752.0,26666.0,30418.0,3472.0,14107.0,17579.0,0.0010760000000000001,0.28735,1.1858,1557489.2773929806,-2784066.4967843047,-1226577.219391324,4341555.774177285,-12484592.263610242,-14140766.181733763,105.64598707672724,0.7863629823329181,0.27827180580490724,0.7271994299857496,0.04349940221437302,0.8366709901351845,False
上证50ETF华夏,8月,2.95,3.064,12271719.909358082,-23025669.24870592,-10753949.339347837,35297389.158064,10308.0,17131.0,27439.0,7417.0,11462.0,18879.0,0.001485,0.33965,1.3498999999999999,2250009.316647101,-6965117.278194428,-4715107.961547327,9215126.594841529,-6576030.5053779185,-4177918.83396992,16.322268080627943,0.7029990527402037,0.3495963824259811,0.6943088346784316,0.0539799463800949,0.8337673852149555,True
上证50ETF华夏,8月,3.0,3.064,69345419.88854401,-48708610.718161926,20636809.170382082,118054030.60670593,29175.0,33182.0,62357.0,23309.0,25713.0,49022.0,0.0017315000000000002,0.1964,2.0477,1036494.2335579928,-27691087.69812368,-26654593.464565687,28727581.93168167,17657956.545962244,2978852.624419838,18.521924849524574,0.866490027486704,0.3404440826724656,0.7869227645696553,0.16753772080889753,0.9413246863962976,True
上证50ETF华夏,8月,3.1,3.064,123507725.59488003,-33800702.65569345,89707022.93918657,157308428.2505735,51440.0,22861.0,74301.0,37236.0,16452.0,53688.0,0.0019415,-0.027200000000000002,2.0662000000000003,0.0,-24003967.29469896,-24003967.29469896,24003967.29469896,65079046.78958593,24627976.14960064,61.62917387681834,0.7838463115921568,0.4614003590664273,0.7217630156229177,0.17308139803024772,0.9517846790890269,True
上证50ETF华夏,8月,3.2,3.064,65978363.2983808,-6450086.568871041,59528276.729509756,72428449.86725184,37480.0,5153.0,42633.0,17289.0,2539.0,19828.0,0.002146,-0.1938,1.6042,0.0,-3922036.0863560997,-3922036.0863560997,3922036.0863560997,27256792.58196992,32271484.14753984,148.75993779225857,0.5765556955329648,0.46936542669584247,0.4770043525121672,0.07068224153282461,0.8977684813055656,True
上证50ETF华夏,8月,3.3,3.064,32245347.969918724,-1970788.1667993607,30274559.803119365,34216136.13671809,29523.0,2031.0,31554.0,8484.0,332.0,8816.0,0.002409,-0.29685,1.0985,0.0,-872100.0195071056,-872100.0195071056,872100.0195071056,8944161.479971841,21330398.32314752,432.0046602711879,0.33013758998929665,0.4321468298109011,0.2254177212859253,0.043092320695280496,0.8168472171477288,False
上证50ETF华夏,8月,3.4,3.064,9384771.862968322,-756732.172128,8628039.690840323,10141504.035096321,14768.0,986.0,15754.0,7444.0,94.0,7538.0,0.0026655,-0.35605000000000003,0.7472,0.0,-365519.83226014307,-365519.83226014307,365519.83226014307,4658371.920866562,3969667.7699737605,289.5731203525198,0.4282210085516358,0.4321845469705391,0.2996987620841291,0.07716737010058436,0.6762611131409085,False
上证50ETF华夏,8月,3.5,3.064,6576117.908551681,-1978617.5572204802,4597500.3513312,8554735.465772161,16806.0,3231.0,20037.0,6552.0,167.0,6719.0,0.0031085,-0.378,0.53455,0.0,-902996.0571451084,-902996.0571451084,902996.0571451084,2461501.9732192005,2135998.3781120004,420.25109038772,0.35581234105156084,0.4218952834270878,0.22077377414508306,0.028197749026926656,0.6742720740470102,False
上证50ETF华夏,9月,2.65,3.064,698198.89566336,-13078955.719441924,-12380756.823778564,13777154.615105284,2067.0,33847.0,35914.0,69.0,43022.0,43091.0,0.001249,0.43679999999999997,0.38570000000000004,272821.75327003596,-2181056.7979344167,-1908235.0446643806,2453878.5512044528,-13055648.644550404,674891.82077184,93.20684861450246,0.6502926818156154,0.4749198033099866,0.6522272406311627,-0.010766429766691479,0.8095014005602241,False
上证50ETF华夏,9月,2.7,3.064,680423.5685779201,-13846718.716608003,-13166295.148030084,14527142.285185922,1509.0,28695.0,30204.0,442.0,7838.0,8280.0,0.0012255,0.41345,0.49715,297500.0612077721,-1701911.3882444478,-1404411.3270366755,1999411.44945222,-3582909.94653824,-9583385.201491842,333.02594674082894,0.47249614047377414,0.5425949075107521,0.2830289217820798,0.09894131881427706,0.7625870783095847,False
上证50ETF华夏,9月,2.75,3.064,683692.5974860801,-5927495.013078401,-5243802.41559232,6611187.6105644815,1183.0,9995.0,11178.0,28.0,3631.0,3659.0,0.0012185,0.3826,0.62365,250991.22637971898,-1101039.4553319262,-850048.2289522073,1352030.6817116453,-2137168.0409926404,-3106634.3745996803,281.4814814814817,0.45220487078954763,0.5943861095183485,0.19347513993683232,0.002520540936107426,0.5832623310193643,False
上证50ETF华夏,9月,2.8,3.064,1679667.8161254404,-8639191.43455488,-6959523.61842944,10318859.25068032,2356.0,12182.0,14538.0,244.0,2911.0,3155.0,0.0012065,0.3456,0.7574,525422.1325576672,-2623243.871069176,-2097821.738511509,3148666.0036268434,-1890458.17232768,-5069065.4461017605,168.79188341518304,0.5334713902755739,0.5788649706457927,0.1712622425193005,0.010156806842480399,0.6396835951772013,False
上证50ETF华夏,9月,2.85,3.064,2855305.9382265597,-13715236.460627843,-10859930.522401283,16570542.398854403,3367.0,16607.0,19974.0,982.0,3423.0,4405.0,0.0011985000000000001,0.30155000000000004,0.8915,953643.8009464053,-5244927.143885941,-4291283.342939536,6198570.944832346,-1994193.5350560006,-8865736.987345282,123.47913940453552,0.6007711272251259,0.6014352908625579,0.24888609687188598,-0.015544531222374437,0.7214490317866277,False
上证50ETF华夏,9月,2.9,3.064,4299425.0174976,-14327290.469038082,-10027865.451540481,18626715.486535683,4412.0,15459.0,19871.0,1369.0,2859.0,4228.0,0.0012105,0.24985,1.0126,1218079.7214555216,-5225874.778312595,-4007795.0568570727,6443954.4997681165,-1315631.62591488,-8712233.825625602,144.69113442291103,0.5832932782693383,0.5679958518036521,0.2476154645191677,-0.026949623048056787,0.7300390330045062,False
上证50ETF华夏,9月,2.95,3.064,13429582.70437376,-10195536.095052803,3234046.609320957,23625118.799426563,8656.0,10093.0,18749.0,1914.0,3045.0,4959.0,0.0017429999999999998,0.26795,1.3643,2851282.2491566,-4475258.343047377,-1623976.0938907769,7326540.592203977,-106408.05977856135,3340454.669099518,119.8453476375606,0.6086862304860705,0.5349852621788251,0.2614062714902974,0.018834004611927583,0.7417410790403118,True
上证50ETF华夏,9月,3.0,3.064,26765945.182944003,-12684734.265805442,14081210.917138562,39450679.448749445,14465.0,12093.0,26558.0,3714.0,3491.0,7205.0,0.0018945,0.16924999999999998,1.5441500000000001,4049465.116897861,-5558112.4527669605,-1508647.3358690995,9607577.569664821,3210540.788437121,10870670.128701441,102.94376872906784,0.6267324034736985,0.4692848346235047,0.2727185461423821,-0.019470134522591026,0.8096643526976007,True
上证50ETF华夏,9月,3.1,3.064,45349130.133708805,-11545793.92932544,33803336.204383366,56894924.063034244,24920.0,11021.0,35941.0,6515.0,1417.0,7932.0,0.0020835,0.004599999999999993,1.5271499999999998,537266.3117766854,-4590561.271889074,-4053294.9601123882,5127827.583665759,10371448.078638721,23431888.125744645,108.8767943798769,0.5732533700543425,0.3587882111322229,0.19500466095443353,-0.0018679368176588791,0.8493213981244672,True
上证50ETF华夏,9月,3.2,3.064,35091373.4936064,-10150598.65921536,24940774.834391043,45241972.152821764,23385.0,10848.0,34233.0,5815.0,1840.0,7655.0,0.0022915,-0.12419999999999998,1.29755,0.0,-4160259.230727934,-4160259.230727934,4160259.230727934,7004240.6217728,17936534.212618247,135.0943208677689,0.5755805817995625,0.34049360146252294,0.2091400962344442,0.004533790356874247,0.8350753257824869,True
上证50ETF华夏,9月,3.3,3.064,31206689.585053448,-4447174.8723456,26759514.712707847,35653864.45739905,27726.0,5448.0,33174.0,4105.0,88.0,4193.0,0.0024785,-0.21849999999999997,1.0342,0.0,-1669629.0385124986,-1669629.0385124986,1669629.0385124986,4548502.939497601,22211011.773210246,167.25293132328358,0.49903939352800175,0.35656565656565664,0.08210434646657139,-0.00529563031507845,0.7973102545365972,False
上证50ETF华夏,9月,3.4,3.064,12215890.9678272,-1765413.6154176004,10450477.352409601,13981304.5832448,15090.0,2670.0,17760.0,3174.0,3.0,3177.0,0.002843,-0.2718,0.7833,860471.1510209516,-629834.5850548532,230636.56596609834,1490305.7360758048,2567482.12358208,7882995.228827519,151.17087271428153,0.4278072282663238,0.44791477559253645,0.10573078383630799,0.015298456495014342,0.6843638411886493,False
上证50ETF华夏,9月,3.5,3.064,16717297.021645442,-1165928.2960512002,15551368.725594241,17883225.317696642,28523.0,2046.0,30569.0,6003.0,3.0,6006.0,0.0031119999999999997,-0.31085,0.61565,4022533.3660052526,-439334.2658657533,3583199.100139499,4461867.6318710055,3516641.7238982404,12034727.001696002,252.51590320083494,0.4070395457653274,0.7720469552457814,0.10596400414832173,-0.018549963464844547,0.7710272195834856,False
上证50ETF华夏,9月,3.6,3.064,35270797.37614401,-1386839.1136224002,33883958.26252161,36657636.489766404,80363.0,2715.0,83078.0,55395.0,2.0,55397.0,0.003223,-0.34775,0.5058,9393142.956696227,-583569.5834334834,8809573.373262744,9976712.54012971,24311483.155153282,9572475.107368324,133.69847758963084,0.5405743084977397,0.6404127112624963,0.345023202614087,0.0156062648173825,0.9060097430276459,False
中证500ETF南方,12月,6.876,8.151,1992310.95579516,-4331575.96062048,-2339265.0048253196,6323886.916415639,2436.0,4808.0,7244.0,44.0,1037.0,1081.0,0.0017665,0.306,0.12935,138562.3707510558,0.0,138562.3707510558,138562.3707510558,-898257.9046240799,-1441007.1002012393,385.3844515682807,0.30510802415447735,0.09530364372469657,0.11687229685608824,-0.002583801551809808,0.5044457435147972,False
中证500ETF南方,12月,7.122,8.151,1421309.3244807601,-4962396.43080324,-3541087.1063224804,6383705.755284,1587.0,4901.0,6488.0,14.0,685.0,699.0,0.0017975,0.26539999999999997,0.1436,49346.622819791315,-174053.41150672702,-124706.7886869357,223400.03432651833,-681042.88863468,-2860044.2176878,591.6638778006059,0.269710284339446,0.12975981923639562,0.07429453526388337,-0.02859562638506456,0.4814033004506151,False
中证500ETF南方,12月,7.25,8.151,18642.7275606,-183630.86647191,-164988.13891131,202273.59403251,20.0,197.0,217.0,25.0,237.0,262.0,1e-06,0.2325,0.1403,0.0,-9029.70384744301,-9029.70384744301,9029.70384744301,-164988.13891131,0.0,470.8592242298103,0.5546920986514895,0.05587855297157618,1.2265228426395938,108.5,0.04481926683716965,False
中证500ETF南方,12月,7.367,8.151,1021164.37137,-3780533.8739024997,-2759369.5025325,4801698.2452724995,1060.0,3375.0,4435.0,5.0,992.0,997.0,0.0017900000000000001,0.2243,0.1568,0.0,-292981.9815953756,-292981.9815953756,292981.9815953756,-1106380.10630862,-1652989.39622388,514.9646478496044,0.2734333167876451,0.12201628755967431,0.1493214535290007,-0.07420587781769171,0.43549829497016196,False
中证500ETF南方,12月,7.5,8.151,19918.352539800002,-42824.457960570006,-22906.105420770004,62742.810500370004,20.0,43.0,63.0,22.0,94.0,116.0,1e-06,0.19230000000000003,0.1499,0.0,-8209.870178969377,-8209.870178969377,8209.870178969377,-22906.105420770004,0.0,592.5184678930207,0.6000000000000001,0.1597582037996545,1.6430232558139535,31.5,0.016377968578735844,False
中证500ETF南方,12月,7.613,8.151,4038533.0122737605,-5203900.14366222,-1165367.1313884594,9242433.15593598,1896.0,4337.0,6233.0,143.0,1217.0,1360.0,0.0024335,0.27535,0.2506,0.0,-638975.1086480103,-638975.1086480103,638975.1086480103,-1155665.73766644,-9701.393722019624,490.20318238063436,0.30410290075316737,0.19662177081033338,0.17801532831518413,0.011136944896535689,0.5367011326269638,False
中证500ETF南方,12月,7.75,8.151,3143.2196753099997,-29336.716969560002,-26193.497294250003,32479.936644870002,3.0,28.0,31.0,4.0,49.0,53.0,1e-06,0.1512,0.1577,0.0,-8322.327401388007,-8322.327401388007,8322.327401388007,-26193.497294250003,0.0,606.849348221091,0.6000000000000001,0.23640248640248657,1.5416666666666665,15.5,0.00864188284009256,True
中证500ETF南方,12月,7.859,8.151,4824743.207787359,-3247706.6488666795,1577036.5589206796,8072449.856654039,1936.0,2596.0,4532.0,235.0,472.0,707.0,0.002669,0.17559999999999998,0.2817,0.0,-489396.36526803265,-489396.36526803265,489396.36526803265,-4844.052980910055,1581880.6119015897,560.6648583288803,0.26653929626463035,0.2648095909732018,0.1516012396694215,-0.020711628958542207,0.47787626354889784,True
中证500ETF南方,12月,8.0,8.151,84980.54158307999,-195780.53001078,-110799.98842770001,280761.07159386,34.0,153.0,187.0,34.0,314.0,348.0,0.0027425,0.1292,0.2844,0.0,-67005.39903356145,-67005.39903356145,67005.39903356145,-110799.98842770001,0.0,655.4855437471899,0.6000000000000001,0.2852062588904696,1.526143790849673,93.5,0.06590506637437583,True
中证500ETF南方,12月,8.104,8.151,5953823.45923365,-3138502.5204390003,2815320.9387946497,9092325.97967265,2315.0,2425.0,4740.0,352.0,378.0,730.0,0.0027524999999999997,0.09864999999999999,0.29095,0.0,-549071.3065807894,-549071.3065807894,549071.3065807894,416071.66248648,2399249.27630817,494.60854711466163,0.2754371599227922,0.30157687253613663,0.15396406225646278,0.003152644456992283,0.4913030690537084,True
中证500ETF南方,12月,8.25,8.151,838421.7916674599,-305350.73623197,533071.0554354899,1143772.52789943,326.0,239.0,565.0,532.0,277.0,809.0,0.002828,0.05620000000000003,0.2897,0.0,-177947.23216009987,-177947.23216009987,177947.23216009987,533071.0554354899,0.0,498.485624675725,0.7160158750480095,0.3502050230650948,1.3954488281951896,282.5,0.19262909511630738,True
中证500ETF南方,12月,8.35,8.151,8522578.048533121,-3474324.083973599,5048253.9645595215,11996902.13250672,3408.0,2690.0,6098.0,274.0,172.0,446.0,0.002854,0.028200000000000003,0.2854,0.0,-991132.5262183415,-991132.5262183415,991132.5262183415,463057.18255368003,4585196.782005842,437.7377266696152,0.3174393448672208,0.35418422636965685,0.07216979073948025,0.0035199738857653803,0.5271541834124954,True
中证500ETF南方,12月,8.5,8.151,714310.1250714,-51957.79993404,662352.32513736,766267.9250054399,297.0,42.0,339.0,377.0,42.0,419.0,0.0029804999999999996,-0.009599999999999997,0.2741,0.0,-27547.926944920193,-27547.926944920193,27547.926944920193,662352.32513736,0.0,641.2842600886406,0.6201183431952662,0.41406413749738,1.1346801346801347,169.5,0.13227317013762024,True
中证500ETF南方,12月,8.595,8.151,7639498.7523855,-3304429.43960844,4335069.31277706,10943928.19199394,3262.0,2626.0,5888.0,424.0,565.0,989.0,0.002966,-0.034149999999999986,0.27095,0.0,-925143.8864272934,-925143.8864272934,925143.8864272934,282026.0663649001,4053043.2464121603,441.3026330847173,0.31598544100706044,0.40412609175785574,0.17256886868708565,-0.004435722975869468,0.5381289733284618,False
中证500ETF南方,12月,8.75,8.151,104233.17733686,-50732.668443599985,53500.50889326001,154965.84578046,47.0,40.0,87.0,71.0,40.0,111.0,0.0029735000000000004,-0.07174999999999998,0.26234999999999997,0.0,-28213.982523210943,-28213.982523210943,28213.982523210943,53500.50889326001,0.0,611.3416489476189,0.6446707399864218,0.40337806571031926,1.2553191489361701,43.5,0.02368651808549507,False
中证500ETF南方,12月,8.841,8.151,6639843.278451241,-1032409.8028272602,5607433.47562398,7672253.081278501,3076.0,851.0,3927.0,421.0,92.0,513.0,0.0030610000000000004,-0.09025,0.25375000000000003,0.0,-318893.2393394365,-318893.2393394365,318893.2393394365,797157.3167543701,4810276.158869609,600.3758009746686,0.30202752613880984,0.44213396966081464,0.12248708396302675,-0.02240305866927153,0.45134904396541226,False
中证500ETF南方,12月,9.0,8.151,565757.61675147,-48553.4757708,517204.14098067,614311.09252227,283.0,40.0,323.0,345.0,40.0,385.0,0.0030755,-0.12375,0.24180000000000001,0.0,-31179.898703743762,-31179.898703743762,31179.898703743762,517204.14098067,0.0,556.8306977102294,0.6649410855707938,0.43991789041528495,1.1095406360424027,161.5,0.11702563634149311,False
中证500ETF南方,12月,9.086,8.151,2325332.7882556203,-605921.86512,1719410.9231356203,2931254.65337562,1214.0,500.0,1714.0,142.0,0.0,142.0,0.0030819999999999997,-0.14095,0.23535,0.0,-181523.03716542266,-181523.03716542266,181523.03716542266,271991.14986186003,1447419.7732737602,531.1878582393906,0.24389258344313583,0.43927217589082634,0.05848434925864909,-0.010088781275221953,0.2888453903300451,False
中证500ETF南方,12月,9.25,8.151,296455.24516608,0.0,296455.24516608,296455.24516608,168.0,0.0,168.0,171.0,0.0,171.0,0.0030989999999999998,-0.17200000000000001,0.2228,0.0,0.0,0.0,0.0,296455.24516608,0.0,525.0872473761311,0.5211483637823731,0.4424747757847533,1.0178571428571428,84.0,0.05656028498355864,False
中证500ETF南方,12月,9.332,8.151,3543780.5353150195,-1364440.3683767999,2179340.1669382197,4908220.903691819,2086.0,1194.0,3280.0,283.0,0.0,283.0,0.0031845,-0.18330000000000002,0.21384999999999998,0.0,-475933.3413685079,-475933.3413685079,475933.3413685079,480771.7600643099,1698568.4068739098,503.70031513139554,0.31269760747396663,0.46993421052631573,0.06783317353787152,-0.015109251510925152,0.3839160272804774,False
中证500ETF南方,12月,9.578,8.151,4929985.59051141,-2065329.19125819,2864656.3992532194,6995314.7817696,3329.0,2099.0,5428.0,235.0,0.0,235.0,0.003542,-0.2056,0.1855,0.0,-735258.573900588,-735258.573900588,735258.573900588,348016.40545814997,2516639.993795069,507.41149266524303,0.31160635837596473,0.45066112993115504,0.03529588465004506,-0.009864546525323911,0.4508672512483254,False
中证500ETF南方,12月,9.823,8.151,6810758.4227997605,-3902176.6746533993,2908581.748146361,10712935.09745316,5317.0,4045.0,9362.0,878.0,4.0,882.0,0.0035645,-0.23809999999999998,0.16899999999999998,0.0,-1489986.4631032813,-1489986.4631032813,1489986.4631032813,1120806.62755776,1787775.120588601,314.3912671852527,0.3817109038442951,0.460198009900495,0.08305979398124308,-0.01004423147806856,0.5676175861649008,False
中证500ETF南方,12月,10.314,8.151,2319248.9872480496,-1004654.3293214999,1314594.6579265497,3323903.3165695495,2467.0,1186.0,3653.0,763.0,9.0,772.0,0.0038599999999999997,-0.27935,0.1345,0.0,-442772.80563354696,-442772.80563354696,442772.80563354696,709679.3406416998,604915.3172848497,141.9548897756629,0.5498103006337822,0.43145471476578007,0.15843553113578152,-0.045337265020272764,0.3783806479113385,False
中证500ETF南方,7月,6.876,8.151,116677.16476416,-1302732.010008,-1186054.84524384,1419409.1747721601,896.0,8600.0,9496.0,69.0,3464.0,3533.0,0.0022160000000000005,0.49625,0.0212,42874.605191886556,-145784.800747872,-102910.19555598545,188659.40593975858,-515743.1517466801,-670311.69349716,1408.2846003898635,0.31933224493727863,0.7009302535618326,0.23989981312292358,-0.11453027444184408,0.4012594690049933,False
中证500ETF南方,7月,7.122,8.151,358700.42904696,-2903921.06625621,-2545220.63720925,3262621.4953031703,622.0,7819.0,8441.0,401.0,2476.0,2877.0,0.0042645,0.48515,0.07135,212000.93080217752,0.0,212000.93080217752,212000.93080217752,-688316.6085681601,-1856904.02864109,1023.2141132981142,0.4594148088495639,0.49903846153846143,0.4806795344344245,-0.1813472662013188,0.48226281817074657,False
中证500ETF南方,7月,7.25,8.151,31332.5385516,-452581.112412,-421248.5738604,483913.6509636,36.0,520.0,556.0,156.0,1602.0,1758.0,1e-06,0.4699,0.131,20469.553744805067,0.0,20469.553744805067,20469.553744805067,-421248.5738604,0.0,886.7470069189176,0.580212784075256,0.4511355815554027,3.7070512820512818,278.0,0.15375112653757156,False
中证500ETF南方,7月,7.367,8.151,924774.9588791999,-16462325.701621803,-15537550.742742602,17387100.660501003,685.0,17255.0,17940.0,268.0,10345.0,10613.0,0.0018225000000000001,0.46045,0.1734,344543.09287280514,0.0,344543.09287280514,344543.09287280514,-9507953.166580442,-6029597.576162161,330.99056887126847,0.500029660006263,0.466932578486876,0.4953886210915275,-0.0721560916684969,0.7430636950432346,False
中证500ETF南方,7月,7.5,8.151,190369.08966933002,-7756005.1694310885,-7565636.079761758,7946374.259100419,93.0,3789.0,3882.0,299.0,9380.0,9679.0,1e-06,0.4113,0.3081,125871.52608564628,0.0,125871.52608564628,125871.52608564628,-7565636.079761758,0.0,296.5064951444075,0.7627948038844741,0.4700227100681301,2.845320494810955,1941.0,0.5509626720253319,False
中证500ETF南方,7月,7.613,8.151,3606627.65473296,-65669398.492363386,-62062770.83763043,69276026.14709635,3928.0,27749.0,31677.0,1719.0,19071.0,20790.0,0.002733,0.45505,0.2472,1259886.0754861585,0.0,1259886.0754861585,1259886.0754861585,-43554118.10622445,-18508652.73140598,228.82951869615528,0.6085821118898161,0.43708851499634216,0.5624476504501841,-0.04533224216085596,0.8801775057849226,False
中证500ETF南方,7月,7.75,8.151,802899.6223248001,-20595809.0619567,-19792909.4396319,21398708.6842815,224.0,5746.0,5970.0,1017.0,50515.0,51532.0,1e-06,0.2985,0.5395,523632.9153900585,0.0,523632.9153900585,523632.9153900585,-19792909.4396319,0.0,126.99293183620618,0.898405654531035,0.3946996466431095,6.665755836358212,2985.0,0.7166095481670929,True
中证500ETF南方,7月,7.859,8.151,55191656.75045022,-188428988.98091266,-133237332.23046243,243620645.73136288,10818.0,37972.0,48790.0,9918.0,62702.0,72620.0,0.0029885,0.30795000000000006,0.7574000000000001,28141915.28446681,0.0,28141915.28446681,28141915.28446681,-137828984.20637342,4591651.975911003,114.66718973355793,0.7782939797716673,0.3386710565698893,1.2840373404135423,-0.11141194331983806,0.9524222384606016,True
中证500ETF南方,7月,8.0,8.151,34566279.76449648,-44597316.241558075,-10031036.477061592,79163596.00605455,7202.0,9292.0,16494.0,33826.0,108376.0,142202.0,1e-06,0.133,0.7224,10095563.065029662,0.0,10095563.065029662,10095563.065029662,-10031036.477061592,0.0,40.334656889739215,0.8571767189326531,0.1753480017961384,8.18005861958037,8247.0,0.8711013883814396,True
中证500ETF南方,7月,8.104,8.151,206805411.2242404,-249133790.5893837,-42328379.3651433,455939201.8136241,26120.0,34195.0,60315.0,79668.0,142224.0,221892.0,0.002847,0.07220000000000001,1.14415,8960101.659655744,0.0,8960101.659655744,8960101.659655744,-42328379.3651433,0.0,47.81866492654652,0.8151285267053794,0.02654590880699559,3.6046405658744427,-0.2983382792575414,0.9711599074412374,True
中证500ETF南方,7月,8.25,8.151,78526425.97966023,-42925497.42474279,35600928.55491744,121451923.40440302,15599.0,8527.0,24126.0,143742.0,153091.0,296833.0,1e-06,-0.05620000000000003,0.7577,0.0,-11832796.034293447,-11832796.034293447,11832796.034293447,35600928.55491744,0.0,52.743863256650585,0.8290869606767308,0.16821705426356603,13.584249009866902,12063.0,0.9137020460358056,True
中证500ETF南方,7月,8.35,8.151,363206710.485526,-224750001.1927084,138456709.29281762,587956711.6782345,53153.0,34194.0,87347.0,131050.0,74372.0,205422.0,0.002853,-0.20085,1.0089,0.0,-100405150.93240131,-100405150.93240131,100405150.93240131,138456709.29281762,0.0,55.13896422987325,0.8132894177177215,0.26201550387596895,2.3202627577248687,-0.12856460859374857,0.9828755328218245,True
中证500ETF南方,7月,8.5,8.151,51956560.18601334,-6098366.3859132305,45858193.80010011,58054926.57192657,12294.0,1443.0,13737.0,73113.0,26920.0,100033.0,1e-06,-0.2285,0.6361,0.0,-2223314.226310028,-2223314.226310028,2223314.226310028,45858193.80010011,0.0,314.9141103843463,0.6279045105624047,0.34178941625750137,12.301312997872294,6868.5,0.8383467908902691,True
中证500ETF南方,7月,8.595,8.151,261271461.2602852,-92733697.1923362,168537764.067949,354005158.4526214,70589.0,24115.0,94704.0,84728.0,21320.0,106048.0,0.003019,-0.3735,0.56795,0.0,-66026882.54049654,-66026882.54049654,66026882.54049654,179285874.5242036,-10748110.456254601,53.78127732413783,0.8033181946725856,0.4218952834270878,1.0421986825600944,-0.17667534752274167,0.9753869808793082,False
中证500ETF南方,7月,8.75,8.151,35393968.36786239,-506579.24792475003,34887389.119937636,35900547.61578714,12227.0,175.0,12402.0,27372.0,1427.0,28799.0,1e-06,-0.3557,0.4357,0.0,-337065.5580918453,-337065.5580918453,337065.5580918453,34887389.119937636,0.0,312.99311698585757,0.660716617522425,0.47234042553191485,5.196468938765496,6201.0,0.7870686883449032,False
中证500ETF南方,7月,8.841,8.151,119483533.0745199,-53554930.243935116,65928602.83058479,173038463.318455,78430.0,24486.0,102916.0,41632.0,8717.0,50349.0,0.0034280000000000005,-0.4395,0.27925,0.0,-27965901.40171721,-27965901.40171721,27965901.40171721,44358404.97071412,21570197.859870672,127.01747563499262,0.514447357515505,0.48539100544256664,0.4434083179339735,-0.12546822497508267,0.9614484228473998,False
中证500ETF南方,7月,9.0,8.151,2133674.12145888,-192623.35818726,1941050.76327162,2326297.4796461402,1296.0,117.0,1413.0,6930.0,549.0,7479.0,1e-06,-0.4334,0.2478,0.0,-138900.24616076128,-138900.24616076128,138900.24616076128,1941050.76327162,0.0,1870.943974962966,0.6617353860673628,0.4983598875351453,5.019764957264957,706.5,0.3747648276701986,False
中证500ETF南方,7月,9.086,8.151,32151131.018721,-9946967.47582824,22204163.54289276,42098098.49454924,53769.0,7814.0,61583.0,17014.0,2608.0,19622.0,0.0037679999999999996,-0.4694,0.14079999999999998,0.0,-4523075.557089731,-4523075.557089731,4523075.557089731,6853608.7918927185,15350554.75100004,444.145981336064,0.3393240478162529,0.4993589058660113,0.3250937997367356,-0.08603001639473434,0.8854901960784314,False
中证500ETF南方,7月,9.25,8.151,577762.44370416,-73404.24489684001,504358.19880732003,651166.688601,732.0,93.0,825.0,1693.0,243.0,1936.0,1e-06,-0.47319999999999995,0.1188,0.0,-52313.062258788384,-52313.062258788384,52313.062258788384,504358.19880732003,0.0,3161.909989023052,0.6371386754482251,0.4809208169115012,2.462872377930548,412.5,0.18777791986359763,False
中证500ETF南方,7月,9.332,8.151,10266634.444899691,-1522524.8514762,8744109.593423491,11789159.296375891,37057.0,1490.0,38547.0,11623.0,575.0,12198.0,0.004454,-0.4732,0.09775,0.0,-967136.7658893879,-967136.7658893879,967136.7658893879,2632598.2907324103,6111511.302691081,1318.6807398980322,0.38555495154072306,0.49282033955570576,0.34977899093596604,-0.11373255108989758,0.7712245767872367,False
中证500ETF南方,7月,9.578,8.151,5094290.73854844,-225299.28929508,4868991.44925336,5319590.02784352,21418.0,308.0,21726.0,8123.0,79.0,8202.0,0.005083000000000001,-0.47905,0.07295,1316216.1810207698,-104479.2092504412,1211736.9717703285,1420695.390271211,1874275.11755055,2994716.33170281,2368.0584910682137,0.36381510658484323,0.9941139373554762,0.3178769708207564,-0.03372728380208986,0.6403835099257094,False
中证500ETF南方,7月,9.823,8.151,1981445.55427962,-88233.38528004,1893212.16899958,2069678.9395596602,15373.0,279.0,15652.0,2021.0,183.0,2204.0,0.0050335,-0.49215,0.0335,0.0,-57717.315003630974,-57717.315003630974,57717.315003630974,202615.75385766,1690596.4151419203,2128.956623681126,0.39431034785660646,0.4985585585585586,0.39368911700376796,-0.09752862175461846,0.4713614054317379,False
中证500ETF南方,7月,10.314,8.151,56247.088926599994,-2033.0273106,54214.06161599999,58280.116237199996,8466.0,306.0,8772.0,1360.0,26.0,1386.0,1e-06,-0.4999,0.001,0.0,-933.276642340067,-933.276642340067,933.276642340067,8862.9360534,45351.1255626,4105.84466830695,0.2771446561613658,0.4939975990396159,0.1228049452712812,-0.046790105804975696,0.22876933382048475,False
中证500ETF南方,8月,7.122,8.151,159273.73763730002,-4588911.37536975,-4429637.63773245,4748185.11300705,122.0,3515.0,3637.0,57.0,7714.0,7771.0,1e-06,0.367,0.1965,80939.58218783865,-1218783.711665468,-1137844.1294776294,1299723.2938533067,-4514496.5963097,84858.95857725001,178.8911571162417,0.7169963639244931,0.5843762744120713,1.3309038546743464,0.1717920353982301,0.49155760565095596,False
中证500ETF南方,8月,7.25,8.151,545826.6408394801,-3603355.543783711,-3057528.9029442305,4149182.184623191,364.0,2403.0,2767.0,465.0,9468.0,9933.0,1e-06,0.33630000000000004,0.2257,331711.6358730454,-895349.8863459541,-563638.2504729087,1227061.5222189995,-3057528.9029442305,0.0,240.91186578397557,0.7739371740394863,0.5468492916880014,2.608773716919784,1383.5,0.4609860552916819,False
中证500ETF南方,8月,7.367,8.151,938885.89582359,-18339236.44640802,-17400350.550584428,19278122.34223161,561.0,10958.0,11519.0,324.0,12954.0,13278.0,1e-06,0.30510000000000004,0.2519,418278.24228904373,-5436521.931743333,-5018243.689454289,5854800.174032377,-17796992.18571846,396641.63513403,141.9206746579072,0.8019714816640486,0.5131268334924173,0.8798450671645652,0.13901888073646107,0.7257718913652417,False
中证500ETF南方,8月,7.5,8.151,736673.4254879999,-3277824.686136001,-2541151.260648001,4014498.1116240006,396.0,1762.0,2158.0,617.0,8133.0,8750.0,1e-06,0.2663,0.28,395291.6680673712,-817112.1349204405,-421820.4668530693,1212403.8029878116,-2541151.260648001,0.0,261.3673329742597,0.757572800287259,0.5169209944502098,3.086929166809984,1079.0,0.4400568140299598,False
中证500ETF南方,8月,7.613,8.151,1828672.18893216,-22830330.63945348,-21001658.45052132,24659002.828385636,912.0,11386.0,12298.0,272.0,12700.0,12972.0,1e-06,0.2309,0.3018,516697.0972556989,-6035463.864066275,-5518766.7668105755,6552160.961321974,-22284937.179596517,1283278.7290752,236.2435107422969,0.6373209808798467,0.46275781582559933,0.7068252486124851,-0.0715670121186774,0.7450995615637559,False
中证500ETF南方,8月,7.75,8.151,1043796.08454264,-4099703.21635446,-3055907.13181182,5143499.3008971,484.0,1901.0,2385.0,846.0,12362.0,13208.0,1e-06,0.18530000000000002,0.3246,371080.65611134976,-1208321.8024044335,-837241.1462930837,1579402.4585157833,-3055907.13181182,0.0,283.41091745690784,0.7399379327011404,0.43919682498798873,4.125413549197682,1192.5,0.4883162221410303,True
中证500ETF南方,8月,7.859,8.151,20886242.29420014,-28520122.31718507,-7633880.022984929,49406364.61138521,6387.0,10821.0,17208.0,3259.0,14932.0,18191.0,0.002902,0.18295,0.44445,6087349.602004943,-10232099.189266114,-4144749.58726117,16319448.791271057,-17862808.455153093,10228928.432168161,57.96900975416517,0.8056758333740595,0.4039362929726627,0.9450823206220669,-0.10957422019817098,0.8173947144075021,True
中证500ETF南方,8月,8.0,8.151,7726437.909822059,-9117995.93921502,-1391558.0293929605,16844433.849037077,3287.0,3879.0,7166.0,8180.0,19937.0,28117.0,1e-06,0.09709999999999999,0.3538,1742768.4615180925,-3785510.3224884816,-2042741.860970389,5528278.784006574,-1391558.0293929605,0.0,63.1429085761954,0.8161523398057104,0.3973785166240411,3.8141590772213267,3583.0,0.6993141517476555,True
中证500ETF南方,8月,8.104,8.151,107388722.73853152,-53270736.9438816,54117985.794649914,160659459.6824131,30776.0,18496.0,49272.0,14229.0,21477.0,35706.0,0.0029640000000000005,0.06385000000000002,0.47935,14862445.182354212,-20672511.606627293,-5810066.424273081,35534956.788981505,-3620550.569870524,57738536.36452043,139.59620099019725,0.6874578628799677,0.37580783288975983,0.811755383863128,-0.14988049609082882,0.9341510778224333,True
中证500ETF南方,8月,8.25,8.151,30543520.65235614,-27207932.74385472,3335587.90850142,57751453.396210864,12609.0,11232.0,23841.0,32041.0,32780.0,64821.0,1e-06,0.0066000000000000225,0.3646,0.0,-12816676.924698545,-12816676.924698545,12816676.924698545,3335587.90850142,0.0,148.61788936652246,0.7157377231388167,0.3366633366633366,2.7297843573271843,11920.5,0.8748053830227744,True
中证500ETF南方,8月,8.35,8.151,56375665.94501127,-33769084.57762554,22606581.36738573,90144750.52263682,15917.0,11663.0,27580.0,9062.0,9836.0,18898.0,0.0029460000000000003,-0.054700000000000026,0.48445000000000005,0.0,-14549601.567766221,-14549601.567766221,14549601.567766221,3617083.793234337,18989497.574151397,271.6549483102302,0.6318785397009816,0.33689839572192504,0.7063395792062476,-0.04887077935691636,0.8789611496772622,True
中证500ETF南方,8月,8.5,8.151,16806999.571001638,-6230262.686822458,10576736.884179179,23037262.257824097,7084.0,2626.0,9710.0,20979.0,7335.0,28314.0,1e-06,-0.08150000000000002,0.3571,0.0,-3567989.0804917426,-3567989.0804917426,3567989.0804917426,10576736.884179179,0.0,152.48670342420507,0.8246773039273027,0.40724224045665347,2.8773420402240895,4855.0,0.7428716356107661,True
中证500ETF南方,8月,8.595,8.151,62733741.60403349,-25313508.06673689,37420233.53729661,88047249.67077038,19950.0,9359.0,29309.0,10446.0,1957.0,12403.0,0.002986,-0.16215000000000002,0.44020000000000004,0.0,-9032919.912119579,-9032919.912119579,9032919.912119579,27554809.059487708,9865424.477808896,38.095285605171625,0.5714508987522842,0.38887056883759274,0.36635627962951506,-0.06388847007766238,0.8679356351236147,False
中证500ETF南方,8月,8.75,8.151,6702180.81226551,-731630.7204921,5970550.091773409,7433811.53275761,3023.0,330.0,3353.0,10375.0,444.0,10819.0,1e-06,-0.1634,0.3337,0.0,-495169.71135323035,-495169.71135323035,495169.71135323035,5970550.091773409,0.0,168.82857792457554,0.8316038043270063,0.4373297002724795,2.3887378582383545,1676.5,0.5435632687857752,False
中证500ETF南方,8月,8.841,8.151,47068478.87606865,-13054321.493194409,34014157.38287424,60122800.36926306,18105.0,5757.0,23862.0,12390.0,963.0,13353.0,0.003142,-0.24555000000000002,0.36629999999999996,0.0,-6270880.135460253,-6270880.135460253,6270880.135460253,30027249.31214151,3986908.0707327295,117.83771421432503,0.5934443258503127,0.46015250276718733,0.42580798218486654,-0.1302794303399068,0.8410777006454757,False
中证500ETF南方,8月,9.0,8.151,4100032.7528074207,-216313.44145983,3883719.3113475908,4316346.194267251,2066.0,109.0,2175.0,4824.0,184.0,5008.0,1e-06,-0.2362,0.2987,0.0,-170088.03836716592,-170088.03836716592,170088.03836716592,3883719.3113475908,0.0,224.34596405995694,0.8205232287520345,0.49280050083472454,2.011510075756903,1087.5,0.4324927536231884,False
中证500ETF南方,8月,9.086,8.151,36281279.1512457,-3166955.6013552602,33114323.549890436,39448234.75260096,18215.0,1642.0,19857.0,9288.0,261.0,9549.0,0.0032395,-0.31179999999999997,0.29505000000000003,0.0,-1446551.7030320892,-1446551.7030320892,1446551.7030320892,17996770.33838541,15117553.21150503,209.1108240735676,0.5664837231955417,0.48426435877262,0.3344309561359897,-0.0574593175815642,0.7983319327731092,False
中证500ETF南方,8月,9.25,8.151,12112016.65667136,-410113.4308128,11701903.22585856,12522130.08748416,7088.0,240.0,7328.0,12115.0,267.0,12382.0,1e-06,-0.2984,0.2572,0.0,-335368.3584391348,-335368.3584391348,335368.3584391348,11701903.22585856,0.0,160.3904471457411,0.8716876422834071,0.4965811965811966,1.4108634311512416,3664.0,0.6557180611374984,False
中证500ETF南方,8月,9.332,8.151,21218852.2060944,-1042096.5800130599,20176755.62608134,22260948.78610746,14570.0,653.0,15223.0,9665.0,14.0,9679.0,0.003533,-0.3479,0.22970000000000002,0.0,-440345.0948798786,-440345.0948798786,440345.0948798786,14053169.735696519,6123585.890384821,175.9335963311447,0.5962108945209542,0.47992063492063486,0.3423944289646749,0.017310972065994298,0.7414738765071246,False
中证500ETF南方,8月,9.578,8.151,6864656.235723,-663615.32674437,6201040.90897863,7528271.56246737,6666.0,487.0,7153.0,5565.0,32.0,5597.0,0.0036945,-0.38039999999999996,0.18005,0.0,-299526.98571228166,-299526.98571228166,299526.98571228166,5687239.763385179,513801.14559344994,185.03600316775754,0.6320795779136951,0.4737709328132355,0.4502709511197526,0.010105422069936476,0.5778244428206065,False
中证500ETF南方,8月,9.823,8.151,10291283.9044587,-1675029.80406762,8616254.100391079,11966313.70852632,14146.0,1414.0,15560.0,5960.0,149.0,6109.0,0.0040355,-0.3932,0.1439,0.0,-779008.475347113,-779008.475347113,779008.475347113,4159423.06140933,4456831.03898175,120.14092942492826,0.513481643174937,0.4591379310344828,0.2633476689148586,0.17539188009073384,0.6836066252587991,False
中证500ETF南方,8月,10.314,8.151,5753240.068298579,-3055667.9521282203,2697572.116170359,8808908.020426799,9222.0,4898.0,14120.0,2942.0,703.0,3645.0,1e-06,-0.45020000000000004,0.0939,0.0,-1520256.6802061594,-1520256.6802061594,1520256.6802061594,1396823.3043722096,1300748.8117981488,326.8311866958142,0.4028394636413316,0.4566603790532652,0.23127385300777809,0.06547513820469344,0.6218593959322859,False
中证500ETF南方,9月,6.385,8.151,3999815.136603,-43542254.79391788,-39542439.65731488,47542069.93052088,7150.0,78582.0,85732.0,84.0,290220.0,290304.0,0.0019245,0.44175000000000003,0.0838,1774276.6463926781,-37531806.67859827,-35757530.03220559,39306083.32499095,-43495263.9587466,3952824.30143172,110.55241676721799,0.713907716935876,0.9104955583673575,1.8524802188725225,-0.003815929896598132,0.9374788698087931,False
中证500ETF南方,9月,6.631,8.151,1413892.76112513,-57965309.2664217,-56551416.505296566,59379202.02754683,1833.0,77209.0,79042.0,15.0,50970.0,50985.0,0.0018599999999999999,0.4143,0.11455,523576.5945220522,-17697056.025255747,-17173479.430733696,18220632.6197778,-38254587.94556685,-18296828.559729718,379.4171071265029,0.47255845781552996,0.7138399438901851,0.3341697527312257,0.005353657835341244,0.9252206186822555,False
中证500ETF南方,9月,6.876,8.151,1260219.81441213,-21850496.51740956,-20590276.70299743,23110716.331821688,1257.0,22043.0,23300.0,26.0,3643.0,3669.0,0.0018125,0.3778,0.15005000000000002,438978.2272363227,-6395507.934108304,-5956529.706871981,6834486.161344627,-3585118.75729722,-17005157.94570021,137.58368484695052,0.512837748667137,0.6339423748404653,0.09297602707602928,-0.012813710273283117,0.7455639386189258,False
中证500ETF南方,9月,7.122,8.151,793826.7396602401,-12989459.94933015,-12195633.209669909,13783286.68899039,641.0,10263.0,10904.0,8.0,2715.0,2723.0,0.0017665,0.33205,0.18845,238768.26256937542,-1769395.5152436013,-1530627.252674226,2008163.7778129766,-3426357.2628156296,-8769275.94685428,441.48502798340803,0.37635988592266467,0.5592289146644573,0.1385115153217646,-0.0016542174249386627,0.6411772622092315,False
中证500ETF南方,9月,7.25,8.151,732248.6013414001,-2419132.41628344,-1686883.8149420398,3151381.01762484,540.0,1784.0,2324.0,591.0,3314.0,3905.0,1e-06,0.2942,0.2041,388527.9479546103,-634162.0644874315,-245634.11653282127,1022690.0124420419,-1686883.8149420398,0.0,401.17845945344743,0.7148715286789512,0.538188618211846,1.4760338814150473,1162.0,0.39857289002557544,False
中证500ETF南方,9月,7.367,8.151,5993848.85050809,-24070129.159602243,-18076280.309094153,30063978.010110334,3789.0,15509.0,19298.0,67.0,2895.0,2962.0,0.002706,0.34675,0.23585,1529301.0336424548,-4238345.489905815,-2709044.4562633596,5767646.52354827,-4387082.256915931,-13689198.052178223,287.0998022773903,0.41118987274850693,0.5217862347270485,0.10217428642604799,-0.01241018990649638,0.7404981731823164,False
中证500ETF南方,9月,7.5,8.151,846466.86608055,-1652253.2543087997,-805786.3882282497,2498720.1203893498,541.0,1056.0,1597.0,542.0,2548.0,3090.0,1e-06,0.23340000000000002,0.2355,323435.319968034,-452186.70387291606,-128751.38390488207,775622.0238409501,-805786.3882282497,0.0,397.15026078427445,0.6997156888084779,0.4670482822634965,1.7073636083571389,798.5,0.35278815004262576,False
中证500ETF南方,9月,7.613,8.151,8841372.01175943,-19088934.53444406,-10247562.52268463,27930306.54620349,3667.0,10509.0,14176.0,207.0,2056.0,2263.0,0.0027235000000000002,0.2693,0.31815,1367914.67888118,-2687057.1238341555,-1319142.4449529755,4054971.8027153355,-3235503.8342870106,-7012058.68839762,415.4424982886212,0.3422323763639441,0.4433823529411766,0.1260456222506749,-0.000610844727284828,0.7045127268298624,False
中证500ETF南方,9月,7.75,8.151,605988.303921,-992089.42327638,-386101.11935538007,1598077.72719738,350.0,573.0,923.0,384.0,1808.0,2192.0,1e-06,0.167,0.2606,114294.218690353,-332601.4347979847,-218307.21610763174,446895.6534883377,-386101.11935538007,0.0,380.1758043629993,0.6958593565096006,0.3886759429421546,2.126232859636001,461.5,0.27107660455486543,True
中证500ETF南方,9月,7.859,8.151,13609874.110112283,-22511286.2019474,-8901412.091835115,36121160.312059686,4732.0,11164.0,15896.0,689.0,3380.0,4069.0,0.002832,0.16974999999999998,0.36819999999999997,1029765.813257102,-5240423.851561174,-4210658.038304072,6270189.664818276,-4833834.028928189,-4067578.0629069265,330.78132499827643,0.3917142593467892,0.39562553691300695,0.22418163169685923,-0.033066367403940686,0.7425925587626355,True
中证500ETF南方,9月,8.0,8.151,1100675.00646675,-3552765.054374251,-2452090.047907501,4653440.060841002,597.0,1927.0,2524.0,973.0,3589.0,4562.0,1e-06,0.09719999999999998,0.2775,61119.258258263675,-1825727.3887416385,-1764608.130483375,1886846.646999902,-2452090.047907501,0.0,233.87663000289027,0.731080514179506,0.37868032260411794,1.7461481425463243,1262.0,0.4450485324564608,True
中证500ETF南方,9月,8.104,8.151,26850394.329437252,-30275465.33706552,-3425071.0076282695,57125859.666502774,9031.0,14366.0,23397.0,2386.0,3773.0,6159.0,0.0029414999999999997,0.07154999999999997,0.38234999999999997,23969.67468524402,-13832052.561456256,-13808082.886771012,13856022.2361415,-857463.1520340601,-2567607.8555942103,103.928588404841,0.622224145693799,0.35962284708601355,0.26341754104417947,0.005744880458897258,0.8108942272561199,True
中证500ETF南方,9月,8.25,8.151,3342936.0398920197,-684514.9803749401,2658421.0595170795,4027451.02026696,1763.0,361.0,2124.0,2767.0,1068.0,3835.0,1e-06,0.02639999999999998,0.2854,0.0,-378734.72900748707,-378734.72900748707,378734.72900748707,2658421.0595170795,0.0,335.06620600815234,0.7319470351934783,0.37605911330049246,2.2639662939179157,1062.0,0.41066435269760077,True
中证500ETF南方,9月,8.35,8.151,29261680.987710606,-29111799.038982663,149881.948727943,58373480.02669327,9942.0,13549.0,23491.0,2260.0,3027.0,5287.0,0.0029635,-0.021999999999999992,0.3832,0.0,-9414341.455049489,-9414341.455049489,9414341.455049489,147814.37324082013,2067.5754871182144,357.4080213184425,0.37088620338417855,0.38502673796791465,0.2253648844306647,0.02185408374099527,0.8086810376324444,True
中证500ETF南方,9月,8.5,8.151,2119295.43614646,-192663.22146786,1926632.2146786,2311958.65761432,1122.0,102.0,1224.0,1834.0,165.0,1999.0,1e-06,-0.04310000000000003,0.2843,0.0,-116586.31739461313,-116586.31739461313,116586.31739461313,1926632.2146786,0.0,369.6208999276599,0.7043032800578721,0.39082426127527226,1.6261140819964348,612.0,0.3201449884301547,True
中证500ETF南方,9月,8.595,8.151,24957617.33458422,-14930858.187531,10026759.147053221,39888475.52211522,9017.0,7325.0,16342.0,1932.0,844.0,2776.0,0.003026,-0.1081,0.3617,0.0,-6027999.317647625,-6027999.317647625,6027999.317647625,3627106.7507532006,6399652.396300022,300.201160764989,0.3924024965854901,0.43427230046948345,0.16474189632703642,-0.017549839998131367,0.7417771891365242,False
中证500ETF南方,9月,8.75,8.151,952594.21363392,-23769.14544576,928825.06818816,976363.3590796799,521.0,13.0,534.0,924.0,16.0,940.0,1e-06,-0.10940000000000003,0.2752,0.0,-18747.35389991556,-18747.35389991556,18747.35389991556,928825.06818816,0.0,469.2274416772061,0.6723472668810289,0.48605137742647914,1.5021408533884542,267.0,0.17844866642309098,False
中证500ETF南方,9月,8.841,8.151,34458117.396468475,-7793472.666867031,26664644.729601443,42251590.06333551,14272.0,4173.0,18445.0,4594.0,346.0,4940.0,0.0031385,-0.1804,0.32225000000000004,0.0,-3356015.555669464,-3356015.555669464,3356015.555669464,10445501.6493399,16219143.080261543,473.21558304760384,0.3587774724391014,0.4727232732072151,0.20240149210867645,0.03490830737096651,0.7740473145780051,False
中证500ETF南方,9月,9.0,8.151,699709.53416364,-1723.42249794,697986.1116657,701432.95666158,406.0,1.0,407.0,868.0,1.0,869.0,1e-06,-0.17090000000000002,0.2594,0.0,-1428.141702400776,-1428.141702400776,1428.141702400776,697986.1116657,0.0,280.52542483564076,0.6937614783133056,0.49403903470820115,1.5689655172413792,203.5,0.15285099257094142,False
中证500ETF南方,9月,9.086,8.151,20077241.596779507,-3984638.5212905705,16092603.075488936,24061880.118070077,9853.0,2437.0,12290.0,2094.0,45.0,2139.0,0.003314,-0.23704999999999998,0.2764,0.0,-1748066.4150742313,-1748066.4150742313,1748066.4150742313,4193320.13767953,11899282.937809406,521.5937959620275,0.3696635900820125,0.48281360737065904,0.11549471527723436,-0.006842671926874134,0.683660577274388,False
中证500ETF南方,9月,9.25,8.151,1680343.5793716,0.0,1680343.5793716,1680343.5793716,1060.0,0.0,1060.0,1995.0,0.0,1995.0,1e-06,-0.2265,0.2386,0.0,0.0,0.0,0.0,1680343.5793716,0.0,506.8147793406695,0.5698217504506309,0.45013190366777295,1.8820754716981132,530.0,0.2760926805504811,False
中证500ETF南方,9月,9.332,8.151,14690635.414755298,-2755303.4479113,11935331.966843998,17445938.8626666,8898.0,1898.0,10796.0,2076.0,70.0,2146.0,0.0035115000000000003,-0.27855,0.23349999999999999,0.0,-1222246.9509873136,-1222246.9509873136,1222246.9509873136,3325866.5831390996,8609465.383704899,314.1130052810173,0.4027479525080071,0.46118806014369307,0.13509589183205234,-0.03460752705615881,0.6566181342102059,False
中证500ETF南方,9月,9.578,8.151,21340063.154638797,-2498018.52665079,18842044.627988007,23838081.681289587,16255.0,1879.0,18134.0,3130.0,52.0,3182.0,0.0035465,-0.32115,0.19885,0.0,-1150087.9046933088,-1150087.9046933088,1150087.9046933088,4040029.2140722796,14802015.41391573,353.84087037132593,0.3841957122173707,0.46848712307493195,0.11011521570552082,-0.024240363669202077,0.7240534039702838,False
中证500ETF南方,9月,9.823,8.151,15263820.22507056,-884315.05784622,14379505.16722434,16148135.28291678,14803.0,737.0,15540.0,6629.0,5.0,6634.0,0.0035925,-0.35505000000000003,0.1679,0.0,-414361.4799598933,-414361.4799598933,414361.4799598933,6829362.61585578,7550142.55136856,230.84704920489582,0.5062421391730351,0.47393541011717627,0.22729944634237936,-0.0317877024291498,0.7105372061868225,False
中证500ETF南方,9月,10.314,8.151,5974984.88174016,-90877.64955984,5884107.232180321,6065862.5313,6772.0,103.0,6875.0,13572.0,0.0,13572.0,1e-06,-0.3923,0.1328,0.0,-38524.906576092246,-38524.906576092246,38524.906576092246,5974984.88174016,-90877.64955984,170.98200616096798,0.5672143950712256,0.41670235546038537,1.0020673360897814,0.09518368781859729,0.5779731457800511,False
中证500ETF嘉实,12月,2.9,3.309,254001.35196117003,-191799.8687808,62201.483180370036,445801.22074197,583.0,460.0,1043.0,17.0,299.0,316.0,0.001783,0.28215,0.38935,34935.695890931274,-61767.24980841493,-26831.553917483652,96702.9456993462,-117263.35727469,179464.84045506007,439.4753609623424,0.43534141465213383,0.5174980944607588,0.3395797598627787,0.07821569237147596,0.11102630617464378,False
中证500ETF嘉实,12月,2.95,3.309,409124.0727207,-201516.98569425003,207607.08702644997,610641.05841495,885.0,463.0,1348.0,14.0,20.0,34.0,0.0018059999999999999,0.2586,0.40985000000000005,28421.09374727654,-29726.725842197488,-1305.6320949209476,58147.81958947403,-2232.8181655200005,209839.90519196997,570.5523766339843,0.21180315066320118,0.5078041025102777,0.029507876658002953,0.022463052679111275,0.12103671903544026,False
中证500ETF嘉实,12月,3.0,3.309,496885.2578838001,-576185.23160415,-79299.97372034995,1073070.4894879502,1020.0,1255.0,2275.0,14.0,243.0,257.0,0.0017869999999999997,0.2359,0.43210000000000004,28813.20562826157,-117102.41762534963,-88289.21199708806,145915.6232536112,-104744.15867853002,25444.184958180063,603.5619397247381,0.24147019764080932,0.5073552251020654,0.10367549410202329,0.0662202380952381,0.2051110096212398,False
中证500ETF嘉实,12月,3.1,3.309,1060123.0566898803,-657508.23143406,402614.8252558203,1717631.2881239404,1179.0,1347.0,2526.0,564.0,845.0,1409.0,0.00244,0.26915,0.6335,10250.924012148978,-215813.75752478643,-205562.83351263744,226064.68153693542,94664.61394398013,307950.2113118401,642.6847597993657,0.42113829431532895,0.376303331827911,0.5528457357883224,0.5316308223880928,0.3030527341371331,False
中证500ETF嘉实,12月,3.2,3.309,1643751.4169934,-1101431.72567934,542319.69131406,2745183.14267274,1508.0,2167.0,3675.0,630.0,374.0,1004.0,0.0026115,0.17469999999999997,0.72985,0.0,-163481.9211115792,-163481.9211115792,163481.9211115792,496618.3095370201,45701.38177703996,636.8331211266029,0.28473880982195354,0.36672325976230896,0.29518035788821717,0.0921860346150567,0.3717471684325904,True
中证500ETF嘉实,12月,3.3,3.309,1151801.74716516,-559498.7700342,592302.97713096,1711300.51719936,1092.0,1069.0,2161.0,159.0,64.0,223.0,0.0027605,0.0915,0.72065,0.0,-66824.53378470559,-66824.53378470559,66824.53378470559,134210.74497687002,458092.23215408996,514.3580212387055,0.15727274134979802,0.3796913363732024,0.10273671604354487,0.04166341370926368,0.242169711362806,True
中证500ETF嘉实,12月,3.4,3.309,1221511.3989620402,-399853.14715800004,821658.2518040402,1621364.5461200401,1227.0,775.0,2002.0,66.0,0.0,66.0,0.0029059999999999997,0.022199999999999998,0.6902,0.0,-47982.37765896001,-47982.37765896001,47982.37765896001,65704.76962632,755953.48217772,572.3883538445573,0.21075794621026894,0.3,0.02689486552567237,0.010824313072439634,0.2213100109609061,True
中证500ETF嘉实,12月,3.5,3.309,1289564.5037784302,-277745.73948891,1011818.7642895202,1567310.2432673401,1357.0,553.0,1910.0,249.0,0.0,249.0,0.0029950000000000003,-0.040299999999999975,0.6633,0.0,-33737.5559396468,-33737.5559396468,33737.5559396468,236626.05854151002,775192.7057480102,542.0265672863435,0.20458960933527126,0.3,0.09174649963154016,-0.023190442726633873,0.22836262331019364,False
中证500ETF嘉实,12月,3.6,3.309,1120484.0416089601,-461961.8882343,658522.1533746601,1582445.9298432602,1296.0,895.0,2191.0,92.0,2.0,94.0,0.002969,-0.0996,0.6305,0.0,-92352.89660204289,-92352.89660204289,92352.89660204289,78508.21674924,580013.9366254201,516.5989031540391,0.23755581190574399,0.4051502145922746,0.036611145596248014,0.0003861003861003861,0.22545347704299112,False
中证500ETF嘉实,12月,3.7,3.309,725711.4536349601,-357785.24115600006,367926.21247896005,1083496.6947909603,949.0,778.0,1727.0,324.0,0.0,324.0,0.003238,-0.13915,0.5592,0.0,-60506.816746473574,-60506.816746473574,60506.816746473574,247766.60798496002,120159.60449399997,466.53644049176364,0.30921148927893416,0.3,0.17070600632244468,0.09760705289672544,0.19888582389477533,False
中证500ETF嘉实,12月,3.8,3.309,939473.1344367,-325371.05457246,614102.07986424,1264844.18900916,1394.0,747.0,2141.0,225.0,0.0,225.0,0.0033594999999999996,-0.17805,0.50665,0.0,-61432.85614541053,-61432.85614541053,61432.85614541053,151636.62499875002,462465.4548654901,386.9681810735989,0.3227066603061138,0.3,0.08070301291248207,0.04838709677419355,0.21150913408841798,False
中证500ETF嘉实,12月,3.9,3.309,631020.7799262,-308036.2742325,322984.50569370005,939057.0541587,1070.0,750.0,1820.0,14.0,0.0,14.0,0.003477,-0.2118,0.45685,0.0,-62520.512462632185,-62520.512462632185,62520.512462632185,8256.346653240002,314728.15904046,402.11047159313506,0.2809284451553985,0.3,0.0065420560747663555,-0.0013979496738117428,0.16120697844355134,False
中证500ETF嘉实,12月,4.0,3.309,803305.60771032,-263278.0807488,540027.5269615201,1066583.68845912,1573.0,680.0,2253.0,504.0,0.0,504.0,0.0035975,-0.24,0.41000000000000003,0.0,-56649.85010428886,-56649.85010428886,56649.85010428886,257384.63209536002,282642.89486616006,308.52103239258645,0.41726454725821316,0.3,0.16020343293070566,0.05270555165144062,0.21704463524540252,False
中证500ETF嘉实,12月,4.1,3.309,478070.10771264,-31345.298248320003,446724.80946432,509415.40596096,1088.0,84.0,1172.0,1126.0,10.0,1136.0,0.0036435,-0.26765,0.37105,0.0,-10053.832850473682,-10053.832850473682,10053.832850473682,474338.52458784,-27613.715123520004,290.09137035007706,0.5099182457112803,0.3774357838795394,0.5769870448179272,0.1666865102988451,0.16589325295335527,False
中证500ETF嘉实,7月,2.9,3.309,121688.15204160001,-793185.4404012602,-671497.2883596602,914873.5924428601,755.0,4401.0,5156.0,21.0,4056.0,4077.0,0.0020365,0.48824999999999996,0.15589999999999998,50896.98572927643,-178469.8644346146,-127572.87870533817,229366.85016389104,-727621.9190798401,56124.630720179965,1361.0562685093782,0.41922146233954183,0.7602685299356076,0.4747116474130653,0.06582669066598097,0.3250552307879674,False
中证500ETF嘉实,7月,2.95,3.309,431227.35203616,-1381074.68174112,-949847.3297049601,1812302.03377728,736.0,4958.0,5694.0,17.0,5634.0,5651.0,0.004842,0.44865,0.39475000000000005,189502.17607096984,-346364.761452535,-156862.58538156515,535866.9375235048,-1371114.26735985,421266.93765489,1943.2338285143007,0.4509584283318765,0.7602519431787725,0.5797215633056808,0.04414128959677614,0.4101750700280112,False
中证500ETF嘉实,7月,3.0,3.309,511943.53162905003,-2187778.5703746,-1675835.03874555,2699722.1020036503,995.0,4746.0,5741.0,284.0,5654.0,5938.0,0.0018755,0.46104999999999996,0.44545,280623.2003160337,-277424.60193095147,3198.5983850822086,558047.8022469851,-2041655.9945126402,365820.95576709,1050.5046629772082,0.5070560283047139,0.6091293602058755,0.7383730705783448,0.09220471845541162,0.46327042991109485,False
中证500ETF嘉实,7月,3.1,3.309,2340967.2843051003,-6219121.804193251,-3878154.5198881505,8560089.08849835,2035.0,5781.0,7816.0,2868.0,14059.0,16927.0,0.0017195000000000003,0.39225,1.01655,1956848.127468535,0.0,1956848.127468535,1956848.127468535,-3878154.5198881505,0.0,579.9248338054798,0.7534310249743953,0.4293218720152817,1.9206344004994758,0.49642888465932455,0.6291265984654731,False
中证500ETF嘉实,7月,3.2,3.309,15235689.280841101,-26348598.730413184,-11112909.449572083,41584288.01125428,6690.0,12618.0,19308.0,9378.0,25618.0,34996.0,0.0028399999999999996,0.30295,1.9935,7557072.104925493,0.0,7557072.104925493,7557072.104925493,-11112909.449572083,0.0,80.5319134785504,0.8355744692171598,0.3200325732899023,1.7160339667085316,0.5493907322004634,0.8336328096455974,True
中证500ETF嘉实,7月,3.3,3.309,41301995.937759355,-42152720.46283638,-850724.5250770226,83454716.40059572,12128.0,15258.0,27386.0,24780.0,41496.0,66276.0,0.0029059999999999997,0.04325000000000001,2.81665,2942280.422619622,-16789982.368934628,-13847701.946315005,19732262.79155425,-850724.5250770226,0.0,78.81678129762949,0.8836132416285631,0.28015764910102314,2.3814141489338523,0.6716900540077756,0.9022704299110949,True
中证500ETF嘉实,7月,3.4,3.309,60015868.00845139,-23380875.708021004,36634992.30043039,83396743.71647239,22521.0,9895.0,32416.0,25255.0,17900.0,43155.0,0.00304,-0.21305000000000002,2.2959,0.0,-16509138.780571474,-16509138.780571474,16509138.780571474,36634992.30043039,0.0,126.09470032821615,0.8213464619596493,0.4047217537942665,1.4651961240644549,0.10612865564996216,0.9037988064791134,True
中证500ETF嘉实,7月,3.5,3.309,37699442.26352704,-11543534.689648049,26155907.573878996,49242976.95317509,26817.0,7765.0,34582.0,16484.0,7027.0,23511.0,0.0034675,-0.35475,1.3208,0.0,-10825071.134544764,-10825071.134544764,10825071.134544764,12726855.174840577,13429052.399038415,149.7053148340176,0.6908309868883389,0.4995150339476237,0.7598214302222156,0.12719579198889625,0.8731561929119473,False
中证500ETF嘉实,7月,3.6,3.309,13254581.94535188,-4163686.2163265403,9090895.72902534,17418268.16167842,22442.0,4187.0,26629.0,7539.0,1682.0,9221.0,0.0041600000000000005,-0.40709999999999996,0.7238,0.0,-2285912.8974216734,-2285912.8974216734,2285912.8974216734,2780012.1277960194,6310883.601229319,954.0136054421766,0.4644061426602547,0.46178967994774645,0.36882611731853976,0.07098380147678687,0.7684439166971135,False
中证500ETF嘉实,7月,3.7,3.309,5385199.14821592,-1646872.0190784,3738327.1291375197,7032071.16729432,22696.0,2648.0,25344.0,5238.0,84.0,5322.0,0.004203999999999999,-0.45594999999999997,0.39235,0.0,-718479.6112960797,-718479.6112960797,718479.6112960797,1190605.61288106,2547721.51625646,3435.6448149551593,0.27710475177058286,0.48583354414368835,0.1312558104120454,-0.014036973268343154,0.6664145049324077,False
中证500ETF嘉实,7月,3.8,3.309,1395869.62046832,-584577.4613166,811292.1591517201,1980447.08178492,12176.0,1010.0,13186.0,1482.0,92.0,1574.0,0.0054745,-0.44195,0.31665,0.0,-234103.8741160196,-234103.8741160196,234103.8741160196,116649.41987502002,694642.7392767001,4129.1885345175615,0.31920996394473844,0.46594733716095826,0.10640197889696985,0.012947808483821661,0.4432140421385946,False
中证500ETF嘉实,7月,3.9,3.309,324398.95964928,-354226.11235695006,-29827.15270767006,678625.07200623,9088.0,1305.0,10393.0,271.0,434.0,705.0,0.004781,-0.48345,0.14025,0.0,-184450.47124391323,-184450.47124391323,184450.47124391323,-108130.50466740002,78303.35195972997,6129.129632735201,0.27686591991653764,0.4945808636748519,0.18119329603097512,-0.056401463389320367,0.3057287175739861,False
中证500ETF嘉实,7月,4.0,3.309,374772.26597939996,-4296.90482883,370475.36115057,379069.17080822994,6458.0,309.0,6767.0,663.0,1.0,664.0,0.002387,-0.49755,0.03285,0.0,-1557.7112200949173,-1557.7112200949173,1557.7112200949173,38461.475445029995,332013.88570554,6124.076597575845,0.25525197711766884,0.4500305623471882,0.05294980461252745,-0.018634466308884913,0.22883315065156498,False
中证500ETF嘉实,7月,4.1,3.309,286056.50506272004,-18521.26610112,267535.23896160006,304577.77116384,5992.0,64.0,6056.0,625.0,0.0,625.0,0.007018,-0.47009999999999996,0.15394999999999998,0.0,-4692.426061951232,-4692.426061951232,4692.426061951232,29837.335725000004,237697.90323660005,6111.090190171344,0.23306310991659132,0.3,0.05215287049399199,-0.01638418079096045,0.20916447448544634,False
中证500ETF嘉实,8月,2.95,3.309,18837.377617590002,-555634.3697048702,-536796.9920872801,574471.7473224602,49.0,887.0,936.0,46.0,1742.0,1788.0,0.0027289999999999997,0.4105,0.4616,12644.32298950757,-336955.8652188557,-324311.5422293481,349600.18820836325,-537950.3009210102,1153.3088337299994,178.01339696031673,0.7517959973757888,0.8500704931046899,1.4513494236477003,1.6541140265630063,0.17955182072829134,False
中证500ETF嘉实,8月,3.0,3.309,250671.94327350002,-799389.41633586,-548717.47306236,1050061.35960936,350.0,1106.0,1456.0,143.0,1103.0,1246.0,0.00172,0.32135,0.6571,110717.24316304231,-583824.5060617535,-473107.2628987112,694541.7492247958,-694803.6966474,146086.22358504005,164.25953497379464,0.7497641622560458,0.7735043955695197,0.7029294755877035,0.3767567149309888,0.22820192424796004,False
中证500ETF嘉实,8月,3.1,3.309,857373.9258987,-2363069.6876620804,-1505695.7617633804,3220443.6135607804,810.0,2584.0,3394.0,695.0,1795.0,2490.0,0.00293,0.27745,0.90095,496387.51369512733,-1466078.7154330264,-969691.2017378991,1962466.2291281538,-905880.6742027503,-599815.08756063,124.62844627603405,0.8108340697956694,0.7395547617528864,0.7763420670412415,0.47839110191412315,0.4106845694799659,False
中证500ETF嘉实,8月,3.2,3.309,3767276.89993266,-2788138.6136046,979138.2863280601,6555415.51353726,2843.0,2630.0,5473.0,1353.0,3936.0,5289.0,0.0029705,0.16915000000000002,1.0892,1501897.5163848032,-2044227.1510879982,-542329.634703195,3546124.667472801,-995269.9376957398,1974408.2240238,122.84230981838058,0.796907298821342,0.6947847408080705,0.9862418400741465,0.5866787996095175,0.541766958957496,True
中证500ETF嘉实,8月,3.3,3.309,9642098.734274698,-3888998.3383965003,5753100.395878198,13531097.0726712,6555.0,3430.0,9985.0,3820.0,3446.0,7266.0,0.0029779999999999997,0.05209999999999998,1.18945,1763885.9004187407,-3335913.5887413607,-1572027.68832262,5099799.489160102,1730043.1818062984,4023057.214071899,105.97543947585109,0.7651052319433467,0.6035669673225528,0.7937129869927704,0.33033520815837625,0.6679300328827183,True
中证500ETF嘉实,8月,3.4,3.309,6678837.4064004,-2781831.2745693605,3897006.1318310397,9460668.68096976,4712.0,2483.0,7195.0,2910.0,1752.0,4662.0,0.003034,-0.06385000000000002,1.1588500000000002,383178.96976321895,-1902046.1380428206,-1518867.1682796017,2285225.1078060395,2161809.2483076593,1735196.8835233804,170.39238755753792,0.6683201345642807,0.511927487792883,0.6615851115257776,0.2159899822977085,0.5906951650225307,True
中证500ETF嘉实,8月,3.5,3.309,7359426.4868136,-2971351.02342672,4388075.46338688,10330777.51024032,5840.0,2882.0,8722.0,3525.0,1404.0,4929.0,0.0030889999999999997,-0.16765,1.0462500000000001,0.0,-1818799.9100926581,-1818799.9100926581,1818799.9100926581,2994591.1873544105,1393484.2760324697,114.35072682300496,0.6666709352775005,0.48896499238964986,0.5453787918397612,0.23882333779328557,0.6205622335890878,False
中证500ETF嘉实,8月,3.6,3.309,2723341.22746875,-1368580.0099823999,1354761.21748635,4091921.23745115,2653.0,1528.0,4181.0,934.0,160.0,1094.0,0.0031925,-0.25085,0.87775,0.0,-596547.3666481376,-596547.3666481376,596547.3666481376,815457.1227345001,539304.0947518502,150.55660533813352,0.48757464640825326,0.4888693614528413,0.22838316003023348,0.1181264942070741,0.41565728900255755,False
中证500ETF嘉实,8月,3.7,3.309,3722870.40377868,-634680.75344526,3088189.6503334204,4357551.15722394,4748.0,838.0,5586.0,1158.0,104.0,1262.0,0.0033455000000000004,-0.3112,0.7039,0.0,-268555.38465058873,-268555.38465058873,268555.38465058873,829211.8607667,2258977.7895667204,215.97761564812697,0.5008173428925646,0.47404722936637833,0.18399858852766546,0.10885486100824568,0.44720289855072465,False
中证500ETF嘉实,8月,3.8,3.309,2040686.5274649002,-282612.78379340994,1758073.7436714903,2323299.31125831,3591.0,511.0,4102.0,726.0,10.0,736.0,0.002792,-0.41,0.51205,0.0,-105379.31662925085,-105379.31662925085,105379.31662925085,407039.29153830005,1351034.4521331901,202.36056027199027,0.3953630912955004,0.46210395527024234,0.11087078426660257,0.04557885141294439,0.35106265984654733,False
中证500ETF嘉实,8月,3.9,3.309,1062928.31372208,-307303.09698474,755625.2167373401,1370231.41070682,2648.0,573.0,3221.0,574.0,437.0,1011.0,0.0035215,-0.3958,0.4282,0.0,-206065.06110619617,-206065.06110619617,206065.06110619617,-3957.3614230200183,759582.5781603602,531.2686111440403,0.4945685483825435,0.4773141248551084,0.48971003833114524,1.038779808921989,0.28019023261478504,False
中证500ETF嘉实,8月,4.0,3.309,244972.84790781004,-85500.22683141001,159472.62107640004,330473.07473922,891.0,183.0,1074.0,298.0,0.0,298.0,0.003862,-0.40659999999999996,0.3389,0.0,-21450.808761981287,-21450.808761981287,21450.808761981287,81932.55743718,77540.06363922001,283.15195606262796,0.4403695687076979,0.3,0.16722783389450055,0.00798175598631699,0.09816209962245769,False
中证500ETF嘉实,8月,4.1,3.309,669601.60471413,-4097.2957902,665504.30892393,673698.90050433,3329.0,10.0,3339.0,1001.0,0.0,1001.0,0.0041175,-0.418,0.27895,0.0,-1065.2969054520017,-1065.2969054520017,1065.2969054520017,201343.10793597,464161.20098796,604.1666666666658,0.3768048463001906,0.3,0.15034544908380895,0.05575959933222037,0.23118225551090002,False
中证500ETF嘉实,9月,2.8,3.309,632020.24855188,-7363299.099253681,-6731278.850701801,7995319.347805561,1591.0,17928.0,19519.0,22.0,36535.0,36557.0,0.0017900000000000001,0.3928,0.36895,215444.83438247448,-2081768.6745107288,-1866323.8401282544,2297213.5088932035,-7354559.661498721,623280.8107969201,348.3496911881617,0.524085803303399,0.6225468269935589,1.0258507491801132,0.11430529211080599,0.7126991840214347,False
中证500ETF嘉实,9月,2.85,3.309,207153.66901824,-2378509.55082018,-2171355.88180194,2585663.2198384204,448.0,5098.0,5546.0,0.0,633.0,633.0,0.0017725,0.37065,0.4242,51573.67250416711,-238333.82398527273,-186760.15148110563,289907.49648943986,-295330.82496453007,-1876025.0568374102,376.7597772931471,0.2989693973756644,0.5737789203084833,0.06208316987053747,0.03550420168067227,0.37394507368164653,False
中证500ETF嘉实,9月,2.9,3.309,474916.21920540003,-2135411.5825440004,-1660495.3633386004,2610327.8017494003,898.0,4080.0,4978.0,19.0,1641.0,1660.0,0.0017720000000000001,0.34465,0.4805,135610.37089509363,-594515.4921526217,-458905.1212575281,730125.8630477154,-848826.7610301002,-811668.6023085001,301.74149462140946,0.44327960660865,0.6392853346292273,0.21168200576444388,0.03524464742504059,0.40182292047253687,False
中证500ETF嘉实,9月,2.95,3.309,844297.61770926,-893002.98959865,-48705.37188939005,1737300.60730791,1419.0,1523.0,2942.0,0.0,19.0,19.0,0.0017115000000000001,0.31930000000000003,0.53945,197690.49410568358,-153849.64783809998,43840.846267583605,351540.14194378356,-11140.54944345,-37564.82244594011,369.82275269529146,0.30663687335263096,0.6862385321100918,0.00623768877216021,0.0053085600530856005,0.24393575691146022,False
中证500ETF嘉实,9月,3.0,3.309,616509.4327569001,-893106.4621941001,-276597.02943720005,1509615.8949510003,1095.0,1386.0,2481.0,135.0,285.0,420.0,0.0025065,0.3615,0.55135,179110.290323644,-219594.6511267205,-40484.3608030765,398704.94145036454,-107639.42044455002,-168957.60899265017,375.7360712345851,0.36519421838444843,0.7436018238154727,0.16445768843029118,0.07273190459510237,0.2456041895018877,False
中证500ETF嘉实,9月,3.1,3.309,2249774.96977584,-2315964.8014104604,-66189.8316346202,4565739.771186301,2249.0,3134.0,5383.0,994.0,1503.0,2497.0,0.0027705000000000004,0.2578,0.79425,697259.3841397177,-812481.8682108882,-115222.48407117056,1509741.252350606,-116345.13379803009,50155.30216340977,384.87347918746127,0.47641182140579996,0.7010889145080519,0.4607765118894223,0.23705487511585835,0.4714385580319084,False
中证500ETF嘉实,9月,3.2,3.309,2805968.3104857607,-2324915.5641487204,481052.7463370403,5130883.874634481,2368.0,2874.0,5242.0,917.0,1057.0,1974.0,0.0028675000000000003,0.15995,0.9105000000000001,600634.205450489,-666913.205031571,-66278.99958108203,1267547.41048206,231544.07592498022,249508.6704120601,447.74312616714127,0.39384558049575313,0.6561277017773091,0.3775133595234065,0.22315291571396156,0.4764591401778102,True
中证500ETF嘉实,9月,3.3,3.309,4744432.016262001,-2950799.9425378204,1793632.073724181,7695231.958799822,3855.0,3494.0,7349.0,1799.0,2687.0,4486.0,0.0029525,0.06215000000000001,0.9476500000000001,1026593.7032728296,-1438046.4061666299,-411452.7028938002,2464640.1094394596,-55193.15837150952,1848825.2320956904,341.1007146786245,0.5742592870626719,0.6125614865285574,0.6178496470139286,0.4698734767202104,0.5736642918036781,True
中证500ETF嘉实,9月,3.4,3.309,3039386.4995786995,-1175774.4313717498,1863612.0682069496,4215160.93095045,2503.0,1427.0,3930.0,1348.0,702.0,2050.0,0.0030395000000000005,-0.030000000000000027,0.93075,157516.83974248444,-494335.4304571925,-336818.590714708,651852.270199677,1058461.1444636998,805150.9237432498,391.7834428756174,0.39732338264343436,0.5030544793365959,0.5152474353830764,0.38033722811050097,0.43520107173304107,True
中证500ETF嘉实,9月,3.5,3.309,2742297.5164500005,-1264693.9621298402,1477603.5543201603,4006991.4785798406,2500.0,1608.0,4108.0,1141.0,481.0,1622.0,0.0031395,-0.1119,0.86005,96592.72711152429,-498692.14583294553,-402099.4187214213,595284.8729444698,873277.4995771502,604326.0547430103,253.76539036257645,0.45809355835670507,0.45510044957613754,0.3777646766169154,0.2599632853674424,0.4233681646571672,False
中证500ETF嘉实,9月,3.6,3.309,4003457.20510266,-1428258.84223518,2575198.36286748,5431716.04733784,4171.0,1971.0,6142.0,839.0,485.0,1324.0,0.00324,-0.1825,0.7692000000000001,0.0,-579120.6420478759,-579120.6420478759,579120.6420478759,453849.85574064,2121348.50712684,179.73856209150307,0.4789862414518753,0.4143596377749029,0.22360939447936096,0.12248408800987179,0.4829989648033126,False
中证500ETF嘉实,9月,3.7,3.309,2638537.05914451,-897860.9458339202,1740676.11331059,3536398.00497843,3279.0,1374.0,4653.0,509.0,200.0,709.0,0.0033695,-0.23935,0.66585,0.0,-352925.31902925536,-352925.31902925536,352925.31902925536,278887.77035720996,1461788.34295338,228.5422296331775,0.47732434843247684,0.41321961620469094,0.1503953303475471,0.14190144023777118,0.3944075630252101,False
中证500ETF嘉实,9月,3.8,3.309,3068435.8011561297,-748594.3359976201,2319841.4651585096,3817030.13715375,4687.0,1246.0,5933.0,619.0,195.0,814.0,0.0034165000000000003,-0.28955,0.5732999999999999,0.0,-323499.38455944473,-323499.38455944473,323499.38455944473,288084.78692315996,2031756.6782353497,393.74904334106486,0.3764806437119967,0.4320263832905828,0.14428411154653714,0.11314456721915286,0.42074302764584093,False
中证500ETF嘉实,9月,3.9,3.309,5503912.65475425,-685891.6950718801,4818020.959682371,6189804.34982613,10505.0,1298.0,11803.0,1899.0,0.0,1899.0,0.003636,-0.3194,0.48055,0.0,-186944.86760970412,-186944.86760970412,186944.86760970412,994948.1324491501,3823072.82723322,428.1646773763243,0.3632853917271222,0.3,0.09038553069966683,0.003161222339304531,0.5592391304347826,False
中证500ETF嘉实,9月,4.0,3.309,2979381.4822869305,-321875.32326840004,2657506.1590185305,3301256.8055553306,7231.0,680.0,7911.0,3429.0,0.0,3429.0,0.0038005,-0.34545000000000003,0.4043,0.0,-90265.03630787742,-90265.03630787742,90265.03630787742,1412847.3382328702,1244658.82078566,113.46147453796118,0.6040724743593974,0.3,0.2371041349744157,0.06289895687373502,0.48478413104372187,False
中证500ETF嘉实,9月,4.1,3.309,1259650.1932019999,-95715.98310960001,1163934.2100924,1355366.1763115998,3880.0,223.0,4103.0,3450.0,5.0,3455.0,0.0038469999999999997,-0.37250000000000005,0.34425,0.0,-41311.06783610962,-41311.06783610962,41311.06783610962,1117903.6869164999,46030.523175900016,510.56752388872405,0.42497011284926023,0.4424741011578306,0.4557983911978179,0.12279293739967898,0.3355451223967848,False
创业板ETF易方达,12月,3.2,3.828,166973.48667647998,-3683532.6620611204,-3516559.17538464,3850506.1487376005,1158.0,10298.0,11456.0,116.0,2107.0,2223.0,0.0030245000000000003,0.38675000000000004,0.17125,16438.72596180679,-812028.2618899777,-795589.5359281709,828466.9878517846,-736935.0404011201,-2779624.13498352,257.91582781565995,0.32128911382888165,0.5500900808593115,0.15238777353685726,0.06328409496126125,0.5083618925831201,False
创业板ETF易方达,12月,3.3,3.828,385632.94830192,-1676232.9985895997,-1290600.0502876798,2061865.9468915197,783.0,4315.0,5098.0,21.0,1019.0,1040.0,0.0033980000000000004,0.3246,0.3006,47342.91434262074,-240349.60916215566,-193006.69481953493,287692.5235047764,-385504.72944191995,-905095.3208457599,397.6093350891066,0.23450710756480553,0.5739278789850756,0.131486439090227,0.028321076513847597,0.3573355255145536,False
创业板ETF易方达,12月,3.4,3.828,277446.85645247996,-1107579.13070112,-830132.27424864,1385025.9871536,458.0,2713.0,3171.0,20.0,1658.0,1678.0,0.0035785,0.27415,0.346,16674.828555998578,-262273.0682167243,-245598.23966072575,278947.8967727229,-664761.0104467199,-165371.26380192005,486.555406327122,0.27504895045523503,0.5546021407315681,0.32739985545899813,0.08733604369196746,0.298102119108513,False
创业板ETF易方达,12月,3.5,3.828,1284935.8539283199,-967212.15649344,317723.69743487984,2252148.01042176,1956.0,2262.0,4218.0,339.0,684.0,1023.0,0.003734,0.22410000000000002,0.37005,432094.0712664061,-200020.8987525995,232073.1725138066,632114.9700190056,-69776.70361200004,387500.4010468798,191.5044607648287,0.47526979498948885,0.5694292243652372,0.23785007567004604,0.11213670001955608,0.3617309097552064,False
创业板ETF易方达,12月,3.6,3.828,641928.96814464,-941134.0522636798,-299205.0841190398,1583063.0204083198,918.0,2138.0,3056.0,129.0,437.0,566.0,0.0038195,0.1801,0.38880000000000003,88177.11040396389,-212408.78753156526,-124231.67712760138,300585.8979355291,-102158.92621439998,-197046.15790463972,429.8100530176354,0.32513585922263,0.5542700918799025,0.17245975409184566,0.05799744945929221,0.2744724150529777,False
创业板ETF易方达,12月,3.7,3.828,1471834.9910563198,-1407216.6420840002,64618.348972319625,2879051.63314032,2049.0,3075.0,5124.0,362.0,740.0,1102.0,0.003862,0.13685000000000003,0.40125,349242.8453725515,-330971.76261837734,18271.08275417419,680214.6079909289,-78615.89201664008,143234.2409889598,233.50570732650908,0.4204693486683585,0.5681983709492529,0.20866097680010476,0.03617538564721663,0.40161204481792717,True
创业板ETF易方达,12月,3.8,3.828,1193688.86557536,-1030330.1249999999,163358.74057536002,2224018.9905753597,1646.0,2250.0,3896.0,463.0,911.0,1374.0,0.003965,0.09519999999999998,0.4037,180293.50593957244,-298905.28384442005,-118611.77790484761,479198.78978399246,-81398.90068991994,244757.64126527985,434.11777994696195,0.3899961081417758,0.5519399548969472,0.3430884298636425,0.10582145794628288,0.36074643770551695,True
创业板ETF易方达,12月,3.9,3.828,2885500.9685303997,-876998.68542,2008502.2831103997,3762499.6539503997,4031.0,1885.0,5916.0,1199.0,842.0,2041.0,0.004021,0.05529999999999999,0.403,359607.04530544707,-176889.97960368992,182717.06570175715,536497.024909137,466535.6786375998,1541966.6044727997,456.2663470924118,0.2838127529082891,0.567431765408221,0.3720645764555464,0.07531737332919805,0.45210114480574837,True
创业板ETF易方达,12月,4.0,3.828,1545319.78409952,-556782.1202750399,988537.66382448,2102101.90437456,2169.0,1199.0,3368.0,867.0,218.0,1085.0,0.004066500000000001,0.017100000000000004,0.40155,323408.2115338258,-73032.74901048635,250375.46252333943,396440.96054431214,516467.3265100801,472070.3373144,385.51193572808126,0.34123209607992655,0.5500694580097751,0.29077077832264553,0.09477483603541104,0.3365022530751431,True
创业板ETF易方达,12月,4.1,3.828,1501139.5214112003,-418356.8924832,1082782.6289280003,1919496.4138944002,2140.0,918.0,3058.0,267.0,106.0,373.0,0.004137,-0.018849999999999978,0.39485000000000003,272896.12564030284,-114231.6018792729,158664.52376102994,387127.72751957574,138984.70162896003,943797.9272990401,226.65004013471042,0.4467269208374804,0.5221276183350861,0.12011738236312178,0.0188734060872413,0.28926647180611376,False
创业板ETF易方达,12月,4.2,3.828,1317021.04838304,-351211.67948592,965809.3688971199,1668232.7278689598,1953.0,783.0,2736.0,141.0,89.0,230.0,0.004212,-0.05199999999999999,0.38315,159365.12674711336,-76858.49985410259,82506.62689301078,236223.62660121595,55163.85657551998,910645.5123215998,351.70320072426,0.3224765081094939,0.5278813142591615,0.09293100505558793,0.018245013178874753,0.2538037388868591,False
创业板ETF易方达,12月,4.3,3.828,1285002.088128,-249360.03892799997,1035642.0492,1534362.127056,1993.0,572.0,2565.0,168.0,184.0,352.0,0.004307,-0.08204999999999998,0.36875,112641.84925528448,-72313.59493896525,40328.25431631923,184955.44419424975,28105.57411200003,1007536.4750880001,441.7495592985953,0.32864016386207384,0.5298619483858541,0.20298667714623558,0.11521432753677259,0.24730331262939959,False
创业板ETF易方达,12月,4.4,3.828,1251391.45557888,-218856.84540191997,1032534.61017696,1470248.3009807998,2044.0,458.0,2502.0,521.0,8.0,529.0,0.0040625,-0.12339999999999998,0.37195,149290.93279494107,-56624.55434468365,92666.37845025741,205915.48713962472,315147.304296,717387.3058809598,434.72067529656664,0.3066953831256194,0.6142430211379797,0.13617980840718175,-0.020013656160035434,0.24814882474729022,False
创业板ETF易方达,12月,4.5,3.828,2833168.47745536,-1501133.07383424,1332035.40362112,4334301.551289599,4896.0,3372.0,8268.0,200.0,5.0,205.0,0.0042465,-0.14524999999999996,0.34935,284886.44883120677,-378841.07921286544,-93954.63038165867,663727.5280440722,113508.12702239999,1218527.2765987199,328.8376069718771,0.2787297423014554,0.6063801301128962,0.021166236364059267,0.0021538461538461538,0.42823876507124586,False
创业板ETF易方达,12月,4.6,3.828,872683.9376111999,-183874.6373904,688809.3002207999,1056558.5750016,1586.0,453.0,2039.0,387.0,10.0,397.0,0.004482,-0.16300000000000003,0.32625000000000004,94480.87108844354,-46295.5118517507,48185.35923669284,140776.38294019425,208884.64188239997,479924.65833839995,413.0551647658988,0.32277289687928523,0.5448320209990761,0.13304257173001066,0.13816415207130683,0.20546638655462185,False
创业板ETF易方达,12月,4.7,3.828,505517.43586607993,-114632.0569152,390885.3789508799,620149.49278128,977.0,265.0,1242.0,304.0,5.0,309.0,0.004216,-0.2024,0.32415000000000005,56927.45855300976,-35113.27322789072,21814.18532511904,92040.73178090047,155132.21851775996,235753.16043311995,327.7309414533745,0.3371534854447691,0.6037087163361653,0.16501226318533824,0.028744462788302793,0.14357063695043232,False
创业板ETF易方达,12月,4.8,3.828,1874850.6068423998,-486423.96244991996,1388426.64439248,2361274.56929232,3883.0,1224.0,5107.0,1480.0,9.0,1489.0,0.004474,-0.21259999999999998,0.30035,379179.5742605284,-144287.31223856483,234892.26202196354,523466.8864990932,711020.03056128,677406.6138312002,299.3714075145374,0.4132031815128736,0.621195169578736,0.19425076881125872,0.11091881686595342,0.39202813299232736,False
创业板ETF易方达,7月,3.4,3.828,92612.99545343999,-21460831.127778236,-21368218.132324796,21553444.123231675,1188.0,48527.0,49715.0,353.0,73940.0,74293.0,0.0037515000000000005,0.4809,0.1775,44044.573101291266,0.0,44044.573101291266,44044.573101291266,-21433312.283169597,65094.15084479999,277.38375638355774,0.5557024225025815,0.4752027809965238,0.9104129455093867,0.08796335799024427,0.8712784679089027,False
创业板ETF易方达,7月,3.5,3.828,1732038.0960009599,-37491292.549941115,-35759254.45394015,39223330.64594208,2182.0,43601.0,45783.0,4959.0,65672.0,70631.0,0.004281,0.42795,0.5642499999999999,1449963.4341790355,0.0,1449963.4341790355,1449963.4341790355,-35759254.45394015,0.0,101.71229398383662,0.8452968314795974,0.4535777646363099,1.889444797839823,0.05681672348993645,0.8992055778833273,False
创业板ETF易方达,7月,3.6,3.828,13763175.380254079,-85282226.76381408,-71519051.38356,99045402.14406815,9731.0,59423.0,69154.0,17912.0,102413.0,120325.0,0.0040680000000000004,0.35765,0.9722999999999999,7217538.643758647,0.0,7217538.643758647,7217538.643758647,-71519051.38356,0.0,139.73163010897233,0.7397298474279737,0.38230486309767053,1.7820862435743154,0.09813660562932759,0.9503403361344538,False
创业板ETF易方达,7月,3.7,3.828,35822678.975424,-111881527.17817679,-76058848.2027528,147704206.15360078,17200.0,54909.0,72109.0,46203.0,126241.0,172444.0,0.004197,0.22385,1.4059,22417663.7817295,0.0,22417663.7817295,22417663.7817295,-76058848.2027528,0.0,34.80278422273882,0.882157772621809,0.3188153310104529,2.4926578981418306,0.08559487888367026,0.9609356960175375,True
创业板ETF易方达,7月,3.8,3.828,98761404.842496,-111310101.87794639,-12548697.035450399,210071506.72044238,38294.0,46559.0,84853.0,139098.0,214125.0,353223.0,0.004099,0.06660000000000002,1.6957499999999999,20263146.99882527,-17465118.465482607,2798028.533342663,37728265.464307874,-12548697.035450399,0.0,15.679616498551676,0.8096101529550048,0.2233646942893342,4.1156870106915555,0.09981215086419007,0.9763514797223237,True
创业板ETF易方达,7月,3.9,3.828,179186168.38519582,-111356364.56145695,67829803.82373887,290542532.94665277,71753.0,48406.0,120159.0,252618.0,159136.0,411754.0,0.004169,-0.10085000000000002,1.63705,0.0,-52515866.16144899,-52515866.16144899,52515866.16144899,67829803.82373887,0.0,36.43518878475547,0.8645026426229894,0.2811816192560175,3.404093748367373,0.2015684370062797,0.9903081232492996,True
创业板ETF易方达,7月,4.0,3.828,171433691.96803343,-88203995.79235199,83229696.17568144,259637687.76038542,85451.0,45480.0,130931.0,176401.0,48702.0,225103.0,0.00421,-0.24495000000000003,1.3462999999999998,0.0,-56347961.24909248,-56347961.24909248,56347961.24909248,83229696.17568144,0.0,69.87517551715396,0.7959517114381287,0.3708737864077669,1.5675984985639906,0.057038952379219236,0.9880133357690902,True
创业板ETF易方达,7月,4.1,3.828,122313845.02928974,-33854607.982071355,88459237.04721838,156168453.0113611,87157.0,23981.0,111138.0,121188.0,16373.0,137561.0,0.004491500000000001,-0.33804999999999996,0.96055,0.0,-24655625.105482977,-24655625.105482977,24655625.105482977,99199650.60493487,-10740413.55771648,128.4891978769527,0.8256503021571118,0.45097037793667016,1.0366025729136794,0.039418803451185,0.973991170381196,False
创业板ETF易方达,7月,4.2,3.828,83704723.60624704,-26485047.738737278,57219675.86750976,110189771.34498432,94308.0,26428.0,120736.0,84798.0,6980.0,91778.0,0.004652999999999999,-0.40285,0.6448,0.0,-10678974.200046232,-10678974.200046232,10678974.200046232,68268888.79693344,-11049212.929423677,379.70906378216984,0.43694616046801105,0.4778241586224889,0.5816370085878486,0.024624392775205086,0.9678775423212763,False
创业板ETF易方达,7月,4.3,3.828,54389484.998323195,-19218937.402367998,35170547.59595519,73608422.4006912,100861.0,26400.0,127261.0,62522.0,3197.0,65719.0,0.0049895,-0.4357,0.4324,0.0,-9990266.4341838,-9990266.4341838,9990266.4341838,31387722.541781753,3782825.0541734435,120.23993394310129,0.49991562701622755,0.4958281184814351,0.37049064693143546,-0.01560343104567455,0.9542078309584704,False
创业板ETF易方达,7月,4.4,3.828,25489870.536002398,-4367341.719813599,21122528.816188797,29857212.255815998,76799.0,9305.0,86104.0,36228.0,1664.0,37892.0,0.0050965,-0.46315,0.2734,0.0,-1967719.4306999699,-1967719.4306999699,1967719.4306999699,11243200.884347519,9879327.93184128,325.31016883888174,0.43193152625263637,0.4973849372384938,0.3252767395162508,-0.01946274181991623,0.8886352454025089,False
创业板ETF易方达,7月,4.5,3.828,14764752.6823368,-2625526.01988864,12139226.66244816,17390278.70222544,66245.0,5276.0,71521.0,38208.0,1127.0,39335.0,0.006137999999999999,-0.45465,0.24585,0.0,-858210.5201188884,-858210.5201188884,858210.5201188884,7955002.282803841,4184224.3796443203,405.55525585465705,0.28648650049138263,0.4869175363810084,0.3951884262539791,-0.007717566323686869,0.84977207404701,False
创业板ETF易方达,7月,4.6,3.828,5504012.757365759,-640720.6336080001,4863292.123757759,6144733.39097376,35569.0,1570.0,37139.0,21224.0,125.0,21349.0,0.0065710000000000005,-0.46280000000000004,0.19205,136707.09198287464,-274512.07949336316,-137804.9875104885,411219.1714762378,3233228.17227696,1630063.9514807994,490.9455202833246,0.3809085847164255,0.52651855656864,0.33815860372223505,0.039950816767935146,0.7214426988186579,False
创业板ETF易方达,7月,4.7,3.828,4106771.2495180797,-507149.552052,3599621.6974660796,4613920.801570079,44913.0,1495.0,46408.0,40214.0,157.0,40371.0,0.006872,-0.47005,0.14695,762587.1249043302,-233998.54924762706,528588.5756567032,996585.6741519573,3623843.1926030396,-24221.49513696006,773.5054942962158,0.4521708349049556,0.7040269658530232,0.5001961130798622,-0.039241848706901575,0.7115648520277676,False
创业板ETF易方达,7月,4.8,3.828,6509824.652152798,-236858.18720256,6272966.464950238,6746682.839355358,83037.0,1408.0,84445.0,88108.0,477.0,88585.0,0.006588999999999999,-0.4872,0.08415,428543.6975921444,-137206.2495860764,291337.448006068,565749.9471782208,6429582.212312158,-156615.74736191996,865.1528005208436,0.5214241002233275,0.5690574374079529,0.6999237855153837,0.034816051214419164,0.7844414809402023,False
创业板ETF易方达,8月,3.4,3.828,443708.17894655996,-9807449.46467616,-9363741.2857296,10251157.64362272,634.0,14493.0,15127.0,889.0,27285.0,28174.0,0.003919499999999999,0.34055,0.4697,264623.08139220683,-1436415.3969310604,-1171792.3155388534,1701038.4783232673,-9363741.2857296,0.0,175.69270386480514,0.7642077416700608,0.47945719802617487,1.6424205985659128,0.8878480575543976,0.7106073559858725,False
创业板ETF易方达,8月,3.5,3.828,1555730.5693881598,-26086771.531624317,-24531040.96223616,27642502.101012476,1773.0,32882.0,34655.0,1498.0,20217.0,21715.0,0.003974999999999999,0.279,0.5701,778534.1382842707,-4634219.6393094575,-3855685.501025187,5412753.777593728,-14724626.626733761,-9806414.335502397,171.29188189142698,0.6644364082382204,0.4936461691048847,0.729865260568881,0.1358640579220201,0.841921264157837,False
创业板ETF易方达,8月,3.6,3.828,1453108.5899193601,-22720871.12863392,-21267762.53871456,24173979.71855328,1403.0,25498.0,26901.0,1619.0,19084.0,20703.0,0.0039695,0.21299999999999997,0.65745,662407.8691006372,-6201787.883359346,-5539380.014258709,6864195.752459982,-15552346.921055997,-5715415.617658561,109.82862992181586,0.7147684443113143,0.5020970321663409,0.9512033339358245,0.17837822043022677,0.8172246376811594,False
创业板ETF易方达,8月,3.7,3.828,6679738.96660224,-18238094.775109436,-11558355.808507197,24917833.741711676,5872.0,19098.0,24970.0,7082.0,20972.0,28054.0,0.0040235,0.13915000000000002,0.714,2776319.759989081,-7402892.53151599,-4626572.771526909,10179212.291505072,-11558355.808507197,0.0,144.48031055405056,0.8034633706043787,0.51681182895224,1.152094064231443,0.33334217900548374,0.8192394349043965,True
创业板ETF易方达,8月,3.8,3.828,20248608.55569552,-17554112.07238656,2694496.4833089598,37802720.62808208,17641.0,17742.0,35383.0,22127.0,22710.0,44837.0,0.004133,0.06375,0.72925,5765230.975472087,-9852414.527157135,-4087183.5516850483,15617645.502629222,2694496.4833089598,0.0,253.36610594445796,0.7639737819111003,0.5413535223129714,1.2671537507440174,0.21252789749530387,0.8752134331993667,True
创业板ETF易方达,8月,3.9,3.828,22251408.54312816,-16699010.384073602,5552398.159054557,38950418.92720176,18777.0,16734.0,35511.0,27403.0,21361.0,48764.0,0.004105,-0.009899999999999992,0.74485,3526255.941016852,-11202139.20240076,-7675883.261383909,14728395.143417612,5552398.159054557,0.0,90.7888627502083,0.8829244653553889,0.4633610187088161,1.3679473686491908,0.4378624515313736,0.8799754597491171,True
创业板ETF易方达,8月,4.0,3.828,23268307.779177118,-14088222.64590048,9180085.133276638,37356530.4250776,20481.0,14658.0,35139.0,21170.0,9310.0,30480.0,0.004189,-0.07889999999999997,0.7156,616466.9175409062,-9175302.53980635,-8558835.622265443,9791769.457347255,14320200.750023518,-5140115.61674688,59.54374327825424,0.7960612804490299,0.4312658961668248,0.8343944887630146,0.19095769738525759,0.864886189258312,True
创业板ETF易方达,8月,4.1,3.828,19328706.960504476,-8659447.836367678,10669259.124136798,27988154.796872154,18389.0,9179.0,27568.0,15271.0,2583.0,17854.0,0.004176,-0.14504999999999998,0.68055,0.0,-2731052.883443097,-2731052.883443097,2731052.883443097,13614575.876019355,-2945316.751882558,129.9257978091919,0.5917617581050876,0.41640786749482406,0.5559226575477694,0.09049848921180169,0.8224786871270248,False
创业板ETF易方达,8月,4.2,3.828,19699030.576922398,-6113591.301185279,13585439.275737118,25812621.87810768,20571.0,7192.0,27763.0,17387.0,914.0,18301.0,0.004315,-0.1986,0.6168,0.0,-2437355.8940595337,-2437355.8940595337,2437355.8940595337,15873045.149507038,-2287605.8737699194,171.7823581790477,0.6320350431249682,0.4601619088197699,0.48615232417051574,0.16005165715235697,0.8220492631835343,False
创业板ETF易方达,8月,4.3,3.828,13887465.90745536,-2152133.7827616,11735332.12469376,16039599.69021696,16388.0,2780.0,19168.0,10653.0,517.0,11170.0,0.004414,-0.2459,0.5533,0.0,-668387.7056066362,-668387.7056066362,668387.7056066362,8627295.82156992,3108036.30312384,181.6884133792524,0.5440754993645329,0.47948066097693826,0.41801001961428175,0.15167654342991024,0.743159481183778,False
创业板ETF易方达,8月,4.4,3.828,10230044.759795519,-1039331.5285795198,9190713.231215999,11269376.288375039,13882.0,1486.0,15368.0,9893.0,215.0,10108.0,0.0045095,-0.28635,0.4901,0.0,-327752.50612042344,-327752.50612042344,327752.50612042344,7140061.672159679,2050651.5590563198,137.92337420996307,0.5277946050605821,0.49292007551919453,0.4286665944047144,0.12196105592033,0.689359091462672,False
创业板ETF易方达,8月,4.5,3.828,8474811.798752641,-449786.6321256,8025025.166627041,8924598.43087824,13428.0,713.0,14141.0,8275.0,98.0,8373.0,0.0045915,-0.321,0.4306,0.0,-151011.76227242325,-151011.76227242325,151011.76227242325,5160777.609794401,2864247.556832641,154.1945110926197,0.46761368277804005,0.4990291262135922,0.3768485164866614,0.1251409362149012,0.653457800511509,False
创业板ETF易方达,8月,4.6,3.828,4959521.03759904,-244655.94539231996,4714865.09220672,5204176.98299136,9293.0,434.0,9727.0,4954.0,97.0,5051.0,0.0045305,-0.3581,0.37445,0.0,-125630.02648371815,-125630.02648371815,125630.02648371815,2589187.0365345604,2125678.05567216,252.504912080324,0.5207429870229455,0.49200000000000005,0.37829586314658326,0.155194342829009,0.560578735842163,False
创业板ETF易方达,8月,4.7,3.828,4164217.9879449587,-498538.81302192004,3665679.1749230386,4662756.800966878,9299.0,983.0,10282.0,6871.0,75.0,6946.0,0.004823,-0.37055000000000005,0.32585,0.0,-233469.55150440708,-233469.55150440708,233469.55150440708,3038889.703623839,626789.4712991997,221.67609321567997,0.4999835807935237,0.4886074549275523,0.4075968527008833,0.12868121863951051,0.5643724881256851,False
创业板ETF易方达,8月,4.8,3.828,8304840.188789759,-1615895.69418288,6688944.494606879,9920735.882972639,22304.0,3513.0,25817.0,21763.0,240.0,22003.0,0.005024000000000001,-0.38465,0.28400000000000003,0.0,-761355.7868594574,-761355.7868594574,761355.7868594574,7993005.913300319,-1304061.4186934398,113.32408869119938,0.6228042795013496,0.4804586241276173,0.5220309691590285,0.07129449115683541,0.7410926196565583,False
创业板ETF易方达,9月,2.85,3.828,158267.20627871997,-20149766.028612,-19991498.82233328,20308033.234890718,749.0,95425.0,96174.0,169.0,82301.0,82470.0,0.0023135,0.44415000000000004,0.14415,66409.20700637675,-12426545.446451379,-12360136.239445003,12492954.653457755,-17342816.036721118,-2648682.78561216,233.6925656923712,0.5484441423515296,0.9376605345366194,0.5440510428191216,0.03937534152399726,0.8840982827913775,False
创业板ETF易方达,9月,2.9,3.828,377233.66048896,-20535217.27247232,-20157983.61198336,20912450.932961278,1564.0,85242.0,86806.0,15.0,18806.0,18821.0,0.0023130000000000004,0.43389999999999995,0.16449999999999998,110941.42547495078,-7218609.44366399,-7107668.018189039,7329550.869138941,-4526839.973684159,-15631143.638299199,285.4957161727431,0.34990343888834813,0.9216571347862446,0.11510486827603385,0.022133839738181574,0.8531394470831811,False
创业板ETF易方达,9月,2.95,3.828,478609.4991744,-4094346.1825727993,-3615736.6833983995,4572955.681747199,1756.0,15022.0,16778.0,0.0,2262.0,2262.0,0.0023155,0.4223,0.186,95598.47302413268,-1493356.1237337603,-1397757.6507096277,1588954.596757893,-616523.1703487999,-2999213.513049599,268.2866495323324,0.3488198438232976,0.8,0.07528957528957529,0.03096281634384278,0.5606284861770795,False
创业板ETF易方达,9月,3.0,3.828,1050509.5755264,-3717156.3362999996,-2666646.7607735996,4767665.9118264,3440.0,12225.0,15665.0,194.0,2817.0,3011.0,0.002297,0.41035,0.20795,306298.3475105407,-1794635.2533577695,-1488336.9058472288,2100933.6008683103,-797298.4281873599,-1869348.3325862396,201.91226850317472,0.42916847786878765,0.8925148895292987,0.143412398344985,0.05059385867289426,0.5656989404457435,False
创业板ETF易方达,9月,3.1,3.828,289591.4538,-2574514.5494111995,-2284923.0956111997,2864106.0032111993,775.0,6917.0,7692.0,6.0,7412.0,7418.0,0.0022640000000000004,0.38280000000000003,0.2545,75028.99619753993,-1565231.9253190106,-1490202.9291214708,1640260.9215165505,-2572272.5510591995,287349.45544800005,283.0518146391475,0.5084402687187896,0.8513114055677198,0.5396523758668451,0.15805401047211995,0.498109791742784,False
创业板ETF易方达,9月,3.2,3.828,314826.3908063999,-4227000.38937792,-3912173.99857152,4541826.78018432,710.0,9492.0,10202.0,26.0,9218.0,9244.0,0.0022455,0.3497,0.30325,73647.75769603356,-3062312.551470257,-2988664.7937742234,3135960.3091662903,-4093453.19316384,181279.19459231995,214.78207467850692,0.5868678582975903,0.8075736091417133,0.5038766522438466,0.16495623600777093,0.5662264036049203,False
创业板ETF易方达,9月,3.3,3.828,919199.3954457601,-4363809.4733904,-3444610.07794464,5283008.868836161,1774.0,8410.0,10184.0,219.0,5569.0,5788.0,0.0036839999999999998,0.35834999999999995,0.35385,274980.4193335854,-2680425.658520113,-2405445.2391865277,2955406.0778536987,-2776186.6972488,-668423.3806958401,117.88039276043362,0.569966083428929,0.7933248664553648,0.39281885123604665,0.04549749985036392,0.5695845207648277,False
创业板ETF易方达,9月,3.4,3.828,897209.3480803199,-4301094.47844384,-3403885.13036352,5198303.82652416,1319.0,7242.0,8561.0,355.0,4667.0,5022.0,0.0036915,0.3115,0.43474999999999997,212029.51321038048,-1578960.1442936107,-1366930.6310832303,1790989.6575039912,-2530298.97158544,-873586.1587780799,381.58811359180777,0.4107785483110431,0.7286746232280404,0.4567892646278898,0.2030036890865155,0.5491407867494824,False
创业板ETF易方达,9月,3.5,3.828,1743801.2605569595,-4069117.107,-2325315.8464430403,5812918.367556959,2157.0,6250.0,8407.0,453.0,3708.0,4161.0,0.0038125,0.25265,0.498,193062.97008056586,-2336623.7154708547,-2143560.745390289,2529686.6855514203,-2047903.27937712,-277412.5670659202,336.26725215510317,0.4249783132504191,0.7432848773421632,0.40164695410292073,0.11597852074608703,0.5494180367799294,False
创业板ETF易方达,9月,3.6,3.828,2988021.9848054396,-6531409.52792064,-3543387.5431152005,9519431.51272608,3282.0,9232.0,12514.0,560.0,3497.0,4057.0,0.003828,0.19465,0.5520499999999999,224956.7536652746,-2046820.5746980063,-1821863.8210327318,2271777.3283632807,-1964200.9818182401,-1579186.5612969603,384.2728761612605,0.25398061603330147,0.6972378608539397,0.2747094136178958,0.07323077352650706,0.6272727438801609,False
创业板ETF易方达,9月,3.7,3.828,4769292.31311456,-7809946.308251999,-3040653.995137439,12579238.62136656,5103.0,10713.0,15816.0,798.0,4230.0,5028.0,0.0039995,0.13110000000000002,0.56765,675147.5493748061,-2877998.694778518,-2202851.1454037116,3553146.244153324,-2337921.5920790397,-702732.4030583999,394.3359462918071,0.3281097728016572,0.7377323814226326,0.2756129912544238,0.010296064191976494,0.6862042991109487,True
创业板ETF易方达,9月,3.8,3.828,5734863.2682,-8527075.271447038,-2792212.0032470385,14261938.539647039,5975.0,11473.0,17448.0,1412.0,4037.0,5449.0,0.004066,0.07179999999999997,0.5811,563659.8778413148,-3472434.3762206086,-2908774.498379294,4036094.2540619234,-1645167.2539737595,-1147044.7492732797,368.25832194368184,0.3135070526282377,0.7223040038647723,0.2940937992674816,0.10363409013485167,0.7060480453050786,True
创业板ETF易方达,9月,3.9,3.828,22232871.1732248,-12200862.714004798,10032008.459220001,34433733.8872296,23217.0,16278.0,39495.0,5530.0,5073.0,10603.0,0.0041140000000000005,0.014149999999999996,0.5825,2983579.3781918646,-2447080.020906806,536499.3572850586,5430659.39909867,1493222.9226551997,8538785.5365648,382.42839743612205,0.2706909802285614,0.69433156999172,0.274917578776981,0.0701878600558985,0.8370155888442333,True
创业板ETF易方达,9月,4.0,3.828,7480218.687875999,-3854469.65013792,3625749.037738079,11334688.33801392,8025.0,5218.0,13243.0,4739.0,2283.0,7022.0,0.004179,-0.04040000000000002,0.5701,1517467.8247154257,-1862872.6308365285,-345404.80612110277,3380340.455551954,2730867.7045478392,894881.33319024,272.2085762894871,0.5545105157458965,0.6560664627763186,0.5140267752770484,0.01994872014933379,0.6718631713554988,True
创业板ETF易方达,9月,4.1,3.828,9380033.1404208,-3963754.9073232,5416278.2330976,13343788.047744,10530.0,5605.0,16135.0,3612.0,563.0,4175.0,0.0042795,-0.09015000000000001,0.54525,1115103.2892912,-1074642.7417387534,40460.5475524466,2189746.0310299536,2819394.9877104005,2596883.2453872007,353.1231841439822,0.37286131402148204,0.6022239954843506,0.22173298667500274,0.041940635692930744,0.6821818292534405,False
创业板ETF易方达,9月,4.2,3.828,8676999.899282878,-1631591.5876127998,7045408.311670078,10308591.486895679,10363.0,2365.0,12728.0,2399.0,169.0,2568.0,0.0043,-0.1382,0.5211,612258.2128652589,-469804.06256811315,142454.15029714577,1082062.275433372,1892105.0554665597,5153303.256203519,405.21856261834307,0.3364162388318386,0.5727601801381264,0.1514777223162826,0.03536364602918793,0.6267304226038242,False
创业板ETF易方达,9月,4.3,3.828,6129488.827931039,-2213933.51485152,3915555.313079519,8343422.342782559,7969.0,3383.0,11352.0,2808.0,421.0,3229.0,0.0043975,-0.17855,0.48575,344170.8455266162,-716509.5462763594,-372338.70074974315,1060680.3918029754,1884305.2457750398,2031250.06730448,398.2395649419742,0.3101039162176996,0.5731155959688184,0.238405587094864,0.06387092376628947,0.6002882718304713,False
创业板ETF易方达,9月,4.4,3.828,6898358.5704792,-1170068.1673824,5728290.403096801,8068426.7378616,9777.0,1885.0,11662.0,2056.0,63.0,2119.0,0.0044405,-0.21735000000000002,0.45255,290910.8969543644,-302314.47702149313,-11403.580067128758,593225.3739758575,1411546.3365484802,4316744.06654832,464.98128151661797,0.27879912883795815,0.5465910159764604,0.12185560275306442,0.026195674334451455,0.5889523200584581,False
创业板ETF易方达,9月,4.5,3.828,7637809.1916456,-481998.8731535999,7155810.318492,8119808.0647992,11941.0,830.0,12771.0,1874.0,23.0,1897.0,0.0045215,-0.25005,0.4164,253409.01241195388,-154542.99467308412,98866.01773886976,407952.007085038,1185308.0412782398,5970502.277213761,418.11676736059854,0.3024364107614314,0.5320429788172534,0.09232456162477562,0.03378639914619659,0.5911041895018878,False
创业板ETF易方达,9月,4.6,3.828,2487478.7080281596,-158603.7991032,2328874.9089249596,2646082.5071313595,4326.0,295.0,4621.0,1939.0,13.0,1952.0,0.0046630000000000005,-0.2751,0.37965000000000004,184685.5001985757,-53387.782791477825,131297.71740709787,238073.28299005353,1107948.5475537598,1220926.3613712,409.69735193634943,0.3717659511901391,0.5599437296415786,0.2461439306675443,0.10403272355284288,0.4068629277798076,False
创业板ETF易方达,9月,4.7,3.828,4207300.257584159,-60964.77087359999,4146335.486710559,4268265.028457759,8173.0,120.0,8293.0,3747.0,9.0,3756.0,0.0046185,-0.3073,0.349,226842.67442011507,-22548.807565396022,204293.86685471906,249391.48198551108,1924309.8231667196,2222025.66354384,368.58917143019937,0.3340430421807178,0.571696537529754,0.2667303927566377,0.1840838476271547,0.5112689075630252,False
创业板ETF易方达,9月,4.8,3.828,9901903.38988752,-157438.106496,9744465.283391519,10059341.49638352,21527.0,340.0,21867.0,10495.0,14.0,10509.0,0.0049375,-0.31579999999999997,0.31495,1081170.3467169192,-55605.024465012604,1025565.3222519066,1136775.3711819318,4820965.3929096,4923499.890481919,300.1146969061174,0.37517280437828054,0.6049144698379547,0.2643518809484123,0.059374150709180784,0.710829740591889,False
沪深300ETF华泰柏瑞,12月,4.3,4.838,809683.77244416,-2781554.9694710406,-1971871.1970268807,3591238.741915201,1032.0,3723.0,4755.0,175.0,443.0,618.0,0.0013350000000000002,0.32265,0.3272,163564.33699565905,-429283.6411441118,-265719.30414845276,592847.9781397709,-193676.3703526401,-1778194.8266742406,199.67712232640494,0.4979710431766738,0.35699468721832844,0.1442818525944943,-0.002639018328673501,0.39033625624162704,False
沪深300ETF华泰柏瑞,12月,4.4,4.838,1506467.9950792002,-3339514.4183176802,-1833046.42323848,4845982.41339688,1670.0,4051.0,5721.0,27.0,631.0,658.0,0.0013465,0.2832,0.3688,221172.54415074032,-611484.9936489483,-390312.44949820795,832657.5377996885,-495820.0841505601,-1337226.33908792,195.86634641489212,0.47769325757955705,0.3442994482245016,0.08596583677867667,-0.014155842832078757,0.43818651808549514,False
沪深300ETF华泰柏瑞,12月,4.5,4.838,702749.0698560001,-3957229.3059090003,-3254480.236053,4659978.3757650005,695.0,4455.0,5150.0,42.0,702.0,744.0,0.001363,0.24015000000000003,0.40575,69026.45350141492,-801803.264684637,-732776.8111832221,870829.7181860518,-581095.116666,-2673385.119387,201.29604372776896,0.48256464746818817,0.30802462591627794,0.10900370612600828,0.02191919151037324,0.4307032030203386,False
沪深300ETF华泰柏瑞,12月,4.6,4.838,979506.8395364,-2049113.9087888403,-1069607.0692524402,3028620.7483252403,955.0,2187.0,3142.0,136.0,292.0,428.0,0.001687,0.3212,0.41925,68385.119699275,-503349.3251482966,-434964.2054490216,571734.4448475717,-134099.98937456,-935507.0798778803,158.30536013076107,0.5285406337443942,0.28970475961294523,0.13796230462250758,0.02844679418238836,0.34291980270369016,True
沪深300ETF华泰柏瑞,12月,4.7,4.838,3040909.26048768,-1836024.63372504,1204884.62676264,4876933.89421272,1471.0,1903.0,3374.0,85.0,231.0,316.0,0.0019544999999999996,0.19985,0.6476999999999999,92937.55381259165,-415375.702086035,-322438.14827344334,508313.25589862664,-47154.68728727999,1252039.3140499198,199.6427533792109,0.4761200180500804,0.2643638314907243,0.08958555188362287,0.02769949066213922,0.3878470344659603,True
沪深300ETF华泰柏瑞,12月,4.8,4.838,4755573.92344736,-2053119.653387,2702454.2700603604,6808693.57683436,2252.0,2101.0,4353.0,311.0,191.0,502.0,0.0020810000000000004,0.11960000000000001,0.65985,0.0,-477661.93170880614,-477661.93170880614,477661.93170880614,470094.98355748,2232359.28650288,200.08872595800332,0.4857307308434795,0.24437086092715232,0.11450427902470531,0.0482815762398129,0.45056235537693334,True
沪深300ETF华泰柏瑞,12月,4.9,4.838,8090497.6751293205,-2641954.9808813604,5448542.69424796,10732452.65601068,3923.0,2749.0,6672.0,303.0,178.0,481.0,0.00219,0.05174999999999999,0.64585,0.0,-605739.3493624451,-605739.3493624451,605739.3493624451,453815.47273060004,4994727.221517361,199.5270183861859,0.4687759106999154,0.24616228070175433,0.07099381352216044,0.02719366959563803,0.5242667762757277,True
沪深300ETF华泰柏瑞,12月,5.0,4.838,8719527.141070241,-2614598.9332063603,6104928.20786388,11334126.074276602,4598.0,2833.0,7431.0,256.0,23.0,279.0,0.0023295,-0.0068999999999999895,0.60225,0.0,-562371.4352694434,-562371.4352694434,562371.4352694434,464244.8269321201,5640683.38093176,197.95191451469265,0.454397465032991,0.24262857142857147,0.031897491611862734,0.011519970042423146,0.5265724028741932,True
沪深300ETF华泰柏瑞,12月,5.25,4.838,5489382.1428416,-1184573.6244692001,4304808.5183724,6673955.7673108,3680.0,1379.0,5059.0,720.0,54.0,774.0,0.002529,-0.125,0.50215,0.0,-304550.93634323153,-304550.93634323153,304550.93634323153,1027623.0553272,3277185.4630451994,179.5356615542231,0.5033336676857132,0.2827580566006871,0.11740549232272914,0.048271752085816445,0.46889654122518576,False
沪深300ETF华泰柏瑞,12月,5.5,4.838,3786633.59870232,-766279.2335705599,3020354.36513176,4552912.83227288,3398.0,1052.0,4450.0,755.0,62.0,817.0,0.0028505,-0.2021,0.39365,0.0,-239290.3024935155,-239290.3024935155,239290.3024935155,796189.37059084,2224164.99454092,148.74199229960587,0.5372313830534554,0.2867796205703377,0.14056244223285,0.0739050506769387,0.4217561198392401,False
沪深300ETF华泰柏瑞,12月,5.75,4.838,1946133.6911244802,-698031.30731536,1248102.3838091202,2644164.99843984,2392.0,1094.0,3486.0,620.0,40.0,660.0,0.003108,-0.25675000000000003,0.31010000000000004,274805.74819648045,-211016.6356198061,63789.11257667435,485822.3838162866,478910.47723520006,769191.9065739203,186.58351522962752,0.509885266958839,0.44330539678299635,0.14788019785635237,0.10755800923366551,0.3482612349287541,False
沪深300ETF华泰柏瑞,12月,6.0,4.838,3077376.890827,-584728.23385968,2492648.65696732,3662105.1246866803,5207.0,1018.0,6225.0,381.0,14.0,395.0,0.0032945,-0.29815,0.24895,974555.7801151244,-194924.9240654491,779630.8560496753,1169480.7041805736,217132.46965236,2275516.18731496,182.76626276499275,0.4711716272886048,0.6898719434345578,0.043461593751497433,-0.006578144078144079,0.4014070758738278,False
沪深300ETF华泰柏瑞,7月,4.3,4.838,89294.82086,-2147906.7494016006,-2058611.9285416005,2237201.5702616004,500.0,10560.0,11060.0,85.0,1348.0,1433.0,0.0016685,0.49310000000000004,0.0816,43994.08230997533,-79854.14456925623,-35860.062259280894,123848.22687923156,-259003.4314190801,-1799608.4971225206,2100.446428571428,0.2815261013496306,0.8189408099688475,0.14882575757575758,-0.049311400440763896,0.4424785653391792,False
沪深300ETF华泰柏瑞,7月,4.4,4.838,210956.73217296,-9341898.23278048,-9130941.50060752,9552854.964953441,402.0,18862.0,19264.0,240.0,4611.0,4851.0,0.001595,0.47905,0.2179,136935.58594819676,-1345535.1682189796,-1208599.582270783,1482470.7541671763,-2157773.88562224,-6973167.614985282,386.1479766524282,0.4332310032649885,0.860973630831643,0.4207373428689444,-0.010011372603629949,0.6695374497625137,False
沪深300ETF华泰柏瑞,7月,4.5,4.838,1355193.20604476,-23913212.478167765,-22558019.272123005,25268405.684212524,1537.0,25806.0,27343.0,586.0,5628.0,6214.0,0.0027575,0.46549999999999997,0.3863,857408.7450052373,0.0,857408.7450052373,857408.7450052373,-4698520.2674476,-17859499.004675403,235.9514279492056,0.48110906076932036,0.4895652173913042,0.29967550782171215,-0.08396535066347197,0.7845053586652052,False
沪深300ETF华泰柏瑞,7月,4.6,4.838,1439883.5505850802,-48672618.256295756,-47232734.70571067,50112501.80688084,3951.0,25682.0,29633.0,7520.0,15616.0,23136.0,0.0019060000000000001,0.4597,0.4827,902889.4463564198,0.0,902889.4463564198,902889.4463564198,-28155615.5028498,-19077119.202860877,266.33883636541447,0.5985393973822422,0.4324268644416976,1.2556839743362695,-0.17081414321015637,0.8664078066009012,True
沪深300ETF华泰柏瑞,7月,4.7,4.838,66488373.09749712,-147422560.6072399,-80934187.50974278,213910933.704737,17484.0,38539.0,56023.0,50231.0,55618.0,105849.0,0.0020085,0.3476,1.6295000000000002,34192360.79589283,0.0,34192360.79589283,34192360.79589283,-80934187.50974278,0.0,102.97793628432696,0.8259634035805862,0.3093977498345467,2.1580655224870364,-0.08198694685812041,0.9591007794422117,True
沪深300ETF华泰柏瑞,7月,4.8,4.838,231529607.26927102,-237436976.47902757,-5907369.209756553,468966583.7482986,34577.0,39513.0,74090.0,115083.0,123834.0,238917.0,0.0019545,0.1263,2.71405,0.0,0.0,0.0,0.0,-5907369.209756553,0.0,75.37266051781525,0.8121737816981074,0.0,3.231158628140161,-0.08241594246570164,0.9767225063938618,True
沪深300ETF华泰柏瑞,7月,4.9,4.838,432699059.70862055,-187352947.89984784,245346111.8087727,620052007.6084684,68168.0,31244.0,99412.0,104901.0,76780.0,181681.0,0.0019585,-0.15215,2.6369,0.0,-30401104.251683544,-30401104.251683544,30401104.251683544,245346111.8087727,0.0,194.8067399747766,0.7291546080201787,0.13157894736842118,1.998145851256111,0.00038005338181361717,0.9853778467908904,True
沪深300ETF华泰柏瑞,7月,5.0,4.838,321358389.39020693,-69237817.50894944,252120571.88125747,390596206.8991564,86453.0,18772.0,105225.0,50353.0,19154.0,69507.0,0.0022305,-0.32985,1.58195,0.0,-48017348.23468881,-48017348.23468881,48017348.23468881,117931615.37325351,134188956.508004,74.02672510881831,0.7364317011632586,0.39271371199082045,0.8013907647778892,-0.11175083639294034,0.9758885641213007,True
沪深300ETF华泰柏瑞,7月,5.25,4.838,64818720.51424897,-8031908.101398281,56786812.412850685,72850628.61564724,96964.0,6917.0,103881.0,11401.0,632.0,12033.0,0.0031205,-0.45625000000000004,0.39085000000000003,0.0,-3847422.286087579,-3847422.286087579,3847422.286087579,6887498.88944576,49899313.523404926,398.26839826839796,0.2804141008152989,0.49468213681411644,0.10447440547740103,-0.021781055042509306,0.9060727682377299,False
沪深300ETF华泰柏瑞,7月,5.5,4.838,8895383.40161592,-707295.4986905602,8188087.902925359,9602678.90030648,34518.0,1664.0,36182.0,6659.0,65.0,6724.0,0.0039875,-0.48275,0.14585,0.0,-320588.668509976,-320588.668509976,320588.668509976,1688413.85812636,6499674.044798999,625.803278168288,0.2819447196860772,0.49651092233009714,0.1159881710267107,-0.014219390367986246,0.7291227012544148,False
沪深300ETF华泰柏瑞,7月,5.75,4.838,1964201.4389929601,-340428.6049214,1623772.83407156,2304630.04391436,14932.0,1205.0,16137.0,2062.0,12.0,2074.0,0.005069499999999999,-0.4869,0.08845,0.0,-156267.96327346997,-156267.96327346997,156267.96327346997,267851.6938384,1355921.14023316,858.0465587044537,0.260392469420595,0.496920030799692,0.07402559653555314,-0.019936002555285975,0.4882729874558519,False
沪深300ETF华泰柏瑞,7月,6.0,4.838,1278996.7533896002,-1237995.56764992,41001.18573968019,2516992.32103952,16970.0,2182.0,19152.0,2106.0,0.0,2106.0,0.0084215,-0.4386,0.1373,0.0,-544926.7913795232,-544926.7913795232,544926.7913795232,158725.23056208002,-117724.04482239974,1189.0309526884498,0.3238177311380505,0.46301541024573095,0.06205067766647024,-0.03933438297410283,0.5105465838509317,False
沪深300ETF华泰柏瑞,8月,4.3,4.838,33847.06726108,-3097419.4235017602,-3063572.3562406804,3131266.49076284,41.0,3752.0,3793.0,36.0,4341.0,4377.0,1e-06,0.40969999999999995,0.3527,18969.55053847254,0.0,18969.55053847254,18969.55053847254,-3067700.0473700804,4127.6911294,183.96265682327254,0.7017729639722764,0.3850287907869483,1.0175158614592543,1.1683480453972257,0.4318715138229205,False
沪深300ETF华泰柏瑞,8月,4.4,4.838,941246.993094,-9214254.387688441,-8273007.394594441,10155501.38078244,850.0,8321.0,9171.0,157.0,4106.0,4263.0,1e-06,0.3639,0.4731,339725.3524328359,0.0,339725.3524328359,339725.3524328359,-4372922.794974361,-3900084.5996200806,225.8792226691894,0.5549278596259469,0.34758797483104165,0.3390780944032462,0.11645579068378788,0.6150367190354402,False
沪深300ETF华泰柏瑞,8月,4.5,4.838,1737893.4876301603,-29513504.171953604,-27775610.684323445,31251397.659583762,1246.0,21160.0,22406.0,711.0,11467.0,12178.0,1e-06,0.30569999999999997,0.5959,529983.1654062866,0.0,529983.1654062866,529983.1654062866,-15002233.028049761,-12773377.656273682,284.73892133287524,0.5128996246687257,0.27863046044864226,0.5562723588830192,0.06247452733146873,0.8015700280112045,False
沪深300ETF华泰柏瑞,8月,4.6,4.838,4522774.4843736,-48522524.78039601,-43999750.29602241,53045299.26476961,2730.0,26050.0,28780.0,2153.0,15723.0,17876.0,0.0011365,0.25539999999999996,0.7518,1519515.9923428409,0.0,1519515.9923428409,1519515.9923428409,-25719881.000668004,-18279869.295354404,141.99611579459355,0.7148460566095776,0.2022900763358778,0.6961073731131313,0.05052643487519361,0.8566850566313482,True
沪深300ETF华泰柏瑞,8月,4.7,4.838,26145006.73794048,-46911621.6355254,-20766614.89758492,73056628.37346588,8391.0,21333.0,29724.0,7112.0,15695.0,22807.0,0.0018165,0.23,1.1353499999999999,3272061.83538564,-8058952.056482038,-4786890.221096398,11331013.891867679,-12353717.51103764,-8412897.386547279,138.19850093412293,0.7394324131952372,0.20743642553583913,0.7916447015230055,0.0374222405540699,0.8823975155279503,True
沪深300ETF华泰柏瑞,8月,4.8,4.838,58156157.03401784,-50936930.342732795,7219226.691285044,109093087.37675063,16327.0,21568.0,37895.0,29512.0,23384.0,52896.0,0.0019249999999999998,0.0955,1.2654,0.0,-19860163.997346636,-19860163.997346636,19860163.997346636,7219226.691285044,0.0,86.84798430807285,0.7835519155838448,0.2649434571890144,1.4458784228814698,0.12464491866946092,0.9254377664109122,True
沪深300ETF华泰柏瑞,8月,4.9,4.838,79441095.01279737,-29695821.96021792,49745273.05257945,109136916.9730153,23161.0,12774.0,35935.0,19577.0,8666.0,28243.0,0.002023,-0.030450000000000005,1.2293,0.0,-15737199.397889802,-15737199.397889802,15737199.397889802,47002229.78073625,2743043.2718432043,71.89840292101478,0.7544217612860012,0.36558839933073056,0.7618331910390144,0.16499606594894217,0.908672268907563,True
沪深300ETF华泰柏瑞,8月,5.0,4.838,114409337.74584816,-20152304.21412096,94257033.5317272,134561641.95996913,38482.0,9541.0,48023.0,21102.0,5757.0,26859.0,0.0021420000000000002,-0.13799999999999998,1.0863,0.0,-12201937.401402853,-12201937.401402853,12201937.401402853,50577718.46106385,43679315.070663355,109.29674342866426,0.6524376433386678,0.4452936444086886,0.5758780713944742,0.12096879175084707,0.9230442698818658,True
沪深300ETF华泰柏瑞,8月,5.25,4.838,53346274.3048046,-3147927.5233669207,50198346.78143768,56494201.82817152,34165.0,2109.0,36274.0,14399.0,379.0,14778.0,0.0024410000000000005,-0.3134,0.6524000000000001,0.0,-1358679.65808982,-1358679.65808982,1358679.65808982,21917336.77354424,28281010.00789344,146.26080906114015,0.5098901648015248,0.48352626892252903,0.3005803634594256,0.07635436749103072,0.8675834246742175,False
沪深300ETF华泰柏瑞,8月,5.5,4.838,10887352.604115842,-454701.399066,10432651.205049843,11342054.003181841,15112.0,450.0,15562.0,4174.0,97.0,4271.0,0.002856,-0.38775000000000004,0.36975,0.0,-224676.14222553876,-224676.14222553876,224676.14222553876,2909120.6377081205,7523530.567341721,214.12837634936744,0.4640863152528787,0.4605976270689909,0.24587994823833892,0.06245400176368013,0.665545609548167,False
沪深300ETF华泰柏瑞,8月,5.75,4.838,3770804.42401,-130567.0509052,3640237.3731048,3901371.4749152004,9914.0,182.0,10096.0,1159.0,0.0,1159.0,0.004393,-0.3597,0.2345,0.0,-46150.960194685504,-46150.960194685504,46150.960194685504,440827.347935,3199410.0251698,477.2385873328717,0.3615902073981773,0.3709614254944193,0.0584526931611862,0.0016013543008870958,0.47987321885275847,False
沪深300ETF华泰柏瑞,8月,6.0,4.838,1500136.13795232,-54005.928968520006,1446130.2089838001,1554142.06692084,6621.0,93.0,6714.0,1487.0,10.0,1497.0,0.0038735,-0.4303,0.17245,273131.0744398819,-27059.816116829836,246071.25832305205,300190.8905567117,331106.13199863996,1115024.0769851601,218.33508956796547,0.4317549908398421,0.7453351063829787,0.166057656235536,0.13023063327690929,0.360394166362197,False
沪深300ETF华泰柏瑞,9月,4.0,4.838,355946.00844364,-12386208.6545838,-12030262.64614016,12742154.663027441,1189.0,33387.0,34576.0,94.0,21577.0,21671.0,0.001368,0.46345000000000003,0.1432,154111.87828330332,-556029.1410074297,-401917.26272412634,710141.019290733,-7976688.55867836,-4053574.0874618003,291.2918741372684,0.4302138264829668,0.4740377255018452,0.3626637690274083,0.003961808988575755,0.788065034709536,False
沪深300ETF华泰柏瑞,9月,4.1,4.838,159121.498273,-14528488.542927802,-14369367.044654801,14687610.041200802,355.0,29155.0,29510.0,7.0,23820.0,23827.0,0.0013280000000000002,0.44535,0.2022,66660.39535042088,-3690162.7770647146,-3623502.3817142937,3756823.1724151354,-11866819.418975001,-2502547.6256798003,258.56086400208216,0.5604974746288516,0.6224847172694856,0.4183654145762933,0.009638450403253602,0.7940992570941419,False
沪深300ETF华泰柏瑞,9月,4.2,4.838,1436364.42179968,-12803921.40031904,-11367556.97851936,14240285.82211872,2272.0,19412.0,21684.0,98.0,9748.0,9846.0,0.0012955000000000002,0.41985,0.27595000000000003,547150.9220385352,-4800935.318230295,-4253784.396191759,5348086.24026883,-6367707.534565039,-4999849.443954321,206.5411083512809,0.5438265959099674,0.7001396622116611,0.27264870647748013,0.0080074186720821,0.7397488734624285,False
沪深300ETF华泰柏瑞,9月,4.3,4.838,1014241.7056324001,-13428171.077172723,-12413929.371540323,14442412.782805122,1202.0,15774.0,16976.0,48.0,2095.0,2143.0,0.0012655000000000001,0.38605,0.3621,357909.49426467693,-5332320.559761934,-4974411.065497257,5690230.054026611,-1742940.1078990004,-10670989.263641322,183.64000718278265,0.4876373812165027,0.7694149889862201,0.08637346740682185,-0.006082591637841936,0.6757310924369747,False
沪深300ETF华泰柏瑞,9月,4.4,4.838,2009210.7099552,-10288135.43709528,-8278924.72714008,12297346.147050481,1880.0,9654.0,11534.0,162.0,4019.0,4181.0,0.001261,0.34105,0.45594999999999997,655457.5101297642,-5356740.758412719,-4701283.248282954,6012198.268542483,-4109859.0824086,-4169065.6447314806,189.76762879201834,0.5486807640482696,0.761837299648731,0.25123716770471066,-0.034453078716167054,0.6531529046401169,False
沪深300ETF华泰柏瑞,9月,4.5,4.838,3446074.15287696,-12572231.417210879,-9126157.264333919,16018305.570087839,2673.0,9816.0,12489.0,425.0,3230.0,3655.0,0.0012485,0.2874,0.5489999999999999,1006304.3021252202,-6697663.094359397,-5691358.792234177,7703967.396484617,-3589033.873730399,-5537123.39060352,192.13352927823038,0.5439035737667317,0.7494766182722385,0.2440259929732899,-0.02694684918980649,0.673152600170503,False
沪深300ETF华泰柏瑞,9月,4.6,4.838,7586812.85893232,-12329748.580931881,-4742935.721999561,19916561.439864203,3964.0,8427.0,12391.0,1419.0,2996.0,4415.0,0.001895,0.2911,0.7214,2343364.1232140525,-5785736.509193347,-3442372.3859792943,8129100.632407399,-1667655.7965725209,-3075279.92542704,143.7871839899616,0.5610027175311822,0.7123899768951478,0.3567478284745455,-0.012267605674926785,0.6976441968091585,True
沪深300ETF华泰柏瑞,9月,4.7,4.838,13416379.479570398,-14784754.145986201,-1368374.6664158031,28201133.6255566,5342.0,9285.0,14627.0,2628.0,2348.0,4976.0,0.001987,0.19395,0.8766499999999999,2829695.461257406,-7747843.756098798,-4918148.294841392,10577539.217356203,2861412.392750239,-4229787.05916604,165.7566258451596,0.6163610135543625,0.6123544863532933,0.37241578557622534,0.05638723946200602,0.7325791012056997,True
沪深300ETF华泰柏瑞,9月,4.8,4.838,22474736.81315928,-8678555.447198,13796181.36596128,31153292.26035728,8451.0,5278.0,13729.0,3738.0,2743.0,6481.0,0.0020965,0.09380000000000002,0.9193500000000001,2615617.1897001467,-4876250.211791159,-2260633.022091012,7491867.401491305,5430618.660717639,8365562.705243641,127.25848856072105,0.6405969996492977,0.5246784655300221,0.4810094762446861,0.012204433248629768,0.741270125441481,True
沪深300ETF华泰柏瑞,9月,4.9,4.838,28288326.799767844,-9136385.090774601,19151941.70899324,37424711.89054245,11094.0,5653.0,16747.0,4115.0,2335.0,6450.0,0.0022115,0.0022999999999999965,0.88995,1426036.8258117125,-4634796.619399482,-3208759.79358777,6060833.445211194,6718910.969849402,12433030.739143845,101.42183857330616,0.6423244425506269,0.4503006124627747,0.391988116856513,0.025422946663147684,0.7690735598587262,True
沪深300ETF华泰柏瑞,9月,5.0,4.838,55539065.80395037,-11918721.5947328,43620344.20921757,67457787.39868318,23547.0,7720.0,31267.0,5466.0,1622.0,7088.0,0.0022995,-0.07910000000000003,0.83365,0.0,-5222169.998914379,-5222169.998914379,5222169.998914379,10388199.002694802,33232145.206522763,186.21828994720417,0.539472389774321,0.40382728164867504,0.2211175543302107,0.03284722089394997,0.8442488125685057,True
沪深300ETF华泰柏瑞,9月,5.25,4.838,52637018.533179045,-9428676.4142856,43208342.118893445,62065694.947464645,32644.0,7717.0,40361.0,5530.0,321.0,5851.0,0.0026235,-0.22654999999999997,0.60545,0.0,-3041399.1574658426,-3041399.1574658426,3041399.1574658426,8524682.799142001,34683659.31975144,90.65926604020376,0.5363392007782488,0.38318863456985,0.10549986735936302,0.010440418561715003,0.8506139934234563,False
沪深300ETF华泰柏瑞,9月,5.5,4.838,20865959.657431204,-4672278.59104944,16193681.066381764,25538238.248480644,21060.0,4907.0,25967.0,7109.0,4.0,7113.0,0.0029765,-0.30985,0.41505000000000003,1690246.8229875492,-1822568.30686202,-132321.4838744707,3512815.129849569,7039691.203245002,9153989.863136763,178.14143201140146,0.525161757638773,0.46645836539941515,0.16918725811973553,-0.013772667027113784,0.7839663865546218,False
沪深300ETF华泰柏瑞,9月,5.75,4.838,10607049.724719202,-804926.92147604,9802122.803243162,11411976.646195242,17470.0,1067.0,18537.0,5972.0,69.0,6041.0,0.003392,-0.3528,0.29085,3072529.486291376,-349807.8985876092,2722721.5877037668,3422337.384878985,3573894.9491736405,6228227.854069523,251.05768448458247,0.4304559426470864,0.8523500406753773,0.20325522558688103,0.006155757272703088,0.6947223846060163,False
沪深300ETF华泰柏瑞,9月,6.0,4.838,13189222.81780016,-659084.2535491202,12530138.564251041,13848307.07134928,34234.0,1057.0,35291.0,15916.0,6.0,15922.0,0.0037845,-0.37834999999999996,0.21550000000000002,1343014.821693373,-290523.74510468694,1052491.076588686,1633538.5667980597,6128164.75659488,6401973.80765616,247.22843649018137,0.42966945626558295,0.57151086240948,0.23529718031098673,-0.006785765739806944,0.7854990865911582,False
沪深300ETF嘉实,12月,4.5,5.047,221606.94468954997,-768964.9794535099,-547358.0347639599,990571.9241430599,265.0,971.0,1236.0,13.0,179.0,192.0,0.0013329999999999998,0.3182,0.3196,32485.033475941098,-133662.77068011824,-101177.73720417713,166147.80415605934,-130884.36094887998,-416473.67381507996,148.37478042539516,0.44616252159930864,0.3717612809315866,0.11670131939451645,0.08479992695564838,0.16471860918280357,False
沪深300ETF嘉实,12月,4.6,5.047,317744.92006361997,-1317377.8183921599,-999632.8983285399,1635122.7384557799,333.0,1514.0,1847.0,22.0,62.0,84.0,0.0013399999999999998,0.28015,0.3581,85348.40926338643,-238498.82982836058,-153150.42056497413,323847.23909174703,-32955.944004200006,-966676.95432434,160.22376234080772,0.49322442791124077,0.454921060509057,0.05350859445971731,0.03332381315054582,0.22049074412373645,False
沪深300ETF嘉实,12月,4.7,5.047,901818.0874359997,-897297.7892268598,4520.298209139844,1799115.8766628595,848.0,963.0,1811.0,21.0,0.0,21.0,0.0013600000000000003,0.2383,0.39165,81020.06632066872,-255199.96966042637,-174179.90333975764,336220.0359810951,22332.759240749994,-17812.461031610146,159.0763334783378,0.47769176340600905,0.3933182617432805,0.012382075471698114,0.012696493349455865,0.22139842893679212,False
沪深300ETF嘉实,12月,4.8,5.047,522817.3444470899,-994097.5325907499,-471280.18814366,1516914.8770378397,451.0,1015.0,1466.0,21.0,0.0,21.0,0.0013795,0.19425,0.4198,26676.460110551503,-281203.695230397,-254527.23511984549,307880.1553409485,24344.044863389994,-495624.23300705,159.96962616758458,0.4813369376468636,0.3519366197183098,0.02328159645232816,0.02441860465116279,0.1948438070880526,True
沪深300ETF嘉实,12月,4.9,5.047,680802.8621615198,-723148.8812914799,-42346.0191299601,1403951.7434529997,316.0,718.0,1034.0,31.0,0.0,31.0,0.0019459999999999998,0.20285,0.6206,25583.13938669513,-205311.095877667,-179727.95649097185,230894.23526436213,66787.62255381998,-109133.64168378,159.17606535681392,0.4922794008791058,0.3367422959701999,0.0490506329113924,-0.010835913312693499,0.17194239434904396,True
沪深300ETF嘉实,12月,5.0,5.047,1278315.67644648,-493913.7741726999,784401.9022737801,1772229.4506191798,564.0,485.0,1049.0,5.0,86.0,91.0,0.0020545,0.12655000000000002,0.6448,0.0,-127833.51967893858,-127833.51967893858,127833.51967893858,-76248.00097642,860649.9032502001,158.71768249410826,0.5102628211758767,0.2385159010600706,0.09309241792790818,0.015550545871282948,0.20518268176835952,True
沪深300ETF嘉实,12月,5.25,5.047,4335711.299400599,-770282.1473809,3565429.1520196986,5105993.446781498,2212.0,814.0,3026.0,279.0,74.0,353.0,0.0023605,-0.02495,0.5705,0.0,-186052.7713341377,-186052.7713341377,186052.7713341377,476838.4788695499,3088590.673150149,161.17192425621522,0.5144703185598478,0.23799668874172175,0.10851964491204998,0.033625730994152045,0.3844018389964681,True
沪深300ETF嘉实,12月,5.5,5.047,1610116.1614363,-296410.16197148996,1313705.9994648101,1906526.32340779,1022.0,337.0,1359.0,11.0,38.0,49.0,0.0025180000000000003,-0.13905,0.4819,0.0,-85287.16455307955,-85287.16455307955,85287.16455307955,-16093.086924109997,1329799.08638892,160.47497115925063,0.49632459373465154,0.2782997423852097,0.06176142665513016,0.01578023584241629,0.22378425283156742,False
沪深300ETF嘉实,12月,5.75,5.047,1516606.6633089397,-286529.49210039,1230077.1712085498,1803136.1554093296,1319.0,383.0,1702.0,155.0,10.0,165.0,0.0028695,-0.20604999999999998,0.37255000000000005,0.0,-77932.93132400214,-77932.93132400214,77932.93132400214,170740.21692699997,1059336.95428155,165.14156682882668,0.4966113321772192,0.28203256597417187,0.07181146410070134,0.06807261379445632,0.23258031908415538,False
沪深300ETF嘉实,12月,6.0,5.047,911238.2197683798,-254288.04355863997,656950.1762097399,1165526.2633270198,1073.0,377.0,1450.0,196.0,1.0,197.0,0.0030784999999999996,-0.2581,0.2991,203405.61150503234,-76442.37707369888,126963.23443133346,279847.9885787312,165777.21172543996,491172.9644842999,141.1798764140912,0.5241196876564538,0.5118181818181818,0.09265897196931679,0.09611914421852148,0.1883064182194617,False
沪深300ETF嘉实,12月,6.25,5.047,1021090.17774596,-152108.31493185996,868981.8628141,1173198.49267782,1619.0,254.0,1873.0,239.0,0.0,239.0,0.0033204999999999997,-0.29395000000000004,0.24135,391335.8019597758,-43072.685565112064,348263.11639466375,434408.48752488784,150735.36286676,718246.49994734,207.68963270592113,0.46337269161166833,0.7213483146067416,0.07381099444101297,-0.00519559902200489,0.2033439288758982,False
沪深300ETF嘉实,7月,4.5,5.047,335457.78475804004,-518436.37922117993,-182978.5944631399,853894.16397922,362.0,2671.0,3033.0,29.0,1099.0,1128.0,0.004643499999999999,0.45035000000000003,0.22,157320.5068409381,-52439.597135431664,104880.90970550643,209760.10397636975,-186440.26766623996,3461.673203100101,2387.6923076923085,0.33631337612291595,0.7652097902097905,0.2457834403072907,0.06325993668011004,0.2465654609669955,False
沪深300ETF嘉实,7月,4.6,5.047,337408.44652326,-1090534.0422542999,-753125.5957310399,1427942.4887775597,554.0,2590.0,3144.0,203.0,1043.0,1246.0,0.0014579999999999999,0.48045,0.2022,202570.00350557902,0.0,202570.00350557902,202570.00350557902,-315525.78121553996,-437599.8145155,1384.13207150779,0.39197854077963223,0.4850178890876564,0.38456434774124304,0.14891294219107148,0.2911921203263914,False
沪深300ETF嘉实,7月,4.7,5.047,1177140.8264647496,-5772552.504392309,-4595411.677927559,6949693.330857059,893.0,6529.0,7422.0,1165.0,3597.0,4762.0,0.0013105,0.45265,0.4323,937928.784583565,0.0,937928.784583565,937928.784583565,-2003112.1002160802,-2592299.5777114793,1144.661196010024,0.578853533315152,0.45757047369950593,0.9277589502052777,0.11769157994323558,0.5680971867007673,False
沪深300ETF嘉实,7月,4.8,5.047,5381193.155040779,-12237372.657494947,-6856179.502454168,17618565.812535726,2321.0,6187.0,8508.0,3014.0,2916.0,5930.0,0.0012120000000000002,0.39294999999999997,0.84335,3872917.2811935837,0.0,3872917.2811935837,3872917.2811935837,-386412.90108582005,-6469766.601368349,419.90566718490675,0.5372993774849525,0.42199999999999993,0.8849445060235611,0.3068501851680029,0.6721873097064912,True
沪深300ETF嘉实,7月,4.9,5.047,14232873.152217645,-27741953.23097821,-13509080.078760564,41974826.383195855,3709.0,7091.0,10800.0,5841.0,4415.0,10256.0,0.0020055,0.35319999999999996,1.5211999999999999,8232129.496184415,0.0,8232129.496184415,8232129.496184415,-3039827.9498510025,-10469252.12890956,327.10119825950244,0.6068543399752218,0.30776455854727613,1.0987191165315027,0.15264983868466203,0.7568614663256608,True
沪深300ETF嘉实,7月,5.0,5.047,80374695.22515137,-48710818.32414861,31663876.901002765,129085513.54929999,11707.0,8133.0,19840.0,20321.0,14937.0,35258.0,0.001987,0.14364999999999997,2.5233,2225703.2683280357,0.0,2225703.2683280357,2225703.2683280357,31663876.901002765,0.0,30.014166512683694,0.9259886667898531,0.014251781472684188,1.7861953790757905,0.14180076582247345,0.8748349774692485,True
沪深300ETF嘉实,7月,5.25,5.047,85698906.53921497,-15284925.309447289,70413981.22976768,100983831.84866226,27293.0,4729.0,32022.0,11497.0,3914.0,15411.0,0.002452,-0.35215,1.2508,0.0,-10453216.185612496,-10453216.185612496,10453216.185612496,23449403.06139556,46964578.168372124,203.14566275569058,0.6872640031656212,0.44544613962089685,0.6244513334254342,0.17335327296663045,0.8827469248568993,True
沪深300ETF嘉实,7月,5.5,5.047,18012305.285096217,-2948375.0778782987,15063930.207217919,20960680.362974517,25686.0,2186.0,27872.0,8167.0,304.0,8471.0,0.0035985,-0.43944999999999995,0.4024,0.0,-1490082.4951401355,-1490082.4951401355,1490082.4951401355,5317086.991928389,9746843.21528953,988.828757261307,0.32915260201167584,0.47854821235102923,0.22851104752383258,0.016392323347217373,0.7862636097917427,False
沪深300ETF嘉实,7月,5.75,5.047,1416866.1534159998,-381997.54837775993,1034868.6050382399,1798863.7017937598,6800.0,597.0,7397.0,1423.0,50.0,1473.0,0.0043165,-0.47354999999999997,0.16649999999999998,0.0,-189541.61302510038,-189541.61302510038,189541.61302510038,264506.98436526,770361.62067298,2807.261401442756,0.30150897232505447,0.4907683567675047,0.146508399842349,0.07211382921541803,0.3839118255998051,False
沪深300ETF嘉实,7月,6.0,5.047,637505.7107475,-257059.67461992998,380446.03612756997,894565.3853674299,5875.0,521.0,6396.0,1323.0,0.0,1323.0,0.005575,-0.47435,0.11815,0.0,-72801.36417850116,-72801.36417850116,72801.36417850116,143560.86047982,236885.17564774991,1191.1027459728248,0.2972612061991857,0.3,0.11259574468085107,0.01698345652939106,0.3050180854950676,False
沪深300ETF嘉实,7月,6.25,5.047,651831.2810890999,-352534.8631158199,299296.41797328,1004366.1442049199,9730.0,946.0,10676.0,1477.0,1.0,1478.0,0.006605,-0.47805000000000003,0.0863,0.0,-165037.65734444748,-165037.65734444748,165037.65734444748,98574.39216492,200722.02580835996,2578.040680780407,0.27295786120481064,0.4922069308572377,0.07642782180175522,0.022468806569224977,0.3581719035440263,False
沪深300ETF嘉实,8月,4.5,5.047,20563.7143257,-1399884.3411198796,-1379320.6267941797,1420448.0554455796,23.0,1711.0,1734.0,12.0,1259.0,1271.0,0.001232,0.41725,0.33609999999999995,11063.557124703088,0.0,11063.557124703088,11063.557124703088,-1019343.8030969197,-359976.82369725994,186.02212879647385,0.7026955234004496,0.3952079060227484,0.6287830660940716,0.8430282661151327,0.2586291560102302,False
沪深300ETF嘉实,8月,4.6,5.047,507476.7065768399,-2721193.2855270095,-2213716.5789501695,3228669.9921038495,429.0,2383.0,2812.0,158.0,533.0,691.0,0.001192,0.37679999999999997,0.45635,256002.10441223826,0.0,256002.10441223826,256002.10441223826,-421740.05302582996,-1791976.5259243397,214.0204039439064,0.5471768796694667,0.4067357512953369,0.29598300706147956,0.2029725278140344,0.35287851662404096,False
沪深300ETF嘉实,8月,4.7,5.047,1006883.8173424798,-4905653.249386049,-3898769.432043569,5912537.066728529,682.0,3205.0,3887.0,200.0,1918.0,2118.0,0.0011740000000000001,0.3218,0.5902499999999999,336733.16485369555,0.0,336733.16485369555,336733.16485369555,-2640464.9777095797,-1258304.4543339894,148.74894999931144,0.6593398539130135,0.28314285714285703,0.4458475347811567,0.3693360490186888,0.4725610766045549,False
沪深300ETF嘉实,8月,4.8,5.047,2162346.0108935996,-3037926.9588933294,-875580.9479997298,5200272.969786929,1240.0,1567.0,2807.0,116.0,287.0,403.0,0.001148,0.25439999999999996,0.72285,426986.3419336497,-134535.20407166795,292451.13786198176,561521.5460053176,-354119.99868188985,-521460.9493178399,197.72647848133033,0.4971589987823442,0.23961153587905315,0.1383504539185211,0.11243512110726643,0.3851279381317745,True
沪深300ETF嘉实,8月,4.9,5.047,5481327.97472904,-3178072.760312519,2303255.2144165207,8659400.735041559,1692.0,1422.0,3114.0,764.0,712.0,1476.0,0.0018375000000000002,0.23324999999999999,1.0746,598060.9462475615,-936169.0451850399,-338108.0989374784,1534229.9914326014,883749.1212597601,1419506.0931567606,145.0337108280629,0.6744210069188407,0.2949334980608315,0.4761199389532274,0.17912113816628766,0.4829011082693947,True
沪深300ETF嘉实,8月,5.0,5.047,18534894.65327276,-11079661.267889125,7455233.385383634,29614555.921161883,5036.0,4507.0,9543.0,2969.0,3541.0,6510.0,0.0019245000000000002,0.10450000000000001,1.205,0.0,-3582210.553101114,-3582210.553101114,3582210.553101114,2222422.215820104,5232811.16956353,135.32194017916447,0.6501201698234804,0.2730891719745223,0.6876109715836967,0.678793439420371,0.7123952624528073,True
沪深300ETF嘉实,8月,5.25,5.047,14959349.977614978,-2976237.34424877,11983112.633366209,17935587.321863748,5167.0,1423.0,6590.0,2219.0,604.0,2823.0,0.002206,-0.16655,0.97885,0.0,-1827200.050909443,-1827200.050909443,1827200.050909443,5161105.118173899,6822007.5151923075,205.39147151345657,0.6064691308061771,0.4787678384963453,0.4269557700423562,0.3548045967521736,0.6274075021312873,True
沪深300ETF嘉实,8月,5.5,5.047,8737832.468495546,-796569.4670688999,7941263.0014266465,9534401.935564445,5745.0,545.0,6290.0,2477.0,78.0,2555.0,0.0025695,-0.3154,0.58545,0.0,-384408.8476414181,-384408.8476414181,384408.8476414181,3653377.8122002683,4287885.189226379,227.84730247252048,0.5325775168900859,0.45599999999999996,0.28713839717025574,0.17396868841690388,0.5629372183656072,False
沪深300ETF嘉实,8月,5.75,5.047,1034121.7598703598,-412837.77070242,621283.9891679399,1446959.5305727797,1428.0,399.0,1827.0,1599.0,0.0,1599.0,0.0030175,-0.37945,0.34525,0.0,-116885.5342978968,-116885.5342978968,116885.5342978968,1034121.7598703598,-412837.77070242,441.5217874756356,0.5026058631921823,0.3,0.5598739495798319,0.1312997347480106,0.2704503105590062,False
沪深300ETF嘉实,8月,6.0,5.047,381330.43122404994,-216323.2443766799,165007.18684737003,597653.6756007299,1055.0,276.0,1331.0,1119.0,0.0,1119.0,0.003475,-0.40895,0.2248,0.0,-61250.88258860101,-61250.88258860101,61250.88258860101,381330.43122404994,-216323.2443766799,441.5028939376901,0.43987587998332295,0.3,0.5303317535545023,0.7210648148148148,0.17853556205090731,False
沪深300ETF嘉实,8月,6.25,5.047,583262.6416819999,-106242.54596227997,477020.09571971995,689505.1876442799,2675.0,169.0,2844.0,516.0,0.0,516.0,0.0039765,-0.42255000000000004,0.1662,115905.99368687757,-31188.700888936666,84717.2927979409,147094.69457581424,112509.72826463998,364510.36745508,251.02515136711455,0.3710926514919782,0.6928571428571428,0.09644859813084113,0.10302073940486925,0.20052039946413347,False
沪深300ETF嘉实,9月,4.2,5.047,105388.7175166,-6603590.709957919,-6498201.992441319,6708979.427474519,302.0,15731.0,16033.0,12.0,26463.0,26475.0,0.0013595,0.45914999999999995,0.1509,44237.50751162275,-555745.6980929418,-511508.19058131904,599983.2056045645,-6599403.078798319,101201.086357,366.8746548286652,0.466430880135944,0.5029276895943564,0.8609774600369372,0.3001644508566813,0.6746082085007916,False
沪深300ETF嘉实,9月,4.3,5.047,56743.93054511999,-2812854.2654472394,-2756110.3349021194,2869598.1959923594,112.0,5047.0,5159.0,0.0,1096.0,1096.0,0.0013280000000000002,0.43985,0.20884999999999998,17001.766359556703,-343269.0512766924,-326267.2849171357,360270.8176362491,-610835.7984803199,-2145274.536421799,423.0038850851068,0.39311727621988524,0.5127071823204419,0.10857935407172578,0.04140742329972109,0.40194349043965416,False
沪深300ETF嘉实,9月,4.4,5.047,294207.58005925996,-1662740.2168977598,-1368532.6368385,1956947.7969570197,422.0,2288.0,2710.0,5.0,638.0,643.0,0.0013055,0.41335,0.27949999999999997,108090.2574242592,-613389.7972206186,-505299.5397963594,721480.0546448778,-460162.84252561,-908369.7943128899,128.1966569333554,0.555581573468992,0.6709451688571003,0.14534724753919068,0.1094832179009057,0.2942228717573986,False
沪深300ETF嘉实,9月,4.5,5.047,445797.02609378996,-1756334.2827589998,-1310537.2566652098,2202131.30885279,489.0,1910.0,2399.0,53.0,278.0,331.0,0.001274,0.3797,0.35945,139848.81066650894,-700226.2768057474,-560377.4661392384,840075.0874722564,-207316.52599636995,-1103220.73066884,140.393210464575,0.478472270887861,0.7417865008815975,0.12696709814880244,0.08671515813451958,0.28620143709657775,False
沪深300ETF嘉实,9月,4.6,5.047,508274.49616271997,-1082991.7211693998,-574717.2250066798,1591266.2173321198,447.0,955.0,1402.0,10.0,189.0,199.0,0.001255,0.3367,0.4458,132889.22018305556,-526702.2242074929,-393813.00402443734,659591.4443905484,-202959.50464691993,-371757.7203597599,159.20761480117437,0.51668933292217,0.7143564250473569,0.11013856190777375,0.03954802259887006,0.2158041042503958,False
沪深300ETF嘉实,9月,4.7,5.047,1115166.1778014798,-1555212.8527135197,-440046.6749120399,2670379.0305149993,822.0,1144.0,1966.0,83.0,7.0,90.0,0.001225,0.28609999999999997,0.53315,327998.4046657255,-723067.3082368978,-395068.9035711723,1051065.7129026232,103085.77510090999,-543132.45001295,160.3212851405628,0.4931613953132725,0.7772729340064586,0.05354605856430674,0.048731642189586116,0.28204073803434415,False
沪深300ETF嘉实,9月,4.8,5.047,2525804.37611698,-2522491.4606144396,3312.9155025403015,5048295.836731419,1294.0,1668.0,2962.0,366.0,629.0,995.0,0.0018425,0.3023,0.6799999999999999,662600.1171381327,-1361944.0942332128,-699343.9770950801,2024544.2113713454,-236818.9479043499,240131.8634068903,160.71655182693448,0.6034152017869447,0.6588528709636889,0.329971108121231,0.3073900753022781,0.4105776397515528,True
沪深300ETF嘉实,9月,4.9,5.047,3454866.2646889295,-2360972.18334544,1093894.0813434897,5815838.448034369,1319.0,1424.0,2743.0,224.0,625.0,849.0,0.00198,0.19750000000000004,0.8396,599315.8743555781,-1373984.3810529555,-774668.5066973774,1973300.2554085336,-449516.4780519699,1543410.5593954597,161.80018207226567,0.5923058783133608,0.6115264171256773,0.30436505992793317,0.1392034663605838,0.41582243332115454,True
沪深300ETF嘉实,9月,5.0,5.047,4431324.801991359,-1798166.7821555194,2633158.01983584,6229491.584146879,1612.0,1048.0,2660.0,290.0,736.0,1026.0,0.0020955,0.10024999999999998,0.8764,544526.0788695759,-1179393.432658594,-634867.3537890182,1723919.51152817,-465636.0560734394,3098794.0759092798,137.48523519984283,0.6664499759906759,0.5411245898542341,0.4410954103763756,0.21283663563025793,0.4301389599317988,True
沪深300ETF嘉实,9月,5.25,5.047,11545357.183653718,-4472675.367193599,7072681.816460119,16018032.550847318,4844.0,2888.0,7732.0,901.0,212.0,1113.0,0.0023535,-0.10244999999999999,0.7718499999999999,0.0,-1741072.467207764,-1741072.467207764,1741072.467207764,1819147.9859867296,5253533.830473389,162.73806649088445,0.521691647861571,0.3892723612309461,0.12970525263569632,0.08995244946545973,0.5982600779442211,True
沪深300ETF嘉实,9月,5.5,5.047,7391805.801918999,-2320824.16113009,5070981.640788909,9712629.96304909,4588.0,1853.0,6441.0,295.0,50.0,345.0,0.0026505,-0.23590000000000003,0.5621,0.0,-867161.0664328481,-867161.0664328481,867161.0664328481,412656.15385224996,4658325.4869366605,168.6565363278571,0.44999772550623063,0.38626805631742545,0.04564071975462397,0.01815243566479599,0.5032976494945804,False
沪深300ETF嘉实,9月,5.75,5.047,5314307.719204401,-1635774.317562,3678533.401642401,6950082.036766401,5242.0,1668.0,6910.0,1089.0,52.0,1141.0,0.0030085,-0.31129999999999997,0.3915,709752.2990231359,-639862.5074663148,69889.79155682109,1349614.8064894509,1053026.2145018002,2625507.187140601,179.7629796997407,0.5039736553195124,0.5239492112194071,0.1194600976982626,0.11458598186286972,0.5161150286201437,False
沪深300ETF嘉实,9月,6.0,5.047,5314559.384629319,-787494.7378905601,4527064.646738759,6102054.12251988,8286.0,996.0,9282.0,596.0,0.0,596.0,0.0033615000000000003,-0.3549,0.2811,1810627.3190955804,-233660.52044413702,1576966.7986514433,2044287.8395397174,382268.57268151996,4144796.074057239,243.43796514228356,0.4196353387237305,0.7941176470588234,0.03596427709389331,0.0057373046875,0.4957003410059676,False
沪深300ETF嘉实,9月,6.25,5.047,4027632.5732083,-181828.01478260994,3845804.55842569,4209460.58799091,9554.0,277.0,9831.0,5224.0,1.0,5225.0,0.003675,-0.38355,0.2116,365623.1499451774,-79780.76394388573,285842.3860012917,445403.9138890632,2201599.44912887,1644205.10929682,189.23048257872185,0.4611641086410877,0.5390990575832828,0.2751983972539901,0.03785349488145588,0.5347827913774206,False
深证100ETF易方达,12月,3.4,3.864,67864.03138368,-176568.04569600002,-108704.01431232001,244432.07707968002,127.0,360.0,487.0,10.0,20.0,30.0,0.0017980000000000003,0.2819,0.3432,9457.092234679265,-17814.816679868847,-8357.724445189582,27271.908914548112,-4465.7113536,-104238.30295872001,659.820582626737,0.2268591426071741,0.5279982044049574,0.06714785651793526,0.051209619006229175,0.042105772743880165,False
深证100ETF易方达,12月,3.5,3.864,92121.16032,-86615.09200511998,5506.068314880016,178736.25232511997,125.0,162.0,287.0,80.0,16.0,96.0,0.0026275,0.30005,0.42584999999999995,23764.51541260875,-13774.127803045405,9990.387609563346,37538.643215654156,50402.96561664,-44896.897301759986,544.2415972063937,0.37866167823968144,0.5467428478870423,0.3693827160493827,0.25787476280834914,0.03218085495067592,False
深证100ETF易方达,12月,3.6,3.864,131041.9772928,-108198.3184128,22843.658880000003,239240.2957056,138.0,198.0,336.0,54.0,0.0,54.0,0.002711,0.24810000000000001,0.501,18169.97875106058,-12983.798209536,5186.180541524578,31153.77696059658,51277.295462400005,-28433.636582399995,666.6903641752701,0.27826086956521745,0.49445896497647673,0.1956521739130435,0.014925373134328358,0.041377664109121914,False
深证100ETF易方达,12月,3.7,3.864,163327.6818432,-102664.92729024001,60662.75455295999,265992.60913344,159.0,181.0,340.0,0.0,0.0,0.0,0.0028640000000000002,0.17905000000000001,0.5339499999999999,49623.18915716125,-12319.791274828802,37303.39788233245,61942.98043199005,0.0,60662.75455295999,391.4780026860216,0.35318829707426835,0.6,0.0,0.0,0.040081719644379496,True
深证100ETF易方达,12月,3.8,3.864,174767.42787840002,-53458.640928,121308.78695040001,228226.06880640003,180.0,93.0,273.0,13.0,10.0,23.0,0.0030729999999999998,0.1159,0.5176499999999999,14663.150797045892,-6731.639964900556,7931.510832145335,21394.790761946446,6873.85105344,114434.93589696001,474.7172109198133,0.21114690279817883,0.49307825622440954,0.08987455197132616,0.09916311954404444,0.032045061502862016,True
深证100ETF易方达,12月,3.9,3.864,429338.95409664,-75019.0236768,354319.93041984,504357.97777344,408.0,129.0,537.0,0.0,0.0,0.0,0.003048,0.06315000000000001,0.54715,122361.60191754218,-9002.282841216,113359.31907632618,131363.88475875818,0.0,354319.93041984,370.8465189873423,0.3374999999999996,0.6,0.0,0.0,0.0771195347704299,True
深证100ETF易方达,12月,4.0,3.864,243123.41910527996,-143354.26151424,99769.15759103996,386477.68061951996,248.0,249.0,497.0,120.0,139.0,259.0,0.003183,0.01285,0.5211,29389.26170306395,-34915.85802524071,-5526.596322176763,64305.119728304664,37615.294402559986,62153.86318847997,665.2904010313268,0.4084207798937686,0.44128033233794167,0.5210519497344215,0.48612468243111195,0.08236359761295822,True
深证100ETF易方达,12月,4.1,3.864,187198.558848,-49191.35586624,138007.20298175997,236389.91471424,200.0,87.0,287.0,60.0,34.0,94.0,0.003266,-0.03345000000000001,0.5028,25999.083683999303,-10450.681367904226,15548.402316095076,36449.76505190353,36935.35961471999,101071.84336703998,478.9796517760895,0.4214066871993074,0.4408561899791806,0.3454022988505747,0.08783783783783784,0.042666362197052735,False
深证100ETF易方达,12月,4.2,3.864,143077.89803328,-70556.44772736,72521.45030592,213634.34576064002,159.0,123.0,282.0,10.0,27.0,37.0,0.0032325,-0.08080000000000001,0.49345,5506.300690890438,-13555.710102337536,-8049.409411447098,19062.010793227975,-6489.390781439999,79010.84108736002,662.9517576869209,0.2564810553765915,0.41923946736520407,0.14120263844147876,0.09264795607077486,0.03277810254536597,False
深证100ETF易方达,12月,4.3,3.864,178319.3928768,-43952.3941248,134366.998752,222271.7870016,205.0,82.0,287.0,0.0,0.0,0.0,0.0033209999999999997,-0.12275,0.4708,21398.327145216,-5274.287294976,16124.03985024,26672.614440192003,0.0,134366.998752,639.1030032557571,0.2,0.6,0.0,0.0,0.028898246255023748,False
深证100ETF易方达,12月,4.4,3.864,168676.97995007999,-31890.046406399993,136786.93354368,200567.02635647997,212.0,62.0,274.0,0.0,0.0,0.0,0.0034065,-0.15800000000000003,0.4387,20241.2375940096,-3826.8055687679994,16414.4320252416,24068.043162777598,0.0,136786.93354368,603.9706299444708,0.2,0.6,0.0,0.0,0.02288984289367921,False
深证100ETF易方达,12月,4.5,3.864,377032.35024,-190619.58339648004,186412.76684351996,567651.93363648,525.0,387.0,912.0,86.0,0.0,86.0,0.0035030000000000005,-0.18795,0.40545,0.0,-22874.350007577606,-22874.350007577606,22874.350007577606,61761.489753600006,124651.27708991992,786.5430537996904,0.15276190476190477,0.3,0.08190476190476191,0.07065217391304347,0.10611167945439046,False
深证100ETF易方达,12月,4.6,3.864,111222.04246272,-10249.63619904,100972.40626368,121471.67866176,172.0,21.0,193.0,14.0,8.0,22.0,0.0034785,-0.22155,0.38,0.0,-2625.2493594205853,-2625.2493594205853,2625.2493594205853,5148.333630720001,95824.07263296,764.2515506430732,0.21246954595791806,0.3634290925672594,0.23117386489479513,0.0058823529411764705,0.011851297040555353,False
深证100ETF易方达,7月,3.4,3.864,5596.696425599999,-1042267.46754816,-1036670.77112256,1047864.16397376,15.0,5886.0,5901.0,0.0,35539.0,35539.0,0.001879,0.48050000000000004,0.18425,936.207447167997,0.0,936.207447167997,936.207447167997,-1042267.46754816,5596.696425599999,1629.3229046852248,0.38253607401092443,0.3,3.0189432551817874,0.2060940499040307,0.41390129095116307,False
深证100ETF易方达,7月,3.5,3.864,26285.138208,-503114.4167616,-476829.2785536,529399.5549696,35.0,1063.0,1098.0,2.0,573.0,575.0,0.0017989999999999998,0.4504,0.41000000000000003,7520.464840325518,0.0,7520.464840325518,7520.464840325518,-269697.01449599996,-207132.2640576,838.543070542305,0.3590405031775098,0.4729655925723649,0.29809165434753393,0.0807335713838251,0.139593837535014,False
深证100ETF易方达,7月,3.6,3.864,276852.00678912,-1841266.09296,-1564414.0861708801,2118118.09974912,224.0,1750.0,1974.0,51.0,934.0,985.0,0.003817,0.40349999999999997,0.76625,99247.37550113095,0.0,99247.37550113095,99247.37550113095,-919676.7482112,-644737.33795968,605.9868873531744,0.31087413176037065,0.481966053748232,0.38069642857142855,0.2128459147689917,0.3001971136280599,False
深证100ETF易方达,7月,3.7,3.864,1055092.1663923198,-3776872.3165555196,-2721780.1501631998,4831964.482947839,657.0,1834.0,2491.0,232.0,1307.0,1539.0,0.0025189999999999995,0.3896,1.22745,243218.23376079724,0.0,243218.23376079724,243218.23376079724,-2319013.4477126403,-402766.7024505598,360.3282452000202,0.5248914416410989,0.2731535756154747,0.5328850945027876,0.12851014493978985,0.4131953477042991,True
深证100ETF易方达,7月,3.8,3.864,6251446.452787199,-8106866.954565121,-1855420.5017779218,14358313.40735232,1811.0,2514.0,4325.0,1659.0,2453.0,4112.0,0.0028299999999999996,0.1714,2.2359,770775.9337348,0.0,770775.9337348,770775.9337348,-2183407.964317442,327987.46253952,326.8384663733498,0.6835567634750825,0.07962413452027683,0.9459021747677391,0.01860088197854155,0.5903190232614784,True
深证100ETF易方达,7月,3.9,3.864,10398263.3145216,-6635766.676734719,3762496.63778688,17034029.99125632,2778.0,1979.0,4757.0,3595.0,1049.0,4644.0,0.0029005,-0.06835,2.3764000000000003,0.0,-560277.622558869,-560277.622558869,560277.622558869,6880871.07404928,-3118374.4362624,226.83432682127386,0.7245456764914397,0.07714285714285707,0.9120810810122557,0.07443506431329994,0.6149201680672269,True
深证100ETF易方达,7月,4.0,3.864,13505661.447344642,-6233866.68957696,7271794.757767682,19739528.136921603,4991.0,2368.0,7359.0,2197.0,821.0,3018.0,0.002947,-0.2731,1.7878,0.0,-1230157.9844756753,-1230157.9844756753,1230157.9844756753,3783769.3098777607,3488025.447889921,229.7956471713091,0.37812368845669264,0.2935691318327975,0.3934492136521414,0.07648333439551336,0.644422116672756,True
深证100ETF易方达,7月,4.1,3.864,7450300.78184448,-1865123.5325183999,5585177.24932608,9315424.31436288,5004.0,1160.0,6164.0,1567.0,175.0,1742.0,0.0031609999999999997,-0.38944999999999996,1.03705,0.0,-534324.6141935037,-534324.6141935037,534324.6141935037,2051681.4237830401,3533495.82554304,594.9432404540764,0.2993038578638533,0.42127921279212793,0.23200577469059236,0.029500335694983382,0.5438654853245646,False
深证100ETF易方达,7月,4.2,3.864,3446666.1823104,-860605.7338368,2586060.4484736,4307271.9161472,5068.0,752.0,5820.0,1017.0,117.0,1134.0,0.0015325,-0.4192,0.611,0.0,-251124.1767599172,-251124.1767599172,251124.1767599172,557748.0877248001,2028312.3607488,616.8149246355321,0.21313259011855176,0.42661116250385434,0.17812799123410972,0.047275305339821466,0.44529332602606264,False
深证100ETF易方达,7月,4.3,3.864,1071942.4255679997,-110537.92713600001,961404.4984319997,1182480.3527039997,3934.0,134.0,4068.0,920.0,4.0,924.0,0.0042095,-0.44734999999999997,0.3675,0.0,-31657.91191544781,-31657.91191544781,31657.91191544781,247383.38822399994,714021.1102079997,2199.678677989443,0.25966560713331777,0.48964663515642587,0.1318547071455129,0.01742647347547807,0.28247759103641457,False
深证100ETF易方达,7月,4.4,3.864,242004.22912512,-28439.758085759997,213564.47103936,270443.98721088003,1793.0,67.0,1860.0,145.0,1.0,146.0,0.0017300000000000002,-0.4796,0.18735,0.0,-7988.813541194869,-7988.813541194869,7988.813541194869,19146.42015552,194418.05088384,5200.000000000001,0.17655038901373266,0.4911404335532516,0.04789771166476597,0.012285714285714285,0.1007455242966752,False
深证100ETF易方达,7月,4.5,3.864,233502.65539776,-12601.338624,220901.31677376002,246103.99402176,2231.0,40.0,2271.0,646.0,0.0,646.0,0.0046005,-0.48355,0.14055,0.0,-2115.499860772874,-2115.499860772874,2115.499860772874,67612.15391616,153289.1628576,5200.12606366215,0.29781039963056755,0.3,0.14477812640071716,-0.012029746281714786,0.1336720253318719,False
深证100ETF易方达,7月,4.6,3.864,160208.40261888,-8871.99933312,151336.40328576,169080.40195200001,2956.0,22.0,2978.0,3192.0,0.0,3192.0,0.005610499999999999,-0.4719,0.1532,0.0,-2169.840290831368,-2169.840290831368,2169.840290831368,160208.40261888,-8871.99933312,3453.571106908043,0.49850192551390526,0.3,0.5399188092016238,0.1155768429820908,0.18962531969309465,False
深证100ETF易方达,8月,3.4,3.864,4939.0080768,-357245.85972095997,-352306.85164416,362184.86779775994,8.0,554.0,562.0,2.0,291.0,293.0,0.0032640000000000004,0.39365,0.42269999999999996,1679.2470643900144,0.0,1679.2470643900144,1679.2470643900144,-186416.05155263998,-165890.80009151998,236.8992768838899,0.5322013967841035,0.4481245011971268,0.38763537906137185,0.07708333333333334,0.08450895140664962,False
深证100ETF易方达,8月,3.5,3.864,1427.95263744,-618634.6504128,-617206.6977753601,620062.60305024,3.0,734.0,737.0,1.0,156.0,157.0,0.0024964999999999996,0.40105,0.44165,392.80010606462537,0.0,392.80010606462537,392.80010606462537,-131004.94966272001,-486201.74811264,403.2694184400448,0.38655794390373166,0.3335929387331257,0.2729336966394187,0.2720483641536273,0.11481183777858969,False
深证100ETF易方达,8月,3.6,3.864,62656.42368383999,-1243643.7267878398,-1180987.3031039997,1306300.1504716799,53.0,1182.0,1235.0,1.0,345.0,346.0,0.0027475,0.30865,0.74825,9754.448624644976,0.0,9754.448624644976,9754.448624644976,-361810.26165311993,-819177.0414508799,398.53777884582905,0.34331899634676366,0.27065712426805466,0.15537304855856718,0.1006153846153846,0.19749701619778348,False
深证100ETF易方达,8月,3.7,3.864,267387.2667648,-1363197.5832384,-1095810.3164736,1630584.8500032001,195.0,1142.0,1337.0,69.0,489.0,558.0,0.0030815,0.19715,0.85895,60968.91008088244,-188971.87536402294,-128002.96528314051,249940.78544490537,-489101.99696064007,-606708.31951296,400.6684010383401,0.4358737393606253,0.42447424565681213,0.3910211504782433,0.271326971225371,0.23510498112288394,True
深证100ETF易方达,8月,3.8,3.864,981661.00096512,-1388050.58827008,-406389.58730496,2369711.5892352,552.0,1062.0,1614.0,321.0,353.0,674.0,0.00287,0.10970000000000002,1.03325,13124.855285008234,-259245.45010760677,-246120.59482259853,272370.30539261503,109480.69871423993,-515870.28601920005,400.7379139176534,0.4621923594414935,0.2397790764883435,0.4569567264390404,0.27746469955043374,0.29827061259286325,True
深证100ETF易方达,8月,3.9,3.864,1308442.9752576,-908548.1537126398,399894.82154496014,2216991.12897024,760.0,658.0,1418.0,576.0,511.0,1087.0,0.0029305000000000004,0.004149999999999987,1.03895,0.0,-285862.5249228982,-285862.5249228982,285862.5249228982,286087.4143948802,113807.40715007996,396.9773517255652,0.5893162149241391,0.2656857301499168,0.7672452407614782,0.772110342259596,0.29897192790159544,True
深证100ETF易方达,8月,4.0,3.864,1577502.4575744001,-284752.1801376,1292750.2774368,1862254.6377120002,972.0,203.0,1175.0,391.0,97.0,488.0,0.0028954999999999996,-0.09744999999999998,1.01325,0.0,-78491.79856329963,-78491.79856329963,78491.79856329963,498507.6122208,794242.665216,396.0992182427802,0.4591398027659494,0.292134831460674,0.44004794340043385,0.2422312430011198,0.2449554256485203,True
深证100ETF易方达,8月,4.1,3.864,851011.3971072,-159093.09456768,691918.30253952,1010104.49167488,615.0,114.0,729.0,160.0,8.0,168.0,0.002847,-0.19269999999999998,0.93075,0.0,-28487.074362490992,-28487.074362490992,28487.074362490992,210236.91139584,481681.39114367985,402.4607207342441,0.3440990314571062,0.29056670186554034,0.16516902011125376,0.13095930761118585,0.14868444769212033,False
深证100ETF易方达,8月,4.2,3.864,1098541.104192,-122842.74610943999,975698.3580825601,1221383.85030144,914.0,103.0,1017.0,262.0,6.0,268.0,0.002802,-0.27749999999999997,0.8019000000000001,0.0,-26230.787143459387,-26230.787143459387,26230.787143459387,307743.20301312004,667955.1550694401,402.1717477822664,0.31391016963267016,0.351872399445215,0.17245225297954153,0.12603582826034487,0.18355413469735718,False
深证100ETF易方达,8月,4.3,3.864,563266.84696128,-69726.16284480001,493540.68411647994,632993.00980608,583.0,77.0,660.0,195.0,0.0,195.0,0.003395,-0.2955,0.6268,0.0,-11748.58818290368,-11748.58818290368,11748.58818290368,188399.7172512,305140.96686528006,393.6579614159201,0.3519689996494252,0.3,0.1672384219554031,0.03981481481481482,0.11724430641821945,False
深证100ETF易方达,8月,4.4,3.864,264497.31995904003,-37624.84992000001,226872.47003904002,302122.16987904004,349.0,48.0,397.0,144.0,0.0,144.0,0.0035440000000000003,-0.33555,0.5163,0.0,-6309.649975436191,-6309.649975436191,6309.649975436191,109133.56468224002,117738.90535680001,384.64533146251017,0.3748052248013386,0.3,0.20630372492836677,0.11228070175438597,0.06186128364389234,False
深证100ETF易方达,8月,4.5,3.864,396815.85465984,-29314.23723648,367501.61742336,426130.09189632,682.0,43.0,725.0,317.0,0.0,317.0,0.0037074999999999994,-0.36505,0.42315,0.0,-4923.5267773853375,-4923.5267773853375,4923.5267773853375,184443.73303104,183057.88439232,458.1094700512617,0.33292591369506114,0.3,0.23240469208211142,0.15076335877862596,0.09694836195347704,False
深证100ETF易方达,8月,4.6,3.864,427794.5435904,-4190.990227200001,423603.55336320004,431985.5338176,945.0,7.0,952.0,674.0,0.0,674.0,0.0039275000000000004,-0.3838,0.3521,0.0,-705.5085021335864,-705.5085021335864,705.5085021335864,305114.83849728,118488.71486592,467.5036703167224,0.3495949473445057,0.3,0.3566137566137566,0.19793205317577547,0.1257776153939837,False
深证100ETF易方达,9月,3.0,3.864,42491.89300608,-2150875.3093632,-2108383.41635712,2193367.2023692797,194.0,10060.0,10254.0,2.0,130340.0,130342.0,0.0017805000000000002,0.45865,0.14495,8045.442213867431,-820205.1293687929,-812159.6871549254,828250.5715826603,-2150437.24861056,42053.83225344,541.357036307154,0.3270069588760757,0.8875984650671398,6.483285851898915,1.6214677351328552,0.5542595907928389,False
深证100ETF易方达,9月,3.1,3.864,14371.49822976,-218282.80638528,-203911.30815552,232654.30461504002,47.0,741.0,788.0,19.0,508.0,527.0,0.001747,0.4383,0.20105,4475.618511051502,-88024.97835290886,-83549.35984185735,92500.59686396037,-143836.21792512,-60075.09023039999,495.12084764728695,0.4688947516446422,0.7804968287526428,0.5449076865650214,0.6177927927927929,0.0835853123858239,False
深证100ETF易方达,9月,3.2,3.864,122554.88614655998,-346811.08537152,-224256.19922496006,469365.97151808,302.0,869.0,1171.0,14.0,364.0,378.0,0.0017540000000000001,0.4092,0.26954999999999996,22296.77542234004,-98924.62198239828,-76627.84656005824,121221.39740473832,-139588.19320320003,-84668.00602176005,659.2630551305986,0.2930459765735145,0.8042714895346474,0.23261494143378628,0.018322269638059115,0.12206296431616126,False
深证100ETF易方达,9月,3.3,3.864,83766.95058816,-212170.70923776002,-128403.75864960001,295937.65982592,163.0,416.0,579.0,16.0,102.0,118.0,0.0017145,0.3751,0.3429,15826.980646382868,-41185.62106326149,-25358.64041687862,57012.601709644354,-43800.1030656,-84603.65558400001,659.9277674596559,0.26867036337895234,0.7204505551185001,0.17167590844738084,0.17499899851780634,0.06501010839118257,False
深证100ETF易方达,9月,3.4,3.864,45121.153351680005,-295072.28827776,-249951.13492607998,340193.44162944,128.0,466.0,594.0,11.0,11.0,22.0,0.0025180000000000003,0.40545000000000003,0.3301,8077.208475366762,-36070.358714670816,-27993.150239304054,44147.567190037575,-3087.6265728,-246863.50835327996,610.9386098427185,0.22190853004291847,0.6737201418628502,0.05477132510729614,0.04101353192262283,0.06379807575203995,False
深证100ETF易方达,9月,3.5,3.864,92541.90169727999,-504020.10064896,-411478.19895168,596562.00234624,114.0,664.0,778.0,0.0,339.0,339.0,0.002758,0.3338,0.5260499999999999,11105.028203673599,-121674.129551744,-110569.1013480704,132779.1577554176,-257323.51524096,-154154.68371071998,669.3534717327875,0.3021084337349398,0.5986111111111111,0.2552710843373494,0.12288930581613508,0.12334198027036901,False
深证100ETF易方达,9月,3.6,3.864,273072.79964160005,-496546.49157119996,-223473.6919295999,769619.2912128,284.0,580.0,864.0,16.0,106.0,122.0,0.0031280000000000006,0.2419,0.6087,47016.26173440001,-104294.36890874528,-57278.10717434527,151310.6306431453,-75363.76882944,-148109.92310015994,664.731551828326,0.24781932977173388,0.7713904859480554,0.11954832442933463,0.02420771286750668,0.13009182803556205,False
深证100ETF易方达,9月,3.7,3.864,301431.78374399996,-257659.75001088,43772.033733119955,559091.53375488,260.0,271.0,531.0,30.0,4.0,34.0,0.0030065,0.17884999999999998,0.70665,44325.43905553501,-40878.3099997967,3447.129055738311,85203.74905533172,30977.494490879995,12794.53924223996,666.9802315128029,0.22602895259721828,0.6839524134908108,0.0650723814930457,0.0,0.08764736329314335,True
深证100ETF易方达,9月,3.8,3.864,412569.0209894401,-231549.597216,181019.4237734401,644118.6182054401,336.0,245.0,581.0,2.0,0.0,2.0,0.0031685000000000003,0.10075,0.7277,43282.52162079148,-27785.951665919998,15496.56995487148,71068.47328671148,2455.7679820800004,178563.6557913601,664.8199747841566,0.2011904761904762,0.559188846641318,0.002976190476190476,-0.001483679525222552,0.0991737303617099,True
深证100ETF易方达,9月,3.9,3.864,774899.3118182399,-195522.75828288,579376.5535353599,970422.0701011198,653.0,203.0,856.0,103.0,7.0,110.0,0.003279,0.027350000000000013,0.71995,110754.8182756597,-41598.16890578817,69156.64936987153,152352.98718144785,115485.44559551998,463891.1079398398,667.8187928049333,0.23844325922796644,0.7691986603576075,0.09610814806991605,0.014227642276422765,0.1436818292534405,True
深证100ETF易方达,9月,4.0,3.864,476314.1764416,-350790.51047040004,125523.66597119998,827104.6869120001,410.0,341.0,751.0,38.0,10.0,48.0,0.003182,-0.045649999999999996,0.7335499999999999,52582.76598758402,-66242.03869770693,-13659.27271012291,118824.80468529095,33859.08021888,91664.58575232001,666.3367525284011,0.22440168800514987,0.678765756564553,0.061004220012874616,0.042328042328042326,0.12543922786505907,True
深证100ETF易方达,9月,4.1,3.864,528246.9206784,-388863.2752703999,139383.64540800004,917110.1959487998,484.0,406.0,890.0,7.0,40.0,47.0,0.0032975,-0.10894999999999999,0.68625,46636.730084044815,-139941.15404321335,-93304.42395916853,186577.88412725815,-30671.7179328,170055.36334080005,499.59366565126055,0.2875531062169971,0.701717812820345,0.05649248870252005,0.061982334948620134,0.13495834855681405,False
深证100ETF易方达,9月,4.2,3.864,322270.42631616,-125892.59852735998,196377.82778880003,448163.02484352,301.0,149.0,450.0,1.0,0.0,1.0,0.00336,-0.1702,0.6415,0.0,-15107.111823283198,-15107.111823283198,15107.111823283198,1070.66586816,195307.16192064,666.7069872542015,0.1673311184939092,0.3,0.0016611295681063123,0.0016666666666666668,0.06610881744001948,False
深证100ETF易方达,9月,4.3,3.864,410670.01120320003,-110249.32064832,300420.69055488,520919.33185152005,445.0,141.0,586.0,8.0,0.0,8.0,0.0035195,-0.21375,0.5709,8392.155771498603,-13229.918477798401,-4837.762706299798,21622.074249297002,7382.8316620800015,293037.8588928,663.8970377945386,0.20359550561797754,0.34931506849315064,0.008988764044943821,0.007990867579908675,0.08572141030325173,False
深证100ETF易方达,9月,4.4,3.864,152247.91006656003,-31572.62406144,120675.28600512003,183820.53412800003,187.0,44.0,231.0,22.0,0.0,22.0,0.003542,-0.26175,0.51295,0.0,-3788.7148873728,-3788.7148873728,3788.7148873728,17911.518831360005,102763.76717376002,658.9311364137968,0.2235294117647059,0.3,0.058823529411764705,0.01092896174863388,0.023693033735233227,False
深证100ETF易方达,9月,4.5,3.864,278423.889408,-99270.47902464001,179153.41038336,377694.36843264,400.0,146.0,546.0,210.0,2.0,212.0,0.00347,-0.30720000000000003,0.4608,0.0,-19696.33157657509,-19696.33157657509,19696.33157657509,144812.67236352,34340.73801983999,696.7849730449425,0.3077397260273973,0.4827995255041518,0.26934931506849313,0.016268788682581786,0.0796019973206674,False
深证100ETF易方达,9月,4.6,3.864,388824.15737088,-15158.186064,373665.97130688,403982.34343488,654.0,25.0,679.0,726.0,1.0,727.0,0.003652,-0.33005,0.40215,17082.941653809034,-3081.9702649148508,14000.971388894182,20164.911918723883,388217.82992832,-14551.858621439998,454.5941012385913,0.49243017656500787,0.49922077922077934,0.575045871559633,1.1977564102564102,0.116690537084399,False
科创50ETF华夏,12月,1.3,2.028,143725.18515264,-1948413.8172844804,-1804688.6321318403,2092139.0024371205,1918.0,24521.0,26439.0,100.0,11163.0,11263.0,0.0029385,0.42485,0.1877,49406.12613955654,-437017.03029449156,-387610.90415493504,486423.1564340481,-879507.1780934401,-925181.4540384003,122.83250280418423,0.5532100154825583,0.5423431447417484,0.25369004431476433,0.03907292778370687,0.5652253684082328,False
科创50ETF华夏,12月,1.35,2.028,39996.65988864,-571683.2274316801,-531686.56754304,611679.8873203201,457.0,6324.0,6781.0,19.0,2792.0,2811.0,0.0029454999999999998,0.40925,0.2163,10028.822490380582,-68330.28764779911,-58301.465157418526,78359.11013817969,-250731.10573056003,-280955.46181248006,436.3905672539847,0.3327470915289694,0.5454222108441699,0.2415341092320319,0.020855479607158153,0.3090764827670198,False
科创50ETF华夏,12月,1.4,2.028,85473.93348,-1039263.5839996804,-953789.6505196803,1124737.5174796805,850.0,10247.0,11097.0,4.0,2428.0,2432.0,0.002929,0.3926,0.24555,22543.259136117573,-67778.88529039217,-45235.62615427459,90322.14442650974,-245848.57307712006,-707941.0774425602,441.71087382608243,0.23814377543930096,0.623027645812043,0.12082664079587138,0.006954171245506528,0.3898885641213007,False
科创50ETF华夏,12月,1.45,2.028,53010.495532800014,-387421.62061824003,-334411.12508544,440432.11615104007,467.0,3448.0,3915.0,0.0,782.0,782.0,0.0056995,0.37005,0.2746,16629.82294972525,-34013.4232106832,-17383.60026095795,50643.24616040845,-87866.50444416,-246544.62064128005,407.0876783514623,0.25302281942246513,0.7260662918034064,0.11339907192575406,-0.006864988558352402,0.20093904518329073,False
科创50ETF华夏,12月,1.5,2.028,103413.73277664003,-1325789.1536947202,-1222375.4209180803,1429202.8864713602,814.0,10774.0,11588.0,12.0,1120.0,1132.0,0.0029485,0.3537,0.30405000000000004,28396.36232858449,-258693.1211506596,-230296.75882207512,287089.4834792441,-136296.51018048,-1086078.9107376002,277.2184124025454,0.4019644656753364,0.5815781788446939,0.05934798899343172,0.012592546606942999,0.386241018146389,False
科创50ETF华夏,12月,1.55,2.028,136119.1669344,-711861.7121740801,-575742.5452396801,847980.8791084801,972.0,5382.0,6354.0,4.0,879.0,883.0,0.0030020000000000003,0.3313,0.33105,25934.0761072113,-134702.02808110713,-108767.95197389583,160636.10418831842,-115702.64911296,-460039.89612672,253.33293855452598,0.350821131436132,0.5510913853473963,0.08371870569938203,0.008670995746766318,0.28823852149555473,False
科创50ETF华夏,12月,1.6,2.028,56701.55466144,-1015762.8894566401,-959061.3347952001,1072464.4441180802,1886.0,7136.0,9022.0,488.0,1100.0,1588.0,0.0037549999999999997,0.39785000000000004,0.2096,13406.854115428889,-233350.0348581241,-219943.1807426952,246756.888973553,-141906.34755648003,-817154.9872387202,241.51530430771982,0.40186708785503344,0.5839855733026833,0.20644832825302323,0.026841877684493046,0.3539890390938984,False
科创50ETF华夏,12月,1.65,2.028,80841.12907104,-383234.55973920005,-302393.43066816,464075.68881024007,498.0,2539.0,3037.0,9.0,898.0,907.0,0.004177999999999999,0.35695,0.38085,13564.055921607334,-71836.99940104745,-58272.94347944012,85401.05532265478,-134082.39291408003,-168311.03775408003,526.6170724741994,0.31679357402540986,0.5616649427356017,0.18587742067126323,0.10108901515151515,0.19281603945926196,False
科创50ETF华夏,12月,1.7,2.028,434765.4812280001,-511976.21473440016,-77210.73350640008,946741.6959624002,1945.0,3246.0,5191.0,37.0,985.0,1022.0,0.00465,0.3004,0.4635,106713.83459665913,-105901.48725236201,812.3473442971153,212615.32184902113,-147088.78441920003,69878.05091279995,231.32229996591707,0.3889606768990161,0.5805382037533513,0.16123676836985049,-0.014798206278026907,0.2843172573377177,False
科创50ETF华夏,12月,1.75,2.028,599526.11706624,-764408.6558222402,-164882.5387560001,1363934.7728884802,2512.0,4579.0,7091.0,22.0,1928.0,1950.0,0.0048435,0.2608,0.4931,208458.7590209905,-132059.90770466632,76398.85131632417,340518.66672565683,-316605.64931424,151723.11055823998,238.32616527364053,0.4095869007392793,0.6286740060170597,0.21490529668119343,0.09977908013015176,0.358279807575204,False
科创50ETF华夏,12月,1.8,2.028,916994.1349295999,-1331221.3188019204,-414227.18387232046,2248215.45373152,3595.0,7824.0,11419.0,228.0,1195.0,1423.0,0.004968,0.22915,0.51695,157968.9386356535,-271316.9683786596,-113348.02974300613,429285.90701431315,-145167.25060656006,-269059.9332657602,321.14434439729297,0.3148872715458195,0.5997187153931339,0.10807829623056335,-0.017712784891125658,0.4446330532212885,False
科创50ETF华夏,12月,1.85,2.028,875740.6905062401,-631380.86298144,244359.8275248001,1507121.5534876802,3216.0,3586.0,6802.0,65.0,382.0,447.0,0.004973,0.19945000000000002,0.5451,123961.22117316246,-187539.3732313985,-63578.15205823604,311500.594404561,-49558.10125968,293917.9287844801,319.8656158528277,0.3694548711677571,0.586543587331452,0.06336840962504821,0.0071457595634759384,0.31690677140421386,False
科创50ETF华夏,12月,1.9,2.028,525886.92518544,-563548.6753416001,-37661.750156160095,1089435.6005270402,1889.0,3105.0,4994.0,344.0,338.0,682.0,0.005038000000000001,0.16799999999999998,0.5590999999999999,56140.70371257203,-97587.70487327708,-41447.00116070505,153728.4085858491,34421.61666527998,-72083.36682144005,408.1875609397157,0.23164267477940934,0.5971717017769648,0.1454818088279547,0.06334097806355057,0.28032712215320915,False
科创50ETF华夏,12月,1.95,2.028,588274.6093660801,-257814.14233535997,330460.4670307202,846088.7517014401,2093.0,1403.0,3496.0,149.0,305.0,454.0,0.0051375,0.13759999999999997,0.5650999999999999,79334.1056787835,-58724.56170521893,20609.54397356457,138058.66738400242,-14167.47155615998,344627.9385868801,447.9242534595778,0.29937679407896944,0.5974072566064275,0.14429049211657907,0.0018336714716948113,0.22402630617464378,True
科创50ETF华夏,12月,2.0,2.028,883431.2675635201,-592157.6532518399,291273.6143116802,1475588.92081536,3008.0,3163.0,6171.0,361.0,331.0,692.0,0.005109,0.10820000000000002,0.58465,101510.47097801717,-144260.35992399836,-42749.88894598119,245770.83090201553,44055.68980176002,247217.9245099203,326.27818989663723,0.3070579190129076,0.5643691158308333,0.11233039221786481,0.028458439387196194,0.32118852758494704,True
科创50ETF华夏,12月,2.05,2.028,696863.9517839999,-318612.44113920006,378251.51064479986,1015476.3929232,2445.0,1720.0,4165.0,974.0,242.0,1216.0,0.0052885,0.08050000000000002,0.5717,128794.03231049204,-62739.3230920149,66054.70921847713,191533.35540250695,232777.48747967996,145474.02316511987,450.8589233480052,0.3319426953558663,0.580459213274354,0.26953084129928184,0.06490852370766233,0.2828330897576422,True
科创50ETF华夏,12月,2.1,2.028,796943.4094440001,-557510.7382790401,239432.67116496002,1354454.14772304,2835.0,3038.0,5873.0,520.0,1380.0,1900.0,0.005405,0.054400000000000004,0.56485,141263.5768957632,-142107.29390444988,-843.7170086866827,283370.8708002131,-107070.5735424,346503.24470736005,305.3514381092547,0.36810088063502683,0.5822708105317089,0.31883386568486416,0.0116329657778974,0.3402872366337839,True
科创50ETF华夏,12月,2.15,2.028,1505855.0216548801,-804205.88681472,701649.1348401601,2310060.9084696,5301.0,4216.0,9517.0,964.0,572.0,1536.0,0.005298000000000001,0.0252,0.57725,186647.6309329128,-211654.82761347998,-25007.19668056717,398302.4585463928,164733.94387008,536915.1909700802,419.7031918823201,0.32229539112281547,0.5811124734670201,0.15876305247622535,-0.023264464581556264,0.43546656923639027,False
科创50ETF华夏,12月,2.2,2.028,3079248.7838112004,-1314097.8248736002,1765150.9589376003,4393346.608684801,11158.0,7156.0,18314.0,805.0,877.0,1682.0,0.005492,0.0032000000000000084,0.5587500000000001,845813.5694843598,-340340.3715998038,505473.197884556,1186153.9410841637,61105.48264080001,1704045.4762968002,204.5178604724918,0.475325720725457,0.5784483651572796,0.097350022758626,-0.004703767924720856,0.5495213737668981,False
科创50ETF华夏,12月,2.25,2.028,449442.9791280001,-317585.47897440003,131857.50015360006,767028.4581024002,1650.0,1545.0,3195.0,262.0,2.0,264.0,0.005161499999999999,-0.030750000000000027,0.5810500000000001,54127.6892627985,-124659.79120331287,-70532.10194051437,178787.48046611136,70954.9834032,60902.51675040007,414.0343432804833,0.36565861698301905,0.6480523816337237,0.08004118858487791,-0.00845961436560991,0.19899762513701133,False
科创50ETF华夏,12月,2.3,2.028,424172.8826524801,-241592.33517120004,182580.54748128005,665765.2178236801,1613.0,1326.0,2939.0,235.0,38.0,273.0,0.0055955,-0.04300000000000004,0.5412,30619.593884297454,-55314.727883332795,-24695.13399903534,85934.32176763024,54874.820520000016,127705.72696128004,368.58142716364864,0.23524272859065626,0.6015860189029626,0.08717443770869977,-0.010262712807541333,0.1854822798684691,False
科创50ETF华夏,12月,2.35,2.028,374053.0984819201,-107501.38766640004,266551.71081552,481554.48614832014,1448.0,595.0,2043.0,275.0,26.0,301.0,0.00562,-0.06569999999999998,0.5337000000000001,33000.290773913664,-28977.624189161263,4022.666584752402,61977.91496307493,66341.55020688001,200210.16060864006,491.1368240970863,0.2841539734414455,0.5883620975919317,0.11680730303170991,-0.023904100499845184,0.14255754475703325,False
科创50ETF华夏,12月,2.4,2.028,664345.7315539202,-111904.73985600004,552440.9916979201,776250.4714099203,2642.0,598.0,3240.0,689.0,1.0,690.0,0.0054985,-0.09204999999999999,0.5332,42162.04229513537,-31877.324642055144,10284.717653080224,74039.36693719051,173065.78620864006,379375.20548928005,421.5414227365902,0.25335143157938866,0.6146927794648609,0.13122976158226132,0.0020904599011782594,0.22511472415052977,False
科创50ETF华夏,12月,2.45,2.028,650414.74507776,-151805.81864448005,498608.9264332799,802220.56372224,2657.0,856.0,3513.0,375.0,1.0,376.0,0.005672999999999999,-0.1078,0.5132,51798.36677266722,-42232.17534365733,9566.191429009894,94030.54211632455,91619.99563392,406988.9307993598,413.24906990740203,0.282651876041577,0.5802324600590013,0.07115242227373293,0.010378107889776502,0.21836079649251003,False
科创50ETF华夏,12月,2.5,2.028,692525.0880475203,-69522.500736,623002.5873115202,762047.5887835203,2933.0,400.0,3333.0,2006.0,11.0,2017.0,0.0057485,-0.1252,0.49835,142719.52231452797,-20309.496187706674,122410.02612682129,163029.01850223466,471734.67968640017,151267.90762512007,496.0081772972197,0.43294886364960183,0.5898920617570707,0.3557206784861916,-0.09668212088469426,0.26141718426501037,False
科创50ETF华夏,12月,2.55,2.028,4153773.2391792005,-232655.79020112005,3921117.4489780804,4386429.029380321,18214.0,1353.0,19567.0,4006.0,108.0,4114.0,0.0057685,-0.14395,0.4863,972117.4639669511,-73821.69064390927,898295.7733230419,1045939.1546108604,895012.6205404802,3026104.8284376003,143.5867361669288,0.4850832753385004,0.5916359066681898,0.14988166068010841,-0.02752004876574372,0.5846164291803677,False
科创50ETF华夏,7月,1.5,2.028,66463.65876384001,-397213.00774272013,-330749.3489788801,463676.66650656017,874.0,39582.0,40456.0,237.0,13462.0,13699.0,0.0090375,0.486,0.10465,38334.94798645663,0.0,38334.94798645663,38334.94798645663,-117071.01347760005,-213678.33550128012,155.56820337696803,0.46002694580352455,0.4938086303939961,0.3056355678857794,-0.058415678293464945,0.4720674704664474,False
科创50ETF华夏,7月,1.55,2.028,45341.222696640005,-428764.64147712017,-383423.41878048016,474105.8641737602,1314.0,22276.0,23590.0,111.0,2743.0,2854.0,0.0033975,0.49505,0.06535,17972.69892331487,0.0,17972.69892331487,17972.69892331487,-48966.600664800026,-334456.81811568013,2137.0151770657667,0.3222328178494124,0.47807577692635156,0.10380594714216254,-0.05290705377946225,0.3853953842406528,False
科创50ETF华夏,7月,1.6,2.028,157664.64396384,-885993.6142512001,-728328.9702873601,1043658.2582150401,2362.0,17745.0,20107.0,119.0,4174.0,4293.0,0.0035080000000000003,0.48800000000000004,0.14185,57798.74132342226,0.0,57798.74132342226,57798.74132342226,-200461.16381616003,-527867.8064712001,4147.041524526527,0.28494177025136536,0.4762357414448669,0.14280111104510246,-0.04028119568933686,0.44726598465473144,False
科创50ETF华夏,7月,1.65,2.028,243751.87579392001,-1576779.69384,-1333027.81804608,1820531.5696339202,2081.0,20950.0,23031.0,283.0,6414.0,6697.0,0.0032605000000000004,0.47885,0.2339,94413.17985161838,0.0,94413.17985161838,94413.17985161838,-449594.57634623995,-883433.2416998401,1071.7142095441209,0.26267915158209,0.49129057798891534,0.22107491464425835,-0.06275852774434512,0.5256539398368043,False
科创50ETF华夏,7月,1.7,2.028,656059.29435072,-4043262.97986624,-3387203.68551552,4699322.27421696,3489.0,31898.0,35387.0,453.0,13266.0,13719.0,0.0031215,0.46245,0.3827,257263.06464355427,0.0,257263.06464355427,257263.06464355427,-1596364.6067366402,-1790839.0787788797,392.259186779735,0.36154344232258667,0.47268262737875993,0.2728623864319884,-0.034534087998812635,0.6760147363293143,False
科创50ETF华夏,7月,1.75,2.028,888681.5242344001,-5187382.074201601,-4298700.5499672005,6076063.598436001,3195.0,22808.0,26003.0,829.0,11853.0,12682.0,0.0031565,0.43274999999999997,0.61465,459545.5762356167,0.0,459545.5762356167,459545.5762356167,-2465225.88457392,-1833474.66539328,318.5488238774134,0.4039329161055036,0.4566473988439306,0.3895769968421151,-0.08472456491646857,0.6760472536840822,False
科创50ETF华夏,7月,1.8,2.028,1070414.7148281601,-13714233.7112352,-12643818.99640704,14784648.426063359,4386.0,39420.0,43806.0,1876.0,45407.0,47283.0,0.0053985000000000005,0.4384,0.71965,629070.5568282052,0.0,629070.5568282052,629070.5568282052,-13256391.028832639,612572.0324256001,224.47085352451077,0.6726348994877329,0.4431034482758621,0.7898008989444065,-0.10368372248299414,0.8311681890147363,False
科创50ETF华夏,7月,1.85,2.028,3153941.5475692805,-17429955.971688002,-14276014.424118722,20583897.519257285,6778.0,34610.0,41388.0,2419.0,61427.0,63846.0,0.0054715,0.38339999999999996,1.17795,1078759.2543771868,0.0,1078759.2543771868,1078759.2543771868,-16304345.968210563,2028331.5440918405,270.09304049494915,0.5613035552110044,0.40171858216971007,1.0658619005400907,-0.03031579340971193,0.8582600779442212,False
科创50ETF华夏,7月,1.9,2.028,6097139.189893441,-28021870.755740162,-21924731.56584672,34119009.945633605,8857.0,42472.0,51329.0,9681.0,107658.0,117339.0,0.0058425000000000005,0.29095,1.639,4344757.506956994,0.0,4344757.506956994,4344757.506956994,-21924731.56584672,0.0,137.5071509299691,0.8740851883469338,0.37651006711409396,1.8139165779294815,-0.03605927266005233,0.8969462915601023,False
科创50ETF华夏,7月,1.95,2.028,10827064.77211008,-34794171.9700848,-23967107.19797472,45621236.74219488,12916.0,44335.0,57251.0,32137.0,106043.0,138180.0,0.005945499999999999,0.19199999999999998,1.9731999999999998,6124697.3148078555,-7242353.29565854,-1117655.9808506845,13367050.610466395,-23967107.19797472,0.0,21.351599220451412,0.8472462060037559,0.45128449852859315,2.440005838141521,0.13105822326368893,0.9208586043112897,True
科创50ETF华夏,7月,2.0,2.028,28405089.68690017,-43712504.9156952,-15307415.22879503,72117594.60259536,29466.0,49747.0,79213.0,88223.0,162600.0,250823.0,0.005806499999999999,0.08574999999999997,2.2401999999999997,9727911.04096296,-14564634.94467113,-4836723.903708169,24292545.98563409,-15307415.22879503,0.0,20.80888237212843,0.8193743994786413,0.4123054599135237,3.1312998789827113,0.017102310178779015,0.9490871392035074,True
科创50ETF华夏,7月,2.05,2.028,38201337.628534086,-33163396.357665602,5037941.270868484,71364733.98619969,40381.0,37839.0,78220.0,172218.0,211506.0,383724.0,0.005993,-0.02645,2.2156,8558047.879979584,-17271008.58684184,-8712960.706862256,25829056.466821425,5037941.270868484,0.0,25.922326056246,0.8154367753296394,0.45289495661583945,4.927228632489209,0.16115173636504168,0.9493323590305687,True
科创50ETF华夏,7月,2.1,2.028,52218537.434481606,-34717116.9054528,17501420.529028803,86935654.33993441,59178.0,42536.0,101714.0,213755.0,175495.0,389250.0,0.0061015,-0.12959999999999997,2.065,1777252.5484012612,-23798246.645716578,-22020994.097315315,25575499.19411784,17501420.529028803,0.0,33.32332093336059,0.8861984861104544,0.403677412994183,3.8689339985479583,0.09735569093099444,0.9670891487029594,True
科创50ETF华夏,7月,2.15,2.028,57281068.629607685,-19902371.126077443,37378697.50353024,77183439.75568512,75276.0,27808.0,103084.0,191287.0,121600.0,312887.0,0.006295,-0.21595,1.7952,0.0,-14320448.781569134,-14320448.781569134,14320448.781569134,37378697.50353024,0.0,27.078098019120617,0.8090684185946704,0.4348387096774194,3.4569921392765224,-0.03242521812571163,0.9637207404701011,False
科创50ETF华夏,7月,2.2,2.028,50987961.28677889,-11611194.309468,39376766.97731089,62599155.59624689,81648.0,19095.0,100743.0,123046.0,54137.0,177183.0,0.006487000000000001,-0.28535,1.49845,0.0,-8643586.018421475,-8643586.018421475,8643586.018421475,39376766.97731089,0.0,27.25217748691884,0.7929356944870318,0.46260245901639346,2.171085133677508,-0.03792144626524876,0.950534222384606,False
科创50ETF华夏,7月,2.25,2.028,38843929.20039841,-8687787.013601283,30156142.186797127,47531716.21399969,77965.0,17326.0,95291.0,81896.0,15560.0,97456.0,0.006687,-0.33905,1.2153,0.0,-7073711.577546626,-7073711.577546626,7073711.577546626,31041668.671041608,-885526.4842444807,104.09818983514347,0.811720515784768,0.47984040319193616,0.9742461608123987,0.041203092296129507,0.9315143709657775,False
科创50ETF华夏,7月,2.3,2.028,34676602.03478017,-8123484.09480192,26553117.93997825,42800086.129582085,90944.0,20016.0,110960.0,84330.0,8296.0,92626.0,0.006796,-0.38325,0.95695,0.0,-4593938.270971268,-4593938.270971268,4593938.270971268,28787781.276895687,-2234663.3369174413,366.40185462667154,0.4792616520958056,0.49117543240381223,0.6708711760359481,0.05998099779509532,0.9332043600048715,False
科创50ETF华夏,7月,2.35,2.028,17611312.924801443,-6585489.845962561,11025823.078838881,24196802.770764004,61269.0,20693.0,81962.0,42350.0,3331.0,45681.0,0.0068875,-0.41685,0.7363500000000001,0.0,-3666044.118877717,-3666044.118877717,3666044.118877717,11113107.254196482,-87284.17535759974,224.75360453894098,0.5339179911490715,0.4945255474452554,0.4260932317266801,-0.017985192985335276,0.8797839483619535,False
科创50ETF华夏,7月,2.4,2.028,13531139.477032322,-1785982.7034316803,11745156.773600642,15317122.180464003,61028.0,6464.0,67492.0,62297.0,971.0,63268.0,0.007475000000000001,-0.42725,0.60545,0.0,-677565.434526895,-677565.434526895,677565.434526895,13262855.255956803,-1517698.4823561602,198.8320984736756,0.6043109713860761,0.4934106483921982,0.5855051590910713,-0.05542033327092305,0.8496839605407381,False
科创50ETF华夏,7月,2.45,2.028,11386193.150592001,-600005.832192,10786187.318400001,11986198.982784001,58904.0,3104.0,62008.0,47730.0,718.0,48448.0,1e-06,-0.4478,0.47,1514805.5623032474,-272601.7509876915,1242203.8113155558,1787407.313290939,9087459.466176001,1698727.8522239998,284.72154720344474,0.4898482759241154,0.6199285881135919,0.5208079702636896,-0.0472478369334802,0.8226248325417124,False
科创50ETF华夏,7月,2.5,2.028,5445902.134782721,-130076.37678672001,5315825.757996001,5575978.511569441,38392.0,917.0,39309.0,28466.0,159.0,28625.0,1e-06,-0.46440000000000003,0.3449,298710.86376452696,-57628.179674464125,241082.68409006283,356339.04343899107,4015345.689969121,1300480.0680268803,608.3490664988465,0.3797905079441042,0.5746726213004316,0.4574240237254081,-0.060812504397767524,0.720243271221532,False
科创50ETF华夏,7月,2.55,2.028,12923466.428396162,-157875.46527168003,12765590.963124482,13081341.893667841,127372.0,1556.0,128928.0,72045.0,182.0,72227.0,1e-06,-0.47619999999999996,0.2467,3366819.6151394746,-68725.86533750908,3298093.7498019654,3435545.480476984,7291391.105924641,5474199.85719984,410.156196990053,0.3703822062702049,0.9306369922030977,0.34129662465920724,-0.027544034936250593,0.8564511630739252,False
科创50ETF华夏,8月,1.9,2.028,2144325.6250790404,-15890287.65524928,-13745962.03017024,18034613.280328322,5336.0,45157.0,50493.0,2308.0,52167.0,54475.0,0.0056475,0.1782,0.91635,523525.10810692795,-7865885.626594883,-7342360.518487955,8389410.734701812,-14962794.487580162,1216832.4574099202,136.52139921107755,0.6290543331401777,0.5930107336270087,0.7938849545707913,0.22038794725164113,0.8565652782852271,False
科创50ETF华夏,8月,1.95,2.028,975399.9450249602,-4686202.57551264,-3710802.63048768,5661602.5205376,2303.0,12642.0,14945.0,2440.0,14921.0,17361.0,0.0056515,0.12840000000000001,0.96555,379629.34432550403,-2260568.0076292786,-1880938.6633037745,2640197.3519547824,-3710802.63048768,0.0,229.4582295870182,0.7497667496637188,0.5797570850202429,1.1198798668403533,0.19142572878463715,0.6348525758129339,True
科创50ETF华夏,8月,2.0,2.028,4193005.8260563207,-5776189.700374081,-1583183.87431776,9969195.526430402,9786.0,15157.0,24943.0,15715.0,26498.0,42213.0,0.005732,0.07779999999999998,0.9842,1639446.4452742517,-3659421.5095097986,-2019975.0642355469,5298867.954784051,-1583183.87431776,0.0,34.37133530542795,0.8526311368838628,0.5928502031443206,1.6770503305271303,0.21657991949128777,0.7524308853976374,True
科创50ETF华夏,8月,2.05,2.028,5011548.302105281,-6522595.795815841,-1511047.4937105607,11534144.097921122,11369.0,16913.0,28282.0,19904.0,27661.0,47565.0,0.005715,0.02789999999999998,1.00475,1329990.8815797267,-4624460.578905024,-3294469.6973252967,5954451.460484751,-1511047.4937105607,0.0,131.2895022911743,0.828301731500394,0.5593925822253323,1.6931065761580648,0.6744441431345167,0.7853185361100963,True
科创50ETF华夏,8月,2.1,2.028,10311431.469842883,-9286563.2467608,1024868.2230820823,19597994.71660368,23526.0,24235.0,47761.0,27879.0,25115.0,52994.0,0.0057564999999999995,-0.020550000000000013,0.9987,2805126.2164078304,-6923040.080105937,-4117913.8636981067,9728166.296513768,1024868.2230820823,0.0,38.093572802437734,0.9395251417580499,0.5399122379327158,1.1106702247666638,0.16039584444428245,0.8561777493606139,True
科创50ETF华夏,8月,2.15,2.028,8912172.612096002,-6377340.984037921,2534831.6280580815,15289513.596133923,20836.0,16967.0,37803.0,18891.0,12038.0,30929.0,0.005808000000000001,-0.06669999999999998,0.97695,1409349.3290480871,-3170211.8800832033,-1760862.5510351162,4579561.20913129,3555547.7489251215,-1020716.1208670398,264.60601803067493,0.6865445556592438,0.5181152882205511,0.808073425209459,0.10864641217382502,0.8184553038606747,False
科创50ETF华夏,8月,2.2,2.028,9854026.4699136,-4885117.209161281,4968909.260752319,14739143.67907488,24280.0,13319.0,37599.0,23660.0,8408.0,32068.0,0.005887999999999999,-0.10900000000000001,0.9393,1474997.6275339634,-2249993.26090162,-774995.6333676567,3724990.8884355836,6518529.691914239,-1549620.4311619205,120.3625829361741,0.6597070593840484,0.5256772436059123,0.8028716022112568,0.025125686954406732,0.8169800876872488,False
科创50ETF华夏,8月,2.25,2.028,5268124.537584481,-2162861.94256704,3105262.5950174406,7430986.480151521,13431.0,6067.0,19498.0,8252.0,886.0,9138.0,0.0058414999999999995,-0.15284999999999999,0.91025,16654.33176940362,-760340.7040986858,-743686.3723292821,776995.0358680894,2920877.6458118404,184384.9492056002,334.62989051314196,0.44152603584875877,0.4406416614482075,0.38021772779103796,0.02588369299869736,0.6677529533552552,False
科创50ETF华夏,8月,2.3,2.028,5390706.43485504,-2024610.0503616,3366096.3844934404,7415316.48521664,14772.0,6018.0,20790.0,9700.0,934.0,10634.0,0.0059815,-0.1866,0.8526499999999999,71726.83512111154,-902695.7606099497,-830968.9254888382,974422.5957310612,3225573.4129632004,140522.9715302398,183.82649670547062,0.615308557708342,0.46604423518822236,0.40592438768179623,-0.007967556031867435,0.6786916331750091,False
科创50ETF华夏,8月,2.35,2.028,5325624.09572544,-1158628.6261368,4166995.46958864,6484252.721862241,15588.0,3661.0,19249.0,9677.0,858.0,10535.0,0.006052,-0.21989999999999998,0.8001,0.0,-696450.2067690033,-696450.2067690033,696450.2067690033,3034598.30318736,1132397.16640128,79.80053007312017,0.7071916251221362,0.4715025906735751,0.4275801229515809,0.1349413222551869,0.6574100596760444,False
科创50ETF华夏,8月,2.4,2.028,6345583.217569441,-397895.23635264003,5947687.9812168,6743478.453922081,20187.0,1348.0,21535.0,15158.0,408.0,15566.0,0.006224,-0.24525000000000002,0.741,0.0,-189998.65278715652,-189998.65278715652,189998.65278715652,4644335.75048352,1303352.2307332803,170.30931667182705,0.5983334947823031,0.4867411025819959,0.5267749509445733,0.1107776174442841,0.6853823529411764,False
科创50ETF华夏,8月,2.45,2.028,2671238.4019776,-165115.11669120003,2506123.2852864,2836353.5186688,9723.0,601.0,10324.0,9140.0,100.0,9240.0,1e-06,-0.2433,0.668,0.0,-75873.76078143614,-75873.76078143614,75873.76078143614,2483595.099648,22528.185638400115,250.22057327005618,0.5877758947844636,0.4995792131285504,0.5532142168346047,0.20161082236284564,0.5273911825599805,False
科创50ETF华夏,8月,2.5,2.028,3779324.449748641,-97118.25318000001,3682206.196568641,3876442.702928641,14593.0,375.0,14968.0,15444.0,93.0,15537.0,1e-06,-0.26990000000000003,0.6297,0.0,-48708.92355596488,-48708.92355596488,48708.92355596488,3755239.1229600008,-73032.92639136002,265.90723490248575,0.5940170692208685,0.4992261559295801,0.6531578153909409,0.07076715169788692,0.5899364876385337,False
科创50ETF华夏,8月,2.55,2.028,9794700.301014721,-320115.21128496,9474585.089729762,10114815.512299681,40358.0,1319.0,41677.0,32555.0,125.0,32680.0,1e-06,-0.2944,0.5901,0.0,-142611.02992423569,-142611.02992423569,142611.02992423569,7870611.297931201,1603973.7917985604,168.19456019395517,0.551979191461277,0.4967672413793103,0.450712099041103,0.0832923832923833,0.785199062233589,False
科创50ETF华夏,9月,1.1,2.028,33507.879444000006,-2605159.61754048,-2571651.7380964803,2638667.49698448,1917.0,111716.0,113633.0,90.0,170554.0,170644.0,0.0034145,0.48885,0.049600000000000005,14711.415749719452,-240229.88276500325,-225518.4670152838,254941.2985147227,-2603586.47766048,31934.739564000003,250.39618781817347,0.6090727211069636,0.5194176104819008,0.786811569645834,0.009025501482138211,0.7038721836560712,False
科创50ETF华夏,9月,1.15,2.028,25690.381872480004,-2441214.999175681,-2415524.617303201,2466905.3810481606,1019.0,81534.0,82553.0,57.0,210087.0,210144.0,0.0033345000000000002,0.48445000000000005,0.06705,12207.842628978482,-557991.9998115842,-545784.1571826058,570199.8424405627,-2439777.9513182407,24253.334015040004,460.0670539535167,0.5394300917988412,0.6866452045606974,1.3163084303524089,0.0023043109580786576,0.689693947144075,False
科创50ETF华夏,9月,1.2,2.028,40971.55420800001,-2002751.7549811206,-1961780.2007731206,2043723.3091891205,1172.0,53336.0,54508.0,38.0,86910.0,86948.0,0.0032400000000000003,0.479,0.08815,18228.174258233932,-838888.4709543561,-820660.2966961222,857116.6452125901,-2001423.3257491207,39643.12497600001,935.0476067860883,0.5313437524710368,0.8298328097946222,0.8309521170699143,-0.0027703694077719637,0.6476720862257946,False
科创50ETF华夏,9月,1.25,2.028,74464.33973472001,-1585873.8818208002,-1511409.5420860802,1660338.2215555203,1591.0,33070.0,34661.0,43.0,19728.0,19771.0,0.0031865,0.4715,0.1152,29771.809221453885,-429596.0295249722,-399824.2203035183,459367.8387464261,-944044.9023657602,-567364.6397203201,382.99573560767647,0.3802241321956622,0.8828619718309859,0.3117898969426033,-0.018833529000028094,0.5774906832298137,False
科创50ETF华夏,9月,1.3,2.028,149090.72315904,-1698021.2759328003,-1548930.5527737602,1847111.9990918403,2456.0,28086.0,30542.0,227.0,29513.0,29740.0,0.0031430000000000004,0.46185,0.1473,66229.71973870102,-886545.8451185992,-820316.1253798982,952775.5648573003,-1684241.3108851202,135310.75811136002,476.10366666577903,0.5037343159952992,0.9579309844860084,0.5716174709785046,-0.011509310933785894,0.5924795396419438,False
科创50ETF华夏,9月,1.35,2.028,238979.0722176,-1771971.1886448003,-1532992.1164272004,2010950.2608624003,3124.0,23595.0,26719.0,72.0,40126.0,40198.0,0.003105,0.44999999999999996,0.18430000000000002,97751.91598918337,-1147743.755061789,-1049991.8390726056,1245495.6710509723,-1766463.3483120003,233471.2318848,267.94886288233624,0.5902503847261412,0.9028463166343512,0.8618309560691123,-0.001720177765087096,0.5956147850444525,False
科创50ETF华夏,9月,1.4,2.028,472310.14042368,-1449333.7714440003,-977023.6310203203,1921643.9118676803,5028.0,15725.0,20753.0,159.0,55348.0,55507.0,0.003083,0.4354,0.22625,170338.59279799918,-918235.1305141051,-747896.5377161059,1088573.7233121044,-1434397.9495809602,457374.31856064004,142.09982451527625,0.6021685322504907,0.8271204071557865,1.7756842698377164,-0.06669675633288563,0.5858323590305687,False
科创50ETF华夏,9月,1.45,2.028,480736.74130560004,-1341424.3133491203,-860687.5720435203,1822161.0546547202,4266.0,12152.0,16418.0,76.0,43172.0,43248.0,0.003039,0.41895000000000004,0.2712,186335.62777475364,-624065.7546038544,-437730.1268291008,810401.382378608,-1332859.8519475204,472172.279904,217.78382699176333,0.5626693284675364,0.7645325854478573,1.7852407557097518,-0.011929024335040929,0.5530682011935208,False
科创50ETF华夏,9月,1.5,2.028,658041.1627046401,-2248167.4986700807,-1590126.3359654406,2906208.6613747207,4972.0,17168.0,22140.0,188.0,39994.0,40182.0,0.003033,0.39875,0.3201,250418.05104027374,-883265.8073066794,-632847.7562664057,1133683.858346953,-2223285.8135155207,633159.47755008,438.78080314631427,0.4970782471787586,0.781230627941683,1.1836891906887328,-0.0023619368782542513,0.6275078553160395,False
科创50ETF华夏,9月,1.55,2.028,390499.46365248004,-1927792.0304136002,-1537292.5667611202,2318291.49406608,2562.0,12665.0,15227.0,41.0,16269.0,16310.0,0.0030080000000000003,0.3766,0.37034999999999996,127278.19477511445,-1076550.9760704434,-949272.781295329,1203829.170845558,-1921542.81963696,384250.25287584006,170.240787904004,0.5955794227603254,0.7595848472127729,0.6502834404748806,0.1984888594749614,0.5503403970283766,False
科创50ETF华夏,9月,1.6,2.028,657548.1632865601,-3516365.4613963207,-2858817.2981097605,4173913.624682881,3813.0,20179.0,23992.0,422.0,24718.0,25140.0,0.0029820000000000003,0.3519,0.4215,211597.94196584748,-1856889.6905633665,-1645291.748597519,2068487.632529214,-3443591.9694196805,584774.67130992,214.85168296094002,0.6002534556244292,0.7178823776898742,0.6678054127335848,0.1994490539187197,0.6496688588478869,False
科创50ETF华夏,9月,1.65,2.028,843619.5184435202,-3010354.55195904,-2166735.03351552,3853974.0704025603,4696.0,15403.0,20099.0,82.0,16105.0,16187.0,0.004779,0.3772,0.456,256649.31898657058,-1083303.6451063876,-826654.326119817,1339952.9640929583,-2995623.5467392,828888.5132236802,402.00049176164055,0.4388501611110564,0.7556352870508447,0.5315186033694845,0.06277403939216418,0.6178777250030447,False
科创50ETF华夏,9月,1.7,2.028,1526933.90333952,-4550729.691456,-3023795.78811648,6077663.59479552,6518.0,20976.0,27494.0,972.0,31091.0,32063.0,0.004776,0.3463,0.54855,430413.9344881261,-2372460.6599377976,-1942046.7254496715,2802874.5944259237,-4323024.91176192,1299229.1236454402,340.3345372759038,0.5575574699031186,0.7099771516228652,0.8156716356559047,0.02727717501896822,0.7076266593593958,False
科创50ETF华夏,9月,1.75,2.028,1935170.07701472,-4542315.634565281,-2607145.5575505607,6477485.711580001,6846.0,19151.0,25997.0,104.0,18919.0,19023.0,0.005048,0.29685,0.632,603595.1628917871,-2790538.3258293783,-2186943.1629375913,3394133.4887211653,-4457891.036795041,1850745.47924448,158.62504506393253,0.6403820511567295,0.7110464897977189,0.5015385513530223,-0.027004449702360964,0.6967459505541347,False
科创50ETF华夏,9月,1.8,2.028,3544896.7488168003,-6487505.72836704,-2942608.9795502396,10032402.477183841,11295.0,26034.0,37329.0,1177.0,17185.0,18362.0,0.0052475,0.2525,0.6845,1238566.5603345642,-4274094.088253412,-3035527.527918848,5512660.648587977,-3912994.3304275204,970385.3508772803,104.49467402412938,0.6442650074944891,0.7636950473010572,0.38215186678448176,0.0023547005002821815,0.7638816831080257,False
科创50ETF华夏,9月,1.85,2.028,4787208.191001601,-4220870.636829601,566337.5541719999,9008078.827831201,14126.0,15845.0,29971.0,1389.0,17051.0,18440.0,0.005274999999999999,0.2114,0.73585,1034498.9430813696,-2822856.7001321213,-1788357.7570507517,3857355.643213491,-3750147.7020072006,4316485.2561792005,272.7572646566222,0.5681267193049538,0.729221768541654,0.5872208300474917,-0.0025516219280321446,0.7371263548897821,False
科创50ETF华夏,9月,1.9,2.028,2545120.5797908804,-3219076.6537176003,-673956.0739267198,5764197.233508481,7091.0,11355.0,18446.0,986.0,14181.0,15167.0,0.005261999999999999,0.16999999999999998,0.781,506216.99449667067,-1139018.0948990062,-632801.1004023355,1645235.0893956767,-2865178.91127312,2191222.8373464,416.25412638044594,0.3987281673961728,0.6830696140218557,0.6939633229984163,0.03408348166936257,0.6508631104615759,False
科创50ETF华夏,9月,1.95,2.028,3545443.2144268807,-2932751.4999868805,612691.7144400002,6478194.714413761,9572.0,10219.0,19791.0,946.0,14316.0,15262.0,0.0053835,0.1271,0.7991999999999999,474293.5653617468,-1844561.6256085741,-1370268.0602468273,2318855.190970321,-2582355.6286070403,3195047.3430470405,381.23576826900273,0.4814440361718155,0.7006601741514522,0.749874887886747,0.0016100235638235993,0.6722800511508951,True
科创50ETF华夏,9月,2.0,2.028,3830811.03542592,-3241704.4509844803,589106.5844414397,7072515.4864104,10173.0,11103.0,21276.0,3008.0,15400.0,18408.0,0.005448,0.08550000000000002,0.81275,566458.9230988836,-2250421.50437384,-1683962.5812749565,2816880.4274727236,-2108992.40984016,2698098.9942815998,210.66869713441793,0.5372686400512389,0.690030442138908,0.8413485872997521,0.024840153681425028,0.6945726464498843,True
科创50ETF华夏,9月,2.05,2.028,3264057.1441296004,-2144760.7164984,1119296.4276312003,5408817.860628,8785.0,7315.0,16100.0,2537.0,3299.0,5836.0,0.005558499999999999,0.04544999999999999,0.8081499999999999,575270.789924321,-950915.193078112,-375644.403153791,1526185.983002433,-24648.449173919857,1143944.8768051204,208.9474307902639,0.43231297097625954,0.7011022944823102,0.36988941023329786,0.012959529501954746,0.6065616855437828,True
科创50ETF华夏,9月,2.1,2.028,4669738.443115201,-2653325.0067542405,2016413.4363609604,7323063.449869441,12535.0,8974.0,21509.0,4448.0,2976.0,7424.0,0.0055615000000000005,0.005850000000000022,0.81235,906895.3711144181,-1177354.0782211802,-270458.7071067621,2084249.4493355984,777131.9232768001,1239281.5130841597,218.58841380623295,0.5024234936660501,0.6628605544397276,0.34323556177759107,-0.023002812755595164,0.6687797466812812,True
科创50ETF华夏,9月,2.15,2.028,4525101.906156001,-1321495.61283792,3203606.2933180807,5846597.518993921,12325.0,4583.0,16908.0,10472.0,769.0,11241.0,0.00566,-0.030750000000000027,0.7968999999999999,869016.6851386001,-559215.0391635109,309801.64597508917,1428231.724302111,3623037.1771464003,-419430.8838283197,323.12844011381753,0.5449870866683794,0.6383393002952078,0.5087245968985832,-0.0333357838884902,0.6392776153939836,False
科创50ETF华夏,9月,2.2,2.028,8028468.420186239,-1501996.1198112003,6526472.300375039,9530464.53999744,22479.0,5260.0,27739.0,11773.0,385.0,12158.0,0.0056974999999999994,-0.06649999999999998,0.78135,790129.1798884005,-741659.9184930862,48469.26139531424,1531789.0983814867,4094838.9774676794,2431633.3229073593,212.07061696224474,0.4571363495387316,0.6107676683396334,0.29846358925279987,-0.010363345993281032,0.7265233223724272,False
科创50ETF华夏,9月,2.25,2.028,2734771.2908630404,-1008982.18360368,1725789.1072593604,3743753.4744667206,7933.0,3603.0,11536.0,8483.0,384.0,8867.0,0.0057465,-0.10005,0.75955,391854.3908055154,-424336.1091170223,-32481.718311506906,816190.4999225377,2627236.1372400005,-901447.0299806399,282.0421522575704,0.5956818485519787,0.5815917791658269,0.5879542479674433,0.007874048109203467,0.5522440628425284,False
科创50ETF华夏,9月,2.3,2.028,2195176.41547776,-609945.402924,1585231.01255376,2805121.8184017604,6656.0,2189.0,8845.0,12418.0,116.0,12534.0,0.0057275,-0.13379999999999997,0.7397,196646.30832529,-252252.64260737452,-55606.334282084514,448898.95093266456,2162854.04602176,-577623.033468,394.15741168863633,0.5079692076074982,0.571798955516871,0.9593386650253014,0.03179339455455399,0.523031360370235,False
科创50ETF华夏,9月,2.35,2.028,1412679.6122400002,-448260.5537280001,964419.0585120001,1860940.1659680002,4490.0,1703.0,6193.0,10116.0,52.0,10168.0,0.0058765,-0.15980000000000003,0.7025,98664.6454444125,-177915.6047628663,-79250.95931845381,276580.2502072788,1398992.2670880002,-434573.20857600006,251.5586228409005,0.6048599719562873,0.5207863707546302,1.1417705163297573,0.014320951422661972,0.4419898307148946,False
科创50ETF华夏,9月,2.4,2.028,2779050.4282195205,-160108.87149504002,2618941.5567244804,2939159.2997145606,9324.0,636.0,9960.0,15180.0,68.0,15248.0,0.005979,-0.1851,0.6684,91418.59489462788,-67906.46659562389,23512.12829900399,159325.06149025177,2761931.8696320006,-142990.31290752,132.42933039887282,0.6821068501463106,0.4859202490016442,0.8674874335251693,0.12388312275789767,0.5431577152600171,False
科创50ETF华夏,9月,2.45,2.028,1964735.6473555204,-154182.14411184003,1810553.5032436803,2118917.79146736,7684.0,603.0,8287.0,14696.0,110.0,14806.0,1e-06,-0.1949,0.6217,0.0,-75027.67574632265,-75027.67574632265,75027.67574632265,1936609.5514147205,-126056.04817104,272.4659417572809,0.5412387647609174,0.4955456570155902,1.0474833881952375,0.012755947862001191,0.4900110826939471,False
科创50ETF华夏,9月,2.5,2.028,2301098.535216001,-112056.91286400004,2189041.622352001,2413155.448080001,9364.0,456.0,9820.0,20304.0,52.0,20356.0,1e-06,-0.21989999999999998,0.5975,0.0,-48672.27879124584,-48672.27879124584,48672.27879124584,2288320.115328001,-99278.49297600004,442.58552372504545,0.5358739236956334,0.46036585365853655,1.1411696156238524,0.02666570623813135,0.5324090244793569,False
科创50ETF华夏,9月,2.55,2.028,12165515.5426272,-122971.87144944002,12042543.67117776,12288487.414076641,51740.0,523.0,52263.0,47578.0,396.0,47974.0,1e-06,-0.24339999999999998,0.5717,0.0,-85724.13397112241,-85724.13397112241,85724.13397112241,11093802.75091296,948740.9202648005,146.12379347326586,0.7684468666656582,0.47445008460236887,0.8383647536106773,0.164863257384462,0.8212475946900499,False
科创50ETF易方达,12月,1.25,1.966,54008.79107699999,-540985.55459944,-486976.76352244,594994.3456764399,775.0,7174.0,7949.0,5.0,4685.0,4690.0,0.002999,0.4269,0.18769999999999998,12727.210207665192,-54119.924938457094,-41392.7147307919,66847.13514612228,-352943.6280152,-134033.13550724,458.12669842490436,0.39661337472717606,0.4633402941307149,0.3297521515868234,0.09321385850991114,0.3371144196809158,False
科创50ETF易方达,12月,1.3,1.966,17033.858446680002,-141577.88136768,-124544.022921,158611.73981436001,207.0,1647.0,1854.0,4.0,713.0,717.0,0.0029925000000000004,0.41145000000000004,0.21765,4062.825896803916,-14474.43103502028,-10411.605138216364,18537.256931824195,-60961.085825760005,-63582.93709523999,477.0330665692551,0.35068040979123577,0.500357016896636,0.22611599482590217,0.008037334716100596,0.11161813421020582,False
科创50ETF易方达,12月,1.35,1.966,20890.85896752,-122091.11762027998,-101200.25865275998,142981.9765878,219.0,1263.0,1482.0,0.0,962.0,962.0,0.0029885000000000003,0.3943,0.24845,4780.161564075515,-20307.861303604,-15527.699739528485,25088.022867679516,-92994.18460071998,-8206.074052040003,494.3652390206992,0.40708048423833043,0.5344606741573033,0.3808392715756136,-0.02231467473524962,0.10926105224698576,False
科创50ETF易方达,12月,1.4,1.966,32629.646952,-68645.17056000001,-36015.52360800002,101274.81751200001,300.0,640.0,940.0,5.0,79.0,84.0,0.0030005,0.37515,0.27945,6415.836575370075,-6744.035264656446,-328.1986892863715,13159.87184002652,-7929.560791800002,-28085.962816200015,424.06982642243474,0.28876497219538555,0.50215284947961,0.07005208333333333,0.008001354726726218,0.03944732675678968,False
科创50ETF易方达,12月,1.45,1.966,28109.7335256,-135054.50298023998,-106944.76945463999,163164.23650583997,230.0,1146.0,1376.0,5.0,41.0,46.0,0.0029865,0.35515,0.31055,5459.996232888623,-12232.348200313132,-6772.351967424509,17692.344433201753,-4220.711700439999,-102724.05775419998,618.7554237375667,0.2567049955260423,0.5360192763711467,0.028757872372714165,0.009676970203285992,0.05791584459870904,False
科创50ETF易方达,12月,1.5,1.966,40705.27198904,-103272.7166484,-62567.44465936001,143977.98863744,613.0,806.0,1419.0,2.0,67.0,69.0,0.0040915000000000005,0.40154999999999996,0.25165000000000004,8434.535629883092,-11312.24388934807,-2877.7082594649783,19746.77951923116,-8451.89797364,-54115.54668572001,482.4047904776095,0.25614739476948545,0.6060917703965032,0.04319459680455313,0.02706039002468862,0.05938192668371696,False
科创50ETF易方达,12月,1.55,1.966,38846.05464991999,-139016.05597088,-100170.00132096,177862.1106208,262.0,1012.0,1274.0,0.0,186.0,186.0,0.0030005,0.31020000000000003,0.3695,4906.590886250455,-11779.346037188148,-6872.7551509376935,16685.936923438603,-25550.38182864,-74619.61949232,501.1187384529783,0.22082893748328475,0.4796915963919397,0.09189723320158102,-0.019924098671726755,0.06871251979052491,False
科创50ETF易方达,12月,1.6,1.966,170941.93531839998,-162371.10649464,8570.828823759977,333313.04181304,937.0,1114.0,2051.0,11.0,47.0,58.0,0.0049975,0.30795,0.42455,35794.4883303475,-17859.94299985883,17934.54533048867,53654.43133020633,-4843.6975445200005,13414.52636827997,493.02254121615397,0.2391205324795263,0.6541693925283596,0.026964949828418364,-0.00785063103024268,0.1074747899159664,False
科创50ETF易方达,12月,1.65,1.966,88275.91136839999,-142235.46035796,-53959.548989560004,230511.37172636,413.0,939.0,1352.0,0.0,12.0,12.0,0.004825,0.2913,0.47245000000000004,14476.578145798812,-2208.443130129405,12268.135015669408,16685.02127592822,-1817.7055636799998,-52141.843425880026,497.6901821851986,0.1379710967518424,0.5801199789832734,0.006389776357827476,-0.009404388714733543,0.06542497868712702,False
科创50ETF易方达,12月,1.7,1.966,79988.90094972,-93924.21843744001,-13935.317487720007,173913.11938716,321.0,584.0,905.0,5.0,67.0,72.0,0.004639000000000001,0.27015,0.5304,10320.520257801438,-12961.230233305076,-2640.709975503638,23281.75049110651,-9529.619421120002,-4405.698066600016,519.1444597326821,0.2428717346774725,0.5495715778474397,0.0651511756923996,0.007393535257312347,0.0465784922664718,False
科创50ETF易方达,12月,1.75,1.966,110881.12162815999,-100348.80343752,10532.318190639999,211229.92506568,431.0,566.0,997.0,0.0,3.0,3.0,0.004664,0.23105,0.5621499999999999,14134.97673430334,-15125.335880897144,-990.3591465938043,29260.312615200484,-531.88411716,11064.202307800006,504.3483731712393,0.2117546004808431,0.6607728034203901,0.00265017667844523,0.0,0.049955730118134214,False
科创50ETF易方达,12月,1.8,1.966,129617.19477723999,-122139.54802496,7477.646752279994,251756.74280219997,479.0,713.0,1192.0,36.0,48.0,84.0,0.0049375,0.19645,0.57165,16802.49286323032,-16452.85956315478,349.6333000755403,33255.3524263851,1519.006308,5958.640444279998,496.9870588639133,0.2331791582383974,0.5675105840342081,0.07123887716051733,-0.029404709054962872,0.07284368530020705,False
科创50ETF易方达,12月,1.85,1.966,101851.11227159998,-90929.65017488,10921.462096719988,192780.76244648,414.0,508.0,922.0,0.0,4.0,4.0,0.0052215000000000004,0.15994999999999998,0.5498,14873.731092718224,-13847.910134185988,1025.8209585322365,28721.641226904212,-715.9814974399999,11637.44359415998,481.1689168891934,0.21663966963825163,0.6914713210451479,0.003937007874015748,0.0,0.04361588113506273,False
科创50ETF易方达,12月,1.9,1.966,162763.92229892,-156343.627622,6420.294676919992,319107.54992092,619.0,889.0,1508.0,7.0,16.0,23.0,0.005278,0.13154999999999997,0.56765,21179.45617431818,-28474.811788968615,-7295.355614650434,49654.267963286795,-973.2076292400006,7393.502306159993,367.8902165264062,0.25384928420631026,0.6184849729581707,0.014653156239153467,-0.016592154423110045,0.0903853976373158,True
科创50ETF易方达,12月,1.95,1.966,211806.45173464,-166430.3319774,45376.11975724,378236.78371204,769.0,927.0,1696.0,15.0,16.0,31.0,0.0052315,0.10205,0.58855,24128.41799393115,-30166.735237326448,-6038.317243395297,54295.1532312576,1258.8813092,44117.23844803998,479.0185063096546,0.2472998149190716,0.5901028249985961,0.018382915090276813,0.006103604371137768,0.09976452320058458,True
科创50ETF易方达,12月,2.0,1.966,351330.54381016,-195277.88513184,156052.65867832,546608.428942,1277.0,1037.0,2314.0,74.0,40.0,114.0,0.0051725,0.07170000000000001,0.5995,45282.98593574467,-44200.86311726542,1082.122818479249,89483.84905301008,12826.597489120002,143226.06118920003,425.49998294700583,0.2789042381500219,0.6246294019503447,0.04826056126906647,-0.013486669498513279,0.1455469492144684,True
科创50ETF易方达,12月,2.05,1.966,187123.0243968,-126974.78087784002,60148.24351895998,314097.80527464004,720.0,642.0,1362.0,37.0,17.0,54.0,0.0052049999999999996,0.043450000000000016,0.59205,27132.93452759674,-31090.137337869648,-3957.202810272909,58223.07186546639,6253.78375644,53894.45976251997,489.44363133866443,0.2647549581523384,0.7249770830479156,0.038934319833852545,-0.017872793289094777,0.08748410668615271,True
科创50ETF易方达,12月,2.1,1.966,497728.8931348001,-325584.04396608,172144.84916872007,823312.9371008801,1795.0,1836.0,3631.0,31.0,35.0,66.0,0.00542,0.018699999999999994,0.5881000000000001,34270.787198276426,-67271.85888773836,-33001.07168946193,101542.64608601478,2389.2075298400014,169755.64163888007,376.3853568071262,0.23949172305042427,0.5399360188922756,0.01816668790697957,0.003375404074006868,0.19743746194129827,False
科创50ETF易方达,12月,2.15,1.966,1320990.1144484,-835561.4618586401,485428.6525897599,2156551.57630704,4895.0,4642.0,9537.0,86.0,88.0,174.0,0.005436,-0.007550000000000001,0.58195,106740.71459465438,-187813.84291615192,-81073.12832149754,294554.5575108063,7368.378792159996,478060.27379759995,358.9035257028886,0.2535157715465406,0.5687374122340527,0.01826314693879527,0.0013264433557434992,0.36989830714894656,False
科创50ETF易方达,12月,2.2,1.966,174173.28303751998,-35819.86941128,138353.41362623998,209993.15244879998,659.0,194.0,853.0,121.0,5.0,126.0,0.005383,-0.0348,0.58075,21099.685160581543,-8996.52433272709,12103.160827854454,30096.209493308634,31057.030930279994,107296.38269595997,526.2618008029051,0.30776055488342396,0.5886219945938256,0.10469236425073916,0.004594180704441042,0.0560979174278407,False
科创50ETF易方达,12月,2.25,1.966,185760.363649,-23706.006688560003,162054.35696044,209466.37033756002,725.0,119.0,844.0,96.0,0.0,96.0,0.0051745,-0.06629999999999997,0.5891500000000001,21648.25214085646,-6878.025593327949,14770.226547528513,28526.27773418441,24597.23435904,137457.1226014,517.5105573769599,0.29671025614789026,0.6564488940488216,0.06620689655172414,-0.0020604395604395605,0.05197777371818292,False
科创50ETF易方达,12月,2.3,1.966,110543.77081247998,-27127.36547664,83416.40533583998,137671.13628911998,443.0,143.0,586.0,1.0,0.0,1.0,0.005327999999999999,-0.0859,0.5682,9900.204990222648,-7701.108000708273,2199.0969895143753,17601.31299093092,249.53447135999994,83166.87086447999,552.832397693241,0.27531344739376173,0.6287646135262823,0.001128668171557562,0.0011312217194570137,0.023496772622092318,False
科创50ETF易方达,12月,2.35,1.966,78860.43000395999,-36742.443496919994,42117.98650704,115602.87350087998,333.0,191.0,524.0,3.0,0.0,3.0,0.005336500000000001,-0.10799999999999998,0.5552,9098.134559703565,-11177.570405902552,-2079.435846198987,20275.704965606117,710.4543243599999,41407.53218267999,573.7060687146512,0.2802254302039659,0.7095729231676497,0.0045045045045045045,-0.0014970059880239522,0.01665040798928267,False
科创50ETF易方达,12月,2.4,1.966,191388.99707399998,-64117.5268216,127271.47025239999,255506.5238956,825.0,340.0,1165.0,106.0,0.0,106.0,0.0053465,-0.1306,0.5440499999999999,17461.429652766314,-19911.090383259758,-2449.660730493444,37372.52003602607,24590.586290719995,102680.88396168001,600.6096764052404,0.2740736974372463,0.6741931880403391,0.06424242424242424,-0.004801920768307323,0.07458050176592376,False
科创50ETF易方达,12月,2.45,1.966,387094.75497504,-110523.63334972002,276571.12162531994,497618.38832476,1736.0,653.0,2389.0,1420.0,5.0,1425.0,0.0057485,-0.13530000000000003,0.5074,108240.28599235672,-31316.868499950884,76923.41749240583,139557.1544923076,315786.5305826,-39215.40895728,487.1627379574485,0.4504781037711163,0.6442471191372788,0.4128146590355749,-0.09056603773584905,0.19938564121300695,False
科创50ETF易方达,7月,1.45,1.966,62475.76315904,-88879.91929652,-26404.156137480008,151355.68245556002,512.0,9089.0,9601.0,237.0,1647.0,1884.0,0.011482000000000001,0.46035,0.17049999999999998,33186.285771363335,0.0,33186.285771363335,33186.285771363335,12813.68786808,-39217.84400556001,5135.358847015289,0.3344861464981169,0.4671150971599401,0.32204933934563756,-0.06365467183325785,0.2520588844233345,False
科创50ETF易方达,7月,1.5,1.966,42411.5837568,-80447.03789039998,-38035.45413359998,122858.62164719998,320.0,6714.0,7034.0,284.0,832.0,1116.0,0.0097865,0.46504999999999996,0.18695,29034.625401652713,0.0,29034.625401652713,29034.625401652713,27671.27022896,-65706.72436255998,8146.678170836927,0.4349414966935791,0.47520316732652645,0.5057100834078045,-0.14527187572602276,0.21003647545974913,False
科创50ETF易方达,7月,1.55,1.966,74286.05652952,-180602.5062248,-106316.44969527998,254888.56275431998,439.0,3685.0,4124.0,232.0,250.0,482.0,0.010225999999999999,0.447,0.2823,37919.78196485487,0.0,37919.78196485487,37919.78196485487,27005.69036576001,-133322.14006104,4704.874835309617,0.29607487605415184,0.4587817723837876,0.2981582046281329,-0.08662900188323917,0.16616222141030323,False
科创50ETF易方达,7月,1.6,1.966,139633.24408096,-509644.24144535995,-370010.99736439995,649277.48552632,868.0,6258.0,7126.0,256.0,1556.0,1812.0,0.007908,0.4645,0.31345,59500.86133413149,0.0,59500.86133413149,59500.86133413149,-85536.6753112,-284474.3220532,2904.1546688605504,0.2846002739076996,0.4898395721925133,0.2717863070753307,-0.0025818907561415694,0.3038492266471806,False
科创50ETF易方达,7月,1.65,1.966,263689.638921,-906821.91292292,-643132.2740019199,1170511.55184392,1215.0,6607.0,7822.0,344.0,4522.0,4866.0,0.007550999999999999,0.44795,0.45830000000000004,102117.20558722825,0.0,102117.20558722825,102117.20558722825,-545994.33295672,-97137.94104519993,402.21128869997904,0.3899234234655994,0.488667687595712,0.48377659060941103,-0.05901587886660731,0.3903264523200584,False
科创50ETF易方达,7月,1.7,1.966,233324.20035380003,-1557354.8397696,-1324030.6394157999,1790679.0401234,839.0,6627.0,7466.0,294.0,4783.0,5077.0,0.0032194999999999997,0.4277,0.6637500000000001,82243.84638434011,0.0,82243.84638434011,82243.84638434011,-1042251.2973835998,-281779.34203219996,323.5060230318373,0.5556274900435322,0.4507762211283604,0.536080771172505,0.091843058733791,0.4291128364389234,False
科创50ETF易方达,7月,1.75,1.966,377586.81907908,-2287707.14182384,-1910120.3227447597,2665293.96090292,1391.0,6308.0,7699.0,435.0,5367.0,5802.0,0.0056405,0.4262,0.8203,117947.35411551302,0.0,117947.35411551302,117947.35411551302,-1828356.2329473598,-81764.0897974,286.0534809516616,0.5705336836154888,0.4401631912964641,0.5817745042753784,0.01754985969426757,0.48408500791620995,False
科创50ETF易方达,7月,1.8,1.966,913400.67899584,-5362534.75029888,-4449134.07130304,6275935.42929472,1799.0,10549.0,12348.0,804.0,18709.0,19513.0,0.006358000000000001,0.34004999999999996,1.3144,387855.81602391636,0.0,387855.81602391636,387855.81602391636,-4954322.32900224,505188.25769920007,284.0679518952875,0.6121286290340757,0.44899620184481814,1.1102239945291439,0.22151614850408194,0.6401399951284862,False
科创50ETF易方达,7月,1.85,1.966,826994.6527971199,-8293018.4171664,-7466023.76436928,9120013.06996352,1226.0,12741.0,13967.0,559.0,18962.0,19521.0,0.0061484999999999995,0.2658,1.7146,408130.2796881821,-510370.76274822763,-102240.48306004552,918501.0424364097,-7915946.630124319,449922.86575503997,275.55095226880303,0.5445596265948076,0.4578867004555078,0.972110275071179,0.11561410560032633,0.681713311411521,False
科创50ETF易方达,7月,1.9,1.966,1549202.0662187997,-8920614.58067164,-7371412.51445284,10469816.64689044,1890.0,11459.0,13349.0,2258.0,21869.0,24127.0,0.0060255000000000005,0.16955,2.0674,819297.3112905312,-1735957.367395866,-916660.0561053348,2555254.678686397,-7371412.51445284,0.0,164.35499794141228,0.7585160016468702,0.4612309074573226,1.5515826149912892,-0.08363843725513832,0.7044470831810986,True
科创50ETF易方达,7月,1.95,1.966,5295713.314945919,-6903092.704336159,-1607379.3893902395,12198806.019282078,5744.0,8252.0,13996.0,17660.0,33858.0,51518.0,0.005974,0.05885000000000001,2.2748,1175896.50095618,-2763710.5057928325,-1587814.0048366524,3939607.0067490125,-1607379.3893902395,0.0,219.53425623572423,0.6656681415701251,0.4581525600835945,3.5887589334298293,0.11974678522968074,0.7362827304834977,True
科创50ETF易方达,7月,2.0,1.966,8026477.645922,-6255633.4268438,1770844.2190782,14282111.0727658,9118.0,7445.0,16563.0,30581.0,32654.0,63235.0,0.0061065,-0.05315000000000003,2.2257,1613706.431507033,-3615771.648868876,-2002065.217361843,5229478.080375909,1770844.2190782,0.0,119.52082047617446,0.7790500102857272,0.4753009095365176,3.8699731127633203,0.24178392545792274,0.7680476190476191,True
科创50ETF易方达,7月,2.05,1.966,11854273.89836032,-4482650.92616328,7371622.972197039,16336924.8245236,14728.0,5811.0,20539.0,40459.0,25297.0,65756.0,0.0062120000000000005,-0.15485000000000002,2.0391,947061.2129759843,-2379343.96295189,-1432282.7499759058,3326405.1759278746,7371622.972197039,0.0,115.50842745560529,0.7398154802577381,0.4398785425101213,3.5501879325963204,0.1772276118474012,0.7977629399585922,True
科创50ETF易方达,7月,2.1,1.966,8861475.258823361,-2930256.39569472,5931218.863128642,11791731.65451808,12811.0,4464.0,17275.0,23535.0,14471.0,38006.0,0.0064199999999999995,-0.23794999999999997,1.74395,0.0,-2500667.424752183,-2500667.424752183,2500667.424752183,5931218.863128642,0.0,46.84491483309436,0.9025240681335245,0.4461114513165952,2.539402296315694,-0.10856050457333682,0.7451525392765802,False
科创50ETF易方达,7月,2.15,1.966,7555068.609872321,-1576460.3058776,5978608.303994721,9131528.91574992,13528.0,2860.0,16388.0,21689.0,4491.0,26180.0,0.0066545,-0.3022,1.4355,0.0,-1176575.5218135703,-1176575.5218135703,1176575.5218135703,5978608.303994721,0.0,263.5659328488654,0.7780361426097966,0.46864282214600694,1.5867735088684232,-0.07279277315005228,0.7042813908171964,False
科创50ETF易方达,7月,2.2,1.966,7335330.896677241,-1057551.20819712,6277779.68848012,8392882.104874361,16507.0,2349.0,18856.0,21500.0,1151.0,22651.0,0.00702,-0.34645,1.15725,303421.21241859614,-566026.7323649925,-262605.51994639635,869447.9447835886,6817135.30679436,-539355.6183142401,226.83874985240686,0.6240111418892147,0.5205976621417796,0.896236739793531,-0.08165225672431731,0.7030931068079407,False
科创50ETF易方达,7月,2.25,1.966,3770797.1061188,-639524.0735727999,3131273.032546,4410321.1796916,11090.0,1880.0,12970.0,11542.0,524.0,12066.0,0.006718999999999999,-0.40264999999999995,0.8799,0.0,-241544.26828513946,-241544.26828513946,241544.26828513946,3592546.77922936,-461273.7466833599,258.007065086273,0.5993390287820455,0.4827823691460055,0.6597404216948373,-0.08649592348495638,0.5901881013274874,False
科创50ETF易方达,7月,2.3,1.966,3913407.8344728,-336655.8606312,3576751.9738416,4250063.695104,13554.0,1166.0,14720.0,10026.0,1647.0,11673.0,1e-06,-0.4075,0.747,0.0,-261756.95060555535,-261756.95060555535,261756.95060555535,2558122.577352,1018629.3964896,217.62867577845503,0.676277650832553,0.49300903000291285,1.0761146380743463,-0.10334060874884766,0.5893804043356473,False
科创50ETF易方达,7月,2.35,1.966,1669100.3648856,-464177.25187056,1204923.11301504,2133277.61675616,7580.0,2108.0,9688.0,7248.0,1095.0,8343.0,1e-06,-0.4353,0.5697,486108.96642763173,-248328.16559171648,237780.80083591526,734437.1320193482,1354877.9083299602,-149954.79531492002,844.8267814844631,0.5647231688818757,0.7390482398956975,0.7378251215372522,-0.024063565618272914,0.48487468030690534,False
科创50ETF易方达,7月,2.4,1.966,2211078.76210676,-381422.90910596,1829655.8530008,2592501.6712127198,13559.0,2339.0,15898.0,10138.0,1104.0,11242.0,1e-06,-0.4557,0.4219,613065.5751779099,-208301.7569995241,404763.81817838585,821367.332177434,1473182.79643576,356473.05656503997,302.2141063684089,0.5221670824047332,0.7764510968921391,0.6098459187486507,0.021026963356670494,0.5552416879795397,False
科创50ETF易方达,7月,2.45,1.966,2482443.82781256,-44165.74615584,2438278.08165672,2526609.5739684,21134.0,376.0,21510.0,13778.0,608.0,14386.0,1e-06,-0.47030000000000005,0.3039,467095.0608409349,-34250.53660383537,432844.52423709957,501345.5974447703,1574226.9414376798,864051.14021904,590.8019856385804,0.5227063324729082,0.8529934795494962,1.134478273388248,0.026910516866173254,0.5854288758981854,False
科创50ETF易方达,8月,1.85,1.966,212427.85286475997,-3772600.1240896797,-3560172.2712249197,3985027.9769544397,569.0,11089.0,11658.0,152.0,13792.0,13944.0,0.0058515,0.16660000000000003,0.9230499999999999,51160.369993622364,-1388104.7868917305,-1336944.416898108,1439265.156885353,-3715853.1405475996,155680.86932267997,412.06016945871227,0.46377892945939225,0.662321158994362,0.7554451988631367,0.38823103601182873,0.5736944951893801,False
科创50ETF易方达,8月,1.9,1.966,199899.14294856,-798943.9788552,-599044.8359066399,998843.1218037601,506.0,2220.0,2726.0,381.0,1574.0,1955.0,0.0058035,0.1172,0.9766,91969.84038070074,-233780.82029720486,-141810.97991650412,325750.6606779056,-415941.53509827994,-183103.30080836,326.5822468001255,0.5977955564038622,0.6346186434150323,0.7309867179432397,0.16462846294247913,0.2667415661916941,True
科创50ETF易方达,8月,1.95,1.966,444452.04664951994,-669329.9921574399,-224877.94550792,1113782.03880696,1066.0,1808.0,2874.0,1161.0,1482.0,2643.0,0.0057455,0.06639999999999999,1.01825,130780.72717286432,-229324.7222260155,-98543.99505315117,360105.44939887983,-104191.23232024,-120686.71318768001,363.7907591394984,0.5429054457857464,0.5976812136565147,0.9544042321805111,0.6891965067937315,0.29301431007185486,True
科创50ETF易方达,8月,2.0,1.966,903547.6233206401,-1184217.3177168,-280669.69439615984,2087764.94103744,2124.0,3144.0,5268.0,1977.0,1514.0,3491.0,0.005715,0.014949999999999991,1.03755,209482.5416268886,-393584.4703988357,-184101.92877194713,603067.0120257243,270751.54949392006,-551421.2438900799,347.3439239782581,0.5331649140491922,0.5569414897687448,0.7061715616509251,0.3476496201088756,0.40303580562659846,True
科创50ETF易方达,8月,2.05,1.966,1089596.9460322,-730835.56250892,358761.38352328003,1820432.50854112,2609.0,1969.0,4578.0,2498.0,1003.0,3501.0,0.0057925,-0.03390000000000001,1.0204,149718.44765361238,-395166.09706540284,-245447.64941179045,544884.5447190152,670955.5608163599,-312194.17729308,318.8645147387294,0.5593311389656122,0.5548121067418552,0.7334252979441208,0.4823975609595447,0.37930800146145416,True
科创50ETF易方达,8月,2.1,1.966,793909.92237768,-756393.6359979999,37516.28637968004,1550303.55837568,1962.0,2093.0,4055.0,967.0,558.0,1525.0,0.0058645,-0.07990000000000003,0.99095,103174.55126772783,-257739.70361503403,-154565.1523473062,360914.25488276186,189633.17265787994,-152116.88627819985,352.1261892173952,0.470192525888528,0.5440018777986424,0.3797336931561104,0.06962327014639791,0.3215893313847278,False
科创50ETF易方达,8月,2.15,1.966,1047035.9739960001,-531022.34197824,516013.6320177602,1578058.3159742402,2700.0,1488.0,4188.0,997.0,296.0,1293.0,0.005840000000000001,-0.12575,0.9633,82331.54817427011,-177878.318818106,-95546.77064383589,260209.8669923761,280994.25154548005,235019.3804722802,338.6096256684492,0.44274909755365166,0.5046480691527944,0.28409199522102746,0.09231361858480502,0.3257556935817805,False
科创50ETF易方达,8月,2.2,1.966,855655.71217456,-332625.81707624,523029.8950983199,1188281.5292508,2332.0,998.0,3330.0,1351.0,416.0,1767.0,0.005988,-0.16290000000000002,0.9057999999999999,52695.64229392163,-150447.1078053866,-97751.46551146496,203142.7500993082,357058.27983499994,165971.61526331998,225.45974911703877,0.616301040871636,0.4980686264227549,0.49808235682342383,0.11040706930424768,0.29486225794665694,False
科创50ETF易方达,8月,2.25,1.966,1259488.138692,-214511.1332972,1044977.0053948,1473999.2719892,3682.0,685.0,4367.0,1717.0,118.0,1835.0,0.006122,-0.19644999999999999,0.8476,21945.853831914752,-84401.0020409893,-62455.148209074556,106346.85587290405,550375.56458584,494601.44080896,347.06271013226996,0.36183162266772195,0.5027924840275366,0.3192927122279624,0.1782970243188216,0.3302404701010839,False
科创50ETF易方达,8月,2.3,1.966,1298979.5970908003,-261123.17533700002,1037856.4217538002,1560102.7724278003,4502.0,905.0,5407.0,2349.0,807.0,3156.0,1e-06,-0.1983,0.7465,0.0,-184161.21181036343,-184161.21181036343,184161.21181036343,444919.2667068001,592937.1550470002,197.29078993798714,0.691530196765802,0.4922149673530889,0.7067404051238124,0.8721160208808175,0.367580440872001,False
科创50ETF易方达,8月,2.35,1.966,379979.54390088,-28786.3290834,351193.21481747995,408765.87298428,1386.0,105.0,1491.0,603.0,11.0,614.0,1e-06,-0.2291,0.7093,0.0,-10202.869972979388,-10202.869972979388,10202.869972979388,162300.06492735998,188893.14989012,266.8143444262486,0.39843546105182004,0.43187878787878786,0.2699134199134199,-0.0015747600202664774,0.13744641334794788,False
科创50ETF易方达,8月,2.4,1.966,699252.2905892399,-72951.95928456,626300.3313046799,772204.2498738,2703.0,282.0,2985.0,1243.0,18.0,1261.0,1e-06,-0.25760000000000005,0.6693,0.0,-29759.816873608343,-29759.816873608343,29759.816873608343,316901.241573,309399.0897316799,412.4642580242437,0.3461103076380597,0.49958402662229623,0.26184460134917076,0.09564641623427729,0.24083966630130316,False
科创50ETF易方达,8月,2.45,1.966,1844505.5890950002,-30559.855914,1813945.7331810002,1875065.4450090001,7605.0,126.0,7731.0,7200.0,61.0,7261.0,1e-06,-0.28390000000000004,0.6275,0.0,-17724.086622912608,-17724.086622912608,17724.086622912608,1731482.629921,82463.1032600001,313.9688351997679,0.5360146695180139,0.49504950495049493,0.7154362731285808,0.5169811716798556,0.4517558762635489,False
科创50ETF易方达,9月,1.1,1.966,22941.169619279997,-686824.1520321601,-663882.98241288,709765.3216514401,1058.0,25979.0,27037.0,26.0,86405.0,86431.0,0.003337,0.48624999999999996,0.06225,9874.84887306808,-91731.50547163874,-81856.65659857065,101606.35434470682,-686260.3803780001,22377.39796512,367.45083415749286,0.42750889220311644,0.6403662575491915,1.675265124346835,0.025029661540597423,0.5190259408111071,False
科创50ETF易方达,9月,1.15,1.966,11490.374408360001,-496643.94384559995,-485153.56943723996,508134.31825395994,373.0,14405.0,14778.0,20.0,32738.0,32758.0,0.003274,0.48065,0.08445,4976.58095902305,-164196.56918976983,-159219.98823074676,169173.1501487929,-496027.83797919995,10874.26854196,526.799350088828,0.5297099124336438,0.7468750237171848,1.1631511995481163,-0.0020860445109020277,0.4295875045670442,False
科创50ETF易方达,9月,1.2,1.966,22771.52792244,-409198.61585003993,-386427.0879275999,431970.14377247996,541.0,9461.0,10002.0,27.0,19579.0,19606.0,0.0031790000000000004,0.47395,0.1104,9661.050852178518,-190079.35704001857,-180418.30618784006,199740.40789219708,-408062.14403135993,21635.056103760002,802.1520305449501,0.4930660928260726,0.9039701578875731,1.0596752774938891,0.01728918039892417,0.37904293021556446,False
科创50ETF易方达,9月,1.25,1.966,18773.294601359998,-470296.5668497599,-451523.2722483999,489069.8614511199,338.0,8438.0,8776.0,16.0,17663.0,17679.0,0.003147,0.46435000000000004,0.14395,7845.653929268106,-244991.69994034013,-237146.04601107203,252837.35386960823,-469407.8901822399,17884.617933839996,745.3298477728838,0.48854076430087545,0.9592649001881033,1.0703029125777863,0.026500262768266458,0.3724039702837657,False
科创50ETF易方达,9月,1.3,1.966,25703.055490639996,-266599.90813119995,-240896.85264055996,292302.96362183994,362.0,3815.0,4177.0,36.0,3372.0,3408.0,0.0031045,0.4527,0.18225,10782.559764951175,-132177.52728274252,-121394.96751779135,142960.0870476937,-233086.06809263994,-7810.784547919993,704.0894267667405,0.5039820813089491,0.9094166879506475,0.49166346857055965,0.0838006881433295,0.23820381195956647,False
科创50ETF易方达,9月,1.35,1.966,43395.80708064,-632742.6573708,-589346.85029016,676138.46445144,492.0,7341.0,7833.0,21.0,1636.0,1657.0,0.003066,0.4385,0.2256,15463.83195724208,-144436.75010595794,-128972.91814871586,159900.5820632,-139159.45325848,-450187.39703168004,628.6071708754741,0.35528572405754155,0.8175180555433379,0.1327704240467006,-0.0016102992921306451,0.3131277554500061,False
科创50ETF易方达,9月,1.4,1.966,78443.7275356,-196898.00392080002,-118454.27638520002,275341.7314564,734.0,1866.0,2600.0,155.0,2432.0,2587.0,0.003073,0.42045,0.27475000000000005,33192.59024491615,-98920.0498166699,-65727.45957175374,132112.64006158605,-180332.91159380003,61878.635208600004,538.3879406433251,0.5408218007336519,0.8579258238045036,0.7572471386725309,-0.1446136171441756,0.19628693216417004,False
科创50ETF易方达,9月,1.45,1.966,112119.05379184002,-173892.24754476,-61773.19375291998,286011.30133660004,886.0,1389.0,2275.0,26.0,959.0,985.0,0.0030325000000000005,0.40090000000000003,0.32565,38136.77296308894,-62257.33476569624,-24120.561802607306,100394.10772878518,-116769.33893012,54996.145177200015,541.9982316534047,0.4362813682990454,0.8049906645809153,0.35988506923960756,-0.03688305669536118,0.15475593715747168,False
科创50ETF易方达,9月,1.5,1.966,112095.08982463997,-265591.56623392,-153496.47640928003,377686.65605855995,764.0,1814.0,2578.0,53.0,888.0,941.0,0.0030065,0.37825,0.3792,30858.430096885953,-75974.49599836224,-45116.065901476286,106832.9260952482,-122237.72298735999,-31258.75342192003,344.0433779211752,0.3652529591025018,0.7726082465592806,0.2794488186703764,-0.029155561113051703,0.1716046157593472,False
科创50ETF易方达,9月,1.55,1.966,203734.57589892,-295751.4944566,-92016.91855767998,499486.07035552,1221.0,1757.0,2978.0,26.0,2932.0,2958.0,0.0029995,0.35224999999999995,0.4336,57389.56026313693,-116205.9759589289,-58816.41569579197,173595.53622206583,-291413.16605908,199396.2475014,608.5851295963881,0.4538431620623401,0.7445932503631257,0.8450237892468968,0.03577402554837885,0.23732821824381928,False
科创50ETF易方达,9月,1.6,1.966,163063.12402488,-613907.558925,-450844.43490012,776970.68294988,874.0,3225.0,4099.0,1.0,3268.0,3269.0,0.004917,0.36935,0.48760000000000003,44190.85327934956,-269754.17644957255,-225563.32317022298,313945.0297289221,-613720.98784488,162876.55294475998,566.6662975390254,0.47664489886337713,0.7497153075149405,0.5072387490465294,-0.03756811012331517,0.2951599074412374,False
科创50ETF易方达,9月,1.65,1.966,509064.2361360001,-690258.2271834799,-181193.99104747985,1199322.46331948,2168.0,3281.0,5449.0,20.0,4995.0,5015.0,0.0050504999999999994,0.33099999999999996,0.5759000000000001,128057.16506401512,-230159.79173126363,-102102.6266672485,358216.95679527876,-685562.0626434799,504368.0715960001,480.39288606799755,0.38243557217506685,0.7614730268915291,0.7658133995238154,-0.014039651237874907,0.3654946413347948,False
科创50ETF易方达,9月,1.7,1.966,980383.36865712,-1161543.0757708799,-181159.70711375983,2141926.4444279997,3548.0,5049.0,8597.0,19.0,1705.0,1724.0,0.005086,0.29295,0.6550499999999999,219620.26328379975,-312964.52031680837,-93344.25703300862,532584.7836006081,-386992.13508324,205832.42796948005,467.86668228025314,0.335023771069325,0.7364345436863448,0.1715228807293931,-0.005072083210246648,0.4242319449518938,False
科创50ETF易方达,9月,1.75,1.966,1499589.696834,-1804610.8403191604,-305021.1434851603,3304200.53715316,4955.0,7333.0,12288.0,112.0,532.0,644.0,0.0052629999999999994,0.24710000000000001,0.7098500000000001,321282.95757705165,-425547.7563570017,-104264.79877995007,746830.7139340534,-97026.39264304002,-207994.75084212027,396.9625448772383,0.30146040071699154,0.7543632639125981,0.04757609154695546,-0.009756453831259684,0.45898246255023745,False
科创50ETF易方达,9月,1.8,1.966,1834033.87655044,-1303955.36701584,530078.5095346,3137989.24356628,5531.0,5036.0,10567.0,131.0,346.0,477.0,0.005294,0.20559999999999998,0.7639,533291.3921386539,-304331.8153521944,228959.57678645948,837623.2074908484,-46150.1558978,576228.6654324001,183.98255631666046,0.3777435694493738,0.7418895692340745,0.04619500399869089,-0.0038155232827580075,0.43572567287784675,False
科创50ETF易方达,9月,1.85,1.966,606269.19898624,-453428.13707987993,152841.06190636003,1059697.3360661198,1829.0,1679.0,3508.0,349.0,219.0,568.0,0.005492500000000001,0.15969999999999998,0.77815,140407.37718899382,-142772.9336542115,-2365.556465217669,283180.3108432053,56542.24622876001,96298.8156776001,310.1081055179726,0.3561634026705104,0.7725229813199217,0.16062471771222098,0.061545841282371776,0.2477334064060407,False
科创50ETF易方达,9月,1.9,1.966,938583.71639824,-912639.4751731999,25944.241225040052,1851223.1915714398,2588.0,3295.0,5883.0,91.0,69.0,160.0,0.00541,0.11884999999999998,0.82745,130565.83673322109,-436107.5349923446,-305541.69825912354,566673.3717255658,13891.332012439994,12052.90921260009,266.2394979922144,0.3982290229870383,0.7119547715109145,0.0280515534520244,-0.007083547783109542,0.3138711484593838,True
科创50ETF易方达,9月,1.95,1.966,318659.6942952,-458250.92413044,-139591.22983524,776910.61842564,878.0,1627.0,2505.0,536.0,184.0,720.0,0.005503,0.07619999999999999,0.83385,72916.18116381644,-250088.7200954526,-177172.53893163614,323004.90125926904,142710.52668192,-282301.75651716,263.6841253689714,0.5337666876054687,0.7114355288586394,0.3617849697516146,-0.016350131692091027,0.21158780903665816,True
科创50ETF易方达,9月,2.0,1.966,589907.839032,-334552.59734224,255355.24168976006,924460.4363742401,1668.0,1187.0,2855.0,439.0,424.0,863.0,0.005644,0.036000000000000004,0.8221,89475.86445373818,-156046.82608362145,-66570.96162988327,245522.69053735962,35754.316365520004,219600.9253242401,350.4553832230721,0.3937141896809796,0.735987343614239,0.3101962406485932,-0.05544558664918302,0.23570576056509562,True
科创50ETF易方达,9月,2.05,1.966,355827.34360367997,-189219.48501119998,166607.85859247998,545046.82861488,996.0,672.0,1668.0,691.0,95.0,786.0,0.005644,-0.00410000000000002,0.8264,63797.02760919088,-75350.87275235007,-11553.84514315919,139147.90036154096,220114.37264727996,-53506.514054799976,404.71376345403564,0.4432578188409023,0.6803299216027874,0.41757207401032703,0.15788160957765213,0.1678835099257094,True
科创50ETF易方达,9月,2.1,1.966,1359109.75167968,-171136.00480116,1187973.7468785201,1530245.75648084,4004.0,623.0,4627.0,950.0,116.0,1066.0,0.005827000000000001,-0.038500000000000006,0.79445,86576.4947127512,-74343.56460599891,12232.93010675229,160920.0593187501,290601.29004128,897372.45683724,421.50400185074653,0.3005478735747828,0.694963157755677,0.21172928195400104,0.0184581786488896,0.318649738156132,False
科创50ETF易方达,9月,2.15,1.966,1601912.3581376,-282397.18721879995,1319515.1709188,1884309.5453563998,4808.0,1019.0,5827.0,2823.0,122.0,2945.0,0.005767000000000001,-0.07660000000000003,0.7895,284657.9642696054,-114680.11280311,169977.85146649543,399338.0770727154,906747.0448512,412768.1260675999,316.4592933276215,0.4548735606913019,0.6713220320623916,0.35343582171683113,-0.13545643184167774,0.3961960784313725,False
科创50ETF易方达,9月,2.2,1.966,497093.84800399997,-76101.98412144,420991.86388256,573195.83212544,1522.0,282.0,1804.0,116.0,114.0,230.0,0.005778,-0.1119,0.7716000000000001,25706.287702819944,-39717.937123952666,-14011.649421132723,65424.22482677261,7121.627233120005,413870.23664943996,456.6549324085371,0.38357348106318584,0.5984341440348211,0.2402354125311041,-0.11666025353256804,0.14328553160394591,False
科创50ETF易方达,9月,2.25,1.966,277142.1211212,-84881.18350515999,192260.93761604,362023.30462635995,885.0,259.0,1144.0,270.0,0.0,270.0,0.0049845,-0.17885000000000004,0.8290500000000001,13610.756288760414,-23663.738540366132,-10052.982251605717,37274.49482912655,84551.8335624,107709.10405363997,470.4123108633968,0.3532056189803434,0.4388985140039719,0.15254237288135594,0.004561003420752566,0.0999313725490196,False
科创50ETF易方达,9月,2.3,1.966,547658.43722096,-55237.060350679996,492421.37687028,602895.4975716401,2092.0,211.0,2303.0,2515.0,0.0,2515.0,1e-06,-0.15410000000000001,0.6773,60129.50882889931,-19761.788372769995,40367.72045612931,79891.29720166931,547658.43722096,-55237.060350679996,495.79024087065767,0.49733106189664944,0.5447473806069292,0.6010994263862333,-0.0004775549188156638,0.23101376202654972,False
科创50ETF易方达,9月,2.35,1.966,501625.20229216,-17969.41945648,483655.78283568,519594.62174864,1982.0,71.0,2053.0,3156.0,0.0,3156.0,1e-06,-0.18230000000000002,0.6548,54445.571884098346,-6640.886714966911,47804.68516913144,61086.458599065256,501625.20229216,-17969.41945648,527.1246254852815,0.5002079002079002,0.5519264354985363,0.7961654894046418,-0.007699950322901143,0.22258044087200096,False
科创50ETF易方达,9月,2.4,1.966,847858.0691570401,-47955.22240135999,799902.8467556802,895813.2915584,3483.0,197.0,3680.0,4028.0,9.0,4037.0,1e-06,-0.20889999999999997,0.6298,43857.98707791148,-20482.684699052512,23375.302378858967,64340.671776963994,845667.2214331201,-45764.37467743999,435.81020979740225,0.480911815100365,0.5468972201459761,0.6010797914744713,-0.013026170134256764,0.30149774692485687,False
科创50ETF易方达,9月,2.45,1.966,2269804.20305056,-99487.41477136,2170316.7882792,2369291.6178219197,9742.0,427.0,10169.0,11361.0,2.0,11363.0,1e-06,-0.2339,0.6028,49665.58141031908,-39005.095002446345,10660.486407872733,88670.67641276543,2269338.2198432,-99021.431564,400.7178242847037,0.5089339372935489,0.48735445232032004,0.5854357409454319,-0.026874163929055683,0.5159933625624163,False
