underlying,contract_month,strike,underlying_price,call_gex,put_gex,net_gex,total_abs_gex,call_oi,put_oi,total_oi,call_volume,put_volume,total_volume,avg_iv,avg_delta,avg_gamma,price_wall_score,in_price_range
上证50ETF华夏,12月,2.7,3.011,379718.34038962,-2394614.86624743,-2014896.52585781,2774333.20663705,722.0,4791.0,5513.0,137.0,1817.0,1954.0,0.0012355,0.3258,0.5657,0.40314178496992753,False
上证50ETF华夏,12月,2.75,3.011,272008.10852670006,-1962960.9797256798,-1690952.8711989797,2234969.08825238,455.0,3608.0,4063.0,22.0,307.0,329.0,0.0012455,0.29205000000000003,0.62975,0.3107036358648165,False
上证50ETF华夏,12月,2.8,3.011,980481.40332864,-5135018.387025611,-4154536.9836969706,6115499.790354251,1472.0,8821.0,10293.0,111.0,847.0,958.0,0.0012590000000000001,0.25539999999999996,0.6884,0.5106470441546412,False
上证50ETF华夏,12月,2.85,3.011,794092.65359142,-2500022.39403756,-1705929.74044614,3294115.04762898,881.0,4078.0,4959.0,62.0,510.0,572.0,0.0017435,0.2949,0.8351999999999999,0.37470293210737665,False
上证50ETF华夏,12月,2.9,3.011,1810561.2989398802,-1372508.72553875,438052.57340113027,3183070.02447863,1693.0,2155.0,3848.0,150.0,271.0,421.0,0.0019425,0.21090000000000003,0.9410499999999999,0.3464372226185808,True
上证50ETF华夏,12月,2.95,3.011,1200643.4483374802,-975779.7129780401,224863.7353594401,2176423.1613155203,1036.0,1538.0,2574.0,55.0,332.0,387.0,0.00203,0.15565,0.98905,0.276638728096268,True
上证50ETF华夏,12月,3.0,3.011,6635942.55156708,-1581655.5241938,5054287.02737328,8217598.0757608805,5484.0,2420.0,7904.0,1064.0,619.0,1683.0,0.0020455,0.10285000000000002,1.0278,0.5440733914198771,True
上证50ETF华夏,12月,3.1,3.011,5219123.612946881,-1098103.89726449,4121019.715682391,6317227.510211371,4849.0,1711.0,6560.0,922.0,249.0,1171.0,0.0022264999999999997,0.004349999999999993,0.94755,0.48703093027957345,True
上证50ETF华夏,12月,3.2,3.011,6062126.720076361,-1618410.1226950602,4443716.5973813,7680536.842771421,6102.0,2699.0,8801.0,1065.0,51.0,1116.0,0.00235,-0.07844999999999999,0.8786,0.5248275761029447,False
上证50ETF华夏,12月,3.3,3.011,3680009.2296438003,-1149391.7597123801,2530617.46993142,4829400.989356181,4309.0,2078.0,6387.0,1125.0,68.0,1193.0,0.0024935,-0.1451,0.7760499999999999,0.45410596091907046,False
上证50ETF华夏,12月,3.4,3.011,2221736.90333046,-689759.0984949501,1531977.80483551,2911496.0018254104,3086.0,1343.0,4429.0,294.0,20.0,314.0,0.0025965,-0.20155,0.6803,0.3375242324738919,False
上证50ETF华夏,12月,3.5,3.011,4082955.3346802606,-418939.1051253001,3664016.2295549605,4501894.439805561,6862.0,905.0,7767.0,988.0,7.0,995.0,0.0027635000000000003,-0.24214999999999998,0.58345,0.45530207905970904,False
上证50ETF华夏,7月,2.7,3.011,166041.01974845002,-2978077.14114336,-2812036.12139491,3144118.1608918104,737.0,16008.0,16745.0,243.0,1811.0,2054.0,0.0014835,0.48650000000000004,0.22685,0.5025762810330128,False
上证50ETF华夏,7月,2.75,3.011,474129.20737400994,-2709992.66846304,-2235863.4610890304,3184121.87583705,1191.0,12092.0,13283.0,856.0,2550.0,3406.0,0.0027080000000000003,0.48014999999999997,0.34315,0.5051378306025116,False
上证50ETF华夏,7月,2.8,3.011,1967232.7546184603,-14468792.946974803,-12501560.192356342,16436025.701593263,2443.0,27304.0,29747.0,1722.0,13392.0,15114.0,0.001213,0.448,0.7363500000000001,0.7800073037570313,False
上证50ETF华夏,7月,2.85,3.011,2582304.5136869405,-44412599.68706172,-41830295.17337478,46994904.20074866,2793.0,43556.0,46349.0,2286.0,16290.0,18576.0,0.0021995,0.4408,1.07225,0.8726748115861489,False
上证50ETF华夏,7月,2.9,3.011,14620927.534382561,-50128328.87192098,-35507401.33753842,64749256.40630354,8656.0,27333.0,35989.0,14314.0,39054.0,53368.0,0.0019965,0.38380000000000003,1.943,0.9083006323654053,True
上证50ETF华夏,7月,2.95,3.011,55592211.55077818,-109603555.24195501,-54011343.69117683,165195766.7927332,19128.0,39540.0,58668.0,45302.0,75489.0,120791.0,0.002068,0.24270000000000003,3.1316,0.9550232331611227,True
上证50ETF华夏,7月,3.0,3.011,352836274.043199,-220698248.49612167,132138025.54707733,573534522.5393207,99428.0,68955.0,168383.0,172801.0,150505.0,323306.0,0.00213,0.062299999999999994,3.72225,0.9961393984443442,True
上证50ETF华夏,7月,3.1,3.011,443930802.56019753,-109821868.88621438,334108933.67398316,553752671.4464118,179863.0,47459.0,227322.0,153789.0,99051.0,252840.0,0.0024070000000000003,-0.2525,2.6374,0.9934140432638673,True
上证50ETF华夏,7月,3.2,3.011,127095877.23977216,-8276975.547315861,118818901.69245629,135372852.787088,120789.0,6853.0,127642.0,33358.0,6799.0,40157.0,0.0027345,-0.40255,1.2464,0.9557124894648903,False
上证50ETF华夏,7月,3.3,3.011,35721638.037845284,-1282704.17331204,34438933.864533246,37004342.21115732,83548.0,1948.0,85496.0,13352.0,580.0,13932.0,0.0032119999999999996,-0.452,0.59895,0.8713882412147502,False
上证50ETF华夏,7月,3.4,3.011,11539007.76859488,-501153.7728344401,11037853.995760439,12040161.54142932,54114.0,1089.0,55203.0,6549.0,179.0,6728.0,0.0039,-0.46415,0.3714,0.7523504757640592,False
上证50ETF华夏,7月,3.5,3.011,7504474.4048532015,-132289.02986118002,7372185.374992021,7636763.434714382,55929.0,314.0,56243.0,5392.0,28.0,5420.0,0.0049394999999999994,-0.45794999999999997,0.30635,0.6986293387116315,False
上证50ETF华夏,8月,2.8,3.011,1915709.1730245699,-18702594.210623883,-16786885.037599314,20618303.38364845,2167.0,20939.0,23106.0,1197.0,13480.0,14677.0,0.0011685,0.33249999999999996,0.98015,0.7732475340351659,False
上证50ETF华夏,8月,2.85,3.011,1452945.2549361603,-22560851.357314162,-21107906.102378003,24013796.61225032,1682.0,20641.0,22323.0,1701.0,14593.0,16294.0,0.001682,0.36660000000000004,1.0792,0.7891325597114608,False
上证50ETF华夏,8月,2.9,3.011,4523123.1247719005,-24281953.251253802,-19758830.1264819,28805076.376025703,2774.0,19366.0,22140.0,4037.0,30192.0,34229.0,0.0018540000000000002,0.26695,1.5907499999999999,0.8164990527365024,True
上证50ETF华夏,8月,2.95,3.011,14623022.1709784,-17372567.061560884,-2749544.8905824833,31995589.232539285,7576.0,12696.0,20272.0,9153.0,20875.0,30028.0,0.0019545,0.16574999999999998,1.81915,0.8203752856951743,True
上证50ETF华夏,8月,3.0,3.011,43355470.57696278,-34632538.88394162,8722931.693021156,77988009.46090439,21547.0,24107.0,45654.0,25663.0,29294.0,54957.0,0.0020125,0.06729999999999997,1.902,0.9237341139900891,True
上证50ETF华夏,8月,3.1,3.011,71690364.77205303,-22933695.946084,48756668.82596903,94624060.71813703,39951.0,17200.0,57151.0,40014.0,19467.0,59481.0,0.00215,-0.11129999999999998,1.725,0.9386703802270516,True
上证50ETF华夏,8月,3.2,3.011,37794147.13348301,-4898926.170146461,32895220.963336546,42693073.303629465,28730.0,4582.0,33312.0,21790.0,4377.0,26167.0,0.0023439999999999997,-0.24259999999999998,1.31515,0.8648050032932088,False
上证50ETF华夏,8月,3.3,3.011,22274661.840996843,-1724588.90539866,20550072.935598183,23999250.746395502,26444.0,2031.0,28475.0,11145.0,766.0,11911.0,0.0025125,-0.32935000000000003,0.93285,0.794235742643137,False
上证50ETF华夏,8月,3.4,3.011,7071077.375246781,-565584.5189124001,6505492.856334381,7636661.894159181,13846.0,860.0,14706.0,8108.0,52.0,8160.0,0.0028985,-0.3667,0.64435,0.6335753632371911,False
上证50ETF华夏,8月,3.5,3.011,4994161.963480641,-1789651.5601103199,3204510.4033703213,6783813.5235909615,14864.0,3356.0,18220.0,3296.0,123.0,3419.0,0.0030405,-0.40395000000000003,0.47939999999999994,0.610672147480281,False
上证50ETF华夏,9月,2.65,3.011,864742.3053693301,-16454004.363503518,-15589262.058134187,17318746.66887285,2011.0,34808.0,36819.0,549.0,73486.0,74035.0,0.001242,0.41375,0.49785,0.8366862973786686,False
上证50ETF华夏,9月,2.7,3.011,634510.6104270001,-16097177.615994062,-15462667.005567063,16731688.226421062,1138.0,27834.0,28972.0,351.0,13176.0,13527.0,0.0012345,0.38280000000000003,0.62645,0.7757914552382676,False
上证50ETF华夏,9月,2.75,3.011,792177.52619138,-6440511.434066881,-5648333.907875502,7232688.960258261,1141.0,9367.0,10508.0,92.0,6069.0,6161.0,0.0012350000000000002,0.3444,0.7621,0.5845105986516295,False
上证50ETF华夏,9月,2.8,3.011,1718720.40527536,-10178514.101233803,-8459793.695958443,11897234.506509162,2066.0,12729.0,14795.0,233.0,7651.0,7884.0,0.0012135000000000002,0.30125,0.8997999999999999,0.6776745299691965,False
上证50ETF华夏,9月,2.85,3.011,3142653.6197054703,-15094257.381868005,-11951603.762162535,18236911.001573473,3159.0,16975.0,20134.0,541.0,10567.0,11108.0,0.0017705,0.3251,1.03905,0.7485328504750279,False
上证50ETF华夏,9月,2.9,3.011,6702628.223260161,-14788239.533634003,-8085611.310373843,21490867.756894164,4744.0,15316.0,20060.0,2454.0,12900.0,15354.0,0.0019515,0.2303,1.3117,0.7693275044164709,True
上证50ETF华夏,9月,2.95,3.011,12948696.203048583,-8714960.940760382,4233735.262288202,21663657.143808965,8346.0,8622.0,16968.0,2962.0,8829.0,11791.0,0.0020429999999999997,0.1504,1.4131,0.7431632367732283,True
上证50ETF华夏,9月,3.0,3.011,24139077.25859487,-11284529.548988944,12854547.709605927,35423606.80758382,15411.0,11014.0,26425.0,11576.0,12418.0,23994.0,0.002132,0.07405,1.4289,0.8372884613841184,True
上证50ETF华夏,9月,3.1,3.011,34828256.12822058,-11112867.08091444,23715389.047306143,45941123.20913502,24126.0,11229.0,35355.0,14550.0,3194.0,17744.0,0.00226,-0.06209999999999999,1.34195,0.8609752335699186,True
上证50ETF华夏,9月,3.2,3.011,27408102.269662406,-8941298.646072,18466803.623590406,36349400.91573441,22880.0,10400.0,33280.0,12578.0,1954.0,14532.0,0.002438,-0.17049999999999998,1.1348,0.8402920771463284,False
上证50ETF华夏,9月,3.3,3.011,25942261.364215843,-4057949.5223829015,21884311.841832943,30000210.886598743,28546.0,5430.0,33976.0,10989.0,387.0,11376.0,0.002595,-0.251,0.91335,0.8219243629579962,False
上证50ETF华夏,9月,3.4,3.011,10169971.820705181,-1655673.8745516802,8514297.946153501,11825645.69525686,15202.0,2636.0,17838.0,4488.0,605.0,5093.0,0.0028225,-0.3036,0.7153499999999999,0.676971394651206,False
上证50ETF华夏,9月,3.5,3.011,14139699.64492676,-1100428.0880440501,13039271.55688271,15240127.732970811,28481.0,2059.0,30540.0,9165.0,199.0,9364.0,0.0030805,-0.33685,0.56855,0.761428907557502,False
上证50ETF华夏,9月,3.6,3.011,29013366.879552305,-1269030.286975,27744336.592577305,30282397.166527305,76377.0,2750.0,79127.0,99462.0,22.0,99484.0,0.0033654999999999996,-0.3579,0.46399999999999997,0.8991567875550572,False
中证500ETF南方,12月,7.0,8.292,2513586.8029535995,-4301295.6065601595,-1787708.80360656,6814882.4095137585,2865.0,4693.0,7558.0,373.0,916.0,1289.0,0.0017640000000000002,0.31265000000000004,0.13045,0.504692912622618,False
中证500ETF南方,12月,7.25,8.292,2220024.91401504,-5489639.08900704,-3269614.1749919998,7709664.003022079,2277.0,5298.0,7575.0,168.0,734.0,902.0,0.0017725,0.27195,0.14625,0.512420461613401,False
中证500ETF南方,12月,7.5,8.292,1123913.1130703997,-4579038.51177024,-3455125.3986998405,5702951.6248406395,1058.0,4046.0,5104.0,205.0,712.0,917.0,0.0017989999999999998,0.22784999999999997,0.15955,0.4439129386178097,False
中证500ETF南方,12月,7.75,8.292,3177080.6491007996,-4001383.9842911996,-824303.3351904,7178464.633391999,1481.0,3316.0,4797.0,559.0,1222.0,1781.0,0.002396,0.28274999999999995,0.24375,0.4850485368954538,False
中证500ETF南方,12月,8.0,8.292,5025864.46760064,-3526813.097291519,1499051.370309121,8552677.564892158,1912.0,2806.0,4718.0,563.0,934.0,1497.0,0.0026404999999999996,0.17804999999999999,0.28254999999999997,0.501477602120457,True
中证500ETF南方,12月,8.25,8.292,7797286.197545759,-3011470.52788512,4785815.669660639,10808756.72543088,2913.0,2326.0,5239.0,543.0,739.0,1282.0,0.002746,0.09829999999999997,0.2888,0.524921777685879,True
中证500ETF南方,12月,8.5,8.292,10379122.148318399,-2950115.6709273597,7429006.477391039,13329237.81924576,4047.0,2292.0,6339.0,1026.0,455.0,1481.0,0.0028675000000000003,0.02770000000000003,0.2801,0.5674285299628328,True
中证500ETF南方,12月,8.75,8.292,8134225.669196639,-3255381.4213439994,4878844.24785264,11389607.090540638,3383.0,2600.0,5983.0,1955.0,609.0,2564.0,0.0029805000000000005,-0.03470000000000001,0.2659,0.5676618932988986,False
中证500ETF南方,12月,9.0,8.292,6926331.746304001,-1038450.58420896,5887881.162095041,7964782.33051296,3200.0,867.0,4067.0,419.0,138.0,557.0,0.0031215,-0.08739999999999998,0.2445,0.4551176769441341,False
中证500ETF南方,12月,9.25,8.292,2203844.95465056,-581271.8471380799,1622573.10751248,2785116.8017886397,1131.0,497.0,1628.0,382.0,39.0,421.0,0.0031755000000000004,-0.13699999999999998,0.22675,0.2796176192672726,False
中证500ETF南方,12月,9.5,8.292,3495861.3273292794,-1468583.6514854399,2027277.6758438395,4964444.978814719,2037.0,1204.0,3241.0,312.0,8.0,320.0,0.0030619999999999996,-0.1889,0.2135,0.36979272208714165,False
中证500ETF南方,12月,9.75,8.292,5038642.317542398,-2323576.1038896,2715066.2136527984,7362218.421431998,3360.0,2099.0,5459.0,373.0,3.0,376.0,0.0032549999999999996,-0.21919999999999998,0.18955,0.4520005667006902,False
中证500ETF南方,12月,10.0,8.292,6918839.267245919,-4102704.0009489604,2816135.266296959,11021543.26819488,5327.0,3949.0,9276.0,965.0,14.0,979.0,0.0033625,-0.24914999999999998,0.17,0.5632199700042327,False
中证500ETF南方,12月,10.5,8.292,2368689.1199452793,-950569.1747999999,1418119.9451452794,3319258.2947452795,2466.0,1106.0,3572.0,1413.0,29.0,1442.0,0.0038605,-0.27775,0.13235,0.3795037816692629,False
中证500ETF南方,7月,7.0,8.292,219943.48637376,-5779921.256452799,-5559977.770079039,5999864.742826559,1748.0,12834.0,14582.0,329.0,8530.0,8859.0,0.0025230000000000005,0.48915000000000003,0.0419,0.6087848283117263,False
中证500ETF南方,7月,7.25,8.292,507837.7140408,-7746710.416865277,-7238872.702824477,8254548.130906077,1033.0,9696.0,10729.0,506.0,12605.0,13111.0,0.0022584999999999997,0.47655,0.09384999999999999,0.6372287234474512,False
中证500ETF南方,7月,7.5,8.292,990276.4947599997,-27907657.610843517,-26917381.116083518,28897934.105603516,823.0,18483.0,19306.0,1405.0,24673.0,26078.0,0.0038295,0.44875000000000004,0.19729999999999998,0.806093764625501,False
中证500ETF南方,7月,7.75,8.292,7525972.096519679,-69795918.10571039,-62269946.00919071,77321890.20223007,2908.0,25170.0,28078.0,4399.0,72530.0,76929.0,0.0034445,0.3921,0.38985000000000003,0.9003034042740525,False
中证500ETF南方,7月,8.0,8.292,35933314.18503887,-193735491.8272531,-157802177.64221424,229668806.01229197,7393.0,42036.0,49429.0,11746.0,152397.0,164143.0,0.0032795,0.26165000000000005,0.6886,0.954510817344052,True
中证500ETF南方,7月,8.25,8.292,147083806.46574718,-327258714.9702916,-180174908.50454444,474342521.4360388,22520.0,51361.0,73881.0,79117.0,279180.0,358297.0,0.0030635,0.05955000000000002,0.9382999999999999,0.9746131352415311,True
中证500ETF南方,7月,8.5,8.292,326217415.77263516,-241602402.69871193,84615013.07392323,567819818.4713471,54597.0,41525.0,96122.0,213588.0,261576.0,475164.0,0.003083,-0.16859999999999997,0.8575999999999999,0.9893933154013461,True
中证500ETF南方,7月,8.75,8.292,355009636.959984,-158336453.89940828,196673183.06057572,513346090.8593923,90583.0,40643.0,131226.0,213160.0,133746.0,346906.0,0.0032825,-0.3266,0.5683,0.9920357692946434,False
中证500ETF南方,7月,9.0,8.292,217273018.18425548,-80213877.79459919,137059140.3896563,297486895.97885466,99779.0,32909.0,132688.0,138363.0,41838.0,180201.0,0.0036365,-0.40505,0.3356,0.9834624647581081,False
中证500ETF南方,7月,9.25,8.292,84469991.62783967,-12891979.436700959,71578012.19113871,97361971.06454062,73874.0,9241.0,83115.0,60345.0,6273.0,66618.0,0.003814,-0.45335,0.1846,0.9493049392051686,False
中证500ETF南方,7月,9.5,8.292,34158571.62627744,-2330343.1938124797,31828228.43246496,36488914.82008992,48421.0,1848.0,50269.0,25950.0,1482.0,27432.0,0.0047174999999999995,-0.45245,0.14300000000000002,0.8767323384260728,False
中证500ETF南方,7月,9.75,8.292,10850751.59956416,-243266.63789520002,10607484.961668959,11094018.23745936,28486.0,309.0,28795.0,9221.0,132.0,9353.0,0.004822,-0.47419999999999995,0.08495,0.7295548395825782,False
中证500ETF南方,7月,10.0,8.292,4791743.23339008,-24807.6208512,4766935.61253888,4816550.85424128,17336.0,328.0,17664.0,4139.0,176.0,4315.0,0.0023685000000000004,-0.4942,0.025599999999999998,0.575402347754575,False
中证500ETF南方,7月,10.5,8.292,62364.213593279994,-1875.01058928,60489.203003999995,64239.22418255999,10078.0,303.0,10381.0,2937.0,57.0,2994.0,1e-06,-0.4999,0.0009,0.25839598083693993,False
中证500ETF南方,8月,7.5,8.292,720097.5761625598,-13737783.855916798,-13017686.279754238,14457881.432079358,412.0,7860.0,8272.0,507.0,20933.0,21440.0,1e-06,0.31799999999999995,0.2542,0.6873386846569718,False
中证500ETF南方,8月,7.75,8.292,978797.4695351999,-24763361.800363198,-23784564.330827996,25742159.2698984,457.0,11562.0,12019.0,457.0,18521.0,18978.0,1e-06,0.2409,0.3115,0.7509339828601179,False
中证500ETF南方,8月,8.0,8.292,6338649.6594432,-27398195.850227043,-21059546.190783843,33736845.50967024,1940.0,10489.0,12429.0,2682.0,21222.0,23904.0,0.002921,0.17784999999999998,0.42755,0.7752388235230985,True
中证500ETF南方,8月,8.25,8.292,24667614.559952635,-34027878.50643887,-9360263.946486238,58695493.06639151,6894.0,12253.0,19147.0,12087.0,25351.0,37438.0,0.0029769999999999996,0.061850000000000016,0.46214999999999995,0.8495065624585796,True
中证500ETF南方,8月,8.5,8.292,47689460.74938239,-30183976.847185913,17505483.902196478,77873437.5965683,13364.0,10802.0,24166.0,25065.0,21736.0,46801.0,0.0029795,-0.05345,0.4627,0.882629539880166,True
中证500ETF南方,8月,8.75,8.292,48065081.68261439,-24207529.453332476,23857552.229281917,72272611.13594687,15220.0,9444.0,24664.0,24883.0,10773.0,35656.0,0.0030759999999999997,-0.15510000000000002,0.41605000000000003,0.8738436786563462,False
中证500ETF南方,8月,9.0,8.292,48134844.86538672,-14312395.186891198,33822449.67849552,62447240.052277915,18389.0,6327.0,24716.0,21099.0,2874.0,23973.0,0.0031479999999999998,-0.241,0.35485,0.8597914284537886,False
中证500ETF南方,8月,9.25,8.292,31658704.647782397,-3436763.0837759995,28221941.564006396,35095467.7315584,15640.0,1775.0,17415.0,11903.0,414.0,12317.0,0.0032545,-0.30585,0.28800000000000003,0.7817232378769007,False
中证500ETF南方,8月,9.5,8.292,16105042.824770877,-1049263.3515455998,15055779.473225277,17154306.176316477,10642.0,648.0,11290.0,10125.0,112.0,10237.0,0.0035080000000000003,-0.34409999999999996,0.2278,0.6913118142680635,False
中证500ETF南方,8月,9.75,8.292,5883042.713427359,-287603.38444032,5595439.32898704,6170646.097867679,5351.0,208.0,5559.0,5163.0,27.0,5190.0,0.0036705,-0.37670000000000003,0.1805,0.5213977463805217,False
中证500ETF南方,8月,10.0,8.292,6845364.567362879,-214151.37445439998,6631213.19290848,7059515.941817279,8502.0,179.0,8681.0,7041.0,163.0,7204.0,0.003916,-0.39545,0.14554999999999998,0.5719552399060625,False
中证500ETF南方,8月,10.5,8.292,3151354.43120256,-531488.15013888,2619866.28106368,3682842.5813414403,5787.0,976.0,6763.0,3521.0,933.0,4454.0,1e-06,-0.46220000000000006,0.0792,0.47791313741183383,False
中证500ETF南方,9月,6.5,8.292,3552103.394136,-45992158.12191887,-42440054.727782875,49544261.51605487,7575.0,79537.0,87112.0,132.0,221513.0,221645.0,0.0019334999999999999,0.44995,0.07615,0.9321359919240046,False
中证500ETF南方,9月,6.75,8.292,1651521.9783744,-59091470.962776,-57439948.9844016,60742992.9411504,2332.0,76055.0,78387.0,18.0,37631.0,37649.0,0.0018735,0.42415,0.108,0.918371788848453,False
中证500ETF南方,9月,7.0,8.292,1178869.41904032,-23327063.809761595,-22148194.390721276,24505933.228801914,1189.0,22970.0,24159.0,46.0,4642.0,4688.0,0.0018155,0.3891,0.14595,0.749836804638236,False
中证500ETF南方,9月,7.25,8.292,873183.56174064,-12840888.66411312,-11967705.102372479,13714072.22585376,673.0,9971.0,10644.0,79.0,3528.0,3607.0,0.0017670000000000001,0.34335,0.188,0.6410641350078319,False
中证500ETF南方,9月,7.5,8.292,4896995.477976,-22791886.144836474,-17894890.666860476,27688881.622812472,3825.0,14526.0,18351.0,517.0,6364.0,6881.0,0.0025039999999999997,0.36560000000000004,0.2072,0.750796363351595,False
中证500ETF南方,9月,7.75,8.292,8397242.143603198,-20179397.5182,-11782155.3745968,28576639.661803197,3370.0,11075.0,14445.0,1093.0,8592.0,9685.0,0.0026745000000000002,0.27190000000000003,0.3137,0.7454215565952007,False
中证500ETF南方,9月,8.0,8.292,12527628.5066112,-22841312.99163552,-10313684.48502432,35368941.49824672,4265.0,11369.0,15634.0,2341.0,8001.0,10342.0,0.0028305,0.16779999999999998,0.3597,0.7673146579344199,True
中证500ETF南方,9月,8.25,8.292,25153689.9123648,-33590660.0031072,-8436970.090742398,58744349.915472,8058.0,16044.0,24102.0,2521.0,8768.0,11289.0,0.0029065000000000002,0.07055000000000003,0.37925,0.8248037087100514,True
中证500ETF南方,9月,8.5,8.292,30363372.7998336,-29017551.11778431,1345821.6820492893,59380923.91761791,9946.0,13993.0,23939.0,5271.0,7843.0,13114.0,0.0029895,-0.02225000000000002,0.3728,0.834526016348695,True
中证500ETF南方,9月,8.75,8.292,27322621.30350144,-15526614.090499198,11796007.21300224,42849235.394000635,9754.0,7860.0,17614.0,6099.0,5906.0,12005.0,0.003082,-0.10550000000000001,0.34735,0.7924429337438894,False
中证500ETF南方,9月,9.0,8.292,29185234.958082236,-8134377.62275008,21050857.335332155,37319612.58083232,11994.0,4461.0,16455.0,10417.0,2456.0,12873.0,0.0032025000000000005,-0.17535,0.30955,0.7855128902442806,False
中证500ETF南方,9月,9.25,8.292,17928585.16408368,-4160107.3779446394,13768477.78613904,22088692.54202832,8753.0,2554.0,11307.0,6776.0,846.0,7622.0,0.0033685,-0.23045000000000002,0.26739999999999997,0.6968394587711595,False
中证500ETF南方,9月,9.5,8.292,15449348.115079198,-3160683.41678208,12288664.698297117,18610031.53186128,9205.0,1978.0,11183.0,4056.0,79.0,4135.0,0.0031725,-0.29779999999999995,0.23825000000000002,0.6667610063669651,False
中证500ETF南方,9月,9.75,8.292,21085783.2751536,-2711924.0066879992,18373859.2684656,23797707.2818416,15567.0,1924.0,17491.0,3525.0,74.0,3599.0,0.0031815,-0.34355,0.201,0.7135192010759762,False
中证500ETF南方,9月,10.0,8.292,16259654.534037115,-881222.6610475199,15378431.872989595,17140877.195084635,14986.0,737.0,15723.0,4473.0,14.0,4487.0,0.0037920000000000002,-0.3385,0.16585,0.6893514967086197,False
中证500ETF南方,9月,10.5,8.292,2659699.4268167997,-101201.75416367999,2558497.6726531195,2760901.18098048,3849.0,103.0,3952.0,6466.0,14.0,6480.0,0.0041505,-0.37345,0.1217,0.4111770871508537,False
中证500ETF嘉实,12月,2.9,3.304,259910.91349887996,-207553.2715872,52357.641911679966,467464.18508608,586.0,501.0,1087.0,128.0,442.0,570.0,0.0017975,0.28175,0.3929,0.12721484372087516,False
中证500ETF嘉实,12月,2.95,3.304,397641.6967084799,-209158.53055999998,188483.1661484799,606800.2272684799,843.0,479.0,1322.0,15.0,170.0,185.0,0.0017920000000000002,0.25915,0.41605000000000003,0.12874287569660423,False
中证500ETF嘉实,12月,3.0,3.304,479685.7677830399,-607256.6426214399,-127570.87483839999,1086942.4104044798,963.0,1327.0,2290.0,742.0,1238.0,1980.0,0.0017875,0.2356,0.43775,0.2504104032816496,False
中证500ETF嘉实,12月,3.1,3.304,491591.53856511996,-318854.2108550399,172737.32771008008,810445.7494201598,544.0,653.0,1197.0,201.0,279.0,480.0,0.0024965000000000005,0.25470000000000004,0.63755,0.15964483329534906,False
中证500ETF嘉实,12月,3.2,3.304,1783335.7379039994,-1061976.4578483198,721359.2800556796,2845312.195752319,1675.0,2113.0,3788.0,1709.0,1642.0,3351.0,0.002647,0.16849999999999998,0.71785,0.39763768373903347,True
中证500ETF嘉实,12月,3.3,3.304,1488201.8073753598,-552797.4814656,935404.3259097598,2040999.2888409598,1386.0,1074.0,2460.0,637.0,299.0,936.0,0.002758,0.08905000000000002,0.72755,0.2894791587071094,True
中证500ETF嘉实,12月,3.4,3.304,1203337.7135270396,-419822.5440505599,783515.1694764798,1623160.2575775995,1183.0,731.0,1914.0,250.0,11.0,261.0,0.0026734999999999997,0.015399999999999997,0.72895,0.2213970577724593,True
中证500ETF嘉实,12月,3.5,3.304,1321223.7624185598,-298458.6341856,1022765.1282329598,1619682.3966041598,1391.0,565.0,1956.0,276.0,8.0,284.0,0.0028735,-0.04615,0.677,0.2221491828050673,False
中证500ETF嘉实,12月,3.6,3.304,1302014.5818399996,-522995.8841139199,779018.6977260797,1825010.4659539196,1505.0,896.0,2401.0,379.0,1.0,380.0,0.0027075,-0.11335000000000003,0.6636,0.2533260826070378,False
中证500ETF嘉实,12月,3.7,3.304,660907.6615007998,-345494.08664064,315413.57486015983,1006401.7481414399,855.0,778.0,1633.0,95.0,10.0,105.0,0.0032645,-0.14160000000000003,0.55745,0.1660003841483184,False
中证500ETF嘉实,12月,3.8,3.304,888191.04503808,-314032.21157951996,574158.83345856,1202223.2566175999,1314.0,747.0,2061.0,134.0,11.0,145.0,0.0033945,-0.17964999999999998,0.50215,0.19263478469909084,False
中证500ETF嘉实,12月,3.9,3.304,751076.8210041601,-297936.28367999993,453140.53732416016,1049013.10468416,1281.0,750.0,2031.0,414.0,10.0,424.0,0.0035240000000000002,-0.2116,0.4505,0.19541177836071486,False
中证500ETF嘉实,12月,4.0,3.304,836161.8780838399,-254762.95004159995,581398.92804224,1090924.8281254398,1654.0,680.0,2334.0,513.0,11.0,524.0,0.0036615,-0.23785,0.40315,0.2095795663108431,False
中证500ETF嘉实,12月,4.1,3.304,354748.25997631997,-26237.824184319998,328510.435792,380986.08416063996,811.0,74.0,885.0,672.0,10.0,682.0,0.003813,-0.25754999999999995,0.36275,0.11429228591329685,False
中证500ETF嘉实,7月,2.9,3.304,198436.75425727997,-1412634.88257024,-1214198.12831296,1611071.6368275199,913.0,4196.0,5109.0,314.0,10251.0,10565.0,0.002219,0.47485000000000005,0.25375000000000003,0.3947861945576123,False
中证500ETF嘉实,7月,2.95,3.304,500949.9636735999,-1728728.0043263996,-1227778.0406528,2229677.9679999994,860.0,3784.0,4644.0,356.0,12057.0,12413.0,0.0046205,0.4376,0.47605,0.4345078727135066,False
中证500ETF嘉实,7月,3.0,3.304,650388.6030431999,-2939432.2245343993,-2289043.6214911994,3589820.8275775993,1095.0,4705.0,5800.0,401.0,12126.0,12527.0,0.0019685,0.4407,0.5582,0.498839373668701,False
中证500ETF嘉实,7月,3.1,3.304,1656603.4621427197,-6832999.052387198,-5176395.590244479,8489602.514529917,1393.0,5777.0,7170.0,2187.0,20920.0,23107.0,0.0018119999999999998,0.3621,1.08645,0.6288565767602567,False
中证500ETF嘉实,7月,3.2,3.304,10018756.492380157,-23467320.549953274,-13448564.057573117,33486077.04233343,4688.0,12177.0,16865.0,7388.0,35011.0,42399.0,0.0031445,0.24795,1.86155,0.8123059555906688,True
中证500ETF嘉实,7月,3.3,3.304,27797258.662691835,-28056640.34834304,-259381.68565120548,55853899.011034876,10168.0,11958.0,22126.0,15648.0,46355.0,62003.0,0.0031450000000000002,0.02920000000000003,2.3268000000000004,0.8625509860843708,True
中证500ETF嘉实,7月,3.4,3.304,43464484.71455103,-23829421.125269756,19635063.589281276,67293905.83982079,19067.0,11687.0,30754.0,32684.0,42495.0,75179.0,0.0033035,-0.1831,1.978,0.9026611994669129,True
中证500ETF嘉实,7月,3.5,3.304,38347441.13227776,-13374176.760680957,24973264.3715968,51721617.892958716,26448.0,9238.0,35686.0,31401.0,16370.0,47771.0,0.0034405,-0.3327,1.3272,0.8896033099917363,False
中证500ETF嘉实,7月,3.6,3.304,18638122.225573756,-5211354.102514559,13426768.123059196,23849476.328088313,24037.0,5299.0,29336.0,29279.0,6951.0,36230.0,0.004122000000000001,-0.3875,0.8056000000000001,0.8290510230555003,False
中证500ETF嘉实,7月,3.7,3.304,11908834.03757376,-1637489.6910399997,10271344.34653376,13546323.72861376,27611.0,3625.0,31236.0,14803.0,2205.0,17008.0,0.0018570000000000001,-0.46180000000000004,0.40445,0.7793238923110072,False
中证500ETF嘉实,7月,3.8,3.304,3339640.8073011194,-621003.6852902399,2718637.1220108797,3960644.492591359,14216.0,1077.0,15293.0,7604.0,287.0,7891.0,0.005287,-0.4344,0.37170000000000003,0.5619491461996124,False
中证500ETF嘉实,7月,3.9,3.304,962666.3282431999,-655705.0067993599,306961.32144383993,1618371.3350425598,9755.0,1537.0,11292.0,2289.0,203.0,2492.0,0.005341,-0.45855,0.24059999999999998,0.4092209606025482,False
中证500ETF嘉实,7月,4.0,3.304,708480.856608,-7238.893777919999,701241.96283008,715719.75038592,7350.0,307.0,7657.0,3013.0,5.0,3018.0,0.0023595,-0.49510000000000004,0.05495,0.32180053104503964,False
中证500ETF嘉实,7月,4.1,3.304,444726.27303551993,-11002.437358079998,433723.8356774399,455728.71039359993,6117.0,74.0,6191.0,3181.0,11.0,3192.0,0.0056115,-0.48745,0.10139999999999999,0.28132052207318897,False
中证500ETF嘉实,8月,3.0,3.304,130676.0493696,-885657.5632127998,-754981.5138431998,1016333.6125823999,213.0,1230.0,1443.0,259.0,1959.0,2218.0,0.0027445000000000004,0.3734,0.6108,0.2352441443263611,False
中证500ETF嘉实,8月,3.1,3.304,436984.02331583994,-2349043.30042368,-1912059.27710784,2786027.32373952,403.0,2614.0,3017.0,272.0,2811.0,3083.0,0.002876,0.27490000000000003,0.90825,0.3747361040198992,False
中证500ETF嘉实,8月,3.2,3.304,2002397.2044025597,-2169964.0808383995,-167566.8764358398,4172361.2852409594,1489.0,2090.0,3579.0,1412.0,2207.0,3619.0,0.0029324999999999998,0.1641,1.0915,0.433300682230127,True
中证500ETF嘉实,8月,3.3,3.304,5291434.637843199,-2919862.6930636796,2371571.9447795195,8211297.330906879,3542.0,2648.0,6190.0,3848.0,3647.0,7495.0,0.0029385,0.04720000000000002,1.1893,0.5697372475841849,True
中证500ETF嘉实,8月,3.4,3.304,5705805.087086719,-2813203.3047148795,2892601.78237184,8519008.3918016,4103.0,2511.0,6614.0,4301.0,2354.0,6655.0,0.0029814999999999998,-0.06789999999999999,1.1501000000000001,0.5778608827451963,True
中证500ETF嘉实,8月,3.5,3.304,6182942.09006208,-2786882.0791123193,3396060.0109497607,8969824.1691744,4974.0,2791.0,7765.0,4821.0,1436.0,6257.0,0.0030854999999999997,-0.1683,1.0267,0.5906700683588346,False
中证500ETF嘉实,8月,3.6,3.304,2384325.5935923196,-1744538.03129088,639787.5623014397,4128863.6248831996,2371.0,2027.0,4398.0,1763.0,1125.0,2888.0,0.0032565,-0.2446,0.8548,0.43834515894997433,False
中证500ETF嘉实,8月,3.7,3.304,3847175.9897625595,-595769.0797363198,3251406.9100262397,4442945.06949888,4956.0,804.0,5760.0,4816.0,108.0,4924.0,0.0033729999999999997,-0.3062,0.69495,0.4812899894291539,False
中证500ETF嘉实,8月,3.8,3.304,2198905.02795264,-248409.59592959998,1950495.4320230398,2447314.6238822397,3792.0,420.0,4212.0,2834.0,39.0,2873.0,0.002947,-0.3937,0.5365,0.38428029605967545,False
中证500ETF嘉实,8月,3.9,3.304,1166165.1337638397,-95505.21280831998,1070659.9209555197,1261670.3465721598,2774.0,197.0,2971.0,1354.0,1.0,1355.0,0.0014875,-0.41559999999999997,0.41459999999999997,0.2651838944452172,False
中证500ETF嘉实,8月,4.0,3.304,285118.99216191994,-70874.50338751999,214244.48877439997,355993.4955494399,911.0,181.0,1092.0,248.0,5.0,253.0,0.0033695,-0.4341,0.3227,0.09353106033151681,False
中证500ETF嘉实,8月,4.1,3.304,561992.8153190399,-2335.3488748799996,559657.4664441599,564328.1641939199,2448.0,9.0,2457.0,1526.0,1.0,1527.0,0.0016115,-0.4599,0.22399999999999998,0.19805378347151642,False
中证500ETF嘉实,9月,2.8,3.304,617193.2011212799,-7053693.5055551985,-6436500.304433919,7670886.7066764785,1574.0,17085.0,18659.0,111.0,20583.0,20694.0,0.0017435000000000003,0.3968,0.3687,0.6905263416091516,False
中证500ETF嘉实,9月,2.85,3.304,209591.47561855998,-2366127.0548070394,-2156535.5791884796,2575718.5304255993,454.0,5036.0,5490.0,9.0,829.0,838.0,0.0017285000000000002,0.37439999999999996,0.42665,0.3650177143236793,False
中证500ETF嘉实,9月,2.9,3.304,442792.75743359997,-2062900.0209484799,-1620107.2635148799,2505692.7783820797,830.0,3906.0,4736.0,27.0,1925.0,1952.0,0.0017250000000000002,0.34845,0.48625,0.3794445744357059,False
中证500ETF嘉实,9月,2.95,3.304,860913.5413939198,-905707.6353158398,-44794.093921919935,1766621.1767097595,1422.0,1539.0,2961.0,1.0,44.0,45.0,0.0016985000000000001,0.3208,0.5468500000000001,0.24223213775618535,False
中证500ETF嘉实,9月,3.0,3.304,670475.3543039998,-1013935.7126438399,-343460.3583398401,1684411.0669478397,1041.0,1574.0,2615.0,319.0,466.0,785.0,0.002578,0.3481,0.59005,0.2677019560410659,False
中证500ETF嘉实,9月,3.1,3.304,1772685.3549619196,-1915091.0933235195,-142405.73836159986,3687776.448285439,1779.0,2594.0,4373.0,723.0,1106.0,1829.0,0.0027784999999999997,0.25039999999999996,0.79455,0.41530824756324164,False
中证500ETF嘉实,9月,3.2,3.304,2357082.80415104,-2231790.51282432,125292.29132672027,4588873.31697536,2014.0,2796.0,4810.0,1999.0,2861.0,4860.0,0.0028775000000000003,0.15430000000000002,0.9016500000000001,0.4699304579466818,True
中证500ETF嘉实,9月,3.3,3.304,4222682.578911999,-1882138.5816576,2340543.9972543996,6104821.160569599,3425.0,2280.0,5705.0,1987.0,1250.0,3237.0,0.0029490000000000002,0.058249999999999996,0.9428,0.507233276808901,True
中证500ETF嘉实,9月,3.4,3.304,2432611.30317184,-1019561.5967935999,1413049.7063782401,3452172.89996544,2026.0,1255.0,3281.0,1204.0,1025.0,2229.0,0.0030299999999999997,-0.033049999999999996,0.92205,0.3961361002491764,True
中证500ETF嘉实,9月,3.5,3.304,2257363.30894592,-1129364.3671295997,1127998.9418163202,3386727.6760755195,2077.0,1460.0,3537.0,1051.0,1417.0,2468.0,0.003129,-0.11405000000000001,0.8521000000000001,0.4004946390437637,False
中证500ETF嘉实,9月,3.6,3.304,3263553.2786169597,-1394764.4912499196,1868788.78736704,4658317.769866879,3447.0,2021.0,5468.0,877.0,586.0,1463.0,0.0033160000000000004,-0.17915,0.7497499999999999,0.4419482020942138,False
中证500ETF嘉实,9月,3.7,3.304,2447263.8625478395,-758801.7136224001,1688462.1489254395,3206065.5761702396,3079.0,1215.0,4294.0,791.0,246.0,1037.0,0.0034549999999999997,-0.23410000000000003,0.6501,0.37921164207330676,False
中证500ETF嘉实,9月,3.8,3.304,2285630.8223571195,-576362.2028639999,1709268.6194931197,2861993.0252211196,3529.0,1025.0,4554.0,1593.0,221.0,1814.0,0.003621,-0.27595,0.5542,0.38936943138687896,False
中证500ETF嘉实,9月,3.9,3.304,5319646.80502528,-638586.2107206399,4681060.594304641,5958233.01574592,10244.0,1261.0,11505.0,1560.0,220.0,1780.0,0.003796,-0.30829999999999996,0.4698,0.536210079787829,False
中证500ETF嘉实,9月,4.0,3.304,2413907.11599744,-318899.07732479996,2095008.0386726402,2732806.1933222404,5853.0,680.0,6533.0,1927.0,160.0,2087.0,0.0037985000000000007,-0.34355,0.4037,0.41796467901295015,False
中证500ETF嘉实,9月,4.1,3.304,1152646.0258611199,-92870.86329919998,1059775.1625619198,1245516.88916032,3572.0,223.0,3795.0,3260.0,10.0,3270.0,0.0034639999999999996,-0.39599999999999996,0.33855,0.3156890098295714,False
创业板ETF易方达,12月,3.2,3.751,500783.6965923,-4169301.4883256,-3668517.7917333,4670085.1849179,1114.0,11280.0,12394.0,182.0,3604.0,3786.0,0.003449,0.33105,0.2911,0.5411839504361762,False
创业板ETF易方达,12月,3.3,3.751,405996.06965544,-1698614.9407260001,-1292618.87107056,2104611.01038144,732.0,4275.0,5007.0,98.0,718.0,816.0,0.0035814999999999996,0.28284999999999993,0.3383,0.3368489537265355,False
创业板ETF易方达,12月,3.4,3.751,231659.47106478,-1030003.70940566,-798344.23834088,1261663.18047044,369.0,2474.0,2843.0,39.0,300.0,339.0,0.0036665,0.23834999999999998,0.37105,0.22506023302211892,False
创业板ETF易方达,12月,3.5,3.751,1284024.9144597598,-912186.02343198,371838.8910277798,2196210.93789174,1912.0,2118.0,4030.0,489.0,330.0,819.0,0.0037670000000000004,0.1925,0.3917,0.32998992946326416,False
创业板ETF易方达,12月,3.6,3.751,646582.11215466,-1048158.7944959999,-401576.6823413399,1694740.90665066,939.0,2328.0,3267.0,178.0,401.0,579.0,0.0038225,0.14775000000000002,0.4047,0.27741714370979564,True
创业板ETF易方达,12月,3.7,3.751,1533008.91845585,-1383650.6519404799,149358.26651537023,2916659.57039633,2215.0,3024.0,5239.0,614.0,1072.0,1686.0,0.0039115,0.1049,0.40854999999999997,0.40061638257468274,True
创业板ETF易方达,12月,3.8,3.751,1108945.4198163,-961514.60273792,147430.81707838003,2070460.0225542202,1590.0,2104.0,3694.0,843.0,949.0,1792.0,0.0039865000000000005,0.06429999999999997,0.41025,0.3432967436294612,True
创业板ETF易方达,12月,3.9,3.751,2976712.02306445,-754765.3649435901,2221946.65812086,3731477.38800804,4315.0,1631.0,5946.0,1045.0,495.0,1540.0,0.004017,0.02485000000000001,0.4096,0.43311696041182746,True
创业板ETF易方达,12月,4.0,3.751,1486584.52805632,-553449.1173354,933135.4107209201,2040033.6453917199,2144.0,1230.0,3374.0,1029.0,416.0,1445.0,0.0040815,-0.012749999999999984,0.4063,0.324217452738098,False
创业板ETF易方达,12月,4.1,3.751,1387159.7101898799,-397695.47256549,989464.2376243898,1784855.18275537,2087.0,921.0,3008.0,1113.0,129.0,1242.0,0.0042305,-0.044899999999999995,0.38965,0.29657637843543594,False
创业板ETF易方达,12月,4.2,3.751,1266088.61788497,-362439.7082597501,903648.9096252199,1628528.3261447202,2001.0,835.0,2836.0,280.0,224.0,504.0,0.0042465,-0.07815,0.3791,0.25519854446301893,False
创业板ETF易方达,12月,4.3,3.751,1335033.5925851099,-209829.86451328,1125203.7280718298,1544863.45709839,2201.0,488.0,2689.0,750.0,41.0,791.0,0.004261000000000001,-0.11025000000000001,0.36834999999999996,0.25895621217315634,False
创业板ETF易方达,12月,4.4,3.751,1853327.54612192,-191527.60721248,1661799.93890944,2044855.1533344,3254.0,472.0,3726.0,1127.0,9.0,1136.0,0.004442,-0.13240000000000002,0.3466,0.3248606767801504,False
创业板ETF易方达,12月,4.5,3.751,2963926.8945557703,-1319915.09511059,1644011.7994451802,4283841.98966636,5473.0,3383.0,8856.0,1052.0,3.0,1055.0,0.0045225,-0.15755000000000002,0.3311,0.45841163835957227,False
创业板ETF易方达,12月,4.6,3.751,775232.4325982499,-179732.58467416998,595499.8479240799,954965.0172724199,1525.0,463.0,1988.0,636.0,24.0,660.0,0.004505,-0.1844,0.3186,0.196684882882728,False
创业板ETF易方达,12月,4.7,3.751,398642.2429327801,-120284.43854900001,278357.8043837801,518926.68148178014,838.0,332.0,1170.0,353.0,152.0,505.0,0.0047085,-0.19895000000000002,0.2978,0.13229950784469427,False
创业板ETF易方达,12月,4.8,3.751,1706731.0801028402,-465438.02498017,1241293.0551226703,2172169.10508301,3846.0,1307.0,5153.0,2842.0,919.0,3761.0,0.004716999999999999,-0.22105000000000002,0.28425,0.3968007126950975,False
创业板ETF易方达,7月,3.4,3.751,992216.75192002,-38794273.74053319,-37802056.988613166,39786490.49245321,1229.0,48381.0,49610.0,713.0,124394.0,125107.0,0.004675,0.4073,0.57185,0.9070627430222513,False
创业板ETF易方达,7月,3.5,3.751,3063870.7547591003,-53610512.41857069,-50546641.66381159,56674383.17332979,2483.0,43333.0,45816.0,3394.0,113589.0,116983.0,0.0042365,0.35155000000000003,0.87815,0.9152406832397689,False
创业板ETF易方达,7月,3.6,3.751,13409754.9470742,-100909826.5543843,-87500071.6073101,114319581.50145851,7670.0,60087.0,67757.0,18289.0,194620.0,212909.0,0.0043395,0.23420000000000002,1.2181,0.9544256804551804,True
创业板ETF易方达,7月,3.7,3.751,36985946.56000959,-103679913.29636326,-66693966.73635367,140665859.85637286,17979.0,53301.0,71280.0,80094.0,228150.0,308244.0,0.004391,0.09555000000000002,1.4223,0.9620205465448949,True
创业板ETF易方达,7月,3.8,3.751,85564056.91651136,-95664223.1741625,-10100166.25765115,181228280.09067386,40694.0,48750.0,89444.0,186020.0,241019.0,427039.0,0.0044195,-0.049449999999999994,1.44455,0.977211722426744,True
创业板ETF易方达,7月,3.9,3.751,124244525.31325604,-82188537.32800238,42055987.98525366,206433062.64125842,67739.0,48026.0,115765.0,181920.0,128608.0,310528.0,0.0045965,-0.1768,1.25995,0.9805357130899786,True
创业板ETF易方达,7月,4.0,3.751,129665673.76445441,-62891919.56993,66773754.19452441,192557593.3343844,89569.0,45380.0,134949.0,171148.0,68062.0,239210.0,0.004791,-0.27555,1.00695,0.9830213590549182,False
创业板ETF易方达,7月,4.1,3.751,90319741.87701313,-32171844.64375596,58147897.233257174,122491586.52076909,84833.0,29874.0,114707.0,105248.0,32599.0,137847.0,0.0051555,-0.3386,0.76105,0.9694633667871795,False
创业板ETF易方达,7月,4.2,3.751,68240616.380079,-25694686.4782036,42545929.90187541,93935302.8582826,89700.0,30641.0,120341.0,96655.0,14472.0,111127.0,0.0054085,-0.38615,0.5683499999999999,0.9633028843512202,False
创业板ETF易方达,7月,4.3,3.751,55948490.29463826,-19662749.0124945,36285741.28214376,75611239.30713277,104259.0,29390.0,133649.0,80068.0,7302.0,87370.0,0.005804,-0.41314999999999996,0.42845,0.9573690762550796,False
创业板ETF易方达,7月,4.4,3.751,28237355.1509192,-5563300.9074016,22674054.2435176,33800656.0583208,75790.0,10340.0,86130.0,50599.0,2210.0,52809.0,0.0061125,-0.43424999999999997,0.3236,0.9021560021619445,False
创业板ETF易方达,7月,4.5,3.751,19797072.216641277,-3078210.8997783,16718861.316862978,22875283.116419576,70848.0,6210.0,77058.0,68814.0,1776.0,70590.0,0.006961499999999999,-0.43285,0.27545,0.8725517050861684,False
创业板ETF易方达,7月,4.6,3.751,8154839.6180905495,-717121.78076814,7437717.837322409,8871961.398858689,40845.0,1842.0,42687.0,34092.0,416.0,34508.0,0.0069905,-0.4527,0.20929999999999999,0.7693525020763908,False
创业板ETF易方达,7月,4.7,3.751,6928340.043419301,-621155.79124753,6307184.252171771,7549495.8346668305,48610.0,1477.0,50087.0,39099.0,59.0,39158.0,0.008378,-0.4335,0.2001,0.7592997943531384,False
创业板ETF易方达,7月,4.8,3.751,8769550.22328,-434349.3728706,8335200.8504094,9203899.5961506,79500.0,1380.0,80880.0,49955.0,496.0,50451.0,0.007931,-0.46005,0.15105000000000002,0.8012105076746319,False
创业板ETF易方达,8月,3.5,3.751,1411737.75073672,-25674410.903262556,-24262673.152525835,27086148.653999276,1496.0,31543.0,33039.0,1412.0,38048.0,39460.0,0.0040805,0.2253,0.6246,0.84938225089449,False
创业板ETF易方达,8月,3.6,3.751,1161884.7834788698,-19120101.4349268,-17958216.65144793,20281986.21840567,1089.0,21560.0,22649.0,1131.0,17648.0,18779.0,0.0040615,0.15599999999999997,0.6942999999999999,0.7803284705573276,True
创业板ETF易方达,8月,3.7,3.751,4763789.140377739,-12514995.745480802,-7751206.6051030625,17278784.885858543,4282.0,13520.0,17802.0,6809.0,22579.0,29388.0,0.004129000000000001,0.08174999999999999,0.7242999999999999,0.7652019680323442,True
创业板ETF易方达,8月,3.8,3.751,12695296.054695321,-14061485.8353948,-1366189.7806994785,26756781.890090123,11503.0,14961.0,26464.0,18146.0,22431.0,40577.0,0.0041965,0.009149999999999991,0.7262,0.8326976242214513,True
创业板ETF易方达,8月,3.9,3.751,12906973.310339902,-12366061.126695538,540912.1836443637,25273034.43703544,11855.0,13509.0,25364.0,12769.0,16582.0,29351.0,0.004236,-0.060449999999999976,0.7121999999999999,0.8164867397119937,True
创业板ETF易方达,8月,4.0,3.751,17577924.785219368,-10597375.04838936,6980549.736830007,28175299.833608728,17121.0,12243.0,29364.0,13964.0,14546.0,28510.0,0.0043185,-0.12364999999999998,0.67245,0.8347889886441882,False
创业板ETF易方达,8月,4.1,3.751,15129512.878302898,-7760162.58283959,7369350.295463309,22889675.461142488,16290.0,9597.0,25887.0,19542.0,5127.0,24669.0,0.004429499999999999,-0.17825000000000002,0.6174,0.8065217654049104,False
创业板ETF易方达,8月,4.2,3.751,14904059.4032792,-5830419.313586559,9073640.089692641,20734478.71686576,17845.0,7616.0,25461.0,12980.0,2042.0,15022.0,0.0043885,-0.2338,0.5688500000000001,0.7818943842872748,False
创业板ETF易方达,8月,4.3,3.751,10165646.494605033,-2306350.3429196994,7859296.151685333,12471996.837524733,13897.0,3430.0,17327.0,9834.0,1146.0,10980.0,0.004658000000000001,-0.26635000000000003,0.4989,0.7087209824717904,False
创业板ETF易方达,8月,4.4,3.751,7824628.513421391,-967581.5871691201,6857046.926252271,8792210.100590512,12361.0,1552.0,13913.0,11154.0,733.0,11887.0,0.004593,-0.31025,0.4465,0.6585004379309826,False
创业板ETF易方达,8月,4.5,3.751,6948617.86956051,-427104.87005571,6521512.9995048,7375722.73961622,12791.0,773.0,13564.0,7662.0,272.0,7934.0,0.004941,-0.32615000000000005,0.38939999999999997,0.6195194337305209,False
创业板ETF易方达,8月,4.6,3.751,4296354.72295568,-182478.34536931998,4113876.3775863606,4478833.068325001,9242.0,364.0,9606.0,8566.0,167.0,8733.0,0.0051365000000000004,-0.3458,0.34335000000000004,0.5433162763533274,False
创业板ETF易方达,8月,4.7,3.751,3360908.1738704997,-355817.94368911994,3005090.2301813797,3716726.1175596197,8525.0,883.0,9408.0,7473.0,634.0,8107.0,0.004487,-0.40615,0.2833,0.5233551349811898,False
创业板ETF易方达,8月,4.8,3.751,7976867.75334152,-1213589.08245366,6763278.6708878605,9190456.83579518,23662.0,2878.0,26540.0,26589.0,1745.0,28334.0,0.0056685,-0.36869999999999997,0.26965,0.7422477477886065,False
创业板ETF易方达,9月,2.85,3.751,185655.21089511,-22508629.86496036,-22322974.65406525,22694285.07585547,773.0,92686.0,93459.0,79.0,65539.0,65618.0,0.0023025,0.4317,0.17165,0.8790127685031242,False
创业板ETF易方达,9月,2.9,3.751,426453.85110944,-22992634.94466015,-22566181.09355071,23419088.79576959,1568.0,84105.0,85673.0,71.0,15916.0,15987.0,0.0022925000000000003,0.42014999999999997,0.1938,0.8443119430615162,False
创业板ETF易方达,9月,2.95,3.751,535035.98842672,-4230771.49359447,-3695735.5051677506,4765807.48202119,1754.0,13787.0,15541.0,262.0,2234.0,2496.0,0.002304,0.4065,0.21744999999999998,0.5471113604136131,False
创业板ETF易方达,9月,3.0,3.751,1101133.19246106,-3875310.92793075,-2774177.73546969,4976444.12039181,3246.0,11405.0,14651.0,543.0,3822.0,4365.0,0.002288,0.3927,0.24130000000000001,0.5671093007631534,False
创业板ETF易方达,9月,3.1,3.751,317913.92379515996,-3318574.63626172,-3000660.7124665603,3636488.56005688,777.0,8108.0,8885.0,44.0,7065.0,7109.0,0.0022665,0.3609,0.29085,0.508279135921306,False
创业板ETF易方达,9月,3.2,3.751,276904.37328048,-4279065.787126901,-4002161.4138464206,4555970.16040738,711.0,8890.0,9601.0,16.0,6328.0,6344.0,0.003465,0.38470000000000004,0.30945,0.52869845810207,False
创业板ETF易方达,9月,3.3,3.751,1203775.25675616,-4890987.15531811,-3687211.8985619503,6094762.41207427,1952.0,8911.0,10863.0,428.0,6187.0,6615.0,0.003765,0.3211,0.4142,0.5742587300424168,False
创业板ETF易方达,9月,3.4,3.751,776839.36741246,-4860948.688083179,-4084109.3206707193,5637788.055495639,1039.0,8001.0,9040.0,325.0,7096.0,7421.0,0.003848,0.26570000000000005,0.48160000000000003,0.5584250519697254,False
创业板ETF易方达,9月,3.5,3.751,1608869.72074752,-3838758.05023282,-2229888.3294853,5447627.77098034,2016.0,5846.0,7862.0,461.0,3742.0,4203.0,0.004043,0.20159999999999997,0.51695,0.5258605926749863,False
创业板ETF易方达,9月,3.6,3.751,2853613.4436154403,-6005886.8588576,-3152273.4152421597,8859500.30247304,3349.0,8606.0,11955.0,727.0,5975.0,6702.0,0.004076499999999999,0.14395,0.5508,0.6249872892449726,True
创业板ETF易方达,9月,3.7,3.751,4658410.742288159,-7654834.97745362,-2996424.235165461,12313245.71974178,5044.0,10799.0,15843.0,2428.0,5024.0,7452.0,0.0040745,0.08624999999999997,0.5801000000000001,0.6846042125432001,True
创业板ETF易方达,9月,3.8,3.751,5559494.2686310485,-7562422.788785592,-2002928.5201545432,13121917.05741664,6093.0,10541.0,16634.0,3186.0,5027.0,8213.0,0.004154,0.02840000000000001,0.5791999999999999,0.696954495497002,True
创业板ETF易方达,9月,3.9,3.751,19094168.17188364,-10849124.511082001,8245043.660801638,29943292.68296564,21076.0,15275.0,36351.0,9226.0,6626.0,15852.0,0.0041915,-0.027350000000000013,0.57435,0.8371824477984037,True
创业板ETF易方达,9月,4.0,3.751,7114132.155424139,-3745748.3086223197,3368383.8468018197,10859880.46404646,8274.0,5432.0,13706.0,4799.0,3158.0,7957.0,0.0042885,-0.07774999999999999,0.5506,0.6614164603731467,False
创业板ETF易方达,9月,4.1,3.751,8222702.18761376,-3609741.20675586,4612960.9808579,11832443.39436962,10132.0,5489.0,15621.0,3958.0,1131.0,5089.0,0.0043815,-0.12395,0.5221,0.6645472050562258,False
创业板ETF易方达,9月,4.2,3.751,7675548.27012578,-1633972.85373168,6041575.4163941005,9309521.12385746,10138.0,2583.0,12721.0,3385.0,349.0,3734.0,0.0044165,-0.16820000000000002,0.49385,0.621855770471451,False
创业板ETF易方达,9月,4.3,3.751,5633628.4004,-2050282.2341201198,3583346.16627988,7683910.634520119,8125.0,3458.0,11583.0,4684.0,356.0,5040.0,0.004529,-0.20435,0.4571,0.6000165432150711,False
创业板ETF易方达,9月,4.4,3.751,6116880.17224625,-1066025.16316582,5050855.0090804305,7182905.33541207,9715.0,1874.0,11589.0,3831.0,49.0,3880.0,0.004529,-0.24175000000000002,0.4259,0.5837621529231342,False
创业板ETF易方达,9月,4.5,3.751,6678095.2266336,-468695.23021167,6209399.99642193,7146790.45684527,11760.0,903.0,12663.0,2530.0,116.0,2646.0,0.004743,-0.26415,0.38625,0.5746243631147139,False
创业板ETF易方达,9月,4.6,3.751,1936462.2575305698,-217938.12468956,1718524.1328410099,2154400.38222013,3803.0,458.0,4261.0,2406.0,237.0,2643.0,0.0049559999999999995,-0.28325,0.35005,0.36951603818042017,False
创业板ETF易方达,9月,4.7,3.751,2987712.93474632,-68730.26648488,2918982.66826144,3056443.2012312,6562.0,154.0,6716.0,4020.0,77.0,4097.0,0.005077,-0.30334999999999995,0.3204,0.4527840697030926,False
创业板ETF易方达,9月,4.8,3.751,8908633.87156512,-143950.46163102,8764683.4099341,9052584.33319614,21924.0,339.0,22263.0,16158.0,10.0,16168.0,0.005001,-0.33105,0.2953,0.7109319070629864,False
沪深300ETF华泰柏瑞,12月,4.3,4.744,968882.22945024,-3132821.2486559995,-2163939.0192057593,4101703.47810624,1113.0,3949.0,5062.0,145.0,1294.0,1439.0,0.0013469999999999999,0.2902,0.36965,0.4189759640643471,False
沪深300ETF华泰柏瑞,12月,4.4,4.744,1638638.2036512,-3456538.85298176,-1817900.6493305601,5095177.05663296,1665.0,4046.0,5711.0,121.0,505.0,626.0,0.001371,0.24630000000000002,0.40845,0.43422030998665484,False
沪深300ETF华泰柏瑞,12月,4.5,4.744,983026.95882624,-3998031.05135616,-3015004.09252992,4981058.0101824,681.0,4459.0,5140.0,40.0,401.0,441.0,0.0018455,0.29045,0.5199,0.4127560713741782,False
沪深300ETF华泰柏瑞,12月,4.6,4.744,1520781.4377817598,-2273869.56035136,-753088.1225696004,3794650.99813312,847.0,2427.0,3274.0,90.0,577.0,667.0,0.0020524999999999996,0.18995,0.60705,0.36393655217552423,True
沪深300ETF华泰柏瑞,12月,4.7,4.744,2542051.60382208,-1824197.92335872,717853.6804633599,4366249.5271808,1316.0,1976.0,3292.0,242.0,505.0,747.0,0.002166,0.12080000000000002,0.63425,0.377409838528058,True
沪深300ETF华泰柏瑞,12月,4.8,4.744,3898861.7573043196,-1810168.1972716802,2088693.5600326394,5709029.954576,2143.0,1933.0,4076.0,526.0,226.0,752.0,0.0022615,0.054900000000000004,0.61225,0.42706070474238667,True
沪深300ETF华泰柏瑞,12月,4.9,4.744,6743791.28922688,-2473915.1933606397,4269876.095866241,9217706.48258752,3857.0,2621.0,6478.0,407.0,105.0,512.0,0.0023005,-0.003700000000000009,0.59815,0.5051266775264116,True
沪深300ETF华泰柏瑞,12月,5.0,4.744,7395094.29929536,-2488164.57347904,4906929.725816321,9883258.8727744,4553.0,2837.0,7390.0,355.0,34.0,389.0,0.0024549999999999997,-0.05350000000000002,0.5557,0.5137482499263545,False
沪深300ETF华泰柏瑞,12月,5.25,4.744,4681574.5920768,-1054778.65859072,3626795.93348608,5736353.25066752,3708.0,1372.0,5080.0,766.0,41.0,807.0,0.0027409999999999995,-0.15169999999999997,0.45130000000000003,0.44221024951784377,False
沪深300ETF华泰柏瑞,12月,5.5,4.744,2474134.847392,-696933.4344191998,1777201.4129728,3171068.2818111996,2602.0,1012.0,3614.0,918.0,20.0,938.0,0.0029439999999999996,-0.22400000000000003,0.36424999999999996,0.3604701621140096,False
沪深300ETF华泰柏瑞,12月,5.75,4.744,1197812.142528,-697629.7557030399,500182.3868249601,1895441.89823104,1695.0,1054.0,2749.0,253.0,0.0,253.0,0.0028815000000000004,-0.29435,0.30405,0.2563397757920643,False
沪深300ETF华泰柏瑞,12月,6.0,4.744,2650032.26532864,-538328.82023424,2111703.4450944,3188361.08556288,5058.0,1008.0,6066.0,1041.0,4.0,1045.0,0.0034345,-0.30615000000000003,0.23505,0.40458547195605676,False
沪深300ETF华泰柏瑞,7月,4.3,4.744,288879.25965311995,-8119096.49219392,-7830217.232540799,8407975.75184704,474.0,14153.0,14627.0,243.0,7660.0,7903.0,0.001591,0.47080000000000005,0.26285000000000003,0.6422649974205692,False
沪深300ETF华泰柏瑞,7月,4.4,4.744,481602.7165248,-17103813.51312,-16622210.796595199,17585416.229644798,390.0,17375.0,17765.0,163.0,8766.0,8929.0,0.0013835000000000002,0.44034999999999996,0.49305,0.7258887769280777,False
沪深300ETF华泰柏瑞,7月,4.5,4.744,2613485.0753075206,-50879769.05511552,-48266283.979808,53493254.13042304,1751.0,26591.0,28342.0,947.0,25603.0,26550.0,0.0022754999999999997,0.42685,0.7566999999999999,0.8590247547949798,False
沪深300ETF华泰柏瑞,7月,4.6,4.744,17895687.45137664,-97219367.1511744,-79323679.69979775,115115054.60255104,5079.0,28589.0,33668.0,10094.0,64824.0,74918.0,0.0021485000000000002,0.3225,1.5383,0.9250518771194585,True
沪深300ETF华泰柏瑞,7月,4.7,4.744,90267702.3534067,-173422284.29356033,-83154581.94015363,263689986.64696702,17727.0,36396.0,54123.0,62408.0,134900.0,197308.0,0.002216,0.12029999999999999,2.1898999999999997,0.959210124523608,True
沪深300ETF华泰柏瑞,7月,4.8,4.744,254744046.88962433,-160362577.86575997,94381469.02386436,415106624.7553843,49862.0,34134.0,83996.0,164153.0,163255.0,327408.0,0.0022565,-0.10375000000000001,2.1788,0.9776524672043287,True
沪深300ETF华泰柏瑞,7月,4.9,4.744,293992014.8837011,-131497618.34982528,162494396.53387582,425489633.23352635,80801.0,37701.0,118502.0,131453.0,80349.0,211802.0,0.0023864999999999997,-0.27935,1.58325,0.9831209745219291,True
沪深300ETF华泰柏瑞,7月,5.0,4.744,220151872.49591488,-60531495.24957376,159620377.2463411,280683367.74548864,102721.0,26387.0,129108.0,80679.0,32061.0,112740.0,0.0027660000000000002,-0.36515,0.9858,0.9781678404743018,False
沪深300ETF华泰柏瑞,7月,5.25,4.744,64011169.568508156,-5504334.67782912,58506834.89067903,69515504.24633728,106486.0,7116.0,113602.0,18591.0,3390.0,21981.0,0.003325,-0.46309999999999996,0.3054,0.9203512948277319,False
沪深300ETF华泰柏瑞,7月,5.5,4.744,9268893.298721282,-850936.11660288,8417957.182118401,10119829.415324163,38964.0,1694.0,40658.0,7757.0,115.0,7872.0,0.004427,-0.47355,0.16445,0.7317041183178721,False
沪深300ETF华泰柏瑞,7月,5.75,4.744,2321799.8254259196,-636144.8564064,1685654.9690195196,2957944.6818323196,16996.0,1221.0,18217.0,3582.0,24.0,3606.0,0.0061695,-0.45955,0.1461,0.5253719694537263,False
沪深300ETF华泰柏瑞,7月,6.0,4.744,1528077.0573868803,-495.57190272,1527581.4854841603,1528572.6292896003,19019.0,2202.0,21221.0,2616.0,40.0,2656.0,0.0027145000000000003,-0.49735,0.017900000000000003,0.45714256694374517,False
沪深300ETF华泰柏瑞,8月,4.4,4.744,965984.4166348801,-11465583.94930176,-10499599.53266688,12431568.36593664,727.0,8629.0,9356.0,421.0,16414.0,16835.0,1e-06,0.3143,0.5904,0.6793483842001777,False
沪深300ETF华泰柏瑞,8月,4.5,4.744,1745140.47649792,-27852059.158732798,-26106918.68223488,29597199.635230716,1094.0,17460.0,18554.0,736.0,17819.0,18555.0,1e-06,0.245,0.7088,0.795987613793076,False
沪深300ETF华泰柏瑞,8月,4.6,4.744,5609302.748286719,-40640893.006233595,-35031590.25794688,46250195.75452031,2149.0,20544.0,22693.0,2100.0,30387.0,32487.0,0.0020585,0.21065000000000003,1.0194,0.8431487237646857,True
沪深300ETF华泰柏瑞,8月,4.7,4.744,22814247.13797632,-39238996.1621504,-16424749.02417408,62053243.30012672,7696.0,18560.0,26256.0,14861.0,22016.0,36877.0,0.0021219999999999998,0.09600000000000003,1.1282999999999999,0.8739146278446221,True
沪深300ETF华泰柏瑞,8月,4.8,4.744,42126399.04183361,-30004097.92566784,12122301.116165768,72130496.96750145,14471.0,14204.0,28675.0,21122.0,14482.0,35604.0,0.0021995,-0.017400000000000027,1.11605,0.8849902925259289,True
沪深300ETF华泰柏瑞,8月,4.9,4.744,50666868.03488768,-20156358.6401408,30510509.394746877,70823226.67502847,19196.0,10285.0,29481.0,24666.0,12648.0,37314.0,0.0022915,-0.11860000000000004,1.0218,0.8890077020099425,True
沪深300ETF华泰柏瑞,8月,5.0,4.744,77375658.1178099,-14400692.938920958,62974965.17888895,91776351.05673087,34651.0,8232.0,42883.0,27701.0,8429.0,36130.0,0.0023829999999999997,-0.20390000000000003,0.8847499999999999,0.9162696951997512,False
沪深300ETF华泰柏瑞,8月,5.25,4.744,34344074.715177596,-2728454.6059635202,31615620.109214075,37072529.32114112,28755.0,2261.0,31016.0,15847.0,383.0,16230.0,0.002792,-0.32855,0.53345,0.8422062401567633,False
沪深300ETF华泰柏瑞,8月,5.5,4.744,9512441.907763202,-384836.56360704,9127605.344156161,9897278.471370243,15568.0,446.0,16014.0,8967.0,29.0,8996.0,0.0031934999999999997,-0.38895,0.32745,0.6720075135687844,False
沪深300ETF华泰柏瑞,8月,5.75,4.744,3525487.7132928004,-58450.027767039996,3467037.6855257605,3583937.74105984,9965.0,182.0,10147.0,3160.0,1.0,3161.0,0.0014104999999999999,-0.46935,0.14995,0.4920607705163293,False
沪深300ETF华泰柏瑞,8月,6.0,4.744,1136681.480368,-29969.271959039997,1106712.20840896,1166650.75232704,5425.0,81.0,5506.0,1348.0,13.0,1361.0,0.0034659999999999995,-0.46445,0.12875,0.3044452547329813,False
沪深300ETF华泰柏瑞,9月,4.0,4.744,561158.43595264,-15359312.6439552,-14798154.208002562,15920471.07990784,1424.0,32268.0,33692.0,245.0,34189.0,34434.0,0.001357,0.4484,0.1933,0.8106104149547435,False
沪深300ETF华泰柏瑞,9月,4.1,4.744,204397.07839488,-17740525.509033598,-17536128.43063872,17944922.587428477,357.0,28203.0,28560.0,9.0,34478.0,34487.0,0.0013285,0.4236,0.26695,0.8053556171493043,False
沪深300ETF华泰柏瑞,9月,4.2,4.744,1824579.8423046402,-15824337.55760704,-13999757.7153024,17648917.39991168,2329.0,19657.0,21986.0,230.0,30425.0,30655.0,0.001281,0.392,0.3529,0.7821125471939911,False
沪深300ETF华泰柏瑞,9月,4.3,4.744,1223400.93696,-15030299.712064,-13806898.775104,16253700.649024,1208.0,14924.0,16132.0,27.0,7916.0,7943.0,0.0012944999999999999,0.34615,0.44875,0.7063680194079196,False
沪深300ETF华泰柏瑞,9月,4.4,4.744,2381499.8106624004,-11959394.5687744,-9577894.758112,14340894.3794368,1917.0,9955.0,11872.0,381.0,6207.0,6588.0,0.001293,0.2922,0.5429,0.6674677509410067,False
沪深300ETF华泰柏瑞,9月,4.5,4.744,4616727.140646401,-14729700.0193728,-10112972.8787264,19346427.1600192,2570.0,10747.0,13317.0,418.0,5508.0,5926.0,0.002019,0.28065,0.7036,0.6890643115289469,False
沪深300ETF华泰柏瑞,9月,4.6,4.744,8570210.73404416,-13275484.5557504,-4705273.821706239,21845695.28979456,3956.0,8924.0,12880.0,1278.0,5272.0,6550.0,0.0021425,0.18590000000000004,0.8118000000000001,0.6971842673858457,True
沪深300ETF华泰柏瑞,9月,4.7,4.744,11176214.294019202,-14055042.33943104,-2878828.045411838,25231256.63345024,4871.0,9129.0,14000.0,2813.0,5689.0,8502.0,0.0022325,0.09530000000000002,0.8518000000000001,0.7293091347278771,True
沪深300ETF华泰柏瑞,9月,4.8,4.744,18479848.34556416,-8073531.7840083195,10406316.56155584,26553380.12957248,8231.0,5267.0,13498.0,4478.0,3778.0,8256.0,0.0023214999999999998,0.009849999999999998,0.83935,0.728371966461843,True
沪深300ETF华泰柏瑞,9月,4.9,4.744,23047505.3157376,-8296682.950607359,14750822.365130242,31344188.26634496,10988.0,5636.0,16624.0,6017.0,3315.0,9332.0,0.0024115,-0.06745000000000001,0.79305,0.7615094224615687,True
沪深300ETF华泰柏瑞,9月,5.0,4.744,44240472.769979514,-10783831.624191359,33456641.145788155,55024304.39417087,23427.0,7841.0,31268.0,10213.0,1520.0,11733.0,0.0025080000000000002,-0.1349,0.7251,0.8437591890590532,False
沪深300ETF华泰柏瑞,9月,5.25,4.744,42285198.77901568,-8553138.934656,33732059.84435968,50838337.713671684,32716.0,7836.0,40552.0,9023.0,489.0,9512.0,0.002791,-0.25749999999999995,0.52965,0.8452533617014527,False
沪深300ETF华泰柏瑞,9月,5.5,4.744,18276554.938654717,-4109606.29707264,14166948.641582077,22386161.23572736,22384.0,4914.0,27298.0,11843.0,40.0,11883.0,0.0031945000000000003,-0.32365,0.36719999999999997,0.7847092775119461,False
沪深300ETF华泰柏瑞,9月,5.75,4.744,8826304.3789632,-731939.2202796801,8094365.15868352,9558243.599242881,16710.0,1073.0,17783.0,9794.0,16.0,9810.0,0.0034605,-0.36895,0.2689,0.683450307264041,False
沪深300ETF华泰柏瑞,9月,6.0,4.744,11522226.782527998,-581863.0789619201,10940363.703566078,12104089.861489918,33572.0,1057.0,34629.0,80274.0,21.0,80295.0,0.0035754999999999997,-0.40785,0.19855,0.8100927360350166,False
沪深300ETF嘉实,12月,4.5,4.949,232565.32905333,-886143.2838840398,-653577.9548307098,1118708.6129373698,251.0,1066.0,1317.0,34.0,267.0,301.0,0.001366,0.28390000000000004,0.35885,0.1775666274603313,False
沪深300ETF嘉实,12月,4.6,4.949,383834.08208942995,-1374890.9325049499,-991056.8504155199,1758725.0145943798,369.0,1535.0,1904.0,185.0,403.0,588.0,0.001375,0.2423,0.3952,0.25097757293772216,False
沪深300ETF嘉实,12月,4.7,4.949,1346448.4097416797,-960706.5989603597,385741.81078132,2307155.0087020393,866.0,1022.0,1888.0,105.0,272.0,377.0,0.0018495,0.2858,0.5093,0.2657764120015172,False
沪深300ETF嘉实,12月,4.8,4.949,872263.57182335,-993868.1111583,-121604.53933494992,1866131.6829816499,445.0,1026.0,1471.0,70.0,56.0,126.0,0.0020235,0.19519999999999998,0.5979,0.2229180920655682,True
沪深300ETF嘉实,12月,4.9,4.949,495591.12626632,-755060.5978141101,-259469.4715477901,1250651.72408043,248.0,761.0,1009.0,28.0,124.0,152.0,0.002125,0.12269999999999998,0.6105,0.171051329034931,True
沪深300ETF嘉实,12月,5.0,4.949,1101957.6332614499,-505276.72533176997,596680.9079296798,1607234.35859322,567.0,509.0,1076.0,105.0,206.0,311.0,0.0022170000000000002,0.05929999999999999,0.5993999999999999,0.1997281042938227,True
沪深300ETF嘉实,12月,5.25,4.949,3666544.8189601,-731978.5257057,2934566.2932543997,4398523.3446658,2231.0,790.0,3021.0,440.0,84.0,524.0,0.002447,-0.06999999999999998,0.5246500000000001,0.36334238789615086,False
沪深300ETF嘉实,12月,5.5,4.949,1402104.41655004,-274940.46789544995,1127163.9486545902,1677044.8844454898,1084.0,347.0,1431.0,78.0,62.0,140.0,0.0027555,-0.1601,0.4258,0.21116161246553458,False
沪深300ETF嘉实,12月,5.75,4.949,1130709.4975753499,-284799.9644279999,845909.53314735,1415509.4620033498,1155.0,408.0,1563.0,68.0,46.0,114.0,0.003006,-0.2242,0.34235,0.19284777236004172,False
沪深300ETF嘉实,12月,6.0,4.949,578655.82314974,-234839.95690819997,343815.86624154006,813495.7800579399,787.0,382.0,1169.0,121.0,14.0,135.0,0.0032675,-0.268,0.2756,0.138454815034888,False
沪深300ETF嘉实,12月,6.25,4.949,836759.3423397598,-136365.98503163998,700393.3573081198,973125.3273713998,1509.0,249.0,1758.0,1531.0,15.0,1546.0,0.0035204999999999998,-0.29900000000000004,0.22499999999999998,0.22197485098877706,False
沪深300ETF嘉实,7月,4.5,4.949,115693.73993561999,-2050789.9743309997,-1935096.2343953797,2166483.7142666196,421.0,3650.0,4071.0,307.0,4090.0,4397.0,0.0027099999999999997,0.48405,0.1708,0.3844883815435753,False
沪深300ETF嘉实,7月,4.6,4.949,848970.37349432,-3368169.0956498194,-2519198.7221554993,4217139.469144139,616.0,3173.0,3789.0,382.0,5131.0,5513.0,0.0013475000000000002,0.436,0.49805,0.4488159123171134,False
沪深300ETF嘉实,7月,4.7,4.949,1314695.7119532598,-13501245.042257698,-12186549.330304438,14815940.754210958,1017.0,6539.0,7556.0,1344.0,9198.0,10542.0,0.002146,0.4333,0.6854,0.6566660679734041,False
沪深300ETF嘉实,7月,4.8,4.949,8673602.02088352,-24630712.572704908,-15957110.551821388,33304314.593588427,2344.0,6987.0,9331.0,5687.0,15124.0,20811.0,0.0022205000000000003,0.31310000000000004,1.47505,0.74800657938884,True
沪深300ETF嘉实,7月,4.9,4.949,23660865.090125337,-34995336.91557258,-11334471.825447246,58656202.00569792,4506.0,7310.0,11816.0,7832.0,18626.0,26458.0,0.0022645,0.1247,2.04925,0.7973006848895788,True
沪深300ETF嘉实,7月,5.0,4.949,80021058.42491032,-42303349.55903294,37717708.86587738,122324407.98394325,14989.0,9059.0,24048.0,24723.0,26189.0,50912.0,0.00234,-0.08499999999999999,2.04315,0.8930638551955075,True
沪深300ETF嘉实,7月,5.25,4.949,49521333.524367526,-10530309.685778398,38991023.83858913,60051643.21014592,26099.0,4990.0,31089.0,26443.0,7366.0,33809.0,0.0028705,-0.3842,0.81815,0.8819248908116937,False
沪深300ETF嘉实,7月,5.5,4.949,16610025.736869037,-3399343.2782026203,13210682.458666418,20009369.015071657,28163.0,3578.0,31741.0,8870.0,3848.0,12718.0,0.0036925000000000005,-0.45205,0.31435,0.7927592969093228,False
沪深300ETF嘉实,7月,5.75,4.949,2059193.3857341,-357776.6488115399,1701416.73692256,2416970.03454564,8030.0,762.0,8792.0,2548.0,284.0,2832.0,0.004411999999999999,-0.4762,0.1482,0.4356960967937886,False
沪深300ETF嘉实,7月,6.0,4.949,868373.16708051,-108241.62115535997,760131.5459251499,976614.78823587,6253.0,528.0,6781.0,1263.0,74.0,1337.0,0.004935500000000001,-0.4891,0.0702,0.3061088392057908,False
沪深300ETF嘉实,7月,6.25,4.949,1099144.6580365999,-161313.90348423,937830.7545523699,1260458.5615208298,11390.0,1191.0,12581.0,1575.0,42.0,1617.0,0.005717,-0.49185,0.04735,0.38269202037652994,False
沪深300ETF嘉实,8月,4.6,4.949,528685.28381151,-3712621.5245913495,-3183936.2407798395,4241306.80840286,373.0,2567.0,2940.0,212.0,1364.0,1576.0,0.001248,0.31829999999999997,0.5846,0.3904892565032264,False
沪深300ETF嘉实,8月,4.7,4.949,933801.96661388,-4700604.55358137,-3766802.58696749,5634406.52019525,467.0,2633.0,3100.0,185.0,1785.0,1970.0,0.0019444999999999996,0.31855,0.7726500000000001,0.43637394357431564,False
沪深300ETF嘉实,8月,4.8,4.949,4130917.6759918197,-3213406.9629330896,917510.7130587301,7344324.63892491,1498.0,1551.0,3049.0,1296.0,1184.0,2480.0,0.0020415,0.21119999999999997,0.9859,0.4700480805145241,True
沪深300ETF嘉实,8月,4.9,4.949,5873520.1910519395,-3615554.1627902198,2257966.0282617197,9489074.35384216,1922.0,1622.0,3544.0,1396.0,1498.0,2894.0,0.0021149999999999997,0.09930000000000003,1.0789,0.5176941628974082,True
沪深300ETF嘉实,8月,5.0,4.949,12538488.902445657,-5800432.31025986,6738056.592185797,18338921.212705515,4202.0,2639.0,6841.0,2522.0,1279.0,3801.0,0.0022205,-0.009099999999999997,1.05785,0.6323854401946034,True
沪深300ETF嘉实,8月,5.25,4.949,9883878.426993478,-2321747.2105258196,7562131.216467658,12205625.637519298,4647.0,1331.0,5978.0,2834.0,546.0,3380.0,0.0024714999999999997,-0.22115,0.7903,0.5847665103399725,False
沪深300ETF嘉实,8月,5.5,4.949,5774174.28257978,-729903.51254898,5044270.770030799,6504077.79512876,4882.0,594.0,5476.0,3877.0,343.0,4220.0,0.002799,-0.33765,0.4923,0.5183751285975557,False
沪深300ETF嘉实,8月,5.75,4.949,1049029.12250045,-309206.8413245,739822.2811759498,1358235.96382495,1703.0,350.0,2053.0,1832.0,42.0,1874.0,0.003145,-0.3957,0.30610000000000004,0.2635437131484865,False
沪深300ETF嘉实,8月,6.0,4.949,231361.76264019,-179182.9703958,52178.79224439,410544.73303599,689.0,267.0,956.0,929.0,1.0,930.0,0.0035554999999999996,-0.42205000000000004,0.20555,0.12665632559402773,False
沪深300ETF嘉实,8月,6.25,4.949,459097.39570233005,-85597.23182681999,373500.16387551004,544694.62752915,2157.0,159.0,2316.0,811.0,13.0,824.0,0.0040045,-0.43495,0.15335,0.171653124991244,False
沪深300ETF嘉实,9月,4.2,4.949,135374.76946917,-5699633.2557703685,-5564258.486301199,5835008.025239538,297.0,10859.0,11156.0,50.0,8970.0,9020.0,0.0013255,0.4443,0.2002,0.5863496321479476,False
沪深300ETF嘉实,9月,4.3,4.949,85509.79324125,-3510034.6493100002,-3424524.8560687504,3595544.44255125,133.0,5100.0,5233.0,27.0,925.0,952.0,0.0013020000000000002,0.41864999999999997,0.27175000000000005,0.40177396715795444,False
沪深300ETF嘉实,9月,4.4,4.949,391572.02952336,-1566011.8415541602,-1174439.8120308002,1957583.8710775203,456.0,1782.0,2238.0,18.0,1074.0,1092.0,0.001293,0.38380000000000003,0.3547,0.2834855616223245,False
沪深300ETF嘉实,9月,4.5,4.949,560093.37070386,-2029869.8641128598,-1469776.4934089999,2589963.23481672,514.0,1881.0,2395.0,111.0,1001.0,1112.0,0.001292,0.33955,0.44275,0.31518906494196147,False
沪深300ETF嘉实,9月,4.6,4.949,307202.6117846699,-1367463.0613996794,-1060260.4496150096,1674665.6731843492,463.0,1077.0,1540.0,21.0,266.0,287.0,0.0017650000000000003,0.3772,0.39464999999999995,0.21889693322938045,False
沪深300ETF嘉实,9月,4.7,4.949,1363626.7853050497,-1698900.8569478402,-335274.07164279046,3062527.64225289,717.0,1191.0,1908.0,33.0,508.0,541.0,0.0020505,0.2732,0.67945,0.3022323747323392,False
沪深300ETF嘉实,9月,4.8,4.949,2562207.7295115,-2033980.94719071,528226.7823207898,4596188.67670221,1134.0,1323.0,2457.0,248.0,628.0,876.0,0.00216,0.18405000000000002,0.7751,0.36722646267594705,True
沪深300ETF嘉实,9月,4.9,4.949,2862952.62211651,-2767864.7523281993,95087.86978831049,5630817.374444709,1199.0,1724.0,2923.0,285.0,611.0,896.0,0.002232,0.09785000000000002,0.8151999999999999,0.3994843738446522,True
沪深300ETF嘉实,9月,5.0,4.949,3879660.328633319,-1883495.7124605998,1996164.6161727193,5763156.041093919,1659.0,1180.0,2839.0,750.0,757.0,1507.0,0.0023245,0.015750000000000014,0.80325,0.4225911516428455,True
沪深300ETF嘉实,9月,5.25,4.949,8232862.56440872,-4015406.161007639,4217456.4034010805,12248268.725416359,4402.0,2913.0,7315.0,611.0,496.0,1107.0,0.002581,-0.15170000000000003,0.6632,0.5621383068343495,False
沪深300ETF嘉实,9月,5.5,4.949,5945777.2828180995,-2190323.34252396,3755453.9402941396,8136100.62534206,4589.0,1962.0,6551.0,1079.0,200.0,1279.0,0.002829,-0.26405,0.4924,0.5151700118692285,False
沪深300ETF嘉实,9月,5.75,4.949,3260584.8559053,-1456684.9532484899,1803899.9026568101,4717269.80915379,3842.0,1621.0,5463.0,906.0,13.0,919.0,0.0029929999999999996,-0.34114999999999995,0.3567,0.42785583453574594,False
沪深300ETF嘉实,9月,6.0,4.949,4562818.73246976,-705736.66314228,3857082.06932748,5268555.39561204,8128.0,996.0,9124.0,629.0,0.0,629.0,0.0035434999999999998,-0.3634,0.25925,0.4734237559618617,False
沪深300ETF嘉实,9月,6.25,4.949,3530402.6963016,-154658.28408848998,3375744.41221311,3685060.98039009,9483.0,273.0,9756.0,2196.0,6.0,2202.0,0.0034795,-0.41295,0.19165,0.48347522300334644,False
深证100ETF易方达,12月,3.4,3.753,82595.05617636001,-164796.57720126002,-82201.52102490001,247391.63337762002,117.0,326.0,443.0,6.0,20.0,26.0,0.002622,0.3049,0.43005,0.040392345603743295,False
深证100ETF易方达,12月,3.5,3.753,67274.2284867,-113404.04146260001,-46129.812975900015,180678.2699493,90.0,213.0,303.0,70.0,188.0,258.0,0.0030895000000000002,0.21095,0.45435,0.03723444839241123,False
深证100ETF易方达,12月,3.6,3.753,120168.22618476002,-119658.63055914002,509.59562562000065,239826.85674390005,156.0,218.0,374.0,71.0,145.0,216.0,0.0032170000000000002,0.15694999999999998,0.46830000000000005,0.050467303678197586,True
深证100ETF易方达,12月,3.7,3.753,158609.73699801002,-105164.31119760001,53445.42580041001,263774.04819561006,179.0,183.0,362.0,104.0,155.0,259.0,0.0030844999999999996,0.10955000000000004,0.51855,0.05496744997179319,True
深证100ETF易方达,12月,3.8,3.753,169216.59387555002,-48106.643989050004,121109.94988650002,217323.23786460003,195.0,83.0,278.0,489.0,63.0,552.0,0.0031790000000000004,0.05745000000000003,0.5138,0.0608666768833941,True
深证100ETF易方达,12月,3.9,3.753,189457.17435882,-81895.45377933001,107561.72057948998,271352.62813815,219.0,139.0,358.0,181.0,23.0,204.0,0.003183,0.0072500000000000064,0.51625,0.05526622632476437,True
深证100ETF易方达,12月,4.0,3.753,197663.10060222002,-100569.7812618,97093.31934042001,298232.88186402,242.0,190.0,432.0,259.0,127.0,386.0,0.0034620000000000002,-0.032200000000000006,0.47785,0.07293900794183551,False
深证100ETF易方达,12月,4.1,3.753,163746.68063040002,-65533.88477466,98212.79585574003,229280.56540506,210.0,118.0,328.0,183.0,119.0,302.0,0.0033745,-0.0786,0.47395,0.049684707738829104,False
深证100ETF易方达,12月,4.2,3.753,109088.67640518003,-90064.05474888001,19024.62165630002,199152.73115406005,149.0,166.0,315.0,6.0,145.0,151.0,0.0034269999999999995,-0.11729999999999999,0.4525,0.03729279367863498,False
深证100ETF易方达,12月,4.3,3.753,133031.50150410002,-39245.90567724,93785.59582686002,172277.40718134,190.0,82.0,272.0,14.0,0.0,14.0,0.0036595,-0.14609999999999998,0.41845,0.01722166853912654,False
深证100ETF易方达,12月,4.4,3.753,153161.93721699002,-28416.223957320006,124745.71325967001,181578.16117431002,233.0,62.0,295.0,47.0,0.0,47.0,0.0036925,-0.18125000000000002,0.39605,0.02578121634873316,False
深证100ETF易方达,12月,4.5,3.753,261192.1251958201,-179825.14095417006,81366.98424165003,441017.26614999014,443.0,387.0,830.0,3.0,5.0,8.0,0.0036720000000000004,-0.2106,0.37425,0.08009127238670746,False
深证100ETF易方达,12月,4.6,3.753,111404.95613523001,-10507.416714,100897.53942123,121912.37284923001,207.0,25.0,232.0,31.0,0.0,31.0,0.0039245,-0.22524999999999998,0.34025,0.011584040268659723,False
深证100ETF易方达,7月,3.4,3.753,13544.144654400003,-5446392.26607063,-5432848.121416231,5459936.41072503,16.0,8953.0,8969.0,2.0,27841.0,27843.0,0.0053245,0.3876,0.51645,0.5983172069240158,False
深证100ETF易方达,7月,3.5,3.753,58169.96036928001,-1627593.214995,-1569423.25462572,1685763.1753642801,48.0,1375.0,1423.0,14.0,1781.0,1795.0,0.0036639999999999997,0.3853,0.8504,0.2720189860165548,False
深证100ETF易方达,7月,3.6,3.753,351763.52196888,-3130170.7071078005,-2778407.1851389203,3481934.2290766807,184.0,1604.0,1788.0,130.0,1125.0,1255.0,0.0034655000000000003,0.28115,1.3714,0.33740592960877425,True
深证100ETF易方达,7月,3.7,3.753,1187980.3650924002,-6528125.32362342,-5340144.958531019,7716105.68871582,440.0,2517.0,2957.0,444.0,3155.0,3599.0,0.0032544999999999996,0.12324999999999997,1.87915,0.4881025397717459,True
深证100ETF易方达,7月,3.8,3.753,5193007.602213601,-8052010.476501332,-2859002.874287731,13245018.078714933,1872.0,2927.0,4799.0,2974.0,3651.0,6625.0,0.00322,-0.07289999999999999,1.9613,0.5911046774011324,True
深证100ETF易方达,7月,3.9,3.753,6144694.33506975,-4548717.458076871,1595976.8769928794,10693411.793146621,2775.0,2041.0,4816.0,3824.0,2096.0,5920.0,0.0032790000000000002,-0.2447,1.5772,0.5659198609334648,True
深证100ETF易方达,7月,4.0,3.753,7546083.009775201,-2721790.23786198,4824292.771913221,10267873.24763718,5060.0,2473.0,7533.0,1504.0,571.0,2075.0,0.002947,-0.39685,0.9200999999999999,0.5695261524081503,False
深证100ETF易方达,7月,4.1,3.753,5072076.5319414,-1361629.6521503401,3710446.8797910595,6433706.18409174,5452.0,1271.0,6723.0,1844.0,181.0,2025.0,0.0018585,-0.3891,0.71055,0.5125787654834117,False
深证100ETF易方达,7月,4.2,3.753,3001221.0412119003,-384429.19314150006,2616791.8480704003,3385650.2343534003,5374.0,850.0,6224.0,1393.0,15.0,1408.0,0.0037385,-0.4612,0.3588,0.4217045675752699,False
深证100ETF易方达,7月,4.3,3.753,1293461.8706926801,-62501.241486870014,1230960.6292058101,1355963.11217955,4107.0,137.0,4244.0,2089.0,9.0,2098.0,0.002023,-0.46565,0.27375,0.3152973248146659,False
深证100ETF易方达,7月,4.4,3.753,367501.12507485005,-17694.292556250002,349806.83251860004,385195.41763110005,1781.0,67.0,1848.0,284.0,4.0,288.0,0.0021835,-0.4805,0.16699999999999998,0.11732709443347764,False
深证100ETF易方达,7月,4.5,3.753,347904.2295028801,-5826.827373210001,342077.4021296701,353731.05687609006,2448.0,41.0,2489.0,814.0,2.0,816.0,0.0023455,-0.4888,0.1009,0.15305498711091922,False
深证100ETF易方达,7月,4.6,3.753,201975.64865784,-1574.1406058400003,200401.50805200002,203549.78926368,2406.0,22.0,2428.0,1933.0,2.0,1935.0,0.0024129999999999998,-0.4943,0.0552,0.1552158392106823,False
深证100ETF易方达,8月,3.4,3.753,5445.82787976,-432158.21803926013,-426712.3901595001,437604.04591902014,8.0,538.0,546.0,8.0,775.0,783.0,0.0027760000000000003,0.37534999999999996,0.5268,0.11410615990305538,False
深证100ETF易方达,8月,3.5,3.753,3204.6212476800006,-610500.6300959999,-607296.0088483199,613705.25134368,3.0,630.0,633.0,2.0,134.0,136.0,0.0032255,0.26605,0.7232,0.10869486285563104,False
深证100ETF易方达,8月,3.6,3.753,18724.6109646,-1098636.7585538703,-1079912.1475892703,1117361.3695184703,17.0,971.0,988.0,1.0,96.0,97.0,0.0034525,0.17354999999999998,0.7926500000000001,0.15390212343456233,True
深证100ETF易方达,8月,3.7,3.753,181208.14798788002,-1046765.19165912,-865557.04367124,1227973.339647,117.0,932.0,1049.0,42.0,395.0,437.0,0.0031855,0.09389999999999998,0.9484999999999999,0.18510170456140154,True
深证100ETF易方达,8月,3.8,3.753,301005.23418549,-1137960.5543308798,-836955.3201453898,1438965.7885163699,199.0,994.0,1193.0,138.0,205.0,343.0,0.003272,-0.0015499999999999958,0.94335,0.2005511785147066,True
深证100ETF易方达,8月,3.9,3.753,451838.21516433003,-404049.46982841,47788.745335920015,855887.68499274,313.0,347.0,660.0,190.0,82.0,272.0,0.0032154999999999996,-0.09425000000000003,0.9258,0.13555449404380146,True
深证100ETF易方达,8月,4.0,3.753,558202.42827864,-164710.095246,393492.33303264005,722912.52352464,456.0,150.0,606.0,264.0,23.0,287.0,0.003346,-0.1696,0.8243499999999999,0.12341489310119674,False
深证100ETF易方达,8月,4.1,3.753,489314.3394607201,-133236.43838505002,356077.90107567003,622550.7778457701,454.0,117.0,571.0,150.0,21.0,171.0,0.0026569999999999996,-0.3033,0.78685,0.10856592930673646,False
深证100ETF易方达,8月,4.2,3.753,638132.6007522,-57107.6689905,581024.9317617,695240.2697427,718.0,102.0,820.0,135.0,5.0,140.0,0.0025190000000000004,-0.382,0.51425,0.11714255222177967,False
深证100ETF易方达,8月,4.3,3.753,212232.63391182,-46461.937488120006,165770.69642370002,258694.57139994,291.0,77.0,368.0,37.0,1.0,38.0,0.0028955,-0.39175000000000004,0.4731,0.04132843109296204,False
深证100ETF易方达,8月,4.4,3.753,87870.45544722,-31036.73988177,56833.715565449995,118907.19532899,146.0,49.0,195.0,23.0,0.0,23.0,0.0041010000000000005,-0.34199999999999997,0.4385,0.008134434435038163,False
深证100ETF易方达,8月,4.5,3.753,205541.97293664003,-24135.36717195,181406.60576469003,229677.34010859003,432.0,43.0,475.0,73.0,0.0,73.0,0.0042120000000000005,-0.3695,0.36815,0.04269071273356457,False
深证100ETF易方达,8月,4.6,3.753,180393.47106732003,-3508.9982921700007,176884.47277515003,183902.46935949003,474.0,7.0,481.0,132.0,0.0,132.0,0.004406500000000001,-0.3863,0.31305,0.03976468291664552,False
深证100ETF易方达,9月,3.0,3.753,17221.036253850005,-1639089.3993408,-1621868.36308695,1656310.43559465,195.0,6612.0,6807.0,1.0,25985.0,25986.0,0.0027215,0.47314999999999996,0.11935,0.4559136259436365,False
深证100ETF易方达,9月,3.1,3.753,11810.280046500002,-157909.85290080003,-146099.57285430003,169720.13294730004,30.0,440.0,470.0,1.0,57.0,58.0,0.003481,0.41385,0.26715,0.02941622634138595,False
深证100ETF易方达,9月,3.2,3.753,146360.99062134002,-417172.05016344006,-270811.05954210006,563533.04078478,298.0,858.0,1156.0,25.0,58.0,83.0,0.0016654999999999999,0.3812,0.34695,0.1095494907600908,False
深证100ETF易方达,9月,3.3,3.753,77128.94588364,-202701.59002170002,-125572.64413806002,279830.53590534,159.0,330.0,489.0,2.0,16.0,18.0,0.0025180000000000003,0.40165,0.39025,0.04949369736036584,False
深证100ETF易方达,9月,3.4,3.753,93766.72191480001,-358616.16054756,-264849.43863276,452382.88246236,136.0,467.0,603.0,1.0,10.0,11.0,0.0033365,0.2893,0.51735,0.07595904700633344,False
深证100ETF易方达,9月,3.5,3.753,122843.8144944,-386167.42410219,-263323.60960779,509011.23859659,120.0,471.0,591.0,37.0,8.0,45.0,0.0029125,0.25375000000000003,0.65445,0.08647770731127473,False
深证100ETF易方达,9月,3.6,3.753,311004.32292468,-453808.42622325005,-142804.10329857003,764812.7491479301,268.0,525.0,793.0,19.0,4.0,23.0,0.003062,0.17305000000000004,0.7188,0.11234737892738704,True
深证100ETF易方达,9月,3.7,3.753,308165.48936073005,-273705.5288916,34459.96046913002,581871.0182523301,263.0,296.0,559.0,13.0,27.0,40.0,0.0031495,0.09395,0.7442,0.09254008803070489,True
深证100ETF易方达,9月,3.8,3.753,406092.64123395004,-199555.42156137005,206537.21967258,605648.0627953201,341.0,217.0,558.0,35.0,3.0,38.0,0.0032215000000000004,0.01899999999999999,0.7492000000000001,0.09431487914382368,True
深证100ETF易方达,9月,3.9,3.753,694737.4349214002,-170534.52816768002,524202.90675372013,865271.9630890802,622.0,192.0,814.0,19.0,44.0,63.0,0.0033575,-0.049199999999999994,0.7118,0.127168107416779,True
深证100ETF易方达,9月,4.0,3.753,354118.25377350004,-295883.784063,58234.46971050004,650002.0378365,333.0,350.0,683.0,68.0,43.0,111.0,0.0034105,-0.11345000000000002,0.6776,0.11024334055453655,False
深证100ETF易方达,9月,4.1,3.753,516918.70349928,-278994.73147128004,237923.97202799993,795913.43497056,536.0,366.0,902.0,135.0,4.0,139.0,0.0035945000000000005,-0.16425,0.61295,0.12698191135847603,False
深证100ETF易方达,9月,4.2,3.753,391085.90924499015,-104933.31705,286152.59219499014,496019.22629499016,463.0,149.0,612.0,16.0,0.0,16.0,0.0037625000000000002,-0.20595000000000002,0.54985,0.08314291737401357,False
深证100ETF易方达,9月,4.3,3.753,207254.42833086004,-91474.52755014003,115779.90078072001,298728.9558810001,278.0,141.0,419.0,32.0,0.0,32.0,0.0038755,-0.245,0.49495,0.05152267626716112,False
深证100ETF易方达,9月,4.4,3.753,118355.48552646002,-26233.610962680003,92121.87456378002,144589.09648914,182.0,44.0,226.0,29.0,0.0,29.0,0.003960999999999999,-0.28025,0.4425,0.013884282074568084,False
深证100ETF易方达,9月,4.5,3.753,220596.59395620003,-79364.80021230002,141231.79374390002,299961.39416850003,396.0,145.0,541.0,31.0,0.0,31.0,0.004051,-0.31,0.39205,0.05582510537721688,False
深证100ETF易方达,9月,4.6,3.753,62531.66510631001,-12081.557319840002,50450.107786470006,74613.22242615001,131.0,24.0,155.0,22.0,0.0,22.0,0.00418,-0.33185000000000003,0.34814999999999996,0.0045424992511980955,False
科创50ETF华夏,12月,1.3,2.1,136291.491,-1668483.9864000003,-1532192.4954000004,1804775.4774000002,2070.0,22902.0,24972.0,267.0,16401.0,16668.0,0.002954,0.43715000000000004,0.15725,0.5541611671023339,False
科创50ETF华夏,12月,1.35,2.1,32338.750500000002,-505676.0016000001,-473337.25110000005,538014.7521,415.0,6096.0,6511.0,166.0,3390.0,3556.0,0.0029130000000000002,0.42475,0.1824,0.29665330545404656,False
科创50ETF华夏,12月,1.4,2.1,76343.80320000001,-896172.6375000001,-819828.8343000001,972516.4407,842.0,9563.0,10405.0,6.0,2869.0,2875.0,0.0028765,0.41080000000000005,0.20905,0.3651630640513301,False
科创50ETF华夏,12月,1.45,2.1,48521.11320000001,-354592.09170000005,-306070.9785,403113.20490000007,467.0,3377.0,3844.0,1.0,1081.0,1082.0,0.0029095,0.39344999999999997,0.23685,0.19799120562021955,False
科创50ETF华夏,12月,1.5,2.1,84591.5175,-1228003.6608000002,-1143412.1433,1312595.1783000003,791.0,10612.0,11403.0,0.0,1556.0,1556.0,0.004948,0.39644999999999997,0.25245,0.37706930165786906,False
科创50ETF华夏,12月,1.55,2.1,127268.98380000002,-679539.2372999999,-552270.2534999999,806808.2211,973.0,5401.0,6374.0,16.0,1323.0,1339.0,0.0029825000000000003,0.35459999999999997,0.29095,0.28246882113291605,False
科创50ETF华夏,12月,1.6,2.1,251554.42620000002,-963093.1968,-711538.7706,1214647.6230000001,1746.0,7109.0,8855.0,228.0,1147.0,1375.0,0.0030015000000000003,0.33385,0.31694999999999995,0.3420299956722171,False
科创50ETF华夏,12月,1.65,2.1,77848.1424,-307474.902,-229626.7596,385323.0444,496.0,2116.0,2612.0,14.0,314.0,328.0,0.0029915,0.31279999999999997,0.3427,0.13753119335159839,False
科创50ETF华夏,12月,1.7,2.1,323532.10890000005,-503357.2236,-179825.11469999998,826889.3325,1911.0,3278.0,5189.0,13.0,663.0,676.0,0.003014,0.29015,0.36605,0.2519768465274516,False
科创50ETF华夏,12月,1.75,2.1,559540.0944000002,-577657.0800000001,-18116.985599999898,1137197.1744000004,2556.0,3575.0,6131.0,53.0,460.0,513.0,0.0043,0.3282,0.4314,0.28418160546452764,False
科创50ETF华夏,12月,1.8,2.1,1000578.9024000001,-1290574.3284,-289995.42599999986,2291153.2308,3784.0,7677.0,11461.0,65.0,1805.0,1870.0,0.0044495,0.29114999999999996,0.4904,0.44075800954467764,False
科创50ETF华夏,12月,1.85,2.1,892937.4174000002,-593186.4981000001,299750.91930000007,1486123.9155000001,3106.0,3389.0,6495.0,119.0,1441.0,1560.0,0.0046225,0.25105,0.5244,0.34573054096906913,False
科创50ETF华夏,12月,1.9,2.1,467478.0810000001,-557178.804,-89700.72299999988,1024656.8850000001,1543.0,3115.0,4658.0,73.0,1064.0,1137.0,0.004756999999999999,0.21625,0.5463,0.2741479698100928,False
科创50ETF华夏,12月,1.95,2.1,659485.6884000001,-305378.4321,354107.2563000001,964864.1205000001,2111.0,1669.0,3780.0,152.0,300.0,452.0,0.004855,0.18325000000000002,0.56165,0.2282403105365914,False
科创50ETF华夏,12月,2.0,2.1,919708.3665000001,-592313.4945000001,327394.872,1512021.8610000003,2851.0,3185.0,6036.0,395.0,1020.0,1415.0,0.004914999999999999,0.15219999999999997,0.5766,0.3335081087873465,True
科创50ETF华夏,12月,2.05,2.1,564873.1074,-346728.13560000004,218144.97179999994,911601.243,1821.0,1778.0,3599.0,253.0,416.0,669.0,0.0049770000000000005,0.1205,0.5728,0.23143017459633675,True
科创50ETF华夏,12月,2.1,2.1,823426.2036,-580736.142,242690.06160000002,1404162.3456000001,2574.0,2980.0,5554.0,394.0,229.0,623.0,0.0050145,0.09164999999999998,0.58365,0.2980644438366753,True
科创50ETF华夏,12月,2.15,2.1,1652626.3320000002,-935851.392,716774.9400000002,2588477.7240000004,5305.0,4720.0,10025.0,229.0,353.0,582.0,0.0050810000000000004,0.06355000000000002,0.5780000000000001,0.40418284757100154,True
科创50ETF华夏,12月,2.2,2.1,3491799.5448000003,-1395077.5692000003,2096721.9756,4886877.114,11452.0,7284.0,18736.0,1054.0,366.0,1420.0,0.005271,0.03909999999999997,0.5628500000000001,0.5494074397025099,True
科创50ETF华夏,12月,2.25,2.1,529886.4606,-300349.35630000004,229537.10429999995,830235.8169,1717.0,1561.0,3278.0,333.0,110.0,443.0,0.0052534999999999995,0.01185,0.5680499999999999,0.20724094172898846,False
科创50ETF华夏,12月,2.3,2.1,503355.15090000007,-258228.07920000004,245127.07170000003,761583.2301,1667.0,1352.0,3019.0,305.0,167.0,472.0,0.0053215,-0.012250000000000011,0.5589,0.1949021799004235,False
科创50ETF华夏,12月,2.35,2.1,456183.0126,-108907.596,347275.4166,565090.6086,1546.0,577.0,2123.0,441.0,33.0,474.0,0.00539,-0.03520000000000001,0.54855,0.15633893046630498,False
科创50ETF华夏,12月,2.4,2.1,689879.673,-110234.07990000003,579645.5930999999,800113.7529,2403.0,597.0,3000.0,1972.0,45.0,2017.0,0.005487,-0.055999999999999994,0.53485,0.24246130295758112,False
科创50ETF华夏,12月,2.45,2.1,673354.08,-194762.0493,478592.03069999994,868116.1292999999,2400.0,887.0,3287.0,638.0,2.0,640.0,0.0049134999999999995,-0.0985,0.56705,0.22186099558193817,False
科创50ETF华夏,12月,2.5,2.1,851147.64,-71632.90890000002,779514.7311,922780.5489,3164.0,399.0,3563.0,1770.0,10.0,1780.0,0.0056170000000000005,-0.09564999999999999,0.5085500000000001,0.260595222836181,False
科创50ETF华夏,12月,2.55,2.1,4574399.507999999,-253985.70330000002,4320413.804699999,4828385.2113,17340.0,1421.0,18761.0,7021.0,204.0,7225.0,0.005583,-0.11864999999999998,0.5017499999999999,0.6007691799547048,False
科创50ETF华夏,7月,1.5,2.1,13083.146999999999,-1145747.7675,-1132664.6205,1158830.9145000002,930.0,43665.0,44595.0,81.0,4428.0,4509.0,0.0041895,0.4956,0.0457,0.4958156600491115,False
科创50ETF华夏,7月,1.55,2.1,40146.69959999999,-826615.2510000002,-786468.5514000002,866761.9506000001,1418.0,24343.0,25761.0,233.0,6051.0,6284.0,0.0038945,0.49324999999999997,0.0706,0.44536591468924946,False
科创50ETF华夏,7月,1.6,2.1,136018.51200000002,-1282576.8816000002,-1146558.3696,1418595.3936000003,2605.0,21014.0,23619.0,435.0,5126.0,5561.0,0.003915,0.48664999999999997,0.12840000000000001,0.4781909777051979,False
科创50ETF华夏,7月,1.65,2.1,196507.1304,-1848332.871,-1651825.7406000001,2044840.0014,2344.0,22413.0,24757.0,508.0,6089.0,6597.0,0.0073349999999999995,0.48015,0.18855,0.5253971072097692,False
科创50ETF华夏,7月,1.7,2.1,546778.701,-4115047.5576,-3568268.8566,4661826.2586,3910.0,32984.0,36894.0,928.0,15178.0,16106.0,0.0035515,0.46549999999999997,0.3,0.6739086523887979,False
科创50ETF华夏,7月,1.75,2.1,808547.922,-4041426.312,-3232878.3899999997,4849974.234,3926.0,22968.0,26894.0,1100.0,12079.0,13179.0,0.003362,0.4471,0.43300000000000005,0.6515897858718616,False
科创50ETF华夏,7月,1.8,2.1,1684318.1355,-10446916.2525,-8762598.116999999,12131234.388,5915.0,41743.0,47658.0,1195.0,43859.0,45054.0,0.0032125,0.4203,0.6066,0.8116170186585716,False
科创50ETF华夏,7月,1.85,2.1,3094222.3452,-11793435.2676,-8699212.9224,14887657.6128,8332.0,33817.0,42149.0,2389.0,40933.0,43322.0,0.0030600000000000002,0.3842,0.8164499999999999,0.823386533134324,False
科创50ETF华夏,7月,1.9,2.1,4009771.5966000003,-18054800.7192,-14045029.1226,22064572.3158,9394.0,37922.0,47316.0,4172.0,78048.0,82220.0,0.005291,0.38665,1.02375,0.8615035538587198,False
科创50ETF华夏,7月,1.95,2.1,7234583.8319999995,-23681669.218200002,-16447085.386200003,30916253.0502,11405.0,38882.0,50287.0,6201.0,100576.0,106777.0,0.0056595,0.30315000000000003,1.4097499999999998,0.8921561557927775,False
科创50ETF华夏,7月,2.0,2.1,16496505.698400002,-42625163.6118,-26128657.913399998,59121669.310200006,20524.0,58718.0,79242.0,25555.0,166832.0,192387.0,0.005575,0.22265000000000001,1.73435,0.9370627653426506,True
科创50ETF华夏,7月,2.05,2.1,21132251.922599997,-31434423.111,-10302171.188400004,52566675.0336,23659.0,38887.0,62546.0,52061.0,162839.0,214900.0,0.0056715,0.12455,1.9291999999999998,0.9247381211666199,True
科创50ETF华夏,7月,2.1,2.1,35873765.13420001,-42361337.5668,-6487572.432599992,78235102.701,38023.0,50234.0,88257.0,142712.0,213136.0,355848.0,0.0056735,0.02395,2.0258000000000003,0.9623047742716652,True
科创50ETF华夏,7月,2.15,2.1,54133412.60249999,-35454448.134,18678964.46849999,89587860.7365,59835.0,43177.0,103012.0,203366.0,223665.0,427031.0,0.005778500000000001,-0.07375000000000004,1.95675,0.9688071078694083,True
科创50ETF华夏,7月,2.2,2.1,58413265.34400002,-22140084.3048,36273181.03920002,80553349.64880002,72144.0,29832.0,101976.0,241717.0,176438.0,418155.0,0.006019,-0.1576,1.7594500000000002,0.967004081451221,True
科创50ETF华夏,7月,2.25,2.1,40568670.45,-14069183.7069,26499486.743100002,54637854.1569,57948.0,21713.0,79661.0,154883.0,107469.0,262352.0,0.0062685,-0.22694999999999999,1.5284,0.9337677318356947,False
科创50ETF华夏,7月,2.3,2.1,44540439.048,-14267054.365199998,30273384.682800002,58807493.4132,76145.0,25532.0,101677.0,166024.0,62397.0,228421.0,0.0065315,-0.282,1.2967499999999998,0.945936289934578,False
科创50ETF华夏,7月,2.35,2.1,28089294.6096,-11013015.472200003,17076279.137399998,39102310.0818,58629.0,22991.0,81620.0,104636.0,25303.0,129939.0,0.006749,-0.32715,1.0863,0.9193163679619447,False
科创50ETF华夏,7月,2.4,2.1,25785365.256,-3139215.4584000004,22646149.7976,28924580.7144,67053.0,7674.0,74727.0,107807.0,11676.0,119483.0,0.007037,-0.3602,0.8997999999999999,0.8956347187826776,False
科创50ETF华夏,7月,2.45,2.1,18255357.905400004,-1196503.2954000002,17058854.610000003,19451861.200800005,53614.0,3514.0,57128.0,75562.0,3478.0,79040.0,1e-06,-0.3789,0.7721,0.8590055948692716,False
科创50ETF华夏,7月,2.5,2.1,11033570.746800002,-409113.6714,10624457.075400002,11442684.418200001,39726.0,1473.0,41199.0,76832.0,451.0,77283.0,1e-06,-0.40859999999999996,0.6298,0.8099232541565452,False
科创50ETF华夏,7月,2.55,2.1,25894411.678800005,-384488.1432,25509923.535600007,26278899.822000004,116781.0,1734.0,118515.0,125464.0,1331.0,126795.0,1e-06,-0.43210000000000004,0.5028,0.9032599857310911,False
科创50ETF华夏,8月,1.9,2.1,1685738.7729,-9516690.6975,-7830951.9246,11202429.4704,4159.0,28117.0,32276.0,2051.0,45615.0,47666.0,0.005116000000000001,0.25415,0.8432999999999999,0.7870528671953816,False
科创50ETF华夏,8月,1.95,2.1,532967.2425,-4218262.593300001,-3685295.3508000006,4751229.8358000005,1285.0,11761.0,13046.0,539.0,18418.0,18957.0,0.005433,0.19704999999999998,0.8769,0.6024693948146673,False
科创50ETF华夏,8月,2.0,2.1,2417351.202,-4877546.436000001,-2460195.2340000006,7294897.638,5220.0,13055.0,18275.0,2382.0,13558.0,15940.0,0.005357,0.15050000000000002,0.94865,0.670922321876209,True
科创50ETF华夏,8月,2.05,2.1,1442472.5448,-4024665.4455000004,-2582192.9007,5467137.990300001,3013.0,10405.0,13418.0,2350.0,14260.0,16610.0,0.0054015,0.09985000000000002,0.98135,0.6156037874583196,True
科创50ETF华夏,8月,2.1,2.1,6387311.7,-7451950.3506000005,-1064638.6506000003,13839262.0506,13167.0,19259.0,32426.0,15724.0,30329.0,46053.0,0.0054985,0.05000000000000002,0.9887,0.8074268789656405,True
科创50ETF华夏,8月,2.15,2.1,7267372.3584,-6845678.6328,421693.72560000047,14113050.9912,15102.0,17426.0,32528.0,20846.0,28002.0,48848.0,0.005514999999999999,0.0012000000000000066,0.991,0.8107059201439751,True
科创50ETF华夏,8月,2.2,2.1,8089499.376,-5322796.794,2766702.5820000004,13412296.17,17672.0,13510.0,31182.0,23486.0,31696.0,55182.0,0.005599,-0.04435000000000003,0.9657,0.8066721574057352,True
科创50ETF华夏,8月,2.25,2.1,5233347.441000001,-2313058.8474000003,2920288.5936000003,7546406.288400001,11590.0,6202.0,17792.0,13894.0,8038.0,21932.0,0.0057005,-0.08714999999999998,0.9348000000000001,0.681253703346032,False
科创50ETF华夏,8月,2.3,2.1,5280696.288000001,-2340044.784,2940651.5040000007,7620741.072000001,12360.0,6490.0,18850.0,17162.0,4745.0,21907.0,0.0057925,-0.12635,0.8932,0.691306701946828,False
科创50ETF华夏,8月,2.35,2.1,4294801.7154,-1228210.4897999999,3066591.2256000005,5523012.2052,10682.0,3633.0,14315.0,11744.0,4696.0,16440.0,0.005969,-0.15955,0.83915,0.6216954862596336,False
科创50ETF华夏,8月,2.4,2.1,5372092.9647,-668858.4378000001,4703234.5269,6040951.402500001,14333.0,1939.0,16272.0,13927.0,2177.0,16104.0,0.0057575000000000005,-0.20345000000000002,0.8160499999999999,0.6408216013119836,False
科创50ETF华夏,8月,2.45,2.1,1917469.5435,-196782.35850000003,1720687.1849999998,2114251.902,6207.0,637.0,6844.0,7191.0,374.0,7565.0,1e-06,-0.19210000000000002,0.7005,0.44065296238476087,False
科创50ETF华夏,8月,2.5,2.1,2915181.5490000006,-101785.005,2813396.5440000007,3016966.5540000005,9881.0,345.0,10226.0,14798.0,454.0,15252.0,1e-06,-0.22119999999999998,0.669,0.5282309039130082,False
科创50ETF华夏,8月,2.55,2.1,9099489.879900001,-335814.84090000007,8763675.039,9435304.720800001,32489.0,1199.0,33688.0,35464.0,530.0,35994.0,1e-06,-0.2483,0.6351,0.76987650906676,False
科创50ETF华夏,9月,1.1,2.1,23483.7792,-2545251.7419000003,-2521767.9627,2568735.5211000005,1849.0,109517.0,111366.0,154.0,380254.0,380408.0,0.0035984999999999997,0.4901,0.040749999999999995,0.6904333557756241,False
科创50ETF华夏,9月,1.15,2.1,19452.113100000002,-2190300.8085,-2170848.6953999996,2209752.9216,1033.0,75827.0,76860.0,43.0,48202.0,48245.0,0.0034975,0.48675,0.0541,0.6478612082905941,False
科创50ETF华夏,9月,1.2,2.1,31665.916800000003,-1968833.5632,-1937167.6464,2000499.48,1181.0,56016.0,57197.0,217.0,39386.0,39603.0,0.0033805,0.4826,0.07024999999999999,0.6275028279233513,False
科创50ETF华夏,9月,1.25,2.1,58663.143,-1575394.0020000003,-1516730.8590000004,1634057.1450000003,1595.0,35230.0,36825.0,98.0,6604.0,6702.0,0.0033395000000000005,0.47625,0.09240000000000001,0.5331371200064815,False
科创50ETF华夏,9月,1.3,2.1,119790.4176,-1595266.5204,-1475476.1028,1715056.938,2456.0,29196.0,31652.0,150.0,9379.0,9529.0,0.0032580000000000005,0.469,0.11725,0.5453826644867393,False
科创50ETF华夏,9月,1.35,2.1,197262.60749999995,-1601357.436,-1404094.8285,1798620.0435,3139.0,23656.0,26795.0,132.0,9181.0,9313.0,0.0032275000000000003,0.4591,0.148,0.5355857283557071,False
科创50ETF华夏,9月,1.4,2.1,397028.1546,-1507118.0733,-1110089.9187,1904146.2279,5038.0,18463.0,23501.0,317.0,19557.0,19874.0,0.0031680000000000002,0.44784999999999997,0.1819,0.5585602542264982,False
科创50ETF华夏,9月,1.45,2.1,410771.47860000003,-1328115.7763999999,-917344.2977999998,1738887.255,4261.0,13578.0,17839.0,144.0,11621.0,11765.0,0.0031290000000000003,0.434,0.2202,0.5100948469749045,False
科创50ETF华夏,9月,1.5,2.1,572790.204,-1992701.5416,-1419911.3376000002,2565491.7456,4965.0,17406.0,22371.0,758.0,15365.0,16123.0,0.003036,0.4194,0.2606,0.5738960651083197,False
科创50ETF华夏,9月,1.55,2.1,332753.2866,-1179967.824,-847214.5374,1512721.1106,2461.0,8744.0,11205.0,729.0,11170.0,11899.0,0.0030545,0.39935000000000004,0.3063,0.4559116289802555,False
科创50ETF华夏,9月,1.6,2.1,545168.0367,-2113221.2849999997,-1568053.2482999996,2658389.3216999997,3503.0,13594.0,17097.0,362.0,11980.0,12342.0,0.0030070000000000006,0.3788,0.3527,0.5493494197242329,False
科创50ETF华夏,9月,1.65,2.1,818971.5744,-2450195.3385,-1631223.7641,3269166.9129,4652.0,13845.0,18497.0,157.0,9084.0,9241.0,0.0029820000000000003,0.35525,0.40025,0.5706799104676546,False
科创50ETF华夏,9月,1.7,2.1,881852.8824000001,-4149863.9784000004,-3268011.0960000004,5031716.860800001,5567.0,20986.0,26553.0,401.0,14612.0,15013.0,0.0045945,0.3887,0.40380000000000005,0.6579349506156418,False
科创50ETF华夏,9月,1.75,2.1,1482744.9294,-4139482.838400001,-2656737.909000001,5622227.767800001,6887.0,19032.0,25919.0,183.0,6509.0,6692.0,0.0030155,0.29914999999999997,0.4907,0.6324473353741143,False
科创50ETF华夏,9月,1.8,2.1,3238846.6194,-5863739.2128,-2624892.5933999997,9102585.8322,11406.0,24733.0,36139.0,933.0,16734.0,17667.0,0.0046715,0.3246,0.59075,0.7522070458281963,False
科创50ETF华夏,9月,1.85,2.1,5052886.272,-3882773.0340000005,1170113.2379999994,8935659.306,14919.0,15154.0,30073.0,787.0,10779.0,11566.0,0.004789,0.2802,0.6745,0.7181238578901021,False
科创50ETF华夏,9月,1.9,2.1,2543165.856,-2995316.1,-452150.24399999995,5538481.956,6985.0,10955.0,17940.0,450.0,8269.0,8719.0,0.0049759999999999995,0.23155,0.7228,0.617632283152216,False
科创50ETF华夏,9月,1.95,2.1,3910714.5735000004,-2824954.1838,1085760.3897000002,6735668.757300001,9885.0,10042.0,19927.0,479.0,7770.0,8249.0,0.0050574999999999995,0.18939999999999999,0.7675000000000001,0.6444673583394307,False
科创50ETF华夏,9月,2.0,2.1,3832147.4688,-3053706.0875999997,778441.3812000002,6885853.556399999,9376.0,10546.0,19922.0,3100.0,8604.0,11704.0,0.00516,0.14579999999999999,0.7917,0.6584192712237671,True
科创50ETF华夏,9月,2.05,2.1,3117742.11,-2118832.7895,998909.3204999999,5236574.899499999,7505.0,7185.0,14690.0,2533.0,4532.0,7065.0,0.005248,0.10355000000000003,0.80535,0.5845108194811115,True
科创50ETF华夏,9月,2.1,2.1,4764022.2756,-3339824.1975000002,1424198.0781,8103846.473100001,11507.0,11175.0,22682.0,5580.0,6037.0,11617.0,0.005328,0.06275,0.8082499999999999,0.6852822207904452,True
科创50ETF华夏,9月,2.15,2.1,5436689.365800001,-1584158.0832,3852531.2826000005,7020847.449000001,13266.0,5336.0,18602.0,4364.0,3588.0,7952.0,0.005427,0.023899999999999977,0.80125,0.6418836106579622,True
科创50ETF华夏,9月,2.2,2.1,9317784.3507,-1579494.2877000002,7738290.063,10897278.6384,23267.0,5377.0,28644.0,6852.0,3520.0,10372.0,0.0055205,-0.01285,0.7871,0.7300078273366098,True
科创50ETF华夏,9月,2.25,2.1,2983736.7630000003,-1169608.7340000002,1814128.029,4153345.4970000004,7658.0,3906.0,11564.0,5211.0,1290.0,6501.0,0.0054859999999999996,-0.05030000000000001,0.78125,0.5330866759041459,False
科创50ETF华夏,9月,2.3,2.1,2427005.2653,-722171.4570000002,1704833.8083,3149176.7223000005,6439.0,2430.0,8869.0,6595.0,719.0,7314.0,0.0055065,-0.0852,0.7643,0.49364085413804293,False
科创50ETF华夏,9月,2.35,2.1,1641157.686,-541944.5472,1099213.1387999998,2183102.2332,4545.0,1888.0,6433.0,6271.0,324.0,6595.0,0.005608,-0.11570000000000003,0.73485,0.43002063900833604,False
科创50ETF华夏,9月,2.4,2.1,2633650.1919,-171302.04000000004,2462348.1519,2804952.2319,7683.0,624.0,8307.0,6436.0,206.0,6642.0,0.005747,-0.14229999999999998,0.6999,0.4732824737708002,False
科创50ETF华夏,9月,2.45,2.1,2165401.3311,-165136.1985,2000265.1326000001,2330537.5296,7671.0,585.0,8256.0,6683.0,85.0,6768.0,1e-06,-0.15180000000000002,0.6401,0.4588426310222871,False
科创50ETF华夏,9月,2.5,2.1,2512577.8755,-98752.38030000002,2413825.4952000002,2611330.2558,9185.0,361.0,9546.0,12054.0,99.0,12153.0,1e-06,-0.17859999999999998,0.6203,0.5029327852994621,False
科创50ETF华夏,9月,2.55,2.1,12352632.969600001,-107668.91520000003,12244964.0544,12460301.884800002,46809.0,408.0,47217.0,39426.0,213.0,39639.0,1e-06,-0.2039,0.5984,0.8131651354318719,False
科创50ETF易方达,12月,1.25,2.036,47533.61179648,-306099.68312735995,-258566.07133087996,353633.29492384,779.0,4443.0,5222.0,10.0,2850.0,2860.0,0.0029835,0.4395,0.1567,0.2480410976488499,False
科创50ETF易方达,12月,1.3,2.036,14827.14345056,-116890.05147904003,-102062.90802848003,131717.19492960002,203.0,1481.0,1684.0,2.0,2089.0,2091.0,0.0029545,0.42665,0.18330000000000002,0.13217005546524235,False
科创50ETF易方达,12月,1.35,2.036,19125.85685552,-104785.4140824,-85659.55722688,123911.27093792001,223.0,1173.0,1396.0,3.0,533.0,536.0,0.002894,0.4131,0.2112,0.07908631540595273,False
科创50ETF易方达,12月,1.4,2.036,31590.927739360006,-59183.88329856001,-27592.955559200003,90774.81103792001,319.0,589.0,908.0,51.0,603.0,654.0,0.0029435,0.39504999999999996,0.24065,0.06754022693957265,False
科创50ETF易方达,12月,1.45,2.036,25165.221503840003,-105854.27865600001,-80689.05715216,131019.50015984001,229.0,950.0,1179.0,0.0,180.0,180.0,0.005216,0.38735,0.26695,0.05482945172883602,False
科创50ETF易方达,12月,1.5,2.036,72859.71223808,-87408.54051519999,-14548.828277119988,160268.25275328,592.0,716.0,1308.0,12.0,269.0,281.0,0.0049805000000000006,0.37739999999999996,0.29569999999999996,0.06553315526720344,False
科创50ETF易方达,12月,1.55,2.036,38393.731552,-127778.99791776,-89385.26636576,166172.72946976,275.0,966.0,1241.0,12.0,66.0,78.0,0.0029485,0.33609999999999995,0.32794999999999996,0.05427836225827542,False
科创50ETF易方达,12月,1.6,2.036,142136.93531408004,-171048.05354831996,-28911.118234239926,313184.9888624,931.0,1209.0,2140.0,20.0,75.0,95.0,0.0029725,0.3135,0.3548,0.1039578247032776,False
科创50ETF易方达,12月,1.65,2.036,79873.71888192,-107983.67575824,-28109.956876320008,187857.39464016,422.0,723.0,1145.0,3.0,27.0,30.0,0.0047279999999999996,0.32395,0.40845,0.052334520240351755,False
科创50ETF易方达,12月,1.7,2.036,69417.45843967999,-104134.31243968001,-34716.85400000002,173551.77087936,332.0,659.0,991.0,30.0,366.0,396.0,0.004200499999999999,0.333,0.44279999999999997,0.06697725541817007,False
科创50ETF易方达,12月,1.75,2.036,111798.88183776001,-96228.90134400001,15569.980493759998,208027.78318176002,426.0,584.0,1010.0,9.0,433.0,442.0,0.0043215,0.29635,0.5153,0.07707116327414802,False
科创50ETF易方达,12月,1.8,2.036,149196.66457280001,-137344.43424960002,11852.230323199998,286541.09882240003,508.0,790.0,1298.0,28.0,753.0,781.0,0.0044434999999999995,0.2542,0.56395,0.1152870075662829,False
科创50ETF易方达,12月,1.85,2.036,156091.20378592002,-86772.56920288001,69318.63458304001,242863.77298880002,502.0,493.0,995.0,72.0,344.0,416.0,0.004627,0.21564999999999998,0.58735,0.08040818881310137,False
科创50ETF易方达,12月,1.9,2.036,202398.4297608,-173487.06280879996,28911.36695200004,375885.4925696,637.0,961.0,1598.0,38.0,176.0,214.0,0.004743,0.17945000000000003,0.601,0.10753160200486575,False
科创50ETF易方达,12月,1.95,2.036,240559.81747200005,-168736.92666944,71822.89080256005,409296.74414144,744.0,908.0,1652.0,71.0,116.0,187.0,0.004794,0.1458,0.61415,0.11251556788485866,True
科创50ETF易方达,12月,2.0,2.036,409675.8729136,-199530.46527024,210145.40764336,609206.33818384,1286.0,1079.0,2365.0,49.0,409.0,458.0,0.004961500000000001,0.11375000000000002,0.6073,0.16617865052860642,True
科创50ETF易方达,12月,2.05,2.036,229354.75076032005,-123287.7355136,106067.01524672005,352642.48627392005,734.0,658.0,1392.0,51.0,264.0,315.0,0.0050479999999999995,0.08360000000000001,0.6029,0.10319870198804948,True
科创50ETF易方达,12月,2.1,2.036,535961.23777664,-338566.30464672,197394.93312991998,874527.54242336,1768.0,1866.0,3634.0,191.0,354.0,545.0,0.005266,0.05725000000000002,0.5845,0.2257107978635674,True
科创50ETF易方达,12月,2.15,2.036,1480106.953872,-849718.7334696002,630388.2204023999,2329825.6873416,4908.0,4645.0,9553.0,36.0,25.0,61.0,0.0052875,0.029700000000000004,0.5844,0.36189903809052115,False
科创50ETF易方达,12月,2.2,2.036,193004.98176,-29670.453555520002,163334.52820447998,222675.43531552,640.0,167.0,807.0,14.0,39.0,53.0,0.005396,0.0044500000000000095,0.57805,0.048598451078267615,False
科创50ETF易方达,12月,2.25,2.036,218184.38017616005,-19968.38826752,198215.99190864005,238152.76844368005,757.0,112.0,869.0,80.0,39.0,119.0,0.005473500000000001,-0.018699999999999994,0.5627,0.05786813188848482,False
科创50ETF易方达,12月,2.3,2.036,124498.20339856003,-23431.078375200002,101067.12502336003,147929.28177376004,449.0,135.0,584.0,114.0,84.0,198.0,0.0056264999999999996,-0.03864999999999999,0.5438000000000001,0.0408140705517427,False
科创50ETF易方达,12月,2.35,2.036,62124.7220928,-26907.779583360003,35216.94250944,89032.50167616,230.0,156.0,386.0,425.0,108.0,533.0,0.005667499999999999,-0.06074999999999997,0.5338499999999999,0.04546323519180418,False
科创50ETF易方达,12月,2.4,2.036,219176.72258560002,-54267.72805440001,164908.9945312,273444.45064000005,820.0,315.0,1135.0,235.0,271.0,506.0,0.0056285,-0.08554999999999999,0.5302,0.09830988037168309,False
科创50ETF易方达,12月,2.45,2.036,406417.54589872004,-109178.80604800001,297238.73985072004,515596.35194672004,1607.0,650.0,2257.0,2327.0,468.0,2795.0,0.00579,-0.10009999999999997,0.5076499999999999,0.20958804212628682,False
科创50ETF易方达,7月,1.45,2.036,69364.274292,-235039.31952399996,-165675.04523199995,304403.593816,603.0,8425.0,9028.0,308.0,2023.0,2331.0,0.012693,0.4536,0.1724,0.2797510976293789,False
科创50ETF易方达,7月,1.5,2.036,60298.76065776001,-210282.575488,-149983.81483023998,270581.33614576,457.0,6341.0,6798.0,328.0,1421.0,1749.0,0.011700499999999999,0.44955,0.19915000000000002,0.24100799801642883,False
科创50ETF易方达,7月,1.55,2.036,81194.41018752001,-175512.24716960007,-94317.83698208006,256706.65735712007,524.0,3155.0,3679.0,302.0,669.0,971.0,0.012479,0.42565,0.254,0.16766525441859612,False
科创50ETF易方达,7月,1.6,2.036,85541.41629087999,-482864.55584224,-397323.13955136,568405.9721331199,967.0,6266.0,7233.0,350.0,1878.0,2228.0,0.0036105,0.47925,0.19965,0.2957365306719566,False
科创50ETF易方达,7月,1.65,2.036,180236.06067936,-818664.4557504002,-638428.3950710401,998900.5164297603,1286.0,6915.0,8201.0,293.0,2370.0,2663.0,0.0034915,0.4652,0.31185,0.34781253201137047,False
科创50ETF易方达,7月,1.7,2.036,189154.2090408,-931076.5926784001,-741922.3836376001,1120230.8017192,915.0,5320.0,6235.0,378.0,3355.0,3733.0,0.0033535,0.44465,0.46045,0.3483886084565534,False
科创50ETF易方达,7月,1.75,2.036,413730.05530752003,-1468255.5526080003,-1054525.4973004803,1881985.6079155204,1449.0,5736.0,7185.0,421.0,9033.0,9454.0,0.0032575,0.41445000000000004,0.65315,0.44171387114509486,False
科创50ETF易方达,7月,1.8,2.036,526971.50015328,-2595406.7187344,-2068435.21858112,3122378.2188876797,2366.0,7195.0,9561.0,867.0,12641.0,13508.0,0.005301999999999999,0.428,0.70375,0.5229076833985287,False
科创50ETF易方达,7月,1.85,2.036,529914.1214248,-2789670.12945408,-2259756.00802928,3319584.25087888,1135.0,5792.0,6927.0,683.0,15905.0,16588.0,0.0055565,0.3659,1.1441,0.5210709377431351,False
科创50ETF易方达,7月,1.9,2.036,788146.41352176,-7574311.878529921,-6786165.465008161,8362458.292051681,1201.0,12534.0,13735.0,777.0,21219.0,21996.0,0.005632999999999999,0.29005000000000003,1.5204499999999999,0.674180678693056,False
科创50ETF易方达,7月,1.95,2.036,1710789.5673,-8678963.87027488,-6968174.302974881,10389753.43757488,2175.0,12082.0,14257.0,4502.0,23023.0,27525.0,0.0057165,0.19775,1.8152,0.7036679242707795,True
科创50ETF易方达,7月,2.0,2.036,3129910.88496704,-6829333.707039999,-3699422.822072959,9959244.59200704,3602.0,8671.0,12273.0,15090.0,36400.0,51490.0,0.005759,0.09804999999999997,1.9981,0.7044278911245117,True
科创50ETF易方达,7月,2.05,2.036,7360065.4051948795,-4334849.857028159,3025215.54816672,11694915.262223039,8414.0,5463.0,13877.0,22433.0,33637.0,56070.0,0.005896500000000001,-0.00354999999999997,2.0122,0.7296003945676707,True
科创50ETF易方达,7月,2.1,2.036,8955445.703652961,-5370099.313399041,3585346.39025392,14325545.017052002,10667.0,6941.0,17608.0,35630.0,39231.0,74861.0,0.005897,-0.1011,1.94585,0.7693122861782922,True
科创50ETF易方达,7月,2.15,2.036,7340390.669695999,-3028702.52970896,4311688.139987038,10369093.199404959,9824.0,4457.0,14281.0,31336.0,23787.0,55123.0,0.006167000000000001,-0.1817,1.7208999999999999,0.7202872079749741,False
科创50ETF易方达,7月,2.2,2.036,9284698.647417601,-2004103.29218016,7280595.355237441,11288801.939597761,14670.0,3301.0,17971.0,39341.0,13856.0,53197.0,0.006262500000000001,-0.2532,1.4956999999999998,0.7488130201632515,False
科创50ETF易方达,7月,2.25,2.036,4950700.8974352,-1265394.13473696,3685306.7626982406,6216095.03217216,9465.0,2459.0,11924.0,17675.0,3458.0,21133.0,0.0065065,-0.30619999999999997,1.2516,0.6309485229380807,False
科创50ETF易方达,7月,2.3,2.036,5558708.250204001,-759714.615864,4798993.63434,6318422.866068001,12863.0,1758.0,14621.0,18706.0,2912.0,21618.0,1e-06,-0.31610000000000005,1.0425,0.6485833527528722,False
科创50ETF易方达,7月,2.35,2.036,3069293.76557648,-813930.15464176,2255363.61093472,3883223.92021824,8413.0,2231.0,10644.0,16858.0,640.0,17498.0,1e-06,-0.35819999999999996,0.8801,0.564929894237875,False
科创50ETF易方达,7月,2.4,2.036,3445698.1248464,-711670.34505328,2734027.77979312,4157368.4698996805,11470.0,2369.0,13839.0,19505.0,345.0,19850.0,1e-06,-0.39259999999999995,0.7247,0.592318224449281,False
科创50ETF易方达,7月,2.45,2.036,5121970.019619199,-140652.3804576,4981317.6391616,5262622.400076799,21194.0,582.0,21776.0,27217.0,366.0,27583.0,1e-06,-0.42000000000000004,0.583,0.662710883250967,False
科创50ETF易方达,8月,1.85,2.036,181793.44838656002,-1816160.1313657598,-1634366.6829791998,1997953.5797523197,463.0,5548.0,6011.0,132.0,7707.0,7839.0,0.005256,0.24205,0.8684499999999999,0.42020655772380555,False
科创50ETF易方达,8月,1.9,2.036,80687.39903376,-843062.96330608,-762375.56427232,923750.3623398399,191.0,2453.0,2644.0,93.0,3011.0,3104.0,0.005409499999999999,0.18925000000000003,0.9240999999999999,0.26128128304873477,False
科创50ETF易方达,8月,1.95,2.036,292203.07572288,-440283.45353584,-148080.37781295995,732486.52925872,651.0,1193.0,1844.0,379.0,1123.0,1502.0,0.0053635,0.1389,0.98655,0.2006365184242311,True
科创50ETF易方达,8月,2.0,2.036,427376.70136320003,-846507.5799232001,-419130.87856000004,1273884.2812864,914.0,2270.0,3184.0,704.0,1081.0,1785.0,0.005443,0.08684999999999998,1.0137999999999998,0.2831115857071751,True
科创50ETF易方达,8月,2.05,2.036,526888.80149808,-605251.3527232,-78362.55122511997,1132140.15422128,1137.0,1640.0,2777.0,1376.0,1941.0,3317.0,0.0056055,0.03650000000000003,1.0041,0.28354266622678065,True
科创50ETF易方达,8月,2.1,2.036,579495.88252192,-787329.00260352,-207833.12008160003,1366824.88512544,1274.0,2136.0,3410.0,1023.0,1204.0,2227.0,0.0056775,-0.0116,0.99325,0.3038233383614386,True
科创50ETF易方达,8月,2.15,2.036,1016146.5230022401,-559172.49110496,456974.03189728013,1575319.0141072,2282.0,1494.0,3776.0,975.0,2285.0,3260.0,0.0056229999999999995,-0.06004999999999999,0.98855,0.33283972918042204,False
科创50ETF易方达,8月,2.2,2.036,856706.99782528,-342058.01182639995,514648.98599888,1198765.00965168,2023.0,965.0,2988.0,2240.0,613.0,2853.0,0.0058035,-0.10040000000000002,0.93835,0.28698111186077047,False
科创50ETF易方达,8月,2.25,2.036,1106909.43704064,-233473.35105408003,873436.08598656,1340382.78809472,2754.0,654.0,3408.0,1159.0,240.0,1399.0,0.005706000000000001,-0.14554999999999998,0.9154,0.2803052039156059,False
科创50ETF易方达,8月,2.3,2.036,1309123.52548832,-115080.79558688,1194042.72990144,1424204.3210752,4118.0,362.0,4480.0,1615.0,124.0,1739.0,1e-06,-0.14359999999999998,0.7669,0.31558494096800527,False
科创50ETF易方达,8月,2.35,2.036,410130.23880816,-26647.74516528,383482.49364288,436777.98397344,1339.0,87.0,1426.0,1609.0,29.0,1638.0,1e-06,-0.17659999999999998,0.7389,0.16548081274367524,False
科创50ETF易方达,8月,2.4,2.036,634705.0902038399,-79997.45596752,554707.6342363199,714702.54617136,2166.0,273.0,2439.0,1418.0,20.0,1438.0,1e-06,-0.2076,0.7069,0.2076099976582577,False
科创50ETF易方达,8月,2.45,2.036,1422480.87281024,-20050.63094016,1402430.24187008,1442531.5037504,5108.0,72.0,5180.0,8333.0,6.0,8339.0,1e-06,-0.23650000000000002,0.6718,0.38076217966012305,False
科创50ETF易方达,9月,1.1,2.036,16656.87710496,-711321.8500185602,-694664.9729136002,727978.7271235202,1041.0,27368.0,28409.0,92.0,106532.0,106624.0,0.0035185,0.488,0.05065,0.5184557277967472,False
科创50ETF易方达,9月,1.15,2.036,8252.952712319999,-482448.28521792,-474195.3325056,490701.23793024005,353.0,14658.0,15011.0,75.0,13573.0,13648.0,0.0034374999999999996,0.48365,0.0679,0.40308257061283886,False
科创50ETF易方达,9月,1.2,2.036,14787.970403360001,-407690.19322368,-392902.22282032,422478.16362704005,451.0,9728.0,10179.0,76.0,13755.0,13831.0,0.0033870000000000003,0.47755,0.0901,0.36321206644583404,False
科创50ETF易方达,9月,1.25,2.036,13870.03605712,-439619.3771166399,-425749.3410595199,453489.41317375994,313.0,8491.0,8804.0,72.0,8830.0,8902.0,0.0033109999999999997,0.47025,0.1159,0.33845654367857564,False
科创50ETF易方达,9月,1.3,2.036,20167.03085184,-252707.85611776003,-232540.82526592002,272874.88696960005,348.0,3928.0,4276.0,78.0,2118.0,2196.0,0.0032725,0.4605,0.14750000000000002,0.21425221486034246,False
科创50ETF易方达,9月,1.35,2.036,35264.19888384001,-559051.69717952,-523787.49829568004,594315.89606336,479.0,7166.0,7645.0,72.0,1479.0,1551.0,0.0032150000000000004,0.44905,0.1829,0.2881747320163,False
科创50ETF易方达,9月,1.4,2.036,74132.73263968,-239501.97938576003,-165369.24674608003,313634.71202544007,814.0,2569.0,3383.0,76.0,1268.0,1344.0,0.0031474999999999997,0.43565,0.2223,0.1843719106133546,False
科创50ETF易方达,9月,1.45,2.036,98170.39217856001,-167332.50038463998,-69162.10820607997,265502.8925632,893.0,1513.0,2406.0,83.0,403.0,486.0,0.0030965,0.41955,0.266,0.12276174241774848,False
科创50ETF易方达,9月,1.5,2.036,99222.30249152004,-245355.5104144,-146133.20792287996,344577.81290592003,764.0,1882.0,2646.0,55.0,603.0,658.0,0.003106,0.39935,0.3139,0.14881198606390256,False
科创50ETF易方达,9月,1.55,2.036,183877.91048016,-241912.96644528,-58035.05596512,425790.87692544004,1223.0,1609.0,2832.0,59.0,2219.0,2278.0,0.0030715,0.37775000000000003,0.3627,0.2055590414689748,False
科创50ETF易方达,9月,1.6,2.036,149375.82426591998,-522936.05449728016,-373560.2302313602,672311.8787632001,874.0,3056.0,3930.0,55.0,2511.0,2566.0,0.003046,0.3535,0.41255,0.26232311974025135,False
科创50ETF易方达,9月,1.65,2.036,415930.41987728,-581347.5033392002,-165417.08346192015,997277.9232164802,2177.0,3029.0,5206.0,82.0,3525.0,3607.0,0.0030285000000000004,0.32655,0.46194999999999997,0.32180923481349716,False
科创50ETF易方达,9月,1.7,2.036,806986.3278592001,-1123468.0706304,-316481.7427711999,1930454.3984896,3632.0,5310.0,8942.0,30.0,1868.0,1898.0,0.004719000000000001,0.35305,0.5232,0.4047220371818909,False
科创50ETF易方达,9月,1.75,2.036,1430669.3247168006,-1713604.1403780798,-282934.81566127925,3144273.46509488,5068.0,7439.0,12507.0,21.0,1511.0,1532.0,0.004872,0.31025,0.61835,0.46990931886642195,False
科创50ETF易方达,9月,1.8,2.036,1866487.17523072,-1261870.7989488,604616.3762819201,3128357.9741795203,5608.0,5099.0,10707.0,217.0,982.0,1199.0,0.004869,0.2725,0.69995,0.4453782348372898,False
科创50ETF易方达,9月,1.85,2.036,559606.2548784,-400495.2858624,159110.969016,960101.5407408001,1711.0,1536.0,3247.0,67.0,469.0,536.0,0.005343499999999999,0.21430000000000002,0.7090000000000001,0.2197328321817986,False
科创50ETF易方达,9月,1.9,2.036,989383.6629670401,-869444.8291859201,119938.83378112002,1858828.49215296,2596.0,3211.0,5807.0,98.0,578.0,676.0,0.0051595,0.17945,0.7863,0.33503433613504996,False
科创50ETF易方达,9月,1.95,2.036,356203.12972608,-460815.18752975995,-104612.05780367996,817018.3172558399,903.0,1609.0,2512.0,248.0,133.0,381.0,0.0051565,0.13599999999999998,0.82125,0.1841268053225699,True
科创50ETF易方达,9月,2.0,2.036,677314.4634289601,-424255.2934752001,253059.16995376,1101569.7569041601,1759.0,1485.0,3244.0,854.0,564.0,1418.0,0.005386499999999999,0.09265000000000004,0.80905,0.25902189825877614,True
科创50ETF易方达,9月,2.05,2.036,279708.98776704003,-198958.29006336,80750.69770368002,478667.27783040004,712.0,696.0,1408.0,1066.0,231.0,1297.0,0.005439,0.05200000000000002,0.81865,0.1595927460317061,True
科创50ETF易方达,9月,2.1,2.036,1594398.982536,-151643.21827200003,1442755.7642639999,1746042.200808,4050.0,546.0,4596.0,871.0,270.0,1141.0,0.005568,0.01344999999999999,0.80985,0.3226328278649384,True
科创50ETF易方达,9月,2.15,2.036,2570285.8104448,-254549.77694240006,2315736.0335024,2824835.5873872004,6736.0,929.0,7665.0,2108.0,73.0,2181.0,0.00568,-0.022799999999999987,0.7907500000000001,0.4373880566677895,False
科创50ETF易方达,9月,2.2,2.036,567143.4393304,-152831.46737040003,414311.97195999994,719974.9067007999,1501.0,555.0,2056.0,309.0,47.0,356.0,0.005630499999999999,-0.061,0.7879,0.16202042544485623,False
科创50ETF易方达,9月,2.25,2.036,297415.20510144,-65580.77972687999,231834.42537456003,362995.98482832,837.0,251.0,1088.0,317.0,22.0,339.0,0.0058779999999999995,-0.08865,0.7437499999999999,0.10015900909964685,False
科创50ETF易方达,9月,2.3,2.036,580057.0312414401,-49645.80592032,530411.2253211201,629702.8371617601,2033.0,174.0,2207.0,1902.0,7.0,1909.0,1e-06,-0.10829999999999998,0.6883,0.21027405009960834,False
科创50ETF易方达,9月,2.35,2.036,564228.8817128,-19206.607221600003,545022.2744912,583435.4889344,2027.0,69.0,2096.0,2333.0,10.0,2343.0,1e-06,-0.1381,0.6715,0.2105122455646636,False
科创50ETF易方达,9月,2.4,2.036,976708.67429376,-61314.39963072,915394.27466304,1038023.07392448,3616.0,227.0,3843.0,2744.0,22.0,2766.0,1e-06,-0.1664,0.6516,0.2956442453190442,False
科创50ETF易方达,9月,2.45,2.036,2474286.0610636803,-107963.15654304,2366322.90452064,2582249.2176067205,9488.0,414.0,9902.0,11846.0,16.0,11862.0,1e-06,-0.19330000000000003,0.6291,0.5012728100827037,False
