underlying,contract_month,strike,underlying_price,expiry,expiry_month,expiry_source,expiry_confidence,days_to_expiry,business_days_to_expiry_estimate,call_gex,put_gex,net_gex,total_abs_gex,call_oi,put_oi,total_oi,call_volume,put_volume,total_volume,avg_iv,avg_delta,avg_gamma,liquidity_adjusted_call_gex,liquidity_adjusted_put_gex,liquidity_adjusted_net_gex,liquidity_adjusted_abs_gex,active_gex,stable_gex,avg_spread_bps,avg_liquidity_score,avg_pricing_quality_score,avg_volume_oi_ratio,avg_oi_change_rate,price_wall_score,in_price_range
上证50ETF华夏,9月,2.65,3.055,2026-09-23,202609,rule_fourth_wednesday,medium,22.0,16.0,2426.5865000000003,-2749827.794473501,-2747401.2079735007,2752254.380973501,1625.0,25118.0,26743.0,125.0,551.0,676.0,0.12145,0.496,0.05945,1309.8779723941884,-342180.96627728327,-340871.0883048891,343490.84424967744,-60134.82667075002,-2687266.381302751,965.9449836329176,0.3321199730340588,0.7535768645357687,0.04942976841615268,0.0035690231121462126,0.5664450604731166,False
上证50ETF华夏,9月,2.7,3.055,2026-09-23,202609,rule_fourth_wednesday,medium,22.0,16.0,15119.873821,-4122661.0804470005,-4107541.2066260003,4137780.9542680006,1604.0,20797.0,22401.0,146.0,2017.0,2163.0,0.118,0.4922,0.11125,6865.780492464213,-984466.9643562001,-977601.1838637359,991332.7448486643,-398460.6228005,-3709080.5838255,589.6847795503179,0.3464419288494781,0.7505208333333333,0.09400379298903772,-0.029219965948089132,0.6360905299542574,False
上证50ETF华夏,9月,2.75,3.055,2026-09-23,202609,rule_fourth_wednesday,medium,22.0,16.0,79150.58511750001,-4341089.330942001,-4261938.745824501,4420239.9160595015,1745.0,14636.0,16381.0,103.0,1448.0,1551.0,0.10855,0.48805,0.1832,40610.54781299422,-1040010.6333708003,-999400.0855578061,1080621.1811837945,-424809.99230150005,-3837128.753523001,783.3674329040801,0.37632660970034393,0.44109681787406896,0.07897996148759075,-0.0021435357596543848,0.6182697056685033,False
上证50ETF华夏,9月,2.8,3.055,2026-09-23,202609,rule_fourth_wednesday,medium,22.0,16.0,546541.8506697501,-9705221.370487502,-9158679.51981775,10251763.221157253,3277.0,22363.0,25640.0,1193.0,2840.0,4033.0,0.09709999999999999,0.48105000000000003,0.32185,344518.9383898706,-585438.3923189287,-240919.45392905816,929957.3307087993,-1033549.3614972499,-8125130.158320501,585.9260759038044,0.34534174927840117,0.4313844904587901,0.24552398532107156,-0.10929030138268324,0.7684980805181206,False
上证50ETF华夏,9月,2.85,3.055,2026-09-23,202609,rule_fourth_wednesday,medium,22.0,16.0,2322264.559797,-20890651.919592,-18568387.359795,23212916.479389,4876.0,28576.0,33452.0,1709.0,5311.0,7020.0,0.09069999999999999,0.4609,0.6468,1317899.8198951483,-6123073.559188445,-4805173.739293297,7440973.379083593,-3068701.9798890003,-15499685.379906002,204.16175893207796,0.430303723194918,0.4159493670886076,0.26817373494235996,-0.10581681283254045,0.8645842479389573,False
上证50ETF华夏,9月,2.9,3.055,2026-09-23,202609,rule_fourth_wednesday,medium,22.0,16.0,20327648.759418003,-59663390.19217199,-39335741.43275399,79991038.95159,18984.0,49054.0,68038.0,6408.0,13271.0,19679.0,0.08524999999999999,0.41835,1.22525,10972062.175198395,-22733802.998574357,-11761740.823375963,33705865.17377275,-9279704.308211995,-30056037.12454199,127.122774864006,0.46039744870212407,0.4669966996699669,0.3040429992345184,-0.009872117534080195,0.9397720584494133,False
上证50ETF华夏,9月,2.95,3.055,2026-09-23,202609,rule_fourth_wednesday,medium,22.0,16.0,49829800.34256901,-127081011.92930329,-77251211.58673428,176910812.27187228,25986.0,66717.0,92703.0,16789.0,28579.0,45368.0,0.08209999999999999,0.33799999999999997,2.04775,31958046.50918659,-87205177.44048917,-55247130.931302585,119163223.94967577,-22242653.427114267,-55008558.15962002,60.58514663958272,0.6637806354487699,0.6016431924882628,0.537220122370298,-0.04998726401659252,0.9690494633821287,True
上证50ETF华夏,9月,3.0,3.055,2026-09-23,202609,rule_fourth_wednesday,medium,22.0,16.0,252129601.52334827,-214554850.99308002,37574750.53026825,466684452.5164283,72771.0,82980.0,155751.0,70187.0,59833.0,130020.0,0.12645,0.265,3.2413499999999997,195812928.44756183,-153510646.6855551,42302281.76200673,349323575.13311696,88471343.62941226,-50896593.09914401,28.10211933075564,0.7460602014259026,0.6439629408248655,0.8427723077116298,-0.04891494533072359,0.9925991737775305,True
上证50ETF华夏,9月,3.1,3.055,2026-09-23,202609,rule_fourth_wednesday,medium,22.0,16.0,423990452.46981156,-79803362.55181876,344187089.91799283,503793815.0216303,107443.0,30241.0,137684.0,76176.0,35824.0,112000.0,0.14615,-0.125,3.52785,336348948.95362663,-62485725.51578253,273863223.4378441,398834674.46940917,220801578.74114928,123385511.17684351,38.50449610427094,0.7881449173525388,0.3786666666666668,0.9468033969120878,0.0052391285360889155,0.991206760777903,True
上证50ETF华夏,9月,3.2,3.055,2026-09-23,202609,rule_fourth_wednesday,medium,22.0,16.0,130243911.290545,-14421512.679288002,115822398.611257,144665423.96983302,80540.0,8936.0,89476.0,18521.0,5424.0,23945.0,0.1844,-0.3294,1.73095,43905258.25082932,-9949831.348352063,33955426.90247725,53855089.599181384,21197311.88185975,94625086.72939725,105.26380968303252,0.5135150369083962,0.5390013594444651,0.41847162917095637,-0.009437312931053717,0.9592891827881808,True
上证50ETF华夏,9月,3.3,3.055,2026-09-23,202609,rule_fourth_wednesday,medium,22.0,16.0,28990754.451412007,-3566492.1211595004,25424262.330252506,32557246.57257151,42113.0,3457.0,45570.0,4923.0,361.0,5284.0,0.23685,-0.39115,0.9215,1578610.8106132003,-2133138.923355497,-554528.1127422967,3711749.7339686975,3016578.7152085006,22407683.615044005,615.5257424607267,0.32627890964897943,0.4253322908522282,0.11066278619322212,-0.018527923687535364,0.8752679281577077,False
上证50ETF华夏,9月,3.4,3.055,2026-09-23,202609,rule_fourth_wednesday,medium,22.0,16.0,8425068.662643751,-1057836.412464,7367232.250179751,9482905.075107751,23913.0,1434.0,25347.0,2490.0,239.0,2729.0,0.2921,-0.4152,0.58395,772165.8401071876,-525279.9467215233,246885.89338566433,1297445.786828711,700974.9486935001,6666257.301486251,668.8162544169606,0.2941058222097507,0.4437412095639945,0.13539706435829882,-0.06455793086377296,0.7468130495224683,False
上证50ETF华夏,9月,3.5,3.055,2026-09-23,202609,rule_fourth_wednesday,medium,22.0,16.0,5832775.703722501,-1437250.757826,4395524.945896501,7270026.461548502,28485.0,2532.0,31017.0,1390.0,42.0,1432.0,0.34125000000000005,-0.43010000000000004,0.4138,447151.68087014294,-750241.5115472313,-303089.8306770884,1197393.1924173743,260784.8778340001,4134740.0680625015,1357.2462170942301,0.2993297738663643,0.757105147382314,0.03269264525188696,-0.007425798870399151,0.7080062729882369,False
上证50ETF华夏,9月,3.6,3.055,2026-09-23,202609,rule_fourth_wednesday,medium,22.0,16.0,12163592.607088001,-982260.7492424999,11181331.857845502,13145853.3563305,94168.0,2179.0,96347.0,3190.0,59.0,3249.0,0.3815,-0.44265,0.3107,425003.52729809633,-527557.1315952087,-102553.60429711232,952560.658893305,385452.9991975001,10795878.858648002,712.7579454737162,0.286012617560267,0.7683143219264893,0.03047613360032741,-0.012942942309018282,0.8207733895309046,False
上证50ETF华夏,10月,2.8,3.055,2026-10-28,202610,rule_fourth_wednesday,medium,57.0,41.0,269773.3275510001,-4674148.127743251,-4404374.800192251,4943921.4552942505,364.0,7031.0,7395.0,330.0,2626.0,2956.0,0.08704999999999999,0.39490000000000003,0.7532000000000001,218363.08332013307,-1503129.7236394444,-1284766.6403193113,1721492.8069595776,-1501167.4195570003,-2903207.38063525,279.80261847233623,0.5655076869058624,0.2973695026715987,0.6400411208759951,1.0973085543950458,0.5936628867891394,False
上证50ETF华夏,10月,2.85,3.055,2026-10-28,202610,rule_fourth_wednesday,medium,57.0,41.0,1003055.2889240001,-6830025.477775501,-5826970.188851501,7833080.766699501,1096.0,7469.0,8565.0,494.0,2499.0,2993.0,0.08549999999999999,0.35005000000000003,0.9802,637518.3935615052,-1304371.1797428,-666852.7861812948,1941889.5733043053,-1833102.9867995,-3993867.202052001,419.1508581752491,0.4132762789617255,0.2029396596183599,0.3926564349188324,0.28701028862434885,0.6516541879828452,False
上证50ETF华夏,10月,2.9,3.055,2026-10-28,202610,rule_fourth_wednesday,medium,57.0,41.0,981588.2114610001,-8380517.374476002,-7398929.163015001,9362105.585937,908.0,7046.0,7954.0,392.0,4885.0,5277.0,0.0856,0.29159999999999997,1.21635,446538.41681434633,-5864680.153590532,-5418141.736776186,6311218.570404878,-5386453.088796001,-2012476.074219,150.95672065990044,0.5773567481329477,0.10861056751467707,0.5625096127274387,0.2905116317283223,0.6879432936306684,False
上证50ETF华夏,10月,2.95,3.055,2026-10-28,202610,rule_fourth_wednesday,medium,57.0,41.0,1766539.1991877502,-9603309.49733025,-7836770.2981425,11369848.696518,1443.0,6669.0,8112.0,612.0,5680.0,6292.0,0.0861,0.22185,1.4273,1187565.2780105912,-4958223.816196,-3770658.5381854093,6145789.094206591,-7429938.698559,-406831.5995835002,223.83252818035373,0.5942794613275166,0.0,0.6379091642249537,0.2963628320306256,0.7138658479941045,True
上证50ETF华夏,10月,3.0,3.055,2026-10-28,202610,rule_fourth_wednesday,medium,57.0,41.0,14587327.681290003,-14203734.380654,383593.3006360028,28791062.061944,5070.0,8876.0,13946.0,2792.0,5366.0,8158.0,0.12155000000000002,0.24359999999999998,2.3987,9414631.869383633,-8377728.822660905,1036903.0467227278,17792360.692044538,-553789.9712149994,937383.2718510022,175.71035535107393,0.617611885689969,0.148076923076923,0.5776209675627293,0.24013748395310308,0.8238782068641789,True
上证50ETF华夏,10月,3.1,3.055,2026-10-28,202610,rule_fourth_wednesday,medium,57.0,41.0,25900835.612460252,-5882959.565808001,20017876.04665225,31783795.178268254,8581.0,3736.0,12317.0,5033.0,3498.0,8531.0,0.14685,-0.044899999999999995,2.4606500000000002,18717945.75651248,-4665444.1453466965,14052501.611165784,23383389.90185918,9683386.478509251,10334489.568143,126.56215456232383,0.7578605068672095,0.39473684210526316,0.761411939929035,0.6083348083804717,0.8174196780128644,True
上证50ETF华夏,10月,3.2,3.055,2026-10-28,202610,rule_fourth_wednesday,medium,57.0,41.0,27157527.428710252,-1355366.9030070005,25802160.52570325,28512894.331717253,14443.0,1077.0,15520.0,6099.0,819.0,6918.0,0.1699,-0.22524999999999998,1.68155,16708547.848326568,-982364.8701844094,15726182.978142157,17690912.718510978,10437416.50109925,15364744.024604002,144.47621399045886,0.670020906992953,0.4808743169398907,0.5913631860293378,0.7780118855830533,0.8316925546424545,True
上证50ETF华夏,10月,3.3,3.055,2026-10-28,202610,rule_fourth_wednesday,medium,57.0,41.0,3641074.3772000005,-251212.7407335001,3389861.6364665003,3892287.1179335006,3700.0,266.0,3966.0,1612.0,42.0,1654.0,0.20135,-0.31434999999999996,1.03315,914613.6601888001,-131335.78375189984,783277.8764369002,1045949.4439406999,1546662.3698825003,1843199.266584,510.25450951322057,0.387000182368603,0.4229090909090909,0.2967852062588905,0.13937817770438085,0.4848469026505099,False
上证50ETF华夏,10月,3.4,3.055,2026-10-28,202610,rule_fourth_wednesday,medium,57.0,41.0,1640122.8155812502,-3734.609953750001,1636388.2056275003,1643857.4255350002,2975.0,5.0,2980.0,749.0,2.0,751.0,0.23145,-0.3591,0.6955,272280.0767360144,-2418.8657298716007,269861.2110061428,274698.942465886,411431.19429425005,1224957.0113332504,546.3848606397202,0.4068504948415654,0.4192056583242655,0.3258823529411765,0.42244224422442245,0.3564901301374247,False
上证50ETF华夏,12月,2.7,3.055,2026-12-23,202612,rule_fourth_wednesday,medium,113.0,81.0,1606552.577968,-8685825.448072499,-7079272.870104499,10292378.026040498,3232.0,18015.0,21247.0,177.0,10214.0,10391.0,0.1026,0.38515000000000005,0.5246,757234.6180169344,-5550294.666299455,-4793060.048282521,6307529.284316389,-4836636.932965498,-2242635.937139,121.35084222510068,0.5551736668220567,0.28971001752951997,0.3108684096448779,-0.01554973801255214,0.7943390433610875,False
上证50ETF华夏,12月,2.75,3.055,2026-12-23,202612,rule_fourth_wednesday,medium,113.0,81.0,509356.46582274995,-5482497.195805499,-4973140.72998275,5991853.661628249,877.0,9423.0,10300.0,104.0,2193.0,2297.0,0.10175,0.3538,0.6228499999999999,223628.27184906937,-2899255.948604361,-2675627.676755292,3122884.2204534304,-1215530.3760924998,-3757610.3538902495,232.91542477794667,0.4839305640527894,0.2660853458218289,0.17565725968786677,-0.019845938505069775,0.6371238234043846,False
上证50ETF华夏,12月,2.8,3.055,2026-12-23,202612,rule_fourth_wednesday,medium,113.0,81.0,1963196.5822560005,-6915675.394842501,-4952478.8125865,8878871.977098502,2961.0,10109.0,13070.0,252.0,1566.0,1818.0,0.1021,0.3165,0.7217,798777.141818102,-1675019.6992502648,-876242.5574321628,2473796.8410683665,-904236.8469030001,-4048241.9656835003,291.23296423160775,0.3245410077405001,0.2718487394957982,0.12000892400494187,-0.003333706144296152,0.6751851746080203,False
上证50ETF华夏,12月,2.85,3.055,2026-12-23,202612,rule_fourth_wednesday,medium,113.0,81.0,1507431.7459370003,-5134212.035368,-3626780.289431,6641643.781305,2036.0,6574.0,8610.0,104.0,630.0,734.0,0.10254999999999999,0.2745,0.81505,473028.5077597677,-1223651.2651376002,-750622.7573778325,1696679.7728973678,-415021.702342,-3211758.5870890003,437.5166634501802,0.2760652276444766,0.2521929824561404,0.07345630790582416,-0.0056982425754491025,0.5920816473241322,False
上证50ETF华夏,12月,2.9,3.055,2026-12-23,202612,rule_fourth_wednesday,medium,113.0,81.0,2498027.073165001,-3831353.57098325,-1333326.4978182493,6329380.644148251,3085.0,4451.0,7536.0,177.0,789.0,966.0,0.10414999999999999,0.22755,0.89495,871670.6614279444,-1204149.1072007187,-332478.4457727743,2075819.7686286632,-535836.4976737499,-797490.0001444989,352.4729330088819,0.33161590596044166,0.3245901639344262,0.11731896425220126,-0.0157396425844277,0.5836053729079782,False
上证50ETF华夏,12月,2.95,3.055,2026-12-23,202612,rule_fourth_wednesday,medium,113.0,81.0,2567419.1406727503,-2839668.4264260004,-272249.2857532501,5407087.567098751,2957.0,3112.0,6069.0,300.0,737.0,1037.0,0.10704999999999999,0.17715,0.954,886503.5608294575,-1284313.8190008863,-397810.2581714288,2170817.3798303436,-412029.62785725005,139780.34210400004,233.81852253856943,0.3987828740174274,0.40234857849196537,0.16913968466616186,0.006809824464025532,0.5570585035755377,True
上证50ETF华夏,12月,3.0,3.055,2026-12-23,202612,rule_fourth_wednesday,medium,113.0,81.0,36074217.663081005,-9977608.6916805,26096608.971400507,46051826.3547615,16017.0,10629.0,26646.0,1283.0,1248.0,2531.0,0.14045,0.23039999999999997,1.7094999999999998,11164629.75338215,-5519771.254889659,5644858.498492491,16684401.00827181,1718113.9590030005,24378495.012397505,260.1877490623531,0.4313532030676277,0.45973154362416113,0.09875850579377532,-0.008157327206435746,0.8372709579683527,True
上证50ETF华夏,12月,3.1,3.055,2026-12-23,202612,rule_fourth_wednesday,medium,113.0,81.0,24351715.297113754,-5461160.220711001,18890555.076402754,29812875.517824754,10845.0,5949.0,16794.0,1754.0,547.0,2301.0,0.1671,0.01570000000000002,1.69475,10704183.232709019,-2048654.05007831,8655529.182630708,12752837.282787329,3436344.5808185004,15454210.495584253,201.96175016441285,0.4073487669188519,0.4574861367837339,0.12684087217140996,0.006178303246487734,0.797542643025609,True
上证50ETF华夏,12月,3.2,3.055,2026-12-23,202612,rule_fourth_wednesday,medium,113.0,81.0,26370236.651616003,-3415535.8549390007,22954700.796677,29785772.506555006,15488.0,4153.0,19641.0,3145.0,284.0,3429.0,0.18839999999999998,-0.12015,1.35275,16876610.23017121,-1399231.11584178,15477379.114329431,18275841.34601299,5121182.66581675,17833518.13086025,161.82761764499574,0.5248268527619946,0.3995762711864407,0.13572236719497804,0.010366196121789472,0.8180168559887999,True
上证50ETF华夏,12月,3.3,3.055,2026-12-23,202612,rule_fourth_wednesday,medium,113.0,81.0,13860503.799896002,-2653079.8840487497,11207423.915847253,16513583.68394475,11668.0,3733.0,15401.0,4440.0,187.0,4627.0,0.21125,-0.20879999999999999,1.01715,6355955.1159586515,-1153421.142871017,5202533.973087635,7509376.258829668,5141406.211028751,6066017.704818501,178.96384152870414,0.44665697008780475,0.3686017478152309,0.2153108490176608,0.004463243036167505,0.7842943971481046,False
上证50ETF华夏,12月,3.4,3.055,2026-12-23,202612,rule_fourth_wednesday,medium,113.0,81.0,7186030.2631812515,-1303063.5109440002,5882966.752237251,8489093.774125252,8845.0,2118.0,10963.0,6652.0,40.0,6692.0,0.2338,-0.2661,0.76485,3313786.0112436283,-585658.8616331066,2728127.1496105217,3899444.872876735,5379740.403895002,503226.34834224987,257.54679896439086,0.45529522874561185,0.360141567000244,0.3854745269356684,0.014175687530472431,0.7138136551563405,False
上证50ETF华夏,12月,3.5,3.055,2026-12-23,202612,rule_fourth_wednesday,medium,113.0,81.0,14052535.455783501,-1058225.2262855,12994310.229498,15110760.682069002,24659.0,1961.0,26620.0,13308.0,28.0,13336.0,0.2564,-0.30255000000000004,0.5944,8585560.809535807,-491468.91133243905,8094091.898203368,9077029.720868247,7568780.138348001,5425530.091150001,132.3552743895911,0.5376946020650055,0.36444400079856254,0.2769798408269417,0.002887373876350101,0.8430895829332703,False
上证50ETF华夏,3月,2.8,3.055,2027-03-24,202703,rule_fourth_wednesday,medium,204.0,146.0,304063.7947035,-2386259.0589565,-2082195.2642530003,2690322.85366,534.0,4277.0,4811.0,206.0,473.0,679.0,0.10784999999999999,0.28504999999999997,0.60395,62772.105970816556,-987336.1139578465,-924564.00798703,1050108.219928663,-146602.03673700002,-1935593.2275160002,366.2707438295006,0.3101014240596781,0.4149253731343283,0.24817966319281165,0.043337851333999144,0.4372176884481494,False
上证50ETF华夏,3月,2.85,3.055,2027-03-24,202703,rule_fourth_wednesday,medium,204.0,146.0,389975.5031217501,-1184528.1203080001,-794552.61718625,1574503.62342975,629.0,1972.0,2601.0,82.0,57.0,139.0,0.10869999999999999,0.25034999999999996,0.65395,98330.86612895003,-327375.4356179979,-229044.56948904786,425706.3017469479,16601.024888500004,-811153.6420747502,372.22516705159944,0.2642612551436765,0.4088699878493318,0.07963516254591305,-0.02290082798557375,0.2993601847429503,False
上证50ETF华夏,3月,2.9,3.055,2027-03-24,202703,rule_fourth_wednesday,medium,204.0,146.0,357393.91284675006,-814930.4373015001,-457536.52445475006,1172324.35014825,537.0,1289.0,1826.0,37.0,47.0,84.0,0.11065,0.2132,0.6952499999999999,81328.74515805002,-345464.9906899851,-264136.24553193507,426793.73584803514,-5089.391862749999,-452447.132592,477.27761340718035,0.3257400641933976,0.3904244817374136,0.05268183873572833,-0.017053828632679038,0.2410196051398456,False
上证50ETF华夏,3月,2.95,3.055,2027-03-24,202703,rule_fourth_wednesday,medium,204.0,146.0,639280.8535360001,-584907.5831885,54373.2703475001,1224188.4367245003,907.0,893.0,1800.0,203.0,71.0,274.0,0.11264999999999999,0.17495,0.7284999999999999,308882.42327443283,-322925.3184086721,-14042.895134239283,631807.741683105,96576.08943450003,-42202.81908699998,137.12133389631887,0.5176340101127197,0.37775061124694376,0.15166102640777035,0.07207513983185,0.26909289176223045,True
上证50ETF华夏,3月,3.0,3.055,2027-03-24,202703,rule_fourth_wednesday,medium,204.0,146.0,1978858.7048295003,-664351.8786027501,1314506.8262267502,2643210.5834322507,1466.0,1003.0,2469.0,117.0,56.0,173.0,0.13549999999999998,0.2827,1.0779999999999998,617968.7932771445,-108154.61143107772,509814.18184606684,726123.4047082223,120838.31455475002,1193668.511672,445.3170632691332,0.23754131736841846,0.35531628532974413,0.06782075329264593,-0.012567534421839058,0.35549658530820855,True
上证50ETF华夏,3月,3.1,3.055,2027-03-24,202703,rule_fourth_wednesday,medium,204.0,146.0,4183950.3089800007,-307319.71380500006,3876630.595175001,4491270.0227850005,2180.0,470.0,2650.0,75.0,29.0,104.0,0.16445,0.06990000000000002,1.3785,1081312.9870923406,-65912.48436935768,1015400.5027229829,1147225.4714616982,124980.96436150002,3751649.630813501,320.1191381070305,0.23645918232457797,0.3301977809937289,0.04805289869217255,0.011646664569068417,0.40640693015843316,True
上证50ETF华夏,3月,3.2,3.055,2027-03-24,202703,rule_fourth_wednesday,medium,204.0,146.0,1701031.1633640004,-103149.15228150004,1597882.0110825005,1804180.3156455003,1104.0,167.0,1271.0,103.0,36.0,139.0,0.183,-0.04824999999999999,1.15635,461820.88543622626,-30835.851940911092,430985.0334953152,492656.73737713735,136465.53161475004,1461416.4794677503,351.9421330114965,0.2852194863357478,0.3141720896601591,0.15443298186236223,0.008608610265236771,0.27341096279372834,True
上证50ETF华夏,3月,3.3,3.055,2027-03-24,202703,rule_fourth_wednesday,medium,204.0,146.0,1365041.98337325,-56332.458955500006,1308709.52441775,1421374.4423287502,1113.0,98.0,1211.0,70.0,8.0,78.0,0.1963,-0.13655,0.9650000000000001,125343.47771855001,-23163.013389496646,102180.46432905337,148506.49110804667,81253.12898950001,1227456.39542825,459.51899652723716,0.2515040170209436,0.3136027319294251,0.07226286741111539,0.041856577035606954,0.233434416745038,False
上证50ETF华夏,3月,3.4,3.055,2027-03-24,202703,rule_fourth_wednesday,medium,204.0,146.0,1588446.3228075001,-30798.982500000006,1557647.3403075002,1619245.3053075,1710.0,60.0,1770.0,93.0,3.0,96.0,0.2154,-0.19715000000000002,0.7726500000000001,398530.7920673197,-11828.821554718723,386701.97051260096,410359.6136220384,84849.23685225002,1472798.1034552502,379.2472446244635,0.3174793972828854,0.3023598820058998,0.052192982456140354,0.02137199678708326,0.2736418717861604,False
上证50ETF华夏,3月,3.5,3.055,2027-03-24,202703,rule_fourth_wednesday,medium,204.0,146.0,1861458.7700150001,-44012.67929500001,1817446.0907200002,1905471.44931,2665.0,95.0,2760.0,286.0,6.0,292.0,0.23425,-0.23840000000000003,0.6224,452198.2768134001,-19020.735657641053,433177.541155759,471219.0124710412,196986.55886000002,1620459.5318600002,440.321107118654,0.33754587044366885,0.3043273753527752,0.08523748395378691,0.040244881573665195,0.3424892011705639,False
沪深300ETF华泰柏瑞,9月,4.0,4.684,2026-09-23,202609,rule_fourth_wednesday,medium,22.0,16.0,14444.104197600001,-5855022.673557761,-5840578.569360161,5869466.777755361,1463.0,33526.0,34989.0,58.0,749.0,807.0,0.1391,0.495,0.042050000000000004,7515.367304590265,-442657.3645303468,-435141.9972257566,450172.73183493706,-130233.66882464003,-5710344.900535521,828.9500884305307,0.2979549651201382,0.7660966542750929,0.030992717866534576,-0.01245538532505013,0.6772498773140055,False
沪深300ETF华泰柏瑞,9月,4.1,4.684,2026-09-23,202609,rule_fourth_wednesday,medium,22.0,16.0,23866.175356800002,-9887946.88827232,-9864080.712915521,9911813.06362912,444.0,31873.0,32317.0,50.0,4403.0,4453.0,0.13075,0.49035,0.08295,12815.310132851706,-985840.6139804446,-973025.3038475929,998655.9241132963,-1363253.1372275203,-8500827.575688,1349.6010671201477,0.3183333169029994,0.45160154875044006,0.1253773068396731,-0.010434245513978098,0.7821588402029284,False
沪深300ETF华泰柏瑞,9月,4.2,4.684,2026-09-23,202609,rule_fourth_wednesday,medium,22.0,16.0,517131.18186240003,-16931681.491040964,-16414550.309178563,17448812.672903363,2415.0,31969.0,34384.0,127.0,7314.0,7441.0,0.12075,0.481,0.1695,261491.90109832145,-3054518.393865501,-2793026.4927671794,3316010.2949638227,-3846505.2074566404,-12568045.101721924,757.0417931695694,0.34303064065801103,0.4429423035980413,0.14068606317442486,-0.015196182030890341,0.8500165933833268,False
沪深300ETF华泰柏瑞,9月,4.3,4.684,2026-09-23,202609,rule_fourth_wednesday,medium,22.0,16.0,1422466.1757888002,-25987662.457836486,-24565196.282047685,27410128.633625288,2228.0,28494.0,30722.0,208.0,5685.0,5893.0,0.11105,0.4595,0.35335,818934.4574091276,-5665769.283059105,-4846834.825649978,6484703.740468233,-5052148.781738401,-19513047.500309285,205.18439810510534,0.39686609762782227,0.43761663556384955,0.14643647930415665,-0.021318927634345782,0.8578661335775565,False
沪深300ETF华泰柏瑞,9月,4.4,4.684,2026-09-23,202609,rule_fourth_wednesday,medium,22.0,16.0,6638555.0465232,-68221159.92619713,-61582604.87967393,74859714.97272032,4570.0,43163.0,47733.0,411.0,16419.0,16830.0,0.104,0.41109999999999997,0.69125,3487338.0125996727,-22031340.79818632,-18544002.785586648,25518678.810785994,-25353970.7448072,-36228634.13486672,274.9225156665391,0.4241279075495692,0.5736698662395255,0.23516480020700117,0.02879278410657255,0.9254911165492328,False
沪深300ETF华泰柏瑞,9月,4.5,4.684,2026-09-23,202609,rule_fourth_wednesday,medium,22.0,16.0,35424552.015177436,-117397424.3412173,-81972872.32603985,152821976.35639474,13799.0,46352.0,60151.0,6095.0,23317.0,29412.0,0.09924999999999999,0.31965,1.16225,26927083.74461659,-77592408.31141171,-50665324.56679512,104519492.0560283,-43408850.43865168,-38564021.88738817,30.713210262742997,0.7105314006946137,0.7214974475326148,0.472370306877405,-0.02943042142600604,0.952375909886932,True
沪深300ETF华泰柏瑞,9月,4.6,4.684,2026-09-23,202609,rule_fourth_wednesday,medium,22.0,16.0,198182093.96210405,-209101401.0099495,-10919307.047845453,407283494.9720535,41175.0,59496.0,100671.0,43800.0,55260.0,99060.0,0.15539999999999998,0.21914999999999998,1.89785,158342354.95338762,-132058698.02024801,26283656.933139607,290401052.9736356,3968307.828417599,-14887614.876263047,96.95234289052082,0.7152637303318123,0.7401492077978584,0.9962771065658269,-0.016130056522992823,0.9823925623564902,True
沪深300ETF华泰柏瑞,9月,4.7,4.684,2026-09-23,202609,rule_fourth_wednesday,medium,22.0,16.0,395309154.66001093,-181056002.96824995,214253151.691761,576365157.6282609,69994.0,46998.0,116992.0,64649.0,42651.0,107300.0,0.1625,0.0022999999999999965,2.16505,302797540.28949,-129893006.25205953,172904534.03743047,432690546.5415495,200812353.37926546,13440798.31249553,78.4278015620384,0.7416977436835359,0.5432087675170678,0.9155715070483637,0.03803110022544372,0.9889795873483248,True
沪深300ETF华泰柏瑞,9月,4.8,4.684,2026-09-23,202609,rule_fourth_wednesday,medium,22.0,16.0,335670003.5064773,-67502332.35714832,268167671.14932898,403172335.86362565,75171.0,20323.0,95494.0,43704.0,9736.0,53440.0,0.17345,-0.1888,1.7746,209559366.78620443,-53095091.08417112,156464275.7020333,262654457.87037554,162818788.5907405,105348882.55858849,21.714431181032023,0.7054342510022795,0.44054395951929165,0.5302287755820483,0.020000317332446255,0.976248083390368,True
沪深300ETF华泰柏瑞,9月,4.9,4.684,2026-09-23,202609,rule_fourth_wednesday,medium,22.0,16.0,134645829.15467715,-21863858.094004482,112781971.06067267,156509687.24868163,50316.0,8794.0,59110.0,17176.0,2673.0,19849.0,0.1918,-0.3117,1.17645,69473628.43330006,-11779258.995629983,57694369.43767008,81252887.42893004,39317370.72286017,73464600.33781251,77.88257004735475,0.5273639709714204,0.425360824742268,0.3226599160081087,0.014769637871696847,0.9469754808552404,True
沪深300ETF华泰柏瑞,9月,5.0,4.684,2026-09-23,202609,rule_fourth_wednesday,medium,22.0,16.0,70592424.60884401,-16823613.219936002,53768811.38890801,87416037.82878001,49311.0,9080.0,58391.0,8217.0,1028.0,9245.0,0.21785,-0.37245,0.7484999999999999,5153508.565759545,-8603513.873434149,-3450005.3076746035,13757022.439193694,9858556.915370403,43910254.47353761,790.7527154389079,0.2921994177842936,0.42842230838055484,0.1399260532606275,-0.012542254631349111,0.9249961676013779,False
沪深300ETF华泰柏瑞,9月,5.25,4.684,2026-09-23,202609,rule_fourth_wednesday,medium,22.0,16.0,15792163.326351844,-6888493.6666766405,8903669.659675203,22680656.993028484,32467.0,6483.0,38950.0,6644.0,793.0,7437.0,0.3103,-0.41564999999999996,0.353,2871890.532780337,-3739475.4657538887,-867584.9329735516,6611365.998534226,2389085.550081441,6514584.109593763,501.07619457597895,0.36235682523424945,0.4445395412529954,0.16347923484627858,-0.029330696565956462,0.8655011316654604,False
沪深300ETF华泰柏瑞,9月,5.5,4.684,2026-09-23,202609,rule_fourth_wednesday,medium,22.0,16.0,5922892.301702402,-2548961.500152,3373930.8015504014,8471853.801854402,24190.0,3650.0,27840.0,5822.0,69.0,5891.0,0.37644999999999995,-0.44265,0.21495000000000003,1754782.3293857283,-1334919.8730310162,419862.45635471214,3089702.2024167445,1377323.8250760003,1996606.9764744006,640.6417756549037,0.4099912299083415,0.7698291530352599,0.129791037845368,0.04006366625350993,0.7711197136287317,False
沪深300ETF华泰柏瑞,9月,5.75,4.684,2026-09-23,202609,rule_fourth_wednesday,medium,22.0,16.0,3241999.4266684805,-566915.78670624,2675083.6399622406,3808915.2133747204,23418.0,1317.0,24735.0,973.0,30.0,1003.0,0.41175,-0.4675,0.12965000000000002,486147.62945977616,-303329.0049248839,182818.62453489227,789476.63438466,121788.79885168001,2553294.84111056,879.6210578287966,0.3425021428524743,0.7877670085630941,0.03216413945544683,0.0003418511238355696,0.6048475985550134,False
沪深300ETF华泰柏瑞,9月,6.0,4.684,2026-09-23,202609,rule_fourth_wednesday,medium,22.0,16.0,2558061.71362368,-1233113.8097836801,1324947.90384,3791175.5234073605,29443.0,2739.0,32182.0,4802.0,33.0,4835.0,0.539,-0.44995,0.1224,176816.83885009028,-664966.2797348362,-488149.4408847459,841783.1185849265,402349.75361856003,922598.15022144,1152.087014272646,0.3041896222637013,0.7749324527169017,0.08757149305028422,-0.010835985275292441,0.676612392680529,False
沪深300ETF华泰柏瑞,10月,4.3,4.684,2026-10-28,202610,rule_fourth_wednesday,medium,57.0,41.0,488600.5931200001,-6114980.128953601,-5626379.535833601,6603580.722073602,425.0,5319.0,5744.0,61.0,2168.0,2229.0,0.0001,0.3255,0.524,247333.13130932418,-2410975.2067703595,-2163642.0754610356,2658308.3380796835,-2422309.2934208005,-3204070.2424128,222.70798991150372,0.45024039113986736,0.2777777777777778,0.2755624122181303,0.12809523595105934,0.5964303283060798,False
沪深300ETF华泰柏瑞,10月,4.4,4.684,2026-10-28,202610,rule_fourth_wednesday,medium,57.0,41.0,898626.66355584,-11475407.36313792,-10576780.69958208,12374034.02669376,652.0,8326.0,8978.0,26.0,6357.0,6383.0,0.0001,0.26339999999999997,0.6282,410322.15530218836,-9146719.274743924,-8736397.119441736,9557041.430046111,-8725775.164067522,-1851005.5355145596,125.62957875457809,0.6268408418784253,0.19717362045760445,0.40169459553855247,0.3218725856442978,0.7302710548041209,False
沪深300ETF华泰柏瑞,10月,4.5,4.684,2026-10-28,202610,rule_fourth_wednesday,medium,57.0,41.0,1572244.9653310403,-7434001.419492321,-5861756.454161281,9006246.384823361,1001.0,4733.0,5734.0,115.0,3378.0,3493.0,0.0001,0.1925,0.7159,763863.17318694,-4820383.785799838,-4056520.6126128975,5584246.958986778,-5125110.21166352,-736646.2424977599,164.8996378687933,0.5671330926664943,0.005164319248826155,0.414298674070489,0.26307796272585005,0.6415473699241234,True
沪深300ETF华泰柏瑞,10月,4.6,4.684,2026-10-28,202610,rule_fourth_wednesday,medium,57.0,41.0,6673553.943611522,-6742363.036390081,-68809.09277855884,13415916.980001602,1799.0,3949.0,5748.0,1174.0,1861.0,3035.0,0.05175,0.17595000000000002,1.2345000000000002,4853671.584070723,-4370768.787935154,482902.796135569,9224440.372005876,1177663.4565264005,-1246472.5493049598,129.57284389362945,0.6877770547085125,0.056468172484599566,0.5619216578918735,0.1573598919648886,0.6710590845901467,True
沪深300ETF华泰柏瑞,10月,4.7,4.684,2026-10-28,202610,rule_fourth_wednesday,medium,57.0,41.0,33906471.28874496,-4236563.814946881,29669907.47379808,38143035.103691846,8829.0,2386.0,11215.0,2786.0,1249.0,4035.0,0.060750000000000005,0.037750000000000006,1.27985,17470887.88295095,-2793760.3305235193,14677127.552427432,20264648.21347447,8481506.680298721,21188400.793499365,225.56330100054055,0.5873536128227292,0.22142368240930882,0.4195106340579039,0.10973324330452233,0.7912608804833254,True
沪深300ETF华泰柏瑞,10月,4.8,4.684,2026-10-28,202610,rule_fourth_wednesday,medium,57.0,41.0,11359012.697282402,-1868620.8264984004,9490391.870784001,13227633.523780802,3247.0,1055.0,4302.0,2310.0,342.0,2652.0,0.0638,-0.08430000000000001,1.2009,8232289.376335807,-1066881.1544300308,7165408.221905776,9299170.530765839,7475344.225943042,2015047.6448409597,124.09781407214271,0.6478410582908739,0.3453065134099617,0.5177982738714701,0.12389090453224784,0.6382658453680498,True
沪深300ETF华泰柏瑞,10月,4.9,4.684,2026-10-28,202610,rule_fourth_wednesday,medium,57.0,41.0,22662857.40725425,-387377.11828992004,22275480.288964327,23050234.52554417,8187.0,228.0,8415.0,3735.0,131.0,3866.0,0.06709999999999999,-0.18705000000000002,1.0180500000000001,14207999.607381638,-262027.87572684785,13945971.731654791,14470027.483108485,10116474.402955364,12159005.886008965,151.4362373737383,0.6516721707343627,0.43649122807017543,0.5153862349167165,0.25911162890080486,0.7415319451351515,True
沪深300ETF华泰柏瑞,10月,5.0,4.684,2026-10-28,202610,rule_fourth_wednesday,medium,57.0,41.0,12110768.041013122,-652102.9819888,11458665.05902432,12762871.023001922,6044.0,415.0,6459.0,1914.0,159.0,2073.0,0.07039999999999999,-0.26780000000000004,0.81475,6723312.108712192,-410030.5375905467,6313281.571121645,7133342.646302738,3585368.2654022407,7873296.793622082,101.66080729951352,0.5919667328957143,0.48166392993979207,0.34990511350497955,0.2328539417815953,0.6623900610393596,False
沪深300ETF华泰柏瑞,10月,5.25,4.684,2026-10-28,202610,rule_fourth_wednesday,medium,57.0,41.0,4421663.7980620805,-88187.68998912002,4333476.108072961,4509851.4880512,3961.0,79.0,4040.0,716.0,43.0,759.0,0.0001,-0.33330000000000004,0.5088,1709111.0371858845,-61440.43614568432,1647670.6010402003,1770551.4733315688,751269.81471744,3582206.2933555203,151.97381319631683,0.5416160138642069,0.4512764892374437,0.3625331155986054,0.15318208728010826,0.48411073416283845,False
沪深300ETF华泰柏瑞,12月,4.2,4.684,2026-12-23,202612,rule_fourth_wednesday,medium,113.0,81.0,861303.8969200002,-9930375.936993603,-9069072.040073603,10791679.833913602,1025.0,11517.0,12542.0,329.0,5393.0,5722.0,0.1152,0.33299999999999996,0.388,489256.4953919592,-4623585.971878181,-4134329.476486222,5112842.467270141,-4373583.042435201,-4695488.9976384025,197.11708972994876,0.5168209778220317,0.257663043478261,0.3946199573483101,0.06947906346143819,0.7382706083748167,False
沪深300ETF华泰柏瑞,12月,4.3,4.684,2026-12-23,202612,rule_fourth_wednesday,medium,113.0,81.0,3302839.0861536004,-11196630.118663844,-7893791.032510243,14499469.204817444,3437.0,10949.0,14386.0,97.0,4223.0,4320.0,0.11499999999999999,0.2869,0.45205,1489838.4161244768,-5039543.673223519,-3549705.2570990417,6529382.089347996,-4225296.601898082,-3668494.430612161,170.4552403506724,0.4505863965530522,0.2462253536512099,0.20695980541730855,0.00932231163851569,0.7645626945947588,False
沪深300ETF华泰柏瑞,12月,4.4,4.684,2026-12-23,202612,rule_fourth_wednesday,medium,113.0,81.0,3024220.2474398403,-8284330.561644001,-5260110.31420416,11308550.809083842,2831.0,7075.0,9906.0,94.0,1006.0,1100.0,0.11475,0.23520000000000002,0.5103,1366253.8485321128,-4142947.974231846,-2776694.1256997334,5509201.822763959,-1077540.04607616,-4182570.268128,198.93297175712001,0.47593254811975233,0.21472392638036802,0.08769731381362078,0.0058719743654140795,0.6664690462005091,False
沪深300ETF华泰柏瑞,12月,4.5,4.684,2026-12-23,202612,rule_fourth_wednesday,medium,113.0,81.0,3525039.5851633605,-9034441.074370401,-5509401.4892070405,12559480.659533761,3047.0,7033.0,10080.0,774.0,667.0,1441.0,0.11585,0.17825000000000002,0.5564,1901371.296238285,-4328914.066725381,-2427542.7704870957,6230285.362963665,38617.87633551995,-5548019.365542561,200.62294372499497,0.5092734381854325,0.2844175491679274,0.17442948291357108,0.058034837030666586,0.6832747066614802,True
沪深300ETF华泰柏瑞,12月,4.6,4.684,2026-12-23,202612,rule_fourth_wednesday,medium,113.0,81.0,15209937.688730242,-8865331.077706562,6344606.611023679,24075268.766436804,5111.0,6609.0,11720.0,672.0,498.0,1170.0,0.16394999999999998,0.18374999999999997,0.9839,5242138.747296969,-4981091.870568189,261046.87672878057,10223230.617865158,1331801.03726016,5012805.573763519,125.76189726382263,0.45325706462180126,0.36278938452851506,0.10341645608214835,0.029602495390462075,0.7277746451133225,True
沪深300ETF华泰柏瑞,12月,4.7,4.684,2026-12-23,202612,rule_fourth_wednesday,medium,113.0,81.0,20073227.97062208,-7883207.684772961,12190020.28584912,27956435.655395042,6716.0,5851.0,12567.0,1171.0,565.0,1736.0,0.17754999999999999,0.06954999999999997,0.9882,10243635.010492219,-4207974.39347427,6035660.617017949,14451609.403966488,2738723.26387008,9451297.02197904,123.50012464391553,0.5220514524987074,0.4263431542461006,0.13546221386793275,0.034385184269504446,0.7485221811354076,True
沪深300ETF华泰柏瑞,12月,4.8,4.684,2026-12-23,202612,rule_fourth_wednesday,medium,113.0,81.0,21845651.085104324,-6455484.500088001,15390166.585016323,28301135.585192323,8006.0,4966.0,12972.0,1083.0,682.0,1765.0,0.18945,-0.023799999999999988,0.9181,10789141.506950434,-3604683.149881764,7184458.357068671,14393824.656832198,2068581.9904737603,13321584.594542563,118.81561286596768,0.5261356594057991,0.4830508474576271,0.13630370757976623,0.013216960825628187,0.7522164952345314,True
沪深300ETF华泰柏瑞,12月,4.9,4.684,2026-12-23,202612,rule_fourth_wednesday,medium,113.0,81.0,30672858.591431048,-5954514.654952321,24718343.936478727,36627373.24638337,12884.0,4843.0,17727.0,2233.0,396.0,2629.0,0.1999,-0.10184999999999997,0.82275,15451074.63804312,-2815392.8606744357,12635681.777368685,18266467.498717558,4829203.424617441,19889140.511861287,203.42443859448795,0.488277097111823,0.47839168490153183,0.12754161996853322,0.04917391374063782,0.8095718414716411,True
沪深300ETF华泰柏瑞,12月,5.0,4.684,2026-12-23,202612,rule_fourth_wednesday,medium,113.0,81.0,41607698.17973025,-5619120.076280321,35988578.10344993,47226818.25601057,20983.0,4976.0,25959.0,4030.0,592.0,4622.0,0.21345,-0.16324999999999998,0.70925,20181765.23009669,-3337583.81524514,16844181.41485155,23519349.04534183,7322671.788792962,28665906.314656965,111.70494010337251,0.5395089746508763,0.441571524513096,0.1555156501672691,0.039742276622587905,0.861641343292646,False
沪深300ETF华泰柏瑞,12月,5.25,4.684,2026-12-23,202612,rule_fourth_wednesday,medium,113.0,81.0,15111913.044904962,-2666230.030472,12445683.014432963,17778143.07537696,12889.0,2890.0,15779.0,3141.0,4.0,3145.0,0.24280000000000002,-0.26805,0.47745,8003968.863115059,-1238139.3487043201,6765829.514410739,9242108.211819379,3679025.1226950404,8766657.891737923,190.00469290444414,0.49701229729203605,0.4109724547253082,0.12254012903897828,0.007933864467599751,0.7731346558801468,False
沪深300ETF华泰柏瑞,12月,5.5,4.684,2026-12-23,202612,rule_fourth_wednesday,medium,113.0,81.0,7519701.349209601,-1024246.60006224,6495454.749147361,8543947.949271841,10860.0,1389.0,12249.0,1951.0,26.0,1977.0,0.2824,-0.3185,0.32585,4323003.6643132325,-511986.12971582386,3811017.5345974085,4834989.794029056,1331742.6772432001,5163712.07190416,127.86938819514245,0.5373782083640519,0.39122689824092627,0.09918429730041486,-0.008020043503914472,0.668866496301366,False
沪深300ETF华泰柏瑞,12月,5.75,4.684,2026-12-23,202612,rule_fourth_wednesday,medium,113.0,81.0,3849532.4687875207,-729155.31746368,3120377.1513238405,4578687.7862512,8902.0,1268.0,10170.0,3315.0,0.0,3315.0,0.3521,-0.32735000000000003,0.2296,1086679.2247320963,-360407.5016411959,726271.7230909003,1447086.7263732923,1433520.5722344003,1686856.5790894404,349.09334392330254,0.3882847313405747,0.35074253295511426,0.18619411368231858,0.029565734681737062,0.6154712898360193,False
沪深300ETF华泰柏瑞,12月,6.0,4.684,2026-12-23,202612,rule_fourth_wednesday,medium,113.0,81.0,6705450.106264319,-714172.37040272,5991277.735861599,7419622.476667039,22083.0,1349.0,23432.0,3763.0,21.0,3784.0,0.35655,-0.36385,0.18985,2611562.152343856,-366685.7137496881,2244876.438594168,2978247.8660935443,1131508.3620606398,4859769.373800959,115.79431934089479,0.4514550280204638,0.40222959809510067,0.09298482942260393,0.008765461420987514,0.7314876074835995,False
沪深300ETF华泰柏瑞,3月,4.2,4.684,2027-03-24,202703,rule_fourth_wednesday,medium,204.0,146.0,1331395.5887212802,-2223637.315384,-892241.7266627199,3555032.9041052805,1812.0,3050.0,4862.0,80.0,754.0,834.0,0.1211,0.29865,0.3336,543058.8463057899,-1185901.5852342353,-642842.7389284454,1728960.4315400252,-490931.04462431994,-401310.68203839986,192.92225073428142,0.4706015111051164,0.46594903091498563,0.14568161256468715,0.03880776819211759,0.4711036979774455,False
沪深300ETF华泰柏瑞,3月,4.3,4.684,2027-03-24,202703,rule_fourth_wednesday,medium,204.0,146.0,368727.80189279997,-1680768.4884480003,-1312040.6865552003,2049496.2903408003,453.0,2100.0,2553.0,13.0,144.0,157.0,0.12225,0.25915,0.3679,167072.01105506776,-795022.5683446587,-627950.557289591,962094.5793997265,-104671.10380192002,-1207369.5827532802,195.49520996366547,0.46305763209213924,0.4483394833948339,0.048634500157678964,0.004106009111747669,0.3298583604555549,False
沪深300ETF华泰柏瑞,3月,4.4,4.684,2027-03-24,202703,rule_fourth_wednesday,medium,204.0,146.0,955384.1934336001,-1495980.051288,-540595.8578544,2451364.2447216003,1080.0,1735.0,2815.0,4.0,128.0,132.0,0.12309999999999999,0.21735000000000002,0.3981,422042.68070302845,-702377.723215681,-280335.0425126526,1124420.4039187096,-106827.79164672001,-433768.0662076799,199.83105513745937,0.45563093985843894,0.4432959243945659,0.03873945992101612,0.0002883506343713956,0.346120105895657,False
沪深300ETF华泰柏瑞,3月,4.5,4.684,2027-03-24,202703,rule_fourth_wednesday,medium,204.0,146.0,516527.3970252801,-1700095.7463955204,-1183568.3493702402,2216623.1434208006,547.0,1884.0,2431.0,21.0,56.0,77.0,0.12535,0.17315,0.42085,234989.2823122456,-769929.1253471556,-534939.84303491,1004918.4076594012,-30703.512080640012,-1152864.8372896004,199.64469416335794,0.45390728794337754,0.42434988179669036,0.03405760818515974,-0.010818293683347007,0.3209549910632075,True
沪深300ETF华泰柏瑞,3月,4.6,4.684,2027-03-24,202703,rule_fourth_wednesday,medium,204.0,146.0,3364988.5550419204,-1431902.0690572804,1933086.48598464,4796890.624099201,1319.0,1544.0,2863.0,119.0,278.0,397.0,0.15789999999999998,0.2311,0.7927500000000001,1602519.495836523,-733691.0211134249,868828.474723098,2336210.516949948,45772.24397855994,1887314.24200608,199.67893556614553,0.49431118694798004,0.411514683153014,0.13513583850224106,0.07547974135461522,0.45544730739119516,True
沪深300ETF华泰柏瑞,3月,4.7,4.684,2027-03-24,202703,rule_fourth_wednesday,medium,204.0,146.0,8720871.167454401,-1824952.8341088004,6895918.3333456,10545824.0015632,3229.0,1980.0,5209.0,370.0,26.0,396.0,0.17545,0.11374999999999996,0.82555,4218841.057560341,-814635.7263179319,3404205.3312424095,5033476.783878273,975330.5941174402,5920587.73922816,200.58509640520938,0.4650754973633525,0.3850755667506298,0.06385893621879996,0.02208670113035183,0.5766812314227144,True
沪深300ETF华泰柏瑞,3月,4.8,4.684,2027-03-24,202703,rule_fourth_wednesday,medium,204.0,146.0,4746721.194181122,-1428819.08049216,3317902.1136889616,6175540.274673282,1904.0,1548.0,3452.0,147.0,18.0,165.0,0.1843,0.030450000000000005,0.7785000000000001,2224794.3819483467,-635626.4743006594,1589167.9076476875,2860420.856249006,349860.62272560014,2968041.4909633617,201.23175368968,0.45678135491419314,0.38543897216274087,0.04441689466484268,0.0202974855522351,0.4741413375481512,True
沪深300ETF华泰柏瑞,3月,4.9,4.684,2027-03-24,202703,rule_fourth_wednesday,medium,204.0,146.0,4217648.8068936,-245159.90011808006,3972488.90677552,4462808.70701168,1933.0,277.0,2210.0,74.0,30.0,104.0,0.19695000000000001,-0.03605,0.69895,1948565.897586407,-118612.65820732055,1829953.2393790863,2067178.5557937275,134910.36852960003,3837578.53824592,195.50866911922532,0.47291020702282105,0.3628725072820973,0.07329285579550315,0.050556879579296894,0.39459693834844134,True
沪深300ETF华泰柏瑞,3月,5.0,4.684,2027-03-24,202703,rule_fourth_wednesday,medium,204.0,146.0,3556705.1599296005,-87553.18935360001,3469151.9705760004,3644258.3492832007,1838.0,108.0,1946.0,175.0,0.0,175.0,0.21284999999999998,-0.09044999999999997,0.62575,1712778.0896953894,-38575.24238016007,1674202.8473152292,1751353.3320755495,338641.67736000003,3130510.2932160003,197.45603287169328,0.4610776111346367,0.32166666666666655,0.047606093579978234,0.015134529147982063,0.37199075300478107,False
沪深300ETF华泰柏瑞,3月,5.25,4.684,2027-03-24,202703,rule_fourth_wednesday,medium,204.0,146.0,1926440.6842036801,-60985.55952752001,1865455.12467616,1987426.2437312002,1473.0,83.0,1556.0,224.0,0.0,224.0,0.2334,-0.19279999999999997,0.46549999999999997,958233.4477290236,-27549.05052082626,930684.3972081974,985782.4982498499,292954.99881984,1572500.12585632,194.80386373523265,0.4745710298536333,0.33230663928815873,0.07603530210454854,0.019027484143763214,0.3056510038914848,False
沪深300ETF华泰柏瑞,3月,5.5,4.684,2027-03-24,202703,rule_fourth_wednesday,medium,204.0,146.0,3098196.1763064004,-164344.8793392,2933851.2969672005,3262541.0556456004,3585.0,261.0,3846.0,465.0,9.0,474.0,0.26239999999999997,-0.2532,0.34045,1043376.3461595245,-78434.32364792621,964942.0225115983,1121810.6698074508,396191.01664080005,2537660.2803264004,240.6161666501837,0.40701170766479994,0.32553545435641507,0.08209493579570049,0.028428819444444444,0.4274264597992053,False
沪深300ETF嘉实,9月,4.2,4.889,2026-09-23,202609,rule_fourth_wednesday,medium,22.0,16.0,11171.9448354,-2058969.833261,-2047797.8884256,2070141.7780964,492.0,9550.0,10042.0,73.0,1213.0,1286.0,0.13815,0.49384999999999996,0.04985,6356.624173425193,-516402.570117984,-510045.9459445588,522759.1942914092,-259863.88270311,-1787934.0057224901,1669.3836063058566,0.4098936337097,0.7554396423248884,0.13769484527306006,0.008064788213341223,0.4923340472919632,False
沪深300ETF嘉实,9月,4.3,4.889,2026-09-23,202609,rule_fourth_wednesday,medium,22.0,16.0,31306.064929750002,-1762668.29633265,-1731362.2314028998,1793974.3612624,325.0,5139.0,5464.0,107.0,770.0,877.0,0.1269,0.48935,0.0919,20157.342214305747,-458177.13762232993,-438019.79540802416,478334.4798366357,-253801.77605108998,-1477560.45535181,509.4282840602207,0.45190680986851123,0.46292464217968604,0.23953268370080977,-0.035386296612161,0.41341186550004183,False
沪深300ETF嘉实,9月,4.4,4.889,2026-09-23,202609,rule_fourth_wednesday,medium,22.0,16.0,154131.7267364,-2392138.54912296,-2238006.82238656,2546270.2758593597,490.0,4008.0,4498.0,71.0,1356.0,1427.0,0.11885,0.4777,0.19065,85612.30472200562,-483758.10263575846,-398145.79791375285,569370.4073577641,-786982.96283216,-1451023.8595544,307.97133934998647,0.3788386195868568,0.45181476846057583,0.24161065623854333,0.16162463193804444,0.44776927154883067,False
沪深300ETF嘉实,9月,4.5,4.889,2026-09-23,202609,rule_fourth_wednesday,medium,22.0,16.0,616030.93378485,-3528434.3334669,-2912403.39968205,4144465.26725175,765.0,3410.0,4175.0,92.0,1874.0,1966.0,0.11174999999999999,0.45195,0.3849,333118.8997332023,-1481321.5811704441,-1148202.6814372418,1814440.4809036464,-1865002.02029958,-1047401.37938247,489.63164594725345,0.48028716329839205,0.4373196957776029,0.33491077760527477,0.003136940812059893,0.4997810100134749,False
沪深300ETF嘉实,9月,4.6,4.889,2026-09-23,202609,rule_fourth_wednesday,medium,22.0,16.0,2475584.8980588997,-7904972.73284148,-5429387.83478258,10380557.63090038,1510.0,4601.0,6111.0,178.0,1131.0,1309.0,0.1043,0.4016,0.70235,1353659.4419484062,-1228980.6398572936,124678.8020911126,2582640.0818056995,-1651345.86553046,-3778041.96925212,356.8354170936667,0.3511365968697372,0.670426935091982,0.18184846081545764,0.06389467168385216,0.6248233009836216,False
沪深300ETF嘉实,9月,4.7,4.889,2026-09-23,202609,rule_fourth_wednesday,medium,22.0,16.0,11544566.24425814,-11010480.83267364,534085.4115844984,22555047.076931782,4286.0,4141.0,8427.0,913.0,2316.0,3229.0,0.1012,0.3097,1.11965,6801592.363252725,-5807123.384241878,994468.9790108474,12608715.747494604,-3698785.4581642714,4232870.869748769,245.21520019268945,0.5582887056198939,0.7369962279134405,0.3861521644351135,0.09220389784946237,0.7306024169551224,True
沪深300ETF嘉实,9月,4.8,4.889,2026-09-23,202609,rule_fourth_wednesday,medium,22.0,16.0,20249386.647140402,-14846632.690601699,5402753.956538703,35096019.337742105,4038.0,4185.0,8223.0,2564.0,3589.0,6153.0,0.1585,0.2198,1.7911,11002042.28521272,-12879330.372072164,-1877288.0868594442,23881372.657284886,125435.07819022238,5277318.878348482,139.1040854845761,0.7054094347384411,0.7116714895962519,0.7462772123607094,0.1979456167249374,0.7755610680821102,True
沪深300ETF嘉实,9月,4.9,4.889,2026-09-23,202609,rule_fourth_wednesday,medium,22.0,16.0,57185372.23612026,-19485108.02097972,37700264.21514054,76670480.25709999,9714.0,4996.0,14710.0,4753.0,3480.0,8233.0,0.16549999999999998,0.014200000000000018,2.0473,44809721.09568478,-10575696.689057149,34234024.40662763,55385417.78474193,14407955.066451168,23292309.148689374,134.163779618238,0.6631725193498513,0.5157196969696971,0.592925524277771,0.06578969398321668,0.8578968452876269,True
沪深300ETF嘉实,9月,5.0,4.889,2026-09-23,202609,rule_fourth_wednesday,medium,22.0,16.0,62572956.584636316,-7474835.16896104,55098121.415675275,70047791.75359735,13107.0,2182.0,15289.0,3921.0,875.0,4796.0,0.17755,-0.16829999999999998,1.7152500000000002,20778892.832264613,-3732650.809298108,17046242.022966504,24511543.641562723,15721424.89302193,39376696.52265334,209.36952671575867,0.41571847152866936,0.43986360818350906,0.35008068679864535,0.22884628394669382,0.8388607485240752,True
沪深300ETF嘉实,9月,5.25,4.889,2026-09-23,202609,rule_fourth_wednesday,medium,22.0,16.0,19073329.351812962,-3935674.6689453903,15137654.682867572,23009004.020758353,15322.0,2217.0,17539.0,3607.0,676.0,4283.0,0.23125,-0.37935,0.63175,2142832.682313304,-2403382.41587598,-260549.73356267624,4546215.098189284,3290059.83245884,11847594.850408731,619.0134842188909,0.3615064983455656,0.42663185378590074,0.270164842673325,0.12040590881433122,0.8094034982331576,False
沪深300ETF嘉实,9月,5.5,4.889,2026-09-23,202609,rule_fourth_wednesday,medium,22.0,16.0,4503340.690326,-1389646.52359776,3113694.1667282395,5892987.21392376,9304.0,1296.0,10600.0,1974.0,241.0,2215.0,0.3175,-0.41735,0.32555,1102718.28184956,-811455.814401422,291262.46744813805,1914174.096250982,697045.22155904,2416648.9451691993,1360.8809895553852,0.41439818924478916,0.44664973007303893,0.19906180004883073,0.06387113606204449,0.6372023358756825,False
沪深300ETF嘉实,9月,5.75,4.889,2026-09-23,202609,rule_fourth_wednesday,medium,22.0,16.0,1747888.77418872,-897758.2695066599,850130.50468206,2645647.04369538,7342.0,1173.0,8515.0,1469.0,81.0,1550.0,0.40065,-0.43160000000000004,0.20989999999999998,489465.99288096,-491394.2509819392,-1928.2581009792048,980860.2438628993,287727.05731601996,562403.4473660399,1383.4986508569903,0.4136948319894026,0.758366420873511,0.13456771502082054,0.052483440645352285,0.5083439245403174,False
沪深300ETF嘉实,9月,6.0,4.889,2026-09-23,202609,rule_fourth_wednesday,medium,22.0,16.0,1020744.0768640101,-472600.51518335997,548143.5616806501,1493344.59204737,6899.0,813.0,7712.0,821.0,43.0,864.0,0.4685,-0.4438,0.15255,252737.35789231802,-260998.88411339503,-8261.526221077016,513736.24200571305,96475.26508983,451668.29659082013,2543.059439783371,0.3999311047588253,0.7699441439843959,0.08594664146380557,0.03959501377569697,0.42001781449877645,False
沪深300ETF嘉实,9月,6.25,4.889,2026-09-23,202609,rule_fourth_wednesday,medium,22.0,16.0,2015459.72127507,-167228.76450514,1848230.95676993,2182688.48578021,21133.0,379.0,21512.0,1238.0,10.0,1248.0,0.51475,-0.45749999999999996,0.11224999999999999,201254.35623252226,-91796.24734296543,109458.10888955682,293050.6035754877,113656.01440142,1734574.94236851,564.8332313341494,0.32439074660766687,0.7807973130841122,0.04248329495554415,-0.014080753892292954,0.5519626181109147,False
沪深300ETF嘉实,10月,4.5,4.889,2026-10-28,202610,rule_fourth_wednesday,medium,57.0,41.0,69041.37616208,-1042278.87296896,-973237.49680688,1111320.24913104,56.0,836.0,892.0,17.0,274.0,291.0,0.10465,0.3456,0.5186999999999999,40871.959323865434,-549378.098622675,-508506.13929880963,590250.0579465405,-320649.15816858,-652588.3386383,208.40225728312214,0.5595427191222377,0.25658587987355114,0.3156613123718387,0.31561119293078055,0.23185252733148526,False
沪深300ETF嘉实,10月,4.6,4.889,2026-10-28,202610,rule_fourth_wednesday,medium,57.0,41.0,394656.48054162005,-1498847.6234112,-1104191.14286958,1893504.10395282,269.0,920.0,1189.0,113.0,658.0,771.0,0.10249999999999998,0.28525,0.6476999999999999,252372.02904062648,-1023141.4887791156,-770769.4597384891,1275513.5178197422,-906216.8228621399,-197974.32000744,207.51580548465233,0.6610457037616236,0.15888324873096443,0.5676458703733636,0.7220195263673524,0.3210450155019293,False
沪深300ETF嘉实,10月,4.7,4.889,2026-10-28,202610,rule_fourth_wednesday,medium,57.0,41.0,325399.74446733005,-1338476.4348009604,-1013076.6903336303,1663876.1792682903,201.0,672.0,873.0,179.0,242.0,421.0,0.13579999999999998,0.34425,0.7553000000000001,270323.4845375925,-756698.5854387674,-486375.10090117494,1027022.06997636,-192227.00692299008,-820849.6834106402,190.11283142322307,0.6980429971215495,0.042704626334519546,0.6253331556503199,0.6068667832759691,0.28197056192647374,True
沪深300ETF嘉实,10月,4.8,4.889,2026-10-28,202610,rule_fourth_wednesday,medium,57.0,41.0,930247.2603027,-837737.39026677,92509.87003592995,1767984.6505694701,249.0,371.0,620.0,196.0,184.0,380.0,0.15605,0.18404999999999996,1.25385,714840.1435354778,-623177.373939712,91662.76959576586,1338017.5174751896,316761.20663472,-224251.33659879002,125.57477816959992,0.7561612710028949,0.09882583170254405,0.641552733846437,0.978743961352657,0.2680290835561377,True
沪深300ETF嘉实,10月,4.9,4.889,2026-10-28,202610,rule_fourth_wednesday,medium,57.0,41.0,1797623.2895862598,-477927.86448784004,1319695.4250984197,2275551.1540741,453.0,208.0,661.0,301.0,115.0,416.0,0.1671,0.04479999999999998,1.31075,1127531.704398746,-323699.4444816615,803832.2599170844,1451231.1488804074,930208.2995194697,389487.1255789499,197.33652615483612,0.6522662010493014,0.26081258191349954,0.6086718882662592,0.9065602154674874,0.3001096804583778,True
沪深300ETF嘉实,10月,5.0,4.889,2026-10-28,202610,rule_fourth_wednesday,medium,57.0,41.0,2736894.6321592997,-358120.34875385993,2378774.28340544,3095014.9809131594,755.0,161.0,916.0,419.0,108.0,527.0,0.17409999999999998,-0.07934999999999998,1.2236,1868353.1334746338,-264973.2248286895,1603379.9086459442,2133326.3583033234,1278656.0960342598,1100118.18737118,167.34712896987753,0.7112771649907715,0.3503079109426812,0.6128871704166838,0.8286900871459695,0.34857830977269855,True
沪深300ETF嘉实,10月,5.25,4.889,2026-10-28,202610,rule_fourth_wednesday,medium,57.0,41.0,1352695.4475174397,-170204.84249285,1182490.6050245897,1522900.2900102898,716.0,107.0,823.0,687.0,34.0,721.0,0.20515,-0.28395,0.72795,1176553.7105391896,-90633.76674448124,1085919.9437947085,1267187.4772836708,1243823.7216873798,-61333.11666278997,151.22013828176338,0.701141399251197,0.4931923170435205,0.6386271080248525,0.31216473821873475,0.28172507176515194,False
沪深300ETF嘉实,10月,5.5,4.889,2026-10-28,202610,rule_fourth_wednesday,medium,57.0,41.0,474772.9971390501,-13380.519295800003,461392.4778432501,488153.5164348501,601.0,12.0,613.0,144.0,12.0,156.0,0.23945,-0.372,0.3985,140456.96986909004,-11711.955426518978,128745.01444257106,152168.92529560902,100375.40680740004,361017.0710358501,581.5352348108396,0.585569643104536,0.4588503219726716,0.6198003327787022,5.654684095860566,0.13588507727986687,False
沪深300ETF嘉实,10月,5.75,4.889,2026-10-28,202610,rule_fourth_wednesday,medium,57.0,41.0,422964.95539476,-41088.089799,381876.86559576,464053.04519376,1234.0,50.0,1284.0,1.0,40.0,41.0,0.29145000000000004,-0.39840000000000003,0.24359999999999998,84730.094792208,-34011.19697850129,50718.8978137067,118741.29177070929,-32527.71255606,414404.57815182,1533.0580142712047,0.5140435319897907,0.43910796539714636,0.40040518638573747,2.000405515004055,0.14124978211952158,False
沪深300ETF嘉实,12月,4.4,4.889,2026-12-23,202612,rule_fourth_wednesday,medium,113.0,81.0,521816.35021520004,-1625764.64550342,-1103948.2952882198,2147580.99571862,580.0,1758.0,2338.0,13.0,625.0,638.0,0.11645,0.32589999999999997,0.38165000000000004,251018.390640965,-983946.5014891519,-732928.1108481869,1234964.892130117,-566292.11596953,-537656.17931869,165.56527110320644,0.5431340684730506,0.34303486133884653,0.18896571338903925,0.055885898214184326,0.36578206700050386,False
沪深300ETF嘉实,12月,4.5,4.889,2026-12-23,202612,rule_fourth_wednesday,medium,113.0,81.0,359345.58172832,-1517645.6037616502,-1158300.02203333,1876991.1854899703,352.0,1397.0,1749.0,1.0,113.0,114.0,0.11479999999999999,0.2821,0.44079999999999997,192306.29708213915,-774565.0902287737,-582258.7931466345,966871.3873109128,-121737.86717794,-1036562.1548553902,117.47599523179431,0.5227649088968838,0.25875516743313487,0.041864262705798135,0.012771499960372582,0.2919735917371188,False
沪深300ETF嘉实,12月,4.6,4.889,2026-12-23,202612,rule_fourth_wednesday,medium,113.0,81.0,551918.45523618,-1472346.1640256601,-920427.7087894802,2024264.6192618401,489.0,1194.0,1683.0,0.0,94.0,94.0,0.11465,0.23199999999999998,0.49405,261552.2767689236,-740062.8740593761,-478510.59729045245,1001615.1508282997,-115913.34959666,-804514.3591928203,159.34518223465244,0.4882692478471189,0.5339097022094139,0.03936348408710218,0.042727272727272725,0.29334641108589005,False
沪深300ETF嘉实,12月,4.7,4.889,2026-12-23,202612,rule_fourth_wednesday,medium,113.0,81.0,1180302.34753704,-860409.93685132,319892.41068572004,2040712.28438836,969.0,652.0,1621.0,1.0,1.0,2.0,0.11845,0.1756,0.53085,555800.254364523,-408916.1650661671,146884.08929835592,964716.4194306901,-101.58486425000001,319993.99554996996,159.29525850552528,0.4730769400106507,0.3417765440666205,0.0012828670376771956,0.001284578080765764,0.2711123147195292,True
沪深300ETF嘉实,12月,4.8,4.889,2026-12-23,202612,rule_fourth_wednesday,medium,113.0,81.0,3436809.5663775997,-948740.4860604,2488069.0803171997,4385550.052438,1120.0,682.0,1802.0,82.0,3.0,85.0,0.1653,0.18339999999999998,0.9329000000000001,1717930.6891347957,-451452.14112374635,1266478.5480110494,2169382.830258542,247450.21229176,2240618.86802544,159.58720964531136,0.4878528548225025,0.3832077502691066,0.03880655634687893,0.02606254459698104,0.37401827734092263,True
沪深300ETF嘉实,12月,4.9,4.889,2026-12-23,202612,rule_fourth_wednesday,medium,113.0,81.0,3471798.73995024,-897627.7628339998,2574170.97711624,4369426.50278424,1112.0,660.0,1772.0,97.0,33.0,130.0,0.1813,0.07500000000000001,0.9376,1765096.7560854047,-441681.21636552445,1323415.53971988,2206777.972450929,257964.36525324,2316206.6118630003,159.01771336553895,0.5002318724730365,0.4720421393841167,0.06861510791366907,0.051355612883405094,0.3798978464709928,True
沪深300ETF嘉实,12月,5.0,4.889,2026-12-23,202612,rule_fourth_wednesday,medium,113.0,81.0,4320347.38902852,-1144488.5438899,3175858.8451386206,5464835.93291842,1506.0,869.0,2375.0,111.0,50.0,161.0,0.19304999999999997,-0.014499999999999985,0.8755999999999999,2179537.8013375965,-566343.3636307735,1613194.437706823,2745881.16496837,252581.08451762004,2923277.760621,158.23180907877105,0.49966306845546715,0.48262548262548255,0.06562128929620986,0.028553545469229526,0.43995449375409296,True
沪深300ETF嘉实,12月,5.25,4.889,2026-12-23,202612,rule_fourth_wednesday,medium,113.0,81.0,5169470.41088043,-1313256.6178674402,3856213.7930129897,6482727.02874787,2677.0,1138.0,3815.0,73.0,0.0,73.0,0.21815,-0.17684999999999998,0.64535,2367603.0767385066,-620919.2928669624,1746683.783871544,2988522.369605469,140968.00149207,3715245.7915209197,175.0635669084429,0.46540301274145635,0.3,0.01363466567052671,0.009904761904761904,0.46338239788339985,False
沪深300ETF嘉实,12月,5.5,4.889,2026-12-23,202612,rule_fourth_wednesday,medium,113.0,81.0,3708899.2472490002,-831564.1378221001,2877335.1094269003,4540463.385071101,3150.0,890.0,4040.0,583.0,0.0,583.0,0.24945,-0.27,0.44175,1910421.915386516,-393112.6249342431,1517309.2904522729,2303534.540320759,686440.71782418,2190894.39160272,178.87600413377027,0.4939150697088568,0.3,0.09253968253968253,0.029233870967741934,0.4777972062060239,False
沪深300ETF嘉实,12月,5.75,4.889,2026-12-23,202612,rule_fourth_wednesday,medium,113.0,81.0,1926386.0489060997,-599286.64085472,1327099.4080513797,2525672.68976082,2682.0,784.0,3466.0,362.0,0.0,362.0,0.28459999999999996,-0.31875,0.31015,731456.1911574556,-288642.9939435319,442813.1972139237,1020099.1851009874,260011.83807009997,1067087.5699812798,245.40088464848054,0.4306740722961298,0.3,0.06748695003728561,0.01517479830964272,0.3868173595347944,False
沪深300ETF嘉实,12月,6.0,4.889,2026-12-23,202612,rule_fourth_wednesday,medium,113.0,81.0,1180656.5799342599,-263716.69782510004,916939.8821091598,1444373.27775936,2574.0,410.0,2984.0,135.0,0.0,135.0,0.3195,-0.3468,0.23049999999999998,260900.335146312,-127537.17844867095,133363.15669764104,388437.5135949829,61922.547898649995,855017.3342105097,381.11107756419494,0.35229668368044564,0.3,0.026223776223776224,0.016452648475120384,0.2977313907093466,False
沪深300ETF嘉实,12月,6.25,4.889,2026-12-23,202612,rule_fourth_wednesday,medium,113.0,81.0,2462294.7295364803,-172906.04378906,2289388.6857474204,2635200.77332554,7816.0,311.0,8127.0,3489.0,0.0,3489.0,0.35405,-0.36369999999999997,0.1822,538151.2728740273,-86099.2915501806,452051.9813238467,624250.5644242079,1099148.7092314202,1190239.976516,523.548736906074,0.3582555057044966,0.3,0.22319600818833163,0.04926212227687983,0.5302014413757901,False
沪深300ETF嘉实,3月,4.4,4.889,2027-03-24,202703,rule_fourth_wednesday,medium,204.0,146.0,366685.26743779005,-964333.1651647501,-597647.89772696,1331018.4326025401,469.0,1251.0,1720.0,65.0,890.0,955.0,0.12204999999999999,0.2925,0.3248,193655.7566979314,-732271.1632096546,-538615.4065117232,925926.9199075861,-635236.4487083501,37588.55098139006,157.8307620383363,0.6437401115390903,0.4423903532212393,0.4250118029243982,0.10439576363817032,0.31366157376177417,False
沪深300ETF嘉实,3月,4.5,4.889,2027-03-24,202703,rule_fourth_wednesday,medium,204.0,146.0,211737.75448566,-387936.10396926,-176198.3494836,599673.85845492,246.0,462.0,708.0,48.0,91.0,139.0,0.12315,0.25434999999999997,0.3557,116240.63856497385,-214149.4438713047,-97908.80530633086,330390.0824362786,-35096.97304034999,-141101.37644325,159.89387472483367,0.550503229857975,0.427891156462585,0.19604582409460458,0.12416666666666668,0.15391546729823283,False
沪深300ETF嘉实,3月,4.6,4.889,2027-03-24,202703,rule_fourth_wednesday,medium,204.0,146.0,336175.62784376,-627669.9299725902,-291494.30212883017,963845.5578163501,361.0,713.0,1074.0,45.0,10.0,55.0,0.1273,0.21249999999999997,0.37895,174986.1978057274,-299914.2565865651,-124928.05878083772,474900.45439229254,33102.3243529,-324596.62648173014,160.70612836568657,0.49917089431824746,0.3851422550052688,0.0693394925269918,0.034023668639053255,0.1913739846605578,False
沪深300ETF嘉实,3月,4.7,4.889,2027-03-24,202703,rule_fourth_wednesday,medium,204.0,146.0,281441.22493944,-249561.74332889996,31879.481610540068,531002.96826834,284.0,270.0,554.0,200.0,10.0,210.0,0.12825,0.17109999999999997,0.40065,212661.39194604786,-121419.20931308411,91242.18263296376,334080.601259132,188955.0182013,-157075.53659075993,158.97473532396003,0.6210726895707747,0.38806620209059234,0.3706311945748565,0.1858974358974359,0.15017064760150933,True
沪深300ETF嘉实,3月,4.8,4.889,2027-03-24,202703,rule_fourth_wednesday,medium,204.0,146.0,1095108.738936,-189548.99087815,905559.74805785,1284657.7298141501,415.0,199.0,614.0,119.0,44.0,163.0,0.16095,0.2283,0.7512500000000001,642012.368331546,-106735.1540525759,535277.21427897,748747.5223841219,272108.80272820004,633450.9453296501,158.61621268138427,0.5746775329728923,0.3870733478576616,0.2539262577949991,0.16464656418341872,0.21821391841832724,True
沪深300ETF嘉实,3月,4.9,4.889,2027-03-24,202703,rule_fourth_wednesday,medium,204.0,146.0,1396507.4458176,-212511.47261643,1183995.97320117,1609018.91843403,510.0,221.0,731.0,25.0,130.0,155.0,0.17645,0.11674999999999999,0.7739499999999999,688046.4656369255,-150291.68106388408,537754.7845730415,838338.1467008096,-56550.5012539,1240546.47445507,159.37144053370523,0.5999538279651927,0.38036529680365294,0.3186274509803922,0.1324699509057051,0.24202973022211502,True
沪深300ETF嘉实,3月,5.0,4.889,2027-03-24,202703,rule_fourth_wednesday,medium,204.0,146.0,821147.98437672,-489356.9982972,331790.98607952,1310504.98267392,312.0,517.0,829.0,1.0,77.0,78.0,0.18585000000000002,0.03810000000000002,0.74855,391695.96969466016,-260351.60882212216,131344.360872538,652047.5785167823,-70251.07262789,402042.05870741006,157.3864662430023,0.504519086689177,0.3657632319099975,0.07607064920894707,0.02434077079107505,0.2147480940587153,True
沪深300ETF嘉实,3月,5.25,4.889,2027-03-24,202703,rule_fourth_wednesday,medium,204.0,146.0,1253657.1365467801,-94585.06954515,1159072.06700163,1348242.2060919302,658.0,111.0,769.0,198.0,30.0,228.0,0.21380000000000002,-0.10440000000000002,0.5768,750967.3231179846,-54934.48765811535,696032.8354598692,805901.8107760999,351676.7610586801,807395.30594295,155.41066178048402,0.5899078954503356,0.3315753069341172,0.28559106218680685,0.2833670033670034,0.2382593229046135,False
沪深300ETF嘉实,3月,5.5,4.889,2027-03-24,202703,rule_fourth_wednesday,medium,204.0,146.0,1621110.86360472,-59728.314830849995,1561382.5487738699,1680839.17843557,1226.0,81.0,1307.0,339.0,10.0,349.0,0.24089999999999998,-0.1956,0.43085,942227.7867690646,-31872.939279229075,910354.8474898356,974100.7260482936,440877.83279857994,1120504.71597529,153.2067398102496,0.5574277606299991,0.3140558209705808,0.19998288119549673,0.16556816627922877,0.29038430669693194,False
沪深300ETF嘉实,3月,5.75,4.889,2027-03-24,202703,rule_fourth_wednesday,medium,204.0,146.0,736481.42195373,-56312.91218316,680168.5097705701,792794.33413689,821.0,87.0,908.0,383.0,15.0,398.0,0.26755,-0.2503,0.32305,284724.97360306204,-31635.690736361343,253089.2828667007,316360.6643394234,333862.60024059005,346305.90952998004,320.5096008025304,0.474192832005874,0.31907378335949754,0.31945902809861815,0.20873220422189495,0.20938619253248514,False
沪深300ETF嘉实,3月,6.0,4.889,2027-03-24,202703,rule_fourth_wednesday,medium,204.0,146.0,1004470.1816111602,-206501.71204739998,797968.4695637602,1210971.8936585602,1639.0,357.0,1996.0,491.0,60.0,551.0,0.2892,-0.2899,0.2492,321258.8585726481,-118367.46381469101,202891.39475795708,439626.3223873391,266205.88553404005,531762.5840297202,356.6370815808382,0.4465162345161391,0.33482035206173133,0.23382006860096083,0.020585874156495362,0.29623607903768223,False
中证500ETF南方,9月,6.25,7.881,2026-09-23,202609,rule_fourth_wednesday,medium,22.0,16.0,34563.06239328,-4048002.4147041603,-4013439.35231088,4082565.4770974405,592.0,15592.0,16184.0,76.0,3029.0,3105.0,0.2189,0.49195,0.025599999999999998,18537.742752696762,-1684649.290039359,-1666111.547286662,1703187.0327920557,-781953.2627545801,-3231486.0895563005,181.768771110464,0.47625677401122885,0.46718231352163836,0.16132233439185723,0.025940874927028606,0.6294698258105071,False
中证500ETF南方,9月,6.385,7.881,2026-09-23,202609,rule_fourth_wednesday,medium,22.0,16.0,147394.86527232,-19869641.73025848,-19722246.86498616,20017036.5955308,1236.0,61998.0,63234.0,22.0,1189.0,1211.0,0.2052,0.48945,0.0354,71522.55134266584,-2801709.86170392,-2730187.3103612545,2873232.413046586,-378437.21097300004,-19343809.65401316,379.20231327890167,0.31312453661819545,0.4540182270091135,0.018488695376017453,-0.014282382672075928,0.8000089909548828,False
中证500ETF南方,9月,6.5,7.881,2026-09-23,202609,rule_fourth_wednesday,medium,22.0,16.0,68252.85592290002,-3951488.19332304,-3883235.33740014,4019741.04924594,330.0,9818.0,10148.0,66.0,3458.0,3524.0,0.19615,0.4856,0.049049999999999996,37716.265672010195,-1924042.1789842944,-1886325.9133122843,1961758.4446563045,-1378103.9788776601,-2505131.3585224804,238.3575625763134,0.519755995162009,0.4511939516430871,0.27610511305764923,0.049209303020791295,0.5948081223872808,False
中证500ETF南方,9月,6.631,7.881,2026-09-23,202609,rule_fourth_wednesday,medium,22.0,16.0,136170.31697640003,-35157236.14297845,-35021065.826002054,35293406.45995485,378.0,61863.0,62241.0,25.0,3805.0,3830.0,0.192,0.47714999999999996,0.07475,66749.52823047493,-13123980.060382288,-13057230.532151813,13190729.588612763,-2153405.8644907502,-32867659.961511303,242.23278386083382,0.43174266175916853,0.4429212362911266,0.06382222211958888,-0.00807855032122074,0.8693309797317813,False
中证500ETF南方,9月,6.75,7.881,2026-09-23,202609,rule_fourth_wednesday,medium,22.0,16.0,351136.06860384,-25629033.732172746,-25277897.663568906,25980169.800776586,624.0,34018.0,34642.0,109.0,10375.0,10484.0,0.187,0.4664,0.10595,208163.30449322247,-11249026.67862501,-11040863.374131788,11457189.983118232,-7755149.855754811,-17522747.807814095,83.40876208938893,0.515872673603256,0.43213296398891954,0.23983254152025096,0.03533155198818408,0.8822037096305634,False
中证500ETF南方,9月,6.876,7.881,2026-09-23,202609,rule_fourth_wednesday,medium,22.0,16.0,1018430.2475427601,-19041490.308650494,-18023060.061107732,20059920.556193255,1196.0,19197.0,20393.0,43.0,9440.0,9483.0,0.18050000000000002,0.45080000000000003,0.1484,466569.81014263944,-9162849.735751137,-8696279.925608497,9629419.545893777,-9326913.316630471,-8696146.74447726,294.8423762229246,0.4696654347909234,0.5589171762694474,0.2638483394231575,-0.00498151699692435,0.836954708762324,False
中证500ETF南方,9月,7.0,7.881,2026-09-23,202609,rule_fourth_wednesday,medium,22.0,16.0,1610827.0255350003,-61021841.293791994,-59411014.26825699,62632668.319327,1330.0,47031.0,48361.0,104.0,29603.0,29707.0,0.17529999999999998,0.42895,0.20195000000000002,744051.1239168604,-47731908.71693476,-46987857.593017906,48475959.84085162,-38283378.43066587,-21127635.837591123,125.8975254673079,0.62205825816616,0.6834550561797753,0.3538156963500158,0.011570839758605789,0.9307958587116905,False
中证500ETF南方,9月,7.122,7.881,2026-09-23,202609,rule_fourth_wednesday,medium,22.0,16.0,1395648.85715694,-21402825.46462899,-20007176.60747205,22798474.32178593,857.0,12911.0,13768.0,66.0,10195.0,10261.0,0.16949999999999998,0.4007,0.26455,621448.7646683814,-12467603.087634094,-11846154.322965713,13089051.852302475,-16792974.533518832,-3214202.0739532197,324.28912095115373,0.5138986191059576,0.7969584975691772,0.433324789667201,-0.03050909090909091,0.8126370480518776,False
中证500ETF南方,9月,7.25,7.881,2026-09-23,202609,rule_fourth_wednesday,medium,22.0,16.0,6772721.7630357,-76523316.39362673,-69750594.63059103,83296038.15666243,3210.0,36269.0,39479.0,1357.0,55464.0,56821.0,0.16385,0.3621,0.3397,4752535.626389292,-66267620.53729195,-61515084.91090266,71020156.16368124,-73660206.29006304,3909611.6594720096,52.76171019145542,0.7838483524134612,0.8651621565792191,0.9759906398614232,0.08225088294977338,0.9402508505955399,False
中证500ETF南方,9月,7.367,7.881,2026-09-23,202609,rule_fourth_wednesday,medium,22.0,16.0,8170691.0558076,-29545167.57965136,-21374476.523843758,37715858.63545896,3193.0,11479.0,14672.0,459.0,22172.0,22631.0,0.1604,0.31695,0.4132,3744358.621321706,-24058853.752886746,-20314495.13156504,27803212.37420845,-28370614.74701256,6996138.2231688,178.07883867298642,0.6362873205429764,0.800291447895346,1.0376395469584883,-0.05524360127081871,0.8573240896206827,False
中证500ETF南方,9月,7.5,7.881,2026-09-23,202609,rule_fourth_wednesday,medium,22.0,16.0,50744394.073217526,-177658559.2183128,-126914165.14509527,228402953.2915303,17823.0,57139.0,74962.0,16289.0,128587.0,144876.0,0.227,0.3471,0.47950000000000004,37826223.71989488,-140468444.18264064,-102642220.46274576,178294667.90253553,-131281662.22798344,4367497.08288816,46.15271140252134,0.7680459364412746,0.6852643210137097,1.5821779202773065,-0.022717259665774814,0.9763508179339844,True
中证500ETF南方,9月,7.613,7.881,2026-09-23,202609,rule_fourth_wednesday,medium,22.0,16.0,23620261.315196253,-32559442.014158465,-8939180.698962212,56179703.32935472,4955.0,9239.0,14194.0,2480.0,22587.0,25067.0,0.2496,0.2452,0.66745,14425483.531761447,-21330793.020631976,-6905309.488870529,35756276.55239342,-20737393.969418466,11798213.270456253,231.6916334479677,0.6329294195970061,0.6315093545790378,1.4726248215758038,-0.17230991612518387,0.8636719663733692,True
中证500ETF南方,9月,7.75,7.881,2026-09-23,202609,rule_fourth_wednesday,medium,22.0,16.0,246457865.30650365,-212776047.96375927,33681817.34274438,459233913.27026296,43197.0,54918.0,98115.0,75910.0,133625.0,209535.0,0.25575000000000003,0.13720000000000002,0.7712,201329628.53227845,-191390916.4021703,9938712.130108148,392720544.9344487,33681817.34274438,0.0,8.993073536171588,0.8581936690249441,0.5371449520324303,2.0952355274691072,-0.03157601616585486,0.987156826347207,True
中证500ETF南方,9月,7.859,7.881,2026-09-23,202609,rule_fourth_wednesday,medium,22.0,16.0,47516971.23039385,-34745212.8624447,12771758.36794915,82262184.09283856,7896.0,8734.0,16630.0,9997.0,12091.0,22088.0,0.2596,0.0489,0.8047,37995851.49544681,-33758220.575184815,4237630.920261994,71754072.07063162,12771758.36794915,0.0,142.98725245280994,0.8856101980377521,0.4474855362705831,1.325222032866467,0.021896991525505585,0.8897678764572552,True
中证500ETF南方,9月,8.0,7.881,2026-09-23,202609,rule_fourth_wednesday,medium,22.0,16.0,421685738.4052685,-183993080.13125804,237692658.27401045,605678818.5365266,73216.0,47074.0,120290.0,169575.0,72575.0,242150.0,0.2658,-0.062,0.7783,337828163.1502706,-150534784.67466584,187293378.47560474,488362947.8249364,237692658.27401045,0.0,28.378584769243197,0.8096459366853088,0.4753208292201382,1.9289068279078936,0.10847288117687834,0.9948347604299509,True
中证500ETF南方,9月,8.104,7.881,2026-09-23,202609,rule_fourth_wednesday,medium,22.0,16.0,75482662.50937657,-23698026.96337791,51784635.54599866,99180689.47275448,14296.0,6479.0,20775.0,33326.0,1249.0,34575.0,0.2734,-0.13555,0.7195,54471114.34887176,-11970202.58872222,42500911.76014954,66441316.93759398,70914235.95014536,-19129600.4041467,184.25237037770455,0.6133756585331162,0.49389110225763605,1.2619591205645408,0.11534693939477894,0.9133299588530049,True
中证500ETF南方,9月,8.25,7.881,2026-09-23,202609,rule_fourth_wednesday,medium,22.0,16.0,263965190.54023987,-37621033.81045705,226344156.72978282,301586224.3506969,61665.0,11498.0,73163.0,94420.0,10331.0,104751.0,0.28405,-0.22235000000000002,0.6080000000000001,210814651.41523144,-33991170.317901894,176823481.09732956,244805821.73313332,230162537.87927,-3818381.1494871615,52.44224929535454,0.8510803514305338,0.474020618556701,1.2148403029758492,0.046032956192857875,0.9733551985215312,True
中证500ETF南方,9月,8.35,7.881,2026-09-23,202609,rule_fourth_wednesday,medium,22.0,16.0,51885690.64125049,-20700660.777999844,31185029.863250647,72586351.41925034,14574.0,6996.0,21570.0,14557.0,494.0,15051.0,0.29415,-0.2691,0.5248,39354223.56970896,-9187937.531255439,30166286.03845352,48542161.1009644,50363457.549365886,-19178427.686115243,212.33560559113084,0.6011634361376142,0.4604152005629839,0.5347226586691542,0.03684446840442218,0.8943340669873736,False
中证500ETF南方,9月,8.5,7.881,2026-09-23,202609,rule_fourth_wednesday,medium,22.0,16.0,127755448.51804344,-10469209.237153921,117286239.28088953,138224657.75519738,49708.0,4164.0,53872.0,48622.0,1009.0,49631.0,0.31315,-0.321,0.4093,102017979.92036201,-5609140.092471396,96408839.82789062,107627120.0128334,122427452.57698044,-5141213.296090914,121.16932221094288,0.6671580405766646,0.44523470839260315,0.6102337458635472,0.05535376652577327,0.9522556529931279,False
中证500ETF南方,9月,8.595,7.881,2026-09-23,202609,rule_fourth_wednesday,medium,22.0,16.0,25727111.887407843,-10493327.854873441,15233784.032534402,36220439.74228129,12753.0,4611.0,17364.0,7367.0,544.0,7911.0,0.3241,-0.34685,0.3456,11090114.082163874,-4917025.456188549,6173088.625975325,16007139.538352422,13623739.595028002,1610044.4375064,372.49806556822386,0.44982654895176766,0.44093840900467945,0.3478233730810835,0.010944677643791232,0.8521805051544531,False
中证500ETF南方,9月,8.75,7.881,2026-09-23,202609,rule_fourth_wednesday,medium,22.0,16.0,40670447.689651504,-1919166.7088034004,38751280.980848104,42589614.398454905,28910.0,980.0,29890.0,18653.0,160.0,18813.0,0.34299999999999997,-0.3767,0.27090000000000003,11747778.338635797,-970458.5021568321,10777319.836478965,12718236.840792628,25927616.53024965,12823664.450598452,370.0449725554331,0.3972597688107224,0.4451068858094318,0.4042372881355932,0.001847379201237868,0.9016015946717351,False
中证500ETF南方,9月,8.841,7.881,2026-09-23,202609,rule_fourth_wednesday,medium,22.0,16.0,13066949.330133844,-5817548.230065,7249401.100068844,18884497.560198843,11714.0,3250.0,14964.0,8562.0,155.0,8717.0,0.33765,-0.4005,0.2339,7121483.275191662,-2720071.8062856593,4401411.468906002,9841555.081477322,9273445.784533624,-2024044.6844647792,270.1346369210395,0.5062814719378886,0.46220377962203785,0.3893062870201337,0.04371328861487353,0.8075371053326965,False
中证500ETF南方,9月,9.0,7.881,2026-09-23,202609,rule_fourth_wednesday,medium,22.0,16.0,9480255.229818542,-1434401.24990967,8045853.979908871,10914656.47972821,12542.0,919.0,13461.0,4839.0,202.0,5041.0,0.38280000000000003,-0.40345,0.1865,2791192.0926935407,-788730.6341921875,2002461.4585013534,3579922.726885728,3342419.1848135707,4703434.7950953,264.85527266544955,0.4221445611788427,0.44469967670580235,0.30281388376187673,0.07859554397371019,0.7402172370949927,False
中证500ETF南方,9月,9.086,7.881,2026-09-23,202609,rule_fourth_wednesday,medium,22.0,16.0,4591593.028182601,-2828760.07902264,1762832.9491599607,7420353.10720524,7305.0,1948.0,9253.0,1543.0,114.0,1657.0,0.3922,-0.41205,0.1675,694050.2425351442,-1391737.787283153,-697687.5447480088,2085788.0298182974,804316.6473242402,958516.3018357204,404.7137245566001,0.3215762195775236,0.4498844713568639,0.13487337440109515,0.03264775183460635,0.6325433635493756,False
中证500ETF南方,9月,9.25,7.881,2026-09-23,202609,rule_fourth_wednesday,medium,22.0,16.0,20288501.4762135,-2257833.5414848803,18030667.93472862,22546335.01769838,36910.0,1741.0,38651.0,7667.0,405.0,8072.0,0.44015000000000004,-0.41195000000000004,0.14865,1947530.1753520903,-1288425.5462971786,659104.6290549117,3235955.7216492686,3689129.2833445496,14341538.651384069,676.5019651880966,0.333319323331684,0.4456544575950699,0.22017320644733895,0.1536087234434435,0.8655586849374425,False
中证500ETF南方,9月,9.332,7.881,2026-09-23,202609,rule_fourth_wednesday,medium,22.0,16.0,3290114.3549306407,-1207010.3605741803,2083103.9943564604,4497124.715504821,8264.0,1037.0,9301.0,940.0,82.0,1022.0,0.41085,-0.43525,0.12575,170921.969861119,-619863.1224880695,-448941.15262695047,790785.0923491884,278795.12188392004,1804308.8724725402,396.3789298498085,0.2827513031905163,0.4670723461798511,0.09641031122429453,0.020713441179846276,0.5621471542593788,False
中证500ETF南方,9月,9.578,7.881,2026-09-23,202609,rule_fourth_wednesday,medium,22.0,16.0,3585106.5646001403,-1019043.8959334401,2566062.6686667004,4604150.460533581,12603.0,986.0,13589.0,920.0,130.0,1050.0,0.4746,-0.43270000000000003,0.1061,582697.1583691922,-556116.8154642681,26580.342904924066,1138813.9738334604,127350.6741144,2438711.9945523003,466.883896415709,0.35412841637558545,0.9211449591907115,0.10242216710371449,0.016070189952694908,0.5947467744662134,False
中证500ETF南方,9月,9.823,7.881,2026-09-23,202609,rule_fourth_wednesday,medium,22.0,16.0,3717032.2731738007,-1114763.1072537603,2602269.1659200406,4831795.380427561,14249.0,1216.0,15465.0,1157.0,233.0,1390.0,0.53285,-0.43345,0.09480000000000001,1184818.8384735482,-642959.2171085669,541859.6213649813,1827778.055582115,88216.30387152001,2514052.8620485202,258.50165582039125,0.4477607798865728,0.46236180904522617,0.13640526135721437,0.026787809367092873,0.6262797076544571,False
中证500ETF南方,9月,10.314,7.881,2026-09-23,202609,rule_fourth_wednesday,medium,22.0,16.0,2623158.0552675603,-1980391.1789075402,642766.8763600201,4603549.234175101,17309.0,2559.0,19868.0,730.0,152.0,882.0,0.64405,-0.4308,0.0745,510591.4573346241,-1059266.7786854987,-548675.3213508746,1569858.236020123,-7001.057347919996,649767.9337079402,311.96133925382804,0.3647625813492171,0.4592577813248206,0.05078639683796336,-0.013968565863608194,0.6220196757150664,False
中证500ETF南方,10月,6.75,7.881,2026-10-28,202610,rule_fourth_wednesday,medium,57.0,41.0,56100.381821639996,-4671435.6401481,-4615335.258326461,4727536.02196974,52.0,4330.0,4382.0,2.0,3924.0,3926.0,0.0001,0.3507,0.1737,26856.505438925207,-3522599.538671168,-3495743.033232243,3549456.0441100933,-4231263.41354754,-384071.84477892006,153.17772381324303,0.6163972418056856,0.30472222222222234,0.47234855214069993,0.350138036809816,0.5584837356941565,False
中证500ETF南方,10月,7.0,7.881,2026-10-28,202610,rule_fourth_wednesday,medium,57.0,41.0,272692.7985656701,-6061157.3246408105,-5788464.526075141,6333850.12320648,207.0,4601.0,4808.0,19.0,2476.0,2495.0,0.0001,0.2953,0.2121,131477.14664934747,-3042121.7544645686,-2910644.607815221,3173598.901113916,-3236744.9568881704,-2551719.56918697,292.45267188168566,0.49202412677032353,0.22138782163232035,0.31496566068918014,0.09091435660954118,0.5816613111563012,False
中证500ETF南方,10月,7.25,7.881,2026-10-28,202610,rule_fourth_wednesday,medium,57.0,41.0,697293.3867019201,-5595167.767417381,-4897874.3807154605,6292461.154119301,456.0,3659.0,4115.0,73.0,2825.0,2898.0,0.0001,0.2319,0.2462,338443.4741150965,-3677874.664060867,-3339431.1899457704,4016318.1381759634,-4208226.75483264,-689647.6258828202,268.852937175321,0.5713489683746533,0.038278649548264376,0.4660782952872753,0.02523352128372954,0.5707766162956543,False
中证500ETF南方,10月,7.5,7.881,2026-10-28,202610,rule_fourth_wednesday,medium,57.0,41.0,1609720.8435675902,-5631478.609741201,-4021757.7661736105,7241199.453308791,949.0,3320.0,4269.0,266.0,4162.0,4428.0,0.0001,0.1623,0.2731,816775.4718707764,-4497001.562936192,-3680226.091065416,5313777.034806969,-5180281.829563141,1158524.0633895302,253.85554239259613,0.6529745755695902,0.0,0.7669547526248301,0.24543587391902916,0.6036646725063559,True
中证500ETF南方,10月,7.75,7.881,2026-10-28,202610,rule_fourth_wednesday,medium,57.0,41.0,5153050.250574301,-8057168.587938243,-2904118.3373639416,13210218.838512544,2855.0,4464.0,7319.0,2121.0,3520.0,5641.0,0.0001,0.08930000000000002,0.2906,3909519.756050837,-6039726.713043561,-2130206.956992724,9949246.4690944,-2525084.868845342,-379033.4685186001,148.51163577719856,0.7541448873119299,0.08080155138978673,0.7657188231675549,0.16964430715313783,0.7142678411696448,True
中证500ETF南方,10月,8.0,7.881,2026-10-28,202610,rule_fourth_wednesday,medium,57.0,41.0,12491116.710978692,-3569154.8119505104,8921961.899028182,16060271.522929203,6751.0,1929.0,8680.0,3833.0,2108.0,5941.0,0.0001,0.015499999999999986,0.2979,5800625.240124419,-3262748.496773004,2537876.7433514153,9063373.736897424,3522898.269545761,5399063.629482421,169.2485652295467,0.6892658065500482,0.23938181009561937,0.8302809659978565,0.21341274201079247,0.7456035445173722,True
中证500ETF南方,10月,8.25,7.881,2026-10-28,202610,rule_fourth_wednesday,medium,57.0,41.0,6649655.447827079,-1270179.49981923,5379475.948007849,7919834.94764631,3628.0,693.0,4321.0,2855.0,456.0,3311.0,0.0001,-0.056599999999999984,0.2951,4592939.67149732,-864199.862918929,3728739.8085783906,5457139.534416249,4397057.17181289,982418.7761949596,170.97783348669756,0.6855397882228844,0.37108013937282225,0.7224718041972729,0.36409362163837866,0.6025299476922723,True
中证500ETF南方,10月,8.5,7.881,2026-10-28,202610,rule_fourth_wednesday,medium,57.0,41.0,4685657.624813881,-163698.78253482,4521958.842279061,4849356.407348701,2662.0,93.0,2755.0,3004.0,80.0,3084.0,0.0001,-0.12480000000000002,0.2834,2833449.446036364,-128436.63296570306,2705012.813070661,2961886.079002067,4544841.467794681,-22882.62551562,305.0757576781191,0.6946490712768596,0.4057617797775279,0.9943449423588053,1.0791833254938852,0.520253299391576,False
中证500ETF南方,10月,8.75,7.881,2026-10-28,202610,rule_fourth_wednesday,medium,57.0,41.0,4499666.884394551,-211922.97484005,4287743.909554501,4711589.8592346,2739.0,129.0,2868.0,2005.0,40.0,2045.0,0.0001,-0.1876,0.2645,2031549.709119285,-123962.5092615164,1907587.1998577686,2155512.2183808014,3228129.0353542506,1059614.87420025,262.7552170431645,0.5182151272476441,0.4919617224880383,0.5210482522054392,0.18663921299473807,0.5029894580315423,False
中证500ETF南方,10月,9.0,7.881,2026-10-28,202610,rule_fourth_wednesday,medium,57.0,41.0,2319262.9751203205,-736724.64351438,1582538.3316059406,3055987.6186347003,1552.0,493.0,2045.0,1644.0,486.0,2130.0,0.0001,-0.24370000000000003,0.2406,1881376.6831255925,-642336.4163564785,1239040.266769114,2523713.099482071,1592998.9249215606,-10460.59331562003,152.86038962026842,0.8415385983781598,0.4859790874524714,1.0225397837770016,6.1622119921212954,0.4264430974972057,False
中证500ETF南方,12月,6.25,7.881,2026-12-23,202612,rule_fourth_wednesday,medium,113.0,81.0,2546933.98128192,-10873473.716375552,-8326539.735093633,13420407.697657472,3769.0,16785.0,20554.0,13.0,3657.0,3670.0,0.1782,0.39765,0.10655,1178775.033071726,-2397411.470334385,-1218636.437262659,3576186.503406111,-2360252.5758722704,-5966287.159221362,367.2287554502218,0.34165188520128237,0.27460788822656007,0.1106611458749011,0.026704411787822183,0.7808519512407287,False
中证500ETF南方,12月,6.5,7.881,2026-12-23,202612,rule_fourth_wednesday,medium,113.0,81.0,563272.0812961202,-11550820.424872322,-10987548.343576202,12114092.506168442,686.0,14004.0,14690.0,33.0,2743.0,2776.0,0.17369999999999997,0.36324999999999996,0.1325,263214.31954607414,-3215159.812635841,-2951945.4930897667,3478374.132181915,-2235393.1403155806,-8752155.203260623,456.531892886524,0.3728221035121687,0.21415012259748484,0.12198878204727845,0.014019549306151735,0.7297773236891474,False
中证500ETF南方,12月,6.75,7.881,2026-12-23,202612,rule_fourth_wednesday,medium,113.0,81.0,409414.65377175,-3623010.5325536095,-3213595.8787818593,4032425.1863253596,425.0,3559.0,3984.0,18.0,857.0,875.0,0.17125,0.32120000000000004,0.15949999999999998,184610.86823965426,-1348993.5719313677,-1164382.7036917135,1533604.440171022,-855073.6919950498,-2358522.18678681,306.2535583942763,0.41162733691183717,0.18054784486282965,0.14157545906814537,0.013878563166915164,0.4693566822424538,False
中证500ETF南方,12月,6.876,7.881,2026-12-23,202612,rule_fourth_wednesday,medium,113.0,81.0,1598162.14260549,-5640657.24933378,-4042495.10672829,7238819.39193927,1551.0,5051.0,6602.0,43.0,339.0,382.0,0.17005,0.29765,0.17285,697152.9420807837,-1151720.19056539,-454567.2484846064,1848873.1326461737,-334267.56997785,-3708227.5367504405,290.1243014315155,0.3202017865259652,0.11053815048562027,0.047419735844610636,0.001080418106200776,0.5561203028497618,False
中证500ETF南方,12月,7.0,7.881,2026-12-23,202612,rule_fourth_wednesday,medium,113.0,81.0,1746835.8560928002,-8819256.536798581,-7072420.680705781,10566092.392891381,1598.0,7278.0,8876.0,21.0,1033.0,1054.0,0.16915,0.27290000000000003,0.18555,738186.4229813905,-2855489.3135515475,-2117302.890570157,3593675.7365329377,-1228801.71056103,-5843618.9701447515,322.291633264544,0.3731818982284353,0.11622965796716961,0.07753801210017605,0.006396873115839126,0.6507331616550054,False
中证500ETF南方,12月,7.122,7.881,2026-12-23,202612,rule_fourth_wednesday,medium,113.0,81.0,1837989.3494780103,-6579947.97193356,-4741958.62245555,8417937.32141157,1597.0,5028.0,6625.0,12.0,285.0,297.0,0.16695000000000002,0.24789999999999998,0.198,753366.4007252372,-2083995.1862529223,-1330628.7855276852,2837361.5869781594,-359157.59589699004,-4382801.02655856,311.92087898944004,0.36330263010491826,0.13616700915575547,0.03209833324117565,0.0056652067959810145,0.5639110981996753,False
中证500ETF南方,12月,7.25,7.881,2026-12-23,202612,rule_fourth_wednesday,medium,113.0,81.0,2481038.82707058,-10562712.357929762,-8081673.530859183,13043751.185000341,2058.0,7664.0,9722.0,90.0,463.0,553.0,0.16959999999999997,0.2182,0.208,1053333.9310104807,-3556510.5234573428,-2503176.592446862,4609844.454467824,-529617.6905582701,-7552055.840300912,300.2498539004948,0.3806289360302886,0.1588921282798833,0.052072047876711075,-0.0008508304488700196,0.6535001075041156,False
中证500ETF南方,12月,7.367,7.881,2026-12-23,202612,rule_fourth_wednesday,medium,113.0,81.0,1577850.2566536602,-5599557.0924952505,-4021706.8358415905,7177407.3491489105,1262.0,3825.0,5087.0,25.0,271.0,296.0,0.167,0.1923,0.2185,623647.9396475418,-2037431.5373411393,-1413783.5976935974,2661079.476988681,-365469.85155942006,-3656236.9842821704,298.22268601383837,0.379553750964159,0.1565755208333332,0.04532974943807423,-0.00018231206483476734,0.5261867912729636,False
中证500ETF南方,12月,7.5,7.881,2026-12-23,202612,rule_fourth_wednesday,medium,113.0,81.0,9478108.081552772,-5017433.95623402,4460674.125318752,14495542.037786793,3267.0,3334.0,6601.0,401.0,1065.0,1466.0,0.22860000000000003,0.2551,0.3547,4039071.473419208,-2819427.1404413087,1219644.3329778994,6858498.613860517,-439382.1853526395,4900056.310671392,242.99870578306874,0.4940367733866403,0.23230268510984553,0.22108934503273817,0.001118976568545288,0.6637262863154647,True
中证500ETF南方,12月,7.613,7.881,2026-12-23,202612,rule_fourth_wednesday,medium,113.0,81.0,10642864.27849704,-4677478.337711791,5965385.94078525,15320342.61620883,3272.0,3033.0,6305.0,320.0,444.0,764.0,0.24075000000000002,0.19225,0.386,4281979.07972002,-1998883.0059343022,2283096.073785718,6280862.085654322,356132.20995468006,5609253.730830571,292.50021386061144,0.41483767374305824,0.26699260672549485,0.12209461207886839,0.02505301433106294,0.6421577274122363,True
中证500ETF南方,12月,7.75,7.881,2026-12-23,202612,rule_fourth_wednesday,medium,113.0,81.0,13023025.64537625,-7406413.1026704,5616612.54270585,20429438.74804665,3865.0,4732.0,8597.0,445.0,657.0,1102.0,0.251,0.12835000000000002,0.39725,3620115.387915238,-3288199.4730016575,331915.9149135803,6908314.860916896,471096.2546608499,5145516.288044999,278.94574351125993,0.36097229086729543,0.3116564417177915,0.126988880857425,0.026014929572440473,0.6927530408893134,True
中证500ETF南方,12月,7.859,7.881,2026-12-23,202612,rule_fourth_wednesday,medium,113.0,81.0,12182059.655350741,-4735902.260656441,7446157.3946943,16917961.916007183,3714.0,3021.0,6735.0,721.0,530.0,1251.0,0.26,0.0814,0.39025,4946955.196483175,-2175475.315496203,2771479.8809869722,7122430.511979379,1534047.0656084102,5912110.329085888,301.4900782575783,0.43272172023553246,0.34548263952008734,0.18478445710398775,0.13262244672636478,0.6681488414995429,True
中证500ETF南方,12月,8.0,7.881,2026-12-23,202612,rule_fourth_wednesday,medium,113.0,81.0,20674227.93568146,-4335878.042126281,16338349.893555177,25010105.977807738,6321.0,2756.0,9077.0,1495.0,364.0,1859.0,0.2639,0.02654999999999999,0.38995,13254114.76563677,-1973712.843382485,11280401.922254285,15227827.609019255,4317064.8743593795,12021285.019195799,156.960634046977,0.5481492290890684,0.3718968809675366,0.18429434081662505,0.022009818855856282,0.7256498582751088,True
中证500ETF南方,12月,8.104,7.881,2026-12-23,202612,rule_fourth_wednesday,medium,113.0,81.0,7201866.951652322,-4277365.301651401,2924501.6500009205,11479232.253303723,2334.0,2660.0,4994.0,190.0,28.0,218.0,0.2657,-0.011700000000000016,0.37785,2263691.063680437,-1761183.4377849784,502507.6258954585,4024874.5014654156,541245.3337990802,2383256.3162018405,319.19231045116805,0.36303247735051647,0.3640272835112693,0.045965814278627164,-0.009194192954876716,0.564827597865674,True
中证500ETF南方,12月,8.25,7.881,2026-12-23,202612,rule_fourth_wednesday,medium,113.0,81.0,20320161.509681642,-1988686.6120107002,18331474.897670943,22308848.12169234,6892.0,1351.0,8243.0,1206.0,46.0,1252.0,0.28325,-0.05880000000000002,0.35585,9567221.179349026,-859991.3898067202,8707229.789542306,10427212.569155745,3488020.9297378208,14843453.967933122,237.71736202327492,0.4516329790064565,0.45655375552282773,0.10451717156269104,0.02223411125780697,0.6928068093599155,True
中证500ETF南方,12月,8.35,7.881,2026-12-23,202612,rule_fourth_wednesday,medium,113.0,81.0,10450655.689860001,-2996838.87011118,7453816.819748821,13447494.559971182,3760.0,2018.0,5778.0,250.0,35.0,285.0,0.2833,-0.09059999999999999,0.3433,2611427.0223117885,-1377523.2622934214,1233903.760018367,3988950.2846052097,642880.5379546501,6810936.281794171,327.49555941277225,0.35477020578146645,0.4492151431209602,0.04191663327921051,-0.00100802288359256,0.5976548379313911,False
中证500ETF南方,12月,8.5,7.881,2026-12-23,202612,rule_fourth_wednesday,medium,113.0,81.0,12273361.59202074,-1234046.2925558703,11039315.29946487,13507407.884576611,4854.0,859.0,5713.0,797.0,16.0,813.0,0.2905,-0.1326,0.31920000000000004,3260759.602198176,-648694.9547468754,2612064.6474513006,3909454.5569450515,1992232.48110219,9047082.81836268,305.91305317149653,0.3956713999579028,0.4706907153105145,0.09141039422139273,-0.008169129720853858,0.6269463382128713,False
中证500ETF南方,12月,8.595,7.881,2026-12-23,202612,rule_fourth_wednesday,medium,113.0,81.0,9335352.22420554,-3270118.6096983002,6065233.61450724,12605470.833903842,3946.0,2361.0,6307.0,423.0,28.0,451.0,0.29774999999999996,-0.15555,0.30195,1147117.4826337514,-1451027.4933770096,-303910.0107432583,2598144.976010761,961941.6772148701,5103291.937292371,391.62436075869346,0.28330103226041903,0.4913915429003878,0.05952827165033758,0.0008485362749257531,0.6099548023155237,False
中证500ETF南方,12月,8.75,7.881,2026-12-23,202612,rule_fourth_wednesday,medium,113.0,81.0,8294071.64843088,-1094272.3440382502,7199799.30439263,9388343.99246913,3952.0,845.0,4797.0,1044.0,52.0,1096.0,0.3119,-0.18739999999999996,0.2732,2535232.4269495206,-518451.27770761825,2016781.1492419024,3053683.704657139,2123705.40660216,5076093.897790469,418.5223745506539,0.3897271730081746,0.4761507671781188,0.16285425101214576,-0.02042652994436566,0.590397482926541,False
中证500ETF南方,12月,8.841,7.881,2026-12-23,202612,rule_fourth_wednesday,medium,113.0,81.0,7686421.235998651,-1056560.91758388,6629860.318414771,8742982.153582532,3945.0,829.0,4774.0,445.0,3.0,448.0,0.31425,-0.20664999999999997,0.25944999999999996,1371670.6084012804,-479761.35769498715,891909.2507062932,1851431.9660962676,863212.6074924901,5766647.710922281,442.3003358236441,0.31626600639000424,0.47564447256049347,0.05820991589726655,0.014819881799891056,0.5518406509989676,False
中证500ETF南方,12月,9.0,7.881,2026-12-23,202612,rule_fourth_wednesday,medium,113.0,81.0,7374690.33793965,-782535.8560647601,6592154.48187489,8157226.19400441,4335.0,636.0,4971.0,1814.0,50.0,1864.0,0.31975,-0.2362,0.236,2709326.835571554,-385805.44476974895,2323521.390801805,3095132.280341303,3024451.80548856,3567702.67638633,441.96713090352154,0.4302006434108481,0.47285786472244273,0.2485353964005136,0.00023078698361412417,0.5940768679045232,False
中证500ETF南方,12月,9.086,7.881,2026-12-23,202612,rule_fourth_wednesday,medium,113.0,81.0,4272135.6260952,-593279.9844816601,3678855.64161354,4865415.61057686,2708.0,513.0,3221.0,1171.0,2.0,1173.0,0.3348,-0.2443,0.22010000000000002,1593374.070294,-276456.58739194815,1316917.4829020519,1869830.657685948,1845054.3802917597,1833801.2613217798,432.73455330831655,0.4194744737314636,0.4456434316353888,0.2181605437358372,0.03538948200869909,0.4984620970031792,False
中证500ETF南方,12月,9.25,7.881,2026-12-23,202612,rule_fourth_wednesday,medium,113.0,81.0,13342370.628072238,-621747.5556744,12720623.072397837,13964118.183746638,9818.0,582.0,10400.0,2156.0,0.0,2156.0,0.3535,-0.26234999999999997,0.1954,3840450.13189368,-293718.7017396447,3546731.4301540353,4134168.8336333246,2929940.0156980795,9790683.056699758,464.36020120230637,0.380123478569941,0.4211284513805522,0.10979832959869627,0.007128099173553719,0.7106386400975578,False
中证500ETF南方,12月,9.332,7.881,2026-12-23,202612,rule_fourth_wednesday,medium,113.0,81.0,4046949.0263735997,-1178759.5538433301,2868189.4725302695,5225708.580216929,3194.0,1121.0,4315.0,691.0,1.0,692.0,0.35695,-0.2722,0.18664999999999998,1159601.67468288,-560642.3252835467,598959.3493993334,1720243.9999664268,874478.1484946698,1993711.3240355994,436.66530253472104,0.3810789282668353,0.42369942196531796,0.10861760202699419,-0.0012696400713171384,0.5074350338678996,False
中证500ETF南方,12月,9.578,7.881,2026-12-23,202612,rule_fourth_wednesday,medium,113.0,81.0,15348297.778573323,-2066032.3955040006,13282265.383069322,17414330.174077325,15179.0,2100.0,17279.0,6739.0,20.0,6759.0,0.36955,-0.29869999999999997,0.16060000000000002,5795324.717577914,-1011158.753464554,4784165.96411336,6806483.471042467,6794486.405653321,6487778.977416002,437.62581899546825,0.43350401337517674,0.4224279835390946,0.22674622520462168,0.05036258158085569,0.8116902962353864,False
中证500ETF南方,12月,9.823,7.881,2026-12-23,202612,rule_fourth_wednesday,medium,113.0,81.0,15410119.748426283,-3729322.631832481,11680797.116593802,19139442.380258765,18882.0,4068.0,22950.0,7537.0,70.0,7607.0,0.38565,-0.3175,0.1395,5542485.18353525,-1864753.4845458393,3677731.698989411,7407238.668081089,6086980.866279781,5593816.250314021,345.7878900583705,0.4298450021352105,0.41952062687255115,0.2081853485972031,0.06159657367200048,0.8345746431437814,False
中证500ETF南方,12月,10.314,7.881,2026-12-23,202612,rule_fourth_wednesday,medium,113.0,81.0,7325415.241710301,-1220324.9157877502,6105090.325922551,8545740.15749805,13510.0,1541.0,15051.0,75816.0,17.0,75833.0,0.4276,-0.33945,0.1074,4767691.502370278,-622814.789566694,4144876.7128035845,5390506.291936972,7311952.86431355,-1206862.5383910001,168.66805776484284,0.5806052466282728,0.4088243034928751,2.8114374383673306,0.03553843639642386,0.7776132707675794,False
中证500ETF南方,3月,6.25,7.881,2027-03-24,202703,rule_fourth_wednesday,medium,204.0,146.0,2260283.16623472,-2239493.6531448,20789.51308991993,4499776.81937952,3596.0,3467.0,7063.0,72.0,596.0,668.0,0.1761,0.3532,0.1026,886434.4160964091,-491191.89332152513,395242.52277488395,1377626.3094179342,-339727.67423135997,360517.18732128036,353.2883520508476,0.30575507723700324,0.08834715896768597,0.09596439719420322,0.018827718980570906,0.525854759478006,False
中证500ETF南方,3月,6.5,7.881,2027-03-24,202703,rule_fourth_wednesday,medium,204.0,146.0,1784448.52739118,-2415871.60394616,-631423.0765549801,4200320.13133734,2518.0,3204.0,5722.0,6.0,38.0,44.0,0.1754,0.3195,0.11775,722763.6989824016,-494635.38457824,228128.31440416165,1217399.0835606416,-24400.59785046,-607022.4787045203,508.4305093100465,0.30488941998815655,0.0922238027501186,0.007121509154065757,0.003538159797397161,0.4342332035077526,False
中证500ETF南方,3月,6.75,7.881,2027-03-24,202703,rule_fourth_wednesday,medium,204.0,146.0,2829734.5874487306,-1536858.79259688,1292875.7948518505,4366593.3800456105,3613.0,1784.0,5397.0,14.0,47.0,61.0,0.1736,0.2832,0.1324,866373.4827438641,-323567.35566109204,542806.1270827721,1189940.838404956,-29524.06503135,1322399.8598832006,477.5159443577914,0.25835293524093594,0.12068965517241376,0.015110093843978954,0.0013899962895056797,0.43627878197016473,False
中证500ETF南方,3月,7.0,7.881,2027-03-24,202703,rule_fourth_wednesday,medium,204.0,146.0,1312844.8327149602,-2169456.9933979805,-856612.1606830203,3482301.826112941,1544.0,2277.0,3821.0,23.0,152.0,175.0,0.17475,0.2429,0.14515,335860.55859711266,-75284.06402737588,260576.49456973677,411144.62262448855,-125264.39380641004,-731347.7668766102,474.9572238036226,0.1452641731587741,0.19199999999999995,0.04082543729705253,0.0029575208841918768,0.40618895120297926,False
中证500ETF南方,3月,7.25,7.881,2027-03-24,202703,rule_fourth_wednesday,medium,204.0,146.0,756796.1631431401,-1354290.9431502603,-597494.7800071201,2111087.1062934003,834.0,1341.0,2175.0,19.0,118.0,137.0,0.1797,0.19979999999999998,0.15435,158255.69646542406,-228239.9352363601,-69984.23877093603,386495.63170178415,-101928.36411549003,-495566.4158916301,628.2109378683044,0.18882182844328566,0.29088530309638033,0.05538790444154743,0.017900022233750833,0.31993727011763085,False
中证500ETF南方,3月,7.5,7.881,2027-03-24,202703,rule_fourth_wednesday,medium,204.0,146.0,2152710.2306875503,-1676862.5487102005,475847.6819773498,3829572.7793977507,1829.0,1590.0,3419.0,76.0,238.0,314.0,0.2085,0.31735,0.17965,466322.4676863901,-323982.4999772161,142339.96770917397,790304.9676636062,-161551.01316744005,637398.6951447898,603.153558038704,0.20491432579923044,0.34826866191056194,0.0956191478314094,0.03102173191571859,0.42156886746465905,True
中证500ETF南方,3月,7.75,7.881,2027-03-24,202703,rule_fourth_wednesday,medium,204.0,146.0,7571943.51385311,-2940157.75828419,4631785.75556892,10512101.272137301,2429.0,2719.0,5148.0,43.0,205.0,248.0,0.24469999999999997,0.1566,0.338,1568006.41723677,-676701.2597036582,891305.1575331119,2244707.676940428,-87629.98395168001,4719415.7395206,556.7565493275611,0.21861962485602515,0.39046941678520614,0.04654906214006282,0.010676406926406926,0.560806018260928,True
中证500ETF南方,3月,8.0,7.881,2027-03-24,202703,rule_fourth_wednesday,medium,204.0,146.0,9089151.2726112,-2091065.2747934398,6998085.997817761,11180216.547404641,3008.0,1936.0,4944.0,248.0,78.0,326.0,0.2598,0.06565000000000001,0.3302,2963805.9220780386,-465897.32672865206,2497908.5953493863,3429703.248806691,665124.0499135801,6332961.947904182,395.96389919591553,0.27444276025173137,0.43566908835247253,0.0613680323544927,0.010810279731076396,0.5691075714081726,True
中证500ETF南方,3月,8.25,7.881,2027-03-24,202703,rule_fourth_wednesday,medium,204.0,146.0,4445692.53338394,-1193505.7482679503,3252186.78511599,5639198.281651891,1597.0,1105.0,2702.0,41.0,38.0,79.0,0.26845,-0.010399999999999993,0.31105,638412.9540739203,-373725.56182855304,264687.3922453672,1012138.5159024734,73091.23746480001,3179095.5476511903,595.839198894667,0.22836759566763926,0.4564220183486238,0.030031138701807972,0.010816348744813723,0.43657559508862115,True
中证500ETF南方,3月,8.5,7.881,2027-03-24,202703,rule_fourth_wednesday,medium,204.0,146.0,6588151.481998442,-2533846.1281560003,4054305.3538424415,9121997.610154442,2731.0,2480.0,5211.0,21.0,20.0,41.0,0.2871,-0.07020000000000001,0.27645000000000003,1337894.1090869044,-878439.8134842371,459454.2956026674,2216333.9225711413,30225.288749040013,4024080.0650934014,506.2445716858768,0.27487908963075947,0.4910373443983401,0.007877003578979695,0.006271734287773183,0.5175216903914298,False
中证500ETF南方,3月,8.75,7.881,2027-03-24,202703,rule_fourth_wednesday,medium,204.0,146.0,6772464.626969161,-2458918.29323043,4313546.333738731,9231382.920199592,3252.0,2479.0,5731.0,182.0,1.0,183.0,0.29745,-0.122,0.2475,1506102.8346322563,-929321.4482621844,576781.3863700719,2435424.282894441,378032.87382489006,3935513.459913841,446.4951528709918,0.30016267851262585,0.4742535698831674,0.028184474059343254,0.019820971867007674,0.5507186461374838,False
中证500ETF南方,3月,9.0,7.881,2027-03-24,202703,rule_fourth_wednesday,medium,204.0,146.0,3431166.5305616404,-988650.2886480901,2442516.2419135505,4419816.81920973,1937.0,1091.0,3028.0,74.0,1.0,75.0,0.32115,-0.15875,0.21555000000000002,741600.9183636851,-402051.27037378546,339549.6479898997,1143652.1887374707,130176.06533829,2312340.1765752607,370.52781540658765,0.31140174719774333,0.4259100903982409,0.01955999880753355,-0.0005157297576070139,0.4015681124739241,False
中证500ETF南方,3月,9.25,7.881,2027-03-24,202703,rule_fourth_wednesday,medium,204.0,146.0,3580226.5692503704,-915885.1295285401,2664341.43972183,4496111.698778911,2379.0,1037.0,3416.0,645.0,27.0,672.0,0.32675,-0.1977,0.19224999999999998,411748.6294018081,-401798.51972953527,9950.10967227281,813547.1491313434,946832.75945001,1717508.6802718204,479.03536522651484,0.2768529961273796,0.4268386388583974,0.1485794822342556,0.02102496714848883,0.46609012291577423,False
中证500ETF嘉实,9月,2.75,3.196,2026-09-23,202609,rule_fourth_wednesday,medium,22.0,16.0,30803.410042880005,-1822165.1961523201,-1791361.78610944,1852968.6061952002,124.0,5547.0,5671.0,20.0,7848.0,7868.0,0.1858,0.46340000000000003,0.2824,16062.23225190086,-789604.9183326721,-773542.6860807713,805667.1505845729,-1817196.9042099202,25835.118100480006,1137.0395562707715,0.4773883242614162,0.45034482758620686,0.7880545717824805,0.3360723539964122,0.49741115318269624,False
中证500ETF嘉实,9月,2.8,3.196,2026-09-23,202609,rule_fourth_wednesday,medium,22.0,16.0,515191.2413065601,-7059296.992626721,-6544105.751320161,7574488.233933281,1391.0,17179.0,18570.0,11.0,5352.0,5363.0,0.17369999999999997,0.4498,0.38244999999999996,229940.64379009785,-2291569.6844450883,-2061629.0406549904,2521510.328235186,-2195201.5928336005,-4348904.15848656,396.5338644641121,0.3854691071849492,0.6951007826178043,0.15972557151746264,0.04440492747420545,0.7397802254796243,False
中证500ETF嘉实,9月,2.85,3.196,2026-09-23,202609,rule_fourth_wednesday,medium,22.0,16.0,338691.24003456015,-4883590.225594081,-4544898.985559521,5222281.465628641,648.0,9009.0,9657.0,28.0,3607.0,3635.0,0.1686,0.4271,0.5212,152536.00069117334,-2914944.9458109657,-2762408.9451197926,3067480.946502139,-1940644.3523636805,-2604254.6331958408,206.3627239271271,0.5236272762424204,0.8033648213239601,0.22179363846030514,0.09975515893084011,0.6319974231837959,False
中证500ETF嘉实,9月,2.9,3.196,2026-09-23,202609,rule_fourth_wednesday,medium,22.0,16.0,1025538.8065459202,-3250752.396470721,-2225213.5899248007,4276291.203016641,1464.0,4603.0,6067.0,21.0,2404.0,2425.0,0.16535,0.39554999999999996,0.6886,431365.07770137565,-2046558.3441913195,-1615193.266489944,2477923.421892695,-1683053.6346300803,-542159.9552947204,186.11930606258852,0.5250936914817821,0.8781137681506683,0.2683061741629657,0.20821875736259296,0.5470328273254126,False
中证500ETF嘉实,9月,2.95,3.196,2026-09-23,202609,rule_fourth_wednesday,medium,22.0,16.0,1099200.8846832002,-4328885.435288961,-3229684.550605761,5428086.319972161,1230.0,4844.0,6074.0,102.0,2955.0,3057.0,0.16255,0.3548,0.8749,473993.37616689404,-1633489.9651080752,-1159496.588941181,2107483.3412749693,-2549609.856911521,-680074.6936942403,404.70251102956377,0.404281439933909,0.8407939189189189,0.3464799299107772,0.10160676004110672,0.5945770033104703,False
中证500ETF嘉实,9月,3.0,3.196,2026-09-23,202609,rule_fourth_wednesday,medium,22.0,16.0,3378816.4542240007,-9281829.19620736,-5903012.741983359,12660645.650431361,3106.0,8483.0,11589.0,1019.0,6899.0,7918.0,0.15969999999999998,0.3046,1.0680999999999998,1358266.2962900111,-6809633.138360185,-5451366.8420701735,8167899.434650196,-6440162.52623008,537149.7842467204,121.01239557070409,0.567823379942268,0.7949800243182215,0.570674150087987,0.16137462075931353,0.7585436327199855,False
中证500ETF嘉实,9月,3.1,3.196,2026-09-23,202609,rule_fourth_wednesday,medium,22.0,16.0,15911028.489331203,-12429961.645180803,3481066.8441504,28340990.134512007,7845.0,8439.0,16284.0,6149.0,11605.0,17754.0,0.25225,0.21975,1.7138,12841259.860874336,-10130839.96564705,2710419.895227287,22972099.826521385,41282.99228223972,3439783.8518681605,140.4733569420976,0.8110502500741104,0.6361257537813114,1.079487139401264,0.1900404009191572,0.8545384200013458,True
中证500ETF嘉实,9月,3.2,3.196,2026-09-23,202609,rule_fourth_wednesday,medium,22.0,16.0,23329423.797286402,-16684187.973186722,6645235.82409968,40013611.77047312,9860.0,10293.0,20153.0,14326.0,11151.0,25477.0,0.26355,0.02309999999999998,1.9516499999999999,21511816.31193211,-14024675.66367743,7487140.6482546795,35536491.97560954,6645235.82409968,0.0,17.368668520777867,0.881343160421473,0.46210970464135015,1.2681493990776143,0.17971765197446687,0.8857746516784594,True
中证500ETF嘉实,9月,3.3,3.196,2026-09-23,202609,rule_fourth_wednesday,medium,22.0,16.0,33688619.03181457,-7981407.789225601,25707211.242588967,41670026.82104017,16741.0,5449.0,22190.0,13787.0,4608.0,18395.0,0.27705,-0.15525,1.7020499999999998,23710874.48598746,-5239786.820734078,18471087.66525338,28950661.30672154,20994605.131482724,4712606.111106243,112.98503520034276,0.6801617726231654,0.48945409429280395,0.8346033672752173,0.23750498977536694,0.8862627269280576,True
中证500ETF嘉实,9月,3.4,3.196,2026-09-23,202609,rule_fourth_wednesday,medium,22.0,16.0,19660670.327749126,-1932901.5186032003,17727768.809145924,21593571.846352328,14584.0,1655.0,16239.0,5891.0,479.0,6370.0,0.2969,-0.28265,1.2316,10363340.682402514,-917368.7491264603,9445971.933276054,11280709.431528974,7382217.072213123,10345551.736932803,142.50521873807492,0.5008586615899979,0.4593360995850622,0.3466809009749542,0.16446253627454338,0.8148317601624214,False
中证500ETF嘉实,9月,3.5,3.196,2026-09-23,202609,rule_fourth_wednesday,medium,22.0,16.0,12369864.107203202,-1012488.6643760002,11357375.442827202,13382352.771579202,15924.0,1115.0,17039.0,4770.0,57.0,4827.0,0.3166,-0.3615,0.82475,2243368.8972115205,-456380.7445071806,1786988.15270434,2699749.641718701,3653606.7163392007,7703768.726488002,400.17825311942977,0.31605453162706615,0.4601959583588487,0.17533446426580065,0.042070368709648115,0.782603073468805,False
中证500ETF嘉实,9月,3.6,3.196,2026-09-23,202609,rule_fourth_wednesday,medium,22.0,16.0,4136688.328084801,-728987.5482960001,3407700.7797888005,4865675.876380801,9654.0,1050.0,10704.0,3934.0,11.0,3945.0,0.3368,-0.4084,0.5496,714637.2753964645,-335047.4208447551,379589.85455170943,1049684.6962412195,1678061.3388100802,1729639.4409787203,512.9001919036815,0.316181198782859,0.4678502879078694,0.20898783627807865,0.08858675771247408,0.6384717608845866,False
中证500ETF嘉实,9月,3.7,3.196,2026-09-23,202609,rule_fourth_wednesday,medium,22.0,16.0,2332629.4100224,-442988.5989273601,1889640.8110950398,2775618.00894976,8480.0,768.0,9248.0,1494.0,6.0,1500.0,0.42485,-0.4016,0.417,536612.4529370893,-212463.5728527321,324148.88008435717,749076.0257898213,407500.04055359995,1482140.7705414398,289.96027746968053,0.35483012708085937,0.436782690498589,0.09199587264150944,0.02797606361496248,0.5191830901770782,False
中证500ETF嘉实,9月,3.8,3.196,2026-09-23,202609,rule_fourth_wednesday,medium,22.0,16.0,1526702.7946480003,-488253.5791430401,1038449.2155049602,2014956.3737910404,7925.0,1004.0,8929.0,584.0,12.0,596.0,0.46515000000000006,-0.41575,0.33235000000000003,74081.6649449265,-240796.8114012313,-166715.14645630482,314878.4763461578,106668.32913472001,931780.8863702402,657.9859555463329,0.2708518889748756,0.9476114649681529,0.04282152148503777,0.012826747500917945,0.45446336407458654,False
中证500ETF嘉实,9月,3.9,3.196,2026-09-23,202609,rule_fourth_wednesday,medium,22.0,16.0,1819488.8148720004,-471896.7240814401,1347592.0907905602,2291385.5389534403,11955.0,1141.0,13096.0,758.0,0.0,758.0,0.50125,-0.42795000000000005,0.27695,410043.22584928013,-235631.8718088463,174411.35404043383,645675.0976581264,115363.65718720002,1232228.4336033603,2655.5117656548887,0.3623455482084645,0.3,0.03170221664575491,0.004175101214574899,0.5005715214212209,False
中证500ETF嘉实,9月,4.0,3.196,2026-09-23,202609,rule_fourth_wednesday,medium,22.0,16.0,1221908.4005419202,-206237.94558192004,1015670.4549600002,1428146.3461238402,10577.0,567.0,11144.0,672.0,0.0,672.0,0.5447500000000001,-0.43345,0.23460000000000003,100876.46925907202,-104499.57184351316,-3623.1025844411342,205376.04110258518,77632.83021312,938037.6247468803,1026.0580574617588,0.29462534766681503,0.3,0.03176704169424222,0.0004731711933377496,0.4362948731205244,False
中证500ETF嘉实,9月,4.1,3.196,2026-09-23,202609,rule_fourth_wednesday,medium,22.0,16.0,2111941.8451344003,-353838.50395344006,1758103.3411809602,2465780.3490878404,21426.0,1089.0,22515.0,3536.0,0.0,3536.0,0.59115,-0.4369,0.20729999999999998,392849.17682348803,-181946.161990639,210903.01483284903,574795.338814127,348540.3885184,1409562.9526625602,398.44834123045746,0.3501100234431135,0.3,0.08251656865490525,0.009487801398202312,0.6045684653500285,False
中证500ETF嘉实,10月,2.9,3.196,2026-10-28,202610,rule_fourth_wednesday,medium,57.0,41.0,61783.32519424001,-1299969.1126412803,-1238185.7874470402,1361752.4378355204,104.0,1919.0,2023.0,8.0,1257.0,1265.0,0.1602,0.28575000000000006,0.6224000000000001,25955.22208674248,-663304.4574441243,-637349.2353573818,689259.6795308668,-846764.4634073601,-391421.3240396801,254.29878422862006,0.46517354237610414,0.1565554432086283,0.3659758688419449,0.4488480154888674,0.3350454488009598,False
中证500ETF嘉实,10月,2.95,3.196,2026-10-28,202610,rule_fourth_wednesday,medium,57.0,41.0,92123.81790400003,-627714.3715483202,-535590.5536443201,719838.1894523202,145.0,829.0,974.0,22.0,431.0,453.0,0.1595,0.2505,0.68165,40298.0755334996,-287875.5984705214,-247577.5229370218,328173.674004021,-312373.49077808013,-223217.06286624,316.2133289506121,0.4480215307305022,0.055114988104678686,0.3358138180608128,0.4136774193548387,0.21131547287859911,False
中证500ETF嘉实,10月,3.0,3.196,2026-10-28,202610,rule_fourth_wednesday,medium,57.0,41.0,412182.73742464016,-844030.2685324801,-431847.53110783995,1256213.0059571203,482.0,1016.0,1498.0,404.0,490.0,894.0,0.21805000000000002,0.3338,0.82525,256974.32498712777,-448487.29112515965,-191512.9661380319,705461.6161122874,-61580.87546911987,-370266.65563872,316.69054457321306,0.5774057786932663,0.002029769959404626,0.6602288692129251,1.5368525200791525,0.29915266405045965,False
中证500ETF嘉实,10月,3.1,3.196,2026-10-28,202610,rule_fourth_wednesday,medium,57.0,41.0,861567.1950745602,-1514130.8914352003,-652563.6963606401,2375698.0865097605,548.0,1613.0,2161.0,332.0,484.0,816.0,0.2454,0.18055,1.2290999999999999,445316.4767867294,-538681.5589335689,-93365.08214683947,983998.0357202983,67638.22844544012,-720201.9248060803,289.4102880741749,0.43631871867505023,0.05275443510737632,0.45295070616930866,0.2731502045798439,0.37689781856916127,True
中证500ETF嘉实,10月,3.2,3.196,2026-10-28,202610,rule_fourth_wednesday,medium,57.0,41.0,1019792.0739601601,-963612.7859601602,56179.28799999994,1983404.8599203203,619.0,983.0,1602.0,315.0,474.0,789.0,0.2586,0.04484999999999997,1.2863,604158.0047073868,-533911.8000440459,70246.20466334093,1138069.8047514327,54305.65767312003,1873.6303268799675,281.2047209757063,0.5732527540003848,0.19161290322580637,0.4955413269523745,0.5579754356581728,0.34176850342782206,True
中证500ETF嘉实,10月,3.3,3.196,2026-10-28,202610,rule_fourth_wednesday,medium,57.0,41.0,1128102.5747552002,-402748.19208624004,725354.3826689601,1530850.7668414402,748.0,429.0,1177.0,223.0,336.0,559.0,0.2716,-0.07524999999999998,1.1978,572496.9751030407,-272092.41183959297,300404.5632634477,844589.3869426337,20880.20704304002,704474.1756259202,280.913758260964,0.5915380184837833,0.31215469613259667,0.5406725627313863,1.8303019903912148,0.2895602047666176,True
中证500ETF嘉实,10月,3.4,3.196,2026-10-28,202610,rule_fourth_wednesday,medium,57.0,41.0,1743353.5201886403,-49912.743784000006,1693440.7764046404,1793266.2639726403,1371.0,58.0,1429.0,313.0,29.0,342.0,0.2804,-0.1786,1.0436999999999999,775064.2278751413,-29145.72407110024,745918.5038040411,804209.9519462415,373052.1268819201,1320388.6495227201,289.2527018989692,0.514257940596069,0.3885803540437349,0.36415025528811085,0.4591660711205303,0.3000872079950236,False
中证500ETF嘉实,10月,3.5,3.196,2026-10-28,202610,rule_fourth_wednesday,medium,57.0,41.0,921082.6134843202,-60934.09864800001,860148.5148363202,982016.7121323203,959.0,82.0,1041.0,743.0,56.0,799.0,0.3028,-0.2495,0.8339000000000001,545691.5578485369,-41794.56175962914,503896.9960889077,587486.119608166,672009.3908206401,188139.12401568,315.45830583904035,0.6391717973033857,0.4590361445783133,0.7288461049365447,1.7051583710407239,0.2540644729261964,False
中证500ETF嘉实,10月,3.6,3.196,2026-10-28,202610,rule_fourth_wednesday,medium,57.0,41.0,1031835.8918657604,-20700.126888960003,1011135.7649768004,1052536.0187547205,1499.0,32.0,1531.0,2181.0,0.0,2181.0,0.31920000000000004,-0.30524999999999997,0.6536,625375.455851757,-8971.551740594814,616403.9041111622,634347.0075923518,1031835.8918657604,-20700.126888960003,266.9879245656302,0.5197429936808292,0.3,0.7274849899933289,0.4062877871825877,0.3151416182077505,False
中证500ETF嘉实,12月,2.75,3.196,2026-12-23,202612,rule_fourth_wednesday,medium,113.0,81.0,34311.85765056001,-409554.67033200007,-375242.81268144003,443866.5279825601,84.0,965.0,1049.0,16.0,485.0,501.0,0.16825,0.32255,0.40769999999999995,15135.75091406207,-205688.48145000613,-190552.73053594405,220824.23236406822,-199302.76569456002,-175940.04698688004,333.6743639819294,0.4716738816247205,0.3301950659781986,0.34653343202566,0.1640796749050696,0.18232481670958622,False
中证500ETF嘉实,12月,2.8,3.196,2026-12-23,202612,rule_fourth_wednesday,medium,113.0,81.0,1074648.9015206404,-1435889.8948934404,-361240.99337280006,2510538.796414081,2449.0,3108.0,5557.0,0.0,135.0,135.0,0.16965,0.29735,0.44094999999999995,370410.89797094394,-168536.88341606405,201874.0145548799,538947.781387008,-62369.734816800024,-298871.2585560002,469.5960975011122,0.2310276842191735,0.5235543018335685,0.02171814671814672,0.006024096385542169,0.3964881474661034,False
中证500ETF嘉实,12月,2.85,3.196,2026-12-23,202612,rule_fourth_wednesday,medium,113.0,81.0,258591.62835744006,-1853026.0112131203,-1594434.3828556803,2111617.6395705603,553.0,3719.0,4272.0,1.0,110.0,111.0,0.17,0.2713,0.4728,85111.97230391836,-96044.4457976448,-10932.473493726444,181156.41810156318,-54340.89740832001,-1540093.4854473604,469.0697365128807,0.1904838744204879,0.29738798143614326,0.015693080885166685,0.012682657843948167,0.3574499400110623,False
中证500ETF嘉实,12月,2.9,3.196,2026-12-23,202612,rule_fourth_wednesday,medium,113.0,81.0,1441503.9422153602,-1685456.2695616004,-243952.32734624017,3126960.2117769606,2917.0,3149.0,6066.0,2.0,323.0,325.0,0.16865,0.24480000000000002,0.5039,438467.7198742621,-406243.6673856001,32224.05248866201,844711.3872598622,-171892.68679104003,-72059.64055520017,518.3961224939413,0.2726013448884168,0.25975359342915805,0.05162894054225768,0.022220539382097493,0.4456207747189711,False
中证500ETF嘉实,12月,2.95,3.196,2026-12-23,202612,rule_fourth_wednesday,medium,113.0,81.0,1421163.9756345602,-1625790.1885158406,-204626.21288128034,3046954.164150401,2741.0,2872.0,5613.0,13.0,33.0,46.0,0.1691,0.21630000000000002,0.5309,403913.2008039605,-332630.33244147216,71282.86836248834,736543.5332454327,-11940.448015680005,-192685.76486560027,528.02722871216,0.244404523329187,0.28771929824561415,0.008116522648444795,0.007286656610950369,0.3941142497936085,False
中证500ETF嘉实,12月,3.0,3.196,2026-12-23,202612,rule_fourth_wednesday,medium,113.0,81.0,1327862.63985408,-1747642.4513228803,-419779.8114688003,3075505.0911769606,3396.0,2954.0,6350.0,6.0,33.0,39.0,0.2036,0.3367,0.481,339177.5551214505,-357337.8607308801,-18160.305609429604,696515.4158523306,-17177.379098880003,-402602.4323699202,518.1316739803368,0.22994986148971983,0.31866064710308495,0.006469038807055655,0.003188747231439888,0.40899476266209733,False
中证500ETF嘉实,12月,3.1,3.196,2026-12-23,202612,rule_fourth_wednesday,medium,113.0,81.0,4704589.224564481,-770706.2875648001,3933882.9369996805,5475295.512129281,3429.0,1216.0,4645.0,5.0,12.0,17.0,0.23915000000000003,0.1805,0.98185,943661.8456271362,-157183.51917440005,786478.3264527362,1100845.3648015363,-745.6523679999991,3934628.5893676807,509.2129405784707,0.2022653144234164,0.35582998276852396,0.005663286058540927,0.0007301401869158878,0.45316291879418136,True
中证500ETF嘉实,12月,3.2,3.196,2026-12-23,202612,rule_fourth_wednesday,medium,113.0,81.0,4306739.457815201,-919408.7771344002,3387330.6806808007,5226148.234949601,3143.0,1490.0,4633.0,224.0,6.0,230.0,0.2642,0.06955,0.9727999999999999,756396.7531213936,-239044.93771317802,517351.8154082156,995441.6908345716,303236.79781024007,3084093.882870561,413.22231856762346,0.21781474515686272,0.46092436974789913,0.03764816669407034,0.024809321160015996,0.48183784768554305,True
中证500ETF嘉实,12月,3.3,3.196,2026-12-23,202612,rule_fourth_wednesday,medium,113.0,81.0,2253285.4608409605,-662409.1676547201,1590876.2931862404,2915694.6284956806,1807.0,1087.0,2894.0,69.0,5.0,74.0,0.27790000000000004,-0.021400000000000002,0.9087000000000001,485073.6271539201,-205503.92105386633,279569.7061000538,690577.5482077864,82994.37717152003,1507881.9160147202,511.7091102106133,0.26275553385504713,0.4912926992632282,0.021392326376673765,0.01540216771249287,0.3535850012884081,True
中证500ETF嘉实,12月,3.4,3.196,2026-12-23,202612,rule_fourth_wednesday,medium,113.0,81.0,1717762.8330630404,-557361.2534742402,1160401.5795888002,2275124.0865372806,1567.0,947.0,2514.0,0.0,0.0,0.0,0.289,-0.0986,0.8247,343552.5666126081,-192980.80917393576,150571.75743867233,536533.3757865438,0.0,1160401.5795888002,487.11505700550197,0.27312004375170906,0.6,0.0,0.0,0.3058569850593899,False
中证500ETF嘉实,12月,3.5,3.196,2026-12-23,202612,rule_fourth_wednesday,medium,113.0,81.0,1929577.4412043202,-566990.7920140802,1362586.64919024,2496568.2332184003,2083.0,1036.0,3119.0,62.0,0.0,62.0,0.30489999999999995,-0.16044999999999998,0.72135,408888.85383945605,-214833.51816050883,194055.33567894722,623722.3719999648,57433.413996480005,1305153.2351937601,467.07560948208067,0.2954035759978424,0.3,0.014882381180988958,0.012549212598425197,0.3408401077338953,False
中证500ETF嘉实,12月,3.6,3.196,2026-12-23,202612,rule_fourth_wednesday,medium,113.0,81.0,2328194.1063068802,-832690.4281776003,1495503.67812928,3160884.5344844805,3046.0,1635.0,4681.0,634.0,2.0,636.0,0.31875000000000003,-0.2111,0.62345,659476.6496787841,-335384.47252788825,324092.1771508958,994861.1222066723,483575.98948000005,1011927.68864928,460.9226453971727,0.3430144151415371,0.44014820444613345,0.10468253346746421,0.11066559743384122,0.44306185507788715,False
中证500ETF嘉实,12月,3.7,3.196,2026-12-23,202612,rule_fourth_wednesday,medium,113.0,81.0,1430696.8857990406,-753035.7564614402,677661.1293376003,2183732.6422604807,2306.0,1626.0,3932.0,225.0,0.0,225.0,0.33940000000000003,-0.2471,0.5304,341977.5036654081,-317472.47599492624,24505.027670481883,659449.9796603343,139595.31626400005,538065.8130736003,432.01896143072616,0.33030939776003787,0.3,0.04878577623590633,0.05141080822572932,0.36723444267732847,False
中证500ETF嘉实,12月,3.8,3.196,2026-12-23,202612,rule_fourth_wednesday,medium,113.0,81.0,1553669.0571763203,-348327.72437728004,1205341.3327990402,1901996.7815536004,3108.0,817.0,3925.0,305.0,0.0,305.0,0.35685,-0.2769,0.4534,683743.9841080775,-153279.89358263486,530464.0905254426,837023.8776907123,152467.52330720003,1052873.8094918402,224.45316671944505,0.4400642362512136,0.3,0.04906692406692407,0.0393960430406109,0.36119150668248867,False
中证500ETF嘉实,12月,3.9,3.196,2026-12-23,202612,rule_fourth_wednesday,medium,113.0,81.0,1435697.4552960005,-318784.7732688,1116912.6820272005,1754482.2285648005,3536.0,810.0,4346.0,4128.0,0.0,4128.0,0.37634999999999996,-0.2981,0.39139999999999997,861418.4731776004,-144011.1848696302,717407.2883079702,1005429.6580472307,1435697.4552960005,-318784.7732688,525.0883617900598,0.5258752565138983,0.3,0.583710407239819,0.11883094154707735,0.44773047815532785,False
中证500ETF嘉实,12月,4.0,3.196,2026-12-23,202612,rule_fourth_wednesday,medium,113.0,81.0,1635847.60894192,-262042.05808224005,1373805.55085968,1897889.6670241603,4969.0,718.0,5687.0,4837.0,0.0,4837.0,0.39475,-0.31575,0.3398,964126.2442236482,-121330.65895904839,842795.5852645999,1085456.9031826966,1592391.8060881603,-218586.2552284801,532.3480258316542,0.5261969552564573,0.3,0.48671764942644397,0.11029231147138295,0.4874292466997878,False
中证500ETF嘉实,12月,4.1,3.196,2026-12-23,202612,rule_fourth_wednesday,medium,113.0,81.0,6962910.392493442,-80152.52235200001,6882757.870141442,7043062.9148454415,26038.0,236.0,26274.0,46801.0,1.0,46802.0,0.41355,-0.32935000000000003,0.29715,4154578.9273826117,-37931.8078323533,4116647.1195502584,4192510.735214965,6962570.763161441,-79812.89302000002,207.9405579101325,0.5349590484219824,0.40028089887640445,0.9008243818356744,0.4910931790499391,0.7878597653948355,False
中证500ETF嘉实,3月,2.75,3.196,2027-03-24,202703,rule_fourth_wednesday,medium,204.0,146.0,190353.40511616002,-233879.89172864007,-43526.48661248005,424233.2968448001,543.0,661.0,1204.0,7.0,11.0,18.0,0.1742,0.28775,0.3448,66552.9340464365,-48332.81877478402,18220.115271652474,114885.75282122052,-1438.1897728000008,-42088.29683968003,492.3185506338848,0.27814243158147045,0.4657293497363796,0.014766398363994505,0.009836149411734623,0.12366691450058183,False
中证500ETF嘉实,3月,2.8,3.196,2027-03-24,202703,rule_fourth_wednesday,medium,204.0,146.0,359551.12038976006,-538053.1471977602,-178502.0268080001,897604.2675875202,974.0,1462.0,2436.0,0.0,4.0,4.0,0.17779999999999999,0.2659,0.36085,116996.33399864142,-108199.47009312004,8796.863905521386,225195.80409176147,-1472.1016339200005,-177029.92517408013,505.4669324748683,0.26324496982463363,0.7917910447761193,0.0013679890560875513,0.0013717421124828531,0.21627919229121634,False
中证500ETF嘉实,3月,2.85,3.196,2027-03-24,202703,rule_fourth_wednesday,medium,204.0,146.0,230809.54042320006,-591278.6303788802,-360469.08995568013,822088.1708020803,597.0,1542.0,2139.0,0.0,2.0,2.0,0.179,0.24459999999999998,0.37695,69565.07970727138,-118562.48541708804,-48997.40570981667,188127.56512435942,-766.8983532800003,-359702.1916024001,520.2978539095373,0.2509574195368282,0.7802890932982918,0.0006485084306095979,0.0006493506493506494,0.1948485964558109,False
中证500ETF嘉实,3月,2.9,3.196,2027-03-24,202703,rule_fourth_wednesday,medium,204.0,146.0,237685.37455360004,-264188.00473968004,-26502.63018608,501873.3792932801,590.0,651.0,1241.0,1.0,8.0,9.0,0.17545,0.2243,0.39585,64734.44829403549,-54136.22094051201,10598.227353523478,118870.6692345475,-2843.6934144000006,-23658.93677167999,521.8097086344087,0.2386345170479117,0.48415600243753815,0.006991850868286078,0.0031637112494497894,0.13700279182443512,False
中证500ETF嘉实,3月,2.95,3.196,2027-03-24,202703,rule_fourth_wednesday,medium,204.0,146.0,122794.23625056003,-163675.80198400002,-40881.56573343999,286470.03823456005,294.0,400.0,694.0,40.0,1.0,41.0,0.1813,0.20084999999999997,0.40475,36963.46695976376,-21987.11606651734,14976.350893246421,58950.58302628111,16297.509304640005,-57179.07503808,521.4882453350524,0.2176764466385063,0.4636174636174637,0.06927721088435375,0.011669799498746867,0.08118917605891554,False
中证500ETF嘉实,3月,3.0,3.196,2027-03-24,202703,rule_fourth_wednesday,medium,204.0,146.0,562949.1518912,-437990.0723136001,124959.07957759988,1000939.2242048001,1306.0,1032.0,2338.0,24.0,0.0,24.0,0.18009999999999998,0.17895,0.41874999999999996,125678.3651652576,-87598.01446272002,38080.35070253757,213276.3796279776,10345.160524800001,114613.91905279993,510.84681531669185,0.21162497069499733,0.3,0.009188361408882083,-0.006797583081570997,0.22888304372873514,False
中证500ETF嘉实,3月,3.1,3.196,2027-03-24,202703,rule_fourth_wednesday,medium,204.0,146.0,2041348.9947168005,-583648.2573385601,1457700.7373782406,2624997.2520553605,1588.0,1291.0,2879.0,14.0,41.0,55.0,0.2245,0.21489999999999998,0.8505499999999999,415468.51076352014,-144676.17972136513,270792.33104215504,560144.6904848852,-538.9125881599939,1458239.6499664003,515.5373957876964,0.22570446610426892,0.49679230152365667,0.020287223892594925,0.015383308092540189,0.341580372866946,True
中证500ETF嘉实,3月,3.2,3.196,2027-03-24,202703,rule_fourth_wednesday,medium,204.0,146.0,1133958.2951596803,-369040.31285376,764917.9823059202,1502998.6080134404,874.0,841.0,1715.0,8.0,0.0,8.0,0.2516,0.1043,0.8499,230943.45141696007,-102961.09042001422,127982.36099694585,333904.5418369743,10379.480962560003,754538.5013433602,533.0453794977254,0.24132909621744109,0.3,0.004576659038901602,0.0011467889908256881,0.24286570848494693,True
中证500ETF嘉实,3月,3.3,3.196,2027-03-24,202703,rule_fourth_wednesday,medium,204.0,146.0,1144792.5219225602,-393462.3686448001,751330.1532777601,1538254.8905673602,992.0,910.0,1902.0,11.0,0.0,11.0,0.26894999999999997,0.023399999999999976,0.77655,234036.21315110405,-127875.26980956011,106160.94334154394,361911.48296066414,12694.271916480002,738635.8813612801,505.84812859884767,0.264717741935484,0.3,0.005544354838709678,0.0030425963488843813,0.25400637803042614,True
中证500ETF嘉实,3月,3.4,3.196,2027-03-24,202703,rule_fourth_wednesday,medium,204.0,146.0,1071372.9340211202,-373451.30625920004,697921.6277619202,1444824.2402803202,1024.0,890.0,1914.0,31.0,0.0,31.0,0.28145,-0.043300000000000005,0.71755,227248.24342713607,-135495.5315846764,91752.71184245966,362743.77501181245,32434.141557280007,665487.4862046402,432.2728789630993,0.28746459196908963,0.3,0.01513671875,0.012512512512512513,0.2531005007558114,False
中证500ETF嘉实,3月,3.5,3.196,2027-03-24,202703,rule_fourth_wednesday,medium,204.0,146.0,843550.1909804802,-350662.94416320004,492887.24681728013,1194213.1351436803,934.0,870.0,1804.0,13.0,0.0,13.0,0.2959,-0.09680000000000002,0.6394,173406.46324224005,-139203.86111277953,34202.602129460516,312610.3243550196,11741.062615360002,481146.1842019201,461.46411585905935,0.30127042578787266,0.3,0.006959314775160599,0.001072961373390558,0.22650003692889464,False
中证500ETF嘉实,3月,3.6,3.196,2027-03-24,202703,rule_fourth_wednesday,medium,204.0,146.0,271497.54297344,-65360.005100800015,206137.53787264,336857.54807424004,349.0,170.0,519.0,72.0,0.0,72.0,0.30925,-0.14184999999999998,0.5690000000000001,58604.05416618669,-27444.80475195091,31159.24941423578,86048.8589181376,56010.95442432001,150126.58344832,442.74985379666964,0.31787847201123054,0.3,0.10315186246418338,0.08952702702702703,0.09640501970361688,False
中证500ETF嘉实,3月,3.7,3.196,2027-03-24,202703,rule_fourth_wednesday,medium,204.0,146.0,459032.79071520007,-58061.29414799999,400971.49656720005,517094.0848632001,690.0,159.0,849.0,328.0,0.0,328.0,0.3217,-0.18055,0.5044,179089.31487033603,-25519.016144085846,153570.29872625018,204608.33101442188,218206.89181824005,182764.60474896003,430.63123303845447,0.4148317416016164,0.3,0.23768115942028986,0.20408163265306123,0.17367381117681718,False
深证100ETF易方达,9月,3.0,3.579,2026-09-23,202609,rule_fourth_wednesday,medium,22.0,16.0,24281.581516830003,-874463.8264362002,-850182.2449193702,898745.4079530302,209.0,4433.0,4642.0,3.0,14740.0,14743.0,0.17875,0.48505000000000004,0.12235,6933.463510518464,-434198.32829984534,-427264.86478932685,441131.7918103638,-874115.2869885901,23933.042069220002,396.2018555107842,0.391037534116707,0.4624404866866514,1.66970805086255,0.40580302411115654,0.4279627494136512,False
深证100ETF易方达,9月,3.1,3.579,2026-09-23,202609,rule_fourth_wednesday,medium,22.0,16.0,23261.83784082,-481535.2350648002,-458273.39722398017,504797.0729056202,81.0,1372.0,1453.0,0.0,258.0,258.0,0.16884999999999997,0.4674,0.24910000000000002,6510.145677545778,-132527.48160384005,-126017.33592629427,139037.62728138582,-90551.08647720004,-367722.31074678013,515.8746162980891,0.27754121535496123,0.4041666666666667,0.09402332361516035,0.05367231638418079,0.18761202667415092,False
深证100ETF易方达,9月,3.2,3.579,2026-09-23,202609,rule_fourth_wednesday,medium,22.0,16.0,137182.87215288,-691712.84798028,-554529.9758274001,828895.72013316,236.0,1134.0,1370.0,0.0,295.0,295.0,0.16154999999999997,0.4314,0.46499999999999997,38352.59469801475,-210319.74425361602,-171967.14955560127,248672.33895163078,-179942.93664390003,-374587.03918350005,509.54537321239326,0.2918146005373419,0.6247422680412371,0.1300705467372134,0.06530408773678963,0.22037894626271382,False
深证100ETF易方达,9月,3.3,3.579,2026-09-23,202609,rule_fourth_wednesday,medium,22.0,16.0,187431.34702491004,-1108597.5380547002,-921166.1910297902,1296028.8850796102,191.0,1130.0,1321.0,24.0,393.0,417.0,0.15435,0.36915,0.766,92556.84840705637,-586604.7324490439,-494047.88404198753,679161.5808561003,-362004.9060264301,-559161.2850033601,229.0113735783019,0.5114793133136084,0.9129907102187593,0.23672103044062454,0.06028623471246422,0.2741091716602739,False
深证100ETF易方达,9月,3.4,3.579,2026-09-23,202609,rule_fourth_wednesday,medium,22.0,16.0,1171735.5678678001,-3808689.471547201,-2636953.9036794007,4980425.039415001,755.0,2656.0,3411.0,472.0,1580.0,2052.0,0.2502,0.319,1.16555,617640.3476515498,-2759306.5127733564,-2141666.165121807,3376946.860424906,-1533182.63144868,-1103771.2722307201,272.7659927929255,0.625796221962899,0.7727451502810236,0.6100225404930981,0.15331693119711282,0.5222382356851295,False
深证100ETF易方达,9月,3.5,3.579,2026-09-23,202609,rule_fourth_wednesday,medium,22.0,16.0,5421475.51546761,-3871236.098703331,1550239.4167642794,9292711.61417094,2371.0,2103.0,4474.0,1780.0,1435.0,3215.0,0.25429999999999997,0.16715000000000002,1.6111,3568161.5051317704,-1830875.6175798064,1737285.887551964,5399037.1227115765,1428537.1528219497,121702.26394232991,403.70469660635354,0.5655483113187529,0.6634924321604151,0.7165483103108511,0.08601925932230639,0.6189239740742747,True
深证100ETF易方达,9月,3.6,3.579,2026-09-23,202609,rule_fourth_wednesday,medium,22.0,16.0,5313742.369297831,-3891066.2127878405,1422676.1565099908,9204808.582085673,2119.0,1952.0,4071.0,1841.0,852.0,2693.0,0.25605,-0.006149999999999961,1.75695,3733853.953179686,-1457555.1305279043,2276298.8226517816,5191409.08370759,2918256.748633531,-1495580.5921235401,461.6408209222586,0.5386344670636235,0.5335755231580319,0.6526407252106237,0.14870454148610251,0.6033622888693029,True
深证100ETF易方达,9月,3.7,3.579,2026-09-23,202609,rule_fourth_wednesday,medium,22.0,16.0,8587538.0471934,-1888037.0348716802,6699501.01232172,10475575.082065081,3908.0,1056.0,4964.0,1398.0,179.0,1577.0,0.26255,-0.1684,1.55565,5156094.694143508,-653192.7500345655,4502901.9441089425,5809287.444178073,2751963.9796612803,3947537.0326604405,290.3213998096495,0.47318994289847316,0.4767711962833914,0.26361765686548183,0.15898791162930762,0.6143478209490234,True
深证100ETF易方达,9月,3.8,3.579,2026-09-23,202609,rule_fourth_wednesday,medium,22.0,16.0,6574478.080742551,-927966.7451691,5646511.335573451,7502444.825911651,4215.0,665.0,4880.0,1119.0,205.0,1324.0,0.2816,-0.28485,1.15355,2964254.7995635695,-372852.64736041194,2591402.1522031575,3337107.4469239814,1459330.3120011303,4187181.0235723206,360.52009456264796,0.42633414509748013,0.47528442526480963,0.2868755518689963,0.1018067364538042,0.5738661992289247,False
深证100ETF易方达,9月,3.9,3.579,2026-09-23,202609,rule_fourth_wednesday,medium,22.0,16.0,2603789.2416214803,-468861.25964976015,2134927.9819717202,3072650.5012712404,2629.0,432.0,3061.0,760.0,120.0,880.0,0.287,-0.36915000000000003,0.81025,821842.6446167763,-183704.67546494075,638137.9691518355,1005547.320081717,622472.7519396001,1512455.23003212,582.0766619305182,0.35372181530000996,0.49101796407185627,0.28343053970669035,0.2751116358584097,0.42299858028916143,False
深证100ETF易方达,9月,4.0,3.579,2026-09-23,202609,rule_fourth_wednesday,medium,22.0,16.0,551524.2874267502,-231706.87281864003,319817.41460811015,783231.1602453901,921.0,276.0,1197.0,80.0,15.0,95.0,0.33585,-0.39435000000000003,0.56145,92699.19619290005,-70025.0269640082,22674.169228891857,162724.22315690824,35313.796512900015,284503.6180952102,1167.4452334411926,0.2351460147994175,0.4593885466575404,0.07060496624651844,0.04448192398805232,0.1816980726399564,False
深证100ETF易方达,9月,4.1,3.579,2026-09-23,202609,rule_fourth_wednesday,medium,22.0,16.0,840214.09357317,-161118.47607029998,679095.61750287,1001332.56964347,2157.0,238.0,2395.0,22.0,0.0,22.0,0.3721,-0.4149,0.4163,171470.67408016202,-45190.15413184905,126280.51994831297,216660.82821201108,8569.638413820001,670525.9790890501,1520.4560980934875,0.24227876530019476,0.35555555555555557,0.005099675475197033,0.0049157303370786515,0.2317096141504959,False
深证100ETF易方达,9月,4.2,3.579,2026-09-23,202609,rule_fourth_wednesday,medium,22.0,16.0,230232.01680990003,-79757.50764096002,150474.50916894,309989.52445086004,1134.0,141.0,1275.0,140.0,0.0,140.0,0.39844999999999997,-0.43110000000000004,0.30005,42067.08455292001,-22332.10213946872,19734.98241345129,64399.18669238873,28423.705779000004,122050.80338994,3103.2258064516136,0.2313580246913575,0.3,0.06172839506172839,0.018281535648994516,0.13291577750094785,False
深证100ETF易方达,9月,4.3,3.579,2026-09-23,202609,rule_fourth_wednesday,medium,22.0,16.0,175553.20975320003,-64606.73738616002,110946.47236704001,240159.94713936007,1410.0,134.0,1544.0,371.0,0.0,371.0,0.4292,-0.44025,0.2368,53587.306012608016,-18122.29330974971,35465.01270285831,71709.59932235772,46191.660154920006,64754.81221212,1449.6864990117904,0.2928749142657451,0.6888888888888889,0.13156028368794326,0.05643251775848461,0.15066513698978629,False
深证100ETF易方达,9月,4.4,3.579,2026-09-23,202609,rule_fourth_wednesday,medium,22.0,16.0,135723.64341816003,-18627.198262200007,117096.44515596003,154350.84168036003,1666.0,44.0,1710.0,90.0,0.0,90.0,0.4644,-0.44484999999999997,0.19705,30077.53250299201,-5207.7527315617135,24869.779771430294,35285.285234553725,7332.009548400002,109764.43560756002,5200.263820601991,0.2505932652470991,0.46666666666666673,0.02701080432172869,0.026216045483259634,0.10570287503754437,False
深证100ETF易方达,9月,4.5,3.579,2026-09-23,202609,rule_fourth_wednesday,medium,22.0,16.0,234058.39328142002,-53431.315075710016,180627.07820571002,287489.70835713006,3791.0,143.0,3934.0,8212.0,0.0,8212.0,0.49784999999999996,-0.4494,0.16995000000000002,105326.27697663901,-14922.279804722366,90403.99717191665,120248.55678136137,234058.39328142002,-53431.315075710016,4046.604055179465,0.36463983277950485,0.3,1.0830915325771564,0.43190757128810225,0.3235599257483025,False
深证100ETF易方达,9月,4.6,3.579,2026-09-23,202609,rule_fourth_wednesday,medium,22.0,16.0,179880.17136300003,-9357.406735320003,170522.76462768004,189237.57809832002,4681.0,28.0,4709.0,3749.0,0.0,3749.0,0.52415,-0.45345,0.14545000000000002,59037.03828423531,-2619.0585009607175,56417.97978327459,61656.09678519602,144065.53352700002,26457.23110068001,6563.704183236227,0.30404676178327883,0.3,0.40044862208929716,0.09645769622833843,0.28220883700242416,False
深证100ETF易方达,10月,3.2,3.579,2026-10-28,202610,rule_fourth_wednesday,medium,57.0,41.0,4393.569663000001,-504117.92694780015,-499724.35728480015,508511.49661080015,7.0,737.0,744.0,0.0,721.0,721.0,0.14875,0.3232,0.512,1228.322413127102,-298093.0699645201,-296864.747551393,299321.3923776472,-493173.71143740014,-6550.645847400009,469.7281005412402,0.4354444551124701,0.3,0.4891451831750339,0.2597938144329897,0.19070951074959092,False
深证100ETF易方达,10月,3.3,3.579,2026-10-28,202610,rule_fourth_wednesday,medium,57.0,41.0,12076.296229980002,-264257.2036782,-252180.90744822,276333.49990818003,19.0,305.0,324.0,6.0,94.0,100.0,0.21675,0.3712,0.5863,5131.71674551172,-151763.67764947694,-146631.96090396523,156895.39439498866,-77629.63652604,-174551.27092218003,281.468939729332,0.4996220872156716,0.16928104575163394,0.311993097497843,0.3195723195723196,0.07826657081566901,False
深证100ETF易方达,10月,3.4,3.579,2026-10-28,202610,rule_fourth_wednesday,medium,57.0,41.0,233052.09930846005,-601416.9215838001,-368364.8222753401,834469.0208922601,163.0,588.0,751.0,200.0,334.0,534.0,0.23015000000000002,0.2691,0.95735,166465.78522032854,-245484.9467599603,-79019.16153963175,411950.73198028887,-108569.07723744001,-259795.74503790008,377.9671989641778,0.5612316830055286,0.0,0.8975105379575143,0.9503955696202531,0.21557206796886158,False
深证100ETF易方达,10月,3.5,3.579,2026-10-28,202610,rule_fourth_wednesday,medium,57.0,41.0,107512.31485494004,-122376.67048098001,-14864.355626039978,229888.98533592006,59.0,106.0,165.0,26.0,80.0,106.0,0.23665,0.14780000000000001,1.16195,53003.45330058054,-77346.82760114266,-24343.37430056212,130350.2809017232,-44981.44306524001,30117.087439200026,345.7000515824048,0.5625189481808303,0.0,0.5976974736168852,1.2485380116959064,0.06699723115354378,True
深证100ETF易方达,10月,3.6,3.579,2026-10-28,202610,rule_fourth_wednesday,medium,57.0,41.0,243685.56263220005,-91825.60595670002,151859.95667550003,335511.16858890007,135.0,77.0,212.0,80.0,82.0,162.0,0.24885000000000002,0.0252,1.1701000000000001,141224.01396409376,-63718.98569864914,77505.02826544462,204942.9996627429,52580.65338090001,99279.30329460003,352.24388675605695,0.6367234091136731,0.12023809523809531,0.8287638287638287,2.076388888888889,0.10455676955877358,True
深证100ETF易方达,10月,3.7,3.579,2026-10-28,202610,rule_fourth_wednesday,medium,57.0,41.0,441743.5840831201,-93922.99107804002,347820.59300508007,535666.5751611601,264.0,82.0,346.0,103.0,45.0,148.0,0.25760000000000005,-0.08434999999999998,1.10025,224546.5113969339,-40641.35174893332,183905.15964800058,265187.86314586725,120803.82377859001,227016.76922649005,354.923852291298,0.470513985424907,0.24684095860566446,0.4694660014781966,0.4949433656957929,0.13752245851243847,True
深证100ETF易方达,10月,3.8,3.579,2026-10-28,202610,rule_fourth_wednesday,medium,57.0,41.0,277947.20808936004,-138413.58402816002,139533.6240612,416360.79211752006,199.0,134.0,333.0,239.0,147.0,386.0,0.2733,-0.17250000000000001,0.9484,216181.1618472801,-94171.59387590757,122009.56797137254,310352.7557231877,139533.6240612,0.0,338.66150542291473,0.7290707956616682,0.3478260869565217,1.1490099752493812,0.41908053543998247,0.13670077583504436,False
深证100ETF易方达,10月,3.9,3.579,2026-10-28,202610,rule_fourth_wednesday,medium,57.0,41.0,450262.24171776004,-2684.1764515500004,447578.06526621006,452946.41816931,398.0,3.0,401.0,535.0,0.0,535.0,0.28769999999999996,-0.24505,0.79085,327017.83340932225,-749.3613435432648,326268.472065779,327767.19475286553,450262.24171776004,-2684.1764515500004,371.5872336852874,0.5027302130517701,0.3,0.6721105527638191,0.7283950617283951,0.1598041554033538,False
深证100ETF易方达,10月,4.0,3.579,2026-10-28,202610,rule_fourth_wednesday,medium,57.0,41.0,327356.8057683,-5636.322224820002,321720.48354348005,332993.12799312,385.0,7.0,392.0,346.0,3.0,349.0,0.2902,-0.30779999999999996,0.6462,287505.12327083957,-2540.4220673781297,284964.70120346145,290045.5453382177,291780.41981490003,29940.06372858001,251.20218110571426,0.6644928005699742,0.44547015886646624,0.6636363636363636,1.1414473684210527,0.12446456877719403,False
深证100ETF易方达,12月,3.1,3.579,2026-12-23,202612,rule_fourth_wednesday,medium,113.0,81.0,5082.322551570001,-198536.06232504008,-193453.7397734701,203618.38487661007,11.0,396.0,407.0,0.0,27.0,27.0,0.15495,0.3187,0.37605,1016.4645103140003,-43645.66613549497,-42629.20162518097,44662.13064580897,-13536.549703980005,-179917.1900694901,518.5501366976272,0.20991873623452595,0.3,0.03409090909090909,0.03225806451612903,0.053584728835229835,False
深证100ETF易方达,12月,3.2,3.579,2026-12-23,202612,rule_fourth_wednesday,medium,113.0,81.0,46401.475522500004,-202535.10736524005,-156133.63184274005,248936.58288774005,90.0,338.0,428.0,0.0,92.0,92.0,0.15095,0.27515,0.43515000000000004,9280.2951045,-64908.49968497499,-55628.20458047499,74188.79478947498,-55127.89904616001,-101005.73279658004,571.9389386777192,0.26024011967446903,0.3,0.13609467455621302,0.11454545454545455,0.07666714920422335,False
深证100ETF易方达,12月,3.3,3.579,2026-12-23,202612,rule_fourth_wednesday,medium,113.0,81.0,124779.42790776002,-174783.11818428006,-50003.690276520036,299562.5460920401,222.0,261.0,483.0,0.0,33.0,33.0,0.1562,0.22169999999999998,0.4808,24955.885581552007,-43796.22961399202,-18840.344032440014,68752.11519554403,-22099.01494284001,-27904.675333680032,664.1507359293762,0.2252873563218391,0.3100548446069469,0.06321839080459771,0.03483606557377049,0.07714421800193344,False
深证100ETF易方达,12月,3.4,3.579,2026-12-23,202612,rule_fourth_wednesday,medium,113.0,81.0,372073.7380068901,-373093.22549808,-1019.4874911899096,745166.9635049701,321.0,537.0,858.0,2.0,42.0,44.0,0.24985,0.2223,0.72365,25732.202441598012,-86290.83539452801,-60558.63295293,112023.03783612602,-26862.2593011,25842.771809910133,643.29352265956,0.15022189735289512,0.2310344827586207,0.04222141004890444,-0.002134357670979667,0.1592110904856396,False
深证100ETF易方达,12月,3.5,3.579,2026-12-23,202612,rule_fourth_wednesday,medium,113.0,81.0,223070.3701668,-166025.6962974,57044.67386940002,389096.06646420003,170.0,229.0,399.0,0.0,5.0,5.0,0.25845,0.13674999999999998,0.7951999999999999,44614.074033360004,-34655.14534068,9958.928692680005,79269.21937404,-3625.0152029999995,60669.68907240004,666.9162545133017,0.20436681222707426,0.599124513618677,0.010917030567685589,0.0,0.08341873263316148,True
深证100ETF易方达,12月,3.6,3.579,2026-12-23,202612,rule_fourth_wednesday,medium,113.0,81.0,401853.81431538,-115474.53906054002,286379.27525484,517328.35337592004,331.0,157.0,488.0,18.0,20.0,38.0,0.27635,0.053200000000000025,0.761,89111.993869332,-28978.960757868004,60133.033111464,118090.9546272,7142.9451512399955,279236.3301036,666.8239909685153,0.23635383993688303,0.35344160866202634,0.09088459984220755,0.08778434940855323,0.11853171699664686,True
深证100ETF易方达,12月,3.7,3.579,2026-12-23,202612,rule_fourth_wednesday,medium,113.0,81.0,624377.3579838901,-311926.92215211,312450.4358317801,936304.2801360001,511.0,443.0,954.0,32.0,13.0,45.0,0.28535,-0.020000000000000018,0.7518,140515.45238385003,-66046.829114826,74468.62326902403,206562.28149867605,29946.340256670002,282504.09557511006,660.7358527414117,0.21839353633162967,0.42892007321537506,0.04598384082907414,0.026719758852315652,0.18234899282594674,True
深证100ETF易方达,12月,3.8,3.579,2026-12-23,202612,rule_fourth_wednesday,medium,113.0,81.0,557014.4562117602,-160598.67707052006,396415.7791412401,717613.1332822803,498.0,234.0,732.0,1.0,0.0,1.0,0.2934,-0.08585000000000001,0.7045,111850.29241200004,-21413.156942736012,90437.13546926403,133263.44935473605,1118.5029241200002,395297.27621712006,663.685068025445,0.1670682730923695,0.3,0.001004016064257028,0.0,0.13924058764539726,False
深证100ETF易方达,12月,3.9,3.579,2026-12-23,202612,rule_fourth_wednesday,medium,113.0,81.0,568410.5817446401,-87569.09517239999,480841.48657224013,655979.6769170401,576.0,135.0,711.0,1.0,0.0,1.0,0.3062,-0.14049999999999999,0.6384,114076.84591958403,-17513.81903448,96563.02688510403,131590.66495406404,986.8239266400002,479854.66264560015,660.3440329933995,0.20034722222222223,0.3,0.0008680555555555555,0.0008695652173913044,0.13200881041362003,False
深证100ETF易方达,12月,4.0,3.579,2026-12-23,202612,rule_fourth_wednesday,medium,113.0,81.0,197141.90453460003,-72951.1893432,124190.71519140003,270093.09387780004,226.0,120.0,346.0,1.0,0.0,1.0,0.315,-0.1906,0.5778000000000001,69630.68216226512,-14590.237868640002,55040.444293625114,84220.92003090512,872.3093121000002,123318.40587930003,465.97143279302213,0.27660040955433796,0.3,0.0022123893805309734,0.0022222222222222222,0.05350758191239153,False
深证100ETF易方达,12月,4.1,3.579,2026-12-23,202612,rule_fourth_wednesday,medium,113.0,81.0,103409.002593,-24378.29128638,79030.71130662,127787.29387938,138.0,43.0,181.0,1.0,0.0,1.0,0.3251,-0.23199999999999998,0.5138,49904.95703213234,-4875.658257276001,45029.29877485634,54780.61528940834,749.3405984999999,78281.37070812,388.50596786246547,0.34129889942246927,0.3,0.0036231884057971015,0.0,0.01941421581902544,False
深证100ETF易方达,12月,4.2,3.579,2026-12-23,202612,rule_fourth_wednesday,medium,113.0,81.0,165451.84230060002,-44705.53201410001,120746.31028650001,210157.37431470002,262.0,85.0,347.0,34.0,0.0,34.0,0.33540000000000003,-0.26675,0.4518,41678.70836580001,-8941.106402820003,32737.601962980007,50619.81476862002,21470.8497642,99275.4605223,702.1517968588104,0.22595419847328246,0.3,0.0648854961832061,0.0019157088122605363,0.05336156342168367,False
深证100ETF易方达,12月,4.3,3.579,2026-12-23,202612,rule_fourth_wednesday,medium,113.0,81.0,152641.57656132002,-41970.75906060001,110670.81750072,194612.33562192004,292.0,86.0,378.0,23.0,0.0,23.0,0.34640000000000004,-0.29495,0.39455,35337.57046419601,-8394.151812120002,26943.41865207601,43731.72227631601,12023.137879830001,98647.67962089,738.0903330697879,0.21575342465753428,0.3,0.039383561643835614,0.001718213058419244,0.047497803141089714,False
深证100ETF易方达,12月,4.4,3.579,2026-12-23,202612,rule_fourth_wednesday,medium,113.0,81.0,166703.30514630003,-29524.019580900007,137179.28556540003,196227.32472720003,390.0,65.0,455.0,83.0,0.0,83.0,0.35724999999999996,-0.31784999999999997,0.34415,30861.483670674006,-5904.803916180002,24956.679754494005,36766.28758685401,35477.882890110006,101701.40267529001,850.183901855381,0.19256410256410256,0.3,0.1064102564102564,0.017241379310344827,0.06409628101411668,False
深证100ETF易方达,12月,4.5,3.579,2026-12-23,202612,rule_fourth_wednesday,medium,113.0,81.0,288652.14697788004,-164158.62132924,124493.52564864003,452810.7683071201,834.0,388.0,1222.0,28.0,0.0,28.0,0.36905,-0.33594999999999997,0.30025,61606.81314396001,-32831.724265848,28775.08887811201,94438.53740980802,9690.959370960001,114802.56627768002,763.9869495295889,0.20671462829736212,0.3,0.016786570743405275,0.004232164449818622,0.13391509636800217,False
深证100ETF易方达,12月,4.6,3.579,2026-12-23,202612,rule_fourth_wednesday,medium,113.0,81.0,854684.0526688201,-15816.850786800002,838867.2018820201,870500.9034556202,3102.0,40.0,3142.0,7212.0,0.0,7212.0,0.38025,-0.351,0.2619,512810.43160129216,-3163.3701573600006,509647.0614439322,515973.80175865215,854684.0526688201,-15816.850786800002,735.2455207311402,0.4,0.3,1.1624758220502902,0.27627627627627627,0.38437243692955114,False
深证100ETF易方达,3月,3.1,3.579,2027-03-24,202703,rule_fourth_wednesday,medium,204.0,146.0,6525.539735040002,-22861.29287475,-16335.75313971,29386.832609790003,16.0,55.0,71.0,0.0,0.0,0.0,0.16595,0.2866,0.32145,870.0719646720004,-4572.25857495,-3702.186610278,5442.330539622,0.0,-16335.75313971,592.9637698978387,0.16666666666666669,0.6,0.0,0.0,0.005285322487727298,False
深证100ETF易方达,3月,3.2,3.579,2027-03-24,202703,rule_fourth_wednesday,medium,204.0,146.0,7582.302117540002,-68305.27763250002,-60722.97551496002,75887.57975004002,17.0,150.0,167.0,0.0,11.0,11.0,0.16675,0.248,0.35185,1516.4604235080005,-15664.677003720004,-14148.216580212003,17181.137427228005,-5009.053693050001,-55713.921821910015,631.038948391458,0.21466666666666667,0.7461235216819975,0.03666666666666667,-0.016129032258064516,0.015768867792915888,False
深证100ETF易方达,3月,3.3,3.579,2027-03-24,202703,rule_fourth_wednesday,medium,204.0,146.0,31164.24289095001,-65727.80215848002,-34563.55926753001,96892.04504943002,65.0,136.0,201.0,0.0,0.0,0.0,0.1699,0.20675000000000002,0.3758,6232.848578190002,-13145.560431696003,-6912.711853506002,19378.409009886003,0.0,-34563.55926753001,664.5664862231843,0.2,0.6,0.0,0.0,0.015599818802223612,False
深证100ETF易方达,3月,3.4,3.579,2027-03-24,202703,rule_fourth_wednesday,medium,204.0,146.0,23916.64624074,-52527.11075352001,-28610.464512780014,76443.75699426001,23.0,104.0,127.0,0.0,0.0,0.0,0.23635,0.23290000000000002,0.60305,4783.329248148,-10505.422150704004,-5722.0929025560035,15288.751398852004,0.0,-28610.464512780014,665.087141817678,0.2,0.6,0.0,0.0,0.010880736083140894,False
深证100ETF易方达,3月,3.5,3.579,2027-03-24,202703,rule_fourth_wednesday,medium,204.0,146.0,39757.83458544,-30029.472230760002,9728.36235468,69787.3068162,38.0,58.0,96.0,12.0,0.0,12.0,0.25765,0.14764999999999998,0.6105,12973.609180512001,-6005.8944461520005,6967.714734360001,18979.503626664,12555.10565856,-2826.743303880001,635.1833820188252,0.26315789473684215,0.3,0.15789473684210525,0.027777777777777776,0.012541495767948675,True
深证100ETF易方达,3月,3.6,3.579,2027-03-24,202703,rule_fourth_wednesday,medium,204.0,146.0,104236.22337678002,-52642.00964529001,51594.21373149001,156878.23302207002,94.0,101.0,195.0,0.0,0.0,0.0,0.26280000000000003,0.08389999999999997,0.6363,20847.244675356007,-10528.401929058004,10318.842746298003,31375.64660441401,0.0,51594.21373149001,667.442542416385,0.2,0.6,0.0,0.0,0.029468778671183478,True
深证100ETF易方达,3月,3.7,3.579,2027-03-24,202703,rule_fourth_wednesday,medium,204.0,146.0,64219.64212314,-46113.90806205001,18105.734061089992,110333.55018519002,63.0,89.0,152.0,13.0,0.0,13.0,0.27625,0.024099999999999983,0.60015,18144.597298284,-9222.781612410003,8921.815685873997,27367.378910694002,13251.67218414,4854.061876949992,664.5325741341883,0.24126984126984127,0.3,0.10317460317460317,0.0,0.01908316551202323,True
深证100ETF易方达,3月,3.8,3.579,2027-03-24,202703,rule_fourth_wednesday,medium,204.0,146.0,85458.77271765003,-21844.623416580005,63614.14930107003,107303.39613423005,85.0,43.0,128.0,0.0,0.0,0.0,0.28075,-0.03184999999999999,0.59075,17091.75454353001,-4368.924683316001,12722.829860214008,21460.679226846012,0.0,63614.14930107003,664.9534649500506,0.2,0.6,0.0,0.0,0.01322799243039724,False
深证100ETF易方达,3月,3.9,3.579,2027-03-24,202703,rule_fourth_wednesday,medium,204.0,146.0,17632.560698550005,-1479.8516127300004,16152.709085820004,19112.412311280004,19.0,3.0,22.0,0.0,0.0,0.0,0.2894,-0.0807,0.5548,3526.512139710001,-295.9703225460001,3230.541817164001,3822.4824622560013,0.0,16152.709085820004,667.2879623426131,0.2,0.6,0.0,0.0,0.0032935124959173057,False
深证100ETF易方达,3月,4.0,3.579,2027-03-24,202703,rule_fourth_wednesday,medium,204.0,146.0,20262.169783440004,-10452.084471180002,9810.085312260002,30714.254254620006,24.0,22.0,46.0,4.0,0.0,4.0,0.29805,-0.12389999999999998,0.515,5403.245275584001,-2090.4168942360006,3312.8283813480007,7493.6621698200015,3377.0282972400005,6433.057015020004,651.2283830590061,0.23333333333333334,0.3,0.08333333333333333,0.045454545454545456,0.007243975255999305,False
深证100ETF易方达,3月,4.1,3.579,2027-03-24,202703,rule_fourth_wednesday,medium,204.0,146.0,14300.749022040001,-911.7617743800001,13388.987247660001,15212.510796420001,19.0,2.0,21.0,6.0,0.0,6.0,0.30785,-0.16010000000000002,0.47175,5804.8926700227075,-182.35235487600005,5622.540315146707,5987.245024898708,4516.02600696,8872.9612407,533.7026513416683,0.30295764442395057,0.3,0.15789473684210525,0.23076923076923078,0.0042519666688003365,False
深证100ETF易方达,3月,4.2,3.579,2027-03-24,202703,rule_fourth_wednesday,medium,204.0,146.0,139297.16547234004,-428.2129266300001,138868.95254571005,139725.37839897003,206.0,1.0,207.0,42.0,10.0,52.0,0.31684999999999997,-0.19589999999999996,0.43110000000000004,72633.75252741213,-256.9277559780001,72376.82477143413,72890.68028339013,27972.180033750006,110896.77251196004,433.32519475576885,0.5607151131938678,0.38770999115826704,5.101941747572815,0.028205128205128206,0.036979735063903396,False
创业板ETF易方达,9月,2.85,3.412,2026-09-23,202609,rule_fourth_wednesday,medium,22.0,16.0,374338.64847583993,-22885403.453452483,-22511064.804976642,23259742.101928324,1277.0,93122.0,94399.0,113.0,11905.0,12018.0,0.20384999999999998,0.46044999999999997,0.23145000000000002,136543.593334588,-8696761.407261416,-8560217.813926829,8833305.000596004,-2892614.9347022404,-19618449.870274402,172.13787925006346,0.37238650140451246,0.4698591046905653,0.108165844935241,0.044499919957836816,0.9023108001424635,False
创业板ETF易方达,9月,2.9,3.412,2026-09-23,202609,rule_fourth_wednesday,medium,22.0,16.0,734610.69409392,-27319277.374787837,-26584666.680693917,28053888.068881758,1953.0,82804.0,84757.0,102.0,11723.0,11825.0,0.2034,0.44485,0.30325,215778.58797052846,-9872968.814901566,-9657190.226931037,10088747.402872095,-3829367.7492447994,-22755298.93144912,263.9982135878971,0.32756195488327844,0.4729311678267594,0.09690131438399015,0.016951376963666696,0.9060344866637452,False
创业板ETF易方达,9月,2.95,3.412,2026-09-23,202609,rule_fourth_wednesday,medium,22.0,16.0,890442.53899776,-10348508.061841598,-9458065.522843838,11238950.600839358,1897.0,24515.0,26412.0,235.0,14437.0,14672.0,0.2,0.4263,0.3829,297381.6100678492,-5991469.654923328,-5694088.044855479,6288851.264991177,-5983977.722972478,-3474087.79987136,164.1562638034355,0.45646999667918864,0.4554934422704795,0.3563922812096044,0.08890517063851305,0.8190214072699042,False
创业板ETF易方达,9月,3.0,3.412,2026-09-23,202609,rule_fourth_wednesday,medium,22.0,16.0,1978138.01521648,-17938095.442746717,-15959957.427530237,19916233.4579632,3467.0,33783.0,37250.0,450.0,30415.0,30865.0,0.19669999999999999,0.40335,0.47309999999999997,617734.9700253234,-13302953.221212681,-12685218.251187358,13920688.191238005,-15893002.148845596,-66955.2786846403,203.01390215430322,0.526942231424336,0.4453330150393888,0.5150500495361132,0.16261006644684642,0.8819534170716536,False
创业板ETF易方达,9月,3.1,3.412,2026-09-23,202609,rule_fourth_wednesday,medium,22.0,16.0,4101332.2770904,-39498845.9655952,-35397513.6885048,43600178.2426856,6017.0,49705.0,55722.0,1059.0,38161.0,39220.0,0.3315,0.39205,0.63405,1668057.4985173405,-29828097.09834203,-28160039.59982469,31496154.596859373,-29603388.12967504,-5794125.558829761,101.43262057658984,0.5809374474588814,0.40906326034063245,0.4718755264670497,0.07319835050624447,0.9299770811073416,False
创业板ETF易方达,9月,3.2,3.412,2026-09-23,202609,rule_fourth_wednesday,medium,22.0,16.0,7530200.28357744,-59269196.14740721,-51738995.86382977,66799396.43098465,6447.0,54855.0,61302.0,8936.0,58377.0,67313.0,0.34335000000000004,0.29555,0.9657,6152357.322012743,-47250348.62165385,-41097991.2996411,53402705.94366659,-51738995.86382977,0.0,34.66039002260939,0.8071201728303974,0.4393956499176052,1.225138336913354,0.19805771703415026,0.943117973867473,False
创业板ETF易方达,9月,3.3,3.412,2026-09-23,202609,rule_fourth_wednesday,medium,22.0,16.0,24352657.73615664,-63885033.90356832,-39532376.167411685,88237691.63972495,16137.0,48417.0,64554.0,27739.0,92641.0,120380.0,0.3462,0.17820000000000003,1.21485,24243361.095545568,-59632632.52284424,-35389271.42729867,83875993.61838982,-39532376.167411685,0.0,16.282138037146186,0.964474289570283,0.46593010628098347,1.8161835079928164,0.23774855535456413,0.9588622716358187,True
创业板ETF易方达,9月,3.4,3.412,2026-09-23,202609,rule_fourth_wednesday,medium,22.0,16.0,90519406.29086207,-97408612.73188671,-6889206.441024646,187928019.02274877,54237.0,67034.0,121271.0,124225.0,155477.0,279702.0,0.34665,0.04655000000000001,1.3409,85792222.70443825,-85456486.25890744,335736.4455308169,171248708.9633457,-6889206.441024646,0.0,8.450179004267262,0.9125381024106214,0.42738487253298263,2.3048929238603186,0.2450924834314901,0.9867720075696028,True
创业板ETF易方达,9月,3.5,3.412,2026-09-23,202609,rule_fourth_wednesday,medium,22.0,16.0,129932970.1951155,-82013812.14889216,47919158.04622334,211946782.34400767,79858.0,57518.0,137376.0,139234.0,83472.0,222706.0,0.3486,-0.08555000000000001,1.3112,103661469.30644736,-81250004.81805265,22411464.488394707,184911474.1245,47919158.04622334,0.0,12.293213678883983,0.894247061709954,0.3549796156086197,1.597376202577371,0.11306540495222317,0.987962214355,True
创业板ETF易方达,9月,3.6,3.412,2026-09-23,202609,rule_fourth_wednesday,medium,22.0,16.0,122055118.44775549,-48750756.4588336,73304361.98892188,170805874.9065891,87398.0,39118.0,126516.0,96689.0,30236.0,126925.0,0.35950000000000004,-0.19885000000000003,1.1350500000000001,96789973.89357185,-33781397.9758417,63008575.91773015,130571371.86941355,84373542.89968829,-11069180.9107664,33.118929121568605,0.7429715858861166,0.4264585045193099,0.9396250912449718,0.10775203589654603,0.9819084458843979,False
创业板ETF易方达,9月,3.7,3.412,2026-09-23,202609,rule_fourth_wednesday,medium,22.0,16.0,79291813.14263424,-16708349.7345888,62583463.40804544,96000162.87722304,72876.0,16155.0,89031.0,61157.0,7013.0,68170.0,0.37345,-0.28554999999999997,0.9115,49253515.90976177,-8207829.41810032,41045686.49166145,57461345.32786209,59287889.8778352,3295573.5302102435,211.61101827621354,0.5562044564562965,0.4647386328487472,0.6366498443598347,0.10074077367368044,0.9630568590087627,False
创业板ETF易方达,9月,3.8,3.412,2026-09-23,202609,rule_fourth_wednesday,medium,22.0,16.0,57255861.88039039,-5948862.7305452805,51306999.14984511,63204724.61093567,71735.0,7189.0,78924.0,34303.0,1584.0,35887.0,0.39005,-0.3478,0.6981999999999999,41840683.3269355,-2051088.9428397242,39789594.38409577,43891772.26977523,26068460.459242236,25238538.69060287,159.7491437063625,0.5377767693784488,0.49174356483729964,0.3492635939434238,0.06085619188230114,0.9447545114799624,False
创业板ETF易方达,9月,3.9,3.412,2026-09-23,202609,rule_fourth_wednesday,medium,22.0,16.0,33727714.24817472,-4740688.126262399,28987026.12191232,38468402.374437116,61354.0,7548.0,68902.0,28685.0,664.0,29349.0,0.38095,-0.40665,0.50585,18773218.834101215,-1832456.2621263976,16940762.571974818,20605675.096227612,15351768.7389776,13635257.38293472,116.37185235364635,0.4715745471825836,0.48686868686868695,0.27775150123518033,0.0627674625935335,0.9293117176203348,False
创业板ETF易方达,9月,4.0,3.412,2026-09-23,202609,rule_fourth_wednesday,medium,22.0,16.0,14280055.9802616,-1978256.4117529597,12301799.56850864,16258312.39201456,37615.0,3919.0,41534.0,18544.0,302.0,18846.0,0.4109,-0.42775,0.37985,6940514.033856166,-889685.8304742753,6050828.20338189,7830199.864330441,6887548.191009279,5414251.377499361,191.92258091573507,0.467880400776576,0.4981456507080243,0.2850276452543916,0.013812864717664656,0.8684118966844417,False
创业板ETF易方达,9月,4.1,3.412,2026-09-23,202609,rule_fourth_wednesday,medium,22.0,16.0,6050648.128181441,-1527336.2757312001,4523311.85245024,7577984.403912641,23338.0,3313.0,26651.0,5085.0,30.0,5115.0,0.46914999999999996,-0.4283,0.30935,796255.8680677619,-678627.8640809255,117628.00398683641,1474883.7321486874,1304515.0418328003,3218796.8106174404,461.0088516806277,0.28795981365875456,0.4790179845846417,0.1134701156875261,0.050822978333230254,0.7565656226457831,False
创业板ETF易方达,9月,4.2,3.412,2026-09-23,202609,rule_fourth_wednesday,medium,22.0,16.0,4197536.506235521,-435575.38609024,3761961.1201452813,4633111.892325761,23202.0,2074.0,25276.0,3850.0,25.0,3875.0,0.40595000000000003,-0.47495,0.1679,998183.2474936324,-201314.10661648127,796869.1408771512,1199497.3541101136,691263.4752320001,3070697.6449132813,489.1511803114015,0.3499909360927685,0.4974352398050782,0.0889939865690094,0.03319040159421066,0.6875248843304955,False
创业板ETF易方达,9月,4.3,3.412,2026-09-23,202609,rule_fourth_wednesday,medium,22.0,16.0,2626644.2751724804,-771006.1619436799,1855638.1132288005,3397650.43711616,18021.0,2522.0,20543.0,5141.0,5.0,5146.0,0.5035499999999999,-0.45685,0.19390000000000002,305259.60858864785,-362607.9048087458,-57348.296220097924,667867.5133973936,747796.0169308801,1107842.0962979202,990.6460425955447,0.2932606927697463,0.6129748258035512,0.14363041998626944,0.03738208228212635,0.6494917139766839,False
创业板ETF易方达,9月,4.4,3.412,2026-09-23,202609,rule_fourth_wednesday,medium,22.0,16.0,2368940.650892,-287931.7618288,2081008.8890632002,2656872.4127208004,20575.0,1481.0,22056.0,6952.0,38.0,6990.0,0.49055,-0.47535,0.13295,590908.6217509853,-141431.09140014308,449477.53035084216,732339.7131511284,793043.5176659201,1287965.3713972801,330.8269901190258,0.370318294711495,0.9459241899327491,0.1817720613391333,0.08861006865679616,0.6411089172612219,False
创业板ETF易方达,9月,4.5,3.412,2026-09-23,202609,rule_fourth_wednesday,medium,22.0,16.0,1432236.4988393602,-216381.37036991995,1215855.1284694402,1648617.8692092802,16558.0,812.0,17370.0,5145.0,0.0,5145.0,0.58725,-0.4578,0.1516,464460.50876723207,-105771.05991329142,358689.44885394064,570231.5686805234,445033.02249840007,770822.1059710402,414.316477127624,0.4065540738801594,0.5333333333333333,0.1553629665418529,0.03693495038588754,0.5690270303095954,False
创业板ETF易方达,9月,4.6,3.412,2026-09-23,202609,rule_fourth_wednesday,medium,22.0,16.0,384537.28188960004,-406277.88955727994,-21740.6076676799,790815.17144688,6741.0,1677.0,8418.0,1101.0,0.0,1101.0,0.6092000000000001,-0.4617,0.12855,60618.16697974155,-201821.3419691311,-141203.17498938955,262439.5089488727,62806.04470560001,-84546.65237327991,1064.5269420933553,0.32719806907017246,0.4666666666666666,0.08166444147752559,0.034236804564907276,0.37556599849986627,False
创业板ETF易方达,9月,4.7,3.412,2026-09-23,202609,rule_fourth_wednesday,medium,22.0,16.0,791314.6022644799,-217758.82152,573555.7807444799,1009073.4237844798,14493.0,1450.0,15943.0,9505.0,15.0,9520.0,0.58005,-0.4802,0.08795,275415.327035104,-110536.71742401652,164878.60961108748,385952.0444591205,516718.22535279987,56837.55539167998,1060.3294918400502,0.4278292850672517,0.4950054627750896,0.3330893392053714,0.12032706652505791,0.5402908093008294,False
创业板ETF易方达,9月,4.8,3.412,2026-09-23,202609,rule_fourth_wednesday,medium,22.0,16.0,1814722.97110592,-694364.02091152,1120358.9501943998,2509086.99201744,39166.0,3617.0,42783.0,29488.0,11.0,29499.0,0.66265,-0.46885000000000004,0.10235,568855.5132906969,-307746.7111790483,261108.8021116486,876602.2244697452,1364189.4574024,-243830.50720799994,583.4053015199307,0.3783367263888596,0.48927671824397273,0.3779695580133593,0.21512308177040623,0.6856808883943153,False
创业板ETF易方达,10月,3.0,3.412,2026-10-28,202610,rule_fourth_wednesday,medium,57.0,41.0,115751.41582576,-5068592.74745472,-4952841.33162896,5184344.16328048,221.0,9078.0,9299.0,65.0,10240.0,10305.0,0.3245,0.37125,0.46475,44075.69489990593,-4570730.974627808,-4526655.279727902,4614806.669527713,-5034548.21338832,81706.88175936,146.933142023158,0.6412770157932384,0.2546791443850268,0.7110597047807887,0.39006809404104903,0.6673916580088924,False
创业板ETF易方达,10月,3.1,3.412,2026-10-28,202610,rule_fourth_wednesday,medium,57.0,41.0,133576.2064816,-4080921.1565875197,-3947344.9501059195,4214497.36306912,179.0,6048.0,6227.0,142.0,5201.0,5343.0,0.33885,0.2992,0.6103000000000001,76776.63835535097,-2992321.6762268892,-2915545.037871538,3069098.3145822403,-3403437.7808934394,-543907.1692124798,179.13051303131084,0.6540122148594537,0.18249733191035222,0.8266248965445893,1.2651750267817758,0.581480979977974,False
创业板ETF易方达,10月,3.2,3.412,2026-10-28,202610,rule_fourth_wednesday,medium,57.0,41.0,317954.77184784,-2965582.47565824,-2647627.7038104,3283537.2475060797,353.0,3818.0,4171.0,278.0,4409.0,4687.0,0.3435,0.22369999999999998,0.72045,221362.0605357813,-2431565.871472851,-2210203.81093707,2652927.932008632,-2715181.8338063997,67554.12999599999,165.96631782658307,0.7580673612250415,0.07924034053700063,0.9711642480749454,0.8655288163602561,0.5148884829445952,False
创业板ETF易方达,10月,3.3,3.412,2026-10-28,202610,rule_fourth_wednesday,medium,57.0,41.0,1275016.84163328,-3166764.6178966397,-1891747.7762633597,4441781.45952992,1203.0,3709.0,4912.0,651.0,2972.0,3623.0,0.33705,0.14540000000000003,0.8219000000000001,876550.2856344727,-2219339.344438356,-1342789.0588038831,3095889.6300728284,-1847538.2534233597,-44209.522839999874,134.58719656774863,0.6941518323863309,0.0,0.671220640767991,0.31986955151417873,0.5509250409090088,True
创业板ETF易方达,10月,3.4,3.412,2026-10-28,202610,rule_fourth_wednesday,medium,57.0,41.0,4130074.9281043196,-4502895.0274928,-372820.0993884802,8632969.95559712,3692.0,5035.0,8727.0,4065.0,5037.0,9102.0,0.33985,0.05865000000000001,0.8645499999999999,3010145.7372645186,-4234780.065728213,-1224634.328463694,7244925.802992731,-372820.0993884802,0.0,86.69198275980435,0.8346464137921565,0.0,1.0507132359507285,0.6694156670301707,0.7096273070301126,True
创业板ETF易方达,10月,3.5,3.412,2026-10-28,202610,rule_fourth_wednesday,medium,57.0,41.0,6249218.328735999,-3677260.2146639996,2571958.114071999,9926478.543399999,5615.0,4129.0,9744.0,3723.0,2307.0,6030.0,0.34435,-0.026499999999999996,0.8605,4339655.924221494,-2248654.731138044,2091001.1930834502,6588310.655359538,2088916.5436751994,483041.5703967998,144.53802324739058,0.6529672739754776,0.06389117889530099,0.6108881708274143,0.2604298534498646,0.7159928801091127,True
创业板ETF易方达,10月,3.6,3.412,2026-10-28,202610,rule_fourth_wednesday,medium,57.0,41.0,4690511.27828288,-1319314.6088928,3371196.6693900796,6009825.88717568,4451.0,1503.0,5954.0,3810.0,777.0,4587.0,0.34345000000000003,-0.10815,0.8296,3684709.8113703053,-754181.7046558883,2930528.106714417,4438891.516026193,3332977.7551776,38218.914212479955,150.283046184856,0.6786066845789193,0.1454183266932273,0.6864767432109495,0.3763068109484405,0.620808109257007,False
创业板ETF易方达,10月,3.7,3.412,2026-10-28,202610,rule_fourth_wednesday,medium,57.0,41.0,7407615.5132760005,-1062928.4807808,6344687.032495201,8470543.9940568,7755.0,1296.0,9051.0,5668.0,589.0,6257.0,0.3463,-0.18130000000000002,0.7625,5955115.050329659,-542516.1285169307,5412598.921812728,6497631.17884659,4931027.7302264,1413659.3022688003,99.89244602659812,0.65715776512633,0.22790948275862055,0.5926793048690212,0.2290396344899065,0.6950244239502756,False
创业板ETF易方达,10月,3.8,3.412,2026-10-28,202610,rule_fourth_wednesday,medium,57.0,41.0,11230498.2290256,-1384841.3291711998,9845656.899854401,12615339.5581968,13545.0,1910.0,15455.0,6417.0,360.0,6777.0,0.35944999999999994,-0.2387,0.6675,6687169.457055605,-656311.5685586581,6030857.888496947,7343481.0256142635,5059477.96040736,4786178.939447042,163.86766840685118,0.5346863642511706,0.3145143608857708,0.3311179141082952,0.13167992590469485,0.7806512943987893,False
创业板ETF易方达,10月,3.9,3.412,2026-10-28,202610,rule_fourth_wednesday,medium,57.0,41.0,4765135.7886624,-84550.4941488,4680585.2945136,4849686.2828112,6870.0,129.0,6999.0,7236.0,82.0,7318.0,0.36175,-0.29225,0.5793999999999999,3719880.1963106436,-56595.51504234553,3663284.681268298,3776475.711352989,4711390.513312,-30805.2187984,169.32228342284918,0.7250072895407904,0.35356274546474653,0.8444670119494939,0.5279643602012023,0.6273006750601942,False
创业板ETF易方达,12月,2.95,3.412,2026-12-23,202612,rule_fourth_wednesday,medium,113.0,81.0,104324.69483744,-10309207.629611518,-10204882.934774078,10413532.324448958,253.0,23824.0,24077.0,36.0,9798.0,9834.0,0.302,0.36155,0.36295,45845.843857580425,-4644039.222800334,-4598193.378942753,4689885.066657915,-4224981.452045759,-5979901.482728319,248.8510804732577,0.4449641570388859,0.18829910887252993,0.2767792202103967,0.1282336304321022,0.8014385396509645,False
创业板ETF易方达,12月,3.0,3.412,2026-12-23,202612,rule_fourth_wednesday,medium,113.0,81.0,154990.6124824,-7563039.198635199,-7408048.586152799,7718029.811117599,295.0,16426.0,16721.0,25.0,6519.0,6544.0,0.30995,0.33105,0.4234,63034.262893867,-4206688.555705512,-4143654.2928116447,4269722.818599379,-2988414.7296607993,-4419633.856492,268.58290959492814,0.48145698777888624,0.149581589958159,0.24080828863707185,0.13229295155687376,0.7439866629245387,False
创业板ETF易方达,12月,3.1,3.412,2026-12-23,202612,rule_fourth_wednesday,medium,113.0,81.0,306097.5391664,-4117489.2715008,-3811391.7323343996,4423586.8106672,482.0,8112.0,8594.0,13.0,853.0,866.0,0.3426,0.2531,0.49075,113128.24834163759,-1605293.7860198768,-1492165.5376782392,1718422.0343615145,-424710.0299976,-3386681.7023368,308.37198250446585,0.3797271768599071,0.13837209302325576,0.06606190715869936,0.04196201114714751,0.5437503114336781,False
创业板ETF易方达,12月,3.2,3.412,2026-12-23,202612,rule_fourth_wednesday,medium,113.0,81.0,1350605.2884159999,-5230496.693194081,-3879891.404778081,6581101.981610081,1775.0,9537.0,11312.0,124.0,912.0,1036.0,0.33345,0.20145,0.56235,502124.6577992844,-2226759.128925531,-1724634.4711262467,2728883.7867248156,-405827.4704819202,-3474063.934296162,239.36047864054086,0.3987518163833736,0.0,0.08274335538237287,0.018844292281792283,0.6215848108994402,False
创业板ETF易方达,12月,3.3,3.412,2026-12-23,202612,rule_fourth_wednesday,medium,113.0,81.0,2129884.5393158398,-6823123.94388768,-4693239.404571841,8953008.48320352,2571.0,11869.0,14440.0,425.0,1046.0,1471.0,0.33740000000000003,0.13880000000000003,0.6027,631045.1886461456,-3116528.3918486107,-2485483.203202465,3747573.5804947563,-249232.0435891201,-4444007.360982721,259.3744597579808,0.37652057900635616,0.08307487815684556,0.12671703369851856,0.06952732431171982,0.6823302001217832,True
创业板ETF易方达,12月,3.4,3.412,2026-12-23,202612,rule_fourth_wednesday,medium,113.0,81.0,2586490.7359420797,-3093433.6216929597,-506942.88575088,5679924.35763504,3051.0,5201.0,8252.0,986.0,1281.0,2267.0,0.34215,0.07555,0.61955,968814.6802638412,-1683959.2370098499,-715144.5567460087,2652773.917273691,73974.31897711998,-580917.2047279999,208.65978031283748,0.45946647953910164,0.1460920379839299,0.28473575947342905,0.14600615826419647,0.6123921454703019,True
创业板ETF易方达,12月,3.5,3.412,2026-12-23,202612,rule_fourth_wednesday,medium,113.0,81.0,8052605.268039359,-3190495.14886624,4862110.119173119,11243100.416905599,9583.0,5398.0,14981.0,2000.0,1158.0,3158.0,0.3505,0.015100000000000002,0.61475,3725370.2025347184,-1454229.521377917,2271140.6811568015,5179599.723912636,996164.7087849599,3865945.410388159,198.45477010315628,0.4592148790799119,0.22596585804132963,0.2116134045727589,0.06113413086629263,0.7354584714063672,True
创业板ETF易方达,12月,3.6,3.412,2026-12-23,202612,rule_fourth_wednesday,medium,113.0,81.0,4739770.291165439,-1894517.81283072,2845252.4783347193,6634288.1039961595,5784.0,3234.0,9018.0,973.0,104.0,1077.0,0.35435000000000005,-0.04255000000000003,0.60355,2484614.0706936168,-745111.8302156829,1739502.240477934,3229725.9009092995,736412.3703953599,2108840.107939359,143.3215929187114,0.4587522592257204,0.27518987341772155,0.10019050056839032,0.029052664444881863,0.6090269843536376,False
创业板ETF易方达,12月,3.7,3.412,2026-12-23,202612,rule_fourth_wednesday,medium,113.0,81.0,4094140.3568995195,-876764.0718849599,3217376.2850145595,4970904.428784479,5286.0,1557.0,6843.0,312.0,49.0,361.0,0.363,-0.09430000000000002,0.5745,837153.9164346302,-354832.42995612265,482321.4864785075,1191986.3463907528,214059.42452911998,3003316.8604854397,302.5985826909275,0.30459148515566514,0.33001071811361216,0.045247306842446364,0.010429854705492254,0.5232994408144709,False
创业板ETF易方达,12月,3.8,3.412,2026-12-23,202612,rule_fourth_wednesday,medium,113.0,81.0,4067465.16320256,-649079.4994305599,3418385.663772,4716544.66263312,5628.0,1177.0,6805.0,273.0,146.0,419.0,0.36345,-0.14485000000000003,0.54725,1627900.8499221036,-295532.1978467986,1332368.652075305,1923433.047768902,116787.88029408004,3301597.78347792,258.42877842557834,0.4277673058206401,0.3510998307952624,0.08627582140275682,0.05477912684060966,0.52015780291131,False
创业板ETF易方达,12月,3.9,3.412,2026-12-23,202612,rule_fourth_wednesday,medium,113.0,81.0,4512503.42448576,-486003.34648784,4026500.0779979196,4998506.7709735995,6829.0,943.0,7772.0,586.0,27.0,613.0,0.37385,-0.18594999999999998,0.50515,2107986.8552144556,-207773.71403789762,1900213.141176558,2315760.569252353,373304.97802608,3653195.09997184,177.7823848992287,0.44732926663431716,0.39495934959349593,0.05722126971758362,0.018204363322590306,0.5480795628931902,False
创业板ETF易方达,12月,4.0,3.412,2026-12-23,202612,rule_fourth_wednesday,medium,113.0,81.0,8404015.26887232,-425141.58944768,7978873.679424641,8829156.858320002,14138.0,833.0,14971.0,1358.0,14.0,1372.0,0.36475,-0.23295,0.47450000000000003,2056035.2755572984,-184037.09087959563,1871998.1846777028,2240072.366436894,800087.2384556801,7178786.4409689605,271.42327423237776,0.3387666964821341,0.3859050445103858,0.05642995633675736,0.011958021723646723,0.6812848202547602,False
创业板ETF易方达,12月,4.1,3.412,2026-12-23,202612,rule_fourth_wednesday,medium,113.0,81.0,5291412.93359616,-255258.04311839998,5036154.890477761,5546670.97671456,10038.0,530.0,10568.0,1068.0,2.0,1070.0,0.36795,-0.26825,0.43325,1040365.5068098685,-112186.46493333539,928179.0418765331,1152551.971743204,562020.3258672,4474134.5646105595,296.6364201204216,0.31805805348889926,0.4021956087824351,0.05508464062975786,0.010579857578840285,0.6073026774269259,False
创业板ETF易方达,12月,4.2,3.412,2026-12-23,202612,rule_fourth_wednesday,medium,113.0,81.0,5071730.430297599,-278144.31481312,4793586.115484479,5349874.745110719,10935.0,658.0,11593.0,749.0,0.0,749.0,0.40335,-0.27925,0.38075,1160774.8502117053,-123833.05249456516,1036941.7977171402,1284607.9027062706,347391.50363904,4446194.611845439,262.48865788773765,0.33704153825313865,0.3,0.03424782807498857,0.010313608362889677,0.5921335545784443,False
创业板ETF易方达,12月,4.3,3.412,2026-12-23,202612,rule_fourth_wednesday,medium,113.0,81.0,2923032.3670079997,-157435.9608096,2765596.4061983996,3080468.3278175998,7215.0,396.0,7611.0,524.0,3.0,527.0,0.41084999999999994,-0.30319999999999997,0.34475,1129103.4802533889,-72078.0686140472,1057025.4116393416,1201181.5488674361,211096.83351599996,2554499.5726824,159.15296626182698,0.4220514063643178,0.4788541666666667,0.040101115101115095,0.021616541353383457,0.47531377250816126,False
创业板ETF易方达,12月,4.4,3.412,2026-12-23,202612,rule_fourth_wednesday,medium,113.0,81.0,1491600.07984416,-199171.61304959998,1292428.46679456,1690771.69289376,4251.0,538.0,4789.0,365.0,0.0,365.0,0.42484999999999995,-0.32025,0.3097,336981.0063853982,-91760.66896441075,245220.33742098746,428741.675349809,128071.9899184,1164356.47687616,330.9577001901738,0.3433153607734186,0.3,0.042931075041166784,0.011552346570397111,0.369396703316543,False
创业板ETF易方达,12月,4.5,3.412,2026-12-23,202612,rule_fourth_wednesday,medium,113.0,81.0,2804264.4588944,-1160670.2350559998,1643594.2238384,3964934.6939503998,9215.0,3340.0,12555.0,458.0,0.0,458.0,0.43699999999999994,-0.33515,0.27995000000000003,523127.9522866454,-543098.4603518888,-19970.508065243368,1066226.4126385343,139376.35617728,1504217.86766112,337.9540191738157,0.327232633091495,0.3,0.024850786760716222,0.022807216611823444,0.5368246927926287,False
创业板ETF易方达,12月,4.6,3.412,2026-12-23,202612,rule_fourth_wednesday,medium,113.0,81.0,1436324.84649728,-138753.75570816,1297571.0907891202,1575078.60220544,5464.0,424.0,5888.0,881.0,0.0,881.0,0.44884999999999997,-0.34795000000000004,0.25345,347982.23160014226,-65698.4971338215,282283.7344663208,413680.72873396374,231588.98055712,1065982.1102320002,339.1161153595987,0.35788125943483573,0.3,0.08061859443631039,0.026599845797995375,0.40814631063929663,False
创业板ETF易方达,12月,4.7,3.412,2026-12-23,202612,rule_fourth_wednesday,medium,113.0,81.0,4355182.600524319,-79435.69392240001,4275746.906601919,4434618.29444672,18961.0,257.0,19218.0,5305.0,0.0,5305.0,0.4622,-0.35785,0.2314,2866354.0817955644,-38045.40748832298,2828308.6743072416,2904399.489283887,1218513.9863816,3057232.920220319,103.82776701954465,0.56854692459254,0.3,0.1398924107378303,0.06596621097247926,0.676605666697851,False
创业板ETF易方达,12月,4.8,3.412,2026-12-23,202612,rule_fourth_wednesday,medium,113.0,81.0,6841626.167626879,-704133.5396414399,6137492.627985439,7545759.707268319,33467.0,2403.0,35870.0,33726.0,6.0,33732.0,0.47275,-0.36765,0.21365,5914185.433021119,-341709.335424669,5572476.09759645,6255894.768445788,6839868.031447999,-702375.4034625599,103.47028930739091,0.6748660014772191,0.47837159003697766,0.5051179228223662,0.11226701782712113,0.8079348902555316,False
创业板ETF易方达,3月,2.95,3.412,2027-03-24,202703,rule_fourth_wednesday,medium,204.0,146.0,135662.05775408,-1187775.7076112,-1052113.64985712,1323437.76536528,319.0,3418.0,3737.0,17.0,655.0,672.0,0.29685,0.33094999999999997,0.3319,45665.41904621459,-707743.5575797097,-662078.1385334951,753408.9766259242,-220386.82881056,-831726.8210465601,145.1053041823184,0.46623390392659136,0.375344574993574,0.1224620348477817,0.06614074888858334,0.3439721867978381,False
创业板ETF易方达,3月,3.0,3.412,2027-03-24,202703,rule_fourth_wednesday,medium,204.0,146.0,175784.97919776,-1106127.0345718402,-930342.0553740802,1281912.0137696,359.0,3062.0,3421.0,3.0,236.0,239.0,0.31635,0.29155,0.36545,62359.47270563322,-204573.78814304716,-142214.31543741393,266933.2608486804,-83784.46739360003,-846557.5879804802,350.71512932310145,0.26984730066078233,0.3980283425754775,0.042715176964825366,0.01067378252168112,0.30679178504429006,False
创业板ETF易方达,3月,3.1,3.412,2027-03-24,202703,rule_fourth_wednesday,medium,204.0,146.0,220177.97592320002,-615068.260752,-394890.2848288,835246.2366752,376.0,1601.0,1977.0,0.0,87.0,87.0,0.31535,0.24919999999999998,0.4165,74753.6869199091,-108366.53576578354,-33612.84884587444,183120.22268569266,-33423.447024,-361466.8378048,351.98640832729876,0.2578505092799831,0.5731316725978648,0.02717051842598376,0.026298487836949377,0.21576500749246239,False
创业板ETF易方达,3月,3.2,3.412,2027-03-24,202703,rule_fourth_wednesday,medium,204.0,146.0,536479.5037056,-707769.6055449599,-171290.10183935985,1244249.10925056,840.0,1743.0,2583.0,15.0,79.0,94.0,0.322,0.19715,0.4487,179448.95989683122,-191339.49647019067,-11890.536573359452,370788.4563670219,-22499.067289279992,-148791.03455007996,346.10672102053354,0.30241754917324615,0.2929731771817151,0.031590648307515776,0.01903824671525081,0.26907777881725775,False
创业板ETF易方达,3月,3.3,3.412,2027-03-24,202703,rule_fourth_wednesday,medium,204.0,146.0,361542.9748105599,-254263.13967616,107279.83513439988,615806.11448672,523.0,604.0,1127.0,10.0,12.0,22.0,0.3238,0.14790000000000003,0.4777,115958.79232860896,-88816.64101537316,27142.15131323581,204775.43334398212,1861.2820307199972,105418.55310367985,340.97011641450285,0.3350215085803752,0.32247191011235954,0.01949400427994378,0.01476331110198387,0.15006997451085627,True
创业板ETF易方达,3月,3.4,3.412,2027-03-24,202703,rule_fourth_wednesday,medium,204.0,146.0,400820.35638752,-247198.4637472,153621.89264031997,648018.82013472,593.0,580.0,1173.0,58.0,67.0,125.0,0.33704999999999996,0.09734999999999999,0.47335,99130.15964587496,-101189.93001042177,-2059.7703645468137,200320.0896562967,10647.65547984,142974.23716047997,290.64283642735893,0.32833254874918266,0.36359923768037034,0.10666249927312904,0.05055475388808722,0.17586231923306073,True
创业板ETF易方达,3月,3.5,3.412,2027-03-24,202703,rule_fourth_wednesday,medium,204.0,146.0,895501.1096006399,-312991.54712832,582509.5624723199,1208492.6567289599,1314.0,709.0,2023.0,236.0,97.0,333.0,0.33599999999999997,0.049750000000000016,0.4823,329646.5668268054,-142428.24615949634,187218.32066730908,472074.8129863017,118014.68727679996,464494.87519551994,252.1237378550978,0.41158434444466485,0.3607686729514141,0.1582083368218577,0.07086166130184662,0.27894766765307843,True
创业板ETF易方达,3月,3.6,3.412,2027-03-24,202703,rule_fourth_wednesday,medium,204.0,146.0,898022.7113510398,-219960.04247552,678062.6688755199,1117982.7538265598,1342.0,509.0,1851.0,217.0,22.0,239.0,0.3453,0.0058,0.473,372439.7263673878,-87044.26318209879,285395.463185289,459483.9895494866,135702.22177087996,542360.4471046398,294.6923043372598,0.4052303486722316,0.4060041407867495,0.10246048035509854,0.04248687611882876,0.26270824696075196,False
创业板ETF易方达,3月,3.7,3.412,2027-03-24,202703,rule_fourth_wednesday,medium,204.0,146.0,333456.33607103996,-220314.99925008,113141.33682095996,553771.33532112,516.0,513.0,1029.0,53.0,30.0,83.0,0.35009999999999997,-0.036150000000000015,0.462,46231.925673538244,-108850.28098502925,-62618.35531149101,155082.2066585675,21366.442015519995,91774.89480544001,311.52033887513034,0.31635560432489235,0.4233302836230557,0.08059635522915817,0.0436105476673428,0.15566384858168425,False
创业板ETF易方达,3月,3.8,3.412,2027-03-24,202703,rule_fourth_wednesday,medium,204.0,146.0,335261.27206079994,-91452.06924432001,243809.20281647993,426713.3413051199,540.0,219.0,759.0,55.0,7.0,62.0,0.357,-0.07465,0.446,44415.626311615204,-37506.67492401293,6908.951387602276,81922.30123562814,31223.855912639992,212585.34690383996,360.9926925685572,0.271302243712785,0.44935483870967746,0.06690766108574328,0.027873070325900515,0.12057147546526303,False
创业板ETF易方达,3月,3.9,3.412,2027-03-24,202703,rule_fourth_wednesday,medium,204.0,146.0,493840.91780096013,-88316.13266304,405524.7851379201,582157.0504640001,839.0,219.0,1058.0,57.0,0.0,57.0,0.3647,-0.10944999999999996,0.42600000000000005,103744.38508133726,-35769.616454923,67974.76862641425,139514.00153626024,33550.57486848001,371974.2102694401,299.2171417115311,0.3075472242549309,0.3,0.03396901072705602,0.015990159901599015,0.15429239478137274,False
创业板ETF易方达,3月,4.0,3.412,2027-03-24,202703,rule_fourth_wednesday,medium,204.0,146.0,1427996.80850944,-298948.80984576,1129047.99866368,1726945.6183552,2564.0,736.0,3300.0,339.0,48.0,387.0,0.35914999999999997,-0.14835,0.41364999999999996,335156.987434729,-131280.28972113188,203876.69771359712,466437.2771558609,169306.34866176,959741.65000192,366.8420373119875,0.33692199704267933,0.45972443031266563,0.09871633995794615,0.020562735344066337,0.34746685180352516,False
创业板ETF易方达,3月,4.1,3.412,2027-03-24,202703,rule_fourth_wednesday,medium,204.0,146.0,240842.6536104,-19601.902877439996,221240.75073296,260444.55648784002,465.0,52.0,517.0,35.0,0.0,35.0,0.37579999999999997,-0.17260000000000003,0.38434999999999997,55419.70738992001,-8275.135832734171,47144.57155718584,63694.843222654185,18127.9416696,203112.80906336,362.454046664573,0.32613367452077124,0.3,0.03763440860215054,0.015521064301552107,0.06822591948844454,False
创业板ETF易方达,3月,4.2,3.412,2027-03-24,202703,rule_fourth_wednesday,medium,204.0,146.0,801268.8754716801,-50390.82323424,750878.0522374401,851659.69870592,1673.0,139.0,1812.0,212.0,0.0,212.0,0.3821,-0.19935,0.3614,273657.26190071297,-21677.003878256925,251980.25802245605,295334.2657789699,101535.56580992002,649342.4864275202,216.0291039697944,0.38585374412043866,0.3,0.06335923490735207,0.009129640900791236,0.23138389801716455,False
科创50ETF华夏,9月,1.1,1.74,2026-09-23,202609,rule_fourth_wednesday,medium,22.0,16.0,2126.58624,-971022.529152,-968895.942912,973149.115392,2195.0,102796.0,104991.0,7.0,1688.0,1695.0,0.347,0.49835,0.0172,990.8836149421853,-149657.78356838398,-148666.89995344178,150648.66718332618,-15938.255232,-952957.68768,1513.1497227774214,0.31003713010632666,0.7916901850109752,0.009804969233356092,0.0002316002176798623,0.5321950896059112,False
科创50ETF华夏,9月,1.15,1.74,2026-09-23,202609,rule_fourth_wednesday,medium,22.0,16.0,5431.1510880000005,-952874.58006,-947443.4289719999,958305.731148,1812.0,71045.0,72857.0,3.0,1435.0,1438.0,0.3262,0.4975,0.0271,2479.0155875490127,-11381.248904695647,-8902.233317146634,13860.26449224466,-19237.612608,-928205.816364,2590.136492402781,0.23419399220757575,0.7976347355972291,0.010927047450105079,-0.003169630597487322,0.5163562965406652,False
科创50ETF华夏,9月,1.2,1.74,2026-09-23,202609,rule_fourth_wednesday,medium,22.0,16.0,84948.88521600001,-794276.9330399999,-709328.0478239999,879225.8182559999,1173.0,43220.0,44393.0,3.0,812.0,815.0,0.7907500000000001,0.47259999999999996,0.14995,37912.327479428444,-32444.92016159999,5467.407317828456,70357.24764102843,-14705.295407999996,-694622.7524159999,3942.858380939312,0.2435720674565215,0.48282097649186245,0.010672571545568913,-0.0093005528904789,0.4779106123795503,False
科创50ETF华夏,9月,1.25,1.74,2026-09-23,202609,rule_fourth_wednesday,medium,22.0,16.0,103844.25792,-764761.345056,-660917.087136,868605.602976,1649.0,28318.0,29967.0,2.0,2314.0,2316.0,0.65535,0.48115,0.1486,44976.06184627241,-122824.27088581523,-77848.20903954282,167800.33273208764,-62366.380128000004,-598550.7070080001,1771.2756775418604,0.2968577154916878,0.5641923905240489,0.04146383332224753,-0.023341393117960258,0.5001809548663256,False
科创50ETF华夏,9月,1.3,1.74,2026-09-23,202609,rule_fourth_wednesday,medium,22.0,16.0,95326.55946,-1176963.6959280001,-1081637.1364680002,1272290.255388,2489.0,27887.0,30376.0,241.0,1443.0,1684.0,0.27085,0.48805,0.13295,43984.07120994044,-39547.20657135486,4436.864638585583,83531.2777812953,-51671.352852,-1029965.783616,1110.8289078734708,0.2475026016082322,0.8000915960613693,0.07428528750945657,-0.003248382367915482,0.5239367941452109,False
科创50ETF华夏,9月,1.35,1.74,2026-09-23,202609,rule_fourth_wednesday,medium,22.0,16.0,197732.25324000002,-1728989.2131840002,-1531256.9599440002,1926721.4664240002,2803.0,26636.0,29439.0,54.0,2091.0,2145.0,0.25645,0.4788,0.2237,81827.5003454696,-59960.999774006574,21866.500571463024,141788.50011947617,-131921.13038400005,-1399335.8295600002,746.1726384364821,0.2242548037792791,0.8073589805532069,0.04888392566542498,0.010091052616543935,0.5739151521716652,False
科创50ETF华夏,9月,1.4,1.74,2026-09-23,202609,rule_fourth_wednesday,medium,22.0,16.0,610067.697408,-2719292.2257600003,-2109224.5283520003,3329359.9231680003,5184.0,27585.0,32769.0,303.0,4651.0,4954.0,0.24180000000000001,0.4638,0.35714999999999997,293306.5991582374,-364681.8800064001,-71375.28084816271,657988.4791646375,-422831.43702000007,-1686393.091332,459.49693008516556,0.30744312567991916,0.4685925925925926,0.11352760029605462,0.02575422744143493,0.6704421521175028,False
科创50ETF华夏,9月,1.45,1.74,2026-09-23,202609,rule_fourth_wednesday,medium,22.0,16.0,829279.92492,-4452831.074016,-3623551.149096,5282110.998936,4619.0,27729.0,32348.0,657.0,6668.0,7325.0,0.23959999999999998,0.43675,0.5617,450939.60112137016,-1318875.6035520001,-867936.0024306299,1769815.2046733703,-952817.8731120001,-2670733.275984,455.3172297610994,0.4199802929966072,0.45246356696738377,0.19135442278294723,-0.005476141097726461,0.7446859156478395,False
科创50ETF华夏,9月,1.5,1.74,2026-09-23,202609,rule_fourth_wednesday,medium,22.0,16.0,1782215.8138800003,-12437806.662215998,-10655590.848335998,14220022.476095999,7054.0,52147.0,59201.0,867.0,11356.0,12223.0,0.2337,0.3988,0.81115,972798.4561478035,-5826182.904833625,-4853384.448685821,6798981.360981429,-2489518.367028,-8166072.481307999,62.74327133112438,0.5071308873703618,0.42759051186017494,0.17033899349187184,-0.0004202597670794825,0.8628290290655021,False
科创50ETF华夏,9月,1.55,1.74,2026-09-23,202609,rule_fourth_wednesday,medium,22.0,16.0,827813.143548,-14956850.456927998,-14129037.313379997,15784663.600475999,3869.0,44756.0,48625.0,1255.0,17507.0,18762.0,0.36645,0.4109,0.9052499999999999,523251.63624544657,-7001768.96354071,-6478517.327295263,7525020.599786156,-5582082.427955999,-8546954.885423997,128.1517338376562,0.5501101531313678,0.4309390388860588,0.3577693266942081,0.015089252123551049,0.8701721280398635,False
科创50ETF华夏,9月,1.6,1.74,2026-09-23,202609,rule_fourth_wednesday,medium,22.0,16.0,6908670.872784001,-30568407.485112004,-23659736.612328004,37477078.35789601,14891.0,69646.0,84537.0,8463.0,43115.0,51578.0,0.3902,0.32789999999999997,1.49105,4275324.582243793,-20781231.40909771,-16505906.826853916,25056555.9913415,-14997251.205468,-8662485.406860003,55.25947929407665,0.6493308438514938,0.40389934006955275,0.5936945530653728,0.019565728164032105,0.9356376175774974,False
科创50ETF华夏,9月,1.65,1.74,2026-09-23,202609,rule_fourth_wednesday,medium,22.0,16.0,12958873.092360001,-32920579.807524,-19961706.715164,45879452.899884,20865.0,61989.0,82854.0,20604.0,64630.0,85234.0,0.40080000000000005,0.22995,1.9027500000000002,10323450.48953461,-25868684.789930634,-15545234.300396023,36192135.27946524,-20123809.081667997,162102.36650399986,43.572984749455074,0.7912112435037122,0.4542072829131651,1.0150476733430327,0.05356131123816736,0.9451049814616949,False
科创50ETF华夏,9月,1.7,1.74,2026-09-23,202609,rule_fourth_wednesday,medium,22.0,16.0,41651637.902027994,-51301481.677704,-9649843.775676005,92953119.579732,57449.0,85243.0,142692.0,64424.0,113552.0,177976.0,0.4006,0.12260000000000001,2.19125,33618113.25239559,-46830317.21178588,-13212203.95939029,80448430.46418148,-9649843.775676005,0.0,14.767563834194315,0.8599855778751306,0.4139673845387774,1.2267548426346544,0.053826582209647485,0.977039907825479,True
科创50ETF华夏,9月,1.75,1.74,2026-09-23,202609,rule_fourth_wednesday,medium,22.0,16.0,64941239.12140801,-51334520.998500004,13606718.122908004,116275760.119908,86827.0,81615.0,168442.0,153296.0,145206.0,298502.0,0.40459999999999996,0.008800000000000002,2.27395,60316160.38731858,-41455316.74399193,18860843.643326655,101771477.13131051,13606718.122908004,0.0,22.412207846303886,0.8681664904074489,0.36039426523297496,1.7723460027546722,0.122183001164583,0.9846846846846846,True
科创50ETF华夏,9月,1.8,1.74,2026-09-23,202609,rule_fourth_wednesday,medium,22.0,16.0,65989011.673872,-39350853.15552,26638158.518352002,105339864.829392,93436.0,65544.0,158980.0,107407.0,72891.0,180298.0,0.41300000000000003,-0.09875,2.15785,58442137.16308954,-31282793.240340687,27159343.922748856,89724930.40343022,26638158.518352002,0.0,16.243428033475798,0.8403027661223157,0.37818181818181823,1.1308087242418026,0.09496296379107225,0.9812343212222971,True
科创50ETF华夏,9月,1.85,1.74,2026-09-23,202609,rule_fourth_wednesday,medium,22.0,16.0,50873258.59977599,-16909640.588736,33963618.01103999,67782899.188512,83752.0,31992.0,115744.0,72421.0,22364.0,94785.0,0.43505000000000005,-0.18619999999999998,1.87605,32813939.51029831,-10081090.557350185,22732848.952948127,42895030.0676485,32169818.629835993,1793799.3812039997,141.77050344807066,0.6205938326829334,0.4452702702702703,0.7818787354566218,0.06693038143415794,0.960204700966224,False
科创50ETF华夏,9月,1.9,1.74,2026-09-23,202609,rule_fourth_wednesday,medium,22.0,16.0,41079201.45606,-11864388.971088002,29214812.484972,52943590.427148,81535.0,25453.0,106988.0,49525.0,12133.0,61658.0,0.44015000000000004,-0.26430000000000003,1.60185,24205007.55221919,-8143369.833577035,16061637.718642155,32348377.385796227,19296283.166532002,9918529.318439998,52.94015114561724,0.6377992873211109,0.46503496503496516,0.5420451872606784,0.05449460344417731,0.9527499322970264,False
科创50ETF华夏,9月,1.95,1.74,2026-09-23,202609,rule_fourth_wednesday,medium,22.0,16.0,20435591.238840003,-4754149.452,15681441.786840003,25189740.690840002,51466.0,12079.0,63545.0,20261.0,2078.0,22339.0,0.4556,-0.32115,1.3057500000000002,9690977.053291233,-2280037.4923742414,7410939.560916992,11971014.545665475,7227154.138140001,8454287.6487,267.51917155353334,0.4769047381398518,0.4868881118881119,0.2828557440122518,0.008515777622986494,0.9068517247435084,False
科创50ETF华夏,9月,2.0,1.74,2026-09-23,202609,rule_fourth_wednesday,medium,22.0,16.0,18934952.670180004,-4158263.1540960004,14776689.516084004,23093215.824276004,62323.0,12619.0,74942.0,19627.0,1090.0,20717.0,0.4751,-0.36200000000000004,1.04595,5414819.813956802,-2395812.0631110305,3019007.7508457713,7810631.877067832,5603887.324260002,9172802.191824,362.5833068867026,0.4310632294736347,0.4985412107950401,0.2006507744140138,0.016481845881062794,0.9040167410989055,False
科创50ETF华夏,9月,2.05,1.74,2026-09-23,202609,rule_fourth_wednesday,medium,22.0,16.0,8886781.36836,-1430656.714872,7456124.653488,10317438.083232,39189.0,5313.0,44502.0,10191.0,151.0,10342.0,0.47515,-0.4018,0.8191999999999999,4415290.065455869,-557236.105624389,3858053.95983148,4972526.171080258,2270324.456496,5185800.196992001,122.70337369286487,0.44316732804325276,0.49842420422313266,0.14423415840295242,0.012064588654661838,0.8242936881133274,False
科创50ETF华夏,9月,2.1,1.74,2026-09-23,202609,rule_fourth_wednesday,medium,22.0,16.0,4770078.56388,-1092294.742608,3677783.821272,5862373.306488,28205.0,4831.0,33036.0,4078.0,74.0,4152.0,0.49905,-0.42115,0.6527000000000001,1480373.141791372,-414388.1119868258,1065985.0298045464,1894761.2537781978,672946.952976,3004836.8682960006,220.53601099910682,0.344859773934023,0.4939824945295405,0.07995101658169879,0.022776232803446563,0.7346882003154549,False
科创50ETF华夏,9月,2.15,1.74,2026-09-23,202609,rule_fourth_wednesday,medium,22.0,16.0,3104746.760016,-589659.099948,2515087.6600679997,3694405.859964,24266.0,2973.0,27239.0,2881.0,52.0,2933.0,0.5338,-0.43079999999999996,0.53885,203895.3447936,-252167.57853178598,-48272.23373818598,456062.923325386,358299.929304,2156787.7307639997,737.0915812067724,0.24666095197631535,0.48676930478710606,0.06810826962706114,0.008242895690893766,0.6442170401408879,False
科创50ETF华夏,9月,2.2,1.74,2026-09-23,202609,rule_fourth_wednesday,medium,22.0,16.0,2985180.659712,-486887.73264,2498292.9270719998,3472068.392352,30208.0,2696.0,32904.0,4772.0,5.0,4777.0,0.5766,-0.43465,0.46145,207286.6443264,-211822.35142090413,-4535.70709450412,419108.9957473042,470670.181308,2027622.7457639996,903.5550336286967,0.25224617263936555,0.4807280513918629,0.07991299885580647,0.01784551033702472,0.6712854997464216,False
科创50ETF华夏,9月,2.25,1.74,2026-09-23,202609,rule_fourth_wednesday,medium,22.0,16.0,1331399.9673000001,-301262.54904,1030137.4182600002,1632662.51634,17225.0,2372.0,19597.0,3941.0,4.0,3945.0,0.5485500000000001,-0.46105,0.33740000000000003,126478.20798720003,-133918.48865078986,-7440.2806635898305,260396.6966379899,304110.09766800003,726027.3205920001,908.4047812427369,0.2697602933349656,0.49411071849234395,0.11524084811430893,0.0021516387599725406,0.5594201638329894,False
科创50ETF华夏,9月,2.3,1.74,2026-09-23,202609,rule_fourth_wednesday,medium,22.0,16.0,836132.6553120001,-152802.972,683329.683312,988935.6273120001,13348.0,1225.0,14573.0,1977.0,8.0,1985.0,0.5958000000000001,-0.4596,0.30945,138724.02082848002,-69876.61274883537,68847.40807964465,208600.63357731537,122843.44702800001,560486.2362840001,1125.3036738838953,0.31160513891487146,0.7900160456409344,0.07732134448025539,0.0003748687959214275,0.4611619570016363,False
科创50ETF华夏,9月,2.35,1.74,2026-09-23,202609,rule_fourth_wednesday,medium,22.0,16.0,721917.2930399999,-164131.04016,557786.2528799999,886048.3331999999,14460.0,1565.0,16025.0,1004.0,5.0,1009.0,0.6092,-0.46715,0.25565,22628.20584497143,-76330.46270184005,-53702.25685686862,98958.66854681147,49600.444176,508185.80870399997,519.9200448425739,0.24820132668307382,0.9087887740029545,0.03631390328724387,0.022718537025264992,0.4412533141631338,False
科创50ETF华夏,9月,2.4,1.74,2026-09-23,202609,rule_fourth_wednesday,medium,22.0,16.0,446536.48536,-54091.828224,392444.657136,500628.313584,12394.0,896.0,13290.0,2105.0,1.0,2106.0,0.5717,-0.48360000000000003,0.1592,41499.358614000004,-25528.467475401078,15970.891138598927,67027.82608940109,75779.49585600001,316665.16128,668.5475361051865,0.2824414697516773,0.8728635739356021,0.0854781583542728,0.007768400524282447,0.39929372914543254,False
科创50ETF华夏,9月,2.45,1.74,2026-09-23,202609,rule_fourth_wednesday,medium,22.0,16.0,306391.485096,-14822.67546,291568.809636,321214.160556,9353.0,635.0,9988.0,453.0,13.0,466.0,0.28204999999999997,-0.49185,0.09265000000000001,36575.012628000004,-7193.206473747484,29381.80615425252,43768.21910174749,14536.203948000002,277032.605688,1326.8156424581007,0.30232870575248627,0.6231486755909997,0.03445304929741689,0.012756065970123479,0.3064720136423543,False
科创50ETF华夏,9月,2.5,1.74,2026-09-23,202609,rule_fourth_wednesday,medium,22.0,16.0,359254.41048,-9905.943888000002,349348.46659200004,369160.354368,12940.0,628.0,13568.0,1338.0,0.0,1338.0,0.29175,-0.49365,0.0719,18356.61854287059,-4795.126072659783,13561.492470210807,23151.744615530373,37147.017096,312201.4494960001,1501.0304663676302,0.2675809857450565,0.45635305528613,0.05170015455950541,-0.004632110864405482,0.3675823161474464,False
科创50ETF华夏,9月,2.55,1.74,2026-09-23,202609,rule_fourth_wednesday,medium,22.0,16.0,975667.1097600001,-11997.591624,963669.5181360001,987664.7013840001,46704.0,1142.0,47846.0,3242.0,0.0,3242.0,0.29415,-0.49555,0.05185000000000001,60542.166355199995,-6185.130414877355,54357.03594032264,66727.29677007734,67726.80648000001,895942.7116560001,2052.793124616328,0.28879153662074314,0.4705128205128205,0.03470794792737239,0.0077073594955973474,0.5394995330546433,False
科创50ETF华夏,10月,1.5,1.74,2026-10-28,202610,rule_fourth_wednesday,medium,57.0,41.0,185899.03002,-2003038.6943159997,-1817139.6642959998,2188937.7243359997,995.0,10721.0,11716.0,226.0,8829.0,9055.0,0.0001,0.24960000000000002,0.6171,80549.37305167217,-1286545.7619264037,-1205996.3888747315,1367095.134978076,-1607325.9851879997,-209813.67910800007,340.4190452766935,0.5377966844584363,0.16352941176470592,0.5253298016994776,0.17692753828406002,0.5816605758609766,False
科创50ETF华夏,10月,1.55,1.74,2026-10-28,202610,rule_fourth_wednesday,medium,57.0,41.0,48415.441536,-957705.4488960002,-909290.0073600002,1006120.8904320002,242.0,4787.0,5029.0,103.0,4231.0,4334.0,0.0001,0.21319999999999997,0.6608,24047.00407491906,-659769.2376793438,-635722.2336044247,683816.2417542628,-825863.3994240002,-83426.60793600001,253.0429732617073,0.5927933415533108,0.08713503649635052,0.6547359670733581,0.28108130283722454,0.4143213995558685,False
科创50ETF华夏,10月,1.6,1.74,2026-10-28,202610,rule_fourth_wednesday,medium,57.0,41.0,166688.81719200002,-1097526.49596,-930837.678768,1264215.313152,789.0,5195.0,5984.0,707.0,5733.0,6440.0,0.0001,0.17559999999999998,0.6978,121342.37068054064,-896038.8426857906,-774696.4720052499,1017381.2133663313,-948161.484864,17323.806096000008,258.7839506323759,0.7721870346778762,0.0,0.9998160461885088,0.45467136436053857,0.46245400218947313,False
科创50ETF华夏,10月,1.65,1.74,2026-10-28,202610,rule_fourth_wednesday,medium,57.0,41.0,248298.89540400004,-1623306.3543360005,-1375007.4589320004,1871605.2497400006,1127.0,7368.0,8495.0,720.0,3650.0,4370.0,0.0001,0.1374,0.7277,172887.76349739137,-994050.8506231084,-821163.0871257171,1166938.6141204997,-645533.0643600002,-729474.3945720003,132.32238624125677,0.654325362729506,0.0,0.5671248459729452,0.40066228916518276,0.511842594279468,False
科创50ETF华夏,10月,1.7,1.74,2026-10-28,202610,rule_fourth_wednesday,medium,57.0,41.0,413604.73519200005,-1169949.473352,-756344.7381599998,1583554.208544,1821.0,5151.0,6972.0,1111.0,3610.0,4721.0,0.0001,0.09899999999999998,0.7502,286059.6574254488,-837163.5896302812,-551103.9322048323,1123223.24705573,-567599.2494479999,-188745.48871199993,135.7466445005064,0.7035905099269872,0.0,0.6554695638184809,0.2960930449032176,0.484696327954845,True
科创50ETF华夏,10月,1.75,1.74,2026-10-28,202610,rule_fourth_wednesday,medium,57.0,41.0,1713685.119048,-1508913.877464,204771.24158400018,3222598.996512,7398.0,6514.0,13912.0,6398.0,8155.0,14553.0,0.0001,0.06079999999999999,0.7651,1001071.7188900005,-1210139.9843999883,-209068.26550998783,2211211.703289989,-26870.4344159998,231641.67599999995,146.42743900522996,0.6930786171529237,0.0,1.0583736378974709,0.5572540509786026,0.6378572969033891,True
科创50ETF华夏,10月,1.8,1.74,2026-10-28,202610,rule_fourth_wednesday,medium,57.0,41.0,1178521.638336,-690922.0563840002,487599.5819519998,1869443.6947200003,5037.0,2953.0,7990.0,4337.0,1849.0,6186.0,0.0001,0.02300000000000002,0.7728,1035929.2774765801,-486113.3552283702,549815.92224821,1522042.6327049504,582124.6448639999,-94525.06291200008,123.75216047766187,0.7912896735619017,0.0,0.743585647717221,0.5216889175969773,0.5188250965485435,True
科创50ETF华夏,10月,1.85,1.74,2026-10-28,202610,rule_fourth_wednesday,medium,57.0,41.0,1348610.7530880002,-134673.70320000002,1213937.0498880001,1483284.4562880003,5758.0,575.0,6333.0,3979.0,584.0,4563.0,0.0001,-0.013900000000000023,0.7736,1038315.2844573212,-97681.7847244636,940633.4997328576,1135997.0691817848,797268.3229440002,416668.72694400005,196.57008530265506,0.7476183094353104,0.06376573617952919,0.8533453644834408,0.2914207478213108,0.4680387572852503,False
科创50ETF华夏,10月,1.9,1.74,2026-10-28,202610,rule_fourth_wednesday,medium,57.0,41.0,2787808.872528,-512540.103024,2275268.769504,3300348.9755519996,11988.0,2204.0,14192.0,9282.0,1163.0,10445.0,0.0001,-0.049699999999999994,0.7681,2427922.754092351,-285011.4512815678,2142911.3028107835,2712934.2053739186,1888073.092764,387195.67673999985,169.73418700534435,0.7134917843391053,0.16014558689717928,0.6509756126362297,0.44776522813706654,0.6403909506153995,False
科创50ETF华夏,10月,1.95,1.74,2026-10-28,202610,rule_fourth_wednesday,medium,57.0,41.0,774684.364608,-49491.81388800001,725192.55072,824176.178496,3381.0,216.0,3597.0,5831.0,244.0,6075.0,0.0001,-0.08409999999999998,0.7568,370297.0849536,-38006.690665135895,332290.3942884641,408303.77561873593,725192.55072,0.0,369.0170875700247,0.6229681481257984,0.24301034086556877,1.4271336553945249,0.17394226809360616,0.37765330497194227,False
科创50ETF华夏,10月,2.0,1.74,2026-10-28,202610,rule_fourth_wednesday,medium,57.0,41.0,1855876.1108400002,-251993.80872000003,1603882.3021200001,2107869.9195600003,8278.0,1124.0,9402.0,8471.0,456.0,8927.0,0.0001,-0.11709999999999998,0.7405,1163518.964009108,-137432.38286861617,1026086.5811404919,1300951.3468777242,1753643.7471600003,-149761.44504000002,144.5184883852595,0.5861589199623003,0.31209150326797386,0.714504380259299,0.36268635242242275,0.5616725506705467,False
科创50ETF华夏,12月,1.3,1.74,2026-12-23,202612,rule_fourth_wednesday,medium,113.0,81.0,413046.99072000006,-5620886.359704,-5207839.368984,6033933.350424,3748.0,48818.0,52566.0,84.0,92070.0,92154.0,0.2407,0.367,0.37215,203574.30362319076,-3449535.8255938753,-3245961.5219706846,3653110.129217066,-5611629.1699439995,403789.80096,211.7305530115192,0.5532797663809274,0.2565727699530517,0.9541983154122037,0.013329895396593728,0.8048669624260807,False
科创50ETF华夏,12月,1.35,1.74,2026-12-23,202612,rule_fourth_wednesday,medium,113.0,81.0,80533.433376,-3758389.37208,-3677855.9387040003,3838922.805456,668.0,27580.0,28248.0,2.0,22359.0,22361.0,0.23875000000000002,0.34154999999999996,0.42415,25093.728499134977,-2011567.8353003196,-1986474.1068011846,2036661.5637994546,-3046670.7010200005,-631185.2376839999,340.83006153837704,0.42340731782488983,0.21654564315352692,0.4068450843056454,0.02183487307132407,0.711535900630089,False
科创50ETF华夏,12月,1.4,1.74,2026-12-23,202612,rule_fourth_wednesday,medium,113.0,81.0,394089.8247,-3381374.817792,-2987284.9930919996,3775464.642492,3025.0,21412.0,24437.0,59.0,3913.0,3972.0,0.23725,0.31365,0.47595,144730.60256907294,-1184975.821397095,-1040245.218828022,1329706.423966168,-610253.0773559998,-2377031.915736,352.0037510867222,0.35884742393296526,0.140670982931136,0.10112606200585753,0.012762835234917651,0.6538029474181778,False
科创50ETF华夏,12月,1.45,1.74,2026-12-23,202612,rule_fourth_wednesday,medium,113.0,81.0,182443.176,-2389002.3800639994,-2206559.2040639995,2571445.5560639994,1310.0,13347.0,14657.0,105.0,3642.0,3747.0,0.23675000000000002,0.28325,0.5256,68858.82040754723,-1163567.1831786393,-1094708.362771092,1232426.0035861866,-637264.507104,-1569294.6969599996,222.95723365162476,0.43223880901671874,0.0989583333333332,0.17651148984504622,0.008299459317763005,0.5797507053418877,False
科创50ETF华夏,12月,1.5,1.74,2026-12-23,202612,rule_fourth_wednesday,medium,113.0,81.0,690461.5887000002,-2547212.1309720003,-1856750.542272,3237673.7196720005,3055.0,12707.0,15762.0,91.0,2816.0,2907.0,0.35055,0.33925,0.7043,269492.8512137285,-985152.7895215232,-715659.9383077947,1254645.6407352516,-543921.0861960001,-1312829.456076,327.1834004076731,0.3885327537114585,0.026122148638704823,0.12569868509399243,0.0038119833370102653,0.6019145186359616,False
科创50ETF华夏,12月,1.55,1.74,2026-12-23,202612,rule_fourth_wednesday,medium,113.0,81.0,783062.339328,-2420796.2976,-1637733.9582720003,3203858.636928,2656.0,11230.0,13886.0,117.0,3221.0,3338.0,0.37629999999999997,0.27615,0.8429,239013.00305958567,-1034145.2335972161,-795132.2305376304,1273158.2366568018,-659840.4120240001,-977893.5462480001,263.11298062394974,0.3662103752817739,0.0,0.16543610997865013,0.032937467767203535,0.5890170545841888,False
科创50ETF华夏,12月,1.6,1.74,2026-12-23,202612,rule_fourth_wednesday,medium,113.0,81.0,1466538.679584,-3568589.975808,-2102051.296224,5035128.655392,4386.0,15552.0,19938.0,73.0,3036.0,3109.0,0.3867,0.22089999999999999,0.93115,648822.9209465127,-1342636.3079914814,-693813.3870449687,1991459.2289379942,-672237.162432,-1429814.1337920001,249.63889144512535,0.4093275367569227,0.0,0.10592995811589064,0.005487585530391241,0.6791630107060969,False
科创50ETF华夏,12月,1.65,1.74,2026-12-23,202612,rule_fourth_wednesday,medium,113.0,81.0,1004020.4626559999,-1387358.2806480003,-383337.8179920004,2391378.7433040002,2864.0,5799.0,8663.0,263.0,2156.0,2419.0,0.39999999999999997,0.16465,0.97405,335655.6888607199,-580818.4662093592,-245162.77734863933,916474.1550700791,-423604.68606000015,40266.8680679996,243.51733145233464,0.37648113306759284,0.0,0.23180892414507992,0.025615433772428996,0.5140898471800276,False
科创50ETF华夏,12月,1.7,1.74,2026-12-23,202612,rule_fourth_wednesday,medium,113.0,81.0,1987061.71608,-1878967.1316240001,108094.58445599978,3866028.847704,5404.0,7678.0,13082.0,1162.0,4153.0,5315.0,0.4061,0.11215,1.0114,735775.3903195419,-961180.5989536054,-225405.20863406349,1696955.9892731472,-589056.1836840002,697150.76814,304.50314232879384,0.44091521415425505,0.0,0.3779609867098918,-0.00941056149058137,0.624624813919403,True
科创50ETF华夏,12月,1.75,1.74,2026-12-23,202612,rule_fourth_wednesday,medium,113.0,81.0,2354166.814464,-1805537.4772319999,548629.3372320002,4159704.291696,6361.0,7278.0,13639.0,1495.0,1183.0,2678.0,0.4131,0.06079999999999999,1.0209,1146462.3636641665,-914531.5175154128,231930.84614875377,2060993.8811795793,259809.80032800004,288819.5369040002,186.78369010031986,0.4967538334749611,0.07267759562841536,0.19878529722137583,-0.007166336676432846,0.605433231737841,True
科创50ETF华夏,12月,1.8,1.74,2026-12-23,202612,rule_fourth_wednesday,medium,113.0,81.0,3428336.829672,-1438971.8063400001,1989365.0233319998,4867308.636012,9363.0,5821.0,15184.0,1564.0,484.0,2048.0,0.42025,0.011800000000000005,1.01295,1149613.3202017327,-705287.1556605425,444326.16454119014,1854900.4758622753,453024.511056,1536340.5122759996,234.1347117041311,0.41272977144504275,0.1434253626579317,0.12509385202086903,-0.003339539373087744,0.6391347313792204,True
科创50ETF华夏,12月,1.85,1.74,2026-12-23,202612,rule_fourth_wednesday,medium,113.0,81.0,2348138.1362400004,-858826.212768,1489311.9234720003,3206964.3490080005,6630.0,3478.0,10108.0,2736.0,567.0,3303.0,0.42490000000000006,-0.034650000000000014,0.9926999999999999,979477.6230796841,-310350.3018824096,669127.3211972745,1289827.9249620936,828995.5121760002,660316.4112960004,221.75808336094548,0.3892475668488817,0.18811475409836065,0.2878472050562163,-0.004487897875848565,0.5685337324936524,False
科创50ETF华夏,12月,1.9,1.74,2026-12-23,202612,rule_fourth_wednesday,medium,113.0,81.0,3043287.2671919996,-646526.0566080001,2396761.2105839998,3689813.3237999994,9143.0,2616.0,11759.0,1569.0,172.0,1741.0,0.42935,-0.07760000000000003,0.95785,873500.922131445,-256434.61834693217,617066.3037845129,1129935.5404783771,479739.8717999999,1917021.3387839997,382.0514319274303,0.34183004028193936,0.2166849215041986,0.11867796455970894,0.008879896516803255,0.566916430732062,False
科创50ETF华夏,12月,1.95,1.74,2026-12-23,202612,rule_fourth_wednesday,medium,113.0,81.0,2473798.9770000004,-392595.3105120001,2081203.6664880002,2866394.2875120007,7750.0,1676.0,9426.0,2298.0,27.0,2325.0,0.43979999999999997,-0.1164,0.914,672802.3118071262,-151607.96961022654,521194.3421968996,824410.2814173527,727196.6705400001,1354006.9959480003,333.48572954545693,0.3290699325439922,0.28140862944162426,0.156312957117561,0.014615577538743747,0.5384425263303019,False
科创50ETF华夏,12月,2.0,1.74,2026-12-23,202612,rule_fourth_wednesday,medium,113.0,81.0,5082868.821024,-393448.36708800006,4689420.453935999,5476317.188112,17032.0,1764.0,18796.0,1859.0,35.0,1894.0,0.45130000000000003,-0.15034999999999998,0.8612,1196966.5672330004,-157481.76308512068,1039484.8041478797,1354448.330318121,546975.8437679999,4142444.6101679998,343.2363625330648,0.3178753280250963,0.3274410774410774,0.06449437846220374,0.006342380553147483,0.6684088734389336,False
科创50ETF华夏,12月,2.05,1.74,2026-12-23,202612,rule_fourth_wednesday,medium,113.0,81.0,3627184.3902,-276829.21152,3350355.17868,3904013.6017199997,13025.0,1290.0,14315.0,1368.0,13.0,1381.0,0.45589999999999997,-0.18439999999999998,0.8143,877820.3942256001,-106998.86917673511,770821.525048865,984819.2634023351,378169.03871999995,2972186.13996,525.8000266508492,0.31426366722925214,0.3556987616881476,0.05755315508339656,0.008867113509992914,0.5819919281642729,False
科创50ETF华夏,12月,2.1,1.74,2026-12-23,202612,rule_fourth_wednesday,medium,113.0,81.0,2774526.6399479997,-377141.289624,2397385.3503239998,3151667.9295719997,10937.0,1878.0,12815.0,1757.0,38.0,1795.0,0.47725,-0.20545000000000002,0.7505999999999999,1277495.503548306,-158956.9014291774,1118538.6021191285,1436452.4049774834,438089.148324,1959296.2019999993,244.02311775181056,0.4409578329342244,0.397088693297224,0.09044081783918216,-0.006229931592908,0.5547745449949859,False
科创50ETF华夏,12月,2.15,1.74,2026-12-23,202612,rule_fourth_wednesday,medium,113.0,81.0,2911830.388992,-544081.609548,2367748.7794439998,3455911.99854,12536.0,2811.0,15347.0,2168.0,44.0,2212.0,0.48315,-0.23155,0.7032499999999999,783797.1015168,-232043.10017719583,551754.0013396041,1015840.2016939959,495061.16270399996,1872687.61674,562.3595505617973,0.34783130352056596,0.4115942028985508,0.0942973599250097,0.00998460042727968,0.595630363101305,False
科创50ETF华夏,12月,2.2,1.74,2026-12-23,202612,rule_fourth_wednesday,medium,113.0,81.0,3142053.57384,-1101702.0105,2040351.56334,4243755.5843400005,14830.0,5941.0,20771.0,2750.0,53.0,2803.0,0.4929,-0.25255,0.65615,1124194.6911433232,-476879.913894052,647314.7772492713,1601074.6050373751,572818.1355000001,1467533.4278399998,304.43447613286367,0.3953236163454437,0.4266666666666667,0.09717799312933666,-0.017942806069656085,0.6446482317624602,False
科创50ETF华夏,12月,2.25,1.74,2026-12-23,202612,rule_fourth_wednesday,medium,113.0,81.0,1051848.1864800001,-230188.57938000004,821659.6071000001,1282036.7658600002,5454.0,1303.0,6757.0,3996.0,1.0,3997.0,0.50125,-0.27285000000000004,0.61025,448510.84387200006,-100968.65472756815,347542.1891444319,549479.4985995681,770484.3870600001,51175.220040000044,466.4938011506351,0.4325185751398888,0.44258121158911334,0.366720363517549,0.009431483093566024,0.4564265172441525,False
科创50ETF华夏,12月,2.3,1.74,2026-12-23,202612,rule_fourth_wednesday,medium,113.0,81.0,2240226.75186,-204516.07545600002,2035710.6764040003,2444742.827316,12795.0,1232.0,14027.0,12090.0,10.0,12100.0,0.5206000000000001,-0.285,0.5633,1070739.093474,-91409.25049051839,979329.8429834816,1162148.3439645183,2115131.0126400003,-79420.33623599994,544.2849965631052,0.4624570031109272,0.46666666666666656,0.4765086174083829,0.006478334701589051,0.6072144682485363,False
科创50ETF华夏,12月,2.35,1.74,2026-12-23,202612,rule_fourth_wednesday,medium,113.0,81.0,950244.95808,-115837.48980000001,834407.46828,1066082.44788,5984.0,690.0,6674.0,21074.0,0.0,21074.0,0.459,-0.3395,0.5395,570146.9748480001,-52256.39004064841,517890.5848073517,622403.3648886485,950244.95808,-115837.48980000001,491.28126664355625,0.5255590574816151,0.40686117345302997,1.7608622994652405,-0.018893712815565202,0.4845092707938399,False
科创50ETF华夏,12月,2.4,1.74,2026-12-23,202612,rule_fourth_wednesday,medium,113.0,81.0,1009362.8445120001,-89142.59563200001,920220.2488800001,1098505.440144,7032.0,566.0,7598.0,15951.0,0.0,15951.0,0.4675,-0.35315,0.49715,805964.790202277,-40881.302028231345,765083.4881740457,846846.0922305083,1009362.8445120001,-89142.59563200001,214.31602497762506,0.6285471800179,0.42184936614466817,1.1341723549488054,0.025639108984900582,0.4880469079026194,False
科创50ETF华夏,12月,2.45,1.74,2026-12-23,202612,rule_fourth_wednesday,medium,113.0,81.0,933768.8497080002,-141860.529252,791908.3204560002,1075629.3789600001,7201.0,951.0,8152.0,17024.0,0.0,17024.0,0.50005,-0.35115,0.4605,843767.0328686755,-65708.93128152359,778058.101587152,909475.9641501991,933768.8497080002,-141860.529252,145.74477864100413,0.6834041770871968,0.4527397260273973,1.1820580474934037,0.01985272884781981,0.49285670111722213,False
科创50ETF华夏,12月,2.5,1.74,2026-12-23,202612,rule_fourth_wednesday,medium,113.0,81.0,1666733.7643200005,-196940.626668,1469793.1376520004,1863674.3909880007,14262.0,1401.0,15663.0,26857.0,5.0,26862.0,0.5471,-0.3416,0.42515000000000003,679765.9274089414,-92313.52837013389,587452.3990388075,772079.4557790754,1666030.9069800004,-196237.76932800002,472.5414454341298,0.43829049984283414,0.4899824693213123,0.9433424259431256,0.022341048930559625,0.6078396629458753,False
科创50ETF华夏,12月,2.55,1.74,2026-12-23,202612,rule_fourth_wednesday,medium,113.0,81.0,5806122.981119999,-1118453.327712,4687669.653407998,6924576.308831999,54481.0,8324.0,62805.0,140920.0,1.0,140921.0,0.5655,-0.3463,0.3979,4254853.635610185,-528080.6586017295,3726772.977008455,4782934.294211914,5805988.616231998,-1118318.962824,224.8621881952431,0.6024872175304155,0.4992941176470589,1.2933549774275115,-0.003399934371240019,0.8223922767730383,False
科创50ETF华夏,3月,1.45,1.74,2027-03-24,202703,rule_fourth_wednesday,medium,204.0,146.0,47100.67596,-1162697.130036,-1115596.454076,1209797.8059959998,390.0,7839.0,8229.0,12.0,2179.0,2191.0,0.31355,0.3702,0.4444,13692.722427640037,-294044.9328259532,-280352.2103983131,307737.6552535932,-321744.65662799997,-793851.797448,400.88938115704326,0.2718053977405218,0.07112526539278125,0.15436917974231407,-0.005202326359025421,0.43582415609269315,False
科创50ETF华夏,3月,1.5,1.74,2027-03-24,202703,rule_fourth_wednesday,medium,204.0,146.0,49212.033372,-456209.51597999997,-406997.482608,505421.54935199994,223.0,2885.0,3108.0,26.0,630.0,656.0,0.3562,0.29965,0.6255999999999999,15175.256629511852,-186657.90115902497,-171482.6445295131,201833.15778853683,-93885.14937599999,-313112.333232,385.29428551219814,0.3587571340168956,0.04802446977931707,0.16748140606663506,0.018207113963344516,0.25696583338667506,False
科创50ETF华夏,3月,1.55,1.74,2027-03-24,202703,rule_fourth_wednesday,medium,204.0,146.0,88256.23545600001,-332101.68264,-243845.447184,420357.91809600004,344.0,2009.0,2353.0,49.0,234.0,283.0,0.36545,0.25705,0.6967000000000001,27295.779943902817,-120598.62406100245,-93302.84411709964,147894.40400490526,-26110.446264,-217735.00092,394.46916829969064,0.33620820918049826,0.09172932330827077,0.12945885955062683,0.12281441543183452,0.1999370830112313,False
科创50ETF华夏,3月,1.6,1.74,2027-03-24,202703,rule_fourth_wednesday,medium,204.0,146.0,176858.101728,-829693.071216,-652834.969488,1006551.172944,638.0,4761.0,5399.0,3.0,142.0,145.0,0.37270000000000003,0.21195000000000003,0.7456,30384.41185474476,-259821.45947718434,-229437.04762243957,290205.8713319291,-23914.527983999997,-628920.4415039999,413.86856149230164,0.24247738971964006,0.12082514734774064,0.017263930617036672,-0.0018773614609571788,0.3123157601033352,False
科创50ETF华夏,3月,1.65,1.74,2027-03-24,202703,rule_fourth_wednesday,medium,204.0,146.0,210553.897032,-260049.46514400002,-49495.56811200001,470603.362176,727.0,1466.0,2193.0,35.0,163.0,198.0,0.38425,0.1682,0.77125,51399.35397510619,-86767.96240596335,-35368.60843085716,138167.31638106954,-18777.387132000003,-30718.180980000005,345.3901539268785,0.2888872015484119,0.19422863485016645,0.07966497839145341,0.029725274015032423,0.19746732449337662,False
科创50ETF华夏,3月,1.7,1.74,2027-03-24,202703,rule_fourth_wednesday,medium,204.0,146.0,351240.86797200004,-304079.6097360001,47161.258235999965,655320.4777080001,1233.0,1659.0,2892.0,113.0,136.0,249.0,0.39465000000000006,0.12560000000000002,0.77315,83908.25610131503,-117097.66853016647,-33189.41242885144,201005.9246314815,7262.394947999997,39898.86328799999,403.41850887211496,0.31198989001266536,0.21897989210397256,0.08681174277589321,0.050751835124443534,0.24355571421302885,True
科创50ETF华夏,3月,1.75,1.74,2027-03-24,202703,rule_fourth_wednesday,medium,204.0,146.0,885020.1299640002,-295989.68088,589030.4490840002,1181009.8108440002,3027.0,1604.0,4631.0,189.0,321.0,510.0,0.3993,0.0864,0.7876000000000001,247778.74179709167,-136964.0118703292,110814.72992676246,384742.7536674209,-3975.9048719999846,593006.3539560002,309.7852701701031,0.3713509996829758,0.2649828767123289,0.1312813728809789,0.08550975604910899,0.33957472356670754,True
科创50ETF华夏,3月,1.8,1.74,2027-03-24,202703,rule_fourth_wednesday,medium,204.0,146.0,505432.206504,-192063.98051999998,313368.225984,697496.187024,1787.0,1030.0,2817.0,58.0,26.0,84.0,0.4083,0.04914999999999997,0.77505,107648.29199520001,-61429.91042128364,46218.38157391637,169078.20241648366,11556.409752,301811.816232,463.68098968087844,0.2664117607143007,0.29230182926829273,0.028849674836059783,0.004405316525075363,0.22213180825204873,True
科创50ETF华夏,3月,1.85,1.74,2027-03-24,202703,rule_fourth_wednesday,medium,204.0,146.0,390184.37208000006,-157590.51588,232593.85620000007,547774.8879600001,1388.0,854.0,2242.0,259.0,4.0,263.0,0.41464999999999996,0.013649999999999995,0.769,97456.47819235371,-51027.5994449197,46428.878747434006,148484.0776372734,72070.05006000001,160523.80614000006,364.340192996426,0.28678449847896686,0.33063427800269896,0.09564163219026922,0.03954762164719583,0.21848457274910182,False
科创50ETF华夏,3月,1.9,1.74,2027-03-24,202703,rule_fourth_wednesday,medium,204.0,146.0,338109.04656000005,-192982.97822399996,145126.06833600008,531092.024784,1206.0,1062.0,2268.0,11.0,78.0,89.0,0.41850000000000004,-0.021050000000000013,0.7631,67327.04668978909,-69958.55157230352,-2631.504882514433,137285.59826209262,-11089.977695999998,156216.04603200007,357.11702457889726,0.28081985814557886,0.36321181078638126,0.041283694521741576,-0.030502180140924783,0.19572959186185637,False
科创50ETF华夏,3月,1.95,1.74,2027-03-24,202703,rule_fourth_wednesday,medium,204.0,146.0,265634.478864,-67908.280824,197726.19804,333542.759688,996.0,389.0,1385.0,4.0,0.0,4.0,0.4346,-0.04880000000000001,0.72875,53553.6178272,-23329.750592238663,30223.86723496134,76883.36841943866,1066.805136,196659.39290399995,509.1724277068083,0.27257718731486685,0.40761014686248326,0.002008032128514056,-0.0024975024975024975,0.11617436018638423,False
科创50ETF华夏,3月,2.0,1.74,2027-03-24,202703,rule_fourth_wednesday,medium,204.0,146.0,308025.117504,-47858.575068000006,260166.54243600002,355883.692572,1193.0,271.0,1464.0,38.0,4.0,42.0,0.43155,-0.08145000000000002,0.7180500000000001,28566.554065920005,-17182.23147846606,11384.322587453946,45748.78554438606,9104.962032,251061.580404,492.76347649388,0.22588097364597248,0.4034978913420988,0.02330631017961479,0.006244852068411509,0.13397163204377635,False
科创50ETF华夏,3月,2.05,1.74,2027-03-24,202703,rule_fourth_wednesday,medium,204.0,146.0,298091.380248,-25456.393836,272634.98641199997,323547.774084,1201.0,139.0,1340.0,6.0,0.0,6.0,0.42,-0.11664999999999998,0.71235,60213.9624048,-9212.516822272833,51001.445582527165,69426.47922707284,1489.215888,271145.770524,562.6093379465847,0.28194617976188585,0.37862361536648603,0.002497918401332223,-0.004537953795379538,0.11263689705373071,False
科创50ETF华夏,3月,2.1,1.74,2027-03-24,202703,rule_fourth_wednesday,medium,204.0,146.0,610142.721336,-186807.76416000002,423334.957176,796950.485496,2598.0,1094.0,3692.0,149.0,101.0,250.0,0.44020000000000004,-0.13565000000000002,0.66985,48862.41390925714,-63830.45828571437,-14968.044376457226,112692.87219497151,17746.368228,405588.588948,424.18706613079996,0.21088709377464776,0.4286463798530955,0.0748367820556665,0.003712370768205419,0.26567641753613697,False
科创50ETF华夏,3月,2.15,1.74,2027-03-24,202703,rule_fourth_wednesday,medium,204.0,146.0,2692597.0288319997,-534438.249408,2158158.7794239996,3227035.27824,12028.0,3176.0,15204.0,842.0,5.0,847.0,0.4402999999999999,-0.16254999999999997,0.6476,667418.7122619171,-213172.4454302216,454246.26683169545,880591.1576921387,187649.37640799998,1970509.4030159998,363.6795796878853,0.3233718628253813,0.43464689816621127,0.03578881643922367,0.007538739831103232,0.5561690194475766,False
科创50ETF易方达,9月,1.1,1.688,2026-09-23,202609,rule_fourth_wednesday,medium,22.0,16.0,93759.00351168001,-430182.55974399997,-336423.55623231997,523941.56325567997,1821.0,26960.0,28781.0,23.0,1443.0,1466.0,0.86645,0.4792,0.11835,40394.99312778932,-14679.305316096621,25715.687811692696,55074.29844388594,-21840.76313536,-314582.79309695994,1017.9744210162452,0.23248099101828856,0.7886268606790432,0.03307708085849722,-0.007115720263951154,0.44953464012381844,False
科创50ETF易方达,9月,1.15,1.688,2026-09-23,202609,rule_fourth_wednesday,medium,22.0,16.0,32944.115328,-336217.86208895996,-303273.74676095997,369161.97741695994,615.0,16098.0,16713.0,21.0,203.0,224.0,0.7647999999999999,0.4809,0.13065,14035.132058367915,-48884.39002355873,-34849.257965190816,62919.52208192664,-3114.8743673599993,-300158.87239359994,886.4995416915231,0.28571174134944455,0.49121040102545316,0.023378301803890198,-0.04263923234247456,0.3389204551609361,False
科创50ETF易方达,9月,1.2,1.688,2026-09-23,202609,rule_fourth_wednesday,medium,22.0,16.0,26549.01916096,-233815.28807296001,-207266.268912,260364.30723392003,397.0,10081.0,10478.0,10.0,698.0,708.0,0.6954,0.47785,0.15805,10828.876465278396,-14324.01525058954,-3495.1387853111446,25152.891715867936,-15520.433754880001,-191745.83515712002,1035.4616662710653,0.23457222697070032,0.4895351177299256,0.0472140398290222,-0.014776665383134387,0.3045401761754467,False
科创50ETF易方达,9月,1.25,1.688,2026-09-23,202609,rule_fourth_wednesday,medium,22.0,16.0,22480.611823999992,-304371.20009600004,-281890.5882720001,326851.81192,275.0,8062.0,8337.0,10.0,181.0,191.0,0.6452500000000001,0.473,0.2097,8913.353695995156,-34297.79644989631,-25384.442753901156,43211.15014589147,-6015.962454400001,-275874.62581760006,1954.466034838778,0.25458740674170555,0.6885982562038899,0.02940732053855348,-0.01779181402551755,0.2665150251362676,False
科创50ETF易方达,9月,1.3,1.688,2026-09-23,202609,rule_fourth_wednesday,medium,22.0,16.0,20365.28733184,-298763.86206464004,-278398.5747328,319129.14939648006,341.0,4886.0,5227.0,17.0,476.0,493.0,0.2641,0.48055,0.2121,7695.389122314024,-46619.60662645387,-38924.217504139844,54314.99574876789,-28090.656732160005,-250307.91800064003,776.2958821207726,0.26695479484371787,0.9296023965141613,0.0736372879362065,-0.0033680917622523465,0.25485603803840273,False
科创50ETF易方达,9月,1.35,1.688,2026-09-23,202609,rule_fourth_wednesday,medium,22.0,16.0,73802.8534848,-529294.36938752,-455491.51590272004,603097.22287232,517.0,5522.0,6039.0,23.0,736.0,759.0,0.5831500000000001,0.44684999999999997,0.41869999999999996,25804.32241300022,-126648.98980172379,-100844.66738872357,152453.31221472402,-67263.72297856,-388227.79292416,343.03636185435624,0.2944587376733936,0.7672378786648258,0.08888623455886319,0.038073488488420626,0.3229788750309792,False
科创50ETF易方达,9月,1.4,1.688,2026-09-23,202609,rule_fourth_wednesday,medium,22.0,16.0,98302.36799999999,-913023.1906028801,-814720.8226028801,1011325.5586028801,600.0,6013.0,6613.0,26.0,952.0,978.0,0.24614999999999998,0.43975000000000003,0.5539499999999999,31019.604201053433,-76081.72291426561,-45062.118713212185,107101.32711531904,-140293.37847552,-674427.4441273601,704.0766444780033,0.19944121153095973,0.6425987585810006,0.10082848273185875,0.013768323543500065,0.38502337352838356,False
科创50ETF易方达,9月,1.45,1.688,2026-09-23,202609,rule_fourth_wednesday,medium,22.0,16.0,131921.26497408,-2422459.6984032,-2290538.43342912,2554380.96337728,969.0,10785.0,11754.0,99.0,2966.0,3065.0,0.4051,0.44145,0.63305,50180.51793234896,-589476.4239674881,-539295.9060351391,639656.9418998371,-652726.4698086401,-1637811.9636204801,478.2790309106098,0.3118601488859458,0.5338126719104379,0.18858938641703663,0.04349846729560626,0.5521768221126939,False
科创50ETF易方达,9月,1.5,1.688,2026-09-23,202609,rule_fourth_wednesday,medium,22.0,16.0,307508.44181376,-2795989.1218099194,-2488480.6799961594,3103497.5636236793,1111.0,8826.0,9937.0,197.0,3607.0,3804.0,0.40335,0.39475,1.0415999999999999,95450.23047391853,-1537783.9066742023,-1442333.6762002837,1633234.137148121,-1088135.0683699197,-1400345.6116262397,296.25221114582797,0.4301975580860583,0.48064842958459986,0.29299831750680166,-0.023653008761345157,0.5673593345577314,False
科创50ETF易方达,9月,1.55,1.688,2026-09-23,202609,rule_fourth_wednesday,medium,22.0,16.0,887575.67084544,-4653463.14048,-3765887.4696345595,5541038.811325439,2004.0,11110.0,13114.0,280.0,5601.0,5881.0,0.40555,0.32235,1.5122,241470.71146964186,-2781144.3081175336,-2539673.5966478917,3022615.0195871755,-2221986.2655872004,-1543901.2040473593,325.73175048905625,0.43485346086014964,0.4938055273755726,0.3219304864618199,0.11293097639638024,0.6826746859812992,False
科创50ETF易方达,9月,1.6,1.688,2026-09-23,202609,rule_fourth_wednesday,medium,22.0,16.0,2103136.62265408,-5586101.24367232,-3482964.6210182398,7689237.866326399,3439.0,10847.0,14286.0,3546.0,9577.0,13123.0,0.39485000000000003,0.23444999999999996,1.97685,1572283.557514399,-2842712.2730000527,-1270428.7154856536,4414995.8305144515,-2828926.7691270397,-654037.8518912002,312.9044499851043,0.6282400251433624,0.45419699175157674,0.9570153157000167,0.04870013844362133,0.7402830657219435,False
科创50ETF易方达,9月,1.65,1.688,2026-09-23,202609,rule_fourth_wednesday,medium,22.0,16.0,7206478.213824,-7329277.5319296,-122799.31810559984,14535755.745753601,9930.0,12555.0,22485.0,8428.0,11102.0,19530.0,0.39525,0.12214999999999998,2.2979000000000003,4345036.010414114,-5394135.880076598,-1049099.8696624842,9739171.890490713,-364619.6101990398,241820.29209343996,148.81745670876765,0.6694528772917956,0.40622092579025687,0.8665052018851194,0.04394167269213072,0.8403081937831437,True
科创50ETF易方达,9月,1.7,1.688,2026-09-23,202609,rule_fourth_wednesday,medium,22.0,16.0,13417602.6388896,-7956067.33509632,5461535.303793279,21373669.973985918,18171.0,13166.0,31337.0,19749.0,18364.0,38113.0,0.40359999999999996,0.0032999999999999974,2.35615,11896742.374318684,-6097574.695383032,5799167.678935652,17994317.069701716,5461535.303793279,0.0,73.98193221478958,0.8265287399424541,0.3597146858043061,1.2408232355185862,0.02693351095912326,0.8806147725426282,True
科创50ETF易方达,9月,1.75,1.688,2026-09-23,202609,rule_fourth_wednesday,medium,22.0,16.0,12501217.792235522,-6654362.878471679,5846854.913763843,19155580.6707072,18024.0,11574.0,29598.0,12966.0,8846.0,21812.0,0.4111,-0.1079,2.226,9236152.80476092,-4754460.216604019,4481692.588156901,13990613.021364938,3907128.311976962,1939726.601786881,66.5895224069013,0.7266539571237149,0.39435336976320584,0.741836729645882,0.05064066173684095,0.8660239135108874,True
科创50ETF易方达,9月,1.8,1.688,2026-09-23,202609,rule_fourth_wednesday,medium,22.0,16.0,8794524.67487808,-3574970.0812454396,5219554.59363264,12369494.756123519,15051.0,7038.0,22089.0,5985.0,2140.0,8125.0,0.43195,-0.19745000000000001,1.9167,3415663.6300370484,-976779.674686199,2438883.9553508493,4392443.304723248,2410106.6524255998,2809447.9412070406,366.0866941566932,0.33080630825960466,0.45040760869565216,0.35085582562906464,0.029557026481664122,0.8050225496037119,False
科创50ETF易方达,9月,1.85,1.688,2026-09-23,202609,rule_fourth_wednesday,medium,22.0,16.0,6220201.66572672,-1998690.10021312,4221511.565513601,8218891.76593984,13083.0,4597.0,17680.0,6380.0,283.0,6663.0,0.4474,-0.27115,1.59725,2042687.0317685765,-709314.4774099279,1333372.5543586486,2752001.5091785043,2910273.8877075203,1311237.67780608,559.6458785241346,0.3416426507864984,0.48406797663303236,0.2746088123199164,0.07190147806024079,0.7518092499495306,False
科创50ETF易方达,9月,1.9,1.688,2026-09-23,202609,rule_fourth_wednesday,medium,22.0,16.0,4171817.95189632,-1155340.0378752,3016477.9140211204,5327157.98977152,11286.0,3153.0,14439.0,2645.0,246.0,2891.0,0.4736,-0.32115,1.29165,900243.7140458184,-305204.47606474865,595039.2379810698,1205448.190110567,887571.3683360001,2128906.5456851204,368.39815391440084,0.23998011666251703,0.4948364888123924,0.1561910439295386,-0.015492918979676192,0.6539777802944136,False
科创50ETF易方达,9月,1.95,1.688,2026-09-23,202609,rule_fourth_wednesday,medium,22.0,16.0,4158409.5089011197,-441391.39465152007,3717018.1142495996,4599800.90355264,14709.0,1461.0,16170.0,4853.0,85.0,4938.0,0.45775,-0.37995,1.02625,1380482.2647334398,-143338.69839902513,1237143.5663344148,1523820.9631324648,1346321.0521158401,2370697.0621337597,600.7817359974352,0.3283582345890371,0.4866666666666667,0.19405669160355665,0.022604569450765402,0.672590081063027,False
科创50ETF易方达,9月,2.0,1.688,2026-09-23,202609,rule_fourth_wednesday,medium,22.0,16.0,3004055.4010368004,-175736.93836032,2828318.4626764804,3179792.3393971203,13992.0,762.0,14754.0,3883.0,20.0,3903.0,0.46025,-0.41705,0.78145,339964.2978664407,-37798.33707760918,302165.9607888315,377762.63494404993,829060.0892960002,1999258.37338048,463.9451196542229,0.1641266053574596,0.4882315521628499,0.15188122121527264,0.04430872169921419,0.6036570536650697,False
科创50ETF易方达,9月,2.05,1.688,2026-09-23,202609,rule_fourth_wednesday,medium,22.0,16.0,674719.35942016,-143555.67790144,531163.68151872,818275.0373215999,4142.0,623.0,4765.0,502.0,0.0,502.0,0.56975,-0.39775,0.6901999999999999,45561.51421547276,-51778.20177299806,-6216.6875575253,97339.71598847082,81774.29223296,449389.38928575994,594.017094017094,0.21410518769282666,0.46629511677282365,0.060598744567841624,0.014917951268025857,0.30745616704334144,False
科创50ETF易方达,9月,2.1,1.688,2026-09-23,202609,rule_fourth_wednesday,medium,22.0,16.0,584056.65255296,-77964.03546240002,506092.61709056,662020.68801536,4787.0,446.0,5233.0,369.0,1.0,370.0,0.53155,-0.43844999999999995,0.52085,95882.73546820268,-29905.646027456125,65977.08944074655,125788.3814956588,44846.48056511999,461246.13652544,448.3214243533715,0.27387471138520214,0.49108433734939766,0.0396629605030815,0.002413937867338371,0.29763370475594925,False
科创50ETF易方达,9月,2.15,1.688,2026-09-23,202609,rule_fourth_wednesday,medium,22.0,16.0,480513.37215999997,-74268.97766976,406244.39449023997,554782.3498297599,5270.0,673.0,5943.0,490.0,0.0,490.0,0.2432,-0.46559999999999996,0.35365,27023.721228190476,-29841.267364397958,-2817.546136207482,56864.98859258843,44677.713919999995,361566.68057023996,790.541732839245,0.22901958201269168,0.41083708797723506,0.046489563567362426,0.0005699088145896656,0.306070306050266,False
科创50ETF易方达,9月,2.2,1.688,2026-09-23,202609,rule_fourth_wednesday,medium,22.0,16.0,330520.34232,-9967.860115200003,320552.4822048,340488.2024352,4419.0,299.0,4718.0,1973.0,10.0,1983.0,0.46655,-0.48405,0.18975,103097.81395200001,-4248.913628972764,98848.90032302725,107346.72758097277,147237.714192,173314.7680128,672.5034083162918,0.3690935685332291,0.8385493564016718,0.23996296018787827,0.13994770471081516,0.2945400251772997,False
科创50ETF易方达,9月,2.25,1.688,2026-09-23,202609,rule_fourth_wednesday,medium,22.0,16.0,231225.4053376,-42799.88225024,188425.52308736002,274025.28758784,3785.0,269.0,4054.0,1198.0,0.0,1198.0,0.7461,-0.41809999999999997,0.3864,44689.32404701867,-18184.98455542546,26504.33949159321,62874.30860244413,73185.74256128,115239.78052608001,1359.4475089746963,0.309077836061106,0.8310590456573979,0.1582562747688243,0.07470391740054662,0.24673349647698345,False
科创50ETF易方达,9月,2.3,1.688,2026-09-23,202609,rule_fourth_wednesday,medium,22.0,16.0,260267.31556415997,-31395.268916479996,228872.04664768,291662.58448063995,4903.0,211.0,5114.0,21.0,0.0,21.0,0.7943,-0.41905,0.35425,52499.36265408,-13698.604246522103,38800.7584075579,66197.9669006021,1114.74885312,227757.29779455997,2102.2956101490136,0.31902013027768894,0.5561652475559762,0.002141545992249643,0.0,0.18905328429176124,False
科创50ETF易方达,9月,2.35,1.688,2026-09-23,202609,rule_fourth_wednesday,medium,22.0,16.0,262719.46101056,-18367.583759999998,244351.87725055998,281087.04477056,6151.0,135.0,6286.0,480.0,0.0,480.0,0.8045,-0.42915000000000003,0.3137,9498.020033893135,-8215.83719750909,1282.182836384045,17713.857231402224,20501.5999488,223850.27730175998,3779.6474484750506,0.24172681641354224,0.4642752131725963,0.03901804584620387,0.0001626280696048138,0.2585163512939064,False
科创50ETF易方达,9月,2.4,1.688,2026-09-23,202609,rule_fourth_wednesday,medium,22.0,16.0,130270.98191615999,-4512.81952064,125758.16239551999,134783.8014368,3699.0,251.0,3950.0,82.0,0.0,82.0,0.2982,-0.4916,0.09335,27209.343235583998,-2051.236044727574,25158.107190856423,29260.579280311573,2887.86713088,122870.29526464,2948.0582572400185,0.3317013106332738,0.47679477882523563,0.011084076777507435,0.0014913232104121475,0.14347926319469406,False
科创50ETF易方达,9月,2.45,1.688,2026-09-23,202609,rule_fourth_wednesday,medium,22.0,16.0,382841.02261183993,-42854.70362879999,339986.31898303994,425695.7262406399,14557.0,420.0,14977.0,2160.0,1.0,2161.0,0.777,-0.45704999999999996,0.22519999999999998,30379.54103591679,-19831.510762066842,10548.030273849949,50211.05179798363,56704.76645055998,283281.55253248,855.6000139869224,0.27105723899358736,0.48359161349133994,0.07538158699627408,0.025618708300739722,0.4042679429292656,False
科创50ETF易方达,10月,1.45,1.688,2026-10-28,202610,rule_fourth_wednesday,medium,57.0,41.0,70566.68254335999,-348501.95394176,-277935.2713984,419068.63648512,391.0,1931.0,2322.0,27.0,810.0,837.0,0.0001,0.2541,0.6334,22694.36882038356,-188201.75532178747,-165507.3865014039,210896.12414217103,-141313.84253568,-136621.42886272003,333.6110858355538,0.4308162282758804,0.16439454691259026,0.24426274236080853,0.18749384943414793,0.23161260768876,False
科创50ETF易方达,10月,1.5,1.688,2026-10-28,202610,rule_fourth_wednesday,medium,57.0,41.0,15331.436767360003,-121293.0124,-105961.57563264,136624.44916736,79.0,625.0,704.0,2.0,193.0,195.0,0.0001,0.21650000000000003,0.6811,4278.882876058476,-43054.961044603944,-38776.07816854547,47333.84392066242,-37067.14458944001,-68894.4310432,395.5757970071573,0.3170293202001814,0.1269335759781619,0.1670582278481013,0.20897810430104416,0.07459805442170173,False
科创50ETF易方达,10月,1.55,1.688,2026-10-28,202610,rule_fourth_wednesday,medium,57.0,41.0,20144.064263680004,-173896.71803135998,-153752.65376768,194040.78229503997,98.0,846.0,944.0,40.0,65.0,105.0,0.0001,0.17759999999999998,0.7214,9743.467404453004,-43837.52176950323,-34094.05436505023,53580.98917395624,-5138.791903999998,-148613.86186367998,348.8871869290179,0.36788933377805744,0.0,0.24249770830317943,0.11953681175092366,0.09012468507859289,False
科创50ETF易方达,10月,1.6,1.688,2026-10-28,202610,rule_fourth_wednesday,medium,57.0,41.0,83969.22739648,-209171.42579072004,-125202.19839424004,293140.6531872,391.0,974.0,1365.0,266.0,242.0,508.0,0.0001,0.1381,0.7537,60957.68725316309,-77990.27129155392,-17032.58403839083,138947.958544717,5154.1213747199945,-130356.31976896005,295.4379221822258,0.5494030351148358,0.0,0.4643834321515411,0.7611798457952303,0.16809939288897205,False
科创50ETF易方达,10月,1.65,1.688,2026-10-28,202610,rule_fourth_wednesday,medium,57.0,41.0,86210.94878848002,-103497.46294144001,-17286.514152959993,189708.41172992002,389.0,467.0,856.0,209.0,503.0,712.0,0.0001,0.09830000000000003,0.7778,40022.909849091164,-56124.36523938299,-16101.455390291827,96147.27508847415,-57178.46989056,39891.95573760001,463.5760849428399,0.5032608115658652,0.0,0.8071814293499502,0.537386018237082,0.13270019153786689,True
科创50ETF易方达,10月,1.7,1.688,2026-10-28,202610,rule_fourth_wednesday,medium,57.0,41.0,240595.87198976,-80047.87470336,160547.9972864,320643.74669312,1064.0,354.0,1418.0,1125.0,242.0,1367.0,0.0001,0.058599999999999985,0.7936,186515.38660047235,-39622.07859138359,146893.30800908877,226137.46519185594,185873.87854848,-25325.881262079994,305.9489665539923,0.6351012455005749,0.0,0.8704733231383543,1.3574238795757785,0.20589138965892473,True
科创50ETF易方达,10月,1.75,1.688,2026-10-28,202610,rule_fourth_wednesday,medium,57.0,41.0,80367.91302143999,-59362.663027200004,21005.249994239988,139730.57604864,352.0,260.0,612.0,271.0,7.0,278.0,0.0001,0.01959999999999998,0.8013,48773.620919304165,-33090.879338752,15682.741580552167,81864.50025805616,60275.93476607999,-39270.68477184,221.50537634408678,0.5821575870366187,0.0072559366754618715,0.3984047202797203,0.17054263565891473,0.08059770646944996,True
科创50ETF易方达,10月,1.8,1.688,2026-10-28,202610,rule_fourth_wednesday,medium,57.0,41.0,134039.35332991998,-62795.267744,71244.08558591998,196834.62107392,587.0,275.0,862.0,210.0,173.0,383.0,0.0001,-0.01849999999999999,0.8014,49643.537987097385,-44495.8287422538,5147.709244843587,94139.36672935118,8448.81784191999,62795.26774399998,322.3661126602989,0.5394755472265697,0.11038961038961048,0.4934210933870219,0.5317399537720349,0.11975943369129743,False
科创50ETF易方达,10月,1.85,1.688,2026-10-28,202610,rule_fourth_wednesday,medium,57.0,41.0,213703.0794752,-2716.5645695999992,210986.5149056,216419.64404480002,944.0,12.0,956.0,172.0,0.0,172.0,0.0001,-0.055499999999999994,0.7945,58315.586094080005,-1043.6298418463327,57271.95625223367,59359.21593592634,38937.4254976,172049.089408,423.78097521982346,0.3285270089013539,0.2375545851528384,0.09110169491525423,0.025612472160356347,0.10583943644865487,False
科创50ETF易方达,10月,1.9,1.688,2026-10-28,202610,rule_fourth_wednesday,medium,57.0,41.0,279164.53538688,-13579.77404992,265584.76133696,292744.30943679996,1254.0,61.0,1315.0,1357.0,35.0,1392.0,0.0001,-0.091,0.7813,167498.721232128,-7632.253894995635,159866.46733713237,175130.97512712365,271372.86175168,-5788.100414720001,467.6024368289918,0.5810154965369472,0.23640985529917863,0.827953826443904,0.16414524645104178,0.19627919885635314,False
科创50ETF易方达,10月,1.95,1.688,2026-10-28,202610,rule_fourth_wednesday,medium,57.0,41.0,102574.78836736002,-13691.126413439999,88883.66195392002,116265.91478080001,472.0,63.0,535.0,348.0,0.0,348.0,0.0001,-0.12480000000000002,0.7627,44518.79147989271,-4731.865129549191,39786.92635034352,49250.656609441896,75627.17447424002,13256.487479680001,384.5542392286236,0.38981423573574514,0.222934472934473,0.3686440677966102,0.1781609195402299,0.07996876307898353,False
科创50ETF易方达,12月,1.25,1.688,2026-12-23,202612,rule_fourth_wednesday,medium,113.0,81.0,142145.90797056,-1314840.3028793598,-1172694.3949087998,1456986.2108499198,1356.0,12211.0,13567.0,5.0,13209.0,13214.0,0.24515,0.37155,0.3729,50749.667940245636,-1137280.6722341136,-1086531.0042938679,1188030.3401743593,-1314316.1660505598,141621.77114176,195.51613607474206,0.6109912209337167,0.25519961749940223,0.5427084518552715,0.026206571513652435,0.5536027862440688,False
科创50ETF易方达,12月,1.3,1.688,2026-12-23,202612,rule_fourth_wednesday,medium,113.0,81.0,41438.26623296,-901613.59091712,-860175.32468416,943051.85715008,359.0,7038.0,7397.0,1.0,3393.0,3394.0,0.24265,0.346,0.42735,14175.651782943214,-423543.7600613618,-409368.1082784186,437719.41184430505,-434549.94874688,-425625.37593727995,322.14600685938285,0.4059264015833807,0.2257217847769029,0.24244135101055078,0.02608760651816415,0.42304439181393094,False
科创50ETF易方达,12月,1.35,1.688,2026-12-23,202612,rule_fourth_wednesday,medium,113.0,81.0,41773.6625152,-355591.60620224,-313817.94368704,397365.26871743996,374.0,2383.0,2757.0,0.0,551.0,551.0,0.37334999999999996,0.3993,0.45785000000000003,13449.717154381446,-104006.44126016,-90556.72410577856,117456.15841454145,-82220.30004927999,-231597.64363776,430.18123517158244,0.30722744695317217,0.2513812154696132,0.1156105749055812,-0.02110128617363344,0.22684869165029486,False
科创50ETF易方达,12月,1.4,1.688,2026-12-23,202612,rule_fourth_wednesday,medium,113.0,81.0,56101.075937279995,-369670.32888,-313569.25294271996,425771.40481728,396.0,2175.0,2571.0,1.0,454.0,455.0,0.35624999999999996,0.379,0.5468500000000001,17200.43582343236,-104799.41369536,-87598.97787192764,121999.84951879235,-77021.70041472,-236547.55252800003,485.89482189411524,0.29504575338880423,0.1566496163682865,0.10563044235458029,-0.0007946167756294339,0.22332479209032313,False
科创50ETF易方达,12月,1.45,1.688,2026-12-23,202612,rule_fourth_wednesday,medium,113.0,81.0,40776.8195168,-193693.7037024,-152916.8841856,234470.5232192,193.0,1023.0,1216.0,1.0,85.0,86.0,0.3565,0.3418,0.7030000000000001,12053.857503234018,-62521.968448850035,-50468.11094561602,74575.82595208405,-15882.528390399999,-137034.3557952,385.57166754884815,0.3091967262023125,0.04494591570309586,0.04413515060347753,-0.0014619883040935672,0.10305134757639767,False
科创50ETF易方达,12月,1.5,1.688,2026-12-23,202612,rule_fourth_wednesday,medium,113.0,81.0,229122.47549183998,-392802.10128832,-163679.62579648,621924.57678016,812.0,1907.0,2719.0,1.0,134.0,135.0,0.37870000000000004,0.2794,0.8566,61476.465456979284,-89600.8988256,-28124.433368620717,151077.36428257928,-27319.025883519997,-136360.59991296002,490.29796911489586,0.24820982717339107,0.0,0.03574948142828728,0.012358946802794197,0.22181656679452272,False
科创50ETF易方达,12月,1.55,1.688,2026-12-23,202612,rule_fourth_wednesday,medium,113.0,81.0,167168.61903104,-335014.86905216007,-167846.25002112007,502183.48808320006,517.0,1507.0,2024.0,22.0,241.0,263.0,0.38575000000000004,0.22360000000000002,0.9575,49085.36650472492,-88433.25475046402,-39347.8882457391,137518.62125518895,-46462.144093440016,-121384.10592768004,422.7336556661275,0.2787980122145204,0.0,0.10123678154428271,0.05271653184977872,0.20511192737645645,False
科创50ETF易方达,12月,1.6,1.688,2026-12-23,202612,rule_fourth_wednesday,medium,113.0,81.0,627182.0153683199,-376088.64720064,251093.36816767993,1003270.6625689599,1797.0,1637.0,3434.0,5.0,111.0,116.0,0.39745,0.16685000000000003,1.0156,144305.29707742654,-110540.13615849984,33765.160918926704,254845.43323592638,-23756.34861312,274849.7167807999,440.14382961825913,0.26200281212435256,0.0,0.03529468954739947,0.003909261151184135,0.2730885620544939,False
科创50ETF易方达,12月,1.65,1.688,2026-12-23,202612,rule_fourth_wednesday,medium,113.0,81.0,175743.89075968,-264906.81691904,-89162.92615935998,440650.70767872,544.0,1132.0,1676.0,0.0,19.0,19.0,0.42725,0.1094,0.9775499999999999,37318.59983672196,-70894.41642025489,-33575.81658353293,108213.01625697684,-4446.31583168,-84716.61032767998,454.21692392416185,0.23998335132003445,0.03476283300844707,0.008392226148409895,-0.0030728709394205445,0.14403495607102823,True
科创50ETF易方达,12月,1.7,1.688,2026-12-23,202612,rule_fourth_wednesday,medium,113.0,81.0,420408.62598143995,-258947.2429824,161461.38299903995,679355.86896384,1192.0,1085.0,2277.0,59.0,14.0,73.0,0.4184,0.05875,1.0377,157716.43883936637,-75779.38193134329,81937.05690802308,233495.82077070966,17467.561470719997,143993.82152831997,348.22844499408995,0.3338972180250788,0.09866962305986687,0.03119993505087681,-0.015577943657497999,0.20547903998004197,True
科创50ETF易方达,12月,1.75,1.688,2026-12-23,202612,rule_fourth_wednesday,medium,113.0,81.0,350366.90657664003,-358963.74783936003,-8596.841262720001,709330.654416,986.0,1371.0,2357.0,118.0,1.0,119.0,0.3994,0.004250000000000004,1.0830000000000002,86845.50909465601,-111694.35273354997,-24848.84363889396,198539.861828206,41668.493228160005,-50265.33449088002,464.6204257379486,0.27951396714745924,0.04718927282104168,0.06020242549596613,-0.024954595421306694,0.22068510485344153,True
科创50ETF易方达,12月,1.8,1.688,2026-12-23,202612,rule_fourth_wednesday,medium,113.0,81.0,454337.64555648,-193324.42872000003,261013.21683647996,647662.07427648,1329.0,815.0,2144.0,175.0,1.0,176.0,0.42785,-0.03895000000000001,1.01615,114798.029629696,-62153.12231771081,52644.90731198519,176951.15194740682,59589.043408000005,201424.17342847993,433.76795783159224,0.2870838280477106,0.21009098428453254,0.06645247360670646,-0.02467811158798283,0.21584937606580892,False
科创50ETF易方达,12月,1.85,1.688,2026-12-23,202612,rule_fourth_wednesday,medium,113.0,81.0,317565.799824,-87823.33557119999,229742.46425279998,405389.1353952,975.0,345.0,1320.0,51.0,0.0,51.0,0.41059999999999997,-0.0907,1.01825,101210.1104097277,-30074.016097422435,71136.09431230527,131284.12650715013,16611.13414464,213131.33010815998,240.4871760332931,0.33057179763490396,0.170538133952768,0.026153846153846153,0.021948608137044967,0.1340793429611065,False
科创50ETF易方达,12月,1.9,1.688,2026-12-23,202612,rule_fourth_wednesday,medium,113.0,81.0,481195.39113983995,-149761.43515968,331433.9559801599,630956.82629952,1592.0,653.0,2245.0,198.0,8.0,206.0,0.44,-0.12235000000000001,0.93285,122416.06251867759,-53565.30232453038,68850.76019414721,175981.36484320796,58012.41589247999,273421.54008768,401.6115186514734,0.306035386647153,0.2814119170984456,0.06831150392082926,-0.02516525735378093,0.22022521045366736,False
科创50ETF易方达,12月,1.95,1.688,2026-12-23,202612,rule_fourth_wednesday,medium,113.0,81.0,783782.7309311999,-122238.22528511999,661544.5056460799,906020.9562163198,2748.0,532.0,3280.0,75.0,0.0,75.0,0.43145,-0.16634999999999997,0.9037,113060.94415616,-44800.861720203095,68260.0824359569,157861.8058763631,21391.45008,640153.0555660799,444.8245146044462,0.2553774404633655,0.28609467455621307,0.013646288209606987,0.008512213175425611,0.24898498389079549,False
科创50ETF易方达,12月,2.0,1.688,2026-12-23,202612,rule_fourth_wednesday,medium,113.0,81.0,1303453.8113734399,-195390.23161344,1108063.5797599999,1498844.0429868798,4987.0,976.0,5963.0,46.0,15.0,61.0,0.47395000000000004,-0.18245,0.80995,135154.595119552,-74766.152144923,60388.44297462898,209920.74726447498,9020.111313919999,1099043.4684460799,400.20674924306115,0.24317000123551358,0.3878901373283396,0.012296417406568554,-0.0010361950687447978,0.33744340113478394,False
科创50ETF易方达,12月,2.05,1.688,2026-12-23,202612,rule_fourth_wednesday,medium,113.0,81.0,773764.7223615999,-107956.51534079999,665808.2070207999,881721.2377024,3229.0,485.0,3714.0,19.0,0.0,19.0,0.42235,-0.242,0.8110999999999999,224927.90524357167,-42179.49192070409,182748.4133228676,267107.39716427575,4552.9667776,661255.2402432,283.92871658291006,0.3407005283337546,0.2972534332084894,0.0029420873335397955,0.0018650917003419335,0.23975813379420594,False
科创50ETF易方达,12月,2.1,1.688,2026-12-23,202612,rule_fourth_wednesday,medium,113.0,81.0,618216.24104448,-344029.16770432,274187.07334016,962245.4087487999,2824.0,1649.0,4473.0,382.0,0.0,382.0,0.4301,-0.26839999999999997,0.75025,349408.3097877575,-137470.3820025887,211937.9277851688,486878.69179034623,83625.56801664,190561.50532352,139.1648793527394,0.48238858754708136,0.32787440704766196,0.06763456090651558,-0.007842453816660858,0.3094995002289591,False
科创50ETF易方达,12月,2.15,1.688,2026-12-23,202612,rule_fourth_wednesday,medium,113.0,81.0,1045887.5314540799,-812656.5013683198,233231.03008576005,1858544.0328223999,5249.0,4627.0,9876.0,233.0,34.0,267.0,0.4962,-0.26005,0.65785,227748.03742655998,-334768.8683810356,-107020.83095447559,562516.9058075956,40454.78665792,192776.24342784006,566.2134157389069,0.3148498191017895,0.4412659190268009,0.025868790634444434,0.00038131553860819826,0.4272408207077546,False
科创50ETF易方达,12月,2.2,1.688,2026-12-23,202612,rule_fourth_wednesday,medium,113.0,81.0,275595.3901056,-40038.981887999995,235556.40821760002,315634.3719936,1528.0,240.0,1768.0,388.0,0.0,388.0,0.5087,-0.27755,0.6092500000000001,64738.46336512001,-16746.73032440253,47991.73304071748,81485.19368952254,69981.0283776,165575.37984,557.6368314631623,0.3265823286664007,0.457859765693303,0.12696335078534032,0.010013351134846462,0.17583161737069553,False
科创50ETF易方达,12月,2.25,1.688,2026-12-23,202612,rule_fourth_wednesday,medium,113.0,81.0,208272.3722784,-16637.29112256,191635.08115584,224909.66340096,1279.0,107.0,1386.0,309.0,0.0,309.0,0.5346,-0.2865,0.5586,61781.49964224,-7074.0564310319505,54707.44321120805,68855.55607327195,50317.5629664,141317.51818944002,601.0577774031777,0.3609154002464172,0.4861288265306122,0.12079749804534792,-0.010336906584992343,0.13748747618086296,False
科创50ETF易方达,12月,2.3,1.688,2026-12-23,202612,rule_fourth_wednesday,medium,113.0,81.0,260038.85516224,-21736.61961216,238302.23555008002,281775.4747744,1769.0,138.0,1907.0,326.0,0.0,326.0,0.48819999999999997,-0.33039999999999997,0.53435,71176.265500032,-9402.412197013593,61773.853303018404,80578.67769704558,47921.23616896,190380.99938112003,598.7670714869887,0.353137441802861,0.44080801753836507,0.09214245336348219,-0.008337965536409116,0.16640978271038392,False
科创50ETF易方达,12月,2.35,1.688,2026-12-23,202612,rule_fourth_wednesday,medium,113.0,81.0,221513.75823488002,-15730.943289599998,205782.81494528003,237244.70152448,1669.0,110.0,1779.0,398.0,0.0,398.0,0.5541,-0.3141,0.48385,65432.16465536001,-6942.358182590062,58489.806472769946,72374.52283795006,52823.532520960005,152959.28242432003,583.0468302925708,0.36835253943822144,0.5,0.11923307369682444,0.010397553516819572,0.1615532686995613,False
科创50ETF易方达,12月,2.4,1.688,2026-12-23,202612,rule_fourth_wednesday,medium,113.0,81.0,417595.89605184,-46721.918785919996,370873.97726591997,464317.81483776,3487.0,339.0,3826.0,4379.0,0.0,4379.0,0.559,-0.32795,0.452,222717.81122764802,-20785.836736961486,201931.97449068655,243503.6479646095,417595.89605184,-46721.918785919996,529.0462303869001,0.48910869470282536,0.49842271293375395,0.6279036420992257,0.06097168597168597,0.32986174150102004,False
科创50ETF易方达,12月,2.45,1.688,2026-12-23,202612,rule_fourth_wednesday,medium,113.0,81.0,727982.00434496,-121943.83106304,606038.17328192,849925.8354079999,6683.0,918.0,7601.0,8149.0,0.0,8149.0,0.56325,-0.34065,0.42425,363991.00217248,-55122.82178509303,308868.18038738694,419113.82395757304,727982.00434496,-121943.83106304,370.25619947938094,0.4760172626387176,0.4986306485746297,0.6096812808618883,0.03886469924205773,0.4504421882257554,False
科创50ETF易方达,3月,1.4,1.688,2027-03-24,202703,rule_fourth_wednesday,medium,204.0,146.0,16032.688819199999,-206924.94599424,-190892.25717504,222957.63481344,135.0,1468.0,1603.0,21.0,455.0,476.0,0.23555,0.26995,0.45575,4776.223235756795,-112525.37622128776,-107749.15298553096,117301.59945704456,-61641.482878079994,-129250.77429696001,340.3106787386265,0.4208516689376487,0.05932203389830498,0.2327505298213745,-0.009531256185913932,0.15621382978898007,False
科创50ETF易方达,3月,1.45,1.688,2027-03-24,202703,rule_fourth_wednesday,medium,204.0,146.0,15056.16164352,-105843.01442880002,-90786.85278528002,120899.17607232001,72.0,705.0,777.0,5.0,209.0,214.0,0.3487,0.31295,0.6304000000000001,3741.0556723728528,-33719.632681856005,-29978.577009483153,37460.688354228856,-30332.007709440004,-60454.845075840014,569.6179294084651,0.28352748007070533,0.09520900843073715,0.18294917257683213,0.06672025723472669,0.08044481428048562,False
科创50ETF易方达,3月,1.5,1.688,2027-03-24,202703,rule_fourth_wednesday,medium,204.0,146.0,24269.857388799996,-261063.4507712,-236793.5933824,285333.30816,95.0,1630.0,1725.0,0.0,107.0,107.0,0.3532,0.269,0.7293499999999999,4984.907124558896,-76957.21474243017,-71972.30761787127,81942.12186698907,-17137.29400768,-219656.29937472002,453.79944576223096,0.2500892777460435,0.0981087470449174,0.03282208588957055,0.0033971587399629403,0.13657247993119737,False
科创50ETF易方达,3月,1.55,1.688,2027-03-24,202703,rule_fourth_wednesday,medium,204.0,146.0,59651.95692352001,-80933.50780544001,-21281.550881919997,140585.46472896,221.0,482.0,703.0,50.0,16.0,66.0,0.3724,0.21439999999999998,0.7683,17328.758527104004,-17261.337349376005,67.42117772799975,34590.09587648001,10809.328385280001,-32090.87926719999,525.6489045097046,0.25188787292765813,0.14463924477410633,0.12971968231914535,0.10536376734318809,0.05551281760900999,False
科创50ETF易方达,3月,1.6,1.688,2027-03-24,202703,rule_fourth_wednesday,medium,204.0,146.0,56171.96761600001,-90880.9666176,-34708.999001599994,147052.9342336,200.0,530.0,730.0,31.0,75.0,106.0,0.3849,0.16874999999999998,0.79375,14717.055515392003,-25739.153928168133,-11022.09841277613,40456.20944356013,-4153.859163519999,-30555.139838079995,439.96730725902165,0.2726091558338657,0.2123287671232877,0.14825471698113207,0.12671761202597495,0.07060738676369939,False
科创50ETF易方达,3月,1.65,1.688,2027-03-24,202703,rule_fourth_wednesday,medium,204.0,146.0,57896.07717695999,-96203.5412096,-38307.464032640004,154099.61838655997,201.0,515.0,716.0,18.0,0.0,18.0,0.37695,0.12535,0.8332499999999999,13653.104767103998,-22477.820927718436,-8824.716160614438,36130.925694822436,5184.723329279998,-43492.187361920005,514.8380292996507,0.23473473845308082,0.15723438334223167,0.04477611940298507,0.043243243243243246,0.05142285225651959,True
科创50ETF易方达,3月,1.7,1.688,2027-03-24,202703,rule_fourth_wednesday,medium,204.0,146.0,64427.85637568,-110190.62898431999,-45762.77260863999,174618.48536,227.0,612.0,839.0,27.0,209.0,236.0,0.39825,0.08439999999999998,0.8140000000000001,15950.861358208002,-43948.747164106746,-27997.885805898746,59899.608522314746,-29967.23469056,-15795.537918080001,517.6240586109136,0.32320998331056056,0.2706219673577416,0.23022299962569462,0.10545983793564628,0.0976440546941549,True
科创50ETF易方达,3月,1.75,1.688,2027-03-24,202703,rule_fourth_wednesday,medium,204.0,146.0,99117.50833152002,-70299.18612864,28818.322202880023,169416.69446016,348.0,366.0,714.0,25.0,0.0,25.0,0.3889,0.042649999999999966,0.8368500000000001,22671.705928704003,-19101.427947130018,3570.277981573985,41773.13387583402,7120.510656,21697.81154688001,526.2156243287284,0.250225917721868,0.23632250102838354,0.035919540229885055,0.001440922190201729,0.05598491003300623,True
科创50ETF易方达,3月,1.8,1.688,2027-03-24,202703,rule_fourth_wednesday,medium,204.0,146.0,110703.2829568,-32157.5539168,78545.72904,142860.8368736,395.0,179.0,574.0,5.0,8.0,13.0,0.4094,0.00799999999999998,0.80705,22701.17954304,-9801.371209589804,12899.808333450197,32502.550752629806,-35.90173440000012,78581.63077440001,537.5912441443485,0.2549277394228486,0.33827586206896554,0.02867548263913443,0.023391812865497075,0.041373091801949514,False
科创50ETF易方达,3月,1.85,1.688,2027-03-24,202703,rule_fourth_wednesday,medium,204.0,146.0,228250.31978688002,-76499.6151136,151750.70467328,304749.93490048003,829.0,395.0,1224.0,24.0,0.0,24.0,0.3932,-0.03395000000000001,0.823,48293.252220288006,-22988.30315070991,25304.949069578095,71281.55537099791,6607.9706572800005,145142.734016,534.1071962893013,0.2560412118973619,0.28693931398416894,0.014475271411338963,0.014906832298136646,0.10713201997771137,False
科创50ETF易方达,3月,1.9,1.688,2027-03-24,202703,rule_fourth_wednesday,medium,204.0,146.0,318498.81751679996,-29665.774095359993,288833.04342143994,348164.59161216,1227.0,188.0,1415.0,0.0,0.0,0.0,0.4528,-0.049000000000000016,0.7323999999999999,63699.763503359995,-9204.935665803068,54494.82783755693,72904.69916916307,0.0,288833.04342143994,511.2818859054002,0.25514403292181087,0.4706488156539651,0.0,0.0,0.11926566646807127,False
科创50ETF易方达,3月,1.95,1.688,2027-03-24,202703,rule_fourth_wednesday,medium,204.0,146.0,44652.78216,-5558.01588672,39094.76627328,50210.79804672,175.0,33.0,208.0,3.0,0.0,3.0,0.43065,-0.08965000000000004,0.7433,9236.746938240001,-1809.56729018788,7427.179648052122,11046.314228427882,765.4762656,38329.29000768,462.99361630267316,0.2662175348886755,0.42338308457711443,0.008571428571428572,0.0028735632183908046,0.014289529099148338,False
科创50ETF易方达,3月,2.0,1.688,2027-03-24,202703,rule_fourth_wednesday,medium,204.0,146.0,128026.43967359999,-23198.70349888,104827.73617471999,151225.14317248,533.0,161.0,694.0,2.0,0.0,2.0,0.4807,-0.10029999999999997,0.67435,28702.31783581375,-7780.5529360539085,20921.76489975984,36482.87077186766,480.39939839999994,104347.33677632,401.201865667008,0.2797889765095456,0.4688667496886675,0.001876172607879925,0.0009398496240601503,0.04284040644762087,False
科创50ETF易方达,3月,2.05,1.688,2027-03-24,202703,rule_fourth_wednesday,medium,204.0,146.0,152971.90501824004,-23763.07306496,129208.83195328004,176734.97808320005,671.0,166.0,837.0,97.0,0.0,97.0,0.48245000000000005,-0.1267,0.65125,59865.64271133546,-8261.600459230962,51604.0422521045,68127.24317056642,22113.673303680007,107095.15864960004,324.25504944448824,0.3695080319794317,0.4705996131528047,0.07228017883755589,0.08347826086956522,0.0807650321117255,False
科创50ETF易方达,3月,2.1,1.688,2027-03-24,202703,rule_fourth_wednesday,medium,204.0,146.0,434705.77937023994,-57064.353663359994,377641.42570687993,491770.13303359994,2009.0,367.0,2376.0,78.0,10.0,88.0,0.45055,-0.1669,0.65255,55830.71528843959,-20975.180519527097,34855.53476891249,76805.89580796669,15322.689281279996,362318.73642559996,394.0158282038222,0.24800198596000533,0.4699233716475097,0.033036621307657776,0.0017482517482517483,0.18923706216692188,False
